timestamp,dac,voltage,current,rpm,temperature,do
0.0,1.6295,10.7414,0.5117,9.3608,30.0051,7.6137
5.0,1.6475,11.0679,0.5051,9.1308,30.1443,7.5652
10.0,1.6515,10.8428,0.4873,9.6223,29.8544,7.5681
15.0,1.6464,11.1492,0.4925,8.8848,30.1454,7.5655
20.0,1.6634,10.4123,0.5091,11.2321,29.8139,7.5446
25.0,1.6844,11.126,0.5123,8.6334,29.7089,7.5053
30.0,1.6653,11.0796,0.498,8.8878,29.7813,7.5394
35.0,1.6731,11.0086,0.4964,11.2767,29.5966,7.5334
40.0,1.6974,11.6149,0.506,10.0457,29.7773,7.4762
45.0,1.6976,11.53,0.4984,10.2732,30.116,7.4586
50.0,1.7,11.5558,0.5047,11.8181,30.1389,7.4523
55.0,1.7242,11.9731,0.506,11.6687,29.5308,7.4331
60.0,1.7049,12.0646,0.5124,11.5116,30.0371,7.4464
65.0,1.73,12.0567,0.4976,12.0919,29.7797,7.412
70.0,1.7396,12.152,0.5098,10.7255,29.6018,7.4007
75.0,1.7528,12.7823,0.5091,13.4985,29.8291,7.3685
80.0,1.7389,12.5382,0.5233,12.4119,29.7327,7.3948
85.0,1.756,12.6064,0.517,13.1291,29.382,7.3805
90.0,1.7578,12.5159,0.5051,11.9962,29.842,7.3589
95.0,1.7575,12.6948,0.5042,13.2912,29.851,7.3581
100.0,1.766,12.6804,0.5092,12.1042,29.7917,7.3462
105.0,1.7728,12.8706,0.5063,13.2238,29.8184,7.3337
110.0,1.7798,13.4309,0.5129,13.8801,29.8852,7.3196
115.0,1.7825,13.2736,0.5112,14.2598,29.8281,7.3168
120.0,1.7828,12.6257,0.4999,11.7411,29.833,7.3159
125.0,1.819,13.5785,0.5176,14.2732,29.8106,7.2616
130.0,1.8273,14.2119,0.502,13.626,29.9565,7.2424
135.0,1.845,14.5164,0.5256,14.2493,29.7397,7.2234
140.0,1.8591,14.513,0.5122,14.2652,29.6959,7.2044
145.0,1.8446,14.651,0.5133,15.3259,29.8509,7.2188
150.0,1.8502,14.0272,0.5293,14.5839,30.0659,7.2049
155.0,1.8712,14.7328,0.5271,14.8602,29.8546,7.1823
160.0,1.8703,14.5793,0.5389,17.2602,29.7767,7.185
165.0,1.8889,15.0458,0.5196,15.7678,29.569,7.1665
170.0,1.8766,14.751,0.5223,14.8709,29.6916,7.1785
175.0,1.8912,14.6533,0.5269,15.9642,29.554,7.1637
180.0,1.8752,15.2262,0.5187,14.106,30.0184,7.1704
185.0,1.8744,15.1759,0.5286,14.5356,29.7297,7.1805
190.0,1.8735,14.9275,0.5231,14.7438,30.2513,7.1665
195.0,1.8795,14.7815,0.517,15.5127,29.7832,7.1718
200.0,1.8638,14.0606,0.5242,16.4149,29.6016,7.1989
205.0,1.8699,14.7468,0.5349,17.3456,29.9981,7.1795
210.0,1.8769,14.3838,0.511,15.3626,29.5221,7.1838
215.0,1.876,14.3237,0.5394,16.1937,29.7545,7.1781
220.0,1.8781,14.3037,0.5229,16.9289,30.3368,7.158
225.0,1.8947,14.6302,0.4994,15.2391,29.903,7.1481
230.0,1.8855,14.6122,0.5353,16.9574,30.3541,7.1468
235.0,1.8985,15.2365,0.5185,16.7747,29.9219,7.1424
240.0,1.8971,15.4516,0.5267,15.958,29.7125,7.15
245.0,1.9067,15.2045,0.5151,15.261,30.0038,7.1297
250.0,1.8962,14.9506,0.5403,16.9583,29.8607,7.1464
255.0,1.9032,15.1928,0.5285,15.9344,29.9437,7.1356
260.0,1.8977,14.8044,0.5332,16.9314,30.1279,7.137
265.0,1.9154,15.7372,0.5232,15.067,29.3444,7.1368
270.0,1.9067,15.3834,0.5329,17.0872,29.235,7.1513
275.0,1.8901,15.2404,0.5246,16.9637,29.8876,7.1543
280.0,1.8997,15.1136,0.5346,17.52,29.9029,7.1416
285.0,1.9152,15.8521,0.514,15.4252,29.6877,7.1275
290.0,1.9265,15.5329,0.5156,17.6649,30.1986,7.0991
295.0,1.9382,15.4738,0.5371,18.0265,30.0917,7.0868
300.0,1.9385,16.0309,0.5159,16.6561,30.2949,7.0807
305.0,1.9345,15.7196,0.5335,17.7219,29.9689,7.0938
310.0,1.9536,16.2022,0.5209,17.8699,29.6076,7.0805
315.0,1.967,15.873,0.525,17.33,29.8081,7.0591
320.0,1.9712,16.9916,0.5178,18.6803,29.9599,7.0497
325.0,1.9688,16.1388,0.5294,18.3044,30.365,7.0425
330.0,2.0105,17.3237,0.5295,19.7224,29.408,7.0174
335.0,2.0247,17.063,0.5366,19.9865,29.7129,6.9946
340.0,1.9918,16.617,0.5437,21.1261,29.9987,7.0231
345.0,1.9909,17.3351,0.5337,19.4154,29.6669,7.0328
350.0,1.9952,16.7087,0.5302,18.5602,30.0321,7.0198
355.0,2.0031,17.2908,0.5442,20.4253,29.9619,7.0122
360.0,2.0013,17.0483,0.5279,19.0496,29.7294,7.0193
365.0,1.9907,16.8781,0.5347,19.2292,29.7541,7.0309
370.0,2.0071,17.2106,0.5285,20.1256,29.7764,7.0123
375.0,1.9895,16.705,0.5337,18.7362,30.1849,7.022
380.0,1.9821,16.6379,0.5295,17.9585,29.9858,7.0353
385.0,1.9728,16.4751,0.5373,18.4578,29.956,7.0472
390.0,1.9789,16.6415,0.5316,17.3079,30.0768,7.0376
395.0,1.9723,16.2053,0.5523,19.8947,30.0604,7.0453
400.0,1.9861,16.7235,0.542,17.8331,30.0202,7.0308
405.0,1.97,16.023,0.5324,19.3384,30.0477,7.0479
410.0,1.9845,16.7526,0.5476,18.6384,29.7313,7.0396
415.0,1.9862,16.561,0.5356,19.6629,30.1895,7.0266
420.0,2.0151,17.8134,0.5355,19.7696,29.5987,7.0073
425.0,2.0102,16.7485,0.539,19.6289,29.882,7.0057
430.0,2.0388,17.3848,0.5286,19.4392,29.9546,6.9763
435.0,2.067,18.1455,0.5395,21.5119,29.4273,6.9615
440.0,2.0722,17.8518,0.5693,22.0632,29.8552,6.9534
445.0,2.0773,18.6293,0.5307,20.0724,29.4486,6.9611
450.0,2.0538,18.0682,0.5587,20.2647,29.955,6.9787
455.0,2.0563,18.1013,0.5372,22.4206,29.5358,6.9871
460.0,2.0602,18.2985,0.5447,22.0305,29.5109,6.9857
465.0,2.0411,17.6438,0.5241,21.2843,29.4849,7.0061
470.0,2.0341,17.549,0.5567,21.761,30.1503,7.0001
475.0,2.0508,17.9847,0.5433,22.3578,29.9773,6.9875
480.0,2.0479,18.0235,0.5326,19.8373,30.3221,6.9851
485.0,2.0454,17.7855,0.549,21.1025,29.7965,6.9986
490.0,2.0581,18.0746,0.5311,20.2059,29.8692,6.986
495.0,2.0344,17.2832,0.5268,19.5729,29.8736,7.0096
500.0,2.0304,17.4055,0.5484,19.7823,30.1798,7.0071
505.0,2.0564,18.0218,0.5472,21.4111,29.3441,6.9971
510.0,2.0509,17.7204,0.5699,20.5987,29.8984,6.9922
515.0,2.0575,17.914,0.5427,20.2722,30.1462,6.9825
520.0,2.0802,18.1642,0.5439,20.5515,29.5229,6.9742
525.0,2.0972,17.6033,0.5539,23.194,29.8116,6.9568
530.0,2.0979,18.5815,0.5408,22.2949,29.8879,6.9596
535.0,2.1432,19.0858,0.5649,23.4308,29.1631,6.9357
540.0,2.159,19.9586,0.5452,23.6992,29.6653,6.9214
545.0,2.1754,19.9423,0.5595,25.3202,29.5324,6.9181
550.0,2.1889,19.4966,0.5634,24.6988,29.889,6.9116
555.0,2.2161,20.5329,0.5704,27.5684,29.6155,6.9027
560.0,2.2321,20.9411,0.5616,27.9201,29.8125,6.8985
565.0,2.2277,20.816,0.5806,27.5669,29.8696,6.9134
570.0,2.2282,21.4644,0.5573,26.5726,29.8666,6.9237
575.0,2.2425,20.738,0.5629,28.0622,29.296,6.928
580.0,2.2696,21.623,0.5752,27.7852,29.8323,6.9086
585.0,2.3021,22.8833,0.5746,30.5026,30.0019,6.8915
590.0,2.3132,22.4041,0.5667,29.1749,29.8402,6.8965
595.0,2.2741,21.4039,0.5868,29.6591,29.9992,6.9386
600.0,2.2828,21.5552,0.5865,28.826,29.7584,6.9426
605.0,2.2822,21.6497,0.5686,29.2728,29.7002,6.9507
610.0,2.29,22.2153,0.5729,30.4764,29.95,6.9481
615.0,2.302,22.379,0.5644,28.513,29.7746,6.9463
620.0,2.321,22.8935,0.5801,30.7209,29.6167,6.939
625.0,2.315,22.5059,0.5896,31.3492,30.114,6.9464
630.0,2.3602,23.612,0.593,32.5636,29.5915,6.9218
635.0,2.3585,22.8134,0.5931,32.2305,29.7554,6.9305
640.0,2.3433,23.1701,0.5753,31.0188,29.8817,6.95
645.0,2.3384,22.9423,0.5912,30.5428,30.1973,6.9579
650.0,2.3174,22.2872,0.5608,29.2663,29.74,6.9837
655.0,2.3019,21.6418,0.5799,30.186,29.8956,6.9975
660.0,2.3154,23.1083,0.5717,30.8381,29.865,6.9876
665.0,2.2949,22.6135,0.5812,30.0309,30.1941,7.0022
670.0,2.3038,22.0594,0.5733,29.7818,29.7268,6.9997
675.0,2.3015,21.8611,0.5848,31.4348,29.5443,7.0033
680.0,2.308,22.2442,0.563,30.3559,29.5744,6.9974
685.0,2.2911,22.334,0.5728,29.0707,29.6689,7.0103
690.0,2.2817,21.9568,0.5465,26.6323,29.5443,7.0185
695.0,2.2553,21.6099,0.5704,26.5705,29.5478,7.0384
700.0,2.2533,22.0198,0.5756,27.5628,29.3621,7.0382
705.0,2.2198,21.1042,0.5552,26.8801,29.7348,7.0574
710.0,2.2075,20.7853,0.5674,27.4563,30.2272,7.0553
715.0,2.226,20.9118,0.5398,25.9403,29.6678,7.0398
720.0,2.2277,20.7381,0.5668,27.5407,30.1163,7.0276
725.0,2.2264,20.9536,0.5678,27.024,29.9609,7.0268
730.0,2.2074,20.5932,0.5692,25.9649,29.7139,7.0426
735.0,2.2139,20.6948,0.5679,25.9515,29.2945,7.0377
740.0,2.2161,20.9381,0.578,26.3202,29.7202,7.0256
745.0,2.1981,20.3519,0.5713,26.5993,29.8301,7.036
750.0,2.1718,20.0823,0.5681,25.1054,29.8445,7.0545
755.0,2.173,19.9233,0.5622,25.2577,29.4223,7.0533
760.0,2.1848,20.6693,0.5807,27.6675,29.3824,7.037
765.0,2.1523,19.535,0.5465,23.363,29.4042,7.0604
770.0,2.1557,19.6832,0.5564,24.4454,29.2208,7.0535
775.0,2.14,19.1392,0.5803,25.3315,29.7063,7.0533
780.0,2.1175,19.1987,0.5567,22.2848,29.517,7.0701
785.0,2.1297,19.5508,0.5406,21.4212,30.1665,7.0409
790.0,2.1388,18.7615,0.5526,23.9693,29.6958,7.0341
795.0,2.1475,19.315,0.5605,24.2574,29.5426,7.0243
800.0,2.1474,19.6674,0.5472,24.1609,29.9572,7.015
805.0,2.1795,19.7657,0.5444,25.0922,29.2124,6.9955
810.0,2.1874,20.8756,0.5563,25.4084,29.6434,6.9827
815.0,2.1942,20.26,0.5496,25.4461,29.7571,6.9771
820.0,2.19,20.8082,0.5623,25.8873,29.5035,6.9866
825.0,2.1704,19.7991,0.5653,24.7444,29.7295,7.0023
830.0,2.169,19.4705,0.578,26.0266,29.8783,7.0017
835.0,2.1567,19.8192,0.5557,24.3145,29.4528,7.0183
840.0,2.1086,19.0004,0.5543,21.7718,29.7676,7.0548
845.0,2.1445,20.1692,0.5638,23.8473,29.4605,7.0218
850.0,2.1242,18.5532,0.5531,22.9138,30.1059,7.0263
855.0,2.1315,19.4124,0.5368,23.3289,29.6705,7.0234
860.0,2.1437,19.1372,0.5495,23.1156,29.8737,7.0066
865.0,2.1292,19.1643,0.5513,24.4339,29.4523,7.0246
870.0,2.1121,18.9416,0.5456,22.2272,29.8463,7.0313
875.0,2.1476,19.6036,0.5525,24.9566,28.954,7.0098
880.0,2.1471,19.5931,0.5513,24.0277,29.5153,6.9997
885.0,2.1544,19.9002,0.5612,25.9915,29.0788,6.9996
890.0,2.142,19.5544,0.5665,25.2083,29.6217,7.0024
895.0,2.1366,19.3052,0.5627,22.2804,29.5057,7.0088
900.0,2.1497,19.4143,0.5713,24.3048,29.3232,6.999
905.0,2.1541,20.1332,0.5278,24.2105,29.5468,6.9916
910.0,2.1618,19.9379,0.5356,23.476,29.5382,6.9858
915.0,2.1625,19.64,0.5574,25.5737,29.2969,6.9903
920.0,2.1767,19.9879,0.5536,24.9,29.738,6.973
925.0,2.2,20.1741,0.5749,24.9117,29.5502,6.9583
930.0,2.2029,20.1851,0.5758,27.1651,29.4458,6.9618
935.0,2.205,20.5588,0.5629,25.7863,29.8127,6.96
940.0,2.2084,20.5576,0.5602,26.664,29.5323,6.9654
945.0,2.1923,20.2254,0.5538,24.7881,29.321,6.9863
950.0,2.1797,20.0033,0.541,24.3449,29.7047,6.9943
955.0,2.1853,19.8952,0.5597,24.971,29.4332,6.9941
960.0,2.1959,19.9525,0.5726,26.3829,29.3443,6.9868
965.0,2.1884,20.2283,0.5569,26.2253,29.8141,6.9884
970.0,2.1969,19.9831,0.5586,25.8634,29.9088,6.9814
975.0,2.2123,19.9926,0.5533,25.9121,29.6139,6.9742
980.0,2.1983,19.9845,0.5614,25.4539,29.5858,6.9893
985.0,2.2231,20.9722,0.559,25.9648,29.3701,6.9728
990.0,2.2031,19.9985,0.5653,26.7416,29.2785,6.9939
995.0,2.2046,20.3832,0.5717,26.0223,29.4939,6.9911
1000.0,2.1904,20.6181,0.5659,24.5369,30.0946,6.9963
1005.0,2.1975,19.8592,0.5831,26.8498,29.6677,6.9965
1010.0,2.2263,20.8297,0.5772,28.0019,29.2845,6.9773
1015.0,2.2335,20.963,0.5838,28.7512,29.2973,6.9732
1020.0,2.2449,21.3128,0.5486,29.0903,29.5304,6.964
1025.0,2.2474,21.2456,0.547,26.8623,29.5772,6.9654
1030.0,2.2664,20.9295,0.5981,28.8897,29.7953,6.9516
1035.0,2.2762,21.5744,0.5408,27.7436,29.7669,6.9494
1040.0,2.2827,21.9796,0.5859,29.3715,29.815,6.9496
1045.0,2.2985,21.9697,0.5789,29.3617,29.3132,6.9478
1050.0,2.2713,21.5305,0.576,28.7707,29.4751,6.9747
1055.0,2.2831,21.6639,0.5748,28.7215,30.0162,6.9634
1060.0,2.3165,22.234,0.5691,30.3166,29.4439,6.946
1065.0,2.3165,21.7547,0.5766,30.3994,29.4381,6.952
1070.0,2.3078,22.252,0.589,30.5654,29.677,6.9628
1075.0,2.271,21.6921,0.5718,28.4975,29.7244,6.997
1080.0,2.2982,22.0526,0.5795,28.8733,29.9382,6.9743
1085.0,2.2631,22.1272,0.5727,28.1156,29.4398,7.0105
1090.0,2.2742,21.3483,0.5781,27.3741,29.5286,7.0001
1095.0,2.2713,21.6952,0.5539,27.9343,29.4361,7.0032
1100.0,2.2676,21.6457,0.5785,29.0537,29.3089,7.0074
1105.0,2.2667,21.081,0.5655,27.6651,29.0392,7.0104
1110.0,2.2737,22.0951,0.5893,28.7648,28.9655,7.0041
1115.0,2.2603,20.8861,0.5954,27.9958,29.2811,7.0112
1120.0,2.2428,20.9939,0.5652,27.0137,29.518,7.022
1125.0,2.2321,20.9133,0.5685,27.2518,29.5518,7.0283
1130.0,2.2371,20.4484,0.5758,25.7091,30.0786,7.0147
1135.0,2.2144,20.7595,0.5507,26.6857,29.4755,7.0389
1140.0,2.2013,20.1216,0.5721,25.6171,29.4849,7.046
1145.0,2.163,19.3626,0.5548,23.9347,29.7284,7.0707
1150.0,2.1291,19.5478,0.5253,22.1745,29.4125,7.0981
1155.0,2.1159,18.5011,0.5555,22.9877,29.0372,7.1054
1160.0,2.0914,18.4813,0.5369,21.8649,29.429,7.1088
1165.0,2.088,18.4654,0.5556,21.4063,29.6497,7.0948
1170.0,2.0696,18.2405,0.554,21.3844,29.7895,7.0974
1175.0,2.0997,18.6862,0.5331,22.6156,29.1761,7.068
1180.0,2.0705,18.0677,0.5474,21.6969,29.652,7.0778
1185.0,2.0804,18.1199,0.5457,19.9659,29.258,7.0663
1190.0,2.0797,18.1803,0.558,20.9282,29.148,7.0605
1195.0,2.0845,18.6115,0.5577,20.2869,29.6045,7.0402
1200.0,2.0636,18.5216,0.5498,21.3514,29.6335,7.0537
1205.0,2.0912,18.9615,0.5319,21.128,29.0579,7.032
1210.0,2.0776,18.2312,0.5418,22.6589,29.5539,7.0313
1215.0,2.0838,18.2339,0.5289,22.5747,29.4063,7.0243
1220.0,2.0854,18.1666,0.5481,21.8434,29.4767,7.0183
1225.0,2.1083,18.616,0.5607,22.8299,29.2399,6.9989
1230.0,2.1119,19.1392,0.5517,24.0204,29.5814,6.9895
1235.0,2.094,18.6029,0.5445,22.6809,29.8529,7.0022
1240.0,2.0745,18.6786,0.5558,22.3445,29.2954,7.03
1245.0,2.0789,18.4064,0.5287,19.7425,29.8533,7.0133
1250.0,2.0699,18.1117,0.5442,21.7151,29.5519,7.0248
1255.0,2.085,18.2303,0.5395,21.3944,29.2285,7.0138
1260.0,2.0778,17.7676,0.559,21.9044,29.6809,7.0105
1265.0,2.0945,18.6827,0.544,21.9744,29.8229,6.9914
1270.0,2.0866,18.5752,0.5376,21.7998,29.3147,7.0079
1275.0,2.0431,17.9478,0.5463,19.3689,29.7311,7.0408
1280.0,2.0379,17.5201,0.5433,20.2734,29.5309,7.0457
1285.0,2.0373,17.3678,0.5364,20.8458,29.9266,7.0333
1290.0,2.0493,17.7808,0.5491,20.8727,29.2075,7.0311
1295.0,2.0374,17.8159,0.5417,19.8379,29.5549,7.0319
1300.0,2.059,18.3048,0.5437,20.1022,29.4315,7.0097
1305.0,2.0606,17.9301,0.5342,19.6723,29.3833,7.0073
1310.0,2.0633,18.4701,0.5588,22.2605,29.53,7.001
1315.0,2.0311,17.115,0.5254,19.5883,29.9081,7.0243
1320.0,2.0594,18.5304,0.5471,22.5168,29.385,7.0049
1325.0,2.042,18.3694,0.5312,19.4068,29.8873,7.0109
1330.0,2.0644,18.0641,0.5237,21.1705,29.5962,6.9939
1335.0,2.0787,18.216,0.558,23.2771,29.2547,6.9869
1340.0,2.0894,18.0415,0.5408,20.2942,29.4186,6.9755
1345.0,2.1051,18.5027,0.5406,23.3352,29.4518,6.9633
1350.0,2.0995,18.6879,0.5361,22.0505,29.0462,6.9793
1355.0,2.1118,19.0086,0.5496,23.859,29.5365,6.9628
1360.0,2.1117,18.5453,0.5635,23.4808,29.7664,6.9632
1365.0,2.109,19.0985,0.5339,23.5303,29.256,6.9784
1370.0,2.1232,19.1508,0.5376,22.6682,29.4947,6.9647
1375.0,2.122,19.0259,0.5565,24.6437,29.5944,6.968
1380.0,2.1338,18.8064,0.557,24.0847,29.5927,6.9615
1385.0,2.1316,19.3126,0.554,23.2801,29.5444,6.9687
1390.0,2.1755,20.2415,0.5828,26.2448,29.7089,6.9321
1395.0,2.1658,19.9907,0.5506,24.8696,29.4838,6.9506
1400.0,2.1348,19.5261,0.5605,23.4929,29.2074,6.9887
1405.0,2.1277,18.8318,0.5596,24.1249,29.3241,6.9958
1410.0,2.1736,19.8131,0.551,25.1072,29.4288,6.9544
1415.0,2.1832,20.0694,0.5522,25.2363,29.5861,6.9481
1420.0,2.1876,20.6435,0.5578,25.4254,29.9567,6.9456
1425.0,2.2172,20.6366,0.5724,26.8726,29.9268,6.9277
1430.0,2.2481,21.3757,0.5596,27.3793,28.9699,6.9216
1435.0,2.2406,20.5525,0.5726,27.2403,29.7068,6.9283
1440.0,2.269,21.6214,0.564,29.1022,29.3891,6.9173
1445.0,2.23,20.9965,0.5734,27.8749,29.6779,6.9558
1450.0,2.2657,21.6554,0.5774,29.0734,29.3042,6.937
1455.0,2.2496,21.3819,0.5656,28.3934,29.3822,6.9565
1460.0,2.228,20.6251,0.568,27.7833,29.5795,6.978
1465.0,2.2276,20.7849,0.5672,26.3037,29.9894,6.9768
1470.0,2.2223,21.2616,0.5631,26.5194,29.6832,6.9876
1475.0,2.2003,20.725,0.5722,27.0305,29.3952,7.0119
1480.0,2.2278,20.9809,0.5669,26.3098,29.2606,6.9893
1485.0,2.2226,20.5427,0.5667,26.8003,29.2646,6.9943
1490.0,2.2465,21.4415,0.5625,27.2435,29.7306,6.9695
1495.0,2.2492,21.4047,0.5655,29.0203,29.4503,6.9734
1500.0,2.2463,21.6352,0.571,27.4391,29.8995,6.974
1505.0,2.2428,20.969,0.5537,27.4666,30.006,6.9789
1510.0,2.2225,21.3135,0.5609,25.4127,29.6336,7.0028
1515.0,2.2266,20.9842,0.5906,27.6273,29.6345,6.9997
1520.0,2.2097,20.7758,0.5624,27.002,29.7507,7.0125
1525.0,2.1975,20.3331,0.5797,26.1958,30.1714,7.0164
1530.0,2.2216,20.9797,0.5606,26.1966,29.3905,7.004
1535.0,2.2202,21.0569,0.5572,27.4421,29.4897,7.003
1540.0,2.2059,20.1755,0.559,26.1876,29.4688,7.0151
1545.0,2.1565,19.0945,0.5405,25.3937,29.7483,7.0527
1550.0,2.1195,18.8922,0.5259,22.6275,29.7067,7.0811
1555.0,2.1205,19.5722,0.552,23.5355,29.5831,7.0731
1560.0,2.1057,18.7419,0.5488,22.8439,29.427,7.0801
1565.0,2.0856,18.5001,0.524,22.4053,29.5337,7.0873
1570.0,2.0489,17.6185,0.5278,21.796,29.6723,7.1092
1575.0,2.0281,17.5222,0.5273,19.9458,29.5784,7.1185
1580.0,2.0491,18.3948,0.5616,21.706,29.3543,7.088
1585.0,2.0241,16.6755,0.5451,20.5955,29.6719,7.0944
1590.0,2.0229,17.5686,0.5355,21.2878,29.3796,7.09
1595.0,2.0072,16.8162,0.5513,19.2465,29.2752,7.0967
1600.0,2.011,17.5824,0.5336,19.3662,29.6933,7.0726
1605.0,1.9902,17.3017,0.563,19.7045,29.7509,7.0824
1610.0,1.9752,16.9663,0.5356,19.539,29.4731,7.094
1615.0,1.9633,15.8576,0.5268,16.7988,30.0252,7.083
1620.0,1.9414,15.5605,0.5471,19.2176,29.6699,7.1033
1625.0,1.9208,15.1955,0.5448,17.2627,29.7518,7.1172
1630.0,1.8979,15.5683,0.5059,15.1412,29.7926,7.1457
1635.0,1.9193,16.0829,0.5347,16.6237,29.7114,7.1219
1640.0,1.9274,15.2137,0.5246,16.6889,29.8945,7.1059
1645.0,1.9413,15.9475,0.5321,17.677,29.6301,7.0953
1650.0,1.9264,15.8952,0.5325,17.5673,29.8611,7.1071
1655.0,1.931,16.1281,0.518,16.7791,29.6696,7.1069
1660.0,1.9142,15.5725,0.5103,16.0995,29.9519,7.1201
1665.0,1.9188,15.4206,0.5205,16.039,29.848,7.1177
1670.0,1.9271,14.9755,0.5333,16.3989,29.2589,7.1236
1675.0,1.9163,15.4809,0.5197,15.0141,29.7585,7.1234
1680.0,1.9153,14.9978,0.5352,16.1639,29.3936,7.1351
1685.0,1.8995,15.7356,0.5236,15.9066,29.8701,7.142
1690.0,1.9146,15.4705,0.5342,16.5861,29.3402,7.1382
1695.0,1.9136,14.8802,0.5425,16.0561,29.947,7.1222
1700.0,1.9444,16.4204,0.5211,16.9392,29.7043,7.0902
1705.0,1.9612,16.0102,0.5198,17.483,29.7486,7.0678
1710.0,1.9593,16.1065,0.528,17.5209,29.8386,7.0669
1715.0,1.9634,15.9369,0.5408,17.9136,30.0134,7.0577
1720.0,1.949,15.5787,0.5215,16.3646,30.13,7.0714
1725.0,1.9548,15.5043,0.5318,18.399,30.2046,7.0633
1730.0,1.9714,16.624,0.5473,18.7726,29.5996,7.0585
1735.0,1.96,16.2243,0.5364,18.8704,29.9999,7.0617
1740.0,1.9553,15.9715,0.5352,18.1827,29.9161,7.0695
1745.0,1.9623,16.3137,0.5266,16.8375,29.5876,7.0698
1750.0,1.9536,15.9405,0.5398,16.7211,29.6716,7.078
1755.0,1.9502,15.9521,0.5166,16.2089,29.8816,7.077
1760.0,1.9573,16.3443,0.5398,18.4827,29.5939,7.0759
1765.0,1.9507,15.9354,0.5445,17.5563,29.9032,7.0758
1770.0,1.9657,16.3071,0.5267,17.7267,29.4991,7.0683
1775.0,1.9511,15.3144,0.5194,16.7729,29.5961,7.083
1780.0,1.9706,16.6895,0.534,18.627,29.9119,7.0525
1785.0,1.9739,16.805,0.5321,18.9482,29.8708,7.0485
1790.0,1.9917,16.2774,0.5361,18.1625,29.6764,7.0326
1795.0,2.0024,17.0805,0.5467,18.8578,29.8978,7.0149
1800.0,2.002,17.0587,0.5308,18.9725,30.2658,7.0064
1805.0,2.0196,17.0338,0.5371,18.604,29.5877,7.0019
1810.0,2.0077,16.9293,0.5301,18.3767,29.6009,7.0146
1815.0,1.9923,16.3848,0.5249,18.3262,30.1365,7.0201
1820.0,2.0042,17.5483,0.5359,20.3155,29.752,7.0158
1825.0,2.014,17.4666,0.5456,19.33,29.911,7.0012
1830.0,1.9987,16.8482,0.5503,19.7485,30.2089,7.0109
1835.0,2.0093,17.1238,0.5328,18.1414,29.9111,7.0061
1840.0,2.0355,16.9697,0.5443,21.0386,29.5171,6.9876
1845.0,2.0232,16.9774,0.5405,20.3068,30.7441,6.9775
1850.0,2.0447,17.8516,0.5347,21.7171,30.3284,6.9675
1855.0,2.0561,18.087,0.5486,20.4818,29.7849,6.9701
1860.0,2.057,17.6565,0.5392,21.5787,30.1135,6.9672
1865.0,2.0564,18.162,0.5474,21.1166,30.2112,6.9699
1870.0,2.061,17.6696,0.5421,21.3282,29.9691,6.9736
1875.0,2.0386,17.27,0.5399,19.8214,30.4268,6.9895
1880.0,2.0611,18.3348,0.5473,21.49,30.0594,6.977
1885.0,2.0724,18.305,0.552,21.6932,29.9411,6.9711
1890.0,2.0856,18.1613,0.5494,22.1271,29.7044,6.9664
1895.0,2.0822,18.8456,0.5461,22.8778,29.9106,6.9699
1900.0,2.079,18.2526,0.5465,23.6342,30.1389,6.9727
1905.0,2.0793,17.6232,0.5484,22.3817,30.4965,6.97
1910.0,2.1146,19.0323,0.5448,24.0822,29.9387,6.9512
1915.0,2.0931,18.29,0.554,23.0692,29.8607,6.9768
1920.0,2.0889,18.4206,0.5293,21.5101,29.5083,6.9902
1925.0,2.0656,18.0032,0.5269,22.3914,30.1083,7.0029
1930.0,2.0926,17.9952,0.5337,20.5245,30.2685,6.9759
1935.0,2.1379,19.6755,0.5748,24.5731,30.0667,6.9415
1940.0,2.1329,18.8916,0.5578,24.7592,29.9652,6.9533
1945.0,2.1396,19.1364,0.5505,23.2358,29.9024,6.9544
1950.0,2.1048,18.9926,0.5507,23.8214,30.3817,6.9829
1955.0,2.1131,19.6399,0.544,23.6864,29.7842,6.9879
1960.0,2.1193,18.9906,0.5456,22.515,30.2418,6.977
1965.0,2.1333,18.9024,0.5474,23.5731,30.1062,6.9693
1970.0,2.1389,18.6184,0.5504,22.5071,30.138,6.9675
1975.0,2.14,19.0345,0.565,24.1643,29.9027,6.9738
1980.0,2.1375,18.9553,0.5494,23.8444,30.4132,6.9719
1985.0,2.1515,19.114,0.5534,24.8877,29.6953,6.9735
1990.0,2.0961,18.1586,0.5504,23.159,30.6795,7.0104
1995.0,2.115,19.0516,0.5508,23.4684,30.2976,6.9995
2000.0,2.146,20.047,0.5595,24.1364,29.7226,6.9808
2005.0,2.1172,18.3375,0.56,23.4513,30.041,7.003
2010.0,2.0912,18.2647,0.551,23.3265,30.4354,7.0202
2015.0,2.1141,18.6297,0.5672,23.5422,30.2405,7.0011
2020.0,2.1372,19.6663,0.5501,23.7975,30.1818,6.9811
2025.0,2.1335,19.0717,0.55,22.6557,30.4185,6.9825
2030.0,2.1329,19.4019,0.5672,22.9008,30.0461,6.9906
2035.0,2.1176,18.8139,0.5621,24.6649,30.2004,7.0032
2040.0,2.1368,19.0474,0.5497,23.0504,30.2093,6.9862
2045.0,2.1018,18.1067,0.5394,22.5121,30.0982,7.0198
2050.0,2.1148,19.1053,0.5339,22.9428,30.2356,7.0048
2055.0,2.1208,18.8387,0.5759,24.0232,30.3729,6.9964
2060.0,2.1494,19.462,0.5517,22.896,30.2542,6.9737
2065.0,2.1376,19.3931,0.5529,23.2182,30.4322,6.9837
2070.0,2.1425,19.4752,0.5549,24.5803,29.9886,6.9882
2075.0,2.1474,19.0887,0.534,23.3473,29.9968,6.9854
2080.0,2.1418,19.1719,0.5518,24.1236,30.3161,6.9873
2085.0,2.1347,19.5204,0.5536,24.9991,30.2267,6.9963
2090.0,2.1536,19.4412,0.5476,24.1505,30.1659,6.9817
2095.0,2.1445,19.4101,0.5806,24.6638,30.3567,6.9885
2100.0,2.1622,19.7544,0.5568,25.3291,30.0331,6.9795
2105.0,2.1674,19.7935,0.5434,25.0916,29.8891,6.9793
2110.0,2.2119,20.3297,0.5579,26.0305,29.8076,6.9452
2115.0,2.2097,20.4377,0.5573,25.6667,30.0839,6.9492
2120.0,2.2072,19.8416,0.5508,25.5378,30.5319,6.9521
2125.0,2.2173,21.2516,0.5779,27.1589,30.2417,6.9531
2130.0,2.2434,21.0452,0.5643,26.7455,30.1465,6.9387
2135.0,2.2407,21.1024,0.5774,27.9253,30.5618,6.9432
2140.0,2.2588,21.0859,0.5899,28.0459,30.3218,6.9383
2145.0,2.267,21.7779,0.5813,29.0233,29.6903,6.9455
2150.0,2.2735,21.008,0.5763,28.8153,30.2289,6.9415
2155.0,2.2987,22.2134,0.579,28.5583,30.1546,6.9292
2160.0,2.2932,21.9993,0.5836,29.3978,29.998,6.943
2165.0,2.2865,21.5641,0.5966,29.948,30.1624,6.9541
2170.0,2.3048,22.4754,0.5833,31.3243,30.5075,6.9424
2175.0,2.2949,21.9112,0.5575,29.2058,29.9016,6.9623
2180.0,2.2927,21.9366,0.5779,29.3876,30.2114,6.9662
2185.0,2.2921,21.5197,0.5855,29.6597,29.9248,6.9736
2190.0,2.2868,21.8021,0.5558,28.5458,30.0287,6.9803
2195.0,2.2666,21.1637,0.5809,28.7085,30.2056,6.9974
2200.0,2.2783,21.9097,0.563,29.2004,30.0237,6.9906
2205.0,2.2595,21.6612,0.5725,28.2953,30.2457,7.0045
2210.0,2.2342,21.683,0.5631,27.1762,30.8672,7.018
2215.0,2.2272,20.7656,0.5735,27.4413,30.6963,7.0239
2220.0,2.2306,20.7547,0.5778,27.6201,30.4741,7.0208
2225.0,2.2159,20.2856,0.582,26.5885,30.4488,7.0305
2230.0,2.242,21.499,0.5475,27.2863,30.1809,7.0088
2235.0,2.2078,21.2153,0.5646,26.8807,30.411,7.0325
2240.0,2.187,20.3201,0.5714,24.6356,30.1469,7.0501
2245.0,2.1896,19.9355,0.5573,24.4864,29.8577,7.0461
2250.0,2.1635,19.2081,0.5445,24.1517,30.4619,7.0545
2255.0,2.1644,19.8782,0.5269,24.6456,30.5648,7.046
2260.0,2.1675,19.5934,0.5443,23.6791,30.5774,7.0373
2265.0,2.1693,19.929,0.5585,24.4684,30.4382,7.0328
2270.0,2.1527,19.3558,0.5664,25.1635,30.3205,7.0444
2275.0,2.1636,19.607,0.5553,24.3774,30.1541,7.0324
2280.0,2.171,19.6619,0.55,25.8253,30.294,7.0198
2285.0,2.1917,20.1438,0.5646,25.6139,30.1113,7.0019
2290.0,2.2274,20.9593,0.5617,26.8284,30.2751,6.9696
2295.0,2.2022,20.0996,0.5485,26.5834,30.632,6.9887
2300.0,2.1704,19.9458,0.5577,24.7854,30.4404,7.0194
2305.0,2.1386,19.1492,0.5616,24.6707,30.7015,7.0415
2310.0,2.1498,18.9009,0.5664,25.0989,30.3568,7.0324
2315.0,2.1833,20.5825,0.5528,24.1674,30.4821,6.9981
2320.0,2.2315,21.3007,0.5745,28.5466,30.0992,6.9622
2325.0,2.2518,21.1805,0.5596,27.5721,30.4736,6.9452
2330.0,2.2209,21.2056,0.5782,25.9476,30.721,6.9732
2335.0,2.2159,20.8339,0.5698,26.6236,30.1301,6.9883
2340.0,2.1986,20.5925,0.5721,26.4749,30.3043,7.0024
2345.0,2.175,20.5544,0.5719,23.6425,30.7408,7.0166
2350.0,2.1804,20.1891,0.5643,24.636,30.1216,7.0186
2355.0,2.1636,19.906,0.5414,23.8688,30.5004,7.0255
2360.0,2.17,19.5938,0.5589,24.8295,30.3081,7.0198
2365.0,2.1376,19.6387,0.5479,23.8034,30.4774,7.0426
2370.0,2.1093,19.2786,0.5489,21.9175,30.7615,7.0586
2375.0,2.1187,18.6248,0.5598,23.2502,30.2485,7.0514
2380.0,2.0962,18.3858,0.5607,22.953,30.1331,7.0668
2385.0,2.0914,17.8265,0.5426,23.8981,30.6108,7.0557
2390.0,2.0952,18.7593,0.5249,22.1866,30.6766,7.0442
2395.0,2.09,18.3769,0.5559,22.9613,30.6638,7.0432
2400.0,2.1056,18.7984,0.544,22.4688,30.4456,7.0276
2405.0,2.0914,18.1958,0.5659,23.8045,30.3308,7.0381
2410.0,2.074,18.2062,0.5454,22.0871,30.7042,7.0433
2415.0,2.0622,17.9268,0.5396,21.4718,30.5889,7.0508
2420.0,2.0395,17.5969,0.5574,20.5812,30.7089,7.0635
2425.0,2.055,18.1704,0.5381,21.9869,30.4226,7.0469
2430.0,2.0439,17.756,0.5419,19.4795,30.0243,7.0581
2435.0,2.0492,18.1537,0.5367,19.546,30.4522,7.0387
2440.0,2.0262,17.1645,0.5272,19.9713,30.3749,7.0563
2445.0,2.0226,17.1671,0.5613,21.3746,30.6871,7.0476
2450.0,1.9945,17.0412,0.5394,19.9258,30.7072,7.0678
2455.0,1.995,16.9318,0.5455,20.5052,30.6134,7.0615
2460.0,1.9776,15.7122,0.5158,16.7117,30.7807,7.0673
2465.0,1.9832,16.6338,0.5132,19.0977,30.441,7.0605
2470.0,1.9929,16.5099,0.5408,19.456,30.0452,7.0514
2475.0,1.9862,16.7612,0.535,19.1473,30.4498,7.0433
2480.0,1.9928,16.1839,0.534,18.8552,30.374,7.0327
2485.0,1.9938,16.5312,0.5298,17.3729,30.304,7.0289
2490.0,1.9888,16.2374,0.5347,18.1537,30.408,7.0281
2495.0,1.9871,16.706,0.5318,19.0598,30.4784,7.0248
2500.0,1.9937,16.6778,0.5302,19.115,30.225,7.0203
2505.0,1.9767,16.6641,0.5444,18.8227,30.0924,7.0388
2510.0,1.9733,16.3424,0.5566,19.2026,30.3351,7.0377
2515.0,1.9852,15.9306,0.5128,18.4128,30.1091,7.0295
2520.0,2.0031,16.105,0.5212,18.6118,29.9591,7.0126
2525.0,1.9873,16.3318,0.531,19.1072,30.0285,7.0281
2530.0,1.9518,15.9721,0.5186,17.9777,30.6719,7.0539
2535.0,1.9843,16.2696,0.5203,18.2314,30.0381,7.0327
2540.0,1.9534,15.9265,0.5311,17.7678,30.7012,7.0514
2545.0,1.9643,16.2382,0.5556,19.8609,30.0942,7.0542
2550.0,1.9662,16.3937,0.525,19.9394,30.495,7.0426
2555.0,1.9559,16.4483,0.5235,16.5129,30.5953,7.0515
2560.0,1.9706,16.7048,0.5075,17.385,30.7812,7.0309
2565.0,1.9889,16.8487,0.5429,18.5713,29.9676,7.0283
2570.0,1.9804,16.5103,0.5299,18.7569,30.7179,7.0206
2575.0,1.9986,17.212,0.5298,18.8185,30.333,7.0088
2580.0,1.9989,16.7381,0.5196,18.1954,30.4015,7.0066
2585.0,2.0279,17.2154,0.5526,19.9138,29.7745,6.99
2590.0,1.9833,16.6527,0.5227,17.9367,30.4268,7.0226
2595.0,1.9647,16.1686,0.5368,18.5106,30.8075,7.0359
2600.0,1.9913,16.6489,0.5294,18.6399,30.2863,7.0185
2605.0,1.9892,16.2451,0.557,18.0578,30.3055,7.0198
2610.0,1.9987,16.7315,0.5431,20.3504,30.5277,7.0045
2615.0,1.9902,16.8478,0.5209,19.4131,30.5869,7.0119
2620.0,1.973,16.4829,0.5462,19.3539,30.5147,7.0328
2625.0,1.9902,16.0003,0.5299,18.9548,30.4638,7.0157
2630.0,2.0037,17.3943,0.5157,18.7625,30.3011,7.0038
2635.0,1.9986,16.7451,0.5298,18.5212,30.2784,7.0096
2640.0,2.03,17.2421,0.5464,19.9586,30.3097,6.9781
2645.0,2.047,18.001,0.5497,21.2246,30.3606,6.9632
2650.0,2.0237,16.8337,0.5502,20.4921,30.8159,6.9806
2655.0,2.025,17.8595,0.535,19.3442,30.3935,6.9898
2660.0,2.0102,16.9662,0.5356,19.4092,30.5603,7.0022
2665.0,2.0103,17.3529,0.5262,18.3239,30.3712,7.0058
2670.0,1.997,16.5784,0.5272,18.7732,29.9835,7.0256
2675.0,1.9761,16.8417,0.5393,19.5639,30.75,7.0283
2680.0,1.978,16.8707,0.5322,19.6717,30.2095,7.0349
2685.0,2.0048,17.4804,0.5294,20.06,29.9424,7.0113
2690.0,1.9848,16.5895,0.548,18.5948,30.3221,7.0241
2695.0,1.9623,15.8566,0.5179,17.168,30.6404,7.0424
2700.0,1.9999,16.9157,0.5033,18.5253,30.1862,7.0115
2705.0,1.9809,16.5543,0.5415,19.2371,30.5127,7.0241
2710.0,1.9771,16.0964,0.5314,18.4448,30.4079,7.0311
2715.0,1.9591,16.5001,0.5321,18.2273,30.3649,7.0529
2720.0,1.9816,16.731,0.5397,18.5128,29.8144,7.0411
2725.0,1.946,16.2111,0.5109,15.7091,30.5323,7.0644
2730.0,1.9567,15.6856,0.5264,19.3409,30.1919,7.0611
2735.0,1.944,15.8784,0.5255,19.0954,30.4165,7.0703
2740.0,1.9684,16.0768,0.5436,17.036,30.0666,7.0508
2745.0,1.9588,16.5309,0.5558,18.1859,30.0363,7.062
2750.0,1.9524,15.3861,0.5494,17.9141,30.4203,7.0604
2755.0,1.9821,17.0127,0.5534,19.0705,30.0514,7.0351
2760.0,1.9901,16.7662,0.5225,17.8933,30.3207,7.019
2765.0,2.0008,17.078,0.5324,20.1083,30.4771,7.0032
2770.0,2.0115,16.9321,0.5372,18.1814,30.5251,6.9914
2775.0,2.027,17.5668,0.5388,20.0583,30.3269,6.9811
2780.0,2.0054,16.541,0.5221,19.2556,30.4225,7.0017
2785.0,2.0057,16.8521,0.5374,18.6611,30.3889,7.0025
2790.0,2.014,17.5914,0.5571,18.6221,30.1339,6.9991
2795.0,2.0356,17.3907,0.5486,21.4048,30.4514,6.973
2800.0,2.0239,16.8256,0.5087,18.565,30.1353,6.9922
2805.0,1.9851,16.4481,0.5351,20.0727,30.5081,7.0238
2810.0,1.9829,16.3955,0.5269,18.8871,30.0431,7.0333
2815.0,1.9723,15.6742,0.5441,18.3194,29.9168,7.0486
2820.0,1.9811,16.6161,0.5432,18.2393,29.9596,7.0381
2825.0,1.96,16.2996,0.5311,17.1427,30.647,7.0454
2830.0,1.9689,15.8009,0.5462,18.9664,30.0607,7.0495
2835.0,1.9484,16.3239,0.5363,16.3237,29.838,7.0793
2840.0,1.9297,16.0348,0.5449,17.2093,29.8121,7.1036
2845.0,1.9347,16.3847,0.5233,16.2983,30.3033,7.0856
2850.0,1.9649,16.1392,0.5213,18.5438,30.4418,7.0464
2855.0,1.9576,16.8257,0.5217,18.3645,30.3398,7.0558
2860.0,1.9768,16.1602,0.5357,17.873,29.7603,7.048
2865.0,1.969,16.1804,0.5235,17.5377,30.2586,7.0447
2870.0,1.9731,16.3518,0.523,17.2847,30.2188,7.0409
2875.0,1.9933,16.7734,0.5482,20.5048,29.8411,7.0267
2880.0,2.0065,16.5543,0.5531,20.6971,30.047,7.0068
2885.0,1.9812,15.5954,0.5337,19.4762,30.9441,7.014
2890.0,2.0395,17.635,0.5374,20.538,30.0153,6.9748
2895.0,2.034,16.9174,0.5481,20.8217,30.2649,6.9772
2900.0,2.0547,17.3856,0.5458,21.3357,30.7028,6.9536
2905.0,2.1035,18.4077,0.5683,22.5554,29.8183,6.9294
2910.0,2.0688,18.1631,0.541,22.1499,30.3253,6.9598
2915.0,2.0734,18.1443,0.5385,21.8885,30.0156,6.9666
2920.0,2.0755,19.042,0.5416,21.8953,30.4039,6.9625
2925.0,2.1119,18.7592,0.5537,23.3514,29.9311,6.9422
2930.0,2.1035,18.7166,0.5529,22.6831,30.4191,6.9483
2935.0,2.1395,19.5215,0.5371,23.9709,29.8043,6.9326
2940.0,2.1592,20.3239,0.5652,26.7612,29.7957,6.9234
2945.0,2.161,19.4527,0.5758,24.2871,30.1405,6.926
2950.0,2.1417,18.9194,0.5569,23.2066,29.9525,6.954
2955.0,2.1533,19.7581,0.5463,23.9859,29.8331,6.9521
2960.0,2.1615,19.8056,0.5569,24.5929,29.4267,6.9565
2965.0,2.147,19.1933,0.5612,22.5133,30.1802,6.9637
2970.0,2.1613,19.8947,0.5565,24.7765,29.6994,6.9627
2975.0,2.1424,18.79,0.5526,23.2506,29.9384,6.9801
2980.0,2.124,18.552,0.5598,23.9269,30.3035,6.9937
2985.0,2.1202,18.8554,0.5527,23.2925,30.038,7.0022
2990.0,2.1107,19.1613,0.5492,23.2425,30.1696,7.0085
2995.0,2.1387,19.5889,0.5652,24.3512,29.5683,6.9922
3000.0,2.1026,19.2466,0.5395,22.2308,29.5506,7.0254
3005.0,2.0949,18.2905,0.5425,21.4155,29.7777,7.0266
3010.0,2.0656,17.9296,0.5322,22.0178,29.8644,7.0489
3015.0,2.042,17.7448,0.5531,21.7109,30.019,7.0631
3020.0,2.0609,17.6591,0.5456,22.4878,29.5771,7.046
3025.0,2.0628,18.0601,0.549,22.6026,29.6319,7.037
3030.0,2.0595,18.0474,0.5382,21.9033,29.9729,7.0292
3035.0,2.0547,17.825,0.5417,21.4331,30.1445,7.0268
3040.0,2.0719,18.2709,0.5413,21.8092,30.1924,7.0068
3045.0,2.0789,18.7497,0.5429,22.6243,29.6364,7.0085
3050.0,2.083,18.2695,0.5485,22.2578,29.8489,7.0002
3055.0,2.1194,18.874,0.5605,24.6032,29.3586,6.975
3060.0,2.1146,19.1153,0.5468,22.2797,29.8678,6.9734
3065.0,2.1236,19.2459,0.5512,23.8892,29.2581,6.9782
3070.0,2.1495,19.5501,0.5672,24.4136,29.5185,6.9539
3075.0,2.1375,19.6554,0.5661,24.4047,29.6336,6.9675
3080.0,2.1118,19.1037,0.542,21.828,29.7118,6.9935
3085.0,2.1334,19.3905,0.5436,23.1939,29.4819,6.9794
3090.0,2.1628,19.8083,0.5469,24.4433,29.4272,6.9564
3095.0,2.1257,19.2663,0.5441,22.6888,29.8957,6.9864
3100.0,2.1054,19.1534,0.5544,23.5442,29.8134,7.0084
3105.0,2.1324,19.2137,0.5609,21.3731,29.2226,6.9932
3110.0,2.1288,18.9524,0.5654,23.2436,30.0783,6.9835
3115.0,2.087,18.2122,0.5568,22.622,29.8297,7.0266
3120.0,2.0757,18.3668,0.5678,21.9407,30.0582,7.0311
3125.0,2.0788,18.8216,0.5311,20.2989,29.8261,7.0286
3130.0,2.054,17.8199,0.5223,20.4091,30.0739,7.0437
3135.0,2.0685,18.2749,0.5394,20.4624,29.4091,7.0372
3140.0,2.0801,18.2688,0.5398,20.7633,29.3551,7.0225
3145.0,2.075,18.1107,0.5511,21.8569,30.2351,7.0088
3150.0,2.087,18.7621,0.561,22.0734,29.2626,7.013
3155.0,2.0729,18.1597,0.5492,21.6485,30.1985,7.0083
3160.0,2.0926,18.5681,0.5434,21.7116,29.4384,7.0021
3165.0,2.0502,18.1508,0.5295,19.8689,29.7864,7.0351
3170.0,2.0595,18.6512,0.5483,20.7541,29.8545,7.0218
3175.0,2.0534,17.81,0.5312,21.2202,29.3157,7.0345
3180.0,2.0681,17.9351,0.5448,21.8972,29.7913,7.008
3185.0,2.0637,18.2621,0.5391,21.5778,29.244,7.0203
3190.0,2.0684,18.2478,0.5367,20.9668,28.9392,7.0195
3195.0,2.0538,18.1145,0.5242,21.538,29.3851,7.0227
3200.0,2.0474,18.0628,0.5467,19.7234,29.3251,7.0273
3205.0,2.0567,17.9539,0.5488,20.6905,29.155,7.0184
3210.0,2.0288,17.1226,0.5318,20.6711,29.5917,7.0344
3215.0,2.0229,17.2399,0.5348,20.3328,29.2331,7.0437
3220.0,2.0139,17.0064,0.5329,19.691,29.2794,7.0467
3225.0,2.012,16.7379,0.5249,19.3172,29.4121,7.0402
3230.0,2.006,17.0484,0.5291,17.8714,29.45,7.0403
3235.0,1.9882,16.3019,0.5484,18.5533,29.7806,7.0463
3240.0,2.0154,17.5464,0.5422,20.7819,28.9439,7.0311
3245.0,1.9865,16.7678,0.5351,18.7526,29.2731,7.0491
3250.0,1.9877,16.9091,0.5254,17.4002,29.3074,7.0462
3255.0,1.9654,16.177,0.5292,18.5393,29.127,7.0772
3260.0,1.9462,15.7919,0.5291,18.3742,29.5118,7.0914
3265.0,1.9246,15.8726,0.5238,16.1266,29.6104,7.1159
3270.0,1.961,15.9849,0.5276,17.4073,29.2065,7.083
3275.0,1.9724,16.3466,0.5341,18.1293,29.2429,7.0672
3280.0,1.977,16.8833,0.5237,17.8954,29.2291,7.0615
3285.0,1.9954,16.8343,0.5386,19.3112,29.0608,7.0438
3290.0,1.9828,16.6709,0.5324,19.2139,29.6386,7.0436
3295.0,2.0327,17.5646,0.5281,21.3132,29.3902,6.9939
3300.0,2.0182,17.1281,0.5383,18.5347,29.2321,7.0111
3305.0,2.0275,17.4521,0.5492,18.7612,29.0058,7.0065
3310.0,2.0426,17.8651,0.5371,19.4282,28.8934,6.993
3315.0,2.0217,17.3944,0.5481,20.2104,29.4347,7.0031
3320.0,2.0004,16.6693,0.5379,18.7013,29.6844,7.021
3325.0,2.0101,17.2893,0.5367,19.25,29.2273,7.0214
3330.0,1.9953,16.9794,0.5366,20.066,29.3441,7.0355
3335.0,1.9817,17.0839,0.5422,18.7058,29.556,7.0466
3340.0,2.0101,16.6912,0.537,19.1461,28.9696,7.0284
3345.0,2.0241,17.6145,0.5486,21.3345,29.4949,6.9997
3350.0,2.0171,17.3693,0.5513,20.5338,29.1806,7.0138
3355.0,2.0218,17.585,0.5414,20.7034,29.2196,7.0081
3360.0,2.0218,17.5696,0.5233,19.7998,28.8868,7.0157
3365.0,1.9772,15.9725,0.5463,18.4337,29.1798,7.0606
3370.0,1.9654,15.8669,0.5386,17.9758,28.6757,7.0899
3375.0,1.9469,16.1039,0.5224,17.3335,29.0525,7.1035
3380.0,1.9573,16.0474,0.5325,18.7063,28.9321,7.0944
3385.0,1.9795,16.1344,0.5189,18.4311,28.4886,7.0789
3390.0,1.9577,16.0065,0.5309,18.5085,29.1344,7.0876
3395.0,1.9362,16.077,0.5402,17.4963,29.3137,7.1095
3400.0,1.9414,15.2402,0.5431,17.7194,29.0216,7.1119
3405.0,1.9417,16.0327,0.5399,18.9124,28.9439,7.1139
3410.0,1.9324,15.9427,0.5202,17.5014,29.239,7.1174
3415.0,1.931,15.333,0.5194,16.2527,29.0182,7.1255
3420.0,1.9275,16.4487,0.5341,15.6555,29.3081,7.122
3425.0,1.9597,16.0686,0.5184,17.5466,29.1024,7.0876
3430.0,1.9787,16.0925,0.5395,19.02,28.659,7.0751
3435.0,1.9605,16.2344,0.5267,17.3386,29.103,7.0848
3440.0,1.9726,16.1342,0.5424,18.5643,28.516,7.0862
3445.0,1.9518,15.609,0.5109,16.8494,28.7661,7.1053
3450.0,1.9477,16.2571,0.5277,16.7422,29.0363,7.1035
3455.0,1.9569,16.5264,0.523,18.1952,29.0481,7.0917
3460.0,1.9527,15.9402,0.5294,18.0964,28.9816,7.0984
3465.0,1.9735,16.5557,0.5427,18.3825,28.5499,7.0848
3470.0,1.953,15.7268,0.5187,16.0026,28.4799,7.1118
3475.0,1.9786,15.7062,0.5192,18.9093,28.5931,7.0778
3480.0,1.9714,16.6635,0.5417,19.3711,28.681,7.083
3485.0,1.9825,16.6864,0.541,19.4049,29.35,7.0524
3490.0,1.9895,16.7335,0.573,18.6358,28.9861,7.0523
3495.0,2.0243,17.4049,0.5372,20.1432,28.7366,7.018
3500.0,2.0071,17.2038,0.5241,19.8758,29.2161,7.0249
3505.0,2.0168,17.1272,0.5265,21.2938,28.897,7.0218
3510.0,2.0099,16.8198,0.5329,19.119,28.1526,7.0484
3515.0,1.9939,16.7322,0.5467,19.9514,28.302,7.0647
3520.0,1.9837,17.2987,0.536,18.1205,28.4171,7.0746
3525.0,1.9778,16.0848,0.5385,18.4649,29.3897,7.0567
3530.0,2.0157,17.5175,0.5392,18.4998,28.5926,7.0316
3535.0,2.0113,17.3125,0.5299,19.5558,28.6531,7.0343
3540.0,2.0078,17.1308,0.5351,19.4774,28.5334,7.0416
3545.0,2.0111,16.1572,0.5452,18.9901,28.6984,7.0338
3550.0,2.0104,17.48,0.5068,19.5899,28.5879,7.0371
3555.0,2.0144,16.731,0.5396,19.9947,28.6127,7.0319
3560.0,2.0284,17.595,0.5417,20.3157,28.5928,7.016
3565.0,2.0232,17.6516,0.5454,19.8993,28.2372,7.0302
3570.0,2.0008,17.0646,0.5418,18.5693,29.0773,7.036
3575.0,2.0127,17.1686,0.536,19.9552,28.2377,7.0433
3580.0,2.0199,17.3865,0.556,19.0983,28.3261,7.0329
3585.0,2.0442,17.8997,0.5434,21.0288,28.2693,7.0057
3590.0,2.0259,16.8955,0.5385,19.6531,28.5058,7.0201
3595.0,2.0438,17.1772,0.5328,20.5612,28.3413,7.004
3600.0,2.0411,18.0898,0.5434,21.4477,28.8501,6.9952
3605.0,2.0249,17.6274,0.551,21.4251,28.8462,7.0127
3610.0,2.0687,17.9254,0.5406,22.0364,28.0823,6.9837
3615.0,2.0262,17.2611,0.5377,19.7272,29.1037,7.0062
3620.0,2.0803,18.2177,0.5394,21.6847,28.2622,6.9698
3625.0,2.0832,18.5499,0.5558,22.8797,28.4648,6.9657
3630.0,2.0898,19.3373,0.5588,22.9735,28.3295,6.9659
3635.0,2.0807,18.1906,0.5438,22.2035,28.7696,6.9705
3640.0,2.1085,19.2188,0.5399,22.752,28.6379,6.9504
3645.0,2.1223,19.2882,0.5592,23.2562,28.1153,6.952
3650.0,2.1402,18.9489,0.5448,22.9765,28.1165,6.941
3655.0,2.116,18.7152,0.5557,23.2028,28.5795,6.9623
3660.0,2.1448,19.2119,0.5527,24.5564,28.1421,6.9482
3665.0,2.1348,19.3487,0.5677,24.7385,28.2753,6.961
3670.0,2.1472,19.3671,0.5747,23.1717,28.8173,6.9459
3675.0,2.1558,19.6636,0.5639,25.8957,28.0494,6.9564
3680.0,2.1549,19.7658,0.5335,24.4517,28.3288,6.9582
3685.0,2.1453,19.6701,0.5466,24.5809,28.0092,6.9775
3690.0,2.1203,19.28,0.5554,23.4588,28.4152,6.9974
3695.0,2.1533,19.8563,0.5661,24.3473,28.2017,6.9711
3700.0,2.1527,19.6581,0.5417,23.7645,28.4933,6.9696
3705.0,2.1472,19.693,0.5554,24.3994,28.382,6.9801
3710.0,2.1369,18.9903,0.5364,23.1778,28.7155,6.9868
3715.0,2.1286,18.9051,0.5488,23.6222,28.6777,6.9968
3720.0,2.1254,18.8766,0.5732,23.7062,28.484,7.0038
3725.0,2.1044,18.9674,0.5486,21.9825,28.0237,7.0321
3730.0,2.0722,18.4753,0.5637,23.573,28.1862,7.0575
3735.0,2.0469,18.1466,0.5542,20.1483,28.2191,7.0761
3740.0,2.0113,17.2763,0.5504,19.159,27.97,7.1102
3745.0,2.0124,17.4977,0.5385,20.0628,28.5474,7.0833
3750.0,2.0135,17.0001,0.5407,19.1012,28.1054,7.0811
3755.0,1.9986,16.6355,0.5292,19.483,28.2911,7.0825
3760.0,1.9707,16.7681,0.5169,17.8184,28.4058,7.0997
3765.0,1.9792,16.6893,0.5302,18.2505,28.3631,7.0829
3770.0,1.9966,16.81,0.5426,20.2887,27.9621,7.0718
3775.0,2.0067,16.708,0.5347,18.8575,28.1281,7.0547
3780.0,2.0158,17.5047,0.5334,19.8686,27.9207,7.0486
3785.0,2.0091,16.8049,0.5349,20.2074,28.0638,7.0527
3790.0,2.0306,17.2564,0.5359,20.4134,28.2428,7.0227
3795.0,2.0101,17.1582,0.5405,20.0587,28.3707,7.0426
3800.0,2.0056,16.9356,0.5304,19.2102,28.3352,7.0495
3805.0,2.0212,17.6338,0.552,21.5702,28.3947,7.0298
3810.0,2.0463,17.4774,0.5472,19.9422,28.0126,7.0094
3815.0,2.042,17.8286,0.551,21.2419,28.203,7.009
3820.0,2.0586,18.3034,0.5433,18.7102,28.0602,6.9941
3825.0,2.0547,17.4965,0.5535,22.2021,28.1336,6.9968
3830.0,2.0459,17.6731,0.546,21.0203,27.6969,7.0165
3835.0,2.0263,17.379,0.5337,19.8066,28.01,7.0324
3840.0,2.0306,17.6594,0.5155,19.3297,28.2057,7.023
3845.0,2.0247,17.0593,0.5391,19.4772,28.1184,7.0317
3850.0,2.0133,16.9147,0.5476,20.0639,28.2303,7.0427
3855.0,2.025,17.4206,0.54,19.4061,28.0874,7.0328
3860.0,2.041,17.9131,0.5344,20.7756,27.7377,7.0224
3865.0,2.0097,17.6014,0.5074,18.5173,28.2106,7.0472
3870.0,2.0253,16.7161,0.5486,19.8771,27.9511,7.0362
3875.0,2.007,17.0579,0.5247,18.8116,28.3268,7.0478
3880.0,2.051,18.1566,0.5404,21.0464,27.5343,7.0164
3885.0,2.0417,17.9867,0.5447,21.0809,28.0118,7.0142
3890.0,2.0094,17.0909,0.5368,19.2551,28.2032,7.0474
3895.0,2.0101,16.8347,0.5363,19.146,27.77,7.0593
3900.0,2.0005,16.8707,0.5371,19.7353,28.6239,7.0488
3905.0,1.991,16.5148,0.5478,18.8153,28.4137,7.0652
3910.0,1.998,16.4789,0.5334,18.0176,28.0121,7.0681
3915.0,1.9748,16.4623,0.5427,17.6126,28.0864,7.0949
3920.0,1.9803,16.9455,0.524,20.0715,27.8702,7.0951
3925.0,1.9848,16.2476,0.5313,18.9646,27.4326,7.1022
3930.0,1.9495,16.4058,0.5062,18.2332,27.8551,7.1355
3935.0,1.9515,16.3493,0.5321,17.4932,27.8828,7.1334
3940.0,1.954,15.705,0.5262,17.4084,27.9221,7.1288
3945.0,1.9408,16.2293,0.5193,16.7404,27.9785,7.1442
3950.0,1.9525,15.5087,0.5255,18.1796,27.7949,7.135
3955.0,1.9542,16.1741,0.5212,17.9713,27.9946,7.1264
3960.0,1.918,15.413,0.5207,16.3992,28.4413,7.16
3965.0,1.9323,16.0258,0.5235,16.3847,27.9204,7.1585
3970.0,1.9375,15.8038,0.5369,16.6624,27.6199,7.1611
3975.0,1.9413,15.4763,0.498,17.3148,27.7799,7.151
3980.0,1.9249,15.3459,0.5309,16.6167,28.0961,7.1626
3985.0,1.9507,16.0136,0.5132,16.7642,27.4863,7.1477
3990.0,1.9509,16.3186,0.5283,18.4101,27.8292,7.1362
3995.0,1.9584,15.8759,0.5388,19.5893,27.9221,7.1231
4000.0,1.9685,16.4361,0.5356,17.8851,27.6817,7.1168
4005.0,1.9564,15.5056,0.539,18.5847,27.6687,7.1327
4010.0,1.9389,15.6915,0.5321,17.7332,27.9359,7.1482
4015.0,1.9198,15.9298,0.5268,16.673,28.0415,7.171
4020.0,1.9052,15.5571,0.5367,15.4037,27.9267,7.1959
4025.0,1.9086,14.8531,0.517,16.6944,27.6281,7.2022
4030.0,1.8875,15.4273,0.5237,15.7847,27.9191,7.2225
4035.0,1.8791,14.8763,0.538,14.5806,28.1111,7.2286
4040.0,1.884,15.3319,0.5002,16.0381,27.4068,7.247
4045.0,1.8691,14.5036,0.5256,15.344,27.6521,7.2609
4050.0,1.855,14.8219,0.5206,14.6016,28.038,7.2684
4055.0,1.8647,14.8188,0.541,16.1529,27.9752,7.2564
4060.0,1.8643,14.4838,0.5237,15.0616,27.8432,7.2614
4065.0,1.865,14.5269,0.5342,15.5233,28.0714,7.2522
4070.0,1.8689,15.4264,0.5231,15.5783,27.7578,7.2575
4075.0,1.8671,14.5204,0.5432,14.7507,27.7203,7.2618
4080.0,1.8672,14.9606,0.5216,15.5653,27.9248,7.2542
4085.0,1.8817,14.7803,0.5125,15.475,27.614,7.2438
4090.0,1.8948,14.553,0.521,16.1611,27.5097,7.228
4095.0,1.9035,15.2898,0.5424,16.7112,27.2156,7.2252
4100.0,1.8997,15.2248,0.5242,16.0125,27.8963,7.2067
4105.0,1.8937,14.5891,0.5277,17.1346,27.594,7.2251
4110.0,1.8906,15.0564,0.5225,15.6893,27.5583,7.2316
4115.0,1.8897,14.5168,0.5183,16.4658,27.8853,7.2217
4120.0,1.8698,14.3965,0.5282,14.3878,27.6823,7.2577
4125.0,1.8772,14.777,0.5244,15.6335,27.6827,7.2481
4130.0,1.8742,14.6161,0.5299,15.4725,27.3705,7.2638
4135.0,1.8561,14.3201,0.5124,15.3963,27.4155,7.2905
4140.0,1.8551,14.5442,0.5344,14.2158,27.9804,7.2715
4145.0,1.8568,14.44,0.5279,17.3146,27.9017,7.2711
4150.0,1.8668,14.4014,0.5194,15.7966,27.4961,7.2712
4155.0,1.849,13.9246,0.5263,14.546,27.4352,7.301
4160.0,1.8376,14.111,0.5271,14.4794,27.5981,7.3138
4165.0,1.8407,14.1013,0.5224,12.5205,27.7929,7.3017
4170.0,1.8512,13.8815,0.5153,14.6877,27.368,7.3015
4175.0,1.8366,14.1919,0.51,13.1371,27.8532,7.3054
4180.0,1.8399,14.0163,0.5229,14.2701,27.8801,7.2993
4185.0,1.8382,14.2457,0.5372,13.6025,27.7626,7.3063
4190.0,1.8233,13.6774,0.5178,13.7058,27.9286,7.3237
4195.0,1.8178,13.8138,0.523,13.2421,27.9119,7.334
4200.0,1.8187,13.8615,0.5105,14.9576,28.2685,7.3188
4205.0,1.826,13.6947,0.5213,14.1367,27.8167,7.3244
4210.0,1.8118,14.1165,0.5268,14.8842,27.5507,7.3589
4215.0,1.8227,13.7009,0.5059,13.3194,27.6184,7.3395
4220.0,1.8451,14.2539,0.5306,15.1761,27.1499,7.3216
4225.0,1.8089,13.2626,0.531,14.0275,28.1425,7.3391
4230.0,1.8027,13.0522,0.5096,13.3846,27.8492,7.3621
4235.0,1.8119,13.4798,0.5034,14.3247,28.0309,7.3403
4240.0,1.8323,14.1169,0.5094,14.0613,27.5478,7.326
4245.0,1.8352,13.9674,0.4988,14.3097,27.7035,7.3145
4250.0,1.8426,14.0734,0.523,13.3719,27.6538,7.3043
4255.0,1.8144,13.315,0.517,14.2533,28.039,7.3336
4260.0,1.8236,13.7602,0.5125,13.9477,27.5899,7.3382
4265.0,1.8293,14.5555,0.4973,13.2878,27.386,7.3375
4270.0,1.8391,14.6547,0.5233,14.3947,27.4035,7.3209
4275.0,1.8434,13.7211,0.5254,14.9883,27.5348,7.308
4280.0,1.8504,14.3529,0.5127,14.562,27.6602,7.2916
4285.0,1.8462,14.4789,0.5079,14.6702,27.9471,7.2864
4290.0,1.8435,13.8971,0.5062,15.0231,27.6084,7.3036
4295.0,1.8577,14.3059,0.5273,14.7841,27.3136,7.2936
4300.0,1.8526,14.5159,0.5235,14.9375,27.787,7.2828
4305.0,1.8387,13.9688,0.5086,15.1318,27.9486,7.2976
4310.0,1.8438,13.6278,0.5264,13.527,27.5922,7.3042
4315.0,1.8545,14.3804,0.5406,16.0076,27.9813,7.2729
4320.0,1.8406,14.2387,0.5123,14.9677,27.9343,7.2948
4325.0,1.8276,13.4414,0.5079,11.9757,27.8578,7.3191
4330.0,1.8302,13.8918,0.5225,15.6283,27.2764,7.3397
4335.0,1.8032,13.0343,0.5186,13.2009,27.3761,7.3817
4340.0,1.8051,13.4701,0.52,13.4854,27.572,7.3716
4345.0,1.7891,13.3125,0.4988,11.6043,27.7051,7.3929
4350.0,1.7819,13.0953,0.5106,13.7899,27.8634,7.3995
4355.0,1.8095,13.4768,0.4953,13.0605,27.41,7.3719
4360.0,1.8147,13.4023,0.5108,14.1945,27.3184,7.3658
4365.0,1.8004,13.3498,0.5137,13.9732,27.9845,7.3615
4370.0,1.8105,13.2321,0.5064,13.3733,27.8917,7.3484
4375.0,1.7945,13.2476,0.522,13.1812,27.8946,7.3744
4380.0,1.8036,13.5405,0.5222,13.0297,27.7004,7.3684
4385.0,1.7742,12.8214,0.5169,12.5468,28.0203,7.405
4390.0,1.771,12.9494,0.4987,12.0367,27.8398,7.4202
4395.0,1.77,13.168,0.5044,12.7136,27.825,7.4234
4400.0,1.7634,12.5044,0.5265,13.2198,27.9007,7.432
4405.0,1.7646,12.86,0.5064,11.0003,27.8291,7.4334
4410.0,1.7619,12.8748,0.5302,13.2145,27.9762,7.4317
4415.0,1.7551,12.7055,0.5128,12.223,28.0864,7.439
4420.0,1.7646,12.6138,0.5156,12.1874,27.7671,7.4365
4425.0,1.7619,12.3268,0.5003,12.8051,27.6062,7.4488
4430.0,1.7533,12.8464,0.5188,11.658,27.7942,7.4566
4435.0,1.7643,12.9351,0.514,12.3469,27.5889,7.4461
4440.0,1.7673,12.6489,0.5199,12.6893,27.8555,7.428
4445.0,1.7741,13.0299,0.5063,12.8421,27.6241,7.4253
4450.0,1.7914,13.0293,0.521,12.7083,27.5377,7.3986
4455.0,1.7844,13.0221,0.527,14.2103,27.8779,7.3947
4460.0,1.7831,13.5237,0.5134,12.9852,27.8522,7.3979
4465.0,1.7693,12.4066,0.5188,12.6497,28.1209,7.4104
4470.0,1.7755,12.4948,0.5,13.1086,28.0946,7.4012
4475.0,1.7813,13.0636,0.5148,12.7796,27.978,7.3958
4480.0,1.7944,13.6163,0.516,12.987,27.5915,7.3897
4485.0,1.7816,13.5646,0.4958,11.3235,27.8988,7.3982
4490.0,1.783,13.5623,0.5021,11.8294,28.2121,7.3827
4495.0,1.7941,13.3021,0.5111,13.4033,27.8182,7.3799
4500.0,1.7884,12.6076,0.5128,12.9053,28.0787,7.3784
4505.0,1.7832,13.0329,0.5249,12.3677,27.7623,7.4009
4510.0,1.7873,13.3725,0.4873,11.8523,27.724,7.3964
4515.0,1.7817,13.4654,0.4959,12.5119,28.2007,7.3853
4520.0,1.8118,13.6719,0.5289,13.1634,27.2412,7.3748
4525.0,1.8018,13.6006,0.5103,14.7561,27.7366,7.3699
4530.0,1.7957,13.0531,0.5252,12.058,28.1275,7.3636
4535.0,1.8143,13.317,0.5142,13.461,27.3012,7.3669
4540.0,1.7884,12.9614,0.4989,13.3624,27.9967,7.3812
4545.0,1.8132,13.6323,0.5224,12.9324,27.5817,7.3576
4550.0,1.8125,13.2108,0.5255,13.7733,27.7116,7.3524
4555.0,1.7981,13.5268,0.5036,14.1544,27.8705,7.3696
4560.0,1.7919,12.9683,0.5185,13.2699,27.8847,7.3802
4565.0,1.7835,13.1149,0.5363,13.6271,27.8103,7.3984
4570.0,1.7778,12.8834,0.5312,13.956,27.8231,7.4086
4575.0,1.7872,12.781,0.5187,14.1652,27.778,7.3946
4580.0,1.7902,12.8221,0.4917,13.0944,27.9859,7.3798
4585.0,1.769,12.6714,0.509,12.3933,28.2943,7.4027
4590.0,1.7667,13.093,0.5023,12.3644,27.9294,7.4239
4595.0,1.7674,13.2675,0.5258,13.3271,27.6979,7.434
4600.0,1.7651,12.6639,0.5184,12.9349,27.7633,7.4356
4605.0,1.7583,12.8938,0.5067,12.6138,27.3971,7.4655
4610.0,1.7475,12.5071,0.5114,11.5441,27.7825,7.4688
4615.0,1.7491,12.7947,0.5156,13.8031,27.6606,7.4717
4620.0,1.7539,12.8034,0.4984,11.6978,27.6183,7.4648
4625.0,1.7473,12.9311,0.5025,10.9636,27.9155,7.4628
4630.0,1.7429,12.6215,0.494,12.2658,28.1207,7.4614
4635.0,1.7461,13.0028,0.5164,12.0932,27.7703,7.4717
4640.0,1.7332,12.2347,0.5202,12.5164,28.4191,7.4662
4645.0,1.7484,12.3494,0.5176,13.8744,27.7518,7.4686
4650.0,1.7542,12.8405,0.5158,12.3974,27.8951,7.451
4655.0,1.7492,12.3956,0.5219,12.4397,28.2135,7.4449
4660.0,1.7627,13.0423,0.5222,12.5874,28.156,7.4228
4665.0,1.7581,12.5433,0.5319,12.5346,28.3514,7.4213
4670.0,1.7568,13.0625,0.5041,12.2778,28.1683,7.4317
4675.0,1.7715,13.3478,0.5093,11.0461,27.8304,7.4209
4680.0,1.7611,12.9571,0.5,12.7689,28.2601,7.42
4685.0,1.7528,12.9065,0.5063,11.5339,28.4069,7.4283
4690.0,1.7572,12.1663,0.5118,12.3982,28.1825,7.4306
4695.0,1.7584,12.2622,0.4994,11.8529,28.0868,7.4329
4700.0,1.7746,12.6015,0.521,12.8488,27.6175,7.425
4705.0,1.7567,12.8096,0.4999,13.0537,28.0365,7.438
4710.0,1.757,11.8384,0.5103,12.2066,27.9129,7.4437
4715.0,1.7534,12.2368,0.5005,13.1788,27.7671,7.4573
4720.0,1.7534,12.638,0.5168,12.4394,28.4377,7.4275
4725.0,1.7531,12.3504,0.5015,11.9399,28.3195,7.432
4730.0,1.7781,13.0658,0.5067,11.5304,27.8805,7.407
4735.0,1.7541,12.8942,0.4974,11.3315,28.6458,7.415
4740.0,1.775,12.7767,0.5079,14.339,27.5183,7.4281
4745.0,1.7525,12.172,0.5123,12.1932,28.0986,7.4431
4750.0,1.7664,13.1807,0.4944,11.8141,28.1075,7.4181
4755.0,1.7596,12.8554,0.5068,11.5766,28.4479,7.4143
4760.0,1.7587,12.7981,0.5227,12.9776,28.2552,7.4242
4765.0,1.7555,12.5275,0.5186,12.3968,28.602,7.4152
4770.0,1.7666,12.9328,0.5048,12.7899,28.2839,7.4088
4775.0,1.7681,13.0905,0.4931,11.6969,28.476,7.3977
4780.0,1.7703,12.2527,0.5007,13.5082,27.6251,7.431
4785.0,1.7657,12.5174,0.5174,13.2105,27.6097,7.4415
4790.0,1.7803,12.8883,0.4998,12.1178,27.8441,7.4051
4795.0,1.7606,12.9593,0.5101,11.492,28.259,7.4201
4800.0,1.7459,12.9222,0.5139,12.1809,28.5799,7.4332
4805.0,1.749,12.3543,0.5128,13.1529,28.1941,7.4455
4810.0,1.7535,12.6701,0.5225,12.3734,28.2875,7.4335
4815.0,1.7475,11.6834,0.5096,11.3666,28.1864,7.4486
4820.0,1.733,12.5136,0.5086,10.5876,28.1925,7.4762
4825.0,1.7325,11.9151,0.5256,13.7524,28.1552,7.4802
4830.0,1.7363,12.1465,0.5117,11.7952,27.9719,7.4816
4835.0,1.7178,11.4325,0.508,11.2797,28.5575,7.4898
4840.0,1.7281,12.4914,0.4857,9.357,28.4485,7.4753
4845.0,1.7322,12.3818,0.4976,10.7655,28.3133,7.4732
4850.0,1.7354,13.0472,0.5094,12.1127,28.1182,7.4762
4855.0,1.7461,12.1856,0.4983,13.9028,27.9734,7.4628
4860.0,1.7254,12.4969,0.4969,11.6701,28.0605,7.4979
4865.0,1.7263,12.1926,0.5357,12.9327,28.4438,7.4795
4870.0,1.7095,11.4261,0.5103,9.8391,28.4808,7.5098
4875.0,1.7062,11.742,0.5004,11.3133,28.6254,7.5107
4880.0,1.7121,11.1991,0.5125,11.1817,28.7003,7.4955
4885.0,1.7201,11.6807,0.4988,11.0087,28.4385,7.4915
4890.0,1.7068,12.0765,0.4983,10.227,29.1288,7.4852
4895.0,1.7265,11.7223,0.5164,13.652,28.3507,7.4829
4900.0,1.725,12.092,0.5007,11.5238,28.2766,7.4891
4905.0,1.7303,12.331,0.5053,10.6468,28.3183,7.4771
4910.0,1.7325,12.2968,0.5163,11.0823,28.6323,7.458
4915.0,1.7286,11.348,0.4944,11.3149,28.2945,7.4803
4920.0,1.7282,12.259,0.5222,10.7863,28.4294,7.4756
4925.0,1.7355,12.7441,0.5049,11.6336,27.9449,7.4843
4930.0,1.722,12.0719,0.5101,13.1891,28.419,7.4882
4935.0,1.701,11.7432,0.504,10.0036,28.9848,7.503
4940.0,1.7359,12.242,0.514,12.2683,28.0336,7.4805
4945.0,1.7159,11.7623,0.5174,11.7302,28.5669,7.4931
4950.0,1.7136,12.1473,0.511,12.1543,28.3331,7.5093
4955.0,1.7024,11.8594,0.5115,11.6895,28.9618,7.5023
4960.0,1.7249,12.3663,0.5032,10.9208,28.1767,7.495
4965.0,1.7143,11.7325,0.5083,11.064,28.6776,7.4916
4970.0,1.702,12.2955,0.4976,11.0479,28.9592,7.5024
4975.0,1.7041,11.5796,0.5015,10.225,29.0246,7.4957
4980.0,1.7078,11.7563,0.494,10.2795,29.0569,7.4866
4985.0,1.7087,11.9688,0.5049,11.2923,28.8391,7.4946
4990.0,1.7003,11.1321,0.5106,10.3926,28.6577,7.5203
4995.0,1.7015,11.4407,0.5127,11.5636,28.0767,7.5478
5000.0,1.6844,10.9315,0.5049,10.2311,28.7128,7.5527
5005.0,1.6959,11.4634,0.4801,10.4101,28.3889,7.5451
5010.0,1.6792,11.3518,0.494,9.9815,28.9358,7.5526
5015.0,1.6808,11.0799,0.4941,10.0156,28.957,7.5486
5020.0,1.6769,11.2783,0.5002,10.8257,28.7233,7.5683
5025.0,1.6858,11.2193,0.5122,10.8678,28.726,7.5501
5030.0,1.6719,11.0333,0.496,10.4941,28.981,7.5661
5035.0,1.6877,11.223,0.5057,11.1344,28.3913,7.5628
5040.0,1.6868,11.2036,0.4906,9.9158,28.445,7.5619
5045.0,1.6771,11.6371,0.5068,9.4046,28.7212,7.5686
5050.0,1.7083,12.1477,0.5067,11.0295,28.0197,7.5389
5055.0,1.6716,11.1881,0.4953,9.9484,29.1523,7.5578
5060.0,1.6803,11.215,0.51,8.6228,28.929,7.5511
5065.0,1.6869,11.3263,0.5,10.691,28.9188,7.5375
5070.0,1.6859,11.7712,0.5046,9.6949,28.94,7.5381
5075.0,1.6954,12.0316,0.5071,11.0295,28.5891,7.5357
5080.0,1.6923,11.5397,0.5041,10.5534,28.7011,7.5363
5085.0,1.702,11.2413,0.5019,11.7823,28.749,7.5145
5090.0,1.7063,11.393,0.505,9.9188,29.0297,7.4916
5095.0,1.7165,12.1555,0.504,11.4094,28.9364,7.4752
5100.0,1.7125,11.6674,0.5149,11.0766,28.9188,7.4831
5105.0,1.7131,12.105,0.5247,12.0843,29.1584,7.4713
5110.0,1.7116,11.8922,0.528,11.9556,29.1213,7.4753
5115.0,1.7011,11.2274,0.4844,10.1334,29.1806,7.4932
5120.0,1.7069,11.8374,0.4986,11.5646,29.0333,7.4895
5125.0,1.7057,11.517,0.4995,10.6115,28.6199,7.511
5130.0,1.692,10.9254,0.5132,9.8243,29.2954,7.5075
5135.0,1.701,11.2701,0.4947,10.9665,29.1305,7.4971
5140.0,1.7091,12.0591,0.5074,12.7385,29.0973,7.4824
5145.0,1.6904,11.7839,0.5155,10.6379,29.5771,7.4967
5150.0,1.6969,12.0895,0.5001,10.3866,29.0769,7.5074
5155.0,1.6907,11.8109,0.5096,10.4799,29.2041,7.5143
5160.0,1.6861,11.6033,0.5102,12.3169,29.2661,7.5211
5165.0,1.6831,10.7856,0.501,10.1969,29.0649,7.537
5170.0,1.6977,11.7009,0.4928,9.5117,29.103,7.5063
5175.0,1.6939,11.6706,0.5037,12.0164,29.2825,7.5042
5180.0,1.6902,11.0544,0.4751,10.08,28.76,7.5364
5185.0,1.6839,11.6524,0.5106,10.9117,28.8465,7.5468
5190.0,1.6738,10.5716,0.5155,11.4602,29.133,7.5544
5195.0,1.6771,11.0978,0.4995,10.7591,29.1498,7.5469
5200.0,1.6809,11.136,0.4928,9.9523,29.1394,7.5393
5205.0,1.6826,10.8591,0.5087,9.8587,28.9861,7.5428
5210.0,1.6747,11.4429,0.5023,8.2922,29.0762,7.5552
5215.0,1.6671,10.7231,0.4983,9.6284,29.3205,7.56
5220.0,1.6603,11.1616,0.5134,12.0294,29.3415,7.5738
5225.0,1.6673,11.1898,0.5015,10.5085,29.318,7.5604
5230.0,1.6656,10.6418,0.5094,11.2146,29.1559,7.5716
5235.0,1.6705,10.722,0.4899,9.66,28.894,7.5746
5240.0,1.6693,10.5673,0.5018,9.4142,29.1745,7.5633
5245.0,1.69,11.2386,0.5126,11.3484,28.9453,7.5305
5250.0,1.6802,11.2535,0.5003,10.5949,29.1243,7.5407
5255.0,1.697,11.3733,0.5139,11.7119,28.5048,7.5366
5260.0,1.6812,11.6414,0.5151,9.7216,29.361,7.5276
5265.0,1.6734,10.5922,0.525,10.6213,29.7921,7.5232
5270.0,1.6864,11.5748,0.4968,10.9646,29.0852,7.5294
5275.0,1.6829,11.7574,0.5096,11.5518,29.2011,7.5313
5280.0,1.6665,10.7182,0.4883,11.1484,29.4755,7.5526
5285.0,1.6721,11.1846,0.5154,11.1595,29.6421,7.5339
5290.0,1.6894,11.9726,0.4939,11.9407,29.4455,7.5068
5295.0,1.7022,11.8353,0.512,11.8155,28.9142,7.5047
5300.0,1.6905,11.7301,0.505,12.1583,29.3064,7.5098
5305.0,1.6964,11.7632,0.5063,11.2588,29.1408,7.5059
5310.0,1.6819,11.1622,0.4954,10.6015,29.2297,7.5309
5315.0,1.6703,10.8767,0.4868,9.5466,29.4072,7.5479
5320.0,1.6737,11.5381,0.5215,12.625,29.414,7.5411
5325.0,1.6839,11.4755,0.4942,10.1037,29.0787,7.5357
5330.0,1.6696,10.8808,0.4873,9.3289,29.8093,7.5305
5335.0,1.6759,10.6257,0.5126,9.3361,29.8066,7.5175
5340.0,1.6909,10.9195,0.505,10.5494,29.3394,7.5081
5345.0,1.6779,11.0601,0.5141,10.1155,29.7394,7.5154
5350.0,1.6883,11.8045,0.4807,11.1339,29.5449,7.5036
5355.0,1.6976,11.0166,0.5162,10.9182,29.4235,7.4903
5360.0,1.6815,10.7152,0.4991,9.0982,29.5262,7.5171
5365.0,1.6558,11.2332,0.5271,10.2155,30.5403,7.5251
5370.0,1.6778,11.6275,0.4933,10.5814,29.3509,7.5345
5375.0,1.6779,11.3645,0.4905,9.8059,29.3973,7.5326
5380.0,1.6727,10.9721,0.5112,9.9273,29.7033,7.5288
5385.0,1.6652,10.1803,0.5127,9.753,29.6363,7.5475
5390.0,1.6668,11.217,0.4966,10.7556,29.5257,7.5503
5395.0,1.6583,10.4286,0.5164,10.3039,29.7743,7.5567
5400.0,1.6574,10.618,0.5199,9.5615,29.6699,7.5639
5405.0,1.6496,10.8001,0.4984,9.3987,29.8485,7.5726
5410.0,1.6532,10.4811,0.4958,11.1371,29.513,7.5815
5415.0,1.6565,11.1153,0.5038,7.8001,29.6453,7.5681
5420.0,1.6587,11.0835,0.5041,10.384,29.4057,7.5745
5425.0,1.6437,10.601,0.5019,10.4338,30.1742,7.5704
5430.0,1.6675,10.5135,0.5107,10.5129,29.3494,7.5583
5435.0,1.6721,10.9621,0.4986,10.3104,29.7215,7.5303
5440.0,1.6834,11.7341,0.5033,12.0126,29.513,7.5157
5445.0,1.6812,11.245,0.501,10.4279,29.1219,7.538
5450.0,1.6737,11.0361,0.4907,11.1959,29.6885,7.5276
5455.0,1.6763,11.6018,0.4969,10.235,29.6843,7.522
5460.0,1.658,10.4365,0.4887,9.301,29.9356,7.5484
5465.0,1.6735,11.2358,0.4954,8.562,29.4769,7.5385
5470.0,1.6642,10.7001,0.5227,10.5172,30.0223,7.532
5475.0,1.6661,10.8007,0.5043,11.8784,29.8725,7.5347
5480.0,1.672,11.0063,0.5003,9.7043,29.9321,7.5198
5485.0,1.6578,11.0649,0.5164,9.9957,29.8346,7.5535
5490.0,1.6599,10.7858,0.5136,9.5972,29.8487,7.5497
5495.0,1.6573,10.7869,0.5251,11.2376,30.1406,7.5416
5500.0,1.6623,10.6942,0.5144,10.8826,29.8874,7.5424
5505.0,1.6602,10.5161,0.4945,10.4094,30.1916,7.5327
5510.0,1.6762,11.1511,0.4892,10.6933,29.5613,7.5282
5515.0,1.6746,11.4094,0.5127,10.2126,29.5217,7.5333
5520.0,1.6623,11.0115,0.5067,9.7334,29.8943,7.5417
5525.0,1.6627,10.6668,0.4914,9.9074,29.554,7.5574
5530.0,1.6513,10.4909,0.5255,9.2305,29.6784,7.5769
5535.0,1.6621,11.4282,0.5146,8.3076,29.8481,7.5462
5540.0,1.6534,10.2777,0.5183,10.3819,30.032,7.5547
5545.0,1.6686,11.0859,0.5069,11.3639,29.6895,7.5391
5550.0,1.6642,11.59,0.4888,10.1368,29.9221,7.5366
5555.0,1.6689,11.2995,0.4946,9.5979,29.7021,7.5369
5560.0,1.6808,11.0673,0.4935,10.1114,29.5951,7.5175
5565.0,1.6836,11.359,0.5062,10.4342,29.5084,7.515
5570.0,1.6705,10.9941,0.5033,11.5813,29.8979,7.5236
5575.0,1.6884,11.5214,0.5084,11.0406,29.2388,7.5181
5580.0,1.6808,11.214,0.5037,10.4512,29.5512,7.5187
5585.0,1.6734,11.2401,0.4912,11.0829,30.3465,7.4977
5590.0,1.6803,11.2229,0.4988,10.5283,29.922,7.5018
5595.0,1.6995,11.2933,0.5038,10.774,29.386,7.4883
5600.0,1.6861,11.5816,0.504,10.8191,30.1042,7.4819
5605.0,1.6862,10.9188,0.5049,10.2316,29.6595,7.5012
5610.0,1.6604,10.9805,0.502,9.0426,30.4109,7.5206
5615.0,1.6797,11.2584,0.4963,11.4411,29.5552,7.5207
5620.0,1.6663,10.6918,0.4852,9.2106,30.2734,7.5153
5625.0,1.6519,11.2686,0.4994,9.6147,30.2086,7.5483
5630.0,1.6621,10.8673,0.5088,11.5523,30.0088,7.5374
5635.0,1.6621,10.8466,0.5132,9.9772,29.875,7.5432
5640.0,1.6716,11.4044,0.5068,11.6379,29.5624,7.5383
5645.0,1.6613,10.9057,0.5178,11.4923,29.82,7.5476
5650.0,1.6539,10.9006,0.4968,8.6273,30.0685,7.552
5655.0,1.6565,10.7542,0.5129,9.7548,29.9848,7.5505
5660.0,1.6449,10.5563,0.5259,10.6445,30.2628,7.5624
5665.0,1.6621,10.6813,0.5084,9.9752,29.762,7.5498
5670.0,1.6524,11.0996,0.4879,8.3687,29.9719,7.5598
5675.0,1.658,10.6117,0.4924,9.7214,29.6451,7.5639
5680.0,1.6417,10.3269,0.4875,9.3032,30.3763,7.5647
5685.0,1.6546,10.8245,0.5014,10.1731,29.8733,7.5606
5690.0,1.6482,10.1945,0.4808,8.2861,29.9439,7.5708
5695.0,1.6523,10.9358,0.5153,9.1972,29.6907,7.5747
5700.0,1.6343,10.3647,0.5054,10.051,30.1081,7.5946
5705.0,1.6289,9.9255,0.5065,10.0596,30.1639,7.6051
5710.0,1.6363,11.0338,0.4836,7.6788,29.8603,7.6036
5715.0,1.6306,10.2104,0.5045,9.9943,30.3107,7.5945
5720.0,1.627,10.1119,0.5082,9.5297,29.8566,7.625
5725.0,1.6248,9.551,0.51,9.659,29.9613,7.6263
5730.0,1.6237,9.8705,0.4965,8.7049,30.4167,7.6063
5735.0,1.6361,10.7112,0.503,9.4956,29.978,7.5984
5740.0,1.6443,10.5516,0.5106,9.2181,29.5289,7.6018
5745.0,1.6255,10.3236,0.5024,9.2038,30.3483,7.6043
5750.0,1.6422,9.9619,0.5054,10.1454,29.8878,7.5889
5755.0,1.6307,10.7663,0.5076,9.6202,30.3085,7.5938
5760.0,1.6378,10.27,0.5036,9.5179,29.9922,7.5931
5765.0,1.6442,10.863,0.5085,10.4756,29.9005,7.5832
5770.0,1.6447,10.9373,0.499,8.3965,30.1354,7.5706
5775.0,1.6532,10.5019,0.4822,10.1674,30.277,7.5449
5780.0,1.6585,10.4337,0.4901,8.7498,30.1959,7.5361
5785.0,1.6554,10.7485,0.5025,11.0527,30.3419,7.5356
5790.0,1.6693,10.5138,0.5018,10.7092,29.6196,7.54
5795.0,1.6715,11.6147,0.486,10.4807,30.0438,7.5161
5800.0,1.6785,11.2153,0.5008,10.5327,30.1349,7.4967
5805.0,1.6845,10.9623,0.5046,11.3064,29.59,7.5083
5810.0,1.6588,11.6107,0.5143,10.5857,30.0722,7.5396
5815.0,1.6563,10.7525,0.5142,8.8653,29.8615,7.5563
5820.0,1.6443,10.3165,0.485,9.2472,30.2193,7.566
5825.0,1.6326,10.6671,0.4953,9.5847,30.4459,7.5817
5830.0,1.6196,10.4136,0.5151,10.5329,30.7663,7.5967
5835.0,1.6252,9.9972,0.493,9.7854,30.3985,7.6023
5840.0,1.6266,10.6511,0.4996,8.0969,30.1085,7.6136
5845.0,1.6204,10.4877,0.5033,9.4346,30.1014,7.6291
5850.0,1.6247,9.968,0.4995,10.0175,30.082,7.6206
5855.0,1.6368,11.3756,0.5065,10.4795,29.9457,7.5989
5860.0,1.6403,10.4659,0.5104,9.7502,30.118,7.5818
5865.0,1.6439,10.1701,0.5003,9.5364,29.8167,7.5875
5870.0,1.6367,10.0845,0.4858,10.1306,29.9386,7.5982
5875.0,1.6261,10.4009,0.4975,9.1919,29.9263,7.6237
5880.0,1.6328,10.6973,0.4955,8.9017,29.9581,7.6078
5885.0,1.6373,10.8896,0.4967,8.3988,29.7282,7.6081
5890.0,1.6425,10.6791,0.517,10.1054,29.8879,7.5884
5895.0,1.6419,10.6629,0.4846,7.9016,29.8889,7.5889
5900.0,1.6412,10.9268,0.5016,9.9926,29.9492,7.5874
5905.0,1.6411,10.6649,0.509,10.1991,30.4485,7.5638
5910.0,1.641,10.2971,0.5005,9.6411,30.1479,7.5772
5915.0,1.6513,10.7112,0.4925,8.2394,30.2858,7.5488
5920.0,1.6493,10.5845,0.4916,9.4938,30.1304,7.559
5925.0,1.6526,10.5749,0.5095,10.2473,29.8886,7.564
5930.0,1.6428,11.1957,0.4917,9.1655,30.2406,7.5686
5935.0,1.6421,10.0763,0.4886,10.245,30.2552,7.5699
5940.0,1.6429,10.8079,0.4843,10.5983,30.066,7.5771
5945.0,1.6465,11.3454,0.498,11.4071,29.993,7.573
5950.0,1.6478,10.5828,0.4904,9.6371,29.9247,7.5733
5955.0,1.6398,10.4616,0.4815,9.1469,29.8591,7.5942
5960.0,1.6492,11.3665,0.5068,9.6272,29.6434,7.5849
5965.0,1.6377,10.5473,0.4848,8.3771,30.0293,7.5912
5970.0,1.6387,10.4471,0.5016,8.9286,30.2469,7.5787
5975.0,1.6416,10.7396,0.5149,11.1085,29.7835,7.5942
5980.0,1.6312,10.564,0.488,9.4681,30.3015,7.5932
5985.0,1.6621,10.8216,0.4999,9.5778,29.7639,7.551
5990.0,1.6569,11.2537,0.4881,9.8972,30.0115,7.5485
5995.0,1.6531,10.8155,0.5111,9.5934,29.9182,7.561
6000.0,1.6446,11.0453,0.5017,8.7061,30.0657,7.573
6005.0,1.6517,10.8451,0.488,11.2429,29.972,7.5625
6010.0,1.6337,10.742,0.5074,9.4982,30.9111,7.5574
6015.0,1.643,10.784,0.5105,10.5195,30.3843,7.5613
6020.0,1.6505,11.0567,0.507,10.4612,29.8674,7.5696
6025.0,1.6437,10.3191,0.5013,8.5969,29.8506,7.5858
6030.0,1.6373,9.8251,0.5091,9.0073,30.107,7.5885
6035.0,1.6453,10.9745,0.4962,8.8808,30.0812,7.5719
6040.0,1.6422,10.5665,0.4993,10.6597,29.8759,7.588
6045.0,1.6249,10.5798,0.496,8.7825,30.3623,7.6044
6050.0,1.6383,10.6451,0.4902,9.1451,30.0526,7.5896
6055.0,1.627,10.2945,0.514,9.3496,30.0969,7.6125
6060.0,1.6415,10.3705,0.4963,8.9186,29.925,7.589
6065.0,1.6372,10.5332,0.4978,8.0842,30.3076,7.5791
6070.0,1.6413,10.4441,0.5056,9.872,30.3348,7.5683
6075.0,1.646,10.5338,0.5083,9.0499,29.8812,7.5791
6080.0,1.6578,11.0011,0.4934,8.4506,29.7785,7.5588
6085.0,1.6481,10.9639,0.4992,9.7287,30.2648,7.5559
6090.0,1.6583,10.3448,0.497,10.0266,30.2011,7.537
6095.0,1.6592,11.1071,0.5139,9.4671,29.9536,7.5456
6100.0,1.6536,11.1083,0.5022,8.657,30.057,7.5532
6105.0,1.6354,10.3099,0.5071,10.1688,30.6039,7.5676
6110.0,1.6476,10.9223,0.5033,9.7906,30.1938,7.5606
6115.0,1.6574,11.3301,0.5076,10.8971,29.7904,7.5583
6120.0,1.6511,10.7518,0.5142,10.2701,30.0369,7.56
6125.0,1.6582,11.1413,0.5057,8.9248,30.1896,7.5378
6130.0,1.6604,11.0244,0.4965,9.6197,30.0685,7.5378
6135.0,1.651,10.344,0.5122,8.9177,30.429,7.5411
6140.0,1.66,11.146,0.493,9.7833,30.3062,7.5279
6145.0,1.6723,11.3625,0.5042,11.2575,30.1863,7.5075
6150.0,1.679,10.5015,0.5078,11.5429,30.0,7.5014
6155.0,1.6672,10.6694,0.5046,11.026,29.9485,7.5276
6160.0,1.6652,10.7617,0.4866,9.6926,30.3493,7.5146
6165.0,1.6856,11.7822,0.501,9.9962,29.6758,7.5031
6170.0,1.6631,11.0036,0.5012,9.8951,30.1475,7.5269
6175.0,1.6653,11.0974,0.5091,9.6162,30.1268,7.5243
6180.0,1.6752,11.2805,0.4951,11.0359,29.8913,7.5146
6185.0,1.6743,11.2884,0.5143,9.1416,29.8212,7.5193
6190.0,1.6865,11.5978,0.4926,11.8223,29.8293,7.4946
6195.0,1.6803,10.9777,0.4959,10.0466,30.0051,7.498
6200.0,1.679,11.2754,0.5152,11.8167,29.9578,7.5029
6205.0,1.6687,11.0738,0.5132,10.4489,30.1602,7.5148
6210.0,1.6584,11.1349,0.5012,9.3728,30.5545,7.5189
6215.0,1.684,11.6465,0.5185,9.7209,29.9694,7.4933
6220.0,1.68,11.2755,0.4805,9.771,30.2719,7.4867
6225.0,1.6861,11.0822,0.4982,11.1589,29.7248,7.4987
6230.0,1.6756,11.2737,0.5065,10.205,29.9134,7.5116
6235.0,1.666,10.5608,0.5081,10.246,30.2166,7.5183
6240.0,1.6797,11.198,0.5073,10.893,29.7765,7.5105
6245.0,1.6794,11.0326,0.5141,11.7188,30.2013,7.4917
6250.0,1.6862,11.4324,0.512,11.8101,30.1308,7.4807
6255.0,1.6742,10.9148,0.4899,10.8124,30.3033,7.4963
6260.0,1.6794,11.4539,0.4998,9.1932,29.6943,7.5139
6265.0,1.6641,11.0605,0.5037,9.7521,30.157,7.525
6270.0,1.6703,11.5612,0.5023,10.152,30.1368,7.5136
6275.0,1.6846,11.5453,0.5153,9.8282,29.6625,7.5057
6280.0,1.6649,10.6622,0.494,9.3215,30.0708,7.5269
6285.0,1.6622,10.8009,0.5082,9.8409,30.545,7.512
6290.0,1.6689,11.8497,0.4888,11.5909,30.254,7.5106
6295.0,1.6546,10.4721,0.491,9.9322,30.7307,7.5186
6300.0,1.6808,11.1549,0.4902,10.2098,29.9668,7.4998
6305.0,1.7032,11.9176,0.5118,11.5762,29.7352,7.4655
6310.0,1.6985,11.5872,0.4998,10.6013,30.0928,7.4576
6315.0,1.7007,12.0287,0.5018,10.6352,30.1082,7.4523
6320.0,1.7035,11.6992,0.5152,10.9195,30.0209,7.4505
6325.0,1.7171,11.6941,0.5149,11.8931,29.8548,7.4323
6330.0,1.7045,11.9171,0.5152,10.7075,30.4945,7.4283
6335.0,1.7187,11.8999,0.504,11.3082,29.8437,7.4288
6340.0,1.7189,12.053,0.5183,11.9427,30.045,7.4201
6345.0,1.7075,11.5544,0.5092,11.0209,29.9134,7.4462
6350.0,1.7066,11.4758,0.5049,11.8759,30.0522,7.4432
6355.0,1.7159,11.898,0.5201,11.2016,29.8622,7.4338
6360.0,1.7164,12.1185,0.5067,10.483,29.7179,7.4386
6365.0,1.7114,11.7129,0.4969,10.5771,29.6458,7.4511
6370.0,1.7024,11.5388,0.5155,9.9826,29.7285,7.4651
6375.0,1.6923,11.5693,0.5019,11.23,30.0812,7.4699
6380.0,1.7139,11.5952,0.5027,10.7925,29.5563,7.4518
6385.0,1.6996,11.4563,0.5178,10.3631,30.0899,7.4549
6390.0,1.7008,12.2737,0.4991,10.6137,29.7017,7.4696
6395.0,1.7147,12.2588,0.5163,11.5524,29.7602,7.4415
6400.0,1.7126,11.935,0.4949,10.9918,29.862,7.4399
6405.0,1.7165,12.4045,0.5036,12.017,29.8017,7.4351
6410.0,1.716,11.9229,0.4878,11.4402,29.7462,7.4381
6415.0,1.7072,11.8361,0.4934,11.1728,29.9156,7.4475
6420.0,1.7183,11.5868,0.5067,11.4677,29.841,7.4304
6425.0,1.7075,11.9772,0.5091,11.0624,29.9852,7.4437
6430.0,1.715,11.6128,0.5135,9.8607,29.7247,7.4413
6435.0,1.7135,11.9296,0.5083,11.8541,29.8509,7.4386
6440.0,1.7207,11.6746,0.5045,10.7856,29.4743,7.4413
6445.0,1.7072,11.3638,0.5071,11.7743,29.8236,7.4516
6450.0,1.7143,11.8805,0.5033,10.9728,29.7282,7.4429
6455.0,1.715,11.7718,0.5046,11.4282,29.7482,7.4402
6460.0,1.7191,11.9088,0.4903,9.6475,29.5603,7.4406
6465.0,1.711,11.3353,0.5144,11.5101,29.5901,7.4543
6470.0,1.7052,11.6223,0.5167,10.8693,29.9043,7.4525
6475.0,1.6936,11.3972,0.4986,10.2295,30.3043,7.4571
6480.0,1.7078,11.5382,0.5213,11.5536,30.0424,7.4418
6485.0,1.6958,11.5151,0.5002,9.7336,30.194,7.4572
6490.0,1.7026,11.8579,0.5049,11.6665,30.0238,7.4522
6495.0,1.6974,11.2563,0.4917,10.8196,29.8923,7.4676
6500.0,1.7143,11.7234,0.512,12.3151,29.0838,7.4717
6505.0,1.6994,11.468,0.4879,9.9658,29.5409,7.4802
6510.0,1.7162,12.0927,0.4886,11.1869,29.124,7.4669
6515.0,1.6925,11.4125,0.4949,9.4353,29.5363,7.4936
6520.0,1.6883,10.9118,0.5082,11.3689,29.7105,7.4952
6525.0,1.6838,11.6746,0.4982,11.8546,29.7294,7.5033
6530.0,1.7042,11.759,0.5116,10.8658,29.4511,7.4762
6535.0,1.6985,11.3453,0.5076,11.5647,29.7359,7.4734
6540.0,1.6959,11.6927,0.4945,11.3435,29.9794,7.4676
6545.0,1.7075,11.8337,0.512,10.3776,29.4121,7.4701
6550.0,1.6951,11.4902,0.5059,11.0569,30.0139,7.4675
6555.0,1.6962,11.7735,0.5037,10.6673,30.0327,7.4645
6560.0,1.7305,12.1912,0.5089,13.0041,29.066,7.442
6565.0,1.7019,10.8057,0.4939,11.3007,29.7125,7.4664
6570.0,1.7016,11.2455,0.5032,9.8541,29.5302,7.476
6575.0,1.6949,12.0688,0.497,10.0755,29.6231,7.4854
6580.0,1.6814,11.1994,0.5112,10.3024,30.1878,7.4873
6585.0,1.683,12.272,0.5005,10.5535,29.9523,7.4947
6590.0,1.7017,11.9674,0.5021,10.415,29.6775,7.4707
6595.0,1.6923,12.0099,0.4979,11.5911,29.8147,7.4816
6600.0,1.7063,11.0418,0.5124,12.3335,29.1475,7.4848
6605.0,1.6928,11.625,0.4941,10.4501,29.7539,7.4841
6610.0,1.693,11.7799,0.4923,10.0095,29.7508,7.4837
6615.0,1.6985,11.4537,0.4906,9.3974,29.4648,7.4858
6620.0,1.6908,11.2101,0.5145,10.4768,29.9204,7.4806
6625.0,1.6828,11.3793,0.5017,11.019,29.5638,7.5123
6630.0,1.6885,11.476,0.5101,10.964,29.5744,7.5017
6635.0,1.6844,11.3068,0.5083,10.103,29.9403,7.493
6640.0,1.6964,11.2364,0.5087,11.3871,29.7266,7.4786
6645.0,1.7005,11.6527,0.5045,11.1666,29.6172,7.4748
6650.0,1.6926,11.4107,0.498,11.0415,29.8986,7.4775
6655.0,1.6998,11.5976,0.4954,10.3492,29.4844,7.4821
6660.0,1.6923,11.4622,0.5145,10.1604,29.6327,7.4904
6665.0,1.7016,11.9525,0.5132,11.0173,29.6466,7.4719
6670.0,1.693,11.6024,0.5111,10.9037,30.1818,7.4645
6675.0,1.7052,11.1173,0.5001,10.3265,29.647,7.464
6680.0,1.7103,11.8755,0.5074,10.6128,29.4861,7.4613
6685.0,1.7088,11.6495,0.5096,10.811,29.5515,7.4611
6690.0,1.6975,11.2217,0.5011,10.5503,29.5591,7.4826
6695.0,1.6995,11.639,0.4992,12.7798,29.5672,7.4793
6700.0,1.7004,12.0985,0.4778,11.7539,29.828,7.4658
6705.0,1.7103,11.9646,0.4967,10.9092,29.3517,7.4672
6710.0,1.7058,11.973,0.5009,11.3643,29.2605,7.4801
6715.0,1.685,11.1015,0.5023,9.9313,29.7992,7.4972
6720.0,1.6819,11.4042,0.5038,10.6963,29.6508,7.5108
6725.0,1.6782,11.7496,0.5069,10.0486,29.1859,7.5409
6730.0,1.6942,11.3171,0.4983,10.4407,29.3425,7.5023
6735.0,1.7087,11.2201,0.5152,10.6487,29.3405,7.4724
6740.0,1.7091,12.1587,0.5022,11.8033,28.9116,7.4899
6745.0,1.6937,11.9201,0.5181,12.1215,30.0084,7.4714
6750.0,1.7064,11.3552,0.4869,10.0333,29.5833,7.4648
6755.0,1.7142,11.7783,0.4953,9.5386,29.6534,7.4468
6760.0,1.7221,12.1953,0.4889,11.3125,29.1643,7.4524
6765.0,1.7059,11.7278,0.4983,10.3367,29.4755,7.4696
6770.0,1.7087,11.9933,0.5051,11.988,29.6417,7.4578
6775.0,1.706,11.8296,0.515,12.4218,29.4299,7.4717
6780.0,1.7018,11.5289,0.5059,11.8554,29.6509,7.4705
6785.0,1.7302,12.1061,0.5171,11.662,28.7715,7.4559
6790.0,1.7258,11.7741,0.4978,11.0567,28.7785,7.4631
6795.0,1.7062,11.3865,0.5239,12.0258,29.5583,7.4659
6800.0,1.7045,11.0596,0.4729,9.2384,29.4391,7.4745
6805.0,1.71,11.9568,0.4935,10.8087,29.2495,7.4728
6810.0,1.7092,11.0575,0.4876,10.0931,29.3416,7.4701
6815.0,1.7229,12.1619,0.5171,12.9589,29.29,7.4466
6820.0,1.7209,12.0568,0.5244,10.7663,29.6049,7.4357
6825.0,1.726,12.3037,0.5174,12.2449,29.6011,7.426
6830.0,1.7437,13.2022,0.5072,12.0046,29.4446,7.4006
6835.0,1.7375,12.4441,0.4976,11.431,29.2973,7.4166
6840.0,1.7218,12.4762,0.5086,11.4448,29.2525,7.4478
6845.0,1.7168,11.9583,0.5264,11.2501,29.1741,7.462
6850.0,1.7204,11.909,0.5087,11.6351,29.0044,7.4633
6855.0,1.7201,12.2482,0.5155,10.3042,29.1295,7.4585
6860.0,1.724,12.0882,0.5332,12.9896,29.3228,7.4425
6865.0,1.7126,11.7042,0.4846,10.2946,29.6391,7.4494
6870.0,1.7242,11.7068,0.5039,10.8492,29.234,7.4457
6875.0,1.727,11.9124,0.5015,11.6716,29.074,7.4472
6880.0,1.7209,11.9719,0.4943,10.3811,29.5389,7.4384
6885.0,1.7233,11.928,0.5091,12.8837,29.7137,7.4264
6890.0,1.738,12.2806,0.4989,11.0408,29.2186,7.4201
6895.0,1.7278,11.8845,0.5046,12.28,29.4699,7.4276
6900.0,1.7108,11.5282,0.51,9.8007,29.7304,7.4482
6905.0,1.7409,12.683,0.508,12.6208,29.4817,7.4049
6910.0,1.7273,12.5521,0.4837,11.4308,29.3668,7.4323
6915.0,1.7124,11.9088,0.5018,9.6002,29.7693,7.4438
6920.0,1.7377,12.789,0.5033,10.5619,29.0442,7.429
6925.0,1.7524,12.5463,0.4957,11.71,28.2755,7.4353
6930.0,1.7463,12.2341,0.5077,12.626,29.2387,7.405
6935.0,1.7334,11.7952,0.4997,12.5815,29.3823,7.4205
6940.0,1.7381,12.1765,0.5014,11.2771,29.0823,7.4255
6945.0,1.7308,11.4592,0.5091,12.3474,29.6373,7.4155
6950.0,1.7202,11.7175,0.5191,12.4915,29.9122,7.4228
6955.0,1.735,11.8106,0.4961,10.9117,29.3767,7.4187
6960.0,1.7504,13.2382,0.5156,12.4498,29.2148,7.398
6965.0,1.7617,12.8931,0.5012,11.2324,29.0298,7.3851
6970.0,1.7441,12.5132,0.514,11.2448,29.6772,7.3887
6975.0,1.7589,12.8657,0.5097,10.5032,29.0285,7.3897
6980.0,1.7553,12.8087,0.5295,13.1817,29.4591,7.3784
6985.0,1.7586,12.0117,0.5036,12.5007,29.2995,7.3786
6990.0,1.7753,13.148,0.5159,11.6667,28.9266,7.3655
6995.0,1.7721,12.6708,0.5016,12.2427,29.3232,7.3545
7000.0,1.7822,12.8239,0.505,11.9599,29.3147,7.3379
7005.0,1.7837,13.682,0.5097,13.3071,29.0946,7.3433
7010.0,1.7703,12.511,0.5022,13.2059,29.3448,7.3558
7015.0,1.7831,12.5839,0.5092,11.6158,29.1613,7.3424
7020.0,1.7968,12.9818,0.5013,11.7036,28.8239,7.3327
7025.0,1.7915,13.4429,0.4998,13.5121,29.3,7.3225
7030.0,1.7701,12.6852,0.5129,12.7844,29.5286,7.3481
7035.0,1.7822,14.0548,0.4963,13.1539,29.1795,7.3428
7040.0,1.7751,12.8242,0.495,12.0961,29.2381,7.352
7045.0,1.7709,12.9153,0.5169,14.1888,29.5122,7.3487
7050.0,1.7736,12.6499,0.4993,12.5735,29.4606,7.346
7055.0,1.7749,13.5594,0.5189,12.938,29.0101,7.3613
7060.0,1.7486,12.3437,0.5147,12.4978,29.7425,7.3774
7065.0,1.7644,13.2558,0.5238,13.4173,29.1237,7.3759
7070.0,1.7394,13.0603,0.4947,12.308,29.6406,7.3981
7075.0,1.7399,12.0059,0.5213,12.7051,29.1986,7.4164
7080.0,1.7583,12.4732,0.5036,11.8702,29.2985,7.3808
7085.0,1.7518,12.5863,0.4953,11.1778,29.1773,7.3954
7090.0,1.7424,12.2747,0.5293,11.8356,29.3743,7.4044
7095.0,1.7597,13.0604,0.5071,11.7097,29.4072,7.3737
7100.0,1.7619,12.8764,0.4986,12.3653,29.5038,7.3648
7105.0,1.7685,12.3501,0.4919,13.2367,29.0856,7.3699
7110.0,1.7765,12.5544,0.5349,14.3611,29.175,7.3533
7115.0,1.7911,13.071,0.4941,12.6851,28.7389,7.3457
7120.0,1.7794,12.9102,0.517,12.8896,29.2208,7.3456
7125.0,1.777,12.4522,0.5217,14.4137,29.172,7.3514
7130.0,1.7582,12.768,0.5145,12.6126,29.2651,7.3796
7135.0,1.759,13.2216,0.5129,13.4652,29.1692,7.3834
7140.0,1.7379,11.9846,0.5086,11.281,29.393,7.4112
7145.0,1.7467,12.689,0.4944,10.6921,29.3451,7.3989
7150.0,1.7426,12.2627,0.501,11.0776,29.82,7.3862
7155.0,1.7686,13.0465,0.4962,11.8521,29.0413,7.3725
7160.0,1.7694,13.1078,0.4894,12.2273,29.1572,7.3658
7165.0,1.7575,12.5447,0.4858,12.0574,29.4421,7.3744
7170.0,1.7667,12.4421,0.5099,12.222,29.1403,7.3712
7175.0,1.7575,12.7988,0.508,12.1897,29.3911,7.3767
7180.0,1.754,12.7225,0.5207,13.757,29.3988,7.3825
7185.0,1.7569,12.2918,0.5035,10.7416,28.9937,7.3943
7190.0,1.7606,12.9627,0.4983,12.0974,29.2129,7.3794
7195.0,1.7563,12.4879,0.5131,10.6548,29.3712,7.3798
7200.0,1.7681,12.8329,0.5143,11.9972,29.1644,7.3681
7205.0,1.7558,12.314,0.5004,10.9624,29.4742,7.3761
7210.0,1.7648,12.5363,0.501,13.3343,29.3247,7.3671
7215.0,1.7622,12.4717,0.5127,13.5845,29.3153,7.3715
7220.0,1.75,12.6545,0.5082,12.4002,29.2756,7.3941
7225.0,1.767,13.1616,0.5032,13.6374,28.8934,7.3815
7230.0,1.7654,12.8589,0.4993,12.5379,29.174,7.3724
7235.0,1.7768,13.0314,0.5152,12.4657,28.8512,7.3657
7240.0,1.743,12.4902,0.5036,9.8921,29.1797,7.4103
7245.0,1.7419,13.132,0.523,12.6711,29.2625,7.4106
7250.0,1.7535,12.297,0.5064,12.2297,29.1456,7.3952
7255.0,1.758,13.2298,0.5042,11.952,28.8898,7.3973
7260.0,1.7669,12.2581,0.5091,13.5003,28.6514,7.3918
7265.0,1.7677,13.2282,0.5216,12.384,28.9429,7.3782
7270.0,1.7653,12.3503,0.5019,12.2497,28.8092,7.3873
7275.0,1.7575,12.2517,0.4918,11.9218,28.9254,7.3963
7280.0,1.7398,12.2816,0.5057,12.3641,29.4115,7.4075
7285.0,1.73,12.0396,0.5085,11.5907,29.2574,7.4321
7290.0,1.7473,11.9623,0.4832,11.2722,29.1691,7.4059
7295.0,1.7514,12.285,0.5264,12.7366,28.8128,7.4126
7300.0,1.7383,12.1742,0.5172,13.187,29.122,7.423
7305.0,1.737,12.0162,0.5079,10.4487,29.2182,7.4217
7310.0,1.7517,11.999,0.5008,11.8326,28.9426,7.4073
7315.0,1.7419,12.3024,0.5238,13.0955,29.0925,7.4177
7320.0,1.7259,11.7867,0.5072,11.9988,29.2914,7.4385
7325.0,1.7208,11.8449,0.5052,11.9878,29.2592,7.4504
7330.0,1.7327,12.0381,0.5165,11.976,28.8101,7.4486
7335.0,1.7154,11.796,0.508,10.8465,29.3796,7.4557
7340.0,1.7208,11.6681,0.5042,10.8465,28.9198,7.4662
7345.0,1.7235,11.9164,0.5124,11.0232,29.0918,7.4538
7350.0,1.7256,12.1448,0.5144,12.5582,28.8089,7.462
7355.0,1.7079,11.8269,0.5065,11.1717,29.2654,7.4756
7360.0,1.7061,11.5199,0.4725,12.1358,28.8637,7.498
7365.0,1.6957,11.2422,0.4991,9.9544,29.1711,7.5054
7370.0,1.694,12.2436,0.4967,11.7378,29.2309,7.5063
7375.0,1.6949,11.5599,0.4876,10.7281,29.1994,7.506
7380.0,1.6945,11.5787,0.5036,11.5323,29.3294,7.5008
7385.0,1.7092,11.6273,0.505,10.2405,28.9555,7.4889
7390.0,1.7119,11.4954,0.5056,12.5053,29.2251,7.4708
7395.0,1.7003,12.499,0.4961,10.4444,29.6116,7.4752
7400.0,1.7105,12.3279,0.5148,11.3625,29.1742,7.4752
7405.0,1.7238,12.4043,0.5085,11.4956,29.0151,7.4571
7410.0,1.7122,12.014,0.5066,11.9997,29.3039,7.4654
7415.0,1.7234,11.9953,0.5141,12.0541,29.1364,7.4521
7420.0,1.7245,12.3565,0.5117,11.5086,28.623,7.4725
7425.0,1.7171,12.0541,0.5155,12.425,29.2498,7.4592
7430.0,1.7112,11.8719,0.5092,10.4469,29.6385,7.4527
7435.0,1.7237,11.4327,0.5151,13.2449,29.011,7.4566
7440.0,1.7285,12.36,0.5047,10.2478,29.0175,7.4475
7445.0,1.7309,11.9965,0.5008,10.501,29.3901,7.4267
7450.0,1.7268,12.1484,0.5117,10.35,29.2903,7.4373
7455.0,1.7141,11.9213,0.4976,10.3421,29.1866,7.4662
7460.0,1.7216,11.6972,0.5158,11.2622,29.0685,7.4584
7465.0,1.708,11.7022,0.5192,11.5464,29.6425,7.4586
7470.0,1.7233,11.064,0.4882,12.9442,29.2413,7.4473
7475.0,1.7227,11.6397,0.5026,12.1197,29.2606,7.4472
7480.0,1.704,11.7039,0.4675,9.8787,29.3952,7.4766
7485.0,1.7203,11.5767,0.4997,10.2114,28.9866,7.4651
7490.0,1.7245,11.8127,0.5171,12.2054,29.0022,7.456
7495.0,1.7311,12.5371,0.4979,13.0195,29.3996,7.4262
7500.0,1.7244,11.9411,0.5034,10.6229,29.2366,7.4441
7505.0,1.7421,11.8216,0.4954,10.5815,28.7092,7.4355
7510.0,1.7219,11.7315,0.4918,11.8562,29.174,7.4519
7515.0,1.7247,12.4709,0.5216,12.218,29.3241,7.4409
7520.0,1.7392,11.699,0.4985,12.6026,28.84,7.4349
7525.0,1.7373,12.8703,0.5037,10.9261,28.6662,7.4458
7530.0,1.7061,11.8648,0.4948,11.0149,29.2108,7.4808
7535.0,1.6971,11.8725,0.4931,10.4715,29.3617,7.493
7540.0,1.7153,11.7699,0.5185,12.4288,28.7656,7.4855
7545.0,1.7095,11.8629,0.5008,11.5967,29.1351,7.4795
7550.0,1.6973,11.858,0.4959,11.982,29.3792,7.4918
7555.0,1.7032,12.0689,0.506,10.846,29.1454,7.4914
7560.0,1.7083,11.3939,0.485,9.0371,29.6248,7.4603
7565.0,1.7074,11.9276,0.5057,12.3063,29.5168,7.4653
7570.0,1.7101,12.1552,0.5015,11.6173,29.7263,7.4513
7575.0,1.7359,12.0714,0.4886,11.1302,28.5829,7.4528
7580.0,1.7136,11.5099,0.4979,11.4337,29.0641,7.4733
7585.0,1.7065,11.3431,0.493,9.8614,29.0339,7.4893
7590.0,1.7037,12.0131,0.514,10.2995,29.0764,7.4935
7595.0,1.7143,12.1412,0.4861,10.1948,29.051,7.4744
7600.0,1.701,11.553,0.504,12.7394,29.0971,7.4972
7605.0,1.6973,10.5655,0.497,10.7712,29.3229,7.4951
7610.0,1.7065,12.1959,0.5009,10.918,29.1748,7.4839
7615.0,1.7204,11.717,0.5038,11.3029,28.6911,7.4786
7620.0,1.7075,11.9182,0.5133,10.5497,29.0862,7.4852
7625.0,1.6829,11.3236,0.5028,11.5734,29.3506,7.5222
7630.0,1.6825,11.2893,0.4908,10.06,29.7148,7.5079
7635.0,1.6978,10.8583,0.4967,11.0083,29.0365,7.5079
7640.0,1.7008,11.6806,0.5021,10.8995,29.2551,7.4919
7645.0,1.7047,11.6118,0.5222,12.6622,28.8489,7.5024
7650.0,1.7033,11.9782,0.5109,10.8676,29.0691,7.4952
7655.0,1.6959,11.9552,0.5078,11.0354,29.2864,7.4995
7660.0,1.6901,11.5249,0.4919,11.2663,29.276,7.5118
7665.0,1.708,11.5893,0.4956,11.5852,29.1171,7.4843
7670.0,1.71,12.1067,0.4984,10.0681,28.9921,7.485
7675.0,1.694,11.2413,0.5109,10.302,29.2941,7.5025
7680.0,1.6945,11.4315,0.531,11.7925,29.3668,7.499
7685.0,1.6951,11.3687,0.5098,10.4526,28.9756,7.5157
7690.0,1.6953,11.5528,0.4969,11.4256,29.3371,7.4993
7695.0,1.6973,11.6919,0.5,11.926,29.5876,7.4833
7700.0,1.7148,12.1375,0.5153,12.2581,29.1748,7.4675
7705.0,1.7201,12.0386,0.4925,10.9722,29.0518,7.4622
7710.0,1.6963,11.8041,0.4982,9.6696,29.8213,7.4733
7715.0,1.7044,11.7678,0.5045,11.3642,29.0665,7.4919
7720.0,1.709,11.7008,0.5062,9.8389,29.1477,7.4801
7725.0,1.7092,12.3898,0.5038,10.702,29.259,7.4742
7730.0,1.6992,11.7123,0.5243,11.9212,29.1124,7.5
7735.0,1.6951,11.7734,0.5177,11.3085,29.2667,7.5022
7740.0,1.697,11.4154,0.5136,9.5467,29.1118,7.5058
7745.0,1.6915,11.0039,0.5043,10.51,29.2931,7.5084
7750.0,1.6928,11.1743,0.4962,9.4562,29.1507,7.5127
7755.0,1.6796,11.3417,0.5103,11.0896,29.7828,7.5101
7760.0,1.6875,11.8605,0.5036,9.3727,29.1892,7.5216
7765.0,1.6909,11.5053,0.5133,10.8716,29.2792,7.5111
7770.0,1.693,11.2898,0.5055,10.3768,29.5596,7.4936
7775.0,1.6975,11.1617,0.5058,11.1835,29.1735,7.5015
7780.0,1.6904,11.1061,0.5199,10.7371,29.2388,7.513
7785.0,1.7002,11.7119,0.5159,10.5746,28.8677,7.5114
7790.0,1.6899,11.7737,0.4947,10.5696,29.3746,7.5082
7795.0,1.6947,11.6232,0.4883,9.5617,29.4185,7.4964
7800.0,1.702,11.458,0.5127,12.0244,29.445,7.4803
7805.0,1.7022,11.6842,0.4991,9.8857,29.1638,7.4921
7810.0,1.6992,11.5781,0.5099,11.0347,28.9759,7.5072
7815.0,1.6935,11.4705,0.5101,10.9121,29.3914,7.5
7820.0,1.6972,11.6283,0.4984,10.4485,29.2055,7.5008
7825.0,1.7021,11.0441,0.5131,11.2415,29.1401,7.4943
7830.0,1.7043,11.5244,0.51,10.4082,29.0399,7.4942
7835.0,1.7049,11.5299,0.5002,11.9271,29.1134,7.4898
7840.0,1.7059,12.1722,0.486,10.1345,29.2476,7.4814
7845.0,1.6963,11.1324,0.5007,10.5195,29.3987,7.4929
7850.0,1.695,11.6173,0.4873,9.5726,29.3864,7.4965
7855.0,1.7089,11.5789,0.5218,11.9891,29.025,7.486
7860.0,1.679,10.9292,0.5006,11.3117,29.8065,7.5091
7865.0,1.6881,11.3949,0.5094,11.2491,29.1583,7.5218
7870.0,1.6825,11.4792,0.4899,10.7313,29.2201,7.5309
7875.0,1.7037,11.9152,0.5244,12.2817,28.8228,7.5073
7880.0,1.6905,11.4352,0.5292,11.3814,28.8576,7.5312
7885.0,1.6705,10.922,0.4981,9.3151,29.2276,7.556
7890.0,1.6702,11.1951,0.5126,8.846,29.2191,7.5583
7895.0,1.6612,10.6733,0.4938,9.2257,29.5,7.564
7900.0,1.6632,11.3774,0.5007,9.6762,29.2201,7.5737
7905.0,1.6586,10.7985,0.4993,10.4518,29.1737,7.5866
7910.0,1.6474,10.3722,0.5163,11.0341,29.2488,7.6083
7915.0,1.6372,10.5591,0.4977,8.4543,29.4705,7.6214
7920.0,1.651,10.4097,0.5043,9.5872,29.4022,7.5941
7925.0,1.6571,10.6796,0.4966,9.1762,28.9475,7.6023
7930.0,1.6651,10.744,0.5165,9.5437,29.3,7.5674
7935.0,1.6527,10.4625,0.4959,9.6614,29.4524,7.5853
7940.0,1.6472,10.1834,0.5019,9.5851,29.3773,7.6021
7945.0,1.6654,10.9869,0.5082,9.7193,28.9123,7.5861
7950.0,1.6482,10.5947,0.4823,8.4761,29.6898,7.5845
7955.0,1.6512,10.6537,0.5217,11.8139,29.2141,7.6014
7960.0,1.6337,10.1969,0.4935,9.5601,29.8529,7.6099
7965.0,1.6418,10.7687,0.506,8.6976,29.6572,7.6015
7970.0,1.6456,10.4973,0.5007,8.8652,29.4144,7.6048
7975.0,1.6469,10.324,0.5188,10.8647,29.2452,7.6105
7980.0,1.6519,10.868,0.5168,9.9758,28.9157,7.6166
7985.0,1.631,10.2807,0.4969,11.7061,29.6908,7.6251
7990.0,1.6477,10.7929,0.4894,11.5542,29.5508,7.5942
7995.0,1.6517,10.7966,0.4959,10.0796,28.8137,7.6215
8000.0,1.6323,10.2204,0.4807,9.9192,29.7764,7.6179
8005.0,1.6504,11.1427,0.5031,9.29,29.1718,7.6069
8010.0,1.6488,11.0666,0.5072,11.1305,29.1829,7.6096
8015.0,1.6475,10.1898,0.4911,9.3055,29.3491,7.6042
8020.0,1.6546,10.5444,0.4957,9.3306,29.2272,7.5941
8025.0,1.6473,10.4525,0.5117,9.1271,29.417,7.6004
8030.0,1.6404,10.7415,0.497,10.3306,29.6741,7.6033
8035.0,1.6526,10.6878,0.5056,10.2033,29.2103,7.5995
8040.0,1.6619,11.0955,0.4886,10.58,29.4669,7.566
8045.0,1.648,10.685,0.4875,10.4046,29.4727,7.5946
8050.0,1.6462,10.5404,0.5136,11.1189,29.7102,7.5882
8055.0,1.6533,11.2663,0.5115,10.2754,29.4177,7.5866
8060.0,1.6416,10.4438,0.5076,9.8217,29.8807,7.5899
8065.0,1.6711,11.1341,0.5105,8.5948,29.6228,7.5385
8070.0,1.6752,11.1994,0.5016,10.0462,29.2576,7.5449
8075.0,1.6674,10.5331,0.5004,9.8047,29.4048,7.5548
8080.0,1.6645,10.5742,0.5106,10.4157,29.4649,7.5585
8085.0,1.6642,10.4786,0.5077,10.5784,29.5941,7.5529
8090.0,1.6635,11.0674,0.5071,9.2351,29.5067,7.5585
8095.0,1.6736,11.6172,0.4951,9.9536,29.0953,7.5573
8100.0,1.6659,11.2405,0.5174,10.4248,29.5669,7.5506
8105.0,1.6543,10.376,0.5027,9.5385,29.815,7.5632
8110.0,1.6581,11.3642,0.5001,9.9932,29.5735,7.5673
8115.0,1.672,10.5455,0.4751,9.5737,29.5579,7.5388
8120.0,1.6628,11.1144,0.4985,10.2057,29.4564,7.5617
8125.0,1.6768,11.4845,0.5026,10.7574,29.3543,7.538
8130.0,1.6805,11.3409,0.4995,10.3885,29.6189,7.5171
8135.0,1.6895,11.6668,0.4966,11.1573,29.341,7.5108
8140.0,1.6804,11.4804,0.5199,10.4746,29.6843,7.513
8145.0,1.6904,11.1128,0.5159,10.1348,29.049,7.5225
8150.0,1.6831,11.4666,0.4939,8.2281,29.4535,7.5188
8155.0,1.6857,11.0184,0.5143,10.072,29.3327,7.5189
8160.0,1.6996,11.8848,0.4945,10.1185,29.0922,7.5022
8165.0,1.705,12.0652,0.5113,11.1657,29.3591,7.4788
8170.0,1.7107,11.8179,0.4881,12.4012,29.1479,7.4763
8175.0,1.7028,11.6719,0.5082,11.7309,29.6739,7.4679
8180.0,1.7211,12.3249,0.5019,10.4878,29.0266,7.4613
8185.0,1.7117,12.0451,0.5105,11.924,29.3435,7.4649
8190.0,1.6947,11.9397,0.4951,10.4354,29.7656,7.479
8195.0,1.7019,11.7003,0.5157,11.0802,29.606,7.4728
8200.0,1.7088,11.6716,0.4969,11.4177,29.216,7.4766
8205.0,1.7097,11.4904,0.5005,9.7934,29.308,7.4708
8210.0,1.7173,11.4851,0.5113,10.342,29.2609,7.4582
8215.0,1.7046,11.8674,0.5209,10.6647,29.5524,7.469
8220.0,1.7093,11.8651,0.5157,11.8799,28.9323,7.4883
8225.0,1.6982,11.3692,0.4932,11.392,29.4157,7.4888
8230.0,1.6897,11.3252,0.4898,11.0131,29.4962,7.502
8235.0,1.7054,12.0838,0.5041,9.9969,29.1448,7.4877
8240.0,1.7016,11.5186,0.5115,10.2952,29.4159,7.4821
8245.0,1.7005,11.6504,0.5102,11.7583,29.7656,7.4686
8250.0,1.7087,12.0986,0.5035,11.0652,29.385,7.469
8255.0,1.716,12.0412,0.5077,11.4651,29.2592,7.4608
8260.0,1.6955,11.5711,0.5065,10.9682,29.946,7.4693
8265.0,1.7306,11.9403,0.5183,10.4871,29.1167,7.4397
8270.0,1.7155,11.9107,0.5204,10.9084,29.4922,7.4502
8275.0,1.7121,11.6788,0.5164,11.0614,29.7924,7.4441
8280.0,1.7161,12.4952,0.4965,10.3475,29.6751,7.4415
8285.0,1.7309,11.9611,0.5042,11.372,29.2679,7.4315
8290.0,1.7215,12.1192,0.5082,12.2924,29.3706,7.4439
8295.0,1.7303,12.3439,0.508,10.914,29.2698,7.4327
8300.0,1.7289,12.1657,0.5111,10.5133,29.3172,7.4326
8305.0,1.7333,12.3026,0.5258,12.3033,29.7708,7.4058
8310.0,1.7308,12.0271,0.5254,11.6174,29.8822,7.4046
8315.0,1.7331,11.9175,0.5132,11.8048,29.919,7.399
8320.0,1.7494,12.3197,0.5072,11.2279,29.29,7.3958
8325.0,1.7595,12.8759,0.5144,13.6888,29.3829,7.3747
8330.0,1.7468,12.2703,0.524,12.4987,29.3277,7.3977
8335.0,1.7464,12.0651,0.4939,10.6105,29.7878,7.3809
8340.0,1.7571,12.4889,0.516,13.9506,29.4633,7.3748
8345.0,1.7607,12.8743,0.5004,10.1285,29.598,7.3632
8350.0,1.7799,12.5353,0.4952,11.9791,28.9866,7.3547
8355.0,1.7606,12.3753,0.5193,12.0149,29.4668,7.3677
8360.0,1.7499,12.6933,0.5203,12.0265,29.8126,7.3727
8365.0,1.751,12.3935,0.5198,11.2123,29.1524,7.3976
8370.0,1.7397,12.3199,0.49,9.854,29.0514,7.4229
8375.0,1.7403,11.3852,0.4935,12.1263,29.2672,7.4139
8380.0,1.7223,11.7334,0.5181,11.6371,29.5848,7.4326
8385.0,1.7248,11.9759,0.516,11.9478,29.5325,7.431
8390.0,1.733,12.2539,0.514,12.3983,29.0335,7.4373
8395.0,1.7314,12.4044,0.5055,11.5905,29.4955,7.4208
8400.0,1.7516,12.4817,0.5275,12.4584,29.3373,7.3909
8405.0,1.7562,12.3513,0.524,13.5215,29.0633,7.3929
8410.0,1.7414,12.2861,0.5264,12.3696,29.4846,7.4016
8415.0,1.734,12.2889,0.5083,11.9981,29.9343,7.3966
8420.0,1.747,12.2446,0.4942,10.7433,29.6272,7.3863
8425.0,1.7703,13.1931,0.5186,12.302,28.9473,7.3734
8430.0,1.7498,12.6343,0.5165,10.8653,29.416,7.3888
8435.0,1.7346,12.0984,0.5023,12.0507,29.7569,7.4022
8440.0,1.7424,12.8064,0.5058,11.7915,29.5611,7.3972
8445.0,1.7621,13.0867,0.5222,12.7584,29.1206,7.3808
8450.0,1.7612,12.6473,0.5006,12.445,29.2383,7.3768
8455.0,1.76,12.8586,0.5133,12.9474,29.8289,7.3556
8460.0,1.7678,13.2324,0.5104,12.6722,29.2135,7.3656
8465.0,1.7616,12.5577,0.5195,13.1828,29.7188,7.3567
8470.0,1.7867,12.9207,0.5067,11.3614,29.0162,7.3422
8475.0,1.7896,13.6486,0.5093,12.8773,28.9391,7.3398
8480.0,1.7941,13.3218,0.5023,13.2181,29.4267,7.3141
8485.0,1.7819,13.1112,0.5142,13.301,29.2567,7.3389
8490.0,1.7904,13.1823,0.4948,13.6777,29.426,7.3199
8495.0,1.7952,12.8159,0.5306,13.4954,29.4378,7.311
8500.0,1.782,13.3545,0.4968,13.2526,29.433,7.3318
8505.0,1.7765,12.8277,0.5106,11.9583,29.4006,7.3429
8510.0,1.7639,12.8614,0.527,13.8898,29.4272,7.3632
8515.0,1.7894,13.1988,0.5023,14.25,29.5701,7.3172
8520.0,1.7973,13.5482,0.5138,14.1976,28.9074,7.3276
8525.0,1.7789,13.5773,0.5043,11.3016,28.9485,7.3565
8530.0,1.7596,13.146,0.518,13.0772,29.5071,7.3678
8535.0,1.7613,12.5912,0.5095,12.5161,29.5613,7.3633
8540.0,1.7445,12.0327,0.5303,12.5396,29.5303,7.393
8545.0,1.7777,13.3465,0.4957,12.6984,28.8827,7.3638
8550.0,1.7721,12.9091,0.5204,12.019,29.2403,7.3577
8555.0,1.7652,12.6736,0.4853,12.3977,29.2599,7.3682
8560.0,1.7628,13.0553,0.5125,12.7385,29.6122,7.3589
8565.0,1.7564,12.4708,0.5081,11.0642,29.4685,7.3749
8570.0,1.7724,12.6865,0.5266,12.4937,28.8985,7.3713
8575.0,1.7447,11.965,0.4926,11.786,29.3282,7.4012
8580.0,1.7411,12.6461,0.5218,12.9412,29.0835,7.4191
8585.0,1.7403,12.2401,0.5059,11.446,29.2174,7.4158
8590.0,1.7524,12.7264,0.5162,12.0226,29.3845,7.3874
8595.0,1.767,12.4159,0.5372,12.1452,29.1729,7.37
8600.0,1.7543,12.3942,0.5278,12.6757,29.1363,7.3924
8605.0,1.7445,12.4358,0.5126,12.1425,29.4955,7.3957
8610.0,1.7585,12.5511,0.5172,13.0885,28.6697,7.4057
8615.0,1.7459,12.5408,0.4919,11.6484,29.4412,7.396
8620.0,1.7433,12.4864,0.5024,11.707,28.9993,7.4187
8625.0,1.7233,11.9505,0.526,11.6351,29.6937,7.4264
8630.0,1.7422,12.3646,0.5042,13.7803,28.9539,7.4239
8635.0,1.7601,13.0797,0.5269,12.6549,28.7318,7.4015
8640.0,1.7623,12.6434,0.5052,11.6369,28.9111,7.3892
8645.0,1.7628,13.0381,0.5133,12.0648,29.1059,7.3798
8650.0,1.7768,12.9309,0.5174,13.9951,28.7752,7.3691
8655.0,1.7631,13.1742,0.5194,12.999,29.0008,7.3827
8660.0,1.7649,13.0431,0.5034,12.4221,29.1262,7.3751
8665.0,1.7791,13.4951,0.5172,12.0567,28.8614,7.3616
8670.0,1.7823,13.1994,0.5236,14.3463,29.1593,7.344
8675.0,1.7877,13.7719,0.5271,13.8786,28.9869,7.3412
8680.0,1.7866,13.3369,0.5005,11.7569,28.7182,7.3534
8685.0,1.7699,12.4479,0.5091,11.5034,28.8977,7.3747
8690.0,1.7431,12.6344,0.5108,12.6045,29.3579,7.4031
8695.0,1.7494,12.6366,0.5254,12.4546,29.2593,7.3973
8700.0,1.7532,12.5669,0.5073,13.2235,28.9922,7.4015
8705.0,1.7768,13.1262,0.5051,13.352,28.6941,7.3733
8710.0,1.7733,12.8457,0.4966,12.7895,28.9817,7.3664
8715.0,1.7892,13.0626,0.5202,13.1652,29.3002,7.3277
8720.0,1.8024,13.0935,0.5132,14.4527,28.8767,7.321
8725.0,1.7949,12.6903,0.5161,13.5468,28.8569,7.3336
8730.0,1.7813,12.6994,0.518,14.333,28.9096,7.3542
8735.0,1.774,13.0144,0.5239,13.15,28.7176,7.3752
8740.0,1.7627,12.7085,0.5009,12.3162,28.8778,7.3888
8745.0,1.763,12.8172,0.5033,11.2813,28.9161,7.3873
8750.0,1.7564,12.9689,0.473,11.716,29.3798,7.3797
8755.0,1.7697,12.3191,0.509,11.8616,29.0812,7.3687
8760.0,1.7723,13.0983,0.5145,12.6962,29.2083,7.3588
8765.0,1.7766,12.971,0.5073,12.4593,28.4843,7.3805
8770.0,1.7651,12.999,0.518,12.6063,28.9029,7.3839
8775.0,1.7559,13.0356,0.5007,12.6478,29.0144,7.3953
8780.0,1.734,12.5373,0.4901,10.5111,29.1026,7.431
8785.0,1.7402,12.1341,0.5277,12.0763,29.0192,7.4249
8790.0,1.7444,12.2018,0.5066,11.9806,29.0822,7.4145
8795.0,1.7513,12.4136,0.4946,11.0632,28.8382,7.4121
8800.0,1.7539,12.648,0.4983,12.5896,29.0205,7.3998
8805.0,1.7545,12.5,0.5125,12.4133,28.9035,7.4029
8810.0,1.7515,11.8834,0.5194,11.9701,28.8749,7.4096
8815.0,1.7495,12.3078,0.5004,11.7519,28.9027,7.4122
8820.0,1.739,12.1289,0.5205,12.4917,28.6621,7.4419
8825.0,1.7283,11.4608,0.5039,10.7622,28.6424,7.464
8830.0,1.7202,11.6085,0.4997,12.5126,28.8037,7.473
8835.0,1.7217,12.1317,0.5185,11.911,28.9072,7.4659
8840.0,1.7396,12.1109,0.5087,12.024,28.3924,7.4553
8845.0,1.7235,12.4061,0.5111,12.2258,29.2037,7.4486
8850.0,1.7349,12.6725,0.4946,10.7488,28.6286,7.4525
8855.0,1.7204,12.0236,0.5141,12.9669,28.9017,7.4677
8860.0,1.7221,11.5883,0.5004,10.1728,28.4445,7.4861
8865.0,1.7105,11.3954,0.5021,9.677,28.7865,7.4936
8870.0,1.7112,12.06,0.5195,12.5513,28.2974,7.5159
8875.0,1.6951,11.1465,0.5053,10.6511,28.9094,7.5196
8880.0,1.7189,12.2984,0.5066,11.5579,28.0825,7.5121
8885.0,1.7092,12.1491,0.5022,10.7994,28.769,7.498
8890.0,1.7252,12.046,0.4866,12.1524,28.4209,7.4826
8895.0,1.7257,12.019,0.5238,11.0305,28.4764,7.4784
8900.0,1.7231,11.8419,0.5035,10.0777,28.5374,7.4804
8905.0,1.733,11.8528,0.5018,9.941,28.4113,7.4675
8910.0,1.7285,11.7185,0.5054,11.9651,28.5318,7.4699
8915.0,1.7284,12.1848,0.5077,11.3035,28.588,7.4674
8920.0,1.7296,11.9676,0.5051,10.4998,28.9271,7.4498
8925.0,1.7421,12.8643,0.5169,11.5363,28.4256,7.4483
8930.0,1.7461,12.8324,0.5138,13.0563,28.6661,7.4302
8935.0,1.7533,12.6824,0.509,11.1938,27.9416,7.4488
8940.0,1.7425,12.8122,0.5151,11.9457,28.4379,7.447
8945.0,1.7521,12.4632,0.5271,14.5267,28.5493,7.4245
8950.0,1.7365,12.63,0.5276,11.1062,28.9308,7.4351
8955.0,1.7421,12.867,0.5035,11.413,28.3874,7.4494
8960.0,1.7345,12.7382,0.5254,12.27,28.8977,7.4413
8965.0,1.725,12.2294,0.4985,11.4508,28.4928,7.477
8970.0,1.74,11.8751,0.4972,12.64,28.2716,7.4605
8975.0,1.7412,12.8467,0.5146,11.6313,28.0949,7.4657
8980.0,1.734,12.4027,0.5127,10.8244,28.1953,7.4749
8985.0,1.7296,11.9136,0.4969,9.5002,28.5245,7.4683
8990.0,1.7243,12.2025,0.4966,11.3091,28.4977,7.4795
8995.0,1.7247,11.9227,0.5042,10.4508,28.5159,7.4783
9000.0,1.7211,12.164,0.5132,11.2827,28.2414,7.4982
9005.0,1.722,12.2437,0.4975,11.3926,28.4877,7.4857
9010.0,1.7175,11.8235,0.5037,11.6806,28.0744,7.5137
9015.0,1.7155,12.2633,0.4929,11.739,27.7051,7.5376
9020.0,1.7097,11.9588,0.5125,12.0093,28.0701,7.532
9025.0,1.6918,11.0139,0.503,11.0141,28.3392,7.5553
9030.0,1.6817,11.0365,0.5013,8.9282,28.3072,7.5795
9035.0,1.6667,11.5832,0.4898,9.1038,28.2734,7.6155
9040.0,1.6759,10.9122,0.5057,10.5294,27.941,7.6145
9045.0,1.6699,11.048,0.4979,10.8906,28.2065,7.6135
9050.0,1.6627,10.8523,0.5,11.046,28.1845,7.6312
9055.0,1.6757,10.9756,0.5022,11.0704,28.0339,7.6107
9060.0,1.6632,11.235,0.4961,8.3018,28.5153,7.612
9065.0,1.6868,11.0911,0.5028,9.7338,27.8847,7.5933
9070.0,1.6682,10.68,0.5108,9.6977,28.7406,7.5883
9075.0,1.6714,10.4631,0.4995,10.3145,28.0363,7.6183
9080.0,1.6638,10.8937,0.5078,10.6988,28.2174,7.6271
9085.0,1.657,10.6129,0.5149,10.1782,28.1203,7.6484
9090.0,1.6412,10.3809,0.4855,8.7722,28.5906,7.6608
9095.0,1.6566,10.6499,0.5204,9.3827,27.8724,7.6649
9100.0,1.6551,10.2804,0.477,9.4194,27.7066,7.6783
9105.0,1.6335,10.2602,0.4765,8.7023,28.2806,7.6986
9110.0,1.6298,10.135,0.486,8.285,28.1913,7.7139
9115.0,1.6131,10.0133,0.4967,9.5513,28.1246,7.7622
9120.0,1.6191,9.6229,0.5016,8.3484,27.8687,7.7644
9125.0,1.6136,9.9134,0.4804,7.3407,27.9194,7.7761
9130.0,1.6103,9.8232,0.508,10.301,27.9323,7.7848
9135.0,1.6106,9.9992,0.505,8.4591,27.8669,7.7887
9140.0,1.606,10.0667,0.5063,7.4469,27.906,7.7991
9145.0,1.615,10.0041,0.4855,9.0323,27.6749,7.7893
9150.0,1.6119,9.7182,0.498,8.1693,27.5839,7.8034
9155.0,1.5976,9.6723,0.5027,8.3644,28.1224,7.8096
9160.0,1.5998,9.9878,0.5087,8.717,27.9174,7.8167
9165.0,1.6019,9.8885,0.4819,8.6386,27.9668,7.8079
9170.0,1.6051,10.3854,0.5127,9.3931,27.8697,7.8046
9175.0,1.6007,9.8758,0.4908,9.299,27.3486,7.8516
9180.0,1.5865,10.2323,0.4917,8.377,27.7329,7.8697
9185.0,1.5753,9.8506,0.5075,8.5468,28.0857,7.881
9190.0,1.5849,9.1528,0.4918,8.8364,27.7433,7.8754
9195.0,1.5709,9.2241,0.4974,7.698,27.8619,7.9102
9200.0,1.5638,9.3843,0.4813,6.6807,27.7125,7.9454
9205.0,1.5676,9.3703,0.5144,7.708,27.6081,7.9422
9210.0,1.5559,8.7775,0.4926,8.755,27.8819,7.9613
9215.0,1.5661,9.1916,0.504,7.8098,27.4502,7.9593
9220.0,1.556,8.9521,0.5054,6.6668,27.8117,7.9669
9225.0,1.562,9.4493,0.498,7.4645,27.3969,7.9771
9230.0,1.5571,9.0783,0.5113,7.3065,27.4536,7.9901
9235.0,1.5649,9.2002,0.4988,7.9081,27.6114,7.953
9240.0,1.5711,9.3605,0.4847,8.5608,27.1475,7.9647
9245.0,1.5502,8.832,0.5089,7.6373,27.9528,7.9766
9250.0,1.5512,9.3672,0.5063,7.853,27.6809,7.9937
9255.0,1.553,9.1406,0.4939,6.8253,27.4482,8.0056
9260.0,1.5591,9.0846,0.499,7.597,27.5352,7.9786
9265.0,1.5588,9.353,0.4827,7.7887,27.4143,7.9874
9270.0,1.5603,8.717,0.5183,8.3655,27.4428,7.9805
9275.0,1.5506,8.6949,0.5178,8.3607,27.917,7.9786
9280.0,1.5567,8.6884,0.4905,8.2354,26.9473,8.0301
9285.0,1.5442,8.5816,0.4879,7.578,27.5873,8.028
9290.0,1.5568,9.034,0.515,5.8476,27.1346,8.0177
9295.0,1.5517,9.3752,0.4822,8.2895,27.2324,8.0276
9300.0,1.5411,9.3267,0.4843,7.406,27.4641,8.0483
9305.0,1.5434,8.4765,0.5098,8.9402,27.2623,8.0566
9310.0,1.53,8.6654,0.5057,7.9796,27.3817,8.0982
9315.0,1.536,8.6565,0.5045,7.8765,27.1776,8.0934
9320.0,1.5445,8.2078,0.482,7.0289,26.8721,8.0859
9325.0,1.5298,8.4899,0.5024,7.0625,27.3583,8.102
9330.0,1.5273,8.8548,0.4889,7.2684,27.4809,8.1031
9335.0,1.5413,8.6781,0.4966,8.2432,27.2702,8.0665
9340.0,1.5384,8.7972,0.4868,7.0397,27.5038,8.0574
9345.0,1.5425,9.1198,0.4896,7.2836,27.3171,8.0561
9350.0,1.5541,9.0189,0.4945,6.1495,26.7737,8.0571
9355.0,1.5498,8.7814,0.5087,8.6559,26.891,8.0631
9360.0,1.5468,9.226,0.4871,6.9147,26.9905,8.0664
9365.0,1.5411,8.432,0.4966,5.7963,26.9417,8.0916
9370.0,1.5483,8.7223,0.4884,7.7882,26.6615,8.0889
9375.0,1.5454,8.6636,0.5042,8.7988,26.8025,8.0879
9380.0,1.5441,9.0266,0.5021,7.3002,27.0313,8.0744
9385.0,1.5463,8.8419,0.4929,8.9724,27.1459,8.0567
9390.0,1.5503,9.2614,0.4859,8.0411,26.8239,8.0667
9395.0,1.5582,8.7773,0.5073,8.4057,26.6752,8.0509
9400.0,1.5665,8.7911,0.5053,8.4987,26.6052,8.0264
9405.0,1.5674,9.2762,0.513,8.0742,26.6656,8.0174
9410.0,1.5548,8.9665,0.4998,7.7775,26.9123,8.0414
9415.0,1.5443,9.0175,0.4971,7.0803,26.9922,8.0742
9420.0,1.5406,9.2633,0.4885,6.8695,26.9925,8.0897
9425.0,1.5462,8.8042,0.4846,7.8603,26.6813,8.0949
9430.0,1.5525,9.0172,0.4838,8.8684,26.3673,8.0979
9435.0,1.5473,8.726,0.4706,7.7671,26.6075,8.0972
9440.0,1.5374,8.9077,0.4935,7.2684,26.9696,8.105
9445.0,1.5335,8.8179,0.4896,8.904,27.059,8.113
9450.0,1.5393,8.9489,0.4829,8.691,26.8062,8.1117
9455.0,1.5504,9.3086,0.4762,8.0193,26.4138,8.1027
9460.0,1.5339,8.9419,0.4905,6.8595,27.0816,8.1097
9465.0,1.5367,8.5247,0.4835,8.4196,26.7762,8.124
9470.0,1.5313,8.4125,0.4943,8.1028,26.7145,8.1513
9475.0,1.5227,8.6301,0.5061,8.015,26.5538,8.2014
9480.0,1.5217,8.1718,0.4971,6.9212,26.4704,8.2156
9485.0,1.5192,8.1644,0.5025,6.5608,26.677,8.2084
9490.0,1.5236,7.4595,0.4924,7.384,26.5188,8.2036
9495.0,1.5289,8.3467,0.5054,8.056,26.2058,8.2092
9500.0,1.5051,8.2069,0.4856,7.3572,27.3659,8.2095
9505.0,1.5125,8.0565,0.4728,7.9637,26.7587,8.2297
9510.0,1.5109,8.3799,0.4905,7.3764,26.6391,8.2481
9515.0,1.5125,8.0237,0.495,6.8759,26.4333,8.2608
9520.0,1.5087,8.5477,0.4869,8.2872,26.3245,8.2882
9525.0,1.5022,7.9783,0.49,8.1839,26.5625,8.2973
9530.0,1.5072,7.9002,0.4744,5.6425,26.462,8.2842
9535.0,1.5017,8.0721,0.4892,7.569,26.7108,8.2859
9540.0,1.4982,7.6917,0.4994,6.4889,26.6231,8.3104
9545.0,1.4996,8.1464,0.4971,6.2922,26.4865,8.3177
9550.0,1.5074,9.3257,0.4819,6.7447,26.3077,8.2987
9555.0,1.5103,8.0229,0.4943,6.7798,25.9897,8.3142
9560.0,1.4945,7.8747,0.4877,7.6831,26.6464,8.3272
9565.0,1.4996,8.3256,0.4828,6.3885,26.2262,8.3431
9570.0,1.4871,7.8789,0.4804,6.3915,26.4387,8.3845
9575.0,1.4814,8.6201,0.4922,7.65,26.7589,8.385
9580.0,1.4924,8.3271,0.4845,7.2907,25.9989,8.4034
9585.0,1.4814,8.0578,0.4881,6.1922,26.1468,8.4458
9590.0,1.4838,8.4609,0.4919,7.745,26.098,8.4404
9595.0,1.4827,7.8733,0.4983,6.7824,26.0391,8.4517
9600.0,1.486,7.6712,0.4868,7.2921,25.7492,8.465
9605.0,1.4798,7.765,0.4971,5.3454,26.1402,8.4582
9610.0,1.4766,7.4066,0.4968,7.8141,26.3037,8.4586
9615.0,1.4797,7.273,0.5017,5.5729,26.1504,8.4576
9620.0,1.4761,7.4107,0.497,5.9912,26.2964,8.4619
9625.0,1.4728,7.365,0.5073,6.1813,26.2779,8.4821
9630.0,1.476,7.6902,0.484,7.8771,26.0353,8.4905
9635.0,1.4747,7.5821,0.4854,6.463,26.0876,8.4929
9640.0,1.4705,7.3868,0.4859,5.8335,26.133,8.5117
9645.0,1.4773,7.4658,0.5038,5.4231,25.7703,8.5125
9650.0,1.4745,7.986,0.4913,6.6918,26.1042,8.4934
9655.0,1.4793,7.7848,0.5002,6.2147,25.5627,8.5228
9660.0,1.4733,7.3062,0.4836,5.8038,25.8093,8.5314
9665.0,1.4676,7.2016,0.4994,5.9716,26.1196,8.5318
9670.0,1.4717,7.8159,0.4786,5.1768,25.978,8.5231
9675.0,1.472,7.5895,0.5024,5.2075,25.9584,8.5229
9680.0,1.4818,7.7287,0.4923,6.3559,25.6172,8.5048
9685.0,1.4698,7.137,0.4825,7.8008,26.1131,8.5185
9690.0,1.4773,8.1535,0.5032,6.9035,25.6637,8.5244
9695.0,1.4666,7.5831,0.4848,6.2109,25.8803,8.5625
9700.0,1.4761,7.5518,0.4814,4.708,25.4721,8.5539
9705.0,1.4721,7.774,0.4814,6.3964,25.8537,8.535
9710.0,1.4782,7.6806,0.5055,7.7579,25.6062,8.5264
9715.0,1.4651,7.1427,0.4727,5.4424,26.095,8.5486
9720.0,1.4659,7.4008,0.5007,6.8926,25.7515,8.5817
9725.0,1.4638,7.5186,0.4972,7.0188,25.9448,8.5749
9730.0,1.4667,7.1813,0.4912,7.1751,25.6477,8.5896
9735.0,1.4667,7.4776,0.5048,6.706,25.6684,8.588
9740.0,1.4651,7.4851,0.4888,5.4708,25.7255,8.5912
9745.0,1.471,7.6029,0.5049,5.3462,25.444,8.5874
9750.0,1.4654,7.2817,0.4816,5.6994,25.9039,8.57
9755.0,1.468,7.3449,0.5021,5.9241,25.6571,8.5807
9760.0,1.4774,7.737,0.4745,5.8367,25.0883,8.5902
9765.0,1.4723,7.7163,0.4952,6.3096,25.4673,8.5778
9770.0,1.4771,7.9605,0.4797,6.1651,25.1922,8.5798
9775.0,1.474,7.7584,0.4868,8.0169,25.318,8.5838
9780.0,1.4815,8.997,0.4805,5.5503,25.0022,8.5768
9785.0,1.4714,7.7908,0.4727,6.0932,25.3816,8.5915
9790.0,1.4709,7.2739,0.499,7.7847,25.3742,8.5959
9795.0,1.467,7.3903,0.4927,6.7528,25.5703,8.5977
9800.0,1.4692,7.9056,0.4857,7.2178,25.4729,8.5953
9805.0,1.4682,7.3658,0.4963,6.4445,25.5025,8.5977
9810.0,1.475,8.0696,0.4848,5.6462,25.2762,8.5838
9815.0,1.479,7.3378,0.5093,7.1282,25.086,8.5815
9820.0,1.4757,7.6498,0.4909,7.4934,25.2161,8.5851
9825.0,1.4788,7.5813,0.4998,6.5321,25.2611,8.5628
9830.0,1.4739,7.3,0.4889,5.4854,25.3058,8.5844
9835.0,1.4733,7.7852,0.4881,5.5158,25.197,8.6016
9840.0,1.476,7.6678,0.5232,7.9012,24.9959,8.6092
9845.0,1.4645,7.6092,0.4917,6.4258,25.5808,8.6122
9850.0,1.4746,7.7892,0.4984,6.737,25.0439,8.6126
9855.0,1.4702,7.9777,0.4865,7.0309,25.3593,8.6027
9860.0,1.4729,7.9599,0.4822,6.1214,25.0718,8.6192
9865.0,1.4653,7.6738,0.5011,7.162,25.5297,8.6134
9870.0,1.4583,6.8854,0.4961,5.4378,25.8959,8.6155
9875.0,1.4699,7.5494,0.4775,6.2204,25.4631,8.5935
9880.0,1.4765,7.7713,0.4898,7.1877,25.0844,8.5962
9885.0,1.4805,7.6735,0.4904,6.9976,25.2372,8.5569
9890.0,1.4902,8.2401,0.4677,5.6938,24.943,8.5345
9895.0,1.4828,8.1491,0.4945,6.4668,25.3313,8.5308
9900.0,1.4898,8.3471,0.4989,7.1888,25.0604,8.5225
9905.0,1.4886,7.6595,0.4753,6.4394,25.2748,8.5051
9910.0,1.5009,8.2195,0.49,5.1153,24.53,8.5218
9915.0,1.4915,7.9959,0.5024,7.5208,24.8945,8.5313
9920.0,1.4908,8.0346,0.488,7.982,24.9388,8.5302
9925.0,1.4951,7.9326,0.4953,7.8451,24.6212,8.5432
9930.0,1.4784,8.2704,0.5029,6.1042,25.3217,8.5563
9935.0,1.4864,8.0076,0.5031,6.8606,25.0125,8.5469
9940.0,1.4902,8.5377,0.4831,5.6874,24.8935,8.5396
9945.0,1.4859,8.0647,0.4855,7.1054,25.1061,8.5385
9950.0,1.4956,7.3881,0.4837,8.4258,24.8051,8.5202
9955.0,1.4916,7.9399,0.4956,6.471,24.835,8.5369
9960.0,1.478,8.2769,0.4922,6.6726,25.6234,8.5256
9965.0,1.4936,7.7109,0.4828,6.3124,24.6588,8.5466
9970.0,1.4934,8.2531,0.4915,6.7501,24.6687,8.5473
9975.0,1.4977,7.8739,0.4948,6.5694,24.2871,8.5686
9980.0,1.4754,7.8222,0.4712,5.6004,25.2822,8.5788
9985.0,1.4762,7.944,0.5004,7.6634,25.2605,8.5774
9990.0,1.4881,8.1143,0.4723,4.9036,24.5858,8.5872
9995.0,1.4833,7.6819,0.4965,6.9132,24.7512,8.5953
10000.0,1.4862,8.7444,0.4835,7.1269,24.8658,8.5667
10005.0,1.4839,7.7612,0.4966,6.3954,24.7641,8.5891
10010.0,1.4751,7.864,0.5032,7.2914,25.098,8.6027
10015.0,1.4805,7.9762,0.4897,6.8753,24.7843,8.6082
10020.0,1.4773,7.826,0.4882,6.0587,24.885,8.615
10025.0,1.4804,7.1147,0.5019,7.3011,24.6197,8.6283
10030.0,1.4798,7.3475,0.4782,6.4887,24.7078,8.6225
10035.0,1.478,7.6027,0.4777,6.0323,24.5057,8.6559
10040.0,1.4691,7.3418,0.5043,7.7606,24.9031,8.6639
10045.0,1.4747,7.5083,0.4846,6.4742,24.7041,8.654
10050.0,1.4808,8.3797,0.4771,7.0083,24.3098,8.6651
10055.0,1.4757,8.0334,0.484,5.9593,24.4726,8.6759
10060.0,1.4772,8.3152,0.4964,6.2202,24.4391,8.6718
10065.0,1.4816,8.5024,0.5031,8.5518,24.2629,8.667
10070.0,1.4687,7.4433,0.4963,8.3416,24.8546,8.6725
10075.0,1.4762,7.2521,0.4847,7.618,24.3981,8.6821
10080.0,1.477,7.4577,0.4767,6.4303,24.3899,8.6791
10085.0,1.4753,7.3866,0.4747,7.1724,24.4458,8.6821
10090.0,1.4712,7.4352,0.4814,6.0988,24.4912,8.7016
10095.0,1.4751,7.5566,0.4848,7.6135,24.1548,8.7202
10100.0,1.4641,7.2377,0.4878,6.4378,24.6341,8.7305
10105.0,1.4687,7.3352,0.4996,7.1607,24.3792,8.7331
10110.0,1.4753,8.0829,0.4703,5.8702,23.9645,8.7447
10115.0,1.456,7.7151,0.4965,6.4858,24.7688,8.7677
10120.0,1.4688,7.4325,0.4923,6.7189,24.1906,8.7578
10125.0,1.4671,7.9174,0.4705,4.3177,24.2118,8.7654
10130.0,1.4619,7.0265,0.5143,8.6442,24.3346,8.7842
10135.0,1.4526,7.872,0.4981,5.397,24.6256,8.8103
10140.0,1.4564,7.0147,0.4984,6.1843,24.4735,8.8055
10145.0,1.4576,7.1118,0.4943,5.9361,24.3509,8.8123
10150.0,1.4513,7.5097,0.4888,6.3782,24.7814,8.8018
10155.0,1.4597,7.6726,0.5109,7.7778,24.3657,8.7964
10160.0,1.4744,7.9362,0.4937,7.0285,24.0003,8.7492
10165.0,1.4747,7.4296,0.4812,6.4997,23.8824,8.7593
10170.0,1.4665,7.1109,0.4959,4.4446,24.1612,8.7756
10175.0,1.4733,7.7056,0.4956,6.6938,23.8686,8.7712
10180.0,1.4656,7.6685,0.4909,6.1725,24.3569,8.7578
10185.0,1.4605,7.4538,0.4853,5.7355,24.4047,8.784
10190.0,1.4659,7.3123,0.4765,5.6928,24.0722,8.7921
10195.0,1.465,7.2603,0.4828,5.2448,24.3957,8.7577
10200.0,1.4683,7.8687,0.4787,6.3832,24.247,8.7538
10205.0,1.4702,7.7246,0.5029,6.0599,24.1996,8.7477
10210.0,1.4673,8.1985,0.4836,6.5696,24.1009,8.7778
10215.0,1.458,7.4988,0.4898,7.2961,24.2981,8.8146
10220.0,1.4531,7.2458,0.4953,6.8136,24.3962,8.838
10225.0,1.454,7.2362,0.4961,8.0665,24.6043,8.8067
10230.0,1.4668,7.6994,0.4912,6.2744,23.8289,8.819
10235.0,1.4595,7.4053,0.4888,5.6838,24.3082,8.806
10240.0,1.4709,7.9402,0.4995,6.6304,23.8757,8.7872
10245.0,1.4686,7.3971,0.5034,6.9151,23.8687,8.8015
10250.0,1.4603,7.247,0.4973,6.3897,24.2203,8.8107
10255.0,1.4563,6.8636,0.4766,6.3924,24.3999,8.8152
10260.0,1.4626,7.2638,0.4856,8.0495,24.2211,8.7964
10265.0,1.4704,6.7965,0.4834,5.5023,23.8721,8.7903
10270.0,1.4631,7.2733,0.4905,5.516,24.0271,8.8167
10275.0,1.4621,7.3285,0.4792,7.1008,24.0467,8.8221
10280.0,1.4664,7.3639,0.4951,6.5499,23.7398,8.8345
10285.0,1.4635,7.0923,0.4917,5.2784,23.8081,8.8453
10290.0,1.4576,7.5663,0.4809,5.7357,24.0814,8.8492
10295.0,1.4575,7.4572,0.4961,6.281,23.9643,8.8658
10300.0,1.4594,6.9792,0.4758,6.3392,23.8516,8.8687
10305.0,1.4523,6.4542,0.5101,8.6894,24.1827,8.8742
10310.0,1.4544,7.4944,0.5021,5.7233,23.9066,8.8961
10315.0,1.4471,7.4096,0.4839,5.7137,24.234,8.9061
10320.0,1.4531,7.0751,0.48,6.7169,24.0315,8.8906
10325.0,1.4503,7.2094,0.5166,8.2629,24.1022,8.9002
10330.0,1.4452,6.9626,0.4955,4.9287,24.2812,8.9137
10335.0,1.4525,6.5229,0.4983,4.5482,23.7627,8.9312
10340.0,1.4421,7.2797,0.491,6.7654,24.1999,8.9494
10345.0,1.4387,7.2203,0.4977,5.8596,24.263,8.9681
10350.0,1.4454,7.4956,0.4776,6.0555,23.958,8.9592
10355.0,1.455,7.532,0.4779,6.7388,23.3827,8.9687
10360.0,1.4453,6.7826,0.4897,4.9587,23.8443,8.9758
10365.0,1.4378,6.9372,0.4859,6.8587,24.2252,8.9811
10370.0,1.4356,7.1121,0.4832,5.9371,24.261,8.9947
10375.0,1.4366,7.5383,0.5202,6.6959,24.2114,8.994
10380.0,1.4419,6.8991,0.48,5.0483,23.8178,9.007
10385.0,1.4354,6.7358,0.4873,6.5475,24.1577,9.011
10390.0,1.444,7.0933,0.4822,5.6951,23.6856,9.01
10395.0,1.4423,6.8434,0.4864,6.7261,23.6805,9.0242
10400.0,1.4428,6.7579,0.5021,7.4414,23.5462,9.0398
10405.0,1.4402,7.0661,0.4803,6.4963,23.693,9.0401
10410.0,1.4371,7.0953,0.4975,9.0648,23.7866,9.0514
10415.0,1.4418,7.0868,0.4691,5.9653,23.4218,9.0673
10420.0,1.4347,6.7543,0.4785,5.6693,23.9094,9.0547
10425.0,1.427,6.5652,0.4956,5.4994,24.3212,9.0613
10430.0,1.4423,7.2618,0.4866,5.7579,23.4365,9.0615
10435.0,1.436,6.8339,0.4744,5.8126,23.861,9.0508
10440.0,1.4347,6.8519,0.4962,6.2897,23.8533,9.062
10445.0,1.4316,6.7048,0.4745,6.3539,23.8669,9.0865
10450.0,1.4328,6.3712,0.5107,5.9972,23.6992,9.1022
10455.0,1.4301,7.0303,0.4952,7.2285,23.7329,9.121
10460.0,1.4286,7.081,0.4934,6.2053,23.8545,9.1172
10465.0,1.4326,6.8282,0.4961,5.5562,23.4732,9.1385
10470.0,1.4327,6.6685,0.4997,4.7796,23.5141,9.1326
10475.0,1.4251,6.8986,0.4865,5.3016,23.9572,9.133
10480.0,1.4273,6.7933,0.4891,5.994,23.6577,9.1574
10485.0,1.4302,6.8413,0.4954,6.9416,23.452,9.1649
10490.0,1.4307,7.5569,0.5011,5.7475,23.4734,9.1577
10495.0,1.424,6.7396,0.4771,6.3517,23.7349,9.1774
10500.0,1.42,6.9695,0.475,4.7365,23.8386,9.1996
10505.0,1.4229,7.0176,0.4844,6.2315,23.7355,9.1896
10510.0,1.4219,6.8235,0.4877,7.2346,23.8403,9.1826
10515.0,1.4282,7.0951,0.4885,5.2825,23.5927,9.1625
10520.0,1.4186,6.3331,0.4774,5.6551,24.1533,9.1654
10525.0,1.4226,6.4795,0.4908,6.8432,23.8519,9.1727
10530.0,1.4284,6.7455,0.4902,5.1365,23.54,9.1682
10535.0,1.4216,5.9053,0.4887,6.2447,23.8661,9.18
10540.0,1.4178,6.6886,0.4873,6.5498,23.9396,9.2059
10545.0,1.4208,6.7069,0.4839,4.1901,23.6736,9.2187
10550.0,1.416,6.8086,0.4987,6.7231,23.8874,9.2325
10555.0,1.4077,6.495,0.4881,6.3814,24.4848,9.2283
10560.0,1.421,6.0974,0.4822,5.9898,23.5844,9.2314
10565.0,1.418,6.2939,0.5003,7.2634,23.7801,9.2304
10570.0,1.415,6.8993,0.4814,5.111,23.8973,9.2419
10575.0,1.4127,6.7649,0.4857,5.155,23.9675,9.255
10580.0,1.418,6.8749,0.4937,7.0801,23.7506,9.2363
10585.0,1.4099,6.4279,0.4918,6.1564,24.1564,9.2539
10590.0,1.4114,6.9699,0.4821,4.9929,23.9209,9.2749
10595.0,1.4246,6.858,0.4909,5.8414,23.2632,9.25
10600.0,1.4152,6.7565,0.4949,7.4207,23.7475,9.263
10605.0,1.4115,6.4984,0.4932,5.2533,23.9007,9.2774
10610.0,1.4128,6.8536,0.4763,7.2292,23.6994,9.2963
10615.0,1.403,6.8945,0.4775,4.3285,24.3587,9.3004
10620.0,1.405,6.5687,0.4924,5.9627,24.1381,9.3117
10625.0,1.4109,6.3298,0.4952,4.763,23.8438,9.2957
10630.0,1.4168,6.4236,0.4791,6.0259,23.3533,9.311
10635.0,1.4159,6.3418,0.4742,4.9602,23.3673,9.3188
10640.0,1.4137,6.3037,0.5139,6.7234,23.5139,9.3187
10645.0,1.4075,6.4954,0.4702,5.0306,23.9305,9.3179
10650.0,1.4119,7.0778,0.486,5.519,23.6203,9.32
10655.0,1.4051,6.6199,0.4777,5.8569,23.9645,9.3382
10660.0,1.4081,6.9338,0.5167,6.9589,23.6789,9.3523
10665.0,1.4129,6.3738,0.4852,6.7062,23.2545,9.37
10670.0,1.4106,6.6483,0.4876,6.2434,23.3549,9.3785
10675.0,1.4086,6.6217,0.4977,6.0173,23.628,9.3567
10680.0,1.4071,6.0168,0.4922,6.6477,23.6928,9.3618
10685.0,1.4102,6.7732,0.4924,6.8403,23.5362,9.3536
10690.0,1.4052,6.2709,0.4851,5.0934,23.9441,9.3423
10695.0,1.4127,6.332,0.4972,5.756,23.5321,9.3267
10700.0,1.4183,6.4661,0.4942,5.252,23.3201,9.3033
10705.0,1.4045,6.2176,0.4656,4.7372,24.1766,9.312
10710.0,1.4142,6.2057,0.5169,6.2115,23.6187,9.2971
10715.0,1.4126,6.5443,0.4867,5.4506,23.7299,9.2949
10720.0,1.411,6.3296,0.483,4.4466,23.9701,9.274
10725.0,1.4147,6.9234,0.4782,3.9528,23.6348,9.2875
10730.0,1.4187,6.648,0.4901,5.2642,23.4322,9.2804
10735.0,1.4117,6.759,0.4975,6.052,23.9283,9.2724
10740.0,1.417,6.6868,0.4927,6.4655,23.5959,9.2699
10745.0,1.4157,6.7329,0.4815,4.5005,23.6422,9.2754
10750.0,1.4113,6.7141,0.5056,7.178,23.9094,9.2793
10755.0,1.4088,6.8667,0.5122,6.1176,23.8468,9.3151
10760.0,1.4096,6.2424,0.4748,4.9601,23.6541,9.3387
10765.0,1.404,6.4308,0.4969,5.495,23.8857,9.3641
10770.0,1.4088,5.9981,0.4973,4.5712,23.4461,9.3827
10775.0,1.4114,6.031,0.488,5.8827,23.414,9.3617
10780.0,1.4014,6.5262,0.4782,7.181,24.049,9.3691
10785.0,1.4098,6.3517,0.4749,3.9552,23.6549,9.3392
10790.0,1.4099,6.3379,0.4779,5.9006,23.7458,9.3228
10795.0,1.4071,6.0669,0.4871,6.4066,24.0155,9.3096
10800.0,1.413,6.9924,0.5072,5.5407,23.6694,9.3009
10805.0,1.4102,6.7819,0.4768,5.6282,23.7584,9.3155
10810.0,1.4103,6.1929,0.4847,6.0279,23.8201,9.305
10815.0,1.4113,6.1838,0.4959,5.0755,23.7696,9.3028
10820.0,1.408,7.0452,0.4926,6.7758,23.8817,9.3197
10825.0,1.4118,6.404,0.4946,5.3705,23.5097,9.3383
10830.0,1.4107,6.2003,0.4846,5.5278,23.621,9.3337
10835.0,1.4098,6.1419,0.4809,6.1585,23.8339,9.3099
10840.0,1.4184,6.5553,0.471,4.469,23.1639,9.3269
10845.0,1.4122,6.1054,0.4987,5.4481,23.7102,9.304
10850.0,1.4105,6.5052,0.4898,5.4814,23.8629,9.296
10855.0,1.4154,6.74,0.4894,4.9958,23.6337,9.2819
10860.0,1.4194,7.1089,0.4761,6.1435,23.4408,9.2712
10865.0,1.4208,6.7504,0.4767,6.1783,23.3369,9.274
10870.0,1.4187,6.5439,0.4926,5.5986,23.3855,9.2866
10875.0,1.4154,6.4702,0.4764,4.396,23.5028,9.3011
10880.0,1.4088,6.6833,0.4823,4.868,23.8622,9.314
10885.0,1.408,6.1904,0.5084,6.8362,23.7342,9.3429
10890.0,1.4141,6.6141,0.4851,5.6335,23.4775,9.3217
10895.0,1.4052,6.5788,0.4839,5.6772,24.0425,9.3252
10900.0,1.4116,6.2839,0.4809,5.9187,23.589,9.3285
10905.0,1.4083,6.7766,0.4574,4.4199,23.7288,9.3412
10910.0,1.4099,6.1961,0.4722,5.2484,23.6051,9.3444
10915.0,1.4041,6.3927,0.4691,4.745,24.089,9.332
10920.0,1.407,6.3878,0.4902,5.2432,23.8488,9.3363
10925.0,1.4066,6.4639,0.4899,4.7206,23.9475,9.3261
10930.0,1.414,6.6331,0.499,4.7609,23.3939,9.3344
10935.0,1.411,6.4427,0.4836,5.687,23.6316,9.3282
10940.0,1.4094,6.3551,0.5059,6.3826,23.8001,9.3185
10945.0,1.4096,6.0923,0.482,5.7045,23.8109,9.3139
10950.0,1.4113,6.4994,0.4874,4.815,23.752,9.3056
10955.0,1.4177,6.637,0.4953,5.5368,23.4954,9.2811
10960.0,1.4182,6.5905,0.4894,5.6319,23.481,9.2767
10965.0,1.4201,6.5522,0.4935,5.9437,23.3585,9.2778
10970.0,1.4085,6.4795,0.4784,5.318,23.9123,9.3084
10975.0,1.4102,6.5976,0.5035,5.7609,23.7334,9.3199
10980.0,1.4068,6.689,0.4923,4.9491,23.9983,9.3151
10985.0,1.4088,6.6484,0.4641,5.4726,23.8102,9.3228
10990.0,1.402,6.7032,0.4957,5.2295,24.3191,9.3188
10995.0,1.4197,6.6282,0.4896,5.8525,23.1443,9.3176
11000.0,1.4209,6.8266,0.4717,6.3365,23.1634,9.303
11005.0,1.4089,6.3932,0.5073,6.1806,23.9162,9.3049
11010.0,1.4072,7.0096,0.4784,5.0938,23.9262,9.3209
11015.0,1.4145,6.2029,0.4773,5.9591,23.5488,9.3047
11020.0,1.4181,6.5301,0.4855,6.4544,23.2764,9.3118
11025.0,1.4068,6.8021,0.483,5.7001,24.0151,9.3125
11030.0,1.416,6.2764,0.492,5.5897,23.5264,9.2933
11035.0,1.4092,6.3974,0.4922,6.1682,24.0013,9.2883
11040.0,1.4117,6.0807,0.4741,4.486,23.8719,9.2812
11045.0,1.4046,6.4837,0.4802,5.0536,24.3461,9.2837
11050.0,1.4076,6.6117,0.4927,5.504,24.1059,9.2884
11055.0,1.4133,6.884,0.4853,6.422,23.7074,9.2904
11060.0,1.4135,6.4979,0.492,5.279,23.5425,9.3142
11065.0,1.406,6.958,0.4703,4.3562,24.0469,9.3159
11070.0,1.4107,6.5879,0.4876,5.1415,23.6088,9.3339
11075.0,1.4215,6.7868,0.4607,5.4838,22.925,9.336
11080.0,1.4087,6.7369,0.4848,5.2076,23.932,9.3063
11085.0,1.4035,6.4221,0.4804,5.5244,24.2487,9.3119
11090.0,1.4082,6.3881,0.4864,4.988,23.8705,9.32
11095.0,1.4084,6.5561,0.4845,4.6259,23.6449,9.3529
11100.0,1.4058,7.024,0.4778,4.0026,23.687,9.3759
11105.0,1.3969,6.0648,0.479,5.7763,24.3811,9.3711
11110.0,1.4029,5.7704,0.4746,5.9972,23.8669,9.3805
11115.0,1.4004,6.5891,0.4717,4.7345,23.9335,9.3994
11120.0,1.4049,6.3548,0.4979,5.1921,23.6911,9.3885
11125.0,1.4021,6.5464,0.4883,4.6419,23.7285,9.4131
11130.0,1.4003,6.3543,0.4775,5.6189,23.758,9.4304
11135.0,1.4025,5.9498,0.4917,6.2591,23.5546,9.4385
11140.0,1.4013,5.9623,0.4893,6.8003,23.6762,9.4332
11145.0,1.3963,6.7112,0.4883,4.7982,23.9895,9.4417
11150.0,1.3934,5.9389,0.4773,5.5085,24.0425,9.4706
11155.0,1.3985,6.61,0.4954,4.817,23.6109,9.4784
11160.0,1.393,6.2115,0.4835,4.2096,24.067,9.4729
11165.0,1.3962,6.228,0.4934,6.0817,23.8306,9.471
11170.0,1.3952,6.2677,0.4987,6.9494,23.7557,9.4954
11175.0,1.3937,6.1767,0.4912,5.164,23.8259,9.504
11180.0,1.3918,6.2541,0.4767,3.7442,24.1478,9.4772
11185.0,1.3934,6.1998,0.5077,6.3601,23.8677,9.5001
11190.0,1.3945,5.5555,0.4914,5.5982,23.8664,9.4874
11195.0,1.39,5.8395,0.4862,5.4143,24.1724,9.4952
11200.0,1.3939,6.4379,0.4852,6.4541,23.8933,9.491
11205.0,1.3956,6.1658,0.4913,5.2987,23.5507,9.5258
11210.0,1.3926,6.2288,0.4916,6.909,23.6442,9.5495
11215.0,1.3837,5.6136,0.4971,5.3404,24.3623,9.5552
11220.0,1.3894,6.4892,0.4831,5.3088,23.8918,9.5531
11225.0,1.3948,6.3109,0.474,4.1572,23.4911,9.5483
11230.0,1.3922,6.1021,0.4934,5.3153,23.652,9.5555
11235.0,1.3844,5.6712,0.4964,4.7053,24.1567,9.5781
11240.0,1.3921,6.3999,0.4955,5.0739,23.5043,9.5831
11245.0,1.385,5.8004,0.481,5.5634,24.1036,9.5798
11250.0,1.3814,5.9206,0.5004,5.064,24.4133,9.5822
11255.0,1.3915,6.2744,0.4847,5.6541,23.6442,9.5676
11260.0,1.3901,6.6105,0.5142,6.9438,23.7795,9.5623
11265.0,1.3883,6.0669,0.4833,6.2734,23.9255,9.5622
11270.0,1.3851,6.0935,0.4692,5.2185,24.165,9.5669
11275.0,1.3861,6.3373,0.4788,5.6187,24.1101,9.5625
11280.0,1.3879,6.25,0.4918,5.1879,23.9239,9.5682
11285.0,1.3895,6.1598,0.5103,4.5512,23.7581,9.5737
11290.0,1.3819,5.8179,0.4496,5.2951,24.5481,9.5519
11295.0,1.3868,5.7604,0.4846,4.9635,24.2185,9.5348
11300.0,1.387,5.9483,0.4832,5.2498,23.9761,9.5707
11305.0,1.385,6.1281,0.4836,5.2158,24.2236,9.5605
11310.0,1.3934,6.272,0.4791,6.1661,23.71,9.5304
11315.0,1.3878,5.9158,0.5042,4.9024,24.0814,9.5417
11320.0,1.3945,5.8202,0.4799,5.9628,23.6191,9.5303
11325.0,1.3889,6.9194,0.4918,5.9161,23.9422,9.5496
11330.0,1.3887,7.1025,0.5156,6.0619,23.8354,9.5708
11335.0,1.3841,6.0662,0.4835,5.2461,24.2524,9.5686
11340.0,1.387,6.4711,0.4795,5.2434,23.9273,9.5803
11345.0,1.3886,5.9536,0.494,4.395,23.6881,9.5986
11350.0,1.3869,6.573,0.4791,4.2143,23.9071,9.5875
11355.0,1.3909,5.9766,0.4737,5.0256,23.5266,9.5956
11360.0,1.3854,5.9427,0.491,5.3613,23.859,9.6151
11365.0,1.3802,6.1951,0.483,5.2366,24.2773,9.6232
11370.0,1.3881,5.6251,0.4914,5.0468,23.685,9.6093
11375.0,1.3818,6.1849,0.484,4.789,24.2731,9.5997
11380.0,1.3831,6.3377,0.485,5.4918,24.0333,9.6201
11385.0,1.3816,6.0425,0.4761,5.2943,24.2623,9.6062
11390.0,1.3876,5.9456,0.47,3.4803,23.5673,9.6353
11395.0,1.382,5.8604,0.4878,4.8647,23.9911,9.6456
11400.0,1.378,6.0241,0.4911,5.9098,24.1709,9.6777
11405.0,1.3798,5.7461,0.4799,6.1108,24.0288,9.6756
11410.0,1.382,6.1215,0.4961,6.3211,23.8004,9.6796
11415.0,1.3859,6.0822,0.5045,5.0624,23.4653,9.6807
11420.0,1.3769,5.3719,0.4929,5.93,24.2574,9.6821
11425.0,1.3806,6.0792,0.4775,4.9905,23.9283,9.6798
11430.0,1.3775,5.9952,0.4882,4.4754,24.24,9.6759
11435.0,1.3778,6.0951,0.48,3.5313,24.2084,9.6767
11440.0,1.382,5.8685,0.4976,5.139,23.8118,9.6785
11445.0,1.3787,5.6877,0.478,4.5328,24.223,9.6591
11450.0,1.3766,6.0372,0.5006,5.939,24.5092,9.6438
11455.0,1.3882,6.0353,0.4892,4.7013,23.5445,9.6323
11460.0,1.3787,6.1043,0.4886,6.5341,24.4299,9.6224
11465.0,1.3834,6.4078,0.4746,5.485,24.0523,9.6138
11470.0,1.3789,6.3119,0.4831,3.6649,24.4452,9.6167
11475.0,1.3805,5.6195,0.472,5.0381,24.3242,9.6115
11480.0,1.3823,6.3194,0.4986,5.2363,24.1866,9.6066
11485.0,1.383,5.9386,0.462,5.3948,24.1289,9.6066
11490.0,1.3799,6.3526,0.492,5.673,24.267,9.6294
11495.0,1.3821,5.9148,0.4764,5.3926,24.1034,9.6244
11500.0,1.3838,5.9501,0.4954,3.9976,23.974,9.6219
11505.0,1.3824,6.0278,0.4754,5.5019,24.2177,9.6012
11510.0,1.3802,5.977,0.4805,5.9539,24.4167,9.6
11515.0,1.3847,6.245,0.4958,4.7568,24.0009,9.6022
11520.0,1.3775,6.0336,0.4782,4.7469,24.6013,9.6125
11525.0,1.3845,5.9425,0.488,5.1496,23.8854,9.6258
11530.0,1.3768,6.3617,0.4962,6.3595,24.5676,9.6301
11535.0,1.3794,5.3889,0.4804,5.2123,24.1516,9.6576
11540.0,1.3777,6.0672,0.4868,6.1645,24.3023,9.6611
11545.0,1.3807,5.9437,0.4742,3.8939,23.9391,9.6761
11550.0,1.3744,5.1897,0.4857,6.4986,24.5436,9.6764
11555.0,1.3772,5.8426,0.493,5.8812,24.2464,9.6798
11560.0,1.3837,6.0299,0.4727,4.2971,23.7334,9.6659
11565.0,1.3763,6.0366,0.4875,6.4844,24.4936,9.6516
11570.0,1.3771,6.06,0.4795,5.4381,24.4527,9.6447
11575.0,1.3834,5.8391,0.4735,5.255,23.7929,9.6589
11580.0,1.3804,6.0472,0.475,5.2788,24.0671,9.6586
11585.0,1.3767,6.1736,0.4778,4.9454,24.3248,9.6741
11590.0,1.3774,6.4807,0.4807,3.9055,24.2131,9.6813
11595.0,1.3785,5.7085,0.4905,5.2978,24.2485,9.6595
11600.0,1.3802,6.3,0.5026,6.4479,24.0371,9.6666
11605.0,1.3821,6.2308,0.4807,6.0124,23.8732,9.6655
11610.0,1.374,6.0815,0.5042,3.0006,24.3695,9.7105
11615.0,1.3792,5.5794,0.495,5.4233,23.8105,9.7235
11620.0,1.3806,6.0098,0.4834,4.5435,23.7388,9.7147
11625.0,1.3768,6.0721,0.4949,4.5707,24.0893,9.7146
11630.0,1.3785,6.3819,0.496,5.0758,23.8956,9.7201
11635.0,1.3788,5.9916,0.4925,5.9875,23.9059,9.7139
11640.0,1.3737,5.6832,0.4808,6.3348,24.3405,9.7241
11645.0,1.3726,5.5849,0.4884,4.774,24.338,9.7432
11650.0,1.3708,5.9672,0.4865,4.6254,24.4086,9.7653
11655.0,1.3714,6.46,0.4592,3.7343,24.3277,9.7697
11660.0,1.3752,6.275,0.4867,5.5804,23.8364,9.7883
11665.0,1.3719,6.0836,0.4684,4.7359,24.1366,9.7943
11670.0,1.3702,5.9473,0.4945,4.761,24.0823,9.8357
11675.0,1.3679,5.6742,0.4884,4.686,24.4388,9.8194
11680.0,1.3707,6.0317,0.4896,3.8365,24.1293,9.8185
11685.0,1.3756,6.1851,0.4959,5.1221,23.7622,9.7973
11690.0,1.3661,5.9802,0.4884,6.0337,24.547,9.8334
11695.0,1.37,6.2233,0.4843,5.8265,24.2564,9.8114
11700.0,1.3704,6.1326,0.4664,6.1806,24.2398,9.8045
11705.0,1.3695,5.9558,0.4791,4.9346,24.198,9.8279
11710.0,1.3748,6.5069,0.4866,5.766,23.7694,9.8101
11715.0,1.3738,5.6307,0.4766,6.4246,24.0257,9.7815
11720.0,1.3668,5.8132,0.4839,4.85,24.5666,9.8148
11725.0,1.3631,5.7003,0.479,4.3395,24.9109,9.8335
11730.0,1.3712,6.1995,0.469,4.4438,24.0297,9.8285
11735.0,1.3671,5.8777,0.4946,4.4735,24.459,9.8308
11740.0,1.3681,5.6504,0.4883,3.8609,24.3354,9.8323
11745.0,1.3693,6.2927,0.5088,4.5412,24.1526,9.8414
11750.0,1.3729,6.1707,0.4807,5.1334,23.8949,9.8224
11755.0,1.372,5.0727,0.5015,7.0559,24.007,9.8174
11760.0,1.372,5.5667,0.4787,5.4235,23.9851,9.8203
11765.0,1.3681,5.8479,0.4836,5.0006,24.4841,9.8064
11770.0,1.3707,5.7975,0.473,4.1793,24.1414,9.8155
11775.0,1.3728,5.5094,0.4746,5.3887,23.956,9.8109
11780.0,1.3736,5.8662,0.4772,4.6566,23.8812,9.8099
11785.0,1.3721,6.2733,0.495,5.4991,24.1481,9.7905
11790.0,1.3651,5.5963,0.4912,6.3639,24.7911,9.8101
11795.0,1.3722,6.5207,0.4924,5.2528,24.2063,9.7779
11800.0,1.3756,5.6548,0.4861,5.4165,23.883,9.7741
11805.0,1.3746,5.573,0.4884,5.4307,23.8946,9.7878
11810.0,1.3698,5.6893,0.4766,5.4366,24.4628,9.7759
11815.0,1.3727,5.6104,0.4887,5.6275,24.181,9.771
11820.0,1.3729,5.7801,0.4837,5.0178,24.1393,9.776
11825.0,1.3765,5.7072,0.4751,4.3033,23.7218,9.7869
11830.0,1.3732,5.5975,0.4821,3.9012,24.1255,9.7734
11835.0,1.377,6.2304,0.4841,5.3447,23.653,9.7905
11840.0,1.3731,5.7148,0.4787,2.9542,24.0917,9.7815
11845.0,1.3746,6.0953,0.4839,6.1474,23.9976,9.7703
11850.0,1.3751,5.8771,0.4971,4.7843,24.0056,9.7599
11855.0,1.3707,5.6214,0.4887,5.2069,24.5156,9.7486
11860.0,1.3794,6.0665,0.5005,4.7415,23.7685,9.7306
11865.0,1.3759,5.9221,0.4965,5.6707,24.1222,9.7254
11870.0,1.3784,5.782,0.5052,4.8192,23.8379,9.7334
11875.0,1.3813,6.0736,0.4773,4.1575,23.5493,9.7378
11880.0,1.3763,5.8482,0.4904,5.876,23.9089,9.7557
11885.0,1.3753,5.4441,0.4796,4.6998,24.0558,9.7477
11890.0,1.371,6.1639,0.4848,4.5564,24.416,9.76
11895.0,1.3752,5.8699,0.4956,4.8292,24.0262,9.7546
11900.0,1.3811,5.9977,0.4653,5.5084,23.4016,9.769
11905.0,1.3693,5.2265,0.4896,5.5156,24.5038,9.7767
11910.0,1.3733,5.8095,0.4846,5.2654,23.9914,9.7948
11915.0,1.3735,5.8454,0.496,4.9693,23.8913,9.8095
11920.0,1.374,6.2514,0.499,5.9115,23.8975,9.8008
11925.0,1.3718,6.099,0.4956,6.154,24.0966,9.8038
11930.0,1.3704,5.6861,0.4972,5.1669,24.1298,9.8242
11935.0,1.3702,5.7346,0.5015,5.8521,24.2699,9.8033
11940.0,1.3706,5.686,0.4852,5.2263,24.1892,9.8103
11945.0,1.3734,5.9853,0.4695,3.7778,23.9894,9.7943
11950.0,1.3707,5.5271,0.4854,5.3594,24.2157,9.8027
11955.0,1.371,5.87,0.5056,6.4589,24.3046,9.7821
11960.0,1.3708,5.4677,0.4794,5.1241,24.3095,9.784
11965.0,1.3769,5.8748,0.4849,5.7184,23.6771,9.7893
11970.0,1.3705,5.7101,0.4854,5.3148,24.2001,9.8089
11975.0,1.3709,5.3223,0.4666,4.9593,24.2378,9.795
11980.0,1.3715,6.3004,0.487,4.2648,24.0641,9.8139
11985.0,1.3676,5.3115,0.4708,3.8912,24.3883,9.8318
11990.0,1.3727,5.9107,0.462,5.8203,23.6112,9.8766
11995.0,1.3633,5.3132,0.4933,5.7637,24.5378,9.8955
12000.0,1.3658,5.732,0.4874,5.3344,24.1843,9.9071
12005.0,1.3654,5.6215,0.4915,6.7614,24.1896,9.9164
12010.0,1.3683,6.061,0.4854,4.6198,23.9256,9.9057
12015.0,1.3687,5.9996,0.4766,5.7653,24.0567,9.8736
12020.0,1.3701,5.65,0.4993,5.7641,23.8872,9.8769
12025.0,1.3663,5.4592,0.4866,4.9892,24.1466,9.903
12030.0,1.3645,5.3465,0.4893,6.2139,24.2907,9.9155
12035.0,1.3687,5.6891,0.5012,5.0463,23.9408,9.8955
12040.0,1.3679,5.5736,0.5028,5.7773,23.94,9.9093
12045.0,1.366,5.5348,0.4937,5.9175,24.1005,9.9198
12050.0,1.3647,5.448,0.488,4.5841,24.2573,9.92
12055.0,1.3642,5.8863,0.4859,5.7881,24.1045,9.9567
12060.0,1.3662,5.526,0.4792,6.0851,23.9678,9.9416
12065.0,1.3667,6.0581,0.491,5.4378,23.9201,9.9395
12070.0,1.3669,5.6491,0.4979,6.1388,23.8542,9.9485
12075.0,1.3649,4.8678,0.4909,3.7524,23.9739,9.9686
12080.0,1.3673,5.703,0.4858,5.555,23.5277,10.0036
12085.0,1.3635,5.9289,0.4951,3.6364,24.0383,9.9899
12090.0,1.3634,5.8804,0.4787,4.6675,24.0718,9.9846
12095.0,1.3642,5.8454,0.4912,5.3786,24.0191,9.9774
12100.0,1.3611,5.5007,0.481,3.7216,24.3409,9.9844
12105.0,1.3627,6.1506,0.4745,4.354,24.098,9.9948
12110.0,1.3594,6.0671,0.4925,4.8063,24.3347,10.0274
12115.0,1.3614,5.6178,0.4905,5.5306,24.1788,10.0107
12120.0,1.3631,5.1139,0.4761,3.3186,23.9255,10.0185
12125.0,1.3614,5.1578,0.4771,5.6745,24.0573,10.0326
12130.0,1.3615,5.4271,0.4826,4.5399,23.9771,10.0455
12135.0,1.3668,5.7113,0.4905,5.233,23.3301,10.0557
12140.0,1.3567,5.6134,0.4638,4.4704,24.5688,10.0551
12145.0,1.3552,5.3592,0.4941,4.5374,24.5961,10.089
12150.0,1.3586,5.9795,0.4765,4.535,24.0877,10.0973
12155.0,1.3585,5.4761,0.4755,6.8327,24.1368,10.0902
12160.0,1.3605,5.5432,0.4932,5.1478,23.7494,10.1167
12165.0,1.3595,6.0639,0.491,5.9759,23.8559,10.1215
12170.0,1.3631,5.8384,0.4762,5.1817,23.4329,10.1187
12175.0,1.3604,5.851,0.4896,4.3174,23.7715,10.1149
12180.0,1.3581,5.28,0.4767,5.2861,24.1556,10.0983
12185.0,1.3583,5.6547,0.4952,4.3213,24.2223,10.0804
12190.0,1.3591,5.0886,0.4813,4.8536,24.1062,10.0807
12195.0,1.3598,6.0147,0.48,6.032,23.9566,10.0927
12200.0,1.3594,5.4676,0.5043,6.0703,24.1047,10.0746
12205.0,1.3614,5.3845,0.4888,5.2492,23.7581,10.0937
12210.0,1.3579,5.1145,0.4856,6.983,24.1851,10.096
12215.0,1.3564,5.7738,0.478,3.8673,24.2457,10.1244
12220.0,1.356,5.9831,0.4818,5.0125,24.3964,10.1066
12225.0,1.3614,5.4525,0.4906,4.8512,23.6709,10.1111
12230.0,1.3567,5.623,0.4861,4.5624,24.2416,10.1177
12235.0,1.3573,5.5917,0.491,6.6269,24.179,10.1135
12240.0,1.3647,5.6362,0.5034,6.1623,23.5287,10.0659
12245.0,1.3583,5.4065,0.4695,3.2476,24.1173,10.0977
12250.0,1.3598,5.7772,0.4781,4.7689,23.8977,10.1053
12255.0,1.3567,5.396,0.4657,5.2105,24.0801,10.1466
12260.0,1.3561,5.3299,0.4944,5.6463,24.2089,10.1427
12265.0,1.3556,6.4349,0.4974,6.3455,24.1825,10.1584
12270.0,1.3568,5.846,0.4853,6.1042,23.9008,10.1825
12275.0,1.3589,5.5837,0.4764,6.0864,23.5671,10.1967
12280.0,1.3521,5.7244,0.4936,4.8248,24.3902,10.2213
12285.0,1.357,5.9162,0.485,6.2787,23.6803,10.2243
12290.0,1.355,5.5556,0.4894,5.5543,23.8703,10.2403
12295.0,1.3498,5.286,0.4853,5.3116,24.5359,10.2666
12300.0,1.3575,5.8172,0.4687,4.7981,23.4393,10.2627
12305.0,1.357,5.9426,0.5035,6.0728,23.4036,10.2826
12310.0,1.3556,5.093,0.4837,5.0935,23.5705,10.288
12315.0,1.3543,5.4072,0.5027,5.2518,23.86,10.2662
12320.0,1.3553,5.7483,0.4851,6.4334,23.7455,10.2599
12325.0,1.3583,5.5586,0.4793,4.2463,23.3806,10.2544
12330.0,1.3556,5.0813,0.492,5.8649,23.658,10.2686
12335.0,1.3506,5.3706,0.487,3.9543,24.3444,10.2793
12340.0,1.3554,5.9891,0.484,5.1723,23.6711,10.2732
12345.0,1.3563,5.7735,0.4922,5.087,23.6582,10.2502
12350.0,1.3547,5.3389,0.4784,4.7791,23.9038,10.2451
12355.0,1.3559,5.7125,0.4926,4.6735,23.8321,10.2264
12360.0,1.3548,5.0496,0.4889,5.4089,23.939,10.2324
12365.0,1.3538,5.492,0.5009,5.1542,24.0096,10.2488
12370.0,1.3557,5.1322,0.4795,5.5901,23.7735,10.2416
12375.0,1.3566,5.8447,0.4721,4.5795,23.708,10.2318
12380.0,1.3566,5.284,0.4919,6.8746,23.8078,10.2111
12385.0,1.3567,5.1707,0.469,4.4447,23.6294,10.2429
12390.0,1.3551,6.0852,0.4667,3.9288,23.8118,10.2514
12395.0,1.3521,5.4153,0.4866,5.7845,24.2094,10.2592
12400.0,1.3584,5.3864,0.45,3.2089,23.2798,10.2707
12405.0,1.3511,4.8249,0.5023,5.22,24.1471,10.3023
12410.0,1.3522,5.537,0.4869,5.6209,24.0577,10.2877
12415.0,1.3557,5.5026,0.4945,5.8213,23.535,10.2917
12420.0,1.3535,5.8639,0.4804,4.8219,23.8468,10.2931
12425.0,1.3531,5.7362,0.489,4.9506,23.8297,10.3061
12430.0,1.3558,5.8312,0.4764,4.9304,23.5767,10.2815
12435.0,1.3542,5.6359,0.4834,4.5982,23.7875,10.2829
12440.0,1.3508,5.4052,0.4953,3.5234,24.3198,10.2803
12445.0,1.3533,5.5049,0.4845,5.8571,23.9711,10.2719
12450.0,1.3541,5.2144,0.4946,5.1053,23.8457,10.2731
12455.0,1.357,5.261,0.4916,4.6398,23.4498,10.2727
12460.0,1.3568,5.4813,0.4851,5.449,23.5542,10.2569
12465.0,1.3579,5.6714,0.4706,4.2638,23.3323,10.2721
12470.0,1.3543,5.195,0.4905,5.8632,23.8848,10.2599
12475.0,1.3549,5.2788,0.4917,5.9853,23.7148,10.2767
12480.0,1.3565,6.4578,0.4947,4.908,23.5939,10.2581
12485.0,1.358,4.9898,0.4731,5.3913,23.4815,10.2395
12490.0,1.3573,6.0213,0.4761,5.3333,23.5958,10.2338
12495.0,1.3567,5.3901,0.4808,4.9378,23.7576,10.2189
12500.0,1.3571,5.4918,0.4998,5.2842,23.5717,10.2429
12505.0,1.361,5.7965,0.4828,4.6593,23.1898,10.223
12510.0,1.3552,5.7725,0.4872,5.5261,23.9189,10.2253
12515.0,1.3592,6.1509,0.4943,4.6585,23.2941,10.2471
12520.0,1.3552,5.5282,0.4849,4.3098,23.6912,10.2728
12525.0,1.3534,6.2013,0.4914,3.766,23.904,10.2833
12530.0,1.3555,5.5786,0.4851,4.9621,23.4678,10.311
12535.0,1.3544,5.8996,0.4499,5.9712,23.7022,10.2968
12540.0,1.3548,6.095,0.4803,5.9575,23.7041,10.284
12545.0,1.3565,5.4607,0.4889,4.6136,23.3875,10.3004
12550.0,1.3538,5.6706,0.4891,5.0576,23.7242,10.3082
12555.0,1.3532,5.3885,0.4841,4.0663,23.7397,10.3242
12560.0,1.3545,6.0311,0.4877,5.712,23.5825,10.3174
12565.0,1.3555,5.6832,0.477,5.2327,23.4449,10.3182
12570.0,1.3551,5.6005,0.4871,4.9325,23.5596,10.3057
12575.0,1.355,5.7686,0.4868,5.562,23.569,10.3071
12580.0,1.3562,5.5085,0.479,4.2535,23.524,10.2818
12585.0,1.3541,5.9122,0.4852,5.0658,23.6757,10.3082
12590.0,1.353,5.4475,0.4988,5.6694,23.7339,10.3311
12595.0,1.3588,5.5954,0.4783,4.4661,23.0303,10.3166
12600.0,1.3548,5.6716,0.475,4.9753,23.5015,10.3274
12605.0,1.3522,5.7257,0.4997,5.4429,23.7833,10.3464
12610.0,1.3551,5.354,0.4772,5.0339,23.3032,10.3601
12615.0,1.3527,5.2357,0.4925,5.2187,23.6016,10.3706
12620.0,1.3492,5.0581,0.4801,5.322,24.152,10.3683
12625.0,1.3526,5.7242,0.5036,5.3599,23.5694,10.3785
12630.0,1.3521,5.2787,0.4924,4.6767,23.5953,10.3892
12635.0,1.3491,5.2603,0.489,4.8214,24.0074,10.4022
12640.0,1.3525,5.7293,0.4767,4.5089,23.4553,10.4096
12645.0,1.3526,5.8951,0.4943,5.6144,23.4248,10.4136
12650.0,1.3532,6.2462,0.4859,6.5515,23.3071,10.4192
12655.0,1.3525,5.6796,0.4764,5.3933,23.3644,10.4292
12660.0,1.352,5.2026,0.4874,6.5195,23.4302,10.4317
12665.0,1.349,5.4151,0.4801,4.8182,23.7161,10.4687
12670.0,1.3499,5.4082,0.494,4.9346,23.5463,10.4755
12675.0,1.3485,5.3511,0.4791,5.1592,23.6923,10.4927
12680.0,1.3484,5.3372,0.4869,4.3073,23.7859,10.4797
12685.0,1.3492,5.2857,0.4976,4.775,23.606,10.489
12690.0,1.3488,5.4704,0.4722,5.1942,23.7765,10.4658
12695.0,1.3482,5.5478,0.4775,4.8574,23.8501,10.47
12700.0,1.3511,5.6658,0.4824,4.6998,23.3486,10.4789
12705.0,1.3495,4.6883,0.4924,4.6946,23.6164,10.4769
12710.0,1.3514,5.4717,0.4746,4.2723,23.3968,10.4608
12715.0,1.3501,5.8856,0.478,5.4132,23.6787,10.4429
12720.0,1.3514,5.9265,0.4899,3.943,23.5142,10.4332
12725.0,1.3527,5.3111,0.4843,4.5752,23.2198,10.4549
12730.0,1.3504,5.721,0.4737,5.1388,23.5278,10.464
12735.0,1.3482,5.1075,0.4779,5.0448,23.7632,10.4876
12740.0,1.3515,5.5684,0.4806,5.8033,23.2968,10.4789
12745.0,1.3517,5.6487,0.4957,5.465,23.2286,10.4868
12750.0,1.3493,5.0057,0.4932,6.2384,23.4701,10.5127
12755.0,1.3517,5.2576,0.4736,7.1648,23.2328,10.4888
12760.0,1.3498,5.936,0.4881,5.7189,23.5095,10.4881
12765.0,1.3486,5.1258,0.4984,6.2821,23.5511,10.5197
12770.0,1.3487,6.0853,0.4946,4.6362,23.6359,10.4999
12775.0,1.3508,5.5446,0.4875,4.6736,23.3124,10.4985
12780.0,1.3484,5.5797,0.4919,3.6574,23.6571,10.5056
12785.0,1.3496,5.9954,0.4852,5.1019,23.4632,10.5073
12790.0,1.3492,5.3888,0.5049,4.5048,23.4651,10.5191
12795.0,1.3475,5.344,0.4869,5.2134,23.7045,10.5289
12800.0,1.3489,5.3458,0.4812,6.532,23.4767,10.5273
12805.0,1.3513,5.5607,0.4824,5.4783,23.0205,10.546
12810.0,1.3467,5.748,0.4866,5.8697,23.7114,10.5591
12815.0,1.3473,5.2363,0.4895,6.4229,23.4344,10.5966
12820.0,1.3456,5.3394,0.4734,4.323,23.664,10.6143
12825.0,1.3471,5.1111,0.4753,4.9889,23.3123,10.6341
12830.0,1.3456,4.7727,0.504,4.5603,23.656,10.6207
12835.0,1.3471,4.9333,0.4909,5.5851,23.4251,10.6098
12840.0,1.3461,5.7871,0.4988,4.436,23.5511,10.6222
12845.0,1.3474,5.3786,0.4801,5.2537,23.3047,10.6269
12850.0,1.3457,5.5732,0.5003,4.989,23.4883,10.6532
12855.0,1.3448,5.4936,0.4751,4.9703,23.6249,10.6593
12860.0,1.3472,4.9406,0.4899,6.0994,23.1408,10.6727
12865.0,1.347,4.8829,0.5015,4.3364,23.2063,10.6676
12870.0,1.3436,5.4417,0.4912,6.3269,23.7902,10.6733
12875.0,1.3453,5.4705,0.4641,4.7072,23.4878,10.6692
12880.0,1.3439,5.4057,0.495,4.3042,23.728,10.6776
12885.0,1.3462,6.0521,0.4891,4.6554,23.3551,10.6658
12890.0,1.346,5.3266,0.4775,5.1488,23.406,10.6619
12895.0,1.3455,5.138,0.4909,6.3215,23.433,10.676
12900.0,1.3448,5.4582,0.5031,6.5596,23.5751,10.673
12905.0,1.3472,5.571,0.4846,4.5506,23.132,10.6771
12910.0,1.3445,5.6093,0.4758,6.6912,23.6371,10.6694
12915.0,1.346,5.1418,0.5,5.4877,23.3897,10.6648
12920.0,1.3472,5.5474,0.4948,6.1571,23.3412,10.6278
12925.0,1.344,5.1702,0.488,3.6089,23.8977,10.6338
12930.0,1.3445,5.6567,0.4926,5.3761,23.6536,10.6632
12935.0,1.3465,5.6107,0.486,4.2968,23.2551,10.6747
12940.0,1.3433,5.326,0.4866,4.6223,23.8047,10.6865
12945.0,1.3427,5.3133,0.4862,5.2116,23.941,10.684
12950.0,1.3469,4.9165,0.4816,5.7673,23.1641,10.6825
12955.0,1.3455,6.0679,0.5042,6.772,23.3975,10.6813
12960.0,1.3449,5.2532,0.4979,4.3949,23.5834,10.6659
12965.0,1.3473,5.2207,0.4756,5.3718,23.1436,10.6674
12970.0,1.3468,5.2606,0.4831,5.9049,23.2491,10.6637
12975.0,1.3466,5.5699,0.4822,5.4954,23.4381,10.6312
12980.0,1.3462,5.0524,0.4802,5.4031,23.5335,10.6205
12985.0,1.3476,5.0088,0.4862,5.5007,23.2606,10.6282
12990.0,1.35,5.2419,0.4993,5.3112,22.8471,10.6364
12995.0,1.3453,5.0392,0.4843,5.6889,23.6139,10.6391
13000.0,1.3476,5.8984,0.4951,3.2845,23.2617,10.6311
13005.0,1.3444,5.2382,0.4929,6.84,23.7287,10.6509
13010.0,1.3486,5.0935,0.4943,5.8299,23.092,10.6312
13015.0,1.3452,5.892,0.4641,5.0101,23.6125,10.6456
13020.0,1.344,5.6574,0.4864,5.2591,23.7011,10.6747
13025.0,1.3446,4.8153,0.4934,3.6858,23.5406,10.6889
13030.0,1.3442,5.8225,0.4852,5.9129,23.5411,10.7044
13035.0,1.3455,5.5722,0.457,5.1621,23.3256,10.6992
13040.0,1.3447,5.4525,0.4886,4.2477,23.4461,10.7053
13045.0,1.3454,4.9014,0.475,4.8104,23.33,10.7019
13050.0,1.3455,5.4029,0.471,5.169,23.3159,10.703
13055.0,1.344,5.5682,0.4836,5.4348,23.5951,10.7045
13060.0,1.3432,5.6594,0.4901,4.3941,23.6972,10.7158
13065.0,1.3451,5.0095,0.4987,6.4961,23.3835,10.704
13070.0,1.3448,5.5554,0.5083,5.9966,23.4459,10.7035
13075.0,1.345,5.4065,0.4799,5.3022,23.3213,10.7208
13080.0,1.3458,5.3616,0.5057,4.4541,23.0754,10.7454
13085.0,1.3436,5.182,0.4996,4.5868,23.4757,10.751
13090.0,1.343,5.2247,0.4715,6.2859,23.4636,10.7814
13095.0,1.3444,5.5374,0.475,5.0306,23.1987,10.7794
13100.0,1.3405,5.1797,0.4856,4.711,23.9425,10.7925
13105.0,1.3422,5.6183,0.4864,5.3728,23.5493,10.8012
13110.0,1.3425,4.8846,0.4878,4.1494,23.3221,10.8383
13115.0,1.3402,5.0964,0.4892,5.6774,23.7944,10.844
13120.0,1.3422,5.2854,0.4839,4.8422,23.4442,10.8265
13125.0,1.3437,5.4931,0.4869,5.6437,23.172,10.8203
13130.0,1.3427,5.7169,0.5042,6.1447,23.2803,10.8415
13135.0,1.3402,5.5932,0.4846,6.881,23.6869,10.8692
13140.0,1.34,4.9791,0.482,6.086,23.6249,10.9003
13145.0,1.3418,5.4339,0.4908,5.663,23.3117,10.8828
13150.0,1.3403,5.229,0.5056,4.9769,23.5851,10.8898
13155.0,1.3418,5.3884,0.4878,4.4683,23.2831,10.8863
13160.0,1.3404,5.4021,0.4706,4.1495,23.6102,10.8814
13165.0,1.3409,5.4264,0.4941,4.9798,23.4623,10.8915
13170.0,1.3398,4.9874,0.4744,4.2999,23.6747,10.9007
13175.0,1.3401,5.4086,0.4975,4.4769,23.7051,10.8779
13180.0,1.3419,5.0824,0.4641,4.5402,23.238,10.8914
13185.0,1.3397,5.7552,0.478,4.9683,23.6147,10.9152
13190.0,1.3394,5.2666,0.4731,6.4106,23.6479,10.9254
13195.0,1.3402,5.2141,0.4978,6.5673,23.4608,10.9308
13200.0,1.34,5.3334,0.4895,5.0201,23.4558,10.9421
13205.0,1.3391,5.4889,0.4872,5.4386,23.6172,10.9551
13210.0,1.3397,5.2439,0.4952,4.4858,23.4604,10.9577
13215.0,1.3384,5.7114,0.4836,7.012,23.7972,10.9501
13220.0,1.3398,5.2834,0.5047,4.1354,23.4879,10.9474
13225.0,1.3386,5.1719,0.48,4.6844,23.6981,10.9619
13230.0,1.3393,5.4132,0.4929,4.9615,23.5621,10.9571
13235.0,1.3401,5.2534,0.4914,4.2356,23.4591,10.9338
13240.0,1.3404,5.0572,0.4825,4.2852,23.4401,10.9225
13245.0,1.3403,5.2472,0.5086,4.9885,23.4928,10.9175
13250.0,1.3383,5.0339,0.4822,4.6423,23.9909,10.9136
13255.0,1.3389,5.0158,0.497,4.1676,23.9223,10.8943
13260.0,1.3409,5.0902,0.4902,4.4303,23.2993,10.9278
13265.0,1.3377,5.1335,0.4825,5.055,24.0431,10.9372
13270.0,1.3406,5.7415,0.4669,4.7956,23.3829,10.9255
13275.0,1.3371,5.1244,0.4864,4.1164,24.1443,10.9489
13280.0,1.3391,5.4604,0.5039,4.9857,23.6276,10.9496
13285.0,1.3401,5.5165,0.4883,5.6496,23.4969,10.9269
13290.0,1.3407,5.7271,0.5,5.8727,23.304,10.9419
13295.0,1.3384,4.8872,0.4918,4.5782,23.8692,10.9338
13300.0,1.339,5.1795,0.4801,5.1503,23.6655,10.9487
13305.0,1.3399,5.4379,0.4652,5.0732,23.4018,10.9589
13310.0,1.3389,5.2372,0.4656,3.7,23.5828,10.9722
13315.0,1.3381,5.7041,0.4791,5.185,23.7987,10.9701
13320.0,1.3388,5.1036,0.4917,5.5878,23.689,10.9579
13325.0,1.3371,4.9272,0.4742,6.1353,24.0716,10.9663
13330.0,1.3382,5.1709,0.4797,5.2042,23.8056,10.9641
13335.0,1.3375,5.3677,0.4769,5.8628,23.912,10.9799
13340.0,1.3376,5.2146,0.4875,6.1343,23.9593,10.9626
13345.0,1.3394,4.808,0.4695,4.8516,23.5182,10.9625
13350.0,1.3384,5.4201,0.4723,5.2621,23.7037,10.973
13355.0,1.3388,5.2764,0.4742,5.4674,23.5951,10.9753
13360.0,1.3367,4.9175,0.4904,6.6601,24.0859,10.9906
13365.0,1.337,5.6647,0.4855,4.3138,23.957,11.0035
13370.0,1.3365,4.7068,0.4792,3.4672,24.1117,11.0003
13375.0,1.3383,5.2317,0.4818,5.0707,23.6813,10.9856
13380.0,1.3371,5.4944,0.4861,6.3365,24.0414,10.9804
13385.0,1.3356,5.0154,0.4733,6.3755,24.3921,10.9953
13390.0,1.3372,5.4737,0.5009,6.8716,23.9647,10.9906
13395.0,1.337,5.471,0.4766,3.7143,23.9093,11.0183
13400.0,1.3373,5.5437,0.5002,6.6276,23.8896,11.0006
13405.0,1.3376,5.4316,0.4798,4.3661,23.7723,11.01
13410.0,1.3367,4.9129,0.4966,4.9747,23.944,11.0292
13415.0,1.3365,5.423,0.4879,4.6728,23.9493,11.0423
13420.0,1.3369,5.1558,0.4782,3.7305,23.7407,11.0668
13425.0,1.3375,4.9402,0.463,4.6233,23.6491,11.051
13430.0,1.337,5.11,0.4885,4.3406,23.7765,11.0521
13435.0,1.3353,5.3723,0.4808,4.7133,24.1726,11.0766
13440.0,1.3356,5.1805,0.4995,2.8772,23.9889,11.1006
13445.0,1.3358,4.9739,0.5023,3.7098,23.8728,11.11
13450.0,1.3372,5.297,0.472,2.8982,23.5684,11.0914
13455.0,1.3348,5.0805,0.5003,7.4406,24.128,11.1224
13460.0,1.3345,4.9583,0.4909,6.5921,24.0998,11.158
13465.0,1.3343,5.7036,0.5021,5.6999,24.0888,11.1766
13470.0,1.3344,5.0832,0.465,5.745,24.0301,11.1832
13475.0,1.3334,4.7571,0.4816,5.1375,24.2908,11.2055
13480.0,1.3347,4.9885,0.5007,5.042,23.8361,11.2114
13485.0,1.3336,5.2458,0.4644,5.0129,24.2343,11.2081
13490.0,1.3334,5.1032,0.4775,4.5472,24.2891,11.2123
13495.0,1.3349,4.9902,0.5112,6.7321,23.7878,11.2089
13500.0,1.3336,5.0131,0.4957,6.5058,24.2554,11.2002
13505.0,1.3349,5.1082,0.4729,5.6064,23.8665,11.1897
13510.0,1.3325,5.6005,0.4917,6.5268,24.6858,11.1984
13515.0,1.3347,4.8481,0.4897,4.4129,23.9033,11.1938
13520.0,1.3343,5.5315,0.4978,5.83,23.9808,11.205
13525.0,1.3334,5.408,0.4817,4.69,24.32,11.1987
13530.0,1.3336,5.2795,0.4874,4.8412,24.2264,11.2088
13535.0,1.3329,5.0311,0.4932,3.7886,24.5401,11.1954
13540.0,1.3344,4.8677,0.4879,3.4909,23.9596,11.2014
13545.0,1.3348,4.2358,0.4964,6.7678,23.9342,11.1814
13550.0,1.3336,5.133,0.4832,4.5206,24.1285,11.2245
13555.0,1.3344,5.0842,0.4673,4.2495,23.8652,11.2254
13560.0,1.3347,4.8766,0.4869,4.679,23.8043,11.2203
13565.0,1.3322,5.5854,0.4778,4.3786,24.7079,11.221
13570.0,1.3343,5.3046,0.4825,4.667,23.976,11.2102
13575.0,1.334,4.8898,0.4748,3.8237,24.1817,11.1813
13580.0,1.3343,5.0427,0.4816,3.6184,24.1118,11.1721
13585.0,1.3331,4.8527,0.4809,3.5691,24.4865,11.1874
13590.0,1.3347,5.5582,0.4832,4.9549,23.8913,11.1962
13595.0,1.3326,5.4163,0.5071,4.6247,24.6828,11.188
13600.0,1.3334,5.6458,0.4918,5.6007,24.2755,11.2065
13605.0,1.3344,4.9342,0.4922,5.7073,23.8273,11.2395
13610.0,1.3323,5.3949,0.4614,4.6819,24.6249,11.2322
13615.0,1.3322,5.0029,0.4818,5.0196,24.7154,11.2202
13620.0,1.3336,5.2919,0.4852,5.3027,24.1865,11.2195
13625.0,1.3331,5.1998,0.476,5.0736,24.3506,11.2229
13630.0,1.3319,4.7808,0.4594,3.9446,24.8492,11.2205
13635.0,1.3335,5.0913,0.4747,4.5928,24.2038,11.2192
13640.0,1.3329,5.2411,0.4765,5.8279,24.4204,11.2247
13645.0,1.3334,4.7914,0.4903,4.7577,24.2221,11.2226
13650.0,1.3329,4.7959,0.4952,5.8243,24.4723,11.2067
13655.0,1.3323,4.8073,0.4825,3.6655,24.7062,11.2066
13660.0,1.3327,5.0462,0.4799,5.6159,24.6373,11.1933
13665.0,1.3332,5.0654,0.499,6.2939,24.3754,11.2048
13670.0,1.3325,4.8113,0.4695,4.6356,24.6394,11.2044
13675.0,1.3343,5.2934,0.484,4.5305,24.0186,11.1963
13680.0,1.3336,5.4354,0.4972,5.584,24.2168,11.2092
13685.0,1.3334,4.9437,0.4711,4.5272,24.3534,11.1934
13690.0,1.3342,4.7078,0.4788,4.9489,24.0376,11.1977
13695.0,1.3325,5.7625,0.4683,4.5932,24.7343,11.1821
13700.0,1.3347,4.8473,0.488,4.788,23.9642,11.1737
13705.0,1.3324,5.3678,0.4925,5.7307,24.7778,11.184
13710.0,1.3336,4.8525,0.5014,3.7564,24.2321,11.2042
13715.0,1.3325,4.6728,0.4887,6.431,24.5655,11.2257
13720.0,1.3329,4.7425,0.4881,4.0676,24.5223,11.1976
13725.0,1.3325,5.4164,0.4854,4.2538,24.5727,11.221
13730.0,1.3338,5.5406,0.4984,4.5617,24.1103,11.2174
13735.0,1.3334,4.7283,0.4747,3.0313,24.1956,11.2308
13740.0,1.3333,5.0683,0.4889,3.9638,24.229,11.2365
13745.0,1.3324,5.1465,0.4863,5.5827,24.5038,11.2506
13750.0,1.3325,5.2701,0.5038,5.4107,24.4655,11.2473
13755.0,1.3315,5.1665,0.4662,6.2839,24.9174,11.2505
13760.0,1.332,4.9071,0.4854,4.781,24.7544,11.2358
13765.0,1.3327,5.3306,0.4724,4.4008,24.3389,11.2599
13770.0,1.3324,4.5998,0.4685,4.8797,24.456,11.2685
13775.0,1.3318,5.0779,0.5033,5.8775,24.7022,11.268
13780.0,1.3315,5.4636,0.4796,4.4274,24.7287,11.2868
13785.0,1.3328,5.1164,0.4878,4.1043,24.3563,11.2537
13790.0,1.3324,5.485,0.5066,5.4322,24.4713,11.2643
13795.0,1.3326,5.6161,0.4886,5.6993,24.5261,11.2318
13800.0,1.333,5.101,0.4793,4.2962,24.4109,11.2172
13805.0,1.3335,5.3744,0.5032,5.6806,24.2763,11.2051
13810.0,1.3319,4.6975,0.4893,4.0681,24.898,11.2041
13815.0,1.3334,5.0378,0.4941,4.4902,24.4455,11.1689
13820.0,1.3323,5.5451,0.5044,5.424,24.951,11.1531
13825.0,1.332,5.5466,0.471,4.7658,25.0549,11.153
13830.0,1.3341,5.2323,0.502,5.7975,24.3353,11.132
13835.0,1.3335,4.9737,0.4883,6.1115,24.4823,11.1483
13840.0,1.3336,4.815,0.477,3.9668,24.5004,11.1404
13845.0,1.3341,5.0591,0.4858,4.143,24.3602,11.1254
13850.0,1.3324,5.3454,0.4917,4.7411,25.0334,11.1231
13855.0,1.3334,5.4053,0.508,5.2399,24.6209,11.1283
13860.0,1.3329,5.2217,0.4728,5.4032,24.7392,11.1403
13865.0,1.3329,5.2096,0.4887,4.345,24.7681,11.1373
13870.0,1.3327,4.9057,0.4802,5.5107,24.8432,11.1349
13875.0,1.3335,5.1127,0.5054,5.3143,24.5294,11.1405
13880.0,1.332,4.9949,0.4868,5.5443,25.2458,11.1108
13885.0,1.3322,5.0844,0.4884,5.4424,25.2879,11.0818
13890.0,1.3322,5.0434,0.4832,5.0429,25.2336,11.0906
13895.0,1.3326,4.9325,0.4887,4.8193,25.1097,11.0799
13900.0,1.3338,4.5601,0.4666,5.7378,24.6122,11.0919
13905.0,1.3331,4.963,0.4887,4.9499,24.7929,11.1113
13910.0,1.3328,5.4124,0.4722,5.3432,24.8814,11.1139
13915.0,1.3325,5.5097,0.4745,4.6318,25.0856,11.1016
13920.0,1.333,5.0491,0.4953,6.5615,24.8108,11.118
13925.0,1.3329,5.5553,0.4931,5.0661,24.8852,11.1122
13930.0,1.3321,5.0006,0.4937,5.5582,25.2042,11.1105
13935.0,1.3332,5.3334,0.4864,4.1616,24.6859,11.1247
13940.0,1.3317,5.5648,0.4733,4.8526,25.3001,11.1315
13945.0,1.3334,5.5668,0.4913,4.8585,24.6338,11.1262
13950.0,1.3323,5.3233,0.4819,6.0277,25.075,11.119
13955.0,1.3317,4.9406,0.5042,5.1679,25.303,11.1285
13960.0,1.3318,4.7527,0.4867,5.0908,25.3516,11.1132
13965.0,1.3327,5.2765,0.4846,5.3455,25.0053,11.1041
13970.0,1.3323,4.9495,0.4748,5.6834,25.1363,11.1023
13975.0,1.3323,5.1728,0.4979,4.0723,25.2424,11.0813
13980.0,1.3324,5.0394,0.4769,4.6843,25.0209,11.1216
13985.0,1.3327,4.7174,0.4771,5.0781,24.9943,11.1052
13990.0,1.3326,5.1348,0.4993,5.5782,25.054,11.095
13995.0,1.3327,5.1022,0.4927,6.0539,25.0108,11.0993
14000.0,1.3324,5.2959,0.5027,4.047,25.1328,11.0933
14005.0,1.332,5.2203,0.4988,4.9506,25.2559,11.1106
14010.0,1.3329,5.2099,0.4854,4.3935,24.8793,11.1095
14015.0,1.3323,5.1302,0.4978,4.7954,25.2536,11.0841
14020.0,1.332,4.8327,0.4934,5.3931,25.403,11.0779
14025.0,1.3325,4.7734,0.4993,5.5322,25.2408,11.0599
14030.0,1.3326,4.9141,0.4866,5.6195,25.2248,11.0612
14035.0,1.3322,5.0249,0.5157,5.8198,25.3031,11.0799
14040.0,1.3321,5.5624,0.4934,5.4207,25.3311,11.0794
14045.0,1.3319,5.0284,0.492,5.3166,25.4033,11.0855
14050.0,1.3322,4.7639,0.4879,5.9016,25.2743,11.0874
14055.0,1.3318,5.3185,0.4818,3.9138,25.4687,11.0809
14060.0,1.3312,5.3424,0.4746,5.5014,25.695,11.0944
14065.0,1.3312,4.8582,0.4957,6.6348,25.6719,11.0972
14070.0,1.3319,5.1357,0.4848,4.7171,25.3442,11.0946
14075.0,1.3325,5.1717,0.4948,5.5862,25.0447,11.1052
14080.0,1.3324,4.8535,0.4925,5.3126,25.0585,11.1179
14085.0,1.332,5.137,0.4773,4.5132,25.205,11.1208
14090.0,1.3311,5.6637,0.4747,5.1481,25.5983,11.1261
14095.0,1.3314,4.9474,0.4893,5.8271,25.4089,11.1414
14100.0,1.3305,5.1005,0.4785,6.4837,25.8109,11.15
14105.0,1.3314,4.5009,0.499,6.0116,25.3742,11.1501
14110.0,1.3308,5.1237,0.5114,5.5543,25.4874,11.1813
14115.0,1.3317,5.1309,0.4761,4.8224,25.0904,11.1779
14120.0,1.3315,5.3422,0.4743,5.2087,25.253,11.1599
14125.0,1.3302,4.8263,0.4849,5.9212,25.8255,11.1873
14130.0,1.3296,5.1939,0.4831,5.7454,26.1526,11.1954
14135.0,1.3315,4.8445,0.4823,5.07,25.0981,11.2004
14140.0,1.3309,5.1859,0.4831,5.4841,25.4392,11.1935
14145.0,1.3306,5.7823,0.5034,4.3958,25.4936,11.2149
14150.0,1.3309,5.2435,0.4738,5.6095,25.4474,11.1871
14155.0,1.3301,4.9662,0.4982,3.908,25.7923,11.2106
14160.0,1.3303,4.7673,0.4774,5.4772,25.6597,11.2077
14165.0,1.3308,5.0686,0.4636,5.2809,25.4592,11.1932
14170.0,1.3304,5.0082,0.4973,6.2348,25.5908,11.2106
14175.0,1.3304,4.9429,0.4907,5.4633,25.6601,11.2012
14180.0,1.3297,5.2722,0.4831,5.66,25.9204,11.2257
14185.0,1.3299,5.2508,0.4897,4.6399,25.7816,11.2358
14190.0,1.3299,5.2476,0.497,6.612,25.8437,11.2196
14195.0,1.3303,4.6176,0.4989,6.7004,25.6676,11.2122
14200.0,1.3302,5.3391,0.4761,4.5044,25.6299,11.233
14205.0,1.3305,5.4993,0.4972,5.1564,25.5308,11.2144
14210.0,1.3301,4.9675,0.4848,4.7779,25.7908,11.2097
14215.0,1.3301,5.038,0.4907,5.3428,25.7056,11.2247
14220.0,1.3298,4.9865,0.4815,5.6026,25.8604,11.2241
14225.0,1.3295,4.9788,0.4855,4.9961,26.0945,11.2249
14230.0,1.3295,4.6808,0.488,3.61,26.1129,11.2142
14235.0,1.3304,5.1024,0.4939,4.6642,25.5461,11.2285
14240.0,1.3308,5.3177,0.4799,5.2719,25.3772,11.2186
14245.0,1.3299,4.8899,0.4967,5.6726,26.0019,11.192
14250.0,1.3296,4.8503,0.4977,5.2857,26.1519,11.1941
14255.0,1.3307,5.0758,0.4806,4.3134,25.4264,11.2169
14260.0,1.3303,5.3005,0.4892,5.6893,25.5418,11.244
14265.0,1.3296,5.0927,0.4756,5.3892,25.8656,11.2588
14270.0,1.3313,4.4641,0.4849,4.0651,24.9792,11.2554
14275.0,1.3294,5.0523,0.4852,3.834,26.0138,11.2552
14280.0,1.3294,5.1555,0.4915,4.7802,26.0408,11.2448
14285.0,1.3293,5.6666,0.4896,4.5709,26.0659,11.2529
14290.0,1.3298,5.4334,0.496,5.8175,25.7065,11.2695
14295.0,1.3287,4.9504,0.4975,5.4724,26.4539,11.2657
14300.0,1.3295,5.3002,0.4899,4.0177,25.8673,11.2767
14305.0,1.329,5.002,0.4916,5.5776,26.1579,11.2832
14310.0,1.3291,4.9819,0.4669,4.3148,26.0035,11.2981
14315.0,1.3294,4.7404,0.4907,5.1822,25.8855,11.2826
14320.0,1.3295,5.1969,0.4792,4.4809,25.7808,11.2864
14325.0,1.3293,4.8126,0.5001,4.7697,25.9402,11.2851
14330.0,1.3291,4.7132,0.479,4.2413,25.9591,11.316
14335.0,1.329,5.1206,0.5018,4.2996,25.9213,11.3412
14340.0,1.3291,4.8668,0.4935,4.9814,25.8993,11.3332
14345.0,1.3293,4.8894,0.5093,5.984,25.6999,11.3422
14350.0,1.3292,5.2076,0.4866,5.7628,25.922,11.3106
14355.0,1.3298,4.9161,0.498,5.1992,25.5903,11.2968
14360.0,1.3292,4.9044,0.4708,4.003,25.9581,11.2973
14365.0,1.3289,5.3869,0.4863,5.3826,26.1204,11.3073
14370.0,1.3291,5.5165,0.4908,4.3184,25.9802,11.3137
14375.0,1.3287,5.2492,0.4963,5.2315,26.1127,11.3382
14380.0,1.3287,5.3789,0.4903,4.3645,26.0327,11.3539
14385.0,1.3288,5.2568,0.5087,6.8345,26.0721,11.3348
14390.0,1.3287,5.192,0.495,4.7067,26.0835,11.3411
14395.0,1.3292,4.7781,0.4784,5.2382,25.649,11.3643
14400.0,1.3284,5.1331,0.4796,5.4473,26.2665,11.3571
14405.0,1.3287,5.0136,0.4578,5.9953,25.9748,11.369
14410.0,1.3285,5.4025,0.476,4.6081,26.1158,11.3759
14415.0,1.3282,4.9695,0.4833,6.5496,26.3441,11.3683
14420.0,1.3284,5.289,0.4857,5.2112,26.1927,11.3768
14425.0,1.3287,4.939,0.4775,4.5315,25.934,11.3846
14430.0,1.329,5.1308,0.4865,4.8233,25.8238,11.367
14435.0,1.3286,4.9455,0.4957,6.4368,26.0038,11.3886
14440.0,1.3281,4.6432,0.4957,5.9855,26.4639,11.3758
14445.0,1.3281,5.4951,0.4834,5.2513,26.3984,11.388
14450.0,1.3287,4.8315,0.4887,4.349,25.8842,11.3898
14455.0,1.3283,4.7586,0.4989,6.0098,26.315,11.3617
14460.0,1.3287,4.9333,0.4895,5.5182,25.9808,11.3651
14465.0,1.3284,5.1721,0.4709,4.292,26.2294,11.3574
14470.0,1.3285,5.0495,0.4836,5.0836,26.32,11.3281
14475.0,1.3289,5.0801,0.5027,5.1741,25.9849,11.3368
14480.0,1.3285,4.7696,0.4897,5.6018,26.3947,11.31
14485.0,1.3291,5.5058,0.5119,5.2419,25.9449,11.3154
14490.0,1.3285,5.2586,0.483,5.5008,26.4383,11.2961
14495.0,1.3287,4.8259,0.4833,4.5302,26.2909,11.2905
14500.0,1.3286,4.7398,0.4863,4.5648,26.3923,11.2855
14505.0,1.3285,4.8983,0.5044,5.7402,26.3697,11.3148
14510.0,1.3288,5.4981,0.4916,4.5765,26.147,11.3094
14515.0,1.3292,5.4996,0.4763,3.71,25.9559,11.2958
14520.0,1.3292,4.8379,0.485,4.206,25.8746,11.3102
14525.0,1.3289,5.0087,0.5152,5.6299,25.9767,11.3337
14530.0,1.3287,4.8534,0.4787,4.9974,26.1817,11.3304
14535.0,1.3286,5.263,0.5035,4.7931,26.2099,11.3297
14540.0,1.3284,5.2184,0.4752,4.4425,26.2715,11.3565
14545.0,1.3294,4.9494,0.4879,4.6201,25.6588,11.3434
14550.0,1.3286,4.8465,0.4848,3.8826,26.1691,11.3453
14555.0,1.3284,5.065,0.4822,6.1355,26.3285,11.3388
14560.0,1.3276,5.0754,0.4819,5.0481,26.9077,11.3592
14565.0,1.329,4.9179,0.48,5.2907,25.8601,11.3489
14570.0,1.328,5.4842,0.4776,5.556,26.6267,11.345
14575.0,1.3287,4.9691,0.485,5.4524,26.1318,11.3404
14580.0,1.3282,5.4963,0.4689,4.9069,26.4614,11.3402
14585.0,1.3286,4.3874,0.4851,5.5113,26.2558,11.3284
14590.0,1.3283,4.6336,0.487,6.1889,26.4491,11.3329
14595.0,1.3286,4.4625,0.4724,4.4121,26.2002,11.3346
14600.0,1.3287,4.9638,0.4823,4.3753,26.1255,11.3321
14605.0,1.3285,5.3554,0.4992,6.1219,26.4696,11.2972
14610.0,1.3279,5.3727,0.4825,5.9298,26.898,11.3061
14615.0,1.329,5.4465,0.4866,5.2541,26.048,11.308
14620.0,1.3285,4.4024,0.4909,4.7636,26.3224,11.3182
14625.0,1.3287,5.0084,0.4814,5.4824,26.2058,11.3251
14630.0,1.3286,4.9908,0.4837,4.6937,26.2877,11.3157
14635.0,1.3288,4.9387,0.4926,5.0508,25.9719,11.3477
14640.0,1.3284,4.3341,0.4876,4.3049,26.3444,11.3347
14645.0,1.3287,5.1036,0.4965,5.8344,26.1072,11.3449
14650.0,1.3284,4.5494,0.4944,4.8573,26.3611,11.3409
14655.0,1.3279,4.5712,0.4819,5.9891,26.73,11.3475
14660.0,1.3288,4.4658,0.4894,6.5102,26.0368,11.3432
14665.0,1.3281,5.246,0.4806,4.609,26.5451,11.354
14670.0,1.328,4.8501,0.4695,3.8344,26.6289,11.3416
14675.0,1.3282,4.7307,0.4882,4.4128,26.4001,11.3622
14680.0,1.3283,4.982,0.4764,4.6767,26.2986,11.3698
14685.0,1.3286,5.5344,0.4806,4.5652,26.0403,11.3741
14690.0,1.3281,5.5765,0.5118,4.2309,26.3946,11.3852
14695.0,1.3284,4.8955,0.4734,4.6355,26.1422,11.3918
14700.0,1.3283,5.7737,0.5042,6.5759,26.2631,11.3783
14705.0,1.3283,5.2652,0.4769,4.0486,26.0795,11.4199
14710.0,1.3278,5.3692,0.4881,4.3232,26.404,11.4374
14715.0,1.3284,5.6091,0.4726,3.5485,26.0158,11.4238
14720.0,1.3281,5.1348,0.4764,4.2208,26.1737,11.4344
14725.0,1.3281,4.8369,0.4744,5.5125,26.3481,11.3923
14730.0,1.3281,4.6184,0.482,5.9109,26.4208,11.3852
14735.0,1.3278,4.9441,0.479,6.049,26.6206,11.3879
14740.0,1.3284,5.0978,0.4797,4.3184,26.2063,11.3733
14745.0,1.3282,5.4349,0.494,3.7069,26.4834,11.3476
14750.0,1.3285,5.185,0.5106,4.6811,26.1775,11.3618
14755.0,1.3283,4.7739,0.4842,5.005,26.2565,11.3718
14760.0,1.3283,4.8469,0.4676,5.9809,26.2222,11.3889
14765.0,1.3277,4.7545,0.4846,4.358,26.6292,11.4058
14770.0,1.328,4.9602,0.489,5.187,26.4722,11.3809
14775.0,1.3278,4.7919,0.4751,2.8598,26.65,11.3813
14780.0,1.3281,5.1804,0.4831,4.8353,26.3761,11.3793
14785.0,1.3283,4.8728,0.488,6.0774,26.2429,11.3756
14790.0,1.3284,4.791,0.4941,4.3989,26.2294,11.3741
14795.0,1.3282,5.0299,0.4924,5.676,26.4225,11.3629
14800.0,1.3277,4.779,0.4755,6.1517,26.887,11.3496
14805.0,1.3288,5.065,0.466,4.7153,26.1147,11.3283
14810.0,1.3283,4.6778,0.4701,5.3845,26.4568,11.3349
14815.0,1.3284,4.8144,0.4761,5.2615,26.3227,11.3474
14820.0,1.3285,5.5325,0.4952,5.7485,26.161,11.3546
14825.0,1.3287,5.3482,0.4859,5.3405,26.1154,11.3425
14830.0,1.3278,5.0221,0.4822,3.4714,26.7389,11.3615
14835.0,1.3279,5.4196,0.491,4.4333,26.6101,11.3678
14840.0,1.3281,4.2697,0.4709,4.3871,26.448,11.3763
14845.0,1.3283,4.7854,0.4747,4.8946,26.3022,11.3669
14850.0,1.3282,5.0192,0.4924,5.9739,26.2689,11.3869
14855.0,1.328,5.0346,0.4883,4.4908,26.4851,11.3844
14860.0,1.3287,4.854,0.4849,5.6881,25.9934,11.3761
14865.0,1.3281,4.5845,0.4879,3.7927,26.3512,11.3955
14870.0,1.3281,5.0319,0.4656,4.3366,26.4522,11.3743
14875.0,1.3282,4.9508,0.483,5.3839,26.3196,11.3874
14880.0,1.328,4.7087,0.4825,5.3934,26.378,11.4073
14885.0,1.3276,4.5015,0.4777,4.4458,26.699,11.4119
14890.0,1.328,5.1785,0.4993,6.1871,26.3408,11.4091
14895.0,1.3282,4.9594,0.4707,4.042,26.1551,11.4223
14900.0,1.3285,4.9215,0.4932,5.2315,25.8504,11.4395
14905.0,1.3284,5.0677,0.4894,6.1624,25.9028,11.4365
14910.0,1.3282,5.1569,0.4886,4.6845,26.0953,11.4261
14915.0,1.3283,4.8906,0.4764,5.5868,26.0742,11.424
14920.0,1.3284,5.2678,0.4721,3.3421,26.0141,11.4219
14925.0,1.3276,5.2224,0.4734,5.0312,26.7023,11.4145
14930.0,1.328,4.8224,0.4936,5.8456,26.1865,11.4437
14935.0,1.3279,4.8075,0.4902,4.0854,26.2838,11.4422
14940.0,1.3281,5.2561,0.4883,5.5596,26.2063,11.4196
14945.0,1.328,4.908,0.4879,6.053,26.2516,11.4309
14950.0,1.3275,4.8566,0.5022,6.7638,26.7404,11.4264
14955.0,1.3278,4.8524,0.4862,5.9391,26.4104,11.4373
14960.0,1.3281,4.948,0.4759,5.215,26.1663,11.4306
14965.0,1.3279,5.0003,0.4945,4.3288,26.454,11.4106
14970.0,1.3283,4.7996,0.4907,3.918,26.1519,11.4096
14975.0,1.3278,5.1067,0.494,4.2256,26.5041,11.4182
14980.0,1.3284,5.0605,0.4829,4.9957,26.0154,11.4127
14985.0,1.3281,5.4958,0.4762,5.0995,26.2931,11.4124
14990.0,1.3277,5.3348,0.482,4.2753,26.586,11.415
14995.0,1.3275,5.1353,0.4914,5.9272,26.769,11.4175
15000.0,1.3282,5.1518,0.4896,5.3267,26.2188,11.4001
15005.0,1.3282,5.1886,0.4804,4.1364,26.179,11.4219
15010.0,1.3285,4.8426,0.4582,3.8253,26.0796,11.3864
15015.0,1.3281,4.728,0.504,5.9618,26.305,11.3963
15020.0,1.3278,5.298,0.4927,4.5989,26.4295,11.4305
15025.0,1.328,4.7581,0.4852,5.8832,26.3269,11.4268
15030.0,1.3274,5.5477,0.4788,5.768,26.7924,11.4248
15035.0,1.3277,5.303,0.4713,5.0037,26.6214,11.4039
15040.0,1.3282,5.3173,0.4907,4.6157,26.219,11.4038
15045.0,1.328,5.3396,0.4809,5.3964,26.3258,11.4245
15050.0,1.3284,5.3324,0.4786,5.0619,26.0474,11.4168
15055.0,1.3279,4.7142,0.4864,4.9188,26.3864,11.4151
15060.0,1.3283,5.1567,0.4771,5.5961,26.0279,11.4289
15065.0,1.3285,5.3145,0.486,4.4924,25.9289,11.4217
15070.0,1.328,5.4665,0.4889,5.346,26.2619,11.4364
15075.0,1.3279,4.5298,0.4801,5.3101,26.4435,11.4139
15080.0,1.3281,5.3007,0.499,5.7156,26.2961,11.4066
15085.0,1.3281,4.6989,0.4724,3.8966,26.2516,11.4198
15090.0,1.328,4.6701,0.498,4.7142,26.2535,11.4395
15095.0,1.3281,4.8789,0.4965,3.9631,26.1458,11.4377
15100.0,1.328,4.6471,0.4781,4.6932,26.3364,11.419
15105.0,1.3284,4.7297,0.4806,4.7027,26.0431,11.412
15110.0,1.3278,4.8116,0.4931,5.5683,26.5996,11.3967
15115.0,1.3279,4.8683,0.4845,4.8461,26.4487,11.4127
15120.0,1.3283,4.5273,0.4958,5.1607,25.9732,11.4398
15125.0,1.3279,5.1249,0.484,4.668,26.2392,11.4635
15130.0,1.3277,4.7075,0.4738,4.4268,26.3512,11.4653
15135.0,1.3277,4.7412,0.4986,6.4012,26.5239,11.442
15140.0,1.328,5.0931,0.496,5.6738,26.2327,11.4406
15145.0,1.3285,4.6034,0.4748,4.8063,25.8318,11.4411
15150.0,1.3279,4.9784,0.4737,4.7409,26.2581,11.4536
15155.0,1.3279,4.8051,0.4805,4.2897,26.2507,11.4527
15160.0,1.3282,5.2328,0.4825,5.0694,26.015,11.4509
15165.0,1.328,4.8054,0.4835,4.8093,26.114,11.4724
15170.0,1.3283,5.0494,0.4868,5.275,25.8752,11.4765
15175.0,1.3283,5.1271,0.4893,5.0204,25.8034,11.49
15180.0,1.3283,5.2589,0.4776,4.6671,25.7737,11.4926
15185.0,1.3274,5.0954,0.482,4.9195,26.4831,11.5069
15190.0,1.3281,4.6606,0.4859,5.2231,25.7938,11.5229
15195.0,1.3275,5.0276,0.4864,3.915,26.2019,11.5437
15200.0,1.3282,4.7148,0.4884,5.7269,25.6659,11.5364
15205.0,1.328,5.0017,0.4882,3.8742,25.9921,11.5079
15210.0,1.3277,5.2143,0.5076,5.5627,26.1987,11.5068
15215.0,1.3277,4.6381,0.5045,5.4854,26.1666,11.5095
15220.0,1.3277,4.7101,0.4902,6.1991,26.0785,11.5323
15225.0,1.328,4.7308,0.4966,4.1545,25.8543,11.542
15230.0,1.3278,5.0344,0.4844,5.1086,25.9657,11.537
15235.0,1.3278,4.3985,0.473,4.208,26.0147,11.5293
15240.0,1.3277,5.4922,0.4817,3.2164,26.0942,11.5313
15245.0,1.328,4.6869,0.4955,5.7351,25.8246,11.5417
15250.0,1.3278,5.5139,0.4792,6.2655,26.0002,11.5429
15255.0,1.3278,4.8437,0.4934,3.8053,25.987,11.5368
15260.0,1.328,5.196,0.4979,5.1284,25.9222,11.5226
15265.0,1.328,4.8156,0.4707,3.5181,25.9686,11.5108
15270.0,1.3281,4.5556,0.4813,4.062,25.8412,11.5184
15275.0,1.328,5.2187,0.4829,4.7905,25.9502,11.5134
15280.0,1.3282,4.5444,0.4862,5.4062,25.8393,11.4929
15285.0,1.3276,5.462,0.494,5.1508,26.4335,11.4806
15290.0,1.3282,5.1072,0.4881,4.3991,25.9721,11.4656
15295.0,1.3286,5.0569,0.4985,4.7763,25.7462,11.4449
15300.0,1.3289,4.7145,0.4888,4.3929,25.547,11.437
15305.0,1.3286,5.7483,0.5021,4.7574,25.8135,11.4359
15310.0,1.3286,5.0344,0.4584,3.4367,25.7374,11.4553
15315.0,1.3283,4.7643,0.4805,5.2341,25.9815,11.4493
15320.0,1.3284,4.6596,0.4903,6.0849,25.9584,11.4356
15325.0,1.3281,4.4633,0.482,5.9122,26.2096,11.4282
15330.0,1.3287,5.5405,0.4698,3.8398,25.8677,11.4001
15335.0,1.3286,5.1523,0.5125,5.5404,25.8915,11.4143
15340.0,1.3294,5.0427,0.4917,5.5143,25.4242,11.394
15345.0,1.3285,5.0353,0.505,5.2832,26.1281,11.3732
15350.0,1.3296,5.0347,0.4674,4.4857,25.3522,11.3755
15355.0,1.3289,4.9597,0.5007,6.2804,25.8545,11.372
15360.0,1.3289,5.3393,0.485,5.6139,25.9141,11.3591
15365.0,1.3291,5.5432,0.4888,4.539,25.7526,11.3567
15370.0,1.3287,5.0935,0.5009,5.4167,25.9576,11.37
15375.0,1.3295,5.2204,0.4769,5.7317,25.4868,11.3703
15380.0,1.3295,5.0174,0.4753,4.1392,25.5923,11.3376
15385.0,1.3292,5.1451,0.4974,5.7612,25.7809,11.3387
15390.0,1.3298,5.0757,0.4813,3.6712,25.4157,11.3347
15395.0,1.3289,4.8371,0.4793,4.5138,25.9683,11.3426
15400.0,1.3299,5.006,0.4914,4.7612,25.1947,11.3764
15405.0,1.3289,5.1125,0.4838,5.1454,25.8761,11.3656
15410.0,1.329,4.8746,0.4786,4.774,25.8676,11.3435
15415.0,1.3301,5.3697,0.4854,4.625,25.276,11.3265
15420.0,1.3293,5.3448,0.5016,4.5731,25.833,11.314
15425.0,1.3295,5.0382,0.4987,5.4153,25.7743,11.2976
15430.0,1.3292,5.0906,0.4712,5.2257,25.8914,11.3121
15435.0,1.3293,5.0239,0.4974,4.6517,25.7887,11.3175
15440.0,1.3286,5.0515,0.4955,5.8189,26.1406,11.3418
15445.0,1.3295,4.9993,0.485,6.4452,25.6349,11.3318
15450.0,1.3296,5.4285,0.4974,4.1553,25.6603,11.3076
15455.0,1.3295,4.6648,0.4906,5.102,25.5761,11.3462
15460.0,1.3302,5.171,0.4871,5.4668,25.101,11.3621
15465.0,1.3294,5.1457,0.4963,3.8036,25.529,11.3646
15470.0,1.3305,4.9037,0.4773,4.7722,24.9697,11.3542
15475.0,1.3289,5.1006,0.4844,4.266,25.8157,11.3786
15480.0,1.3291,5.6138,0.4891,6.5746,25.6179,11.3889
15485.0,1.3292,5.1896,0.4884,5.4623,25.5526,11.3906
15490.0,1.3295,5.0515,0.4915,6.3859,25.3446,11.3923
15495.0,1.3292,4.9144,0.4848,5.0297,25.5958,11.3833
15500.0,1.3299,5.4494,0.4951,6.0125,25.1948,11.3763
15505.0,1.3304,5.4203,0.4889,5.1045,24.9521,11.3733
15510.0,1.3293,4.7345,0.507,4.2402,25.5144,11.389
15515.0,1.3296,5.33,0.4735,4.3467,25.3283,11.3902
15520.0,1.3292,4.9001,0.4738,4.7258,25.6269,11.3707
15525.0,1.3298,4.4438,0.4953,5.6824,25.2039,11.3955
15530.0,1.3296,5.0397,0.4828,4.2615,25.3293,11.3951
15535.0,1.3294,4.8175,0.49,5.1349,25.5484,11.3718
15540.0,1.3295,5.1925,0.4712,5.0733,25.5057,11.3556
15545.0,1.33,4.9412,0.4853,5.1503,25.2232,11.3513
15550.0,1.3294,5.2071,0.4714,5.254,25.6127,11.3481
15555.0,1.3289,5.4181,0.491,4.9956,25.9037,11.3511
15560.0,1.3289,5.4736,0.4778,5.224,25.8263,11.3776
15565.0,1.3303,4.9985,0.4731,4.8696,25.0006,11.3783
15570.0,1.3295,4.725,0.5024,5.4513,25.3365,11.3935
15575.0,1.33,4.6842,0.4912,6.0293,25.0254,11.4092
15580.0,1.329,4.8982,0.4861,5.3523,25.5777,11.4173
15585.0,1.3297,5.3041,0.4708,5.9921,24.989,11.4596
15590.0,1.3297,5.4666,0.4956,5.4952,24.9002,11.483
15595.0,1.3296,4.9951,0.4955,6.4589,24.9986,11.4664
15600.0,1.329,5.3406,0.4825,7.1369,25.2692,11.4981
15605.0,1.3286,5.1688,0.4902,4.355,25.5476,11.4882
15610.0,1.3291,4.8804,0.483,5.722,25.2554,11.4827
15615.0,1.3292,4.782,0.4878,3.7424,25.1596,11.4925
15620.0,1.3295,4.9198,0.4854,3.6189,25.0478,11.483
15625.0,1.329,5.5031,0.5041,4.5894,25.1764,11.5123
15630.0,1.329,5.3053,0.4883,4.9752,25.2688,11.4954
15635.0,1.3286,4.9893,0.4766,4.625,25.5006,11.5038
15640.0,1.3288,4.7296,0.5071,4.8336,25.3387,11.5069
15645.0,1.3293,5.0366,0.4814,3.097,25.0439,11.5085
15650.0,1.3295,5.1191,0.4841,5.226,24.9178,11.5147
15655.0,1.3288,4.8481,0.4911,5.6009,25.3529,11.5172
15660.0,1.3294,4.9631,0.4998,4.9286,24.962,11.5101
15665.0,1.3295,4.6942,0.4747,5.0338,24.9006,11.5103
15670.0,1.3295,4.7024,0.5128,6.7066,25.0018,11.4918
15675.0,1.3295,4.6911,0.4875,4.2984,25.0339,11.4863
15680.0,1.3294,5.2908,0.4781,3.2795,25.0285,11.491
15685.0,1.3295,5.1591,0.4937,5.0498,24.9418,11.5041
15690.0,1.329,5.2456,0.4929,3.9157,25.2492,11.4984
15695.0,1.329,5.2679,0.4837,4.4759,25.2947,11.4878
15700.0,1.3294,5.0149,0.4928,5.4408,25.0134,11.5049
15705.0,1.3295,5.0809,0.4837,4.4668,24.8378,11.5227
15710.0,1.3296,5.1293,0.4815,6.5911,24.7671,11.5351
15715.0,1.3293,5.1849,0.4806,4.1567,24.9108,11.5429
15720.0,1.3291,5.3821,0.4868,5.5332,25.0157,11.5438
15725.0,1.3287,5.3131,0.4621,4.8977,25.2757,11.5522
15730.0,1.3288,5.4698,0.488,4.2005,25.2608,11.5379
15735.0,1.3291,5.1504,0.4915,5.2283,25.0871,11.5221
15740.0,1.3298,4.7649,0.4839,6.0388,24.735,11.5186
15745.0,1.3296,4.937,0.4847,4.7337,24.8052,11.5288
15750.0,1.3296,5.0889,0.4832,4.9707,24.8361,11.5175
15755.0,1.3293,5.0135,0.4809,4.7925,24.9973,11.519
15760.0,1.3287,5.0518,0.488,6.8985,25.2766,11.5397
15765.0,1.3291,5.6337,0.4873,4.6238,24.9476,11.5617
15770.0,1.3294,5.222,0.4964,5.8648,24.7459,11.5709
15775.0,1.3294,5.3914,0.4965,4.6807,24.76,11.5734
15780.0,1.3285,5.4108,0.4822,4.7295,25.235,11.5894
15785.0,1.3287,5.0764,0.4805,4.3766,25.0148,11.6119
15790.0,1.3286,4.6686,0.4848,6.3964,25.0629,11.6228
15795.0,1.3294,5.2079,0.5017,6.3649,24.5493,11.6188
15800.0,1.3285,5.0559,0.4826,3.1612,24.979,11.6508
15805.0,1.328,5.1442,0.4841,5.5612,25.374,11.6569
15810.0,1.3285,5.6097,0.4865,4.0712,24.9751,11.6556
15815.0,1.329,5.4628,0.4906,5.3326,24.7048,11.6466
15820.0,1.3286,5.6437,0.4872,5.186,24.9165,11.6561
15825.0,1.3287,5.4173,0.4835,5.385,24.7898,11.6814
15830.0,1.3287,5.5613,0.4805,4.8646,24.6608,11.7028
15835.0,1.3286,5.2792,0.4934,6.6729,24.7226,11.7137
15840.0,1.3293,5.4181,0.4839,6.211,24.2838,11.7111
15845.0,1.3286,4.7013,0.4679,3.6469,24.6362,11.7353
15850.0,1.3287,4.7562,0.4819,4.4023,24.6166,11.7321
15855.0,1.3285,5.5843,0.4828,5.6672,24.6912,11.7452
15860.0,1.3286,5.054,0.5109,6.8784,24.5792,11.7493
15865.0,1.3285,4.9921,0.4906,4.9061,24.6697,11.7375
15870.0,1.329,4.8645,0.4671,4.3745,24.4941,11.7124
15875.0,1.3284,4.7694,0.491,4.2725,24.8238,11.7202
15880.0,1.3289,5.0169,0.4628,3.9881,24.5063,11.7146
15885.0,1.3288,5.4352,0.4864,5.5242,24.6308,11.7038
15890.0,1.3294,5.0771,0.5133,4.8855,24.3113,11.6912
15895.0,1.3292,5.6088,0.4676,3.7455,24.4401,11.6928
15900.0,1.3296,4.9006,0.4937,5.5049,24.1482,11.7051
15905.0,1.3285,5.039,0.5169,6.7486,24.7805,11.7116
15910.0,1.3284,5.0186,0.4956,5.3326,24.9181,11.7035
15915.0,1.329,5.2424,0.5006,5.578,24.5575,11.689
15920.0,1.3287,5.5048,0.4807,6.3059,24.7199,11.6907
15925.0,1.3291,5.0479,0.4668,4.7722,24.4592,11.6918
15930.0,1.3287,4.6061,0.4797,5.0035,24.7697,11.6843
15935.0,1.329,5.1324,0.4865,5.6949,24.5716,11.6849
15940.0,1.3289,5.5015,0.4964,3.4064,24.6345,11.6817
15945.0,1.3288,5.5491,0.4927,5.3933,24.6729,11.6909
15950.0,1.3288,4.8046,0.494,5.3253,24.618,11.7122
15955.0,1.3287,5.2462,0.4961,5.5386,24.5452,11.7387
15960.0,1.3288,5.2773,0.4821,4.5912,24.5035,11.7285
15965.0,1.3295,5.1856,0.4937,5.8689,24.1164,11.7268
15970.0,1.3298,4.8094,0.4832,5.1182,23.9867,11.7205
15975.0,1.3289,4.9795,0.4851,6.1622,24.6445,11.685
15980.0,1.329,5.1832,0.4807,5.2879,24.5304,11.6993
15985.0,1.3293,4.9204,0.4712,5.2419,24.3895,11.6829
15990.0,1.33,5.0403,0.4829,5.9188,24.0774,11.656
15995.0,1.3296,4.943,0.4879,3.1785,24.3521,11.6399
16000.0,1.3296,4.3175,0.4908,4.3737,24.482,11.6105
16005.0,1.3293,5.4585,0.4916,4.8783,24.6045,11.6229
16010.0,1.3296,5.3186,0.4745,5.147,24.3916,11.6325
16015.0,1.3303,4.9358,0.4723,5.3998,24.0678,11.6208
16020.0,1.3295,5.2973,0.4928,6.5557,24.4552,11.6243
16025.0,1.3299,4.7696,0.4891,5.3056,24.2581,11.6193
16030.0,1.3287,4.6,0.5138,5.6249,24.9259,11.6367
16035.0,1.3291,4.8636,0.493,5.0942,24.64,11.6426
16040.0,1.3297,5.4654,0.4911,4.4662,24.3852,11.6241
16045.0,1.3299,4.9231,0.4892,5.9319,24.2691,11.6204
16050.0,1.3296,5.4874,0.4968,4.1553,24.3801,11.6346
16055.0,1.3297,5.0671,0.491,5.357,24.3383,11.629
16060.0,1.3294,5.4636,0.4862,3.5661,24.4293,11.6587
16065.0,1.3301,5.4992,0.472,3.8144,24.0598,11.6496
16070.0,1.3292,4.8665,0.49,5.0902,24.5029,11.6699
16075.0,1.3293,4.9689,0.4944,4.9041,24.3739,11.6829
16080.0,1.3296,5.2441,0.4644,5.1728,24.2113,11.6792
16085.0,1.3294,5.2606,0.4651,4.7952,24.2958,11.6847
16090.0,1.3294,5.2411,0.4924,6.2158,24.3656,11.6663
16095.0,1.3294,4.9931,0.4792,4.7476,24.3213,11.6804
16100.0,1.3297,5.1492,0.4801,5.1289,24.0563,11.7129
16105.0,1.3289,5.3285,0.5004,5.353,24.4392,11.7335
16110.0,1.3285,4.7624,0.474,3.6774,24.6116,11.7519
16115.0,1.3286,5.2014,0.4869,5.5052,24.5847,11.7533
16120.0,1.3289,4.8591,0.474,3.6915,24.3457,11.7609
16125.0,1.3292,5.5755,0.4802,5.2534,24.238,11.7424
16130.0,1.3297,4.7604,0.5163,4.2319,23.9752,11.7379
16135.0,1.3287,4.4768,0.4892,4.7225,24.6313,11.7239
16140.0,1.3288,5.2993,0.4907,5.2437,24.5551,11.7269
16145.0,1.3292,5.2573,0.4781,3.8889,24.3391,11.7088
16150.0,1.3293,4.7248,0.4609,4.2181,24.2343,11.7187
16155.0,1.3287,4.6783,0.4847,5.2005,24.5548,11.7323
16160.0,1.3297,5.0361,0.4738,6.0529,24.0399,11.7227
16165.0,1.3293,4.3163,0.4924,4.5996,24.2451,11.7246
16170.0,1.3299,5.1724,0.4889,6.2076,23.9301,11.7231
16175.0,1.3295,4.7927,0.471,5.5549,24.1574,11.7168
16180.0,1.3287,5.0237,0.4756,4.958,24.6877,11.7127
16185.0,1.3298,4.8643,0.4908,4.2716,24.0581,11.6921
16190.0,1.3297,4.875,0.4899,5.455,24.1106,11.6922
16195.0,1.3295,5.1075,0.4787,4.6131,24.1368,11.7117
16200.0,1.3288,5.1438,0.4749,4.4775,24.528,11.7308
16205.0,1.3298,5.568,0.4789,3.3954,23.9699,11.7166
16210.0,1.3295,4.7162,0.4807,5.3039,24.2658,11.6929
16215.0,1.329,5.6854,0.4782,5.4625,24.4927,11.6997
16220.0,1.3294,5.2309,0.4939,6.647,24.2632,11.7016
16225.0,1.3295,5.2565,0.4692,4.2323,24.2769,11.6883
16230.0,1.3295,5.1806,0.4905,5.2611,24.2415,11.6909
16235.0,1.3294,5.0895,0.4819,4.2197,24.3152,11.6844
16240.0,1.3296,5.1153,0.4874,5.6031,24.2071,11.6845
16245.0,1.3292,5.2786,0.4823,4.9194,24.4484,11.6894
16250.0,1.3292,5.1082,0.4768,4.9241,24.346,11.7132
16255.0,1.3291,4.9254,0.5004,4.8613,24.3788,11.7229
16260.0,1.3291,4.9839,0.4887,4.2091,24.3894,11.7131
16265.0,1.3291,5.1303,0.477,5.1112,24.3634,11.7196
16270.0,1.3285,4.747,0.4819,4.875,24.7435,11.7288
16275.0,1.3307,5.0474,0.4831,7.0585,23.4663,11.7416
16280.0,1.3288,5.4421,0.4766,5.8985,24.4171,11.7574
16285.0,1.3292,5.0384,0.4778,4.4114,24.0968,11.7743
16290.0,1.3293,5.8591,0.4746,5.2011,24.1131,11.7615
16295.0,1.3297,5.2703,0.5031,6.1304,23.8835,11.7578
16300.0,1.329,5.0353,0.4869,6.331,24.2922,11.764
16305.0,1.3286,4.6246,0.4767,4.7687,24.4418,11.7819
16310.0,1.3289,4.9935,0.4829,4.4713,24.278,11.7861
16315.0,1.3287,4.7243,0.4721,3.7616,24.4008,11.7867
16320.0,1.3292,5.3218,0.4977,5.9151,24.0413,11.797
16325.0,1.329,4.8238,0.4755,3.5952,24.2498,11.781
16330.0,1.3284,5.7299,0.4899,5.4293,24.5505,11.7905
16335.0,1.3289,4.8251,0.4805,5.282,24.2967,11.7766
16340.0,1.3288,5.2315,0.5156,5.6136,24.3507,11.7755
16345.0,1.3297,4.87,0.4798,4.5359,23.8221,11.7834
16350.0,1.3296,5.0732,0.4797,4.4913,23.8722,11.787
16355.0,1.3294,5.1118,0.4904,5.8666,23.8041,11.829
16360.0,1.329,4.5075,0.4803,4.7255,24.0333,11.8258
16365.0,1.3287,5.7641,0.4815,5.0829,24.2963,11.8196
16370.0,1.3284,4.9226,0.4926,5.8547,24.4992,11.8183
16375.0,1.3278,5.2764,0.5004,5.5581,24.9882,11.8121
16380.0,1.3289,5.1249,0.4856,5.418,24.1228,11.822
16385.0,1.3293,5.5566,0.4787,5.9877,23.9545,11.8052
16390.0,1.3293,5.3326,0.4609,4.6677,24.0082,11.7864
16395.0,1.3286,5.6511,0.486,4.6789,24.4115,11.7989
16400.0,1.3293,5.1819,0.4722,5.2547,23.9376,11.8075
16405.0,1.3282,5.1638,0.4852,5.2421,24.5928,11.817
16410.0,1.3293,4.8333,0.5037,5.2437,23.9095,11.8156
16415.0,1.3291,5.0552,0.4859,3.5014,23.9799,11.8262
16420.0,1.3292,4.7241,0.4943,4.8833,23.9386,11.8275
16425.0,1.3286,4.6697,0.4928,6.7108,24.2212,11.8449
16430.0,1.3294,5.249,0.4973,5.5863,23.7617,11.8449
16435.0,1.3288,5.2752,0.4838,6.4366,24.1889,11.8221
16440.0,1.3284,5.0033,0.4861,5.5835,24.3974,11.8474
16445.0,1.3286,5.1697,0.4898,6.0387,24.2196,11.8566
16450.0,1.3295,5.1779,0.4702,6.8792,23.7101,11.8439
16455.0,1.3286,5.1487,0.4976,5.3703,24.2297,11.8562
16460.0,1.3288,4.9416,0.4859,4.2406,24.0664,11.8593
16465.0,1.3286,4.8302,0.5005,6.7483,24.1855,11.8681
16470.0,1.3285,5.0693,0.4906,3.8449,24.2535,11.8596
16475.0,1.329,5.39,0.4733,5.4566,23.8863,11.8722
16480.0,1.3284,4.7698,0.4944,5.3002,24.2295,11.8825
16485.0,1.3288,4.6182,0.4822,5.2271,24.0134,11.885
16490.0,1.3282,5.012,0.4998,4.8987,24.196,11.9292
16495.0,1.3285,5.4716,0.4736,4.9113,24.1159,11.9116
16500.0,1.3283,5.5553,0.4859,5.2304,24.2117,11.9091
16505.0,1.328,4.9601,0.4928,4.8057,24.4959,11.8962
16510.0,1.3289,5.1056,0.4752,5.3141,23.8865,11.9027
16515.0,1.328,5.4551,0.4935,6.8587,24.4296,11.9063
16520.0,1.3281,5.0623,0.4899,5.2264,24.3363,11.923
16525.0,1.3276,4.5203,0.484,5.9531,24.7958,11.9019
16530.0,1.328,4.7107,0.4815,4.8976,24.4547,11.9011
16535.0,1.3287,4.7846,0.4724,4.9139,24.0206,11.8908
16540.0,1.3284,5.0111,0.4846,5.1282,24.1936,11.8976
16545.0,1.3285,5.357,0.4883,4.6476,24.2183,11.8709
16550.0,1.3277,4.9803,0.4803,5.4898,24.8178,11.8743
16555.0,1.3292,5.4286,0.4746,4.3884,23.7856,11.871
16560.0,1.3288,5.093,0.4766,5.9004,23.9815,11.8896
16565.0,1.3286,4.9066,0.5015,5.4671,24.1055,11.8855
16570.0,1.3284,4.3855,0.486,4.9795,24.0969,11.9187
16575.0,1.329,4.9429,0.4886,4.9335,23.8182,11.9045
16580.0,1.3286,4.7587,0.4948,5.1779,24.0688,11.8898
16585.0,1.3281,5.1156,0.4797,5.7708,24.4247,11.8999
16590.0,1.3282,5.0272,0.4883,4.5825,24.2773,11.9065
16595.0,1.3281,4.6111,0.4795,5.4109,24.2907,11.9405
16600.0,1.3278,5.1449,0.4785,5.2725,24.4786,11.9555
16605.0,1.3285,5.332,0.4851,4.4699,23.9661,11.9501
16610.0,1.3282,5.281,0.4801,5.7394,24.1428,11.9549
16615.0,1.3281,4.8949,0.4878,5.3046,24.2677,11.9472
16620.0,1.3283,4.7536,0.4703,5.3377,24.03,11.9724
16625.0,1.3282,4.8574,0.5067,5.377,24.0851,11.9728
16630.0,1.3281,5.5653,0.5002,5.5027,24.2544,11.946
16635.0,1.3277,5.0726,0.4813,4.3278,24.5125,11.955
16640.0,1.3282,5.0471,0.4848,4.3952,24.1989,11.9455
16645.0,1.3277,5.2152,0.5068,5.9572,24.4631,11.9608
16650.0,1.3283,5.3206,0.4683,3.7167,24.0071,11.9773
16655.0,1.3278,4.6544,0.4782,3.8719,24.4353,11.9544
16660.0,1.3278,5.8166,0.4712,6.1796,24.5091,11.9356
16665.0,1.3287,5.2462,0.4972,5.72,23.8894,11.9401
16670.0,1.3286,4.689,0.5098,4.384,23.9118,11.9427
16675.0,1.3277,5.3377,0.4792,4.9804,24.5659,11.9484
16680.0,1.3279,5.2731,0.4781,4.4156,24.2606,11.9888
16685.0,1.3276,4.5782,0.4824,4.8832,24.5824,11.9733
16690.0,1.3276,4.7555,0.4736,5.8067,24.7074,11.9377
16695.0,1.3284,5.2449,0.4831,5.1243,24.1047,11.9333
16700.0,1.3288,5.2208,0.4818,4.6253,23.949,11.8898
16705.0,1.3283,5.1402,0.4914,5.2817,24.279,11.9004
16710.0,1.3283,5.0173,0.4973,5.9651,24.2596,11.9045
16715.0,1.3282,4.5949,0.5108,5.048,24.4337,11.8777
16720.0,1.3284,5.3671,0.5013,5.5773,24.3373,11.8672
16725.0,1.3288,4.8091,0.472,5.2198,24.2042,11.8273
16730.0,1.3285,5.2742,0.4939,4.916,24.2947,11.842
16735.0,1.329,4.9228,0.4767,4.7995,23.9169,11.8677
16740.0,1.3289,5.1662,0.4767,4.0072,24.0198,11.8549
16745.0,1.3288,5.1245,0.4748,4.9254,24.0381,11.8736
16750.0,1.3285,5.435,0.4863,4.4754,24.2056,11.8852
16755.0,1.3282,4.2695,0.4858,3.7937,24.3304,11.907
16760.0,1.328,4.5974,0.484,3.5187,24.4821,11.9061
16765.0,1.3279,5.3569,0.4843,5.8316,24.5066,11.9142
16770.0,1.3284,4.9098,0.4777,5.1018,24.1585,11.9089
16775.0,1.3285,5.44,0.4848,5.1112,24.142,11.9011
16780.0,1.328,5.0569,0.4732,4.23,24.4551,11.8982
16785.0,1.3283,5.1505,0.4999,5.0395,24.2292,11.9054
16790.0,1.3274,4.6398,0.474,4.5993,24.8307,11.9375
16795.0,1.3285,4.5702,0.4899,5.6204,24.0112,11.941
16800.0,1.3279,4.8292,0.4755,5.0278,24.3823,11.9455
16805.0,1.3276,4.9141,0.4767,5.3379,24.6412,11.9372
16810.0,1.3286,4.6403,0.471,5.4209,23.9747,11.9273
16815.0,1.3287,4.9061,0.4832,5.4872,23.9016,11.9224
16820.0,1.3276,4.9597,0.4786,4.4886,24.6936,11.9285
16825.0,1.328,5.9248,0.4919,5.3469,24.422,11.9272
16830.0,1.3281,4.9842,0.4898,4.9861,24.2709,11.9321
16835.0,1.3281,5.5945,0.4789,4.0186,24.2761,11.9312
16840.0,1.3278,5.4015,0.4995,4.7737,24.4662,11.939
16845.0,1.328,5.0894,0.5036,4.4543,24.4348,11.9248
16850.0,1.3277,5.5105,0.4892,5.9595,24.5004,11.9494
16855.0,1.3277,4.5596,0.494,4.1499,24.5405,11.9557
16860.0,1.3275,5.2701,0.4781,5.7663,24.6293,11.9753
16865.0,1.3276,5.1641,0.4946,5.0959,24.4521,11.9905
16870.0,1.3279,4.6438,0.479,5.7761,24.3044,11.9727
16875.0,1.3274,4.9931,0.4859,5.7615,24.7677,11.958
16880.0,1.3274,5.3456,0.4891,4.5138,24.8045,11.9569
16885.0,1.3278,4.8463,0.475,3.1751,24.4947,11.9501
16890.0,1.3279,5.137,0.4788,3.6348,24.4004,11.9487
16895.0,1.3282,4.699,0.4914,4.3977,24.1985,11.9404
16900.0,1.3281,5.5344,0.4865,4.593,24.2537,11.9531
16905.0,1.3279,5.4518,0.4802,5.3437,24.2215,11.9872
16910.0,1.3276,4.4869,0.4832,6.4406,24.5675,11.9753
16915.0,1.3277,5.1166,0.484,4.5248,24.4379,11.9763
16920.0,1.3278,4.6159,0.4955,5.0752,24.4525,11.9638
16925.0,1.3271,5.4034,0.4685,5.3067,24.9947,11.9827
16930.0,1.3275,4.8217,0.4656,4.2125,24.5657,11.9974
16935.0,1.3277,5.3017,0.4788,5.749,24.3758,12.0054
16940.0,1.3272,4.7658,0.4652,3.8264,24.8174,11.9922
16945.0,1.327,4.6598,0.468,3.8672,25.0438,11.9799
16950.0,1.327,4.9298,0.476,4.1272,25.0895,11.9863
16955.0,1.3276,5.0508,0.4809,4.0034,24.4591,11.9966
16960.0,1.3275,4.9513,0.4986,4.2817,24.502,12.0194
16965.0,1.3273,4.775,0.4733,3.9519,24.583,12.0266
16970.0,1.3272,5.6555,0.4885,3.4474,24.6202,12.039
16975.0,1.3272,4.9495,0.4829,5.9335,24.7182,12.0258
16980.0,1.3272,5.2747,0.4787,5.3107,24.6656,12.034
16985.0,1.3268,4.7725,0.4862,5.1477,25.0165,12.0375
16990.0,1.3273,5.5142,0.4963,5.0669,24.5857,12.0354
16995.0,1.3274,5.6698,0.4979,4.9878,24.498,12.0345
17000.0,1.3269,5.1505,0.4779,6.3348,24.8562,12.0641
17005.0,1.3276,4.5935,0.4863,4.4815,24.2328,12.061
17010.0,1.3267,4.6237,0.4852,4.8021,25.0698,12.0534
17015.0,1.3275,5.1042,0.481,4.4106,24.3951,12.0503
17020.0,1.327,5.1261,0.5116,5.6626,24.7088,12.0731
17025.0,1.3278,5.0315,0.4965,4.5602,24.042,12.0647
17030.0,1.3271,5.4941,0.4922,5.4156,24.6142,12.0756
17035.0,1.3273,5.2938,0.4767,4.7102,24.3928,12.0959
17040.0,1.3271,4.7941,0.4775,5.1071,24.5291,12.0994
17045.0,1.3279,5.105,0.4687,3.1369,23.8756,12.1008
17050.0,1.3274,5.0327,0.4815,4.9387,24.1648,12.1253
17055.0,1.3268,4.5424,0.5034,5.7628,24.7399,12.1278
17060.0,1.3275,5.19,0.4964,6.1572,24.0928,12.1333
17065.0,1.3269,4.6889,0.4739,4.0698,24.6406,12.1352
17070.0,1.327,5.4659,0.4792,4.4355,24.5183,12.1312
17075.0,1.3269,4.8303,0.4829,4.5732,24.5913,12.1369
17080.0,1.3271,5.3601,0.5022,4.9192,24.4679,12.1329
17085.0,1.3266,4.9384,0.4846,5.6609,25.0126,12.1261
17090.0,1.3268,5.1863,0.4826,3.6437,24.7939,12.1212
17095.0,1.3269,5.0183,0.4839,5.8103,24.6085,12.1286
17100.0,1.3267,5.7348,0.4805,4.9676,24.9253,12.1225
17105.0,1.3271,4.3429,0.4721,5.6024,24.3932,12.1375
17110.0,1.327,5.3485,0.4858,4.7073,24.5735,12.1265
17115.0,1.3265,4.8411,0.494,3.3044,25.0737,12.1223
17120.0,1.3268,5.2667,0.5045,5.1584,24.8364,12.1103
17125.0,1.3272,4.7154,0.472,4.4494,24.511,12.0774
17130.0,1.3272,5.8147,0.489,4.664,24.6006,12.0625
17135.0,1.3266,5.1478,0.4832,4.9299,25.3002,12.0396
17140.0,1.3274,4.4117,0.4995,6.3268,24.5075,12.0328
17145.0,1.3274,4.7701,0.4807,4.538,24.4829,12.0376
17150.0,1.3269,5.7629,0.4735,4.6525,25.0588,12.0222
17155.0,1.327,5.3379,0.4703,5.2722,24.9988,11.9952
17160.0,1.3271,5.3835,0.4923,4.5223,24.9012,11.9894
17165.0,1.3269,5.1145,0.4822,4.7206,25.076,12.0025
17170.0,1.3272,5.3057,0.4804,5.9303,24.791,12.0136
17175.0,1.3276,4.9188,0.4981,5.1968,24.4305,11.9981
17180.0,1.3274,5.1949,0.4874,5.7784,24.6421,11.9986
17185.0,1.3272,5.0203,0.4693,4.5587,24.7113,12.015
17190.0,1.3267,5.1173,0.4654,4.5659,25.2245,12.0164
17195.0,1.3271,5.4509,0.4802,5.9111,24.8479,12.0074
17200.0,1.3269,4.7752,0.4811,6.7293,24.9902,12.0216
17205.0,1.3272,5.0844,0.4774,4.4376,24.7145,12.0305
17210.0,1.3273,4.8175,0.4986,5.4419,24.5222,12.0604
17215.0,1.3269,4.9615,0.4759,4.7729,24.9397,12.0571
17220.0,1.3267,5.0866,0.4886,5.2167,25.0535,12.0664
17225.0,1.3269,5.2464,0.4973,5.2763,24.825,12.069
17230.0,1.3268,5.1925,0.4851,6.2128,24.8525,12.092
17235.0,1.3269,5.4437,0.4957,7.1988,24.7801,12.0922
17240.0,1.3269,5.3848,0.487,4.3871,24.8106,12.0843
17245.0,1.3268,5.0779,0.486,4.6637,24.9207,12.0878
17250.0,1.3262,4.9618,0.4961,5.6745,25.5994,12.0833
17255.0,1.3265,4.9559,0.4912,5.0089,25.1672,12.1133
17260.0,1.3266,4.7842,0.4902,4.5472,25.1384,12.0853
17265.0,1.3269,5.0192,0.4758,3.8443,24.7269,12.0908
17270.0,1.3267,5.1019,0.4987,4.585,24.9746,12.0809
17275.0,1.3267,5.0063,0.4903,5.5832,25.1127,12.0602
17280.0,1.3275,5.0143,0.4897,5.5011,24.3766,12.0539
17285.0,1.327,4.5687,0.4896,4.242,24.8352,12.045
17290.0,1.3268,4.6468,0.4825,4.0559,24.9882,12.0638
17295.0,1.3268,4.7529,0.4781,3.643,24.9387,12.0658
17300.0,1.3273,4.989,0.4848,5.7866,24.5235,12.0631
17305.0,1.3268,5.1474,0.4755,4.5189,25.0061,12.0563
17310.0,1.3268,4.9095,0.4838,4.3079,24.9547,12.055
17315.0,1.3266,5.0861,0.4815,5.4564,25.1925,12.0501
17320.0,1.3273,5.1252,0.5013,6.2683,24.5352,12.0556
17325.0,1.3272,4.3084,0.4802,4.1137,24.7858,12.017
17330.0,1.3269,4.8615,0.4738,5.678,25.0373,12.0027
17335.0,1.3267,5.3006,0.4859,4.9417,25.3955,11.9906
17340.0,1.3267,5.0434,0.4778,4.6733,25.239,12.0042
17345.0,1.3269,5.0787,0.472,4.6277,24.9774,12.0271
17350.0,1.327,4.8194,0.4834,5.6486,24.8564,12.0308
17355.0,1.3271,5.1176,0.4768,3.0264,24.8508,12.0243
17360.0,1.3269,4.5484,0.4769,5.6445,25.0732,12.0178
17365.0,1.3268,4.6425,0.5006,4.8798,25.1894,12.0032
17370.0,1.327,5.1252,0.4936,4.1625,25.0633,11.9922
17375.0,1.3273,5.4503,0.4938,6.1196,24.7921,11.9851
17380.0,1.3274,4.6765,0.4917,6.1371,24.7056,11.9829
17385.0,1.3264,4.8748,0.4814,5.2206,25.6873,12.0011
17390.0,1.3269,5.2007,0.4741,4.9862,25.1821,11.9898
17395.0,1.3268,5.6341,0.5016,6.2821,25.2692,11.9881
17400.0,1.327,5.244,0.4811,3.7905,24.9225,12.0084
17405.0,1.3269,4.841,0.5018,5.3439,25.1152,11.9938
17410.0,1.3269,5.0575,0.4758,5.7076,25.0391,12.0034
17415.0,1.3265,5.1485,0.4905,5.2655,25.4746,12.0181
17420.0,1.3272,4.7541,0.5102,4.8915,24.8147,12.0041
17425.0,1.3263,4.1006,0.5022,5.0853,25.7399,12.0126
17430.0,1.3271,5.1827,0.4756,5.4926,24.7517,12.0523
17435.0,1.3267,5.3095,0.4877,5.6668,25.1612,12.0363
17440.0,1.3269,5.0893,0.4844,5.8461,24.8884,12.0646
17445.0,1.3265,4.6721,0.4797,5.343,25.2674,12.0707
17450.0,1.3267,4.8895,0.4779,4.5817,25.165,12.0432
17455.0,1.3265,4.7483,0.4851,4.8116,25.3557,12.0356
17460.0,1.3272,4.7939,0.4648,5.4278,24.6701,12.0359
17465.0,1.3269,5.0161,0.4851,5.6007,24.9915,12.0331
17470.0,1.3265,5.1639,0.4965,4.5443,25.4003,12.0328
17475.0,1.3275,5.2783,0.4836,4.018,24.5588,12.0073
17480.0,1.3266,5.1707,0.4806,5.5199,25.3892,11.9985
17485.0,1.3268,4.9005,0.487,4.4354,25.1992,11.9976
17490.0,1.327,4.5413,0.4847,5.7551,25.0091,12.0041
17495.0,1.327,5.3511,0.4809,3.7814,24.9469,12.0249
17500.0,1.3268,5.2919,0.487,5.6519,25.1016,12.0247
17505.0,1.3267,5.1293,0.4962,4.6497,25.2388,12.0082
17510.0,1.3272,4.8405,0.4907,5.702,24.8261,12.0027
17515.0,1.3269,5.3648,0.48,5.5176,24.9967,12.0261
17520.0,1.3266,4.6004,0.4892,6.306,25.2202,12.0487
17525.0,1.3268,4.8075,0.4926,3.681,25.0571,12.0482
17530.0,1.3266,4.9338,0.4731,4.391,25.2068,12.0455
17535.0,1.3268,5.7598,0.4997,6.0196,25.0286,12.0586
17540.0,1.3266,4.5825,0.4904,5.6412,25.2419,12.0464
17545.0,1.3264,4.6408,0.4874,5.8898,25.4615,12.0649
17550.0,1.3267,5.5613,0.4859,4.6465,25.1033,12.0678
17555.0,1.3263,5.0192,0.4994,5.3585,25.5586,12.0778
17560.0,1.3264,4.6538,0.4843,3.6631,25.3713,12.073
17565.0,1.3267,4.732,0.4941,4.682,25.096,12.0651
17570.0,1.3267,5.2843,0.4866,6.3898,25.0783,12.0626
17575.0,1.3263,4.8227,0.491,4.401,25.601,12.0438
17580.0,1.3261,4.7202,0.4825,4.644,25.7467,12.0695
17585.0,1.3268,4.9631,0.4929,4.1506,24.9916,12.0628
17590.0,1.3265,4.7136,0.4898,5.997,25.2605,12.0842
17595.0,1.3264,5.0459,0.4786,5.109,25.2717,12.0952
17600.0,1.3264,4.6694,0.4636,5.6748,25.2192,12.116
17605.0,1.3267,4.7302,0.4955,5.3262,25.0246,12.0888
17610.0,1.3266,4.7367,0.4809,6.6506,25.1134,12.0887
17615.0,1.3264,4.7636,0.4779,4.2477,25.2323,12.111
17620.0,1.3268,5.3568,0.476,4.1477,24.8835,12.0967
17625.0,1.3262,4.3485,0.472,4.8201,25.5863,12.0991
17630.0,1.3261,5.4618,0.4769,5.1775,25.7393,12.0968
17635.0,1.3268,5.2009,0.4827,5.3337,24.8679,12.1011
17640.0,1.3265,4.7305,0.4903,4.521,25.2332,12.0842
17645.0,1.3265,4.8989,0.4832,5.5981,25.2695,12.0831
17650.0,1.3262,4.6938,0.479,5.8096,25.5643,12.0864
17655.0,1.3269,5.0261,0.4931,5.0388,24.7562,12.0859
17660.0,1.3264,5.5331,0.4891,5.3771,25.2886,12.0898
17665.0,1.3265,4.6224,0.4704,5.063,25.1801,12.104
17670.0,1.3264,4.8724,0.4746,5.1466,25.2192,12.1257
17675.0,1.3267,5.2633,0.4884,4.0159,24.9034,12.1297
17680.0,1.3263,4.8638,0.4801,5.9405,25.3146,12.1429
17685.0,1.326,5.4424,0.4894,6.417,25.5936,12.1495
17690.0,1.3266,4.8582,0.4966,4.5167,24.9164,12.1499
17695.0,1.3261,5.4425,0.4804,5.4864,25.4419,12.1549
17700.0,1.3261,5.1104,0.4905,6.6848,25.4328,12.1617
17705.0,1.3265,4.5629,0.4859,4.6111,24.9561,12.1497
17710.0,1.3261,5.1763,0.4787,5.4102,25.5552,12.1231
17715.0,1.3264,4.9434,0.4787,4.4637,25.1719,12.1237
17720.0,1.3262,5.7523,0.4833,6.2023,25.503,12.1151
17725.0,1.3264,5.3985,0.4872,4.4648,25.1941,12.1239
17730.0,1.3264,5.0747,0.4669,5.1244,25.1954,12.1209
17735.0,1.3263,5.6191,0.4919,5.1416,25.2828,12.1386
17740.0,1.3269,4.6027,0.4759,4.2999,24.5923,12.137
17745.0,1.326,4.6914,0.4876,5.3404,25.6041,12.1528
17750.0,1.3261,5.2624,0.49,4.6747,25.4356,12.1524
17755.0,1.326,4.7363,0.4917,4.5254,25.5686,12.1726
17760.0,1.3262,4.7996,0.4793,4.3787,25.3042,12.1667
17765.0,1.3262,4.5254,0.4692,4.7449,25.2126,12.195
17770.0,1.3264,5.1534,0.4996,5.3361,25.0269,12.1896
17775.0,1.3262,5.0668,0.4822,5.5311,25.3855,12.1598
17780.0,1.3261,5.0699,0.4918,4.7441,25.4925,12.1677
17785.0,1.3262,5.1653,0.4939,4.9404,25.3278,12.1727
17790.0,1.3263,4.9136,0.4727,5.8489,25.1407,12.1772
17795.0,1.3258,4.7996,0.4862,4.846,25.7859,12.1761
17800.0,1.3258,4.4002,0.4778,4.3198,25.7383,12.2018
17805.0,1.3261,5.0643,0.4899,3.9655,25.3913,12.1754
17810.0,1.326,5.1338,0.4867,5.0974,25.5673,12.1677
17815.0,1.3262,4.9099,0.4896,5.1456,25.3402,12.151
17820.0,1.3265,4.9366,0.4684,4.3642,25.0921,12.1409
17825.0,1.3265,5.5952,0.4922,4.8042,25.0536,12.1228
17830.0,1.3265,5.5327,0.4816,5.2649,25.1081,12.1092
17835.0,1.3265,5.0131,0.4903,5.2076,24.9846,12.1388
17840.0,1.3261,4.9241,0.4946,4.9375,25.6157,12.1277
17845.0,1.3263,5.0778,0.4785,4.6152,25.3675,12.1111
17850.0,1.3261,4.6017,0.5005,4.7695,25.6144,12.1169
17855.0,1.3263,4.5552,0.4589,5.7128,25.3636,12.1121
17860.0,1.3264,4.8541,0.4839,6.1603,25.2328,12.1107
17865.0,1.3264,5.3049,0.4793,6.782,25.2017,12.1106
17870.0,1.3264,5.3374,0.4937,5.3393,25.2427,12.1084
17875.0,1.3269,5.0444,0.465,4.0509,24.7898,12.0951
17880.0,1.3263,5.1323,0.4954,2.7413,25.5327,12.0853
17885.0,1.3264,4.5991,0.4835,6.3343,25.2386,12.1136
17890.0,1.3268,4.8096,0.502,5.7126,24.673,12.1357
17895.0,1.3263,5.1418,0.484,4.5352,25.1901,12.1504
17900.0,1.3264,4.9329,0.499,4.8528,25.1389,12.1475
17905.0,1.3261,5.0704,0.4793,5.1506,25.4971,12.1477
17910.0,1.3263,4.9215,0.4916,4.3633,25.3089,12.137
17915.0,1.3265,4.7494,0.4755,3.6989,25.0188,12.1511
17920.0,1.3264,5.0207,0.4924,4.9044,25.1782,12.1379
17925.0,1.3261,4.8998,0.4875,4.263,25.5576,12.1333
17930.0,1.3262,5.2271,0.4759,5.7423,25.4479,12.1467
17935.0,1.3262,5.2303,0.4772,5.4895,25.2987,12.1673
17940.0,1.3262,5.2839,0.489,2.8003,25.3092,12.1629
17945.0,1.3264,5.2693,0.4915,4.2727,25.2277,12.1329
17950.0,1.3261,5.0049,0.5002,5.1235,25.5458,12.1521
17955.0,1.3265,5.4506,0.4805,5.446,24.9755,12.1585
17960.0,1.3262,5.0423,0.4799,5.2488,25.413,12.1491
17965.0,1.3264,4.9967,0.4789,6.3595,25.06,12.1625
17970.0,1.3261,5.7728,0.465,3.4197,25.4184,12.1662
17975.0,1.3265,4.6033,0.4615,5.2538,24.9871,12.1646
17980.0,1.3261,4.8121,0.5038,4.1211,25.4957,12.1589
17985.0,1.3259,4.903,0.4799,4.6925,25.822,12.1304
17990.0,1.3265,5.1685,0.5078,5.6565,25.1234,12.131
17995.0,1.3264,5.2756,0.4988,4.1848,25.1987,12.1137
18000.0,1.3261,5.1388,0.4792,5.6357,25.7243,12.1054
18005.0,1.3263,5.3873,0.4868,6.1617,25.5196,12.0683
18010.0,1.3264,5.7141,0.4759,5.3664,25.3082,12.1034
18015.0,1.3263,5.7212,0.4882,4.8483,25.3501,12.11
18020.0,1.3262,4.9801,0.478,5.9335,25.5423,12.1056
18025.0,1.3265,5.4377,0.4873,5.1396,25.083,12.1322
18030.0,1.326,5.2166,0.4888,4.5962,25.6153,12.1483
18035.0,1.3262,5.2666,0.4903,4.258,25.4025,12.1559
18040.0,1.3262,4.6517,0.5047,6.2357,25.3379,12.1703
18045.0,1.3262,5.2764,0.4921,5.6453,25.2132,12.1777
18050.0,1.3263,4.6502,0.4811,4.8113,25.1766,12.1538
18055.0,1.3261,5.3842,0.4912,5.2429,25.5187,12.155
18060.0,1.3263,4.7773,0.4946,6.498,25.2313,12.1496
18065.0,1.3262,4.7841,0.4663,5.3721,25.472,12.1403
18070.0,1.3261,4.9976,0.4967,5.0876,25.4994,12.1482
18075.0,1.3263,4.6633,0.4873,6.1789,25.2001,12.1557
18080.0,1.3262,5.1727,0.5084,6.1529,25.3846,12.1504
18085.0,1.3263,5.231,0.4852,4.9955,25.2863,12.1522
18090.0,1.3264,4.886,0.4912,4.8071,25.1276,12.1637
18095.0,1.326,4.95,0.4816,4.4914,25.5823,12.178
18100.0,1.3262,5.2819,0.4807,5.5114,25.2984,12.1566
18105.0,1.3262,4.6736,0.4984,5.9612,25.3076,12.1539
18110.0,1.3262,5.4689,0.4944,4.3929,25.2666,12.1743
18115.0,1.3259,4.908,0.4818,4.5721,25.605,12.202
18120.0,1.3263,4.7547,0.4813,5.3917,24.9527,12.2258
18125.0,1.3264,4.8553,0.4929,4.569,25.0071,12.1779
18130.0,1.3263,5.118,0.4725,7.2786,25.1234,12.2013
18135.0,1.3259,5.0836,0.4778,4.2161,25.5688,12.2104
18140.0,1.3263,5.4342,0.4877,5.1986,24.919,12.2336
18145.0,1.326,5.1239,0.489,5.1893,25.353,12.2332
18150.0,1.326,5.0573,0.4928,3.8631,25.2069,12.2669
18155.0,1.3261,4.8766,0.4797,5.5643,25.1741,12.2603
18160.0,1.3261,5.8406,0.4978,6.2712,25.0517,12.2904
18165.0,1.3259,5.4664,0.4985,4.736,25.4395,12.2745
18170.0,1.3257,5.0969,0.4729,4.6177,25.559,12.2961
18175.0,1.3259,5.002,0.4824,4.7299,25.281,12.2848
18180.0,1.3261,4.7699,0.4833,4.1164,25.0894,12.2798
18185.0,1.3258,4.8041,0.4898,5.3939,25.4394,12.2894
18190.0,1.3261,5.2584,0.4902,5.1011,25.0426,12.2848
18195.0,1.3261,4.9652,0.4852,6.1509,25.112,12.2627
18200.0,1.3259,4.8024,0.4743,4.4062,25.5496,12.2342
18205.0,1.326,5.4477,0.4683,4.9581,25.4631,12.2196
18210.0,1.3259,5.2708,0.4818,5.0307,25.591,12.2251
18215.0,1.3261,4.7315,0.5005,6.5169,25.2596,12.2316
18220.0,1.3261,5.4238,0.4813,6.3607,25.1756,12.2306
18225.0,1.3263,5.6108,0.4739,5.0947,25.0811,12.2027
18230.0,1.3264,4.7927,0.479,3.9649,24.972,12.1938
18235.0,1.326,5.0756,0.4836,4.341,25.5236,12.1771
18240.0,1.326,4.5693,0.4809,4.5251,25.4467,12.1895
18245.0,1.3261,5.1467,0.4734,4.4727,25.4187,12.1804
18250.0,1.326,5.154,0.5027,5.5903,25.5221,12.2028
18255.0,1.3262,5.2031,0.4986,3.9156,25.208,12.2063
18260.0,1.3258,4.8153,0.4978,5.4169,25.6434,12.2212
18265.0,1.3262,4.6663,0.4892,4.4427,25.2174,12.2063
18270.0,1.3259,5.2918,0.4802,3.7993,25.6743,12.1874
18275.0,1.3261,4.6838,0.4866,4.1836,25.3195,12.2
18280.0,1.3262,5.3166,0.4941,3.7259,25.1542,12.1985
18285.0,1.3263,4.9745,0.4982,4.9387,25.1116,12.1991
18290.0,1.3263,4.9795,0.4848,4.2557,25.0994,12.1922
18295.0,1.3265,4.405,0.4987,5.7432,24.9599,12.1807
18300.0,1.3264,5.048,0.4697,4.9379,24.9859,12.1989
18305.0,1.3265,4.8528,0.4841,4.1894,24.863,12.1918
18310.0,1.3261,5.5024,0.4797,5.5185,25.4053,12.1674
18315.0,1.3263,4.9683,0.4894,4.6372,25.2507,12.1669
18320.0,1.3263,5.1217,0.495,6.303,25.2551,12.1573
18325.0,1.3263,5.3092,0.4939,6.257,25.2812,12.1303
18330.0,1.3265,5.3659,0.4657,3.5281,25.1868,12.1127
18335.0,1.3261,5.053,0.4875,4.1091,25.7378,12.0728
18340.0,1.3265,5.122,0.48,4.8142,25.2421,12.0747
18345.0,1.3266,4.8958,0.483,4.2944,25.2849,12.0451
18350.0,1.3266,5.1238,0.4853,5.7533,25.3991,12.0203
18355.0,1.3268,5.0304,0.487,5.7842,25.1495,12.0274
18360.0,1.3267,4.9944,0.4867,4.9441,25.1286,12.0428
18365.0,1.3267,5.0795,0.4854,4.7699,25.1218,12.0397
18370.0,1.3269,5.224,0.4956,4.6839,24.9207,12.0564
18375.0,1.3267,5.3279,0.4898,5.304,25.0431,12.0747
18380.0,1.3267,5.0774,0.4914,4.792,25.0202,12.0779
18385.0,1.3267,5.3373,0.4939,5.4922,25.0573,12.0853
18390.0,1.3266,5.0565,0.4722,3.5791,25.0713,12.0837
18395.0,1.327,4.8159,0.4807,3.8911,24.7522,12.0768
18400.0,1.3269,5.1421,0.4714,4.9001,24.9164,12.0641
18405.0,1.3267,5.0048,0.4795,3.7176,25.1021,12.0725
18410.0,1.3266,5.0824,0.4767,4.6412,25.1723,12.0646
18415.0,1.3271,5.1155,0.4892,3.6853,24.7446,12.0542
18420.0,1.3272,4.8236,0.4853,5.941,24.742,12.0259
18425.0,1.3267,4.2887,0.4815,5.2391,25.2077,12.0374
18430.0,1.3267,4.6648,0.482,5.3454,25.0649,12.0559
18435.0,1.3267,5.0231,0.4748,4.6452,25.1077,12.0657
18440.0,1.327,4.8672,0.497,5.1945,24.7756,12.0746
18445.0,1.3263,4.8735,0.4942,4.9928,25.5386,12.0645
18450.0,1.3264,5.1065,0.4939,3.4136,25.3801,12.0675
18455.0,1.3263,5.5479,0.4678,3.36,25.3722,12.1005
18460.0,1.3267,4.7666,0.4987,3.3523,24.995,12.0955
18465.0,1.3266,4.7527,0.4754,3.6466,25.0786,12.1037
18470.0,1.3262,4.6984,0.4906,5.1027,25.659,12.0774
18475.0,1.3267,5.3923,0.4887,4.067,25.0442,12.0874
18480.0,1.3261,5.122,0.4784,5.3666,25.7166,12.079
18485.0,1.3263,5.2205,0.4865,5.4104,25.4372,12.0797
18490.0,1.3262,5.1606,0.479,5.3876,25.6557,12.0846
18495.0,1.3268,5.2569,0.4752,2.784,24.9762,12.0743
18500.0,1.3268,4.9589,0.476,4.5164,24.9286,12.0831
18505.0,1.3266,5.7549,0.4894,6.0544,25.081,12.0863
18510.0,1.3267,5.0922,0.4784,3.7446,24.9646,12.0868
18515.0,1.3267,5.2179,0.4874,5.4239,24.9868,12.0805
18520.0,1.3262,5.1376,0.4918,6.3742,25.6632,12.0725
18525.0,1.3272,5.2598,0.4598,3.4255,24.6275,12.0605
18530.0,1.3268,5.1471,0.4605,5.3248,25.027,12.0552
18535.0,1.3268,5.0068,0.4851,4.7874,25.0928,12.0424
18540.0,1.3271,4.4035,0.4962,6.3924,24.7542,12.0338
18545.0,1.3272,4.7436,0.4805,5.3787,24.6643,12.0465
18550.0,1.3266,4.8346,0.4902,5.0013,25.199,12.0589
18555.0,1.3267,5.6292,0.4876,5.4121,25.072,12.0719
18560.0,1.3263,5.1586,0.4825,4.6332,25.4698,12.0732
18565.0,1.327,5.3222,0.4794,4.3563,24.7599,12.0711
18570.0,1.3268,4.9642,0.476,5.5022,24.9436,12.0734
18575.0,1.3268,5.2263,0.4928,4.1551,24.9248,12.0846
18580.0,1.3265,5.249,0.4884,7.0767,25.2199,12.0899
18585.0,1.3266,4.8145,0.487,5.2679,25.1231,12.0943
18590.0,1.3265,5.1037,0.478,4.6649,25.1977,12.0884
18595.0,1.3268,5.0333,0.4833,4.443,24.8927,12.0979
18600.0,1.3269,5.3348,0.4949,6.0572,24.8311,12.0868
18605.0,1.3266,5.4298,0.47,5.2916,25.1771,12.0711
18610.0,1.3267,4.7271,0.4838,4.5059,24.9864,12.0809
18615.0,1.3263,5.3097,0.4818,5.1343,25.4752,12.0951
18620.0,1.3264,5.2257,0.4827,4.4214,25.3334,12.0921
18625.0,1.3264,5.4454,0.4829,5.6131,25.358,12.0974
18630.0,1.3265,5.1499,0.5068,5.5425,25.2736,12.0732
18635.0,1.3267,5.0215,0.4881,5.2875,25.0037,12.0773
18640.0,1.3264,5.2059,0.4783,4.5439,25.3441,12.0944
18645.0,1.3266,5.5,0.4943,4.2718,25.0617,12.1069
18650.0,1.3268,4.7329,0.4798,4.5465,24.7718,12.1151
18655.0,1.3266,5.3632,0.4851,5.7504,25.056,12.1054
18660.0,1.3268,5.6246,0.4799,4.7152,24.7775,12.1058
18665.0,1.3267,5.4585,0.4846,5.1396,24.8527,12.1165
18670.0,1.3262,5.0944,0.5002,6.4416,25.4736,12.1215
18675.0,1.3263,4.7954,0.4789,4.0522,25.3354,12.1256
18680.0,1.3264,5.2005,0.4927,6.509,25.2641,12.1215
18685.0,1.3265,4.9577,0.4902,4.1965,25.2005,12.1074
18690.0,1.3265,5.6309,0.4669,4.7405,25.2132,12.0989
18695.0,1.3268,5.1958,0.4807,3.9065,24.819,12.0978
18700.0,1.3269,5.2932,0.4969,5.0811,24.8032,12.0959
18705.0,1.3266,5.0456,0.4869,6.8073,25.0917,12.1045
18710.0,1.3265,5.1253,0.484,5.8282,25.1228,12.1109
18715.0,1.3268,4.9364,0.4845,4.9944,24.8172,12.1125
18720.0,1.3267,4.3763,0.4898,5.4501,25.0192,12.0936
18725.0,1.3265,4.7434,0.4901,4.6367,25.1967,12.1025
18730.0,1.3268,5.6818,0.4816,4.557,24.9507,12.0815
18735.0,1.327,5.2452,0.503,5.3274,24.7352,12.0797
18740.0,1.3267,4.8318,0.4627,4.918,25.008,12.0797
18745.0,1.3266,5.244,0.5065,4.577,25.2239,12.0693
18750.0,1.3267,4.7893,0.5055,3.639,25.088,12.0613
18755.0,1.327,5.6215,0.4965,5.0383,24.8504,12.0482
18760.0,1.3268,5.2828,0.5058,5.8761,24.9082,12.0673
18765.0,1.3268,5.2227,0.5038,4.1736,24.9037,12.0688
18770.0,1.3268,5.0805,0.4775,5.8079,25.036,12.0577
18775.0,1.3263,5.1196,0.4881,4.8486,25.5247,12.0646
18780.0,1.3269,5.1051,0.4998,4.851,24.8007,12.0693
18785.0,1.3266,4.961,0.4713,4.3996,25.1706,12.0666
18790.0,1.3264,4.9916,0.4847,4.7836,25.2908,12.0839
18795.0,1.3268,4.652,0.492,5.6708,24.9164,12.0749
18800.0,1.3267,5.1528,0.4927,4.8846,25.0437,12.0883
18805.0,1.3263,4.9921,0.4804,4.405,25.4783,12.095
18810.0,1.3262,5.8125,0.4872,5.3138,25.4965,12.1103
18815.0,1.3266,5.0529,0.4773,4.8108,24.9954,12.1071
18820.0,1.3265,4.5995,0.488,5.1706,25.0976,12.1098
18825.0,1.3266,5.5582,0.4868,3.1832,25.0345,12.1087
18830.0,1.3268,4.6363,0.4863,4.8468,24.882,12.0972
18835.0,1.3264,5.5787,0.469,4.4687,25.2419,12.1186
18840.0,1.3262,5.3642,0.5028,6.6621,25.4757,12.1225
18845.0,1.3263,4.3355,0.4756,4.0839,25.3112,12.1237
18850.0,1.3266,5.4107,0.5027,5.0948,24.9035,12.139
18855.0,1.3268,5.2374,0.4961,6.1732,24.7695,12.1199
18860.0,1.3268,5.4585,0.4932,6.0181,24.6842,12.1438
18865.0,1.327,5.4732,0.4801,3.1543,24.5472,12.1268
18870.0,1.3264,4.8261,0.4966,5.2466,25.2257,12.1197
18875.0,1.3266,4.8625,0.4803,4.3859,25.0361,12.0955
18880.0,1.3261,5.5047,0.4776,5.8121,25.6787,12.1092
18885.0,1.3267,5.1611,0.4969,3.9697,24.9493,12.0883
18890.0,1.3265,5.3993,0.5033,5.273,25.247,12.0882
18895.0,1.3264,4.8068,0.4823,5.6517,25.366,12.0968
18900.0,1.3263,5.1594,0.4757,6.1055,25.3514,12.1083
18905.0,1.3264,4.599,0.4924,5.9506,25.1919,12.1327
18910.0,1.327,4.9117,0.4874,6.7774,24.5228,12.1489
18915.0,1.3266,5.0755,0.4821,5.1215,24.9489,12.1392
18920.0,1.3263,4.9743,0.4718,5.4322,25.246,12.1367
18925.0,1.3269,5.7574,0.4918,3.7671,24.6097,12.1415
18930.0,1.3263,4.9997,0.4967,5.3392,25.1616,12.1703
18935.0,1.3265,4.9583,0.4579,4.597,24.9615,12.1511
18940.0,1.3261,4.9483,0.477,6.0907,25.4257,12.1706
18945.0,1.3265,5.4843,0.4816,4.8548,24.929,12.1651
18950.0,1.3264,4.9414,0.4679,4.8381,25.0585,12.1575
18955.0,1.3264,5.1957,0.4916,4.1554,24.9964,12.1807
18960.0,1.3261,5.0098,0.4802,6.0058,25.4325,12.1665
18965.0,1.3264,4.8745,0.4731,5.4958,25.0763,12.1762
18970.0,1.3264,5.3878,0.4898,4.3912,25.0641,12.1822
18975.0,1.3268,5.3467,0.4586,3.2417,24.5982,12.1669
18980.0,1.3265,4.9685,0.4925,4.266,24.935,12.1791
18985.0,1.3266,4.8669,0.4924,6.0474,24.7493,12.1782
18990.0,1.3262,5.132,0.4841,4.808,25.1783,12.2058
18995.0,1.3265,4.567,0.4792,4.0863,24.8719,12.2052
19000.0,1.3266,4.7152,0.4942,4.9948,24.7836,12.1984
19005.0,1.3263,4.9035,0.4718,5.5452,25.0644,12.2149
19010.0,1.3262,5.0295,0.4937,5.7969,25.0991,12.2159
19015.0,1.3264,5.2446,0.4949,3.4951,24.9672,12.2119
19020.0,1.3265,5.1953,0.4841,4.7513,24.7865,12.2006
19025.0,1.3264,4.8149,0.4932,4.4304,25.0256,12.1767
19030.0,1.3263,5.1048,0.4752,5.0558,25.1953,12.1657
19035.0,1.3263,5.3673,0.4806,6.3731,25.1649,12.1755
19040.0,1.3264,5.3506,0.4775,5.2259,25.0752,12.1655
19045.0,1.3261,5.1524,0.4765,4.8444,25.4299,12.1734
19050.0,1.3264,4.7109,0.4776,4.8268,25.0439,12.1817
19055.0,1.3262,5.1646,0.4998,4.8591,25.1995,12.1839
19060.0,1.3261,5.1847,0.4926,6.393,25.379,12.1985
19065.0,1.326,5.1268,0.4831,5.6099,25.4956,12.1901
19070.0,1.3265,4.9584,0.4797,4.3858,24.8639,12.1811
19075.0,1.3266,5.4514,0.4899,5.7222,24.8181,12.1797
19080.0,1.3264,4.5293,0.4815,3.878,25.0589,12.1674
19085.0,1.3263,5.0548,0.4811,5.3222,25.1081,12.1875
19090.0,1.3262,4.7549,0.4993,5.7317,25.2307,12.2067
19095.0,1.3268,5.1016,0.4924,5.3072,24.5605,12.1768
19100.0,1.326,5.002,0.4773,5.2244,25.4077,12.1974
19105.0,1.326,4.8172,0.4835,4.4808,25.4216,12.2166
19110.0,1.3261,4.5228,0.4822,4.8175,25.2851,12.2184
19115.0,1.3257,4.8866,0.5066,5.2589,25.8311,12.2325
19120.0,1.3262,5.0515,0.4721,3.5953,25.0237,12.2337
19125.0,1.3263,5.4524,0.4865,3.1603,25.0091,12.2128
19130.0,1.3262,5.1756,0.4793,4.5593,25.1552,12.2005
19135.0,1.3259,4.7697,0.5004,5.0235,25.6343,12.2013
19140.0,1.3259,4.5312,0.4766,4.0489,25.6052,12.2101
19145.0,1.3262,4.4535,0.4697,5.1,25.1079,12.2093
19150.0,1.3259,4.3262,0.4824,6.0622,25.5498,12.2096
19155.0,1.326,4.8477,0.4914,4.3701,25.4864,12.2057
19160.0,1.326,5.0178,0.4813,5.5603,25.3708,12.2337
19165.0,1.3259,5.1317,0.4919,4.2584,25.4977,12.2455
19170.0,1.3259,5.5158,0.4866,5.4371,25.4937,12.2536
19175.0,1.3261,4.364,0.4875,4.6817,25.2357,12.2454
19180.0,1.3261,5.1661,0.4637,3.0519,25.0909,12.2564
19185.0,1.3258,4.906,0.4857,4.2988,25.4686,12.2657
19190.0,1.3256,5.0496,0.4995,6.1721,25.8501,12.2647
19195.0,1.3259,5.3282,0.4806,4.8431,25.4242,12.253
19200.0,1.3258,4.8202,0.4853,4.9298,25.5471,12.2453
19205.0,1.326,5.2707,0.4891,6.6495,25.297,12.2385
19210.0,1.3258,4.9573,0.4779,5.0163,25.529,12.2504
19215.0,1.326,4.2753,0.4861,4.0711,25.34,12.2511
19220.0,1.3262,5.3616,0.4829,4.7266,25.0646,12.2587
19225.0,1.3257,4.8289,0.5031,6.3042,25.8076,12.253
19230.0,1.3256,4.8166,0.4815,5.0286,25.7613,12.2864
19235.0,1.3256,4.9835,0.4858,4.3392,25.7663,12.2801
19240.0,1.3262,4.897,0.4823,5.2145,25.0225,12.2661
19245.0,1.3258,4.8933,0.4628,4.8105,25.6069,12.2704
19250.0,1.3259,5.1822,0.5002,5.6684,25.4217,12.2615
19255.0,1.3259,4.7056,0.4999,6.8462,25.4328,12.2677
19260.0,1.3259,4.8036,0.4907,5.088,25.4123,12.241
19265.0,1.3259,5.4108,0.4997,3.5111,25.4447,12.2483
19270.0,1.3259,4.9878,0.4797,5.9823,25.4424,12.248
19275.0,1.3259,5.0012,0.4943,6.0043,25.3396,12.2672
19280.0,1.3256,4.9921,0.4766,4.0873,25.8062,12.2689
19285.0,1.3261,5.0985,0.4781,6.4227,25.1086,12.2592
19290.0,1.3254,4.9492,0.4887,4.356,26.1619,12.2744
19295.0,1.3256,5.3078,0.4845,6.2752,25.8309,12.2646
19300.0,1.3258,5.0335,0.4687,3.8424,25.6758,12.2452
19305.0,1.3258,4.3459,0.4899,5.1405,25.4699,12.2651
19310.0,1.3255,4.6269,0.4774,3.628,26.0393,12.2909
19315.0,1.326,6.1097,0.4942,5.7826,25.1418,12.2858
19320.0,1.3256,5.2108,0.4857,5.9906,25.9301,12.2702
19325.0,1.3258,4.8531,0.4918,4.9043,25.4848,12.2721
19330.0,1.3259,5.1618,0.4692,5.3912,25.4817,12.2573
19335.0,1.3256,5.2593,0.4892,3.4765,25.9584,12.2454
19340.0,1.3258,4.9899,0.4834,6.1007,25.6276,12.2282
19345.0,1.3255,5.1135,0.4957,5.8815,26.1111,12.2393
19350.0,1.3258,5.0723,0.491,4.7813,25.6204,12.2319
19355.0,1.3258,4.9369,0.4696,4.4727,25.7675,12.2247
19360.0,1.3258,4.8247,0.4675,4.9661,25.6777,12.229
19365.0,1.3256,4.9706,0.4842,6.3339,26.1343,12.2114
19370.0,1.3258,4.8098,0.5014,6.35,25.7108,12.2052
19375.0,1.3257,4.8884,0.5042,5.5108,25.7957,12.2191
19380.0,1.3258,4.9806,0.4852,6.133,25.6057,12.2339
19385.0,1.3255,4.7458,0.4919,4.7156,26.1278,12.2348
19390.0,1.3256,4.9472,0.4974,4.1873,25.9728,12.2518
19395.0,1.3256,5.1887,0.4937,5.5371,25.9888,12.2361
19400.0,1.3257,5.1122,0.4903,5.7352,25.7212,12.2489
19405.0,1.3255,5.0793,0.4904,4.5067,26.0787,12.2731
19410.0,1.3255,5.4089,0.4797,4.6053,26.0979,12.2519
19415.0,1.3258,4.4915,0.4961,6.0805,25.6431,12.2562
19420.0,1.3256,5.0002,0.4851,5.3686,25.8861,12.2548
19425.0,1.3256,5.411,0.4811,5.1869,25.9079,12.2694
19430.0,1.3254,4.5851,0.4936,4.7895,26.3295,12.2529
19435.0,1.3254,4.5056,0.4893,5.859,26.2969,12.2689
19440.0,1.3255,5.1788,0.4816,5.6016,26.1248,12.2601
19445.0,1.3257,4.8099,0.4832,4.8119,25.7838,12.2477
19450.0,1.3255,5.4185,0.4808,5.1024,26.0811,12.2393
19455.0,1.3255,4.8218,0.4621,3.5876,26.2387,12.2243
19460.0,1.3255,4.889,0.4787,4.8675,26.1961,12.2222
19465.0,1.3258,4.895,0.4868,4.2128,25.5971,12.2424
19470.0,1.3255,5.2806,0.4864,4.2351,26.0117,12.2578
19475.0,1.3257,5.166,0.4775,5.3877,25.8564,12.2476
19480.0,1.3254,4.5575,0.502,4.2125,26.2652,12.2446
19485.0,1.3256,4.7561,0.4848,3.9297,25.9983,12.2196
19490.0,1.3258,5.5165,0.4683,4.2269,25.7336,12.2031
19495.0,1.3255,5.5573,0.4898,4.5604,26.2514,12.1888
19500.0,1.3256,4.8345,0.4928,5.6528,26.1058,12.1976
19505.0,1.3257,5.5644,0.4723,4.2039,25.912,12.2165
19510.0,1.3256,5.1811,0.49,4.4535,26.0702,12.228
19515.0,1.3257,5.1063,0.4773,3.9454,25.9439,12.2096
19520.0,1.3253,4.7859,0.4894,4.5534,26.6789,12.2103
19525.0,1.3256,4.8697,0.487,4.6307,26.1599,12.1796
19530.0,1.3259,4.8195,0.4974,4.7725,25.8134,12.1504
19535.0,1.3254,5.1063,0.4897,4.948,26.6037,12.1473
19540.0,1.3256,4.7908,0.4797,5.025,26.4982,12.116
19545.0,1.3258,5.0923,0.5199,6.0952,26.0127,12.1183
19550.0,1.326,4.978,0.4943,6.0446,25.7861,12.1187
19555.0,1.3258,4.8975,0.5027,5.5264,26.1278,12.0976
19560.0,1.3257,5.3282,0.4815,3.8401,26.2763,12.0955
19565.0,1.3256,5.2733,0.4829,5.2658,26.5147,12.113
19570.0,1.3257,4.925,0.4982,5.4648,26.2385,12.1164
19575.0,1.3257,5.2179,0.4942,5.7026,26.282,12.1282
19580.0,1.3254,5.3969,0.4858,3.7455,26.6991,12.1194
19585.0,1.3258,4.9243,0.488,5.3866,25.9908,12.1263
19590.0,1.3255,5.4556,0.4727,4.7586,26.5146,12.1417
19595.0,1.3257,5.8009,0.49,5.925,26.2219,12.1277
19600.0,1.3255,5.5185,0.4977,4.948,26.5518,12.1381
19605.0,1.3255,5.3342,0.4638,4.0067,26.416,12.1429
19610.0,1.3254,5.4888,0.4966,5.636,26.6787,12.1604
19615.0,1.3254,4.5897,0.4752,4.3065,26.6751,12.1721
19620.0,1.3254,5.2206,0.4879,4.6894,26.635,12.1697
19625.0,1.3253,5.2325,0.4719,4.6346,26.785,12.1611
19630.0,1.3253,5.3566,0.4894,4.2714,26.8687,12.1455
19635.0,1.3254,4.4639,0.4821,5.5742,26.631,12.1418
19640.0,1.3255,4.8287,0.4705,5.447,26.4792,12.157
19645.0,1.3256,5.182,0.4716,3.7949,26.3572,12.1555
19650.0,1.3255,4.7334,0.4886,4.9567,26.464,12.1486
19655.0,1.3255,4.953,0.4996,2.9322,26.5241,12.1488
19660.0,1.3256,4.9378,0.4859,5.073,26.4714,12.1203
19665.0,1.3253,4.601,0.4719,5.4768,26.9035,12.126
19670.0,1.3254,4.6169,0.4678,4.1678,26.7376,12.1384
19675.0,1.3251,4.9386,0.5087,5.837,27.3192,12.1471
19680.0,1.3254,4.6894,0.4838,3.7232,26.6069,12.1646
19685.0,1.3253,4.9353,0.4773,3.8553,26.8772,12.1389
19690.0,1.3254,5.0996,0.4688,3.6647,26.6104,12.1732
19695.0,1.3253,4.8321,0.4866,4.7558,26.8753,12.1793
19700.0,1.3253,5.1518,0.4774,4.782,26.6449,12.202
19705.0,1.3253,4.7587,0.4914,5.2015,26.7078,12.2
19710.0,1.3253,5.3248,0.4855,4.1863,26.6795,12.1902
19715.0,1.3252,4.9559,0.4931,4.984,26.9122,12.183
19720.0,1.3253,4.8983,0.5052,5.9234,26.7094,12.1878
19725.0,1.3252,4.985,0.4843,4.3116,26.9903,12.1973
19730.0,1.3252,4.8871,0.4851,4.6651,26.8885,12.2025
19735.0,1.3252,5.1489,0.4935,4.3575,26.8798,12.2088
19740.0,1.3252,5.5756,0.4877,4.2405,26.9071,12.2077
19745.0,1.3253,4.784,0.4928,4.5102,26.7749,12.1964
19750.0,1.3253,5.1275,0.4737,3.9515,26.7539,12.1995
19755.0,1.3252,5.203,0.4718,4.7529,27.0351,12.1935
19760.0,1.325,4.5459,0.4796,5.007,27.3987,12.1977
19765.0,1.3252,4.3126,0.5057,6.1838,26.8197,12.2047
19770.0,1.325,4.7357,0.4837,4.5847,27.3931,12.2075
19775.0,1.325,5.2713,0.4947,4.8372,27.5011,12.207
19780.0,1.325,5.3108,0.4862,5.4702,27.497,12.1859
19785.0,1.325,4.9793,0.495,6.7006,27.524,12.2026
19790.0,1.3252,4.5955,0.4825,6.0037,26.8489,12.2178
19795.0,1.3251,5.4007,0.4902,4.5847,27.1086,12.2183
19800.0,1.3252,5.1824,0.4665,4.1915,26.8522,12.2206
19805.0,1.3251,5.3923,0.4765,5.18,27.0822,12.24
19810.0,1.325,5.1228,0.4844,5.246,27.199,12.256
19815.0,1.325,4.8106,0.4936,6.0059,27.2403,12.2593
19820.0,1.325,4.892,0.5011,5.4262,27.267,12.2506
19825.0,1.325,5.1787,0.4899,4.9356,27.2154,12.25
19830.0,1.325,4.5425,0.4928,4.4289,27.3746,12.238
19835.0,1.325,4.9578,0.4993,6.1823,27.1828,12.2539
19840.0,1.325,5.1305,0.4855,4.5653,27.1561,12.2734
19845.0,1.3249,4.8227,0.4786,5.6985,27.625,12.2458
19850.0,1.325,5.3099,0.4651,4.3305,27.3286,12.2143
19855.0,1.3251,4.9191,0.5065,7.8486,27.2793,12.1839
19860.0,1.325,4.479,0.4905,4.4371,27.5778,12.1935
19865.0,1.3252,5.5722,0.471,6.3355,26.888,12.2042
19870.0,1.3251,4.6151,0.4951,5.2346,27.4076,12.1618
19875.0,1.3251,5.2958,0.4832,6.784,27.2283,12.1591
19880.0,1.3251,4.9163,0.5047,4.8659,27.2301,12.1601
19885.0,1.3249,4.8223,0.4765,4.0886,27.8364,12.1638
19890.0,1.325,4.8517,0.47,3.6879,27.5761,12.1573
19895.0,1.3249,5.2194,0.4823,4.6821,27.9393,12.1333
19900.0,1.3251,5.0119,0.4759,4.1554,27.4272,12.122
19905.0,1.325,5.4914,0.478,4.7811,27.8126,12.1336
19910.0,1.3251,5.2311,0.4814,4.3821,27.4666,12.1407
19915.0,1.3251,5.051,0.4997,7.2822,27.2568,12.1487
19920.0,1.325,5.3568,0.4956,5.5807,27.7272,12.1619
19925.0,1.3249,5.0201,0.482,5.2793,28.0642,12.1332
19930.0,1.325,5.1493,0.4762,6.3918,27.7655,12.1186
19935.0,1.325,5.0198,0.4933,5.9719,27.7432,12.1238
19940.0,1.325,5.1379,0.4983,5.2453,27.5816,12.1387
19945.0,1.3249,5.2317,0.4941,5.2314,27.9186,12.1455
19950.0,1.3249,5.0553,0.4936,4.1654,27.8848,12.1468
19955.0,1.3251,4.929,0.484,4.9961,27.5229,12.1336
19960.0,1.3248,4.9458,0.4699,4.83,28.2882,12.1555
19965.0,1.3249,4.851,0.4874,6.4489,27.888,12.1568
19970.0,1.3251,4.8726,0.4775,4.9931,27.4197,12.1515
19975.0,1.3249,5.1711,0.4764,4.8559,27.9383,12.1564
19980.0,1.3249,4.9541,0.464,4.8083,27.9358,12.1449
19985.0,1.325,5.4389,0.4864,6.2267,27.5233,12.1511
19990.0,1.3249,5.4104,0.4745,4.5983,27.9434,12.1511
19995.0,1.3248,5.0214,0.4779,4.3722,28.3671,12.1348
20000.0,1.3248,4.4665,0.4909,6.267,28.3605,12.1298
20005.0,1.325,5.049,0.4813,4.1196,27.8071,12.1385
20010.0,1.3249,4.7511,0.4975,4.1331,28.2067,12.1246
20015.0,1.3249,4.8825,0.4924,4.759,27.9039,12.1263
20020.0,1.3249,4.9104,0.4681,3.8606,28.2355,12.1126
20025.0,1.325,4.8059,0.4621,3.7084,27.8389,12.1284
20030.0,1.3249,4.7549,0.493,4.4183,28.1152,12.1333
20035.0,1.3249,4.6939,0.4854,4.754,28.172,12.1344
20040.0,1.3249,4.9979,0.4818,6.1845,28.0568,12.16
20045.0,1.3249,5.1292,0.4805,4.5561,28.0639,12.1337
20050.0,1.3249,4.9859,0.4794,6.0906,28.0863,12.1077
20055.0,1.3249,4.9295,0.5003,6.15,28.0451,12.1255
20060.0,1.3248,5.2018,0.4989,6.2066,28.0895,12.1593
20065.0,1.3249,5.2196,0.4955,5.5166,28.1196,12.1478
20070.0,1.325,4.981,0.4877,4.6176,27.7565,12.122
20075.0,1.3248,5.0311,0.4887,5.079,28.1641,12.16
20080.0,1.3248,5.4201,0.4825,5.7316,28.0976,12.1621
20085.0,1.3247,5.0419,0.4861,4.9994,28.5089,12.1677
20090.0,1.3249,4.4384,0.4954,5.4174,27.9863,12.1589
20095.0,1.3249,4.7531,0.5014,5.5219,28.139,12.1357
20100.0,1.3248,5.1371,0.484,4.7889,28.4361,12.1486
20105.0,1.3248,5.3366,0.4918,5.0667,28.1756,12.1594
20110.0,1.3248,4.7481,0.5109,4.6615,28.2116,12.1798
20115.0,1.3247,4.4651,0.4975,5.6776,28.7226,12.1569
20120.0,1.3248,4.9537,0.4752,3.0497,28.4874,12.1343
20125.0,1.3248,5.4049,0.4871,5.1239,28.2631,12.1642
20130.0,1.3249,4.9918,0.4746,5.2939,27.9874,12.1421
20135.0,1.3248,4.6669,0.4753,5.245,28.4702,12.1317
20140.0,1.3248,4.731,0.475,4.6297,28.5655,12.1181
20145.0,1.3248,4.9122,0.484,5.4201,28.6579,12.0971
20150.0,1.3248,5.3208,0.4976,5.6434,28.4352,12.08
20155.0,1.3249,4.9048,0.4698,6.0241,28.2959,12.0662
20160.0,1.325,5.2725,0.491,6.1076,28.031,12.0504
20165.0,1.3249,4.9074,0.4889,4.5673,28.2028,12.0496
20170.0,1.3248,5.3168,0.4974,5.564,28.7418,12.044
20175.0,1.3248,5.4067,0.4843,6.1001,28.6352,12.0379
20180.0,1.3249,4.6935,0.4836,4.1665,28.5305,12.0366
20185.0,1.3248,4.4415,0.4725,5.6507,28.684,12.0502
20190.0,1.3248,5.0016,0.4789,4.5419,28.6317,12.0816
20195.0,1.3247,4.9551,0.4904,5.0335,29.0189,12.0936
20200.0,1.3247,5.4723,0.4733,5.4917,29.0044,12.0336
20205.0,1.3248,4.8608,0.4835,4.5602,28.7586,12.0227
20210.0,1.3248,5.1696,0.488,6.8383,28.7649,12.0087
20215.0,1.3248,4.8536,0.4863,4.1618,28.7931,12.004
20220.0,1.3249,5.3127,0.4922,5.3763,28.5691,11.9747
20225.0,1.325,5.0743,0.4866,3.825,28.4993,11.9744
20230.0,1.3247,4.7185,0.4801,6.312,29.4046,11.9819
20235.0,1.3249,5.1023,0.478,5.8063,29.0972,11.9025
20240.0,1.3249,5.1422,0.483,4.1819,29.0551,11.8978
20245.0,1.3249,5.0586,0.4659,3.762,29.0806,11.8967
20250.0,1.3249,5.0686,0.4873,4.7309,28.7349,11.935
20255.0,1.3249,5.0858,0.4839,3.2525,28.8645,11.9555
20260.0,1.3249,4.7677,0.4662,4.932,29.0289,11.9258
20265.0,1.3249,4.9898,0.4779,5.6846,29.0601,11.9177
20270.0,1.3249,5.3673,0.4999,5.1843,28.8726,11.9133
20275.0,1.3248,5.0226,0.4639,4.4994,29.1449,11.9271
20280.0,1.3247,5.078,0.5001,4.1333,29.5214,11.9478
20285.0,1.3251,4.6881,0.4972,5.7348,28.6251,11.8627
20290.0,1.325,4.8107,0.4825,4.4898,28.9492,11.8539
20295.0,1.3248,4.9391,0.4807,4.6215,29.5726,11.839
20300.0,1.325,5.0398,0.4716,4.3947,28.8396,11.8347
20305.0,1.325,5.0342,0.5053,5.0937,28.8722,11.8328
20310.0,1.3249,4.7116,0.4723,3.4616,29.1205,11.8595
20315.0,1.3249,4.6544,0.4885,4.005,29.2785,11.8551
20320.0,1.3247,4.8051,0.4728,6.0255,29.7657,11.8668
20325.0,1.325,4.4279,0.4776,5.8856,29.3578,11.7797
20330.0,1.325,4.7371,0.4717,5.4344,29.0608,11.7867
20335.0,1.325,5.4567,0.491,4.7226,29.074,11.7733
20340.0,1.325,4.8886,0.4996,5.7626,29.2602,11.7583
20345.0,1.3249,4.6943,0.4684,5.1179,29.5475,11.7771
20350.0,1.3249,5.387,0.4764,4.0157,29.389,11.7979
20355.0,1.3251,4.903,0.4706,4.7778,28.9647,11.7819
20360.0,1.3249,4.7576,0.492,5.839,29.4611,11.7775
20365.0,1.325,4.7606,0.4941,5.0762,29.2562,11.7876
20370.0,1.3251,5.4618,0.4948,4.3133,28.7982,11.7958
20375.0,1.325,5.1083,0.4804,4.6955,29.3027,11.7749
20380.0,1.325,4.2608,0.4955,5.8446,29.3815,11.7514
20385.0,1.325,5.1361,0.4986,5.3386,29.2476,11.7382
20390.0,1.325,5.2714,0.503,4.7693,29.5307,11.7371
20395.0,1.3249,5.2371,0.4902,4.7166,29.6198,11.7403
20400.0,1.3249,4.8738,0.4909,6.4804,29.791,11.7472
20405.0,1.3249,4.8576,0.5053,4.4134,29.5343,11.7423
20410.0,1.325,5.1673,0.4659,3.1279,29.4201,11.7353
20415.0,1.325,5.2285,0.492,5.1328,29.4838,11.7314
20420.0,1.325,4.8457,0.4881,4.5846,29.2922,11.7502
20425.0,1.3252,5.2732,0.4705,5.3825,28.7802,11.7645
20430.0,1.3249,4.8252,0.4912,4.8063,29.5911,11.7734
20435.0,1.325,5.1386,0.48,4.9101,29.4239,11.7577
20440.0,1.3249,4.9072,0.4903,4.9427,29.7591,11.7428
20445.0,1.325,5.6421,0.4886,5.0041,29.4402,11.7577
20450.0,1.3248,4.848,0.4937,6.2468,30.1077,11.7681
20455.0,1.3251,5.0043,0.4785,4.1467,29.4015,11.6634
20460.0,1.3249,4.8654,0.494,5.5743,29.9855,11.6594
20465.0,1.325,5.5363,0.4803,5.0288,29.836,11.6586
20470.0,1.325,4.7339,0.5002,6.1277,29.7121,11.6467
20475.0,1.325,4.8185,0.4819,4.6671,29.7554,11.6572
20480.0,1.3252,4.9403,0.4887,4.4112,29.0362,11.6608
20485.0,1.3249,4.6155,0.5017,5.1782,29.8742,11.6658
20490.0,1.3249,4.9056,0.5062,4.6503,29.8532,11.6792
20495.0,1.3251,5.0115,0.4752,3.9261,29.3681,11.6699
20500.0,1.3251,4.7774,0.4956,4.9811,29.3682,11.6676
20505.0,1.325,4.8374,0.4766,5.499,29.6522,11.6581
20510.0,1.3251,4.9725,0.4694,4.5601,29.451,11.6427
20515.0,1.325,5.0689,0.4737,6.0353,29.749,11.631
20520.0,1.3251,5.6254,0.4766,5.5155,29.6883,11.6185
20525.0,1.3251,4.7651,0.4603,3.0351,29.5557,11.6037
20530.0,1.325,5.1184,0.4869,5.3736,30.0877,11.6154
20535.0,1.3249,5.1839,0.4883,3.8208,30.3761,11.6243
20540.0,1.3251,5.1508,0.4911,4.5298,29.7206,11.5721
20545.0,1.3251,4.7572,0.4942,6.7753,29.8217,11.5855
20550.0,1.3251,4.9246,0.474,5.1177,29.7472,11.6135
20555.0,1.3251,4.8828,0.4926,6.2396,29.8134,11.5967
20560.0,1.325,4.5853,0.4899,6.0528,29.9912,11.582
20565.0,1.3251,4.8025,0.4769,4.6608,29.7157,11.599
20570.0,1.325,4.8253,0.4874,4.4862,30.0361,11.589
20575.0,1.325,5.1518,0.5032,6.5492,29.9653,11.6294
20580.0,1.325,5.3871,0.4976,5.8115,30.2224,11.5804
20585.0,1.3252,4.3215,0.4789,4.9393,29.313,11.5987
20590.0,1.3249,4.6503,0.47,3.8608,30.1968,11.6187
20595.0,1.3249,5.4798,0.5118,4.8225,30.3252,11.596
20600.0,1.3251,5.1504,0.4805,5.5793,29.891,11.5894
20605.0,1.3251,4.9886,0.496,4.1904,29.7416,11.5954
20610.0,1.3249,4.9591,0.5003,5.9166,30.3718,11.5974
20615.0,1.3252,4.5875,0.4816,4.7163,29.6744,11.5736
20620.0,1.3251,5.0812,0.4961,5.517,29.9599,11.5397
20625.0,1.325,4.864,0.4613,4.711,30.4387,11.5356
20630.0,1.3251,5.222,0.4833,4.8078,29.8967,11.5353
20635.0,1.3253,5.201,0.4653,5.0629,29.5535,11.5238
20640.0,1.325,5.2695,0.4707,4.5403,30.1402,11.5413
20645.0,1.3251,4.8897,0.49,5.6772,30.0709,11.5426
20650.0,1.325,5.0265,0.4887,5.1815,30.0168,11.5732
20655.0,1.3249,5.2455,0.4692,5.1862,30.3871,11.5791
20660.0,1.3251,4.8241,0.4856,5.9977,29.8844,11.5615
20665.0,1.325,4.9473,0.4952,5.967,30.1732,11.5694
20670.0,1.3249,4.9591,0.4965,5.0441,30.4099,11.5552
20675.0,1.325,4.7051,0.4879,4.0615,30.2535,11.5583
20680.0,1.3252,4.8812,0.4878,5.7034,29.6659,11.5325
20685.0,1.3251,5.0618,0.4951,5.6083,29.9474,11.5313
20690.0,1.3249,4.6036,0.4891,4.7877,30.5278,11.5384
20695.0,1.3252,5.3293,0.4806,4.5237,29.9206,11.5205
20700.0,1.3252,4.7794,0.4672,6.0512,29.8816,11.5047
20705.0,1.325,4.5158,0.498,4.9415,30.4522,11.5011
20710.0,1.3251,4.8161,0.4818,5.7261,30.1383,11.5148
20715.0,1.3251,5.2095,0.4752,5.2084,30.0172,11.5169
20720.0,1.325,5.2876,0.4957,5.1975,30.2732,11.5196
20725.0,1.325,4.799,0.481,4.5879,30.499,11.5157
20730.0,1.3253,5.5206,0.4845,5.2385,29.6002,11.5143
20735.0,1.3249,5.4751,0.4743,4.2504,30.7732,11.5014
20740.0,1.3252,5.2467,0.4754,3.8827,30.106,11.4371
20745.0,1.3252,5.0585,0.4881,3.6257,30.0423,11.4655
20750.0,1.325,5.246,0.4777,3.173,30.4184,11.4879
20755.0,1.3251,5.4407,0.4547,5.4955,30.2118,11.514
20760.0,1.3251,5.0265,0.4819,4.6998,30.1087,11.5114
20765.0,1.325,4.795,0.4936,6.6907,30.6077,11.5031
20770.0,1.325,4.4344,0.4864,5.8577,30.628,11.4934
20775.0,1.3249,4.8963,0.4777,4.203,30.8507,11.4762
20780.0,1.3253,5.0322,0.4747,5.7041,30.134,11.4107
20785.0,1.3252,5.1214,0.4746,4.58,30.4236,11.3777
20790.0,1.3252,4.9319,0.5036,5.1009,30.7649,11.3348
20795.0,1.3254,4.7989,0.4977,4.9112,30.1263,11.3395
20800.0,1.3254,5.0601,0.506,4.8009,30.2497,11.3317
20805.0,1.3256,4.506,0.4868,5.3781,29.6968,11.3501
20810.0,1.3253,5.2271,0.4908,4.6484,30.2754,11.358
20815.0,1.3253,5.3621,0.4857,5.3083,30.2972,11.3658
20820.0,1.3254,5.3361,0.4938,5.0592,30.1489,11.3589
20825.0,1.3252,5.1768,0.4762,4.6379,30.5775,11.3387
20830.0,1.3253,4.5764,0.5023,5.3629,30.6146,11.3276
20835.0,1.3251,4.7189,0.4783,6.362,30.8975,11.3612
20840.0,1.3252,5.052,0.4766,6.6879,30.4018,11.379
20845.0,1.3252,5.3575,0.5037,5.216,30.596,11.3646
20850.0,1.3253,5.3477,0.4906,5.3314,30.4422,11.3477
20855.0,1.3251,5.1794,0.4711,5.6123,30.9323,11.339
20860.0,1.3251,5.315,0.4872,4.5497,30.8095,11.3627
20865.0,1.3253,4.5045,0.4846,7.293,30.248,11.3587
20870.0,1.3253,4.8542,0.4909,4.325,30.2207,11.3736
20875.0,1.325,4.6342,0.4793,5.0993,31.1557,11.3693
20880.0,1.3253,5.8612,0.4764,4.7139,30.4972,11.3071
20885.0,1.3253,4.8662,0.474,4.6337,30.8378,11.2744
20890.0,1.3253,5.2466,0.4872,5.5628,30.8394,11.2778
20895.0,1.3256,5.1665,0.497,6.0956,29.9826,11.2781
20900.0,1.3252,4.714,0.4816,5.7564,30.9736,11.3022
20905.0,1.3255,4.7765,0.473,4.9493,30.4092,11.2673
20910.0,1.3254,5.1856,0.4896,3.9508,30.5612,11.2643
20915.0,1.3253,5.3337,0.4757,4.0905,30.6696,11.2696
20920.0,1.3253,4.9022,0.4821,6.385,30.9652,11.2583
20925.0,1.3254,5.0401,0.4821,5.5046,30.6082,11.2461
20930.0,1.3254,5.1448,0.487,5.366,30.6707,11.2617
20935.0,1.3255,5.3824,0.4773,4.1949,30.4323,11.2599
20940.0,1.3253,5.3151,0.469,5.4482,30.7616,11.256
20945.0,1.3255,5.0379,0.5026,5.0699,30.5457,11.2207
20950.0,1.3256,4.9309,0.4912,6.6945,30.4838,11.2125
20955.0,1.3257,4.1887,0.4722,5.3315,30.2647,11.2029
20960.0,1.3255,4.9333,0.4629,3.1581,30.7134,11.198
20965.0,1.3257,5.1927,0.4962,5.4794,30.3158,11.1962
20970.0,1.3255,5.2431,0.4949,6.2063,30.5795,11.1962
20975.0,1.3256,5.0965,0.4796,4.2355,30.3686,11.2026
20980.0,1.3257,5.0115,0.486,6.0142,30.4105,11.1842
20985.0,1.3255,4.911,0.4837,4.9459,30.7929,11.1903
20990.0,1.3255,5.6102,0.4783,4.8002,30.7964,11.182
20995.0,1.3254,5.3062,0.4883,5.3568,30.9444,11.1707
21000.0,1.3257,5.2894,0.4939,5.2731,30.4352,11.1484
21005.0,1.3256,4.7012,0.5063,4.9487,30.6896,11.1473
21010.0,1.3255,5.2437,0.4892,3.6733,30.9385,11.1437
21015.0,1.3258,4.3503,0.4935,4.9105,30.266,11.1425
21020.0,1.3256,4.9747,0.4804,4.7055,30.6583,11.146
21025.0,1.3256,4.9503,0.4859,5.9456,30.8619,11.1354
21030.0,1.3258,4.4319,0.4869,6.1355,30.3501,11.1252
21035.0,1.3256,4.8919,0.4827,5.1577,30.846,11.1416
21040.0,1.3258,4.8751,0.4686,4.3729,30.3119,11.1337
21045.0,1.3256,5.2377,0.4839,2.9386,30.6545,11.1504
21050.0,1.3256,5.0205,0.4921,3.5683,30.7317,11.1287
21055.0,1.3259,5.0179,0.489,4.08,30.4592,11.0944
21060.0,1.3255,4.614,0.4958,4.8324,31.0052,11.1277
21065.0,1.3257,5.399,0.484,3.7838,30.7798,11.1079
21070.0,1.3256,5.3053,0.4862,5.286,30.7461,11.1295
21075.0,1.3257,5.5938,0.4774,4.6453,30.6642,11.135
21080.0,1.3255,5.3995,0.4781,5.161,30.907,11.1589
21085.0,1.3256,5.0101,0.4868,5.5872,30.5468,11.1697
21090.0,1.3257,5.1073,0.4801,6.0226,30.4349,11.1742
21095.0,1.3258,5.3885,0.4758,5.9869,30.3468,11.1559
21100.0,1.3254,4.843,0.4928,6.133,31.0266,11.193
21105.0,1.3255,5.2129,0.4817,4.5565,30.7406,11.1778
21110.0,1.3256,4.8064,0.4974,5.4574,30.5562,11.1953
21115.0,1.3255,5.3669,0.4904,5.1641,30.8357,11.1799
21120.0,1.3257,5.0715,0.4854,4.9658,30.4669,11.1739
21125.0,1.3256,4.6522,0.4945,3.1636,30.6341,11.1744
21130.0,1.3256,4.8552,0.4623,3.3417,30.4278,11.1877
21135.0,1.3258,4.8767,0.4654,5.7144,30.1355,11.1867
21140.0,1.3255,5.3358,0.4837,5.0536,30.6516,11.1976
21145.0,1.3256,4.862,0.4748,4.1216,30.4842,11.2106
21150.0,1.3254,5.8146,0.5032,4.5105,30.8509,11.216
21155.0,1.3257,5.3231,0.4893,4.7731,30.151,11.228
21160.0,1.3253,4.4924,0.4947,5.2514,30.9419,11.2208
21165.0,1.3254,4.4296,0.4841,3.9991,30.8431,11.226
21170.0,1.3253,5.6518,0.48,4.3776,30.9599,11.2344
21175.0,1.3253,4.9098,0.4908,4.2721,30.9125,11.2225
21180.0,1.3254,4.6469,0.4883,5.4862,30.6987,11.2223
21185.0,1.3257,4.6486,0.4719,5.1697,30.133,11.2337
21190.0,1.3256,5.3303,0.499,5.3262,30.3218,11.2419
21195.0,1.3254,5.1646,0.4746,4.9761,30.6787,11.2582
21200.0,1.3253,4.7098,0.4614,4.0702,30.7238,11.2633
21205.0,1.3255,5.3827,0.4973,5.5192,30.4519,11.2626
21210.0,1.3254,5.0027,0.4833,4.72,30.5981,11.2539
21215.0,1.3254,4.2415,0.4988,6.2967,30.5593,11.2539
21220.0,1.3252,5.0563,0.4898,5.3193,31.0469,11.2588
21225.0,1.3255,5.101,0.4821,4.5819,30.448,11.2528
21230.0,1.3252,4.9408,0.4728,3.5967,31.025,11.2752
21235.0,1.3252,4.8347,0.4675,4.1272,30.8552,11.283
21240.0,1.3253,5.2707,0.4808,5.9755,30.6844,11.2792
21245.0,1.3254,5.2194,0.4663,5.893,30.5759,11.2774
21250.0,1.3252,4.6982,0.4774,3.9292,30.9267,11.2825
21255.0,1.3253,5.1212,0.4787,5.1615,30.5624,11.3169
21260.0,1.3253,5.0245,0.4669,3.8727,30.4052,11.3353
21265.0,1.3252,4.6679,0.486,4.7662,30.5964,11.3591
21270.0,1.3252,5.2089,0.4912,5.3914,30.66,11.3674
21275.0,1.3252,4.9903,0.492,5.5507,30.7526,11.3562
21280.0,1.3251,5.6395,0.4971,6.0316,30.7211,11.3747
21285.0,1.325,5.2462,0.4751,4.9621,31.0896,11.3888
21290.0,1.3254,5.0336,0.4775,4.8151,30.1563,11.3295
21295.0,1.3252,5.1167,0.4736,5.4943,30.5821,11.3355
21300.0,1.3252,4.4653,0.4949,4.8575,30.91,11.3258
21305.0,1.3254,4.8783,0.481,4.6214,30.2558,11.3274
21310.0,1.3253,5.2152,0.4896,5.8795,30.7922,11.2963
21315.0,1.3251,5.0865,0.4792,5.0727,31.1048,11.2918
21320.0,1.3253,5.1939,0.4791,4.0888,30.8124,11.2834
21325.0,1.3255,5.7376,0.4748,6.2426,30.2364,11.2874
21330.0,1.3253,5.1368,0.4742,3.7907,30.6187,11.2836
21335.0,1.3252,5.3995,0.4797,5.0105,30.951,11.2824
21340.0,1.3255,5.0815,0.472,4.7877,30.3446,11.2744
21345.0,1.3253,4.7762,0.5133,5.5785,30.7275,11.2734
21350.0,1.3255,5.1216,0.4727,5.3979,30.5389,11.2441
21355.0,1.3252,4.5803,0.4811,4.5363,31.0877,11.2525
21360.0,1.3253,5.3101,0.4776,4.6669,30.7647,11.2603
21365.0,1.3254,5.589,0.4822,5.1551,30.5183,11.2695
21370.0,1.3255,4.9887,0.4936,5.2561,30.0904,11.3148
21375.0,1.3253,4.8982,0.4874,4.421,30.6574,11.3133
21380.0,1.3254,5.1148,0.4979,5.3174,30.2657,11.3099
21385.0,1.3253,4.703,0.4749,3.0539,30.5337,11.3298
21390.0,1.3252,5.0636,0.4963,6.4031,30.6666,11.3207
21395.0,1.3254,4.8542,0.4725,4.4404,30.2473,11.3166
21400.0,1.3253,5.3852,0.4903,6.4055,30.4008,11.3206
21405.0,1.3251,4.8977,0.4923,4.9968,30.9551,11.3256
21410.0,1.3254,4.772,0.469,4.329,30.4635,11.3082
21415.0,1.3254,5.1915,0.4818,5.1579,30.3707,11.316
21420.0,1.3252,4.7866,0.4859,3.5846,30.7601,11.328
21425.0,1.3251,4.5584,0.4852,4.1412,30.9113,11.3355
21430.0,1.3252,4.9078,0.4685,4.1296,30.7856,11.3454
21435.0,1.3251,4.7561,0.4989,4.0644,30.8335,11.3555
21440.0,1.3251,5.2215,0.4711,4.7272,30.8128,11.3483
21445.0,1.3252,5.3307,0.4968,5.6997,30.4464,11.3669
21450.0,1.3252,5.2686,0.4916,4.9212,30.6467,11.3373
21455.0,1.3252,4.7723,0.4836,3.8832,30.6208,11.3468
21460.0,1.3251,4.5999,0.4726,4.2345,30.8044,11.3521
21465.0,1.3252,4.9704,0.4724,4.104,30.6865,11.3446
21470.0,1.3253,4.9866,0.4926,5.6783,30.3502,11.3314
21475.0,1.3252,5.1882,0.4928,5.4621,30.9287,11.3224
21480.0,1.3253,4.3303,0.4714,5.1045,30.6392,11.3226
21485.0,1.3252,5.4098,0.4908,6.149,30.8541,11.3158
21490.0,1.3253,5.0682,0.4857,4.9392,30.5899,11.3095
21495.0,1.3254,4.9777,0.4735,4.6586,30.4073,11.2851
21500.0,1.3255,4.2089,0.4926,3.7884,30.1938,11.2834
21505.0,1.3254,5.0318,0.4972,4.4142,30.5369,11.258
21510.0,1.3254,5.1056,0.4842,3.8476,30.5764,11.2646
21515.0,1.3255,5.5021,0.4738,4.8843,30.3417,11.2657
21520.0,1.3253,5.1505,0.4894,5.0661,30.6192,11.285
21525.0,1.3253,4.8162,0.4891,6.3953,30.7877,11.2846
21530.0,1.3254,5.0705,0.4863,5.3021,30.5206,11.2753
21535.0,1.3255,4.7599,0.4752,4.6218,30.3609,11.2747
21540.0,1.3252,5.3171,0.4746,4.4106,30.9417,11.2915
21545.0,1.3257,5.1618,0.4976,5.8298,29.9671,11.2684
21550.0,1.3253,5.0284,0.4846,5.1741,30.9833,11.2573
21555.0,1.3255,4.9717,0.4811,5.2956,30.5024,11.2485
21560.0,1.3255,4.8578,0.4839,5.7651,30.4306,11.2472
21565.0,1.3255,4.9612,0.4719,3.8321,30.408,11.2362
21570.0,1.3255,4.7654,0.4903,4.8194,30.4941,11.2491
21575.0,1.3254,5.2031,0.4673,5.4567,30.5881,11.2409
21580.0,1.3255,4.5918,0.4838,6.0972,30.4745,11.2402
21585.0,1.3255,5.1526,0.4845,4.3025,30.3259,11.2608
21590.0,1.3252,4.8821,0.485,5.785,30.942,11.2846
21595.0,1.3254,5.0917,0.4958,4.5002,30.4758,11.2813
21600.0,1.3257,5.1004,0.4904,5.8198,29.8983,11.2676
21605.0,1.3253,4.9638,0.4795,5.3697,30.8866,11.2312
21610.0,1.3255,4.777,0.5029,3.9616,30.46,11.2431
21615.0,1.3253,5.2292,0.4787,7.2828,30.9076,11.2346
21620.0,1.3254,5.0521,0.475,4.2487,30.5545,11.2476
21625.0,1.3253,4.6712,0.4935,5.1329,30.9497,11.2478
21630.0,1.3253,5.3215,0.4741,4.8867,30.9134,11.2494
21635.0,1.3255,5.2898,0.4964,3.5895,30.5627,11.2387
21640.0,1.3256,4.7132,0.4667,5.4976,30.4406,11.2218
21645.0,1.3254,5.2738,0.4873,3.6436,30.8575,11.2205
21650.0,1.3255,4.9567,0.4913,5.6764,30.4183,11.2519
21655.0,1.3254,4.9843,0.4993,4.8794,30.6856,11.2599
21660.0,1.3252,4.8663,0.4998,5.5497,31.0042,11.2908
21665.0,1.3253,5.1245,0.4677,5.8177,30.5563,11.2938
21670.0,1.3255,4.2857,0.4882,4.9593,30.2372,11.2984
21675.0,1.3254,4.6469,0.495,4.2045,30.2514,11.3038
21680.0,1.3255,5.0656,0.5025,5.6836,30.2743,11.2804
21685.0,1.3254,4.6679,0.4798,4.4682,30.6495,11.252
21690.0,1.3254,5.168,0.4981,5.6718,30.7859,11.238
21695.0,1.3255,5.3402,0.4946,4.4879,30.4451,11.2446
21700.0,1.3255,5.1215,0.4769,5.6575,30.3922,11.2426
21705.0,1.3255,5.0408,0.4877,4.3853,30.4941,11.2432
21710.0,1.3254,4.5462,0.4754,5.8761,30.5159,11.2565
21715.0,1.3253,4.9985,0.5004,5.7333,30.7667,11.2758
21720.0,1.3254,5.0924,0.4869,5.1386,30.5468,11.2762
21725.0,1.3253,5.142,0.4729,4.5408,30.8631,11.2515
21730.0,1.3257,5.1986,0.4978,3.9932,29.8461,11.2578
21735.0,1.3255,4.7018,0.4622,3.5702,30.3653,11.257
21740.0,1.3256,4.7048,0.4791,4.8656,30.031,11.2667
21745.0,1.3253,5.0299,0.4828,4.466,30.7417,11.2668
21750.0,1.3255,5.0619,0.483,4.9494,30.3609,11.2688
21755.0,1.3256,5.268,0.4778,3.6525,30.0697,11.2639
21760.0,1.3254,5.3307,0.4816,5.4955,30.6202,11.2446
21765.0,1.3255,4.7593,0.4758,4.3675,30.2955,11.2541
21770.0,1.3255,5.07,0.484,4.8715,30.3834,11.2451
21775.0,1.3258,4.6151,0.4801,4.3501,29.7046,11.2512
21780.0,1.3257,5.2935,0.4946,5.7156,30.1502,11.2284
21785.0,1.3256,4.8771,0.4975,5.1429,30.2965,11.228
21790.0,1.3258,5.4986,0.4804,4.6883,29.967,11.2224
21795.0,1.3257,4.8854,0.4784,4.96,30.201,11.2124
21800.0,1.3256,4.343,0.4849,5.9667,30.1922,11.2462
21805.0,1.3255,4.7746,0.4811,4.0977,30.3303,11.2543
21810.0,1.3259,5.0612,0.4913,5.5169,29.6969,11.2262
21815.0,1.3256,4.8781,0.4657,4.8412,30.3093,11.2412
21820.0,1.3257,5.1881,0.475,4.2452,30.0396,11.2393
21825.0,1.3258,4.4626,0.4905,5.1299,29.9211,11.2316
21830.0,1.3255,5.6472,0.4675,4.0986,30.4248,11.2459
21835.0,1.3255,5.3189,0.4767,4.8146,30.2647,11.2687
21840.0,1.3257,5.0735,0.4784,4.2997,29.9192,11.2725
21845.0,1.3255,4.9892,0.4705,6.4345,30.3029,11.2632
21850.0,1.3256,5.4624,0.4859,5.5379,30.1859,11.2667
21855.0,1.3256,4.7407,0.4608,4.7218,30.1176,11.2574
21860.0,1.3256,4.5619,0.4774,4.7612,30.1644,11.2678
21865.0,1.3253,5.5436,0.4748,4.1741,30.6528,11.3018
21870.0,1.3254,4.9895,0.4846,4.1137,30.2581,11.3169
21875.0,1.3255,4.7821,0.4717,4.397,30.0975,11.2987
21880.0,1.3255,4.8382,0.4737,5.7998,30.2155,11.2976
21885.0,1.3256,4.5359,0.5028,5.1871,29.8999,11.2906
21890.0,1.3256,4.67,0.4832,4.9303,30.0105,11.2959
21895.0,1.3256,4.8653,0.4903,4.3292,30.0113,11.2908
21900.0,1.3255,5.0433,0.4987,6.0027,30.1174,11.2853
21905.0,1.3254,5.3322,0.4879,5.8379,30.4872,11.2732
21910.0,1.3255,5.6323,0.4855,4.6688,30.3162,11.2811
21915.0,1.3254,4.9971,0.4817,5.1456,30.391,11.2974
21920.0,1.3254,4.8804,0.481,5.4783,30.1648,11.3288
21925.0,1.3254,4.7646,0.505,5.3083,30.1559,11.3319
21930.0,1.3255,4.7035,0.4863,4.9873,29.9208,11.3245
21935.0,1.3256,4.7663,0.4837,5.4194,29.8911,11.3198
21940.0,1.3253,4.6491,0.4873,4.113,30.6398,11.3235
21945.0,1.3253,5.5825,0.4803,4.1588,30.4443,11.3368
21950.0,1.3255,5.3666,0.4842,4.1978,30.0218,11.3317
21955.0,1.3253,5.4402,0.4793,4.9402,30.6335,11.3153
21960.0,1.3254,4.7257,0.4868,5.4266,30.0461,11.348
21965.0,1.3254,5.4939,0.4847,4.383,30.1646,11.3279
21970.0,1.3254,4.7436,0.501,5.2829,30.2685,11.3296
21975.0,1.3254,4.7726,0.4855,5.472,30.1839,11.3401
21980.0,1.3253,5.3158,0.4884,5.6765,30.3019,11.3458
21985.0,1.3253,5.0464,0.4661,4.5726,30.2982,11.344
21990.0,1.3254,4.7392,0.4813,5.45,30.2071,11.3504
21995.0,1.3252,4.74,0.486,4.6492,30.4117,11.3683
22000.0,1.3254,5.3024,0.5019,5.0863,30.1247,11.349
22005.0,1.3255,5.3509,0.4868,4.487,29.977,11.3321
22010.0,1.3254,5.4578,0.492,4.1418,30.2047,11.3184
22015.0,1.3253,5.0154,0.4899,6.1593,30.4682,11.3151
22020.0,1.3255,4.6693,0.4899,4.7531,30.265,11.2936
22025.0,1.3253,5.1813,0.5065,6.3466,30.534,11.3008
22030.0,1.3256,5.1811,0.4771,5.1197,30.0022,11.2876
22035.0,1.3256,4.8841,0.4991,5.7172,30.0327,11.2743
22040.0,1.3255,4.8615,0.4817,6.4333,30.4543,11.2528
22045.0,1.3258,5.047,0.4781,4.5145,29.7543,11.2523
22050.0,1.3256,4.8173,0.482,4.8388,30.0583,11.2859
22055.0,1.3255,5.38,0.4821,5.9193,30.4027,11.2729
22060.0,1.3257,5.1326,0.4748,5.4362,29.8876,11.2782
22065.0,1.3254,5.2542,0.4759,4.7975,30.464,11.2803
22070.0,1.3255,5.5653,0.4892,4.3844,30.1102,11.2929
22075.0,1.3256,4.6875,0.4758,5.4273,29.9777,11.2727
22080.0,1.3254,4.9841,0.4769,4.8813,30.3687,11.2945
22085.0,1.3254,5.4187,0.4846,4.5541,30.1741,11.3191
22090.0,1.3257,5.4197,0.494,4.3631,29.7313,11.3071
22095.0,1.3254,5.0424,0.4785,5.1929,30.1817,11.3165
22100.0,1.3256,5.0804,0.4823,3.7388,29.798,11.3222
22105.0,1.3254,5.1861,0.4845,5.854,30.1222,11.3334
22110.0,1.3253,5.1857,0.4797,5.6979,30.5158,11.3309
22115.0,1.3254,4.4578,0.4763,4.0346,30.1735,11.3234
22120.0,1.3254,5.2424,0.4834,6.0584,30.3036,11.3216
22125.0,1.3256,5.4132,0.4693,4.9584,29.9551,11.3052
22130.0,1.3254,4.5485,0.5107,5.0954,30.2855,11.3121
22135.0,1.3255,4.7944,0.4896,6.0248,30.0836,11.3101
22140.0,1.3255,5.3567,0.4819,5.5751,30.143,11.3114
22145.0,1.3255,5.1068,0.4684,4.0824,30.2682,11.2991
22150.0,1.3255,5.0422,0.4897,4.763,30.1625,11.3095
22155.0,1.3255,5.2683,0.49,5.0422,30.2197,11.2839
22160.0,1.3257,4.992,0.4702,5.2327,29.8775,11.2618
22165.0,1.3256,4.4513,0.4959,4.9386,30.0133,11.2699
22170.0,1.3255,5.147,0.4927,5.166,30.2811,11.2703
22175.0,1.3257,5.0679,0.4635,5.7983,30.0222,11.2556
22180.0,1.3256,4.8598,0.4729,4.5323,30.2321,11.2482
22185.0,1.3258,5.6084,0.4772,4.5223,29.6561,11.2669
22190.0,1.3255,5.5259,0.4708,4.1812,30.3322,11.2546
22195.0,1.3255,4.9106,0.4839,5.1555,30.3528,11.2476
22200.0,1.3255,5.2462,0.4973,3.3787,30.4432,11.2451
22205.0,1.3258,4.7388,0.4851,5.3966,29.8472,11.239
22210.0,1.3258,5.2794,0.4875,5.1975,29.8231,11.231
22215.0,1.3259,4.9626,0.478,4.2081,29.7023,11.2154
22220.0,1.3255,4.9885,0.4863,4.7609,30.4415,11.2269
22225.0,1.3256,5.4208,0.4846,4.0644,30.2521,11.249
22230.0,1.3256,5.1382,0.4968,4.5558,30.145,11.2645
22235.0,1.3256,5.3016,0.5008,5.4319,30.0343,11.262
22240.0,1.3255,5.2608,0.4911,4.4827,30.3698,11.2396
22245.0,1.3255,5.4651,0.479,5.8134,30.2917,11.2553
22250.0,1.3256,5.1758,0.4838,6.7602,30.4059,11.2233
22255.0,1.3259,4.5936,0.4749,4.6131,30.0278,11.1838
22260.0,1.3258,4.8419,0.4884,4.0451,30.1751,11.1768
22265.0,1.3257,4.4544,0.4843,4.7197,30.0998,11.2072
22270.0,1.3257,4.5844,0.4868,3.6849,30.0647,11.2171
22275.0,1.3258,4.9362,0.4898,4.9019,29.9663,11.2086
22280.0,1.3259,4.4789,0.4868,4.802,29.8731,11.2007
22285.0,1.3259,5.3203,0.4918,6.0446,29.8992,11.2033
22290.0,1.3258,5.2806,0.4702,6.3722,30.036,11.1979
22295.0,1.3257,5.2767,0.4626,3.4823,30.26,11.2097
22300.0,1.3256,5.1998,0.4799,4.5785,30.3134,11.2104
22305.0,1.3256,5.0936,0.4941,4.42,30.4166,11.2026
22310.0,1.3255,5.4819,0.4784,3.914,30.5108,11.2103
22315.0,1.3257,4.3051,0.486,4.6135,30.2277,11.218
22320.0,1.3256,5.2918,0.4812,6.3869,30.2922,11.2218
22325.0,1.3257,4.7431,0.4867,5.1191,30.1481,11.227
22330.0,1.3254,4.9746,0.4701,3.5484,30.6495,11.2254
22335.0,1.3259,4.6859,0.4677,3.732,29.9287,11.1976
22340.0,1.3258,4.9819,0.477,5.22,30.0659,11.1833
22345.0,1.3258,4.6125,0.4922,5.4879,30.0948,11.1847
22350.0,1.3259,4.72,0.4857,5.4696,29.9716,11.1864
22355.0,1.3255,5.204,0.4811,5.4844,30.6055,11.1927
22360.0,1.326,5.0429,0.5064,5.2248,29.7757,11.1794
22365.0,1.3257,4.8586,0.4945,5.6625,30.5083,11.1629
22370.0,1.3259,5.0796,0.4593,5.0346,30.0393,11.1653
22375.0,1.3259,5.432,0.4856,4.4467,29.9468,11.1748
22380.0,1.3256,5.118,0.481,4.1618,30.4355,11.1876
22385.0,1.3257,4.1346,0.4787,5.295,30.2183,11.2039
22390.0,1.3258,4.8014,0.4728,5.4055,29.9932,11.2086
22395.0,1.3255,4.6618,0.4851,2.9255,30.6336,11.2012
22400.0,1.3258,4.9005,0.4769,4.5375,29.9763,11.2211
22405.0,1.3256,5.3179,0.4863,4.6087,30.2801,11.2199
22410.0,1.3256,4.6587,0.4908,4.9144,30.4205,11.214
22415.0,1.3258,4.9536,0.4821,5.144,29.8914,11.2194
22420.0,1.3256,5.1779,0.4926,4.8891,30.2284,11.2383
22425.0,1.3258,4.9543,0.4902,6.3981,29.8375,11.254
22430.0,1.3256,4.5893,0.506,5.1031,30.0551,11.2562
22435.0,1.3258,5.0266,0.4947,5.6577,29.8282,11.2465
22440.0,1.3257,5.1888,0.4807,3.7709,30.0168,11.2505
22445.0,1.3255,4.9669,0.5148,6.2617,30.2907,11.2516
22450.0,1.3256,5.3157,0.4745,5.3713,30.1148,11.2486
22455.0,1.3254,5.3912,0.4845,4.2083,30.4726,11.2859
22460.0,1.3258,5.093,0.4752,4.3629,29.7247,11.2751
22465.0,1.3257,4.7285,0.4802,5.5898,29.9154,11.2802
22470.0,1.3255,4.9535,0.4899,5.79,30.171,11.2845
22475.0,1.3256,4.9718,0.4717,4.2793,29.979,11.2832
22480.0,1.3254,4.9316,0.4781,5.1398,30.2,11.3117
22485.0,1.3254,4.8601,0.4857,4.3353,30.4601,11.298
22490.0,1.3253,5.3201,0.4955,4.4913,30.4384,11.3167
22495.0,1.3255,5.2443,0.4782,4.8185,29.93,11.341
22500.0,1.3254,4.4095,0.4897,4.791,30.1226,11.3606
22505.0,1.3252,4.9631,0.4923,4.642,30.5266,11.3539
22510.0,1.3252,5.0171,0.4888,4.7089,30.4465,11.3659
22515.0,1.3254,5.1571,0.4735,4.8164,30.0967,11.379
22520.0,1.3256,5.3167,0.487,5.6409,29.8036,11.345
22525.0,1.3255,5.1262,0.4955,5.8541,30.1098,11.2944
22530.0,1.3257,5.0,0.4864,4.1636,29.9777,11.2477
22535.0,1.3258,5.2131,0.4983,6.2655,29.9509,11.2074
22540.0,1.326,5.1522,0.4862,4.8038,29.7642,11.17
22545.0,1.3261,5.0131,0.491,5.1848,29.9469,11.1232
22550.0,1.326,5.1159,0.4755,3.5352,30.2445,11.0866
22555.0,1.326,5.0776,0.4963,5.805,30.4021,11.0552
22560.0,1.3263,5.2024,0.4989,4.4402,30.2571,10.9849
22565.0,1.3265,4.8974,0.4679,5.7349,30.3207,10.9405
22570.0,1.3267,4.7095,0.4991,5.193,30.2842,10.893
22575.0,1.327,4.4514,0.495,6.5179,30.1922,10.8295
22580.0,1.3272,5.0088,0.4793,4.8958,30.1262,10.7925
22585.0,1.3273,5.4285,0.4827,4.659,30.3808,10.7331
22590.0,1.3276,4.9974,0.4787,4.2421,30.2671,10.6917
22595.0,1.3283,4.7795,0.482,6.8235,30.0364,10.621
22600.0,1.3281,5.5149,0.4837,5.1393,30.4455,10.5741
22605.0,1.3291,4.9906,0.4957,5.2104,30.0218,10.508
22610.0,1.3291,4.8201,0.4842,3.5907,30.3379,10.4543
22615.0,1.3301,4.9718,0.4912,4.4818,29.9195,10.3938
22620.0,1.3297,4.5752,0.4796,5.209,30.3798,10.365
22625.0,1.3302,5.1633,0.471,4.3709,30.0991,10.3513
22630.0,1.331,5.1854,0.4961,5.6251,30.0428,10.2869
22635.0,1.3313,5.383,0.4757,5.3403,30.1228,10.2467
22640.0,1.3316,5.3411,0.4866,4.4122,30.2473,10.1945
22645.0,1.3319,4.8136,0.4945,4.1834,30.3258,10.1545
22650.0,1.3332,4.7964,0.4806,5.3672,29.9863,10.1082
22655.0,1.3347,5.3708,0.4782,5.3236,29.6918,10.0497
22660.0,1.3348,5.1091,0.4766,3.8235,29.9349,10.0024
22665.0,1.3348,5.0877,0.4782,3.4435,30.3302,9.9481
22670.0,1.3356,5.0183,0.4854,5.1632,30.4759,9.8792
22675.0,1.337,4.4195,0.4904,5.1091,30.3301,9.8222
22680.0,1.3377,5.1401,0.4753,4.2625,30.3732,9.7789
22685.0,1.3393,5.1224,0.4918,4.7566,30.152,9.7364
22690.0,1.3401,5.3139,0.4745,5.1449,30.348,9.6748
22695.0,1.3407,5.2208,0.4735,4.8554,30.601,9.6157
22700.0,1.3438,5.3433,0.4909,6.2217,30.0077,9.5794
22705.0,1.3431,5.3144,0.4683,4.3823,30.5473,9.5323
22710.0,1.3458,5.6219,0.5017,5.4605,30.1521,9.4945
22715.0,1.3475,5.8341,0.5011,5.8977,30.1134,9.4477
22720.0,1.3484,5.7697,0.4879,5.3189,30.335,9.3935
22725.0,1.3511,4.9889,0.4948,5.1031,30.1025,9.35
22730.0,1.3528,5.7673,0.4936,5.6111,30.1763,9.2979
22735.0,1.3517,5.7744,0.4841,5.3446,30.4112,9.2934
22740.0,1.353,5.2465,0.4872,6.4881,30.3145,9.275
22745.0,1.3563,4.9828,0.4775,4.9888,30.1073,9.2286
22750.0,1.3568,5.4461,0.4882,3.8545,30.4177,9.1812
22755.0,1.36,5.8428,0.4848,5.1205,30.251,9.1355
22760.0,1.3609,5.4258,0.4949,5.265,30.303,9.1109
22765.0,1.3652,6.0718,0.4869,5.2995,30.1607,9.0528
22770.0,1.3675,6.1414,0.4842,6.1215,30.1958,9.0092
22775.0,1.3689,6.2758,0.496,5.3215,30.4755,8.9584
22780.0,1.372,6.2615,0.4847,6.0157,30.4732,8.9113
22785.0,1.375,5.7178,0.4916,5.1763,30.6541,8.8511
22790.0,1.3783,5.5975,0.4826,5.097,30.4788,8.8238
22795.0,1.3863,5.5123,0.4795,4.7709,30.1764,8.7601
22800.0,1.3929,6.1969,0.4759,7.2036,29.9364,8.7123
22805.0,1.3949,6.2354,0.4745,4.3067,30.1687,8.6683
22810.0,1.3941,5.692,0.498,4.7558,30.7228,8.6236
22815.0,1.4049,6.1734,0.489,4.6793,30.2576,8.5667
22820.0,1.4129,6.8408,0.4955,4.8673,30.1799,8.5065
22825.0,1.4128,6.9942,0.5026,6.8053,30.7776,8.454
22830.0,1.4283,7.0345,0.489,4.8986,29.788,8.4247
22835.0,1.4242,6.8352,0.4877,6.3428,30.5279,8.3895
22840.0,1.4354,7.1991,0.5129,5.7022,30.4084,8.3253
22845.0,1.4461,7.4299,0.4733,6.2551,30.5637,8.2481
22850.0,1.4605,7.3385,0.4732,4.9437,30.3627,8.1833
22855.0,1.4699,7.2601,0.4963,7.1378,30.4045,8.1311
22860.0,1.489,7.7765,0.4906,7.2399,30.1337,8.0626
22865.0,1.4927,8.2325,0.4801,6.3486,30.4019,8.0254
22870.0,1.5025,8.2232,0.5013,6.3559,30.579,7.9732
22875.0,1.5311,8.7788,0.4739,6.5851,30.3689,7.8817
22880.0,1.5405,9.3424,0.5134,7.7065,30.5106,7.8379
22885.0,1.5576,9.0922,0.4796,6.7309,30.4815,7.7852
22890.0,1.5647,8.6816,0.4971,8.6969,30.3328,7.7704
22895.0,1.5764,9.9605,0.5077,9.0449,30.6741,7.7184
22900.0,1.59,9.7729,0.4842,8.5005,30.3899,7.6947
22905.0,1.6061,9.6771,0.5047,8.6078,30.5839,7.643
22910.0,1.6442,10.725,0.5012,10.0052,30.0317,7.5793
22915.0,1.6401,10.429,0.4889,10.5464,30.3083,7.5721
22920.0,1.6424,10.4984,0.5165,9.4263,30.3305,7.5656
22925.0,1.6403,9.8657,0.4893,9.4124,30.9864,7.5399
22930.0,1.6682,10.4984,0.5049,11.2606,30.4889,7.5028
22935.0,1.6865,11.4241,0.4979,10.973,30.6243,7.4595
22940.0,1.7132,11.5875,0.507,10.7497,30.4928,7.4137
22945.0,1.7545,12.9742,0.5109,12.6053,30.261,7.3499
22950.0,1.7494,12.1574,0.5067,12.9457,30.8267,7.3348
22955.0,1.7744,12.8242,0.5112,13.138,30.6633,7.3004
22960.0,1.8118,13.035,0.5157,13.8514,30.7303,7.2411
22965.0,1.8439,14.4036,0.5153,14.9411,30.5927,7.1983
22970.0,1.8819,14.7512,0.5444,17.3146,30.6108,7.1462
22975.0,1.9029,15.1476,0.5374,16.8067,30.1846,7.1294
22980.0,1.9364,16.1326,0.5454,16.6892,30.2996,7.0847
22985.0,1.9536,16.022,0.511,17.9336,30.5958,7.0556
22990.0,1.9988,16.9591,0.5345,19.9485,30.868,6.9985
22995.0,2.0405,17.5289,0.5495,20.9569,30.595,6.9632
23000.0,2.1078,19.0262,0.5454,22.6985,30.1146,6.9146
23005.0,2.1428,19.9455,0.5538,23.1308,30.5565,6.8871
23010.0,2.2095,20.4569,0.5709,26.5496,30.6293,6.8446
23015.0,2.2469,21.2736,0.5682,27.2888,30.4568,6.834
23020.0,2.3155,22.1629,0.5753,28.5193,30.4912,6.8003
23025.0,2.3645,23.1903,0.595,31.3965,30.5101,6.7859
23030.0,2.4662,24.9653,0.5944,35.2015,30.4126,6.737
23035.0,2.5326,26.6281,0.6377,39.989,30.7892,6.7177
23040.0,2.5762,27.024,0.633,40.8243,30.6617,6.7193
23045.0,2.6563,28.4983,0.6481,44.075,30.4525,6.6953
23050.0,2.7182,29.3611,0.6616,45.9416,30.3915,6.6856
23055.0,2.7641,30.8129,0.6851,49.5402,30.2358,6.6879
23060.0,2.7922,30.7618,0.662,50.3546,30.7112,6.7059
23065.0,2.8825,32.57,0.6899,55.9138,31.0378,6.6777
23070.0,2.944,33.1534,0.7333,57.178,30.8416,6.6672
23075.0,3.0047,34.4751,0.7167,60.6944,30.5651,6.6561
23080.0,3.078,36.3851,0.754,65.2848,30.8435,6.641
23085.0,3.1517,37.2831,0.7726,68.6619,30.0932,6.6094
23090.0,3.2036,38.3041,0.794,71.1826,30.418,6.6127
23095.0,3.2574,39.0306,0.7875,75.327,30.5139,6.6093
23100.0,3.3085,40.0709,0.8218,77.4797,30.7805,6.6098
23105.0,3.3492,41.0146,0.8401,80.0997,30.5348,6.6074
23110.0,3.4134,41.2321,0.8462,81.8373,30.9502,6.592
23115.0,3.4468,42.542,0.8701,85.0183,30.5843,6.5889
23120.0,3.4891,42.3499,0.8804,86.425,30.5088,6.5797
23125.0,3.5263,43.2501,0.8755,87.5606,30.6635,6.5803
23130.0,3.5283,43.7508,0.8854,88.449,30.5601,6.5747
23135.0,3.5249,43.1708,0.8684,87.808,30.7789,6.5875
23140.0,3.5265,43.6076,0.8938,88.5373,31.0683,6.5953
23145.0,3.5257,43.7863,0.8908,88.7596,30.6302,6.5818
23150.0,3.5198,43.7404,0.8931,89.0616,30.9617,6.6019
23155.0,3.525,43.428,0.9063,89.1707,31.0654,6.5981
23160.0,3.5249,43.5008,0.8795,87.6287,30.7206,6.5863
23165.0,3.5393,43.8743,0.9005,89.8151,30.5286,6.5559
23170.0,3.5264,43.6763,0.8909,88.3704,30.1782,6.5632
23175.0,3.5374,43.9223,0.9161,88.9028,30.5209,6.558
23180.0,3.5357,43.7654,0.9105,89.6681,30.248,6.5507
23185.0,3.5354,43.8901,0.9095,89.6398,30.2814,6.5521
23190.0,3.5414,44.3225,0.8889,88.2537,30.8432,6.5623
23195.0,3.5471,43.7077,0.9045,89.2402,30.6709,6.5472
23200.0,3.5486,44.1733,0.9004,90.1329,30.6403,6.5432
23205.0,3.5381,44.2787,0.8856,88.524,30.2698,6.547
23210.0,3.5292,43.9449,0.9178,89.3178,30.2852,6.5622
23215.0,3.5499,44.1012,0.8965,89.8985,31.1429,6.5592
23220.0,3.5484,43.9258,0.9083,90.4509,30.8569,6.5516
23225.0,3.5505,44.3006,0.8935,90.3026,30.6856,6.5417
23230.0,3.5633,44.5614,0.9152,91.5223,30.7629,6.5224
23235.0,3.5814,44.4992,0.9277,92.0634,30.8212,6.492
23240.0,3.5848,44.9133,0.9354,93.1895,30.8014,6.4842
23245.0,3.5759,44.7256,0.9197,91.1201,30.5387,6.4899
23250.0,3.5928,44.9107,0.9199,92.5563,30.8656,6.4718
23255.0,3.6004,45.4243,0.9188,92.4236,30.4418,6.4405
23260.0,3.6181,45.4653,0.9308,94.7408,30.4415,6.4047
23265.0,3.6071,45.0718,0.9363,92.4225,30.6561,6.4337
23270.0,3.5987,45.2605,0.9283,92.9513,30.3409,6.4384
23275.0,3.6058,44.8943,0.9454,92.4188,30.5876,6.4346
23280.0,3.5941,44.8009,0.9211,92.8498,30.0966,6.4374
23285.0,3.6,45.0923,0.9219,92.0079,30.5655,6.4449
23290.0,3.6026,45.1184,0.9227,92.5855,30.9506,6.4552
23295.0,3.6007,45.2495,0.9231,92.2034,30.662,6.448
23300.0,3.6053,44.9026,0.9337,93.0796,30.705,6.4406
23305.0,3.6121,45.4228,0.9438,94.6708,30.7699,6.4296
23310.0,3.5931,45.0861,0.921,92.6177,30.3448,6.4489
23315.0,3.604,45.7184,0.9192,93.288,30.8735,6.4495
23320.0,3.6005,44.6229,0.9199,92.6844,31.024,6.4619
23325.0,3.6011,45.0136,0.9311,93.1571,30.5219,6.4419
23330.0,3.6041,44.5038,0.9162,93.6027,30.4842,6.434
23335.0,3.5926,44.9184,0.9201,93.8656,30.3268,6.4493
23340.0,3.5912,44.6543,0.9328,92.2509,30.8683,6.4734
23345.0,3.5908,44.9975,0.9283,92.0044,30.8473,6.4742
23350.0,3.5844,44.6907,0.914,91.0912,30.5313,6.474
23355.0,3.5769,44.3898,0.9032,92.6045,30.6078,6.4905
23360.0,3.5861,44.5721,0.9236,91.5489,30.7026,6.4779
23365.0,3.6014,45.1898,0.9031,92.4561,30.7472,6.4507
23370.0,3.6232,45.7642,0.9305,94.1388,30.8761,6.4123
23375.0,3.6361,45.4786,0.9386,93.7888,30.8062,6.3814
23380.0,3.6308,45.3562,0.9311,94.089,30.5725,6.3817
23385.0,3.6295,45.5265,0.9049,95.3458,30.7877,6.3934
23390.0,3.6294,44.903,0.94,95.7173,30.5835,6.3855
23395.0,3.638,46.0372,0.9343,95.4257,30.8499,6.3782
23400.0,3.6239,45.6573,0.9349,94.6688,30.5936,6.3969
23405.0,3.6206,45.2845,0.9348,93.7542,30.8868,6.4159
23410.0,3.6121,45.0575,0.9215,93.285,30.3882,6.4135
23415.0,3.6249,45.1731,0.9225,92.842,30.849,6.4063
23420.0,3.6175,45.0204,0.9392,95.4139,30.6488,6.413
23425.0,3.622,45.3195,0.9351,95.4919,30.6965,6.406
23430.0,3.6291,45.4387,0.9501,96.2165,30.8927,6.3993
23435.0,3.6214,45.6997,0.9282,93.2896,30.7853,6.4103
23440.0,3.6212,45.5545,0.9355,93.5739,30.3676,6.3943
23445.0,3.6226,45.0724,0.9335,93.8974,30.5037,6.3964
23450.0,3.6192,45.8416,0.9353,94.6115,30.4313,6.4003
23455.0,3.6233,45.8724,0.9419,94.8316,30.4856,6.3945
23460.0,3.6345,45.603,0.9438,94.9904,31.0479,6.3939
23465.0,3.6173,45.3921,0.9333,94.6415,30.7226,6.4159
23470.0,3.6084,45.1147,0.9243,94.2608,30.5375,6.4267
23475.0,3.6131,46.0344,0.922,93.1083,30.6298,6.4217
23480.0,3.6151,45.5274,0.91,92.1687,30.4157,6.4088
23485.0,3.6184,45.1315,0.9226,93.9238,30.5276,6.4064
23490.0,3.615,45.2861,0.9389,95.651,30.7088,6.4203
23495.0,3.6031,45.3075,0.9413,94.5221,30.2878,6.4274
23500.0,3.5987,44.9407,0.9223,92.9394,30.6285,6.4494
23505.0,3.6012,44.7233,0.9228,91.7876,30.3985,6.4365
23510.0,3.6125,45.1571,0.9295,94.4566,31.2432,6.4471
23515.0,3.6022,45.0402,0.9135,92.2105,30.6772,6.4454
23520.0,3.594,44.2636,0.9134,92.9181,30.8091,6.4658
23525.0,3.5942,44.9692,0.9219,91.8827,30.5,6.4543
23530.0,3.5984,44.545,0.9075,92.9734,30.5965,6.4497
23535.0,3.6031,44.8449,0.9383,94.5499,30.5049,6.437
23540.0,3.5964,45.2313,0.9328,93.4545,30.9393,6.4661
23545.0,3.5919,44.5864,0.9239,92.7758,30.7265,6.4673
23550.0,3.5848,45.0164,0.9086,91.1753,30.0982,6.4561
23555.0,3.5934,44.8669,0.9293,92.6136,30.7553,6.4653
23560.0,3.6106,45.3263,0.9279,93.1865,30.7906,6.4344
23565.0,3.6064,45.6476,0.9354,93.7226,31.0283,6.4505
23570.0,3.5992,44.9205,0.9121,92.3541,30.9675,6.4624
23575.0,3.589,45.0452,0.9157,92.1335,30.3796,6.4592
23580.0,3.5766,45.2689,0.903,91.2076,30.1303,6.4722
23585.0,3.5775,44.7997,0.9148,91.9312,30.8467,6.4982
23590.0,3.5533,44.3307,0.9099,91.336,30.1251,6.5144
23595.0,3.5645,44.8111,0.9134,90.5547,30.4802,6.509
23600.0,3.5757,44.6672,0.9155,90.6054,31.0921,6.5116
23605.0,3.5745,44.2944,0.921,92.2024,30.7295,6.5006
23610.0,3.5653,44.4042,0.9195,91.2483,30.239,6.4979
23615.0,3.5735,44.6028,0.9217,93.1007,30.6593,6.4992
23620.0,3.5604,44.4032,0.8869,91.0166,29.9654,6.4962
23625.0,3.5779,44.2686,0.9279,92.3629,30.5484,6.4872
23630.0,3.5782,44.2558,0.9314,92.0682,30.7691,6.4946
23635.0,3.5755,44.7005,0.9155,93.076,30.7387,6.4985
23640.0,3.5672,44.6746,0.9182,90.5197,30.7079,6.5121
23645.0,3.5632,44.5427,0.9213,90.83,30.3412,6.5059
23650.0,3.5571,44.1193,0.8954,89.6568,30.794,6.5328
23655.0,3.5674,44.984,0.9039,91.4339,30.5167,6.5059
23660.0,3.5546,43.9194,0.8991,89.4229,30.0211,6.5085
23665.0,3.5578,43.9593,0.8941,89.867,30.4189,6.518
23670.0,3.5731,44.7131,0.9206,91.0623,30.6826,6.5015
23675.0,3.5716,44.1617,0.8987,91.2187,30.5931,6.5002
23680.0,3.5835,44.4433,0.9098,91.2908,30.5747,6.4783
23685.0,3.5947,44.5592,0.9076,91.5527,30.7307,6.4626
23690.0,3.6129,45.1257,0.9252,93.4362,30.7834,6.4295
23695.0,3.6224,45.5423,0.9284,93.8072,30.3744,6.3927
23700.0,3.6085,44.8236,0.9262,94.4636,30.5174,6.425
23705.0,3.5957,44.5474,0.9274,92.6563,30.0407,6.4317
23710.0,3.6148,45.7839,0.9132,92.4563,31.0764,6.436
23715.0,3.6153,44.9819,0.9208,92.7055,30.5155,6.413
23720.0,3.618,45.0099,0.9226,94.4774,30.2228,6.3947
23725.0,3.6149,45.0953,0.9253,93.4442,30.1621,6.398
23730.0,3.6151,45.0905,0.9357,95.0916,30.4089,6.4078
23735.0,3.6216,45.3609,0.922,94.4047,30.8394,6.4124
23740.0,3.6196,45.398,0.9317,94.4734,30.4329,6.4003
23745.0,3.6293,45.6256,0.9259,94.2278,30.5861,6.3861
23750.0,3.6312,45.7076,0.9302,93.5494,30.79,6.3901
23755.0,3.6233,45.3663,0.9411,96.0271,30.1915,6.3818
23760.0,3.6369,45.7066,0.9235,95.4111,30.6328,6.3714
23765.0,3.6332,45.2276,0.9306,94.2937,30.6417,6.3793
23770.0,3.6197,45.0898,0.9423,94.8031,30.5857,6.4049
23775.0,3.6137,45.3679,0.9181,93.2174,30.6314,6.4197
23780.0,3.5905,45.0563,0.913,90.9597,30.4528,6.4578
23785.0,3.5995,45.1204,0.9408,94.3797,30.6015,6.448
23790.0,3.5836,44.145,0.9333,92.0998,30.0182,6.4545
23795.0,3.6072,45.3154,0.9245,94.9702,30.6949,6.4367
23800.0,3.5767,45.3597,0.9337,92.2919,29.8431,6.4599
23805.0,3.5923,44.9877,0.9282,92.6919,30.2298,6.4471
23810.0,3.6071,44.7898,0.9224,93.5559,30.7474,6.4387
23815.0,3.6004,45.5297,0.9369,93.832,30.1873,6.4291
23820.0,3.5998,44.7411,0.8957,92.1856,30.3774,6.4376
23825.0,3.6007,45.3815,0.9241,92.8642,30.3523,6.4351
23830.0,3.5982,45.3123,0.9197,93.7619,30.2568,6.4361
23835.0,3.5995,44.5503,0.917,92.9253,30.4508,6.4412
23840.0,3.5888,45.364,0.9292,90.6603,30.1289,6.4488
23845.0,3.5878,45.1225,0.901,91.9385,30.582,6.4687
23850.0,3.5817,44.675,0.9081,92.8682,30.1826,6.4652
23855.0,3.5883,44.8762,0.9087,91.4362,30.4987,6.4653
23860.0,3.5853,44.4945,0.9234,92.506,30.7419,6.48
23865.0,3.5839,44.8241,0.9159,91.033,30.7925,6.4849
23870.0,3.5607,44.2751,0.902,92.3716,29.2385,6.4663
23875.0,3.5733,44.0939,0.9152,92.4823,30.4208,6.4895
23880.0,3.554,43.63,0.9141,90.7446,30.2409,6.5173
23885.0,3.5488,44.4962,0.911,91.4497,30.6291,6.5413
23890.0,3.5439,44.3481,0.9044,90.1258,30.2505,6.5366
23895.0,3.5389,44.393,0.9229,90.3394,30.5573,6.5558
23900.0,3.5293,43.5343,0.8995,89.3848,29.9162,6.5491
23905.0,3.5353,44.4007,0.8873,88.8702,30.2266,6.5502
23910.0,3.534,43.4321,0.8944,89.9571,30.509,6.5625
23915.0,3.5198,43.7467,0.8755,86.8585,30.322,6.5791
23920.0,3.5109,43.7117,0.8899,87.4655,30.0827,6.5854
23925.0,3.5119,43.661,0.8823,86.738,30.5287,6.5996
23930.0,3.5141,43.8803,0.9114,88.9017,30.3536,6.5906
23935.0,3.5063,43.3011,0.8822,87.6029,29.8398,6.5844
23940.0,3.5446,43.5876,0.9064,89.5193,30.3777,6.5415
23945.0,3.5531,44.2832,0.9083,90.6927,30.1163,6.516
23950.0,3.5558,44.3904,0.8962,92.0077,30.3926,6.5208
23955.0,3.5479,44.2764,0.9189,91.3186,29.8462,6.514
23960.0,3.557,44.0508,0.9198,90.3057,29.8995,6.5
23965.0,3.5503,44.0731,0.896,89.9473,29.9976,6.5149
23970.0,3.535,43.2596,0.8877,89.0227,29.4334,6.52
23975.0,3.5456,44.7934,0.893,88.7438,30.0137,6.5242
23980.0,3.534,43.9779,0.887,89.2406,29.6196,6.529
23985.0,3.5138,43.373,0.8833,88.4206,29.8005,6.569
23990.0,3.5094,43.1974,0.8958,88.1504,29.8173,6.578
23995.0,3.5212,43.8816,0.8668,87.0193,30.09,6.5692
24000.0,3.5365,44.1946,0.9086,89.8435,30.2843,6.5511
24005.0,3.5423,44.3492,0.9045,90.1469,30.337,6.5427
24010.0,3.5474,43.8277,0.9096,90.0085,30.1805,6.5282
24015.0,3.545,44.5871,0.8815,89.5447,30.291,6.5358
24020.0,3.5341,43.5734,0.8942,90.7246,29.9691,6.5424
24025.0,3.5355,43.5693,0.9242,89.4751,29.914,6.5382
24030.0,3.5367,44.1459,0.9142,88.8584,29.9833,6.5387
24035.0,3.5468,44.2568,0.9113,90.4459,30.2141,6.5302
24040.0,3.5568,44.0724,0.897,90.5484,30.2013,6.5124
24045.0,3.5541,43.9893,0.9167,91.114,29.6573,6.4957
24050.0,3.5526,44.0352,0.9012,90.4527,29.7078,6.4996
24055.0,3.554,44.265,0.91,89.9877,29.7543,6.4991
24060.0,3.554,44.9808,0.8885,90.8718,29.761,6.4993
24065.0,3.558,44.3388,0.9125,91.315,29.9488,6.4997
24070.0,3.5769,44.7306,0.8972,90.451,29.9149,6.4647
24075.0,3.5713,44.9595,0.8979,89.033,29.8067,6.4692
24080.0,3.5809,44.3474,0.9142,91.7167,30.0723,6.4623
24085.0,3.5883,44.8957,0.9245,93.356,29.8973,6.4414
24090.0,3.5736,45.0258,0.8907,91.1096,29.8774,6.4669
24095.0,3.5748,44.8239,0.9252,90.986,30.2599,6.4806
24100.0,3.5556,43.9638,0.9103,90.5844,29.3853,6.4812
24105.0,3.5536,43.8098,0.8973,88.5857,29.9686,6.5073
24110.0,3.5476,43.8205,0.905,90.7454,30.1309,6.5247
24115.0,3.5542,44.3405,0.9088,90.2944,30.2557,6.5187
24120.0,3.5556,44.466,0.9033,91.0267,29.96,6.5049
24125.0,3.5525,43.9928,0.8965,90.4952,30.0364,6.5128
24130.0,3.5624,44.3743,0.924,91.3515,30.1808,6.5013
24135.0,3.541,43.6021,0.9066,89.7625,29.3988,6.5079
24140.0,3.5423,44.7554,0.8848,89.1201,29.4659,6.5084
24145.0,3.5451,43.9213,0.8966,89.8673,29.8037,6.5166
24150.0,3.5373,44.2548,0.9022,89.6815,29.74,6.5277
24155.0,3.5354,44.1077,0.9001,89.6095,30.0033,6.5411
24160.0,3.5115,43.6264,0.8887,88.7439,29.0572,6.5453
24165.0,3.5105,43.5885,0.9003,88.6976,29.8977,6.5782
24170.0,3.5331,43.5555,0.8869,88.6637,30.1355,6.5516
24175.0,3.5252,43.7223,0.8952,88.4437,29.9151,6.5555
24180.0,3.531,44.2112,0.8929,88.9987,29.8984,6.5456
24185.0,3.5284,43.4515,0.9099,89.7448,29.5617,6.5369
24190.0,3.5182,43.4607,0.8913,87.748,29.2836,6.5429
24195.0,3.5271,43.6078,0.9009,90.0017,29.346,6.5307
24200.0,3.5434,44.099,0.9099,90.6965,30.1387,6.5329
24205.0,3.5258,43.1536,0.9068,88.9386,29.5615,6.5408
24210.0,3.5348,44.061,0.8787,87.9095,30.2367,6.5512
24215.0,3.5224,43.7652,0.8736,87.0384,29.4714,6.5436
24220.0,3.5185,43.6569,0.8946,89.6339,29.4429,6.5487
24225.0,3.5329,43.5393,0.892,89.188,29.5586,6.5294
24230.0,3.5278,43.6744,0.894,88.463,29.6386,6.5402
24235.0,3.5199,43.497,0.8901,88.7766,29.6211,6.5529
24240.0,3.4918,43.1914,0.887,87.2066,29.3912,6.5895
24245.0,3.4969,43.5643,0.8796,86.5895,29.8829,6.6005
24250.0,3.5015,43.4291,0.9071,87.5929,29.6496,6.5854
24255.0,3.499,43.1734,0.8714,85.8534,29.0551,6.567
24260.0,3.5022,43.6825,0.8852,87.1838,29.409,6.5744
24265.0,3.5058,43.0133,0.8928,88.0089,29.3399,6.5664
24270.0,3.4994,42.8868,0.8624,86.9379,29.6257,6.5867
24275.0,3.5047,43.441,0.8874,89.3786,29.2451,6.565
24280.0,3.4911,42.9313,0.8778,86.1815,29.2517,6.586
24285.0,3.4834,42.88,0.8849,85.7537,29.2654,6.5992
24290.0,3.482,42.2287,0.8881,86.6835,29.5899,6.6134
24295.0,3.4886,43.4258,0.8829,86.5917,29.4464,6.5987
24300.0,3.4925,43.1136,0.8876,87.4346,29.979,6.611
24305.0,3.4645,42.4822,0.8612,85.0808,29.1707,6.6254
24310.0,3.469,42.5359,0.8827,84.8373,29.4029,6.6274
24315.0,3.4731,42.4977,0.8775,85.3694,29.3456,6.6193
24320.0,3.4658,42.8418,0.8707,86.1869,29.0234,6.6185
24325.0,3.468,42.4016,0.8844,85.3469,29.3225,6.6257
24330.0,3.4686,42.389,0.8863,87.6619,28.9916,6.6134
24335.0,3.4684,43.096,0.8722,86.1473,28.9789,6.6128
24340.0,3.4804,42.6677,0.8744,86.6867,29.6058,6.6168
24345.0,3.4516,42.5006,0.8667,84.5988,28.8805,6.6345
24350.0,3.463,43.1089,0.8908,86.0459,29.2284,6.6306
24355.0,3.4481,42.2575,0.8703,83.7771,28.9762,6.6435
24360.0,3.446,41.9385,0.8337,83.7587,28.9251,6.6453
24365.0,3.4514,41.8684,0.8649,84.6391,29.2562,6.6489
24370.0,3.452,42.2935,0.8694,83.9145,29.3462,6.6512
24375.0,3.4254,41.582,0.8524,82.3314,28.9823,6.6772
24380.0,3.4427,42.5749,0.8541,84.0107,29.2263,6.6617
24385.0,3.4008,41.4813,0.8363,81.0995,29.561,6.7304
24390.0,3.3881,41.4238,0.8496,81.5432,29.2296,6.7395
24395.0,3.3848,41.5305,0.854,80.5689,29.4221,6.7502
24400.0,3.385,41.7467,0.8513,81.1283,29.15,6.7419
24405.0,3.3841,41.3018,0.8431,80.9074,29.2236,6.745
24410.0,3.3982,41.5684,0.8277,81.6183,29.323,6.7294
24415.0,3.3926,40.7522,0.8382,80.8125,29.3361,6.7368
24420.0,3.382,40.8883,0.8291,80.9652,29.2516,6.7485
24425.0,3.4076,41.9311,0.8236,81.6289,29.5337,6.7235
24430.0,3.387,41.5416,0.8462,81.454,28.864,6.729
24435.0,3.3896,41.4735,0.839,81.5314,28.7708,6.7227
24440.0,3.3922,41.5547,0.8604,81.5113,29.0362,6.7275
24445.0,3.4037,41.9121,0.8619,83.0075,29.3409,6.7218
24450.0,3.3968,41.9012,0.8562,81.4803,29.3634,6.7317
24455.0,3.3851,41.1584,0.8325,81.0316,29.0181,6.7368
24460.0,3.396,41.6539,0.8282,80.5122,28.6374,6.7098
24465.0,3.4161,41.5242,0.8445,81.5856,29.419,6.7068
24470.0,3.4041,41.6793,0.8434,82.0564,28.8902,6.7059
24475.0,3.3967,41.5736,0.8259,80.4261,28.5311,6.7042
24480.0,3.3977,41.6402,0.8582,81.0867,29.1994,6.7246
24485.0,3.3794,40.8393,0.8395,80.2651,28.5686,6.7297
24490.0,3.3684,41.2077,0.8441,80.5037,28.8179,6.7527
24495.0,3.3515,40.9464,0.8302,77.8479,29.0085,6.7816
24500.0,3.3303,40.6809,0.8511,79.4279,28.5803,6.7968
24505.0,3.358,40.5091,0.8377,80.0205,28.93,6.7723
24510.0,3.3529,40.2824,0.8348,79.2354,29.0395,6.7814
24515.0,3.3402,40.176,0.8292,79.4539,28.5575,6.7834
24520.0,3.337,40.7662,0.8348,78.9142,28.9298,6.7989
24525.0,3.3318,40.2949,0.8304,77.6504,28.8679,6.8042
24530.0,3.3264,39.8579,0.799,75.8668,28.409,6.7974
24535.0,3.3329,40.1713,0.8248,78.4046,28.7831,6.8002
24540.0,3.3362,40.4201,0.8264,79.1865,28.4942,6.7873
24545.0,3.3248,39.9218,0.84,76.4197,28.5429,6.803
24550.0,3.3174,40.0757,0.8286,77.2011,28.4495,6.8102
24555.0,3.3015,39.7642,0.8102,75.4431,28.1622,6.822
24560.0,3.3048,39.5841,0.7951,75.8069,28.515,6.8287
24565.0,3.296,39.6862,0.812,74.5648,28.6381,6.8435
24570.0,3.2996,39.661,0.8132,75.4096,28.4068,6.8329
24575.0,3.2853,39.1346,0.8183,75.7783,28.7939,6.8613
24580.0,3.2758,39.2658,0.8103,75.7367,28.6709,6.8704
24585.0,3.2692,39.4824,0.808,73.9507,28.4875,6.8737
24590.0,3.2629,39.1762,0.7972,75.546,28.5997,6.8844
24595.0,3.2736,39.1676,0.7952,73.7405,28.7903,6.8772
24600.0,3.2743,39.0742,0.8099,74.8066,28.5161,6.8684
24605.0,3.2766,39.6776,0.7827,74.4935,28.341,6.8604
24610.0,3.2847,39.0433,0.7972,75.8822,28.2912,6.8487
24615.0,3.2802,39.2301,0.8162,74.9949,28.9785,6.8731
24620.0,3.2789,39.2921,0.7941,74.8822,28.9172,6.8738
24625.0,3.2617,39.1283,0.7891,74.4327,28.7779,6.8908
24630.0,3.2453,38.3745,0.7954,73.7029,28.851,6.9128
24635.0,3.236,39.0223,0.805,72.8466,28.4259,6.9134
24640.0,3.2365,38.367,0.7948,74.1768,28.431,6.9129
24645.0,3.2211,38.3791,0.785,71.9985,28.2993,6.9277
24650.0,3.1974,37.5795,0.7645,70.087,28.6634,6.9651
24655.0,3.1801,37.7651,0.7779,69.2212,28.214,6.9753
24660.0,3.1988,37.7038,0.7867,69.8857,28.4974,6.9611
24665.0,3.1848,37.4332,0.7597,68.9654,28.1373,6.9678
24670.0,3.1612,36.99,0.7591,67.1556,28.3425,7.0001
24675.0,3.1547,37.3808,0.7621,67.3912,28.1978,7.0046
24680.0,3.1649,37.1705,0.7611,68.5162,28.2749,6.9956
24685.0,3.1752,37.7835,0.7767,69.7326,28.3209,6.9846
24690.0,3.1525,36.7234,0.782,69.5021,28.2161,7.0068
24695.0,3.1657,37.2604,0.7782,68.377,28.1826,6.9926
24700.0,3.1618,36.798,0.7759,69.0173,28.0908,6.9944
24705.0,3.1546,37.5745,0.7784,68.7036,28.1223,7.003
24710.0,3.1737,37.6068,0.7649,69.1029,28.6045,6.9933
24715.0,3.1694,37.1792,0.7923,70.9076,28.4447,6.9941
24720.0,3.1574,37.4276,0.7549,68.5337,28.6194,7.0104
24725.0,3.133,36.672,0.7563,65.7919,28.0451,7.0222
24730.0,3.1749,37.7042,0.786,69.8757,28.5466,6.9884
24735.0,3.1398,37.0335,0.7738,66.9889,28.6678,7.0259
24740.0,3.1083,36.3716,0.7739,66.6787,27.8159,7.0383
24745.0,3.1048,36.2926,0.7579,66.7012,28.0199,7.0413
24750.0,3.1428,37.0009,0.7603,66.5834,28.436,7.0072
24755.0,3.1448,36.7913,0.7409,67.0437,28.062,6.9957
24760.0,3.1415,37.0477,0.7606,67.8351,28.565,7.0092
24765.0,3.1192,36.4109,0.7294,64.8547,28.1986,7.0232
24770.0,3.1197,36.491,0.7735,67.7515,28.2482,7.0213
24775.0,3.1035,35.8725,0.7425,64.9976,28.4667,7.0384
24780.0,3.0904,36.2759,0.7612,64.3805,28.3955,7.0455
24785.0,3.0798,35.6469,0.7523,64.1704,28.2435,7.0476
24790.0,3.0464,35.6845,0.7567,63.9198,27.9749,7.0689
24795.0,3.0268,34.7143,0.7302,62.0887,27.6211,7.0738
24800.0,3.0202,34.319,0.7404,63.1823,28.1401,7.0794
24805.0,3.0056,34.7246,0.7094,60.5266,28.3291,7.0861
24810.0,2.9845,34.3462,0.6993,58.5684,28.1307,7.0921
24815.0,2.9661,33.4349,0.7165,60.4601,27.8732,7.0942
24820.0,2.9692,33.5715,0.7331,59.6848,28.1247,7.0832
24825.0,2.9904,34.03,0.717,59.5489,28.2054,7.0546
24830.0,2.989,33.7128,0.7324,59.5994,27.9251,7.0442
24835.0,2.9628,33.7535,0.7381,59.0005,27.2119,7.0525
24840.0,2.9867,34.2623,0.7147,58.7922,27.9532,7.0349
24845.0,2.9933,34.3635,0.7178,59.1758,28.0772,7.0259
24850.0,2.9708,33.5089,0.7316,59.7556,28.4048,7.0472
24855.0,2.9354,33.5861,0.7004,57.0472,27.8067,7.066
24860.0,2.9153,32.7961,0.6963,55.33,28.0779,7.0797
24865.0,2.9311,33.3242,0.7009,56.9197,27.9749,7.0551
24870.0,2.9419,33.4883,0.7121,57.8504,27.5496,7.0326
24875.0,2.964,34.0434,0.7196,58.8162,28.3651,7.0186
24880.0,2.9652,33.9133,0.708,57.8753,27.5082,7.0034
24885.0,2.9758,33.6813,0.7091,58.5132,28.1164,7.0013
24890.0,2.9795,33.6814,0.7122,60.1333,27.7119,6.9922
24895.0,2.9993,34.4361,0.7379,61.1929,27.9234,6.9778
24900.0,3.0399,35.3666,0.7436,64.09,27.7332,6.9398
24905.0,3.0502,35.117,0.7293,62.9965,27.963,6.9401
24910.0,3.0626,35.2753,0.7536,64.8582,28.3608,6.9424
24915.0,3.0675,35.6208,0.7438,64.119,27.4604,6.9293
24920.0,3.0822,35.9895,0.7628,65.754,28.0228,6.9335
24925.0,3.0631,35.082,0.7439,64.0043,27.6025,6.9521
24930.0,3.0752,35.8882,0.7441,64.6035,27.6311,6.9475
24935.0,3.0955,36.3241,0.7568,67.186,28.1674,6.944
24940.0,3.1021,36.0093,0.7725,66.4542,27.8714,6.9388
24945.0,3.1349,37.4135,0.7568,67.7886,28.0389,6.9175
24950.0,3.1403,36.2704,0.7619,68.1365,27.6287,6.913
24955.0,3.162,37.3641,0.7655,68.4423,28.0713,6.9108
24960.0,3.17,37.5878,0.7893,69.9876,28.0485,6.9129
24965.0,3.189,38.044,0.7755,69.1431,27.4768,6.8912
24970.0,3.2008,38.2264,0.8033,71.127,27.5408,6.8926
24975.0,3.2211,38.5749,0.7759,71.4246,27.6642,6.8869
24980.0,3.2114,38.0311,0.7842,71.6652,27.784,6.9132
24985.0,3.2179,38.3772,0.7884,70.3699,27.6728,6.9148
24990.0,3.2073,37.9912,0.7924,71.217,27.468,6.9221
24995.0,3.2151,38.7287,0.7762,70.1502,27.8297,6.9227
25000.0,3.2076,37.9871,0.7885,71.6186,28.0071,6.9364
25005.0,3.2107,38.0158,0.7728,69.4657,27.8779,6.9297
25010.0,3.2008,38.4172,0.7994,71.4678,27.7335,6.9375
25015.0,3.1944,37.5729,0.7657,68.7826,28.0562,6.9538
25020.0,3.2041,38.1697,0.7717,73.2621,27.628,6.9316
25025.0,3.2039,37.685,0.7777,71.3346,27.7363,6.934
25030.0,3.2007,37.8401,0.803,72.77,27.9387,6.9432
25035.0,3.2039,37.5804,0.7747,70.2839,27.8274,6.9368
25040.0,3.2057,38.3935,0.7637,70.3427,27.8522,6.9351
25045.0,3.1964,37.4285,0.764,69.5587,27.5025,6.9367
25050.0,3.1997,38.0784,0.7772,71.3064,27.9515,6.9448
25055.0,3.1815,37.5522,0.7771,69.1376,27.5106,6.9551
25060.0,3.1918,37.732,0.784,70.1693,27.4278,6.941
25065.0,3.1878,37.907,0.8027,71.2705,27.5763,6.9493
25070.0,3.1991,37.523,0.784,70.8771,27.7049,6.9394
25075.0,3.2206,38.8495,0.7911,71.7573,28.0487,6.9226
25080.0,3.2155,38.3681,0.786,72.0899,27.843,6.9226
25085.0,3.2271,38.7228,0.7963,72.802,27.7277,6.9055
25090.0,3.2308,38.7125,0.7862,72.1638,27.8833,6.9048
25095.0,3.2092,37.9983,0.7942,72.3408,27.8792,6.9305
25100.0,3.2133,37.9653,0.7958,71.86,27.5794,6.9184
25105.0,3.2405,38.7649,0.7932,72.2622,27.8858,6.8935
25110.0,3.2344,38.306,0.7898,72.5037,27.6747,6.8941
25115.0,3.235,38.7774,0.7969,73.8477,27.2105,6.8801
25120.0,3.2283,38.8597,0.7884,71.956,27.3624,6.8922
25125.0,3.2158,38.043,0.7719,71.2883,27.8302,6.9209
25130.0,3.2117,38.1236,0.7905,71.9288,27.7171,6.9238
25135.0,3.2242,38.5271,0.7808,72.1703,27.3457,6.8984
25140.0,3.2203,38.3632,0.7816,71.9965,27.4952,6.9064
25145.0,3.224,38.7977,0.7884,72.577,27.2616,6.8956
25150.0,3.2453,38.7262,0.8023,73.5998,27.6559,6.8802
25155.0,3.2058,37.7836,0.761,70.1386,27.5597,6.9251
25160.0,3.1952,37.4736,0.7746,69.8867,27.0616,6.9259
25165.0,3.1808,37.3999,0.7582,67.4216,27.32,6.9503
25170.0,3.1663,37.3341,0.776,68.9449,27.3553,6.9693
25175.0,3.1534,37.3527,0.7664,67.8564,27.1376,6.9796
25180.0,3.1799,37.5589,0.7772,69.9496,27.8939,6.9681
25185.0,3.1761,37.3105,0.7875,69.7521,27.1552,6.9531
25190.0,3.1905,37.8958,0.7938,70.3191,27.3326,6.9399
25195.0,3.1899,38.2548,0.7991,71.9844,27.6466,6.9485
25200.0,3.1819,37.6401,0.7899,69.2864,27.7124,6.96
25205.0,3.2069,38.0654,0.7754,69.8241,27.774,6.9324
25210.0,3.2177,38.5072,0.827,72.1826,27.5112,6.9112
25215.0,3.2028,38.0595,0.7929,72.4781,27.6447,6.9321
25220.0,3.2067,38.9969,0.7789,70.8849,27.5839,6.9265
25225.0,3.222,38.7045,0.7894,71.6156,27.524,6.9061
25230.0,3.2497,38.5186,0.8015,73.7811,27.5598,6.8725
25235.0,3.2771,39.5937,0.8169,75.6156,26.9457,6.8177
25240.0,3.2795,39.3533,0.7906,74.1875,27.4005,6.827
25245.0,3.2738,38.903,0.8103,75.3247,27.5092,6.8379
25250.0,3.2468,39.1082,0.8074,74.3745,26.6371,6.8458
25255.0,3.2895,39.2743,0.8087,75.0845,27.4336,6.8161
25260.0,3.2947,39.4386,0.8111,75.4046,27.43,6.8083
25265.0,3.2874,39.5974,0.7973,74.4255,27.2943,6.8132
25270.0,3.3176,39.5358,0.8313,78.0288,27.8687,6.7924
25275.0,3.3192,39.9021,0.8035,75.8277,27.0283,6.7621
25280.0,3.3251,40.1009,0.8303,78.3494,27.474,6.7679
25285.0,3.3195,39.8011,0.8383,77.0604,27.1628,6.7653
25290.0,3.3418,40.5347,0.8164,77.7452,27.4169,6.7438
25295.0,3.3594,40.7361,0.8271,79.4897,27.7848,6.7315
25300.0,3.363,41.2301,0.8339,80.1303,27.4699,6.7154
25305.0,3.3698,40.7087,0.8322,78.5285,27.6431,6.7113
25310.0,3.3661,40.3096,0.8606,79.5648,27.1941,6.7006
25315.0,3.3729,40.8124,0.8148,79.5823,27.5493,6.7033
25320.0,3.3684,41.2105,0.8163,79.4334,26.9367,6.6877
25325.0,3.3917,40.7845,0.8476,80.4249,27.7192,6.6824
25330.0,3.3661,41.0712,0.8375,80.6923,27.1556,6.6982
25335.0,3.3659,40.9701,0.8419,80.047,27.4304,6.7087
25340.0,3.3611,40.5669,0.8393,79.8424,27.2998,6.7113
25345.0,3.3745,40.9988,0.8493,80.9858,27.3544,6.6945
25350.0,3.3754,40.8128,0.8442,80.938,27.325,6.6916
25355.0,3.3773,40.9504,0.8363,79.9071,27.5984,6.6985
25360.0,3.3733,40.9068,0.8287,79.6137,27.3792,6.6966
25365.0,3.3799,41.3644,0.8499,79.7846,27.5134,6.692
25370.0,3.3897,40.9252,0.8511,80.6498,27.1486,6.6646
25375.0,3.3887,41.3974,0.8485,80.83,27.4897,6.6776
25380.0,3.3983,41.0773,0.8546,81.2134,27.6513,6.6701
25385.0,3.3953,40.9232,0.8542,81.2872,27.0678,6.6527
25390.0,3.4141,41.8037,0.8487,82.0262,27.9419,6.657
25395.0,3.4171,41.8752,0.854,82.3149,27.5917,6.64
25400.0,3.4099,41.5693,0.8416,81.6783,27.3817,6.6421
25405.0,3.4277,41.8479,0.8445,82.3222,27.4898,6.6198
25410.0,3.4123,41.9201,0.8584,82.543,27.6112,6.6464
25415.0,3.3957,41.1148,0.8627,82.1964,27.1193,6.6531
25420.0,3.4163,41.359,0.8657,82.8183,27.581,6.6406
25425.0,3.4033,41.2463,0.865,82.1852,27.3236,6.6496
25430.0,3.4124,41.5602,0.8554,82.1072,27.7217,6.6514
25435.0,3.4202,42.114,0.8495,82.4277,27.6833,6.6386
25440.0,3.391,41.5155,0.8263,79.4661,26.9553,6.6535
25445.0,3.3641,40.4308,0.8567,80.0211,27.0694,6.6968
25450.0,3.3789,40.9681,0.8367,80.0852,27.2105,6.6826
25455.0,3.379,40.8368,0.847,80.9601,27.6978,6.6994
25460.0,3.382,41.1047,0.8395,81.0859,27.5464,6.6904
25465.0,3.3597,40.7096,0.8221,78.0456,26.9957,6.7017
25470.0,3.3643,40.5742,0.853,80.8548,27.1487,6.7012
25475.0,3.372,41.0144,0.8338,79.4369,27.6347,6.7075
25480.0,3.3714,40.8154,0.8352,81.3006,27.7784,6.7136
25485.0,3.3828,41.205,0.8398,81.3282,27.8671,6.701
25490.0,3.3468,40.2967,0.8075,76.9624,27.4538,6.7359
25495.0,3.3147,40.4596,0.8457,77.6079,27.2441,6.7732
25500.0,3.3147,39.5939,0.815,76.5947,27.6482,6.7877
25505.0,3.3393,40.8738,0.8136,79.1129,27.7185,6.758
25510.0,3.3053,40.0862,0.8169,77.1888,27.0954,6.7816
25515.0,3.3298,39.6729,0.828,77.9202,27.5611,6.7653
25520.0,3.333,40.2342,0.8248,77.7919,27.8417,6.7697
25525.0,3.3411,40.5515,0.8186,77.5459,27.6164,6.7516
25530.0,3.3618,40.9942,0.8113,79.0077,27.7825,6.7284
25535.0,3.3583,40.5679,0.8432,79.7483,27.4499,6.721
25540.0,3.3434,40.5819,0.8259,79.3731,27.433,6.7406
25545.0,3.3718,41.0421,0.836,80.7587,27.8344,6.7161
25550.0,3.4053,41.281,0.8337,82.1724,27.7937,6.6666
25555.0,3.4264,42.479,0.8423,81.8952,27.7286,6.6317
25560.0,3.4289,41.8803,0.8465,82.0458,27.3165,6.6109
25565.0,3.431,41.7923,0.8798,83.7394,27.458,6.6124
25570.0,3.4258,41.4249,0.8698,84.1576,27.2942,6.614
25575.0,3.4541,42.3598,0.8675,84.8577,28.0734,6.601
25580.0,3.4541,42.4636,0.8806,84.2696,27.4527,6.5763
25585.0,3.4675,42.6492,0.881,86.8065,27.4675,6.555
25590.0,3.4857,43.1095,0.8911,87.1943,27.6492,6.5321
25595.0,3.4456,42.1428,0.8678,84.3044,27.0958,6.5728
25600.0,3.4611,43.3,0.852,84.3897,27.7971,6.5781
25605.0,3.4749,42.6399,0.8718,85.971,27.7514,6.5546
25610.0,3.4602,42.3698,0.8485,85.1024,27.6914,6.5747
25615.0,3.4646,42.8273,0.8687,85.25,27.7659,6.5714
25620.0,3.45,42.2461,0.8649,84.5891,27.7488,6.5933
25625.0,3.4429,42.1162,0.8619,83.6621,27.438,6.593
25630.0,3.4546,42.0892,0.8501,83.6557,27.5749,6.5802
25635.0,3.4603,42.2262,0.8481,84.4104,27.5015,6.5679
25640.0,3.4677,43.0735,0.878,85.5469,27.3621,6.55
25645.0,3.4724,43.2082,0.864,85.288,27.6962,6.5553
25650.0,3.4706,42.9751,0.8651,85.1282,27.5504,6.5526
25655.0,3.4826,42.4576,0.8751,86.7754,27.4756,6.53
25660.0,3.4803,43.093,0.8794,86.4671,27.5636,6.5366
25665.0,3.4956,43.7214,0.8687,86.1359,27.7916,6.5212
25670.0,3.4887,42.5726,0.8922,86.4138,27.7885,6.5317
25675.0,3.4835,42.7673,0.8801,85.2853,27.3089,6.5209
25680.0,3.482,43.0387,0.8817,85.4564,28.0087,6.5516
25685.0,3.4827,42.9712,0.8762,87.1898,27.8045,6.5433
25690.0,3.4969,43.2931,0.8821,86.5682,28.1788,6.5349
25695.0,3.4818,43.6933,0.8905,86.7964,27.4847,6.5311
25700.0,3.4901,43.0099,0.8923,86.0747,27.6829,6.5255
25705.0,3.4958,42.7602,0.8896,87.2581,28.2055,6.5371
25710.0,3.5132,43.4376,0.8925,87.7202,27.9555,6.4984
25715.0,3.5044,43.7792,0.9059,88.3743,27.4869,6.4921
25720.0,3.514,43.5209,0.8991,88.1216,27.8843,6.4924
25725.0,3.5153,43.3526,0.8861,86.5086,27.563,6.4765
25730.0,3.5177,43.2756,0.8838,88.3394,27.6836,6.4768
25735.0,3.537,44.1733,0.9054,90.0124,28.1417,6.4628
25740.0,3.5159,44.1205,0.876,87.5518,27.644,6.4778
25745.0,3.5117,43.0987,0.8905,89.3422,27.8216,6.4931
25750.0,3.5057,43.6856,0.8938,87.342,27.7671,6.5016
25755.0,3.516,43.7622,0.8802,87.6329,28.5222,6.5155
25760.0,3.5164,44.031,0.8803,88.6343,27.853,6.4879
25765.0,3.5107,43.1758,0.8745,88.3506,27.4405,6.4789
25770.0,3.5191,43.8083,0.878,88.0745,27.9914,6.4876
25775.0,3.5154,43.0317,0.8893,88.6162,27.5319,6.4748
25780.0,3.5372,44.2806,0.8931,88.39,28.0375,6.4579
25785.0,3.5543,44.129,0.9004,91.7438,28.3138,6.4382
25790.0,3.5399,44.0343,0.8793,88.4365,28.0501,6.4522
25795.0,3.5349,43.4758,0.9217,90.5143,27.6029,6.4421
25800.0,3.5526,44.1133,0.9138,91.7359,27.8627,6.4209
25805.0,3.5458,44.2802,0.8985,89.5305,27.9407,6.4362
25810.0,3.551,44.1754,0.891,89.815,28.0089,6.4302
25815.0,3.5437,43.7822,0.9168,90.6126,27.786,6.4334
25820.0,3.557,44.2121,0.9293,92.0069,28.2354,6.429
25825.0,3.5614,44.3997,0.9282,91.2248,28.0452,6.4122
25830.0,3.5687,44.7229,0.9113,90.5896,27.9988,6.3956
25835.0,3.5898,44.8933,0.9128,93.0065,28.332,6.3688
25840.0,3.5908,44.8565,0.9237,91.8794,28.0383,6.3522
25845.0,3.5903,44.9907,0.9445,93.3337,27.9034,6.3464
25850.0,3.5798,44.5861,0.9137,90.7097,27.8706,6.3657
25855.0,3.5733,45.0523,0.9086,90.993,28.0076,6.3854
25860.0,3.585,45.1396,0.9196,92.1005,28.2287,6.3733
25865.0,3.5836,44.2569,0.9062,92.0333,28.2919,6.3785
25870.0,3.5873,44.3263,0.9254,92.7073,28.371,6.3749
25875.0,3.5907,44.7748,0.9073,92.0574,28.1465,6.3578
25880.0,3.5841,44.2656,0.9247,92.3387,28.26,6.3756
25885.0,3.5894,44.5278,0.8958,91.5989,28.0687,6.3568
25890.0,3.5925,44.9125,0.9221,93.1939,27.8593,6.34
25895.0,3.6008,44.9488,0.932,93.0501,28.0276,6.3302
25900.0,3.6099,45.0747,0.9301,93.8192,28.0164,6.3101
25905.0,3.6142,45.2689,0.9336,95.6248,27.6932,6.284
25910.0,3.5996,45.2098,0.9197,92.3629,27.4715,6.3035
25915.0,3.6093,45.2987,0.9182,93.1364,27.8396,6.3018
25920.0,3.6096,45.8302,0.9277,94.8399,28.3351,6.3249
25925.0,3.6058,44.9246,0.9373,93.9817,27.8737,6.3117
25930.0,3.6254,45.3806,0.9426,95.5684,28.2242,6.2857
25935.0,3.6238,45.9206,0.93,93.2908,28.1358,6.2838
25940.0,3.6199,44.9964,0.9254,94.4102,28.2989,6.3003
25945.0,3.6221,45.4717,0.921,94.2964,28.4139,6.3016
25950.0,3.6278,45.3029,0.9398,95.4388,28.2449,6.281
25955.0,3.6383,45.3757,0.9378,94.8052,28.4972,6.2686
25960.0,3.6301,45.7263,0.9447,96.453,27.9988,6.2623
25965.0,3.6368,45.5876,0.9396,94.6671,28.3432,6.2638
25970.0,3.6313,45.2559,0.9135,93.2304,28.3299,6.2758
25975.0,3.624,45.7428,0.9445,95.2547,27.961,6.2745
25980.0,3.6338,45.8361,0.9472,94.5365,28.0514,6.2566
25985.0,3.6458,46.5089,0.9242,95.0323,28.1652,6.2337
25990.0,3.643,45.6606,0.924,93.6823,28.49,6.2557
25995.0,3.6301,45.4251,0.9273,94.7634,27.9861,6.2612
26000.0,3.6397,46.0841,0.9405,95.556,28.6284,6.2711
26005.0,3.6334,45.3214,0.9489,94.6732,28.1753,6.2637
26010.0,3.632,45.1222,0.9335,93.1457,27.841,6.2497
26015.0,3.6556,45.3194,0.9256,96.1144,28.6752,6.2353
26020.0,3.6559,45.9603,0.9332,95.4001,28.4832,6.2245
26025.0,3.6543,45.5978,0.9265,94.9522,28.4821,6.2279
26030.0,3.6466,45.2453,0.9343,97.0884,28.2389,6.2344
26035.0,3.6471,45.841,0.9266,96.3551,28.3921,6.2411
26040.0,3.643,45.2713,0.9437,95.3783,28.1441,6.2386
26045.0,3.654,45.9188,0.9532,95.8013,28.7298,6.2416
26050.0,3.6489,45.6366,0.9548,96.4966,28.4093,6.2381
26055.0,3.6315,45.5429,0.9268,95.0508,28.148,6.2654
26060.0,3.6374,45.8963,0.9343,93.6548,28.2608,6.2584
26065.0,3.6501,45.5096,0.9444,95.7007,28.5989,6.2451
26070.0,3.6382,45.2075,0.9257,95.1197,28.1655,6.2512
26075.0,3.6404,45.3972,0.9467,95.1575,28.6842,6.2719
26080.0,3.6323,45.4396,0.9158,94.263,28.3409,6.2745
26085.0,3.6245,45.4172,0.9214,93.3688,28.418,6.2957
26090.0,3.6269,45.3279,0.918,93.3055,28.566,6.2983
26095.0,3.6429,45.8943,0.9398,95.3543,28.6442,6.2659
26100.0,3.6432,46.0157,0.9314,94.8109,28.4302,6.2535
26105.0,3.6467,45.5822,0.9418,96.7138,28.5523,6.2509
26110.0,3.6418,45.4474,0.9082,93.5394,28.4017,6.2548
26115.0,3.6283,45.5406,0.9197,93.8215,28.2217,6.277
26120.0,3.6479,45.6159,0.9399,96.1601,29.0454,6.2726
26125.0,3.6354,45.2587,0.9332,93.78,28.4293,6.2717
26130.0,3.6369,45.6675,0.9386,94.2629,28.473,6.2703
26135.0,3.6385,45.5628,0.9291,95.384,28.3995,6.2629
26140.0,3.639,45.9912,0.9268,94.2169,28.6454,6.2736
26145.0,3.6397,45.6329,0.9189,93.7408,28.059,6.2432
26150.0,3.6378,45.5101,0.9448,94.4835,28.2466,6.256
26155.0,3.6551,46.0442,0.9429,95.9342,28.5606,6.2311
26160.0,3.6527,46.2656,0.9534,96.3332,28.497,6.2329
26165.0,3.6687,46.032,0.9641,98.0887,29.0291,6.22
26170.0,3.6568,46.0306,0.9512,97.1417,28.4136,6.2183
26175.0,3.6522,46.0587,0.9447,96.6666,28.331,6.2253
26180.0,3.6649,45.905,0.9428,96.5504,28.8771,6.2217
26185.0,3.6575,45.9231,0.9392,96.0402,28.6364,6.2277
26190.0,3.6583,45.8574,0.9643,98.1444,28.46,6.2171
26195.0,3.6423,45.0647,0.9569,95.7542,28.4738,6.2558
26200.0,3.6488,45.3018,0.9276,96.0998,28.7563,6.256
26205.0,3.6384,46.008,0.9323,94.3751,28.6775,6.2763
26210.0,3.6498,45.7074,0.9537,95.6607,28.7277,6.2528
26215.0,3.631,45.0444,0.9271,94.9852,28.4837,6.2836
26220.0,3.6403,45.6834,0.9249,95.4349,28.7526,6.2765
26225.0,3.6335,45.7184,0.9264,94.6389,28.1342,6.2615
26230.0,3.6462,46.3929,0.9352,94.5856,28.6303,6.2561
26235.0,3.6472,45.9689,0.943,95.7014,28.6584,6.2549
26240.0,3.6523,45.7196,0.958,95.6161,28.9343,6.2562
26245.0,3.6579,46.0172,0.9361,95.5126,28.8207,6.2372
26250.0,3.6694,45.9727,0.945,96.6553,29.0689,6.2202
26255.0,3.6636,46.8836,0.9421,96.6472,28.8676,6.2242
26260.0,3.6683,45.9083,0.9538,94.9732,29.4476,6.241
26265.0,3.6611,45.911,0.9321,95.2918,28.9947,6.2375
26270.0,3.6556,46.1817,0.9419,95.2157,28.5503,6.2288
26275.0,3.6755,46.9179,0.9397,96.7114,29.1607,6.209
26280.0,3.6855,47.0466,0.9843,99.3861,29.1833,6.183
26285.0,3.6724,46.293,0.9614,96.6885,28.4073,6.1771
26290.0,3.6792,46.0812,0.9544,97.4531,28.7478,6.1764
26295.0,3.6765,46.1244,0.9464,97.8561,28.8289,6.1877
26300.0,3.6901,46.3648,0.9489,97.0208,28.773,6.1485
26305.0,3.6875,46.1458,0.9535,97.7826,28.6935,6.1501
26310.0,3.6839,46.6156,0.9601,97.6319,28.9051,6.1711
26315.0,3.6984,46.6912,0.9546,99.2775,28.9369,6.1332
26320.0,3.6966,47.0177,0.9453,98.7133,28.7419,6.1266
26325.0,3.7118,46.2685,0.9837,100.0949,28.9594,6.0931
26330.0,3.6997,46.9564,0.9561,97.8781,28.6867,6.1133
26335.0,3.7081,47.0102,0.9479,99.899,28.9849,6.1049
26340.0,3.7085,46.2563,0.9603,99.1716,29.1632,6.1129
26345.0,3.7073,46.6678,0.944,98.4049,29.1067,6.1139
26350.0,3.7021,46.6744,0.9894,99.7624,28.7494,6.1102
26355.0,3.689,46.4598,0.9425,97.3633,28.2297,6.1196
26360.0,3.7053,47.3114,0.935,96.9654,29.1141,6.1207
26365.0,3.7089,47.401,0.956,99.7394,28.9031,6.0987
26370.0,3.7136,47.3119,0.9477,98.316,28.8584,6.0808
26375.0,3.7223,47.1196,0.9567,98.1699,29.1993,6.0713
26380.0,3.7241,47.0338,0.9697,100.4469,29.2399,6.0675
26385.0,3.7348,47.0589,0.9887,101.8823,29.2639,6.0329
26390.0,3.7309,47.1035,0.9927,102.1851,28.8322,6.0206
26395.0,3.7322,46.9527,0.9717,99.3871,29.3126,6.0428
26400.0,3.7303,47.4366,0.9732,99.9954,29.1269,6.0395
26405.0,3.7417,47.5263,0.9667,100.5632,29.5375,6.023
26410.0,3.7327,47.4539,0.9848,102.3601,29.2152,6.0358
26415.0,3.7262,47.2693,0.9676,99.3389,29.5473,6.0759
26420.0,3.7219,46.5084,0.9915,100.9338,29.2723,6.0765
26425.0,3.7215,47.5182,0.9593,99.4694,29.4142,6.0854
26430.0,3.7156,46.8843,0.9543,99.2863,29.3409,6.1003
26435.0,3.7177,46.3619,0.9926,101.5988,28.9292,6.072
26440.0,3.7207,46.9275,0.9632,100.2197,29.0853,6.0698
26445.0,3.7197,47.0736,0.9747,99.8813,29.4381,6.092
26450.0,3.7154,47.151,0.9409,98.8914,28.9617,6.0805
26455.0,3.717,47.6241,0.9757,100.3125,29.0184,6.0783
26460.0,3.734,46.6927,0.9942,101.5437,29.5074,6.0495
26465.0,3.7402,47.5687,0.9812,101.4166,29.1887,6.0092
26470.0,3.7361,47.1268,0.9835,101.3441,28.6812,5.993
26475.0,3.7445,47.4221,0.9618,100.8243,28.9076,5.9751
26480.0,3.7463,47.5972,0.975,102.537,29.1708,5.9832
26485.0,3.7458,47.638,0.9777,101.5926,29.1301,5.983
26490.0,3.7346,47.2461,0.9805,101.3179,28.9122,6.0105
26495.0,3.7268,47.6521,0.9698,100.2441,28.9524,6.0403
26500.0,3.7311,47.8244,0.9593,100.3729,29.1396,6.0375
26505.0,3.7322,47.1128,0.9919,100.8403,29.1436,6.034
26510.0,3.7306,47.8253,0.9571,99.5814,29.1043,6.037
26515.0,3.7221,46.5253,0.9715,99.8901,28.7584,6.046
26520.0,3.7302,47.2883,0.9699,99.5743,29.3704,6.0535
26525.0,3.7211,47.2176,0.9464,99.2814,28.9017,6.058
26530.0,3.7284,46.8829,0.9779,100.5239,29.2187,6.0517
26535.0,3.7266,46.6655,0.9906,100.6578,28.97,6.0436
26540.0,3.7251,47.2098,0.9923,101.662,29.3214,6.0677
26545.0,3.7252,47.1284,0.9725,100.2882,29.1668,6.0598
26550.0,3.7207,46.6799,0.9693,100.3481,29.2269,6.0772
26555.0,3.7318,46.8813,0.9864,101.7056,29.2021,6.04
26560.0,3.7307,47.516,0.9689,100.8986,28.9716,6.0295
26565.0,3.7406,47.614,0.9711,101.7762,29.526,6.0259
26570.0,3.7387,47.0602,0.985,100.7634,29.4654,6.029
26575.0,3.7248,46.6828,0.9654,99.7644,29.1706,6.06
26580.0,3.7304,47.0632,0.976,101.563,29.5166,6.0612
26585.0,3.7329,47.3045,0.9713,101.3037,29.3671,6.0449
26590.0,3.7362,47.4453,0.9781,100.4466,29.5942,6.0456
26595.0,3.7332,47.1791,0.9677,100.9511,29.2551,6.0371
26600.0,3.7384,47.1624,0.9787,101.6459,29.5994,6.0377
26605.0,3.732,47.4815,0.9563,99.7272,29.1737,6.0364
26610.0,3.7383,47.6931,0.9639,100.8068,29.3755,6.0257
26615.0,3.748,47.8366,0.9847,101.7159,29.5797,6.0018
26620.0,3.7443,47.1348,0.9998,102.036,29.5071,6.0105
26625.0,3.7409,47.5825,0.9644,100.8927,29.3161,6.0123
26630.0,3.7329,46.747,0.9668,99.1806,29.4037,6.0452
26635.0,3.732,47.3438,0.9706,100.1856,29.1947,6.0379
26640.0,3.7329,47.422,0.9857,99.9363,29.2632,6.0383
26645.0,3.729,46.8854,0.9738,101.156,28.957,6.0342
26650.0,3.7434,47.4578,0.995,100.6575,29.2792,6.0023
26655.0,3.7463,47.4953,0.9899,101.9692,29.2302,5.9877
26660.0,3.7458,47.5781,0.9697,101.7473,29.5284,6.0057
26665.0,3.7487,47.6577,0.971,102.7328,29.5508,5.9971
26670.0,3.739,47.0392,0.9816,101.5246,29.4062,6.0236
26675.0,3.7445,47.9897,0.9861,101.152,29.4109,6.0053
26680.0,3.7355,47.288,0.9615,100.6893,29.0361,6.0153
26685.0,3.7327,46.6121,0.9863,100.8837,29.4138,6.0464
26690.0,3.7284,46.9196,0.977,100.0165,29.461,6.0644
26695.0,3.734,47.2334,0.9681,100.3429,29.3223,6.0388
26700.0,3.7394,47.299,0.9787,102.2832,29.1378,6.0087
26705.0,3.7465,47.679,0.9692,100.1496,29.083,5.9784
26710.0,3.7537,47.875,0.9912,102.07,29.2835,5.9616
26715.0,3.764,47.8019,0.9555,100.5136,29.7871,5.949
26720.0,3.7491,47.7509,0.967,99.635,28.9993,5.9616
26725.0,3.7623,48.4094,0.9802,102.3697,29.54,5.9414
26730.0,3.7677,48.1058,1.0064,102.8428,29.7497,5.9307
26735.0,3.7587,48.0289,0.9703,102.1476,29.0277,5.9246
26740.0,3.764,48.2238,0.9933,102.9706,29.4458,5.9279
26745.0,3.762,48.2981,0.9717,100.6497,29.3212,5.9286
26750.0,3.765,48.5173,0.9859,101.811,29.1726,5.9073
26755.0,3.7576,47.7777,1.002,102.5619,29.0832,5.9317
26760.0,3.7592,48.1354,0.9851,102.4434,29.2496,5.9361
26765.0,3.7618,47.5987,0.9881,102.7743,29.4503,5.9374
26770.0,3.7664,47.816,0.9979,104.1486,30.0115,5.9509
26775.0,3.759,47.7863,0.9953,103.5947,29.6129,5.9587
26780.0,3.7667,48.0594,0.9873,103.1245,29.7688,5.9365
26785.0,3.7651,47.9501,0.9741,100.9969,29.4721,5.925
26790.0,3.7649,47.6053,0.9962,102.3244,29.5528,5.93
26795.0,3.7683,47.8484,0.9883,102.941,29.6663,5.9226
26800.0,3.7677,47.7023,0.9825,101.9138,29.5187,5.9162
26805.0,3.7649,47.7242,0.9726,100.7966,29.3954,5.9208
26810.0,3.7633,48.5319,0.9839,102.4717,29.3282,5.9235
26815.0,3.7665,47.8252,1.0217,102.2928,29.3564,5.9119
26820.0,3.7617,48.1198,0.9813,101.9172,29.6268,5.9474
26825.0,3.7588,47.595,1.0012,102.6636,29.0764,5.9281
26830.0,3.7507,47.3236,0.9825,102.693,29.2191,5.9675
26835.0,3.7476,47.2254,0.9837,101.3907,29.2172,5.9805
26840.0,3.7565,47.6023,0.984,101.575,29.492,5.9628
26845.0,3.7548,47.4534,1.0011,102.7643,29.4719,5.9675
26850.0,3.7582,47.6773,0.9828,102.5265,29.4451,5.9528
26855.0,3.7585,48.3263,0.9921,101.8516,29.3293,5.9444
26860.0,3.7521,46.9865,1.0191,101.5847,29.4736,5.9775
26865.0,3.7628,47.9344,0.9885,103.1478,29.5858,5.9426
26870.0,3.7609,47.5625,0.9836,102.8186,29.4291,5.94
26875.0,3.7581,47.6337,0.9975,103.659,29.1488,5.9349
26880.0,3.7615,47.6825,0.972,101.9805,29.529,5.9431
26885.0,3.7606,48.2352,0.9852,102.2864,29.5803,5.9503
26890.0,3.7596,47.6876,0.9837,103.0768,29.1641,5.9298
26895.0,3.7653,47.9194,0.9728,101.6604,29.6264,5.9332
26900.0,3.7601,47.8403,0.9596,101.9572,29.4645,5.945
26905.0,3.7587,47.686,0.989,103.6728,29.5839,5.958
26910.0,3.7553,47.5593,1.0121,102.4828,29.4865,5.9662
26915.0,3.7452,47.3358,0.9775,101.826,29.4311,6.0015
26920.0,3.7442,48.0458,0.9715,100.8892,29.1633,5.9912
26925.0,3.7448,47.2656,0.9826,100.2806,29.5122,6.0084
26930.0,3.749,47.8306,0.9877,101.5129,29.9775,6.0195
26935.0,3.7279,47.5743,0.9911,101.1166,29.2934,6.0559
26940.0,3.7202,46.8799,0.968,99.9458,29.048,6.0688
26945.0,3.7379,47.1225,0.9787,101.1526,29.5834,6.04
26950.0,3.735,47.9102,0.9978,101.5066,29.3527,6.0362
26955.0,3.7499,47.9644,0.9909,101.2789,29.743,6.0042
26960.0,3.756,48.2344,0.9821,102.3314,29.8485,5.9861
26965.0,3.7411,47.641,0.9665,101.8002,28.9752,5.9911
26970.0,3.7612,47.3703,0.9768,102.4957,29.8854,5.967
26975.0,3.7541,47.8295,0.9671,101.7397,29.6454,5.9802
26980.0,3.7375,47.6126,0.9974,101.2149,29.1587,6.0143
26985.0,3.7389,47.5396,0.9641,100.5887,29.7376,6.0428
26990.0,3.7288,46.9374,0.9741,100.1048,29.2632,6.0523
26995.0,3.724,47.6627,0.958,99.2409,29.4387,6.0778
27000.0,3.7346,47.7384,1.0065,101.6124,29.6233,6.0538
27005.0,3.7348,47.7523,0.9546,98.5832,29.5983,6.0508
27010.0,3.7351,46.8807,0.9657,99.4884,29.3925,6.0383
27015.0,3.7337,47.6345,0.962,99.3414,29.2152,6.0329
27020.0,3.7328,47.2989,0.9674,100.3949,29.2228,6.0363
27025.0,3.7314,47.2542,0.9627,99.4853,29.5059,6.0564
27030.0,3.7333,47.5032,0.9629,102.9552,29.4415,6.0474
27035.0,3.7301,46.4873,0.9564,99.1125,29.4854,6.0603
27040.0,3.7298,47.4002,0.9745,101.27,29.8532,6.0813
27045.0,3.7218,47.7275,0.9574,99.958,29.2021,6.0733
27050.0,3.7217,46.7462,0.9667,100.8361,29.2928,6.0781
27055.0,3.7256,46.8901,0.9951,100.0881,29.3253,6.0675
27060.0,3.7306,46.9002,0.9676,99.7784,29.3438,6.0516
27065.0,3.7461,47.2004,0.9695,100.3578,29.5496,6.008
27070.0,3.7393,47.2342,0.9713,100.6328,29.275,6.0157
27075.0,3.7397,47.6495,0.992,101.1288,29.1734,6.0088
27080.0,3.7496,47.7498,0.9923,102.5323,29.4629,5.9886
27085.0,3.7412,46.9473,0.9886,101.4613,29.0078,5.9928
27090.0,3.7403,48.0812,0.9701,100.2476,29.2509,6.01
27095.0,3.7548,47.7379,0.9668,101.3,29.6916,5.982
27100.0,3.7437,47.0144,0.9907,100.1832,28.869,5.9756
27105.0,3.7576,48.0608,0.9671,100.9672,29.5501,5.9615
27110.0,3.7572,48.0635,0.9831,101.6947,29.542,5.9624
27115.0,3.7572,47.5202,0.9617,101.5853,29.6671,5.9693
27120.0,3.7541,48.0059,0.9894,101.5661,29.4212,5.9677
27125.0,3.7575,48.1216,0.9879,101.8631,29.7061,5.9705
27130.0,3.7509,47.7462,0.9831,101.3627,29.5379,5.9868
27135.0,3.7455,47.6221,0.9965,102.2007,29.1313,5.9841
27140.0,3.765,47.9141,1.0106,103.9291,29.8563,5.9496
27145.0,3.7598,47.5607,1.0047,101.9101,29.2822,5.936
27150.0,3.7702,48.0831,0.9884,104.4416,29.5939,5.9104
27155.0,3.7662,47.7793,0.9944,103.7909,29.3166,5.9103
27160.0,3.7644,47.6852,0.9847,102.7202,29.3309,5.9188
27165.0,3.7567,47.1787,0.9892,102.5227,28.9749,5.9294
27170.0,3.7598,47.8116,0.982,102.0876,29.4206,5.9437
27175.0,3.7557,47.8551,0.9927,102.4888,29.2517,5.9506
27180.0,3.7568,48.0194,0.9988,102.841,29.1421,5.9399
27185.0,3.7557,47.317,0.9892,102.4505,28.9819,5.9344
27190.0,3.7689,47.7606,0.9733,103.2517,29.7345,5.9244
27195.0,3.7544,47.9877,0.9937,101.8501,28.8977,5.9339
27200.0,3.7693,47.7244,0.9825,102.3813,29.8519,5.9295
27205.0,3.765,47.6544,1.0126,103.2388,29.4705,5.9252
27210.0,3.7586,47.6998,0.97,101.767,28.923,5.9187
27215.0,3.7745,48.5452,1.0007,104.5816,29.9139,5.9099
27220.0,3.7634,47.9193,0.9838,102.9031,29.0673,5.9069
27225.0,3.766,48.2479,1.0115,104.146,29.4322,5.9177
27230.0,3.7624,47.8594,1.012,102.9762,29.6659,5.947
27235.0,3.7582,48.0825,0.9765,102.2101,29.0925,5.9312
27240.0,3.7629,47.3927,0.9788,103.2882,29.3759,5.9285
27245.0,3.7626,47.8412,0.9648,102.4164,29.0764,5.9114
27250.0,3.7709,47.4305,1.0111,104.6815,29.4153,5.8957
27255.0,3.7659,47.9188,0.9854,102.3733,28.7172,5.8742
27260.0,3.7696,47.9716,0.9917,103.5751,28.9541,5.8719
27265.0,3.7688,47.7926,0.9977,104.0403,29.3755,5.9009
27270.0,3.7636,48.0333,0.9839,102.6004,29.067,5.9059
27275.0,3.7662,47.9614,1.0054,103.1995,29.476,5.9196
27280.0,3.7671,47.9429,0.9961,102.8644,28.9233,5.8828
27285.0,3.7701,48.1993,0.9921,104.3313,29.2435,5.8878
27290.0,3.7662,47.7637,1.0034,103.9967,29.3246,5.9099
27295.0,3.7657,48.3102,0.9942,103.3802,29.0802,5.8978
27300.0,3.7696,48.2178,1.0053,103.2627,29.4974,5.906
27305.0,3.7584,48.4469,0.9893,102.2159,28.9116,5.9182
27310.0,3.7628,47.4076,0.9781,102.4691,29.177,5.9164
27315.0,3.7715,48.3667,0.9921,102.7858,29.2641,5.8841
27320.0,3.7733,48.0598,0.9848,103.0286,29.5234,5.8905
27325.0,3.7598,47.9673,1.0098,103.0379,28.9798,5.9159
27330.0,3.761,47.858,0.9838,102.038,29.039,5.9155
27335.0,3.7704,47.625,0.9949,103.4155,29.5001,5.9031
27340.0,3.7643,47.7954,0.9829,101.7205,29.2745,5.9156
27345.0,3.7622,47.5889,0.9996,103.4202,29.0261,5.9097
27350.0,3.7662,48.0903,0.9913,102.5569,29.3712,5.9135
27355.0,3.762,48.3689,1.0136,102.9004,28.9671,5.9069
27360.0,3.758,47.4754,0.9917,101.6126,28.7499,5.9098
27365.0,3.7661,47.8911,0.9968,102.4764,28.9487,5.8882
27370.0,3.7761,47.7073,0.9905,103.1634,29.3211,5.8656
27375.0,3.7681,48.1653,0.9913,103.1262,29.4152,5.9064
27380.0,3.7604,47.8845,0.9897,102.21,29.1567,5.9245
27385.0,3.7584,48.0326,0.9847,102.5612,29.1279,5.932
27390.0,3.7626,47.8414,0.9873,102.6497,29.3559,5.9282
27395.0,3.7607,47.7623,0.9852,102.8653,28.756,5.9
27400.0,3.7639,47.8777,0.9874,102.5415,29.0469,5.9034
27405.0,3.7592,48.1393,0.9886,100.9841,29.0606,5.9235
27410.0,3.7573,48.4028,0.9932,100.8372,28.6703,5.9084
27415.0,3.7613,47.8931,0.9904,101.7314,29.2381,5.9258
27420.0,3.7502,47.3404,0.9749,100.9611,29.0192,5.9578
27425.0,3.7669,48.5733,0.9787,102.3417,29.6717,5.9301
27430.0,3.7666,47.6766,0.9701,102.7858,29.1407,5.8985
27435.0,3.7693,48.291,0.9963,102.4914,29.1649,5.8872
27440.0,3.7749,48.0242,0.9883,103.3198,29.3369,5.8722
27445.0,3.7728,48.6303,0.9928,103.1148,28.9785,5.859
27450.0,3.7788,48.1804,1.0019,103.9556,29.1858,5.8436
27455.0,3.7818,47.8059,0.9884,102.1241,29.0967,5.823
27460.0,3.7813,48.0422,1.0012,104.6116,29.2213,5.8325
27465.0,3.7859,48.747,1.0102,103.8372,29.5454,5.8306
27470.0,3.7765,48.0999,0.9983,104.0321,29.024,5.8433
27475.0,3.7783,47.8044,0.991,103.5028,29.1919,5.8457
27480.0,3.7781,48.5905,0.9887,103.7121,29.2195,5.8486
27485.0,3.7746,47.9059,0.9786,103.4195,28.8886,5.8438
27490.0,3.7653,47.5534,1.0044,102.7455,28.6818,5.8725
27495.0,3.7699,47.4692,0.9852,102.6464,28.8958,5.8666
27500.0,3.773,47.5657,0.9775,101.722,29.1982,5.8716
27505.0,3.7733,48.0465,0.9948,104.2924,29.1882,5.8696
27510.0,3.7705,47.803,0.9878,101.3778,29.1967,5.8829
27515.0,3.7678,47.9716,0.9943,102.3347,29.1532,5.8922
27520.0,3.7721,48.1507,0.9898,102.9955,29.5776,5.8996
27525.0,3.7646,47.5434,1.0009,104.0243,28.7527,5.8819
27530.0,3.7688,47.9398,0.9964,102.5604,29.3588,5.9007
27535.0,3.7659,48.061,0.9738,101.8297,28.9227,5.887
27540.0,3.7717,48.4745,0.9858,102.8292,29.0818,5.8707
27545.0,3.7627,47.7449,0.9833,101.4811,28.8227,5.8933
27550.0,3.7675,48.0939,0.9865,103.4808,28.9812,5.8836
27555.0,3.761,47.7379,0.9901,102.9657,28.7352,5.8957
27560.0,3.7645,47.8441,1.0003,101.7467,29.0253,5.8994
27565.0,3.7555,47.693,0.9762,102.019,28.7973,5.9226
27570.0,3.7627,48.0593,0.9706,101.8754,29.1583,5.9159
27575.0,3.7639,48.0689,0.9674,102.8627,29.0819,5.9061
27580.0,3.7533,48.0732,0.9796,102.0374,28.7222,5.9272
27585.0,3.7534,47.6715,0.9784,103.749,29.0275,5.9457
27590.0,3.7593,47.891,0.9861,103.5662,29.3265,5.9408
27595.0,3.7559,47.7751,0.9999,102.35,29.2501,5.9495
27600.0,3.7508,47.466,0.9727,102.1816,28.7216,5.9385
27605.0,3.7564,47.6248,1.0004,103.7407,28.8082,5.921
27610.0,3.7563,48.1876,0.9876,102.2221,28.7184,5.9155
27615.0,3.759,47.7984,1.0101,102.8978,28.7827,5.9081
27620.0,3.752,48.02,0.9875,102.3148,28.5872,5.9238
27625.0,3.7556,47.5681,0.9884,102.2002,28.8433,5.926
27630.0,3.7542,47.5627,0.9808,102.6632,28.8542,5.9321
27635.0,3.7534,47.6258,0.9956,102.3348,28.7948,5.9318
27640.0,3.7592,47.4635,0.9998,102.5585,28.6078,5.8969
27645.0,3.7638,48.3403,0.9928,102.6883,28.9047,5.8947
27650.0,3.7566,47.6426,0.9747,102.4767,28.9397,5.9267
27655.0,3.7581,47.7409,0.9979,102.8604,28.6626,5.9046
27660.0,3.7592,48.2317,0.9913,102.0421,28.8787,5.9129
27665.0,3.7609,48.0465,0.9932,103.9328,28.8962,5.907
27670.0,3.7582,47.3254,0.9762,101.4808,28.6028,5.8999
27675.0,3.7546,47.7665,0.9504,100.8733,28.7755,5.925
27680.0,3.7482,47.3549,0.9587,100.8248,28.6287,5.9418
27685.0,3.7431,47.3154,0.9834,101.9132,28.408,5.9484
27690.0,3.7523,47.3628,0.9652,101.784,28.8606,5.9408
27695.0,3.7577,48.3418,0.9925,101.4302,28.9465,5.9243
27700.0,3.7579,47.7488,0.9811,101.8901,29.1167,5.9331
27705.0,3.7486,47.5083,0.963,101.6331,28.7932,5.9509
27710.0,3.7418,46.9358,0.9712,101.2202,28.4809,5.9581
27715.0,3.7443,47.5578,0.9813,102.0516,28.6087,5.9567
27720.0,3.7482,47.4923,0.9822,101.9539,28.7927,5.9531
27725.0,3.7518,46.9389,0.9956,101.9173,29.0369,5.9535
27730.0,3.7444,47.704,0.9809,100.8983,28.7924,5.9673
27735.0,3.739,47.638,0.9602,100.6435,28.2219,5.9533
27740.0,3.7415,47.8146,0.9726,100.9166,28.4797,5.9595
27745.0,3.7453,47.8194,0.9766,100.2988,28.3692,5.9386
27750.0,3.7493,47.6163,0.9636,101.4028,28.5208,5.9318
27755.0,3.7504,47.3832,0.9676,99.3598,28.625,5.9334
27760.0,3.7544,47.5612,0.9916,102.6729,28.7681,5.9267
27765.0,3.7591,47.7969,0.991,102.9699,28.6983,5.9027
27770.0,3.7562,47.9421,1.002,103.0945,28.5703,5.9059
27775.0,3.7638,48.3266,0.9828,102.1258,28.2875,5.8561
27780.0,3.7679,47.6201,0.999,102.2403,28.7733,5.8676
27785.0,3.7708,47.7305,0.9946,103.2354,28.796,5.8564
27790.0,3.7661,47.3743,0.9783,102.6979,28.3435,5.8478
27795.0,3.7761,48.2263,1.0125,105.2395,28.9435,5.8403
27800.0,3.7795,48.3467,0.9988,105.4429,28.9051,5.8217
27805.0,3.7708,48.3075,0.9891,102.7309,28.5983,5.842
27810.0,3.7761,48.0223,0.9993,103.8193,29.0342,5.8459
27815.0,3.7629,47.5883,0.9738,102.338,28.0126,5.8398
27820.0,3.767,47.4737,0.9954,103.3368,28.5606,5.8574
27825.0,3.7781,47.9426,0.9758,102.2903,28.7902,5.8216
27830.0,3.7787,48.2632,0.9877,103.015,28.586,5.8039
27835.0,3.78,47.8859,0.9954,103.4101,28.7051,5.8049
27840.0,3.7804,48.5441,1.0039,103.8348,28.594,5.7954
27845.0,3.7806,48.1703,0.9927,103.695,28.8353,5.8101
27850.0,3.7776,47.5786,0.9854,103.2618,28.6212,5.8113
27855.0,3.7729,48.441,1.0178,104.2586,28.2107,5.8065
27860.0,3.7783,48.1746,0.9817,102.8875,28.5468,5.8027
27865.0,3.7683,47.7338,1.0001,103.5083,28.298,5.8332
27870.0,3.7646,47.5351,0.9783,101.2514,28.5054,5.864
27875.0,3.7662,48.0911,0.985,102.0367,28.4062,5.8519
27880.0,3.7695,48.2154,0.9907,102.9388,28.4113,5.8367
27885.0,3.7611,47.8759,0.9843,101.9406,27.7894,5.8323
27890.0,3.7645,47.931,0.9725,103.2023,28.3399,5.8536
27895.0,3.7653,47.556,1.0132,103.0254,28.2909,5.848
27900.0,3.766,48.0936,0.9795,103.1068,28.3044,5.8455
27905.0,3.7784,47.7774,1.0075,103.0431,28.848,5.8236
27910.0,3.7756,47.9256,0.9985,102.9837,28.7136,5.8273
27915.0,3.774,48.0957,0.9857,102.7199,28.6161,5.8285
27920.0,3.7767,48.455,0.9952,101.9899,28.9383,5.8368
27925.0,3.7721,47.7318,1.0018,104.6062,28.7159,5.8441
27930.0,3.764,47.6262,0.9955,103.2435,28.109,5.8411
27935.0,3.7747,48.0387,0.9938,101.7998,28.5729,5.8231
27940.0,3.7696,47.5029,0.9834,101.7027,28.066,5.8126
27945.0,3.7729,47.9137,1.0011,103.7901,28.4931,5.8252
27950.0,3.7675,47.6133,1.007,103.7639,28.4373,5.8464
27955.0,3.7656,48.0688,0.9954,103.5455,28.4474,5.8565
27960.0,3.7619,47.8764,0.9866,101.9517,28.4504,5.8731
27965.0,3.7589,48.2099,1.0025,101.7154,28.2942,5.8761
27970.0,3.761,47.9196,0.9885,103.0189,28.4134,5.8752
27975.0,3.7664,47.7394,0.9898,102.4651,28.3743,5.8492
27980.0,3.7684,48.0997,0.9644,103.0545,28.5392,5.8502
27985.0,3.7644,47.8155,0.9829,103.0522,28.5439,5.8679
27990.0,3.7601,47.7198,0.9958,103.9948,28.078,5.857
27995.0,3.7576,47.5408,0.9821,102.1314,27.6474,5.8386
28000.0,3.7639,48.449,0.9805,102.1176,28.2493,5.8506
28005.0,3.7682,47.6658,0.9847,101.6354,28.5271,5.8502
28010.0,3.7746,48.1781,1.0028,104.4922,28.5433,5.8217
28015.0,3.7746,48.4983,0.9985,103.9437,28.3828,5.8103
28020.0,3.7732,48.2395,0.9946,102.6524,28.2521,5.8076
28025.0,3.7852,48.1879,1.0058,104.5023,29.1897,5.8107
28030.0,3.7811,48.1387,0.9935,104.5069,28.4713,5.784
28035.0,3.7785,48.4155,1.001,104.288,28.4976,5.7978
28040.0,3.7696,47.6568,0.9673,101.656,28.3668,5.8316
28045.0,3.765,47.8829,0.9776,102.7481,28.1747,5.8405
28050.0,3.7663,48.2088,0.9975,104.017,28.2157,5.8382
28055.0,3.7666,47.6833,0.991,103.5267,28.2203,5.8368
28060.0,3.7647,47.8699,0.9753,102.1248,28.2936,5.8498
28065.0,3.7637,48.1449,0.9953,101.9278,28.1067,5.8426
28070.0,3.7675,47.8159,0.9828,102.4175,28.455,5.8485
28075.0,3.7598,47.9934,0.9717,100.9888,28.1695,5.8635
28080.0,3.761,48.236,0.9815,101.0872,28.4928,5.8795
28085.0,3.7542,47.3459,0.9881,101.4733,28.5944,5.9146
28090.0,3.7467,47.4083,0.9875,100.6997,27.923,5.9034
28095.0,3.7497,47.8565,0.977,101.1646,28.2138,5.9098
28100.0,3.7546,47.4607,0.9601,100.6538,28.3124,5.8965
28105.0,3.7568,47.6504,0.9892,103.082,28.6231,5.9066
28110.0,3.7435,47.131,0.9854,100.4681,28.3506,5.9423
28115.0,3.7431,47.2477,0.9571,100.4168,28.2649,5.9398
28120.0,3.745,47.6437,0.9716,101.5156,28.4103,5.9415
28125.0,3.7444,47.3044,0.9847,102.2127,28.2336,5.9328
28130.0,3.7457,47.5907,0.9909,102.2823,28.6637,5.954
28135.0,3.7433,47.638,0.9695,101.1086,28.4955,5.9534
28140.0,3.7336,47.5615,0.9717,99.5332,28.2304,5.9729
28145.0,3.7297,47.4143,0.9763,99.5019,27.9698,5.9717
28150.0,3.7394,47.1011,0.9701,101.7807,28.2937,5.9563
28155.0,3.7398,47.1615,0.9796,101.1612,28.4432,5.9635
28160.0,3.7358,47.52,0.9795,100.2857,28.577,5.9862
28165.0,3.7256,47.0207,0.9644,100.3787,28.2116,6.0009
28170.0,3.7302,47.4439,0.9769,101.6285,28.1046,5.9791
28175.0,3.7291,46.9851,0.9838,101.447,28.4327,6.0016
28180.0,3.7215,47.3772,0.9695,99.7745,28.5208,6.0333
28185.0,3.706,46.7937,0.9787,98.2875,28.129,6.0611
28190.0,3.7026,47.032,0.9599,99.2178,27.9419,6.0618
28195.0,3.707,47.2611,0.9455,99.0687,28.6265,6.0869
28200.0,3.7025,46.7572,0.9699,98.5337,28.2413,6.0801
28205.0,3.6908,46.6537,0.9628,98.0966,28.1261,6.1077
28210.0,3.6901,46.3977,0.9667,99.2912,28.238,6.1169
28215.0,3.677,46.1166,0.9535,97.99,28.2945,6.1564
28220.0,3.654,45.8284,0.9347,95.4886,28.052,6.2043
28225.0,3.6467,45.7066,0.9447,97.1558,28.0425,6.2233
28230.0,3.6392,45.5356,0.9319,94.2461,27.7282,6.2256
28235.0,3.6441,46.0609,0.9327,95.2538,28.3565,6.2462
28240.0,3.6359,45.1791,0.926,94.7752,28.3592,6.2661
28245.0,3.6139,44.858,0.9317,93.6535,27.9378,6.2953
28250.0,3.6313,45.2144,0.927,95.0174,28.267,6.2739
28255.0,3.6251,45.6124,0.9309,94.3789,28.3795,6.2925
28260.0,3.6131,45.4442,0.9265,92.2833,27.8551,6.2939
28265.0,3.6088,45.5158,0.908,92.6204,28.5588,6.3367
28270.0,3.6095,45.5593,0.9189,93.5712,28.5614,6.337
28275.0,3.5986,44.7148,0.9311,92.8961,28.2131,6.3433
28280.0,3.6081,44.9688,0.9369,94.0671,28.5118,6.3378
28285.0,3.5969,45.1215,0.9229,93.5052,28.094,6.3413
28290.0,3.591,44.5672,0.9186,91.5541,28.3007,6.363
28295.0,3.5675,44.0904,0.919,90.6736,28.1761,6.4041
28300.0,3.5548,44.4352,0.919,91.6815,28.329,6.4361
28305.0,3.5431,44.4014,0.888,88.7236,28.6321,6.4711
28310.0,3.524,43.3071,0.8922,89.8204,28.6319,6.5053
28315.0,3.5083,43.3264,0.8771,86.7207,28.2199,6.5163
28320.0,3.5245,43.8779,0.8758,88.5071,28.5406,6.5024
28325.0,3.5053,43.3961,0.8978,87.7731,28.0554,6.5146
28330.0,3.4819,42.6089,0.8776,85.4066,27.8775,6.5462
28335.0,3.4838,42.4987,0.8549,86.0837,27.9621,6.5476
28340.0,3.4857,43.583,0.8888,88.5136,28.3331,6.5593
28345.0,3.4714,42.8169,0.8547,84.9043,28.1183,6.574
28350.0,3.4672,42.9183,0.8475,85.5904,27.8929,6.5723
28355.0,3.4742,43.0622,0.8593,84.9584,28.2445,6.575
28360.0,3.467,43.2553,0.8768,84.5627,27.9258,6.5739
28365.0,3.4556,42.0371,0.8436,83.0648,28.2113,6.6025
28370.0,3.442,42.6208,0.846,83.4796,28.2767,6.6264
28375.0,3.4435,42.1338,0.8832,85.2685,28.5291,6.6343
28380.0,3.4149,41.7297,0.8519,83.1681,28.3121,6.6685
28385.0,3.4061,41.3028,0.8457,81.306,27.9523,6.6694
28390.0,3.3905,41.281,0.8427,81.4828,28.1629,6.6989
28395.0,3.3757,41.2346,0.8477,80.9829,28.2625,6.7238
28400.0,3.3574,40.5382,0.849,79.7395,28.1423,6.7455
28405.0,3.3431,40.4496,0.8298,78.2282,27.8204,6.7548
28410.0,3.3224,40.0502,0.8206,76.6844,28.0937,6.7911
28415.0,3.3155,40.5842,0.8249,77.7684,28.3762,6.8099
28420.0,3.3128,39.9428,0.8091,76.8322,28.5287,6.8187
28425.0,3.3292,40.3102,0.8293,78.5855,28.4113,6.7944
28430.0,3.3175,40.2285,0.8368,77.945,28.0372,6.7971
28435.0,3.3055,39.8374,0.8056,77.3612,27.9759,6.8107
28440.0,3.2954,39.4528,0.8065,76.434,28.0413,6.8261
28445.0,3.2808,39.5944,0.8306,76.2127,28.2686,6.8516
28450.0,3.2765,39.7624,0.7989,75.186,27.9847,6.8495
28455.0,3.2666,39.1522,0.8036,73.652,27.8115,6.8568
28460.0,3.268,38.7538,0.8162,75.1011,28.0629,6.8626
28465.0,3.2851,39.0895,0.8072,76.9493,28.9386,6.8665
28470.0,3.2606,38.6692,0.8049,74.2279,27.7594,6.8634
28475.0,3.2831,39.9735,0.8023,74.658,29.0033,6.8708
28480.0,3.2662,39.0919,0.8014,76.4616,28.035,6.8645
28485.0,3.241,38.852,0.7965,71.8031,28.1474,6.8982
28490.0,3.2135,37.7354,0.779,70.9586,27.9394,6.9267
28495.0,3.211,37.9662,0.7777,71.3657,28.4932,6.9451
28500.0,3.2116,38.2347,0.7786,71.1083,28.4441,6.9438
28505.0,3.2157,38.558,0.8083,71.9182,28.0717,6.9292
28510.0,3.19,37.9151,0.7884,70.082,27.7933,6.9519
28515.0,3.1896,37.7514,0.7871,70.838,28.0471,6.9596
28520.0,3.1598,36.8975,0.7948,70.1702,28.228,6.9989
28525.0,3.1518,36.7153,0.7765,69.9235,28.1747,7.007
28530.0,3.1541,36.8957,0.7829,68.277,28.3501,7.0077
28535.0,3.1402,36.9653,0.7651,68.2142,27.8254,7.01
28540.0,3.1437,36.8446,0.7472,67.6439,28.2218,7.0135
28545.0,3.1624,37.7879,0.7649,67.8274,28.0674,6.99
28550.0,3.1703,37.1773,0.7839,69.48,28.1865,6.985
28555.0,3.1623,37.2776,0.7603,69.2529,28.4343,6.9999
28560.0,3.131,37.0462,0.7583,67.2271,28.3091,7.0288
28565.0,3.1192,36.7885,0.7715,66.9401,27.9818,7.0314
28570.0,3.1452,37.1134,0.7569,68.4726,28.086,7.0039
28575.0,3.1218,36.6169,0.7832,68.4944,28.2463,7.0289
28580.0,3.111,36.9756,0.7489,66.3813,27.9768,7.0316
28585.0,3.1237,36.5768,0.7441,66.1911,28.2052,7.0197
28590.0,3.112,36.5706,0.7612,65.8529,28.6235,7.0362
28595.0,3.0816,35.3846,0.7311,63.903,28.3968,7.0572
28600.0,3.0788,35.6046,0.743,63.8229,28.7011,7.0587
28605.0,3.0639,35.4894,0.7285,61.943,28.1994,7.0571
28610.0,3.0725,35.5782,0.7325,63.4159,28.4349,7.0459
28615.0,3.0539,34.9748,0.7335,63.4688,28.3694,7.0563
28620.0,3.0673,35.4898,0.7467,64.2888,28.1728,7.0338
28625.0,3.0695,35.7666,0.739,65.0733,28.5263,7.033
28630.0,3.0814,35.2147,0.7582,65.0367,28.0691,7.0098
28635.0,3.0932,36.1036,0.7335,63.772,28.8634,7.0106
28640.0,3.117,36.6272,0.7526,66.5215,28.4284,6.9791
28645.0,3.0781,36.1224,0.7553,64.8531,28.0237,7.0105
28650.0,3.0514,35.7092,0.752,63.4371,28.3005,7.0402
28655.0,3.0639,35.1306,0.7319,63.9945,28.3684,7.0256
28660.0,3.0525,35.3182,0.7392,63.7082,28.1756,7.0295
28665.0,3.0376,35.0857,0.738,61.6611,28.5309,7.0455
28670.0,3.0356,34.8271,0.7308,62.2187,28.4332,7.0408
28675.0,3.0494,35.4047,0.7568,63.244,28.2321,7.0197
28680.0,3.0458,35.0757,0.7457,62.7068,28.217,7.0197
28685.0,3.0393,35.5576,0.732,63.5964,28.6763,7.0305
28690.0,3.0269,34.9906,0.7294,60.7382,28.198,7.0312
28695.0,3.0079,34.8726,0.7469,62.2163,28.3963,7.0477
28700.0,3.0412,35.1612,0.7539,63.8482,28.5087,7.0137
28705.0,3.0214,34.6426,0.7362,61.9351,27.9385,7.0203
28710.0,3.0226,34.8094,0.7204,61.1861,28.6284,7.0275
28715.0,3.0252,34.7781,0.7533,61.5729,28.7374,7.0237
28720.0,3.0267,34.9944,0.7334,61.2102,28.3594,7.0136
28725.0,2.9968,34.3543,0.7381,60.9462,28.1071,7.0351
28730.0,3.0303,34.6137,0.7496,62.6424,28.4814,7.0066
28735.0,3.0144,35.0544,0.7008,60.1358,28.438,7.0187
28740.0,3.023,35.1172,0.7203,60.1468,28.355,7.0078
28745.0,3.0288,34.6649,0.7375,61.9491,28.3818,7.0016
28750.0,2.9984,34.6682,0.7396,62.5962,28.0297,7.0236
28755.0,2.9916,34.1957,0.7294,60.4147,28.3396,7.0321
28760.0,2.9806,34.5973,0.7364,58.1421,28.3573,7.0385
28765.0,2.9746,33.8619,0.7043,59.0539,28.6033,7.0426
28770.0,2.952,33.9763,0.7216,58.1043,28.4938,7.056
28775.0,2.936,33.0559,0.7089,56.9224,28.6523,7.0655
28780.0,2.9374,33.4075,0.7124,58.4973,28.0439,7.0492
28785.0,2.9324,32.9951,0.7194,57.336,28.3241,7.0505
28790.0,2.9202,33.0087,0.7142,55.7616,28.1483,7.053
28795.0,2.9215,32.9088,0.6901,55.9749,28.3504,7.0477
28800.0,2.9223,32.9751,0.7133,57.0476,28.7121,7.0451
28805.0,2.9034,32.5383,0.697,56.3117,28.273,7.051
28810.0,2.8861,31.9554,0.6998,55.2908,28.193,7.0592
28815.0,2.8919,32.4198,0.6993,56.14,28.3455,7.0487
28820.0,2.9024,32.9456,0.6937,56.6658,28.3718,7.0336
28825.0,2.8987,32.562,0.6887,55.3485,28.0409,7.0288
28830.0,2.8909,32.2728,0.6889,54.9573,28.2394,7.034
28835.0,2.8925,32.5083,0.7053,55.6675,28.7186,7.0335
28840.0,2.8877,32.6819,0.6885,54.3194,28.4874,7.0312
28845.0,2.9186,32.6875,0.7124,58.0027,27.7742,6.9927
28850.0,2.891,32.396,0.6653,54.7702,28.067,7.0198
28855.0,2.9046,32.3416,0.6839,55.0839,28.5826,7.0119
28860.0,2.9054,32.3963,0.687,55.4891,28.3184,7.0068
28865.0,2.8786,32.3463,0.6813,55.2156,29.0865,7.036
28870.0,2.867,32.2385,0.6889,55.1176,28.5832,7.0377
28875.0,2.8825,32.1564,0.707,55.7198,28.0128,7.0144
28880.0,2.8975,32.4834,0.7011,56.1393,28.4454,7.0035
28885.0,2.886,32.7587,0.6768,55.8838,28.5119,7.0132
28890.0,2.9252,33.0859,0.7186,58.76,28.8059,6.9817
28895.0,2.9312,33.3537,0.7038,58.0673,28.3183,6.9723
28900.0,2.924,33.1065,0.7047,55.36,28.178,6.98
28905.0,2.9394,33.2412,0.7138,57.934,27.9645,6.9667
28910.0,2.9505,33.687,0.6988,56.881,28.7941,6.9707
28915.0,2.9352,33.3701,0.6906,56.2995,28.3889,6.9827
28920.0,2.9515,33.6763,0.7096,59.1828,28.6397,6.9741
28925.0,2.954,34.4537,0.7045,58.3817,28.5154,6.9733
28930.0,2.9818,34.3607,0.7344,61.5352,28.3763,6.9505
28935.0,2.9952,34.4514,0.7206,59.9869,28.2649,6.9424
28940.0,3.0331,35.3759,0.7178,60.5363,28.6996,6.9217
28945.0,3.0337,35.3828,0.7509,61.066,28.2777,6.9235
28950.0,3.0408,34.9923,0.7258,61.2783,28.5305,6.9302
28955.0,3.0405,35.2124,0.7413,62.2522,28.6461,6.9408
28960.0,3.05,35.5998,0.7611,62.959,28.7472,6.9412
28965.0,3.0719,35.6856,0.7411,64.6913,28.3725,6.9224
28970.0,3.0796,36.0573,0.7533,64.3173,28.7501,6.9303
28975.0,3.0966,35.7782,0.7602,65.9814,28.2235,6.9141
28980.0,3.1121,35.9629,0.7623,66.4969,27.9994,6.9049
28985.0,3.1184,36.641,0.7559,66.2867,28.7552,6.924
28990.0,3.113,36.7887,0.747,66.6979,28.2217,6.9289
28995.0,3.104,35.9574,0.7642,65.6189,28.3613,6.9488
29000.0,3.0943,35.7979,0.758,67.3558,28.2155,6.962
29005.0,3.1031,36.2096,0.7351,65.6813,28.322,6.9606
29010.0,3.1119,36.6147,0.7436,65.9533,28.753,6.9648
29015.0,3.1108,36.125,0.7673,65.886,28.5575,6.9666
29020.0,3.1251,36.07,0.7802,67.9322,28.4851,6.9557
29025.0,3.1098,35.9856,0.7467,66.0011,28.3706,6.9732
29030.0,3.1076,37.0556,0.7518,65.0739,28.358,6.9789
29035.0,3.0893,36.3524,0.7539,66.1899,28.602,7.0032
29040.0,3.066,35.5753,0.7134,62.4357,28.2071,7.0187
29045.0,3.069,36.0002,0.7419,63.3704,28.8082,7.0241
29050.0,3.032,35.0653,0.7098,61.4134,28.5764,7.0516
29055.0,2.9979,34.5544,0.7111,60.2409,28.5273,7.0763
29060.0,3.0011,34.0309,0.6917,59.5524,28.3837,7.0628
29065.0,3.0051,34.4672,0.737,59.7792,28.5827,7.0539
29070.0,3.0013,34.0582,0.731,61.7709,28.6689,7.0517
29075.0,2.9797,34.0046,0.7183,60.4472,28.6166,7.0637
29080.0,2.9622,33.5839,0.7208,56.9214,28.4115,7.0691
29085.0,2.936,33.2362,0.7203,57.6116,28.3254,7.083
29090.0,2.9511,33.1654,0.7387,58.569,28.8017,7.0657
29095.0,2.9379,33.0335,0.7112,58.2458,28.7979,7.0685
29100.0,2.9135,33.2834,0.7226,56.931,28.0555,7.073
29105.0,2.9296,33.0153,0.7069,57.5216,28.1425,7.051
29110.0,2.9442,33.1815,0.7194,58.2904,28.2634,7.0327
29115.0,2.9685,34.214,0.6967,58.89,28.6195,7.0112
29120.0,2.9564,34.1421,0.7101,59.2518,28.5863,7.0193
29125.0,2.9446,33.3715,0.707,57.7418,28.7636,7.0296
29130.0,2.9139,33.4459,0.7079,56.5597,28.8681,7.0538
29135.0,2.904,32.5708,0.7062,55.7433,28.8295,7.0559
29140.0,2.866,32.2778,0.6979,53.7216,28.4038,7.0774
29145.0,2.8782,32.0137,0.6953,55.7906,28.2476,7.0566
29150.0,2.8899,32.03,0.6862,54.7075,28.711,7.0436
29155.0,2.8768,32.2858,0.6984,53.757,28.0542,7.0426
29160.0,2.8946,32.5329,0.6864,55.4733,28.2549,7.024
29165.0,2.8813,32.4867,0.6945,55.6625,28.4559,7.0339
29170.0,2.8671,32.0129,0.7064,53.67,28.6414,7.0438
29175.0,2.8649,31.5877,0.6597,54.1906,28.2732,7.0373
29180.0,2.8458,31.5161,0.7072,55.1437,27.8936,7.0455
29185.0,2.8633,31.9695,0.7168,53.737,28.5636,7.0313
29190.0,2.8718,32.3253,0.6937,53.8172,28.8484,7.0224
29195.0,2.829,31.5031,0.6887,52.1524,28.8491,7.055
29200.0,2.8121,30.7288,0.6629,50.8749,28.6134,7.0616
29205.0,2.7757,30.8692,0.6625,48.4317,28.317,7.0827
29210.0,2.7999,31.0444,0.6497,50.3104,28.5414,7.0544
29215.0,2.829,31.3684,0.6621,52.3645,28.8537,7.025
29220.0,2.7991,30.9846,0.672,51.3238,28.1749,7.041
29225.0,2.7956,30.6014,0.6899,50.9138,28.3096,7.0404
29230.0,2.8136,31.1616,0.6859,51.322,28.5825,7.0224
29235.0,2.8188,31.6829,0.6736,52.0734,28.5835,7.0148
29240.0,2.7936,30.7453,0.6713,52.0228,28.055,7.03
29245.0,2.7912,30.667,0.6657,51.2023,29.0318,7.0352
29250.0,2.8036,31.4842,0.6805,50.8087,28.4905,7.0174
29255.0,2.824,31.144,0.6934,51.9091,28.9738,7.0014
29260.0,2.8326,30.9511,0.6936,51.7101,28.6777,6.9914
29265.0,2.8587,31.7992,0.6916,53.1936,28.773,6.9714
29270.0,2.831,31.3889,0.6904,52.8879,28.6983,6.9965
29275.0,2.8155,30.9813,0.6795,51.2283,28.7889,7.0111
29280.0,2.804,30.9419,0.6725,50.2329,28.2816,7.0162
29285.0,2.8096,31.0001,0.7035,52.8542,28.6438,7.0122
29290.0,2.8081,31.2536,0.6766,51.6152,28.2668,7.0092
29295.0,2.7822,30.5054,0.6723,50.2245,28.2074,7.0293
29300.0,2.7945,30.9229,0.6861,49.899,28.3174,7.0167
29305.0,2.7845,31.1624,0.675,50.1232,28.3823,7.0231
29310.0,2.7676,30.2746,0.6723,49.6069,28.9087,7.0374
29315.0,2.7591,30.6406,0.6693,47.925,28.7882,7.0395
29320.0,2.727,29.8555,0.6577,46.2445,28.8004,7.0609
29325.0,2.7302,29.7837,0.6543,48.098,28.4584,7.05
29330.0,2.7167,29.844,0.6617,47.5248,28.8284,7.0561
29335.0,2.6963,28.8055,0.6452,45.1122,28.6065,7.0652
29340.0,2.6691,28.4558,0.6453,44.7295,28.3951,7.0792
29345.0,2.6384,28.1817,0.6312,43.8212,28.1308,7.0949
29350.0,2.632,28.2678,0.631,42.542,28.2915,7.0891
29355.0,2.6255,27.8954,0.6471,42.7427,28.2867,7.0833
29360.0,2.6269,27.866,0.6105,42.7628,28.679,7.0721
29365.0,2.6588,28.5978,0.6257,43.0396,28.0433,7.0359
29370.0,2.6744,28.5456,0.6478,45.2822,28.7614,7.0192
29375.0,2.6747,28.7003,0.6448,44.3898,28.617,7.0158
29380.0,2.6832,28.4063,0.6363,45.3494,28.5103,7.0066
29385.0,2.6791,29.1531,0.6405,45.2308,28.8752,7.0098
29390.0,2.6885,29.3288,0.6599,46.8462,28.4267,6.9999
29395.0,2.6938,28.8747,0.6374,45.4138,28.2941,6.9949
29400.0,2.6844,29.2268,0.6398,45.6636,28.6908,7.0041
29405.0,2.6841,28.9628,0.63,44.89,28.8769,7.0046
29410.0,2.7016,28.7338,0.6537,45.8778,28.2215,6.988
29415.0,2.7399,29.5104,0.6666,47.8737,28.846,6.9606
29420.0,2.7416,29.9096,0.6608,48.1687,29.1366,6.9644
29425.0,2.7461,30.2155,0.6714,48.1335,28.2732,6.9611
29430.0,2.7541,30.1373,0.6576,49.1082,28.5217,6.9605
29435.0,2.7496,30.035,0.6357,47.3287,28.2688,6.9676
29440.0,2.7752,31.1756,0.6714,48.7017,28.1431,6.95
29445.0,2.7821,30.7681,0.6653,50.6179,27.8611,6.948
29450.0,2.7988,31.1404,0.6726,50.8775,27.8825,6.9403
29455.0,2.8336,31.4977,0.6878,52.669,28.5883,6.9237
29460.0,2.8231,31.2819,0.6963,52.8408,28.4648,6.94
29465.0,2.8167,31.1126,0.6828,52.1416,28.5045,6.9532
29470.0,2.815,31.2856,0.6991,52.3814,28.0929,6.9576
29475.0,2.8575,32.1675,0.6835,55.2254,28.4928,6.9307
29480.0,2.8432,31.7693,0.6805,52.8565,28.0778,6.9465
29485.0,2.8422,32.161,0.6886,52.7443,28.6178,6.9587
29490.0,2.8329,31.3614,0.6776,53.3862,28.6557,6.9721
29495.0,2.8543,32.3456,0.6938,53.4691,28.2457,6.9547
29500.0,2.8494,31.7683,0.6699,53.3717,28.464,6.9655
29505.0,2.8875,32.1184,0.6863,54.9102,28.1337,6.935
29510.0,2.8627,32.1067,0.6927,54.5817,28.7267,6.9681
29515.0,2.8265,31.4635,0.6791,51.9011,28.6549,7.0023
29520.0,2.8547,31.6825,0.6831,54.138,28.2238,6.976
29525.0,2.8727,32.3143,0.7014,53.3503,28.1657,6.9624
29530.0,2.8924,32.246,0.6976,56.3089,27.9567,6.9476
29535.0,2.9537,33.5096,0.7089,58.3563,28.5635,6.9078
29540.0,2.9793,34.0,0.7074,59.4286,28.2005,6.8909
29545.0,2.9556,33.3454,0.7021,58.561,28.4278,6.9268
29550.0,2.9858,34.0901,0.7365,61.4765,28.2549,6.9081
29555.0,3.0029,33.9319,0.7034,61.3287,28.482,6.9066
29560.0,2.9745,33.8766,0.7312,59.7061,28.4352,6.9419
29565.0,2.9555,33.6461,0.726,57.8907,28.3069,6.9648
29570.0,2.9369,33.1478,0.6969,57.7813,27.9471,6.9817
29575.0,2.9085,33.0869,0.6957,55.5189,28.7203,7.0177
29580.0,2.8926,32.5234,0.7116,57.4791,27.8058,7.0207
29585.0,2.8908,32.6947,0.703,54.9709,28.205,7.0241
29590.0,2.9154,32.8863,0.7025,57.9191,27.7981,6.9953
29595.0,2.9322,33.134,0.7078,56.4804,28.418,6.9875
29600.0,2.9042,32.9355,0.7019,56.5049,28.2891,7.0115
29605.0,2.9432,33.7865,0.7086,58.1817,28.2126,6.9762
29610.0,2.9504,33.6365,0.7073,57.7896,27.9104,6.9679
29615.0,2.9709,34.1194,0.7253,59.6809,28.8591,6.9656
29620.0,2.9906,33.8923,0.7258,60.7405,28.529,6.9483
29625.0,2.9851,34.0581,0.7214,60.3628,27.9537,6.9509
29630.0,3.0058,34.677,0.7336,61.5998,27.9539,6.9383
29635.0,2.9935,34.9938,0.7216,60.3606,28.4762,6.9637
29640.0,2.979,34.3196,0.7189,58.4008,28.4221,6.9808
29645.0,2.9442,33.6807,0.7156,57.2462,28.0013,7.009
29650.0,2.9166,33.3457,0.7116,56.7217,28.0422,7.0336
29655.0,2.8873,32.1914,0.6807,56.1049,28.1006,7.0566
29660.0,2.8629,32.339,0.6832,53.9757,28.2452,7.0729
29665.0,2.8743,32.1132,0.703,54.5651,28.2036,7.0543
29670.0,2.8942,32.4114,0.6813,54.8849,28.5748,7.0336
29675.0,2.9185,32.9113,0.7132,56.5678,28.3323,7.0055
29680.0,2.9325,33.1321,0.6937,56.3515,28.1796,6.9901
29685.0,2.9371,33.2991,0.6904,57.012,28.1623,6.9866
29690.0,2.9444,33.6829,0.7217,58.2568,28.2594,6.9829
29695.0,2.9474,33.5623,0.7193,59.4547,28.4028,6.984
29700.0,2.9251,33.0672,0.6996,57.3609,27.8696,6.9991
29705.0,2.9236,33.5049,0.6947,56.8512,28.1149,7.0038
29710.0,2.9563,33.4926,0.7057,57.2935,28.6586,6.9816
29715.0,2.9501,33.7061,0.7203,57.4267,28.1516,6.9823
29720.0,2.9549,33.0586,0.7276,59.8122,27.6245,6.9734
29725.0,2.9683,33.4604,0.7269,59.3599,27.8298,6.9671
29730.0,2.985,34.7626,0.733,59.2322,28.0628,6.9591
29735.0,3.0196,34.8043,0.7375,61.838,27.9228,6.9306
29740.0,3.0212,34.296,0.7431,62.1358,28.3469,6.943
29745.0,3.0221,35.1044,0.7295,62.848,28.5423,6.9522
29750.0,3.0138,34.0061,0.7255,61.625,27.9465,6.9568
29755.0,3.0097,34.859,0.7202,61.3548,28.0259,6.9671
29760.0,3.0028,34.4935,0.7261,60.8423,27.973,6.9769
29765.0,2.99,33.7069,0.7326,61.655,28.3013,6.9961
29770.0,2.9449,33.7931,0.7452,59.8751,28.327,7.0374
29775.0,2.9661,34.6259,0.7124,57.9419,27.642,7.0063
29780.0,2.9516,33.7672,0.7257,58.806,28.128,7.0241
29785.0,2.9281,33.4834,0.7117,57.2946,27.9946,7.0409
29790.0,2.9427,33.3744,0.702,57.2581,28.4784,7.0294
29795.0,2.9504,33.3605,0.7073,57.3395,28.0954,7.014
29800.0,2.9614,33.8328,0.7204,58.4918,27.7731,6.9977
29805.0,2.9326,33.0216,0.728,58.2637,28.0237,7.0265
29810.0,2.9289,33.5495,0.7142,56.8367,27.5953,7.0222
29815.0,2.8856,33.2594,0.6882,53.98,27.7065,7.0592
29820.0,2.8731,32.0108,0.6868,53.0808,27.835,7.0655
29825.0,2.8386,31.8741,0.6763,52.5953,27.5438,7.0852
29830.0,2.8445,31.2927,0.6958,54.0324,28.0021,7.0743
29835.0,2.835,31.3173,0.6801,50.5576,27.571,7.0693
29840.0,2.7936,30.7353,0.6724,51.8723,27.7779,7.0984
29845.0,2.7821,30.8374,0.6791,50.7171,27.9023,7.0979
29850.0,2.7769,30.5863,0.67,49.1529,27.5489,7.088
29855.0,2.7653,30.6336,0.6718,47.6824,27.8027,7.0884
29860.0,2.7234,29.0996,0.6473,46.9748,27.8467,7.1136
29865.0,2.7046,29.2547,0.6561,46.1123,28.2896,7.118
29870.0,2.677,28.7064,0.6604,45.0551,27.8738,7.1255
29875.0,2.6763,29.2114,0.6335,45.9444,27.858,7.1108
29880.0,2.6575,27.9271,0.6422,44.9413,27.1464,7.111
29885.0,2.6633,28.6066,0.648,44.2599,27.8241,7.0937
29890.0,2.6605,28.2776,0.6563,44.3739,27.9409,7.0843
29895.0,2.6561,27.8878,0.6469,44.1698,27.5529,7.0765
29900.0,2.6325,28.3603,0.6586,43.5342,28.0817,7.0875
29905.0,2.5969,27.415,0.6394,41.9254,27.6265,7.1069
29910.0,2.592,26.9155,0.6234,42.8468,28.0242,7.0984
29915.0,2.5898,26.7979,0.6265,41.0036,27.3324,7.0882
29920.0,2.5854,26.7176,0.6208,40.3839,28.1166,7.0802
29925.0,2.5569,26.3691,0.6215,40.0277,27.6293,7.0947
29930.0,2.5783,27.0025,0.6127,39.7815,27.2332,7.0657
29935.0,2.5813,26.6571,0.64,42.5544,27.5341,7.0538
29940.0,2.5987,27.1455,0.6411,41.665,27.3669,7.0322
29945.0,2.5982,27.0655,0.6275,41.5752,27.5583,7.028
29950.0,2.5906,27.3618,0.6099,41.0216,27.2008,7.0311
29955.0,2.5823,27.02,0.6309,40.1543,27.803,7.034
29960.0,2.5827,27.0805,0.6198,39.6644,27.1949,7.0301
29965.0,2.5961,27.7328,0.6346,41.4136,27.5619,7.0147
29970.0,2.6073,28.063,0.6314,43.2259,27.3653,7.0031
29975.0,2.6079,27.7639,0.6293,43.4417,27.5686,7.0018
29980.0,2.5958,27.4493,0.6151,41.3989,27.3212,7.0118
29985.0,2.6237,27.8176,0.6435,44.1498,27.5166,6.9872
29990.0,2.6185,27.7704,0.6393,43.3105,27.5285,6.9923
29995.0,2.6559,28.1114,0.6423,42.6499,27.6434,6.9623
30000.0,2.6726,28.8787,0.6422,43.6366,27.5413,6.9518
30005.0,2.6643,28.9723,0.6515,46.1015,27.4733,6.9641
30010.0,2.6829,29.3532,0.6369,44.6536,27.1391,6.9522
30015.0,2.7008,28.9077,0.6544,45.845,27.4914,6.9436
30020.0,2.7009,29.4474,0.6502,45.8319,27.3388,6.9495
30025.0,2.6929,28.8675,0.656,45.7811,27.6892,6.9637
30030.0,2.7119,29.026,0.6535,46.4669,27.4131,6.9516
30035.0,2.7336,29.8631,0.6737,48.2506,27.3909,6.9386
30040.0,2.7552,30.6745,0.6742,48.8654,26.8447,6.9242
30045.0,2.7642,30.3082,0.6857,50.0024,27.2269,6.9273
30050.0,2.799,30.9926,0.6833,51.7631,27.4087,6.9077
30055.0,2.8049,30.7992,0.6786,50.2911,27.4247,6.9132
30060.0,2.8024,30.8421,0.6612,49.8571,27.2761,6.9248
30065.0,2.8039,31.114,0.6879,52.3358,27.3243,6.9331
30070.0,2.8127,31.1359,0.676,50.7099,27.1814,6.9327
30075.0,2.8188,31.323,0.6863,51.6458,27.3447,6.9368
30080.0,2.8344,31.1892,0.6924,51.6747,27.014,6.9281
30085.0,2.8464,32.2815,0.6781,52.505,26.7274,6.9232
30090.0,2.8477,32.1651,0.6819,53.2526,27.6389,6.9396
30095.0,2.8758,32.423,0.6829,53.4875,27.1231,6.9179
30100.0,2.8637,31.1873,0.6959,54.015,27.097,6.9374
30105.0,2.8949,32.905,0.6878,53.7947,27.1926,6.919
30110.0,2.8984,32.8472,0.704,55.458,27.2057,6.9251
30115.0,2.8805,32.165,0.7039,54.7858,26.9089,6.9469
30120.0,2.8858,32.464,0.6931,54.9269,27.0591,6.9508
30125.0,2.8866,32.3574,0.6925,54.0936,26.885,6.9542
30130.0,2.8978,32.8226,0.6966,54.6048,27.1023,6.9522
30135.0,2.8746,31.7634,0.7057,54.057,26.938,6.9769
30140.0,2.8959,31.9705,0.6798,55.6574,27.5039,6.9676
30145.0,2.9098,32.9676,0.6989,56.5854,27.4078,6.9578
30150.0,2.9101,32.6802,0.707,55.6442,27.3426,6.9616
30155.0,2.8957,32.885,0.7059,56.3332,26.8853,6.9739
30160.0,2.8888,32.7783,0.7037,54.6191,27.0537,6.9856
30165.0,2.8913,32.851,0.7085,55.6582,27.2105,6.9872
30170.0,2.864,31.616,0.6942,55.6709,26.6657,7.0076
30175.0,2.8735,32.0316,0.6984,54.2228,26.7678,6.9996
30180.0,2.8919,32.2767,0.7247,56.7287,26.9419,6.9847
30185.0,2.9174,32.9412,0.6927,55.073,26.6376,6.9591
30190.0,2.9435,33.2019,0.7136,57.3522,27.2777,6.9477
30195.0,2.96,33.8614,0.7224,58.6095,26.8977,6.9334
30200.0,2.9827,33.9047,0.7237,59.5602,26.6153,6.9155
30205.0,3.0261,34.8763,0.7329,63.2506,26.8248,6.8874
30210.0,3.042,35.0114,0.7244,62.87,26.7276,6.883
30215.0,2.9912,34.1656,0.714,61.1138,27.0557,6.9503
30220.0,2.9807,34.2997,0.6985,58.3102,26.579,6.9609
30225.0,3.0115,34.7953,0.73,60.6561,26.6659,6.9379
30230.0,2.9801,33.8682,0.7162,59.1167,26.814,6.9769
30235.0,2.958,34.1682,0.7158,58.8938,26.1676,6.9921
30240.0,2.9604,33.9636,0.7227,57.9918,26.6973,6.9991
30245.0,2.941,33.5494,0.7116,59.0067,26.0149,7.008
30250.0,2.9818,34.2675,0.7064,59.5539,26.9376,6.9822
30255.0,2.9705,34.0134,0.7257,59.1552,27.0596,6.996
30260.0,2.9885,34.1205,0.7224,59.5361,26.6665,6.9739
30265.0,2.988,33.5625,0.7198,60.2124,26.4591,6.9735
30270.0,2.993,34.5229,0.7326,59.9694,26.7311,6.9763
30275.0,3.0187,34.6482,0.7254,60.5097,26.5424,6.9513
30280.0,3.0015,34.695,0.7238,60.6297,26.7189,6.9761
30285.0,3.0385,35.1316,0.7442,62.7362,26.5859,6.9415
30290.0,3.0571,35.4846,0.7506,65.2676,26.6787,6.9309
30295.0,3.0719,36.0333,0.7302,63.0786,26.6245,6.9232
30300.0,3.0576,36.2065,0.7444,63.9783,26.3198,6.9405
30305.0,3.0398,35.4391,0.7262,62.3915,26.5504,6.9702
30310.0,3.0152,34.4883,0.7153,61.0868,26.2142,6.993
30315.0,3.0075,34.2401,0.7115,60.2147,26.2147,7.0022
30320.0,3.0144,34.9914,0.7484,61.045,26.0621,6.9925
30325.0,2.9937,33.432,0.7195,59.6853,26.1073,7.0146
30330.0,2.991,33.8806,0.7242,59.5751,26.1111,7.0162
30335.0,2.9772,34.1751,0.7162,59.8711,26.1438,7.0284
30340.0,2.9435,33.5393,0.7162,57.8149,25.8469,7.0538
30345.0,2.9239,33.2059,0.6965,56.6597,26.2132,7.0725
30350.0,2.9202,32.4898,0.7273,57.9616,26.5522,7.0724
30355.0,2.9234,33.2055,0.6934,56.289,26.2443,7.0562
30360.0,2.8994,32.3586,0.7085,55.5975,26.3661,7.0734
30365.0,2.8758,31.5769,0.703,55.4191,26.5408,7.0892
30370.0,2.8658,32.0662,0.6893,54.9925,26.1466,7.0836
30375.0,2.8264,31.1479,0.6768,50.5624,26.4651,7.1134
30380.0,2.8026,31.1821,0.6783,49.2354,26.0231,7.1186
30385.0,2.8131,31.4074,0.6895,53.9132,26.2437,7.0962
30390.0,2.7901,31.1271,0.6649,50.6352,26.3102,7.1055
30395.0,2.7768,30.6582,0.6632,49.8418,25.9271,7.1022
30400.0,2.7366,29.9787,0.6716,48.6661,25.9506,7.1273
30405.0,2.7117,29.0918,0.6468,46.7105,26.0326,7.136
30410.0,2.694,28.6511,0.6472,44.3432,25.8351,7.135
30415.0,2.6514,28.422,0.6502,43.5953,25.9073,7.1582
30420.0,2.6144,27.8779,0.623,42.4391,25.588,7.1736
30425.0,2.5596,26.4788,0.6087,39.9233,25.5192,7.2047
30430.0,2.5199,25.9892,0.6338,38.8292,26.291,7.2153
30435.0,2.496,25.5771,0.5862,36.1622,25.5059,7.2145
30440.0,2.4852,26.1077,0.6064,37.7606,25.6618,7.1971
30445.0,2.4633,25.5089,0.6025,36.239,25.8487,7.1915
30450.0,2.3965,23.8049,0.5808,34.2142,25.8789,7.2313
30455.0,2.3551,23.3685,0.5632,31.0101,26.143,7.2408
30460.0,2.3385,23.1834,0.5798,30.2095,25.3889,7.2362
30465.0,2.2972,22.343,0.579,30.5067,25.8337,7.2418
30470.0,2.2815,22.3149,0.5483,27.9992,25.611,7.2307
30475.0,2.2461,21.3976,0.5676,26.8828,25.8329,7.2338
30480.0,2.1864,20.2889,0.5474,23.9041,26.3283,7.2573
30485.0,2.1693,19.7716,0.5431,24.7892,25.9102,7.2517
30490.0,2.1791,20.1144,0.5659,25.396,25.3685,7.2203
30495.0,2.1398,19.8619,0.5604,23.5978,25.5942,7.2296
30500.0,2.0938,18.8481,0.5611,23.3635,25.6697,7.2506
30505.0,2.0743,18.1469,0.5271,22.0924,25.6807,7.2417
30510.0,2.0516,17.9742,0.5389,21.3044,25.7052,7.2365
30515.0,2.05,17.4609,0.5333,22.1529,25.5051,7.2138
30520.0,2.0367,17.969,0.5389,21.0659,25.9278,7.19
30525.0,2.0099,16.691,0.5422,20.8056,25.6875,7.2041
30530.0,1.9844,16.3959,0.5356,18.2471,25.6439,7.2115
30535.0,1.9835,16.7987,0.5209,17.3843,25.5656,7.1886
30540.0,1.9552,16.631,0.5391,17.6057,25.512,7.2114
30545.0,1.9613,16.2387,0.5245,18.0174,25.6653,7.1974
30550.0,1.9851,16.7574,0.5339,19.298,25.2171,7.179
30555.0,1.9778,16.2732,0.5191,19.3224,25.5013,7.1784
30560.0,2.006,17.0332,0.519,18.5459,25.4731,7.1395
30565.0,2.0338,17.2857,0.5568,20.644,25.179,7.1098
30570.0,2.0233,17.3545,0.5279,18.123,25.7065,7.1056
30575.0,2.041,17.9258,0.5352,20.0132,25.1244,7.1005
30580.0,2.0414,17.1481,0.5412,20.1013,25.3726,7.0917
30585.0,2.0519,17.6201,0.5598,21.2844,25.1944,7.083
30590.0,2.0459,17.6384,0.5453,21.1348,25.5662,7.079
30595.0,2.0625,17.9174,0.5326,21.4614,25.4083,7.062
30600.0,2.0629,18.2,0.542,20.6731,25.6761,7.0528
30605.0,2.0793,18.1079,0.545,20.9269,25.4627,7.0378
30610.0,2.1004,18.9196,0.5612,23.4229,25.2743,7.0159
30615.0,2.1209,19.0547,0.5268,23.3432,25.0698,6.9956
30620.0,2.0835,18.4132,0.5329,22.5286,25.0356,7.0429
30625.0,2.0835,18.7872,0.5598,23.1796,25.0959,7.0428
30630.0,2.1025,18.1505,0.5358,21.5054,24.809,7.0267
30635.0,2.0954,18.4696,0.5466,21.6959,25.031,7.0288
30640.0,2.1325,19.1494,0.5703,25.2956,24.9883,6.9852
30645.0,2.1536,19.7146,0.5613,24.4929,24.9587,6.9634
30650.0,2.1601,20.1423,0.5595,23.8446,24.9789,6.9598
30655.0,2.1573,19.7625,0.5604,24.4601,25.4142,6.9582
30660.0,2.1835,20.3392,0.5715,26.6157,25.5064,6.9342
30665.0,2.1927,20.7755,0.5452,24.2528,24.9067,6.9437
30670.0,2.1906,20.4251,0.5818,26.0408,24.7285,6.9566
30675.0,2.1703,19.9631,0.5811,25.1865,24.75,6.9835
30680.0,2.1761,19.9232,0.5599,25.0489,24.9982,6.9747
30685.0,2.2037,20.03,0.5575,27.4427,25.0296,6.948
30690.0,2.2244,20.918,0.5508,26.4575,24.6359,6.9394
30695.0,2.2628,21.489,0.5858,28.4995,24.5179,6.9088
30700.0,2.2371,20.8191,0.5721,26.7242,25.3527,6.9305
30705.0,2.2516,21.2264,0.5749,28.047,24.666,6.9367
30710.0,2.2727,21.6651,0.5672,28.1632,24.5028,6.9255
30715.0,2.2996,22.1575,0.596,30.7811,24.7903,6.9024
30720.0,2.3094,22.083,0.5811,29.6455,25.0238,6.9003
30725.0,2.318,22.6163,0.5879,30.1294,24.7215,6.9078
30730.0,2.3259,22.705,0.5795,29.2843,24.5399,6.9136
30735.0,2.3239,22.342,0.611,31.1363,24.7372,6.9234
30740.0,2.315,22.6648,0.6012,30.7494,24.9575,6.9386
30745.0,2.3134,22.1561,0.5567,30.2154,24.3037,6.9575
30750.0,2.313,22.6135,0.5552,28.8435,24.9761,6.9538
30755.0,2.2963,21.6369,0.5775,28.0211,24.5015,6.9832
30760.0,2.297,21.8131,0.5673,30.5492,24.8812,6.9795
30765.0,2.3089,22.729,0.578,30.0507,24.5896,6.9742
30770.0,2.3006,22.1876,0.5779,28.6623,24.941,6.9804
30775.0,2.313,22.7327,0.5863,29.6666,24.5321,6.9764
30780.0,2.317,22.5275,0.5645,28.2003,24.7404,6.9721
30785.0,2.3114,21.8039,0.5801,30.955,24.5023,6.9844
30790.0,2.298,22.0489,0.5757,29.6561,24.6698,6.9978
30795.0,2.3098,22.2111,0.5727,28.8882,24.2191,6.9932
30800.0,2.3147,22.1148,0.599,31.5367,24.4359,6.9856
30805.0,2.3109,22.6582,0.5768,29.2358,24.9683,6.9833
30810.0,2.3162,22.5484,0.5828,30.5101,24.5483,6.9859
30815.0,2.3254,22.3412,0.5871,30.6912,24.3208,6.9816
30820.0,2.3008,22.4226,0.5836,29.5014,24.3329,7.0089
30825.0,2.2855,21.5823,0.5736,29.1779,24.0689,7.029
30830.0,2.2633,21.4715,0.5752,28.5835,24.604,7.0404
30835.0,2.253,21.3522,0.5821,28.1085,24.4051,7.0502
30840.0,2.2733,21.7431,0.5849,29.5923,23.7499,7.0346
30845.0,2.2495,21.3918,0.5604,27.6205,24.49,7.0419
30850.0,2.281,21.7716,0.5647,29.3789,24.3409,7.0064
30855.0,2.2555,20.8263,0.5817,28.6081,23.8837,7.04
30860.0,2.2061,20.5361,0.5543,26.5025,24.1728,7.0846
30865.0,2.2014,20.0773,0.5492,26.6783,24.2774,7.0785
30870.0,2.1975,20.7543,0.5766,26.5276,24.2005,7.0747
30875.0,2.2021,20.5252,0.5814,27.2245,24.5053,7.0538
30880.0,2.2029,20.3615,0.5649,26.0865,24.1128,7.054
30885.0,2.1652,20.0704,0.581,25.1675,24.4963,7.0808
30890.0,2.1658,19.2544,0.527,24.2978,23.8211,7.0872
30895.0,2.1682,19.8477,0.5478,23.7804,24.2175,7.0643
30900.0,2.176,20.3603,0.5536,25.0969,23.631,7.061
30905.0,2.175,20.2517,0.5433,24.55,23.9766,7.0462
30910.0,2.1509,19.5366,0.5491,24.1519,23.9098,7.0693
30915.0,2.1404,19.317,0.5306,23.6685,23.7279,7.0786
30920.0,2.1476,19.5593,0.5423,23.0867,24.2647,7.0472
30925.0,2.1805,19.9334,0.5619,26.094,24.153,7.006
30930.0,2.1831,19.7969,0.5623,25.3772,23.7727,7.01
30935.0,2.1776,20.32,0.5744,27.0864,24.2286,7.0045
30940.0,2.1944,20.6073,0.5617,26.5293,23.8353,6.994
30945.0,2.185,19.7509,0.5562,24.3524,23.9704,7.0019
30950.0,2.1878,20.1913,0.5416,25.0025,24.3827,6.9896
30955.0,2.2065,20.5869,0.5571,25.1873,24.1368,6.9753
30960.0,2.2139,20.9221,0.5779,26.7835,24.2751,6.9671
30965.0,2.2068,20.6926,0.5516,26.4751,23.8213,6.9881
30970.0,2.2251,20.4201,0.5523,26.6611,23.8778,6.9688
30975.0,2.2343,20.8155,0.5567,26.3062,24.1286,6.957
30980.0,2.2368,20.396,0.5624,26.0204,24.3319,6.9552
30985.0,2.2416,20.8487,0.5672,28.4448,24.091,6.96
30990.0,2.2749,21.2181,0.5821,29.924,23.5431,6.9396
30995.0,2.2642,21.8529,0.5956,28.5266,24.1808,6.946
31000.0,2.2548,21.2728,0.5838,28.2386,24.3193,6.9601
31005.0,2.2434,21.27,0.5787,28.5064,24.0963,6.9815
31010.0,2.2413,21.1846,0.5711,29.6355,24.1037,6.9866
31015.0,2.2454,21.8296,0.5338,26.3701,24.2569,6.9811
31020.0,2.2688,21.5847,0.5668,28.8957,23.8102,6.9665
31025.0,2.2717,21.6677,0.5604,28.2825,23.7414,6.9682
31030.0,2.2676,21.8255,0.5627,28.4599,24.1951,6.9683
31035.0,2.297,21.8482,0.5913,29.5395,23.5068,6.9528
31040.0,2.277,21.971,0.5645,27.3748,24.2615,6.9663
31045.0,2.3051,22.2149,0.581,31.9021,23.5042,6.9539
31050.0,2.2875,21.7836,0.57,27.9459,23.7216,6.9741
31055.0,2.2711,21.473,0.5985,27.7918,24.2334,6.9864
31060.0,2.2736,21.5791,0.5662,29.1328,24.0486,6.989
31065.0,2.2912,22.097,0.5718,30.5319,23.7434,6.9769
31070.0,2.283,21.2613,0.5697,28.1675,24.014,6.9834
31075.0,2.2907,21.6107,0.5673,29.8005,23.5663,6.9852
31080.0,2.2652,21.316,0.5736,27.5511,23.4724,7.0166
31085.0,2.2494,21.1717,0.5688,26.7502,24.0032,7.0227
31090.0,2.2627,21.0772,0.5758,27.5141,23.322,7.0187
31095.0,2.2624,21.6132,0.5522,27.3892,23.7952,7.0075
31100.0,2.2782,21.3411,0.5733,28.6504,23.2995,6.9983
31105.0,2.2534,21.9088,0.5552,27.6515,23.8951,7.0141
31110.0,2.2341,21.0403,0.5827,27.306,23.7373,7.0371
31115.0,2.2201,20.444,0.5744,27.1698,24.3677,7.0358
31120.0,2.2216,20.9254,0.5702,27.2944,23.7662,7.0422
31125.0,2.2194,21.147,0.558,25.7893,23.5254,7.045
31130.0,2.1937,19.7556,0.5507,24.9831,23.5389,7.0687
31135.0,2.1761,20.2901,0.5436,25.5272,23.4028,7.0848
31140.0,2.1812,20.0281,0.5584,27.2832,23.0825,7.077
31145.0,2.1334,18.7814,0.5248,21.8242,24.0261,7.0991
31150.0,2.1428,19.5633,0.5467,23.2512,23.6008,7.0879
31155.0,2.1263,19.2793,0.5547,23.6904,23.669,7.0945
31160.0,2.1294,19.2682,0.5395,22.2107,23.0064,7.0983
31165.0,2.1061,19.3042,0.5459,22.0766,23.7777,7.0923
31170.0,2.1025,18.8746,0.5586,23.1205,23.2504,7.1008
31175.0,2.0904,18.25,0.5533,22.2258,23.4053,7.099
31180.0,2.089,18.4261,0.5524,23.1434,23.4658,7.0902
31185.0,2.1019,18.5958,0.5384,22.5025,23.1512,7.0825
31190.0,2.0851,18.5647,0.5462,21.2403,23.6605,7.0882
31195.0,2.0844,18.3099,0.5317,20.1926,23.2943,7.1024
31200.0,2.1014,18.5658,0.5439,22.1486,23.3995,7.0751
31205.0,2.1077,19.0524,0.5481,23.9936,23.2818,7.0691
31210.0,2.0893,18.0766,0.5363,21.1458,23.4867,7.0879
31215.0,2.1117,18.3768,0.5418,22.3076,23.2259,7.0659
31220.0,2.1046,18.5377,0.5467,22.5056,23.3852,7.0697
31225.0,2.0853,18.3724,0.5646,22.6094,23.2799,7.101
31230.0,2.071,18.0849,0.5274,21.3556,23.5926,7.1114
31235.0,2.0888,18.2615,0.5523,21.4819,23.3248,7.0959
31240.0,2.0881,18.3005,0.5482,21.5882,23.3289,7.0962
31245.0,2.0809,18.017,0.5393,21.7224,23.4025,7.1039
31250.0,2.0938,18.2492,0.5552,22.7484,23.1072,7.0962
31255.0,2.0898,18.8521,0.5512,23.5365,23.2091,7.0981
31260.0,2.0823,18.6334,0.5394,21.2843,23.5973,7.0949
31265.0,2.1097,18.6229,0.5552,23.7912,23.1502,7.0716
31270.0,2.0998,18.9649,0.5471,23.929,23.2988,7.0797
31275.0,2.1003,18.7387,0.5392,21.751,23.3559,7.0772
31280.0,2.0873,18.4697,0.5499,23.1022,23.2112,7.1009
31285.0,2.0666,18.3951,0.5544,21.3007,23.9591,7.1046
31290.0,2.0911,18.5942,0.551,22.0706,23.3184,7.0926
31295.0,2.1036,18.8032,0.5445,22.5093,23.2828,7.0756
31300.0,2.079,18.0464,0.5518,21.1498,23.6984,7.0953
31305.0,2.1059,19.1312,0.5398,22.4653,23.3844,7.0689
31310.0,2.1282,18.8782,0.5717,23.6849,23.0892,7.0468
31315.0,2.1284,18.4172,0.5743,24.4471,22.5,7.0659
31320.0,2.132,19.5417,0.5485,23.4019,22.4505,7.0632
31325.0,2.0958,18.9649,0.5523,23.739,23.157,7.0901
31330.0,2.0818,18.5925,0.5447,21.4923,23.3417,7.1045
31335.0,2.1034,18.9676,0.5391,23.3654,22.7973,7.0937
31340.0,2.1011,18.1256,0.5454,22.2447,23.155,7.0837
31345.0,2.0894,18.4038,0.5423,22.0561,23.4389,7.0899
31350.0,2.1065,19.3751,0.5475,22.6688,22.6568,7.0937
31355.0,2.1088,18.9979,0.5565,22.9452,23.3292,7.0668
31360.0,2.1228,19.2921,0.5481,23.5931,22.9193,7.06
31365.0,2.1199,19.1659,0.5488,23.9385,22.9574,7.0626
31370.0,2.1311,19.4078,0.5582,23.076,22.9833,7.046
31375.0,2.1293,19.1916,0.5647,23.3826,23.3972,7.0344
31380.0,2.1435,19.7226,0.5639,24.0819,23.08,7.0246
31385.0,2.1497,18.7199,0.5434,23.5391,22.8586,7.0228
31390.0,2.1408,19.034,0.561,24.8394,23.3389,7.0198
31395.0,2.1715,19.6554,0.5531,26.4971,23.2173,6.9842
31400.0,2.1825,19.9673,0.5492,24.5709,23.4244,6.9671
31405.0,2.2002,20.2707,0.5669,26.9354,23.0815,6.9585
31410.0,2.2,20.5127,0.5508,26.1589,23.1733,6.9612
31415.0,2.1932,20.71,0.5808,27.0945,22.9847,6.9785
31420.0,2.1749,19.9347,0.5441,23.8273,23.1292,6.9994
31425.0,2.1785,20.4545,0.5409,24.3692,23.0371,6.9982
31430.0,2.1839,20.3404,0.555,24.7746,23.1091,6.9902
31435.0,2.1877,20.4351,0.5653,25.3836,23.2353,6.9837
31440.0,2.1934,20.1807,0.5831,27.2475,22.8873,6.9875
31445.0,2.1646,19.5865,0.5662,23.6414,23.0957,7.0177
31450.0,2.1874,20.6683,0.546,24.4843,22.6788,7.0003
31455.0,2.1803,20.1525,0.5454,24.1088,23.304,6.9922
31460.0,2.2089,19.9944,0.5635,26.0969,22.4705,6.9801
31465.0,2.2006,20.3942,0.5572,26.0912,22.9517,6.9799
31470.0,2.2093,20.4496,0.5467,26.6522,22.666,6.9792
31475.0,2.1785,19.8497,0.5712,26.0201,23.6143,6.9943
31480.0,2.1765,19.6896,0.5613,25.2771,23.2606,7.0064
31485.0,2.1894,20.3782,0.5648,25.8787,23.1826,6.993
31490.0,2.1894,20.4209,0.5615,25.9992,22.8047,7.0029
31495.0,2.2252,21.0229,0.5524,27.7303,22.6983,6.9634
31500.0,2.2377,21.4602,0.5663,26.6232,22.9974,6.9455
31505.0,2.2451,21.5643,0.5471,26.5825,22.8948,6.9453
31510.0,2.2552,21.4636,0.563,29.0792,22.941,6.9395
31515.0,2.2536,21.4115,0.568,28.277,23.2062,6.9429
31520.0,2.2756,21.7777,0.5751,28.7894,23.2475,6.9247
31525.0,2.2671,20.898,0.5703,28.2029,22.9697,6.948
31530.0,2.2783,22.0964,0.5691,28.9975,22.8216,6.9453
31535.0,2.2942,22.0149,0.5724,30.2557,23.0547,6.9297
31540.0,2.3227,22.0301,0.5847,30.7605,22.8894,6.9093
31545.0,2.3099,22.6681,0.5854,30.2615,22.7358,6.9362
31550.0,2.3351,22.4292,0.6102,31.176,23.4478,6.9058
31555.0,2.3336,23.2143,0.5848,30.3532,23.0783,6.9233
31560.0,2.3261,22.9313,0.5909,32.2675,23.1617,6.9398
31565.0,2.3067,22.1646,0.5817,28.4857,23.3483,6.9654
31570.0,2.2901,21.529,0.5629,28.528,23.7694,6.981
31575.0,2.2854,21.4145,0.5688,28.109,23.0624,7.0018
31580.0,2.2843,22.1093,0.5747,30.1122,23.1149,7.0024
31585.0,2.299,22.768,0.5704,29.8762,23.1232,6.9856
31590.0,2.325,22.1382,0.574,32.0509,22.7961,6.9638
31595.0,2.3224,22.5754,0.5877,31.0586,23.1788,6.964
31600.0,2.3249,22.6783,0.5783,30.3983,22.9131,6.97
31605.0,2.3092,22.2033,0.5863,31.1749,22.7016,6.995
31610.0,2.2861,22.2568,0.5465,28.1096,23.2152,7.0127
31615.0,2.2931,22.0176,0.5676,28.7397,22.7808,7.0121
31620.0,2.2957,22.2997,0.5755,30.2517,23.0798,7.002
31625.0,2.2753,22.7331,0.5981,28.9504,23.171,7.0226
31630.0,2.276,21.9429,0.5612,28.0255,23.0449,7.0222
31635.0,2.2631,21.253,0.5808,28.6252,23.183,7.0312
31640.0,2.2649,21.8799,0.5812,29.1625,23.0475,7.0283
31645.0,2.2631,21.8227,0.5814,28.5789,22.8535,7.0309
31650.0,2.259,21.366,0.5851,28.1992,23.021,7.0284
31655.0,2.2549,21.1609,0.5653,27.0682,23.3128,7.0235
31660.0,2.2634,21.6442,0.5724,27.5011,22.7268,7.023
31665.0,2.2336,20.8698,0.5657,28.2664,23.177,7.0447
31670.0,2.2242,21.1751,0.5693,27.4052,22.8504,7.0582
31675.0,2.234,20.7868,0.5642,28.9925,23.5091,7.0257
31680.0,2.2448,21.3218,0.5788,28.1519,23.0946,7.0181
31685.0,2.2505,21.0574,0.5703,27.429,23.0352,7.0105
31690.0,2.2814,21.7638,0.5706,29.7907,22.7259,6.9802
31695.0,2.2658,21.2519,0.5515,27.6577,23.2597,6.9886
31700.0,2.2828,21.6588,0.5786,28.6931,22.9069,6.9781
31705.0,2.2789,21.8888,0.5654,28.737,23.0559,6.9819
31710.0,2.255,21.0388,0.5744,27.2853,23.1973,7.0083
31715.0,2.2604,21.3435,0.5699,27.3734,23.2825,7.0002
31720.0,2.237,20.9499,0.5768,27.9912,23.2059,7.028
31725.0,2.26,21.7264,0.5566,27.6922,22.7974,7.0079
31730.0,2.2448,20.6444,0.5721,27.2017,23.0244,7.0189
31735.0,2.2404,20.7078,0.567,26.6545,22.8884,7.0249
31740.0,2.2415,21.2695,0.5735,28.3552,23.0657,7.017
31745.0,2.2693,21.5672,0.5725,27.9122,22.955,6.9854
31750.0,2.2454,21.5716,0.5626,28.3059,22.5746,7.0218
31755.0,2.2564,21.6534,0.5732,29.2408,22.7548,7.0035
31760.0,2.2327,20.7403,0.5434,28.1425,23.2269,7.0194
31765.0,2.2582,21.7275,0.5715,27.6409,23.1233,6.9909
31770.0,2.2614,21.3941,0.5724,28.6292,22.8787,6.9926
31775.0,2.2365,21.0967,0.5583,27.5545,23.1472,7.0162
31780.0,2.2277,20.6169,0.5491,27.1868,22.8769,7.0312
31785.0,2.2333,21.057,0.5703,27.2347,22.8147,7.0227
31790.0,2.2134,20.887,0.5634,27.4805,22.6004,7.0483
31795.0,2.2035,20.2522,0.5647,27.7649,23.0353,7.0442
31800.0,2.188,19.9425,0.5463,25.4682,23.0924,7.0555
31805.0,2.2102,20.3648,0.5664,27.2853,22.4183,7.0397
31810.0,2.214,20.6196,0.5681,26.7604,23.2687,7.0092
31815.0,2.2093,20.5779,0.5709,26.9645,23.2377,7.0134
31820.0,2.2244,21.6979,0.5568,26.5107,23.1449,6.9967
31825.0,2.2181,20.3963,0.5546,24.4597,22.7349,7.0135
31830.0,2.2281,21.1492,0.5658,26.264,22.957,6.9955
31835.0,2.2287,21.2532,0.5711,26.4191,23.1961,6.9894
31840.0,2.2377,20.9157,0.5666,28.5066,22.9976,6.9846
31845.0,2.2653,21.5679,0.567,28.0115,22.9451,6.9561
31850.0,2.2697,21.1551,0.5711,27.5588,22.6842,6.9609
31855.0,2.2634,21.6975,0.5668,27.8155,22.9285,6.9679
31860.0,2.2605,22.0312,0.5718,28.9013,22.8029,6.9778
31865.0,2.2474,21.5686,0.5638,26.8323,23.0878,6.9897
31870.0,2.2742,21.3002,0.5623,27.5658,22.5389,6.9723
31875.0,2.2602,21.1335,0.5605,28.2903,23.1587,6.9783
31880.0,2.2627,21.8755,0.5657,27.5608,23.1845,6.9778
31885.0,2.2587,21.3165,0.577,29.3548,22.9473,6.9897
31890.0,2.2458,20.9011,0.5705,27.6735,22.6821,7.0119
31895.0,2.2329,20.9326,0.5576,26.8068,23.0938,7.0169
31900.0,2.2369,21.1958,0.5712,26.9093,23.1813,7.0085
31905.0,2.2365,20.8379,0.5625,26.2443,23.0232,7.0112
31910.0,2.2397,22.1446,0.5682,28.4927,22.5219,7.0175
31915.0,2.2216,20.8558,0.5541,26.561,22.9407,7.027
31920.0,2.2201,20.6529,0.5634,25.5453,22.8448,7.0281
31925.0,2.2185,20.6343,0.5387,27.651,22.9576,7.0239
31930.0,2.2215,20.6067,0.5495,25.7591,22.9868,7.0167
31935.0,2.2416,21.3977,0.5772,27.7856,22.9034,6.9931
31940.0,2.2223,21.005,0.5581,25.875,23.2609,7.0074
31945.0,2.2295,20.6684,0.5728,27.3921,23.306,6.9977
31950.0,2.2486,20.6847,0.5834,29.1906,23.2116,6.9782
31955.0,2.2502,21.5979,0.5664,27.6145,23.0523,6.9818
31960.0,2.2639,21.2075,0.5491,29.4509,22.732,6.9752
31965.0,2.2844,21.9173,0.581,29.522,22.9598,6.9504
31970.0,2.2773,21.6918,0.5938,30.5815,22.6044,6.9705
31975.0,2.2686,21.9625,0.5591,28.3326,23.2423,6.9719
31980.0,2.285,21.752,0.5682,29.3501,22.9416,6.9629
31985.0,2.302,22.1736,0.5616,30.9136,23.1441,6.9445
31990.0,2.3228,22.7306,0.5748,30.5096,22.9758,6.9308
31995.0,2.3277,22.2777,0.5862,30.0341,23.128,6.9309
32000.0,2.3602,23.4143,0.5976,32.5299,22.5976,6.9119
32005.0,2.3704,23.5693,0.5967,32.6086,23.0161,6.9048
32010.0,2.3881,23.9887,0.5992,33.1972,22.7902,6.9
32015.0,2.3815,23.3565,0.5979,34.1311,22.9217,6.9171
32020.0,2.3884,24.0431,0.6038,34.0362,23.37,6.9146
32025.0,2.414,24.552,0.6015,33.7596,23.5281,6.8964
32030.0,2.4367,24.3118,0.6047,35.5732,23.4159,6.8861
32035.0,2.4498,24.8001,0.5991,34.6355,22.9565,6.8899
32040.0,2.461,24.9006,0.5972,36.0623,23.4023,6.8877
32045.0,2.4804,25.3381,0.6111,37.3342,23.1539,6.8829
32050.0,2.4857,25.2878,0.5941,36.2692,23.3995,6.8896
32055.0,2.4525,24.5008,0.608,37.3637,23.3308,6.9374
32060.0,2.4873,25.3072,0.6076,38.2723,23.3737,6.9104
32065.0,2.5,25.3896,0.6225,37.415,23.2117,6.9082
32070.0,2.4912,25.9971,0.6113,37.1864,23.0672,6.929
32075.0,2.5044,25.3112,0.6242,38.6974,22.9872,6.925
32080.0,2.5249,26.2319,0.6063,39.4359,22.8854,6.9129
32085.0,2.5199,25.8712,0.5962,37.1747,22.9608,6.9278
32090.0,2.527,25.8706,0.599,38.2596,23.1003,6.9288
32095.0,2.5128,25.5686,0.6164,38.417,23.4149,6.9505
32100.0,2.5409,26.3684,0.6227,39.5492,23.416,6.9285
32105.0,2.5186,26.4127,0.6255,39.6081,23.4106,6.959
32110.0,2.53,26.1912,0.6118,39.4352,22.9901,6.9551
32115.0,2.5325,26.5326,0.6326,39.7522,23.6874,6.9549
32120.0,2.5308,25.6519,0.6109,38.0268,23.1101,6.9644
32125.0,2.5356,25.7377,0.5834,37.6086,23.2796,6.9633
32130.0,2.5531,26.5732,0.6206,39.7599,22.9542,6.9507
32135.0,2.5565,26.6031,0.6133,39.2372,23.6928,6.9507
32140.0,2.5516,26.525,0.6142,39.4925,23.327,6.9626
32145.0,2.549,27.0247,0.6208,38.7701,22.9257,6.9713
32150.0,2.5431,26.4548,0.6312,38.6574,23.0092,6.981
32155.0,2.5428,25.8945,0.6162,39.5548,22.9883,6.984
32160.0,2.5213,25.8873,0.6066,39.0533,22.9096,7.0091
32165.0,2.5068,25.4669,0.6112,37.1957,22.7866,7.0249
32170.0,2.4906,25.7857,0.6005,36.6621,23.2009,7.0371
32175.0,2.5077,25.6581,0.6284,38.2349,23.3667,7.014
32180.0,2.4923,25.0271,0.5983,37.208,23.5096,7.0267
32185.0,2.4768,25.6368,0.5997,37.2783,23.2892,7.0415
32190.0,2.4731,24.3946,0.6003,35.6213,23.0778,7.0425
32195.0,2.4432,24.3749,0.6164,36.448,23.681,7.0638
32200.0,2.4336,24.3143,0.5894,34.9586,23.0928,7.0724
32205.0,2.4319,24.463,0.5964,34.7934,22.4891,7.072
32210.0,2.4051,24.5455,0.6123,35.1452,23.0555,7.0862
32215.0,2.3923,23.6778,0.6027,34.1323,22.979,7.0911
32220.0,2.3828,23.7966,0.6007,32.5196,23.2271,7.0872
32225.0,2.3772,23.8832,0.5776,34.09,23.3742,7.0804
32230.0,2.3709,23.1462,0.5913,31.8232,23.7921,7.0717
32235.0,2.3855,23.2969,0.6009,32.8933,23.5512,7.0501
32240.0,2.3922,23.432,0.5914,31.6645,23.4293,7.0378
32245.0,2.3733,23.0619,0.5859,33.0028,23.2632,7.0552
32250.0,2.4005,24.0424,0.5938,32.5518,23.4357,7.0177
32255.0,2.392,23.9592,0.6184,32.0055,23.2611,7.0255
32260.0,2.3744,23.1484,0.5715,31.3461,23.2781,7.0414
32265.0,2.3791,23.4044,0.6053,32.7724,23.3959,7.0302
32270.0,2.378,23.3966,0.5809,32.1703,22.7521,7.036
32275.0,2.3397,23.0183,0.5766,31.7843,23.3413,7.0652
32280.0,2.3371,22.7803,0.5721,29.7478,23.0641,7.0654
32285.0,2.341,23.3805,0.5783,30.6836,23.4261,7.0474
32290.0,2.3321,23.0068,0.5742,31.4301,23.4457,7.0504
32295.0,2.3211,22.1251,0.576,30.6994,23.5928,7.054
32300.0,2.2886,21.8665,0.5821,30.7973,23.8087,7.0791
32305.0,2.3097,22.144,0.5775,30.3099,23.413,7.054
32310.0,2.2831,21.8649,0.578,29.1661,23.3907,7.0763
32315.0,2.2932,21.9105,0.5659,30.3685,23.3366,7.0574
32320.0,2.3046,22.5158,0.5616,29.4452,23.6041,7.0326
32325.0,2.3119,22.4334,0.5789,29.4485,23.3228,7.0247
32330.0,2.3316,23.1379,0.5877,31.9309,23.1074,7.0034
32335.0,2.3328,23.2576,0.5885,32.2092,23.4107,6.9962
32340.0,2.3396,22.4979,0.5928,31.9548,23.585,6.9867
32345.0,2.344,22.9954,0.5857,31.8161,23.4201,6.9857
32350.0,2.3474,22.7741,0.5887,31.187,23.0815,6.9888
32355.0,2.3477,23.0877,0.5674,31.6674,23.2898,6.9867
32360.0,2.3513,23.1741,0.58,32.205,23.3547,6.9835
32365.0,2.3476,23.0666,0.5988,32.8893,23.3297,6.9898
32370.0,2.3719,23.7991,0.5961,31.1925,23.4166,6.9641
32375.0,2.4122,24.222,0.5918,34.4007,23.3561,6.9262
32380.0,2.3772,23.3126,0.579,32.1526,23.6873,6.9664
32385.0,2.4171,23.7874,0.5928,34.1419,23.1179,6.9365
32390.0,2.4442,24.6667,0.591,36.1318,23.171,6.9143
32395.0,2.4411,24.7116,0.6045,35.1245,23.8807,6.9207
32400.0,2.4507,24.7662,0.59,35.1455,23.6855,6.9224
32405.0,2.4514,24.9845,0.6155,36.1619,23.2823,6.9343
32410.0,2.4385,24.4513,0.5888,36.0115,23.5153,6.9538
32415.0,2.4521,24.8528,0.5966,34.0197,23.0012,6.9504
32420.0,2.4423,24.4661,0.6097,37.114,23.7184,6.9601
32425.0,2.4539,25.0854,0.6136,35.7624,23.5594,6.9547
32430.0,2.4659,25.5152,0.6067,35.9128,23.4759,6.9484
32435.0,2.4837,25.2624,0.6146,37.5141,23.629,6.9351
32440.0,2.4861,25.6587,0.6101,36.6802,23.9891,6.9378
32445.0,2.4718,25.3035,0.6255,36.9486,23.2039,6.9653
32450.0,2.4999,25.4708,0.6087,37.2558,23.2897,6.9406
32455.0,2.5103,25.6131,0.6123,39.7253,23.2287,6.9366
32460.0,2.5171,26.075,0.6195,39.6146,23.8811,6.9339
32465.0,2.5078,26.0493,0.6294,37.8931,23.6734,6.9521
32470.0,2.5048,26.0052,0.6144,38.0211,23.7374,6.9611
32475.0,2.52,25.6699,0.5994,38.3543,23.4405,6.9521
32480.0,2.4991,25.5624,0.5905,37.5556,23.9551,6.976
32485.0,2.4824,24.8293,0.6028,35.2612,23.6903,6.9982
32490.0,2.4834,26.0226,0.5802,34.9849,23.1814,7.0015
32495.0,2.4771,25.0762,0.6122,35.0915,23.4783,7.006
32500.0,2.4468,24.4088,0.6156,35.4451,23.4776,7.0369
32505.0,2.4411,23.9991,0.6171,36.2982,23.6716,7.0375
32510.0,2.4582,25.2587,0.5886,35.8581,23.4585,7.0171
32515.0,2.4725,25.0982,0.603,36.3873,23.2094,7.0013
32520.0,2.4824,25.219,0.6135,38.3186,23.5227,6.9882
32525.0,2.4555,25.0032,0.6021,35.9014,23.8463,7.0144
32530.0,2.46,25.1382,0.5985,35.6318,23.3665,7.0127
32535.0,2.4533,24.666,0.6066,35.6432,23.15,7.02
32540.0,2.4531,24.3934,0.5926,36.5769,23.5041,7.0149
32545.0,2.4795,25.7131,0.6489,37.3443,23.9472,6.9827
32550.0,2.4841,24.9252,0.6062,36.126,23.5761,6.9815
32555.0,2.4692,25.312,0.6097,35.9342,24.1614,6.9948
32560.0,2.4868,24.9845,0.6257,37.3739,23.1223,6.985
32565.0,2.4848,25.238,0.6047,37.6788,23.4511,6.9864
32570.0,2.4341,25.0885,0.6118,34.8068,23.7104,7.0384
32575.0,2.4796,24.8536,0.5973,36.1049,23.6299,6.9891
32580.0,2.4765,25.5758,0.5952,36.2726,23.4737,6.9933
32585.0,2.5133,25.6006,0.6097,37.6677,23.54,6.9561
32590.0,2.4933,25.3106,0.612,37.6892,23.398,6.9815
32595.0,2.4971,25.8908,0.6,37.866,23.7374,6.9786
32600.0,2.4973,25.8331,0.5989,37.6274,23.56,6.9819
32605.0,2.5017,25.9324,0.6008,36.444,24.1627,6.9764
32610.0,2.5118,26.3856,0.6128,37.897,24.0834,6.9695
32615.0,2.5039,25.9295,0.62,37.617,23.5079,6.9839
32620.0,2.4808,25.0925,0.6154,36.915,24.0925,7.0062
32625.0,2.4797,25.0313,0.6096,36.756,23.9128,7.0084
32630.0,2.4787,24.7737,0.6029,37.0873,23.5879,7.0107
32635.0,2.4603,24.4561,0.6126,35.9593,23.554,7.0288
32640.0,2.4881,25.253,0.6071,37.5336,23.3889,6.9982
32645.0,2.5025,25.9136,0.6033,37.8662,23.7323,6.9806
32650.0,2.5341,25.6194,0.6368,38.9954,23.4728,6.9516
32655.0,2.5275,26.0657,0.6167,39.2969,23.5893,6.9627
32660.0,2.5343,26.5717,0.6129,38.4914,23.4809,6.9611
32665.0,2.5491,26.4336,0.6218,39.4042,23.5177,6.9505
32670.0,2.5629,27.0158,0.615,40.4438,23.5075,6.9422
32675.0,2.5654,27.0417,0.6303,42.0645,23.688,6.946
32680.0,2.5978,27.2131,0.6469,42.9925,23.5949,6.9201
32685.0,2.5861,26.8155,0.6196,41.9789,23.6527,6.9406
32690.0,2.5835,26.6681,0.62,40.3407,23.9104,6.9507
32695.0,2.6212,28.3304,0.636,41.5796,23.1044,6.919
32700.0,2.6395,27.791,0.6289,42.4946,23.7072,6.9099
32705.0,2.6512,28.3411,0.6307,44.8715,24.1463,6.9098
32710.0,2.6544,27.8672,0.635,45.3845,23.5774,6.916
32715.0,2.6358,27.8966,0.6446,44.4916,23.448,6.9447
32720.0,2.6503,28.3041,0.6405,43.4741,23.6959,6.9381
32725.0,2.66,28.7164,0.6343,46.0371,23.4045,6.9347
32730.0,2.6804,28.9602,0.6468,46.5688,23.9931,6.924
32735.0,2.692,29.4485,0.6567,46.53,24.0445,6.9216
32740.0,2.6823,28.9931,0.6617,45.2897,23.6835,6.939
32745.0,2.694,29.5699,0.6686,47.1036,23.4726,6.934
32750.0,2.725,29.2277,0.6383,46.8263,23.3661,6.9096
32755.0,2.7372,29.9177,0.6502,46.5134,23.5082,6.9081
32760.0,2.7554,30.0173,0.6825,49.6748,23.6898,6.902
32765.0,2.8222,31.3462,0.6851,51.5745,23.9184,6.8488
32770.0,2.82,31.2938,0.6685,52.3462,23.6321,6.8638
32775.0,2.8285,31.7154,0.713,52.8573,23.3356,6.868
32780.0,2.8388,31.3775,0.6651,52.329,23.6638,6.8772
32785.0,2.8454,32.1196,0.6974,52.6545,23.8368,6.8875
32790.0,2.8491,32.5014,0.6812,52.182,23.2655,6.8897
32795.0,2.8854,32.5706,0.694,54.8232,23.7213,6.8716
32800.0,2.8748,31.8823,0.6838,54.465,23.4517,6.8932
32805.0,2.8951,32.1383,0.6817,54.7158,24.2021,6.8968
32810.0,2.9078,32.7559,0.7147,56.7726,23.6396,6.8871
32815.0,2.91,33.0731,0.6943,56.0466,23.423,6.8943
32820.0,2.9178,32.6788,0.7004,56.9283,23.9504,6.9077
32825.0,2.8785,32.4417,0.6917,54.162,23.635,6.9554
32830.0,2.8815,32.4196,0.6754,54.4993,23.9776,6.9642
32835.0,2.8699,32.3739,0.6899,55.053,23.6035,6.9754
32840.0,2.8535,31.9656,0.6898,53.9209,23.8052,6.9988
32845.0,2.8828,32.528,0.7019,55.2953,23.7327,6.9678
32850.0,2.9003,32.3437,0.6996,55.3219,23.94,6.9556
32855.0,2.9202,33.0942,0.7095,57.6847,23.4654,6.9315
32860.0,2.9572,33.6002,0.7226,58.1626,23.5331,6.9003
32865.0,2.9587,33.7168,0.695,57.469,23.8471,6.9156
32870.0,3.0047,34.5582,0.7463,61.626,23.7335,6.8741
32875.0,3.0296,35.2956,0.7311,61.9087,23.573,6.8567
32880.0,3.0634,35.3221,0.7728,64.9273,23.8362,6.8416
32885.0,3.0512,35.6266,0.7326,64.5544,24.114,6.8801
32890.0,3.0745,35.8344,0.723,63.9285,23.3697,6.8504
32895.0,3.1371,37.2513,0.7804,67.0535,23.8544,6.8079
32900.0,3.1718,37.4112,0.7763,69.4636,24.1456,6.797
32905.0,3.1719,37.6015,0.767,69.9587,23.4942,6.7997
32910.0,3.2168,38.2216,0.8014,71.927,24.1303,6.7889
32915.0,3.1974,37.7427,0.7739,70.6361,23.533,6.8029
32920.0,3.1977,38.2246,0.7827,70.2422,24.0342,6.8218
32925.0,3.1746,37.4833,0.7793,69.7472,23.6816,6.8415
32930.0,3.1798,37.6755,0.7812,71.599,24.0598,6.8487
32935.0,3.1477,37.0696,0.7404,66.8846,23.8715,6.8861
32940.0,3.1385,36.6966,0.7567,66.8045,23.6308,6.8916
32945.0,3.1379,36.7529,0.7785,68.3203,23.9756,6.9042
32950.0,3.138,36.1747,0.7773,69.2523,23.6587,6.8939
32955.0,3.1561,36.9403,0.7621,69.4509,23.7667,6.8725
32960.0,3.1234,36.9405,0.7633,66.3918,23.3847,6.9033
32965.0,3.1221,36.9438,0.7535,68.16,23.4803,6.9094
32970.0,3.1133,36.1126,0.748,67.1109,23.6546,6.9274
32975.0,3.1206,36.2128,0.7674,67.3853,23.4442,6.9111
32980.0,3.1024,36.3936,0.7628,64.9617,23.2316,6.9282
32985.0,3.1059,35.7919,0.7502,65.7379,23.6721,6.9386
32990.0,3.1089,36.2494,0.7262,65.8972,23.5755,6.9317
32995.0,3.1378,36.8874,0.7589,66.37,24.0264,6.9074
33000.0,3.1365,36.4975,0.7646,68.0658,24.1789,6.9134
33005.0,3.0864,36.0187,0.764,65.881,23.3305,6.9533
33010.0,3.1055,36.5567,0.7425,66.4001,23.5208,6.9351
33015.0,3.1283,36.4911,0.7591,68.301,23.6325,6.9073
33020.0,3.1161,36.4119,0.7522,66.7378,23.8662,6.9304
33025.0,3.1266,36.7598,0.7458,67.825,24.0059,6.9217
33030.0,3.1199,36.7649,0.7681,67.1378,23.7607,6.9224
33035.0,3.1443,37.3107,0.7666,68.2068,23.9971,6.8974
33040.0,3.137,36.976,0.7568,66.9757,23.7571,6.8983
33045.0,3.1487,37.7969,0.7873,69.3983,23.827,6.8849
33050.0,3.1375,36.7816,0.7787,68.1685,23.3389,6.8827
33055.0,3.1355,36.8745,0.7548,67.0223,23.4772,6.8903
33060.0,3.1669,38.0001,0.7645,67.6987,23.6124,6.8521
33065.0,3.1615,37.429,0.7785,70.4083,23.2856,6.8463
33070.0,3.1426,36.6614,0.7617,68.8274,23.5197,6.8807
33075.0,3.1511,37.3307,0.7587,68.165,23.6241,6.8739
33080.0,3.1773,37.282,0.7828,69.6787,24.1598,6.8568
33085.0,3.1751,37.3313,0.7839,69.7351,23.9912,6.8533
33090.0,3.167,37.2736,0.7909,69.3434,23.7075,6.8541
33095.0,3.1766,37.2713,0.769,69.4712,23.6052,6.8371
33100.0,3.1801,37.41,0.7726,70.6184,23.8067,6.8391
33105.0,3.1568,37.2199,0.7714,68.7841,23.0507,6.8437
33110.0,3.1823,37.7167,0.7791,70.1125,23.9886,6.8428
33115.0,3.1685,37.737,0.7843,69.8295,23.471,6.843
33120.0,3.1598,37.2076,0.7617,69.1885,23.2644,6.8475
33125.0,3.1933,37.5487,0.8067,72.3029,23.7891,6.8204
33130.0,3.1919,37.8137,0.7699,70.3075,23.7324,6.8193
33135.0,3.1657,37.8231,0.7606,68.9356,23.6357,6.852
33140.0,3.1504,36.8599,0.758,68.0845,23.7433,6.8781
33145.0,3.1114,36.5787,0.7446,65.6357,23.5985,6.927
33150.0,3.1142,36.4809,0.7584,66.38,23.689,6.9279
33155.0,3.1177,36.3549,0.7616,66.7897,23.6327,6.9214
33160.0,3.1242,36.4654,0.7716,67.7149,23.4802,6.9073
33165.0,3.1146,36.6021,0.764,66.4285,24.01,6.937
33170.0,3.121,36.4861,0.7336,65.7015,23.3399,6.9074
33175.0,3.1043,36.4104,0.7438,65.1614,23.0003,6.9176
33180.0,3.1251,36.3149,0.7621,66.435,23.5133,6.907
33185.0,3.1314,36.5787,0.7638,67.4531,23.6751,6.9035
33190.0,3.1436,37.1921,0.7781,68.9073,23.6739,6.8867
33195.0,3.1608,37.1283,0.7438,67.7145,23.7143,6.8641
33200.0,3.1612,37.5545,0.774,70.4489,23.5355,6.8563
33205.0,3.1482,37.2055,0.757,68.2056,23.6544,6.8782
33210.0,3.1549,37.0855,0.7789,69.4906,23.454,6.8626
33215.0,3.1548,37.0741,0.7797,69.3841,23.1632,6.8516
33220.0,3.1476,37.2403,0.7787,69.9509,23.4719,6.8723
33225.0,3.1811,37.6929,0.7722,69.4789,23.9689,6.8448
33230.0,3.1834,37.4961,0.7789,70.3557,23.32,6.8165
33235.0,3.2105,37.793,0.7713,72.9635,23.6258,6.7889
33240.0,3.2085,38.2315,0.7733,70.1128,23.4086,6.7823
33245.0,3.1824,37.6785,0.7685,69.8609,23.4496,6.8206
33250.0,3.1705,37.4511,0.7856,69.0206,23.4,6.8369
33255.0,3.1694,37.7223,0.7804,71.0435,23.5401,6.8441
33260.0,3.1651,37.62,0.7697,69.5087,24.0959,6.87
33265.0,3.1484,36.1488,0.7911,69.411,23.4745,6.8719
33270.0,3.1631,37.5511,0.7817,70.1103,23.834,6.8646
33275.0,3.1613,37.5723,0.7543,68.1681,23.7119,6.8625
33280.0,3.1691,37.416,0.7638,68.6824,23.8134,6.8553
33285.0,3.1672,37.791,0.7632,67.6198,24.0393,6.8656
33290.0,3.1515,37.3579,0.7788,69.4911,23.3784,6.8641
33295.0,3.1802,37.6745,0.7727,69.0292,23.8018,6.8397
33300.0,3.1791,37.8502,0.7685,70.5958,23.2292,6.8189
33305.0,3.1791,37.5445,0.7669,68.8158,23.3941,6.8244
33310.0,3.1886,37.713,0.791,70.3019,23.5731,6.8182
33315.0,3.1776,37.98,0.7729,69.6267,23.6305,6.8353
33320.0,3.1625,37.148,0.7617,68.4083,23.532,6.8533
33325.0,3.1817,38.2886,0.782,70.0019,23.9108,6.8412
33330.0,3.1907,37.9568,0.8081,71.6322,23.787,6.8238
33335.0,3.1854,37.6019,0.7947,70.5152,23.5154,6.8204
33340.0,3.1812,37.8037,0.7713,69.7256,23.7312,6.8341
33345.0,3.172,37.3207,0.765,68.969,23.6933,6.846
33350.0,3.1678,37.1925,0.7867,68.7465,23.2978,6.8376
33355.0,3.2077,37.9929,0.7967,70.4273,23.8495,6.8023
33360.0,3.2093,38.6503,0.7933,70.9538,23.4706,6.7841
33365.0,3.2078,38.2247,0.7864,72.1476,23.7118,6.7949
33370.0,3.1803,37.6276,0.7901,69.6128,23.7072,6.8336
33375.0,3.1714,37.5247,0.7614,69.7484,23.3768,6.8351
33380.0,3.1441,36.9194,0.777,68.4305,23.4499,6.8758
33385.0,3.1451,36.8497,0.7788,68.4039,23.185,6.8664
33390.0,3.1707,37.1145,0.7735,69.4844,23.644,6.8471
33395.0,3.1643,37.6116,0.7639,68.9182,23.579,6.8529
33400.0,3.1388,37.0914,0.7746,68.1635,23.4888,6.885
33405.0,3.1443,36.3688,0.768,68.3115,23.2134,6.8688
33410.0,3.1531,37.4175,0.7799,67.8409,23.3195,6.8598
33415.0,3.1496,36.9963,0.7463,67.4709,23.3125,6.8642
33420.0,3.1691,37.7836,0.7832,69.0871,23.6227,6.8485
33425.0,3.1823,37.4271,0.7598,69.3159,23.6464,6.8306
33430.0,3.1805,37.6516,0.7642,69.8403,23.4782,6.8261
33435.0,3.1448,37.1936,0.7781,67.5232,22.6598,6.8454
33440.0,3.1472,37.3353,0.7646,68.0603,22.9711,6.8545
33445.0,3.1594,37.2233,0.7696,68.5017,22.8915,6.8344
33450.0,3.174,37.2809,0.7828,68.4005,23.2484,6.8267
33455.0,3.1895,38.0223,0.7942,71.3027,23.4101,6.8107
33460.0,3.1931,37.7454,0.7891,70.9191,23.4477,6.8064
33465.0,3.2117,38.7145,0.7893,70.9802,23.2768,6.7731
33470.0,3.2072,38.2986,0.7889,71.7253,22.8762,6.7619
33475.0,3.2354,38.5478,0.8161,73.3499,23.5304,6.7475
33480.0,3.2453,38.302,0.7888,73.8377,23.5456,6.7332
33485.0,3.252,39.064,0.7871,73.068,23.7465,6.7314
33490.0,3.2626,39.1336,0.7869,75.7584,23.3855,6.7004
33495.0,3.2729,39.1474,0.8217,75.7283,23.1977,6.6756
33500.0,3.2722,39.0639,0.8143,74.0039,23.2697,6.679
33505.0,3.3046,39.7119,0.8173,75.5661,23.5021,6.6404
33510.0,3.2958,39.7649,0.8079,76.3954,23.3038,6.6433
33515.0,3.298,39.4362,0.8112,75.9919,23.3366,6.6416
33520.0,3.3165,40.6142,0.8166,76.7863,23.3699,6.6145
33525.0,3.3203,40.1937,0.8346,77.1722,23.2191,6.6004
33530.0,3.3146,39.8375,0.8237,77.6434,23.1519,6.6056
33535.0,3.3431,40.5467,0.826,78.74,23.5578,6.5803
33540.0,3.33,40.7455,0.8212,77.9898,23.209,6.5832
33545.0,3.3485,40.5006,0.8196,79.3199,23.9153,6.5879
33550.0,3.3435,40.0836,0.8464,77.913,23.7196,6.5867
33555.0,3.318,39.6194,0.818,76.4986,22.9005,6.5875
33560.0,3.3422,40.4803,0.8261,78.5556,23.4198,6.5744
33565.0,3.3731,41.3266,0.8332,80.4233,23.4733,6.5265
33570.0,3.3476,40.6395,0.8322,78.4141,23.0498,6.5451
33575.0,3.3722,40.8484,0.8502,80.3721,23.5822,6.5323
33580.0,3.3622,40.785,0.8285,79.3464,23.3862,6.5385
33585.0,3.3659,41.2373,0.8407,79.7198,22.9776,6.5115
33590.0,3.3545,41.0777,0.8267,79.4496,23.4604,6.5539
33595.0,3.354,40.3325,0.8469,80.7305,22.9494,6.5304
33600.0,3.3576,40.3267,0.8258,79.148,23.1726,6.5351
33605.0,3.3462,39.9766,0.8372,78.0362,22.7961,6.5346
33610.0,3.3697,41.1433,0.8389,80.3875,23.3567,6.5248
33615.0,3.3804,41.3142,0.8368,80.3529,23.0483,6.4904
33620.0,3.385,41.2861,0.8324,81.0363,23.2944,6.4944
33625.0,3.371,41.2158,0.8396,80.0735,22.664,6.4843
33630.0,3.421,42.1205,0.8792,83.1844,23.6024,6.4488
33635.0,3.4031,41.6121,0.8581,81.6904,22.9805,6.4448
33640.0,3.4111,41.8926,0.833,81.0927,23.1717,6.4412
33645.0,3.4231,41.4738,0.8849,83.9977,23.4235,6.4339
33650.0,3.4114,41.5441,0.8537,82.8811,23.1469,6.4389
33655.0,3.4131,41.9593,0.8399,82.6169,23.0545,6.4311
33660.0,3.4297,42.4067,0.8652,82.8484,23.2437,6.4117
33665.0,3.4193,41.672,0.8548,83.2892,23.2588,6.4304
33670.0,3.4297,41.9186,0.8611,82.9793,23.3088,6.4154
33675.0,3.4262,41.6578,0.8583,84.163,23.6206,6.4382
33680.0,3.4325,41.9581,0.8677,84.1265,23.0476,6.3958
33685.0,3.4389,42.2061,0.8691,83.5132,23.0684,6.3837
33690.0,3.4539,43.0969,0.8571,83.3574,23.5182,6.3816
33695.0,3.4478,42.5788,0.8633,84.4418,23.2475,6.3772
33700.0,3.4543,42.513,0.8479,85.0081,23.3353,6.3701
33705.0,3.4632,42.8482,0.8806,84.8333,23.5029,6.363
33710.0,3.4582,42.4127,0.8605,84.1028,23.2521,6.3576
33715.0,3.469,43.2195,0.8562,84.281,23.6564,6.3605
33720.0,3.4559,42.3935,0.8842,86.093,23.2086,6.3592
33725.0,3.4636,42.6635,0.8701,84.4293,23.2517,6.3472
33730.0,3.4672,42.4411,0.8746,85.2599,23.1098,6.3314
33735.0,3.4748,43.2616,0.8962,86.2681,22.9582,6.3067
33740.0,3.4932,42.9642,0.8847,87.1877,23.1906,6.284
33745.0,3.4897,43.3912,0.8795,86.5091,23.4301,6.3048
33750.0,3.4867,43.1051,0.8727,85.5668,22.9613,6.2825
33755.0,3.5115,44.0944,0.8987,88.872,23.9369,6.2919
33760.0,3.5079,43.1651,0.8913,87.1763,23.4487,6.27
33765.0,3.5011,43.3032,0.8817,88.6372,23.4009,6.2798
33770.0,3.497,43.3716,0.8817,87.6218,23.1599,6.2736
33775.0,3.4752,42.626,0.8836,85.2728,22.873,6.2986
33780.0,3.4745,42.8152,0.8671,83.9807,23.2237,6.3224
33785.0,3.4908,43.2173,0.8906,85.8029,23.1644,6.2876
33790.0,3.5109,42.7751,0.894,88.127,23.4809,6.2657
33795.0,3.504,43.5198,0.8849,87.8484,23.1468,6.2579
33800.0,3.5109,43.6085,0.905,88.5338,23.335,6.2554
33805.0,3.5043,43.1332,0.9051,87.7983,23.2532,6.2636
33810.0,3.5236,43.3725,0.9023,88.3114,23.2664,6.2248
33815.0,3.5137,43.5376,0.9098,89.4932,23.1847,6.2388
33820.0,3.5293,43.8233,0.8893,88.4098,23.6088,6.2337
33825.0,3.5298,43.8796,0.9016,88.579,23.3949,6.2188
33830.0,3.5302,43.6699,0.9068,88.992,22.9773,6.1897
33835.0,3.5367,43.7586,0.8996,88.5748,22.9283,6.1711
33840.0,3.5524,43.7329,0.8947,88.9832,23.0156,6.1412
33845.0,3.5514,43.9222,0.9034,90.8376,23.084,6.1472
33850.0,3.5381,43.5248,0.8973,89.1804,22.8547,6.1614
33855.0,3.5291,43.8297,0.8878,88.808,22.8478,6.1812
33860.0,3.5308,43.9201,0.8904,89.4084,23.0072,6.1892
33865.0,3.5137,43.1335,0.9087,88.8709,23.1224,6.2335
33870.0,3.5027,43.5378,0.8681,87.4815,23.3907,6.2747
33875.0,3.53,43.4752,0.8884,89.3498,23.2543,6.2107
33880.0,3.5337,44.2615,0.8924,89.1756,22.8527,6.1733
33885.0,3.5294,44.0885,0.8993,89.8272,22.9714,6.1894
33890.0,3.5156,43.8457,0.8921,87.3725,23.0669,6.2258
33895.0,3.5313,44.243,0.882,89.1552,23.0052,6.1896
33900.0,3.533,43.8574,0.8899,88.9247,23.0994,6.1909
33905.0,3.5315,43.5214,0.8958,89.3775,23.3475,6.2105
33910.0,3.5189,43.7245,0.8905,87.2366,23.2743,6.2332
33915.0,3.5203,43.9452,0.8794,87.4071,23.0865,6.2188
33920.0,3.5277,43.7608,0.8972,89.9434,23.2642,6.2143
33925.0,3.5316,44.0362,0.9064,88.786,23.2205,6.2029
33930.0,3.5608,44.4617,0.9222,90.3905,23.6765,6.1682
33935.0,3.5463,43.7551,0.9019,90.8824,23.0372,6.1564
33940.0,3.5644,44.2852,0.9213,90.6934,23.1809,6.1246
33945.0,3.582,44.5942,0.9047,91.4038,23.4029,6.0973
33950.0,3.5748,44.8492,0.9246,92.3261,23.2594,6.1034
33955.0,3.5772,44.5663,0.924,91.4556,23.2197,6.0951
33960.0,3.5688,44.1621,0.9154,90.9121,23.2612,6.1175
33965.0,3.5697,44.4714,0.9039,91.3796,23.3707,6.124
33970.0,3.5529,44.0437,0.9087,92.4097,23.1789,6.1496
33975.0,3.564,44.5074,0.9166,91.4818,23.3115,6.1344
33980.0,3.5678,44.3894,0.8975,90.1588,23.2566,6.121
33985.0,3.5826,44.5819,0.9006,92.0842,23.459,6.0995
33990.0,3.5867,44.458,0.9142,93.5615,23.7788,6.1111
33995.0,3.5514,43.7824,0.9123,90.2904,23.0627,6.1446
34000.0,3.5533,43.7508,0.9026,90.0413,23.5254,6.1728
34005.0,3.5534,43.9925,0.9102,90.1629,23.5663,6.1764
34010.0,3.5541,44.1598,0.9059,90.7853,23.4865,6.1696
34015.0,3.5636,44.4435,0.8977,90.1943,23.309,6.1357
34020.0,3.5642,44.3763,0.9108,92.0751,23.3914,6.1389
34025.0,3.5645,44.4807,0.9098,91.3842,23.567,6.1501
34030.0,3.5355,43.8648,0.9007,88.087,22.8448,6.1666
34035.0,3.5485,44.6243,0.8938,89.5293,23.2664,6.1671
34040.0,3.5589,44.2507,0.9109,92.2296,23.2251,6.1406
34045.0,3.5465,44.4191,0.8981,89.3375,23.3564,6.1766
34050.0,3.5485,44.0199,0.911,90.5539,23.3284,6.1716
34055.0,3.5778,44.5393,0.8986,91.3427,23.6295,6.1246
34060.0,3.5701,44.3257,0.913,91.2726,23.4137,6.1262
34065.0,3.5722,44.5755,0.9019,91.15,23.2046,6.1068
34070.0,3.5902,44.8766,0.9365,94.0005,23.6335,6.0928
34075.0,3.5915,44.5046,0.9086,92.7408,23.3722,6.0705
34080.0,3.6264,45.981,0.9391,96.3519,23.9383,6.0207
34085.0,3.6157,44.9211,0.9083,93.891,23.3345,6.003
34090.0,3.6096,45.389,0.926,92.5789,23.2301,6.0106
34095.0,3.6062,44.6588,0.9261,93.7469,23.4665,6.0373
34100.0,3.6063,45.1078,0.9174,93.8783,23.0255,6.0052
34105.0,3.6105,45.7277,0.9174,92.7589,23.4575,6.0252
34110.0,3.627,45.3915,0.9402,94.8618,23.6726,5.9979
34115.0,3.6209,45.7038,0.9327,95.0616,23.3355,5.9881
34120.0,3.6097,45.0508,0.9399,93.7386,23.1134,6.0011
34125.0,3.6303,45.3243,0.924,94.1167,23.3235,5.9616
34130.0,3.6373,46.0008,0.9083,95.4805,23.6539,5.9656
34135.0,3.6386,45.3251,0.9233,95.7852,23.2241,5.9288
34140.0,3.6505,46.0878,0.9372,96.2304,23.4018,5.9066
34145.0,3.6442,45.9356,0.9356,95.715,23.0582,5.8968
34150.0,3.6625,45.928,0.9511,97.7209,23.5421,5.88
34155.0,3.6581,45.9086,0.9516,95.2508,23.3013,5.8734
34160.0,3.6447,46.0202,0.9552,96.6875,22.7778,5.8709
34165.0,3.6681,46.0369,0.9539,96.3768,23.6557,5.8705
34170.0,3.6724,45.8087,0.9429,96.6107,23.6646,5.8574
34175.0,3.6769,45.9631,0.9802,97.7472,23.4166,5.8217
34180.0,3.6969,45.9663,0.9834,100.0309,23.5227,5.7602
34185.0,3.6891,46.9867,0.9681,99.4585,23.3782,5.7733
34190.0,3.6975,47.425,0.9615,97.9077,23.7021,5.7714
34195.0,3.7104,47.1386,0.9711,99.1407,23.7063,5.7238
34200.0,3.6996,46.3742,0.9486,99.2794,23.1948,5.7179
34205.0,3.7216,47.6714,0.9576,100.3739,23.6766,5.6749
34210.0,3.7308,47.4504,0.9707,98.9216,23.7337,5.6401
34215.0,3.7335,47.6613,0.986,100.3707,24.0725,5.6575
34220.0,3.7229,46.8273,0.9528,99.8429,23.4638,5.648
34225.0,3.7188,46.8377,0.9608,99.1846,23.2433,5.6441
34230.0,3.7293,47.2262,0.9642,99.9537,23.338,5.6086
34235.0,3.7289,46.9362,0.9702,100.3514,23.39,5.614
34240.0,3.7266,46.9698,0.9845,100.4805,23.3013,5.6157
34245.0,3.7343,47.3396,0.9715,100.2482,23.6907,5.6187
34250.0,3.7348,47.3029,0.9919,101.8091,23.7283,5.6201
34255.0,3.7367,47.6095,0.987,101.6604,23.763,5.6147
34260.0,3.7154,46.9377,0.9619,99.4181,23.0261,5.6363
34265.0,3.7401,47.9523,0.9694,100.5707,23.9755,5.6199
34270.0,3.7351,46.7554,0.9856,100.7537,23.2265,5.5711
34275.0,3.7503,47.9281,0.9779,101.7849,23.9355,5.566
34280.0,3.7546,47.4618,0.9991,102.3496,23.9247,5.5437
34285.0,3.7409,47.1072,0.9841,101.1442,23.235,5.5423
34290.0,3.7379,47.1579,0.9732,101.1518,23.5084,5.5828
34295.0,3.7295,47.5453,0.9755,101.6237,23.4686,5.6176
34300.0,3.7406,48.218,0.9619,100.0814,23.8915,5.6093
34305.0,3.7392,47.1688,0.961,100.7888,23.654,5.5931
34310.0,3.7423,47.1101,0.9793,101.1984,23.7102,5.5838
34315.0,3.7534,47.6923,0.9899,101.0853,24.3894,5.5935
34320.0,3.7416,47.3074,0.9723,101.3435,23.7925,5.5944
34325.0,3.7478,47.6299,0.9706,101.4206,23.7277,5.5594
34330.0,3.7581,47.7524,0.9913,102.4082,23.8515,5.5192
34335.0,3.7629,47.2354,0.968,101.3623,24.1333,5.5197
34340.0,3.7489,47.3829,0.9934,101.7927,23.4684,5.5261
34345.0,3.7533,48.1452,0.9873,102.3901,23.3805,5.4958
34350.0,3.7705,48.0646,0.9945,102.6752,23.9757,5.4622
34355.0,3.7687,47.7708,0.9726,101.3938,23.9171,5.4652
34360.0,3.7636,47.9938,0.9912,102.9961,23.2845,5.4291
34365.0,3.787,48.3518,1.0027,104.7234,24.2535,5.3888
34370.0,3.7819,47.3539,0.9948,104.3049,23.7519,5.3676
34375.0,3.7795,48.4335,1.0042,105.024,23.7187,5.3785
34380.0,3.7887,48.46,1.0109,104.9316,23.6745,5.3151
34385.0,3.7905,48.5449,0.9768,103.3003,23.7916,5.3128
34390.0,3.7838,47.9351,0.9762,102.7695,23.7634,5.354
34395.0,3.7832,48.2659,0.9938,104.0828,23.7249,5.3552
34400.0,3.7837,47.9141,1.0131,105.2414,23.6208,5.3414
34405.0,3.7801,48.3699,0.9797,103.2036,23.7503,5.3772
34410.0,3.7863,48.4485,0.9972,103.2564,23.96,5.3611
34415.0,3.779,47.8073,1.0222,103.7819,23.631,5.3718
34420.0,3.7904,47.8595,1.0184,105.3413,23.9179,5.3293
34425.0,3.7987,48.6472,1.0113,105.2276,24.371,5.3174
34430.0,3.7885,48.2265,1.0066,104.0062,23.6049,5.3063
34435.0,3.7977,48.3616,1.004,104.4141,24.0338,5.2877
34440.0,3.7934,48.5012,0.9935,103.0621,23.8495,5.2978
34445.0,3.799,48.0191,1.0031,104.2491,24.1538,5.2914
34450.0,3.7874,47.9524,1.0019,104.1716,23.8758,5.3418
34455.0,3.7868,48.3186,1.0086,103.875,23.8269,5.3424
34460.0,3.7981,48.853,0.9899,104.6179,24.0595,5.2894
34465.0,3.7949,48.3651,1.003,104.8653,23.7443,5.2761
34470.0,3.7994,48.315,1.0061,104.4704,23.8341,5.2529
34475.0,3.7978,48.3284,0.992,105.1332,23.7263,5.2513
34480.0,3.7955,48.3035,1.0072,104.0568,23.8582,5.2826
34485.0,3.7947,48.6273,1.0175,105.9039,23.8704,5.291
34490.0,3.799,48.6762,0.9954,103.6495,23.8604,5.2592
34495.0,3.8048,48.4087,0.9946,105.2094,24.0635,5.2358
34500.0,3.8059,48.2602,0.9947,104.5123,23.7794,5.1945
34505.0,3.81,49.0731,1.0166,105.3862,24.0755,5.1926
34510.0,3.8119,48.72,0.9936,105.206,24.1468,5.1839
34515.0,3.8143,48.5336,0.9996,105.5143,24.3477,5.1856
34520.0,3.8154,48.8087,1.0088,105.8621,24.4243,5.1842
34525.0,3.8064,48.1258,1.0176,104.3684,23.9115,5.2028
34530.0,3.8112,48.8782,1.0109,105.4605,24.1619,5.1923
34535.0,3.8098,48.6018,0.9931,104.9776,24.0143,5.1867
34540.0,3.8113,48.4315,1.0139,104.4132,24.0297,5.1755
34545.0,3.8107,48.7733,0.9972,104.7348,24.0765,5.1859
34550.0,3.8148,48.3889,1.0028,105.1987,24.175,5.1616
34555.0,3.8142,49.0714,1.029,105.2932,24.0618,5.1533
34560.0,3.812,48.6887,1.0199,106.2077,23.9449,5.1585
34565.0,3.8109,48.9022,1.002,104.5767,23.7255,5.1434
34570.0,3.8197,48.7581,1.0252,106.5225,24.2683,5.1252
34575.0,3.8241,49.2413,1.0285,107.6188,24.6122,5.1211
34580.0,3.8232,49.1511,1.0234,107.1789,24.1306,5.0744
34585.0,3.825,49.0523,1.0038,105.8146,24.3539,5.0806
34590.0,3.8236,48.884,0.9892,106.1878,24.363,5.0961
34595.0,3.8236,49.0541,1.0224,105.4069,24.0596,5.0612
34600.0,3.8343,49.1478,1.0349,107.4359,24.744,5.0229
34605.0,3.8274,48.5988,1.0161,105.2415,24.0801,5.0208
34610.0,3.8322,48.9923,1.0129,107.1688,24.3677,5.0005
34615.0,3.8345,48.7777,1.0098,105.5925,24.5557,4.9957
34620.0,3.8335,48.9437,1.0282,107.574,24.4207,4.9907
34625.0,3.8341,49.0048,1.02,106.9775,24.1914,4.956
34630.0,3.8378,49.8814,1.0011,106.4923,24.5069,4.946
34635.0,3.8396,49.1923,1.0344,107.8076,24.7383,4.9506
34640.0,3.8371,49.179,1.0064,107.6075,24.2971,4.9301
34645.0,3.8388,49.3521,1.0231,106.7678,24.415,4.9213
34650.0,3.8383,49.1593,1.0064,107.9235,24.11,4.8886
34655.0,3.8461,49.2373,1.0167,107.462,24.835,4.8676
34660.0,3.8424,49.1086,1.0057,106.7637,24.3848,4.8651
34665.0,3.8434,49.2504,1.009,107.1772,24.4311,4.8565
34670.0,3.8402,48.9076,1.0172,107.5626,23.9104,4.8344
34675.0,3.8437,49.1126,1.0363,108.6932,24.2836,4.8314
34680.0,3.8461,49.2633,1.0233,107.3124,24.578,4.8333
34685.0,3.8473,49.9349,1.0073,107.8621,24.8597,4.8491
34690.0,3.8425,49.4934,1.0106,108.3298,24.31,4.853
34695.0,3.8456,49.6409,1.0223,106.2947,24.69,4.8554
34700.0,3.8431,49.1854,1.0272,106.9551,24.2315,4.8344
34705.0,3.8457,49.2311,1.0133,107.1403,24.2296,4.7937
34710.0,3.8488,49.2109,1.041,108.802,24.5627,4.786
34715.0,3.8509,49.3256,1.0305,106.904,24.6243,4.7564
34720.0,3.8504,49.6648,1.018,108.8004,24.5436,4.7534
34725.0,3.8512,49.6928,1.0228,107.5511,24.5557,4.7404
34730.0,3.8559,50.181,1.0383,108.4241,25.2555,4.7427
34735.0,3.8513,49.7211,1.01,107.4815,24.5943,4.7433
34740.0,3.8532,49.553,1.0459,108.4528,24.7102,4.7242
34745.0,3.8526,49.1636,1.0304,109.4892,24.6823,4.7312
34750.0,3.8465,49.0848,1.0104,106.8488,23.9989,4.7467
34755.0,3.8502,48.9735,1.0215,109.2075,24.4287,4.7424
34760.0,3.8496,48.8384,1.0318,106.7353,24.3152,4.7366
34765.0,3.8524,49.7128,1.0285,108.4986,24.6811,4.7355
34770.0,3.854,49.7232,1.0262,108.406,24.8712,4.7308
34775.0,3.851,49.526,1.0287,108.6174,24.6738,4.7603
34780.0,3.8517,49.4337,1.0149,106.6101,24.8495,4.7712
34785.0,3.8483,48.9595,1.0239,108.0009,24.5386,4.7898
34790.0,3.8534,49.3335,1.018,107.0568,24.9947,4.7603
34795.0,3.854,49.3779,1.0424,108.4733,24.9073,4.736
34800.0,3.8525,49.0664,1.0408,107.7649,24.6498,4.7286
34805.0,3.8536,49.4953,1.012,106.5153,24.8973,4.7417
34810.0,3.8513,49.3562,1.009,108.5066,24.6036,4.7459
34815.0,3.8555,49.2975,1.0215,107.9261,25.0897,4.7298
34820.0,3.8566,49.541,1.0186,109.1389,24.9611,4.6896
34825.0,3.857,50.2222,1.0224,108.4335,24.9148,4.6737
34830.0,3.8564,49.5762,1.0149,107.971,24.7446,4.6614
34835.0,3.8591,49.5622,1.0364,107.0794,25.0086,4.6393
34840.0,3.8587,49.7854,1.0453,107.5343,24.6553,4.5995
34845.0,3.8592,49.6845,1.0378,107.9183,24.7223,4.5953
34850.0,3.8598,49.6885,1.0337,107.5626,24.9157,4.6058
34855.0,3.8581,49.1279,1.0579,108.5785,24.6219,4.6065
34860.0,3.8602,50.1611,1.0386,108.465,24.7321,4.5727
34865.0,3.8593,49.2702,1.0188,107.6287,24.6105,4.576
34870.0,3.8637,49.2255,1.043,108.8219,25.2939,4.5585
34875.0,3.863,49.0789,1.0457,109.8771,25.1215,4.5542
34880.0,3.8615,50.045,1.0547,109.0445,24.8201,4.5502
34885.0,3.8588,49.7966,1.0317,109.1438,24.3029,4.5424
34890.0,3.8624,49.7004,1.0119,108.7517,24.8541,4.5314
34895.0,3.8632,49.5479,1.0216,107.0333,25.0003,4.53
34900.0,3.8633,49.3305,1.0395,109.1098,24.9644,4.5224
34905.0,3.8636,50.0322,1.0284,109.3383,24.9113,4.5047
34910.0,3.8634,49.5539,1.0501,109.3652,24.7771,4.4918
34915.0,3.8645,49.4431,1.0377,108.5397,24.9597,4.4859
34920.0,3.863,48.9613,1.0264,108.0424,24.597,4.4764
34925.0,3.8664,49.6581,1.0061,106.0901,25.2045,4.4639
34930.0,3.8691,49.9068,1.0503,109.2282,25.5189,4.4172
34935.0,3.8674,49.8036,1.0454,108.3844,25.029,4.4009
34940.0,3.8664,49.5128,1.0325,108.7074,24.7551,4.3954
34945.0,3.8685,50.0029,1.0141,108.5619,25.3378,4.4095
34950.0,3.8686,49.9949,1.0524,109.5524,25.1875,4.3822
34955.0,3.8702,50.3277,1.0215,108.5626,25.3472,4.3447
34960.0,3.8695,49.3539,1.0364,107.9633,25.0344,4.3265
34965.0,3.8707,50.0081,1.0551,109.3677,25.0003,4.2725
34970.0,3.8713,49.9905,1.0315,108.5533,25.1631,4.2683
34975.0,3.8711,49.8714,1.005,107.5053,25.2644,4.291
34980.0,3.8721,49.8385,1.051,109.7633,25.4646,4.2775
34985.0,3.8704,50.4572,1.0235,107.2081,24.9144,4.2684
34990.0,3.8721,49.7668,1.0354,108.9486,25.4389,4.2765
34995.0,3.8709,50.1234,1.0426,109.2221,24.9493,4.2548
35000.0,3.8722,49.7327,1.027,109.2398,25.1384,4.2267
35005.0,3.873,49.7539,1.0503,109.4677,25.1602,4.1894
35010.0,3.8741,49.2017,1.0603,109.5663,25.4873,4.179
35015.0,3.8741,50.1355,1.0396,109.2488,25.2587,4.1464
35020.0,3.8733,49.8159,1.0554,109.5814,25.1925,4.1737
35025.0,3.8731,49.7403,1.043,110.8101,25.0443,4.1648
35030.0,3.8728,49.8228,1.0564,110.2005,24.7949,4.1392
35035.0,3.8749,49.1138,1.0172,109.4042,25.3601,4.1145
35040.0,3.8765,50.2231,1.0291,108.8979,25.6329,4.0604
35045.0,3.8761,49.9811,1.034,109.789,25.3911,4.041
35050.0,3.8761,49.8235,1.0222,109.253,25.4217,4.0496
35055.0,3.8771,49.5997,1.0379,109.7476,25.7779,4.0327
35060.0,3.8774,49.7245,1.0402,109.6703,25.6257,3.9882
35065.0,3.8776,49.9713,1.0463,109.6108,25.7019,3.9846
35070.0,3.8764,49.9534,1.0302,108.6318,25.1093,3.9762
35075.0,3.8768,49.695,1.026,109.469,25.2162,3.9617
35080.0,3.878,49.5597,1.0409,108.5431,25.5303,3.923
35085.0,3.8775,50.195,1.0359,110.2969,25.1135,3.8956
35090.0,3.8782,50.4615,1.0566,110.8343,25.2982,3.8661
35095.0,3.8785,49.8476,1.0431,109.4402,25.5081,3.8747
35100.0,3.8799,49.7978,1.0442,109.8741,26.3132,3.8709
35105.0,3.8784,49.9809,1.0456,110.3786,25.4814,3.8784
35110.0,3.8785,50.0619,1.0381,110.2439,25.6016,3.8891
35115.0,3.8789,50.1095,1.0298,108.7965,25.7884,3.8856
35120.0,3.8795,50.3749,1.0223,109.6816,25.9075,3.8397
35125.0,3.8789,50.0499,1.0321,109.1309,25.4309,3.8231
35130.0,3.8791,49.9244,1.0206,108.2845,25.5415,3.825
35135.0,3.8788,50.4756,1.0223,109.4058,25.6976,3.8721
35140.0,3.879,49.9478,1.0407,109.125,25.6042,3.8463
35145.0,3.8802,50.238,1.0525,110.084,26.3674,3.8464
35150.0,3.8795,49.5638,1.0507,109.8944,25.6708,3.7982
35155.0,3.8794,49.9692,1.0446,110.8209,25.7048,3.8192
35160.0,3.8787,50.2086,1.0447,110.0623,25.4224,3.8413
35165.0,3.8793,50.2074,1.0424,109.7975,25.5853,3.8041
35170.0,3.879,50.1616,1.0552,109.786,25.3331,3.7915
35175.0,3.8799,49.5036,1.0358,109.3485,26.0413,3.8191
35180.0,3.8793,49.5453,1.0278,107.9942,25.4735,3.7925
35185.0,3.8795,50.04,1.0464,111.4894,25.5033,3.7736
35190.0,3.8799,50.579,1.0614,110.1532,25.9312,3.7968
35195.0,3.8801,50.3506,1.0291,108.6873,25.8057,3.7592
35200.0,3.8805,49.8232,1.0392,108.6485,26.0116,3.7378
35205.0,3.8803,50.5558,1.027,108.5815,25.9454,3.7557
35210.0,3.8807,49.975,1.0493,109.5505,26.1743,3.7394
35215.0,3.8804,50.1724,1.0417,110.7356,25.8727,3.729
35220.0,3.881,49.8297,1.0517,111.7518,26.305,3.7248
35225.0,3.8809,49.9301,1.0473,110.8508,25.9746,3.6798
35230.0,3.8808,49.2909,1.0402,109.7939,25.6616,3.6424
35235.0,3.8811,49.9486,1.042,109.3076,25.9787,3.6503
35240.0,3.8808,50.1085,1.0455,110.0603,25.6962,3.6425
35245.0,3.8816,50.893,1.0344,109.4057,25.9629,3.5799
35250.0,3.8814,50.3163,1.0272,109.1451,25.7935,3.5708
35255.0,3.8816,50.1821,1.0437,109.0414,25.9551,3.5603
35260.0,3.8821,50.3474,1.0512,110.7936,26.1298,3.5128
35265.0,3.8816,50.139,1.0552,109.8127,25.5837,3.4934
35270.0,3.8823,49.8358,1.0548,108.9829,26.1335,3.457
35275.0,3.8824,49.6529,1.0369,109.4506,26.203,3.4506
35280.0,3.8822,50.3231,1.017,109.3353,26.0004,3.4676
35285.0,3.8823,49.5573,1.0527,111.1001,26.0586,3.4499
35290.0,3.8823,49.8453,1.0437,110.3526,25.9035,3.4179
35295.0,3.8827,50.4116,1.0162,108.9583,26.5036,3.4317
35300.0,3.8825,49.127,1.0151,108.872,26.0612,3.4118
35305.0,3.8825,49.6075,1.0521,110.2973,25.9325,3.383
35310.0,3.8824,49.5651,1.0386,110.3798,25.8159,3.3734
35315.0,3.8831,49.7501,1.0481,110.8763,26.3581,3.3093
35320.0,3.883,50.1593,1.051,109.0135,26.2132,3.314
35325.0,3.8829,50.1186,1.0285,108.4845,26.0973,3.3084
35330.0,3.8829,50.1303,1.0407,110.1102,26.0479,3.2884
35335.0,3.8829,50.4308,1.036,109.0147,26.089,3.2958
35340.0,3.8832,49.1297,1.025,108.171,26.429,3.2779
35345.0,3.8833,49.8014,1.052,109.9636,26.6049,3.2712
35350.0,3.883,50.4424,1.0288,108.3274,25.9278,3.2492
35355.0,3.8832,49.8438,1.0257,109.423,26.3162,3.2588
35360.0,3.8834,49.8488,1.0471,110.0065,26.5074,3.2473
35365.0,3.8834,49.6267,1.0389,109.0236,26.4854,3.2269
35370.0,3.8831,50.0341,1.0404,110.6886,25.9608,3.2119
35375.0,3.8835,50.0378,1.0356,110.701,26.6001,3.2147
35380.0,3.8833,49.7624,1.0536,110.2249,26.1602,3.2027
35385.0,3.8836,49.9759,1.0433,110.3243,26.6664,3.1845
35390.0,3.8837,50.2773,1.0463,109.6749,26.6368,3.1603
35395.0,3.8836,49.9259,1.0323,107.9581,26.368,3.1262
35400.0,3.8838,50.1053,1.051,110.9559,26.5772,3.0986
35405.0,3.8838,50.3927,1.0513,110.3269,26.4911,3.0595
35410.0,3.8836,49.9386,1.0402,110.2849,26.0354,3.07
35415.0,3.8835,50.1169,1.0376,109.4041,25.7484,3.0308
35420.0,3.8839,50.2327,1.0443,110.1515,26.6656,3.044
35425.0,3.8839,49.931,1.0408,110.6306,26.6568,3.0342
35430.0,3.8837,49.4291,1.0566,109.8931,26.2945,3.0477
35435.0,3.8839,49.9099,1.0393,109.0685,26.6386,3.037
35440.0,3.8839,49.8422,1.0332,109.0478,26.6045,3.0267
35445.0,3.8839,49.4291,1.0304,110.2276,26.4783,3.0065
35450.0,3.8839,50.3441,1.0577,110.215,26.4563,2.9917
35455.0,3.8839,50.3053,1.0348,109.5713,26.5158,3.0043
35460.0,3.8839,50.0259,1.0394,109.6802,26.3458,2.9928
35465.0,3.884,49.5145,1.0299,109.8285,26.5346,2.9586
35470.0,3.8839,50.237,1.0622,112.0835,26.269,2.9706
35475.0,3.884,49.4115,1.0463,109.2163,26.5489,2.9798
35480.0,3.884,50.2133,1.0372,110.2204,26.4184,2.9466
35485.0,3.884,50.0374,1.0429,110.3106,26.4804,2.9628
35490.0,3.884,50.341,1.0258,109.278,26.4,2.9225
35495.0,3.8841,50.3985,1.0436,110.4076,26.4003,2.9009
35500.0,3.884,49.6928,1.0519,109.1983,26.2961,2.9049
35505.0,3.8841,50.0384,1.0656,109.5373,26.3559,2.8788
35510.0,3.8843,50.1016,1.056,112.1133,26.9641,2.8375
35515.0,3.8842,50.0842,1.0313,108.8417,26.3483,2.8123
35520.0,3.8842,50.1544,1.0422,108.8633,26.5036,2.8008
35525.0,3.8843,50.0428,1.0705,110.5987,26.4209,2.7775
35530.0,3.8842,49.7819,1.053,109.776,26.4516,2.8019
35535.0,3.8843,50.2418,1.0481,109.3757,26.4593,2.7673
35540.0,3.8843,49.8105,1.0184,107.7201,26.6439,2.752
35545.0,3.8842,49.5602,1.0345,108.9393,26.177,2.7413
35550.0,3.8843,50.6493,1.0461,110.3207,26.6705,2.7796
35555.0,3.8842,50.0628,1.0402,109.6108,26.3896,2.8049
35560.0,3.8842,49.7979,1.0259,109.8596,26.4103,2.8037
35565.0,3.8843,50.1991,1.0266,108.8714,26.7671,2.7895
35570.0,3.8843,49.7666,1.027,109.2552,26.8441,2.7986
35575.0,3.8842,49.6187,1.0376,110.2534,26.3797,2.7951
35580.0,3.8844,49.9874,1.047,110.8216,26.9644,2.7792
35585.0,3.8844,49.8895,1.0375,109.2035,26.7282,2.7531
35590.0,3.8844,49.8923,1.0369,109.3916,26.7541,2.7313
35595.0,3.8843,49.8322,1.0264,109.7123,26.2419,2.6747
35600.0,3.8844,49.6844,1.0361,109.6299,26.3584,2.6288
35605.0,3.8844,49.6557,1.0434,110.4088,26.3594,2.6287
35610.0,3.8845,50.0152,1.0202,109.9513,26.6441,2.5941
35615.0,3.8845,50.0371,1.0428,110.2644,26.8068,2.5792
35620.0,3.8846,50.2004,1.0324,108.9525,26.7491,2.5577
35625.0,3.8846,49.9967,1.0411,110.7251,27.008,2.5608
35630.0,3.8846,50.2314,1.0523,111.7869,26.7747,2.505
35635.0,3.8846,49.7091,1.0318,109.9032,26.8287,2.4992
35640.0,3.8846,49.9494,1.0572,110.0172,26.9477,2.4906
35645.0,3.8847,50.6397,1.034,109.5254,26.9586,2.446
35650.0,3.8847,49.8688,1.0617,110.4569,27.0324,2.4193
35655.0,3.8846,50.0032,1.0373,109.5361,26.5985,2.4513
35660.0,3.8847,50.5323,1.0387,109.7137,26.9941,2.4615
35665.0,3.8846,50.1804,1.0511,109.4526,26.2946,2.4497
35670.0,3.8847,50.4426,1.0425,109.6581,27.1777,2.4192
35675.0,3.8847,50.1467,1.0326,111.0001,26.7439,2.3882
35680.0,3.8847,49.7429,1.0342,109.9282,26.9,2.3855
35685.0,3.8847,50.2993,1.048,110.4489,26.7939,2.3932
35690.0,3.8846,49.7348,1.039,109.3516,26.2246,2.3872
35695.0,3.8846,49.8838,1.0413,110.2477,26.4086,2.3582
35700.0,3.8846,49.8058,1.0607,110.4625,26.3718,2.3728
35705.0,3.8846,50.0811,1.0534,109.096,26.3443,2.3537
35710.0,3.8846,50.0884,1.051,110.5058,26.4544,2.3619
35715.0,3.8847,50.0471,1.0553,110.2437,26.6164,2.3213
35720.0,3.8847,50.1758,1.0446,110.9377,26.7693,2.301
35725.0,3.8847,50.1672,1.0326,110.3437,26.8415,2.2966
35730.0,3.8847,50.3747,1.0422,110.685,26.4426,2.2947
35735.0,3.8847,49.8757,1.0512,109.6484,26.7137,2.277
35740.0,3.8847,49.9532,1.0487,111.1237,26.6895,2.2612
35745.0,3.8847,49.6037,1.033,109.3123,26.5204,2.2344
35750.0,3.8847,50.3876,1.0385,109.2127,26.6305,2.2162
35755.0,3.8848,50.2395,1.0486,109.8766,26.8133,2.2227
35760.0,3.8848,49.7029,1.056,110.2349,26.9835,2.2286
35765.0,3.8848,49.9472,1.0352,109.4593,27.1147,2.1969
35770.0,3.8848,49.5135,1.0534,109.8064,26.9341,2.1465
35775.0,3.8848,49.9285,1.0483,109.7123,26.9751,2.1141
35780.0,3.8848,50.0329,1.0372,109.465,27.1321,2.0927
35785.0,3.8847,50.0064,1.0316,108.5336,26.2805,2.1102
35790.0,3.8848,49.6547,1.0395,111.7637,26.6537,2.0651
35795.0,3.8848,49.967,1.0336,109.3112,26.6878,2.0625
35800.0,3.8848,50.7362,1.0426,110.6215,26.5098,2.061
35805.0,3.8848,49.9278,1.0625,110.3489,27.1351,2.0325
35810.0,3.8848,49.7575,1.054,111.4777,26.5087,1.9994
35815.0,3.8848,49.9855,1.0461,110.6202,26.6549,1.9617
35820.0,3.8848,50.2115,1.035,108.973,26.6777,1.9612
35825.0,3.8849,49.94,1.0377,109.355,27.1545,1.9374
35830.0,3.8849,49.9752,1.05,108.6656,26.8203,1.9191
35835.0,3.8849,49.8325,1.0316,110.037,26.9239,1.916
35840.0,3.8849,50.3396,1.034,110.91,26.8214,1.8917
35845.0,3.8849,49.5388,1.0432,110.9237,26.636,1.8537
35850.0,3.8849,49.7381,1.0195,108.899,27.1735,1.8432
35855.0,3.8849,49.6984,1.0281,110.8743,26.7882,1.838
35860.0,3.8849,49.8523,1.0481,111.2483,26.8112,1.8636
35865.0,3.8849,50.0103,1.0458,110.2931,26.9952,1.8787
35870.0,3.8848,49.7894,1.0403,110.83,26.4936,1.878
35875.0,3.8849,50.3655,1.0534,109.957,26.6998,1.8312
35880.0,3.8849,49.8914,1.0481,109.9428,27.2799,1.8351
35885.0,3.8849,50.6123,1.0398,110.5522,26.7931,1.8244
35890.0,3.8849,50.0664,1.0262,108.7852,27.1872,1.8241
35895.0,3.8849,50.6175,1.0283,109.438,26.653,1.7935
35900.0,3.8849,49.8907,1.036,110.0082,26.6135,1.8066
35905.0,3.8849,49.7306,1.03,108.9828,26.4077,1.8112
35910.0,3.8849,49.9892,1.0393,111.624,27.082,1.8321
35915.0,3.8849,50.0009,1.0269,110.9644,26.7681,1.8585
35920.0,3.8849,50.0804,1.0509,110.2991,27.0213,1.8519
35925.0,3.8849,50.1019,1.0483,109.9763,26.7857,1.8674
35930.0,3.8849,49.8768,1.0411,110.2754,26.875,1.8517
35935.0,3.8849,50.2555,1.0546,109.3399,27.0906,1.8463
35940.0,3.8849,50.2398,1.0298,109.1769,26.6228,1.832
35945.0,3.8849,50.161,1.0414,109.9717,26.7806,1.7753
35950.0,3.8849,50.186,1.0348,110.1602,26.5703,1.7328
35955.0,3.8849,50.2647,1.0495,110.8916,26.7628,1.7406
35960.0,3.8849,49.9121,1.0578,110.7481,26.9916,1.7436
35965.0,3.8849,50.5134,1.0475,111.1697,26.7743,1.7347
35970.0,3.8849,50.0092,1.031,109.7511,26.5816,1.7398
35975.0,3.8849,49.8431,1.0503,110.7332,26.614,1.7436
35980.0,3.8849,50.2683,1.0421,109.105,26.9508,1.7522
35985.0,3.8849,50.065,1.0651,110.2429,26.6556,1.7389
35990.0,3.8849,49.821,1.0371,108.481,26.6027,1.7397
35995.0,3.8849,49.7255,1.0509,109.7075,26.4081,1.7511
36000.0,3.8849,49.8229,1.0511,109.8784,26.5505,1.781
36005.0,3.8849,50.1424,1.0338,110.2347,26.7901,1.7639
36010.0,3.8849,50.3113,1.0425,110.4532,26.5588,1.7611
36015.0,3.8849,50.0414,1.0342,111.0637,26.1662,1.736
36020.0,3.8849,50.3476,1.0465,110.2742,26.5847,1.6878
36025.0,3.8849,50.2176,1.0238,108.6797,26.9132,1.6672
36030.0,3.8849,50.1338,1.0459,110.6743,27.2257,1.6516
36035.0,3.8849,50.4319,1.041,110.7832,26.7416,1.5928
36040.0,3.8849,49.8906,1.0511,109.6554,26.5975,1.5657
36045.0,3.8849,50.372,1.0337,109.3952,26.949,1.5238
36050.0,3.8849,50.1267,1.0399,111.0748,26.3222,1.4718
36055.0,3.8849,49.9603,1.0589,110.1864,26.7722,1.4474
36060.0,3.8849,50.0852,1.0609,109.3231,26.3588,1.3772
36065.0,3.8849,49.7854,1.0833,111.8238,26.6714,1.3593
36070.0,3.8849,50.3532,1.0447,111.1476,26.6363,1.3394
36075.0,3.885,49.8407,1.0208,109.0652,26.8247,1.3007
36080.0,3.8849,49.648,1.0405,110.2965,26.5288,1.2584
36085.0,3.885,50.0223,1.0454,110.1388,26.6785,1.2065
36090.0,3.885,49.9013,1.0334,110.5429,26.5914,1.177
36095.0,3.885,49.6375,1.0292,110.0343,26.4333,1.1353
36100.0,3.885,49.956,1.0415,109.7968,27.0743,1.1157
36105.0,3.885,49.4919,1.0297,109.023,26.6537,1.0799
36110.0,3.885,50.2344,1.0438,110.1502,26.5802,1.0612
36115.0,3.885,50.4859,1.0432,110.2544,26.6497,1.0368
36120.0,3.885,50.0181,1.0415,109.2292,26.6301,1.0046
36125.0,3.885,50.1606,1.0472,109.88,26.9064,0.9626
36130.0,3.885,50.1558,1.0423,110.3573,26.1834,0.9368
36135.0,3.885,49.9884,1.0459,110.5517,26.4485,0.9143
36140.0,3.885,49.8935,1.0512,110.5283,26.7102,0.888
36145.0,3.885,50.1612,1.0482,109.3848,26.9691,0.8705
36150.0,3.885,50.2859,1.0395,110.1585,26.7538,0.8668
36155.0,3.885,50.2958,1.0474,109.6583,26.3346,0.8678
36160.0,3.885,49.3841,1.0469,109.7939,26.7669,0.8596
36165.0,3.885,50.1458,1.0374,108.6257,26.7683,0.87
36170.0,3.885,49.996,1.0642,112.2292,26.7124,0.8437
36175.0,3.885,49.787,1.0223,109.7904,26.2392,0.8037
36180.0,3.885,49.7839,1.0298,109.0812,26.8403,0.8061
36185.0,3.885,49.8874,1.0372,110.1578,26.5579,0.7915
36190.0,3.885,49.8702,1.0512,111.0261,26.6601,0.7978
36195.0,3.885,49.8108,1.0711,111.0179,26.8947,0.7971
36200.0,3.885,49.8861,1.0429,108.8339,26.3823,0.7627
36205.0,3.885,50.5866,1.0281,109.5303,26.8736,0.7442
36210.0,3.885,49.8042,1.0588,110.5039,26.7984,0.7174
36215.0,3.885,50.0459,1.0532,109.6827,26.3736,0.7165
36220.0,3.885,49.5135,1.0564,109.6937,26.8452,0.7172
36225.0,3.885,50.2893,1.0149,109.061,26.357,0.6828
36230.0,3.885,49.955,1.0451,110.1564,26.3894,0.6706
36235.0,3.885,50.2119,1.0488,110.806,26.2648,0.6365
36240.0,3.885,49.7935,1.029,110.3295,26.5278,0.6255
36245.0,3.885,50.0995,1.0419,110.0663,26.4845,0.6087
36250.0,3.885,49.6709,1.0473,109.0502,26.6416,0.6285
36255.0,3.885,50.2903,1.0396,110.8074,26.4194,0.6266
36260.0,3.885,50.1953,1.0455,109.6925,26.3504,0.6367
36265.0,3.885,49.8743,1.0471,109.4856,26.9432,0.6289
36270.0,3.885,49.8683,1.0355,109.8781,26.505,0.6324
36275.0,3.885,49.8938,1.0516,111.7211,26.8566,0.6195
36280.0,3.885,50.2097,1.0537,110.5106,26.3437,0.6063
36285.0,3.885,50.4103,1.059,111.0027,26.3337,0.6277
36290.0,3.885,49.5305,1.0559,109.7592,26.1683,0.623
36295.0,3.885,49.5701,1.0479,109.3062,26.9077,0.592
36300.0,3.885,49.9857,1.0386,109.6445,26.5507,0.6091
36305.0,3.885,50.1646,1.0484,110.9534,26.0481,0.6157
36310.0,3.885,50.347,1.0451,110.1631,25.9524,0.6258
36315.0,3.885,50.3142,1.0349,109.7645,26.6804,0.6247
36320.0,3.885,49.6975,1.0526,109.2799,26.4954,0.6003
36325.0,3.885,49.9452,1.046,111.5515,26.3984,0.5877
36330.0,3.885,50.3997,1.0373,110.4709,26.0389,0.6151
36335.0,3.885,50.2276,1.0351,109.7262,26.4613,0.6159
36340.0,3.885,50.0312,1.0386,110.3047,26.3115,0.6201
36345.0,3.885,50.2408,1.0421,110.5903,26.6688,0.6281
36350.0,3.885,50.1885,1.0389,109.8576,26.3097,0.6515
36355.0,3.885,50.4068,1.0338,109.4094,26.3624,0.6587
36360.0,3.885,49.6365,1.0405,109.0669,26.1646,0.6601
36365.0,3.885,49.9472,1.0562,110.7369,26.1231,0.6804
36370.0,3.885,49.4218,1.0103,110.0166,26.1657,0.6927
36375.0,3.885,50.0755,1.0491,110.2691,26.57,0.6941
36380.0,3.885,49.9813,1.0253,109.4983,26.2594,0.6926
36385.0,3.885,50.153,1.0588,111.3056,25.8917,0.6913
36390.0,3.885,50.0112,1.0429,110.518,26.5808,0.685
36395.0,3.885,50.3993,1.0389,110.0004,26.3122,0.6616
36400.0,3.885,49.9929,1.0483,109.5355,26.1676,0.6611
36405.0,3.885,49.6253,1.0437,110.0025,26.0972,0.652
36410.0,3.885,50.2844,1.0353,109.3826,26.2252,0.6602
36415.0,3.885,50.1396,1.0486,110.4495,26.4312,0.6515
36420.0,3.885,49.9562,1.0524,110.6669,26.0709,0.6378
36425.0,3.885,49.4182,1.0501,109.6786,26.4694,0.6601
36430.0,3.885,49.7722,1.0491,109.7647,26.5221,0.6554
36435.0,3.885,50.185,1.0651,111.0459,26.3605,0.6521
36440.0,3.885,50.1701,1.0611,110.7215,26.1548,0.6572
36445.0,3.885,49.9874,1.0528,111.4421,26.3816,0.6634
36450.0,3.885,50.118,1.0462,109.5163,26.3498,0.6822
36455.0,3.885,50.0753,1.0341,109.8823,26.0955,0.7017
36460.0,3.885,49.3564,1.0477,111.2027,25.8416,0.6847
36465.0,3.885,50.0993,1.0401,110.8253,25.9486,0.7304
36470.0,3.885,50.0427,1.0573,110.9838,26.0401,0.7561
36475.0,3.885,50.075,1.0473,111.3206,25.7618,0.7673
36480.0,3.885,50.2173,1.0378,110.4112,25.9418,0.7706
36485.0,3.885,50.1922,1.0597,110.3627,26.3017,0.8085
36490.0,3.885,49.5775,1.041,109.3816,26.1797,0.8202
36495.0,3.885,50.1304,1.0185,108.2463,26.1777,0.8655
36500.0,3.885,50.0973,1.0512,110.2679,26.0111,0.8545
36505.0,3.885,50.3962,1.0439,109.4302,25.7175,0.8736
36510.0,3.885,50.0488,1.0388,108.4073,26.0434,0.9041
36515.0,3.885,49.5725,1.0497,110.1764,25.8786,0.9352
36520.0,3.885,49.9222,1.0559,111.0028,25.6669,0.9491
36525.0,3.885,49.5711,1.0597,111.4624,25.8106,0.9828
36530.0,3.885,50.416,1.0353,108.496,25.8906,0.991
36535.0,3.885,49.28,1.0326,108.7492,26.0894,1.0069
36540.0,3.885,49.8129,1.0485,111.0547,26.1413,1.0174
36545.0,3.885,50.2953,1.0563,112.0097,25.8784,1.038
36550.0,3.885,50.1839,1.0418,108.5365,26.3404,1.047
36555.0,3.8849,49.7751,1.0393,108.7461,25.7082,1.0387
36560.0,3.885,49.5435,1.0445,110.3542,26.4489,1.0683
36565.0,3.8849,50.1586,1.0674,111.2295,25.9949,1.0892
36570.0,3.8849,49.5783,1.0309,108.7521,25.8718,1.1012
36575.0,3.8849,50.2169,1.0445,109.7588,25.5151,1.0998
36580.0,3.8849,50.1262,1.038,109.4327,25.867,1.1226
36585.0,3.8849,50.2223,1.0507,110.143,25.7603,1.1489
36590.0,3.8849,50.2355,1.0532,110.9849,25.9724,1.1844
36595.0,3.8849,50.6198,1.0517,110.3503,25.5967,1.1978
36600.0,3.8849,49.8833,1.0553,110.3012,25.6855,1.2227
36605.0,3.8849,50.3069,1.0279,109.883,25.6423,1.2554
36610.0,3.8849,50.2988,1.0484,110.32,25.6714,1.2852
36615.0,3.8849,50.0563,1.0436,108.369,26.0234,1.2996
36620.0,3.8849,50.4486,1.0244,109.3101,25.8052,1.3262
36625.0,3.8849,49.4584,1.0508,109.387,25.6417,1.3507
36630.0,3.8849,49.7143,1.0583,110.2207,26.0377,1.3804
36635.0,3.8849,50.3394,1.0547,109.6264,25.7826,1.4298
36640.0,3.8849,49.6641,1.0369,109.8009,25.6725,1.4631
36645.0,3.8849,50.0387,1.0385,110.1995,25.797,1.5059
36650.0,3.8849,49.7334,1.0253,108.2229,25.332,1.5385
36655.0,3.8849,50.0983,1.0317,110.3359,25.6565,1.5947
36660.0,3.8848,50.3076,1.0352,110.1339,25.5199,1.6317
36665.0,3.8848,50.1434,1.0398,108.9891,25.5603,1.6408
36670.0,3.8848,50.0829,1.0488,110.5593,25.7259,1.6585
36675.0,3.8848,50.0329,1.0266,108.486,25.5464,1.6839
36680.0,3.8849,50.1347,1.052,110.4104,25.933,1.7054
36685.0,3.8848,49.9989,1.0399,110.8578,25.8905,1.7142
36690.0,3.8848,49.6669,1.045,109.3339,25.4882,1.7246
36695.0,3.8848,49.7488,1.0461,109.8948,25.3188,1.7458
36700.0,3.8848,50.0833,1.0433,110.1543,25.6259,1.7823
36705.0,3.8848,50.4331,1.0323,108.6085,25.2882,1.8379
36710.0,3.8848,49.7453,1.045,110.4985,25.4284,1.868
36715.0,3.8847,50.1822,1.0691,110.3734,25.6443,1.9446
36720.0,3.8847,49.6083,1.0588,109.4105,25.576,1.9604
36725.0,3.8847,50.1463,1.0629,111.0101,25.5242,1.9819
36730.0,3.8847,50.2332,1.0519,110.1355,25.807,1.9866
36735.0,3.8847,49.77,1.0436,111.4479,25.419,2.0008
36740.0,3.8848,49.8001,1.0259,109.6843,26.0522,2.0344
36745.0,3.8847,49.8368,1.0318,109.6751,26.0074,2.0511
36750.0,3.8847,49.7819,1.0573,111.221,25.6577,2.0756
36755.0,3.8847,49.2516,1.0556,111.0348,25.7602,2.0968
36760.0,3.8847,49.3214,1.0157,108.3831,25.6719,2.1256
36765.0,3.8846,50.1555,1.0416,109.5638,25.5881,2.1688
36770.0,3.8845,49.7726,1.0198,108.296,25.2333,2.1961
36775.0,3.8847,49.6541,1.0443,110.9848,26.3232,2.238
36780.0,3.8846,50.3082,1.0378,109.413,25.552,2.2576
36785.0,3.8846,50.4026,1.0416,110.4333,25.5626,2.2548
36790.0,3.8844,50.1433,1.0581,110.5588,25.0144,2.2838
36795.0,3.8845,49.9949,1.0216,108.252,25.3652,2.3134
36800.0,3.8845,50.0078,1.0295,109.5539,25.7429,2.3235
36805.0,3.8845,50.0986,1.0392,109.0787,25.6629,2.3601
36810.0,3.8844,49.5378,1.0506,111.2579,25.4821,2.3966
36815.0,3.8844,50.055,1.0292,110.8076,25.3187,2.4071
36820.0,3.8842,49.9377,1.0707,111.5738,24.9669,2.4335
36825.0,3.8843,50.0929,1.0518,109.9742,25.2815,2.4894
36830.0,3.8843,50.0514,1.0618,109.6275,25.7598,2.5458
36835.0,3.8841,50.3143,1.0361,109.5621,24.9897,2.5621
36840.0,3.8843,49.8497,1.0237,108.2122,25.6438,2.564
36845.0,3.884,49.8189,1.0363,110.1043,25.0387,2.6201
36850.0,3.884,50.2538,1.0397,108.9277,25.2075,2.6722
36855.0,3.8839,49.3309,1.0362,109.3857,25.2303,2.7076
36860.0,3.884,49.7507,1.0356,109.0392,25.5156,2.7483
36865.0,3.884,50.3674,1.024,108.7301,25.6705,2.7723
36870.0,3.8838,50.1056,1.0303,109.9805,25.2756,2.8088
36875.0,3.8837,49.8537,1.0303,111.1374,25.2529,2.8384
36880.0,3.8837,50.185,1.0431,110.2574,25.2667,2.8519
36885.0,3.8835,50.2456,1.057,110.8258,25.1003,2.8882
36890.0,3.8836,50.2658,1.0344,109.1496,25.5414,2.9377
36895.0,3.8834,49.7995,1.0423,109.7778,25.3563,2.9956
36900.0,3.8836,49.6537,1.051,109.9062,25.682,2.9827
36905.0,3.8833,49.3733,1.0268,109.9065,25.1126,2.977
36910.0,3.8832,50.2264,1.0446,109.5919,25.0243,2.9915
36915.0,3.8834,50.1871,1.019,109.0547,25.5239,3.0307
36920.0,3.8831,49.8487,1.0242,109.7328,25.2663,3.0728
36925.0,3.883,50.0844,1.0405,109.3338,25.3741,3.1278
36930.0,3.8827,50.6718,1.0444,109.74,25.0354,3.1435
36935.0,3.8829,49.8418,1.0408,110.2586,25.562,3.1967
36940.0,3.8828,49.8648,1.0585,110.8398,25.5116,3.2151
36945.0,3.8824,50.0182,1.0586,110.6556,25.1652,3.2532
36950.0,3.8818,49.6756,1.0506,109.812,24.8332,3.3008
36955.0,3.8816,50.051,1.0243,108.3913,24.9459,3.3642
36960.0,3.882,49.3536,1.0379,110.4278,25.469,3.3888
36965.0,3.8817,50.2813,1.0209,108.6929,25.1075,3.3927
36970.0,3.8815,49.277,1.0278,109.52,25.2476,3.4481
36975.0,3.8812,50.2659,1.0396,109.613,25.3046,3.5029
36980.0,3.8807,49.9699,1.038,109.3607,25.2014,3.5567
36985.0,3.8807,50.0831,1.0332,110.3023,25.3207,3.5887
36990.0,3.8807,50.107,1.0501,109.6221,25.374,3.6007
36995.0,3.8803,50.2642,1.0484,108.9595,25.2444,3.6227
37000.0,3.8801,49.5804,1.0358,110.1083,25.1575,3.6369
37005.0,3.8795,49.9056,1.0184,110.1605,25.0563,3.6825
37010.0,3.8803,49.8035,1.0348,107.956,25.5693,3.6901
37015.0,3.8787,49.8594,1.0276,108.7741,24.8395,3.7321
37020.0,3.8798,50.2538,1.0356,109.6515,25.4916,3.7348
37025.0,3.879,50.2331,1.0238,109.5266,25.0663,3.7487
37030.0,3.8797,50.3122,1.0568,110.9509,25.7847,3.7948
37035.0,3.8778,49.8259,1.0633,110.4107,24.7629,3.8046
37040.0,3.8785,49.975,1.0406,108.769,25.0084,3.7872
37045.0,3.8781,49.9135,1.0438,110.0221,24.8684,3.7954
37050.0,3.8789,49.7402,1.039,109.0165,25.3338,3.8036
37055.0,3.8782,50.0001,1.0488,109.7321,25.1218,3.8335
37060.0,3.8787,50.248,1.0381,109.2791,25.2524,3.8083
37065.0,3.878,49.8109,1.0196,107.6571,24.972,3.8187
37070.0,3.8783,50.1552,1.0275,107.5871,25.0884,3.8174
37075.0,3.8779,49.7633,1.0391,109.7876,24.802,3.7998
37080.0,3.8784,49.4799,1.0177,108.7351,25.2135,3.8285
37085.0,3.8772,49.646,1.0438,109.2159,24.7405,3.8447
37090.0,3.8781,50.0752,1.0524,109.1704,25.0524,3.8272
37095.0,3.8779,50.5307,1.0439,109.2018,25.0225,3.8391
37100.0,3.8777,49.9497,1.0486,109.9032,25.076,3.8687
37105.0,3.8763,49.9682,1.0276,108.0517,24.5574,3.8814
37110.0,3.8776,50.1332,1.0279,109.8651,25.273,3.9056
37115.0,3.8777,50.2599,1.0423,108.939,25.2539,3.9029
37120.0,3.8779,50.3431,1.0208,108.3029,25.2423,3.8814
37125.0,3.8764,49.7328,1.0617,109.9587,24.6133,3.8876
37130.0,3.8778,49.629,1.0198,108.0592,25.1133,3.8701
37135.0,3.8762,49.9796,1.0215,109.115,24.445,3.8672
37140.0,3.8781,50.0667,1.0307,110.0404,25.1876,3.8499
37145.0,3.8784,50.2425,1.0408,108.8316,25.2866,3.8394
37150.0,3.8783,49.8797,1.0526,109.3852,24.9835,3.8021
37155.0,3.8777,49.496,1.0318,109.6327,24.8972,3.8304
37160.0,3.8788,49.5425,1.0452,109.2537,25.2089,3.7922
37165.0,3.8791,50.2425,1.0442,108.5049,25.2563,3.7735
37170.0,3.8787,49.3206,1.0176,108.6145,24.9498,3.7515
37175.0,3.8788,50.1415,1.0332,108.5707,24.8958,3.7354
37180.0,3.8791,49.5906,1.0563,110.4986,24.891,3.6979
37185.0,3.8797,49.966,1.0051,108.7787,25.3724,3.7213
37190.0,3.8783,50.1817,1.0507,109.8669,24.6755,3.7407
37195.0,3.8795,50.1907,1.0282,109.2055,25.2388,3.7208
37200.0,3.8788,50.1234,1.0193,108.4926,24.902,3.7362
37205.0,3.8788,50.0444,1.0434,109.3889,25.0519,3.7631
37210.0,3.8792,50.3315,1.0249,108.4319,25.0702,3.7254
37215.0,3.8796,50.2874,1.0219,108.5473,25.3748,3.7335
37220.0,3.8782,49.7451,1.0554,110.2817,24.5898,3.7354
37225.0,3.8794,49.6859,1.0491,108.97,25.1402,3.718
37230.0,3.8792,50.064,1.0323,109.8927,24.9032,3.6932
37235.0,3.8801,50.4011,1.0482,110.6321,25.2887,3.6649
37240.0,3.8793,49.9038,1.0303,109.334,24.8443,3.6739
37245.0,3.8793,49.8785,1.045,110.5055,24.8912,3.6754
37250.0,3.8794,50.053,1.043,108.7348,24.9693,3.681
37255.0,3.8797,50.148,1.0483,109.4589,24.9728,3.6534
37260.0,3.8794,49.9811,1.0336,109.8177,24.7856,3.6449
37265.0,3.8795,50.1037,1.0362,108.9377,24.9195,3.6644
37270.0,3.8801,49.9809,1.0326,109.8444,25.2062,3.6468
37275.0,3.8799,50.0953,1.046,110.0395,25.1745,3.6633
37280.0,3.8796,49.8575,1.0306,109.093,24.8654,3.6435
37285.0,3.8809,50.4161,1.0368,110.8726,25.7915,3.6409
37290.0,3.88,49.9601,1.0311,108.6698,24.9299,3.6088
37295.0,3.8788,49.9498,1.0337,109.403,24.1645,3.5912
37300.0,3.8798,50.2056,1.0338,109.7254,24.8377,3.6081
37305.0,3.8802,49.6066,1.0246,109.5077,25.13,3.6245
37310.0,3.8796,49.8523,1.0439,109.6162,24.7014,3.6133
37315.0,3.8794,50.1107,1.0328,108.7716,24.4823,3.5917
37320.0,3.8796,50.2829,1.0624,110.7774,24.715,3.608
37325.0,3.8796,50.2544,1.0194,107.3748,24.7617,3.6193
37330.0,3.8799,50.297,1.0291,107.7235,24.8678,3.6018
37335.0,3.88,50.2928,1.0305,109.5994,24.7897,3.5846
37340.0,3.8802,49.9867,1.0452,109.3939,25.02,3.601
37345.0,3.8802,49.7771,1.0182,108.5805,25.003,3.5903
37350.0,3.88,49.7525,1.0398,110.3686,24.7889,3.5832
37355.0,3.88,50.4892,1.0457,110.133,24.8317,3.5859
37360.0,3.8802,50.4368,1.0362,108.3004,24.8403,3.5695
37365.0,3.8804,49.7198,1.0304,108.8366,24.8889,3.5477
37370.0,3.8801,49.5473,1.0507,110.286,24.7406,3.5507
37375.0,3.8806,49.9448,1.0422,108.8499,24.8456,3.5108
37380.0,3.881,49.6642,1.0348,108.376,25.2069,3.5198
37385.0,3.8803,49.9454,1.0418,109.5766,24.641,3.516
37390.0,3.8803,50.3419,1.0252,109.6777,24.8067,3.5399
37395.0,3.8795,49.9248,1.025,108.401,24.4922,3.582
37400.0,3.8801,50.3375,1.0397,110.0534,24.9045,3.5889
37405.0,3.8804,49.8549,1.0169,108.4445,24.9327,3.5518
37410.0,3.8803,50.0934,1.0667,111.2551,24.9015,3.557
37415.0,3.8801,49.6339,1.0329,108.9816,24.6031,3.535
37420.0,3.8809,50.0377,1.0365,109.5232,24.9036,3.4853
37425.0,3.8808,49.9796,1.0172,109.8851,24.8615,3.4882
37430.0,3.8803,49.9989,1.0267,110.1472,24.5463,3.4943
37435.0,3.8806,49.8406,1.0194,109.0867,24.6403,3.465
37440.0,3.8813,50.1183,1.0567,111.1601,25.133,3.4582
37445.0,3.8813,49.7336,1.052,109.0427,24.9711,3.4286
37450.0,3.8813,49.1646,1.0275,109.7696,24.9295,3.4114
37455.0,3.8816,49.5206,1.0424,108.469,25.0081,3.3874
37460.0,3.882,49.6442,1.0468,110.0045,25.2359,3.345
37465.0,3.8814,50.1818,1.0305,109.5604,24.6879,3.3544
37470.0,3.8817,50.0272,1.0479,109.2441,24.9236,3.3399
37475.0,3.8822,49.9001,1.0544,110.464,25.1638,3.3018
37480.0,3.8823,50.0878,1.0469,108.888,25.1748,3.2847
37485.0,3.8821,49.7934,1.0185,109.5166,24.8579,3.2492
37490.0,3.8826,49.9527,1.0294,109.6335,25.0578,3.1755
37495.0,3.8824,50.4745,1.0233,109.2319,24.7649,3.1578
37500.0,3.883,49.8008,1.0385,110.1305,25.227,3.1106
37505.0,3.8825,49.9032,1.0252,110.1301,24.5089,3.0797
37510.0,3.8828,50.2484,1.0469,109.438,24.8986,3.092
37515.0,3.8831,49.6686,1.0378,110.8542,25.3002,3.0755
37520.0,3.8825,49.7624,1.0367,109.8275,24.4742,3.0852
37525.0,3.8832,49.7074,1.0405,110.3657,25.3188,3.0649
37530.0,3.8831,50.0797,1.0571,110.809,25.0188,3.0272
37535.0,3.8827,50.0414,1.0476,110.6823,24.4371,3.0152
37540.0,3.8833,49.5653,1.0461,108.4506,25.1351,2.9982
37545.0,3.8835,49.8957,1.0363,108.7069,25.4323,2.9788
37550.0,3.883,50.0583,1.0311,108.6402,24.6826,2.9682
37555.0,3.8829,50.0453,1.0246,107.737,24.4183,2.9462
37560.0,3.8831,49.9384,1.0394,109.2684,24.8163,2.9622
37565.0,3.8834,50.2087,1.0307,109.6228,25.0197,2.9331
37570.0,3.8836,49.7377,1.0167,109.6923,25.3033,2.9195
37575.0,3.8833,49.9118,1.0457,110.2953,24.8882,2.9164
37580.0,3.8835,49.8135,1.0461,109.9614,24.8657,2.8646
37585.0,3.8836,49.6695,1.0424,109.5564,25.1637,2.8663
37590.0,3.8836,50.1475,1.0368,109.0556,25.1585,2.8538
37595.0,3.8836,50.4732,1.0657,111.3864,25.0643,2.8318
37600.0,3.8837,49.628,1.0459,109.825,25.0096,2.7976
37605.0,3.8839,49.8526,1.046,109.2756,25.3773,2.7967
37610.0,3.8838,50.3504,1.0378,109.7452,25.1781,2.7757
37615.0,3.8835,50.2439,1.0459,109.2082,24.7008,2.789
37620.0,3.8837,49.8806,1.0567,111.5368,25.0871,2.7812
37625.0,3.8838,50.2022,1.0522,111.4113,25.1744,2.7938
37630.0,3.8839,50.2039,1.0504,109.27,25.3487,2.7413
37635.0,3.8839,50.0518,1.0417,110.4854,25.3113,2.7356
37640.0,3.8837,50.4749,1.0436,110.1584,24.6929,2.6954
37645.0,3.8838,49.7671,1.0361,110.1648,24.8575,2.6884
37650.0,3.884,50.7015,1.0416,109.4927,25.0779,2.6628
37655.0,3.884,49.6041,1.0383,110.1344,25.0386,2.6382
37660.0,3.8839,49.1693,1.0184,108.938,24.8436,2.6274
37665.0,3.8839,50.248,1.0336,108.9469,24.8743,2.6633
37670.0,3.884,50.2011,1.0381,109.5257,25.1187,2.6524
37675.0,3.884,49.8597,1.0286,109.9161,25.1744,2.6331
37680.0,3.884,50.2228,1.0297,110.3521,24.9082,2.6101
37685.0,3.8839,50.1302,1.0363,109.6043,24.68,2.5889
37690.0,3.8839,49.8608,1.0351,110.1893,24.4622,2.5263
37695.0,3.8843,49.6984,1.038,108.9713,25.3737,2.5099
37700.0,3.884,49.9727,1.0439,109.4306,24.7714,2.5375
37705.0,3.8842,49.7966,1.0537,109.6001,25.0892,2.5232
37710.0,3.8842,50.5985,1.0577,110.6776,25.0581,2.5192
37715.0,3.8843,50.4981,1.0553,110.6314,25.2995,2.4946
37720.0,3.8842,50.2883,1.0503,110.3666,25.0857,2.5089
37725.0,3.8843,49.9069,1.0521,110.6966,25.1864,2.4629
37730.0,3.8842,50.3426,1.0274,109.6218,24.9903,2.461
37735.0,3.8842,49.4632,1.0335,110.5973,24.9122,2.4244
37740.0,3.8844,49.7824,1.0309,109.9857,25.3693,2.4389
37745.0,3.8843,50.1454,1.0399,109.8713,25.1749,2.4279
37750.0,3.8844,50.1659,1.0247,109.9988,25.428,2.3842
37755.0,3.8843,50.0914,1.0326,109.5317,24.9957,2.3837
37760.0,3.8843,50.1801,1.0421,110.2117,25.0028,2.3706
37765.0,3.8844,50.0961,1.0444,110.3939,25.454,2.3677
37770.0,3.8843,50.0896,1.0245,109.1033,24.874,2.3936
37775.0,3.8843,50.3596,1.023,109.1311,25.0737,2.393
37780.0,3.8843,49.9425,1.0347,109.0593,24.9854,2.3962
37785.0,3.8844,49.9026,1.03,109.2832,25.2664,2.3568
37790.0,3.8843,50.1654,1.0529,109.9143,24.8481,2.3544
37795.0,3.8844,49.6938,1.0463,109.467,25.0727,2.3253
37800.0,3.8844,50.2576,1.0292,109.3063,24.8699,2.2845
37805.0,3.8843,49.3924,1.0471,109.8299,24.4529,2.2799
37810.0,3.8845,50.0151,1.0421,109.7496,25.2545,2.2625
37815.0,3.8846,49.3757,1.0526,111.5547,25.4499,2.2414
37820.0,3.8846,50.2822,1.0387,111.2968,25.5239,2.2309
37825.0,3.8844,50.2667,1.0296,110.0572,24.6597,2.2352
37830.0,3.8845,50.1587,1.0345,110.2762,25.2651,2.2149
37835.0,3.8846,49.7392,1.0504,109.6776,25.5388,2.2186
37840.0,3.8845,49.7691,1.0492,110.0961,25.282,2.2406
37845.0,3.8845,49.8645,1.0449,109.814,25.2224,2.2319
37850.0,3.8845,50.2024,1.0499,111.1249,25.2694,2.2154
37855.0,3.8845,50.1248,1.018,109.0949,24.8816,2.1959
37860.0,3.8845,50.0923,1.0262,109.7764,24.9531,2.1629
37865.0,3.8845,49.1857,1.0259,108.5167,24.955,2.1718
37870.0,3.8846,49.5524,1.0537,110.653,25.3174,2.1758
37875.0,3.8846,50.2867,1.0391,108.6216,25.2127,2.1685
37880.0,3.8846,49.8986,1.0452,109.2363,25.4052,2.1821
37885.0,3.8845,50.3607,1.0332,110.4792,25.0071,2.1787
37890.0,3.8845,50.2324,1.0356,109.6637,24.891,2.1585
37895.0,3.8847,50.0252,1.0409,108.7595,25.7542,2.1075
37900.0,3.8846,50.2141,1.0137,108.6179,25.3986,2.0964
37905.0,3.8846,49.3426,1.0333,108.6566,25.2418,2.043
37910.0,3.8847,49.893,1.0551,111.5116,25.4745,2.0387
37915.0,3.8846,50.319,1.044,109.7164,25.0278,2.0319
37920.0,3.8847,50.0819,1.0382,108.8815,25.7247,2.0223
37925.0,3.8846,49.7935,1.0414,110.8368,24.8262,1.9736
37930.0,3.8847,50.0759,1.0483,109.1271,25.2986,2.0025
37935.0,3.8847,49.8068,1.0347,110.3248,25.2817,1.9803
37940.0,3.8847,50.2169,1.0455,110.643,25.0544,1.9622
37945.0,3.8847,49.6242,1.0429,109.6795,25.2623,1.9932
37950.0,3.8847,49.872,1.0353,109.6565,25.38,1.9873
37955.0,3.8847,49.6947,1.049,110.5774,25.5804,2.0042
37960.0,3.8847,49.9083,1.0474,108.8571,25.4642,1.9976
37965.0,3.8847,50.6775,1.0524,109.7179,25.4792,1.9574
37970.0,3.8848,50.0642,1.043,110.0227,25.7202,1.949
37975.0,3.8847,50.0158,1.0441,111.7757,25.1798,1.9297
37980.0,3.8848,50.1269,1.0452,108.7849,25.5035,1.8927
37985.0,3.8848,50.089,1.0515,110.3354,25.4427,1.8643
37990.0,3.8847,49.678,1.0414,109.5138,25.2443,1.8562
37995.0,3.8848,49.6645,1.0179,109.8907,25.6129,1.8601
38000.0,3.8848,50.1888,1.0508,110.6412,25.4816,1.8026
38005.0,3.8847,50.0481,1.0536,111.1141,25.0922,1.7979
38010.0,3.8847,49.8938,1.0351,108.8925,25.2268,1.8292
38015.0,3.8848,49.8665,1.0482,109.2095,25.736,1.8018
38020.0,3.8848,50.3832,1.042,109.1786,25.5418,1.7958
38025.0,3.8848,50.8536,1.0544,110.4001,25.5706,1.7617
38030.0,3.8848,50.0214,1.0692,112.1525,25.4607,1.7609
38035.0,3.8848,49.9661,1.0232,110.3036,25.4558,1.7728
38040.0,3.8848,50.3816,1.0491,110.9944,25.3887,1.7772
38045.0,3.8848,49.6727,1.0489,110.1601,25.0182,1.7624
38050.0,3.8848,49.6841,1.0315,108.524,25.7371,1.7555
38055.0,3.8848,50.0138,1.0312,109.1062,25.7293,1.7544
38060.0,3.8848,49.9973,1.0223,108.7951,25.4877,1.7511
38065.0,3.8848,50.1715,1.0326,110.8362,25.4367,1.7457
38070.0,3.8848,50.0868,1.0497,109.6613,25.2603,1.7312
38075.0,3.8848,49.9805,1.0394,111.0313,25.5856,1.6873
38080.0,3.8848,50.2326,1.0487,110.6702,25.3286,1.6846
38085.0,3.8849,50.2416,1.0325,110.8485,26.1269,1.6938
38090.0,3.8848,49.086,1.0198,109.3615,25.6244,1.6948
38095.0,3.8848,49.5313,1.0494,110.116,25.5669,1.6817
38100.0,3.8849,49.5332,1.0293,107.846,25.9891,1.6832
38105.0,3.8848,50.0993,1.0073,109.1046,25.6169,1.7056
38110.0,3.8848,50.0836,1.0703,111.2473,25.2136,1.7401
38115.0,3.8848,50.1695,1.0483,110.1343,25.8991,1.7558
38120.0,3.8848,50.0543,1.0516,110.2335,25.839,1.7198
38125.0,3.8849,50.1787,1.048,109.2574,25.9535,1.7139
38130.0,3.8848,49.9475,1.0354,110.0442,25.5966,1.704
38135.0,3.8848,50.082,1.01,108.3653,25.3231,1.7146
38140.0,3.8848,49.9659,1.0215,109.5372,25.6554,1.7017
38145.0,3.8848,50.12,1.0478,110.7325,25.4983,1.6819
38150.0,3.8848,50.021,1.0544,111.3845,25.6168,1.6945
38155.0,3.8848,49.396,1.0407,110.1582,25.4444,1.6961
38160.0,3.8848,49.4842,1.0324,110.1279,25.5622,1.6819
38165.0,3.8848,49.8789,1.0414,110.4165,25.4974,1.6704
38170.0,3.8849,49.7155,1.033,109.1817,25.8591,1.6133
38175.0,3.8848,50.0683,1.0665,110.6995,25.3064,1.63
38180.0,3.8848,49.966,1.0452,110.8555,25.2495,1.5901
38185.0,3.8849,50.3587,1.0355,109.794,25.6791,1.5741
38190.0,3.8848,49.7173,1.0597,110.3322,25.3079,1.5768
38195.0,3.8849,50.7281,1.0375,109.9804,25.9709,1.5739
38200.0,3.8848,50.0755,1.0362,110.1613,25.4259,1.5854
38205.0,3.8849,49.936,1.0439,110.461,25.7222,1.5732
38210.0,3.8849,50.0463,1.0341,109.6852,25.4478,1.5425
38215.0,3.8849,50.4818,1.047,109.1527,25.7529,1.544
38220.0,3.8849,50.1832,1.0299,110.1314,25.3928,1.5238
38225.0,3.8849,50.0313,1.0282,108.6692,25.5515,1.5126
38230.0,3.8849,50.0236,1.0537,110.1525,25.5225,1.5295
38235.0,3.8849,49.9962,1.0571,110.403,26.1615,1.5643
38240.0,3.8849,49.6309,1.0479,108.6454,25.4758,1.5711
38245.0,3.8848,49.4729,1.0573,111.6163,25.2826,1.607
38250.0,3.8848,50.0854,1.0279,108.378,25.3622,1.6203
38255.0,3.8848,49.9623,1.0399,108.9009,25.6009,1.6306
38260.0,3.8849,50.0304,1.0477,109.9533,25.9093,1.6244
38265.0,3.8849,49.8272,1.0245,109.011,26.0622,1.6228
38270.0,3.8849,50.1298,1.0578,110.0497,25.8647,1.6192
38275.0,3.8849,49.8083,1.0705,109.7376,25.6923,1.5897
38280.0,3.8849,50.3432,1.0405,109.1717,25.8985,1.5879
38285.0,3.8849,49.9842,1.0613,111.1232,25.7992,1.5383
38290.0,3.8849,50.2415,1.0482,110.9928,25.6567,1.5209
38295.0,3.8849,49.5537,1.0342,109.6653,25.3901,1.5389
38300.0,3.8849,49.5878,1.0421,111.3871,26.0544,1.5705
38305.0,3.8849,49.5496,1.0447,109.8776,25.5438,1.5391
38310.0,3.8849,50.0079,1.0321,109.221,25.7799,1.5408
38315.0,3.8849,49.803,1.0362,110.2169,25.2428,1.513
38320.0,3.8849,50.1359,1.049,110.2571,25.8244,1.5483
38325.0,3.8849,50.1386,1.0515,109.5974,25.4431,1.5547
38330.0,3.8849,50.0696,1.0305,109.9404,25.6142,1.5081
38335.0,3.8849,50.1604,1.0211,109.3845,26.1202,1.4736
38340.0,3.8849,50.2449,1.0219,109.195,25.8799,1.4713
38345.0,3.8849,50.3937,1.0342,110.0124,25.871,1.4677
38350.0,3.8849,50.2767,1.053,110.0682,25.8908,1.476
38355.0,3.8849,49.9307,1.0547,110.623,26.0108,1.434
38360.0,3.8849,50.1147,1.0429,111.0147,25.7381,1.3863
38365.0,3.8849,49.9314,1.0449,110.8014,26.0113,1.4381
38370.0,3.8849,49.7629,1.0506,111.6358,26.0256,1.3948
38375.0,3.8849,50.016,1.0375,109.2334,25.4418,1.399
38380.0,3.8849,49.6704,1.0413,109.4766,25.2798,1.4002
38385.0,3.8849,49.7939,1.0565,110.0979,25.6431,1.3401
38390.0,3.8849,50.1173,1.0406,110.3008,26.2896,1.3287
38395.0,3.8849,49.8529,1.0315,108.8573,25.9167,1.3497
38400.0,3.8849,50.0849,1.0346,110.6434,25.9605,1.3222
38405.0,3.8849,49.9091,1.028,108.7667,25.9752,1.2916
38410.0,3.8849,50.278,1.0447,111.0732,25.6379,1.3107
38415.0,3.8849,50.5796,1.037,109.7842,26.1654,1.321
38420.0,3.8849,49.708,1.0408,110.4703,26.1804,1.3157
38425.0,3.8849,50.3739,1.0295,109.6423,26.0673,1.3157
38430.0,3.8849,49.7236,1.0491,108.9417,26.2979,1.2963
38435.0,3.8849,49.8468,1.0463,109.8994,25.8259,1.3066
38440.0,3.8849,49.8032,1.0334,109.8204,26.1487,1.2945
38445.0,3.8849,50.0768,1.053,109.7837,25.7693,1.2866
38450.0,3.8849,49.5592,1.0509,110.5574,25.7836,1.2493
38455.0,3.8849,49.9001,1.0328,108.6782,26.2185,1.2731
38460.0,3.8849,50.4167,1.0335,109.1889,26.2053,1.2606
38465.0,3.8849,49.8903,1.0323,109.4971,26.2767,1.2753
38470.0,3.8849,49.7579,1.0206,109.6905,26.1624,1.28
38475.0,3.8849,49.887,1.0525,110.3559,25.8767,1.2708
38480.0,3.8849,49.9897,1.0264,108.3577,26.2306,1.2367
38485.0,3.8849,50.0419,1.0445,109.5538,26.0931,1.2622
38490.0,3.8849,49.8858,1.0492,110.6352,25.9973,1.2339
38495.0,3.8849,50.2704,1.0353,109.4095,25.9277,1.2509
38500.0,3.8849,49.9537,1.0437,110.2534,26.2642,1.2372
38505.0,3.8849,50.1926,1.057,110.0436,25.9903,1.2245
38510.0,3.8849,49.8708,1.0312,110.8666,25.7898,1.222
38515.0,3.885,49.9461,1.0498,110.9871,26.6961,1.2104
38520.0,3.8849,49.9981,1.0389,109.0958,25.7414,1.2037
38525.0,3.885,50.0494,1.0386,109.3108,26.5466,1.1746
38530.0,3.885,50.1873,1.038,109.7776,26.3414,1.1482
38535.0,3.885,50.2009,1.0487,108.3653,26.2614,1.139
38540.0,3.885,50.1775,1.034,110.7501,26.467,1.142
38545.0,3.885,49.9799,1.0285,109.2505,26.1488,1.12
38550.0,3.8849,49.7027,1.0305,109.4497,25.6471,1.1356
38555.0,3.885,49.4272,1.0577,111.2897,26.3285,1.1386
38560.0,3.8849,50.0999,1.0448,110.5136,26.1107,1.1488
38565.0,3.8849,50.2931,1.0483,109.3151,25.8427,1.1079
38570.0,3.8849,49.5013,1.034,110.2052,25.7356,1.1241
38575.0,3.8849,50.0923,1.0521,111.1478,26.1965,1.1534
38580.0,3.8849,49.833,1.0407,110.4471,26.0717,1.1556
38585.0,3.885,50.1987,1.0372,109.4545,26.3997,1.1592
38590.0,3.885,50.1732,1.0625,110.6397,26.278,1.1446
38595.0,3.8849,49.9867,1.0292,109.7531,25.9074,1.124
38600.0,3.8849,49.6886,1.0502,110.3011,25.9892,1.1131
38605.0,3.885,49.561,1.0349,108.2237,26.2233,1.1076
38610.0,3.8849,49.6678,1.0395,110.1684,26.1903,1.1597
38615.0,3.885,49.8394,1.0435,110.1601,26.1532,1.1225
38620.0,3.8849,49.923,1.0359,109.2881,25.7575,1.0988
38625.0,3.885,49.8905,1.0541,110.2858,26.3708,1.1318
38630.0,3.8849,49.503,1.0319,109.0107,25.8734,1.1363
38635.0,3.8849,50.1011,1.0548,110.8003,25.9915,1.1625
38640.0,3.885,50.3677,1.0507,110.5345,26.36,1.1462
38645.0,3.885,50.0518,1.0236,108.7221,26.2661,1.153
38650.0,3.8849,50.0828,1.0553,110.5737,26.1119,1.1655
38655.0,3.885,50.3273,1.0469,110.5213,26.3914,1.1509
38660.0,3.8849,50.7726,1.035,109.32,26.0341,1.1291
38665.0,3.8849,50.028,1.0363,108.7253,26.0135,1.17
38670.0,3.8849,49.9081,1.058,110.7554,25.4048,1.1686
38675.0,3.885,49.6609,1.0421,110.3788,26.2767,1.1514
38680.0,3.8849,50.1595,1.0377,107.9593,26.0475,1.164
38685.0,3.8849,49.7315,1.0626,110.9436,26.2204,1.1772
38690.0,3.885,49.5594,1.0443,110.7827,26.7118,1.1453
38695.0,3.8849,49.8317,1.0494,110.5872,25.6265,1.1404
38700.0,3.8849,49.9199,1.0366,110.7941,25.8591,1.1519
38705.0,3.885,49.9248,1.0482,110.6013,26.5931,1.1809
38710.0,3.8849,50.3097,1.0435,109.8045,26.0454,1.1705
38715.0,3.885,49.6615,1.0379,109.7154,26.4562,1.1442
38720.0,3.885,49.7032,1.0389,109.2182,26.1186,1.1108
38725.0,3.885,50.2288,1.0502,109.5593,26.3223,1.0852
38730.0,3.885,49.7296,1.0537,109.1222,26.1095,1.1
38735.0,3.885,49.7675,1.0503,110.3614,26.3972,1.0876
38740.0,3.8849,50.1747,1.057,110.3135,25.5454,1.0829
38745.0,3.885,50.4024,1.0481,109.6842,26.499,1.1252
38750.0,3.8849,49.9373,1.048,111.1523,26.0211,1.1266
38755.0,3.885,49.7168,1.0392,109.6972,26.5097,1.1232
38760.0,3.885,50.0956,1.0247,108.9347,27.0664,1.1196
38765.0,3.885,49.5657,1.0434,109.7666,26.3733,1.0895
38770.0,3.885,50.0653,1.0415,108.9941,26.36,1.0903
38775.0,3.885,50.172,1.0477,109.1347,26.3635,1.1086
38780.0,3.885,50.4691,1.035,110.7693,26.1122,1.11
38785.0,3.885,49.5859,1.0425,109.2594,26.5423,1.12
38790.0,3.885,50.3608,1.0527,110.3229,26.3308,1.1192
38795.0,3.885,49.9361,1.0528,110.1263,26.258,1.1026
38800.0,3.885,49.3541,1.0275,109.7604,26.1684,1.0945
38805.0,3.885,50.2026,1.0385,111.1159,26.1051,1.0675
38810.0,3.885,49.8465,1.0344,110.305,26.2729,1.0803
38815.0,3.885,49.6001,1.0404,110.0564,26.0981,1.0937
38820.0,3.8849,50.0774,1.0511,111.0968,25.6924,1.1072
38825.0,3.885,50.2813,1.0508,109.9407,26.5622,1.1321
38830.0,3.885,50.2214,1.0382,109.7745,26.2301,1.1421
38835.0,3.885,50.3474,1.0229,108.3185,26.2335,1.1097
38840.0,3.885,50.1798,1.0282,110.1456,26.3705,1.1024
38845.0,3.885,49.6555,1.0513,110.1401,26.4808,1.0871
38850.0,3.885,49.8762,1.0421,110.4465,26.1943,1.0841
38855.0,3.8849,50.2343,1.0467,110.3199,25.7648,1.0561
38860.0,3.885,50.0505,1.0321,109.314,26.4273,1.0991
38865.0,3.885,49.9347,1.0538,111.693,26.1863,1.0796
38870.0,3.885,49.9952,1.049,110.2128,26.0251,1.0673
38875.0,3.8849,49.9053,1.0561,110.7491,25.8196,1.0767
38880.0,3.885,50.2283,1.0527,111.0266,26.244,1.0566
38885.0,3.885,50.0022,1.0518,109.8199,26.5891,1.0529
38890.0,3.885,49.7735,1.0505,111.0555,26.2307,1.0621
38895.0,3.885,49.7707,1.0533,111.4114,26.9396,1.0366
38900.0,3.885,49.6952,1.0307,109.9317,26.7506,1.0252
38905.0,3.885,49.9769,1.0531,110.988,26.093,0.9898
38910.0,3.885,49.7956,1.041,109.9651,26.3466,0.9526
38915.0,3.885,50.2984,1.0377,109.4399,25.64,0.9405
38920.0,3.885,49.7965,1.0299,110.6569,26.0629,0.8926
38925.0,3.885,50.1137,1.0631,112.8173,26.0224,0.8814
38930.0,3.885,50.2121,1.0516,109.1967,25.9408,0.8697
38935.0,3.885,49.3769,1.035,110.1447,26.2585,0.8595
38940.0,3.885,49.7245,1.0552,109.6961,26.2034,0.8539
38945.0,3.885,50.1758,1.0288,108.3462,26.1821,0.8305
38950.0,3.885,50.1839,1.0281,108.5025,25.9662,0.7873
38955.0,3.885,50.6609,1.0551,110.2867,26.1433,0.7492
38960.0,3.885,49.9364,1.0305,110.025,26.2764,0.7492
38965.0,3.885,49.4408,1.0404,110.5946,26.15,0.7217
38970.0,3.885,50.2049,1.0531,110.9344,26.1064,0.7129
38975.0,3.885,49.9885,1.027,110.8283,26.3989,0.7032
38980.0,3.885,50.2335,1.038,111.0034,25.9549,0.7058
38985.0,3.885,50.1536,1.0382,110.0875,26.1965,0.7005
38990.0,3.885,49.869,1.0374,110.3522,25.9541,0.7072
38995.0,3.885,50.2675,1.0405,110.3087,25.9617,0.716
39000.0,3.885,50.0485,1.042,109.7121,26.3271,0.7306
39005.0,3.885,50.1603,1.0276,109.0282,26.0453,0.7304
39010.0,3.885,49.9902,1.0529,110.7885,26.2189,0.7328
39015.0,3.885,50.4406,1.0295,110.7106,26.2798,0.7245
39020.0,3.885,50.1781,1.0525,110.3041,26.475,0.7039
39025.0,3.885,49.6673,1.0342,109.6943,25.9582,0.736
39030.0,3.885,50.5435,1.054,110.982,26.4645,0.7234
39035.0,3.885,49.8501,1.05,110.9196,25.8937,0.7255
39040.0,3.885,50.2396,1.0437,108.1463,26.1271,0.7174
39045.0,3.885,50.0385,1.0467,110.1549,26.3202,0.7319
39050.0,3.885,50.0414,1.0587,110.2378,26.482,0.7272
39055.0,3.885,49.6295,1.0508,111.054,26.0568,0.7288
39060.0,3.885,50.2607,1.0464,111.6157,26.0764,0.7482
39065.0,3.885,49.8932,1.053,109.7837,26.0842,0.7755
39070.0,3.885,50.2385,1.0293,109.8455,26.462,0.7963
39075.0,3.885,49.9474,1.0422,109.7341,26.1402,0.8018
39080.0,3.885,49.9361,1.0549,112.1553,26.4376,0.7814
39085.0,3.885,50.3567,1.0533,110.6942,26.3207,0.8279
39090.0,3.885,50.199,1.051,109.8515,25.9398,0.8278
39095.0,3.885,50.2754,1.04,109.8952,26.2543,0.8523
39100.0,3.885,49.6034,1.0407,110.001,25.6925,0.8794
39105.0,3.885,49.8976,1.0395,109.7844,26.2685,0.8812
39110.0,3.885,50.1447,1.0455,109.754,26.2026,0.8637
39115.0,3.885,49.8875,1.0328,108.4467,26.3523,0.8711
39120.0,3.885,50.0127,1.0376,111.5139,26.2223,0.8899
39125.0,3.885,49.7963,1.0472,109.956,26.397,0.8672
39130.0,3.885,49.9644,1.0436,109.7698,25.9881,0.868
39135.0,3.885,50.4431,1.026,109.0804,26.6929,0.8987
39140.0,3.885,49.6129,1.0581,110.4144,25.7508,0.8932
39145.0,3.885,49.8706,1.0621,110.1553,26.4734,0.8877
39150.0,3.885,50.0655,1.0464,110.0714,25.8503,0.8998
39155.0,3.885,50.0525,1.0367,109.2628,26.4985,0.9202
39160.0,3.885,50.1046,1.0429,109.8693,26.415,0.9338
39165.0,3.885,50.3574,1.0469,111.414,26.0895,0.9542
39170.0,3.885,50.4732,1.0297,109.902,26.1688,0.9584
39175.0,3.885,49.9724,1.028,109.835,26.2815,0.9482
39180.0,3.885,50.0075,1.0366,109.4769,26.1075,0.9438
39185.0,3.885,50.3202,1.0445,109.2761,26.286,0.9321
39190.0,3.885,50.18,1.0282,109.3403,26.2603,0.9412
39195.0,3.885,50.1307,1.0541,110.3609,26.3405,0.9291
39200.0,3.885,50.0839,1.0457,110.2212,26.4927,0.916
39205.0,3.885,49.4996,1.0498,110.0227,26.0518,0.9372
39210.0,3.885,49.5567,1.0656,110.4063,26.0919,0.9337
39215.0,3.885,50.2276,1.0576,111.6005,26.3857,0.9394
39220.0,3.885,50.0481,1.0592,111.3545,25.6279,0.9368
39225.0,3.885,49.8642,1.0566,109.9009,26.5998,0.9675
39230.0,3.885,50.432,1.0435,109.6711,26.1205,0.9558
39235.0,3.885,50.2327,1.0477,109.3039,26.279,0.9645
39240.0,3.885,49.5839,1.043,109.7338,26.2058,0.9911
39245.0,3.8849,50.2019,1.0359,109.516,25.3777,1.0111
39250.0,3.885,49.6385,1.0443,111.075,26.1308,1.0097
39255.0,3.885,49.9226,1.0454,110.2718,26.4444,1.0314
39260.0,3.885,49.927,1.0517,109.9521,26.0845,1.0315
39265.0,3.8849,50.0665,1.0478,110.0964,25.589,1.0503
39270.0,3.8849,49.9446,1.0324,109.0959,25.7677,1.0999
39275.0,3.8849,49.9586,1.0553,111.1482,25.9261,1.1094
39280.0,3.885,50.3286,1.0698,111.2992,26.2154,1.1152
39285.0,3.8849,49.7921,1.0412,110.1431,26.1532,1.1507
39290.0,3.885,50.3304,1.0204,109.7757,26.3783,1.1761
39295.0,3.8849,49.8471,1.0339,109.8036,26.3047,1.2099
39300.0,3.8849,49.9587,1.0575,111.2779,26.2147,1.2171
39305.0,3.8849,50.2053,1.0471,110.5538,26.1303,1.2482
39310.0,3.8849,50.257,1.045,110.936,26.2029,1.2596
39315.0,3.8849,50.0601,1.0289,109.9917,25.9067,1.2733
39320.0,3.8849,50.1636,1.0346,110.3122,26.3638,1.3108
39325.0,3.8849,50.5617,1.0359,110.0213,26.292,1.3472
39330.0,3.8849,50.4553,1.051,110.1561,26.1432,1.3634
39335.0,3.8849,49.3856,1.0516,110.7878,26.5163,1.3771
39340.0,3.8849,49.9369,1.033,109.8548,26.3114,1.4038
39345.0,3.8849,50.5326,1.0265,107.9025,26.6316,1.4165
39350.0,3.8849,49.965,1.0479,109.1889,26.1118,1.4648
39355.0,3.8849,50.1025,1.0518,110.8163,26.1748,1.4615
39360.0,3.8849,50.0399,1.031,109.9472,26.1434,1.5106
39365.0,3.8849,50.0076,1.0628,110.3698,26.1887,1.526
39370.0,3.8849,50.4072,1.0305,109.084,26.111,1.5366
39375.0,3.8849,49.863,1.05,109.0162,25.8114,1.5414
39380.0,3.8849,50.0121,1.0385,110.1438,25.9641,1.5662
39385.0,3.8849,49.2523,1.0552,110.687,26.1992,1.5703
39390.0,3.8849,50.1903,1.0418,110.435,25.781,1.5916
39395.0,3.8849,49.7427,1.0294,110.4809,26.3164,1.609
39400.0,3.8849,49.6498,1.0313,108.13,25.8963,1.6302
39405.0,3.8849,49.6919,1.0398,109.2175,26.2044,1.6488
39410.0,3.8849,49.9273,1.026,109.5137,26.1297,1.6603
39415.0,3.8849,49.7353,1.0261,109.4455,26.3458,1.6934
39420.0,3.8848,49.8055,1.0429,109.9291,25.7114,1.6711
39425.0,3.8849,49.8969,1.0498,110.1568,25.9522,1.7074
39430.0,3.8848,49.7447,1.0467,109.6654,25.5314,1.7143
39435.0,3.8849,50.0552,1.0547,110.7848,26.3007,1.7359
39440.0,3.8848,50.1419,1.0602,111.1296,26.0867,1.7585
39445.0,3.8848,50.2648,1.0382,109.3979,25.8816,1.7685
39450.0,3.8848,50.4254,1.0619,111.0933,25.9382,1.7794
39455.0,3.8849,49.4735,1.0395,109.2453,26.3024,1.7981
39460.0,3.8848,50.2378,1.0308,108.5266,26.0144,1.8287
39465.0,3.8848,49.6106,1.0752,111.2225,26.1449,1.846
39470.0,3.8848,50.2522,1.036,108.6792,26.0276,1.8395
39475.0,3.8848,50.0736,1.0487,109.9395,25.9593,1.8444
39480.0,3.8848,49.7957,1.0299,109.8857,25.9048,1.8711
39485.0,3.8848,49.9854,1.0559,110.1854,26.3959,1.9068
39490.0,3.8848,50.2932,1.0589,110.5221,26.2178,1.9247
39495.0,3.8848,49.6521,1.0417,109.7754,25.7679,1.9415
39500.0,3.8848,50.0256,1.0311,110.2642,25.9297,1.9801
39505.0,3.8848,49.8874,1.0316,109.8223,26.1545,2.0232
39510.0,3.8847,49.514,1.04,109.2677,25.6833,2.0604
39515.0,3.8847,48.9925,1.044,110.7742,25.7281,2.1026
39520.0,3.8847,50.1816,1.0421,109.6372,26.1482,2.1429
39525.0,3.8847,50.2163,1.0332,108.6088,25.7814,2.1529
39530.0,3.8847,49.9323,1.0088,109.0025,25.8614,2.1563
39535.0,3.8847,50.454,1.047,111.1456,26.1813,2.198
39540.0,3.8846,50.0101,1.0391,110.1176,25.7201,2.2167
39545.0,3.8846,49.8662,1.043,110.432,25.6845,2.2349
39550.0,3.8846,50.011,1.0359,110.2964,26.0433,2.2453
39555.0,3.8846,50.0728,1.0408,109.7838,26.0647,2.272
39560.0,3.8846,50.5359,1.0554,111.0961,26.029,2.2821
39565.0,3.8846,49.683,1.0284,109.0956,25.8769,2.3217
39570.0,3.8846,49.89,1.0733,110.1084,25.8789,2.3262
39575.0,3.8845,50.1761,1.0539,111.217,25.7571,2.3807
39580.0,3.8845,49.8979,1.0565,109.2362,25.6723,2.3913
39585.0,3.8846,50.2862,1.0568,111.3582,26.3089,2.431
39590.0,3.8845,49.7014,1.0562,110.2096,25.863,2.4594
39595.0,3.8844,50.6925,1.0377,109.2326,25.7441,2.5163
39600.0,3.8844,50.1956,1.0411,111.2056,25.8206,2.5487
39605.0,3.8844,50.0925,1.0208,109.6541,26.3045,2.5824
39610.0,3.8843,49.9104,1.0535,110.2866,25.7809,2.6034
39615.0,3.8843,50.464,1.0418,111.3507,26.1884,2.6455
39620.0,3.8841,50.2299,1.0268,109.5131,25.635,2.6956
39625.0,3.8843,50.0613,1.0153,108.7245,26.4831,2.7224
39630.0,3.8843,50.3135,1.0519,110.2186,26.2766,2.7309
39635.0,3.884,50.1605,1.0388,109.7361,25.6213,2.7677
39640.0,3.884,50.2875,1.0483,109.4806,25.7422,2.7795
39645.0,3.8841,50.0262,1.0502,110.424,26.0163,2.8055
39650.0,3.8839,49.7669,1.0456,109.4911,25.4815,2.8073
39655.0,3.8841,50.3613,1.0291,109.1176,26.2393,2.8333
39660.0,3.8841,49.9815,1.0233,109.7441,26.2157,2.8545
39665.0,3.884,49.9866,1.0476,110.293,26.1463,2.899
39670.0,3.8838,49.863,1.0331,109.8274,26.0163,2.943
39675.0,3.8838,50.56,1.0532,111.2366,26.0989,2.9731
39680.0,3.8838,50.104,1.0283,107.9532,26.1122,2.9938
39685.0,3.8837,49.8753,1.0397,108.5748,25.9564,3.0114
39690.0,3.8836,50.4683,1.033,110.5377,26.013,3.0594
39695.0,3.8836,49.6099,1.0465,110.1796,26.1883,3.0929
39700.0,3.8835,49.7308,1.0563,109.6619,25.9241,3.0882
39705.0,3.8834,49.8145,1.0457,110.4676,25.9334,3.1149
39710.0,3.8835,50.2682,1.0284,109.8093,26.194,3.1233
39715.0,3.8833,49.8183,1.0281,110.5338,25.9003,3.1513
39720.0,3.8829,49.8134,1.0476,110.2074,25.5615,3.1949
39725.0,3.883,49.9911,1.06,110.8327,25.6642,3.2064
39730.0,3.8833,49.8501,1.0419,109.0567,26.3192,3.2283
39735.0,3.8829,50.2444,1.0345,110.0704,25.7454,3.2492
39740.0,3.8828,49.6543,1.0406,109.4233,25.7806,3.2859
39745.0,3.8827,49.9101,1.0179,109.1925,25.7529,3.2971
39750.0,3.8826,50.0778,1.0303,109.0176,25.959,3.3489
39755.0,3.8825,49.9275,1.0453,109.1346,25.8914,3.3652
39760.0,3.8829,49.8812,1.0291,110.4231,26.6006,3.3997
39765.0,3.8822,49.8936,1.0524,110.8411,25.7709,3.4197
39770.0,3.8822,49.0951,1.0589,109.5031,25.9431,3.4435
39775.0,3.8825,49.9458,1.0203,108.0063,26.2961,3.4598
39780.0,3.8817,50.3606,1.0347,108.8798,25.6669,3.4901
39785.0,3.8818,50.0157,1.0596,111.1856,25.8278,3.5051
39790.0,3.8818,49.3754,1.029,108.9728,25.9432,3.5308
39795.0,3.882,49.3109,1.0374,109.769,26.2914,3.5625
39800.0,3.8817,50.3382,1.0319,108.7713,26.1149,3.5861
39805.0,3.8809,49.309,1.0618,110.393,25.6195,3.6086
39810.0,3.8813,49.8701,1.0425,109.5362,26.1763,3.6501
39815.0,3.8809,49.7034,1.0542,109.343,25.764,3.6454
39820.0,3.881,49.4877,1.0385,111.7831,25.9949,3.6703
39825.0,3.8807,49.7966,1.0212,109.7771,25.9998,3.7129
39830.0,3.8806,49.8488,1.0356,108.8854,25.8014,3.695
39835.0,3.8802,49.7724,1.0531,110.1506,25.9694,3.7654
39840.0,3.8796,50.0301,1.0306,110.3053,25.6487,3.7818
39845.0,3.8802,49.883,1.0517,111.1291,25.8387,3.7458
39850.0,3.8806,50.489,1.0462,109.9617,25.8993,3.715
39855.0,3.8809,50.1766,1.0418,110.6967,26.0517,3.6943
39860.0,3.8808,49.5895,1.0373,109.0272,25.864,3.674
39865.0,3.8811,50.1005,1.0141,109.3791,25.963,3.6449
39870.0,3.8808,49.7644,1.0432,110.4636,25.823,3.6604
39875.0,3.8813,49.9809,1.0473,109.928,26.0057,3.6295
39880.0,3.8819,50.6114,1.0407,109.4305,26.2355,3.5739
39885.0,3.8816,49.7341,1.0503,110.4522,25.927,3.5569
39890.0,3.8816,49.3256,1.0461,110.0798,25.7175,3.523
39895.0,3.8819,49.5911,1.0505,108.6471,26.1071,3.5346
39900.0,3.8814,50.4845,1.045,110.3265,25.5394,3.5198
39905.0,3.8825,49.8758,1.0386,108.3827,26.6329,3.5244
39910.0,3.8817,49.6164,1.0354,108.8376,26.081,3.5644
39915.0,3.8821,50.4086,1.0424,109.4715,26.3189,3.5385
39920.0,3.8818,50.0432,1.0381,109.657,25.951,3.5372
39925.0,3.8821,50.0889,1.0313,109.0967,26.0836,3.5077
39930.0,3.8822,50.2083,1.0697,111.6442,26.1337,3.4964
39935.0,3.8821,49.3693,1.0156,108.8244,26.1177,3.4952
39940.0,3.8825,50.1459,1.0329,109.7896,26.4014,3.4815
39945.0,3.8825,50.0983,1.0581,110.2751,26.1957,3.4256
39950.0,3.8826,49.9254,1.046,109.5183,26.1471,3.3885
39955.0,3.8826,49.7667,1.0554,108.6155,25.9518,3.3613
39960.0,3.8827,49.9788,1.0199,108.417,25.9109,3.3348
39965.0,3.8827,50.0134,1.0438,109.5262,25.9374,3.3374
39970.0,3.883,49.9924,1.0456,110.1776,26.0961,3.2841
39975.0,3.8831,49.6758,1.0136,109.0509,26.1995,3.2784
39980.0,3.8831,50.3725,1.0406,110.1918,26.2618,3.2723
39985.0,3.8829,49.9699,1.0488,110.1894,25.8235,3.2513
39990.0,3.8831,50.0132,1.0715,110.5035,26.1389,3.2554
39995.0,3.8831,49.9562,1.0254,108.9838,26.0322,3.2476
40000.0,3.8832,49.9909,1.0436,109.1926,25.9984,3.2085
40005.0,3.8835,49.994,1.0314,109.6681,26.4044,3.1829
40010.0,3.8831,50.0047,1.0433,109.4346,25.8272,3.1889
40015.0,3.8834,50.0058,1.0532,110.4017,26.1902,3.1782
40020.0,3.8835,50.1094,1.0347,110.0968,26.4118,3.1621
40025.0,3.8833,49.919,1.0369,111.2963,26.0307,3.1718
40030.0,3.8833,49.36,1.0638,111.1373,26.1437,3.1858
40035.0,3.8834,49.366,1.0664,111.508,26.3774,3.1899
40040.0,3.8836,50.3337,1.0343,110.4082,26.63,3.1857
40045.0,3.883,49.6537,1.053,110.0711,25.5615,3.1649
40050.0,3.8832,49.7525,1.037,110.1014,25.9017,3.1679
40055.0,3.8834,49.9719,1.0458,110.039,25.8761,3.1234
40060.0,3.8833,49.6895,1.0277,109.7527,25.9405,3.1377
40065.0,3.8836,50.1584,1.052,109.0674,26.3987,3.1371
40070.0,3.8836,49.801,1.034,109.0958,26.3057,3.111
40075.0,3.8835,50.3821,1.0478,109.921,26.1424,3.1082
40080.0,3.8836,49.8203,1.0478,110.1626,26.1812,3.0988
40085.0,3.8833,50.1693,1.0512,111.3417,25.5232,3.0802
40090.0,3.8838,49.9505,1.0566,110.1812,26.5334,3.0697
40095.0,3.8837,50.204,1.0376,108.805,26.1486,3.0442
40100.0,3.8838,50.3906,1.0175,109.7001,26.2476,3.0304
40105.0,3.8839,49.6885,1.0414,110.0367,26.3312,2.9857
40110.0,3.8839,50.0982,1.045,112.1979,26.3593,2.9686
40115.0,3.8839,50.3865,1.0335,109.436,26.3799,2.9656
40120.0,3.8841,50.0957,1.0404,109.9601,26.5371,2.9062
40125.0,3.884,49.9263,1.0193,108.6515,26.0223,2.8812
40130.0,3.8839,50.2361,1.0312,108.5794,25.8422,2.8733
40135.0,3.884,49.9462,1.046,111.3148,26.068,2.8446
40140.0,3.8842,49.7767,1.0438,110.4957,26.5283,2.8653
40145.0,3.884,49.5073,1.0329,110.3292,26.1349,2.8668
40150.0,3.8841,49.9698,1.0554,110.0008,26.1803,2.8339
40155.0,3.8842,50.0395,1.0288,110.4203,26.506,2.8198
40160.0,3.8842,50.2496,1.0469,110.3638,26.2941,2.8163
40165.0,3.8843,49.1063,1.0401,109.8981,26.4844,2.785
40170.0,3.8842,50.6203,1.0471,109.7108,26.1753,2.7431
40175.0,3.8842,49.9125,1.0325,110.4181,26.1002,2.7168
40180.0,3.8843,50.1209,1.0393,110.6002,26.0349,2.6842
40185.0,3.8844,50.1194,1.0535,110.4425,26.3129,2.6598
40190.0,3.8843,50.1974,1.0429,110.2322,26.0268,2.6618
40195.0,3.8844,49.6486,1.0257,109.2699,26.2889,2.65
40200.0,3.8844,49.9343,1.053,110.6723,26.4452,2.6398
40205.0,3.8844,49.5806,1.0422,109.31,26.2452,2.6044
40210.0,3.8844,49.8142,1.039,109.2671,26.5052,2.6453
40215.0,3.8844,50.0221,1.0293,109.0073,26.3801,2.6349
40220.0,3.8844,49.8089,1.0544,109.6443,26.191,2.6358
40225.0,3.8844,50.2241,1.0418,109.2472,26.2938,2.6269
40230.0,3.8843,49.7976,1.0306,108.5543,25.9436,2.6278
40235.0,3.8845,50.0945,1.0467,111.0051,26.4856,2.6065
40240.0,3.8844,50.0737,1.0426,108.7513,26.0437,2.5866
40245.0,3.8845,49.9049,1.0486,109.2345,26.7083,2.5904
40250.0,3.8845,49.3225,1.0366,109.4065,26.2843,2.5389
40255.0,3.8846,50.1088,1.0219,110.1351,26.7525,2.5455
40260.0,3.8845,50.0665,1.0381,110.8465,26.3897,2.5514
40265.0,3.8845,50.2432,1.0465,110.7918,26.2741,2.5309
40270.0,3.8845,49.5495,1.0217,107.9301,26.3158,2.5262
40275.0,3.8845,49.8427,1.0416,110.4458,26.2055,2.4875
40280.0,3.8846,50.472,1.0631,110.147,26.5965,2.4396
40285.0,3.8846,49.9238,1.0328,109.1695,26.3923,2.4496
40290.0,3.8846,50.3693,1.0431,109.5159,26.3419,2.4251
40295.0,3.8846,49.7315,1.0431,110.9735,26.5011,2.3701
40300.0,3.8847,49.9004,1.0443,110.0363,26.6771,2.3511
40305.0,3.8847,50.395,1.0564,110.2128,26.5626,2.3368
40310.0,3.8847,49.9702,1.0465,109.8999,26.7939,2.2955
40315.0,3.8847,49.4925,1.0412,109.9969,26.2396,2.2898
40320.0,3.8847,50.0842,1.0443,110.1103,26.6358,2.2627
40325.0,3.8847,49.9256,1.0424,110.368,26.3909,2.2617
40330.0,3.8847,49.682,1.0423,109.4548,26.4322,2.2259
40335.0,3.8848,50.0136,1.0286,110.2704,27.0357,2.2202
40340.0,3.8847,49.9461,1.037,109.1647,26.2578,2.2024
40345.0,3.8847,50.5208,1.0379,111.3631,26.5663,2.1956
40350.0,3.8848,49.9439,1.0545,110.3811,26.825,2.1873
40355.0,3.8848,50.368,1.0443,110.2215,26.8153,2.1875
40360.0,3.8848,49.3645,1.0421,110.6587,27.1449,2.1808
40365.0,3.8848,49.8853,1.0478,109.3621,26.8764,2.1717
40370.0,3.8848,49.7526,1.0365,109.7529,26.6104,2.1852
40375.0,3.8848,50.4043,1.042,110.0791,27.0337,2.2248
40380.0,3.8847,50.5151,1.044,109.5427,26.3903,2.2118
40385.0,3.8848,50.32,1.0439,109.5494,26.9546,2.2383
40390.0,3.8848,49.6416,1.0433,109.5858,27.051,2.2044
40395.0,3.8847,49.9286,1.0408,109.2879,26.6133,2.2109
40400.0,3.8847,50.2468,1.0568,109.5553,26.4977,2.2199
40405.0,3.8847,50.1792,1.0237,108.4909,26.4984,2.2021
40410.0,3.8848,50.1309,1.0423,109.1065,27.2285,2.2118
40415.0,3.8847,49.6726,1.0416,110.8602,26.3519,2.2176
40420.0,3.8847,50.158,1.0576,110.9122,26.5329,2.2103
40425.0,3.8848,49.8828,1.0389,110.0602,26.7703,2.1948
40430.0,3.8848,50.4165,1.066,109.4746,26.8423,2.2292
40435.0,3.8847,50.26,1.0551,111.8823,26.8094,2.249
40440.0,3.8848,50.0868,1.0438,109.8376,27.3906,2.2305
40445.0,3.8848,49.5547,1.0403,111.8565,27.0659,2.2192
40450.0,3.8848,49.964,1.0169,109.7258,26.8029,2.1969
40455.0,3.8848,49.9494,1.0413,110.0239,26.7285,2.1939
40460.0,3.8848,50.3596,1.0349,111.2939,26.9234,2.1659
40465.0,3.8848,49.8112,1.0289,108.2918,27.1641,2.1604
40470.0,3.8848,49.5382,1.044,109.7303,27.0592,2.1525
40475.0,3.8848,49.8795,1.0412,110.6082,27.2289,2.1519
40480.0,3.8848,49.3874,1.0314,109.4789,27.3332,2.1364
40485.0,3.8848,49.8506,1.03,109.9703,26.7659,2.1417
40490.0,3.8848,50.1302,1.041,109.5626,27.0788,2.1263
40495.0,3.8848,49.9724,1.0625,110.0915,27.2716,2.1626
40500.0,3.8848,50.2374,1.0407,110.4008,27.2019,2.1555
40505.0,3.8848,49.92,1.0533,110.8251,27.3448,2.1496
40510.0,3.8848,50.3198,1.0366,109.7613,27.2774,2.1655
40515.0,3.8848,50.32,1.0641,109.7904,26.749,2.1621
40520.0,3.8848,49.6773,1.039,110.8428,27.1531,2.131
40525.0,3.8848,50.3434,1.0401,110.513,26.9805,2.1259
40530.0,3.8848,49.5324,1.0485,111.7334,27.1879,2.12
40535.0,3.8848,50.0861,1.0413,110.3911,26.9265,2.1336
40540.0,3.8848,50.0827,1.0323,111.3947,27.0881,2.1575
40545.0,3.8848,49.9008,1.0301,110.0038,27.1574,2.1429
40550.0,3.8848,49.9971,1.0549,110.497,27.4004,2.1597
40555.0,3.8848,49.9462,1.0522,109.3676,27.1289,2.1677
40560.0,3.8848,49.745,1.0386,109.0623,27.5802,2.1544
40565.0,3.8848,50.643,1.0558,109.8017,26.876,2.1423
40570.0,3.8848,50.1007,1.0391,110.3878,27.3901,2.1416
40575.0,3.8848,50.5188,1.0433,109.354,27.2158,2.1473
40580.0,3.8848,49.7518,1.047,110.7882,27.033,2.1272
40585.0,3.8849,50.2551,1.0389,110.8796,27.3753,2.0778
40590.0,3.8849,49.9231,1.034,109.8369,27.5235,2.0896
40595.0,3.8849,49.9153,1.0456,110.2144,27.63,2.0914
40600.0,3.8848,49.8485,1.035,109.6104,27.131,2.0735
40605.0,3.8848,50.0113,1.0376,110.5987,27.3443,2.0836
40610.0,3.8849,49.4594,1.0448,111.004,27.6269,2.1008
40615.0,3.8848,49.8722,1.0551,110.5783,27.3969,2.1286
40620.0,3.8848,49.6931,1.0379,108.1081,27.5614,2.16
40625.0,3.8848,50.1482,1.022,108.9281,27.4279,2.1171
40630.0,3.8848,50.266,1.0607,110.3978,27.2676,2.096
40635.0,3.8848,50.4207,1.0241,110.5916,26.8844,2.0833
40640.0,3.8849,50.5325,1.039,110.4199,27.6692,2.0983
40645.0,3.8849,50.1663,1.0403,109.1735,27.7044,2.0812
40650.0,3.8848,50.1669,1.0405,110.5107,27.1024,2.0598
40655.0,3.8849,50.1777,1.0693,110.7871,27.4502,2.0571
40660.0,3.8849,50.2963,1.0229,108.5819,27.6528,2.0878
40665.0,3.8849,49.9716,1.0492,109.9335,27.7123,2.048
40670.0,3.8849,50.144,1.0499,110.7977,27.4668,2.0471
40675.0,3.8849,49.9625,1.0464,110.5356,27.9016,2.0324
40680.0,3.8849,50.3334,1.0313,109.8907,27.3883,2.037
40685.0,3.8849,49.718,1.0528,110.2886,27.3842,2.0281
40690.0,3.8849,49.6918,1.0447,110.3221,27.8112,2.0528
40695.0,3.8849,50.0784,1.0487,109.4902,27.9298,2.0339
40700.0,3.8849,50.3704,1.0494,109.3404,27.8924,2.0487
40705.0,3.8849,50.0624,1.037,110.6216,27.6594,2.062
40710.0,3.8849,49.5416,1.0497,109.9024,27.9565,2.0672
40715.0,3.8849,49.5655,1.0299,109.458,27.3765,2.0662
40720.0,3.8849,49.8262,1.0438,110.2826,27.8059,2.0553
40725.0,3.8849,50.047,1.0218,109.4716,27.5111,2.0447
40730.0,3.8849,50.487,1.0446,110.365,27.5324,2.0288
40735.0,3.8849,50.056,1.0317,107.3508,27.8216,2.0393
40740.0,3.8849,49.7171,1.0419,110.8203,27.9113,1.9993
40745.0,3.8849,50.0669,1.0419,109.7848,27.9253,2.0128
40750.0,3.8849,49.6785,1.0439,109.7525,28.29,2.041
40755.0,3.8849,49.9865,1.0507,111.3075,27.6933,2.0561
40760.0,3.8849,49.7946,1.0767,111.4411,27.6976,2.059
40765.0,3.8849,50.0845,1.0244,109.7507,27.598,2.0839
40770.0,3.8849,50.0314,1.0496,110.7638,28.0229,2.0749
40775.0,3.8849,49.6093,1.0186,108.0778,28.2762,2.0436
40780.0,3.8849,50.0496,1.0507,109.2684,27.9736,2.049
40785.0,3.8849,49.8838,1.0462,109.7294,27.6077,2.0249
40790.0,3.8849,50.3989,1.0425,110.3845,28.1482,2.0299
40795.0,3.8849,49.9911,1.0455,108.7414,28.3348,2.0114
40800.0,3.8849,49.9525,1.0623,109.8251,27.6522,1.9868
40805.0,3.8849,49.8021,1.0466,110.55,28.1268,1.9964
40810.0,3.8849,49.7837,1.0282,109.0544,27.9373,1.9929
40815.0,3.8849,49.7787,1.0213,108.8728,28.4145,2.0063
40820.0,3.8849,50.2385,1.0454,110.8144,28.0198,1.984
40825.0,3.8849,49.6097,1.0425,110.1586,28.2429,2.0021
40830.0,3.8849,49.74,1.0276,109.274,28.1669,2.0175
40835.0,3.8849,49.8401,1.0421,110.5051,27.9603,1.9949
40840.0,3.8849,49.6171,1.0467,110.7974,27.964,2.0134
40845.0,3.8849,50.3633,1.0373,110.071,27.9037,1.9974
40850.0,3.8849,50.0922,1.0193,109.641,27.9059,1.9747
40855.0,3.8849,50.189,1.0461,109.2883,28.3212,1.9959
40860.0,3.8849,49.7532,1.0463,109.5122,28.3612,1.9991
40865.0,3.8849,49.7315,1.0491,111.2066,27.8076,2.0027
40870.0,3.8849,49.6945,1.0169,109.0887,28.0242,2.0158
40875.0,3.8849,49.719,1.0325,110.7682,28.2118,1.9768
40880.0,3.8849,49.7968,1.043,110.5617,28.274,1.9621
40885.0,3.8849,49.9228,1.0382,110.1003,28.1013,1.9729
40890.0,3.8849,50.2202,1.0207,109.0815,28.3941,1.9645
40895.0,3.8849,49.9907,1.0519,110.6275,28.2405,1.9961
40900.0,3.8849,50.4068,1.0504,110.317,28.6076,1.999
40905.0,3.8849,49.4845,1.0447,110.5253,28.4857,2.0036
40910.0,3.8849,49.7426,1.0457,110.843,28.4924,1.9968
40915.0,3.8849,50.001,1.0513,110.4574,28.5087,1.9739
40920.0,3.8849,50.0545,1.0556,110.514,28.7106,1.9824
40925.0,3.8849,50.1966,1.052,110.4697,28.3396,1.9455
40930.0,3.8849,50.0202,1.0504,110.9951,28.4287,1.9434
40935.0,3.8849,49.5809,1.0644,110.1168,28.7833,1.9659
40940.0,3.8849,50.2437,1.0397,109.984,28.2526,1.9584
40945.0,3.8849,50.2412,1.0583,110.096,28.9491,1.9624
40950.0,3.8849,49.6396,1.0451,109.3694,28.3766,1.9289
40955.0,3.8849,50.2168,1.0438,109.5921,28.3966,1.9719
40960.0,3.8849,49.6111,1.0492,109.8477,28.3897,1.9302
40965.0,3.8849,50.2717,1.0695,112.4121,28.2192,1.8995
40970.0,3.8849,49.9805,1.0299,109.501,28.5474,1.8967
40975.0,3.8849,50.1519,1.026,110.5293,28.6951,1.8756
40980.0,3.8849,50.5488,1.023,109.9905,28.7354,1.8502
40985.0,3.8849,49.4432,1.0636,111.1184,28.4791,1.8532
40990.0,3.8849,50.3161,1.0282,109.5572,28.0825,1.8724
40995.0,3.8849,50.3739,1.0501,110.3852,28.614,1.8619
41000.0,3.8849,49.717,1.0499,110.9324,28.7101,1.8468
41005.0,3.885,50.6495,1.0436,109.656,29.0391,1.8543
41010.0,3.8849,49.9224,1.0458,110.5547,28.7779,1.8583
41015.0,3.8849,50.0224,1.0456,110.0761,28.5939,1.8419
41020.0,3.885,50.3074,1.0406,109.132,29.3593,1.8217
41025.0,3.885,50.2983,1.0461,110.7683,29.2426,1.8286
41030.0,3.8849,50.1236,1.0241,109.4187,28.3561,1.8364
41035.0,3.885,50.2087,1.0342,109.8788,29.1893,1.8011
41040.0,3.885,49.4977,1.0552,111.4179,28.9209,1.7913
41045.0,3.8849,49.5546,1.0434,109.8348,28.4645,1.8024
41050.0,3.885,49.4076,1.0531,109.9751,29.2958,1.8187
41055.0,3.885,49.7501,1.0618,111.6143,28.8635,1.8419
41060.0,3.8849,50.7374,1.013,108.2918,28.6223,1.8324
41065.0,3.885,49.5478,1.038,110.184,29.0336,1.8112
41070.0,3.885,50.2794,1.04,110.0711,28.9658,1.7906
41075.0,3.885,49.8357,1.0469,109.7631,28.7809,1.7791
41080.0,3.885,50.1337,1.0483,108.8754,29.2099,1.7584
41085.0,3.885,50.1284,1.0411,109.5581,28.9383,1.7907
41090.0,3.885,50.4633,1.0549,110.2237,28.9171,1.7932
41095.0,3.885,50.0341,1.034,108.8017,29.5114,1.7344
41100.0,3.885,49.5633,1.0265,110.2933,29.3461,1.7038
41105.0,3.885,49.9468,1.0254,109.6837,29.2539,1.6716
41110.0,3.885,50.2691,1.0289,110.3014,29.2383,1.6733
41115.0,3.885,49.7078,1.0426,109.8883,29.0019,1.7028
41120.0,3.885,50.2608,1.0513,110.8078,29.5969,1.6841
41125.0,3.885,49.7968,1.0608,109.9823,29.4253,1.6728
41130.0,3.885,49.8175,1.0302,110.6334,29.5186,1.6831
41135.0,3.885,50.2317,1.0594,111.3557,29.449,1.6936
41140.0,3.885,50.3955,1.048,111.1561,28.7908,1.7009
41145.0,3.885,50.4479,1.0187,107.7637,29.5168,1.7025
41150.0,3.885,49.87,1.0465,109.2317,28.9853,1.6714
41155.0,3.885,49.3665,1.0213,109.3792,29.2842,1.6645
41160.0,3.885,48.7989,1.042,109.4108,29.1681,1.6383
41165.0,3.885,49.9744,1.0626,111.5655,29.6918,1.6136
41170.0,3.885,50.0706,1.0391,109.8835,29.5509,1.6251
41175.0,3.885,50.1137,1.0418,110.0728,29.3973,1.6089
41180.0,3.885,50.0171,1.0358,109.3272,29.3799,1.5969
41185.0,3.885,49.9734,1.0452,109.7563,29.7385,1.6455
41190.0,3.885,50.2147,1.0155,108.8555,29.3642,1.6384
41195.0,3.885,49.8282,1.0561,110.74,29.7581,1.6173
41200.0,3.885,50.0456,1.0375,109.6106,29.7851,1.6283
41205.0,3.885,49.4155,1.0504,110.028,29.6376,1.6061
41210.0,3.885,50.2179,1.0423,110.0505,29.6636,1.6163
41215.0,3.885,50.1199,1.0526,110.2193,29.4762,1.6006
41220.0,3.885,50.1244,1.0308,109.2819,29.0376,1.5577
41225.0,3.885,49.9699,1.0363,109.799,29.8677,1.5729
41230.0,3.885,50.0313,1.029,110.0417,29.3929,1.5861
41235.0,3.885,49.7567,1.0232,109.7904,29.706,1.5875
41240.0,3.885,50.0912,1.0492,110.031,30.1739,1.6101
41245.0,3.885,50.292,1.0477,109.9797,29.5647,1.5897
41250.0,3.885,50.374,1.031,110.1659,29.3001,1.5806
41255.0,3.885,50.4329,1.0494,109.2971,29.8469,1.5666
41260.0,3.885,50.2589,1.0428,110.3784,29.7477,1.5386
41265.0,3.885,49.9133,1.0667,110.9442,29.2099,1.5452
41270.0,3.885,50.0164,1.0461,110.6787,29.9532,1.5605
41275.0,3.885,49.8154,1.0681,111.3762,29.7204,1.5279
41280.0,3.885,49.7978,1.0601,110.072,29.7545,1.523
41285.0,3.885,50.0824,1.0521,110.7501,29.6685,1.529
41290.0,3.885,50.2249,1.0418,111.0191,29.5895,1.5346
41295.0,3.885,49.8495,1.0433,111.0102,29.7188,1.5525
41300.0,3.885,49.9825,1.0608,110.04,29.9665,1.5618
41305.0,3.885,49.5507,1.0325,108.9507,29.7487,1.5593
41310.0,3.885,50.2307,1.0296,109.5511,30.0926,1.5148
41315.0,3.885,50.0388,1.0411,110.2602,29.7943,1.5016
41320.0,3.885,50.4249,1.0592,109.6818,29.6616,1.4779
41325.0,3.885,50.1593,1.057,111.4478,30.0668,1.4689
41330.0,3.885,50.0297,1.0335,109.5373,29.7118,1.486
41335.0,3.885,50.5042,1.0553,110.4124,29.6699,1.4756
41340.0,3.885,49.9518,1.0482,109.3394,29.6395,1.4604
41345.0,3.885,49.9599,1.0374,110.4463,30.1154,1.4245
41350.0,3.885,50.3656,1.0287,108.7954,30.0433,1.4106
41355.0,3.885,49.8363,1.0479,109.5702,30.029,1.4277
41360.0,3.885,49.9588,1.0481,109.959,29.6699,1.3976
41365.0,3.885,50.5979,1.0564,111.0676,30.6468,1.3986
41370.0,3.885,50.0527,1.0421,109.6742,30.0316,1.4108
41375.0,3.885,50.1366,1.0396,110.4772,29.9553,1.4254
41380.0,3.885,50.1437,1.0349,109.0933,29.5901,1.4341
41385.0,3.885,50.0068,1.0194,109.2412,30.0257,1.4324
41390.0,3.885,49.8988,1.0443,110.923,30.2281,1.44
41395.0,3.885,49.7452,1.0391,108.818,30.5775,1.4593
41400.0,3.885,49.6576,1.0374,110.6222,30.5233,1.4432
41405.0,3.885,49.8607,1.0468,109.9551,30.1387,1.45
41410.0,3.885,50.355,1.0477,110.1082,30.7519,1.4817
41415.0,3.885,49.8521,1.034,108.8856,30.1401,1.4752
41420.0,3.885,49.8305,1.045,110.3317,30.3379,1.4887
41425.0,3.885,49.5076,1.0407,110.8695,30.5162,1.51
41430.0,3.885,49.9183,1.061,109.8901,30.576,1.5031
41435.0,3.885,49.7737,1.0486,109.6616,30.2031,1.4858
41440.0,3.885,49.9969,1.0427,109.9361,30.0554,1.4802
41445.0,3.885,49.8867,1.0461,110.504,30.171,1.4797
41450.0,3.885,50.4405,1.0318,110.1995,30.5596,1.5334
41455.0,3.885,50.1907,1.0335,110.2612,30.4413,1.5524
41460.0,3.885,50.016,1.0508,111.1763,30.579,1.5695
41465.0,3.885,50.1372,1.041,110.0024,30.2578,1.5737
41470.0,3.885,49.9826,1.0683,110.0078,30.5848,1.6158
41475.0,3.885,50.02,1.058,110.862,30.4811,1.6117
41480.0,3.885,50.3042,1.0384,109.8442,30.266,1.626
41485.0,3.885,50.646,1.0448,109.8742,30.1411,1.647
41490.0,3.885,49.9876,1.0481,110.721,30.4616,1.6615
41495.0,3.885,50.1548,1.0382,110.126,30.6016,1.6933
41500.0,3.885,50.3179,1.0534,110.6133,30.8176,1.6878
41505.0,3.885,50.1051,1.0308,110.6724,30.7232,1.6979
41510.0,3.885,49.714,1.059,109.8706,30.6837,1.6913
41515.0,3.885,50.5324,1.0631,109.7476,30.2992,1.703
41520.0,3.885,49.6945,1.0218,109.5035,30.3319,1.7254
41525.0,3.885,50.1505,1.0328,109.8253,30.5757,1.7519
41530.0,3.885,50.0418,1.0392,109.269,30.5414,1.768
41535.0,3.885,50.6031,1.0265,109.3378,29.8291,1.7774
41540.0,3.885,50.3379,1.046,109.4115,30.3981,1.7998
41545.0,3.885,50.2233,1.0364,110.9201,30.7846,1.8332
41550.0,3.885,50.1368,1.0321,109.6369,30.4049,1.8512
41555.0,3.885,49.9492,1.0625,111.4664,30.847,1.8757
41560.0,3.885,49.605,1.0516,109.4574,30.7296,1.877
41565.0,3.885,49.9774,1.0413,110.692,30.2337,1.8874
41570.0,3.885,49.3073,1.0458,110.043,30.4264,1.8906
41575.0,3.885,50.0733,1.037,110.0009,30.4731,1.9084
41580.0,3.885,49.986,1.0313,110.6635,30.3176,1.9459
41585.0,3.885,49.6801,1.0327,109.0904,30.5488,1.9847
41590.0,3.885,49.7733,1.0387,109.5101,30.4697,2.0305
41595.0,3.885,50.3754,1.0288,110.0967,31.2849,2.0246
41600.0,3.885,49.8164,1.0321,109.0042,31.1084,2.0582
41605.0,3.885,50.8334,1.0462,110.0891,31.036,2.0889
41610.0,3.885,50.019,1.0341,110.5566,30.7792,2.1112
41615.0,3.885,49.74,1.0644,110.2182,30.4672,2.103
41620.0,3.885,49.6104,1.0062,109.4635,30.3999,2.1205
41625.0,3.885,49.5807,1.0403,109.6442,31.129,2.1214
41630.0,3.885,50.3253,1.0333,108.5282,30.9112,2.0839
41635.0,3.885,49.887,1.0425,109.2039,30.9416,2.1065
41640.0,3.885,49.6181,1.0458,110.2629,30.4411,2.1391
41645.0,3.885,50.033,1.0496,111.2462,30.7187,2.1536
41650.0,3.885,50.1407,1.0567,110.0154,30.8748,2.1907
41655.0,3.885,49.516,1.0256,108.4105,30.9877,2.1833
41660.0,3.885,50.1272,1.0456,109.9209,30.5627,2.208
41665.0,3.885,50.5753,1.016,109.9189,31.2649,2.2516
41670.0,3.8849,49.3563,1.0492,109.8802,30.5039,2.2497
41675.0,3.8849,50.0441,1.0538,111.0256,30.3373,2.2829
41680.0,3.8849,49.9449,1.0308,109.5423,30.4041,2.2791
41685.0,3.8849,50.0689,1.0266,109.9867,30.7917,2.2964
41690.0,3.8849,49.7762,1.0486,110.2082,30.9706,2.3185
41695.0,3.8849,49.809,1.0356,109.2281,30.8181,2.3129
41700.0,3.885,50.1115,1.0217,109.6564,30.9554,2.306
41705.0,3.8849,49.8397,1.0423,108.12,30.8455,2.3492
41710.0,3.8849,50.1773,1.0488,109.8448,30.4028,2.349
41715.0,3.8849,49.7819,1.0334,110.5288,31.0244,2.4022
41720.0,3.8849,49.6696,1.0275,109.5042,31.056,2.434
41725.0,3.8849,49.8672,1.0479,109.5393,31.13,2.464
41730.0,3.8849,50.3571,1.0312,109.7213,31.0802,2.5055
41735.0,3.8849,50.5944,1.0469,109.9576,30.8095,2.5413
41740.0,3.8849,49.9329,1.0604,110.4638,30.9759,2.5546
41745.0,3.8849,50.0394,1.0255,109.803,31.0753,2.5819
41750.0,3.8849,50.1496,1.0517,111.3128,30.5983,2.6065
41755.0,3.8849,50.1674,1.0394,110.5856,30.9459,2.6242
41760.0,3.8849,49.5048,1.0242,108.8305,30.4345,2.6465
41765.0,3.8849,49.9975,1.0143,109.0468,31.1317,2.6566
41770.0,3.8849,49.8009,1.0215,110.0212,31.3193,2.6615
41775.0,3.8849,49.9451,1.045,108.6181,30.9966,2.6877
41780.0,3.8849,49.8201,1.057,111.2782,30.9633,2.6958
41785.0,3.8849,50.1086,1.0403,109.4042,30.5973,2.7054
41790.0,3.8849,49.7378,1.0453,109.6578,30.9124,2.6927
41795.0,3.8849,49.6022,1.0619,111.0681,31.1227,2.7105
41800.0,3.8849,49.6923,1.0509,110.9167,30.7837,2.7181
41805.0,3.8849,50.2767,1.0476,109.4695,31.258,2.7249
41810.0,3.8849,50.0549,1.042,110.2277,31.6361,2.7253
41815.0,3.8849,50.0072,1.0346,110.1607,30.8017,2.7571
41820.0,3.8849,49.6155,1.0427,109.0959,31.119,2.7548
41825.0,3.8849,50.2637,1.0354,110.0426,31.1381,2.7809
41830.0,3.8849,50.2689,1.0146,107.8848,31.0362,2.7811
41835.0,3.8849,49.8185,1.0532,111.3671,30.829,2.7659
41840.0,3.8849,49.985,1.0209,109.5392,30.901,2.748
41845.0,3.8849,49.6669,1.0404,110.3932,31.3916,2.7733
41850.0,3.8849,50.0674,1.0329,109.9701,30.798,2.7776
41855.0,3.8849,50.0062,1.0431,109.582,31.9567,2.7701
41860.0,3.8849,49.6218,1.0371,108.9749,31.0081,2.7932
41865.0,3.8849,49.9472,1.0696,110.2994,31.0682,2.8026
41870.0,3.8849,50.0602,1.0156,109.536,31.3564,2.8043
41875.0,3.8849,49.9509,1.0437,110.3079,30.9921,2.8076
41880.0,3.8849,49.8503,1.0427,110.6784,31.2348,2.8171
41885.0,3.8849,50.0236,1.0319,110.2623,31.3789,2.8428
41890.0,3.8849,50.1484,1.0284,110.5354,31.296,2.8528
41895.0,3.8849,49.482,1.0424,108.9544,31.44,2.8625
41900.0,3.8849,49.9594,1.0574,110.4156,31.5569,2.8492
41905.0,3.8848,50.2125,1.0525,110.5272,30.8933,2.8583
41910.0,3.8849,49.4152,1.0412,110.84,31.6468,2.8589
41915.0,3.8849,49.9469,1.0542,110.3205,31.5017,2.8378
41920.0,3.8849,49.9023,1.0308,109.4411,31.1662,2.8542
41925.0,3.8848,49.938,1.0331,109.8976,30.8255,2.8788
41930.0,3.8848,49.8291,1.0553,110.4289,31.0481,2.8971
41935.0,3.8848,50.5171,1.0516,110.8027,31.2534,2.9269
41940.0,3.8848,49.4762,1.0648,111.4564,30.8557,2.9439
41945.0,3.8848,50.2671,1.0468,109.9447,31.4546,2.9403
41950.0,3.8848,49.8064,1.0436,111.5227,31.1326,2.95
41955.0,3.8848,48.8965,1.0486,109.6594,30.9787,2.9504
41960.0,3.8849,49.8747,1.0379,110.5328,31.848,2.9383
41965.0,3.8848,49.683,1.0324,109.1814,31.1039,2.9701
41970.0,3.8848,49.8583,1.0408,111.4804,31.0494,2.949
41975.0,3.8848,50.402,1.0422,110.5711,31.3689,2.9439
41980.0,3.8848,50.1526,1.0388,109.8901,31.0482,2.9044
41985.0,3.8849,50.2022,1.0557,110.6901,31.4135,2.8985
41990.0,3.8848,49.8671,1.0526,109.5852,31.3143,2.9343
41995.0,3.8848,49.5544,1.0392,110.1233,31.2785,2.9208
42000.0,3.8848,49.8,1.0273,110.1233,31.2966,2.9369
42005.0,3.8848,49.8686,1.0409,109.5018,31.1525,2.9645
42010.0,3.8848,50.0439,1.0484,108.7165,31.0808,2.9437
42015.0,3.8848,48.9448,1.0302,109.4912,31.5303,2.9434
42020.0,3.8848,49.806,1.0324,109.6847,31.2501,2.9496
42025.0,3.8848,50.0042,1.0278,109.6572,31.2637,2.9571
42030.0,3.8848,50.203,1.0445,110.8021,30.9709,2.9667
42035.0,3.8848,49.5984,1.0406,108.4291,31.2873,2.9713
42040.0,3.8848,50.0071,1.0535,110.826,31.6031,2.9691
42045.0,3.8849,50.193,1.0365,110.5262,31.8413,2.9629
42050.0,3.8848,50.2995,1.0279,110.2951,30.9071,2.943
42055.0,3.8848,49.9171,1.047,110.4983,31.1312,2.9481
42060.0,3.8848,50.0909,1.0573,110.1889,31.2536,2.9555
42065.0,3.8848,49.3664,1.0481,110.3926,31.3995,2.9738
42070.0,3.8848,49.8108,1.0367,110.0357,31.617,2.9816
42075.0,3.8848,50.1285,1.0295,110.958,31.7084,2.9824
42080.0,3.8848,49.5928,1.0447,109.5178,31.4895,2.9857
42085.0,3.8848,50.272,1.0171,108.7954,31.2613,3.0002
42090.0,3.8848,49.806,1.0441,110.1063,31.2083,3.0145
42095.0,3.8848,50.3006,1.0468,110.4549,31.3484,3.0416
42100.0,3.8848,49.6473,1.0547,110.4639,31.0108,3.063
42105.0,3.8848,49.5209,1.0404,110.2229,31.0722,3.085
42110.0,3.8848,50.0592,1.0185,110.7075,31.3288,3.1018
42115.0,3.8848,50.4438,1.0359,109.9798,31.4352,3.0975
42120.0,3.8847,50.4295,1.0396,109.8179,31.2331,3.1374
42125.0,3.8847,50.0317,1.0489,110.1499,31.2753,3.1459
42130.0,3.8847,49.9924,1.0402,110.4632,31.3268,3.1802
42135.0,3.8848,50.1569,1.029,110.7781,31.7726,3.1859
42140.0,3.8847,49.6091,1.0532,110.3402,31.1405,3.2104
42145.0,3.8847,49.9336,1.0596,110.2839,31.2852,3.1724
42150.0,3.8848,49.8345,1.0303,108.2326,31.9197,3.1912
42155.0,3.8847,50.0705,1.0363,108.9548,31.481,3.1802
42160.0,3.8847,49.3285,1.0358,109.2475,31.3234,3.1983
42165.0,3.8847,49.7951,1.0415,109.4763,31.7648,3.2195
42170.0,3.8847,49.7843,1.0397,110.9003,31.6999,3.2325
42175.0,3.8846,49.6266,1.0273,109.2301,30.8385,3.2229
42180.0,3.8847,49.5056,1.0414,109.4602,31.7193,3.2071
42185.0,3.8847,50.4415,1.0324,109.5859,31.0937,3.2362
42190.0,3.8847,50.1744,1.0489,110.7702,31.7796,3.2685
42195.0,3.8847,50.0132,1.0494,109.8133,31.3126,3.2755
42200.0,3.8846,50.1498,1.037,108.4021,31.0017,3.2734
42205.0,3.8846,49.9793,1.0381,107.9527,31.0073,3.2897
42210.0,3.8846,50.0271,1.0356,109.4049,31.1706,3.3048
42215.0,3.8847,50.3933,1.0567,110.6595,31.542,3.2814
42220.0,3.8846,50.1662,1.0269,110.1942,30.8938,3.2533
42225.0,3.8847,50.1529,1.0256,110.34,31.2748,3.276
42230.0,3.8847,49.5899,1.0477,110.4894,31.5663,3.3122
42235.0,3.8846,50.4595,1.0505,109.151,31.1812,3.3023
42240.0,3.8846,49.8706,1.0346,109.9024,30.8881,3.3033
42245.0,3.8846,50.4072,1.047,109.0345,31.2836,3.3127
42250.0,3.8847,50.0668,1.0576,109.7533,31.438,3.3127
42255.0,3.8847,50.2965,1.0461,110.6307,31.5612,3.3063
42260.0,3.8846,50.0773,1.0569,110.4169,31.281,3.2919
42265.0,3.8847,49.72,1.0505,111.256,31.479,3.3177
42270.0,3.8847,49.7673,1.0412,108.8552,31.6391,3.3121
42275.0,3.8846,49.9892,1.0523,111.5458,31.2598,3.3042
42280.0,3.8846,50.1033,1.0577,110.929,31.2029,3.2959
42285.0,3.8847,49.7128,1.0459,110.7768,31.3437,3.2982
42290.0,3.8846,50.5701,1.0324,109.8136,31.0234,3.3031
42295.0,3.8847,49.5907,1.0583,109.6439,31.6127,3.3141
42300.0,3.8846,50.5254,1.036,110.2449,31.3067,3.3365
42305.0,3.8846,49.6534,1.0354,109.8253,31.2048,3.3608
42310.0,3.8846,50.0715,1.0381,109.9714,31.5219,3.3681
42315.0,3.8845,49.8755,1.0491,110.6446,31.006,3.3642
42320.0,3.8846,49.9102,1.0285,110.6201,31.2786,3.3759
42325.0,3.8846,49.4919,1.0353,108.9182,31.2414,3.3865
42330.0,3.8845,49.73,1.0517,110.716,30.8289,3.4033
42335.0,3.8846,50.0428,1.0476,110.7588,31.3322,3.3934
42340.0,3.8845,50.0659,1.039,110.3985,31.2693,3.4089
42345.0,3.8845,49.8908,1.0715,111.0946,31.2585,3.4314
42350.0,3.8845,50.0701,1.0283,109.639,31.1276,3.4309
42355.0,3.8846,50.0911,1.0335,109.6241,31.6878,3.4293
42360.0,3.8846,49.7882,1.0314,109.3039,31.6406,3.419
42365.0,3.8845,50.4122,1.0354,108.7461,31.3344,3.4396
42370.0,3.8845,49.9026,1.0604,109.5196,31.0056,3.4498
42375.0,3.8845,50.061,1.0557,110.6378,31.0733,3.4344
42380.0,3.8846,49.9527,1.0437,110.0959,31.7635,3.4177
42385.0,3.8845,50.2898,1.0629,110.1269,31.0135,3.4011
42390.0,3.8845,50.0572,1.0663,110.7618,31.0077,3.4475
42395.0,3.8845,50.1677,1.0322,109.6488,31.5006,3.4435
42400.0,3.8845,50.4609,1.0326,109.2572,31.3214,3.4827
42405.0,3.8845,49.891,1.018,110.7801,31.2302,3.4745
42410.0,3.8844,50.1923,1.0381,111.0435,31.144,3.4932
42415.0,3.8845,50.2928,1.0481,110.9027,31.385,3.5029
42420.0,3.8844,49.7904,1.0519,110.6943,30.9544,3.4912
42425.0,3.8844,49.7307,1.0307,109.2449,31.2133,3.4963
42430.0,3.8844,50.247,1.0345,108.9849,30.7992,3.5018
42435.0,3.8844,50.0442,1.0345,109.2115,30.8006,3.4971
42440.0,3.8845,50.3149,1.0362,110.1616,31.3577,3.5117
42445.0,3.8844,50.5508,1.0327,110.0094,31.0116,3.5078
42450.0,3.8845,49.7008,1.0413,110.4239,31.4631,3.5154
42455.0,3.8843,50.0648,1.033,109.8625,30.7323,3.5053
42460.0,3.8845,49.7519,1.0459,109.5588,31.3712,3.4845
42465.0,3.8845,50.4502,1.0309,109.0993,31.4273,3.4801
42470.0,3.8845,50.0735,1.0397,109.7994,31.6048,3.464
42475.0,3.8844,49.5801,1.0455,109.0163,30.7443,3.4568
42480.0,3.8845,49.5073,1.0436,110.3839,31.319,3.4296
42485.0,3.8845,50.2956,1.0479,109.9398,31.3353,3.4418
42490.0,3.8845,49.64,1.0468,109.6542,31.3863,3.4432
42495.0,3.8845,49.6507,1.0237,109.5261,31.2281,3.4507
42500.0,3.8845,49.8409,1.0509,110.1365,31.0684,3.4445
42505.0,3.8845,49.5174,1.039,110.0784,31.1112,3.4468
42510.0,3.8844,49.7263,1.0361,109.8666,30.9039,3.4764
42515.0,3.8844,50.537,1.0358,109.5694,31.2745,3.5263
42520.0,3.8843,49.9805,1.0412,110.2571,30.8507,3.5461
42525.0,3.8844,49.5592,1.0361,110.6972,31.3126,3.5758
42530.0,3.8843,50.4463,1.0518,110.6623,30.7789,3.5423
42535.0,3.8844,49.6678,1.0679,111.1051,31.1439,3.55
42540.0,3.8844,49.5699,1.0364,107.9918,31.0082,3.5127
42545.0,3.8845,49.9821,1.0434,109.267,31.2108,3.4852
42550.0,3.8845,49.9257,1.0276,109.9931,31.1469,3.439
42555.0,3.8846,50.4819,1.0432,109.0104,31.2459,3.3987
42560.0,3.8845,50.3163,1.0349,110.422,30.7184,3.4022
42565.0,3.8846,50.0177,1.0216,110.0543,30.8373,3.3124
42570.0,3.8846,50.4653,1.0337,109.8142,31.1234,3.3092
42575.0,3.8847,50.2983,1.0393,109.7285,31.1597,3.223
42580.0,3.8847,50.115,1.0399,110.4008,30.8484,3.2011
42585.0,3.8847,50.5061,1.0364,109.1935,30.9217,3.1921
42590.0,3.8847,50.4398,1.0365,109.7437,30.9781,3.1338
42595.0,3.8848,49.9841,1.0378,110.926,31.1148,3.0986
42600.0,3.8848,50.2434,1.0323,109.5029,31.301,3.0755
42605.0,3.8848,49.8538,1.0241,110.8963,30.9746,2.9832
42610.0,3.8848,50.0881,1.0328,110.6378,30.9729,2.8838
42615.0,3.8848,50.2281,1.0644,109.3943,30.7893,2.8679
42620.0,3.8849,50.063,1.0403,108.2076,31.0658,2.8144
42625.0,3.8849,49.8189,1.0542,109.2345,30.75,2.7105
42630.0,3.8849,50.1391,1.0508,109.1577,30.8981,2.6547
42635.0,3.8849,49.5058,1.0371,110.4067,31.1872,2.6449
42640.0,3.8849,49.944,1.0394,108.9054,30.8066,2.5665
42645.0,3.8849,50.3625,1.0388,110.1512,30.979,2.5248
42650.0,3.8849,50.0819,1.0498,110.7486,30.8627,2.4751
42655.0,3.8849,49.7737,1.031,109.2584,30.8453,2.412
42660.0,3.8849,49.8359,1.0356,110.5178,30.8476,2.3461
42665.0,3.8849,49.9953,1.0477,109.5095,30.6338,2.2695
42670.0,3.885,49.9571,1.0471,110.2399,30.8553,2.2357
42675.0,3.885,49.8969,1.0345,110.2675,30.9133,2.1818
42680.0,3.885,49.3298,1.0329,109.0258,31.3569,2.173
42685.0,3.885,50.1669,1.0454,110.2087,30.6718,2.0883
42690.0,3.885,50.0414,1.0294,109.1897,30.2667,2.0036
42695.0,3.885,50.619,1.0636,110.6497,30.8749,1.9237
42700.0,3.885,49.6663,1.02,110.8909,30.9479,1.8782
42705.0,3.885,50.2937,1.0383,109.1065,30.7847,1.7773
42710.0,3.885,50.3183,1.0421,109.6042,31.4359,1.6973
42715.0,3.885,49.9935,1.0482,110.7172,30.6781,1.6486
42720.0,3.885,50.2018,1.0407,109.7351,30.8919,1.633
42725.0,3.885,49.5688,1.0462,109.852,31.1554,1.5267
42730.0,3.885,50.1992,1.0375,109.389,31.4622,1.4721
42735.0,3.885,50.2685,1.0319,110.2448,30.7833,1.4171
42740.0,3.885,49.8722,1.0546,111.2491,31.148,1.3978
42745.0,3.885,49.6782,1.0362,109.7293,31.4565,1.3402
42750.0,3.885,50.4458,1.0256,109.6379,31.2889,1.2668
42755.0,3.885,50.0421,1.0533,110.39,30.9314,1.2253
42760.0,3.885,49.9374,1.0461,110.892,30.9667,1.1655
42765.0,3.885,50.1325,1.0326,109.8595,31.2701,1.0835
42770.0,3.885,50.1252,1.0361,109.3421,31.0767,1.0167
42775.0,3.885,49.92,1.0501,110.0427,30.5882,0.9499
42780.0,3.885,49.8587,1.0565,110.3096,31.1938,0.8687
42785.0,3.885,49.8412,1.026,109.2016,31.0118,0.7827
42790.0,3.885,50.0698,1.0389,110.8135,30.9189,0.7118
42795.0,3.885,50.2555,1.043,110.2685,30.3991,0.6272
42800.0,3.885,50.0601,1.0527,109.2128,30.793,0.5068
42805.0,3.885,50.1018,1.0466,110.5381,31.0034,0.4143
42810.0,3.885,50.1811,1.0341,109.9904,30.9324,0.3454
42815.0,3.885,49.5133,1.057,110.5394,30.9119,0.2692
42820.0,3.885,50.3388,1.041,109.502,30.8597,0.1802
42825.0,3.885,49.8883,1.0449,109.486,30.8539,0.0745
42830.0,3.885,50.3925,1.0317,110.2991,30.7244,0.0
42835.0,3.885,50.2626,1.0255,109.9122,30.452,0.0
42840.0,3.885,49.5121,1.0432,110.6216,30.7865,0.0
42845.0,3.885,50.083,1.039,110.1848,30.6723,0.0
42850.0,3.885,49.9254,1.0551,111.4117,30.419,0.0
42855.0,3.885,49.9684,1.0482,109.6303,30.4636,0.0
42860.0,3.885,50.0557,1.0621,110.2251,31.3441,0.0
42865.0,3.885,50.13,1.0275,108.6058,30.8838,0.0
42870.0,3.885,50.3811,1.0396,109.7514,30.7325,0.0
42875.0,3.885,50.1783,1.0433,110.0361,31.2689,0.0
42880.0,3.885,49.8997,1.0306,108.8148,30.6743,0.0
42885.0,3.885,50.0706,1.0372,110.1144,30.5131,0.0
42890.0,3.885,50.2541,1.0371,109.3115,30.625,0.0
42895.0,3.885,50.0675,1.0266,109.2938,30.5934,0.0
42900.0,3.885,49.7521,1.0264,109.9105,30.3686,0.0
42905.0,3.885,50.3764,1.0329,109.3111,31.4105,0.0
42910.0,3.885,50.0037,1.0478,110.2084,30.6941,0.0
42915.0,3.885,49.6806,1.0426,110.2829,30.514,0.0
42920.0,3.885,49.8977,1.0492,110.1207,30.5261,0.0
42925.0,3.885,49.6135,1.0335,109.4731,30.7165,0.0
42930.0,3.885,49.8596,1.0375,110.3443,30.6874,0.0
42935.0,3.885,49.7202,1.0323,108.9552,30.6054,0.0
42940.0,3.885,50.4548,1.0142,108.9821,30.8866,0.0
42945.0,3.885,50.0109,1.0321,109.4386,30.528,0.0
42950.0,3.885,49.5701,1.038,108.8011,30.6985,0.0
42955.0,3.885,50.0011,1.0234,109.077,31.1566,0.0
42960.0,3.885,50.5438,1.0398,109.5121,30.7534,0.0
42965.0,3.885,49.5397,1.0442,109.8304,31.0424,0.0
42970.0,3.885,50.3484,1.0343,109.4521,30.9243,0.0
42975.0,3.885,50.5958,1.0336,109.8614,30.8741,0.0
42980.0,3.885,49.9406,1.0271,109.8311,30.797,0.0
42985.0,3.885,50.2762,1.045,110.2085,31.1184,0.0
42990.0,3.885,50.4334,1.0497,109.7165,30.7622,0.0
42995.0,3.885,50.164,1.0409,111.1647,30.3786,0.0
43000.0,3.885,50.2499,1.0544,110.7672,30.3866,0.0
43005.0,3.885,50.1965,1.0569,110.176,30.7452,0.0
43010.0,3.885,50.1577,1.0396,110.22,30.8186,0.0
43015.0,3.885,50.346,1.0616,110.5482,30.3104,0.0
43020.0,3.885,49.9615,1.0327,109.5578,30.5494,0.0
43025.0,3.885,50.1486,1.0418,110.7557,30.7822,0.0
43030.0,3.885,50.3616,1.0598,111.4424,30.7858,0.0
43035.0,3.885,49.9043,1.0624,110.8044,30.7462,0.0
43040.0,3.885,49.865,1.0504,110.6862,30.9252,0.0
43045.0,3.885,50.3297,1.05,110.622,30.6594,0.0
43050.0,3.885,49.8532,1.0251,110.228,30.5625,0.0
43055.0,3.885,50.2353,1.0346,108.2504,30.5964,0.0
43060.0,3.885,49.5717,1.0567,109.6032,30.3227,0.0
43065.0,3.885,49.8605,1.0254,110.6182,30.3284,0.0
43070.0,3.885,49.9323,1.0466,110.9994,30.4722,0.0
43075.0,3.885,50.9592,1.0493,110.0354,30.4706,0.0
43080.0,3.885,50.4868,1.0469,110.7464,30.2673,0.0
43085.0,3.885,50.6184,1.05,110.4291,30.8621,0.0
43090.0,3.885,49.5444,1.0611,111.5268,30.518,0.0
43095.0,3.885,50.1806,1.0198,109.3539,30.6206,0.0
43100.0,3.885,49.8419,1.0593,111.2134,30.1717,0.0
43105.0,3.885,49.8095,1.0727,111.4767,30.2547,0.0
43110.0,3.885,49.9946,1.0498,109.9818,30.2835,0.0
43115.0,3.885,49.6741,1.0589,110.6736,30.3329,0.0
43120.0,3.885,50.362,1.035,110.3599,30.6053,0.0
43125.0,3.885,49.7792,1.0373,110.3336,29.9288,0.0
43130.0,3.885,50.0525,1.0544,111.6897,30.4368,0.0
43135.0,3.885,50.4974,1.0496,111.312,30.2557,0.0
43140.0,3.885,49.542,1.0417,109.6913,30.3637,0.0
43145.0,3.885,50.2754,1.0391,109.4864,31.0037,0.0
43150.0,3.885,50.1889,1.0383,110.1343,30.0841,0.0
43155.0,3.885,49.8347,1.0538,110.0735,30.4449,0.0
43160.0,3.885,50.0571,1.0556,110.792,30.534,0.0
43165.0,3.885,49.7303,1.0321,109.2985,30.1342,0.0
43170.0,3.885,49.8065,1.0361,109.8588,30.7359,0.0
43175.0,3.885,50.4324,1.0489,108.8282,30.0639,0.0
43180.0,3.885,49.7401,1.041,110.3592,30.4737,0.0
43185.0,3.885,49.6921,1.025,109.6742,30.4161,0.0
43190.0,3.885,49.8319,1.0514,109.7263,30.2302,0.0
43195.0,3.885,50.1893,1.0493,110.2521,30.3133,0.0
43200.0,3.885,49.5362,1.0602,111.9954,30.9975,0.0
43205.0,3.885,49.9528,1.0343,110.0472,30.3176,0.0
43210.0,3.885,49.9716,1.0182,109.0513,30.4963,0.0
43215.0,3.885,50.3553,1.0456,111.5035,30.4202,0.0
43220.0,3.885,50.5161,1.0443,109.2434,30.7547,0.0
43225.0,3.885,49.6616,1.0381,109.4394,30.4187,0.0
43230.0,3.885,49.9134,1.0575,110.3412,30.84,0.0
43235.0,3.885,49.625,1.0357,110.3914,30.4411,0.0
43240.0,3.885,50.0839,1.0526,110.8685,30.3423,0.0
43245.0,3.885,50.0055,1.0367,110.3492,30.7826,0.0
43250.0,3.885,50.1826,1.0303,108.7341,30.7332,0.0
43255.0,3.885,49.9671,1.031,109.9862,30.3127,0.0
43260.0,3.885,50.3171,1.0345,110.0968,30.6792,0.0
43265.0,3.885,49.3288,1.0573,110.1894,30.1332,0.0
43270.0,3.885,50.4807,1.0519,109.9113,30.2555,0.0
43275.0,3.885,50.0299,1.0597,108.8961,30.3358,0.0
43280.0,3.885,49.852,1.0373,111.3063,29.818,0.0
43285.0,3.885,49.8597,1.0407,109.5937,30.6896,0.0
43290.0,3.885,50.0897,1.0485,110.0885,30.6045,0.0
43295.0,3.885,50.2087,1.0501,110.2002,30.0562,0.0
43300.0,3.885,49.9835,1.0426,109.0888,30.2434,0.0
43305.0,3.885,49.9898,1.0418,109.3785,30.2922,0.0
43310.0,3.885,49.9037,1.0362,109.4598,31.1623,0.0
43315.0,3.885,49.4209,1.0459,110.5259,30.6394,0.0
43320.0,3.885,50.1551,1.038,108.6447,30.1988,0.0
43325.0,3.885,49.7116,1.0394,109.8156,30.2702,0.0
43330.0,3.885,50.4607,1.0443,110.5942,30.7276,0.0
43335.0,3.885,49.6954,1.0415,110.3073,30.4584,0.0
43340.0,3.885,50.2334,1.0313,109.6712,30.4636,0.0
43345.0,3.885,49.9583,1.0448,110.2766,30.1848,0.0
43350.0,3.885,49.8233,1.0425,109.5435,30.6724,0.0
43355.0,3.885,50.372,1.0502,110.0191,30.6559,0.0
43360.0,3.885,50.3147,1.0382,109.7386,31.1641,0.0
43365.0,3.885,50.1997,1.044,110.2292,30.5351,0.0
43370.0,3.885,49.8675,1.0516,109.5648,30.2296,0.0
43375.0,3.885,50.172,1.0303,109.0289,30.7302,0.0
43380.0,3.885,49.652,1.0263,109.9731,30.2817,0.0
43385.0,3.885,50.1882,1.0397,109.1744,30.8249,0.0
43390.0,3.885,49.3657,1.0445,109.9815,30.2992,0.0
43395.0,3.885,50.2891,1.0288,110.1604,30.4948,0.0
43400.0,3.885,50.4589,1.0397,109.5568,30.3507,0.0
43405.0,3.885,50.0044,1.0335,109.6937,30.2411,0.0
43410.0,3.885,50.2468,1.0486,111.3089,30.4087,0.0
43415.0,3.885,50.1148,1.0335,110.1618,30.5641,0.0
43420.0,3.885,49.9514,1.0429,110.1929,30.3306,0.0
43425.0,3.885,49.4834,1.0657,110.8312,30.0338,0.0
43430.0,3.885,49.8081,1.0414,110.0664,30.851,0.0
43435.0,3.885,50.024,1.06,110.6823,30.8695,0.0
43440.0,3.885,50.2506,1.0506,110.7242,30.4308,0.0
43445.0,3.885,50.4548,1.0514,110.6489,30.7618,0.0
43450.0,3.885,49.9605,1.0394,109.7242,30.1291,0.0
43455.0,3.885,50.1067,1.0514,110.4543,30.5894,0.0
43460.0,3.885,49.7591,1.0482,110.1669,30.4335,0.0
43465.0,3.885,49.686,1.0494,110.9278,30.5116,0.0
43470.0,3.885,50.4279,1.0558,110.7276,30.5504,0.0
43475.0,3.885,49.684,1.0531,110.5058,30.6126,0.0
43480.0,3.885,50.2963,1.0393,108.8189,30.2495,0.0
43485.0,3.885,50.2609,1.0521,110.2243,30.1614,0.0
43490.0,3.885,49.5635,1.0232,109.1334,30.6015,0.0
43495.0,3.885,50.1595,1.0688,111.7114,30.7309,0.0
43500.0,3.885,50.4978,1.0526,110.231,30.8503,0.0
43505.0,3.885,49.988,1.0364,108.9174,30.6545,0.0
43510.0,3.885,49.8537,1.0471,110.6807,30.7242,0.0
43515.0,3.885,49.8335,1.0322,111.3718,30.3636,0.0
43520.0,3.885,49.9101,1.0501,110.5391,30.1709,0.0
43525.0,3.885,50.0984,1.0489,110.2745,30.4647,0.0
43530.0,3.885,49.6521,1.0461,110.9062,30.1264,0.0
43535.0,3.885,49.9036,1.053,109.7801,30.3704,0.0
43540.0,3.885,49.8884,1.055,109.7106,30.6418,0.0
43545.0,3.885,49.8991,1.0416,110.0827,30.2154,0.0
43550.0,3.885,50.1233,1.0628,112.0078,30.5636,0.0
43555.0,3.885,49.7278,1.0294,109.8619,30.4236,0.0
43560.0,3.885,49.7171,1.0275,109.3137,30.6133,0.0
43565.0,3.885,49.8389,1.0334,109.4272,29.896,0.0
43570.0,3.885,49.3982,1.0505,109.9927,30.3613,0.0
43575.0,3.885,50.4553,1.0642,111.8629,30.2556,0.0
43580.0,3.885,50.3628,1.0257,109.3216,30.5258,0.0
43585.0,3.885,50.1382,1.0339,110.326,30.2134,0.0
43590.0,3.885,49.8904,1.0435,109.5605,30.5132,0.0
43595.0,3.885,49.8868,1.0375,110.4135,30.5794,0.0
43600.0,3.885,49.9022,1.0641,109.5289,30.1037,0.0
43605.0,3.885,49.9285,1.0455,109.7195,30.8814,0.0
43610.0,3.885,50.187,1.0614,111.036,30.1205,0.0
43615.0,3.885,49.7529,1.0507,109.8358,30.7065,0.0
43620.0,3.885,49.8989,1.0486,110.8913,30.8647,0.0
43625.0,3.885,50.08,1.0344,109.9395,30.4577,0.0
43630.0,3.885,49.9191,1.045,110.1369,30.204,0.0
43635.0,3.885,49.9999,1.0287,109.4638,30.4079,0.0
43640.0,3.885,49.4014,1.031,109.8117,30.7107,0.0
43645.0,3.885,50.6389,1.0319,109.1499,29.7709,0.0
43650.0,3.885,50.1565,1.0428,110.9317,30.4048,0.0
43655.0,3.885,49.7263,1.0286,110.5524,30.8663,0.0
43660.0,3.885,49.9633,1.0471,110.6789,30.4914,0.0
43665.0,3.885,49.9039,1.0339,108.9424,29.9914,0.0
43670.0,3.885,49.9591,1.0631,110.555,30.5497,0.0
43675.0,3.885,50.0016,1.0455,109.929,30.6512,0.0
43680.0,3.885,49.8211,1.0557,110.5779,30.4686,0.0
43685.0,3.885,49.882,1.0379,109.6545,30.3297,0.0
43690.0,3.885,49.359,1.0498,110.0763,30.1591,0.0
43695.0,3.885,50.0239,1.0629,110.5065,30.2508,0.0
43700.0,3.885,49.9002,1.059,110.3572,30.8682,0.0
43705.0,3.885,50.3697,1.0424,110.3828,30.7256,0.0
43710.0,3.885,50.266,1.0586,111.2243,30.5225,0.0
43715.0,3.885,50.287,1.0304,109.2875,30.7454,0.0
43720.0,3.885,49.4223,1.0435,110.2611,30.7241,0.0
43725.0,3.885,50.1952,1.0353,110.2021,30.6151,0.0
43730.0,3.885,49.8135,1.0506,111.1535,30.4505,0.0
43735.0,3.885,50.235,1.0485,109.4242,30.8182,0.0
43740.0,3.885,49.901,1.0433,110.1924,30.6327,0.0
43745.0,3.885,50.4,1.034,110.2799,30.1909,0.0
43750.0,3.885,50.1607,1.0578,109.5992,30.3384,0.0
43755.0,3.885,50.1511,1.0364,109.877,30.2346,0.0
43760.0,3.885,50.3994,1.0475,109.1743,30.7982,0.0
43765.0,3.885,49.951,1.0328,109.1349,30.5052,0.0
43770.0,3.885,49.8953,1.0292,109.4276,30.2955,0.0
43775.0,3.885,49.8249,1.0488,111.095,30.0611,0.0
43780.0,3.885,50.2838,1.0408,110.0525,30.6312,0.0
43785.0,3.885,50.3121,1.0371,108.95,30.2496,0.0
43790.0,3.885,50.2587,1.0306,108.8313,30.3947,0.0
43795.0,3.885,50.5304,1.0464,109.0182,30.2704,0.0
43800.0,3.885,50.4854,1.0343,110.4608,30.816,0.0
43805.0,3.885,50.114,1.0343,109.2047,30.545,0.0
43810.0,3.885,49.6662,1.0326,110.5762,30.7424,0.0
43815.0,3.885,49.6426,1.0564,109.9076,30.0517,0.0
43820.0,3.885,50.0556,1.0343,108.4431,30.3426,0.0
43825.0,3.885,50.0581,1.0059,108.8405,30.1094,0.0
43830.0,3.885,49.9407,1.0418,110.3777,30.9168,0.0
43835.0,3.885,50.1415,1.0463,109.6976,30.5925,0.0
43840.0,3.885,50.2464,1.0527,110.3004,30.8094,0.0
43845.0,3.885,49.7945,1.0293,108.2733,30.4414,0.0
43850.0,3.885,50.3626,1.0421,109.0758,30.3714,0.0
43855.0,3.885,50.146,1.0398,110.737,30.4034,0.0
43860.0,3.885,49.5149,1.0398,110.1933,30.5842,0.0
43865.0,3.885,50.0025,1.0297,110.4453,30.4913,0.0
43870.0,3.885,50.2301,1.0272,108.838,30.3255,0.0
43875.0,3.885,49.9955,1.034,109.3779,30.6269,0.0
43880.0,3.885,50.112,1.0286,110.8746,30.5372,0.0
43885.0,3.885,50.5504,1.0378,110.4019,30.7871,0.0
43890.0,3.885,49.8035,1.0377,109.7031,30.3164,0.0
43895.0,3.885,49.5509,1.0528,110.1781,30.9202,0.0
43900.0,3.885,49.6517,1.0342,109.4038,30.3243,0.0
43905.0,3.885,50.0193,1.0377,109.4681,30.5626,0.0
43910.0,3.885,50.0198,1.0287,108.7535,30.583,0.0
43915.0,3.885,49.8924,1.0472,111.1127,30.6622,0.0
43920.0,3.885,49.7703,1.0373,109.7769,30.7946,0.0
43925.0,3.885,49.668,1.035,109.6843,30.9523,0.0
43930.0,3.885,50.3979,1.0403,110.4048,30.7546,0.0
43935.0,3.885,50.0906,1.0348,110.8457,30.5228,0.0
43940.0,3.885,49.966,1.0262,110.9218,30.8902,0.0
43945.0,3.885,49.7165,1.0272,110.113,30.7721,0.0
43950.0,3.885,49.8301,1.0483,109.0599,30.5462,0.0
43955.0,3.885,49.868,1.0383,111.424,30.4093,0.0
43960.0,3.885,49.3202,1.025,108.9785,30.9251,0.0
43965.0,3.885,49.1759,1.0399,109.1725,30.3683,0.0
43970.0,3.885,50.104,1.0471,110.6242,30.4234,0.0
43975.0,3.885,50.3541,1.0439,109.8254,30.8392,0.0
43980.0,3.885,50.1765,1.0576,110.0199,30.7665,0.0
43985.0,3.885,49.8628,1.0468,109.3674,30.9688,0.0
43990.0,3.885,50.4427,1.0411,110.5273,30.9004,0.0
43995.0,3.885,49.6391,1.0609,109.9983,30.2001,0.0
44000.0,3.885,49.7862,1.0309,108.5119,30.9979,0.0
44005.0,3.885,50.2502,1.0485,108.8091,30.7628,0.0
44010.0,3.885,50.1716,1.0182,108.0936,30.7949,0.0
44015.0,3.885,50.2139,1.0386,110.1617,30.9575,0.0
44020.0,3.885,50.1979,1.0622,110.8788,30.4317,0.0
44025.0,3.885,50.4093,1.0295,110.5115,30.9106,0.0
44030.0,3.885,49.8673,1.0509,111.2627,30.7832,0.0
44035.0,3.885,49.9955,1.0608,109.9253,30.3004,0.0
44040.0,3.885,49.825,1.0285,110.6807,30.6789,0.0
44045.0,3.885,49.9566,1.0522,111.2903,30.495,0.0
44050.0,3.885,50.1219,1.0317,110.313,30.9275,0.0
44055.0,3.885,49.9953,1.0429,111.0566,31.0081,0.0
44060.0,3.885,50.2677,1.0336,109.4463,30.8827,0.0
44065.0,3.885,50.0589,1.0321,109.2288,30.6619,0.0
44070.0,3.885,50.2509,1.0326,109.7241,30.3524,0.0
44075.0,3.885,50.1168,1.0295,110.2052,30.5545,0.0
44080.0,3.885,49.6197,1.0523,111.6534,30.1859,0.0
44085.0,3.885,50.0324,1.0543,110.3347,30.7357,0.0
44090.0,3.885,50.5362,1.0266,109.7481,30.9076,0.0
44095.0,3.885,50.1823,1.0505,110.1587,30.2571,0.0
44100.0,3.885,50.4222,1.067,111.9095,30.6204,0.0
44105.0,3.885,49.4876,1.0325,108.773,30.6313,0.0
44110.0,3.885,49.7976,1.0206,109.2936,30.8757,0.0
44115.0,3.885,49.8933,1.0526,109.7189,30.9199,0.0
44120.0,3.885,50.2812,1.0469,110.3516,31.2416,0.0
44125.0,3.885,49.636,1.0437,109.9324,30.8321,0.0
44130.0,3.885,49.6015,1.0562,109.923,30.7008,0.0
44135.0,3.885,50.3094,1.0455,109.7883,30.7306,0.0
44140.0,3.885,49.8727,1.0193,110.7445,30.8565,0.0
44145.0,3.885,49.8961,1.0527,110.0776,30.7034,0.0
44150.0,3.885,50.2716,1.0399,110.0246,30.9425,0.0
44155.0,3.885,50.4114,1.0356,109.92,30.5354,0.0
44160.0,3.885,50.4079,1.0539,111.7635,30.982,0.0
44165.0,3.885,49.3186,1.0458,108.4131,30.1966,0.0
44170.0,3.885,49.9418,1.0384,110.5572,31.2569,0.0
44175.0,3.885,49.797,1.0325,108.4053,31.1632,0.0
44180.0,3.885,50.3076,1.0385,110.096,30.4114,0.0
44185.0,3.885,50.4331,1.0588,112.9545,30.6695,0.0
44190.0,3.885,49.7189,1.0259,108.8685,30.7644,0.0
44195.0,3.885,49.6095,1.0329,110.6012,31.0215,0.0
44200.0,3.885,50.1026,1.0417,109.9803,30.7627,0.0
44205.0,3.885,50.155,1.0502,111.1679,30.7941,0.0
44210.0,3.885,50.4967,1.0394,110.2616,30.7845,0.0
44215.0,3.885,49.896,1.0473,110.3472,30.0858,0.0
44220.0,3.885,50.1467,1.0447,109.8145,30.4548,0.0
44225.0,3.885,49.8234,1.0409,110.108,30.5547,0.0
44230.0,3.885,50.27,1.0213,108.6923,31.1894,0.0
44235.0,3.885,50.0392,1.0422,110.0117,30.6779,0.0
44240.0,3.885,50.0223,1.0509,110.8992,30.4445,0.0
44245.0,3.885,49.7138,1.0456,110.5506,30.6497,0.0
44250.0,3.885,50.0242,1.0365,108.3338,30.6239,0.0
44255.0,3.885,50.1838,1.0508,110.2749,30.5736,0.0
44260.0,3.885,50.0388,1.0653,112.1541,30.3738,0.0
44265.0,3.885,49.8302,1.0406,109.2759,30.7546,0.0
44270.0,3.885,50.05,1.0209,109.7635,30.7357,0.0
44275.0,3.885,50.0619,1.0337,111.393,30.4329,0.0
44280.0,3.885,50.099,1.051,110.0326,30.5797,0.0
44285.0,3.885,50.2125,1.025,108.7307,31.1888,0.0
44290.0,3.885,49.9971,1.0648,110.976,30.8615,0.0
44295.0,3.885,49.5294,1.0522,111.2777,30.8699,0.0
44300.0,3.885,49.8632,1.0444,109.6539,30.517,0.0
44305.0,3.885,50.2031,1.0438,110.1617,31.1189,0.0
44310.0,3.885,50.5723,1.0385,110.4929,30.7101,0.0
44315.0,3.885,49.9442,1.0329,108.9548,30.7759,0.0
44320.0,3.885,50.1245,1.0281,109.8932,30.7068,0.0
44325.0,3.885,49.7089,1.0456,109.8815,30.3958,0.0
44330.0,3.885,50.162,1.05,109.2265,30.9682,0.0
44335.0,3.885,49.6249,1.036,110.2351,30.7008,0.0
44340.0,3.885,49.5382,1.0367,111.1381,31.0603,0.0
44345.0,3.885,49.8925,1.0408,109.647,30.5037,0.0
44350.0,3.885,50.0278,1.0409,109.9143,30.1475,0.0
44355.0,3.885,50.3704,1.0399,108.3808,30.7616,0.0
44360.0,3.885,50.3793,1.0481,109.8446,30.398,0.0
44365.0,3.885,50.4046,1.0522,110.5581,30.7922,0.0
44370.0,3.885,49.984,1.044,109.8475,30.0756,0.0
44375.0,3.885,49.8064,1.044,110.1314,30.8217,0.0
44380.0,3.885,50.1109,1.0447,110.609,30.696,0.0
44385.0,3.885,49.9895,1.0518,110.2737,30.8477,0.0
44390.0,3.885,49.7239,1.0457,110.0223,30.577,0.0
44395.0,3.885,49.4607,1.0398,109.4598,30.6492,0.0
44400.0,3.885,50.3981,1.0282,109.1271,30.8453,0.0
44405.0,3.885,50.0499,1.0449,109.3439,30.5951,0.0
44410.0,3.885,49.8747,1.0395,110.5076,31.0177,0.0
44415.0,3.885,50.5129,1.0368,109.2415,31.1292,0.0
44420.0,3.885,50.0008,1.0247,108.8275,30.6768,0.0
44425.0,3.885,49.9001,1.0347,109.8658,30.8539,0.0
44430.0,3.885,50.3138,1.0418,109.7821,30.5926,0.0
44435.0,3.885,49.6829,1.0411,109.4919,30.3406,0.0
44440.0,3.885,50.0636,1.0415,109.9311,30.8161,0.0
44445.0,3.885,49.7784,1.0389,110.5082,30.7077,0.0
44450.0,3.885,50.5434,1.0356,109.5802,30.5224,0.0
44455.0,3.885,49.8421,1.0474,109.699,30.784,0.0
44460.0,3.885,50.01,1.0529,110.3365,30.4905,0.0
44465.0,3.885,49.5925,1.0269,110.0151,30.6947,0.0
44470.0,3.885,49.8437,1.0253,110.5019,30.3679,0.0
44475.0,3.885,49.7351,1.0461,109.2555,30.5815,0.0
44480.0,3.885,50.0149,1.0544,110.5662,30.5114,0.0
44485.0,3.885,49.7442,1.0384,110.2075,30.8106,0.0
44490.0,3.885,50.0163,1.0647,110.5741,30.5205,0.0
44495.0,3.885,49.9872,1.0423,110.6895,30.4564,0.0
44500.0,3.885,49.9474,1.0312,109.5524,30.5924,0.0
44505.0,3.885,49.777,1.0233,110.2118,30.6435,0.0
44510.0,3.885,49.9324,1.0321,109.1003,30.2885,0.0
44515.0,3.885,50.0686,1.0436,110.7308,31.1013,0.0
44520.0,3.885,49.597,1.043,109.4787,31.0354,0.0
44525.0,3.885,49.5969,1.0555,112.4068,30.4638,0.0
44530.0,3.885,50.2954,1.05,110.0976,30.9924,0.0
44535.0,3.885,49.8705,1.0444,109.9263,30.7389,0.0
44540.0,3.885,49.9931,1.029,110.2055,30.5476,0.0
44545.0,3.885,49.445,1.039,109.0707,30.2531,0.0
44550.0,3.885,50.3087,1.0373,110.5011,30.938,0.0
44555.0,3.885,49.9584,1.0457,109.9076,30.7686,0.0
44560.0,3.885,50.1315,1.0466,109.3833,30.3438,0.0
44565.0,3.885,49.4643,1.0413,111.0006,30.5852,0.0
44570.0,3.885,49.8692,1.0349,110.2021,30.7421,0.0
44575.0,3.885,50.419,1.0485,110.3642,30.5574,0.0
44580.0,3.885,50.2104,1.0566,110.8438,30.1574,0.0
44585.0,3.885,49.8834,1.0346,108.8327,30.3678,0.0
44590.0,3.885,49.6705,1.0378,110.2967,30.5354,0.0
44595.0,3.885,50.3676,1.0611,109.9425,30.2977,0.0
44600.0,3.885,49.9596,1.043,109.4899,30.498,0.0
44605.0,3.885,50.0006,1.0478,110.2202,30.8386,0.0
44610.0,3.885,50.3077,1.041,109.9791,30.8556,0.0
44615.0,3.885,50.0333,1.0413,109.1899,30.3625,0.0
44620.0,3.885,49.6602,1.0353,110.7788,31.1093,0.0
44625.0,3.885,49.2529,1.0323,109.1158,31.0057,0.0
44630.0,3.885,49.8094,1.0386,110.303,30.3718,0.0
44635.0,3.885,50.2701,1.0493,109.1623,30.1789,0.0
44640.0,3.885,49.7479,1.032,108.9837,30.2008,0.0
44645.0,3.885,50.0076,1.0422,110.5954,30.1652,0.0
44650.0,3.885,49.5335,1.0467,109.9137,30.4808,0.0
44655.0,3.885,49.9036,1.0344,108.9564,30.1284,0.0
44660.0,3.885,50.2507,1.0287,109.7991,30.7485,0.0
44665.0,3.885,50.28,1.0655,111.0299,30.132,0.0
44670.0,3.885,49.8166,1.0452,109.4242,30.9044,0.0
44675.0,3.885,50.1302,1.0346,110.5563,30.6666,0.0
44680.0,3.885,49.9793,1.0289,109.5296,30.9161,0.0
44685.0,3.885,49.856,1.028,108.9553,30.7546,0.0
44690.0,3.885,50.218,1.0404,110.168,30.658,0.0
44695.0,3.885,50.0976,1.0682,109.1313,30.6609,0.0
44700.0,3.885,49.4228,1.0217,109.4676,31.2018,0.0
44705.0,3.885,50.4203,1.0357,110.196,30.6392,0.0
44710.0,3.885,50.31,1.0198,109.4305,30.1837,0.0
44715.0,3.885,50.15,1.0504,111.3184,30.4896,0.0
44720.0,3.885,50.1236,1.0302,109.4388,30.0005,0.0
44725.0,3.885,50.065,1.0475,110.2473,30.9115,0.0
44730.0,3.885,49.2355,1.0399,110.0163,30.2584,0.0
44735.0,3.885,49.9875,1.0199,108.9064,30.6794,0.0
44740.0,3.885,50.1387,1.0463,109.6083,30.5278,0.0
44745.0,3.885,49.9937,1.0385,109.2601,30.2823,0.0
44750.0,3.885,49.4934,1.0351,110.5985,30.5854,0.0
44755.0,3.885,49.4612,1.051,109.4671,30.3384,0.0
44760.0,3.885,49.6676,1.038,109.8655,30.3005,0.0
44765.0,3.885,50.5961,1.0266,109.8679,29.9541,0.0
44770.0,3.885,50.0954,1.0404,109.01,30.2942,0.0
44775.0,3.885,49.8578,1.0472,109.3315,30.6253,0.0
44780.0,3.885,49.7465,1.0516,110.344,30.4997,0.0
44785.0,3.885,49.7757,1.0294,110.2318,30.7064,0.0
44790.0,3.885,49.723,1.0572,109.8635,30.5848,0.0
44795.0,3.885,49.9584,1.044,109.4414,29.8915,0.0
44800.0,3.885,50.1929,1.0559,110.8271,30.1705,0.0
44805.0,3.885,49.884,1.0334,110.7816,30.0026,0.0
44810.0,3.885,50.1007,1.0393,109.859,29.9642,0.0
44815.0,3.885,50.1342,1.0201,108.4971,30.3184,0.0
44820.0,3.885,50.0499,1.0451,109.4709,30.3115,0.0
44825.0,3.885,49.8039,1.0514,109.9568,30.0704,0.0
44830.0,3.885,49.0816,1.0616,111.1445,30.851,0.0
44835.0,3.885,49.8828,1.0435,110.1969,30.1769,0.0
44840.0,3.885,49.6537,1.0433,111.4569,30.2583,0.0
44845.0,3.885,49.7571,1.0655,111.4088,30.2344,0.0
44850.0,3.885,49.5963,1.0205,109.9751,30.6539,0.0
44855.0,3.885,49.5302,1.0417,110.131,29.8094,0.0
44860.0,3.885,50.6095,1.0379,110.6705,29.9986,0.0
44865.0,3.885,50.2677,1.055,111.4171,30.0718,0.0
44870.0,3.885,50.2313,1.0315,109.2927,29.6185,0.0
44875.0,3.885,49.538,1.0579,110.7211,30.4292,0.0
44880.0,3.885,50.3785,1.0563,110.0665,30.5477,0.0
44885.0,3.885,49.7246,1.0346,109.0947,30.207,0.0
44890.0,3.885,50.7813,1.0324,108.3375,29.8999,0.0
44895.0,3.885,50.1015,1.0278,109.089,30.5042,0.0
44900.0,3.885,50.0061,1.043,108.6394,30.205,0.0
44905.0,3.885,50.7584,1.0582,110.6953,29.7609,0.0
44910.0,3.885,50.0785,1.0446,109.9369,30.0802,0.0
44915.0,3.885,50.1229,1.0286,109.5271,29.9157,0.0
44920.0,3.885,49.9621,1.0554,111.0311,29.8531,0.0
44925.0,3.885,50.1095,1.0503,110.1692,30.3596,0.0
44930.0,3.885,50.0652,1.0434,109.1657,30.2454,0.0
44935.0,3.885,49.5585,1.0487,109.8358,30.2647,0.0
44940.0,3.885,49.991,1.0424,109.7081,29.5197,0.0
44945.0,3.885,50.5479,1.0518,110.4953,30.1146,0.0
44950.0,3.885,49.9439,1.0624,111.4763,29.9858,0.0
44955.0,3.885,49.8813,1.0356,109.149,29.9189,0.0
44960.0,3.885,50.1805,1.0387,110.7057,30.2647,0.0
44965.0,3.885,49.7862,1.0242,110.0895,30.0745,0.0
44970.0,3.885,50.2665,1.0317,111.1106,30.3171,0.0
44975.0,3.885,49.4363,1.0484,110.3869,30.2722,0.0
44980.0,3.885,50.2362,1.0444,109.13,30.4769,0.0
44985.0,3.885,50.4924,1.0549,109.2537,29.5302,0.0
44990.0,3.885,50.2694,1.023,109.891,30.006,0.0
44995.0,3.885,50.3499,1.0243,109.042,30.0323,0.0
45000.0,3.885,50.2605,1.0378,109.9797,29.9295,0.0
45005.0,3.885,49.5456,1.0386,110.6383,29.4984,0.0
45010.0,3.885,50.3832,1.0344,109.6963,29.9621,0.0
45015.0,3.885,50.0335,1.0264,109.8046,29.7012,0.0
45020.0,3.885,50.3474,1.0276,109.1213,29.5736,0.0
45025.0,3.885,49.6237,1.0413,110.5648,29.6645,0.0
45030.0,3.885,49.5994,1.0339,109.9353,29.7975,0.0
45035.0,3.885,50.6612,1.0456,109.6912,29.9774,0.0
45040.0,3.885,50.0463,1.037,109.2634,30.023,0.0
45045.0,3.885,49.4235,1.0567,110.1911,29.8448,0.0
45050.0,3.885,49.9227,1.0436,110.101,29.4982,0.0
45055.0,3.885,49.7317,1.0342,110.3785,30.1306,0.0082
45060.0,3.885,49.8692,1.0208,109.7297,29.7126,0.0
45065.0,3.885,49.9978,1.0467,109.6505,29.8956,0.0
45070.0,3.885,49.8072,1.0159,110.5214,30.5879,0.0
45075.0,3.885,50.2165,1.0457,110.7879,29.9645,0.0
45080.0,3.885,49.6329,1.0579,111.5415,29.215,0.0
45085.0,3.885,49.8412,1.0542,110.1482,29.6829,0.0
45090.0,3.885,50.0447,1.0601,110.9051,30.1416,0.0
45095.0,3.885,50.1759,1.0457,108.3308,29.4211,0.0
45100.0,3.885,50.4762,1.029,107.918,29.7204,0.0
45105.0,3.885,50.0874,1.0342,109.6338,29.64,0.0
45110.0,3.885,50.28,1.0405,109.6013,29.7188,0.0
45115.0,3.885,49.788,1.0571,109.6057,29.4702,0.0
45120.0,3.885,49.9257,1.0482,109.5593,29.2043,0.0
45125.0,3.885,49.9342,1.0593,109.2059,29.6745,0.0
45130.0,3.885,49.7071,1.0575,111.4193,30.1751,0.0
45135.0,3.885,50.4896,1.0465,109.8483,29.2728,0.0
45140.0,3.885,49.6098,1.0418,109.6022,29.0783,0.0
45145.0,3.885,50.2037,1.0487,110.5847,29.2242,0.0
45150.0,3.885,49.9106,1.0257,108.2063,29.6803,0.0
45155.0,3.885,50.4594,1.0417,111.0264,29.6556,0.0
45160.0,3.885,49.8096,1.0493,110.1617,29.5582,0.0
45165.0,3.885,50.6771,1.0562,110.9076,29.0331,0.0
45170.0,3.885,50.051,1.0405,109.5954,29.3768,0.0
45175.0,3.885,50.4959,1.0489,110.8935,29.5385,0.0
45180.0,3.885,50.3991,1.0364,109.9125,29.4729,0.0
45185.0,3.885,50.2728,1.0134,110.4537,29.6932,0.0
45190.0,3.885,50.358,1.0745,110.4195,29.4633,0.0
45195.0,3.885,50.1944,1.0412,109.1849,29.5917,0.0
45200.0,3.885,49.817,1.06,110.4741,29.4938,0.0
45205.0,3.885,50.1021,1.0365,109.5163,29.4132,0.0
45210.0,3.885,49.9887,1.0564,111.3569,29.557,0.0
45215.0,3.885,50.3317,1.0437,110.6222,29.1302,0.0
45220.0,3.885,49.5674,1.0218,109.9232,29.4449,0.0
45225.0,3.885,49.8664,1.075,112.2755,28.9054,0.0
45230.0,3.885,50.2483,1.0344,110.908,29.3395,0.0
45235.0,3.885,49.747,1.0517,110.9086,29.417,0.0
45240.0,3.885,50.1212,1.0336,108.6902,29.3919,0.0
45245.0,3.885,49.6878,1.044,110.3184,29.2738,0.0
45250.0,3.885,49.9697,1.0345,108.9795,29.3242,0.0
45255.0,3.885,49.9103,1.0498,109.7094,29.2301,0.0
45260.0,3.885,49.8983,1.0573,110.9535,29.3775,0.0
45265.0,3.885,49.7957,1.0594,110.2425,29.1902,0.0
45270.0,3.885,50.1085,1.061,112.9777,29.3419,0.0
45275.0,3.885,49.4937,1.0243,109.1478,29.0636,0.0
45280.0,3.885,49.2625,1.0504,109.3647,29.2979,0.0
45285.0,3.885,50.0861,1.0421,109.5338,29.5615,0.0
45290.0,3.885,49.9948,1.0313,108.7964,29.2281,0.0
45295.0,3.885,50.1484,1.0474,109.5756,29.0139,0.0
45300.0,3.885,50.1773,1.027,109.1957,29.1408,0.0
45305.0,3.885,49.6458,1.0552,110.343,29.3445,0.0
45310.0,3.885,49.4831,1.0389,109.987,28.9698,0.0
45315.0,3.885,50.3209,1.0536,110.129,28.9356,0.0
45320.0,3.885,50.0009,1.0463,109.9832,29.2137,0.0
45325.0,3.885,50.1833,1.0559,110.905,29.32,0.0
45330.0,3.885,50.3807,1.0392,110.736,28.891,0.0
45335.0,3.885,50.0545,1.0549,109.7017,28.6525,0.0
45340.0,3.885,50.3253,1.0412,110.189,29.0127,0.0
45345.0,3.885,49.9659,1.0424,109.7719,29.0978,0.0
45350.0,3.885,49.9882,1.0452,110.4186,29.0113,0.0
45355.0,3.885,50.409,1.0252,109.7712,28.9946,0.0
45360.0,3.885,49.939,1.0271,109.3503,28.8198,0.0
45365.0,3.885,50.0217,1.0193,109.4993,28.9222,0.0
45370.0,3.885,49.9398,1.0657,110.8056,28.8991,0.0
45375.0,3.885,50.2223,1.0598,110.5606,28.7636,0.0
45380.0,3.885,50.5203,1.028,109.6751,28.8384,0.0
45385.0,3.885,49.7391,1.0276,109.9286,28.8931,0.0
45390.0,3.885,49.8785,1.0646,109.7919,28.7608,0.0
45395.0,3.885,49.8524,1.0531,108.6865,29.4117,0.0
45400.0,3.885,49.9571,1.025,109.5691,28.356,0.0
45405.0,3.885,49.5982,1.0356,109.7453,28.6499,0.0
45410.0,3.885,49.7865,1.0622,110.6064,28.2755,0.0
45415.0,3.885,50.2065,1.0541,109.8173,28.6442,0.0
45420.0,3.885,49.9544,1.0331,109.3518,28.8664,0.0
45425.0,3.885,49.3481,1.0457,111.0048,29.1581,0.0
45430.0,3.885,49.6679,1.0121,109.1133,28.7339,0.0
45435.0,3.885,50.2299,1.0325,109.8481,28.2041,0.0
45440.0,3.885,49.976,1.0277,108.8946,29.1612,0.0
45445.0,3.885,50.4203,1.0123,109.0575,28.3274,0.0
45450.0,3.885,49.3719,1.031,108.3051,28.6393,0.0
45455.0,3.885,49.8997,1.0379,110.2926,28.6248,0.0
45460.0,3.885,49.8574,1.0314,109.1337,28.6928,0.0
45465.0,3.885,50.0897,1.0586,110.6115,28.956,0.0
45470.0,3.885,50.2292,1.0267,109.6868,28.8882,0.0
45475.0,3.885,49.8656,1.0482,110.2492,28.514,0.0
45480.0,3.885,49.9617,1.0202,109.3663,28.4516,0.0
45485.0,3.885,50.3661,1.0329,109.2843,28.588,0.0
45490.0,3.885,50.3802,1.0438,108.5006,29.4243,0.0
45495.0,3.885,50.0454,1.0592,110.9736,28.719,0.0
45500.0,3.885,50.1978,1.0489,110.1008,28.3006,0.0029
45505.0,3.885,49.6279,1.0385,110.2091,28.4996,0.0
45510.0,3.885,50.1957,1.0294,109.7754,28.7655,0.0
45515.0,3.885,49.7787,1.0414,109.4207,28.8576,0.0
45520.0,3.885,50.154,1.0505,109.7042,28.2837,0.0
45525.0,3.885,49.5066,1.0449,109.7987,28.5856,0.0
45530.0,3.885,50.7552,1.0168,109.3384,28.6408,0.0
45535.0,3.885,49.8241,1.063,109.9895,28.223,0.0
45540.0,3.885,50.1454,1.0551,108.9845,28.2339,0.0
45545.0,3.885,49.9432,1.0342,108.4986,28.7383,0.0
45550.0,3.885,49.9771,1.062,110.6917,28.2606,0.0
45555.0,3.885,49.592,1.0383,110.3447,28.4161,0.0
45560.0,3.885,49.6587,1.0389,109.4378,28.4983,0.0
45565.0,3.885,49.9695,1.0373,110.4549,28.1912,0.0
45570.0,3.885,49.5875,1.0495,110.1415,28.3765,0.0
45575.0,3.885,49.9165,1.0408,111.5092,28.1389,0.0
45580.0,3.885,49.9318,1.0467,109.5807,28.1422,0.0
45585.0,3.885,50.1143,1.0487,110.6059,28.0361,0.0
45590.0,3.885,50.553,1.0452,110.4652,28.5259,0.0
45595.0,3.885,49.8462,1.0487,110.6723,28.2307,0.0
45600.0,3.885,49.8261,1.0419,109.8519,28.4253,0.0
45605.0,3.885,50.2251,1.0518,110.912,28.1315,0.0
45610.0,3.885,49.8477,1.0453,110.0721,27.9862,0.0
45615.0,3.885,49.8467,1.0385,108.8131,28.2587,0.0
45620.0,3.885,49.9235,1.0402,109.9821,28.4629,0.0
45625.0,3.885,50.1988,1.0363,109.8039,27.9087,0.0
45630.0,3.885,50.2584,1.0364,110.3989,27.4663,0.0
45635.0,3.885,49.864,1.0536,109.7307,27.8551,0.0
45640.0,3.885,50.3429,1.0326,110.0051,28.148,0.0
45645.0,3.885,49.9486,1.0462,109.8821,27.9148,0.0
45650.0,3.885,49.5079,1.0245,109.0173,28.1476,0.0
45655.0,3.885,49.8485,1.0455,109.9915,27.9938,0.0
45660.0,3.885,49.9704,1.033,110.5008,27.9624,0.0
45665.0,3.885,50.1438,1.0478,110.5045,27.9947,0.0
45670.0,3.885,49.6639,1.0531,110.6131,28.2354,0.0
45675.0,3.885,49.918,1.0496,111.6125,27.8034,0.0
45680.0,3.885,49.5385,1.0421,109.8018,27.9163,0.0
45685.0,3.885,49.9725,1.0654,110.9565,28.0537,0.0
45690.0,3.885,50.5163,1.0495,110.2844,28.0345,0.0
45695.0,3.885,50.2599,1.0569,111.1637,28.1663,0.0
45700.0,3.885,49.9521,1.0332,109.7925,28.2566,0.0
45705.0,3.885,50.1104,1.0539,110.0013,28.4574,0.0
45710.0,3.885,49.8422,1.0232,109.6275,28.0958,0.0
45715.0,3.885,50.5419,1.0739,112.0629,28.0527,0.0
45720.0,3.885,50.139,1.0384,109.5263,28.163,0.0
45725.0,3.885,49.6757,1.0467,110.5459,27.9301,0.0
45730.0,3.885,49.8603,1.0537,110.1746,27.8978,0.0
45735.0,3.885,50.1091,1.0714,110.3736,28.0264,0.0
45740.0,3.885,50.0371,1.0509,110.2414,28.2875,0.0
45745.0,3.885,50.0121,1.054,110.9699,27.986,0.0
45750.0,3.885,50.3319,1.0401,111.1655,27.5583,0.0
45755.0,3.885,50.0463,1.0461,109.6503,27.2323,0.0
45760.0,3.885,49.9179,1.0626,110.5935,27.6247,0.0
45765.0,3.885,50.0512,1.0407,109.7184,28.271,0.0
45770.0,3.885,50.0659,1.0237,109.9791,28.2375,0.0
45775.0,3.885,49.8671,1.0466,111.1809,28.0835,0.0
45780.0,3.885,49.8219,1.0437,109.9967,27.9352,0.0
45785.0,3.885,49.9204,1.0419,110.0788,27.5886,0.0
45790.0,3.885,49.7598,1.0263,110.7284,27.2218,0.0
45795.0,3.885,50.4131,1.0304,109.2833,27.1856,0.0
45800.0,3.885,50.1453,1.0574,110.1836,27.5521,0.0
45805.0,3.885,49.8391,1.0539,111.0992,27.8835,0.0
45810.0,3.885,49.7269,1.0274,109.9256,27.2684,0.0
45815.0,3.885,50.3162,1.0386,110.0873,27.938,0.0
45820.0,3.885,50.393,1.0276,108.8742,27.2793,0.0
45825.0,3.885,49.5767,1.0254,109.0271,27.4708,0.0
45830.0,3.885,49.9793,1.0462,110.6434,27.704,0.0
45835.0,3.885,50.3758,1.033,110.8104,27.4584,0.0
45840.0,3.885,50.0254,1.0356,109.3037,27.3159,0.0
45845.0,3.885,49.9217,1.0541,109.8837,27.3215,0.0
45850.0,3.885,49.728,1.039,109.3412,27.7472,0.0
45855.0,3.885,49.9018,1.0352,110.2239,27.4531,0.0
45860.0,3.885,50.1111,1.0489,109.8348,27.6753,0.0
45865.0,3.885,50.2154,1.0287,109.3705,27.1323,0.0
45870.0,3.885,50.2298,1.0244,108.7127,27.0387,0.0
45875.0,3.885,49.7389,1.0279,110.2088,27.3461,0.0
45880.0,3.885,50.3038,1.0381,110.5408,27.5725,0.0
45885.0,3.885,49.8624,1.0246,110.3608,27.4214,0.0
45890.0,3.885,49.7039,1.0367,111.0031,27.729,0.0
45895.0,3.885,49.7171,1.0481,110.5093,27.1644,0.0
45900.0,3.885,49.7687,1.065,109.9609,26.9645,0.0
45905.0,3.885,50.1353,1.028,110.0046,27.7874,0.0
45910.0,3.885,49.9179,1.0527,109.1569,27.2768,0.0
45915.0,3.885,49.7564,1.0327,109.6404,27.3649,0.0
45920.0,3.885,50.4075,1.0521,111.6772,27.5525,0.0
45925.0,3.885,49.4312,1.0668,111.2714,27.8455,0.0
45930.0,3.885,50.5271,1.0421,111.3726,27.0499,0.0
45935.0,3.885,49.9311,1.0477,109.0039,27.4535,0.0
45940.0,3.885,50.481,1.0506,110.3618,27.4465,0.0
45945.0,3.885,49.8545,1.0522,110.2091,27.45,0.0
45950.0,3.885,50.2047,1.0666,111.9275,27.4417,0.0
45955.0,3.885,49.7573,1.0466,109.919,27.3581,0.0
45960.0,3.885,50.0339,1.0412,108.9619,27.2492,0.0
45965.0,3.885,50.1142,1.0328,109.4441,27.3454,0.0
45970.0,3.885,50.1089,1.028,110.2937,26.8895,0.0
45975.0,3.885,49.3633,1.0664,111.6769,27.5658,0.0
45980.0,3.885,49.9192,1.039,111.0415,27.0451,0.0
45985.0,3.885,50.3017,1.0335,107.9883,27.1854,0.0
45990.0,3.885,49.9588,1.0458,110.7835,27.5619,0.0
45995.0,3.885,50.3154,1.0599,110.8411,27.066,0.0
46000.0,3.885,49.5922,1.057,109.3507,27.2301,0.0
46005.0,3.885,50.1671,1.0463,110.7568,26.8839,0.0
46010.0,3.885,50.1395,1.0494,108.552,27.2918,0.0
46015.0,3.885,50.3693,1.0196,109.3879,27.3679,0.0
46020.0,3.885,49.9341,1.0454,110.5203,27.1404,0.0
46025.0,3.885,49.2975,1.0434,108.9989,27.0433,0.0
46030.0,3.885,49.9615,1.0486,110.3686,27.5329,0.0
46035.0,3.885,50.0431,1.0453,110.5734,27.089,0.0
46040.0,3.885,49.8726,1.0604,110.7504,27.75,0.0
46045.0,3.885,49.8446,1.0315,108.1717,27.5745,0.0
46050.0,3.885,49.3628,1.047,109.4969,26.8783,0.0
46055.0,3.885,49.5032,1.0327,109.1151,26.8145,0.0
46060.0,3.885,50.0959,1.0542,109.4964,27.2462,0.0
46065.0,3.885,49.5039,1.0561,110.8209,27.1955,0.0
46070.0,3.885,49.7476,1.0213,110.4157,27.0267,0.0
46075.0,3.885,49.6969,1.023,110.284,26.9528,0.0
46080.0,3.885,49.7929,1.0284,109.3532,27.0308,0.0
46085.0,3.885,49.8461,1.0485,110.2604,27.2022,0.0
46090.0,3.885,49.8788,1.05,110.4188,27.1882,0.0
46095.0,3.885,49.7423,1.0315,110.3317,27.3044,0.0
46100.0,3.885,50.7723,1.0484,110.0254,26.9031,0.0
46105.0,3.885,50.07,1.0431,110.523,27.228,0.0
46110.0,3.885,50.4382,1.0221,109.7003,27.0734,0.0
46115.0,3.885,50.3083,1.0503,110.1384,27.1035,0.0
46120.0,3.885,50.0905,1.0294,109.8694,27.4744,0.0
46125.0,3.885,49.7887,1.0569,109.7575,27.0571,0.0
46130.0,3.885,50.429,1.0262,110.0614,27.2303,0.0
46135.0,3.885,50.2713,1.0559,111.4719,27.0287,0.0
46140.0,3.885,50.4332,0.9961,108.7128,27.2639,0.0
46145.0,3.885,49.9641,1.0368,110.7222,27.0407,0.0
46150.0,3.885,50.2826,1.0385,110.7197,27.4884,0.0
46155.0,3.885,49.7951,1.0398,111.1491,27.1439,0.0
46160.0,3.885,49.3404,1.0308,110.7076,26.8479,0.0
46165.0,3.885,50.2157,1.046,110.5507,26.9428,0.0
46170.0,3.885,50.1351,1.0528,109.7051,26.8767,0.0
46175.0,3.885,49.4554,1.0459,110.2472,26.5482,0.0
46180.0,3.885,49.8207,1.0501,109.7724,26.9115,0.0
46185.0,3.885,49.9706,1.0368,111.0716,27.1031,0.0
46190.0,3.885,49.9675,1.0421,109.7271,26.8219,0.0
46195.0,3.885,50.1985,1.0575,111.6065,27.1545,0.0162
46200.0,3.885,49.8762,1.0269,110.2563,26.7616,0.0
46205.0,3.885,49.9921,1.0449,110.8148,26.6891,0.0
46210.0,3.885,50.3348,1.0523,110.6253,27.6777,0.0
46215.0,3.885,49.6442,1.0452,110.383,27.1842,0.0
46220.0,3.885,49.9852,1.0447,109.6629,27.1545,0.0
46225.0,3.885,49.5986,1.0503,111.389,26.5946,0.0
46230.0,3.885,50.01,1.0346,110.4722,27.1619,0.0
46235.0,3.885,50.2227,1.0456,109.3167,26.7283,0.0
46240.0,3.885,49.5533,1.037,110.6387,27.0548,0.0
46245.0,3.885,49.7262,1.0548,110.03,26.5648,0.0
46250.0,3.885,50.1199,1.0557,110.2245,27.255,0.0
46255.0,3.885,49.3074,1.0294,109.591,26.8279,0.0
46260.0,3.885,50.0456,1.0344,109.9772,26.943,0.0
46265.0,3.885,50.1211,1.0586,110.2206,27.3241,0.0
46270.0,3.885,50.4581,1.0256,109.8868,26.8735,0.0
46275.0,3.885,50.1757,1.056,110.3527,26.9749,0.0
46280.0,3.885,49.6756,1.0484,109.3482,26.6448,0.0001
46285.0,3.885,49.8181,1.052,109.9958,27.0004,0.0
46290.0,3.885,49.8852,1.063,110.2757,26.932,0.0
46295.0,3.885,49.4029,1.0579,110.3655,27.1638,0.0
46300.0,3.885,50.3017,1.0381,108.8119,26.9298,0.0
46305.0,3.885,49.9745,1.0323,109.8288,27.0698,0.0
46310.0,3.885,49.9039,1.0408,109.7291,26.7293,0.0
46315.0,3.885,50.1589,1.0402,109.4966,26.9076,0.0
46320.0,3.885,49.5881,1.0405,109.3085,26.7247,0.0
46325.0,3.885,50.213,1.0372,108.307,27.2669,0.0
46330.0,3.885,50.3504,1.0453,110.961,26.866,0.0
46335.0,3.885,50.0666,1.0603,111.2424,26.8955,0.0
46340.0,3.885,50.2175,1.0409,110.6305,26.7361,0.0
46345.0,3.885,49.8493,1.0434,109.6293,27.2209,0.0
46350.0,3.885,49.867,1.0532,110.4386,26.8006,0.0
46355.0,3.885,50.0759,1.0421,110.0503,26.4846,0.0
46360.0,3.885,49.8312,1.036,109.7341,26.8204,0.0
46365.0,3.885,49.8966,1.0538,109.5566,27.1429,0.0
46370.0,3.885,50.0624,1.0326,109.4796,27.3892,0.0
46375.0,3.885,50.5969,1.04,110.7227,26.7226,0.0
46380.0,3.885,50.3815,1.0541,109.1043,27.1369,0.0
46385.0,3.885,49.5196,1.068,111.9765,26.8649,0.0
46390.0,3.885,49.6306,1.0535,111.0694,27.2531,0.0
46395.0,3.885,50.0982,1.0341,109.3541,27.1619,0.0
46400.0,3.885,50.3725,1.064,110.6044,27.2526,0.0
46405.0,3.885,49.9712,1.0398,110.0876,27.3635,0.0
46410.0,3.885,50.2494,1.0582,110.4554,26.6313,0.0
46415.0,3.885,49.4855,1.0356,110.466,27.2621,0.0
46420.0,3.885,49.6861,1.0355,110.1059,26.1532,0.0
46425.0,3.885,50.3449,1.0278,109.7496,27.2368,0.0
46430.0,3.885,50.3744,1.0529,110.2114,27.0024,0.0
46435.0,3.885,50.1001,1.0492,109.4355,26.609,0.0
46440.0,3.885,50.115,1.0279,110.1863,26.6515,0.0
46445.0,3.885,50.1848,1.0264,109.9798,26.7741,0.0
46450.0,3.885,50.6747,1.0436,109.529,27.0306,0.0
46455.0,3.885,49.991,1.0548,111.6002,27.0715,0.0
46460.0,3.885,49.6713,1.0394,109.442,27.1258,0.0
46465.0,3.885,50.0192,1.068,109.8532,26.8736,0.0
46470.0,3.885,49.7826,1.0643,111.111,26.6801,0.0
46475.0,3.885,50.067,1.0449,111.3694,27.0738,0.0
46480.0,3.885,49.547,1.0322,109.5129,26.9434,0.0
46485.0,3.885,50.0551,1.0408,111.0288,27.136,0.0
46490.0,3.885,50.1359,1.049,110.9318,27.171,0.0
46495.0,3.885,49.5419,1.0223,110.5215,27.1234,0.0
46500.0,3.885,50.1459,1.0513,109.7617,27.2115,0.0
46505.0,3.885,49.9018,1.056,110.3118,27.2089,0.0
46510.0,3.885,50.1677,1.0429,109.0482,27.2265,0.0
46515.0,3.885,50.5138,1.0416,110.2606,26.7222,0.0
46520.0,3.885,49.7891,1.0576,110.3083,27.1457,0.0
46525.0,3.885,50.0905,1.0411,109.5806,26.9666,0.0
46530.0,3.885,50.5727,1.0327,110.5179,27.1743,0.0
46535.0,3.885,49.8695,1.0382,109.7835,26.7461,0.0
46540.0,3.885,49.2979,1.0547,109.635,26.9053,0.0
46545.0,3.885,50.2851,1.0148,109.9838,27.1275,0.0
46550.0,3.885,50.0768,1.0571,111.1355,27.1806,0.0
46555.0,3.885,50.2514,1.03,108.1668,26.9316,0.0
46560.0,3.885,49.9578,1.0457,110.1629,27.4513,0.0
46565.0,3.885,49.7487,1.0415,110.0903,27.1798,0.0
46570.0,3.885,49.7152,1.0445,109.2478,27.5136,0.0
46575.0,3.885,50.8704,1.0322,110.4841,26.8261,0.0
46580.0,3.885,49.8219,1.0357,109.2474,26.7942,0.0
46585.0,3.885,49.6,1.0533,111.1684,27.3981,0.0
46590.0,3.885,50.0423,1.0365,109.649,27.1903,0.0
46595.0,3.885,50.1406,1.0432,109.2154,27.3135,0.0
46600.0,3.885,49.8795,1.0388,110.2466,27.1064,0.0
46605.0,3.885,50.0631,1.0218,107.7778,27.1352,0.0
46610.0,3.885,50.6766,1.0443,109.5152,27.2988,0.0
46615.0,3.885,49.617,1.0431,111.1635,26.7281,0.0
46620.0,3.885,49.6216,1.0213,109.1817,26.5729,0.0
46625.0,3.885,50.0358,1.0403,108.3714,27.4757,0.0
46630.0,3.885,49.4434,1.0367,109.8034,27.2512,0.0
46635.0,3.885,49.613,1.0415,109.8185,26.9024,0.0
46640.0,3.885,50.1411,1.0625,111.2946,27.169,0.0
46645.0,3.885,50.5598,1.04,111.0277,27.1292,0.0
46650.0,3.885,50.0679,1.0527,110.4447,27.4534,0.0
46655.0,3.885,50.2984,1.0442,110.2379,26.811,0.0
46660.0,3.885,50.0666,1.0489,109.6606,27.0611,0.0
46665.0,3.885,49.9829,1.0513,110.3645,26.9265,0.0
46670.0,3.885,49.9705,1.0208,108.6316,27.0544,0.0
46675.0,3.885,50.3157,1.0554,110.2762,27.2828,0.0
46680.0,3.885,49.7056,1.045,110.2659,27.0156,0.0
46685.0,3.885,49.9728,1.0302,108.0014,26.7289,0.0
46690.0,3.885,50.0399,1.0402,109.1539,27.35,0.0
46695.0,3.885,49.7069,1.0306,109.2509,27.1051,0.0
46700.0,3.885,49.4559,1.043,109.909,27.6674,0.0
46705.0,3.885,49.9112,1.0389,109.6368,27.1364,0.0
46710.0,3.885,50.6658,1.0347,109.1802,27.3423,0.0
46715.0,3.885,49.747,1.0471,108.6675,26.834,0.0
46720.0,3.885,50.2933,1.0364,110.687,27.2208,0.0
46725.0,3.885,50.0008,1.0249,108.8008,27.354,0.0
46730.0,3.885,49.9125,1.0211,109.4723,27.2924,0.0
46735.0,3.885,50.1731,1.0363,110.4008,27.0582,0.0
46740.0,3.885,50.8718,1.0475,110.2401,26.8074,0.0
46745.0,3.885,50.1171,1.0621,109.4598,26.9559,0.0
46750.0,3.885,49.7179,1.0541,110.1168,27.2993,0.0
46755.0,3.885,50.1161,1.0531,111.0932,27.3439,0.0
46760.0,3.885,50.5999,1.0431,109.4646,26.967,0.0
46765.0,3.885,50.0668,1.0356,110.5576,26.97,0.0
46770.0,3.885,50.3573,1.0533,111.0606,27.3561,0.0
46775.0,3.885,50.1304,1.0179,108.8705,27.2228,0.0
46780.0,3.885,49.5651,1.0415,110.5482,27.8282,0.0
46785.0,3.885,49.7429,1.0447,110.5141,27.5257,0.0
46790.0,3.885,49.6184,1.0303,110.1704,27.4438,0.0
46795.0,3.885,50.1466,1.0624,111.4332,26.9927,0.0
46800.0,3.885,50.0821,1.0538,109.6057,27.326,0.0
46805.0,3.885,50.1457,1.0266,109.5303,27.2891,0.0
46810.0,3.885,50.1315,1.0335,109.3378,27.3742,0.0
46815.0,3.885,50.0932,1.05,109.7833,27.0293,0.0
46820.0,3.885,50.1795,1.0268,109.2689,27.4516,0.0
46825.0,3.885,50.1067,1.0393,110.0366,27.1781,0.0
46830.0,3.885,49.7216,1.01,109.4443,26.782,0.0
46835.0,3.885,50.1356,1.0448,110.8513,27.3622,0.0
46840.0,3.885,50.3397,1.0344,109.4346,27.2599,0.0
46845.0,3.885,49.9431,1.0372,109.2692,27.1891,0.0
46850.0,3.885,50.7691,1.0505,110.626,26.6344,0.0
46855.0,3.885,49.9204,1.0512,109.2324,27.1101,0.0
46860.0,3.885,50.1153,1.0219,108.7451,27.6127,0.0
46865.0,3.885,50.1328,1.0405,110.3532,27.5867,0.0
46870.0,3.885,50.0893,1.0441,111.0284,27.654,0.0
46875.0,3.885,50.5269,1.0572,109.4909,27.5985,0.0
46880.0,3.885,49.611,1.0252,109.3377,27.5487,0.0
46885.0,3.885,50.4444,1.0472,110.2914,27.1138,0.0
46890.0,3.885,50.1174,1.0579,111.5047,27.131,0.0
46895.0,3.885,49.3807,1.0253,110.2082,27.0168,0.0
46900.0,3.885,50.3664,1.0561,109.5576,27.3714,0.0
46905.0,3.885,50.0803,1.0353,109.7983,27.3176,0.0
46910.0,3.885,50.5568,1.035,111.3733,27.0685,0.0
46915.0,3.885,49.8421,1.0402,111.1846,27.9846,0.0
46920.0,3.885,50.2145,1.0646,110.8123,27.3145,0.0
46925.0,3.885,49.8611,1.0326,109.6801,27.4994,0.0
46930.0,3.885,49.8273,1.0518,109.2214,27.6394,0.0
46935.0,3.885,49.9436,1.0325,109.6527,27.2232,0.0
46940.0,3.885,49.539,1.0162,109.5811,26.966,0.0
46945.0,3.885,49.9854,1.0406,108.7611,27.7288,0.0
46950.0,3.885,50.1091,1.0395,110.5481,28.0299,0.0
46955.0,3.885,50.0871,1.0185,109.277,27.5421,0.0
46960.0,3.885,49.7893,1.0373,109.985,27.4331,0.0
46965.0,3.885,49.7609,1.0243,110.1739,27.6892,0.0
46970.0,3.885,50.4504,1.0099,109.35,27.4634,0.0
46975.0,3.885,50.0221,1.0348,109.9396,28.1863,0.0
46980.0,3.885,50.4895,1.0345,109.4677,27.8065,0.0
46985.0,3.885,49.4962,1.0293,109.6507,27.4884,0.0
46990.0,3.885,50.3727,1.0489,110.8261,28.0551,0.0
46995.0,3.885,49.8654,1.0513,110.0709,27.545,0.0
47000.0,3.885,50.7904,1.0467,109.9251,27.4776,0.0
47005.0,3.885,50.3935,1.0272,109.6549,27.5536,0.0
47010.0,3.885,50.2114,1.0538,109.0279,27.3067,0.0
47015.0,3.885,49.8862,1.0382,110.4196,27.5586,0.0
47020.0,3.885,49.8693,1.0612,111.2479,27.6285,0.0
47025.0,3.885,50.6422,1.0505,111.0812,27.3942,0.0
47030.0,3.885,50.2746,1.0363,111.3032,27.853,0.0
47035.0,3.885,50.0822,1.074,110.9886,27.4943,0.0
47040.0,3.885,49.9433,1.027,110.2605,27.5617,0.0
47045.0,3.885,49.9712,1.049,110.836,27.7669,0.0
47050.0,3.885,50.2071,1.0511,109.5091,27.6727,0.0
47055.0,3.885,49.6053,1.0634,111.4296,27.5713,0.0
47060.0,3.885,49.8623,1.0512,110.5265,28.0143,0.0
47065.0,3.885,49.9897,1.0384,110.13,27.8211,0.0
47070.0,3.885,49.8418,1.0679,111.2399,27.7774,0.0
47075.0,3.885,49.8491,1.0334,110.6724,27.8137,0.0
47080.0,3.885,50.178,1.025,109.7745,27.3566,0.0
47085.0,3.885,50.5465,1.0391,110.359,27.8893,0.0
47090.0,3.885,49.6312,1.0473,109.5135,27.7079,0.0
47095.0,3.885,50.2978,1.0241,109.342,27.8875,0.0
47100.0,3.885,50.2008,1.0165,109.0759,27.9179,0.0
47105.0,3.885,49.8702,1.0366,109.2999,27.8376,0.0
47110.0,3.885,49.8066,1.045,110.2476,28.1275,0.0
47115.0,3.885,49.6655,1.0513,110.7223,27.7962,0.0
47120.0,3.885,49.7723,1.0645,111.3777,27.4601,0.0
47125.0,3.885,50.1368,1.0398,110.2186,27.9099,0.0
47130.0,3.885,49.9707,1.0496,109.3925,27.688,0.0
47135.0,3.885,50.4138,1.0295,110.6606,27.4658,0.0
47140.0,3.885,49.4588,1.0216,109.7284,27.9446,0.0
47145.0,3.885,49.7214,1.031,108.5214,27.6034,0.0
47150.0,3.885,50.2704,1.0472,109.2084,28.3036,0.0
47155.0,3.885,49.7346,1.0572,109.5097,27.7343,0.0
47160.0,3.885,50.297,1.0352,108.5717,27.9273,0.0
47165.0,3.885,49.9477,1.0456,109.1481,27.9096,0.0
47170.0,3.885,49.4081,1.044,110.6358,27.6583,0.0
47175.0,3.885,50.4464,1.0446,109.1731,27.6937,0.0
47180.0,3.885,50.1752,1.0194,109.7859,28.1366,0.0
47185.0,3.885,50.143,1.0375,109.5292,27.8134,0.0
47190.0,3.885,49.4317,1.0526,110.9945,28.1558,0.0
47195.0,3.885,50.2161,1.0541,110.2899,27.819,0.0
47200.0,3.885,49.3184,1.0236,109.7248,27.9377,0.0
47205.0,3.885,50.4383,1.0396,109.5673,27.8284,0.0
47210.0,3.885,50.6353,1.0279,110.3913,28.1942,0.0
47215.0,3.885,49.6086,1.0434,109.6458,28.0829,0.0
47220.0,3.885,50.3303,1.0535,111.2131,28.1637,0.0
47225.0,3.885,49.2764,1.0337,109.4241,28.1212,0.0
47230.0,3.885,50.544,1.0387,109.7786,27.9921,0.0
47235.0,3.885,50.1857,1.0535,112.1665,28.0562,0.0
47240.0,3.885,50.4459,1.0352,109.0342,28.1137,0.0
47245.0,3.885,49.8098,1.0409,109.7636,27.7432,0.0
47250.0,3.885,50.0976,1.0564,111.9594,27.9014,0.0
47255.0,3.885,49.3816,1.0368,109.9181,28.2725,0.0
47260.0,3.885,49.9625,1.0572,110.4406,27.9215,0.0
47265.0,3.885,50.0509,1.0099,109.955,28.3371,0.0
47270.0,3.885,49.8172,1.0431,109.982,28.3643,0.0
47275.0,3.885,50.1349,1.0469,110.7094,27.9075,0.0
47280.0,3.885,49.8175,1.0274,108.7909,28.0988,0.0
47285.0,3.885,49.8374,1.0469,110.7302,27.9373,0.0
47290.0,3.885,49.8653,1.0213,108.9206,28.3886,0.0
47295.0,3.885,49.8716,1.0389,109.9202,27.9199,0.0
47300.0,3.885,50.0584,1.0325,109.4276,28.065,0.0
47305.0,3.885,50.212,1.0369,110.8173,27.9837,0.0
47310.0,3.885,50.4933,1.0433,111.5508,27.775,0.0
47315.0,3.885,49.9391,1.0555,111.5684,27.9384,0.0
47320.0,3.885,49.9776,1.0344,110.6563,27.9002,0.0
47325.0,3.885,49.3685,1.0296,108.2176,27.5839,0.0
47330.0,3.885,50.0365,1.0365,109.963,28.021,0.0
47335.0,3.885,50.2677,1.0403,110.7374,28.3644,0.0
47340.0,3.885,49.7351,1.0147,108.8024,28.4893,0.0
47345.0,3.885,49.6144,1.0597,111.2704,27.6762,0.0
47350.0,3.885,50.9516,1.0528,110.6099,28.248,0.0
47355.0,3.885,50.4719,1.0657,111.9002,28.306,0.0
47360.0,3.885,49.7228,1.0477,111.067,28.1362,0.0
47365.0,3.885,50.2025,1.0583,110.4074,28.1096,0.0
47370.0,3.885,50.2481,1.0377,109.3354,28.1413,0.0
47375.0,3.885,49.893,1.0497,110.2147,28.3545,0.0
47380.0,3.885,49.8161,1.0493,110.1418,28.2507,0.0
47385.0,3.885,49.7563,1.0326,110.2867,28.479,0.0
47390.0,3.885,50.0851,1.0381,110.5389,28.498,0.0
47395.0,3.885,49.3977,1.0198,109.2867,28.4967,0.0
47400.0,3.885,49.7777,1.0555,111.1414,28.4111,0.0
47405.0,3.885,50.2949,1.0229,108.0961,28.3252,0.0
47410.0,3.885,49.9901,1.0494,110.4694,28.4968,0.0
47415.0,3.885,49.763,1.0515,111.1176,28.239,0.0
47420.0,3.885,50.4118,1.051,110.7837,28.0746,0.0
47425.0,3.885,50.1256,1.0609,109.7347,28.197,0.0
47430.0,3.885,49.7056,1.0467,109.1925,28.7317,0.0
47435.0,3.885,49.6294,1.0339,109.6325,28.3594,0.0
47440.0,3.885,50.2588,1.0503,110.1105,27.9368,0.0
47445.0,3.885,49.923,1.0411,110.2112,28.4555,0.0
47450.0,3.885,49.7244,1.0423,109.1162,28.2195,0.0
47455.0,3.885,50.4002,1.0471,108.592,28.1355,0.0
47460.0,3.885,50.3315,1.022,109.7991,28.2309,0.0
47465.0,3.885,50.3364,1.0356,109.0831,28.1008,0.0
47470.0,3.885,50.3474,1.0458,109.5157,28.1402,0.0
47475.0,3.885,49.9969,1.0383,109.6329,28.2794,0.0
47480.0,3.885,50.1008,1.0328,108.8522,28.5503,0.0
47485.0,3.885,50.055,1.0453,110.5026,28.6439,0.0
47490.0,3.885,49.7941,1.0534,111.0316,28.2104,0.0
47495.0,3.885,49.8244,1.0342,108.2444,28.3049,0.0
47500.0,3.885,49.8703,1.0636,110.2689,28.6198,0.0
47505.0,3.885,50.4795,1.0528,110.9307,28.5213,0.0
47510.0,3.885,49.6199,1.043,110.3782,28.8085,0.0
47515.0,3.885,50.2493,1.0394,109.9279,28.5267,0.0
47520.0,3.885,50.24,1.0352,108.9268,28.2636,0.0
47525.0,3.885,49.6607,1.0362,109.9346,28.8734,0.0
47530.0,3.885,49.6923,1.0355,110.7183,28.0601,0.0
47535.0,3.885,49.9052,1.0534,110.3927,28.4233,0.0
47540.0,3.885,49.8808,1.024,109.7368,28.2258,0.0
47545.0,3.885,50.0817,1.035,110.5534,27.7506,0.0
47550.0,3.885,50.3532,1.0347,109.5419,28.2722,0.0
47555.0,3.885,50.0796,1.0495,110.7277,28.377,0.0
47560.0,3.885,50.2942,1.0258,109.2528,28.3297,0.0
47565.0,3.885,49.6419,1.0433,110.2168,28.5468,0.0
47570.0,3.885,50.2339,1.0549,110.4301,28.5866,0.0
47575.0,3.885,50.2878,1.0359,110.1696,28.3478,0.0
47580.0,3.885,49.8511,1.0405,108.0293,28.3394,0.0
47585.0,3.885,49.801,1.0757,112.4006,28.7123,0.0
47590.0,3.885,49.8251,1.0461,111.0738,28.2016,0.0
47595.0,3.885,49.6967,1.0456,109.4414,28.3966,0.0
47600.0,3.885,50.2947,1.0401,110.8156,28.536,0.0
47605.0,3.885,50.1927,1.025,110.1235,28.3368,0.0
47610.0,3.885,49.8712,1.0462,110.8226,28.3607,0.0
47615.0,3.885,49.9375,1.0385,109.1679,28.4072,0.0
47620.0,3.885,50.3933,1.0385,110.6156,28.4325,0.0
47625.0,3.885,50.2254,1.0292,110.6361,28.5154,0.0
47630.0,3.885,49.9126,1.0385,109.8428,28.3023,0.0
47635.0,3.885,49.9029,1.0293,109.4583,28.7715,0.0
47640.0,3.885,50.2723,1.0453,108.7539,28.2799,0.0
47645.0,3.885,49.6714,1.0327,109.7198,28.4145,0.0
47650.0,3.885,49.7568,1.0553,110.5004,28.7492,0.0
47655.0,3.885,50.1992,1.0372,110.619,28.7302,0.0
47660.0,3.885,49.6887,1.0361,108.702,28.703,0.0
47665.0,3.885,49.6597,1.0459,109.8032,28.2644,0.0
47670.0,3.885,50.0268,1.0528,109.9976,28.7208,0.0
47675.0,3.885,50.1262,1.0143,108.8242,28.6882,0.0
47680.0,3.885,50.0595,1.0474,111.3118,28.4788,0.0
47685.0,3.885,50.395,1.0443,110.832,28.3494,0.0
47690.0,3.885,49.8474,1.0515,110.7022,28.746,0.0
47695.0,3.885,50.1273,1.0219,108.5398,28.4627,0.0
47700.0,3.885,50.4053,1.0438,110.4263,28.7976,0.0
47705.0,3.885,49.8956,1.0531,110.5903,28.675,0.0
47710.0,3.885,50.0077,1.0348,111.2201,28.5863,0.0
47715.0,3.885,49.7937,1.0554,110.9916,28.4582,0.0
47720.0,3.885,50.5671,1.0481,110.119,28.4511,0.0
47725.0,3.885,49.9678,1.0518,109.7499,29.1147,0.0
47730.0,3.885,50.047,1.0539,110.2276,28.7018,0.0
47735.0,3.885,49.8212,1.027,109.1318,28.7423,0.0
47740.0,3.885,50.1818,1.0568,110.4983,29.004,0.0
47745.0,3.885,50.161,1.0493,111.5146,28.4874,0.0
47750.0,3.885,50.0095,1.0458,110.3352,28.689,0.0
47755.0,3.885,50.2185,1.0492,108.6608,29.285,0.0
47760.0,3.885,49.8672,1.0368,109.5292,28.5332,0.0
47765.0,3.885,50.3088,1.0484,109.8559,28.7866,0.0
47770.0,3.885,49.9353,1.0618,111.6932,28.7981,0.0
47775.0,3.885,50.1622,1.045,110.5072,28.8052,0.0
47780.0,3.885,50.0722,1.0439,110.0452,28.8376,0.0
47785.0,3.885,50.0332,1.0418,108.9943,28.5601,0.0
47790.0,3.885,50.1186,1.0417,109.8871,28.5963,0.0
47795.0,3.885,49.6359,1.0473,109.9179,28.3568,0.0
47800.0,3.885,50.3452,1.0422,110.1263,28.5703,0.0
47805.0,3.885,49.9925,1.0467,109.393,28.6381,0.0
47810.0,3.885,50.1558,1.0309,110.1463,28.6338,0.0
47815.0,3.885,49.6811,1.0346,109.3613,28.9463,0.0
47820.0,3.885,50.2128,1.0571,110.6895,28.1799,0.0
47825.0,3.885,49.8707,1.0309,108.3339,28.7451,0.0
47830.0,3.885,49.9624,1.0485,111.4074,28.1239,0.0
47835.0,3.885,50.543,1.0384,109.7938,28.4601,0.0
47840.0,3.885,49.8467,1.0165,108.2801,28.5057,0.0
47845.0,3.885,49.7859,1.0634,110.214,28.9425,0.0
47850.0,3.885,49.8427,1.0319,109.6916,28.8654,0.0
47855.0,3.885,48.981,1.0355,109.9693,28.3577,0.0
47860.0,3.885,50.0254,1.0531,111.5337,28.1626,0.0
47865.0,3.885,50.1828,1.018,109.0635,29.0639,0.0
47870.0,3.885,50.3719,1.0325,108.5175,28.5503,0.0
47875.0,3.885,50.2599,1.036,109.833,28.6506,0.0
47880.0,3.885,50.6455,1.0256,110.2663,28.3278,0.0
47885.0,3.885,49.7318,1.0407,109.2789,28.5777,0.0
47890.0,3.885,50.3981,1.0412,109.3326,28.5597,0.0
47895.0,3.885,49.6891,1.0137,109.0907,28.6017,0.0
47900.0,3.885,49.7296,1.0395,110.0227,28.6841,0.0
47905.0,3.885,49.8933,1.024,109.0822,29.013,0.0
47910.0,3.885,49.827,1.0625,110.4599,28.5076,0.0
47915.0,3.885,49.6424,1.0334,107.9885,28.7,0.0
47920.0,3.885,49.9775,1.0389,111.3941,28.864,0.0
47925.0,3.885,49.9118,1.0358,110.3077,28.3375,0.0
47930.0,3.885,50.0172,1.042,110.7157,28.2533,0.0
47935.0,3.885,49.9595,1.0543,110.8496,28.6403,0.0
47940.0,3.885,49.5347,1.0251,109.7121,29.2555,0.0
47945.0,3.885,49.6343,1.0367,110.3513,28.4117,0.0
47950.0,3.885,50.6014,1.061,110.7274,28.7588,0.0
47955.0,3.885,50.4084,1.0338,108.4393,29.0114,0.0
47960.0,3.885,50.5643,1.0579,111.2544,27.8606,0.0
47965.0,3.885,49.8428,1.0528,111.2593,28.0837,0.0
47970.0,3.885,50.2179,1.0539,110.0022,28.2188,0.0
47975.0,3.885,49.7607,1.04,109.4214,28.9592,0.0
47980.0,3.885,49.8314,1.0306,109.1458,28.5643,0.0
47985.0,3.885,50.238,1.021,109.5179,28.7493,0.0
47990.0,3.885,49.842,1.0431,109.4716,28.313,0.0
47995.0,3.885,49.9001,1.0398,109.2064,28.8827,0.0
48000.0,3.885,50.3767,1.0622,111.6066,28.7885,0.0
48005.0,3.885,49.7192,1.0337,110.0791,28.8017,0.0
48010.0,3.885,49.6991,1.0369,110.8937,28.1495,0.0
48015.0,3.885,50.3986,1.053,109.8818,28.7018,0.0
48020.0,3.885,50.3285,1.0379,109.5743,28.9942,0.0
48025.0,3.885,49.8353,1.0273,108.7921,28.7126,0.0
48030.0,3.885,50.2145,1.0317,111.0978,28.5621,0.0
48035.0,3.885,50.2896,1.0446,111.1905,28.4972,0.0
48040.0,3.885,49.768,1.0703,111.4254,28.8291,0.0
48045.0,3.885,49.7131,1.0452,109.7633,28.7147,0.0
48050.0,3.885,50.2169,1.0445,109.5577,28.4718,0.0
48055.0,3.885,50.4728,1.0378,109.5831,27.8962,0.0
48060.0,3.885,49.9485,1.0327,109.898,28.2586,0.0
48065.0,3.885,49.8248,1.0408,110.3296,28.3774,0.0
48070.0,3.885,49.9246,1.0194,109.218,28.5111,0.0
48075.0,3.885,49.516,1.0371,110.2595,28.5515,0.0
48080.0,3.885,50.2706,1.0554,109.7698,28.366,0.0
48085.0,3.885,50.0142,1.0306,109.359,28.266,0.0
48090.0,3.885,50.2976,1.0522,110.8199,28.3748,0.0
48095.0,3.885,49.9988,1.0484,109.2052,28.2957,0.0
48100.0,3.885,50.5252,1.0479,110.7127,28.7106,0.0
48105.0,3.885,49.9711,1.0344,109.3688,29.1639,0.0
48110.0,3.885,50.1451,1.0424,110.7366,28.5738,0.0
48115.0,3.885,50.4203,1.0459,111.4825,28.7808,0.0
48120.0,3.885,50.6049,1.0259,110.5866,28.6888,0.0
48125.0,3.885,49.9034,1.0553,109.8482,28.3265,0.0
48130.0,3.885,49.8728,1.0554,110.009,28.9366,0.0
48135.0,3.885,50.3617,1.0507,109.9614,28.6919,0.0
48140.0,3.885,49.9922,1.0388,110.9326,28.7453,0.0
48145.0,3.885,50.4177,1.0628,110.3736,28.9838,0.0
48150.0,3.885,49.597,1.0345,108.2481,28.9872,0.0
48155.0,3.885,49.7848,1.0401,108.4431,28.6839,0.0
48160.0,3.885,49.8471,1.041,109.3349,28.4911,0.0
48165.0,3.885,50.2971,1.051,109.8845,28.5525,0.0
48170.0,3.885,49.8482,1.044,109.5169,28.5514,0.0
48175.0,3.885,49.8447,1.0266,109.9827,28.4957,0.0
48180.0,3.885,50.1408,1.0563,109.9472,28.6423,0.0
48185.0,3.885,50.5121,1.0354,109.3415,28.4052,0.0
48190.0,3.885,50.1079,1.0403,109.1142,28.6334,0.0
48195.0,3.885,50.0775,1.0466,111.661,28.2616,0.0
48200.0,3.885,50.2224,1.0142,109.6901,28.3324,0.0
48205.0,3.885,49.9004,1.0565,110.5568,28.642,0.0
48210.0,3.885,50.3076,1.0579,110.571,28.9619,0.0
48215.0,3.885,49.9181,1.0501,110.4359,28.5706,0.0
48220.0,3.885,49.8538,1.0669,110.968,28.3782,0.0
48225.0,3.885,49.9411,1.061,109.8376,28.751,0.0
48230.0,3.885,49.9939,1.0165,108.6402,28.8693,0.0
48235.0,3.885,49.676,1.0464,109.4987,28.8942,0.0
48240.0,3.885,49.6406,1.0506,110.9786,28.5321,0.0
48245.0,3.885,49.4095,1.0485,110.2977,28.7619,0.0
48250.0,3.885,49.8848,1.0274,109.8723,28.5525,0.0
48255.0,3.885,50.0112,1.0672,112.3713,28.6093,0.0
48260.0,3.885,49.9819,1.0274,109.737,28.3395,0.0
48265.0,3.885,50.1005,1.0284,110.1734,27.7269,0.0
48270.0,3.885,50.6711,1.0349,110.4134,28.9565,0.0
48275.0,3.885,49.7798,1.0448,109.3227,28.262,0.0
48280.0,3.885,50.0454,1.0484,109.7882,28.8727,0.0
48285.0,3.885,49.773,1.0182,110.0618,28.7627,0.0
48290.0,3.885,50.6198,1.0653,111.3761,28.1562,0.0
48295.0,3.885,49.6,1.046,110.3821,28.3242,0.0
48300.0,3.885,49.8257,1.0375,109.6862,28.5839,0.0
48305.0,3.885,49.4305,1.0466,110.5079,28.018,0.0
48310.0,3.885,50.1222,1.0411,109.2228,27.8905,0.0
48315.0,3.885,49.9088,1.0406,109.7819,28.2801,0.0
48320.0,3.885,50.0194,1.0271,109.652,28.3571,0.0
48325.0,3.885,49.9133,1.0407,110.3965,28.3412,0.0
48330.0,3.885,50.5463,1.0273,109.9521,28.0723,0.0
48335.0,3.885,49.9583,1.0509,110.2523,28.3921,0.0
48340.0,3.885,50.216,1.0312,108.8006,28.5622,0.0
48345.0,3.885,50.4906,1.0469,110.8069,28.2202,0.0
48350.0,3.885,50.4008,1.0322,110.1413,28.263,0.0
48355.0,3.885,49.9187,1.0576,110.5996,28.2026,0.0
48360.0,3.885,50.2924,1.0406,110.3742,28.3106,0.0
48365.0,3.885,50.205,1.0515,110.2934,28.4626,0.0
48370.0,3.885,50.255,1.0198,108.9717,27.8037,0.0
48375.0,3.885,49.8341,1.0394,110.0805,28.401,0.0
48380.0,3.885,50.574,1.0404,109.3984,28.2893,0.0
48385.0,3.885,49.8774,1.0275,109.8934,28.167,0.0
48390.0,3.885,49.7532,1.0284,109.0752,28.2483,0.0
48395.0,3.885,50.8682,1.0307,110.2043,28.3258,0.0
48400.0,3.885,49.8669,1.049,110.4252,28.4578,0.0
48405.0,3.885,50.7229,1.0529,109.8681,27.8155,0.0
48410.0,3.885,49.5087,1.025,108.9905,28.0831,0.0
48415.0,3.885,50.1587,1.0401,110.3155,28.5443,0.0
48420.0,3.885,50.2214,1.024,109.2523,28.1587,0.0
48425.0,3.885,49.785,1.0376,109.3403,28.1675,0.0
48430.0,3.885,50.2769,1.0485,109.4416,28.1804,0.0
48435.0,3.885,50.1551,1.0556,110.3702,28.2809,0.0
48440.0,3.885,50.352,1.0361,109.5354,28.7305,0.0
48445.0,3.885,49.9626,1.0462,110.425,28.0742,0.0
48450.0,3.885,50.1935,1.0639,110.6926,28.331,0.0
48455.0,3.885,50.1108,1.0207,109.1601,28.1677,0.0
48460.0,3.885,50.0884,1.0584,111.1602,27.7442,0.0
48465.0,3.885,50.0556,1.0317,109.4661,27.6554,0.0
48470.0,3.885,49.9628,1.0632,111.5875,27.8055,0.0
48475.0,3.885,49.8383,1.0347,110.6192,28.2565,0.0
48480.0,3.885,49.6252,1.0636,112.2448,27.989,0.0
48485.0,3.885,50.2281,1.0257,110.1133,28.1469,0.0
48490.0,3.885,49.8154,1.063,111.6585,28.1323,0.0
48495.0,3.885,49.5182,1.0324,109.8355,27.8825,0.0
48500.0,3.885,50.0509,1.0366,110.3275,28.5256,0.0
48505.0,3.885,50.2446,1.0322,110.2126,28.1062,0.0
48510.0,3.885,50.5198,1.0466,108.9493,28.2464,0.0
48515.0,3.885,49.657,1.0417,110.2568,28.3117,0.0
48520.0,3.885,50.1727,1.0356,110.1479,27.866,0.0
48525.0,3.885,49.6401,1.0358,110.5322,28.0238,0.0
48530.0,3.885,49.7072,1.0436,110.9112,28.0143,0.0
48535.0,3.885,50.06,1.0382,109.6514,27.6957,0.0
48540.0,3.885,50.0181,1.0381,108.7878,27.9736,0.0
48545.0,3.885,49.8936,1.0502,110.1677,27.9499,0.0
48550.0,3.885,50.3622,1.0276,109.602,28.0689,0.0
48555.0,3.885,49.9942,1.0359,110.1354,27.8814,0.0
48560.0,3.885,49.9994,1.0311,108.2834,27.6203,0.0
48565.0,3.885,49.2606,1.0532,110.2747,27.646,0.0
48570.0,3.885,49.9402,1.0491,109.955,27.7624,0.0
48575.0,3.885,49.9801,1.0219,110.5167,27.6203,0.0
48580.0,3.885,50.1012,1.0494,110.0706,27.8934,0.0
48585.0,3.885,49.6545,1.0411,108.5778,28.0526,0.0
48590.0,3.885,49.7653,1.0204,108.3575,27.8905,0.0
48595.0,3.885,50.3833,1.0419,109.6241,28.2276,0.0
48600.0,3.885,49.6614,1.0415,110.0525,28.2728,0.0
48605.0,3.885,49.9297,1.0628,111.1855,27.8027,0.0
48610.0,3.885,49.3909,1.0533,109.4587,27.9342,0.0
48615.0,3.885,49.6083,1.0269,108.2643,27.8059,0.0
48620.0,3.885,50.154,1.0368,109.7723,28.1992,0.0
48625.0,3.885,50.3952,1.0325,108.7002,28.4255,0.0
48630.0,3.885,50.0893,1.0573,110.7032,28.2296,0.0
48635.0,3.885,50.0027,1.0499,108.4672,28.2153,0.0
48640.0,3.885,49.7497,1.0426,111.2814,28.2405,0.0
48645.0,3.885,50.5144,1.0407,110.0257,27.6027,0.0
48650.0,3.885,49.9921,1.041,109.9503,27.8744,0.0
48655.0,3.885,50.095,1.0334,108.964,27.6604,0.0
48660.0,3.885,50.0337,1.0666,111.9701,27.7761,0.0
48665.0,3.885,49.8632,1.0497,108.9257,27.687,0.0
48670.0,3.885,49.6115,1.0383,109.7512,28.1441,0.0
48675.0,3.885,49.9303,1.038,110.2893,28.1748,0.0
48680.0,3.885,49.6246,1.0436,110.2564,27.6704,0.0
48685.0,3.885,49.5695,1.0304,109.1417,27.8112,0.0
48690.0,3.885,50.3167,1.0383,108.7284,28.2489,0.0
48695.0,3.885,50.123,1.045,110.8753,27.4447,0.0
48700.0,3.885,50.3019,1.0523,109.7835,28.0286,0.0
48705.0,3.885,50.1684,1.0307,110.0671,27.6915,0.0
48710.0,3.885,50.1616,1.0264,109.8507,27.8187,0.0
48715.0,3.885,50.0501,1.0496,109.7467,28.3136,0.0
48720.0,3.885,50.0576,1.0424,109.4121,27.5262,0.0
48725.0,3.885,49.6686,1.0345,110.0907,28.1412,0.0
48730.0,3.885,50.1378,1.038,109.4759,28.0296,0.0
48735.0,3.885,50.2232,1.0529,108.822,28.0414,0.0
48740.0,3.885,50.278,1.0252,109.9389,27.9673,0.0
48745.0,3.885,49.4808,1.0665,112.2861,27.7928,0.0
48750.0,3.885,50.1336,1.0603,110.7646,28.1089,0.0
48755.0,3.885,50.4465,1.0481,109.6038,28.0969,0.0
48760.0,3.885,49.2538,1.0281,109.6775,27.4518,0.0
48765.0,3.885,49.8457,1.0388,109.8337,27.1307,0.0
48770.0,3.885,50.2215,1.0355,110.3113,27.5792,0.0
48775.0,3.885,50.4875,1.0301,109.5826,27.5025,0.0
48780.0,3.885,50.0374,1.0525,109.653,27.4013,0.0
48785.0,3.885,50.1132,1.0539,111.0878,27.9854,0.0
48790.0,3.885,49.7772,1.0202,108.2657,28.1984,0.0
48795.0,3.885,50.0939,1.0291,109.1915,27.8663,0.0
48800.0,3.885,49.6649,1.0498,110.9319,27.8409,0.0
48805.0,3.885,50.2597,1.0513,110.368,27.5642,0.0
48810.0,3.885,50.3434,1.0337,109.5139,28.1733,0.0
48815.0,3.885,50.0914,1.0717,110.681,27.2844,0.0
48820.0,3.885,50.5411,1.0261,108.6492,27.7586,0.0
48825.0,3.885,49.7691,1.0339,109.573,27.5742,0.0
48830.0,3.885,50.0228,1.0159,109.5279,27.8777,0.0
48835.0,3.885,49.8311,1.046,110.8936,27.668,0.0
48840.0,3.885,50.8973,1.0534,109.8947,27.7126,0.0
48845.0,3.885,49.7534,1.0404,110.8226,27.5653,0.0
48850.0,3.885,49.3086,1.0446,110.7239,27.671,0.0
48855.0,3.885,50.2579,1.0434,110.5265,27.5624,0.0
48860.0,3.885,50.2586,1.0461,109.6987,27.2479,0.0
48865.0,3.885,50.2415,1.0472,110.8751,27.9201,0.0
48870.0,3.885,49.6181,1.0628,110.3231,27.7531,0.0
48875.0,3.885,50.1827,1.055,111.1433,28.0086,0.0
48880.0,3.885,49.8878,1.0332,108.528,28.1228,0.0
48885.0,3.885,50.0099,1.0297,109.2439,27.8784,0.0
48890.0,3.885,49.9356,1.039,108.9266,27.2491,0.0
48895.0,3.885,49.5696,1.0608,110.577,27.7687,0.0
48900.0,3.885,50.2604,1.0416,109.1907,27.5675,0.0
48905.0,3.885,49.9442,1.0365,109.6799,28.0641,0.0
48910.0,3.885,50.1125,1.0553,110.0682,27.8801,0.0
48915.0,3.885,50.191,1.0426,109.2777,28.0725,0.0
48920.0,3.885,50.3419,1.0443,110.3002,27.2281,0.0
48925.0,3.885,49.8267,1.0363,108.5104,27.8167,0.0
48930.0,3.885,49.5078,1.0345,109.5566,27.442,0.0
48935.0,3.885,50.1756,1.0441,110.3626,27.563,0.0
48940.0,3.885,50.0337,1.0376,110.1979,27.4086,0.0
48945.0,3.885,50.0946,1.0266,109.6299,27.521,0.0
48950.0,3.885,50.1119,1.0302,109.6253,27.5851,0.0
48955.0,3.885,50.625,1.0115,108.9446,27.6118,0.0
48960.0,3.885,49.9825,1.0375,110.5154,27.4479,0.0
48965.0,3.885,49.9306,1.0474,109.7517,27.2885,0.0
48970.0,3.885,49.9803,1.0353,109.247,27.8125,0.0
48975.0,3.885,50.4505,1.0417,109.9717,27.1992,0.0
48980.0,3.885,49.4975,1.0415,110.4291,27.5872,0.0
48985.0,3.885,49.7932,1.0305,109.0169,27.7434,0.0
48990.0,3.885,50.0174,1.0456,111.3543,27.6987,0.0
48995.0,3.885,49.9327,1.0534,110.067,27.7535,0.0
49000.0,3.885,50.3207,1.0575,110.8453,27.5039,0.0
49005.0,3.885,50.0089,1.0585,110.7657,27.5483,0.0
49010.0,3.885,50.3214,1.0482,110.0776,27.5212,0.0
49015.0,3.885,49.9307,1.0642,110.4307,28.0105,0.0
49020.0,3.885,49.4634,1.0246,107.0783,27.4977,0.0
49025.0,3.885,50.4861,1.0325,108.4478,27.5191,0.0
49030.0,3.885,50.3051,1.029,110.3999,27.4395,0.0
49035.0,3.885,49.8245,1.0535,110.1282,27.7975,0.0
49040.0,3.885,49.8479,1.0492,110.571,27.3459,0.0
49045.0,3.885,50.0433,1.058,111.0157,27.7718,0.0
49050.0,3.885,49.5894,1.0479,109.8213,27.6999,0.0
49055.0,3.885,50.6153,1.0561,110.8578,27.0781,0.0
49060.0,3.885,49.7686,1.0576,110.1695,27.4407,0.0
49065.0,3.885,50.0457,1.0406,111.0955,27.5657,0.0
49070.0,3.885,49.5256,1.0646,110.8789,27.2615,0.0
49075.0,3.885,50.0659,1.0831,112.5588,27.586,0.0
49080.0,3.885,50.1765,1.0444,110.153,27.445,0.0
49085.0,3.885,49.8366,1.0558,110.3987,27.1339,0.0
49090.0,3.885,50.4123,1.041,109.8215,27.3873,0.0
49095.0,3.885,49.6491,1.0385,109.6004,27.3391,0.0
49100.0,3.885,50.1037,1.0427,111.1862,27.4753,0.0
49105.0,3.885,50.2865,1.0443,110.4313,27.9418,0.0
49110.0,3.885,49.6771,1.0391,110.4597,27.2008,0.0
49115.0,3.885,49.4523,1.0624,112.4726,27.568,0.0
49120.0,3.885,49.9117,1.0566,111.3167,27.6325,0.0
49125.0,3.885,49.9119,1.0488,109.8448,27.1817,0.0
49130.0,3.885,50.4008,1.0286,109.9017,27.2976,0.0
49135.0,3.885,49.8687,1.031,108.8318,27.8183,0.0
49140.0,3.885,49.7969,1.043,110.1631,27.2747,0.0
49145.0,3.885,49.9546,1.0383,109.4933,27.2343,0.0
49150.0,3.885,50.4171,1.0442,110.5373,27.4488,0.0
49155.0,3.885,49.4985,1.0367,110.0615,27.3084,0.0
49160.0,3.885,49.8438,1.0482,110.9593,27.2403,0.0
49165.0,3.885,49.5888,1.0468,109.8231,27.303,0.0
49170.0,3.885,49.8971,1.0155,107.6193,27.2599,0.0
49175.0,3.885,50.2657,1.0227,109.1001,27.4276,0.0
49180.0,3.885,49.373,1.0285,108.1764,27.0027,0.0
49185.0,3.885,50.0431,1.0291,109.2871,27.3481,0.0
49190.0,3.885,49.6667,1.038,110.5125,27.3416,0.0
49195.0,3.885,50.1949,1.0296,109.2159,27.1495,0.0
49200.0,3.885,50.0872,1.046,108.9938,27.1559,0.0
49205.0,3.885,50.4566,1.0322,109.2529,27.2806,0.0
49210.0,3.885,50.1205,1.0106,108.5557,27.3599,0.0
49215.0,3.885,49.8277,1.0422,109.3376,27.143,0.0
49220.0,3.885,50.2936,1.0497,109.9841,27.0356,0.0
49225.0,3.885,50.2018,1.0479,109.2632,27.4118,0.0
49230.0,3.885,49.615,1.0438,110.7457,27.1554,0.0
49235.0,3.885,49.9881,1.0286,109.6122,27.2485,0.0
49240.0,3.885,50.2567,1.0288,110.0003,27.1382,0.0
49245.0,3.885,50.1773,1.0673,110.7956,27.1111,0.0
49250.0,3.885,50.5016,1.0387,110.2144,27.4687,0.0
49255.0,3.885,50.2901,1.0671,110.4846,27.5991,0.0
49260.0,3.885,50.0487,1.0415,110.119,27.2986,0.0
49265.0,3.885,50.065,1.046,109.6732,27.7778,0.0
49270.0,3.885,49.4482,1.0502,109.8946,27.4136,0.0
49275.0,3.885,50.5131,1.0297,110.6835,27.4006,0.0
49280.0,3.885,50.9709,1.0341,109.7682,27.36,0.0
49285.0,3.885,49.5929,1.0423,109.7416,27.5998,0.0
49290.0,3.885,49.5632,1.0487,110.7044,27.141,0.0
49295.0,3.885,50.0115,1.0542,109.6912,27.1552,0.0
49300.0,3.885,49.3339,1.0583,110.688,26.963,0.0
49305.0,3.885,50.327,1.0424,111.2306,27.3723,0.0
49310.0,3.885,50.2577,1.0548,111.351,26.8411,0.0
49315.0,3.885,49.4593,1.0454,109.4158,27.4288,0.0
49320.0,3.885,49.8852,1.0523,110.1792,27.3365,0.0
49325.0,3.885,50.0293,1.038,110.3805,27.0223,0.0
49330.0,3.885,49.5219,1.0324,109.299,27.4533,0.0
49335.0,3.885,50.1867,1.0462,110.8203,27.827,0.0
49340.0,3.885,49.7764,1.0551,110.2156,27.0747,0.0
49345.0,3.885,49.8524,1.0578,111.5274,27.111,0.0
49350.0,3.885,49.9044,1.0157,109.3312,27.3873,0.0
49355.0,3.885,49.955,1.0401,110.2708,27.1787,0.0
49360.0,3.885,50.0409,1.0355,110.2173,27.3678,0.0
49365.0,3.885,50.0538,1.0574,110.2016,27.1543,0.0
49370.0,3.885,49.6831,1.0283,109.8304,27.1248,0.0
49375.0,3.885,49.8349,1.0503,109.7726,27.0588,0.0
49380.0,3.885,50.2798,1.0321,108.4959,27.2338,0.0
49385.0,3.885,50.1487,1.0454,111.0486,26.819,0.0
49390.0,3.885,49.952,1.0024,108.777,27.2956,0.0
49395.0,3.885,49.6806,1.0472,110.1809,27.1912,0.0
49400.0,3.885,49.9102,1.0347,109.9403,27.2561,0.0
49405.0,3.885,50.4194,1.0399,109.8034,27.6225,0.0
49410.0,3.885,49.9615,1.0547,110.996,27.7386,0.0
49415.0,3.885,49.8515,1.0505,109.0568,27.3433,0.0
49420.0,3.885,50.1841,1.0401,109.9685,27.0523,0.0
49425.0,3.885,50.1853,1.0331,108.7939,27.4797,0.0
49430.0,3.885,49.1794,1.0507,109.7419,27.4249,0.0
49435.0,3.885,50.134,1.0455,109.9893,27.2393,0.0
49440.0,3.885,50.9041,1.0605,111.3112,26.7867,0.0
49445.0,3.885,50.1436,1.0356,109.1336,27.5109,0.0
49450.0,3.885,50.3513,1.0458,110.9359,27.1373,0.0
49455.0,3.885,50.0651,1.0368,109.6531,27.2526,0.0
49460.0,3.885,50.1665,1.0506,110.9743,27.4812,0.0
49465.0,3.885,49.6883,1.0514,109.8589,27.4044,0.0
49470.0,3.885,49.7629,1.0384,110.9783,27.3675,0.0
49475.0,3.885,50.3735,1.0514,109.6533,27.07,0.0
49480.0,3.885,50.3645,1.0393,108.8627,27.1097,0.0
49485.0,3.885,49.8795,1.0386,110.6464,27.2733,0.0
49490.0,3.885,49.8785,1.0401,109.4359,27.4639,0.0
49495.0,3.885,50.2699,1.0484,110.4109,27.8419,0.0
49500.0,3.885,49.7645,1.0544,109.8743,27.3992,0.0
49505.0,3.885,50.1578,1.0353,109.2637,26.9739,0.0
49510.0,3.885,50.0834,1.0393,109.8862,27.2107,0.0
49515.0,3.885,50.2398,1.0451,110.1144,27.3057,0.0
49520.0,3.885,49.6777,1.0505,110.1846,27.401,0.0
49525.0,3.885,49.9757,1.0419,110.6261,27.5657,0.0
49530.0,3.885,50.2932,1.0465,110.1724,27.3935,0.0
49535.0,3.885,50.1096,1.0591,110.1094,27.4107,0.0
49540.0,3.885,50.0313,1.0516,110.9636,27.0304,0.0
49545.0,3.885,49.9294,1.0227,109.0875,27.3211,0.0
49550.0,3.885,49.2588,1.0474,110.8336,27.4991,0.0
49555.0,3.885,49.4869,1.0413,110.8703,27.1822,0.0
49560.0,3.885,50.5467,1.0528,110.7527,27.3703,0.0
49565.0,3.885,49.8682,1.0305,108.9356,27.0826,0.0
49570.0,3.885,50.039,1.0348,109.5882,27.6868,0.0
49575.0,3.885,49.6436,1.0379,109.7354,27.3512,0.0
49580.0,3.885,50.1435,1.062,110.6981,27.1749,0.0
49585.0,3.885,50.1054,1.0385,109.9347,27.2925,0.0
49590.0,3.885,49.6043,1.051,110.1396,26.9091,0.0
49595.0,3.885,49.6299,1.0522,110.862,27.8978,0.0
49600.0,3.885,50.1994,1.0375,110.8983,27.2114,0.0
49605.0,3.885,49.783,1.0417,110.1097,27.3374,0.0
49610.0,3.885,50.0525,1.0421,110.3195,27.2032,0.0
49615.0,3.885,50.2417,1.0458,110.4964,27.5387,0.0
49620.0,3.885,50.2135,1.0206,109.5697,27.5486,0.0
49625.0,3.885,50.1196,1.0407,109.8623,27.1072,0.0
49630.0,3.885,50.5089,1.0438,110.7581,27.7118,0.0
49635.0,3.885,50.1329,1.047,109.8896,27.3688,0.0
49640.0,3.885,49.8554,1.035,109.1287,26.9896,0.0
49645.0,3.885,49.6826,1.0448,109.4042,27.3644,0.0
49650.0,3.885,50.452,1.0267,108.8282,27.6421,0.0
49655.0,3.885,49.7375,1.0474,110.2676,27.2521,0.0
49660.0,3.885,50.7656,1.0474,110.0547,27.0684,0.0
49665.0,3.885,49.9103,1.0279,108.8379,27.3891,0.0
49670.0,3.885,49.9352,1.0627,111.4678,27.2601,0.0
49675.0,3.885,50.0946,1.0308,110.1886,27.3382,0.0
49680.0,3.885,50.7864,1.0196,109.1634,27.4111,0.0
49685.0,3.885,50.3384,1.0342,110.2357,27.4346,0.0
49690.0,3.885,49.9005,1.0113,109.7631,27.1794,0.0
49695.0,3.885,49.8768,1.0405,111.1168,26.8687,0.0
49700.0,3.885,50.0616,1.0447,108.9992,27.4789,0.0
49705.0,3.885,49.9645,1.0482,110.3613,27.6335,0.0
49710.0,3.885,50.1912,1.0513,109.8693,27.9781,0.0
49715.0,3.885,50.3679,1.0214,109.4743,27.2751,0.0
49720.0,3.885,49.8979,1.0273,109.1836,27.2605,0.0
49725.0,3.885,49.7384,1.0417,110.1526,27.6233,0.0
49730.0,3.885,49.6391,1.0222,109.8728,27.226,0.0
49735.0,3.885,49.8676,1.0245,109.898,27.5581,0.0
49740.0,3.885,50.2604,1.0435,109.9782,27.551,0.0
49745.0,3.885,49.8795,1.0278,110.0144,27.6909,0.0
49750.0,3.885,50.2311,1.0383,109.8264,26.9504,0.0
49755.0,3.885,50.2005,1.0358,109.304,27.4773,0.0
49760.0,3.885,50.0836,1.0581,110.3318,27.6,0.0
49765.0,3.885,50.0498,1.0406,110.3842,27.335,0.0
49770.0,3.885,49.9394,1.031,109.946,27.4851,0.0
49775.0,3.885,50.3496,1.0347,110.2898,27.1581,0.0
49780.0,3.885,49.5918,1.0332,109.2008,27.1291,0.0
49785.0,3.885,49.633,1.0476,110.8286,27.9428,0.0
49790.0,3.885,50.0628,1.0515,110.3262,27.1408,0.0
49795.0,3.885,49.7324,1.0452,110.265,27.0784,0.0
49800.0,3.885,50.2885,1.0531,110.2462,27.5855,0.0
49805.0,3.885,49.9082,1.0243,109.517,27.0928,0.0
49810.0,3.885,49.3987,1.035,108.9572,27.3517,0.0
49815.0,3.885,50.2502,1.0472,109.2561,27.7379,0.0
49820.0,3.885,49.8873,1.0641,110.6261,26.8954,0.0
49825.0,3.885,49.9766,1.0303,110.6733,27.2583,0.0
49830.0,3.885,49.9513,1.0494,109.4634,27.1038,0.0
49835.0,3.885,50.2203,1.042,109.1651,27.3226,0.0
49840.0,3.885,50.2882,1.0324,109.9155,27.8957,0.0
49845.0,3.885,50.0873,1.0423,110.0322,27.5693,0.0
49850.0,3.885,49.973,1.0584,110.1869,27.3017,0.0
49855.0,3.885,50.2324,1.034,111.1615,27.8946,0.0
49860.0,3.885,50.4276,1.027,108.3054,28.027,0.0
49865.0,3.885,50.2402,1.0234,109.8558,27.5506,0.0
49870.0,3.885,50.1151,1.0309,109.6647,27.4291,0.0
49875.0,3.885,49.7647,1.0327,108.7408,27.6651,0.0
49880.0,3.885,50.5574,1.0658,110.5472,27.5375,0.0
49885.0,3.885,50.3811,1.0404,109.7379,27.1528,0.0
49890.0,3.885,49.9435,1.0406,109.1778,27.5728,0.0
49895.0,3.885,50.1789,1.0356,110.9999,27.7683,0.0
49900.0,3.885,49.6485,1.0307,109.1902,27.806,0.0
49905.0,3.885,50.0757,1.0199,108.2125,27.6692,0.0
49910.0,3.885,50.0937,1.0299,108.1593,27.775,0.0
49915.0,3.885,50.0253,1.0419,110.6288,27.2932,0.0
49920.0,3.885,50.0156,1.0243,109.1942,27.229,0.0
49925.0,3.885,49.6339,1.0392,110.1172,27.5308,0.0
49930.0,3.885,50.2685,1.0339,109.0516,27.1604,0.0
49935.0,3.885,49.8275,1.0603,111.444,27.9928,0.0
49940.0,3.885,49.7205,1.0582,111.4077,27.8689,0.0
49945.0,3.885,50.2543,1.0584,111.3559,27.2934,0.0
49950.0,3.885,49.9427,1.0367,110.4895,27.5341,0.0
49955.0,3.885,50.017,1.0591,110.4187,27.5938,0.0
49960.0,3.885,49.7092,1.0341,109.7314,27.2236,0.0
49965.0,3.885,50.0604,1.0587,110.6785,27.9596,0.0
49970.0,3.885,49.8149,1.0444,110.5713,27.328,0.0
49975.0,3.885,49.809,1.0555,111.1658,27.7902,0.0
49980.0,3.885,50.3334,1.0487,108.234,27.4102,0.0
49985.0,3.885,50.2699,1.0421,109.5834,27.6156,0.0
49990.0,3.885,50.4968,1.0462,109.9003,28.0998,0.0
49995.0,3.885,50.6086,1.059,111.7772,27.4098,0.0
