timestamp,dac,voltage,current,rpm,temperature,do
0.0,3.8343,49.1656,1.0123,107.5914,29.928,5.4522
5.0,3.8362,48.7728,1.0123,106.8717,29.6317,5.5644
10.0,3.8399,49.3325,1.0232,106.5614,30.3253,5.737
15.0,3.8429,49.1293,1.0253,107.1907,29.9979,5.5239
20.0,3.8255,49.09,1.0402,107.3397,29.8056,5.6036
25.0,3.8398,49.1169,1.0227,106.8048,29.85,5.4841
30.0,3.8021,49.1877,1.0054,106.1562,29.8306,5.6866
35.0,3.8432,48.7558,1.0044,106.2053,29.5665,5.4401
40.0,3.8161,48.4952,1.0143,106.4825,29.7799,5.7035
45.0,3.8183,48.951,0.9966,104.8751,29.9082,5.6812
50.0,3.858,48.9896,1.0194,106.3796,29.9488,5.4856
55.0,3.8186,49.0911,1.0347,107.6361,30.0035,5.6792
60.0,3.835,48.8373,1.0089,105.6893,29.763,5.5764
65.0,3.8363,49.1714,1.0129,108.0043,29.3928,5.3227
70.0,3.8402,48.8183,1.0356,106.6514,29.7492,5.4887
75.0,3.8522,48.8845,1.0286,108.3021,30.248,5.3056
80.0,3.8196,49.4266,1.0252,106.4989,30.0326,5.5165
85.0,3.8449,48.9834,1.028,108.264,29.8266,5.4577
90.0,3.8317,49.3872,1.0162,108.3335,29.6093,5.4643
95.0,3.8463,49.305,1.0248,108.6314,29.869,5.4391
100.0,3.8473,48.6128,1.0118,107.7497,29.5416,5.3366
105.0,3.8262,48.582,1.0021,106.0275,29.6896,5.7376
110.0,3.852,49.2792,1.0585,109.2039,29.8523,5.3382
115.0,3.8473,48.9348,1.0258,109.1538,29.733,5.404
120.0,3.852,48.9236,1.0126,107.3427,30.0875,5.4161
125.0,3.8346,49.0138,1.0293,107.9343,29.6273,5.4932
130.0,3.8527,49.6409,1.0319,108.3518,29.6735,5.2762
135.0,3.844,49.3907,1.0197,107.7281,29.709,5.2934
140.0,3.8397,49.2049,1.0179,107.3534,29.6122,5.449
145.0,3.8431,49.6869,1.0326,106.412,29.8804,5.4353
150.0,3.8265,48.7331,1.0253,107.7461,29.482,5.5089
155.0,3.8523,49.6959,1.015,108.9861,30.0971,5.398
160.0,3.8243,48.7887,1.0174,105.9679,29.9235,5.513
165.0,3.8159,48.7756,1.0194,105.2645,30.0039,5.7549
170.0,3.8442,49.3833,1.019,108.3249,29.8549,5.2693
175.0,3.8369,48.7265,1.0287,106.8626,29.8049,5.4117
180.0,3.8478,49.1178,1.0335,107.3923,30.1375,5.4325
185.0,3.8626,49.5149,1.0291,108.3521,29.823,5.2375
190.0,3.8742,49.6271,1.0358,108.0251,30.1209,5.2578
195.0,3.8445,49.243,0.9926,106.6579,29.9207,5.3089
200.0,3.846,48.8113,1.0113,107.1679,29.9236,5.3346
205.0,3.8393,48.757,1.0434,108.9555,29.9856,5.3567
210.0,3.8477,49.6997,1.0397,110.94,29.9756,5.2459
215.0,3.8283,49.4992,1.0158,105.7613,29.5855,5.4793
220.0,3.8157,49.3251,1.0336,106.9071,29.9726,5.5286
225.0,3.8389,49.2384,1.0376,106.1925,29.8447,5.5211
230.0,3.8572,49.7857,1.0448,106.3563,29.9838,5.5075
235.0,3.8256,48.9558,1.033,106.6052,29.4275,5.5752
240.0,3.839,49.5022,1.031,108.2342,29.6607,5.5685
245.0,3.8477,49.4282,1.0299,108.414,29.9724,5.3611
250.0,3.8321,48.7114,1.0072,105.5624,30.3024,5.5708
255.0,3.835,48.8295,1.0307,107.6206,30.0338,5.4803
260.0,3.8269,48.9777,1.0099,105.3425,29.6231,5.6162
265.0,3.8241,49.2321,1.004,104.8156,29.544,5.5845
270.0,3.7753,47.9441,0.9852,100.7469,30.1805,5.9001
275.0,3.8524,49.5915,1.0433,108.4888,29.7662,5.1357
280.0,3.8371,49.3772,1.0368,106.6373,29.9433,5.4758
285.0,3.8082,48.6512,0.999,105.483,29.9776,5.8373
290.0,3.8519,49.5457,1.0241,108.7064,29.9421,5.3962
295.0,3.8353,48.9577,1.0095,107.3572,30.4527,5.5155
300.0,3.8581,49.4243,1.0339,107.799,29.8835,5.361
305.0,3.8166,48.8367,1.0074,105.3611,29.7437,5.8714
310.0,3.8596,48.9713,1.0435,107.953,29.8785,5.2792
315.0,3.8195,49.0207,1.0249,105.2645,29.6371,5.6714
320.0,3.8431,49.8961,0.9967,106.0185,30.001,5.5296
325.0,3.7977,49.1373,1.0269,107.9891,29.7663,5.6915
330.0,3.856,49.5321,1.0383,108.8295,29.9203,5.0982
335.0,3.8448,48.8424,1.0203,107.3012,30.0725,5.4385
340.0,3.8628,49.1547,1.0355,109.0394,30.204,5.2781
345.0,3.8414,49.2463,1.0449,106.7392,30.0044,5.3665
350.0,3.8244,48.5152,1.013,105.0902,29.542,5.4757
355.0,3.8622,49.3224,1.0121,107.331,29.491,5.3833
360.0,3.852,49.6865,1.0259,106.7776,30.2408,5.4002
365.0,3.8054,49.2243,1.0072,104.3902,29.6716,5.7257
370.0,3.8618,49.1238,1.0162,107.8585,29.6386,5.3241
375.0,3.8354,48.7967,1.0176,107.7297,29.5991,5.3334
380.0,3.8481,49.7795,1.0194,108.4516,30.0882,5.1911
385.0,3.8533,49.661,1.0234,108.7819,29.5414,5.1934
390.0,3.8448,49.9171,1.0332,106.9164,29.8119,5.3316
395.0,3.8319,49.0452,1.012,107.0843,29.6466,5.48
400.0,3.8459,49.3975,1.0372,108.479,29.5408,5.297
405.0,3.842,49.3231,1.0229,108.0286,29.5398,5.3979
410.0,3.8464,49.4227,1.0131,106.5581,29.4864,5.5349
415.0,3.8431,48.9967,1.0028,106.4754,29.7345,5.5115
420.0,3.8267,49.3092,0.9968,105.4545,29.8453,5.5465
425.0,3.8444,49.1408,1.0198,108.0954,29.655,5.5845
430.0,3.8536,49.5744,1.0238,107.934,29.3582,5.3606
435.0,3.8441,49.4494,1.0438,107.8863,30.1574,5.3922
440.0,3.8258,49.6153,1.0279,106.0353,29.5061,5.5377
445.0,3.8465,49.0794,1.0425,108.3392,29.9696,5.2409
450.0,3.8358,48.8655,1.0277,107.5344,29.6298,5.4536
455.0,3.8194,49.4931,1.039,107.9838,30.0664,5.4646
460.0,3.8464,49.0362,1.0479,108.6242,30.0857,5.3792
465.0,3.8444,48.6688,1.0373,107.3282,29.6561,5.4789
470.0,3.8535,48.8471,1.0508,107.6243,29.3166,5.26
475.0,3.8413,49.7555,0.9982,106.6373,29.9781,5.3516
480.0,3.8477,48.886,1.0042,106.2859,30.2923,5.503
485.0,3.8247,48.6414,1.0211,105.5601,29.8727,5.629
490.0,3.8522,49.5271,1.0372,106.8587,29.7266,5.4631
495.0,3.8507,49.3914,1.0243,107.7519,30.1695,5.4557
500.0,3.8297,48.513,1.0318,107.1075,29.9342,5.616
505.0,3.8686,49.5678,1.0563,110.5548,29.5527,5.0576
510.0,3.8289,49.2862,1.038,108.5093,29.6001,5.3964
515.0,3.8679,49.4755,1.0351,108.8108,29.9455,5.1286
520.0,3.8518,49.8103,1.0339,108.5074,29.6779,5.0469
525.0,3.8443,48.7647,1.0153,106.5528,30.0973,5.3736
530.0,3.8282,48.5546,1.0134,106.3974,29.6344,5.5926
535.0,3.8208,48.4386,0.9951,105.5091,29.9219,5.6362
540.0,3.8516,48.9512,1.0245,107.8727,29.8279,5.4079
545.0,3.8519,49.2484,1.0275,107.5389,29.7595,5.3254
550.0,3.8282,49.0854,1.0318,106.8021,30.0487,5.6252
555.0,3.8401,49.6214,1.03,109.212,29.9338,5.4969
560.0,3.8463,48.764,1.0412,108.1442,29.4554,5.3331
565.0,3.8416,49.2207,0.996,106.0025,29.8635,5.4293
570.0,3.8389,49.2795,1.0261,106.8681,30.1933,5.3976
575.0,3.832,49.9334,1.0118,106.1407,29.7974,5.4943
580.0,3.8578,49.3592,1.0192,107.5568,29.7819,5.2576
585.0,3.8179,48.56,0.9969,105.903,29.5591,5.6491
590.0,3.8629,49.8498,1.0158,107.0762,29.7825,5.3282
595.0,3.8205,49.0244,0.9961,105.3119,29.9075,5.539
600.0,3.8413,49.6243,1.0118,107.314,29.5335,5.3512
605.0,3.8542,49.4816,1.0138,106.6853,29.3265,5.3281
610.0,3.819,49.0829,1.0297,104.7104,29.6178,5.5655
615.0,3.8473,49.2685,1.0237,108.2906,29.3265,5.5252
620.0,3.8515,49.1851,1.0436,107.487,29.9338,5.3589
625.0,3.859,49.2608,1.0256,108.569,29.6828,5.3787
630.0,3.8039,48.8146,1.0203,105.3763,29.3577,5.667
635.0,3.8287,48.5383,1.015,105.8039,29.7023,5.5417
640.0,3.8345,50.2341,1.015,108.7293,29.7482,5.5027
645.0,3.8026,48.6197,1.0058,105.8195,29.9232,5.7381
650.0,3.8207,49.7777,1.0094,107.1017,29.82,5.5636
655.0,3.8131,48.7284,0.9913,104.443,30.1697,5.5941
660.0,3.8291,49.3645,1.0176,107.5685,29.5967,5.6097
665.0,3.8155,48.9119,1.0183,106.0518,29.6632,5.599
670.0,3.8298,49.2175,1.0164,106.3948,29.7845,5.5266
675.0,3.8433,48.7491,1.0368,107.024,29.6545,5.3588
680.0,3.835,48.804,1.027,106.6153,29.7003,5.5606
685.0,3.8312,48.8689,1.0161,107.5364,29.7744,5.57
690.0,3.8468,49.3875,1.0404,106.5498,30.0702,5.5422
695.0,3.8272,48.8586,1.0177,107.3176,29.4348,5.5588
700.0,3.8272,49.0804,1.0217,106.2103,29.5432,5.4234
705.0,3.8322,49.2328,1.0141,106.7465,29.4415,5.4884
710.0,3.8558,48.8057,1.0498,108.7584,29.8528,5.2693
715.0,3.8509,49.4016,1.013,107.5917,29.5128,5.3837
720.0,3.8327,48.8489,1.0025,107.153,29.0839,5.4299
725.0,3.8378,49.607,1.0253,107.618,29.6984,5.3124
730.0,3.835,49.2046,1.0329,108.4074,29.7263,5.3817
735.0,3.8492,49.3634,1.0126,107.996,29.7455,5.4028
740.0,3.8057,48.6696,1.0171,106.4595,29.3947,5.6487
745.0,3.8651,49.6676,1.0497,109.5881,30.1319,4.9837
750.0,3.8355,48.8033,1.0103,107.9685,29.5498,5.3666
755.0,3.8605,50.07,1.0229,108.6387,29.6028,4.9411
760.0,3.8467,49.3468,1.0287,107.6411,29.4887,5.3142
765.0,3.8786,49.6675,1.0266,108.2808,29.4945,5.1082
770.0,3.8565,49.634,1.0416,109.2462,29.5207,5.0651
775.0,3.8312,49.358,1.0164,107.4081,29.4338,5.3449
780.0,3.8394,48.7151,1.0304,107.2032,29.423,5.36
785.0,3.8729,49.9549,1.0277,108.6863,30.0854,5.1511
790.0,3.8604,49.6666,1.0313,107.7266,29.2096,5.2119
795.0,3.8632,49.8328,1.0159,108.1768,29.3866,4.9986
800.0,3.8567,49.1058,1.0329,107.8604,29.6161,5.2083
805.0,3.8578,49.5413,1.0469,109.1249,29.7785,5.207
810.0,3.8438,49.6909,1.0147,107.7458,29.5138,5.2837
815.0,3.8673,48.9935,1.0577,109.5081,29.8459,4.9505
820.0,3.8521,49.612,1.0468,110.6395,29.3434,5.0711
825.0,3.8551,49.5459,1.029,109.1901,29.6771,4.9847
830.0,3.8638,49.3833,1.0403,108.9782,30.0523,5.189
835.0,3.8609,49.7162,1.0284,107.5096,29.3921,5.1399
840.0,3.857,49.4138,1.0173,108.1289,29.7682,5.1932
845.0,3.8508,49.2192,1.0076,107.3801,29.6869,5.329
850.0,3.86,49.0934,1.0177,108.3536,29.1018,5.2002
855.0,3.8399,49.5153,1.046,108.532,29.5209,5.3189
860.0,3.8519,49.772,1.0243,109.1957,29.9731,5.0552
865.0,3.859,49.646,1.0124,107.8638,29.6917,5.1882
870.0,3.8557,49.7801,1.0352,108.6022,29.3171,5.1525
875.0,3.8665,50.3151,1.0474,110.3077,29.7365,4.8793
880.0,3.859,49.0728,1.0447,109.2671,29.4487,4.9929
885.0,3.853,49.5786,1.0284,108.635,29.6345,5.0269
890.0,3.862,49.4592,1.0556,109.2213,29.7308,4.82
895.0,3.8768,49.7346,1.0388,109.7294,29.2861,4.9177
900.0,3.866,50.0107,1.0377,109.4938,29.6506,4.5915
905.0,3.8793,49.4341,1.0395,109.3229,29.4013,4.9003
910.0,3.8547,50.1263,1.034,108.2871,29.1373,5.0237
915.0,3.8643,48.965,1.04,109.2863,29.3288,5.1263
920.0,3.8706,49.0498,1.0502,108.4318,29.4342,5.1511
925.0,3.8566,49.9108,1.0415,109.4144,29.5568,5.008
930.0,3.8604,49.9804,1.0461,109.9766,29.3206,4.9504
935.0,3.88,49.7331,1.0085,108.426,29.7808,4.7203
940.0,3.8735,50.2621,1.0504,109.982,29.4746,4.6266
945.0,3.889,50.0278,1.029,109.2937,29.4287,4.6162
950.0,3.8767,50.2924,1.0483,110.3378,29.7122,4.5312
955.0,3.8633,50.0291,1.0327,109.7964,29.9128,4.6609
960.0,3.8625,49.8396,1.0244,108.3512,29.5875,4.6115
965.0,3.8795,50.1525,1.0294,108.7521,29.5899,4.6271
970.0,3.8535,49.379,1.044,108.8749,29.2122,4.8031
975.0,3.8638,50.5933,1.0527,109.28,29.4668,4.4502
980.0,3.8828,49.5328,1.0323,110.3257,29.5293,4.616
985.0,3.8649,49.5886,1.023,109.1249,29.4667,4.8247
990.0,3.8771,49.4451,1.0097,107.8211,29.5994,4.5027
995.0,3.8784,49.7492,1.0487,109.4634,29.5852,4.6239
1000.0,3.8884,49.8687,1.0485,110.5042,29.9527,4.5092
1005.0,3.8787,49.9198,1.0488,110.3792,29.3393,4.5949
1010.0,3.8726,49.8246,1.0306,109.1938,29.2894,4.546
1015.0,3.8691,50.037,1.0516,110.3461,29.2706,4.228
1020.0,3.885,49.7356,1.0271,108.5095,29.5657,4.4602
1025.0,3.8674,50.0449,1.0276,109.7396,29.7469,4.5187
1030.0,3.8748,50.2429,1.0441,110.0801,29.0278,4.7237
1035.0,3.8654,50.0789,1.0305,109.4512,29.4423,4.4036
1040.0,3.8702,49.6961,1.0161,108.1618,29.5375,4.6513
1045.0,3.8845,49.6065,1.0453,109.0142,29.7425,4.437
1050.0,3.8727,49.5298,1.0585,109.8915,29.6587,4.7518
1055.0,3.8821,50.3578,1.037,109.7842,29.6631,4.5481
1060.0,3.8812,49.9699,1.065,110.4595,29.4224,4.2118
1065.0,3.8727,50.1268,1.0486,110.092,29.6149,4.535
1070.0,3.8838,49.661,1.0392,109.3852,29.8098,4.5485
1075.0,3.8782,49.9932,1.0406,109.5265,29.0122,4.6029
1080.0,3.8836,49.702,1.037,109.8848,29.6929,4.3389
1085.0,3.8819,49.7837,1.0302,109.984,29.5043,4.2249
1090.0,3.8718,49.923,1.0523,109.1554,29.3721,4.5446
1095.0,3.8748,49.9216,1.0216,109.9949,28.805,4.2784
1100.0,3.8886,49.9652,1.0559,108.8912,29.0233,4.3672
1105.0,3.8769,50.1088,1.0442,109.798,29.9005,4.3311
1110.0,3.8703,50.5969,1.0472,110.9619,29.372,4.3677
1115.0,3.882,49.9371,1.0537,108.5922,29.2049,4.4302
1120.0,3.8837,49.4987,1.0441,110.7029,29.3832,4.0326
1125.0,3.87,50.3982,1.0493,109.2074,29.343,4.4514
1130.0,3.8823,50.0896,1.0278,109.7815,29.6001,4.3174
1135.0,3.879,49.8133,1.0371,109.4891,29.6818,4.2605
1140.0,3.8913,50.2237,1.0563,111.1478,29.3081,3.9296
1145.0,3.8818,49.9648,1.0425,109.2502,29.5296,4.3214
1150.0,3.8859,49.6022,1.058,110.5712,29.2819,4.0617
1155.0,3.8856,49.574,1.0493,109.4831,29.9449,4.0874
1160.0,3.8829,49.8272,1.0391,110.6546,29.5619,4.2502
1165.0,3.8729,50.0689,1.0391,109.6123,29.2225,4.2683
1170.0,3.8754,50.3352,1.0426,109.7318,29.829,4.1975
1175.0,3.8823,49.7041,1.0264,109.0944,29.71,3.8584
1180.0,3.8751,49.9796,1.0516,110.9,29.5182,4.168
1185.0,3.8889,49.4962,1.025,109.4816,29.1473,4.0327
1190.0,3.8874,49.902,1.0293,110.0028,29.9719,3.9736
1195.0,3.8613,49.4694,1.0203,108.7946,29.5253,3.9668
1200.0,3.8808,49.8505,1.0222,108.3803,29.6959,3.9391
1205.0,3.8874,49.9102,1.0471,111.4382,29.269,4.081
1210.0,3.8943,49.8013,1.0322,108.8516,29.4959,3.984
1215.0,3.8849,49.6303,1.0433,110.8555,29.3092,4.2809
1220.0,3.8818,49.9392,1.0762,110.8975,29.7828,3.9718
1225.0,3.8901,49.6754,1.0343,109.4921,29.7271,4.1839
1230.0,3.8669,50.2895,1.0391,110.1647,29.2082,4.1682
1235.0,3.8795,50.3554,1.0488,111.0381,29.4961,3.6051
1240.0,3.8798,50.225,1.0267,107.6385,29.8679,3.8071
1245.0,3.8878,49.466,1.0386,110.0451,29.4841,4.0452
1250.0,3.8727,50.002,1.0546,109.4513,29.4905,3.769
1255.0,3.8613,49.9909,1.0397,110.1139,29.1389,3.7885
1260.0,3.8673,49.7044,1.0273,109.3041,29.0935,4.0767
1265.0,3.8741,49.5252,1.0352,109.9938,29.3425,3.7807
1270.0,3.8849,49.9053,1.0494,109.8703,29.3291,3.9058
1275.0,3.8789,50.2306,1.049,108.9321,29.4464,4.0161
1280.0,3.8854,50.487,1.0491,110.6406,29.6213,3.4753
1285.0,3.8824,50.7056,1.0409,110.9301,29.9584,4.1263
1290.0,3.8692,49.9905,1.0464,110.9184,29.454,4.1791
1295.0,3.8748,49.5826,1.0577,109.9313,29.7139,3.7791
1300.0,3.8754,49.4861,1.044,110.4013,29.4645,4.1995
1305.0,3.8849,50.1263,1.0586,110.1604,29.8562,3.6313
1310.0,3.8897,50.1279,1.0493,110.2951,29.1973,3.868
1315.0,3.8846,49.5044,1.0296,109.7786,29.3758,3.8028
1320.0,3.9019,50.3301,1.0253,109.4902,29.9261,3.5835
1325.0,3.89,50.2415,1.0425,110.6399,29.4998,3.6196
1330.0,3.884,50.1328,1.0345,110.344,29.8306,3.846
1335.0,3.8858,49.7709,1.0533,109.6151,29.6274,3.7271
1340.0,3.8668,49.8628,1.057,109.3202,29.8505,3.8375
1345.0,3.8894,50.349,1.0465,108.4132,29.8048,3.7633
1350.0,3.8783,50.4854,1.0512,110.1214,29.9125,3.6004
1355.0,3.8761,49.7697,1.0442,111.3229,29.8708,3.7939
1360.0,3.8795,50.1516,1.0419,109.4565,29.6095,3.8493
1365.0,3.8951,50.2203,1.0214,109.3378,29.8945,3.6029
1370.0,3.8781,49.5299,1.0504,110.713,29.3712,3.5634
1375.0,3.8858,49.8906,1.0419,111.1481,29.4498,3.4362
1380.0,3.8873,50.741,1.0316,109.4549,29.4144,3.5898
1385.0,3.8968,49.7505,1.0271,108.7473,29.693,3.3595
1390.0,3.89,50.0138,1.0531,109.5146,28.9387,3.9562
1395.0,3.8684,50.5113,1.0103,108.78,29.1397,3.2515
1400.0,3.8917,49.819,1.0395,108.6808,29.2191,3.3542
1405.0,3.8902,49.376,1.0458,108.7588,29.4306,3.2941
1410.0,3.8771,50.2644,1.0222,110.2046,28.8352,3.5166
1415.0,3.8819,49.9685,1.0397,109.5525,30.0624,3.4546
1420.0,3.8752,49.9218,1.0354,109.3992,29.7609,3.406
1425.0,3.9041,49.8258,1.0408,111.1543,30.2012,3.4678
1430.0,3.88,49.7455,1.0442,111.0995,29.7526,3.4234
1435.0,3.8931,50.1066,1.035,110.6755,29.8891,3.3354
1440.0,3.8775,50.1515,1.041,108.8818,30.1047,3.48
1445.0,3.8769,50.6388,1.0314,108.5657,29.3645,3.726
1450.0,3.8821,49.5887,1.0638,110.293,29.1575,3.3002
1455.0,3.8956,50.6591,1.0418,110.7571,29.4675,3.3496
1460.0,3.8797,49.9719,1.033,109.2239,29.3653,3.1133
1465.0,3.8825,49.8024,1.0481,109.2452,29.6043,3.3167
1470.0,3.8731,49.8728,1.0655,111.7023,29.3249,3.4199
1475.0,3.8862,50.2193,1.0678,110.8847,29.7133,3.1672
1480.0,3.8762,50.2785,1.0262,108.6389,29.6918,3.3778
1485.0,3.8924,49.897,1.0462,110.2193,29.6447,3.3436
1490.0,3.8866,50.0842,1.0536,110.1664,29.6676,3.2932
1495.0,3.879,50.0279,1.0496,111.801,29.5315,3.2359
1500.0,3.8878,50.0001,1.0412,109.6288,29.9229,3.5396
1505.0,3.8824,50.5078,1.0317,109.3411,29.5955,3.1337
1510.0,3.8683,49.7486,1.0758,111.8278,29.7022,3.5713
1515.0,3.8979,50.521,1.0384,108.743,29.8785,3.1678
1520.0,3.885,49.9231,1.0512,109.7376,29.9083,3.1504
1525.0,3.8745,49.9304,1.0361,108.867,30.0837,3.0567
1530.0,3.8865,49.7587,1.0614,111.0379,29.3944,3.3451
1535.0,3.8746,49.9208,1.0666,110.0078,29.4973,3.3128
1540.0,3.8857,49.863,1.0548,109.5999,29.1749,3.2775
1545.0,3.8728,50.1946,1.0438,109.5779,29.5682,3.1472
1550.0,3.8849,50.4522,1.0471,109.1713,29.8266,3.2254
1555.0,3.8731,50.0243,1.0634,110.0575,29.5742,2.9508
1560.0,3.8832,49.6977,1.0406,109.2765,30.1096,3.0872
1565.0,3.8904,50.2859,1.0592,109.9603,29.6558,2.962
1570.0,3.8902,49.9155,1.0382,111.3146,29.5197,2.901
1575.0,3.8856,50.137,1.043,109.1949,29.8123,2.7685
1580.0,3.8908,50.1364,1.0427,110.0694,29.7353,2.8363
1585.0,3.8879,49.8194,1.033,109.1504,29.9167,2.8094
1590.0,3.8783,50.7411,1.0492,110.4751,29.5824,2.9891
1595.0,3.8757,49.9056,1.0317,109.8955,29.7978,2.7395
1600.0,3.8761,49.6929,1.0385,108.8706,29.2171,3.3297
1605.0,3.8751,49.951,1.0427,111.6306,29.5541,3.024
1610.0,3.8816,49.6,1.0455,111.0678,29.5838,2.9302
1615.0,3.8857,49.9006,1.0149,108.8977,29.5696,2.9401
1620.0,3.8819,49.7548,1.0174,108.7665,29.6903,2.6785
1625.0,3.8806,50.1067,1.0383,109.8647,29.807,3.102
1630.0,3.8905,49.7625,1.048,109.6183,29.7985,2.6501
1635.0,3.8927,49.8808,1.0405,109.8992,29.4484,2.6409
1640.0,3.8776,50.2063,1.0341,109.4986,29.9535,2.932
1645.0,3.881,50.0727,1.0439,111.1087,29.8756,2.8986
1650.0,3.8854,49.6051,1.0204,109.0245,29.8743,2.6231
1655.0,3.8972,50.3327,1.0586,109.731,29.3625,2.8896
1660.0,3.8762,50.359,1.0324,109.9095,29.8743,2.6873
1665.0,3.8917,50.0711,1.0322,110.14,29.8159,2.5451
1670.0,3.8773,49.9794,1.0349,109.2276,29.8821,2.6097
1675.0,3.9058,50.4377,1.0584,109.7397,30.2237,2.8499
1680.0,3.8805,49.6467,1.0277,110.1271,30.2048,2.7427
1685.0,3.8819,50.162,1.0383,109.213,29.7495,2.7586
1690.0,3.8817,50.5551,1.0489,109.3309,29.8309,2.5537
1695.0,3.8724,49.444,1.0398,109.5685,29.8451,2.6368
1700.0,3.8825,50.2614,1.0335,109.8031,29.3774,2.7076
1705.0,3.88,50.0212,1.0425,108.6254,29.4853,2.481
1710.0,3.8957,49.4567,1.0568,109.7536,29.6775,2.5898
1715.0,3.8839,50.5564,1.0342,109.6346,30.0771,2.2946
1720.0,3.8811,49.5717,1.0338,110.5305,29.7119,2.3181
1725.0,3.8712,50.2715,1.0264,110.0386,30.1573,2.124
1730.0,3.8871,49.5835,1.0417,110.0453,29.2202,2.5762
1735.0,3.883,50.0579,1.0213,108.4834,29.4765,2.4296
1740.0,3.8747,50.3973,1.0423,109.5803,29.8777,2.3906
1745.0,3.8793,49.6928,1.0425,109.851,30.1493,2.4783
1750.0,3.8779,50.5496,1.0429,108.7673,29.6801,2.2714
1755.0,3.8903,49.6268,1.0319,109.1361,29.7827,2.5516
1760.0,3.8726,50.474,1.0415,109.7312,29.6699,2.4089
1765.0,3.8869,49.9122,1.032,109.7983,29.5081,2.6497
1770.0,3.8698,49.5532,1.0487,110.0367,30.1724,2.2162
1775.0,3.8709,50.3471,1.0242,109.3134,29.6386,2.3785
1780.0,3.8911,49.8071,1.0422,110.509,30.0631,2.3815
1785.0,3.8776,49.6398,1.0208,108.6465,29.6728,1.9122
1790.0,3.8827,50.1913,1.0368,110.7673,30.1482,2.2924
1795.0,3.88,50.1409,1.0416,109.8062,29.9604,2.1529
1800.0,3.8918,50.4577,1.0509,110.3777,29.8614,2.2388
1805.0,3.8865,49.9512,1.024,110.6418,29.9729,2.213
1810.0,3.8855,49.9193,1.0794,110.9931,29.5857,2.194
1815.0,3.8905,50.8082,1.0469,110.6222,29.9175,2.229
1820.0,3.8813,50.0414,1.0454,108.8798,30.4335,2.3044
1825.0,3.8785,49.5251,1.0604,110.4615,30.336,2.0195
1830.0,3.8728,49.9337,1.0384,109.2991,29.6261,2.2474
1835.0,3.8751,49.7977,1.0296,108.7824,30.0248,1.8924
1840.0,3.8768,49.7396,1.0411,110.9506,30.0587,2.0219
1845.0,3.8933,49.3374,1.0303,109.4259,30.1261,2.1386
1850.0,3.8874,49.2127,1.0606,110.0069,29.8771,2.1372
1855.0,3.888,50.3444,1.0464,110.4479,29.7581,1.8535
1860.0,3.8927,50.1287,1.0419,110.3895,30.1645,2.023
1865.0,3.887,49.8533,1.0271,111.3711,30.0938,2.0059
1870.0,3.8772,49.5583,1.049,109.8238,30.2269,1.8445
1875.0,3.8799,50.0703,1.0492,111.0923,30.1667,1.9091
1880.0,3.8765,50.2472,1.0466,109.6149,29.7869,1.7266
1885.0,3.8762,50.1464,1.0458,110.915,29.898,1.9035
1890.0,3.8895,49.9759,1.029,109.898,30.3416,2.1559
1895.0,3.8801,50.4778,1.0201,108.5629,29.9916,2.095
1900.0,3.8733,50.2316,1.0472,110.5968,29.7886,1.9283
1905.0,3.8863,49.9082,1.0408,111.1934,29.6393,2.2203
1910.0,3.8823,49.8483,1.0504,110.9987,30.1835,1.8439
1915.0,3.8878,50.3465,1.0331,109.3836,30.0553,1.716
1920.0,3.8774,49.793,1.0428,108.9875,29.7632,1.7933
1925.0,3.8896,49.9779,1.0264,109.9069,30.0852,1.93
1930.0,3.8766,49.7919,1.046,111.8745,29.9905,2.1019
1935.0,3.8923,49.8244,1.0299,110.1953,29.6431,1.947
1940.0,3.8756,50.2682,1.0045,108.5307,30.1764,2.1337
1945.0,3.8849,49.9039,1.0188,109.46,30.3845,1.6634
1950.0,3.8807,50.0568,1.041,109.5777,30.8023,2.0583
1955.0,3.8805,49.811,1.0468,109.8337,30.0441,1.6915
1960.0,3.876,49.9007,1.0517,110.7155,30.0077,1.72
1965.0,3.8871,49.713,1.0353,110.1191,30.4198,1.8837
1970.0,3.8838,49.6452,1.037,110.7979,30.0861,1.9393
1975.0,3.8781,49.9828,1.0572,110.9565,29.9921,1.7034
1980.0,3.8918,50.6469,1.0451,109.6463,29.8167,1.9607
1985.0,3.8907,50.3036,1.0531,112.4187,29.7457,1.7223
1990.0,3.8812,50.1453,1.0353,110.8909,30.2647,1.7446
1995.0,3.8866,50.5841,1.0443,109.5036,29.7557,1.5916
2000.0,3.8816,49.8555,1.0489,109.6425,30.1541,1.8474
2005.0,3.8812,49.8037,1.0271,111.5347,29.9559,1.5423
2010.0,3.874,49.9212,1.0491,109.9933,30.1626,1.7099
2015.0,3.8741,50.1106,1.0301,108.3317,30.0226,1.428
2020.0,3.8749,49.6958,1.0282,110.4033,30.4257,1.4258
2025.0,3.8801,50.1063,1.0279,108.2567,30.2388,1.5405
2030.0,3.88,49.8979,1.0453,110.5842,30.5263,1.6601
2035.0,3.8991,49.6676,1.0367,110.2523,29.7588,1.4984
2040.0,3.8904,49.7155,1.0467,109.2209,30.0815,1.5625
2045.0,3.8769,50.119,1.0618,109.9851,30.1407,1.5277
2050.0,3.8904,49.919,1.0464,109.2184,30.1499,1.7531
2055.0,3.8737,49.9037,1.0375,108.3145,30.6023,1.7029
2060.0,3.8887,49.858,1.0484,111.2183,30.2165,1.2882
2065.0,3.886,50.1748,1.0248,110.3036,29.9151,1.4982
2070.0,3.8854,50.2473,1.041,109.8585,30.3267,1.1848
2075.0,3.8925,49.7614,1.0298,108.9833,30.0107,1.6301
2080.0,3.8945,50.2067,1.0626,111.0907,30.0403,1.3561
2085.0,3.8867,49.7049,1.0512,110.8406,30.4463,1.4324
2090.0,3.8878,49.7906,1.0411,110.3328,30.1827,1.4195
2095.0,3.8875,49.6113,1.0362,110.0157,30.0577,1.2403
2100.0,3.8901,49.6111,1.0432,109.4507,30.1106,1.5884
2105.0,3.885,50.2378,1.0189,110.0576,30.4429,1.69
2110.0,3.8892,50.2263,1.0368,111.1317,30.2122,1.4548
2115.0,3.8709,49.7863,1.0491,109.5088,29.9767,1.3323
2120.0,3.883,49.982,1.0313,110.5489,30.2179,1.264
2125.0,3.881,49.8471,1.054,109.0485,29.9969,1.3591
2130.0,3.887,49.764,1.0514,108.931,29.8497,1.3501
2135.0,3.8838,49.9966,1.0336,109.7681,30.1057,1.1953
2140.0,3.8914,50.292,1.0363,110.2043,30.1876,1.3346
2145.0,3.8851,49.654,1.0426,109.8268,30.7543,1.2201
2150.0,3.8953,49.4822,1.0463,109.6608,30.0805,1.1508
2155.0,3.8967,49.5935,1.0442,110.3006,30.2201,1.1816
2160.0,3.8956,49.7722,1.0312,108.7069,29.5855,1.0261
2165.0,3.8859,49.3973,1.0407,109.9384,30.4836,0.9318
2170.0,3.8819,50.384,1.02,108.6186,29.9249,1.2363
2175.0,3.8744,50.3538,1.0541,111.6443,29.9285,1.192
2180.0,3.8873,50.1165,1.0482,109.4716,30.5446,1.1947
2185.0,3.8748,50.5238,1.0311,109.3905,29.8558,0.8518
2190.0,3.8911,50.4274,1.0308,109.3913,30.2494,1.2084
2195.0,3.8936,49.8174,1.043,111.8002,30.4445,1.328
2200.0,3.8853,50.2216,1.0368,109.9994,30.7223,0.9119
2205.0,3.893,50.0556,1.0167,111.6727,29.9086,0.9733
2210.0,3.8769,50.0094,1.0402,109.8232,30.1577,1.0388
2215.0,3.8891,50.6548,1.0461,111.2088,30.8362,0.9254
2220.0,3.8845,50.132,1.0491,110.9453,30.2704,1.4075
2225.0,3.8786,50.4176,1.0371,110.3859,30.1662,1.0149
2230.0,3.8832,50.3288,1.0214,109.6567,29.9811,1.2302
2235.0,3.8774,50.2287,1.0225,109.3452,30.0201,0.8392
2240.0,3.8811,49.8544,1.0097,108.0167,30.1419,0.7556
2245.0,3.8787,50.3089,1.0577,110.8989,30.5798,0.8407
2250.0,3.8846,50.3585,1.0305,109.7086,30.4964,1.0884
2255.0,3.8696,49.5374,1.026,108.7157,30.0417,1.0103
2260.0,3.8933,50.359,1.0472,110.3536,30.2772,0.6781
2265.0,3.8865,49.5031,1.0438,110.3895,30.265,1.3771
2270.0,3.8819,49.8641,1.0437,110.2109,30.5075,0.889
2275.0,3.8912,49.7388,1.056,111.308,30.4062,1.1216
2280.0,3.8911,49.5184,1.0502,109.4838,30.2712,0.8209
2285.0,3.8923,50.1152,1.0402,110.3632,30.1546,1.1235
2290.0,3.881,49.7956,1.0499,110.8644,29.8631,0.8453
2295.0,3.8861,50.0544,1.0496,109.9029,30.2717,1.0783
2300.0,3.8821,49.693,1.0437,108.7841,29.9197,1.0432
2305.0,3.8831,49.1329,1.0444,109.7453,30.5064,0.8986
2310.0,3.882,49.9313,1.0349,109.0408,30.1911,0.8022
2315.0,3.8868,49.5218,1.0655,110.9636,30.1669,0.7212
2320.0,3.8828,49.5355,1.051,109.5264,30.4207,1.032
2325.0,3.8744,49.4956,1.0269,109.2865,30.4758,1.0432
2330.0,3.8778,50.452,1.0491,109.9675,30.4255,0.448
2335.0,3.872,49.5831,1.0601,111.2039,30.9016,0.4332
2340.0,3.8761,49.7987,1.0293,108.2185,30.8549,0.9766
2345.0,3.8701,50.325,1.0533,109.4484,30.7497,0.8574
2350.0,3.8754,50.1994,1.0383,110.005,30.2077,0.6862
2355.0,3.8866,50.3049,1.0226,109.6582,29.948,0.7079
2360.0,3.8949,50.3462,1.0307,110.7025,30.8312,0.7362
2365.0,3.8845,49.7563,1.0432,109.2811,30.2154,0.8638
2370.0,3.8927,49.7795,1.0493,110.4297,30.3813,0.9195
2375.0,3.8774,49.296,1.0246,109.1051,30.6037,0.9011
2380.0,3.8944,50.0422,1.0212,108.8498,29.9963,0.7509
2385.0,3.8762,49.5094,1.0211,109.0144,30.921,0.6858
2390.0,3.8864,49.9494,1.0317,110.5625,30.5831,0.9244
2395.0,3.8787,49.9037,1.0353,109.3244,30.5267,0.7118
2400.0,3.8834,49.2586,1.0403,110.0905,30.5427,0.4931
2405.0,3.8942,50.3644,1.0408,109.0457,30.3309,0.8119
2410.0,3.8824,49.891,1.035,110.6824,30.2708,0.3338
2415.0,3.8872,50.3746,1.0374,109.3307,30.2306,0.5557
2420.0,3.8872,49.7883,1.043,109.3367,30.1717,0.5163
2425.0,3.872,49.722,1.0439,109.3428,30.4426,0.5486
2430.0,3.8846,49.8538,1.034,110.188,30.4821,0.4896
2435.0,3.8671,49.9139,1.0304,111.4597,30.6666,0.4718
2440.0,3.8925,49.7754,1.0569,110.256,30.3502,0.3098
2445.0,3.8855,50.4368,1.0232,110.0458,30.1443,0.7388
2450.0,3.8917,50.0565,1.0344,110.3466,29.9382,0.5878
2455.0,3.8861,49.4675,1.0324,110.1447,30.3846,0.5284
2460.0,3.8871,50.1352,1.0382,110.8398,30.2073,0.4016
2465.0,3.8793,49.5469,1.0447,110.4295,30.386,0.5809
2470.0,3.8829,49.7148,1.0482,110.1041,30.0193,0.4819
2475.0,3.8776,50.2396,1.0379,110.6331,30.6377,0.6256
2480.0,3.8787,50.0906,1.0399,111.814,30.5333,0.3906
2485.0,3.886,49.7686,1.0464,110.3982,30.1464,0.4578
2490.0,3.8696,50.1538,1.0389,110.2396,30.5025,0.4799
2495.0,3.8904,50.2314,1.0428,110.2992,30.7,0.6328
2500.0,3.8836,49.9233,1.0614,110.2804,30.3321,0.5561
2505.0,3.8669,49.8891,1.0444,109.5791,30.095,0.5039
2510.0,3.8888,49.674,1.0442,109.7505,30.8479,0.653
2515.0,3.8988,49.2799,1.0425,110.5317,30.4156,0.5728
2520.0,3.8802,49.3224,1.0434,109.7762,30.2631,0.3538
2525.0,3.8893,49.8387,1.0118,107.5997,30.5845,0.4079
2530.0,3.8747,50.4456,1.0513,110.6767,30.8549,0.4898
2535.0,3.8823,50.1433,1.0413,109.5355,30.2153,0.7427
2540.0,3.864,49.9476,1.0231,108.9561,30.5393,0.4928
2545.0,3.8786,49.8496,1.0338,110.0619,30.6912,0.3461
2550.0,3.8939,49.6864,1.0365,110.3735,30.1131,0.6354
2555.0,3.8899,49.7503,1.0488,110.8425,30.2076,0.5783
2560.0,3.888,50.1144,1.0557,109.8136,30.1023,0.2609
2565.0,3.8896,50.19,1.0358,109.9118,30.1876,0.2949
2570.0,3.8713,49.807,1.0634,110.1333,30.2675,0.3413
2575.0,3.8992,49.8896,1.0342,108.4165,30.4779,0.1523
2580.0,3.8705,49.9296,1.0366,109.2855,30.1702,0.5466
2585.0,3.883,50.2308,1.0508,110.725,30.1326,0.4929
2590.0,3.8656,49.5514,1.0282,108.8806,30.3764,0.5289
2595.0,3.8823,49.6813,1.06,111.3747,30.3463,0.2136
2600.0,3.8891,50.2032,1.0566,110.6637,30.7166,0.5058
2605.0,3.8973,49.7217,1.0485,109.0684,30.5399,0.3168
2610.0,3.8906,50.1035,1.0471,111.2431,30.4305,0.3384
2615.0,3.888,50.7927,1.0624,110.4465,29.9687,0.4847
2620.0,3.8888,49.9455,1.028,108.494,30.1134,0.3465
2625.0,3.8911,49.9665,1.0654,109.9615,30.7297,0.5374
2630.0,3.885,49.9094,1.0529,110.1634,30.3425,0.2999
2635.0,3.8818,49.6509,1.0368,110.1534,30.5871,0.0
2640.0,3.895,49.7933,1.0152,109.0253,30.5047,0.3044
2645.0,3.8813,50.1848,1.0597,110.0834,30.5097,0.3938
2650.0,3.88,49.3439,1.0278,108.8375,30.331,0.0192
2655.0,3.8951,50.5068,1.0186,109.0756,30.9519,0.1353
2660.0,3.876,50.5302,1.0469,110.815,30.2468,0.4049
2665.0,3.8823,50.3736,1.0431,110.0582,30.129,0.4845
2670.0,3.8747,50.0721,1.0622,111.0672,29.8556,0.5058
2675.0,3.8826,49.6853,1.0354,108.8545,30.6608,0.4481
2680.0,3.893,49.9456,1.0588,110.761,30.2124,0.0376
2685.0,3.8827,49.9944,1.0029,108.3835,30.3202,0.5558
2690.0,3.8904,50.0702,1.0442,110.6282,30.2244,0.0659
2695.0,3.8803,49.9614,1.0297,109.5453,30.2604,0.1957
2700.0,3.8837,49.949,1.0279,108.8316,30.25,0.0343
2705.0,3.8827,50.0405,1.0437,110.4703,30.2434,0.2345
2710.0,3.8791,50.1798,1.046,109.5265,30.2,0.0184
2715.0,3.89,49.581,1.0533,110.7556,30.1176,0.2311
2720.0,3.8806,50.4694,1.0387,109.1767,30.311,0.2347
2725.0,3.892,49.6414,1.0262,110.764,30.528,0.0249
2730.0,3.8737,50.2994,1.0517,110.1649,30.5863,0.0318
2735.0,3.8904,50.4866,1.0491,110.1451,30.5662,0.0069
2740.0,3.8702,50.4088,1.0451,110.2314,30.1523,0.0
2745.0,3.885,49.8887,1.0502,110.8029,30.4857,0.3537
2750.0,3.8787,49.9621,1.0313,108.8012,30.5891,0.2183
2755.0,3.8658,49.5986,1.0593,111.5372,30.0618,0.0
2760.0,3.8964,49.9587,1.0364,109.6988,30.6422,0.0
2765.0,3.8798,50.1304,1.0344,109.1036,30.1436,0.0
2770.0,3.8765,50.4321,1.044,110.4899,29.641,0.1166
2775.0,3.8768,49.4175,1.0507,110.8003,30.3599,0.0
2780.0,3.8711,50.6018,1.0272,109.4827,30.0938,0.1005
2785.0,3.8974,50.0655,1.066,110.2452,30.4772,0.1186
2790.0,3.8906,50.0459,1.0395,110.4993,30.0025,0.0144
2795.0,3.8771,49.5417,1.0342,108.6896,29.9155,0.0894
2800.0,3.8835,49.8018,1.0222,109.001,30.4519,0.0
2805.0,3.8973,50.1711,1.0559,111.223,29.9559,0.0
2810.0,3.8853,49.7524,1.0471,110.6128,29.8357,0.0238
2815.0,3.8947,49.8944,1.038,109.5305,29.6922,0.0
2820.0,3.874,49.8449,1.0431,110.1907,29.5156,0.0
2825.0,3.8945,49.7531,1.0546,111.2602,29.8498,0.0
2830.0,3.8865,50.3986,1.0675,110.9179,29.5867,0.0
2835.0,3.8798,49.9527,1.0266,109.2425,30.1355,0.0
2840.0,3.886,50.012,1.0367,108.7335,29.6242,0.2862
2845.0,3.8807,49.9903,1.0226,109.7328,29.8211,0.0
2850.0,3.8777,49.7869,1.03,108.608,30.6884,0.1273
2855.0,3.8809,49.8807,1.0539,110.5871,30.1215,0.0
2860.0,3.8726,50.245,1.0554,110.6069,30.0357,0.2564
2865.0,3.8854,49.7927,1.0559,110.5199,29.6337,0.0
2870.0,3.8868,49.9515,1.0465,109.715,30.0014,0.3995
2875.0,3.8947,50.0803,1.0394,109.3151,30.1512,0.1283
2880.0,3.8791,50.0198,1.0422,110.4143,29.6751,0.3196
2885.0,3.8854,49.472,1.0354,111.0142,30.2147,0.2537
2890.0,3.8816,50.2246,1.0466,109.5837,30.1403,0.4148
2895.0,3.8714,50.3554,1.0594,110.2346,29.9241,0.4346
2900.0,3.8858,50.2611,1.0416,109.0195,29.891,0.2878
2905.0,3.8723,49.5694,1.0311,109.964,29.6188,0.3334
2910.0,3.8941,49.9305,1.0144,108.6222,29.7895,0.6
2915.0,3.8822,49.7405,1.0321,109.7832,30.2086,0.5859
2920.0,3.8928,50.5556,1.0609,110.7487,29.7812,0.6067
2925.0,3.8822,49.5518,1.0625,109.8968,29.7405,0.5965
2930.0,3.8846,50.5046,1.0364,108.2732,29.8855,0.472
2935.0,3.8887,50.4796,1.0334,110.0645,29.9314,1.0875
2940.0,3.8975,49.9187,1.0399,109.5678,29.6537,0.7274
2945.0,3.8942,50.194,1.043,111.0034,30.0046,1.1489
2950.0,3.9001,49.5233,1.0512,110.5904,29.6887,0.9473
2955.0,3.8807,50.1389,1.0305,108.6526,30.319,0.8692
2960.0,3.8929,49.8475,1.039,108.7376,29.7073,0.8192
2965.0,3.8784,49.7567,1.05,110.5721,30.3384,0.9066
2970.0,3.889,50.292,1.0435,109.0393,29.9575,1.0959
2975.0,3.8747,49.4952,1.0439,109.5489,29.8788,1.0998
2980.0,3.8798,49.7809,1.0443,109.7667,30.1124,1.2018
2985.0,3.8739,50.1751,1.027,109.1304,29.683,1.226
2990.0,3.8884,49.6644,1.0669,110.2422,29.7261,1.0359
2995.0,3.8935,49.6777,1.0396,109.4553,29.9488,1.3002
3000.0,3.8785,49.6955,1.0553,109.3922,29.7263,1.339
3005.0,3.8842,50.4131,1.0364,109.369,29.5285,1.2297
3010.0,3.8805,50.243,1.0345,109.2428,29.5208,1.8236
3015.0,3.8888,50.4696,1.0303,109.3132,29.7904,1.5827
3020.0,3.88,49.9545,1.0471,110.5419,29.6251,1.955
3025.0,3.8688,50.3113,1.0508,110.7858,30.2691,1.1953
3030.0,3.878,50.9128,1.0323,109.6627,29.8895,1.5572
3035.0,3.868,49.8126,1.0522,110.663,29.746,1.2681
3040.0,3.8819,50.3381,1.0328,109.8253,29.8146,1.8587
3045.0,3.8949,50.2612,1.0136,109.4039,30.2648,1.3931
3050.0,3.881,49.9474,1.0521,110.3871,30.0975,1.588
3055.0,3.8896,49.9405,1.0357,110.113,29.8583,1.5309
3060.0,3.89,49.5473,1.0409,109.9533,29.4368,1.9066
3065.0,3.8888,49.688,1.0374,109.1502,30.2663,1.6838
3070.0,3.8829,49.7693,1.0485,109.0913,29.9748,1.6524
3075.0,3.8747,49.7154,1.0497,109.7865,29.6713,2.0887
3080.0,3.9034,49.9172,1.0521,109.7537,29.4656,1.899
3085.0,3.8789,50.0128,1.0209,109.4674,29.5796,1.9929
3090.0,3.8813,50.1267,1.0462,110.9569,29.3342,1.7536
3095.0,3.8689,50.1708,1.043,109.8374,29.6811,2.1317
3100.0,3.8948,50.1807,1.0468,110.8073,29.9196,1.8709
3105.0,3.8945,50.5945,1.0305,109.3226,29.2905,2.2876
3110.0,3.8811,49.8098,1.0439,110.3991,29.6008,2.2138
3115.0,3.8945,49.6578,1.0317,109.889,29.6693,2.2457
3120.0,3.8838,50.1155,1.0213,109.8102,29.8024,2.1185
3125.0,3.896,49.4978,1.0267,108.6792,29.4501,2.4963
3130.0,3.8951,49.8345,1.047,110.3198,29.2977,2.2105
3135.0,3.8899,49.5901,1.0027,107.8309,29.9328,2.362
3140.0,3.8769,50.0535,1.0355,111.3402,29.3034,2.3147
3145.0,3.8728,50.0878,1.0435,110.6488,29.9709,2.3534
3150.0,3.8892,50.1488,1.0488,110.7091,29.5175,2.38
3155.0,3.8728,50.2045,1.0621,109.7554,29.7245,2.7328
3160.0,3.873,49.784,1.0262,109.8128,29.4584,2.2919
3165.0,3.8728,50.3992,1.0549,110.4513,29.2824,2.3256
3170.0,3.8934,50.1372,1.0359,109.1292,29.7087,2.7808
3175.0,3.889,49.9421,1.0288,109.6912,29.4362,2.4881
3180.0,3.8782,49.8564,1.0271,110.0976,29.8789,2.6848
3185.0,3.8782,49.9203,1.0373,108.1131,29.857,2.5502
3190.0,3.8781,50.1022,1.0395,110.905,29.4617,2.3384
3195.0,3.8971,49.9434,1.0413,109.4547,29.4641,2.6736
3200.0,3.8784,50.1115,1.0384,110.3559,29.3842,2.5136
3205.0,3.8942,50.5701,1.0442,109.7394,29.3783,2.4714
3210.0,3.9013,49.4175,1.0589,110.6018,29.2137,2.3884
3215.0,3.8834,50.1488,1.0293,109.6524,29.7068,2.3899
3220.0,3.8834,49.6995,1.0406,110.3212,29.368,2.5437
3225.0,3.8863,49.9812,1.0211,109.4783,29.3725,2.5393
3230.0,3.8904,50.3347,1.0547,109.5948,29.1892,2.797
3235.0,3.8867,50.1676,1.038,111.1162,29.4236,2.8286
3240.0,3.8787,50.1904,1.0267,110.5856,29.2418,2.765
3245.0,3.8822,50.1068,1.0387,109.8506,29.4273,2.6789
3250.0,3.886,50.1647,1.0246,109.474,30.0756,2.377
3255.0,3.9042,49.4533,1.0479,109.2207,29.3659,2.5752
3260.0,3.8812,49.6693,1.0381,109.8436,29.222,2.5597
3265.0,3.8865,49.7111,1.0232,109.2032,28.9599,2.7886
3270.0,3.8702,50.3558,1.0568,110.8204,29.3348,2.7836
3275.0,3.8911,49.8365,1.0318,108.9767,29.1006,2.6784
3280.0,3.8878,50.0284,1.0317,109.6056,29.1466,2.9368
3285.0,3.8853,49.9382,1.0438,110.5389,29.3746,2.9619
3290.0,3.8951,49.6678,1.0495,109.5964,28.9397,3.0054
3295.0,3.8875,50.1108,1.0327,109.6123,29.2325,3.1403
3300.0,3.8762,50.0944,1.0402,109.8209,29.3331,2.4821
3305.0,3.8874,50.2552,1.0591,109.6967,28.8705,2.7538
3310.0,3.8897,49.7725,1.0549,110.5366,29.2363,3.3235
3315.0,3.8925,50.5241,1.0333,109.8918,28.6921,3.3333
3320.0,3.8861,50.1382,1.0464,110.501,29.6077,3.3107
3325.0,3.8892,50.599,1.054,110.0939,29.3521,3.2179
3330.0,3.89,50.0237,1.0521,110.9877,29.109,3.0423
3335.0,3.864,49.7599,1.0569,110.5506,29.1395,3.1725
3340.0,3.8944,50.0218,1.0424,109.7463,29.4739,3.2634
3345.0,3.8867,49.6095,1.0294,108.9287,29.1313,3.1035
3350.0,3.877,50.2513,1.0342,109.4861,29.2362,3.1785
3355.0,3.883,50.0087,1.0406,110.6589,29.4361,3.3285
3360.0,3.8766,50.5161,1.0426,109.1832,28.9708,3.4554
3365.0,3.885,50.0289,1.0313,109.551,28.7825,3.2871
3370.0,3.8876,50.1613,1.0227,109.2274,28.7373,3.4931
3375.0,3.8847,50.2364,1.0563,110.4554,29.4842,3.377
3380.0,3.8931,49.685,1.0351,109.6911,29.093,3.2568
3385.0,3.8826,50.1826,1.0452,111.5761,28.8425,3.6338
3390.0,3.8816,50.4281,1.0457,109.0317,29.1802,3.3884
3395.0,3.8883,49.9184,1.0351,109.6291,29.3157,3.249
3400.0,3.8613,50.1897,1.0466,111.6474,28.7934,3.2757
3405.0,3.8944,50.3327,1.0533,110.3717,28.8981,3.4407
3410.0,3.8867,50.409,1.0255,109.5164,28.7153,3.5303
3415.0,3.881,49.6089,1.0463,110.2263,28.5109,3.1433
3420.0,3.8867,49.3261,1.0113,109.2895,28.9344,3.4616
3425.0,3.8867,49.6785,1.0475,109.9391,28.7637,3.5097
3430.0,3.883,49.951,1.0648,111.0347,29.4524,3.4357
3435.0,3.8795,49.8072,1.0219,110.2946,28.9374,3.4768
3440.0,3.8832,50.0275,1.0236,108.8348,28.5101,3.5628
3445.0,3.8803,50.1501,1.036,111.4353,29.2152,3.4309
3450.0,3.8876,49.9959,1.0394,110.9144,28.8735,3.5126
3455.0,3.8809,49.8688,1.0525,109.6121,29.0189,3.7151
3460.0,3.8786,50.2533,1.0456,109.0993,29.083,3.7791
3465.0,3.8839,49.8523,1.06,111.8226,28.8322,3.7391
3470.0,3.8842,50.6877,1.0468,109.9433,29.0651,3.4754
3475.0,3.89,50.3576,1.0376,111.5378,29.095,3.4614
3480.0,3.8779,49.7278,1.0348,109.695,28.5483,3.6944
3485.0,3.8824,50.0492,1.022,110.1947,28.9559,3.4853
3490.0,3.887,49.8835,1.0427,110.5616,29.1457,3.7585
3495.0,3.879,49.9252,1.0326,108.6242,28.7191,3.65
3500.0,3.8714,49.7511,1.0468,111.3808,28.9392,3.7619
3505.0,3.8722,50.3382,1.0491,109.4272,28.9963,3.5313
3510.0,3.8852,50.0607,1.0309,108.8915,29.2192,3.8028
3515.0,3.8863,50.213,1.0263,108.6982,28.7253,3.9328
3520.0,3.8954,50.2099,1.0602,110.7336,28.7206,3.6806
3525.0,3.8918,50.1259,1.0437,110.1164,28.9096,3.9791
3530.0,3.8757,50.0018,1.0398,109.869,28.5714,3.7157
3535.0,3.8885,50.049,1.0233,109.3152,28.1543,3.5875
3540.0,3.8786,49.6279,1.0286,109.6441,28.5666,3.7087
3545.0,3.8862,49.6626,1.046,110.8688,28.6902,3.8224
3550.0,3.8753,50.246,1.0532,111.4169,28.586,3.8718
3555.0,3.8819,49.6992,1.0509,109.5068,28.4991,3.9348
3560.0,3.8918,49.9949,1.0348,109.8089,28.536,3.8467
3565.0,3.8729,50.1094,1.0314,109.4274,28.5693,3.7009
3570.0,3.8847,50.2043,1.045,109.6877,28.4831,3.6062
3575.0,3.8771,49.3424,1.0414,109.065,28.5299,3.8268
3580.0,3.8902,49.1522,1.0171,109.6011,28.3151,3.8942
3585.0,3.887,49.6207,1.0527,111.9611,28.8271,3.5731
3590.0,3.8763,49.729,1.0415,111.6081,28.9524,3.8294
3595.0,3.8859,49.8795,1.0478,110.1684,28.7302,3.8302
3600.0,3.8686,49.8771,1.0404,108.3668,28.6883,3.8939
3605.0,3.8823,50.0903,1.0542,109.8358,28.35,4.1122
3610.0,3.8843,49.6913,1.0264,108.8032,28.7583,3.9281
3615.0,3.884,49.9993,1.0481,110.3471,28.4493,3.7125
3620.0,3.8856,49.6379,1.0496,110.6993,28.627,4.038
3625.0,3.8816,50.1972,1.0362,110.3704,28.9181,4.2692
3630.0,3.8836,50.3383,1.044,108.8266,28.4429,3.8328
3635.0,3.8621,50.3198,1.0556,110.8732,28.3461,4.0725
3640.0,3.8782,49.678,1.0343,109.1001,27.9556,4.2252
3645.0,3.8835,49.7569,1.0303,109.9288,28.5346,3.8141
3650.0,3.8764,50.1347,1.0678,110.4199,28.257,3.8854
3655.0,3.8722,50.3868,1.0285,108.7067,28.6671,3.8464
3660.0,3.8806,50.1434,1.0432,110.0302,28.2818,4.1734
3665.0,3.8705,49.5613,1.0373,110.0035,27.7828,3.6821
3670.0,3.8855,50.1669,1.0277,109.2949,28.333,3.6877
3675.0,3.8961,50.3146,1.0411,110.6792,28.3853,3.8572
3680.0,3.8888,49.5836,1.0528,109.3645,28.5234,3.7304
3685.0,3.8787,49.5862,1.034,111.0245,28.4948,4.3719
3690.0,3.8803,50.1211,1.0418,109.899,28.3462,3.8192
3695.0,3.8698,49.5801,1.0412,110.3208,28.7105,4.0076
3700.0,3.8795,49.5295,1.0263,109.1734,27.679,4.1128
3705.0,3.8715,50.165,1.0471,109.721,28.241,3.9444
3710.0,3.8901,49.847,1.0517,109.6346,28.0651,3.8768
3715.0,3.8642,50.0108,1.0414,110.4236,28.097,4.0308
3720.0,3.89,49.8692,1.0394,109.4917,28.4094,3.6569
3725.0,3.8847,50.2278,1.0398,109.9166,28.5204,3.6984
3730.0,3.8699,50.0484,1.0541,110.2119,27.9481,3.8874
3735.0,3.8908,50.105,1.0469,110.3656,28.5884,3.827
3740.0,3.8872,49.688,1.018,109.92,28.2927,4.1582
3745.0,3.8915,49.22,1.069,111.9451,28.1299,4.0434
3750.0,3.8787,49.7441,1.0411,108.8609,28.0752,3.9253
3755.0,3.8767,49.2083,1.0441,110.0611,28.0348,3.9221
3760.0,3.8736,49.9716,1.0448,109.6533,28.3961,3.9399
3765.0,3.8706,50.2975,1.0501,110.2187,28.366,4.2544
3770.0,3.8796,50.118,1.0271,110.3903,28.1789,3.9527
3775.0,3.9105,49.8027,1.0234,108.1865,27.6811,3.8497
3780.0,3.8744,49.974,1.0542,109.1529,28.253,4.2983
3785.0,3.8734,50.1091,1.0238,109.0291,28.4238,4.0316
3790.0,3.882,50.2958,1.0472,110.1641,27.9964,4.2393
3795.0,3.8848,50.0862,1.0535,109.2635,28.1346,4.0829
3800.0,3.888,50.0036,1.0363,110.1313,27.8337,4.13
3805.0,3.8732,49.8801,1.0428,109.7766,27.7738,4.1706
3810.0,3.8842,50.305,1.0355,109.9914,28.0429,3.9337
3815.0,3.8899,49.8631,1.0264,109.077,27.9503,4.4545
3820.0,3.884,50.2416,1.0474,108.8355,28.1952,4.308
3825.0,3.8881,50.475,1.0469,110.1961,27.709,4.1398
3830.0,3.8798,50.0971,1.0311,109.9327,28.0141,4.0862
3835.0,3.867,49.8519,1.0412,109.3211,27.9839,4.3102
3840.0,3.8729,50.1618,1.047,110.5598,28.1499,4.1941
3845.0,3.874,49.7217,1.047,108.8039,28.5101,3.9582
3850.0,3.8806,49.2968,1.0567,109.6886,28.475,4.2197
3855.0,3.8772,50.1972,1.0438,111.109,27.542,3.8377
3860.0,3.8807,49.6997,1.0424,109.782,27.9747,4.3325
3865.0,3.8788,50.0011,1.0135,108.2865,27.6047,4.5196
3870.0,3.8792,49.83,1.0259,108.7736,27.9126,4.5257
3875.0,3.8734,49.9242,1.0202,109.6938,27.9748,4.296
3880.0,3.8801,50.2156,1.0249,109.1978,28.053,4.383
3885.0,3.8666,50.3975,1.065,112.5062,28.0124,4.2105
3890.0,3.884,50.0032,1.0462,109.3289,28.4677,4.3406
3895.0,3.8742,49.9087,1.0291,109.8077,28.2355,4.3973
3900.0,3.8721,49.3603,1.0416,110.405,27.7967,4.2893
3905.0,3.8716,50.2475,1.0464,109.7974,28.0495,4.089
3910.0,3.8858,49.898,1.0399,108.9614,28.084,4.1343
3915.0,3.8854,49.9278,1.0382,109.6776,28.0584,4.3769
3920.0,3.8679,49.5979,1.0555,111.2355,27.7636,4.1764
3925.0,3.8749,49.959,1.0434,110.959,27.4901,4.2784
3930.0,3.8741,50.2947,1.0376,108.4252,27.6596,4.4088
3935.0,3.8878,49.7576,1.0311,109.4411,27.9131,3.957
3940.0,3.8712,50.1708,1.0376,109.7625,27.4707,4.5078
3945.0,3.8669,50.0503,1.036,109.01,28.026,4.5545
3950.0,3.8835,49.8999,1.045,109.1305,27.8185,4.4053
3955.0,3.868,49.6048,1.0513,110.4022,28.0821,4.337
3960.0,3.8758,49.4616,1.0306,109.2755,27.5555,4.2703
3965.0,3.8787,49.2238,1.0166,107.2181,27.4394,4.5128
3970.0,3.8811,49.9534,1.0437,108.2673,27.7605,4.4333
3975.0,3.8744,49.5886,1.0356,109.7134,28.2115,4.4541
3980.0,3.8727,49.9576,1.0443,109.5948,28.0696,4.393
3985.0,3.879,49.7766,1.0387,109.0028,27.7428,4.2496
3990.0,3.8739,49.5485,1.0321,109.5369,27.8108,4.5641
3995.0,3.8759,49.6077,1.0312,108.0768,27.6607,4.6313
4000.0,3.8749,49.9534,1.0021,109.7031,27.7281,4.5301
4005.0,3.8672,49.9711,1.0315,109.0328,27.9325,4.5495
4010.0,3.87,49.8037,1.0467,109.3743,27.9818,4.4321
4015.0,3.8647,50.1003,1.0294,109.3103,27.7484,4.3978
4020.0,3.8825,49.6609,1.0535,109.3201,28.0107,4.4955
4025.0,3.8825,49.615,1.035,109.4704,27.3047,4.4648
4030.0,3.8692,50.0249,1.0459,109.3603,27.6833,4.5616
4035.0,3.8711,49.5565,1.0361,108.872,27.5554,4.6621
4040.0,3.8869,49.4651,1.022,108.4796,27.537,4.5562
4045.0,3.8791,50.0408,1.0589,109.4534,27.3201,4.4982
4050.0,3.883,49.752,1.0191,109.7863,28.0802,4.4909
4055.0,3.8763,50.307,1.0214,108.8895,27.917,4.5276
4060.0,3.8648,50.0194,1.0497,108.6309,27.6067,4.6197
4065.0,3.8622,49.9278,1.0408,107.8574,27.8755,4.8563
4070.0,3.8708,49.4678,1.0313,109.1502,27.717,4.7331
4075.0,3.8733,50.1837,1.0383,110.3999,27.6208,4.49
4080.0,3.8593,49.6599,1.0239,107.6214,28.3044,4.6827
4085.0,3.8727,50.1952,1.0509,110.2877,27.4999,4.5891
4090.0,3.8576,49.8822,1.0509,108.5153,27.6897,4.6666
4095.0,3.8728,48.9844,1.0058,106.5676,27.4923,4.4632
4100.0,3.8731,49.8236,1.0237,107.899,27.7083,4.4658
4105.0,3.872,49.5281,1.021,109.0732,27.782,4.5461
4110.0,3.8802,50.232,1.0181,109.4098,27.6853,4.7512
4115.0,3.8651,49.1912,1.0313,108.5242,27.6655,4.7817
4120.0,3.8766,49.436,1.0459,109.3783,27.6876,4.7592
4125.0,3.8714,49.7663,1.0239,107.6182,28.038,4.5058
4130.0,3.8595,49.7391,1.0371,109.4066,28.0434,4.9009
4135.0,3.862,48.9756,1.0399,109.0476,27.7103,5.028
4140.0,3.8762,49.4686,1.038,108.6001,27.5103,4.6298
4145.0,3.8706,49.7772,1.0568,111.2449,27.8093,4.5247
4150.0,3.8798,49.6192,1.028,110.4343,27.8904,4.4428
4155.0,3.8652,49.2372,1.0346,108.9954,27.9841,4.7996
4160.0,3.8694,50.1375,1.0482,109.6523,27.8765,4.6651
4165.0,3.8762,49.4634,1.0126,108.3101,27.6179,4.847
4170.0,3.8666,50.0266,1.0396,110.3762,27.6832,4.4078
4175.0,3.8666,50.5015,1.03,108.5498,27.9169,4.7135
4180.0,3.8649,49.5273,1.05,108.8498,27.9157,4.6952
4185.0,3.8729,49.8539,1.0335,109.6943,27.3645,4.8706
4190.0,3.8866,49.6359,1.0454,109.3182,27.8616,4.5455
4195.0,3.8749,50.1917,1.0376,108.7208,27.8444,4.4197
4200.0,3.8566,49.6632,1.0134,105.592,27.4844,4.8777
4205.0,3.8638,49.542,1.0424,108.1058,27.5686,4.8135
4210.0,3.8733,49.549,1.0486,111.0906,27.5664,4.3634
4215.0,3.8656,50.0789,1.0201,108.9713,27.5069,4.9003
4220.0,3.8649,49.3505,1.0263,110.1638,27.463,4.7612
4225.0,3.8675,49.9582,1.0277,107.7766,27.7492,4.7163
4230.0,3.8434,49.8226,1.0243,109.3971,27.4608,4.9478
4235.0,3.8631,49.3857,1.0322,109.327,27.7474,4.7114
4240.0,3.8711,49.0902,1.0149,107.3491,27.4196,4.8101
4245.0,3.8727,49.7098,1.0368,107.9331,27.7653,4.9717
4250.0,3.8793,49.5053,1.0101,109.403,27.4696,4.599
4255.0,3.8683,49.7976,1.0442,107.5828,27.6479,4.649
4260.0,3.8608,48.7528,1.0293,108.388,27.7759,4.9206
4265.0,3.8761,49.0871,1.0291,108.0574,27.8539,5.0367
4270.0,3.88,49.3581,1.0433,110.4838,28.2044,4.7852
4275.0,3.8335,49.2569,1.0178,107.7503,27.2164,5.2453
4280.0,3.8555,49.9391,1.0188,109.6144,27.7588,4.8004
4285.0,3.859,50.3444,1.0364,109.1743,27.4323,4.663
4290.0,3.8575,49.6138,1.0375,109.6537,27.1859,4.7958
4295.0,3.8602,49.5751,1.0291,108.7648,27.9663,4.6595
4300.0,3.8747,49.8611,1.0419,109.3404,27.9835,4.7358
4305.0,3.874,49.723,1.0359,108.7673,27.6055,4.8697
4310.0,3.8718,49.5461,1.0506,109.5654,27.774,4.7588
4315.0,3.8719,49.5127,1.0056,108.3143,27.6978,4.8163
4320.0,3.8659,49.9408,1.0294,109.3617,27.8217,4.7555
4325.0,3.8615,49.2829,1.0389,109.3828,27.9233,4.3601
4330.0,3.86,49.6055,1.0179,109.1103,27.788,4.9163
4335.0,3.8762,50.1086,1.0499,108.8257,27.7262,4.5018
4340.0,3.8707,49.2874,1.0306,107.9229,27.8888,4.7883
4345.0,3.8656,49.9633,1.0447,109.0642,27.7142,4.7468
4350.0,3.876,49.9736,1.0413,108.6821,27.9938,4.501
4355.0,3.8615,49.7986,1.0105,108.2097,27.5642,4.7988
4360.0,3.8796,49.0919,1.0229,108.9227,28.1315,4.4984
4365.0,3.8801,50.0286,1.032,109.823,27.9018,4.7968
4370.0,3.8682,50.1961,1.0342,109.0538,27.4696,4.6659
4375.0,3.8682,49.9542,1.0288,108.8582,27.2286,4.6082
4380.0,3.8779,49.9285,1.0183,108.7675,27.7529,4.5423
4385.0,3.8579,49.8496,1.0244,108.481,27.4341,4.6715
4390.0,3.8842,49.7858,1.0487,110.1728,27.9484,4.1973
4395.0,3.8469,49.5552,1.0243,107.6094,28.0071,5.0678
4400.0,3.8752,50.3936,1.0378,110.1518,27.835,4.4633
4405.0,3.8804,50.0304,1.023,107.6336,27.6789,4.7537
4410.0,3.8601,49.7165,1.0269,109.2196,27.8236,4.7163
4415.0,3.8773,49.1265,1.0387,109.7619,27.7866,4.5572
4420.0,3.8538,49.0905,1.0345,109.3228,27.0513,4.8053
4425.0,3.8649,49.3048,1.0532,110.1568,27.881,4.8754
4430.0,3.8644,49.9732,1.039,109.7736,27.936,4.8712
4435.0,3.8476,49.3392,1.0105,106.5301,27.6686,5.2582
4440.0,3.8635,49.6186,1.0416,108.4049,28.0089,5.0344
4445.0,3.859,49.5265,1.0324,109.3829,27.7407,5.0134
4450.0,3.846,50.0443,0.9998,108.3643,28.179,4.9448
4455.0,3.8168,48.5551,1.0045,105.6355,28.3913,5.5562
4460.0,3.8623,49.5041,1.0351,108.1692,27.6378,4.9792
4465.0,3.8711,50.024,1.0141,108.8551,27.3559,4.9025
4470.0,3.8535,50.0681,1.0303,108.9096,27.5806,4.8279
4475.0,3.8695,49.1533,1.0503,109.2957,27.4589,4.7826
4480.0,3.8585,48.8705,1.0252,107.8425,27.9672,5.0543
4485.0,3.8566,49.4008,1.0323,107.5037,28.1677,5.1457
4490.0,3.8545,49.6847,1.0355,108.1412,27.9159,5.0483
4495.0,3.8481,49.0259,1.0319,108.7743,27.9298,5.1052
4500.0,3.8549,50.026,1.0332,109.0753,27.5955,4.8827
4505.0,3.8412,49.9987,1.036,108.8853,28.187,5.0526
4510.0,3.8389,49.1598,1.0433,107.552,28.1839,5.1907
4515.0,3.8708,49.4229,1.0362,108.6826,27.9226,5.0755
4520.0,3.8725,49.5693,1.0593,109.7793,27.8549,4.8501
4525.0,3.8325,49.3135,1.0231,107.3082,27.9732,5.1597
4530.0,3.8353,49.5546,1.0094,106.4359,27.9244,5.2863
4535.0,3.869,49.372,1.0262,108.818,27.7375,4.9218
4540.0,3.8469,49.0777,1.0404,108.7906,28.2285,5.1669
4545.0,3.8637,49.5927,1.0392,107.9045,27.7992,4.8393
4550.0,3.8546,49.4239,1.044,109.1921,27.9852,5.0055
4555.0,3.852,49.7892,1.0351,110.8372,27.845,4.9289
4560.0,3.8643,49.9377,1.0033,107.3342,27.8379,5.0131
4565.0,3.8526,49.7733,1.0377,107.7674,27.2465,5.1077
4570.0,3.8488,48.809,1.027,106.8655,27.7144,5.102
4575.0,3.8678,49.4579,1.017,107.057,27.8099,4.8507
4580.0,3.8684,49.9155,1.0358,109.6172,27.5617,4.8892
4585.0,3.8597,49.9756,1.0289,108.9925,28.6029,5.0845
4590.0,3.8597,49.428,1.0172,108.6871,27.4328,5.0428
4595.0,3.8512,49.9276,1.0081,107.4477,27.8595,4.9705
4600.0,3.8563,49.1366,1.034,108.2895,28.4204,4.9945
4605.0,3.856,49.5709,1.0236,107.9575,28.0901,4.9318
4610.0,3.86,50.3698,1.0505,109.755,27.8331,4.5111
4615.0,3.8682,49.4792,1.0253,109.1391,27.8827,4.6432
4620.0,3.8612,49.5556,1.0459,108.5305,28.1606,4.9825
4625.0,3.8684,49.8709,1.0319,108.9454,27.8822,4.6822
4630.0,3.8728,49.6291,1.0253,109.1811,27.9363,4.8049
4635.0,3.861,50.1207,1.0447,108.9149,28.1257,4.6964
4640.0,3.8637,50.2603,1.0404,109.6114,27.8394,4.5554
4645.0,3.8611,49.3051,1.0285,108.2952,27.991,5.0416
4650.0,3.8528,49.6904,1.032,109.5657,27.854,4.9123
4655.0,3.8453,48.96,1.0305,108.6086,27.7629,5.075
4660.0,3.8509,50.491,1.0464,108.7492,28.4953,4.595
4665.0,3.8588,49.3924,1.0547,109.9778,28.4722,4.59
4670.0,3.8682,49.8304,1.0269,109.8836,28.0244,4.752
4675.0,3.8782,49.4661,1.0281,109.16,27.8396,4.8419
4680.0,3.8779,49.687,1.0358,109.9592,27.9399,4.7343
4685.0,3.8825,49.346,1.022,108.6536,28.353,4.4663
4690.0,3.873,49.3875,1.0533,110.688,27.8695,4.1787
4695.0,3.868,49.5636,1.0447,109.7602,28.0327,4.5843
4700.0,3.8658,50.0762,1.0437,110.181,28.1799,4.6663
4705.0,3.8569,49.0534,1.0459,109.6095,28.3727,5.0079
4710.0,3.8597,49.8603,1.0334,108.4729,27.3901,4.8895
4715.0,3.8678,49.5494,1.0376,109.5508,28.2689,4.82
4720.0,3.8746,49.6035,1.0284,108.4149,28.2353,4.7798
4725.0,3.8634,49.9696,1.0401,109.8409,28.2824,4.8368
4730.0,3.8611,49.4502,1.0114,107.8761,28.0957,4.8588
4735.0,3.8816,49.2543,1.0492,109.5681,27.9888,4.7247
4740.0,3.8739,49.8842,1.0538,109.6229,28.4113,4.6104
4745.0,3.8661,49.8593,1.0437,109.2163,27.7111,4.7413
4750.0,3.8514,49.2749,1.0221,106.9869,28.5544,5.1575
4755.0,3.8642,50.0155,1.0424,109.6264,28.7728,4.7945
4760.0,3.8731,49.7722,1.052,109.7831,28.2757,4.6893
4765.0,3.8724,49.238,1.0329,108.6423,28.4592,4.9316
4770.0,3.8686,49.8839,1.0187,109.9651,27.7976,4.5949
4775.0,3.8656,50.2744,1.0346,109.2871,27.9545,4.6
4780.0,3.8694,50.2686,1.0328,108.2577,28.404,4.5564
4785.0,3.8588,49.1955,1.0284,108.9964,28.3014,4.8619
4790.0,3.8613,49.6328,1.025,107.7662,28.1353,4.7625
4795.0,3.8589,49.6756,1.0575,109.6275,28.3146,4.9208
4800.0,3.8644,49.5275,1.0287,109.5328,28.2949,4.9365
4805.0,3.8687,49.9925,1.0268,110.3374,28.0536,4.6714
4810.0,3.8759,49.772,1.0195,109.3841,28.309,4.4007
4815.0,3.8834,49.8671,1.0375,108.4487,28.2916,4.5816
4820.0,3.8555,49.5494,1.0544,108.4291,28.0902,4.9301
4825.0,3.8638,49.7236,1.0217,107.915,28.3899,4.6445
4830.0,3.8748,49.9067,1.0494,109.5669,28.7416,4.7526
4835.0,3.8629,49.6642,1.0458,109.4432,28.8406,4.7679
4840.0,3.8717,49.775,1.0226,108.7321,27.849,4.6095
4845.0,3.8829,49.9816,1.0301,108.668,28.5594,4.7031
4850.0,3.8695,50.0373,1.047,110.5153,28.6343,4.573
4855.0,3.8711,50.177,1.0071,107.6899,28.304,4.7302
4860.0,3.8702,50.3805,1.0458,108.8013,28.2019,4.808
4865.0,3.8446,49.5332,1.0407,107.9994,28.1134,5.2005
4870.0,3.8586,49.7342,1.0397,108.3274,28.2699,4.7794
4875.0,3.8726,49.9585,1.0324,108.2555,28.655,4.593
4880.0,3.8691,49.4494,1.0405,109.8834,28.2641,4.5308
4885.0,3.861,50.2974,1.0101,107.1055,28.2229,5.0029
4890.0,3.88,49.8651,1.0293,108.7584,28.238,4.7847
4895.0,3.8778,50.1284,1.036,108.5466,28.4892,4.6825
4900.0,3.8924,50.011,1.0283,111.3901,28.7426,4.3416
4905.0,3.8734,49.8717,1.062,108.9616,28.2728,4.5432
4910.0,3.8637,50.0358,1.0596,108.9144,28.8032,4.6989
4915.0,3.8652,49.4717,1.028,108.4875,28.0491,4.723
4920.0,3.8684,49.3604,1.043,109.2797,28.2583,4.3541
4925.0,3.8728,49.4479,1.014,108.9962,28.752,4.5442
4930.0,3.8651,49.5204,1.0468,109.3842,28.3532,4.5986
4935.0,3.8805,49.307,1.0398,108.6417,28.3079,4.6806
4940.0,3.8693,50.336,1.0107,107.975,28.8333,5.0687
4945.0,3.8816,49.7942,1.0338,107.448,28.3856,4.7643
4950.0,3.8858,49.6636,1.0381,109.2234,28.3105,4.109
4955.0,3.8639,49.2527,1.0332,110.9033,28.8023,4.4697
4960.0,3.8781,49.0736,1.0336,108.67,29.2091,4.5172
4965.0,3.8715,50.1601,1.0294,109.3099,28.5238,4.5387
4970.0,3.8688,49.4043,1.0391,109.3597,28.6796,4.5351
4975.0,3.8827,50.0222,1.0438,109.9972,28.9764,4.637
4980.0,3.8791,49.8975,1.0715,109.313,28.5955,4.4606
4985.0,3.8749,50.4342,1.0237,109.8308,28.5223,4.5707
4990.0,3.8877,49.7725,1.0203,107.1245,28.3238,4.4188
4995.0,3.88,50.356,1.0446,109.6688,28.4375,4.2169
5000.0,3.8833,49.731,1.0536,111.0681,28.9611,4.5092
5005.0,3.8693,49.5648,1.0682,110.2042,28.7467,4.3125
5010.0,3.8759,49.9577,1.0249,108.0839,28.9805,4.5692
5015.0,3.8769,49.7161,1.0384,109.3318,28.9221,4.6373
5020.0,3.884,49.8084,1.0373,108.623,28.5115,4.5496
5025.0,3.8812,50.217,1.0389,109.212,28.2901,4.0914
5030.0,3.8915,49.9251,1.0664,108.0605,28.7164,4.4529
5035.0,3.8813,49.878,1.0244,108.7544,28.663,4.4558
5040.0,3.8851,49.8287,1.0213,108.5909,28.8691,4.3208
5045.0,3.8734,50.06,1.0399,110.2278,28.6107,4.4357
5050.0,3.8717,49.8048,1.0337,109.3654,28.5268,4.5811
5055.0,3.8751,49.8597,1.0235,108.5732,28.9073,4.4693
5060.0,3.8779,49.9285,1.045,110.3872,29.053,4.0184
5065.0,3.8757,49.7314,1.0493,109.544,29.0707,4.5741
5070.0,3.8866,49.9519,1.0209,108.6142,29.0675,4.5102
5075.0,3.8746,50.0328,1.0507,109.9531,28.5816,4.5037
5080.0,3.8729,50.3661,1.0358,109.1735,28.6247,4.3242
5085.0,3.8618,49.8719,1.0419,109.9482,28.9008,4.2259
5090.0,3.8829,50.2969,1.0175,107.6503,29.4751,4.5058
5095.0,3.8868,49.6679,1.0345,110.2689,29.2067,4.3403
5100.0,3.8749,49.9706,1.042,110.9222,28.6043,4.2544
5105.0,3.8846,50.1179,1.0478,110.0982,28.8142,4.3978
5110.0,3.8737,49.7615,1.0307,109.0545,28.9524,4.5462
5115.0,3.876,50.1259,1.0363,109.5017,28.6808,4.2499
5120.0,3.8912,49.7394,1.0237,108.9072,29.1405,4.3181
5125.0,3.8714,50.2189,1.0514,109.603,28.9575,4.2034
5130.0,3.8812,50.0605,1.0521,110.3213,28.8836,4.5168
5135.0,3.8815,49.7145,1.029,108.9688,29.241,4.2972
5140.0,3.8723,49.4919,1.0446,109.8167,28.607,4.4938
5145.0,3.8833,49.8446,1.0356,110.4111,28.8252,4.343
5150.0,3.8766,49.6158,1.0464,109.1541,28.8085,4.356
5155.0,3.8789,49.4466,1.0621,111.0732,28.77,4.2357
5160.0,3.8797,50.2558,1.0317,110.8052,28.9672,3.8996
5165.0,3.8854,49.9555,1.0514,111.1436,29.1677,4.0845
5170.0,3.8865,49.7069,1.0414,109.7731,29.426,4.1892
5175.0,3.8754,49.6668,1.0453,109.7461,29.3587,4.2695
5180.0,3.8879,49.854,1.0601,109.8067,28.9178,4.0699
5185.0,3.8709,49.3644,1.0437,109.8737,29.0689,4.4385
5190.0,3.8671,49.9692,1.0305,110.3304,29.3078,4.2988
5195.0,3.8731,49.8067,1.0309,108.6388,29.2122,4.2431
5200.0,3.8795,50.0528,1.0294,108.8345,29.5395,4.6529
5205.0,3.8797,50.2807,1.0459,108.8178,28.8067,4.5387
5210.0,3.8871,49.569,1.0553,109.6889,29.0947,3.9865
5215.0,3.8809,49.824,1.0442,111.5258,29.1059,4.2553
5220.0,3.8813,49.817,1.0403,110.1605,29.3294,3.9924
5225.0,3.8733,50.0807,1.0368,109.3326,28.9146,4.3558
5230.0,3.8827,49.8038,1.0229,107.9727,29.0142,4.3488
5235.0,3.8805,49.8155,1.041,109.6296,29.0043,4.5152
5240.0,3.8652,49.9845,1.0338,108.0172,29.0408,4.6735
5245.0,3.8723,50.2295,1.0595,108.9863,29.6054,4.4086
5250.0,3.8738,50.0429,1.0309,109.4168,29.5731,4.4646
5255.0,3.8592,49.8021,1.0441,110.0751,29.2883,4.0162
5260.0,3.8878,49.7802,1.0334,109.4817,29.211,4.2805
5265.0,3.8732,49.6879,1.0229,108.7998,28.7512,4.4125
5270.0,3.8823,49.5714,1.0438,109.5103,29.1786,4.4663
5275.0,3.8891,50.1755,1.0551,110.8606,29.3282,4.1065
5280.0,3.8861,49.1507,1.0457,110.1102,29.5147,4.0437
5285.0,3.9024,50.1908,1.0557,110.2383,29.5228,4.0459
5290.0,3.8776,49.7532,1.0496,110.078,29.5272,4.4713
5295.0,3.8887,49.6208,1.0455,109.3405,29.5334,4.0246
5300.0,3.8839,49.9671,1.0587,109.6887,29.4047,4.1742
5305.0,3.8718,49.375,1.0533,109.8365,29.0466,4.1569
5310.0,3.8832,49.9995,1.043,109.5373,29.3088,4.0792
5315.0,3.8876,50.1002,1.0256,109.9687,29.6406,4.1103
5320.0,3.8772,50.0837,1.0483,110.628,29.6121,4.126
5325.0,3.8669,49.8741,1.029,109.7771,29.4102,4.3288
5330.0,3.8773,50.0821,1.0419,108.5401,29.3331,4.2093
5335.0,3.8923,50.1455,1.0509,109.1029,29.5712,3.8424
5340.0,3.8763,50.6474,1.0329,109.4389,29.1816,4.2729
5345.0,3.8727,49.4041,1.0247,108.3802,29.0059,4.1936
5350.0,3.8883,49.9422,1.0475,111.0592,29.3387,3.9671
5355.0,3.8842,49.9234,1.0424,110.4932,29.5837,4.144
5360.0,3.8786,49.6833,1.0327,109.3659,29.5964,3.8027
5365.0,3.886,49.8963,1.0516,110.9978,29.6757,3.9135
5370.0,3.8953,50.1322,1.0582,111.1363,29.526,3.9084
5375.0,3.8765,49.9971,1.0392,108.9028,29.3525,3.8835
5380.0,3.8703,49.7094,1.0399,110.6155,29.8556,4.153
5385.0,3.8753,50.0283,1.0571,110.7236,29.8746,4.06
5390.0,3.8676,49.862,1.0429,108.7324,29.5692,4.3785
5395.0,3.8916,50.3346,1.0552,110.4166,29.1427,4.0262
5400.0,3.8769,49.0702,1.043,109.113,29.1769,4.2659
5405.0,3.8691,50.0198,1.0446,111.1245,29.5397,4.058
5410.0,3.8814,49.3638,1.0233,106.924,29.4729,4.0894
5415.0,3.8857,49.9052,1.0457,110.7824,30.1017,3.8009
5420.0,3.8734,50.4205,1.0626,110.0656,29.1219,3.9613
5425.0,3.9007,49.7967,1.0462,108.0716,29.445,3.8954
5430.0,3.8817,49.2546,1.0512,109.9385,29.3687,3.9219
5435.0,3.8812,50.3571,1.0419,108.8478,29.5586,3.9031
5440.0,3.8758,50.01,1.023,109.0307,29.8576,4.2078
5445.0,3.8848,50.253,1.0402,111.1922,29.4703,3.7802
5450.0,3.8802,49.8582,1.046,109.5781,29.7187,3.9045
5455.0,3.886,49.6679,1.0447,110.6216,29.6343,4.2044
5460.0,3.8703,50.1086,1.0462,110.8257,29.5362,4.1983
5465.0,3.8926,50.4279,1.0343,109.9379,29.4919,3.9229
5470.0,3.8786,49.5203,1.0426,109.8363,29.9057,3.8345
5475.0,3.8768,50.2033,1.0339,109.297,29.6764,3.9934
5480.0,3.8914,49.7521,1.0087,109.9336,30.1768,4.0457
5485.0,3.8836,50.0517,1.0382,109.3295,30.0613,4.1903
5490.0,3.886,50.6695,1.0277,109.9447,29.8189,3.7424
5495.0,3.8724,50.1026,1.0301,109.978,29.0864,3.9823
5500.0,3.8746,49.7086,1.0318,110.2048,29.3378,4.0544
5505.0,3.8793,49.4564,1.0518,109.2601,29.8586,4.0683
5510.0,3.8829,50.0539,1.0341,110.3564,29.4998,3.9463
5515.0,3.8887,50.4973,1.03,108.7393,29.8543,3.8667
5520.0,3.8817,50.1377,1.0276,110.5399,29.6931,4.0072
5525.0,3.8928,50.1353,1.0497,109.8262,30.0007,3.9377
5530.0,3.8783,50.0072,1.0415,110.0842,29.9757,4.2288
5535.0,3.8825,50.5475,1.0332,109.7246,29.4936,3.9228
5540.0,3.8797,49.9071,1.0273,110.2675,29.4734,4.2688
5545.0,3.8767,49.4551,1.0518,109.6732,29.3032,3.9853
5550.0,3.8748,49.7895,1.0174,108.3624,29.6479,4.1221
5555.0,3.8756,50.1744,1.0508,109.8142,29.2967,4.0036
5560.0,3.8772,49.7714,1.0529,110.9798,29.6002,3.8526
5565.0,3.8797,49.9738,1.0414,110.307,29.9387,3.777
5570.0,3.8769,50.3206,1.0435,110.5656,30.2969,3.9092
5575.0,3.8802,50.1056,1.0289,108.965,29.8052,3.8263
5580.0,3.8776,49.832,1.0429,110.0448,30.1337,3.793
5585.0,3.8846,50.0926,1.0302,110.076,29.9534,3.7829
5590.0,3.877,50.4692,1.0415,109.8779,30.0328,3.9032
5595.0,3.8768,49.4485,1.0396,109.7109,29.77,3.8073
5600.0,3.8902,50.0341,1.0368,109.5112,29.739,4.1288
5605.0,3.8788,49.5546,1.0503,110.3562,30.2043,4.084
5610.0,3.8782,49.6211,1.0223,108.0195,30.1043,3.9998
5615.0,3.8769,50.4062,1.0441,110.2902,29.9139,4.0898
5620.0,3.8781,49.6941,1.0386,110.8449,29.7007,4.221
5625.0,3.8797,49.6288,1.046,110.0457,29.8,4.1113
5630.0,3.8897,49.455,1.0366,110.4869,30.3435,3.891
5635.0,3.8833,50.195,1.0385,110.6699,29.9709,3.9891
5640.0,3.8888,49.7039,1.0361,109.4067,30.2275,4.0141
5645.0,3.88,49.628,1.0453,109.3687,29.785,3.8682
5650.0,3.883,49.8241,1.0476,109.8934,30.1533,3.7423
5655.0,3.8912,49.8029,1.0446,109.2476,30.0006,3.8065
5660.0,3.8787,49.8974,1.0535,110.5441,29.7924,3.8948
5665.0,3.8935,50.142,1.0406,110.3902,30.0551,3.5748
5670.0,3.8832,49.5941,1.0414,109.2994,29.5405,3.7753
5675.0,3.8841,49.6524,1.0537,110.5095,29.9087,3.9822
5680.0,3.9009,49.6736,1.0249,108.8249,30.0235,4.0651
5685.0,3.8815,50.0724,1.044,109.7374,30.2037,3.6594
5690.0,3.879,49.9098,1.0545,109.5412,30.2498,3.9315
5695.0,3.8878,50.3457,1.0476,110.5574,30.0927,4.0337
5700.0,3.8893,50.0351,1.0134,108.7112,30.0373,3.9856
5705.0,3.8885,49.5027,1.0253,108.7839,30.196,3.7987
5710.0,3.8824,50.2129,1.0354,109.1086,30.2767,4.0324
5715.0,3.888,49.7679,1.0432,109.3527,30.1841,4.0221
5720.0,3.879,49.6012,1.04,108.6173,29.9188,3.5315
5725.0,3.8743,49.8436,1.0112,110.0395,29.7449,3.9686
5730.0,3.8794,50.578,1.0463,110.0366,30.2337,3.7829
5735.0,3.8722,49.9051,1.0343,109.4642,29.8744,4.0166
5740.0,3.8783,50.0146,1.0265,110.021,29.7948,4.0033
5745.0,3.8963,50.4342,1.0267,108.4091,29.7201,3.8939
5750.0,3.8943,50.0564,1.0297,108.4025,29.9924,3.7729
5755.0,3.8733,50.2674,1.0284,109.4786,29.7538,3.8285
5760.0,3.8818,50.1383,1.0544,109.974,29.7422,3.8376
5765.0,3.891,49.3885,1.0526,110.549,29.8443,3.9864
5770.0,3.8799,49.8194,1.0378,110.3531,30.0487,4.1338
5775.0,3.8783,50.1308,1.0473,109.2996,30.1099,3.8549
5780.0,3.8705,50.1443,1.0337,109.7726,30.0737,3.7577
5785.0,3.8844,50.3624,1.0393,109.2342,29.7942,4.0604
5790.0,3.8777,49.9162,1.0416,110.5606,30.182,3.8666
5795.0,3.8804,49.7551,1.0439,110.0914,30.1068,4.1617
5800.0,3.8868,50.0957,1.05,110.9216,29.8916,3.8911
5805.0,3.8712,49.834,1.034,108.5616,29.9461,3.8827
5810.0,3.886,49.5584,1.0293,109.3455,29.8499,3.8244
5815.0,3.8834,50.2177,1.0238,110.9657,29.9374,3.863
5820.0,3.8884,50.4956,1.0279,109.1347,30.4816,3.8957
5825.0,3.8899,50.226,1.0168,109.5223,29.8675,3.9198
5830.0,3.8779,49.9821,1.0487,110.9206,30.1369,4.0168
5835.0,3.8851,50.3443,1.043,108.7687,29.8444,3.8924
5840.0,3.8739,50.0016,1.0452,109.1343,30.0399,3.7899
5845.0,3.8753,49.7098,1.0587,109.7913,29.8417,3.9007
5850.0,3.8962,50.1601,1.0342,110.397,30.3605,3.8467
5855.0,3.8822,49.9053,1.0405,110.7546,30.2582,3.9473
5860.0,3.876,50.8103,1.0272,110.1897,29.9911,3.9751
5865.0,3.8771,50.3548,1.0415,110.381,30.1077,3.8381
5870.0,3.8821,50.2373,1.0383,110.2766,30.1671,3.8076
5875.0,3.884,50.1258,1.0237,109.9756,30.0674,3.8141
5880.0,3.8829,49.8361,1.0483,110.8739,30.3314,3.8952
5885.0,3.8942,49.8185,1.0266,109.8295,29.8711,3.7417
5890.0,3.886,49.6724,1.0401,109.6258,30.3801,3.8845
5895.0,3.8743,49.7136,1.0508,109.2481,30.2105,3.8498
5900.0,3.8791,50.0638,1.0428,109.8862,30.152,3.7572
5905.0,3.8952,50.4204,1.053,110.6621,30.0624,3.7324
5910.0,3.8774,49.8946,1.0582,111.2249,29.9447,3.7432
5915.0,3.8734,49.8615,1.06,111.3992,30.0033,3.9454
5920.0,3.8768,50.628,1.0318,109.5967,30.3739,3.785
5925.0,3.8761,50.2255,1.0509,109.0613,29.9101,3.6661
5930.0,3.879,50.3151,1.0492,109.2427,30.1528,3.9618
5935.0,3.8742,49.345,1.0404,110.3544,29.695,4.0848
5940.0,3.8987,49.8047,1.017,108.843,30.2706,3.5907
5945.0,3.8854,50.0711,1.0366,109.3732,29.9181,4.0171
5950.0,3.8837,50.408,1.0381,110.6857,29.8818,3.8575
5955.0,3.8733,49.7319,1.0308,109.3317,30.2529,3.8735
5960.0,3.8917,50.2819,1.0455,111.2088,30.3135,3.8118
5965.0,3.8862,50.4057,1.035,109.9252,30.1093,3.6963
5970.0,3.8808,49.7384,1.0445,108.9561,30.1556,3.9027
5975.0,3.8847,50.1948,1.0459,110.2803,30.6199,3.8793
5980.0,3.8703,49.695,1.0402,110.32,30.1678,3.993
5985.0,3.874,50.209,1.0326,111.5635,30.209,3.5228
5990.0,3.8976,49.9074,1.0472,110.5112,30.3242,3.8949
5995.0,3.8868,49.6579,1.0391,108.749,30.2375,3.8623
6000.0,3.8721,49.8413,1.0302,109.099,30.2838,4.0714
6005.0,3.9016,50.0073,1.0527,110.4608,30.1788,3.5791
6010.0,3.8739,49.7728,1.0367,110.2494,30.3187,3.74
6015.0,3.8874,49.9965,1.0165,107.9354,30.3277,3.9621
6020.0,3.893,49.9594,1.0367,109.4893,30.2401,4.0834
6025.0,3.8679,49.4145,1.0289,107.8927,30.0027,3.8189
6030.0,3.8828,49.8582,1.0445,108.9169,30.1712,3.8509
6035.0,3.8714,50.2124,1.0317,108.4636,30.1546,4.0421
6040.0,3.8829,49.989,1.0226,109.7166,30.2871,4.135
6045.0,3.8834,49.9857,1.0344,109.7722,29.6623,4.0212
6050.0,3.8873,50.0163,1.0464,109.8246,30.2454,3.6383
6055.0,3.878,49.6347,1.038,108.8872,30.4218,3.9749
6060.0,3.8794,50.4302,1.0282,107.7932,30.3444,4.2382
6065.0,3.8862,49.7717,1.0646,109.5116,30.0338,3.9196
6070.0,3.8892,50.1077,1.0529,109.8948,30.14,4.0626
6075.0,3.8764,49.6347,1.0385,108.925,29.9251,4.0323
6080.0,3.8857,49.694,1.048,111.2578,30.3793,3.9564
6085.0,3.8681,49.4435,1.0502,109.1844,29.8239,3.905
6090.0,3.8881,50.2845,1.0484,110.4758,30.323,3.6997
6095.0,3.8817,49.85,1.0399,109.4532,30.265,4.0103
6100.0,3.8807,50.0302,1.0349,108.8018,30.2492,3.837
6105.0,3.8782,49.6407,1.0359,110.6028,29.9716,3.9092
6110.0,3.8822,50.3299,1.0218,110.3754,30.3652,3.9263
6115.0,3.8858,50.0866,1.0299,109.8662,29.5998,3.857
6120.0,3.8848,49.8373,1.0556,110.5337,30.3504,3.6661
6125.0,3.8751,49.4037,1.0461,109.1541,30.0594,4.0602
6130.0,3.8807,49.4692,1.0472,110.1371,30.3307,3.9695
6135.0,3.8903,49.8778,1.0455,110.5089,29.9022,4.0443
6140.0,3.8817,50.4017,1.058,111.0634,30.4538,3.8326
6145.0,3.8754,50.0024,1.0428,109.3771,29.8951,3.7116
6150.0,3.88,50.1564,1.0202,109.5786,30.1789,3.7583
6155.0,3.8848,49.7114,1.0371,111.1711,29.8961,3.8167
6160.0,3.8895,49.6076,1.0602,110.3196,30.024,3.6028
6165.0,3.878,50.2004,1.0434,109.7315,30.1467,3.9673
6170.0,3.8859,49.9676,1.0318,108.2808,30.1243,3.9112
6175.0,3.8733,49.482,1.0581,107.484,30.6364,3.8369
6180.0,3.8713,50.1166,1.037,110.0559,30.13,3.74
6185.0,3.8769,49.4751,1.0511,110.517,30.3914,3.6973
6190.0,3.882,49.4662,1.0599,110.3367,30.0146,3.7337
6195.0,3.8664,50.0802,1.0632,110.6865,29.886,4.0646
6200.0,3.8785,49.7857,1.0343,108.8356,29.6083,3.7191
6205.0,3.8829,49.6519,1.0492,111.0786,30.1753,3.6117
6210.0,3.8676,49.6084,1.0595,109.3721,29.9737,4.0035
6215.0,3.874,49.7463,1.0299,110.25,30.1534,3.704
6220.0,3.8816,50.8306,1.0417,110.4299,29.8813,3.8644
6225.0,3.8871,50.0817,1.0279,109.1562,29.8734,4.0478
6230.0,3.8751,50.1271,1.0274,108.1838,30.1492,3.7266
6235.0,3.8722,49.7589,1.0255,110.174,30.4986,3.6397
6240.0,3.8898,50.1144,1.0506,109.7764,29.8836,3.6757
6245.0,3.8747,49.9769,1.0284,108.5245,30.2978,3.786
6250.0,3.8784,49.5871,1.067,111.5308,30.3232,3.7179
6255.0,3.8684,49.8812,1.0501,109.7354,29.9432,3.8223
6260.0,3.8991,49.9944,1.0312,109.6993,30.0604,4.0604
6265.0,3.8792,50.1252,1.0425,110.0946,29.9234,3.8781
6270.0,3.8785,49.9815,1.041,110.2199,30.5679,3.7473
6275.0,3.8948,49.8394,1.0355,110.7752,30.0105,3.839
6280.0,3.8784,50.4642,1.0534,109.6953,29.9616,3.8428
6285.0,3.8841,50.0192,1.0386,109.9616,29.9263,3.869
6290.0,3.8911,49.7147,1.0744,113.0454,29.5734,3.8642
6295.0,3.8672,49.7632,1.0523,108.978,29.9056,3.6389
6300.0,3.888,49.8939,1.0369,110.6285,30.211,3.7702
6305.0,3.8616,50.2482,1.0365,109.5394,30.4043,3.7443
6310.0,3.8758,50.1011,1.0409,109.4626,29.959,3.7384
6315.0,3.8838,49.5802,1.0624,110.8733,29.8992,3.7565
6320.0,3.88,50.6885,1.0323,109.6627,29.9944,4.1579
6325.0,3.8897,50.0053,1.0429,109.6351,29.9689,3.9914
6330.0,3.8951,49.8556,1.0351,110.0363,29.7841,3.7302
6335.0,3.8953,49.7045,1.0183,109.7765,30.1787,3.9913
6340.0,3.8911,49.7948,1.0392,110.2429,30.3664,3.9835
6345.0,3.8879,49.9482,1.0259,109.8512,29.8178,3.9989
6350.0,3.8807,49.8936,1.0433,110.1318,30.1793,3.8504
6355.0,3.8674,50.105,1.0395,109.4688,30.1482,3.85
6360.0,3.8894,50.09,1.0552,111.0022,30.048,4.0418
6365.0,3.8819,50.0828,1.0154,110.4318,29.9513,4.1755
6370.0,3.8892,50.0481,1.0225,109.3826,30.0551,3.9374
6375.0,3.8771,50.2472,1.0434,109.0703,29.8843,4.223
6380.0,3.8757,49.8105,1.0383,108.9427,30.4839,3.6538
6385.0,3.8791,49.6033,1.0436,110.9116,29.7174,4.0617
6390.0,3.8862,50.0178,1.0448,109.8987,30.1492,3.9767
6395.0,3.8649,50.0693,1.0542,111.1123,30.2293,4.1035
6400.0,3.8904,49.9943,1.0484,109.699,29.6137,4.1662
6405.0,3.8866,50.1357,1.0371,109.7335,30.1676,3.8281
6410.0,3.8761,49.735,1.0472,109.7925,29.8173,3.9705
6415.0,3.888,49.7455,1.0401,111.7344,29.994,4.1354
6420.0,3.8829,49.5492,1.0476,111.094,29.7757,3.8157
6425.0,3.8968,50.2626,1.0475,109.9211,29.4371,4.16
6430.0,3.8894,50.3785,1.0323,109.474,30.0444,3.9192
6435.0,3.8743,50.2594,1.0146,109.9102,30.1623,4.1006
6440.0,3.8815,50.0719,1.0368,110.3421,29.6883,4.0597
6445.0,3.8929,49.728,1.055,110.0168,30.0321,3.5552
6450.0,3.8822,49.7673,1.0425,110.5557,29.7341,4.058
6455.0,3.882,49.9096,1.0403,110.1666,29.5321,3.9689
6460.0,3.8796,50.1682,1.0342,109.6427,30.1349,4.02
6465.0,3.882,50.074,1.0442,110.1304,30.2834,3.7894
6470.0,3.8867,50.3282,1.0432,110.217,29.5429,3.9123
6475.0,3.8871,49.9062,1.0283,111.1348,29.9251,3.9638
6480.0,3.8743,50.3391,1.0602,111.9777,29.5575,4.1942
6485.0,3.8861,49.6751,1.0518,110.4027,29.8526,4.2744
6490.0,3.8906,50.1627,1.0299,110.7607,29.979,4.2656
6495.0,3.8806,49.3678,1.0309,109.5229,30.1972,3.9495
6500.0,3.8895,49.3015,1.0467,108.1751,30.1596,3.973
6505.0,3.8895,50.0939,1.0539,109.732,30.1271,4.2183
6510.0,3.8847,50.2481,1.0282,109.651,29.7575,4.0329
6515.0,3.8727,50.3065,1.0496,110.5405,29.7499,3.845
6520.0,3.8791,50.104,1.0388,109.6012,29.3593,3.9354
6525.0,3.8802,50.0686,1.054,109.5491,29.5523,4.1403
6530.0,3.8883,49.3253,1.0408,110.956,29.3926,3.8376
6535.0,3.8733,49.837,1.031,110.6548,29.8034,3.8849
6540.0,3.8821,50.3062,1.0354,109.6968,29.5235,3.8165
6545.0,3.8773,50.0942,1.0517,110.8832,29.4015,4.0622
6550.0,3.8735,49.6742,1.0264,108.964,29.6147,3.8992
6555.0,3.88,50.3182,1.0513,111.5402,29.5127,4.0842
6560.0,3.8794,49.6366,1.0258,108.3193,29.8566,4.1066
6565.0,3.883,50.1026,1.0417,108.9273,29.8186,3.9274
6570.0,3.8831,50.2946,1.0226,108.1932,29.5554,4.2028
6575.0,3.8944,49.8881,1.0252,108.7388,29.5899,4.2943
6580.0,3.8754,49.6247,1.033,108.9605,29.3298,3.8766
6585.0,3.8785,50.0446,1.0362,108.8151,29.925,4.0304
6590.0,3.8908,49.6255,1.0471,108.8898,29.883,3.8429
6595.0,3.8913,50.3553,1.0283,108.8289,29.7928,3.9048
6600.0,3.8729,50.072,1.0653,110.6155,29.5061,4.1727
6605.0,3.8731,49.8845,1.0328,109.436,29.4301,4.2793
6610.0,3.8785,49.9432,1.0277,109.7789,29.9742,4.2341
6615.0,3.8874,49.2735,1.0513,110.0288,29.5332,4.0376
6620.0,3.8869,50.4036,1.0374,110.0705,29.6471,4.0613
6625.0,3.8969,50.2523,1.0509,109.3868,29.7356,3.9941
6630.0,3.8899,49.7281,1.046,110.3122,29.7092,4.1619
6635.0,3.8825,49.9344,1.0594,109.5554,29.0455,4.017
6640.0,3.8827,49.8378,1.0676,110.7791,29.1585,4.1532
6645.0,3.8833,50.6382,1.0304,109.4629,29.3854,3.9256
6650.0,3.8703,50.3772,1.0413,108.686,29.9007,4.0582
6655.0,3.8854,49.9646,1.0319,108.6133,29.89,4.2275
6660.0,3.8717,50.4674,1.0541,109.4359,29.8364,3.9466
6665.0,3.8823,50.3698,1.0548,111.0379,29.7216,3.9904
6670.0,3.8836,49.5572,1.0222,109.0812,29.3603,4.2497
6675.0,3.8819,49.9297,1.0345,109.6571,29.7955,4.0341
6680.0,3.8917,49.8192,1.0319,110.631,29.3265,4.1278
6685.0,3.882,50.1567,1.0415,111.3674,29.6565,4.1988
6690.0,3.8886,49.7454,1.0312,109.778,29.4668,4.0648
6695.0,3.8782,50.1806,1.048,109.7869,29.5969,4.1813
6700.0,3.8913,49.7209,1.033,108.5973,29.1155,4.2044
6705.0,3.8793,50.7093,1.0163,110.128,29.2362,4.2478
6710.0,3.8727,50.2633,1.0207,108.971,29.792,4.1171
6715.0,3.8727,50.3883,1.0371,109.4768,29.6223,4.1732
6720.0,3.8844,49.9704,1.0301,110.9463,29.0512,4.1092
6725.0,3.8696,50.3594,1.0431,109.2532,29.8312,4.435
6730.0,3.8714,50.0697,1.0204,107.6652,29.2135,4.0238
6735.0,3.8803,50.3609,1.0495,109.3216,29.4921,4.1493
6740.0,3.8721,49.5931,1.0454,109.2432,29.3833,4.141
6745.0,3.885,49.5958,1.036,110.3764,29.2206,4.2488
6750.0,3.8852,49.9065,1.0371,110.3793,29.7909,4.1142
6755.0,3.8717,50.0137,1.0456,110.1076,29.9976,3.9814
6760.0,3.8872,49.7727,1.0219,108.4847,29.5525,3.9873
6765.0,3.8884,49.6582,1.0693,110.7781,29.7982,3.9491
6770.0,3.8703,50.1237,1.0671,110.5807,29.2856,4.1526
6775.0,3.8807,50.207,1.0347,108.5898,29.511,4.2329
6780.0,3.8709,49.6598,1.0346,108.887,29.5528,4.12
6785.0,3.885,50.0467,1.0366,110.6587,29.2351,4.1601
6790.0,3.8717,50.2048,1.0453,109.7361,29.5768,3.9892
6795.0,3.8874,49.7614,1.0234,109.7582,29.5812,4.0637
6800.0,3.9014,50.0512,1.0483,109.9406,29.4096,3.8962
6805.0,3.8843,50.527,1.0168,109.0089,29.0083,4.1137
6810.0,3.8789,49.9617,1.044,110.9886,29.5659,4.3083
6815.0,3.8916,50.2493,1.0453,109.0812,29.1555,4.1904
6820.0,3.8741,50.0438,1.0423,109.813,29.2861,4.3216
6825.0,3.884,50.3788,1.0682,109.2865,29.3926,4.3821
6830.0,3.876,49.9234,1.0258,109.8709,29.1922,4.3738
6835.0,3.8879,50.0867,1.044,110.8152,29.4434,4.0076
6840.0,3.8916,49.8638,1.0202,109.2984,29.5353,4.1557
6845.0,3.8698,49.5661,1.0392,109.204,29.1628,4.3001
6850.0,3.885,50.3031,1.0291,108.5909,29.4494,4.0582
6855.0,3.8909,49.8553,1.0282,110.2554,29.28,4.085
6860.0,3.883,50.3131,1.0501,108.9956,29.6053,3.9003
6865.0,3.8797,49.1721,1.029,108.4041,29.2549,4.0548
6870.0,3.8851,50.1511,1.0285,108.8067,29.315,4.148
6875.0,3.8788,50.061,1.053,109.0807,28.8906,4.1661
6880.0,3.8673,50.3149,1.0441,109.5911,29.8871,4.1559
6885.0,3.8685,50.0939,1.0237,108.5904,29.6613,3.9148
6890.0,3.8729,49.944,1.0317,109.4504,29.3272,3.7669
6895.0,3.8854,50.178,1.0485,110.7994,29.2746,4.1414
6900.0,3.8993,50.0813,1.0609,109.7233,28.6355,4.0006
6905.0,3.8904,49.692,1.0617,110.9756,29.5994,3.8896
6910.0,3.8862,50.2312,1.0593,109.8878,29.4016,3.8503
6915.0,3.8819,50.0294,1.0509,109.0745,29.5961,3.8539
6920.0,3.8852,49.116,1.079,111.1542,29.2876,4.1436
6925.0,3.9024,50.6684,1.0409,109.7763,29.1529,4.165
6930.0,3.8797,49.8661,1.041,110.4218,29.0856,4.1798
6935.0,3.8826,49.5436,1.0525,110.0133,29.538,4.212
6940.0,3.8763,49.9517,1.0587,109.9942,29.5573,4.1021
6945.0,3.878,50.2145,1.0422,110.3197,29.553,4.0852
6950.0,3.8886,49.8791,1.058,111.167,29.3492,4.2025
6955.0,3.872,49.7972,1.05,110.0153,29.2298,4.1684
6960.0,3.8732,49.9538,1.0343,108.8677,28.9333,4.3151
6965.0,3.8923,49.4002,1.0528,109.4333,29.1504,4.0697
6970.0,3.8855,49.461,1.0329,110.0611,29.3841,3.964
6975.0,3.8768,49.754,1.0364,109.3699,29.0751,3.9937
6980.0,3.8883,50.0866,1.0449,110.3429,29.7029,3.866
6985.0,3.8785,49.0781,1.0548,110.2007,29.5614,3.8333
6990.0,3.8833,49.3429,1.0241,109.1468,29.0469,4.1293
6995.0,3.8858,49.6375,1.0533,109.9052,28.9302,4.0639
7000.0,3.8714,49.4312,1.0304,109.2154,29.0134,4.1437
7005.0,3.874,49.7284,1.0422,110.1129,29.5147,4.0817
7010.0,3.8818,49.6855,1.0485,109.5508,29.0112,4.0582
7015.0,3.8911,49.7018,1.0268,110.525,29.4134,4.1566
7020.0,3.8797,50.1548,1.0416,109.8446,29.0876,4.1243
7025.0,3.8887,50.189,1.0386,109.8806,29.389,4.2049
7030.0,3.871,49.5593,1.055,108.6292,29.1997,3.9358
7035.0,3.8941,49.9444,1.0186,108.0261,29.3582,3.8151
7040.0,3.8936,50.1072,1.0571,108.7463,29.6538,3.7887
7045.0,3.8817,50.3076,1.0584,111.5396,29.6129,3.7772
7050.0,3.8744,49.9478,1.0711,111.13,29.0727,4.1816
7055.0,3.8847,50.0382,1.0271,110.1601,29.1237,3.7067
7060.0,3.8812,50.1066,1.0527,109.667,28.8245,3.8825
7065.0,3.883,50.301,1.0556,110.2589,29.1874,4.0742
7070.0,3.8715,50.1852,1.0545,109.436,29.3304,4.0166
7075.0,3.8914,50.5659,1.0404,109.4906,29.087,3.9027
7080.0,3.8913,50.0104,1.0485,110.4149,28.9891,3.8043
7085.0,3.8758,50.1439,1.036,110.2344,29.4585,3.8817
7090.0,3.8689,49.8726,1.0556,109.8625,29.5084,4.1665
7095.0,3.8881,49.6547,1.052,110.9474,29.2688,3.6458
7100.0,3.8846,49.7407,1.0514,111.0932,28.7957,3.8936
7105.0,3.8751,50.0535,1.0296,110.4861,29.3128,3.8894
7110.0,3.8879,49.8432,1.0679,112.2586,29.1317,3.8341
7115.0,3.8793,49.6524,1.0275,108.8501,29.5217,3.5048
7120.0,3.8892,50.2848,1.0253,109.7131,28.6916,3.8264
7125.0,3.8876,49.7924,1.023,109.4347,28.9705,3.5992
7130.0,3.88,50.0853,1.0135,108.8202,29.0303,3.749
7135.0,3.886,49.9375,1.033,109.2599,29.0348,3.9088
7140.0,3.8893,50.0384,1.0381,110.5669,29.2886,3.7114
7145.0,3.8863,49.9849,1.0442,110.5437,28.6584,3.5956
7150.0,3.893,49.7433,1.069,112.1509,29.084,3.7147
7155.0,3.883,49.8376,1.0352,108.2497,29.3812,3.7515
7160.0,3.8882,49.6381,1.0249,109.1687,29.45,3.6147
7165.0,3.8781,49.871,1.0491,111.3906,29.1026,3.9666
7170.0,3.8728,50.0037,1.0395,108.4061,28.958,3.9184
7175.0,3.899,50.0271,1.0479,109.8594,29.2279,3.5791
7180.0,3.8956,50.0581,1.061,109.7551,29.056,3.7596
7185.0,3.8762,50.0951,1.0357,109.7027,29.097,3.3902
7190.0,3.8737,49.8575,1.0293,109.712,28.1458,3.5306
7195.0,3.8853,49.6175,1.039,110.6365,28.8539,3.5142
7200.0,3.8845,50.5468,1.0428,109.5101,29.0597,3.7709
7205.0,3.8758,50.0011,1.0501,110.9598,29.297,3.5351
7210.0,3.8775,49.6221,1.0409,109.974,28.7,3.7158
7215.0,3.8679,50.1329,1.0228,109.8874,28.9407,3.3068
7220.0,3.8808,50.8471,1.0248,109.0621,29.1555,3.434
7225.0,3.8803,50.301,1.0382,109.5515,28.8746,3.7131
7230.0,3.873,50.0765,1.0388,109.7393,29.2623,3.3901
7235.0,3.8852,50.5313,1.0473,109.4741,29.0048,3.3634
7240.0,3.8844,50.1263,1.0566,110.471,29.5139,3.2385
7245.0,3.8758,50.0891,1.0412,110.2179,29.0989,3.3594
7250.0,3.886,50.5873,1.0302,108.3847,29.1185,3.4232
7255.0,3.8867,49.7214,1.0246,108.3144,29.293,3.4955
7260.0,3.8759,50.3687,1.052,110.3768,28.9848,3.2667
7265.0,3.8908,49.7037,1.0384,110.8008,29.3606,3.5475
7270.0,3.8869,49.9282,1.0485,110.6145,29.2762,3.2326
7275.0,3.8786,49.981,1.0597,109.832,29.0782,3.2386
7280.0,3.8741,49.6165,1.0562,111.4829,29.1067,3.2432
7285.0,3.8817,49.7731,1.0349,109.7005,29.8257,3.2521
7290.0,3.8838,50.2928,1.0484,111.1201,29.2015,3.5743
7295.0,3.8891,50.9033,1.0756,110.9182,29.0931,3.4202
7300.0,3.8798,50.3011,1.0467,109.3406,29.0887,3.5506
7305.0,3.8842,50.3438,1.0648,110.1343,29.4442,3.1567
7310.0,3.9002,50.1225,1.0316,110.0009,28.6961,3.295
7315.0,3.8939,49.5646,1.024,109.4157,29.0187,3.3578
7320.0,3.876,49.6674,1.0363,109.0883,28.4199,3.7639
7325.0,3.8789,50.357,1.039,109.9716,29.0463,3.3493
7330.0,3.8726,50.0556,1.0346,110.1697,29.3214,3.5898
7335.0,3.888,50.1086,1.0353,109.1832,29.4441,3.3733
7340.0,3.9013,49.5473,1.0393,110.5522,29.189,3.6384
7345.0,3.8837,49.9673,1.047,110.8318,29.3424,3.3229
7350.0,3.8708,49.7432,1.0481,110.0006,28.8266,3.3671
7355.0,3.8892,50.2911,1.0557,109.5928,28.9714,3.2444
7360.0,3.8994,49.2906,1.0462,110.2785,29.4183,3.2461
7365.0,3.8909,50.026,1.0329,109.4464,28.955,3.4686
7370.0,3.8978,49.7128,1.0405,109.8817,29.1373,3.4629
7375.0,3.8949,50.381,1.0146,108.1428,28.8596,3.1642
7380.0,3.8856,50.0164,1.0441,108.967,28.8471,3.2223
7385.0,3.8863,49.9794,1.0145,109.8182,28.9106,3.44
7390.0,3.8653,50.7167,1.0499,109.5192,28.8933,2.989
7395.0,3.8856,49.2068,1.0349,109.6363,29.3399,3.455
7400.0,3.8811,50.3739,1.0298,109.7783,29.2196,3.4715
7405.0,3.8844,49.6742,1.0277,108.4438,29.2508,3.1707
7410.0,3.8963,50.4801,1.0286,109.7754,28.8296,3.1804
7415.0,3.8837,50.5426,1.0422,110.5158,29.4036,2.9398
7420.0,3.8645,49.7222,1.0437,108.6441,29.2149,3.3308
7425.0,3.885,50.0471,1.047,111.9406,29.6299,3.2649
7430.0,3.8818,49.8814,1.054,110.8922,29.0628,3.0447
7435.0,3.8802,50.0705,1.0244,109.4427,28.7199,3.2399
7440.0,3.8939,49.6969,1.0505,109.8964,29.5347,3.1663
7445.0,3.8894,50.0861,1.0355,109.0626,29.0198,3.3014
7450.0,3.8955,50.2727,1.0493,110.2703,28.5591,2.9974
7455.0,3.886,49.9695,1.0442,110.8707,29.0977,3.1739
7460.0,3.883,50.0004,1.0404,109.8917,29.1588,3.3372
7465.0,3.9052,49.9321,1.023,108.9301,29.5443,3.2259
7470.0,3.8891,50.1005,1.0361,109.971,28.3496,3.1551
7475.0,3.8922,49.634,1.0461,109.4639,29.3441,3.0734
7480.0,3.8817,49.6643,1.0409,110.2931,28.8332,2.9334
7485.0,3.8847,49.9009,1.0817,112.6357,29.5997,3.021
7490.0,3.8869,49.7911,1.0612,110.7374,28.621,2.9815
7495.0,3.8874,49.7919,1.0343,109.1626,29.2894,2.9455
7500.0,3.8779,50.0939,1.0317,111.3362,29.2905,3.3225
7505.0,3.8936,50.6512,1.0244,108.9244,29.0962,3.0858
7510.0,3.8852,49.6287,1.0623,110.7268,28.9667,3.2531
7515.0,3.8819,50.6066,1.0404,108.3171,28.9724,3.1379
7520.0,3.8934,49.9949,1.0474,110.7633,29.163,3.2695
7525.0,3.8763,49.5694,1.0318,109.8926,28.8752,3.1423
7530.0,3.886,49.2525,1.056,109.7209,29.3611,3.2853
7535.0,3.8832,50.1014,1.0409,110.5585,28.9164,3.0991
7540.0,3.8769,49.7287,1.0442,109.0221,29.3431,3.2116
7545.0,3.8846,50.3523,1.0372,108.4266,28.6667,3.1979
7550.0,3.888,49.9834,1.053,108.6908,29.3112,3.2901
7555.0,3.9044,50.4166,1.0534,111.781,29.0334,3.3297
7560.0,3.8763,49.7421,1.025,108.3486,29.1045,2.9055
7565.0,3.8819,49.4443,1.0434,109.5292,29.2076,2.8817
7570.0,3.8892,49.3682,1.0128,107.7167,28.9724,3.1067
7575.0,3.8791,50.378,1.0735,110.0968,29.0241,3.1071
7580.0,3.8888,50.0413,1.0373,110.1736,29.0005,2.7195
7585.0,3.8763,50.0277,1.0418,108.2435,29.4899,2.9054
7590.0,3.8803,49.8661,1.0375,111.1362,28.9249,2.8145
7595.0,3.886,49.3956,1.0519,110.4689,29.0121,2.8622
7600.0,3.889,50.1509,1.0419,111.0262,28.6289,2.9012
7605.0,3.8982,50.4229,1.043,110.1225,29.6069,2.9449
7610.0,3.8724,49.5313,1.0582,110.0654,28.9282,2.7331
7615.0,3.8786,49.9612,1.0412,109.4875,28.7426,2.8765
7620.0,3.883,49.7045,1.0412,110.498,28.9815,2.7561
7625.0,3.8912,49.8279,1.0287,110.7808,28.9623,2.8894
7630.0,3.8684,49.3664,1.0451,108.8741,29.4951,2.6733
7635.0,3.8744,49.6615,1.0703,111.0458,29.0644,2.6642
7640.0,3.8818,49.7124,1.0509,109.9304,29.2988,2.2917
7645.0,3.8772,49.6367,1.0467,109.1559,28.7302,2.5255
7650.0,3.8801,49.6804,1.0362,109.9449,29.2783,2.7925
7655.0,3.8825,49.6554,1.0651,111.8134,28.8015,2.6332
7660.0,3.8776,50.1939,1.0608,109.4963,29.099,3.0566
7665.0,3.8919,50.0141,1.0461,110.438,29.1592,2.8215
7670.0,3.8797,50.1641,1.035,109.8365,29.1182,2.8337
7675.0,3.8809,50.0249,1.0215,110.7676,29.4446,2.6247
7680.0,3.8823,50.1959,1.0445,109.8652,28.925,2.3445
7685.0,3.8921,49.7071,1.043,109.1048,28.8592,2.5827
7690.0,3.8804,49.8348,1.0353,111.1577,29.3268,2.7483
7695.0,3.8727,50.515,1.0519,110.074,29.3453,2.8361
7700.0,3.8803,50.1093,1.0214,108.8135,29.642,2.693
7705.0,3.8896,49.3729,1.0424,109.0229,28.9603,2.7358
7710.0,3.879,49.9158,1.073,111.1369,28.8281,2.6612
7715.0,3.8931,49.3934,1.0241,108.7919,29.3245,2.6153
7720.0,3.8914,49.9319,1.0399,109.999,29.0696,2.8656
7725.0,3.8825,50.1192,1.0656,110.3522,28.9983,2.4166
7730.0,3.8842,50.1577,1.0646,110.6006,29.5412,2.4441
7735.0,3.887,50.5336,1.0373,109.5672,29.4225,2.6501
7740.0,3.8887,49.912,1.0618,109.3609,29.0837,2.4538
7745.0,3.8861,50.2001,1.0497,109.5265,29.3143,2.7899
7750.0,3.901,49.9555,1.0451,110.0226,29.2265,2.5817
7755.0,3.8768,49.9281,1.0307,108.0945,29.2277,2.8807
7760.0,3.888,50.1224,1.0363,109.8494,29.0827,2.5934
7765.0,3.8818,50.0017,1.0404,110.3378,28.7515,2.6656
7770.0,3.889,49.9249,1.0463,110.0758,29.0106,2.6328
7775.0,3.8853,50.4241,1.0341,111.0187,29.0639,2.5706
7780.0,3.8711,49.931,1.0374,109.7853,29.3303,2.4875
7785.0,3.8914,49.4836,1.0444,109.7145,28.8906,2.5564
7790.0,3.8944,49.7614,1.0595,110.7702,29.3983,2.5195
7795.0,3.8888,49.7841,1.031,108.823,29.1544,2.8559
7800.0,3.8749,50.3931,1.0774,110.4734,29.0459,2.6355
7805.0,3.8737,50.011,1.0336,110.8829,28.9482,2.7571
7810.0,3.8756,49.4729,1.0503,110.2927,29.4328,2.4287
7815.0,3.8937,50.2143,1.0551,109.877,29.422,2.6496
7820.0,3.8956,49.9155,1.0403,110.0182,29.5041,2.6067
7825.0,3.8944,49.8918,1.0265,111.2191,29.4083,2.654
7830.0,3.8713,49.7559,1.0365,109.0244,29.4321,2.4644
7835.0,3.8824,49.6424,1.0338,111.0149,29.4583,2.5283
7840.0,3.8833,49.7039,1.043,111.5572,28.7632,2.5393
7845.0,3.883,49.9233,1.0412,110.3198,29.2489,2.6917
7850.0,3.8857,50.2022,1.0427,110.1246,29.012,2.4505
7855.0,3.8911,49.6511,1.0154,109.5485,29.6396,2.1726
7860.0,3.8819,50.2693,1.0317,110.6501,29.4149,2.5032
7865.0,3.8892,50.381,1.0339,109.9632,29.6618,2.6109
7870.0,3.8803,50.2603,1.0361,111.057,29.0457,2.4861
7875.0,3.8963,49.9781,1.0344,108.5259,29.4223,2.4812
7880.0,3.888,49.7445,1.0185,109.4758,29.3083,2.413
7885.0,3.8801,50.4112,1.0383,110.3651,29.1759,2.1193
7890.0,3.8859,49.9127,1.0343,110.698,29.4311,2.6239
7895.0,3.8911,50.0032,1.0297,109.3948,29.595,2.6421
7900.0,3.9006,49.4842,1.0449,110.5607,29.1939,2.6159
7905.0,3.879,50.4248,1.0324,110.2247,28.6446,2.4804
7910.0,3.8703,50.4322,1.0414,110.5464,29.7186,2.5364
7915.0,3.8853,49.8607,1.0222,107.7379,29.2085,2.538
7920.0,3.872,50.2348,1.0408,111.3117,29.5819,2.5471
7925.0,3.8779,50.4006,1.0194,108.762,29.473,2.6622
7930.0,3.8833,50.2506,1.056,110.434,29.3253,2.7356
7935.0,3.8736,50.0726,1.0448,110.7033,29.3973,3.0041
7940.0,3.8883,49.7455,1.0261,109.3031,29.0848,2.6653
7945.0,3.8753,49.9952,1.0362,109.9819,29.4816,2.7608
7950.0,3.8853,49.8865,1.0308,109.9148,29.5491,2.6789
7955.0,3.8867,49.6196,1.0339,110.578,29.0518,2.5029
7960.0,3.8708,50.5411,1.0587,111.2724,29.285,2.6555
7965.0,3.8721,49.5881,1.0333,110.1209,29.4877,2.4678
7970.0,3.8869,49.6864,1.0149,109.4364,29.6589,2.5383
7975.0,3.8813,49.5719,1.038,110.74,29.4829,2.5961
7980.0,3.884,49.9895,1.0542,111.4448,29.2361,2.5264
7985.0,3.8933,49.3939,1.0508,108.2581,29.36,2.4417
7990.0,3.8982,49.7694,1.0498,110.5198,29.7097,2.7521
7995.0,3.8807,49.776,1.0551,111.503,29.1409,2.5494
8000.0,3.8925,49.1949,1.0481,110.141,29.4289,2.6974
8005.0,3.8806,50.5902,1.0374,109.5216,29.1546,2.3358
8010.0,3.8851,49.9304,1.0574,112.1858,29.3907,2.3301
8015.0,3.8795,49.8052,1.0405,109.9738,29.519,2.168
8020.0,3.8653,49.9469,1.04,109.9354,29.5693,2.4382
8025.0,3.8783,49.6406,1.0536,110.714,28.9305,2.5634
8030.0,3.8818,50.0206,1.0419,109.8943,29.4639,2.28
8035.0,3.881,50.2153,1.0642,110.7475,29.1562,2.285
8040.0,3.8864,49.9736,1.0371,110.201,29.5549,2.3833
8045.0,3.8769,50.7321,1.04,109.9764,29.7733,2.3737
8050.0,3.882,49.9431,1.0397,111.0709,29.7063,2.2468
8055.0,3.875,50.1527,1.0525,111.9674,29.4055,2.1769
8060.0,3.8797,50.547,1.0186,108.8964,29.6599,2.0859
8065.0,3.8802,50.0954,1.0314,110.4752,29.2832,2.2634
8070.0,3.8866,49.272,1.029,108.8394,29.4158,2.2661
8075.0,3.8935,50.119,1.0432,109.4786,29.743,2.2683
8080.0,3.8842,49.9764,1.0419,109.3927,29.1149,2.3448
8085.0,3.8806,50.5158,1.0474,109.4984,29.4017,2.6883
8090.0,3.8934,50.2903,1.0436,110.2556,29.3335,2.5427
8095.0,3.8897,49.5465,1.0401,108.4851,29.3765,2.0766
8100.0,3.8799,50.2959,1.0326,109.299,29.5209,2.1603
8105.0,3.887,50.2529,1.0258,108.7357,29.2173,2.3216
8110.0,3.8773,50.1684,1.0293,109.736,29.4097,1.9948
8115.0,3.8834,50.2729,1.0423,109.579,29.3493,2.2841
8120.0,3.9,50.3689,1.0413,110.2304,29.0484,1.974
8125.0,3.8941,49.9957,1.0369,109.6905,29.4972,2.151
8130.0,3.8862,50.1718,1.052,109.9499,29.5434,2.0829
8135.0,3.8726,49.9013,1.0411,110.1064,29.7972,2.1076
8140.0,3.8811,50.1284,1.0475,110.9116,29.3056,2.2112
8145.0,3.8765,49.6543,1.0327,110.4026,29.0736,1.872
8150.0,3.8845,50.4508,1.046,110.2761,29.2108,2.4573
8155.0,3.8858,49.7645,1.0534,111.2166,29.4857,2.1747
8160.0,3.8907,50.5633,1.0409,108.7373,29.3391,2.0991
8165.0,3.8802,49.9847,1.0463,110.2501,29.4758,2.2367
8170.0,3.8883,50.1515,1.0434,110.5194,29.253,2.4562
8175.0,3.8872,49.886,1.0388,108.2005,29.7643,2.538
8180.0,3.8842,50.6653,1.0379,108.7581,29.9602,2.3181
8185.0,3.8901,50.0865,1.0455,110.5142,29.1988,2.2053
8190.0,3.8908,50.1806,1.0135,108.5477,29.6035,2.1848
8195.0,3.8759,49.9162,1.0366,110.0272,29.4478,2.0525
8200.0,3.8866,49.4455,1.0346,109.8767,29.3881,2.0939
8205.0,3.8914,50.1339,1.0613,111.2877,29.2743,2.4192
8210.0,3.8906,50.1118,1.0723,112.0168,29.8171,2.1579
8215.0,3.8793,50.253,1.0476,110.4758,29.7546,2.1985
8220.0,3.8829,50.1181,1.0543,109.8693,29.034,2.2317
8225.0,3.8788,49.5084,1.0575,109.7491,29.8689,2.2409
8230.0,3.8847,49.9589,1.0311,109.239,29.4378,2.2851
8235.0,3.8829,49.9641,1.0026,108.1252,29.3571,2.5065
8240.0,3.8838,50.3018,1.0256,110.5062,29.2767,2.1718
8245.0,3.8788,50.0155,1.0317,109.8876,29.6618,2.0952
8250.0,3.8957,50.1181,1.0517,111.1132,29.5479,2.2055
8255.0,3.8843,50.4145,1.0297,109.5627,29.2835,2.2179
8260.0,3.893,49.6815,1.0604,110.195,29.1632,1.7392
8265.0,3.8763,50.3893,1.0416,110.8423,29.4296,2.0912
8270.0,3.8704,50.3041,1.0279,110.0852,29.3377,2.3014
8275.0,3.8916,50.4112,1.0418,109.7596,29.7039,2.5069
8280.0,3.8846,49.1767,1.0346,108.7415,29.5833,1.8991
8285.0,3.8854,49.993,1.0443,110.3256,29.308,2.3344
8290.0,3.88,49.9593,1.0312,110.0245,28.9926,2.2279
8295.0,3.8782,49.6769,1.0547,110.316,28.9643,2.1892
8300.0,3.8862,50.6836,1.0389,108.7813,29.6056,2.1407
8305.0,3.8842,50.4615,1.0558,110.6791,29.2076,2.208
8310.0,3.8825,49.7399,1.0574,111.1288,29.3424,2.0172
8315.0,3.8749,49.3874,1.0389,110.5724,28.9001,2.335
8320.0,3.8893,50.0471,1.0449,110.4632,29.653,2.38
8325.0,3.8779,50.083,1.0626,109.1894,29.8674,2.4127
8330.0,3.8957,50.2617,1.0367,110.7966,29.1193,2.3692
8335.0,3.8882,50.7745,1.0417,108.2797,29.5623,2.1626
8340.0,3.8814,49.8513,1.0432,108.75,29.5535,2.3139
8345.0,3.8895,49.9057,1.0442,110.159,29.7095,2.0186
8350.0,3.8769,49.6272,1.0505,111.02,29.3206,2.2898
8355.0,3.8714,50.243,1.0278,110.5071,29.5749,2.4046
8360.0,3.8871,49.8357,1.0494,111.1887,29.5819,2.2666
8365.0,3.8893,49.885,1.0259,109.2681,29.5308,1.8744
8370.0,3.8737,49.6404,1.0329,109.459,29.2634,2.2615
8375.0,3.8875,49.8964,1.0515,111.6746,29.4525,2.0422
8380.0,3.8758,49.9426,1.04,109.4313,29.521,2.1177
8385.0,3.882,50.2668,1.0045,108.948,29.7673,2.075
8390.0,3.8923,50.0022,1.0426,109.9553,29.6533,2.0023
8395.0,3.8761,50.0919,1.0489,109.6931,29.1263,2.3307
8400.0,3.8861,49.5249,1.0485,111.0605,29.0807,2.0723
8405.0,3.8908,49.72,1.0444,110.644,29.5515,2.3011
8410.0,3.8828,50.2048,1.0334,108.8841,29.0709,1.9621
8415.0,3.9074,50.0824,1.0699,111.8713,29.6034,2.0293
8420.0,3.8845,50.4123,1.0585,110.5332,29.3487,2.056
8425.0,3.8856,50.0801,1.0378,109.437,29.7899,2.1683
8430.0,3.8886,49.785,1.0456,110.5336,29.9308,2.1489
8435.0,3.8814,49.465,1.0489,111.1373,29.2959,2.4719
8440.0,3.8876,50.0978,1.0393,110.2278,29.3795,2.063
8445.0,3.8836,50.4135,1.0359,111.111,29.6745,2.2841
8450.0,3.8921,49.9591,1.0457,110.2325,29.6637,2.1289
8455.0,3.8911,49.9432,1.057,110.6185,29.7698,1.7039
8460.0,3.8678,50.0445,1.0584,110.3979,29.4525,2.0025
8465.0,3.8858,50.2481,1.0543,110.3854,29.2887,2.0678
8470.0,3.8794,49.9338,1.0434,110.4554,29.368,2.1404
8475.0,3.8879,49.5031,1.0422,111.7085,29.1985,2.1345
8480.0,3.8923,50.1125,1.0539,109.9956,29.4729,2.2854
8485.0,3.8801,49.931,1.0469,110.0934,29.1483,2.0584
8490.0,3.8825,50.3214,1.0399,109.3083,29.6135,1.7556
8495.0,3.8838,50.0632,1.026,109.1218,29.3841,1.8976
8500.0,3.8836,49.7158,1.0359,108.5732,29.4236,1.8712
8505.0,3.8816,50.0239,1.0472,110.5149,29.2106,1.7616
8510.0,3.89,50.7826,1.0397,110.7801,29.3592,1.9633
8515.0,3.8903,50.1854,1.0361,109.33,29.5999,1.8121
8520.0,3.8799,50.2132,1.0364,109.8846,29.591,1.7689
8525.0,3.8864,50.0104,1.028,109.6258,29.2804,2.2576
8530.0,3.8764,49.6456,1.0468,110.3588,29.1193,1.8327
8535.0,3.8822,49.5819,1.0244,108.5763,28.9116,1.945
8540.0,3.8884,50.3958,1.0446,109.6188,29.3462,1.757
8545.0,3.9003,49.7719,1.0563,110.1674,29.1819,1.8032
8550.0,3.8826,50.112,1.0447,111.4259,29.3436,1.4719
8555.0,3.8785,49.8721,1.0309,108.9927,29.1831,1.8987
8560.0,3.876,49.4546,1.0455,110.4275,29.4464,1.8399
8565.0,3.8786,49.5777,1.0515,109.7783,29.3317,1.6519
8570.0,3.8956,50.3315,1.0151,108.8348,29.5377,1.5332
8575.0,3.8896,50.3559,1.0219,108.7807,28.8291,1.7778
8580.0,3.8807,49.9979,1.0434,109.8666,29.1324,1.6895
8585.0,3.8879,49.6459,1.037,108.9411,29.7588,1.8121
8590.0,3.8954,50.4602,1.0622,110.5456,28.6605,1.6994
8595.0,3.8857,50.4301,1.0322,110.5972,29.3533,1.8034
8600.0,3.8622,49.9617,1.0458,109.1271,29.3548,1.6714
8605.0,3.8861,50.3001,1.0129,110.4557,29.5255,1.766
8610.0,3.8941,50.0001,1.0164,109.1194,29.141,1.897
8615.0,3.8887,49.8738,1.0361,109.1714,29.5946,1.915
8620.0,3.8954,49.4377,1.0254,109.1596,29.4945,1.6484
8625.0,3.8756,49.7305,1.0126,109.8999,29.1933,1.5998
8630.0,3.8793,50.1766,1.0685,110.5175,28.9958,1.3917
8635.0,3.8886,50.1682,1.059,109.3413,29.4549,1.571
8640.0,3.8902,49.9367,1.0427,110.6758,29.0017,1.8629
8645.0,3.8846,49.7795,1.0294,110.2039,29.132,1.4918
8650.0,3.8902,50.5254,1.0337,110.0501,29.3516,1.9526
8655.0,3.8813,50.0584,1.0573,110.0241,29.4524,1.5745
8660.0,3.8919,50.7778,1.0548,109.5357,28.9827,1.6681
8665.0,3.8816,50.0815,1.0304,109.0029,29.2939,1.5098
8670.0,3.8747,49.79,1.0552,111.8839,28.7837,1.375
8675.0,3.9089,49.9117,1.0379,109.945,29.0039,1.8528
8680.0,3.8794,49.727,1.0036,108.4271,29.5734,1.4651
8685.0,3.8842,49.7959,1.0349,110.9006,29.3887,1.5897
8690.0,3.8844,49.7589,1.0501,110.2462,29.286,1.7851
8695.0,3.8891,50.1482,1.0554,110.8427,29.1019,1.5701
8700.0,3.9054,50.0525,1.0303,110.2066,29.216,1.5425
8705.0,3.8862,50.2046,1.0267,109.732,29.0896,1.5681
8710.0,3.8933,49.3431,1.0523,109.6349,29.0334,1.8326
8715.0,3.8745,49.8183,1.0451,109.1595,29.0768,1.677
8720.0,3.8897,49.7153,1.0244,109.2698,28.8677,1.5913
8725.0,3.8899,49.9515,1.0628,109.9412,29.1834,1.7277
8730.0,3.8816,50.5283,1.0307,109.7251,28.5805,1.6975
8735.0,3.8783,50.2939,1.0532,111.2021,29.234,1.5226
8740.0,3.8839,49.8893,1.0364,109.0903,28.6824,1.5421
8745.0,3.8959,49.9456,1.0339,109.4116,28.8137,1.8624
8750.0,3.8849,50.4641,1.0409,110.4745,28.1694,1.7777
8755.0,3.8844,49.729,1.0516,109.9378,28.9256,1.8605
8760.0,3.8928,50.2992,1.0394,111.3955,28.9406,1.4214
8765.0,3.8882,49.9545,1.053,110.6997,28.9992,1.574
8770.0,3.8839,50.2422,1.0467,110.4234,29.204,1.8888
8775.0,3.8823,49.873,1.0382,109.4699,28.5683,1.5841
8780.0,3.8777,49.7892,1.0432,109.4783,29.1719,1.2318
8785.0,3.8947,50.5972,1.0126,108.2937,28.8079,1.7276
8790.0,3.8858,49.4638,1.0457,108.5196,28.9222,1.7771
8795.0,3.8796,50.33,1.0467,109.5405,28.705,1.4781
8800.0,3.8819,50.4112,1.0629,110.4536,28.6765,1.5031
8805.0,3.8751,49.5326,1.0255,109.4067,28.7566,1.5166
8810.0,3.8945,49.267,1.0283,110.0655,28.9619,1.5655
8815.0,3.8967,50.5066,1.0131,110.0524,28.8932,1.848
8820.0,3.8762,49.759,1.0441,111.2213,28.5329,1.7393
8825.0,3.8875,50.0387,1.0554,111.2397,28.8743,1.2466
8830.0,3.8752,49.232,1.0531,110.2846,28.7212,1.6498
8835.0,3.8805,49.5093,1.0224,110.0235,29.1252,1.53
8840.0,3.9021,50.2229,1.0411,109.3423,28.9825,1.4945
8845.0,3.8902,50.3478,1.045,108.9589,29.2023,1.7624
8850.0,3.8811,50.7608,1.0404,109.6575,28.2946,1.6177
8855.0,3.887,49.6833,1.0256,110.3582,28.9471,1.9264
8860.0,3.8806,50.0898,1.0399,109.3396,28.7898,1.3589
8865.0,3.8726,49.9165,1.0394,109.0796,28.5663,1.4332
8870.0,3.8825,49.8096,1.0375,109.8434,28.7893,1.3038
8875.0,3.8854,50.4238,1.0347,110.0423,29.0098,1.3079
8880.0,3.8782,50.2874,1.0345,111.1807,29.13,1.4536
8885.0,3.8848,50.3609,1.0494,110.3096,28.9141,1.604
8890.0,3.8882,49.2493,1.0312,109.3263,28.4188,1.3085
8895.0,3.8787,49.5845,1.0507,110.1356,28.7636,1.2602
8900.0,3.8834,49.8006,1.01,109.2802,28.6352,1.2314
8905.0,3.8841,50.527,1.024,109.0894,29.0276,1.217
8910.0,3.8974,50.0142,1.0522,111.1656,28.4704,1.5161
8915.0,3.896,50.3902,1.0366,108.3743,28.6116,1.5303
8920.0,3.8891,49.97,1.036,109.4833,28.3836,1.34
8925.0,3.8905,49.7924,1.0292,108.9974,28.6297,1.4288
8930.0,3.8878,49.1503,1.0204,109.6601,28.6078,1.4254
8935.0,3.893,49.8416,1.0413,109.8508,28.4642,1.5116
8940.0,3.8847,50.0735,1.0377,110.6713,28.4161,1.5104
8945.0,3.8751,50.3424,1.0408,109.1106,28.4974,1.1604
8950.0,3.8821,49.98,1.0426,111.2578,28.2374,1.643
8955.0,3.8701,50.2646,1.0344,110.5787,28.4008,1.1634
8960.0,3.8758,50.1832,1.0413,109.9529,28.325,1.4105
8965.0,3.8815,50.2772,1.0594,110.1794,28.6485,1.5106
8970.0,3.8808,50.3643,1.0305,109.3383,28.9349,1.4673
8975.0,3.8781,50.3004,1.0556,110.2848,28.6517,1.4879
8980.0,3.8752,50.0597,1.0492,111.5494,28.1148,1.1132
8985.0,3.869,49.4568,1.0455,110.1989,28.3649,1.3086
8990.0,3.8981,50.2619,1.0532,110.5087,27.9131,1.395
8995.0,3.8794,49.881,1.0601,112.623,28.2683,1.1581
9000.0,3.8786,49.9002,1.0479,109.4199,27.8069,1.2897
9005.0,3.8821,49.802,1.0354,109.8764,28.0654,1.017
9010.0,3.8883,49.6592,1.0465,109.1991,28.6297,1.1572
9015.0,3.8978,49.9886,1.0577,111.0007,28.594,1.0411
9020.0,3.8844,50.335,1.0612,109.6012,27.9404,1.2163
9025.0,3.8771,50.2521,1.05,110.5327,28.0304,1.109
9030.0,3.8875,50.3884,1.0426,109.0596,28.497,0.9673
9035.0,3.8814,49.4387,1.0596,111.1382,28.2476,0.8376
9040.0,3.879,49.8033,1.0534,110.7514,27.8938,0.9244
9045.0,3.8791,49.6543,1.0521,110.1234,28.288,1.2158
9050.0,3.8795,49.2156,1.0295,109.8194,28.0155,0.8361
9055.0,3.8955,50.3106,1.0102,109.3544,28.4498,0.9802
9060.0,3.9007,50.0383,1.0308,110.0169,28.0711,0.9233
9065.0,3.8812,50.1583,1.0386,110.422,28.2062,0.9698
9070.0,3.8666,50.3406,1.0242,110.5564,28.1869,1.1583
9075.0,3.8902,49.7009,1.0499,109.9319,28.3064,1.1814
9080.0,3.893,50.1306,1.0395,109.5337,27.8417,0.8642
9085.0,3.8832,50.1051,1.0525,109.9993,28.0986,0.9424
9090.0,3.885,49.4625,1.0376,109.2439,28.393,0.9306
9095.0,3.8894,50.1884,1.0643,111.0493,28.4582,1.1425
9100.0,3.8818,50.4558,1.0436,110.5047,28.4165,0.8475
9105.0,3.8806,50.4321,1.0358,109.1127,27.8979,0.7573
9110.0,3.8963,49.9584,1.0673,112.2982,28.1927,0.6328
9115.0,3.8912,50.2377,1.0637,110.7128,28.1611,0.9332
9120.0,3.8953,49.5016,1.0265,109.9324,28.1539,0.8697
9125.0,3.8954,49.3973,1.0393,110.109,28.1275,0.6733
9130.0,3.8892,49.7063,1.0204,109.8937,28.1694,0.9227
9135.0,3.8865,50.5504,1.0276,109.333,27.8152,0.7089
9140.0,3.8841,49.6641,1.0257,110.4933,27.9159,0.721
9145.0,3.8781,50.3246,1.0387,110.7086,28.0816,0.9146
9150.0,3.8885,50.1852,1.0503,110.2334,28.1297,0.5663
9155.0,3.8841,50.4458,1.0433,109.9966,27.5387,0.7557
9160.0,3.8871,50.2608,1.0505,109.8059,27.6573,0.7138
9165.0,3.8945,49.3959,1.0419,109.9514,27.6599,0.7415
9170.0,3.8878,49.8157,1.0301,110.0193,27.8079,0.6216
9175.0,3.8764,50.1137,1.0352,111.0773,27.8481,0.4952
9180.0,3.8775,49.735,1.0375,109.8563,27.487,0.4979
9185.0,3.8795,49.4536,1.035,109.27,27.9344,0.741
9190.0,3.8876,49.9414,1.05,110.185,27.3684,0.5345
9195.0,3.8856,50.4495,1.0675,111.1543,27.7438,0.6694
9200.0,3.8821,50.3332,1.0314,109.3114,27.7108,0.5161
9205.0,3.8909,49.7619,1.0518,109.774,27.74,0.5103
9210.0,3.8805,50.5278,1.0431,109.8454,26.8207,0.6292
9215.0,3.8799,49.7613,1.0669,112.4779,27.2774,0.5836
9220.0,3.8814,50.4762,1.0452,109.8012,27.5994,0.4336
9225.0,3.8843,50.0632,1.0482,110.253,27.5862,0.9069
9230.0,3.8869,49.7962,1.0531,111.325,27.5624,0.5546
9235.0,3.8869,49.8586,1.0285,109.5433,27.3954,0.8697
9240.0,3.8975,50.061,1.0322,110.7761,27.8911,0.692
9245.0,3.8883,49.611,1.0284,109.0114,27.553,0.8884
9250.0,3.8769,50.2501,1.0589,110.6536,27.4074,0.4299
9255.0,3.8873,49.9558,1.0445,108.718,27.373,0.5286
9260.0,3.8887,50.466,1.04,108.7514,27.5011,0.4835
9265.0,3.8979,49.634,1.0442,110.3037,27.6437,0.8947
9270.0,3.8837,50.159,1.0616,111.2106,27.4066,0.6293
9275.0,3.8978,50.2787,1.058,110.7791,27.4728,0.5842
9280.0,3.8653,50.3162,1.0442,110.7496,27.4135,0.4204
9285.0,3.8911,49.8666,1.0454,110.5654,27.2873,0.6486
9290.0,3.8888,50.199,1.0331,110.8749,27.2803,0.3981
9295.0,3.8936,49.4904,1.036,109.73,27.0804,0.8207
9300.0,3.8813,50.0641,1.0512,110.2784,27.7826,0.6102
9305.0,3.8769,49.6737,1.0551,110.0966,27.5027,0.6592
9310.0,3.8977,50.6242,1.0482,109.9583,27.9376,0.4466
9315.0,3.8676,50.2785,1.063,111.0032,27.3102,0.4583
9320.0,3.887,50.251,1.0416,110.9251,27.3183,0.5412
9325.0,3.8738,50.3801,1.0544,111.029,26.9573,0.3936
9330.0,3.8763,50.0519,1.0243,108.7341,27.0828,0.7104
9335.0,3.8935,50.8242,1.0389,109.5509,26.8989,0.4088
9340.0,3.8874,49.4751,1.0479,111.257,27.7636,0.3589
9345.0,3.8821,50.2218,1.0302,110.2064,27.1451,0.5765
9350.0,3.8867,50.3732,1.0463,109.1212,27.3025,0.7009
9355.0,3.887,50.0234,1.0301,109.7382,27.3281,0.4901
9360.0,3.8888,50.1029,1.0438,110.3683,27.3851,0.4977
9365.0,3.8913,50.2417,1.0382,111.1714,27.7465,0.6041
9370.0,3.8752,50.1109,1.0353,111.0592,26.9765,0.658
9375.0,3.8786,50.2135,1.0525,109.1076,26.8709,0.4306
9380.0,3.8811,50.0789,1.0556,110.805,27.0473,0.4681
9385.0,3.8802,49.7316,1.0373,109.4937,27.231,0.5533
9390.0,3.8791,50.1963,1.052,109.8721,27.0114,0.5063
9395.0,3.8753,49.5867,1.0094,109.2156,26.8997,0.4794
9400.0,3.8852,49.3466,1.0372,109.4749,26.8732,0.2657
9405.0,3.8911,49.9705,1.048,109.3448,26.7813,0.329
9410.0,3.8809,49.7389,1.018,110.0385,26.8096,0.4525
9415.0,3.8836,49.9431,1.0558,110.2561,26.6209,0.5224
9420.0,3.8803,49.938,1.0648,111.8071,26.4618,0.3739
9425.0,3.875,50.0235,1.0427,110.8531,26.9361,0.4257
9430.0,3.8814,49.8326,1.0322,109.2103,27.0877,0.7686
9435.0,3.8764,49.9566,1.0337,108.2543,26.9901,0.9006
9440.0,3.8848,49.8626,1.0594,111.4713,26.7122,0.802
9445.0,3.8911,49.7648,1.026,109.8544,26.8299,0.9439
9450.0,3.8824,50.1145,1.0496,109.2302,26.3492,0.5165
9455.0,3.8731,50.026,1.0686,110.3017,26.521,0.6957
9460.0,3.8894,49.7959,1.0464,110.6929,27.2766,0.6468
9465.0,3.8847,50.1945,1.049,110.3799,26.9261,0.8378
9470.0,3.8782,49.9138,1.0238,110.5247,26.4503,0.5325
9475.0,3.8936,50.1905,1.0354,110.1034,27.1296,0.2516
9480.0,3.8814,50.2259,1.0168,109.1358,26.5443,0.8451
9485.0,3.8904,50.5003,1.0521,110.6827,26.3452,0.8009
9490.0,3.8756,50.0044,1.0629,110.0796,26.9079,0.7185
9495.0,3.8797,49.6921,1.0593,111.0795,26.9176,0.8476
9500.0,3.8868,49.9002,1.0384,108.6156,26.3693,0.876
9505.0,3.8863,50.1543,1.0483,109.8316,26.4088,0.8329
9510.0,3.8808,50.0932,1.054,111.5592,26.3586,1.1454
9515.0,3.8813,49.7579,1.0582,110.3552,26.6159,1.0727
9520.0,3.8827,50.3365,1.0282,108.9878,26.8749,1.2351
9525.0,3.8957,50.6963,1.03,110.7096,26.5342,0.7481
9530.0,3.8873,50.2163,1.0361,110.3126,26.2758,0.8324
9535.0,3.9056,49.9747,1.0289,109.9772,26.1133,1.1247
9540.0,3.8748,49.7494,1.0572,110.5201,26.4962,0.7861
9545.0,3.8888,50.2276,1.0218,110.12,26.0034,0.7453
9550.0,3.8814,49.9811,1.0641,111.3736,26.435,0.7292
9555.0,3.8743,49.5406,1.0378,108.781,26.6451,0.7725
9560.0,3.891,49.5842,1.0371,109.8296,26.6037,0.9839
9565.0,3.8796,50.1345,1.0394,109.2311,26.4175,0.864
9570.0,3.8795,50.3603,1.0484,111.0254,26.3878,0.9327
9575.0,3.8858,49.7885,1.0435,110.0296,26.1298,1.0328
9580.0,3.8916,50.2408,1.0271,108.2352,26.1948,0.9952
9585.0,3.8772,50.2471,1.0119,108.4377,26.3377,1.1272
9590.0,3.8785,50.0667,1.0533,110.9263,26.196,1.0902
9595.0,3.8836,49.0626,1.0555,109.6194,26.4245,1.1709
9600.0,3.8677,50.0064,1.034,108.7333,26.1989,0.8762
9605.0,3.8829,49.5458,1.0383,109.2669,26.155,1.2354
9610.0,3.88,50.0348,1.0453,111.7861,25.9699,0.9412
9615.0,3.8738,49.3726,1.0439,111.3962,25.9972,0.9817
9620.0,3.8784,49.9129,1.0518,110.6895,26.0476,1.2118
9625.0,3.8757,49.9588,1.0406,108.7949,26.2831,1.2041
9630.0,3.8888,50.0786,1.0251,109.2333,26.1301,0.9869
9635.0,3.8923,49.8766,1.047,108.9825,26.0544,1.2447
9640.0,3.8793,50.0779,1.0524,110.1432,26.0196,1.0356
9645.0,3.8814,49.4488,1.0427,109.7473,26.1678,1.0452
9650.0,3.8789,50.0299,1.0424,110.7898,25.8625,1.1514
9655.0,3.8872,49.9966,1.0409,110.8731,26.1266,1.2036
9660.0,3.8768,49.8616,1.05,109.3177,25.8916,1.3656
9665.0,3.8863,50.3986,1.0368,109.7826,25.698,1.1034
9670.0,3.8787,49.4644,1.045,108.9602,25.9422,1.003
9675.0,3.8856,50.0625,1.0359,110.6752,26.1556,0.988
9680.0,3.8831,49.6427,1.0338,109.3823,26.0176,1.1367
9685.0,3.8859,50.0747,1.052,111.1528,25.6277,1.2821
9690.0,3.8969,49.9579,1.0261,109.2491,26.0611,1.3451
9695.0,3.8797,50.3397,1.0479,110.5986,25.7161,1.2644
9700.0,3.8904,49.9391,1.0274,109.7358,26.3617,1.3898
9705.0,3.8802,50.1377,1.0311,109.9732,26.1775,1.2818
9710.0,3.8835,50.0555,1.0386,109.3367,25.459,1.1702
9715.0,3.8895,49.788,1.0402,109.953,25.3358,0.9322
9720.0,3.8965,50.0162,1.0263,109.6658,25.8035,1.5833
9725.0,3.8932,50.1239,1.0309,109.3722,25.4644,1.2656
9730.0,3.8737,49.8575,1.059,110.7103,25.9091,1.5354
9735.0,3.8743,49.867,1.0528,110.5586,25.8579,1.5776
9740.0,3.8834,50.0635,1.0483,110.3402,25.3017,1.3816
9745.0,3.8806,49.6254,1.0333,109.294,25.736,1.2515
9750.0,3.8892,50.3725,1.0211,108.9071,25.5647,1.8247
9755.0,3.881,49.6326,1.0357,110.1013,25.6172,1.721
9760.0,3.8828,49.6115,1.0639,111.631,25.8042,1.4908
9765.0,3.892,50.9351,1.0425,109.7776,25.4481,1.3664
9770.0,3.8877,49.7707,1.0279,110.1336,25.7077,1.7288
9775.0,3.8836,50.0873,1.0371,109.6979,25.2963,1.5684
9780.0,3.8938,49.5996,1.0365,109.8139,25.4065,1.3794
9785.0,3.888,50.2787,1.0522,109.4734,25.2613,1.5495
9790.0,3.8878,50.2225,1.0386,111.0438,25.1498,1.5
9795.0,3.8906,49.8307,1.0276,109.5706,25.4999,1.5272
9800.0,3.8692,49.9278,1.0144,108.6659,25.0993,1.6177
9805.0,3.8899,50.5853,1.0507,109.8649,25.5583,1.8493
9810.0,3.882,49.4483,1.0559,110.3368,25.1322,2.044
9815.0,3.8968,50.5376,1.0648,111.474,25.4961,1.8511
9820.0,3.8772,50.2892,1.0566,110.1984,24.9963,1.7047
9825.0,3.8837,49.7489,1.0529,110.0135,25.4518,1.5483
9830.0,3.8696,50.0968,1.0346,109.9933,25.5354,1.8023
9835.0,3.877,49.5505,1.0408,110.1027,25.2959,1.4924
9840.0,3.8913,49.5912,1.0387,109.5992,25.6674,1.8667
9845.0,3.8904,49.7293,1.0344,110.1917,25.2331,1.3728
9850.0,3.884,49.7432,1.0451,109.9891,25.3468,1.454
9855.0,3.8786,49.3304,1.0653,109.5555,24.8882,1.9614
9860.0,3.8852,50.1763,1.0319,109.5179,25.1944,1.8591
9865.0,3.8846,49.911,1.0273,108.2978,25.0025,1.8521
9870.0,3.8962,49.6719,1.0276,109.0175,25.1886,2.0188
9875.0,3.8806,49.9421,1.0652,110.6049,25.4652,1.5713
9880.0,3.8814,50.16,1.0355,108.6549,24.7551,1.5657
9885.0,3.8851,49.9694,1.0388,110.4736,24.9827,2.1883
9890.0,3.8861,50.2744,1.0341,110.1603,25.2147,1.8672
9895.0,3.8926,50.2782,1.0383,110.7868,25.1868,2.0377
9900.0,3.8918,49.8153,1.0355,109.7651,24.4638,1.826
9905.0,3.8938,49.7364,1.0509,110.6249,25.1027,2.0484
9910.0,3.8826,50.3539,1.0318,109.9712,24.7764,1.9042
9915.0,3.9006,50.1203,1.0352,108.9468,24.8121,1.7719
9920.0,3.8974,49.6559,1.0597,110.3348,24.9341,1.8689
9925.0,3.8715,49.4406,1.0244,108.4426,24.2104,1.8789
9930.0,3.8869,50.0398,1.0549,110.4168,24.9366,2.0001
9935.0,3.875,49.8371,1.0539,110.6522,25.1095,1.9425
9940.0,3.8863,50.6315,1.0448,110.1547,24.9004,1.8639
9945.0,3.8855,49.5188,1.0297,108.6475,24.9432,2.1276
9950.0,3.8853,49.7297,1.0162,108.6957,25.4127,2.1808
9955.0,3.8663,49.7488,1.0514,109.194,25.2038,2.2905
9960.0,3.8937,49.9399,1.0405,109.0611,24.8247,2.0668
9965.0,3.893,49.8801,1.0437,109.3416,25.376,1.8926
9970.0,3.8846,50.266,1.045,109.9107,24.7309,1.7469
9975.0,3.8919,50.5804,1.0622,110.3869,24.8786,1.8237
9980.0,3.8988,50.2132,1.0439,109.8283,24.3702,2.4314
9985.0,3.874,49.7524,1.04,110.0947,24.9576,2.2757
9990.0,3.8915,50.198,1.0308,109.5313,24.6926,1.9735
9995.0,3.8864,50.1257,1.0402,108.9002,24.8922,2.3671
10000.0,3.8762,50.2131,1.0423,110.1845,24.6818,2.1808
10005.0,3.8766,50.6866,1.061,111.3722,24.7203,2.2111
10010.0,3.8975,49.3118,1.0345,109.4622,24.5125,2.3047
10015.0,3.8778,49.7885,1.027,108.1595,24.478,2.4229
10020.0,3.8758,49.8495,1.0384,109.5242,24.6739,2.1434
10025.0,3.8847,49.8854,1.0514,109.8711,24.3629,2.4426
10030.0,3.8905,49.8285,1.0354,109.3709,24.9416,2.5762
10035.0,3.8893,49.3351,1.0312,109.4157,25.0694,2.5054
10040.0,3.8872,49.9639,1.0447,109.9751,24.6972,2.791
10045.0,3.8983,49.8123,1.0525,109.975,24.2929,2.6014
10050.0,3.8851,49.568,1.0475,108.7408,24.0674,2.3921
10055.0,3.8873,49.6022,1.0276,109.3686,24.0669,2.4774
10060.0,3.8865,50.4996,1.0455,109.4079,24.5952,2.3002
10065.0,3.8826,50.354,1.0763,111.8107,24.7363,2.5655
10070.0,3.8796,50.0041,1.0471,111.1263,24.6064,2.694
10075.0,3.8925,49.7641,1.0338,109.1954,24.0403,2.5821
10080.0,3.8843,49.5101,1.0395,110.1468,24.3294,2.5856
10085.0,3.8786,50.3981,1.0392,110.1389,24.311,2.4278
10090.0,3.8845,49.6315,1.0402,109.7782,24.1209,2.6736
10095.0,3.8935,49.2894,1.0193,109.4798,24.2598,2.5711
10100.0,3.8762,50.164,1.0495,109.5397,24.5765,2.7781
10105.0,3.8877,49.9188,1.0468,110.156,24.1168,2.6698
10110.0,3.8893,49.7728,1.0369,109.1258,24.4161,2.662
10115.0,3.8863,50.4441,1.056,109.7563,23.9881,2.3999
10120.0,3.8794,49.8146,1.0253,109.5137,24.2852,2.7729
10125.0,3.8874,49.6134,1.0642,110.2984,24.375,2.7647
10130.0,3.881,49.9525,1.0093,109.0764,24.6864,3.2428
10135.0,3.8738,49.5619,1.0807,111.6544,24.4559,2.7297
10140.0,3.8811,49.6433,1.0337,109.4285,23.9949,3.3151
10145.0,3.8856,50.4462,1.0233,107.8106,24.4297,3.0341
10150.0,3.8825,49.5194,1.0484,108.9097,24.105,2.8971
10155.0,3.9014,49.7554,1.0428,110.2909,24.3711,2.683
10160.0,3.877,50.8126,1.0426,109.0978,24.3524,2.8697
10165.0,3.8828,49.9061,1.0469,110.3781,24.3375,2.8136
10170.0,3.8816,50.1264,1.0439,111.0822,24.3006,2.858
10175.0,3.885,49.9619,1.04,111.0089,24.5531,2.8621
10180.0,3.8765,49.5617,1.0361,109.1076,24.2053,3.3382
10185.0,3.8792,50.0206,1.0546,110.0796,24.6319,3.2351
10190.0,3.8879,49.9232,1.0524,109.5807,24.4493,2.7694
10195.0,3.8929,49.9922,1.034,110.9387,24.614,3.0022
10200.0,3.8766,49.9767,1.036,110.5077,24.4244,3.1091
10205.0,3.8814,49.9748,1.0283,108.9416,24.0312,2.9869
10210.0,3.8709,49.7052,1.0403,110.7718,24.5719,3.206
10215.0,3.8812,49.8474,1.0288,110.1118,24.5836,3.1424
10220.0,3.8869,49.765,1.0487,110.5254,23.4514,3.3067
10225.0,3.873,49.5285,1.0535,110.0324,24.0749,3.3472
10230.0,3.8944,50.0773,1.0303,110.0886,24.5059,2.9863
10235.0,3.885,49.4598,1.0275,108.7289,24.5424,3.1369
10240.0,3.8835,50.3489,1.048,110.2013,23.8252,3.1725
10245.0,3.8837,50.2778,1.0315,110.0493,24.4666,3.1909
10250.0,3.8873,49.354,1.0563,109.3988,24.5307,3.4714
10255.0,3.8743,50.3946,1.0321,110.4312,24.2771,3.3578
10260.0,3.8689,49.2071,1.042,111.0008,23.8702,3.3596
10265.0,3.8751,50.1116,1.0474,110.3764,23.9341,3.306
10270.0,3.8707,49.8877,1.0397,110.3421,24.1589,3.6614
10275.0,3.886,49.0512,1.035,109.8625,24.0312,3.5173
10280.0,3.8871,49.2714,1.054,110.8631,24.451,3.4228
10285.0,3.8835,50.0093,1.0465,110.5751,24.2167,3.381
10290.0,3.8865,49.4958,1.0613,109.5729,24.4454,3.4309
10295.0,3.8837,49.7931,1.0168,110.3951,24.1546,3.6256
10300.0,3.8862,50.3809,1.0154,108.8911,24.1495,3.4811
10305.0,3.8614,49.7528,1.0427,109.7231,23.91,3.5139
10310.0,3.86,49.3666,1.026,109.6848,24.4292,3.6655
10315.0,3.8957,50.0931,1.0467,109.8985,24.0811,3.6593
10320.0,3.8773,49.5701,1.0418,110.2371,23.6912,3.6748
10325.0,3.8754,50.1355,1.0359,110.814,23.8307,3.513
10330.0,3.878,49.5539,1.0319,109.5325,23.8652,3.6312
10335.0,3.8692,49.8509,1.0533,109.4114,23.7704,3.7403
10340.0,3.8666,50.6532,1.0231,111.1584,24.1188,3.4473
10345.0,3.8836,49.8614,1.0337,110.1504,23.9889,3.6327
10350.0,3.8737,49.8591,1.0481,108.0774,24.0779,3.738
10355.0,3.8823,50.3212,1.0261,109.9288,23.7164,3.5598
10360.0,3.8658,49.9502,1.0279,109.4783,23.9398,3.8518
10365.0,3.8893,49.9778,1.0489,109.77,23.968,3.4503
10370.0,3.8733,49.8833,1.0597,110.1909,23.8578,3.6506
10375.0,3.8732,49.9147,1.0289,109.6738,23.7849,4.1239
10380.0,3.8741,50.0156,1.0405,108.9127,24.573,4.1681
10385.0,3.8825,50.0312,1.0388,109.9301,23.8904,3.8447
10390.0,3.8649,50.4364,1.0273,108.6763,24.1822,3.6498
10395.0,3.8612,50.1806,1.0264,107.0924,24.0411,3.9334
10400.0,3.862,49.5845,1.0413,109.7021,23.9702,3.9761
10405.0,3.8743,49.4839,1.0283,110.6813,24.1459,3.9499
10410.0,3.847,49.4775,1.0319,108.003,23.5662,4.4163
10415.0,3.8692,50.2502,1.0336,108.2573,24.0955,4.0092
10420.0,3.87,49.7508,1.0485,109.4826,24.1946,3.8453
10425.0,3.8734,49.5726,1.0282,108.1865,23.8555,4.1554
10430.0,3.8567,49.7785,1.0258,109.1142,23.7433,3.9228
10435.0,3.8602,49.983,1.0206,107.6092,23.6036,4.2974
10440.0,3.8768,49.9922,1.0354,109.6931,24.1632,3.9112
10445.0,3.8813,49.6386,1.0353,109.9713,23.7746,4.0282
10450.0,3.8821,49.3827,1.0358,109.4511,23.8722,4.074
10455.0,3.8633,49.2397,1.0382,108.1283,23.5397,4.3326
10460.0,3.8756,49.7144,1.0367,110.0802,23.8918,4.2319
10465.0,3.8619,49.6991,1.0322,109.353,23.6715,4.2209
10470.0,3.8687,49.5554,1.0409,110.9283,23.8097,4.1176
10475.0,3.8477,49.3225,1.0186,107.5129,23.439,4.4663
10480.0,3.8797,49.5624,1.0401,108.6586,23.8076,4.1141
10485.0,3.8638,49.7297,1.0102,108.0415,23.6376,4.3283
10490.0,3.8663,49.5805,1.0496,110.0575,23.8315,4.3502
10495.0,3.8626,49.9102,1.0384,107.3688,23.9263,4.2293
10500.0,3.8695,49.6243,1.0375,110.452,23.654,4.0599
10505.0,3.8545,49.6521,1.0184,107.5834,24.2208,4.569
10510.0,3.8499,49.4297,1.0417,108.3374,23.6936,4.5476
10515.0,3.8786,48.9528,1.0228,107.8907,23.8212,4.2559
10520.0,3.8555,49.4057,1.0289,109.5183,23.774,4.3892
10525.0,3.857,49.754,1.0121,107.7471,23.4176,4.7057
10530.0,3.8669,49.5819,1.0405,108.6601,23.7458,4.4838
10535.0,3.866,49.0792,1.0304,109.3021,23.7238,4.2966
10540.0,3.8541,49.2042,1.0238,108.3117,23.7792,4.6044
10545.0,3.8523,48.991,1.0153,106.1006,23.9144,4.8155
10550.0,3.8423,50.2906,1.0075,107.2588,24.107,4.8624
10555.0,3.8575,49.648,1.0302,108.2293,23.7732,4.6623
10560.0,3.8638,49.2982,1.0258,108.1417,23.8921,4.3809
10565.0,3.8513,49.0066,1.0207,106.7928,24.0255,4.7108
10570.0,3.8371,49.2291,1.0262,106.0364,23.3831,4.8649
10575.0,3.8492,49.2343,1.0351,107.5946,23.5553,4.7273
10580.0,3.8645,49.3148,1.0238,107.549,23.7624,4.2564
10585.0,3.8226,48.8097,1.0002,105.1225,23.2322,4.9329
10590.0,3.8335,49.6028,1.0559,109.147,23.8047,4.8212
10595.0,3.8349,49.0887,1.0354,107.7252,23.0084,4.8058
10600.0,3.8454,49.461,1.022,106.9051,23.9007,4.5926
10605.0,3.8264,49.1738,1.0266,108.6974,23.3093,4.8315
10610.0,3.8291,48.7715,1.0186,105.2855,23.3628,4.8703
10615.0,3.8334,48.9068,1.0205,106.0983,23.7507,4.8568
10620.0,3.8219,49.1097,1.0195,106.7946,23.3547,5.0305
10625.0,3.8302,49.6097,1.0291,108.2259,24.2466,4.9084
10630.0,3.8613,49.2803,1.0314,109.1608,23.6806,4.5867
10635.0,3.7966,48.4363,1.008,105.9889,23.6367,5.1191
10640.0,3.8245,48.8429,1.0154,106.3245,23.9441,5.0476
10645.0,3.793,48.4402,1.013,105.6007,23.7525,5.1262
10650.0,3.8207,49.0037,0.9935,105.8973,23.8123,5.0126
10655.0,3.8199,49.0295,1.0102,106.9967,23.5927,5.1423
10660.0,3.799,48.2628,1.0083,104.7843,23.6582,5.3469
10665.0,3.8147,48.9912,1.0136,105.3126,23.78,5.1551
10670.0,3.78,48.1946,0.9927,102.5527,23.8325,5.4527
10675.0,3.8303,48.9138,1.0119,107.0975,23.5385,4.9014
10680.0,3.7441,47.6542,0.9919,101.8923,23.3931,5.4925
10685.0,3.7981,48.6844,0.9904,105.3631,23.4993,5.2069
10690.0,3.7729,47.993,0.9831,103.7038,23.6289,5.3789
10695.0,3.7657,48.1479,0.9956,102.3084,23.8761,5.4074
10700.0,3.8167,48.994,1.0174,106.6206,24.2225,5.0313
10705.0,3.7932,48.5642,0.9823,104.5461,23.7507,5.201
10710.0,3.8033,48.5192,1.0118,105.3238,23.5903,5.3198
10715.0,3.7573,47.8412,0.9927,102.6557,23.4925,5.4934
10720.0,3.7962,48.2228,0.9916,103.7885,23.8318,5.341
10725.0,3.7397,47.5668,0.9845,100.9734,23.5914,5.6483
10730.0,3.7932,48.6092,0.9765,104.7454,23.7643,5.3706
10735.0,3.7931,48.8388,0.9998,105.8247,23.6593,5.2454
10740.0,3.763,47.908,0.9863,101.4417,23.9278,5.4846
10745.0,3.747,47.2025,0.9917,103.4165,23.8989,5.6242
10750.0,3.7546,47.7634,0.9855,103.2041,23.7023,5.5776
10755.0,3.7197,47.4576,0.9671,99.218,23.6031,5.592
10760.0,3.7731,47.8115,1.0107,103.9472,23.6781,5.3873
10765.0,3.7268,46.8235,0.9919,99.8014,23.675,5.6194
10770.0,3.7579,47.915,0.9878,102.645,23.055,5.4706
10775.0,3.7491,47.5834,0.9901,103.6695,23.7524,5.4707
10780.0,3.7401,47.3983,0.9668,100.7843,23.8719,5.5871
10785.0,3.8037,48.1454,1.0152,103.7812,23.5323,5.1925
10790.0,3.7306,46.6914,0.9548,100.9637,23.0128,5.5475
10795.0,3.7233,46.8117,0.9736,100.0452,23.4114,5.588
10800.0,3.7511,47.8664,0.9633,100.6813,23.718,5.507
10805.0,3.7351,47.3535,0.9789,101.2605,23.5613,5.5573
10810.0,3.6998,46.8416,0.9698,98.2635,23.6753,5.8532
10815.0,3.7214,47.2451,0.9881,101.5155,23.6715,5.6094
10820.0,3.7777,48.1149,1.0006,102.9827,23.4399,5.3079
10825.0,3.6566,45.8731,0.9605,96.0845,23.546,5.8324
10830.0,3.7819,48.3302,1.0137,104.7214,23.8093,5.3702
10835.0,3.7407,47.2492,0.988,100.7328,23.6774,5.6681
10840.0,3.704,46.845,0.9777,99.389,23.8211,5.7485
10845.0,3.648,45.754,0.9378,94.5586,23.9063,6.0569
10850.0,3.6218,45.0866,0.9289,94.7038,23.7355,5.9367
10855.0,3.6436,46.213,0.9431,96.2485,23.5356,5.9061
10860.0,3.7128,46.4559,0.9699,98.8728,23.653,5.7833
10865.0,3.6617,46.1244,0.9351,96.594,23.6813,5.8398
10870.0,3.6818,46.3489,0.9594,98.316,23.7902,5.7503
10875.0,3.6203,45.0788,0.9266,93.7852,24.0069,5.983
10880.0,3.6166,46.0094,0.9379,96.3215,24.0361,6.0098
10885.0,3.6445,45.417,0.9455,97.2546,23.6202,5.9239
10890.0,3.627,46.2694,0.9298,95.3923,23.4479,6.0118
10895.0,3.6949,46.6023,0.9556,95.9769,23.5947,5.8218
10900.0,3.5753,45.0008,0.911,90.6809,23.888,6.1722
10905.0,3.6561,46.1995,0.933,96.2423,23.9578,6.0166
10910.0,3.5249,43.0569,0.8809,89.236,23.5111,6.2165
10915.0,3.7265,46.6917,0.9666,99.3211,23.6274,5.7018
10920.0,3.5458,43.8133,0.905,89.631,23.8972,6.2228
10925.0,3.7001,46.9522,0.9603,98.5695,23.8795,5.7613
10930.0,3.6027,45.4694,0.9395,94.2862,23.8743,6.0792
10935.0,3.5096,43.6541,0.8896,88.8858,23.5484,6.2794
10940.0,3.6574,45.5977,0.944,95.2027,23.7496,6.0189
10945.0,3.5476,43.8313,0.9012,90.8648,23.295,6.0954
10950.0,3.6588,46.622,0.9537,96.6335,23.6392,5.9169
10955.0,3.5487,44.4794,0.9173,90.0441,23.8397,6.1266
10960.0,3.5632,44.0424,0.889,90.1296,24.2298,6.2642
10965.0,3.5546,44.2894,0.903,90.4851,23.8804,6.2652
10970.0,3.4798,43.1107,0.8855,86.0413,23.68,6.2549
10975.0,3.593,44.8002,0.9272,92.6109,23.5645,6.0884
10980.0,3.5889,44.5215,0.928,92.7864,23.9236,6.087
10985.0,3.4482,42.1784,0.8574,84.0976,23.9789,6.456
10990.0,3.5525,44.3059,0.903,90.9313,23.8973,6.2787
10995.0,3.3592,40.4372,0.8438,78.9584,23.9398,6.566
11000.0,3.5345,44.0219,0.8854,89.935,23.6033,6.2111
11005.0,3.5711,44.1027,0.9089,91.7519,23.8504,6.0962
11010.0,3.5447,44.471,0.9106,89.6162,24.2811,6.2686
11015.0,3.4008,41.8705,0.8702,82.2473,23.6272,6.5121
11020.0,3.5243,43.3795,0.908,87.2588,23.5453,6.2162
11025.0,3.3477,40.0464,0.7928,76.674,23.773,6.7152
11030.0,3.6137,45.5926,0.9245,94.2092,23.9396,6.0519
11035.0,3.4119,41.5963,0.8482,83.0949,23.7296,6.445
11040.0,3.4498,42.2132,0.8669,83.3118,24.1093,6.3921
11045.0,3.4326,41.8718,0.8363,81.6318,23.9255,6.3853
11050.0,3.3383,40.0383,0.8288,78.5951,23.7248,6.5823
11055.0,3.3968,41.4092,0.8393,82.38,23.8205,6.4852
11060.0,3.3623,40.5712,0.8469,80.0748,23.4609,6.5714
11065.0,3.4488,41.9903,0.848,83.4016,23.8369,6.4314
11070.0,3.3432,40.5117,0.8271,77.5643,23.3834,6.5486
11075.0,3.3089,39.8661,0.8329,77.2227,23.7786,6.5426
11080.0,3.4643,42.5782,0.8701,84.7856,23.7069,6.4416
11085.0,3.2514,39.0282,0.8032,74.1128,23.9064,6.6834
11090.0,3.3392,39.8491,0.8289,77.5506,23.6152,6.6025
11095.0,3.2887,39.3802,0.8223,75.2264,23.754,6.5909
11100.0,3.2282,38.674,0.8082,73.1423,24.1045,6.7833
11105.0,3.0024,34.6467,0.7312,60.3348,23.4638,6.999
11110.0,3.3244,40.3632,0.8306,79.1309,23.7369,6.6556
11115.0,3.2397,38.2122,0.7977,72.6976,24.0345,6.6848
11120.0,3.1749,37.9958,0.7649,70.3416,23.7702,6.776
11125.0,3.3781,41.3224,0.8353,79.7074,23.8748,6.5975
11130.0,3.3377,39.8145,0.8325,79.0208,23.41,6.5811
11135.0,3.2717,39.1864,0.814,73.8513,23.4852,6.6933
11140.0,3.2854,39.5543,0.831,77.0067,24.0701,6.6383
11145.0,3.3033,39.6812,0.824,75.3902,23.6955,6.6166
11150.0,3.408,41.8078,0.854,82.1044,23.4137,6.3684
11155.0,3.2017,37.9505,0.7678,70.475,23.7784,6.7909
11160.0,3.0691,35.6339,0.7397,62.7123,24.0341,6.9644
11165.0,3.2937,39.6654,0.799,77.0302,24.0022,6.6938
11170.0,3.3671,40.6172,0.8335,79.8677,24.2013,6.4907
11175.0,3.214,38.3827,0.7951,70.864,23.7085,6.7419
11180.0,3.2019,37.2288,0.7967,70.9607,23.8462,6.8454
11185.0,3.2102,37.8338,0.7727,71.6669,24.0454,6.7294
11190.0,3.2914,40.0085,0.8282,75.2835,24.2233,6.6667
11195.0,3.0724,35.7224,0.7557,63.8058,23.7638,7.0488
11200.0,3.1284,36.2197,0.7789,67.6101,24.2162,6.8164
11205.0,3.3025,39.6017,0.8131,77.0759,23.7975,6.6063
11210.0,3.2677,38.9447,0.8163,72.6169,24.3968,6.7367
11215.0,3.1334,36.3608,0.7474,66.145,23.4296,6.8636
11220.0,3.3454,40.4752,0.8245,78.6958,24.3064,6.5464
11225.0,3.1719,37.6816,0.8021,69.3604,23.6184,6.7916
11230.0,3.1659,37.4629,0.7719,69.2985,24.1362,6.8477
11235.0,2.9982,34.1031,0.7361,60.6281,24.0057,7.1236
11240.0,3.14,36.3549,0.7378,65.4751,23.6835,6.8894
11245.0,3.0585,35.4681,0.7638,63.6208,23.7672,6.9344
11250.0,3.061,35.6616,0.7463,65.3401,23.6603,7.0631
11255.0,3.1569,37.84,0.774,69.2853,24.067,6.8978
11260.0,3.2292,38.7961,0.7959,72.0331,24.1084,6.7796
11265.0,3.0339,34.7949,0.7396,62.7624,24.058,6.9617
11270.0,3.0204,35.2796,0.7369,62.3366,23.9775,7.0086
11275.0,3.0635,35.4906,0.7326,63.1767,23.8099,6.9604
11280.0,2.9279,32.7379,0.698,56.9774,23.9298,7.2157
11285.0,3.0218,34.6856,0.7277,61.3319,24.2732,7.1044
11290.0,2.8254,30.9498,0.6789,52.0446,23.7316,7.1533
11295.0,3.1515,36.4354,0.755,67.5694,24.1265,6.8829
11300.0,2.976,34.281,0.7206,60.0942,23.8619,7.0477
11305.0,2.8656,31.872,0.7046,54.3143,23.66,7.1391
11310.0,2.9717,34.37,0.7213,57.7018,24.1613,7.0599
11315.0,2.8692,31.8495,0.6764,53.4193,23.672,7.2232
11320.0,3.1092,36.6371,0.7482,66.4263,23.8549,6.8283
11325.0,2.8276,31.9061,0.6913,52.5064,24.2458,7.1217
11330.0,3.0412,35.2481,0.7331,63.3125,23.7929,6.9778
11335.0,2.9301,33.6776,0.7113,57.5204,24.2897,7.0196
11340.0,2.687,28.6572,0.6664,46.3419,23.9631,7.2411
11345.0,2.872,33.0604,0.6882,52.9608,24.1225,7.0293
11350.0,2.8721,32.0566,0.6861,54.195,24.4684,7.0678
11355.0,2.6251,28.4333,0.6416,42.5872,24.3623,7.2725
11360.0,2.8923,32.2445,0.6875,55.6955,24.0505,7.0368
11365.0,2.611,27.4808,0.6363,41.881,23.8827,7.3205
11370.0,2.6986,28.9656,0.6629,46.0984,24.0091,7.2131
11375.0,2.3822,23.502,0.5867,32.2262,24.282,7.5131
11380.0,2.4818,25.6882,0.5971,36.693,24.5422,7.2257
11385.0,2.5739,26.7356,0.609,40.8885,23.881,7.1897
11390.0,2.5576,27.0055,0.6356,39.743,24.5275,7.102
11395.0,2.6128,27.7204,0.6226,40.6084,23.6966,7.096
11400.0,2.5583,26.2799,0.6196,39.7711,24.3441,7.1453
11405.0,2.7853,30.9558,0.6729,49.8303,24.0598,6.9203
11410.0,2.605,27.8684,0.6428,43.715,24.2848,7.0795
11415.0,2.4297,24.226,0.5881,34.2097,23.9053,7.2581
11420.0,2.3084,22.4919,0.5883,31.6968,24.1848,7.4112
11425.0,2.4363,24.5921,0.5856,33.9003,23.4972,7.1904
11430.0,2.5145,26.0994,0.6218,37.2926,23.8486,7.1287
11435.0,2.3503,23.5897,0.5669,32.5229,24.0494,7.1804
11440.0,2.4445,25.1792,0.6237,36.3666,24.1548,7.1384
11445.0,2.4267,24.7133,0.5864,35.0018,24.7441,7.1428
11450.0,2.4405,25.0019,0.6246,37.5507,23.9771,7.1039
11455.0,2.3017,22.5246,0.5712,28.0871,24.1583,7.2273
11460.0,2.6621,28.5562,0.643,44.6162,23.7995,6.8521
11465.0,2.4902,25.0953,0.6333,38.166,23.6425,6.9695
11470.0,2.225,20.9716,0.5565,26.2068,24.2918,7.2336
11475.0,2.0996,18.4287,0.5571,24.0191,24.2849,7.452
11480.0,2.4556,24.3846,0.5894,37.0843,23.7408,6.9025
11485.0,2.3552,22.955,0.5904,31.4662,23.5934,7.0656
11490.0,2.3872,23.871,0.5903,32.7734,23.9515,6.9698
11495.0,2.2421,20.7237,0.5536,26.3415,24.5778,7.2269
11500.0,2.4947,25.8092,0.6176,37.8374,23.6445,6.8471
11505.0,2.5961,27.9731,0.641,42.0779,24.2025,6.8394
11510.0,2.2199,20.7312,0.5839,26.7469,24.1263,7.2021
11515.0,2.2399,21.3615,0.581,28.0309,24.0917,7.1926
11520.0,2.3895,23.4443,0.5974,32.7579,23.9871,6.9161
11525.0,2.3502,23.3604,0.5793,30.7728,24.3127,7.0456
11530.0,2.2127,20.7456,0.5744,26.0077,24.1466,7.1842
11535.0,2.153,20.0078,0.5474,25.7269,24.0093,7.222
11540.0,2.3715,23.7143,0.5893,32.1924,24.0638,6.9449
11545.0,2.1485,19.3949,0.5681,22.8304,24.3217,7.3684
11550.0,2.0249,17.051,0.532,20.6167,24.195,7.2504
11555.0,2.2857,21.8892,0.5694,29.5653,24.1537,6.96
11560.0,2.1347,19.6199,0.5677,23.8584,24.5284,7.228
11565.0,2.0387,18.1245,0.5485,19.9643,23.9944,7.2576
11570.0,2.3993,24.5497,0.6088,34.3187,24.5501,6.8338
11575.0,2.1741,19.8682,0.5925,25.5836,23.9492,7.1223
11580.0,2.0583,18.475,0.552,21.0999,24.2946,7.2455
11585.0,2.1122,18.6592,0.5467,23.5949,24.0666,7.1188
11590.0,2.3458,22.722,0.5814,31.9655,24.1917,6.8376
11595.0,2.1655,20.268,0.5689,25.3134,24.1138,7.111
11600.0,2.311,21.6408,0.574,30.4773,24.1304,6.9158
11605.0,2.488,25.2567,0.6006,35.7338,23.9891,6.7459
11610.0,2.0611,18.3027,0.5419,22.2149,24.2595,7.1098
11615.0,2.1414,19.4619,0.5649,25.7721,23.8402,7.1002
11620.0,2.486,24.9586,0.621,35.1092,24.2834,6.7738
11625.0,2.249,21.0258,0.5685,26.2671,24.6684,7.045
11630.0,2.4169,24.06,0.5928,35.365,23.7492,6.8145
11635.0,2.2814,22.1914,0.5656,29.3224,23.6135,6.9704
11640.0,2.2004,20.2143,0.5476,24.9982,23.7917,7.0922
11645.0,2.3111,22.2017,0.5787,31.5385,24.3678,6.842
11650.0,2.4012,23.6737,0.5846,33.5449,23.9684,6.8198
11655.0,2.1255,19.019,0.5356,22.6571,24.2672,7.2497
11660.0,2.4046,23.7465,0.5887,33.6302,24.3659,6.9384
11665.0,2.6807,29.1636,0.6419,46.5789,24.1547,6.6783
11670.0,2.3225,22.2408,0.5699,30.0672,24.3464,7.1122
11675.0,2.1967,19.9158,0.5734,26.5904,23.5487,7.1155
11680.0,2.66,28.5369,0.6478,45.4946,24.4299,6.5677
11685.0,2.2076,20.6231,0.5507,25.9176,24.3934,7.1528
11690.0,2.2456,21.3256,0.5831,28.7784,24.2043,7.0468
11695.0,2.1231,19.0902,0.5652,24.8802,24.4054,7.1412
11700.0,2.2044,20.2566,0.5721,28.3246,24.5252,7.1606
11705.0,2.1751,19.8144,0.5543,25.8522,24.6616,7.0685
11710.0,1.9873,17.1157,0.5439,19.0975,24.6332,7.3685
11715.0,2.2575,21.0444,0.5635,26.98,24.268,6.9173
11720.0,2.2072,20.5809,0.5509,24.2104,24.2215,7.0586
11725.0,2.4151,23.8042,0.5846,32.9863,24.1553,6.8183
11730.0,2.1915,20.7142,0.5554,25.3937,23.4481,7.1357
11735.0,2.0742,18.4183,0.5375,21.6829,24.2349,7.1901
11740.0,1.9519,16.2188,0.5347,18.674,24.9795,7.3036
11745.0,2.0483,17.9063,0.5389,21.6227,24.2526,7.2667
11750.0,2.2367,20.7948,0.5651,26.5623,23.7668,6.9689
11755.0,1.9429,16.1117,0.5179,17.611,23.8868,7.3439
11760.0,1.9177,16.0541,0.5414,18.0498,23.8794,7.3031
11765.0,2.1453,19.5782,0.557,25.5938,24.6542,6.9149
11770.0,2.0239,17.4695,0.5378,20.2629,24.3207,7.1195
11775.0,2.1096,18.1657,0.5464,23.8171,24.4154,7.0326
11780.0,2.0644,18.0609,0.5443,20.9622,24.1693,7.1748
11785.0,2.1809,20.6263,0.5582,25.3487,23.9547,6.9982
11790.0,2.1372,20.0633,0.5572,23.3254,23.9694,6.9938
11795.0,1.9846,16.4668,0.5343,18.9356,24.3799,7.1155
11800.0,1.8635,14.8009,0.5253,15.4998,24.1722,7.3702
11805.0,1.983,16.4011,0.5368,18.1255,23.8284,7.1729
11810.0,1.8657,14.4563,0.5119,14.8294,24.3297,7.4441
11815.0,1.8633,14.6424,0.5294,15.172,24.35,7.4028
11820.0,2.0195,16.9989,0.5384,19.5359,24.1338,7.1766
11825.0,1.9578,16.5811,0.5279,17.8415,24.0495,7.2835
11830.0,2.1457,18.4446,0.5449,24.4853,24.5253,7.0696
11835.0,1.8469,14.1758,0.5164,14.2408,24.1474,7.3331
11840.0,2.081,18.2812,0.5401,21.8798,24.048,7.1556
11845.0,1.9767,16.5363,0.5131,17.0645,23.6002,7.2502
11850.0,2.0053,16.7087,0.5381,18.382,24.0721,7.1307
11855.0,1.7115,11.3252,0.5111,10.8604,24.5436,7.6848
11860.0,1.8102,14.1718,0.508,15.122,24.3999,7.5495
11865.0,1.9376,15.9238,0.516,16.5626,24.2487,7.3071
11870.0,1.8273,13.2365,0.5232,13.064,24.034,7.4736
11875.0,2.0294,17.6037,0.5462,20.7311,24.3851,7.1781
11880.0,2.0907,18.599,0.5522,23.0691,24.1466,7.0049
11885.0,2.0785,18.1095,0.5408,21.9524,23.7506,7.0776
11890.0,2.0887,18.8569,0.5324,20.846,24.2752,7.0832
11895.0,1.9316,16.0283,0.5448,17.3675,24.1617,7.2773
11900.0,1.9231,15.4033,0.5273,17.1327,24.0928,7.3796
11905.0,2.0213,17.7545,0.5474,20.2971,24.1916,7.0713
11910.0,1.9238,15.7226,0.5201,16.7209,23.926,7.209
11915.0,1.9157,15.0771,0.5158,16.333,24.2238,7.2676
11920.0,1.9778,16.4763,0.5475,18.3562,23.7528,7.2667
11925.0,1.9375,15.7839,0.547,16.9352,23.8336,7.3144
11930.0,1.8736,15.1619,0.5353,16.4422,24.0502,7.3472
11935.0,1.9072,15.3951,0.5315,15.2946,24.2735,7.3389
11940.0,2.031,17.7052,0.5283,21.1184,24.05,7.2584
11945.0,2.1241,18.873,0.5566,23.1731,24.2147,7.0003
11950.0,1.9042,15.335,0.515,16.369,24.281,7.2493
11955.0,1.7928,13.5328,0.5189,11.9322,24.7271,7.6116
11960.0,1.8565,14.0038,0.5124,15.6229,24.0226,7.4287
11965.0,2.0692,17.7578,0.5254,20.5834,23.8899,7.1501
11970.0,1.8891,14.5326,0.5274,15.3856,24.2254,7.3411
11975.0,1.8556,14.4923,0.523,14.8691,24.1184,7.372
11980.0,1.8675,14.4191,0.5127,15.6911,24.2395,7.4105
11985.0,1.936,16.4396,0.5155,18.1355,24.2796,7.3607
11990.0,1.9039,15.2949,0.5252,16.8377,24.031,7.3655
11995.0,1.9145,15.3405,0.5098,17.3474,24.2494,7.3279
12000.0,1.8924,15.3383,0.5218,16.2295,24.0105,7.2661
12005.0,1.914,15.0995,0.5168,16.262,24.3802,7.2775
12010.0,1.9114,15.3245,0.5319,16.0351,23.8691,7.3196
12015.0,1.7981,13.2373,0.5183,13.106,24.0864,7.5864
12020.0,1.7783,12.6617,0.5183,13.3505,24.1577,7.7137
12025.0,1.8745,15.5822,0.5269,15.8431,24.4382,7.4127
12030.0,1.7619,12.8723,0.513,12.6019,24.1445,7.6828
12035.0,1.952,16.6731,0.5235,17.4181,23.8751,7.3763
12040.0,1.837,13.9766,0.5139,13.5258,23.7041,7.5281
12045.0,1.7687,13.0948,0.5348,11.9766,24.3535,7.6445
12050.0,1.7987,13.9751,0.5167,14.8415,24.2462,7.517
12055.0,1.7243,12.3964,0.4875,11.6811,24.4754,7.6433
12060.0,1.8086,13.7014,0.5053,14.446,24.0935,7.5541
12065.0,1.8898,15.711,0.5095,16.1636,24.014,7.408
12070.0,1.7942,12.9543,0.5227,14.8478,24.2073,7.6055
12075.0,1.8247,13.7089,0.502,13.7082,23.8491,7.4788
12080.0,1.7594,12.9359,0.5129,11.006,23.9218,7.7151
12085.0,1.9161,15.2938,0.5458,17.0339,24.2302,7.3534
12090.0,1.7997,12.8268,0.5047,13.6552,24.3582,7.6029
12095.0,1.8599,14.2189,0.5143,15.771,24.1783,7.4174
12100.0,1.9279,15.6416,0.5464,17.1908,24.0941,7.399
12105.0,1.8035,12.6673,0.5054,13.9915,24.1476,7.5225
12110.0,1.8036,13.6784,0.5081,12.1153,24.2007,7.6177
12115.0,1.7259,11.9273,0.5105,12.0287,23.9784,7.7582
12120.0,1.9122,15.6267,0.5122,16.1745,23.6644,7.3679
12125.0,1.8706,15.6585,0.5148,15.634,23.791,7.5122
12130.0,1.8279,14.4389,0.52,14.7826,24.2825,7.4689
12135.0,1.8339,13.9414,0.5363,15.9949,24.1399,7.4406
12140.0,1.7854,13.1724,0.5162,12.5204,23.759,7.7125
12145.0,1.8182,13.4709,0.5207,14.2776,24.078,7.6153
12150.0,1.7133,11.8172,0.5178,11.0221,24.2857,7.7618
12155.0,1.7659,12.5914,0.499,12.7747,23.8583,7.6379
12160.0,1.7103,11.9547,0.5242,12.1703,23.7139,7.8018
12165.0,1.9042,14.8435,0.5035,15.9124,23.4828,7.4919
12170.0,1.7446,12.3189,0.5022,11.7472,24.401,7.7502
12175.0,1.7431,12.2073,0.5166,12.7232,24.1014,7.7147
12180.0,1.7464,12.897,0.512,11.7319,24.1406,7.7248
12185.0,1.6732,10.8291,0.4846,10.4693,24.0277,7.8628
12190.0,1.9737,15.6321,0.5423,17.9502,23.3882,7.2262
12195.0,1.7434,12.6145,0.5097,10.8567,23.8221,7.7367
12200.0,1.7687,13.1219,0.508,12.3048,24.1595,7.586
12205.0,1.7277,12.3708,0.5087,11.5544,23.961,7.6684
12210.0,1.6833,11.2039,0.5241,11.0857,23.3335,8.0117
12215.0,1.6195,10.4671,0.5036,8.8787,24.0032,7.9584
12220.0,1.6888,11.4397,0.5211,10.3173,23.6823,7.9206
12225.0,1.7944,13.3318,0.5146,11.4559,24.1097,7.6384
12230.0,1.6931,11.4166,0.4988,10.9402,23.946,7.8573
12235.0,1.6544,10.6008,0.4959,9.4929,23.7134,7.9423
12240.0,1.708,11.7376,0.4982,11.3404,23.7384,7.8184
12245.0,1.6638,11.3988,0.5076,11.8113,24.0569,7.8588
12250.0,1.7374,12.5938,0.517,11.6153,24.0803,7.7171
12255.0,1.6013,10.2943,0.4947,8.33,23.9349,8.1716
12260.0,1.8073,13.7292,0.5181,14.905,23.8896,7.6418
12265.0,1.6188,10.9368,0.5027,9.9959,23.3757,8.0645
12270.0,1.7412,12.4453,0.4906,12.0719,23.4287,7.783
12275.0,1.6483,10.1705,0.4972,9.1948,23.442,7.9233
12280.0,1.5989,9.7924,0.5049,9.1151,23.7342,8.1785
12285.0,1.6387,10.607,0.5002,8.624,23.6952,8.077
12290.0,1.7349,12.1523,0.5128,11.0646,23.4987,7.8034
12295.0,1.7226,12.1367,0.5045,11.3181,23.7926,7.7819
12300.0,1.6544,10.9644,0.5282,9.2319,23.9249,7.9694
12305.0,1.6945,11.4239,0.5039,10.6427,24.0988,7.7326
12310.0,1.7672,12.8809,0.5225,11.9271,23.7724,7.6849
12315.0,1.6152,10.1836,0.495,9.4724,23.6707,8.1109
12320.0,1.8004,12.581,0.5317,14.0473,23.7081,7.5535
12325.0,1.6385,9.9663,0.5141,9.0246,24.5461,7.9377
12330.0,1.7084,12.0119,0.5046,11.288,23.9595,7.6865
12335.0,1.67,10.9427,0.49,10.923,23.5858,7.9785
12340.0,1.6171,10.3767,0.5028,9.9707,23.3306,8.0814
12345.0,1.6726,11.5249,0.4915,9.7664,23.5141,7.9306
12350.0,1.6791,10.8821,0.509,10.8339,23.5721,7.9477
12355.0,1.6604,11.0782,0.5016,8.8654,23.3931,7.9351
12360.0,1.5954,9.3833,0.5015,8.3079,23.8216,8.1577
12365.0,1.624,10.4984,0.502,8.2123,23.561,8.0987
12370.0,1.7094,11.9677,0.5057,11.896,23.2423,7.7542
12375.0,1.6784,11.3083,0.4852,10.0827,23.8494,7.8701
12380.0,1.6292,10.143,0.4833,9.4867,23.324,8.0553
12385.0,1.7262,11.9572,0.5041,11.1802,22.985,7.85
12390.0,1.6633,11.7543,0.5058,11.237,24.0984,7.7992
12395.0,1.6482,10.858,0.504,9.9875,24.22,7.9406
12400.0,1.6033,9.7531,0.5079,8.1928,23.6875,8.1812
12405.0,1.6186,9.7704,0.5126,9.0842,23.985,8.0971
12410.0,1.5983,9.4506,0.4947,8.6723,24.0376,8.2094
12415.0,1.5756,8.9333,0.486,7.6154,24.298,8.3303
12420.0,1.5896,9.016,0.4911,6.772,23.4654,8.2789
12425.0,1.5584,9.1828,0.4946,6.727,23.5962,8.3255
12430.0,1.6138,10.6447,0.4969,8.867,23.6589,8.1049
12435.0,1.5796,9.6144,0.5042,8.6953,23.7044,8.1728
12440.0,1.5389,9.7541,0.4872,6.9485,23.6503,8.3207
12445.0,1.6923,10.8576,0.5218,11.0256,23.6347,7.8606
12450.0,1.53,9.1196,0.4993,7.3287,23.8716,8.4398
12455.0,1.5577,8.9367,0.4989,7.4732,24.1558,8.2995
12460.0,1.5982,10.5915,0.5054,9.7636,23.8573,8.1781
12465.0,1.6073,9.6524,0.5058,9.2914,23.8979,8.0862
12470.0,1.5387,8.3366,0.4634,6.7875,23.9617,8.4204
12475.0,1.5962,10.0558,0.4928,8.2658,23.6763,8.2446
12480.0,1.5783,9.4996,0.4986,6.9888,23.6234,8.2829
12485.0,1.5516,9.0578,0.4982,6.2821,23.9564,8.3906
12490.0,1.5865,10.4241,0.4808,7.236,23.2762,8.3568
12495.0,1.5443,8.7419,0.4646,7.8547,24.0731,8.399
12500.0,1.5672,8.7575,0.4983,7.7617,23.9332,8.3144
12505.0,1.5456,8.8684,0.516,7.9682,23.7037,8.3687
12510.0,1.6323,10.3132,0.5208,9.3118,23.6841,8.1654
12515.0,1.5983,8.9557,0.4937,7.8854,23.687,8.1901
12520.0,1.544,9.1011,0.4746,6.9732,23.797,8.3786
12525.0,1.6165,9.926,0.4893,9.0768,23.7199,8.1396
12530.0,1.5208,8.63,0.4966,7.2278,23.9516,8.3833
12535.0,1.5669,8.9523,0.5131,8.1475,24.0381,8.2936
12540.0,1.5661,8.8769,0.5048,8.4584,24.0414,8.2919
12545.0,1.5333,8.7084,0.5065,7.4788,23.3263,8.485
12550.0,1.5658,9.3877,0.4854,7.7245,23.4849,8.2737
12555.0,1.5607,8.8064,0.5019,6.6225,23.8187,8.3284
12560.0,1.4889,7.9762,0.4713,7.3112,24.1977,8.5751
12565.0,1.6054,9.6525,0.4868,8.0287,23.3579,8.2028
12570.0,1.4893,8.097,0.4917,6.7709,23.7401,8.6744
12575.0,1.603,9.4423,0.4965,8.7071,23.876,8.2056
12580.0,1.538,9.0552,0.4802,8.3357,23.6627,8.399
12585.0,1.5647,9.123,0.5211,8.7628,23.3061,8.3226
12590.0,1.5427,9.2917,0.483,7.4684,23.9362,8.3695
12595.0,1.583,8.9821,0.5013,8.8233,23.3104,8.31
12600.0,1.4847,7.5587,0.4764,5.6817,23.421,8.6276
12605.0,1.538,8.6853,0.4887,7.5005,23.7076,8.512
12610.0,1.5389,8.5735,0.4931,6.2512,23.6274,8.4426
12615.0,1.5646,8.8988,0.4994,9.0002,23.3456,8.3587
12620.0,1.5036,8.0948,0.5002,7.4131,23.9354,8.5175
12625.0,1.5478,8.6978,0.5071,7.3852,23.6569,8.3759
12630.0,1.4836,7.5217,0.4949,4.8429,23.8051,8.6586
12635.0,1.5154,8.7317,0.4837,7.6381,23.5323,8.6043
12640.0,1.5487,8.6301,0.4864,8.5997,23.6927,8.3676
12645.0,1.5586,8.8888,0.4878,7.4556,23.8347,8.2845
12650.0,1.4844,7.4276,0.4931,6.3312,23.2238,8.6111
12655.0,1.5182,7.869,0.483,7.4969,23.5385,8.6089
12660.0,1.5058,8.1402,0.4933,6.1588,23.789,8.6682
12665.0,1.5276,7.6992,0.4906,8.1843,23.921,8.4036
12670.0,1.507,8.2168,0.4807,5.399,23.7478,8.5366
12675.0,1.5348,9.6648,0.5076,9.3987,23.2978,8.3884
12680.0,1.5018,7.7567,0.4856,6.0577,23.2196,8.6951
12685.0,1.5383,8.7204,0.4801,6.846,23.3232,8.4369
12690.0,1.6218,10.4296,0.4866,7.8677,23.607,8.1385
12695.0,1.5281,8.5748,0.4934,7.3985,23.7498,8.4818
12700.0,1.511,8.5904,0.4921,6.7354,23.8157,8.6008
12705.0,1.5026,8.3609,0.4784,6.4408,23.5627,8.592
12710.0,1.5246,8.9015,0.5016,7.0416,23.1775,8.5412
12715.0,1.4755,7.8986,0.4873,6.145,23.5528,8.6959
12720.0,1.4714,7.8314,0.4791,7.5147,23.1797,8.8237
12725.0,1.4979,8.4271,0.477,7.2294,23.6416,8.7185
12730.0,1.5188,8.056,0.499,6.9692,23.3745,8.5425
12735.0,1.4749,7.5418,0.4839,3.9732,23.5713,8.8029
12740.0,1.4891,7.6769,0.4803,6.6627,23.3303,8.8404
12745.0,1.5606,8.9016,0.5012,8.6013,23.6927,8.374
12750.0,1.4688,7.6268,0.4815,6.294,23.1224,8.7364
12755.0,1.483,8.2867,0.5006,6.7776,23.5124,8.6545
12760.0,1.4739,7.816,0.5115,8.2312,23.4782,8.8254
12765.0,1.5203,8.293,0.498,6.557,23.5047,8.5701
12770.0,1.4646,7.4195,0.4983,6.5692,23.6547,8.7302
12775.0,1.4764,7.9209,0.4788,6.3109,23.4656,8.763
12780.0,1.4979,8.3495,0.4862,6.7382,23.5691,8.6811
12785.0,1.5137,8.0872,0.4801,4.9856,23.1122,8.5765
12790.0,1.5614,9.2867,0.4913,8.7383,23.1544,8.4537
12795.0,1.4805,7.4145,0.4935,7.2946,23.2492,8.6878
12800.0,1.5173,8.621,0.487,7.4644,23.1742,8.6154
12805.0,1.4663,7.0347,0.4842,7.1969,23.5131,8.7195
12810.0,1.4606,7.4642,0.4832,5.6506,23.8714,8.8046
12815.0,1.4425,7.0861,0.5007,6.5039,23.2806,8.9858
12820.0,1.4764,7.6306,0.4785,6.7466,23.1849,8.9087
12825.0,1.5095,8.4796,0.4973,8.1778,23.0781,8.6254
12830.0,1.5103,8.3465,0.4929,6.8946,23.4432,8.6682
12835.0,1.4746,7.7865,0.4887,6.834,23.4174,8.9362
12840.0,1.4804,7.5815,0.4823,5.9227,23.1295,8.8037
12845.0,1.5233,9.0456,0.4934,9.1126,23.7722,8.5817
12850.0,1.4896,8.1097,0.4992,7.0453,23.4567,8.7868
12855.0,1.4874,8.0148,0.5004,6.5089,23.6372,8.652
12860.0,1.5146,8.4111,0.492,7.8576,23.2591,8.627
12865.0,1.4701,7.4314,0.4802,6.0085,23.6282,8.856
12870.0,1.4901,7.4306,0.4822,7.2565,23.157,8.7663
12875.0,1.4605,7.6881,0.4734,4.8427,23.5953,8.9144
12880.0,1.4472,6.7977,0.4939,5.7999,23.7869,8.9931
12885.0,1.5229,8.7779,0.5179,9.441,23.7748,8.5563
12890.0,1.4967,8.2139,0.4828,5.4846,23.2473,8.658
12895.0,1.4638,7.2545,0.4812,7.8058,23.0542,8.9096
12900.0,1.5094,8.3006,0.4956,7.7279,23.4312,8.6366
12905.0,1.4576,7.5689,0.5017,7.2096,23.8235,8.8065
12910.0,1.4898,8.1899,0.4861,6.2612,23.1163,8.897
12915.0,1.4836,8.4816,0.4937,6.9228,23.0113,8.7529
12920.0,1.487,8.4033,0.5111,6.8296,22.9119,8.7242
12925.0,1.4099,7.3152,0.4923,5.6255,23.6451,9.2687
12930.0,1.4847,7.8358,0.4959,6.557,23.1062,8.8406
12935.0,1.4635,7.3635,0.49,5.7565,23.8224,8.9265
12940.0,1.4469,7.6743,0.4858,6.5714,23.7193,9.0421
12945.0,1.4842,6.6698,0.4832,7.2637,23.4223,8.7933
12950.0,1.4643,7.2885,0.5005,5.9637,23.9977,8.8156
12955.0,1.51,8.7765,0.4781,6.2567,23.4647,8.5791
12960.0,1.4509,7.4643,0.4834,7.024,23.3512,8.967
12965.0,1.4699,7.8792,0.4844,5.9932,23.2274,8.9279
12970.0,1.4606,6.8283,0.5046,6.8056,23.8498,8.9359
12975.0,1.4807,7.5787,0.4889,6.0871,23.6944,8.8256
12980.0,1.5039,8.763,0.4928,6.787,22.8913,8.76
12985.0,1.5459,8.6031,0.4817,6.4455,22.958,8.6085
12990.0,1.4673,7.2448,0.5085,5.0147,23.172,8.9961
12995.0,1.4828,7.6377,0.4855,6.3025,23.2071,8.7952
13000.0,1.506,8.2687,0.4875,7.2356,23.1025,8.7175
13005.0,1.4611,7.8999,0.4906,6.7991,23.1577,8.8108
13010.0,1.4602,7.9112,0.4925,4.9131,23.3262,8.853
13015.0,1.4925,7.9625,0.4967,6.2874,23.1311,8.8129
13020.0,1.4875,8.0382,0.4965,5.3706,23.9543,8.6044
13025.0,1.4468,7.2036,0.5024,7.3244,23.7909,8.9722
13030.0,1.4666,7.6867,0.5075,6.0786,24.0571,8.7851
13035.0,1.426,7.0798,0.4971,6.4213,23.878,9.1524
13040.0,1.4598,7.4976,0.4844,7.8955,23.5103,8.8797
13045.0,1.5198,8.702,0.495,6.7138,23.4209,8.5635
13050.0,1.4666,7.8343,0.4863,8.3052,23.1553,8.9798
13055.0,1.4807,7.5527,0.5084,5.3249,23.3948,8.8419
13060.0,1.4799,7.5195,0.4943,7.5299,23.165,8.7667
13065.0,1.4538,6.7411,0.4893,5.9531,23.0535,8.9915
13070.0,1.4754,7.2546,0.4838,6.0781,23.3567,8.8472
13075.0,1.4562,7.1809,0.4925,5.9745,23.608,8.8844
13080.0,1.4728,7.7775,0.5027,8.1898,23.5809,8.8005
13085.0,1.4744,7.5499,0.4939,6.5682,23.5937,8.7906
13090.0,1.486,7.8748,0.5049,5.298,23.4665,8.7646
13095.0,1.4509,7.4051,0.4991,5.5819,23.2606,9.0723
13100.0,1.4382,7.4954,0.4911,5.4716,23.6616,8.9119
13105.0,1.4967,7.703,0.4754,6.5301,23.5299,8.804
13110.0,1.4797,7.2859,0.509,6.086,23.8471,8.7689
13115.0,1.4353,6.7438,0.4981,6.9396,23.853,9.1874
13120.0,1.4406,7.5648,0.5032,7.17,23.4642,8.9974
13125.0,1.4067,6.7618,0.4769,5.7737,23.6021,9.1723
13130.0,1.4621,7.8311,0.5063,5.9444,23.3247,8.9368
13135.0,1.4414,7.4905,0.4842,5.5186,23.4184,8.9861
13140.0,1.4411,7.1927,0.5041,6.4298,23.3765,9.1271
13145.0,1.4476,7.3852,0.4854,5.2836,23.7261,9.0537
13150.0,1.4443,7.3305,0.5012,6.477,23.4266,8.9498
13155.0,1.4409,6.9562,0.4984,5.5842,24.0675,9.0377
13160.0,1.4549,6.9422,0.4848,6.7616,23.779,9.092
13165.0,1.4481,7.3876,0.4858,6.1462,23.4096,8.9601
13170.0,1.4572,7.0802,0.4826,6.0339,23.7654,8.8634
13175.0,1.4259,6.7237,0.4919,4.9586,23.4292,9.1541
13180.0,1.4298,6.5753,0.4792,4.8662,23.3881,9.1205
13185.0,1.4476,7.3828,0.4773,4.8394,23.8188,9.1103
13190.0,1.4547,8.0165,0.4854,6.0658,23.1745,9.1175
13195.0,1.4492,7.0087,0.5041,5.8411,23.4547,9.0255
13200.0,1.435,6.5857,0.4913,7.402,23.5989,9.0935
13205.0,1.4523,7.3531,0.4832,5.0175,23.483,8.938
13210.0,1.4626,7.4131,0.4879,5.2484,23.7931,8.8875
13215.0,1.4425,6.6972,0.4842,5.3651,23.8303,8.986
13220.0,1.4152,6.7197,0.4996,6.2981,23.859,9.1962
13225.0,1.426,6.2357,0.4947,6.5286,23.6073,9.1963
13230.0,1.4423,7.0886,0.4961,6.5327,23.7357,8.9426
13235.0,1.4686,7.7118,0.4907,6.0337,23.1117,8.8338
13240.0,1.4282,6.2046,0.4988,5.0331,23.5651,9.3086
13245.0,1.422,6.7354,0.4947,5.2779,23.6107,9.161
13250.0,1.419,6.9517,0.5057,7.2669,23.5431,9.2924
13255.0,1.4075,6.3603,0.4985,6.3186,23.6407,9.2492
13260.0,1.3917,5.9706,0.5056,5.637,24.1346,9.2419
13265.0,1.43,7.0653,0.4795,6.2128,23.6231,9.1803
13270.0,1.4569,7.2862,0.5006,7.321,23.7942,8.9753
13275.0,1.4094,6.6286,0.4999,5.7833,23.6935,9.3079
13280.0,1.424,6.8319,0.4952,4.4948,23.3413,9.2444
13285.0,1.455,7.0021,0.4881,7.1748,23.1874,8.9751
13290.0,1.4315,7.3375,0.4945,5.3027,23.2498,9.2097
13295.0,1.4305,6.6479,0.4806,6.339,23.673,9.0593
13300.0,1.4099,6.1824,0.4723,5.8478,23.1646,9.237
13305.0,1.4027,6.755,0.4676,5.2932,23.7732,9.2724
13310.0,1.4194,6.4875,0.4906,5.896,23.6334,9.3708
13315.0,1.4174,6.7744,0.4954,5.621,23.8635,9.2398
13320.0,1.4429,7.2468,0.4853,5.0004,23.3218,8.972
13325.0,1.4292,6.9149,0.4673,5.5365,24.006,9.2096
13330.0,1.4422,7.3791,0.4773,7.1164,23.664,8.9822
13335.0,1.3936,6.7577,0.4909,5.6083,23.2236,9.4231
13340.0,1.408,6.2537,0.4952,5.9715,24.0801,9.2328
13345.0,1.4278,6.7056,0.4931,6.9123,23.3468,9.3003
13350.0,1.4156,6.5423,0.4926,4.6226,23.3674,9.3325
13355.0,1.3769,5.8958,0.4814,4.4909,23.2867,9.492
13360.0,1.404,6.1454,0.4715,5.7911,23.5524,9.3885
13365.0,1.4036,5.5964,0.473,5.0996,23.9112,9.3442
13370.0,1.3991,6.1409,0.489,5.284,23.8352,9.3906
13375.0,1.3745,6.6052,0.4917,4.0927,24.3941,9.4553
13380.0,1.4241,7.0627,0.4951,5.2023,23.5164,9.2427
13385.0,1.3842,6.093,0.5027,7.0283,23.8044,9.4982
13390.0,1.4446,6.9144,0.5019,5.4329,23.453,9.1235
13395.0,1.4244,6.708,0.4913,6.4808,23.4046,9.1457
13400.0,1.4183,7.0671,0.4825,5.643,24.1741,9.1392
13405.0,1.3856,5.9925,0.4857,5.1819,23.6994,9.4504
13410.0,1.3925,6.4189,0.4988,5.7557,24.0194,9.4224
13415.0,1.385,5.8787,0.4929,4.2871,23.7644,9.5336
13420.0,1.433,6.3658,0.4854,5.4067,23.5163,9.1971
13425.0,1.3985,6.0383,0.5006,6.68,23.6873,9.491
13430.0,1.4149,6.334,0.4875,5.4031,23.4781,9.2713
13435.0,1.4123,6.935,0.5165,6.2835,23.763,9.2975
13440.0,1.4033,6.3365,0.4829,6.7746,24.0019,9.3803
13445.0,1.4281,6.7609,0.4931,5.3859,23.8019,9.1904
13450.0,1.4105,6.5332,0.492,6.0126,24.1312,9.1528
13455.0,1.4138,6.3684,0.4797,5.4712,23.449,9.2961
13460.0,1.3721,5.7233,0.4841,5.7783,23.8111,9.6838
13465.0,1.4083,7.3802,0.4753,3.2636,23.6304,9.2744
13470.0,1.4089,6.0499,0.4863,5.614,23.9866,9.3203
13475.0,1.4085,6.3,0.4863,6.2788,23.7264,9.3017
13480.0,1.407,6.1632,0.476,5.9653,24.1904,9.4925
13485.0,1.3736,6.5883,0.4745,3.5165,24.1366,9.5537
13490.0,1.3974,6.4622,0.4822,5.4247,23.9964,9.3585
13495.0,1.383,6.4967,0.4959,5.7972,23.858,9.6987
13500.0,1.3893,6.4914,0.4867,5.8144,24.2614,9.4928
13505.0,1.3689,6.4627,0.5079,6.0373,24.1458,9.5959
13510.0,1.3817,6.0063,0.4807,5.2524,24.1698,9.7108
13515.0,1.4051,6.108,0.4744,5.7946,23.9339,9.3913
13520.0,1.4229,7.2252,0.4996,5.7613,23.8084,9.2832
13525.0,1.4221,6.2638,0.4759,6.3368,23.9964,9.2104
13530.0,1.3762,6.4594,0.4794,4.2924,24.1764,9.6343
13535.0,1.4068,6.6288,0.4974,6.0289,24.1596,9.4242
13540.0,1.388,6.0074,0.4876,5.2527,24.5425,9.3652
13545.0,1.4132,6.7272,0.4918,5.3531,23.8501,9.3074
13550.0,1.4251,6.6678,0.4967,5.9394,23.8076,9.1954
13555.0,1.3984,6.1005,0.49,5.0321,23.9719,9.494
13560.0,1.4153,6.7499,0.4774,5.6787,24.078,9.2789
13565.0,1.4167,6.4411,0.4968,5.5513,23.9458,9.1984
13570.0,1.3844,5.9881,0.4956,6.4149,23.7379,9.5243
13575.0,1.385,6.3332,0.4811,5.0112,23.9871,9.5511
13580.0,1.3837,6.2368,0.4759,5.6846,24.1932,9.4915
13585.0,1.3925,6.2852,0.4933,6.8863,24.0155,9.7929
13590.0,1.3892,6.1822,0.4839,6.3143,23.9199,9.3638
13595.0,1.3884,5.8967,0.4804,6.994,24.3146,9.3049
13600.0,1.3725,5.2511,0.4908,5.4213,24.3516,9.7266
13605.0,1.3998,6.2394,0.4871,5.3689,23.9262,9.4783
13610.0,1.3756,5.8161,0.4934,5.0951,24.2624,9.8182
13615.0,1.3773,5.8552,0.4943,7.0307,24.3209,9.7475
13620.0,1.3824,6.1172,0.4814,5.7146,24.4423,9.6044
13625.0,1.3862,5.8872,0.4863,6.1148,24.5821,9.3484
13630.0,1.3623,5.914,0.4985,4.1926,23.9022,9.9225
13635.0,1.3935,6.1618,0.5001,6.3488,23.8357,9.4356
13640.0,1.3749,5.741,0.4942,5.7034,24.5039,9.6039
13645.0,1.4004,6.4743,0.4548,6.381,24.3896,9.3352
13650.0,1.3984,6.2869,0.4925,6.6367,24.1463,9.463
13655.0,1.3821,6.5233,0.4979,3.8543,24.4078,9.4876
13660.0,1.4082,6.8474,0.486,5.2692,24.2331,9.2225
13665.0,1.3811,5.8739,0.4956,6.2347,24.6514,9.5915
13670.0,1.374,5.884,0.4861,6.8585,24.1736,9.6368
13675.0,1.3857,5.5273,0.4968,5.9033,24.0119,9.7932
13680.0,1.3741,5.5239,0.4815,3.9985,24.291,9.818
13685.0,1.3644,6.2849,0.4952,5.7453,24.7172,9.6255
13690.0,1.3718,6.217,0.4826,4.9913,24.1713,9.6642
13695.0,1.3939,6.1626,0.4951,4.8224,24.8938,9.3012
13700.0,1.3922,5.3482,0.4896,4.7791,24.4389,9.4197
13705.0,1.3745,6.1241,0.4796,4.7289,24.3064,9.7837
13710.0,1.4011,5.6326,0.5,5.8589,24.2261,9.5793
13715.0,1.3773,6.0531,0.4747,4.8586,24.53,9.5143
13720.0,1.3783,5.4396,0.4909,5.6859,24.4905,9.5775
13725.0,1.4154,6.849,0.5113,5.9255,24.4615,9.1926
13730.0,1.3752,5.5378,0.487,5.0778,24.3953,9.4531
13735.0,1.3673,5.9403,0.4907,6.7229,24.5603,9.7243
13740.0,1.3746,5.4697,0.498,3.7918,24.2645,9.5251
13745.0,1.3764,6.4372,0.5105,6.4086,24.6872,9.5538
13750.0,1.3649,5.6915,0.4901,4.2951,25.0012,9.7647
13755.0,1.3892,5.859,0.4932,5.5154,24.998,9.4849
13760.0,1.3688,6.0152,0.4661,4.9092,24.5796,9.8398
13765.0,1.3778,6.1429,0.4871,5.6051,24.5389,9.5048
13770.0,1.3823,6.235,0.4826,5.2433,24.6404,9.5842
13775.0,1.3762,6.3411,0.4936,3.6445,24.5711,9.3927
13780.0,1.383,6.1325,0.476,6.2492,24.6771,9.3738
13785.0,1.397,6.0839,0.4802,6.3471,24.7273,9.1859
13790.0,1.4067,6.5117,0.4844,5.9152,24.324,9.178
13795.0,1.422,6.9585,0.4834,4.0336,24.4356,9.0897
13800.0,1.3679,5.3188,0.4884,5.2434,25.0246,9.5656
13805.0,1.3719,5.524,0.4795,4.9584,24.896,9.4942
13810.0,1.395,6.5753,0.5034,5.8656,24.3062,9.4582
13815.0,1.388,6.5188,0.4848,5.8308,25.0044,9.4038
13820.0,1.3662,5.8017,0.4858,6.5336,24.6808,9.7197
13825.0,1.3863,6.154,0.4905,5.5626,24.686,9.371
13830.0,1.3915,5.9849,0.4973,5.8738,24.8041,9.5013
13835.0,1.3816,5.5912,0.4919,6.2542,24.3121,9.6087
13840.0,1.4092,5.8664,0.4778,5.3018,24.831,9.2435
13845.0,1.3801,6.0666,0.4795,5.2451,24.3369,9.5676
13850.0,1.3861,6.0705,0.4781,4.7911,24.9322,9.3439
13855.0,1.3923,6.4937,0.5014,6.4966,24.6278,9.4759
13860.0,1.371,5.4481,0.487,5.4954,24.9864,9.6479
13865.0,1.3801,5.9004,0.4835,5.1334,24.8958,9.5962
13870.0,1.3855,5.5014,0.4681,4.9217,24.9846,9.3336
13875.0,1.3869,6.4242,0.4831,5.1881,24.6625,9.4336
13880.0,1.394,5.7524,0.4779,4.7819,24.4022,9.5484
13885.0,1.3734,5.9715,0.4775,4.4316,24.5451,9.5186
13890.0,1.3753,6.0731,0.4661,4.2612,24.9613,9.6101
13895.0,1.3684,5.6662,0.4868,5.9334,25.1057,9.5515
13900.0,1.3613,6.1232,0.5007,6.197,24.6743,9.7464
13905.0,1.361,5.0592,0.4954,5.7757,25.2515,10.0904
13910.0,1.3606,6.0269,0.4703,4.7869,25.0064,9.9116
13915.0,1.3661,6.0654,0.4796,4.705,24.7468,9.6826
13920.0,1.3607,5.2427,0.4754,5.6003,25.0271,9.9363
13925.0,1.3999,6.0432,0.5128,6.0627,24.8279,9.497
13930.0,1.376,5.9123,0.4902,4.9929,25.2469,9.5323
13935.0,1.3735,6.016,0.4811,5.3021,25.1113,9.6106
13940.0,1.3719,5.98,0.4916,5.8427,25.0689,9.6752
13945.0,1.366,5.8399,0.4765,4.9237,24.9839,9.6319
13950.0,1.3638,5.7259,0.488,6.088,25.3252,9.5442
13955.0,1.3659,5.5013,0.4965,6.1027,24.6612,9.8411
13960.0,1.3815,5.407,0.4689,3.5942,25.1958,9.6042
13965.0,1.3718,5.2054,0.4734,5.2411,25.18,9.7212
13970.0,1.376,5.5501,0.4779,4.1186,24.8488,9.4783
13975.0,1.3818,6.1325,0.4884,6.8954,25.0795,9.3067
13980.0,1.3663,6.0077,0.472,4.5399,24.8412,9.718
13985.0,1.3743,5.7821,0.4921,6.44,25.6593,9.5628
13990.0,1.3714,5.8792,0.4832,4.7514,25.3628,9.6572
13995.0,1.3809,5.8206,0.4956,6.2371,24.7268,9.5787
14000.0,1.3725,5.94,0.4965,5.6165,25.0522,9.5238
14005.0,1.3661,5.8781,0.4764,4.5304,25.2703,9.5905
14010.0,1.3941,6.1091,0.4968,6.4204,25.4428,9.4244
14015.0,1.3823,5.6856,0.4801,5.1312,25.3979,9.6554
14020.0,1.3552,5.2868,0.4925,5.6704,25.7997,9.7826
14025.0,1.3691,5.7744,0.4941,5.4856,25.1612,9.6763
14030.0,1.3841,6.1209,0.4911,5.1367,25.4742,9.5853
14035.0,1.369,5.5472,0.4785,4.8712,25.0753,9.7082
14040.0,1.3711,5.4484,0.4868,4.6903,25.4541,9.6404
14045.0,1.3844,5.6499,0.4797,5.4028,25.299,9.6766
14050.0,1.367,5.1556,0.484,5.2542,25.2627,9.8409
14055.0,1.379,6.6255,0.4883,6.3911,25.739,9.3748
14060.0,1.359,5.4329,0.4921,4.574,25.5979,9.9133
14065.0,1.3741,6.2237,0.4967,4.7243,25.3133,9.6944
14070.0,1.3608,5.8935,0.4935,4.4263,26.0206,9.7389
14075.0,1.3697,5.6337,0.4868,4.5339,25.6433,9.7283
14080.0,1.3734,5.6384,0.471,5.0638,25.1374,9.5553
14085.0,1.3726,5.7842,0.4937,5.0908,24.729,9.762
14090.0,1.3671,5.7637,0.5009,4.7523,25.4427,9.675
14095.0,1.3573,5.5606,0.4689,3.827,25.2341,10.0003
14100.0,1.3774,6.1538,0.4767,4.3385,25.1441,9.6208
14105.0,1.3596,5.518,0.4949,4.4333,25.3569,10.0332
14110.0,1.3626,5.1073,0.4951,4.5348,25.4436,10.0416
14115.0,1.3817,5.7577,0.4809,4.8901,25.6884,9.5786
14120.0,1.3629,5.6298,0.4805,5.2018,25.0995,9.6046
14125.0,1.3701,5.9456,0.4879,5.0222,25.6149,9.6966
14130.0,1.3778,5.8294,0.4816,4.6034,25.3851,9.5991
14135.0,1.3641,5.2526,0.4805,4.6691,25.3997,9.5986
14140.0,1.3446,5.5901,0.4985,4.9112,25.596,10.0081
14145.0,1.3615,5.912,0.4814,6.0674,25.9882,9.7656
14150.0,1.3446,5.5076,0.5053,5.29,25.7726,10.0315
14155.0,1.3612,5.556,0.4861,4.1409,25.6925,9.7511
14160.0,1.3581,5.8315,0.4796,5.3574,25.3643,9.6183
14165.0,1.3584,5.4062,0.4697,5.6665,25.5491,9.8775
14170.0,1.3757,5.8125,0.4789,5.0628,25.1068,9.672
14175.0,1.3457,5.445,0.491,4.2738,25.5858,9.9252
14180.0,1.3498,5.9231,0.5055,6.1723,25.5884,9.6687
14185.0,1.3722,6.2222,0.4957,5.9103,25.4828,9.5927
14190.0,1.3603,5.4499,0.4853,4.5116,25.8479,9.6572
14195.0,1.3532,5.672,0.4747,3.6608,25.8559,9.9871
14200.0,1.3402,5.3441,0.4841,3.6181,25.5909,9.9571
14205.0,1.3636,5.5862,0.4874,4.9289,25.6145,9.8864
14210.0,1.3579,5.5564,0.4698,4.8837,25.4658,9.717
14215.0,1.3441,4.8324,0.4841,5.9692,25.4313,10.0896
14220.0,1.3514,5.7623,0.4923,5.3762,25.4807,9.8565
14225.0,1.3605,5.5133,0.4908,5.5125,25.6913,9.7632
14230.0,1.362,5.8005,0.4723,4.975,25.3475,9.861
14235.0,1.3555,5.8977,0.4866,5.0901,25.9073,9.7113
14240.0,1.3621,6.0693,0.4805,6.7437,25.8566,9.5961
14245.0,1.3499,5.6576,0.4875,4.1318,25.6613,9.7079
14250.0,1.358,5.8063,0.4764,5.8987,25.6396,9.9154
14255.0,1.3599,5.6551,0.515,5.1453,26.0395,9.6635
14260.0,1.369,5.2749,0.4888,6.5032,25.8746,9.8909
14265.0,1.3645,5.3161,0.5063,4.9202,26.3883,9.6417
14270.0,1.3564,5.3029,0.488,5.2877,25.9702,9.8536
14275.0,1.3537,5.7652,0.4849,5.4696,25.6401,9.8888
14280.0,1.3426,5.8968,0.4858,4.7362,25.6837,9.9261
14285.0,1.3594,5.0541,0.4859,4.1554,26.0037,9.7235
14290.0,1.3572,5.4817,0.4804,6.019,26.051,9.8464
14295.0,1.362,5.7118,0.4928,5.2567,26.3018,9.6662
14300.0,1.3616,5.5974,0.4932,4.8078,25.5871,9.7243
14305.0,1.3632,6.0399,0.4742,5.7579,25.9024,9.7925
14310.0,1.3532,6.1274,0.4827,6.0596,25.4781,9.7925
14315.0,1.3529,5.3982,0.4948,6.7398,25.9882,9.7044
14320.0,1.3558,5.4641,0.4759,5.4908,25.8374,10.1456
14325.0,1.353,5.1205,0.4752,5.3733,26.3165,9.7941
14330.0,1.3621,5.7257,0.4767,5.168,25.6489,9.6643
14335.0,1.3491,5.2469,0.4783,4.7192,26.0713,10.0958
14340.0,1.3502,5.6948,0.4895,4.9326,25.9363,9.8779
14345.0,1.3552,5.2627,0.4853,5.1155,25.8912,9.8143
14350.0,1.3621,6.2804,0.4771,5.4629,25.3521,9.6593
14355.0,1.3622,6.2441,0.4839,6.6105,25.8593,9.6099
14360.0,1.3571,5.1774,0.5085,4.5031,25.68,9.6861
14365.0,1.3422,5.5034,0.4773,6.3756,25.9979,9.9723
14370.0,1.3447,4.8914,0.4616,5.1079,26.2124,9.9681
14375.0,1.3528,5.643,0.4895,4.8269,26.7069,9.7946
14380.0,1.3405,5.5502,0.4678,4.2897,26.574,9.8061
14385.0,1.3595,5.3897,0.4848,5.8051,26.1528,9.5586
14390.0,1.3553,5.3383,0.4886,5.8295,25.9637,9.8063
14395.0,1.3544,5.6245,0.4829,5.3202,25.9592,9.9514
14400.0,1.3619,5.6299,0.4947,5.1066,25.7924,9.7998
14405.0,1.3572,6.058,0.4845,4.252,26.1148,9.7456
14410.0,1.3455,5.4597,0.4881,5.8535,25.9897,10.096
14415.0,1.3516,5.4355,0.4852,5.4632,26.6337,9.8489
14420.0,1.3497,5.8472,0.4967,4.8889,26.6726,9.6887
14425.0,1.3537,5.1507,0.481,5.2863,26.6004,9.8859
14430.0,1.3617,5.1247,0.4846,4.8027,25.9564,10.0552
14435.0,1.3704,5.2886,0.4811,6.5879,26.0116,9.6355
14440.0,1.364,5.4501,0.5005,7.0853,25.7507,9.8371
14445.0,1.3329,5.8434,0.4679,5.0986,26.3232,10.0998
14450.0,1.3457,5.5349,0.489,4.2308,25.9319,10.1479
14455.0,1.3511,5.6329,0.4755,4.4988,26.0737,9.901
14460.0,1.346,5.5705,0.4868,4.8881,25.9875,10.1114
14465.0,1.3412,5.8021,0.4763,5.0976,26.0696,9.7444
14470.0,1.345,5.0324,0.4918,5.4638,26.7123,9.8844
14475.0,1.3616,6.1624,0.478,5.3803,25.6226,9.7939
14480.0,1.3494,5.4657,0.4829,5.5008,26.2546,9.8384
14485.0,1.3596,5.397,0.4992,4.1694,25.967,9.7566
14490.0,1.35,5.5101,0.4786,4.482,26.7022,9.9949
14495.0,1.3572,6.2539,0.4936,4.6403,26.3418,9.8402
14500.0,1.3561,6.0975,0.4826,5.0178,26.0749,9.721
14505.0,1.3344,5.6152,0.4963,6.7779,25.9452,10.2153
14510.0,1.3398,4.8956,0.4889,4.8472,26.0288,10.1239
14515.0,1.3348,5.1399,0.4998,5.6068,26.5629,9.9916
14520.0,1.3553,5.167,0.4856,4.774,26.594,9.8996
14525.0,1.3559,5.8105,0.4864,5.1887,26.2486,9.8752
14530.0,1.3646,6.0717,0.4876,4.3685,26.1297,9.7891
14535.0,1.3439,5.8502,0.4592,4.067,26.5776,9.8924
14540.0,1.355,5.6436,0.4631,4.4112,26.3811,9.8542
14545.0,1.3496,5.2242,0.4844,4.2948,26.3428,9.9125
14550.0,1.3394,5.5857,0.4774,4.6891,26.2826,10.0833
14555.0,1.3476,5.2788,0.4978,6.1703,26.0141,10.0857
14560.0,1.3591,5.2773,0.5051,4.8395,26.6461,9.9944
14565.0,1.3393,5.5422,0.4993,3.9103,26.1345,10.168
14570.0,1.3538,5.4067,0.4872,5.7051,26.7815,10.2344
14575.0,1.3516,5.1235,0.4755,4.0845,26.5864,9.8658
14580.0,1.3625,5.6455,0.4832,6.8726,26.421,9.7944
14585.0,1.349,5.5465,0.4657,4.6564,26.0369,9.9894
14590.0,1.3398,5.2367,0.5016,6.2211,26.687,9.9658
14595.0,1.3279,5.1177,0.4773,4.4789,26.2357,10.1783
14600.0,1.3501,5.0936,0.498,4.4429,26.4346,10.0773
14605.0,1.3481,5.5199,0.4765,3.4288,26.6043,10.1133
14610.0,1.3466,5.3762,0.4878,5.004,26.0752,10.0654
14615.0,1.3353,5.4388,0.49,6.6108,26.4079,10.213
14620.0,1.3593,5.544,0.4846,5.0521,26.2755,10.0602
14625.0,1.3596,5.3807,0.4934,7.0489,26.4804,9.85
14630.0,1.3377,5.4845,0.4518,2.9227,26.3027,10.226
14635.0,1.3603,5.5585,0.4816,5.614,25.8429,9.9255
14640.0,1.3353,5.5797,0.4727,4.3728,26.2021,9.953
14645.0,1.3403,5.8486,0.4859,5.438,26.2661,10.1465
14650.0,1.3453,5.38,0.4721,4.6934,26.1855,10.047
14655.0,1.3449,5.3769,0.4889,4.7778,26.0563,9.6656
14660.0,1.349,5.077,0.4978,5.2586,26.3631,9.9641
14665.0,1.3462,5.5151,0.4829,5.2948,26.4947,10.065
14670.0,1.335,5.4588,0.4618,4.5251,26.3301,10.0919
14675.0,1.35,5.1985,0.4723,4.9607,26.1486,10.1162
14680.0,1.3646,5.7749,0.494,6.2851,26.1172,9.7656
14685.0,1.3589,5.2777,0.4937,5.5097,26.2601,9.8669
14690.0,1.3633,4.9845,0.4768,4.7293,26.2205,9.9534
14695.0,1.3467,4.9062,0.4821,4.4651,26.5858,10.1228
14700.0,1.3419,5.2455,0.5024,6.0646,26.561,9.8512
14705.0,1.3493,5.761,0.4856,4.664,26.0668,9.9819
14710.0,1.3477,5.5174,0.4688,5.5103,26.3679,10.1869
14715.0,1.3526,4.9687,0.4763,5.0407,26.8874,10.1603
14720.0,1.3484,5.2359,0.4973,4.6905,26.5394,9.9869
14725.0,1.3392,5.2697,0.5002,5.4656,26.3587,10.3098
14730.0,1.3304,5.5159,0.4916,5.7158,26.5224,10.4273
14735.0,1.3324,5.0665,0.469,3.3451,26.6028,10.3073
14740.0,1.3449,5.368,0.4904,3.811,25.8306,10.2792
14745.0,1.3597,5.3138,0.4854,5.2135,26.117,10.0171
14750.0,1.3572,5.0405,0.5017,7.6214,26.256,10.0122
14755.0,1.3434,5.0605,0.4814,5.2831,26.307,9.9267
14760.0,1.3449,5.2522,0.4734,4.8409,26.9342,10.2985
14765.0,1.327,4.6624,0.493,3.6035,26.3997,10.2786
14770.0,1.3385,5.8433,0.4747,4.4095,26.7789,10.0768
14775.0,1.3402,5.6651,0.4886,7.0965,26.3993,10.1319
14780.0,1.3473,5.7115,0.4758,4.9229,27.1045,10.1728
14785.0,1.3406,4.6087,0.4997,5.5375,26.0327,10.2329
14790.0,1.3452,4.9744,0.473,5.9814,26.2745,10.1842
14795.0,1.3433,5.1172,0.488,5.0238,26.3575,10.0843
14800.0,1.3308,5.3847,0.5012,5.7664,26.2833,10.4063
14805.0,1.3456,5.8235,0.4646,3.8074,26.4995,10.1636
14810.0,1.3443,4.6994,0.4874,4.907,26.4458,10.1715
14815.0,1.3412,5.455,0.4757,4.207,26.5819,10.2908
14820.0,1.3339,5.6904,0.4851,6.8521,26.5984,10.0837
14825.0,1.3555,5.9599,0.483,4.683,26.4903,10.1341
14830.0,1.3418,5.6699,0.4953,4.1539,26.628,10.2658
14835.0,1.339,4.977,0.4829,4.5908,26.3807,10.3878
14840.0,1.3498,5.6812,0.4915,5.8022,26.2722,10.2755
14845.0,1.3399,5.572,0.4754,4.8338,26.2145,10.1447
14850.0,1.3553,6.0035,0.4883,5.2355,26.3614,10.1295
14855.0,1.3529,5.5174,0.4862,5.2118,26.1684,10.0621
14860.0,1.3386,5.1992,0.4679,4.4636,26.1391,10.2899
14865.0,1.3454,5.558,0.4756,5.7905,26.3994,10.163
14870.0,1.3445,5.376,0.4754,4.93,26.1256,10.3288
14875.0,1.3411,5.3907,0.4929,5.2794,26.4372,10.3399
14880.0,1.3466,4.7649,0.4832,5.2286,26.3018,10.2596
14885.0,1.3384,5.0079,0.4815,5.2563,26.2526,10.3345
14890.0,1.3327,5.4558,0.4927,6.1456,26.3963,10.4666
14895.0,1.3316,5.3057,0.4794,5.4026,26.6418,10.2478
14900.0,1.3359,5.1435,0.4939,5.4079,26.3648,10.5711
14905.0,1.33,5.1189,0.5062,5.3344,26.733,10.1171
14910.0,1.3324,5.3098,0.4821,6.6376,25.9908,10.3098
14915.0,1.3444,5.4284,0.4675,5.9073,26.6671,10.281
14920.0,1.3411,4.593,0.4851,5.1493,26.0551,10.2066
14925.0,1.3379,4.6336,0.4836,4.8924,26.4127,10.4371
14930.0,1.3247,5.3137,0.4823,3.7115,26.4511,10.3842
14935.0,1.3317,4.9588,0.4669,5.6192,26.2605,10.2493
14940.0,1.3412,5.1325,0.4651,5.7725,26.3029,10.3213
14945.0,1.3253,4.8713,0.4984,5.3051,26.2581,10.6806
14950.0,1.3447,5.7428,0.4962,4.6851,26.2261,10.1488
14955.0,1.3473,4.9325,0.4807,3.8029,26.8866,10.5338
14960.0,1.3308,5.3172,0.4932,5.9251,25.9733,10.528
14965.0,1.346,5.2794,0.4903,5.6254,26.2999,10.1869
14970.0,1.339,5.4192,0.4754,4.2909,26.2826,10.1156
14975.0,1.3375,5.0782,0.4757,4.7535,26.1128,10.5112
14980.0,1.3377,5.248,0.4745,5.1212,26.1995,10.6783
14985.0,1.3386,4.8036,0.4928,4.4373,26.4733,10.5695
14990.0,1.3404,4.7261,0.492,5.9856,26.2876,10.4425
14995.0,1.3377,5.5548,0.4851,4.8912,26.3083,10.4072
15000.0,1.3289,4.3151,0.4923,5.6455,26.4878,10.7632
15005.0,1.349,5.4428,0.4625,4.4462,26.319,10.3654
15010.0,1.3413,5.7754,0.4705,4.7136,26.2078,10.3834
15015.0,1.3495,5.1768,0.4833,3.2781,25.8351,10.2563
15020.0,1.3426,5.5114,0.4851,4.4205,26.1976,10.1912
15025.0,1.3432,5.1711,0.4757,3.741,25.9163,10.354
15030.0,1.3338,5.5677,0.4747,5.2957,26.2338,10.4378
15035.0,1.3336,4.723,0.4749,4.6466,26.5245,10.5986
15040.0,1.3304,5.4327,0.4949,4.7649,26.3463,10.5319
15045.0,1.3297,5.154,0.4828,5.5305,26.2603,10.3752
15050.0,1.3261,5.1474,0.4828,5.8934,26.4575,10.509
15055.0,1.3437,5.047,0.5075,4.9195,26.5433,10.4496
15060.0,1.3303,5.0573,0.4824,4.003,25.9416,10.3728
15065.0,1.3286,4.8719,0.4922,5.2837,26.4798,10.6209
15070.0,1.3294,5.8149,0.4805,5.1395,26.0632,10.4223
15075.0,1.3173,5.6611,0.4811,4.9257,26.2608,10.3535
15080.0,1.3442,5.3516,0.4729,5.0915,26.407,10.3088
15085.0,1.3359,5.4727,0.4927,3.0072,26.2435,10.7096
15090.0,1.3214,5.5066,0.4935,6.4116,26.2498,10.6764
15095.0,1.3191,4.8747,0.4877,5.9305,26.3667,10.669
15100.0,1.3276,5.0459,0.4802,4.7677,26.5341,10.4255
15105.0,1.3351,5.3944,0.48,4.5087,26.2619,10.4371
15110.0,1.3341,5.2895,0.5012,4.367,26.4837,10.6915
15115.0,1.3417,5.1973,0.5047,4.777,26.2954,10.3935
15120.0,1.3518,4.9276,0.4828,3.9904,26.7206,10.3889
15125.0,1.3381,5.2006,0.5,6.1894,26.5237,10.5855
15130.0,1.3317,4.864,0.5014,4.0673,26.3417,10.6482
15135.0,1.332,5.4122,0.4702,4.7907,26.2673,10.673
15140.0,1.3336,5.2406,0.4711,4.2363,26.172,10.744
15145.0,1.3283,5.2227,0.4851,5.6116,26.1381,10.7196
15150.0,1.3351,5.2204,0.4825,5.253,26.0677,10.6628
15155.0,1.3362,5.3998,0.5077,5.438,26.1972,10.5403
15160.0,1.3405,5.09,0.4898,5.7933,25.8619,10.7444
15165.0,1.3385,5.4123,0.4715,7.273,25.9818,10.5338
15170.0,1.345,4.9777,0.4948,5.7149,25.9198,10.4413
15175.0,1.3254,5.0544,0.4927,3.4699,26.018,10.7214
15180.0,1.33,5.2313,0.4814,4.8401,25.9488,10.7507
15185.0,1.3315,5.0656,0.4985,6.2018,25.927,10.5556
15190.0,1.3431,5.0662,0.4978,5.3461,26.2376,10.2241
15195.0,1.3481,5.1661,0.4942,5.4991,26.2702,10.6925
15200.0,1.3357,5.4615,0.5029,5.4421,26.1685,10.3878
15205.0,1.3394,5.4893,0.5014,5.0576,26.3499,10.3892
15210.0,1.3423,5.4675,0.488,6.4948,25.8364,10.5361
15215.0,1.3359,5.5513,0.4883,6.2353,26.0964,10.2809
15220.0,1.3367,5.3545,0.4814,4.4013,26.1881,10.6175
15225.0,1.3279,5.3314,0.4799,4.0065,26.2095,10.7862
15230.0,1.3375,5.4045,0.4986,5.4448,26.2208,10.5336
15235.0,1.3508,5.1821,0.4984,4.7966,26.3268,10.4495
15240.0,1.3474,5.0158,0.4732,5.9866,25.8195,10.6134
15245.0,1.3422,5.3945,0.4743,4.734,26.0467,10.6008
15250.0,1.3299,5.3031,0.48,4.8121,25.7214,10.5847
15255.0,1.3399,5.1095,0.491,4.5867,26.0608,10.7843
15260.0,1.3392,5.5116,0.4671,5.4757,25.4844,10.3831
15265.0,1.3411,4.4944,0.4886,5.4751,26.0634,10.667
15270.0,1.3433,5.3452,0.4855,5.383,26.3196,10.6814
15275.0,1.3301,5.5135,0.4824,6.4854,26.1048,10.6886
15280.0,1.3463,5.9653,0.4828,5.9792,25.6638,10.5669
15285.0,1.3286,5.1091,0.4813,4.8305,25.6654,10.6183
15290.0,1.3303,4.9105,0.4835,6.5288,26.0122,10.8819
15295.0,1.3229,5.025,0.5001,5.406,25.7858,10.8575
15300.0,1.3489,4.9951,0.492,5.7069,25.4673,10.8545
15305.0,1.338,5.1314,0.492,5.0065,26.2275,10.8479
15310.0,1.3512,5.5227,0.477,4.901,25.9635,10.5262
15315.0,1.3257,5.2709,0.4785,5.6462,25.5068,10.7436
15320.0,1.3264,4.5016,0.4831,4.949,25.8602,11.0005
15325.0,1.3322,5.3797,0.4774,6.7555,26.3015,10.7729
15330.0,1.3341,5.464,0.4795,5.4557,25.8077,10.6388
15335.0,1.3213,4.9543,0.4797,5.0996,25.7117,10.5764
15340.0,1.3337,5.4026,0.4891,4.4237,25.6597,10.7152
15345.0,1.3447,4.7336,0.4954,5.9176,26.0372,10.8785
15350.0,1.3422,5.6503,0.4944,5.7755,25.8611,10.8938
15355.0,1.3482,5.3409,0.4912,5.5933,25.9552,10.6897
15360.0,1.3398,5.0803,0.4838,5.4947,25.5537,10.8321
15365.0,1.3504,4.9788,0.491,5.7617,25.8704,10.4729
15370.0,1.3359,5.2217,0.4808,4.9997,25.4221,11.1895
15375.0,1.3392,4.8266,0.4886,4.1845,25.8142,10.512
15380.0,1.3272,5.7198,0.4965,5.0703,25.5363,10.4406
15385.0,1.3256,5.2648,0.5205,5.4654,25.8393,10.7904
15390.0,1.3491,5.1213,0.5049,5.7261,25.4395,10.637
15395.0,1.3357,4.9696,0.4715,4.6583,25.8462,10.8098
15400.0,1.3394,5.4167,0.5021,4.9536,25.6707,10.4422
15405.0,1.323,5.5784,0.4866,4.5874,25.2772,10.879
15410.0,1.349,5.0779,0.4958,4.7787,26.0013,11.0327
15415.0,1.3371,5.0509,0.4903,5.5521,25.8703,10.7492
15420.0,1.3453,5.4506,0.4827,5.536,25.2624,10.6691
15425.0,1.3357,5.3256,0.4857,5.05,25.4788,10.6221
15430.0,1.334,4.9068,0.4917,4.7327,25.5719,10.6325
15435.0,1.3275,5.0142,0.4793,4.9824,25.482,10.5786
15440.0,1.34,4.8831,0.4857,4.9939,25.5337,10.6904
15445.0,1.3511,5.5763,0.4819,5.007,25.2288,10.4669
15450.0,1.3377,4.7205,0.4608,4.3104,26.047,10.6318
15455.0,1.3331,5.4922,0.4959,7.3808,25.4252,10.5597
15460.0,1.3404,4.9839,0.5084,5.7445,25.9786,10.666
15465.0,1.3424,5.2101,0.4548,6.2397,25.4662,10.8041
15470.0,1.3362,5.4446,0.4915,5.3237,26.204,10.721
15475.0,1.3405,5.5353,0.4819,3.7554,25.7486,10.9561
15480.0,1.3196,4.8111,0.468,3.2442,25.7896,10.904
15485.0,1.3305,5.4378,0.4833,5.7543,25.775,10.5553
15490.0,1.3391,5.2162,0.4699,5.7403,25.5429,10.8674
15495.0,1.3341,5.1413,0.4796,4.7311,25.4205,10.338
15500.0,1.3276,5.698,0.5102,7.0611,25.437,10.5832
15505.0,1.3343,4.9311,0.4834,4.1882,25.6413,10.7915
15510.0,1.3375,5.1706,0.4988,3.6908,25.5481,10.8351
15515.0,1.3389,5.344,0.4843,5.7988,25.5672,10.7767
15520.0,1.3281,5.0852,0.4892,5.3758,25.2584,10.8929
15525.0,1.3349,5.145,0.4729,5.9438,25.3091,11.0829
15530.0,1.3207,5.593,0.4774,4.6672,25.4841,10.9442
15535.0,1.3353,4.5775,0.483,4.0443,25.39,11.0908
15540.0,1.344,5.5715,0.4748,4.2236,25.5913,10.7713
15545.0,1.3328,4.8883,0.5095,5.8173,25.4472,10.9375
15550.0,1.3333,4.7498,0.4749,3.708,25.744,10.8795
15555.0,1.3393,4.6094,0.4691,5.5638,25.5229,10.7444
15560.0,1.337,4.8121,0.4979,4.2252,25.3637,11.1447
15565.0,1.3304,5.2447,0.4912,5.0494,25.2375,10.9198
15570.0,1.3357,5.266,0.4826,3.9749,25.6752,10.9761
15575.0,1.321,4.9854,0.4813,4.4518,25.1521,10.7274
15580.0,1.3311,4.8005,0.4765,3.7068,25.2813,10.9691
15585.0,1.3466,5.2473,0.4924,4.2313,25.6706,10.9084
15590.0,1.3279,5.2914,0.4939,5.2672,25.0996,10.8356
15595.0,1.3343,5.1866,0.4754,4.9041,25.2231,10.9656
15600.0,1.3328,5.2816,0.4688,4.6028,25.2716,10.967
15605.0,1.3319,5.1615,0.4869,5.2154,24.7474,10.6704
15610.0,1.3301,5.0695,0.4795,6.154,24.9535,10.816
15615.0,1.3353,5.2594,0.4975,5.3924,25.5259,10.6614
15620.0,1.3506,4.6434,0.4655,4.3715,25.3692,10.7912
15625.0,1.3345,5.8305,0.4728,5.7842,25.4818,11.0423
15630.0,1.328,5.6227,0.4828,5.3318,25.3716,10.7113
15635.0,1.3446,5.1963,0.4855,6.4492,24.6669,10.8555
15640.0,1.3564,5.6874,0.4927,3.4317,24.8786,10.6854
15645.0,1.3284,5.2054,0.4831,5.6564,24.7178,10.8512
15650.0,1.3419,5.3296,0.4682,4.6171,25.2362,10.9899
15655.0,1.3251,5.0197,0.4896,6.0468,25.7951,10.8994
15660.0,1.3336,4.6176,0.4847,4.9476,24.8249,10.9439
15665.0,1.3463,5.0203,0.4798,4.4796,25.4117,10.8282
15670.0,1.3306,4.5975,0.4891,4.8511,25.4895,10.9912
15675.0,1.3242,5.0504,0.4909,5.4205,25.1169,10.8166
15680.0,1.3457,5.1203,0.4803,3.6287,24.5672,10.698
15685.0,1.3403,5.5038,0.4903,5.0973,24.8804,10.7844
15690.0,1.3362,5.94,0.4939,5.8663,24.589,11.0753
15695.0,1.3375,5.2561,0.4693,5.3715,25.0664,10.7497
15700.0,1.3383,4.7484,0.4794,3.8554,25.2189,10.8768
15705.0,1.3415,6.0249,0.5077,3.9546,25.3617,11.092
15710.0,1.3367,5.3636,0.4984,4.1763,24.8698,10.832
15715.0,1.334,4.5134,0.4887,4.7669,24.9046,10.9294
15720.0,1.3412,5.7495,0.4838,3.5667,24.9988,11.086
15725.0,1.3399,4.385,0.4872,3.4896,25.0857,11.0297
15730.0,1.3363,5.1718,0.4891,6.0696,25.1022,10.7753
15735.0,1.3391,5.6398,0.4843,6.111,25.4482,10.8501
15740.0,1.3254,4.6001,0.4841,3.2622,25.5704,11.0969
15745.0,1.3281,4.9129,0.5072,4.7263,25.0998,10.7229
15750.0,1.3198,5.2479,0.4923,6.1969,24.7468,11.2673
15755.0,1.3398,5.3478,0.4904,5.4296,25.2318,10.9518
15760.0,1.3329,4.9951,0.4909,3.8057,25.6851,11.0625
15765.0,1.3383,5.4128,0.4966,5.6133,24.8024,11.0062
15770.0,1.3492,4.8592,0.4615,4.6469,24.8588,10.9341
15775.0,1.3464,4.8575,0.4765,3.9087,24.8485,11.065
15780.0,1.3278,5.2251,0.4905,6.1265,24.9073,10.9898
15785.0,1.3297,5.2764,0.5044,4.8714,24.7255,10.988
15790.0,1.345,5.3056,0.4892,3.3266,24.4695,10.6999
15795.0,1.3363,4.8646,0.4929,6.3922,25.0452,10.8453
15800.0,1.336,4.7635,0.4696,3.8261,24.8422,11.1601
15805.0,1.3415,5.284,0.4914,5.2377,25.0532,10.8487
15810.0,1.3392,5.3463,0.4878,6.6417,25.1306,10.9701
15815.0,1.3452,5.0752,0.4729,5.4071,25.1057,10.5732
15820.0,1.3337,4.7542,0.4783,6.1306,24.9304,10.9508
15825.0,1.3219,5.2008,0.4883,5.9392,25.0993,11.1059
15830.0,1.3453,5.3272,0.4815,5.2208,24.6851,11.0996
15835.0,1.324,5.2722,0.4885,4.4846,24.9048,11.309
15840.0,1.3304,4.9111,0.4891,5.4721,25.1061,10.9293
15845.0,1.3338,5.3828,0.4727,4.0499,25.0128,10.8717
15850.0,1.3335,5.2448,0.4941,3.872,24.7498,10.8857
15855.0,1.3411,5.381,0.4914,6.2758,24.8064,11.1366
15860.0,1.3272,5.348,0.4708,3.7369,25.1896,10.818
15865.0,1.3459,5.5082,0.4975,5.0115,24.3501,10.9394
15870.0,1.3479,5.685,0.49,6.2483,24.6223,11.0251
15875.0,1.3409,5.3836,0.5024,5.0072,24.951,11.3581
15880.0,1.3375,5.0365,0.51,4.2822,24.5786,11.0738
15885.0,1.3324,5.1419,0.4997,5.7923,24.6064,10.8793
15890.0,1.3463,5.6293,0.4809,5.0611,24.7027,10.7592
15895.0,1.3484,5.155,0.4847,5.3517,24.644,10.9782
15900.0,1.3415,5.2498,0.4933,6.5567,24.7673,10.979
15905.0,1.3338,5.8844,0.471,5.0682,24.2651,10.9157
15910.0,1.3316,5.4176,0.4923,5.2391,24.5526,10.9467
15915.0,1.3378,5.027,0.4871,5.279,24.6878,10.8683
15920.0,1.3377,5.2125,0.4791,4.7783,24.6079,11.1272
15925.0,1.3256,4.95,0.4783,4.5075,24.5528,11.0131
15930.0,1.3444,4.7383,0.4695,5.4558,24.7051,10.881
15935.0,1.3359,4.8063,0.4866,5.6807,25.0124,10.9562
15940.0,1.3419,5.0846,0.4876,5.6847,24.5406,10.9479
15945.0,1.3304,5.5245,0.4509,4.6383,24.7464,11.0667
15950.0,1.3223,5.1846,0.4994,5.6595,24.7036,10.9085
15955.0,1.318,5.3799,0.4909,5.1134,24.4446,11.0074
15960.0,1.3324,5.2551,0.4862,4.4269,24.2342,11.0719
15965.0,1.3329,5.4697,0.4907,5.9441,24.9373,11.1024
15970.0,1.3446,4.9819,0.4976,5.7193,24.2652,10.9006
15975.0,1.3262,5.2259,0.4749,5.829,24.7985,10.8832
15980.0,1.3359,4.8085,0.4835,5.6951,24.4964,10.9848
15985.0,1.3454,5.0425,0.4749,6.0312,24.6063,11.0354
15990.0,1.3395,4.8492,0.485,4.798,24.6063,10.7944
15995.0,1.3372,4.9179,0.4689,4.5801,24.5368,10.8321
16000.0,1.3339,4.5447,0.4822,5.3582,24.3653,11.0253
16005.0,1.3411,5.3263,0.5004,4.5205,24.48,10.8157
16010.0,1.3425,5.2146,0.4655,6.7541,24.4597,11.0762
16015.0,1.3212,5.271,0.4636,5.1621,24.3552,10.9273
16020.0,1.3353,4.3827,0.4835,4.743,23.8514,10.9344
16025.0,1.3468,5.3266,0.498,4.844,24.6537,11.156
16030.0,1.3368,5.1314,0.4782,6.2589,24.7535,11.0513
16035.0,1.3429,5.5267,0.4789,6.095,24.1624,10.9508
16040.0,1.3322,4.7766,0.4897,4.5969,24.4576,11.1986
16045.0,1.3473,5.1837,0.4984,5.6134,24.1765,10.9236
16050.0,1.3325,4.9171,0.4773,5.6789,24.3712,11.0095
16055.0,1.338,4.5609,0.4985,4.4297,24.2679,10.9108
16060.0,1.3488,5.1344,0.4812,3.9151,24.6888,10.8623
16065.0,1.3297,5.2942,0.4971,4.5238,24.1592,11.1473
16070.0,1.3338,5.5771,0.4844,5.8589,23.9912,10.9003
16075.0,1.3499,4.9777,0.4728,5.2005,24.358,10.9701
16080.0,1.3298,5.1543,0.4708,3.2963,24.395,11.126
16085.0,1.3333,5.0224,0.4906,5.3236,24.9455,11.1261
16090.0,1.3276,4.2894,0.4572,4.2334,24.2055,10.9167
16095.0,1.3356,5.3689,0.494,5.6234,24.7499,11.036
16100.0,1.3462,5.6723,0.4893,5.1785,24.6251,10.9248
16105.0,1.3432,5.3258,0.4837,5.1058,24.8266,10.7723
16110.0,1.3221,5.26,0.4905,3.5219,24.5131,11.1685
16115.0,1.3303,5.6364,0.509,5.462,23.9909,11.2959
16120.0,1.3392,5.2692,0.4864,4.6122,24.0779,11.2208
16125.0,1.3392,5.3786,0.4818,5.8939,24.5878,11.0131
16130.0,1.3355,4.8937,0.5017,5.834,24.0375,10.7602
16135.0,1.3268,4.9771,0.508,6.0509,24.9343,11.2797
16140.0,1.3477,5.3177,0.4859,5.9095,23.9429,11.0354
16145.0,1.3627,5.2254,0.4741,4.3134,24.2445,10.8825
16150.0,1.3396,5.3728,0.4963,5.322,24.302,10.7232
16155.0,1.336,4.6902,0.4772,5.5246,24.3796,10.7787
16160.0,1.3305,5.2606,0.5044,5.7274,24.2339,10.9185
16165.0,1.3362,5.6475,0.5061,6.2441,24.6342,11.1593
16170.0,1.3336,5.2996,0.4668,4.2136,24.2132,11.1497
16175.0,1.3457,5.7814,0.4941,5.9807,24.6981,10.9846
16180.0,1.3179,5.6132,0.4956,5.1061,24.3425,10.9423
16185.0,1.3473,4.6866,0.4799,4.6885,24.58,10.8304
16190.0,1.3437,5.2596,0.4638,5.7464,24.3676,10.9195
16195.0,1.3447,5.2111,0.5022,5.5493,23.8914,10.9844
16200.0,1.3394,5.7501,0.499,3.6042,24.0434,10.8204
16205.0,1.3395,5.3116,0.4928,6.1073,24.5543,10.9338
16210.0,1.3296,5.0464,0.4658,3.035,24.2946,10.9992
16215.0,1.346,5.2516,0.5045,5.0434,24.6164,10.7413
16220.0,1.3378,5.7046,0.4817,5.5201,24.5695,10.8806
16225.0,1.3143,5.4121,0.4991,5.2625,23.8758,10.9514
16230.0,1.3413,5.3633,0.4934,3.9219,23.9243,11.1207
16235.0,1.3381,5.4534,0.4956,6.0638,24.1393,10.8875
16240.0,1.3303,5.6375,0.4892,5.3747,24.382,11.0183
16245.0,1.3409,5.1302,0.473,8.0568,24.0674,10.8625
16250.0,1.347,5.3331,0.4789,4.2994,24.4318,11.011
16255.0,1.3495,5.3769,0.5023,5.9207,24.1523,11.0378
16260.0,1.3427,5.5348,0.4827,5.1838,24.1113,10.9571
16265.0,1.3278,5.5719,0.5039,4.7766,24.156,11.1864
16270.0,1.3515,5.2669,0.4867,5.5317,23.919,10.6111
16275.0,1.3319,5.2069,0.4831,5.1746,23.8835,11.0825
16280.0,1.3379,5.258,0.482,5.5005,24.7374,10.9391
16285.0,1.3417,5.211,0.4869,6.3359,23.7493,10.9108
16290.0,1.3355,5.3785,0.463,5.3044,23.7543,10.7922
16295.0,1.3222,5.2048,0.5015,5.6533,24.472,11.2278
16300.0,1.3343,5.2778,0.4679,5.3307,24.2634,11.1633
16305.0,1.3261,5.4215,0.4676,4.421,24.092,11.2533
16310.0,1.3331,5.4524,0.4787,4.7079,24.6474,10.9164
16315.0,1.3587,5.0718,0.5015,5.211,24.1358,10.7932
16320.0,1.3292,4.696,0.5053,3.9851,24.3699,11.3592
16325.0,1.3166,5.3938,0.5015,5.3285,24.2115,11.2447
16330.0,1.3433,5.2765,0.4712,3.7854,24.4824,10.9426
16335.0,1.3381,4.6729,0.4875,7.3802,24.3675,11.0853
16340.0,1.3357,4.8738,0.4684,4.9482,24.463,11.307
16345.0,1.3285,5.1648,0.496,6.2957,24.0283,11.2365
16350.0,1.337,5.4107,0.4717,4.7732,24.1496,11.1276
16355.0,1.34,5.1012,0.4797,4.7638,24.1736,11.1344
16360.0,1.3213,5.5935,0.4933,5.8767,23.9818,11.0933
16365.0,1.3382,5.4499,0.4838,4.8336,24.218,11.089
16370.0,1.338,5.091,0.4945,4.4175,24.2343,11.2798
16375.0,1.3364,5.085,0.4922,3.6205,24.1734,11.1048
16380.0,1.334,5.1176,0.4846,4.2464,24.5062,10.905
16385.0,1.3287,5.9399,0.4865,4.4543,24.1585,10.9569
16390.0,1.3496,5.0247,0.4941,5.5631,23.9132,10.8786
16395.0,1.3306,4.9205,0.4743,4.3692,24.1966,11.2923
16400.0,1.3413,4.9717,0.4799,4.7211,24.2515,11.0378
16405.0,1.3466,4.6633,0.4872,3.7719,23.9683,11.0804
16410.0,1.344,5.4254,0.4835,4.9449,24.2971,10.843
16415.0,1.3387,5.259,0.4944,5.013,24.4655,10.9534
16420.0,1.3527,4.7815,0.4681,4.9976,24.3644,11.1354
16425.0,1.3326,4.8348,0.4899,5.9689,23.9636,11.567
16430.0,1.3424,5.3061,0.4808,4.891,24.3384,11.1122
16435.0,1.328,4.8959,0.4734,4.8678,24.1767,11.2423
16440.0,1.3289,5.4324,0.4882,4.3624,24.0628,11.2122
16445.0,1.3373,5.1931,0.4925,4.1133,23.9388,10.9262
16450.0,1.3234,5.0826,0.4889,5.6144,24.0249,11.1503
16455.0,1.3437,5.2193,0.4706,4.8461,23.86,11.4782
16460.0,1.3411,4.8572,0.5009,4.7428,24.4217,11.2344
16465.0,1.3283,5.0891,0.4944,6.6761,24.4393,11.1169
16470.0,1.3382,5.217,0.4767,5.5582,24.4022,11.0059
16475.0,1.3328,5.1694,0.5056,6.5423,23.545,11.0105
16480.0,1.3339,5.5416,0.4923,5.4111,24.4666,11.2097
16485.0,1.3341,5.0626,0.47,4.9357,24.2183,10.9558
16490.0,1.3413,4.9357,0.4839,4.574,24.3725,11.0798
16495.0,1.3292,5.5639,0.4823,4.6049,24.074,11.0093
16500.0,1.3316,5.3707,0.4651,5.778,24.1928,11.257
16505.0,1.3354,5.2594,0.4801,5.0803,24.6336,10.8226
16510.0,1.3319,4.6426,0.496,4.5578,24.5789,11.3495
16515.0,1.3426,5.034,0.4976,3.5608,23.9615,11.2002
16520.0,1.3279,5.3205,0.4854,3.7043,24.0081,11.2849
16525.0,1.3482,5.1384,0.4949,6.0952,24.3895,11.1716
16530.0,1.338,5.2877,0.4703,4.7488,24.3628,11.4734
16535.0,1.3413,4.9472,0.4926,3.16,23.9118,11.1522
16540.0,1.3428,5.085,0.4943,5.6391,24.2554,10.991
16545.0,1.3253,4.997,0.4889,4.8351,23.9066,11.0265
16550.0,1.3211,5.7569,0.4768,6.1081,24.2562,11.0321
16555.0,1.329,5.414,0.5039,5.6435,24.8088,10.99
16560.0,1.3343,5.3738,0.5024,3.2452,24.052,11.3586
16565.0,1.3394,5.9158,0.471,4.3769,24.3527,10.8803
16570.0,1.3259,4.7616,0.4835,5.1654,24.3808,11.1003
16575.0,1.3533,5.7454,0.4733,4.5422,24.1546,11.1161
16580.0,1.3317,4.8256,0.4994,3.7845,24.0513,11.1078
16585.0,1.3366,5.6317,0.494,4.2309,24.1811,11.3574
16590.0,1.3264,5.2193,0.5005,5.7379,23.7665,11.1056
16595.0,1.3319,5.4099,0.4738,4.1883,23.7319,11.0852
16600.0,1.3242,6.0385,0.4855,5.6029,23.8984,11.1499
16605.0,1.3351,5.0893,0.4722,6.388,24.062,11.322
16610.0,1.339,5.3002,0.4609,6.2344,24.2877,11.0519
16615.0,1.3337,4.6936,0.4854,5.8395,23.975,11.4505
16620.0,1.3258,5.117,0.4821,6.4932,24.1394,11.1308
16625.0,1.3142,4.9801,0.4689,3.8347,24.5465,11.055
16630.0,1.3317,5.5393,0.4899,5.5369,24.4346,11.1484
16635.0,1.3267,5.3748,0.4874,5.469,24.2459,11.2389
16640.0,1.3356,5.3443,0.4836,6.2161,24.5126,11.2532
16645.0,1.3387,5.589,0.48,4.2893,24.9572,11.0782
16650.0,1.317,4.6852,0.4925,5.494,24.1198,10.8694
16655.0,1.3486,5.1218,0.4825,4.8105,24.4731,11.1943
16660.0,1.3367,5.467,0.4986,6.0355,24.2166,11.1404
16665.0,1.326,5.3608,0.4726,3.9463,24.2432,10.9959
16670.0,1.3191,5.4258,0.4678,5.4395,24.1729,11.2886
16675.0,1.3401,5.5009,0.4777,4.9822,24.6975,10.8825
16680.0,1.3262,5.4423,0.4873,5.2616,24.3901,11.1684
16685.0,1.3198,5.255,0.49,5.301,24.6982,11.2457
16690.0,1.3324,5.325,0.4732,4.4453,24.4154,11.2391
16695.0,1.3347,4.8827,0.4718,4.4436,24.0437,11.1474
16700.0,1.3329,4.8218,0.4766,6.6599,24.2016,10.9304
16705.0,1.3327,5.1135,0.4916,3.6956,24.4457,11.1297
16710.0,1.3477,5.1419,0.5026,4.7808,24.4175,11.0801
16715.0,1.3348,5.0597,0.4751,3.3932,23.7444,10.9534
16720.0,1.3441,5.2745,0.4807,5.1356,24.2933,10.9556
16725.0,1.3313,5.4981,0.4955,3.1713,24.3355,11.0789
16730.0,1.3225,4.6675,0.4721,4.1786,24.1456,11.1425
16735.0,1.3318,6.027,0.4723,6.4172,23.8842,11.0981
16740.0,1.3397,5.1733,0.4876,7.3446,24.8108,10.8743
16745.0,1.3362,5.1136,0.4842,5.0071,24.5724,11.11
16750.0,1.3303,5.0326,0.5046,5.5091,24.1511,11.076
16755.0,1.3411,4.7348,0.485,4.1049,24.2568,11.1758
16760.0,1.3407,5.1053,0.4974,4.6056,24.6121,11.0173
16765.0,1.3323,5.7437,0.4848,5.2712,23.9181,11.1457
16770.0,1.3332,5.2105,0.4981,4.5126,24.7026,11.0968
16775.0,1.3436,4.83,0.4977,6.3588,24.3471,11.0377
16780.0,1.3378,5.0911,0.4912,5.4274,24.3259,11.0966
16785.0,1.3396,4.9895,0.5005,7.2396,24.3842,11.2192
16790.0,1.3297,4.6329,0.4816,5.8689,24.5413,11.3317
16795.0,1.3339,5.0981,0.4851,5.9193,24.8043,11.3594
16800.0,1.3215,5.3161,0.4762,3.9902,24.2917,11.168
16805.0,1.3428,5.6549,0.4865,5.6528,24.0863,11.259
16810.0,1.3366,4.9411,0.4917,4.1063,24.3157,11.3277
16815.0,1.3351,5.173,0.4736,4.9044,24.5137,11.4225
16820.0,1.3193,5.1679,0.5013,4.1855,24.4546,11.3746
16825.0,1.3406,5.3171,0.4873,5.0325,24.4261,11.3288
16830.0,1.3276,4.6598,0.4964,5.438,24.2267,11.6501
16835.0,1.3188,5.422,0.4711,5.4896,24.7593,11.4325
16840.0,1.3406,5.1471,0.4927,4.0662,24.4265,11.3431
16845.0,1.3312,5.0543,0.483,3.9242,24.2475,11.2239
16850.0,1.3313,5.224,0.4855,3.7297,24.0461,11.5857
16855.0,1.3254,5.2061,0.5057,4.898,24.1448,11.3341
16860.0,1.3307,4.91,0.4903,4.1824,24.5729,11.3383
16865.0,1.3346,5.0562,0.4918,4.6294,24.3505,11.3222
16870.0,1.3431,5.3841,0.4917,4.9793,23.9471,11.3164
16875.0,1.3309,4.6498,0.4716,4.5958,24.2793,11.396
16880.0,1.3137,5.371,0.4698,4.5502,24.4191,11.1911
16885.0,1.3384,5.4408,0.498,4.6297,24.6435,11.3314
16890.0,1.3222,4.5606,0.4786,5.8465,23.6648,11.649
16895.0,1.3277,5.1981,0.497,4.6179,24.5951,11.3533
16900.0,1.3193,5.0815,0.4929,4.9045,24.5495,11.3859
16905.0,1.3317,5.2622,0.4868,4.4424,24.1383,11.2923
16910.0,1.3395,4.9501,0.4782,4.2412,24.3715,11.4539
16915.0,1.3256,4.8793,0.4831,4.0292,24.5889,11.4618
16920.0,1.3329,5.1919,0.4952,4.8995,24.2184,11.7176
16925.0,1.348,5.5133,0.48,3.987,24.3968,11.3087
16930.0,1.3387,4.362,0.489,5.8233,24.5129,11.4978
16935.0,1.3202,5.1136,0.4714,4.3529,24.6279,11.2867
16940.0,1.3337,4.9003,0.495,5.3021,24.6923,11.5222
16945.0,1.3146,4.9856,0.5012,4.0515,24.5938,11.3684
16950.0,1.3194,4.8389,0.4794,5.3841,24.4774,11.3074
16955.0,1.3227,5.2077,0.4951,6.2996,24.6076,11.3207
16960.0,1.3216,5.414,0.4805,5.4359,24.3372,11.3695
16965.0,1.3329,5.0127,0.4941,5.7582,24.0983,11.5146
16970.0,1.349,5.1197,0.4656,5.775,24.325,11.2635
16975.0,1.3259,4.7671,0.4882,4.3602,24.5121,11.3295
16980.0,1.3279,4.7054,0.4856,4.5729,24.2597,11.5168
16985.0,1.3235,5.689,0.4759,5.0286,24.3218,11.3108
16990.0,1.3233,5.2258,0.4787,3.6343,24.8117,11.3496
16995.0,1.3318,5.512,0.4868,5.6762,24.2782,11.2432
17000.0,1.3334,5.1063,0.4877,4.5157,24.5199,11.3988
17005.0,1.3326,4.9986,0.4981,6.7092,24.7962,11.393
17010.0,1.3367,4.9513,0.4697,5.1493,24.6394,11.3569
17015.0,1.324,4.7414,0.4855,4.0263,24.3678,11.3425
17020.0,1.3259,4.7494,0.4742,4.8906,24.4463,11.3759
17025.0,1.3241,4.2967,0.4724,4.4157,24.6048,11.4653
17030.0,1.3238,5.4639,0.4975,5.2712,24.4919,11.5615
17035.0,1.3265,4.6371,0.4803,4.1917,24.6625,11.373
17040.0,1.3273,5.4577,0.4923,4.7968,24.3238,11.3953
17045.0,1.3263,5.9165,0.4852,4.5173,24.7635,11.3685
17050.0,1.3354,4.1519,0.4713,3.1358,24.234,11.2151
17055.0,1.3352,4.5098,0.4832,4.6768,24.5919,11.7218
17060.0,1.3318,5.2188,0.4938,6.0557,24.6522,11.3634
17065.0,1.3385,5.257,0.4869,6.7792,24.6131,11.4322
17070.0,1.3426,5.0402,0.4982,5.2195,25.204,11.3471
17075.0,1.3107,5.2356,0.483,4.5975,24.6538,11.312
17080.0,1.3305,5.2344,0.4752,4.8157,24.7267,11.3247
17085.0,1.3157,5.1108,0.4957,3.5156,24.561,11.3732
17090.0,1.3364,5.1741,0.4685,4.2506,25.0685,11.4786
17095.0,1.3302,5.0226,0.4873,5.6661,24.9799,11.4412
17100.0,1.337,5.0359,0.4819,5.3617,25.014,11.5425
17105.0,1.3421,5.2601,0.4827,6.0578,24.5451,11.3559
17110.0,1.3272,5.6591,0.4727,4.8512,24.7264,11.6089
17115.0,1.3397,4.9106,0.4608,5.1258,24.7065,11.406
17120.0,1.3304,5.5299,0.4936,4.7261,24.4717,11.5095
17125.0,1.3165,4.9787,0.4916,5.343,24.8194,11.579
17130.0,1.3325,4.609,0.4695,5.293,24.445,11.6092
17135.0,1.3336,5.0075,0.4772,5.6772,24.9309,11.3937
17140.0,1.3328,5.1665,0.5103,4.2564,24.4892,11.2158
17145.0,1.3236,4.95,0.4862,6.7362,24.409,11.2472
17150.0,1.3328,4.4335,0.4658,3.9052,24.6036,11.2053
17155.0,1.327,4.9772,0.4814,5.012,24.7375,11.6842
17160.0,1.3323,5.2509,0.4848,4.8947,25.2713,11.2309
17165.0,1.3185,5.5692,0.4853,5.865,25.0926,11.6603
17170.0,1.3266,5.1864,0.4762,5.2707,24.8774,11.2084
17175.0,1.3253,5.337,0.4766,4.2223,24.9723,11.3317
17180.0,1.3308,5.3307,0.4811,5.3233,24.7239,11.5394
17185.0,1.3416,5.3365,0.4798,5.2575,24.6767,11.2437
17190.0,1.331,4.6775,0.4683,3.8755,24.8787,11.584
17195.0,1.3338,5.4479,0.5021,4.6835,24.9449,11.2874
17200.0,1.3265,5.0164,0.4772,5.0968,25.6826,11.4549
17205.0,1.3162,4.5926,0.4801,4.4295,24.9861,11.4862
17210.0,1.3382,5.4203,0.4786,5.33,24.7055,11.3483
17215.0,1.3439,5.2378,0.4867,5.1992,25.1738,11.3682
17220.0,1.3321,4.9643,0.4871,4.4331,25.0247,11.1775
17225.0,1.3225,5.2541,0.4594,4.5565,25.1818,11.2856
17230.0,1.3262,5.4107,0.4734,3.1626,24.9904,11.2821
17235.0,1.3311,4.9133,0.4965,4.4447,24.3644,11.2917
17240.0,1.3365,4.6954,0.4896,4.273,24.7462,11.6024
17245.0,1.3147,5.5255,0.4982,4.8868,25.2854,11.232
17250.0,1.3218,5.308,0.4809,3.0164,25.3941,11.1304
17255.0,1.3277,5.6443,0.4795,5.0523,24.6893,11.3773
17260.0,1.3416,5.4282,0.4803,5.691,24.8165,11.4304
17265.0,1.3253,5.2587,0.5082,5.228,25.0805,11.6303
17270.0,1.3229,5.0207,0.4832,5.9841,24.8433,11.3539
17275.0,1.3186,5.3693,0.468,5.914,24.9037,11.4048
17280.0,1.3088,4.8976,0.4689,4.5945,25.2063,11.6535
17285.0,1.3233,5.5422,0.4959,4.8553,25.1313,11.033
17290.0,1.3336,4.9954,0.4845,5.8142,25.1505,11.26
17295.0,1.3245,5.0476,0.4707,4.0292,25.1332,11.3482
17300.0,1.324,5.121,0.4995,6.3724,24.7641,11.43
17305.0,1.3276,4.8961,0.4762,4.4243,24.8599,11.262
17310.0,1.3225,4.9506,0.4868,6.366,24.6996,11.3081
17315.0,1.3431,5.3632,0.4849,5.9506,24.7505,11.5838
17320.0,1.3233,5.5302,0.4856,6.2694,25.1161,11.3238
17325.0,1.3349,4.8409,0.492,4.7278,25.0346,11.4149
17330.0,1.3357,4.6316,0.4927,5.4761,25.5983,11.6224
17335.0,1.3289,4.8118,0.4795,5.9779,24.9848,11.5675
17340.0,1.3275,5.1447,0.4759,5.8559,25.0858,11.4201
17345.0,1.3242,4.6456,0.4736,4.4116,24.9536,11.3699
17350.0,1.3179,4.9722,0.4907,4.32,25.1994,11.6753
17355.0,1.3349,5.4622,0.4577,4.1378,25.3853,11.3877
17360.0,1.3364,4.9522,0.4863,5.9837,25.198,11.3433
17365.0,1.3327,5.1495,0.4958,4.0418,25.415,11.4754
17370.0,1.3402,5.3948,0.475,5.8934,24.9332,11.6549
17375.0,1.3353,4.6959,0.4956,4.8794,25.2835,11.3555
17380.0,1.3272,5.4801,0.4843,6.5778,25.0993,11.142
17385.0,1.3307,4.9827,0.4829,3.6859,24.9607,11.4143
17390.0,1.3235,4.8341,0.5023,5.4601,24.4673,11.4306
17395.0,1.3279,4.8604,0.4938,5.1446,24.7211,11.5987
17400.0,1.3208,4.2814,0.4781,3.1183,25.0317,11.4608
17405.0,1.3281,5.213,0.4941,5.6306,25.1603,11.7416
17410.0,1.3357,5.131,0.4894,5.0492,25.0182,11.2962
17415.0,1.3227,5.3231,0.4987,4.9298,24.8191,11.8103
17420.0,1.3287,4.9741,0.4744,5.6064,24.8695,11.5204
17425.0,1.3356,4.9871,0.4814,4.9124,25.27,11.299
17430.0,1.334,5.5202,0.4855,3.9375,24.8269,11.6012
17435.0,1.3338,5.4861,0.494,4.201,25.4045,11.2358
17440.0,1.3305,4.8368,0.4788,4.5491,25.2986,11.1881
17445.0,1.3157,5.6116,0.4762,5.6455,25.5174,11.4052
17450.0,1.3202,5.7773,0.4825,4.6984,25.7604,11.5881
17455.0,1.3303,5.4862,0.4986,4.994,25.0679,11.408
17460.0,1.3358,4.6557,0.4845,5.092,25.2351,11.4316
17465.0,1.32,4.6124,0.4814,5.444,25.4107,11.6887
17470.0,1.3414,5.1279,0.4836,5.6973,25.1739,11.7254
17475.0,1.3341,5.1036,0.4802,5.9657,24.7606,11.1294
17480.0,1.3329,5.2311,0.4837,4.2458,24.8766,11.4935
17485.0,1.3236,4.9439,0.4883,4.5214,25.2701,11.7415
17490.0,1.3263,4.8875,0.498,4.5585,24.8501,11.5439
17495.0,1.3289,4.9181,0.4795,4.9939,25.7399,11.4056
17500.0,1.3253,4.9725,0.4776,3.5259,25.4351,11.8237
17505.0,1.3397,4.5517,0.4884,4.458,24.9094,11.5229
17510.0,1.3324,4.5784,0.4882,4.5019,24.9914,11.5244
17515.0,1.3133,4.9447,0.4693,5.3259,25.2777,11.6375
17520.0,1.3319,5.1913,0.486,5.3437,25.1054,11.457
17525.0,1.346,5.28,0.4762,5.9477,25.1432,11.5236
17530.0,1.3365,4.961,0.505,6.132,25.4442,11.6944
17535.0,1.3275,4.9476,0.4805,5.9417,25.1175,11.7048
17540.0,1.3356,4.7342,0.5122,5.7256,25.5915,11.7972
17545.0,1.3381,4.6208,0.469,4.1334,25.4145,11.4287
17550.0,1.3209,5.0191,0.4852,7.4645,25.3625,11.6744
17555.0,1.3318,4.9218,0.4901,6.7702,25.0101,11.6417
17560.0,1.3277,4.7269,0.499,4.6233,24.829,11.639
17565.0,1.3285,4.8983,0.4814,5.5624,25.0908,11.3439
17570.0,1.3383,4.9971,0.4906,5.1161,25.6903,11.6118
17575.0,1.3339,4.9133,0.4809,4.2045,25.4133,11.5768
17580.0,1.3338,4.7501,0.4573,3.5385,25.3392,11.6245
17585.0,1.3238,5.1808,0.4689,4.7081,25.501,11.7437
17590.0,1.3341,4.6837,0.483,5.8655,24.9866,11.8651
17595.0,1.3284,5.1751,0.4997,5.9188,24.9265,11.7554
17600.0,1.3277,5.3264,0.4827,3.5358,25.4809,11.8974
17605.0,1.3231,5.2728,0.4707,5.157,25.0916,11.6678
17610.0,1.3347,5.0231,0.4941,4.0177,25.0802,11.6576
17615.0,1.319,5.0493,0.5022,6.6365,25.3391,11.5978
17620.0,1.3243,5.5987,0.4703,3.7832,25.145,11.3176
17625.0,1.3317,5.1716,0.4753,4.448,25.1422,11.5893
17630.0,1.3187,4.8576,0.4946,5.0238,25.2056,11.8427
17635.0,1.3078,5.1381,0.4985,4.2128,25.3178,11.7774
17640.0,1.3303,5.3547,0.4709,4.8886,24.9737,11.5559
17645.0,1.3315,5.6954,0.4987,5.5321,25.1076,11.4402
17650.0,1.335,4.8671,0.4879,6.3876,25.3812,11.2824
17655.0,1.3141,5.5325,0.5023,5.5539,25.1666,11.6516
17660.0,1.341,5.1393,0.4854,4.2866,25.1781,11.5739
17665.0,1.3157,5.1735,0.4802,5.3818,25.2356,11.5807
17670.0,1.3331,5.1236,0.4946,4.2679,24.6899,11.3946
17675.0,1.3333,4.6929,0.4899,3.5751,25.3752,11.7518
17680.0,1.3229,5.127,0.4698,4.6571,25.0408,11.8588
17685.0,1.3244,4.5506,0.4867,5.0639,25.2576,11.3106
17690.0,1.3281,4.9279,0.4864,4.0378,25.3714,11.518
17695.0,1.3249,4.4616,0.4997,4.9918,25.0883,11.4311
17700.0,1.3357,4.864,0.4922,5.82,25.4449,11.3973
17705.0,1.338,5.4158,0.4681,3.712,25.1911,11.2047
17710.0,1.3379,5.3918,0.462,5.2585,25.1616,11.4242
17715.0,1.334,5.1227,0.467,5.046,24.9288,11.6398
17720.0,1.3264,5.3742,0.484,4.4294,25.3905,11.5065
17725.0,1.3324,4.8648,0.4908,3.8126,25.3535,11.7212
17730.0,1.3412,5.2937,0.4962,3.4703,25.2005,11.4755
17735.0,1.3251,5.142,0.4825,3.192,24.9778,11.7338
17740.0,1.3174,5.1913,0.4911,5.1949,25.5275,11.4676
17745.0,1.3246,5.8171,0.4983,4.8167,25.2579,11.7676
17750.0,1.3281,5.2386,0.497,5.7732,25.312,11.4825
17755.0,1.3355,4.7616,0.4862,4.4036,25.4243,11.4931
17760.0,1.3164,5.4064,0.4828,5.0535,24.9983,11.5618
17765.0,1.3285,4.5912,0.477,4.3287,25.4258,11.6891
17770.0,1.3092,5.0416,0.4809,4.1507,25.2799,11.9205
17775.0,1.3354,5.1759,0.4659,4.9944,25.2166,11.5502
17780.0,1.3314,4.7507,0.4805,5.7977,24.8422,11.5078
17785.0,1.3242,5.5455,0.4737,3.5607,25.6681,11.7577
17790.0,1.3221,5.2035,0.4778,3.2617,25.2964,11.437
17795.0,1.3264,5.1105,0.5128,6.1389,25.1916,11.8704
17800.0,1.3195,5.3395,0.4848,4.0514,25.1862,11.6456
17805.0,1.3263,5.1519,0.4736,5.6852,25.3145,11.4115
17810.0,1.3361,5.1033,0.503,6.4252,25.5709,11.8086
17815.0,1.3229,4.6337,0.4978,5.8962,25.1304,11.5536
17820.0,1.328,5.7258,0.4773,2.5501,25.3796,12.1094
17825.0,1.3254,5.188,0.4884,5.1535,25.1476,11.6186
17830.0,1.3188,5.0981,0.479,3.8351,24.8514,11.685
17835.0,1.3235,4.9244,0.4926,5.7398,25.1409,11.4169
17840.0,1.3235,4.9422,0.4927,5.3416,25.2194,11.6295
17845.0,1.3292,4.614,0.4891,4.7763,25.1625,11.4176
17850.0,1.3263,5.0995,0.4804,4.8,25.4617,11.5589
17855.0,1.3218,4.6455,0.4811,4.708,25.1461,11.5677
17860.0,1.3291,4.8795,0.4845,4.2883,24.842,11.7236
17865.0,1.3332,5.2915,0.4859,4.4846,25.5575,11.7526
17870.0,1.3351,5.7351,0.4649,6.0559,25.269,11.6297
17875.0,1.3262,5.2899,0.4829,4.5577,25.0553,11.5673
17880.0,1.3341,5.2327,0.4704,3.8963,24.9894,11.5552
17885.0,1.3163,5.3955,0.5022,5.4764,26.0792,11.3939
17890.0,1.338,4.9577,0.5001,5.1371,25.1978,11.5236
17895.0,1.3261,5.4431,0.4635,4.2934,24.7981,11.5956
17900.0,1.3264,5.291,0.4917,4.6939,24.9291,11.7949
17905.0,1.3174,5.2251,0.4924,5.3599,25.3146,11.653
17910.0,1.3288,4.6525,0.4756,4.3472,25.1508,11.9168
17915.0,1.3305,5.4083,0.4994,5.9726,25.3301,11.7774
17920.0,1.3203,5.5475,0.5015,5.1738,25.1842,11.7407
17925.0,1.3244,4.5081,0.4732,4.9938,25.329,11.6543
17930.0,1.3356,5.2605,0.4609,5.4752,25.3276,11.6079
17935.0,1.3422,5.0152,0.4774,3.9394,25.1869,11.4981
17940.0,1.3293,5.3225,0.4824,5.1281,25.8094,11.6779
17945.0,1.3294,4.5818,0.4934,5.3351,25.3456,11.3636
17950.0,1.3246,4.6573,0.4705,5.268,25.6879,11.5964
17955.0,1.3208,5.5914,0.4666,5.3324,25.4284,11.513
17960.0,1.3273,4.8635,0.476,3.783,25.5782,11.4633
17965.0,1.3223,5.1895,0.4748,4.3417,25.2615,11.5455
17970.0,1.3378,4.6387,0.4936,5.5119,25.5523,11.7786
17975.0,1.3228,5.2887,0.4837,6.1123,26.0043,11.5782
17980.0,1.3228,4.8245,0.4933,5.7036,25.4316,11.5548
17985.0,1.3109,5.0955,0.4756,5.7037,25.3978,11.7227
17990.0,1.3242,4.4977,0.4947,6.8756,25.5523,11.708
17995.0,1.329,5.1138,0.4857,4.8552,25.2343,11.6055
18000.0,1.318,5.3256,0.4739,4.609,24.6079,11.6961
18005.0,1.3436,5.1752,0.4909,5.8657,25.0638,11.3016
18010.0,1.3296,5.1461,0.4906,5.5168,25.0593,11.6248
18015.0,1.3278,4.9808,0.4871,5.9148,25.4003,11.593
18020.0,1.3409,4.9159,0.4951,5.4611,25.1976,11.4716
18025.0,1.3378,5.1729,0.4994,4.2279,25.9273,11.5943
18030.0,1.3235,4.8309,0.4669,3.9721,25.8584,11.5727
18035.0,1.3311,4.8197,0.4864,4.9991,24.9537,11.4334
18040.0,1.3399,5.2859,0.5038,7.1373,25.1034,11.4154
18045.0,1.3443,5.6127,0.4763,4.4145,25.5792,11.5136
18050.0,1.3213,5.3366,0.4771,6.1733,25.1333,11.4486
18055.0,1.3173,5.205,0.4876,5.6278,25.1955,11.4793
18060.0,1.34,4.6677,0.4932,3.5144,25.2296,11.465
18065.0,1.3144,5.1369,0.4784,5.5836,25.6443,11.7349
18070.0,1.3299,5.0621,0.4868,5.7072,25.2577,11.8614
18075.0,1.3408,4.6714,0.4845,4.5939,25.4248,11.4626
18080.0,1.3421,4.9049,0.4905,5.6221,24.9332,11.6876
18085.0,1.3218,5.3705,0.4819,4.3429,25.4297,11.5846
18090.0,1.3259,4.7095,0.4935,4.3926,25.1715,11.716
18095.0,1.3389,5.2531,0.4868,5.074,25.4145,11.6342
18100.0,1.3283,5.1923,0.4764,4.4679,25.2729,11.5975
18105.0,1.3252,5.4316,0.5016,5.4976,25.1807,11.5505
18110.0,1.3281,4.7527,0.5089,4.4271,25.1992,11.8232
18115.0,1.3332,4.6649,0.4838,3.7985,25.2674,11.5969
18120.0,1.3357,5.8705,0.4822,6.1619,25.4722,11.5647
18125.0,1.335,5.1912,0.5094,5.8345,25.0683,11.4185
18130.0,1.3324,4.3872,0.488,5.2414,25.0571,11.2577
18135.0,1.3458,5.111,0.4877,4.2851,25.5024,11.5393
18140.0,1.3262,5.087,0.4903,4.4036,25.7245,11.7886
18145.0,1.3494,5.3562,0.5032,3.8612,25.5477,11.2867
18150.0,1.3364,5.516,0.4739,4.7871,25.504,11.4827
18155.0,1.3246,5.2293,0.4982,6.4046,25.1667,11.2486
18160.0,1.3298,5.0343,0.4868,5.1647,25.4471,11.3289
18165.0,1.3434,4.852,0.4789,4.3543,25.3705,11.5206
18170.0,1.3381,4.7228,0.489,4.262,25.303,11.7619
18175.0,1.3273,5.047,0.4749,4.2295,25.0605,11.3324
18180.0,1.3218,5.0404,0.4771,3.386,24.7841,11.1412
18185.0,1.329,5.032,0.4869,4.5857,25.5846,11.4686
18190.0,1.3424,5.468,0.5041,4.4666,25.4606,11.5607
18195.0,1.3173,5.4971,0.4948,4.0832,25.1351,11.485
18200.0,1.3064,5.4226,0.4893,4.9091,25.2963,11.7565
18205.0,1.3152,4.821,0.4907,4.8878,25.1963,11.7249
18210.0,1.3282,5.0782,0.4805,3.8164,25.5645,11.4452
18215.0,1.341,4.9874,0.4868,4.0682,25.2926,11.4377
18220.0,1.3338,5.3776,0.4796,6.3815,25.7182,11.5315
18225.0,1.3212,5.5805,0.5021,4.6558,25.2161,11.52
18230.0,1.3298,4.7305,0.4873,3.8188,25.1357,11.7196
18235.0,1.3067,5.3979,0.4964,4.7967,25.1243,11.6027
18240.0,1.316,5.2647,0.4924,5.1327,26.0444,11.4776
18245.0,1.333,5.3298,0.5005,5.1844,25.4195,11.5534
18250.0,1.3315,5.3222,0.4871,3.5717,25.3603,11.454
18255.0,1.3431,5.3131,0.4755,3.4917,25.441,11.3769
18260.0,1.3267,5.0451,0.4829,5.4561,25.1542,11.4405
18265.0,1.3268,4.6171,0.4731,5.0166,25.2147,11.7988
18270.0,1.329,5.0507,0.4822,4.9798,25.5305,11.5199
18275.0,1.3313,5.0977,0.4705,3.2165,24.5923,11.728
18280.0,1.3425,5.0029,0.4851,5.5441,24.8612,11.5455
18285.0,1.3178,4.996,0.4647,6.5387,24.9273,11.5711
18290.0,1.3307,5.2619,0.5091,4.8987,25.2452,11.7512
18295.0,1.314,4.9188,0.4775,4.2207,25.1141,11.536
18300.0,1.3227,5.3137,0.4714,6.1372,25.3766,11.3653
18305.0,1.3379,5.2469,0.5,5.8497,25.3535,11.5698
18310.0,1.3216,5.8988,0.4868,5.1199,25.4941,11.741
18315.0,1.3252,5.7342,0.4816,5.9475,25.1049,11.6479
18320.0,1.3367,5.5911,0.4671,5.5852,25.0445,11.9163
18325.0,1.3227,5.0703,0.4934,6.392,24.9034,11.649
18330.0,1.32,5.3997,0.4716,3.9313,24.994,11.9228
18335.0,1.3373,5.7316,0.4862,4.2997,25.2454,11.7005
18340.0,1.3302,4.747,0.4843,4.2826,24.9234,11.6057
18345.0,1.3341,4.7554,0.4928,5.8239,25.4417,11.6237
18350.0,1.338,4.8641,0.4882,5.7958,25.2359,11.6529
18355.0,1.3348,4.825,0.4909,5.8219,25.3876,11.8399
18360.0,1.3219,4.3058,0.4851,6.0526,25.592,11.68
18365.0,1.325,4.8634,0.4706,4.5026,24.6364,11.48
18370.0,1.3419,5.4632,0.4969,5.4913,25.1394,11.5922
18375.0,1.329,5.2229,0.4844,5.1924,25.0333,11.7612
18380.0,1.3398,4.5808,0.4918,5.237,25.1164,11.6535
18385.0,1.3269,5.3457,0.4853,4.2708,25.2553,11.6534
18390.0,1.327,5.962,0.4958,2.9647,25.2792,11.821
18395.0,1.3295,4.7962,0.4869,5.8238,24.999,11.8821
18400.0,1.3243,5.0722,0.4793,4.4309,25.1006,11.4292
18405.0,1.3241,4.5704,0.492,5.9236,25.3163,11.3108
18410.0,1.3289,5.553,0.4932,4.9445,25.1167,11.7818
18415.0,1.3286,5.2725,0.4981,5.6366,25.4009,11.5847
18420.0,1.3162,5.1565,0.493,5.9112,24.9595,11.3782
18425.0,1.3278,4.3038,0.4769,4.7469,25.4004,11.4628
18430.0,1.326,4.9801,0.4792,3.8233,24.8815,11.5419
18435.0,1.3248,5.6066,0.5023,4.7936,25.1647,11.656
18440.0,1.3543,5.5241,0.4775,5.7702,25.11,11.3217
18445.0,1.3397,5.3223,0.4893,5.5996,24.8902,11.685
18450.0,1.3143,4.4777,0.4778,4.6907,24.7812,11.6482
18455.0,1.3241,5.0585,0.4787,5.0046,25.3448,11.9139
18460.0,1.322,4.8061,0.4772,5.5905,25.0562,11.9583
18465.0,1.3297,5.2925,0.4854,6.1314,25.4228,11.5824
18470.0,1.3367,4.8254,0.4882,5.9043,25.473,11.6956
18475.0,1.318,5.2212,0.4913,4.9587,25.3275,11.4821
18480.0,1.3262,4.7945,0.4956,5.0209,25.2696,11.7742
18485.0,1.3389,4.8856,0.4818,4.74,25.0771,11.854
18490.0,1.331,5.691,0.5061,5.5245,25.5044,11.6716
18495.0,1.3142,5.7547,0.4802,4.9422,25.3962,11.9883
18500.0,1.326,5.1253,0.4906,4.8217,25.1293,11.7807
18505.0,1.3379,5.3582,0.4875,3.3999,25.0471,11.8607
18510.0,1.3298,5.4443,0.4914,4.9309,25.1454,11.6951
18515.0,1.3344,4.3501,0.4929,5.0345,25.1632,11.5812
18520.0,1.3292,5.1773,0.4697,6.3046,25.0443,11.7372
18525.0,1.3319,4.7907,0.4864,5.8899,25.088,11.8619
18530.0,1.3137,4.9199,0.4837,4.2343,24.9473,11.7649
18535.0,1.3264,4.7076,0.4658,6.2339,24.9724,11.6792
18540.0,1.3203,4.9287,0.48,4.8295,25.0619,12.1053
18545.0,1.3228,5.6735,0.4762,4.0286,25.332,11.8761
18550.0,1.3411,4.6934,0.4945,4.6138,24.6216,11.8055
18555.0,1.3332,5.171,0.4974,5.029,24.4707,11.6119
18560.0,1.3299,5.3638,0.487,4.3262,24.5658,12.0316
18565.0,1.3262,4.7043,0.487,5.3509,25.0912,11.9434
18570.0,1.3284,5.0045,0.4803,5.8739,25.1361,12.0134
18575.0,1.3284,5.1687,0.4709,3.9841,25.3504,11.6851
18580.0,1.3316,5.9723,0.5025,6.2261,25.5957,11.7193
18585.0,1.3282,5.4182,0.4907,5.8892,25.1121,11.9232
18590.0,1.3382,5.4031,0.4855,5.4909,25.3776,11.8232
18595.0,1.332,5.6789,0.4864,6.2515,24.8856,11.735
18600.0,1.3251,5.0243,0.473,5.1427,25.2604,11.9154
18605.0,1.3312,5.5423,0.4893,5.9161,25.078,11.7753
18610.0,1.334,4.9154,0.4879,4.5406,24.6226,11.9888
18615.0,1.3216,5.3199,0.4956,4.3001,25.2128,11.6039
18620.0,1.3046,5.1817,0.487,5.3061,25.2001,11.8798
18625.0,1.3254,5.1589,0.4737,6.456,25.2286,11.5481
18630.0,1.3377,5.2957,0.5024,6.5943,25.0995,11.8674
18635.0,1.3237,4.3429,0.5,5.0342,25.3137,11.7114
18640.0,1.3235,4.7321,0.4888,6.493,25.1941,11.9523
18645.0,1.3264,4.9874,0.4924,6.6273,25.1301,12.1414
18650.0,1.3273,4.5697,0.4863,4.8269,24.7588,11.8983
18655.0,1.3355,5.0232,0.4998,5.7461,24.8454,12.1751
18660.0,1.3375,4.9415,0.4814,4.1648,25.2174,11.7941
18665.0,1.3314,5.064,0.4955,4.3053,25.4362,11.839
18670.0,1.311,4.8064,0.4838,4.4399,25.2455,11.9621
18675.0,1.3245,5.2207,0.4898,5.3822,24.9346,12.0975
18680.0,1.3137,4.9746,0.4842,5.2608,24.9675,11.7999
18685.0,1.3263,5.0701,0.4893,5.9284,25.2915,11.7235
18690.0,1.3305,4.8087,0.4996,5.3804,24.6823,11.8935
18695.0,1.3355,4.3312,0.4976,4.6049,24.6739,12.0463
18700.0,1.3273,4.906,0.5078,6.5104,25.1957,11.8779
18705.0,1.3364,5.0427,0.4751,4.2615,25.0727,11.6262
18710.0,1.3248,5.0373,0.4883,5.4071,24.7407,11.6445
18715.0,1.329,4.5301,0.4899,4.9922,24.9193,11.9564
18720.0,1.3284,4.7711,0.4832,4.6586,24.8722,11.7602
18725.0,1.3255,4.8488,0.4724,5.3485,25.2142,11.8706
18730.0,1.3315,5.0535,0.4892,5.3616,25.0222,11.9632
18735.0,1.3258,5.6418,0.4827,4.2985,25.2041,11.8843
18740.0,1.3303,4.735,0.5029,5.9724,25.485,11.7104
18745.0,1.3454,4.9616,0.4813,6.5385,24.9854,11.7942
18750.0,1.3252,5.1878,0.501,5.3689,24.9598,12.1819
18755.0,1.3345,4.5843,0.4909,6.3351,24.9371,11.9106
18760.0,1.3195,4.85,0.4983,3.0197,24.8899,12.0889
18765.0,1.3215,4.8414,0.4965,5.949,25.0256,11.7634
18770.0,1.3313,5.0084,0.4782,5.1979,25.2179,12.0479
18775.0,1.3186,4.9745,0.4875,5.0095,25.2103,11.6814
18780.0,1.3278,4.5869,0.4978,6.575,24.5998,11.7929
18785.0,1.3334,5.0431,0.4926,5.4872,25.4153,12.0014
18790.0,1.3179,5.2654,0.4807,4.683,24.8954,11.7641
18795.0,1.3264,4.7458,0.4925,5.7872,24.8112,11.5998
18800.0,1.3274,5.18,0.4686,3.8968,24.9692,11.9471
18805.0,1.3236,5.6361,0.4907,4.8685,25.6251,11.7092
18810.0,1.3353,4.8101,0.4838,4.8064,25.2511,11.8268
18815.0,1.3085,4.7178,0.4885,5.0295,25.1153,11.9776
18820.0,1.321,5.1219,0.4927,4.7258,24.7839,12.1154
18825.0,1.3316,5.3353,0.4808,4.4167,25.0163,11.9517
18830.0,1.3249,5.3968,0.4812,6.0999,25.6638,12.1701
18835.0,1.3277,5.1644,0.483,4.8593,25.2353,11.9757
18840.0,1.3282,4.6516,0.4868,4.921,24.9452,11.8079
18845.0,1.3331,4.8962,0.4827,3.8543,25.0498,11.7808
18850.0,1.3283,5.0047,0.4748,5.2595,25.2485,12.2744
18855.0,1.3242,5.4867,0.4805,4.7373,25.3592,11.8368
18860.0,1.3197,5.0671,0.4868,4.9712,24.8055,11.8053
18865.0,1.337,4.916,0.4758,4.4247,25.0582,11.6612
18870.0,1.3302,4.8261,0.4885,3.8274,25.1659,11.8344
18875.0,1.3262,4.5966,0.5095,6.3962,25.4169,11.9069
18880.0,1.3428,5.0359,0.4801,5.0794,24.8322,11.6881
18885.0,1.3259,6.0505,0.4798,5.4724,25.7349,11.6587
18890.0,1.333,5.0034,0.4967,5.4679,25.0387,11.9561
18895.0,1.3293,5.4245,0.4875,5.6555,24.9319,11.8865
18900.0,1.3366,4.7079,0.487,3.6882,25.0277,11.406
18905.0,1.3292,4.4772,0.4774,4.8434,25.2703,11.7994
18910.0,1.3378,5.8036,0.4732,4.2811,24.7909,11.6628
18915.0,1.3296,4.7491,0.4852,6.4936,25.5558,12.0217
18920.0,1.3258,5.1335,0.4858,4.7401,24.9895,11.6751
18925.0,1.3362,5.0125,0.4713,3.9802,25.1115,11.5675
18930.0,1.3132,5.3565,0.4867,5.0684,24.7342,11.6971
18935.0,1.3149,5.1072,0.4588,4.1287,25.0264,11.6804
18940.0,1.335,4.3389,0.4876,5.2021,24.5088,11.7117
18945.0,1.3242,4.9911,0.4856,4.7906,25.0153,11.8419
18950.0,1.3204,5.3065,0.4895,6.3127,25.1473,11.7498
18955.0,1.3324,4.7891,0.5212,5.2039,24.6599,11.47
18960.0,1.3349,5.0464,0.4673,5.1497,24.9682,11.5947
18965.0,1.3332,4.9198,0.4746,3.278,25.1887,11.6841
18970.0,1.3303,5.0629,0.4739,4.0823,25.5214,11.705
18975.0,1.3403,4.8485,0.4991,6.0885,24.8129,11.716
18980.0,1.34,4.9813,0.4843,3.9302,24.6341,11.4815
18985.0,1.3211,4.9882,0.4812,4.0961,25.163,11.7676
18990.0,1.3277,4.8201,0.4917,6.4653,25.5117,11.9348
18995.0,1.3335,4.3774,0.4767,3.491,25.0348,11.9776
19000.0,1.3287,5.2387,0.4812,4.772,24.9887,11.6691
19005.0,1.3092,5.2219,0.4607,3.0631,25.3531,11.9724
19010.0,1.3304,4.3994,0.4779,4.9401,25.0598,11.8058
19015.0,1.3195,5.527,0.4861,3.8393,25.1246,11.6441
19020.0,1.3334,4.6438,0.4936,3.6787,24.9651,11.6199
19025.0,1.3219,5.2086,0.486,6.0902,25.1931,11.7704
19030.0,1.3283,5.2763,0.4944,4.7989,25.0625,11.6928
19035.0,1.3303,5.1867,0.4697,4.9652,25.1452,11.7572
19040.0,1.3361,5.615,0.4622,4.1476,25.204,11.681
19045.0,1.3294,4.8226,0.4917,4.4764,24.8417,11.8895
19050.0,1.3186,4.8637,0.4855,4.6545,25.4265,11.5784
19055.0,1.3185,6.0263,0.509,4.9837,24.818,11.975
19060.0,1.3337,4.9809,0.4858,5.562,25.1764,11.8833
19065.0,1.3213,5.0747,0.479,4.7658,25.6024,12.0355
19070.0,1.329,5.0569,0.5002,4.8518,25.4209,11.9297
19075.0,1.322,5.0143,0.481,5.3641,25.6596,11.8645
19080.0,1.3197,5.269,0.4869,4.7017,25.2436,12.0443
19085.0,1.3355,5.3301,0.4777,4.4431,25.0826,12.2945
19090.0,1.3412,5.4599,0.4972,3.581,25.5292,11.808
19095.0,1.3351,5.6082,0.5111,6.3435,25.4039,11.6558
19100.0,1.3288,5.2708,0.5123,6.7097,25.8113,11.8536
19105.0,1.3275,5.4038,0.4713,4.8062,25.1524,11.7082
19110.0,1.331,5.2408,0.4819,4.4436,25.376,11.7254
19115.0,1.3322,4.8046,0.4732,5.0643,25.3479,12.1936
19120.0,1.3345,5.0201,0.4803,3.1813,25.6459,11.677
19125.0,1.3293,5.2408,0.5014,6.1633,25.3222,11.7011
19130.0,1.3344,4.8496,0.4939,6.6677,25.567,11.8259
19135.0,1.3264,4.3709,0.4938,5.0301,25.4758,11.8894
19140.0,1.3252,5.1269,0.4827,4.5112,25.5835,11.7587
19145.0,1.3389,4.5902,0.4989,5.2962,25.2169,11.8744
19150.0,1.3335,4.8934,0.4746,4.4206,25.4694,12.0724
19155.0,1.3349,5.6842,0.4839,3.8326,25.8397,11.73
19160.0,1.3236,4.9093,0.4739,5.9044,25.1455,12.183
19165.0,1.3344,5.1418,0.4985,6.4167,25.4972,11.8383
19170.0,1.3227,5.0183,0.4812,4.4534,25.5666,12.1127
19175.0,1.3345,5.1332,0.4799,4.4901,25.0885,11.9812
19180.0,1.3339,5.0719,0.4823,6.0874,25.502,11.7172
19185.0,1.3386,5.2125,0.4835,4.0971,25.6435,11.6473
19190.0,1.3291,5.0225,0.481,4.8035,25.8286,11.6768
19195.0,1.3294,5.0827,0.4873,3.8693,25.1378,11.6161
19200.0,1.3339,5.0198,0.496,4.715,25.3372,12.1892
19205.0,1.3322,5.2088,0.4826,5.4709,25.4941,11.8163
19210.0,1.3308,5.1572,0.4908,4.1221,25.6006,12.0049
19215.0,1.3174,5.0529,0.4629,3.802,25.4357,11.6877
19220.0,1.3319,5.2398,0.4836,4.01,25.3048,11.5639
19225.0,1.3279,5.1112,0.4789,4.3551,25.6912,12.162
19230.0,1.3187,5.0543,0.4921,4.841,25.2194,11.7135
19235.0,1.3241,5.0349,0.4766,4.0763,25.256,11.8514
19240.0,1.3201,5.6316,0.491,4.3362,25.6396,11.7262
19245.0,1.3217,5.3423,0.4865,5.1551,25.6316,11.7803
19250.0,1.3493,5.6493,0.4789,4.5705,25.5476,11.9188
19255.0,1.3368,4.7478,0.5107,5.7294,25.2898,12.1215
19260.0,1.3372,4.7775,0.4903,5.9957,25.9224,12.015
19265.0,1.3278,5.4792,0.502,5.9925,25.7314,12.0851
19270.0,1.3178,4.8801,0.4877,5.004,25.9667,11.9137
19275.0,1.3368,5.4061,0.4812,5.1663,25.7528,11.6931
19280.0,1.3421,5.4122,0.4979,5.7156,25.197,12.2482
19285.0,1.3287,4.6726,0.4804,4.4928,25.6581,11.9795
19290.0,1.3225,5.5942,0.4931,5.8346,25.6913,11.9108
19295.0,1.3387,5.3993,0.4981,3.8917,25.5305,11.5791
19300.0,1.3326,5.2312,0.4748,5.0884,25.4276,11.784
19305.0,1.3234,4.9506,0.4981,5.0228,25.7097,11.8383
19310.0,1.3098,5.1624,0.4876,5.1053,25.5589,12.0804
19315.0,1.3257,5.1627,0.4933,4.7367,25.1551,12.111
19320.0,1.3127,4.9187,0.4902,4.1799,25.7552,11.7679
19325.0,1.3313,5.282,0.4651,3.6585,25.8974,11.9896
19330.0,1.3335,5.4225,0.4808,4.7459,25.7941,12.0324
19335.0,1.3397,5.475,0.4708,4.8187,25.705,11.942
19340.0,1.3218,5.1265,0.4952,6.0008,25.3974,12.1058
19345.0,1.3382,4.9152,0.4962,5.1332,25.8346,11.8131
19350.0,1.3252,5.4329,0.4864,3.3449,25.1812,12.0497
19355.0,1.3139,5.2402,0.4776,3.4021,26.1845,11.7644
19360.0,1.3384,5.1104,0.5097,5.7361,25.6128,11.968
19365.0,1.3248,5.593,0.4896,6.1019,26.058,11.9121
19370.0,1.3282,5.1152,0.4884,5.2065,25.7977,12.156
19375.0,1.3193,4.5428,0.4775,3.8028,25.6841,11.8139
19380.0,1.3362,4.6912,0.5033,4.7396,25.7198,11.9983
19385.0,1.3263,4.9648,0.4932,5.6907,25.2503,11.7611
19390.0,1.3244,5.1921,0.4693,5.2699,25.9413,12.129
19395.0,1.3271,5.077,0.4846,5.476,25.5192,12.2785
19400.0,1.3286,5.1982,0.4961,4.4133,25.5793,11.9478
19405.0,1.3189,5.458,0.4768,4.6507,25.7101,11.8906
19410.0,1.3224,4.9954,0.4864,4.9996,25.875,11.9519
19415.0,1.3384,5.2871,0.4945,5.9063,25.8867,11.7742
19420.0,1.3291,4.6563,0.491,4.053,25.8627,11.8996
19425.0,1.3265,4.9735,0.48,4.9679,26.5547,11.9902
19430.0,1.3229,5.4774,0.488,6.3792,25.5943,12.0351
19435.0,1.3212,5.0403,0.4865,5.5395,25.9423,11.8974
19440.0,1.3232,4.7267,0.4844,6.5214,26.0984,12.0182
19445.0,1.3338,4.8301,0.4694,4.9076,26.345,12.0906
19450.0,1.325,4.8039,0.4997,4.9997,26.0338,11.7451
19455.0,1.3254,5.2544,0.4821,2.6499,26.1826,12.1146
19460.0,1.3277,4.8643,0.4738,5.8868,25.6685,11.9724
19465.0,1.3291,5.1231,0.4795,5.3973,26.2406,11.8239
19470.0,1.3132,4.7584,0.4918,5.0658,26.4254,11.7727
19475.0,1.3332,5.2617,0.4924,5.7403,26.2507,12.0558
19480.0,1.3285,5.2818,0.4824,4.1279,26.5227,11.9308
19485.0,1.3237,4.7738,0.4925,4.9812,26.1025,11.9778
19490.0,1.3292,4.6852,0.4967,5.3176,25.9871,11.7766
19495.0,1.317,4.2865,0.5006,4.818,25.6903,11.7824
19500.0,1.3158,4.7584,0.4889,4.9584,26.0139,11.9017
19505.0,1.3265,5.6675,0.4799,5.0224,26.4001,12.0131
19510.0,1.3331,4.7636,0.4874,3.4762,26.3951,11.669
19515.0,1.3246,4.8924,0.5009,5.4118,26.5419,11.8264
19520.0,1.3236,5.882,0.4812,4.1759,26.2537,12.0423
19525.0,1.3312,5.3321,0.5055,5.2741,26.0878,11.651
19530.0,1.3401,5.0656,0.472,4.9496,25.9975,11.267
19535.0,1.3326,4.5801,0.4739,4.4704,26.1305,12.3041
19540.0,1.326,5.4076,0.5015,5.5626,26.0531,12.2413
19545.0,1.3257,4.511,0.4804,4.24,26.1766,12.1197
19550.0,1.3297,5.3304,0.5001,4.2885,25.9764,11.9318
19555.0,1.3287,5.0279,0.5055,5.1603,26.1874,11.9638
19560.0,1.3318,4.9846,0.4806,5.1914,26.0758,11.9125
19565.0,1.3285,5.1519,0.4908,5.6468,26.5466,11.7178
19570.0,1.328,4.8959,0.4788,5.7241,26.003,11.8778
19575.0,1.327,5.4103,0.494,5.8179,25.9281,11.6488
19580.0,1.3169,4.8342,0.4958,6.4343,26.5238,12.0198
19585.0,1.3294,4.8172,0.4838,4.8643,26.7105,12.217
19590.0,1.3244,4.5332,0.4888,6.9226,26.5824,11.8513
19595.0,1.3445,5.4055,0.476,3.9111,26.5666,11.8386
19600.0,1.333,4.877,0.4591,6.7088,26.2654,11.8752
19605.0,1.3289,5.0731,0.4931,4.6241,26.4681,12.0997
19610.0,1.3309,4.7512,0.4867,5.0801,26.5094,12.2721
19615.0,1.3334,5.7052,0.4736,5.2304,26.1647,11.9584
19620.0,1.3167,5.6637,0.4957,4.6527,26.4467,12.0492
19625.0,1.333,5.2313,0.4922,5.2754,26.7879,11.9682
19630.0,1.3237,4.7164,0.4808,3.3214,26.7752,12.1628
19635.0,1.3301,5.1593,0.4747,5.2431,26.5949,12.1692
19640.0,1.3256,4.7081,0.4703,6.6676,26.6588,11.8595
19645.0,1.3323,5.206,0.4782,5.0752,26.2965,11.8317
19650.0,1.3308,4.8215,0.4848,4.9131,26.8613,11.9786
19655.0,1.3259,5.184,0.4792,3.8829,26.3087,11.9516
19660.0,1.3387,4.923,0.4828,5.6645,26.1434,12.1132
19665.0,1.3164,4.9073,0.472,4.4253,26.7527,12.212
19670.0,1.3341,4.5034,0.4764,5.1916,26.4322,12.3749
19675.0,1.3376,4.9038,0.4925,3.7758,26.5082,11.9759
19680.0,1.3265,5.2286,0.4692,5.2233,26.8717,11.9249
19685.0,1.3253,5.5764,0.4802,4.4974,26.8753,12.0284
19690.0,1.3227,5.067,0.4779,4.7468,26.874,12.3505
19695.0,1.3227,5.4039,0.4662,5.6136,27.1155,11.9315
19700.0,1.3405,5.4173,0.4867,5.5648,26.4387,11.8311
19705.0,1.3268,5.6548,0.4776,3.8307,27.2136,12.1606
19710.0,1.3264,5.1877,0.479,5.6237,26.7098,11.7771
19715.0,1.3187,4.7919,0.4822,5.4772,26.9722,12.1484
19720.0,1.3186,4.9921,0.4963,4.9558,27.5501,12.2257
19725.0,1.323,4.7346,0.4784,4.38,27.3244,12.1763
19730.0,1.3334,5.2249,0.5008,5.3682,27.2853,11.9701
19735.0,1.3271,5.1352,0.4831,3.9092,26.8638,12.1459
19740.0,1.3283,4.4258,0.4944,5.454,26.5798,11.7289
19745.0,1.3267,5.678,0.4852,5.5949,26.6324,12.0825
19750.0,1.3387,5.0396,0.4923,3.748,26.722,12.4696
19755.0,1.3158,4.9011,0.478,3.8307,26.7833,12.0314
19760.0,1.3366,4.69,0.476,5.5757,26.7615,12.1652
19765.0,1.3337,5.4666,0.4813,4.9668,27.0476,12.2849
19770.0,1.3158,5.0391,0.4778,4.911,26.951,12.1312
19775.0,1.3227,4.8593,0.4714,4.8283,26.9253,11.771
19780.0,1.3306,5.068,0.4891,5.5139,27.1646,11.7298
19785.0,1.3183,4.7501,0.4634,4.0561,26.8222,12.319
19790.0,1.3273,5.3875,0.4831,4.5859,27.2997,12.0834
19795.0,1.3199,5.1613,0.5056,4.4292,27.415,12.0854
19800.0,1.3228,4.8608,0.4907,5.1891,27.0178,12.1454
19805.0,1.3048,4.8631,0.4838,5.1455,27.3437,11.8544
19810.0,1.334,4.6972,0.4835,4.9643,27.5824,12.1277
19815.0,1.3167,5.0178,0.4735,4.0905,27.4258,11.9663
19820.0,1.3073,4.6136,0.4746,2.5635,27.6883,11.8073
19825.0,1.3248,5.3552,0.4802,4.7311,27.3939,12.1233
19830.0,1.3346,5.3188,0.4811,3.2005,27.5078,11.8539
19835.0,1.3285,4.9398,0.4781,5.6469,26.9998,12.0827
19840.0,1.3289,5.0608,0.4854,3.8984,27.3384,12.0518
19845.0,1.3332,5.2141,0.482,2.3904,27.1275,12.0357
19850.0,1.3257,4.9945,0.4729,4.619,27.3664,11.92
19855.0,1.3178,4.5727,0.5058,5.5234,27.4822,11.9828
19860.0,1.3396,5.4371,0.4787,4.9499,27.3531,11.9794
19865.0,1.3279,5.7353,0.4743,5.385,27.0618,12.0807
19870.0,1.3385,5.3719,0.498,6.2664,27.3026,12.1193
19875.0,1.3185,5.3477,0.5017,6.3375,27.0693,11.9728
19880.0,1.33,5.0703,0.4715,3.809,27.4334,12.1087
19885.0,1.3247,5.1759,0.496,4.5867,27.4679,12.1477
19890.0,1.3368,4.839,0.4835,4.9641,27.6246,12.2214
19895.0,1.3223,5.0079,0.498,6.1746,27.013,11.5794
19900.0,1.3257,5.3999,0.4955,3.7092,27.628,12.1105
19905.0,1.3252,4.881,0.4806,5.0547,27.4185,11.8891
19910.0,1.3223,4.5839,0.4895,5.9517,27.782,12.1021
19915.0,1.3187,5.1787,0.4822,4.5276,27.7931,11.9065
19920.0,1.3171,4.9624,0.4882,5.7583,27.808,11.9571
19925.0,1.3228,4.9856,0.4906,6.2099,27.8028,11.9186
19930.0,1.3273,5.2362,0.4918,5.25,27.9372,11.9155
19935.0,1.3231,5.0569,0.486,5.6919,27.5421,11.8451
19940.0,1.321,4.8714,0.48,4.9953,27.3431,11.8898
19945.0,1.3161,4.7502,0.4747,4.6942,27.878,12.3222
19950.0,1.3244,4.8197,0.4711,4.2009,27.8914,11.909
19955.0,1.3282,5.1206,0.4873,4.6275,27.063,11.8739
19960.0,1.326,5.0891,0.4892,5.8691,27.3584,11.6383
19965.0,1.3342,5.0709,0.4825,4.6519,27.4798,12.1073
19970.0,1.3253,5.2416,0.4997,4.3975,27.7245,12.1169
19975.0,1.3355,4.8488,0.4895,4.221,27.5392,11.9018
19980.0,1.3248,5.0735,0.4966,4.7546,27.9523,12.3579
19985.0,1.3288,5.1545,0.4892,5.0466,27.7253,12.0295
19990.0,1.3284,4.9682,0.4894,6.1194,28.2519,11.4788
19995.0,1.3411,5.298,0.488,5.3999,28.0199,11.9822
20000.0,1.3272,5.0011,0.4994,4.6838,27.8551,11.9125
20005.0,1.321,4.4286,0.4819,4.2189,27.9217,11.7199
20010.0,1.3254,5.266,0.4853,5.9418,27.6512,11.5502
20015.0,1.3253,4.5601,0.492,5.2325,28.3143,11.8252
20020.0,1.3144,5.2531,0.4536,3.6496,28.3792,12.2059
20025.0,1.3263,5.2644,0.4663,4.7937,28.0626,11.7138
20030.0,1.3259,4.7011,0.4934,5.1504,28.6476,11.9765
20035.0,1.3193,5.345,0.4912,6.5293,27.6726,11.9637
20040.0,1.32,5.1162,0.468,5.6836,28.2128,11.9711
20045.0,1.3192,4.7723,0.4798,3.8254,28.4636,11.8556
20050.0,1.3298,4.904,0.5031,5.4325,28.1351,11.8266
20055.0,1.3327,4.8686,0.4759,5.1838,28.057,12.011
20060.0,1.3296,4.9229,0.4642,5.9222,27.7567,11.9249
20065.0,1.3289,4.5723,0.5004,6.7863,28.4313,11.9947
20070.0,1.3352,5.0033,0.4675,3.9289,28.0796,11.9565
20075.0,1.3092,4.9354,0.4905,5.6706,28.1512,12.2273
20080.0,1.3209,5.1106,0.4944,5.0252,28.4768,11.8293
20085.0,1.3317,4.9606,0.4764,3.416,28.5786,12.2352
20090.0,1.3243,4.9081,0.4874,5.6591,28.1056,12.0765
20095.0,1.3252,4.6375,0.481,5.3583,28.0459,11.8602
20100.0,1.3285,5.3203,0.4734,6.0168,28.1375,11.6967
20105.0,1.3158,5.0367,0.493,4.8115,28.4671,11.8582
20110.0,1.3071,5.1131,0.4874,4.729,28.5608,11.7878
20115.0,1.3224,5.473,0.4997,5.7748,28.5411,11.9365
20120.0,1.3304,5.5283,0.4751,4.8375,28.3741,11.9133
20125.0,1.3215,4.8741,0.509,5.0198,28.3973,12.074
20130.0,1.3194,4.594,0.4715,3.0154,28.5982,11.6221
20135.0,1.3401,5.0857,0.4734,3.5679,28.1149,11.9199
20140.0,1.3189,4.8204,0.4985,5.4383,28.5312,11.9582
20145.0,1.3287,5.7969,0.4985,5.6045,28.4596,12.2777
20150.0,1.3233,5.2548,0.4614,4.0074,28.6044,12.2254
20155.0,1.3331,4.8895,0.4717,4.0415,28.4605,11.78
20160.0,1.3336,4.8729,0.4775,5.2176,28.799,11.8926
20165.0,1.3194,5.3805,0.4813,4.6862,28.6871,11.8861
20170.0,1.3277,4.7414,0.4905,4.1191,28.586,12.1461
20175.0,1.3316,5.4051,0.4805,3.8899,29.2305,11.869
20180.0,1.3256,4.6464,0.5098,6.8178,28.8529,12.0565
20185.0,1.3287,5.3702,0.4658,3.696,28.7335,11.8763
20190.0,1.3197,4.9851,0.4926,4.5799,28.8073,11.9
20195.0,1.3203,5.0133,0.508,5.2768,28.6821,12.0853
20200.0,1.3349,4.9827,0.4698,5.8019,28.4554,11.861
20205.0,1.3274,4.8616,0.4994,4.9565,28.295,12.1058
20210.0,1.3186,4.9133,0.4665,3.8794,29.0345,12.0206
20215.0,1.3303,5.4662,0.4987,3.9271,28.7393,11.8073
20220.0,1.3238,5.0842,0.4867,5.2975,28.8189,12.2082
20225.0,1.3205,5.5071,0.4843,4.5241,29.0607,11.7853
20230.0,1.3131,5.0739,0.4879,4.4323,28.7328,12.1051
20235.0,1.314,5.2376,0.4713,4.3511,28.7259,12.062
20240.0,1.3199,5.0895,0.4637,4.9554,28.9922,12.1958
20245.0,1.3128,5.0736,0.4842,5.4818,29.0886,11.8515
20250.0,1.319,4.6667,0.4787,4.5216,28.7799,11.9111
20255.0,1.3343,5.1623,0.4776,6.1177,28.6292,11.756
20260.0,1.3264,5.3731,0.476,5.7761,29.2973,11.9901
20265.0,1.3264,5.1316,0.4836,4.7937,28.9643,11.8941
20270.0,1.3372,4.9962,0.4729,4.6409,29.0378,12.036
20275.0,1.3205,5.3642,0.4934,4.9347,29.0263,11.9608
20280.0,1.3217,5.1608,0.4809,5.6685,28.0863,12.0809
20285.0,1.3324,5.2157,0.5043,5.8308,29.1091,11.7971
20290.0,1.3142,5.1425,0.4883,4.1697,28.8967,12.0623
20295.0,1.3136,5.1579,0.4688,3.8775,28.576,12.0979
20300.0,1.3171,5.1559,0.4855,4.1665,29.1845,11.8974
20305.0,1.3321,5.1043,0.4827,5.9794,28.9362,12.183
20310.0,1.319,4.8721,0.4835,3.4818,29.4539,12.4154
20315.0,1.3279,4.8588,0.495,5.2774,28.988,11.9814
20320.0,1.329,5.0026,0.4828,5.0419,29.3056,11.9366
20325.0,1.3198,4.4467,0.4818,4.2776,28.9398,11.6519
20330.0,1.3288,5.627,0.4879,6.232,29.3007,11.881
20335.0,1.337,4.9592,0.4774,5.7821,29.4953,12.1012
20340.0,1.3221,4.4814,0.4964,4.8631,28.776,11.8797
20345.0,1.3198,4.615,0.4863,4.8852,29.4714,11.7368
20350.0,1.3259,4.9623,0.4798,3.0656,28.7507,11.5631
20355.0,1.3183,5.7988,0.4875,4.7006,29.2547,12.0095
20360.0,1.3233,5.0777,0.4753,6.3547,29.3783,11.6254
20365.0,1.3258,4.9563,0.4845,5.2493,28.9395,11.7637
20370.0,1.3315,4.8931,0.4856,6.2161,29.1988,11.7629
20375.0,1.3173,4.8237,0.4815,5.384,29.8119,11.5355
20380.0,1.3171,4.5263,0.4989,5.7619,29.5527,11.6267
20385.0,1.3198,5.116,0.4949,4.719,29.5464,11.5461
20390.0,1.3216,4.676,0.473,2.6213,29.7952,12.1182
20395.0,1.3296,4.9687,0.4803,3.2126,29.2922,11.9564
20400.0,1.3369,4.4981,0.4669,5.3894,29.5628,11.7765
20405.0,1.3446,4.9283,0.4671,5.1041,29.2275,11.4877
20410.0,1.3178,4.8984,0.4742,3.9695,29.6733,11.7447
20415.0,1.334,5.1359,0.4873,4.0951,29.1544,11.8456
20420.0,1.3141,5.1349,0.4761,4.9481,29.3025,11.8641
20425.0,1.3209,5.2316,0.4871,6.1513,30.061,11.7437
20430.0,1.3176,5.3573,0.4879,5.6029,29.5635,11.8242
20435.0,1.3291,5.0146,0.4799,6.7615,29.5709,11.7942
20440.0,1.3275,5.2531,0.5105,5.1945,29.4383,11.8511
20445.0,1.3245,5.01,0.4827,4.3809,29.3554,12.0329
20450.0,1.3289,5.6661,0.4947,5.532,29.5332,11.7152
20455.0,1.3259,4.6867,0.4981,5.6561,29.4522,11.2495
20460.0,1.3236,5.4175,0.4623,4.4969,29.6353,11.7644
20465.0,1.3235,4.4998,0.4827,4.4645,30.0204,11.4052
20470.0,1.3271,5.313,0.4792,5.8084,29.4154,11.3117
20475.0,1.3242,4.8328,0.4921,4.4693,29.5894,11.5466
20480.0,1.317,4.6463,0.4711,4.1718,29.9265,11.4218
20485.0,1.3334,4.7113,0.477,5.0896,29.6654,11.786
20490.0,1.3136,5.5026,0.4885,3.1364,29.9731,11.7219
20495.0,1.3153,4.9073,0.5038,6.7419,29.3647,11.835
20500.0,1.3296,5.6406,0.4992,5.292,30.1371,11.6195
20505.0,1.34,4.4779,0.4731,4.0667,29.7181,11.6557
20510.0,1.3216,4.915,0.5004,4.2401,29.7604,11.7989
20515.0,1.3234,4.5488,0.4846,4.9388,29.5331,11.7251
20520.0,1.3163,4.7216,0.4998,5.7464,29.6629,11.5592
20525.0,1.3161,4.3105,0.5002,5.0259,29.9688,11.4549
20530.0,1.3391,5.4486,0.4734,6.0025,30.3289,11.7711
20535.0,1.3301,4.8032,0.4849,6.0553,29.2877,11.6107
20540.0,1.321,5.0911,0.4784,5.8526,29.9129,11.3833
20545.0,1.321,5.378,0.4787,3.3146,29.3708,11.6799
20550.0,1.3084,4.8685,0.4972,4.8695,29.4318,11.7902
20555.0,1.3314,5.1416,0.4688,4.6048,29.7798,11.8119
20560.0,1.3422,5.1754,0.4862,4.4466,29.8543,11.2878
20565.0,1.3277,4.9536,0.515,5.6863,29.8677,11.481
20570.0,1.3127,4.8283,0.4669,4.1102,30.0717,11.7484
20575.0,1.3297,5.1307,0.4872,5.3258,29.6347,11.6938
20580.0,1.318,4.2529,0.4884,4.5193,29.8808,11.3123
20585.0,1.3279,5.2977,0.4871,3.0607,29.8659,11.5476
20590.0,1.3277,5.2208,0.466,5.1442,29.4338,11.6035
20595.0,1.3119,4.6272,0.4822,4.7389,29.9291,11.4068
20600.0,1.3094,5.107,0.4956,5.5837,29.5188,11.5523
20605.0,1.3201,5.3043,0.5017,5.4588,29.94,11.4712
20610.0,1.3352,4.5989,0.4843,4.0964,29.9405,11.5299
20615.0,1.3102,5.2062,0.4821,4.0718,29.6984,11.5901
20620.0,1.3208,5.1174,0.504,5.0545,29.7938,11.5812
20625.0,1.3251,4.1948,0.4819,5.7775,30.1275,11.7361
20630.0,1.3264,5.1876,0.4781,4.8311,30.2307,11.7981
20635.0,1.3238,5.1967,0.4769,5.1124,30.6123,11.5358
20640.0,1.3243,4.3426,0.4625,4.6226,30.232,11.328
20645.0,1.326,4.3588,0.4845,5.5659,30.0094,11.5501
20650.0,1.345,4.039,0.4858,6.258,29.9103,11.2422
20655.0,1.3334,5.1547,0.46,3.8511,29.6709,11.5242
20660.0,1.3195,5.3155,0.4885,5.1385,30.2953,11.5045
20665.0,1.3257,5.4201,0.4723,5.5839,29.7064,11.4181
20670.0,1.3321,4.8454,0.4789,4.264,29.854,11.4436
20675.0,1.3239,5.0762,0.4916,4.8855,30.1056,11.5445
20680.0,1.3092,4.9592,0.4947,5.7615,30.3912,11.7226
20685.0,1.3211,4.9602,0.4812,3.4785,30.3472,11.4416
20690.0,1.3363,5.4101,0.4851,2.9428,30.0098,11.3535
20695.0,1.3164,4.5905,0.4827,5.6402,30.383,11.2744
20700.0,1.3223,3.9161,0.4884,5.5003,30.6454,11.2835
20705.0,1.33,4.6176,0.4805,5.3588,30.1358,11.3091
20710.0,1.3255,5.0612,0.5006,5.291,30.5374,11.2228
20715.0,1.3256,4.8557,0.4782,5.8138,30.4374,11.4791
20720.0,1.3171,4.8922,0.4977,5.882,30.6195,11.1265
20725.0,1.3179,4.6668,0.4935,5.1869,30.141,11.5969
20730.0,1.3178,5.0409,0.4747,4.2418,30.1839,11.4241
20735.0,1.3342,5.1607,0.4837,5.1223,29.9344,11.0583
20740.0,1.3349,5.3389,0.4939,4.6682,30.2039,11.3101
20745.0,1.3262,4.831,0.4862,3.1019,30.0728,11.5346
20750.0,1.3094,4.984,0.4869,5.8826,29.9249,11.2874
20755.0,1.3212,4.8328,0.4699,5.0295,30.9355,11.3535
20760.0,1.3316,5.7341,0.4933,4.7579,30.0751,11.5365
20765.0,1.3308,4.8476,0.4804,4.3262,30.3892,11.3222
20770.0,1.3183,5.079,0.4942,4.121,30.4,11.4202
20775.0,1.318,4.7957,0.4747,5.3179,30.8072,11.3155
20780.0,1.3185,5.2868,0.5036,5.1302,30.5019,11.2153
20785.0,1.323,4.8059,0.4782,6.477,30.705,11.0287
20790.0,1.3362,4.9598,0.4765,4.3273,30.3922,11.1798
20795.0,1.3205,4.6324,0.491,6.3033,30.3357,11.2339
20800.0,1.3194,5.4258,0.4918,4.8006,30.4598,10.8797
20805.0,1.3204,4.4914,0.477,5.6594,30.6094,11.2529
20810.0,1.3225,5.342,0.4709,5.202,30.1613,11.4424
20815.0,1.3282,4.4755,0.4777,4.9174,30.3788,11.3647
20820.0,1.325,5.1247,0.4987,4.7728,30.7557,11.2534
20825.0,1.3295,5.4616,0.4925,4.9526,30.7681,11.1274
20830.0,1.3254,4.9462,0.4903,4.4302,30.1028,11.5199
20835.0,1.3288,4.7419,0.4845,5.6782,30.132,11.7093
20840.0,1.319,5.1079,0.4872,6.3582,30.6594,11.4121
20845.0,1.3247,5.5692,0.4871,3.9959,30.6687,11.4041
20850.0,1.3203,5.0518,0.4765,5.5665,30.7551,11.2803
20855.0,1.3184,4.7739,0.5055,5.7256,30.8408,11.3658
20860.0,1.3333,5.1946,0.4812,5.1409,30.4084,11.4693
20865.0,1.3357,4.2017,0.4805,5.7598,30.9887,11.359
20870.0,1.3216,5.2245,0.4731,4.7191,30.2376,11.4322
20875.0,1.3356,5.0856,0.4959,4.2224,30.9185,11.1096
20880.0,1.3366,4.9328,0.4845,6.274,30.5224,11.3912
20885.0,1.3269,5.1796,0.4757,3.8174,30.6754,11.4894
20890.0,1.3147,4.8202,0.4972,5.6537,30.7638,11.4228
20895.0,1.3179,4.8865,0.4789,4.2759,30.6652,11.1091
20900.0,1.3195,4.6257,0.4781,4.8561,30.6637,11.2592
20905.0,1.316,4.8458,0.475,5.331,30.647,11.15
20910.0,1.3247,5.0809,0.4921,5.8382,30.1907,11.3601
20915.0,1.3208,5.4112,0.4824,5.8945,30.5486,11.4882
20920.0,1.3229,5.4438,0.4746,4.417,30.3956,11.3084
20925.0,1.3311,4.3112,0.4895,5.0142,30.4239,11.1387
20930.0,1.3078,4.7383,0.4847,4.0192,30.6779,11.3787
20935.0,1.3255,5.1252,0.479,5.7134,30.9587,11.1151
20940.0,1.3212,5.3251,0.4903,5.0766,30.8,11.3122
20945.0,1.3174,4.7862,0.4848,4.5136,30.6454,11.4246
20950.0,1.3252,5.5122,0.4836,4.5412,30.552,11.4578
20955.0,1.3286,4.8332,0.4829,4.6553,30.4401,11.1625
20960.0,1.3282,4.8101,0.4755,4.2845,30.5712,11.3793
20965.0,1.325,5.3046,0.469,3.3515,29.9064,11.3045
20970.0,1.3203,4.9654,0.4854,5.2709,30.5291,11.2689
20975.0,1.3251,5.1101,0.4876,6.0195,30.4056,11.6165
20980.0,1.3387,4.9447,0.4709,4.8307,30.6366,11.5464
20985.0,1.3207,5.1873,0.48,5.7441,30.2097,11.313
20990.0,1.3325,5.5558,0.4855,6.0408,30.4269,11.4995
20995.0,1.3258,5.4614,0.4773,3.1232,31.0348,11.5324
21000.0,1.3225,5.1094,0.4776,4.3328,30.543,11.2412
21005.0,1.3159,4.8023,0.4902,5.7303,30.294,11.3262
21010.0,1.3276,4.9962,0.4855,5.2153,30.6178,11.2805
21015.0,1.3251,5.0796,0.479,4.6135,30.635,11.4213
21020.0,1.3224,4.8874,0.479,3.7144,30.1164,11.4194
21025.0,1.3106,4.7081,0.4855,3.9206,31.3058,11.1586
21030.0,1.3137,5.1195,0.4923,4.9303,30.7216,11.3685
21035.0,1.3397,4.9596,0.464,5.2297,30.698,11.1874
21040.0,1.3179,4.9948,0.4746,4.8184,30.8133,11.26
21045.0,1.3228,5.3832,0.4952,4.8317,30.76,11.1099
21050.0,1.3252,5.39,0.4734,4.7217,31.0575,11.5259
21055.0,1.319,4.792,0.4989,4.8187,31.1538,11.3481
21060.0,1.3291,5.0703,0.4899,5.4064,30.5647,11.2805
21065.0,1.3314,4.713,0.4856,6.2286,30.2533,11.0793
21070.0,1.3313,5.4238,0.4923,6.0925,30.2567,11.4654
21075.0,1.3117,4.3077,0.4856,4.0826,31.2657,11.2886
21080.0,1.3179,4.5697,0.4665,6.4811,30.3985,11.2793
21085.0,1.3316,4.5863,0.489,5.341,31.0155,11.3413
21090.0,1.3329,4.9986,0.4888,5.6181,30.3987,11.2507
21095.0,1.3379,5.2586,0.4831,5.3319,30.9975,11.2788
21100.0,1.3302,4.6556,0.4866,5.3549,31.152,11.2754
21105.0,1.3147,5.4198,0.4966,5.3494,30.8587,11.4174
21110.0,1.3142,4.906,0.4912,5.9147,30.4993,11.2507
21115.0,1.319,4.7738,0.4737,5.0986,30.9443,11.1343
21120.0,1.3151,4.9033,0.4881,3.926,30.5513,11.1519
21125.0,1.3367,5.2543,0.4765,5.3181,31.0715,11.0732
21130.0,1.3281,4.6661,0.4758,4.3562,30.5115,11.3931
21135.0,1.3224,4.9889,0.4947,3.5655,31.0936,11.4144
21140.0,1.3246,4.2376,0.4745,6.0307,30.4773,11.1182
21145.0,1.3276,5.4182,0.489,4.2465,30.4914,10.9998
21150.0,1.3235,4.6129,0.4921,5.273,30.9554,11.4023
21155.0,1.3221,5.4064,0.4761,5.348,30.6814,11.2219
21160.0,1.3248,4.9263,0.4928,4.6243,30.7414,11.4506
21165.0,1.3314,4.4844,0.4845,5.0819,31.4457,11.4509
21170.0,1.3331,5.256,0.4803,4.6556,30.5253,10.8922
21175.0,1.3316,5.1113,0.4877,4.4163,30.5969,11.2455
21180.0,1.33,5.3606,0.4743,2.9853,30.6519,11.1336
21185.0,1.3319,5.0717,0.4633,3.8136,30.4896,11.3914
21190.0,1.3307,5.0877,0.474,5.7673,30.3912,11.5718
21195.0,1.3134,4.5911,0.4847,4.3949,30.4297,11.4619
21200.0,1.3279,4.0332,0.4904,3.9601,30.7416,11.2676
21205.0,1.3159,4.9454,0.4764,5.6672,30.6195,11.2076
21210.0,1.3284,5.6161,0.4998,5.8772,30.4486,11.3255
21215.0,1.3149,4.6011,0.4884,4.6292,30.9706,11.1292
21220.0,1.3334,4.8212,0.5034,5.5759,30.5057,11.0787
21225.0,1.3269,5.3057,0.4602,4.6646,30.954,11.0093
21230.0,1.3223,5.4138,0.492,5.1253,31.1545,11.109
21235.0,1.3274,4.8317,0.5003,4.8868,30.7603,11.2461
21240.0,1.3311,4.7603,0.4788,4.7434,30.7394,11.3688
21245.0,1.3212,5.385,0.4808,6.107,30.4514,11.2731
21250.0,1.3327,5.1601,0.4626,3.3652,30.8325,11.4297
21255.0,1.3328,5.2204,0.4746,4.5691,30.7794,11.2269
21260.0,1.33,5.1363,0.4879,5.9219,30.3583,11.1222
21265.0,1.3272,5.0811,0.4983,5.3961,30.5372,11.3521
21270.0,1.3239,5.4002,0.4862,4.7572,30.5157,11.1286
21275.0,1.3243,4.6562,0.4975,4.9216,30.7891,11.2464
21280.0,1.3351,5.096,0.4837,5.6916,30.6675,11.1167
21285.0,1.3289,5.3977,0.4911,4.46,30.6463,11.1676
21290.0,1.322,4.7033,0.4912,4.2333,30.4807,11.394
21295.0,1.3191,5.0973,0.4789,6.1766,30.9141,11.3166
21300.0,1.3259,4.4127,0.5049,4.5273,30.7141,11.3394
21305.0,1.3305,5.1177,0.4852,6.1878,30.4205,11.2293
21310.0,1.3263,4.3523,0.4863,5.5671,31.0164,11.229
21315.0,1.3323,4.8183,0.5014,6.2496,31.2157,11.2384
21320.0,1.3139,4.3699,0.4781,5.473,30.9026,11.2091
21325.0,1.3233,4.8223,0.46,4.4441,30.7558,10.9146
21330.0,1.3374,4.8104,0.48,4.2452,30.5838,11.1367
21335.0,1.3403,5.1252,0.4791,4.0539,30.9225,11.0456
21340.0,1.3202,4.3512,0.484,3.9361,30.3622,11.3366
21345.0,1.3457,5.0756,0.477,5.4512,30.3842,11.0534
21350.0,1.3279,5.1806,0.4782,5.044,30.8557,10.8231
21355.0,1.3247,4.8325,0.4897,4.864,30.216,11.2942
21360.0,1.3263,4.7485,0.4703,5.1725,31.0619,10.962
21365.0,1.3259,5.1845,0.4555,6.0436,30.5532,11.3561
21370.0,1.3223,5.0956,0.4932,6.0581,30.7888,11.0589
21375.0,1.3299,4.1534,0.4756,5.2948,30.3361,11.2857
21380.0,1.3322,4.8386,0.4831,4.949,30.6198,10.9701
21385.0,1.3172,3.8192,0.4598,4.6552,30.7434,10.8662
21390.0,1.3144,5.5342,0.4894,3.9749,30.4637,11.1613
21395.0,1.3365,4.284,0.4789,4.2158,30.5009,10.8611
21400.0,1.3138,5.1776,0.4807,4.6939,30.6141,11.0014
21405.0,1.3317,4.6758,0.4869,4.9841,30.9334,11.0069
21410.0,1.3318,5.252,0.4885,5.2152,30.9144,11.4444
21415.0,1.3208,5.0649,0.5015,4.9423,30.9089,11.4568
21420.0,1.3152,5.0838,0.4927,5.1511,30.8804,11.0701
21425.0,1.3201,4.714,0.4601,5.812,30.9049,11.2177
21430.0,1.3155,5.1086,0.4849,3.9089,30.9801,11.3435
21435.0,1.3199,5.2701,0.4888,5.8897,30.1313,11.1676
21440.0,1.3407,5.2288,0.4885,5.7844,30.8438,11.0664
21445.0,1.3258,5.2744,0.4913,5.731,30.651,11.2144
21450.0,1.3284,5.1097,0.5032,5.0785,30.574,11.1724
21455.0,1.3409,4.832,0.4734,5.363,30.1347,11.0897
21460.0,1.3251,5.4831,0.4885,3.9406,30.5465,11.0372
21465.0,1.3158,4.8746,0.4972,5.7903,30.5699,10.9753
21470.0,1.3233,5.3467,0.4878,5.6561,30.8367,11.3485
21475.0,1.3235,4.8774,0.4918,3.9924,30.7764,11.1179
21480.0,1.3262,5.0555,0.4778,5.193,30.3408,11.3752
21485.0,1.3099,5.5979,0.4799,4.4795,30.8043,11.1551
21490.0,1.3177,5.158,0.4845,5.9425,30.1809,11.0854
21495.0,1.3278,5.3421,0.4914,5.2004,30.476,11.3223
21500.0,1.3332,4.7023,0.4758,5.4781,30.6302,11.3604
21505.0,1.327,5.0165,0.494,4.5769,30.6975,11.1183
21510.0,1.33,5.1262,0.4853,4.8039,30.4392,11.2626
21515.0,1.3212,5.0075,0.4654,3.8359,30.655,11.1721
21520.0,1.3392,5.0197,0.494,4.7853,30.6287,11.0281
21525.0,1.3257,5.557,0.4877,3.6317,30.7083,11.3131
21530.0,1.3198,5.7399,0.4779,4.5541,30.7244,11.2595
21535.0,1.333,5.4971,0.4803,4.0661,30.4266,11.041
21540.0,1.3353,5.4341,0.4769,5.697,30.8931,11.3103
21545.0,1.3279,5.3129,0.4973,6.9904,30.9763,10.8609
21550.0,1.3265,5.4328,0.4779,4.7324,30.5484,11.1609
21555.0,1.3113,4.6546,0.4773,3.5377,30.0337,11.2409
21560.0,1.3267,5.076,0.4966,5.9032,30.675,11.0267
21565.0,1.3201,3.9416,0.4922,4.9689,30.5002,11.1706
21570.0,1.3182,5.079,0.5262,5.8421,30.6319,11.2234
21575.0,1.3351,5.2228,0.493,5.0426,30.2732,10.9817
21580.0,1.3278,4.5908,0.4868,5.5651,30.4616,11.011
21585.0,1.3301,5.3746,0.4715,4.0054,30.4564,11.2759
21590.0,1.3142,4.835,0.4835,4.7436,30.5082,11.2726
21595.0,1.3319,5.0121,0.4773,4.8015,30.4121,11.1919
21600.0,1.311,4.6421,0.5002,5.5524,30.3018,10.9741
21605.0,1.3224,5.0661,0.4831,4.2227,30.5561,11.1014
21610.0,1.323,4.4715,0.4995,4.6268,30.7158,11.0787
21615.0,1.3317,5.2572,0.4893,3.6352,30.5942,11.021
21620.0,1.3114,5.0259,0.4865,4.7657,30.2944,10.9964
21625.0,1.3276,4.9213,0.4629,5.8704,30.5752,10.8387
21630.0,1.3256,5.4185,0.5091,5.1748,30.3533,11.0617
21635.0,1.3219,5.382,0.4777,4.803,30.5555,10.9877
21640.0,1.3172,4.5798,0.4847,4.678,30.753,11.058
21645.0,1.3247,4.8503,0.4896,3.551,30.6291,11.1731
21650.0,1.3301,4.6721,0.4881,5.0715,30.3673,10.7775
21655.0,1.3171,4.9043,0.4761,4.8093,30.5025,11.3376
21660.0,1.3255,5.341,0.4829,4.3771,30.4361,11.2004
21665.0,1.3311,4.3724,0.4882,4.5203,30.6043,10.7881
21670.0,1.3174,4.8202,0.4887,6.9671,30.3616,11.057
21675.0,1.3321,4.9691,0.4777,3.8708,30.528,11.134
21680.0,1.3361,4.801,0.4967,4.7188,30.5338,11.294
21685.0,1.3231,4.3198,0.4938,4.6515,30.2178,11.0855
21690.0,1.3273,4.778,0.4769,4.3676,30.5465,11.444
21695.0,1.3221,5.3801,0.4699,5.2375,30.1492,11.2889
21700.0,1.317,4.4599,0.4692,3.5747,30.2591,11.0637
21705.0,1.327,5.1051,0.4925,5.6445,30.2678,11.3317
21710.0,1.3207,4.8843,0.4755,4.0221,30.1574,11.1869
21715.0,1.3259,4.9504,0.4841,4.7325,30.2365,11.0195
21720.0,1.3303,5.3031,0.4756,4.6491,30.7912,11.3892
21725.0,1.3146,4.4863,0.4738,5.4865,30.2108,11.1969
21730.0,1.3276,5.0941,0.4956,5.3313,30.6069,11.1083
21735.0,1.3267,5.3572,0.4849,4.276,30.539,11.2986
21740.0,1.3209,4.7712,0.4797,4.0092,30.8619,11.3687
21745.0,1.3161,5.1859,0.4707,5.0735,30.9085,10.8774
21750.0,1.3157,4.8082,0.4827,6.0776,30.2303,11.2461
21755.0,1.327,4.7624,0.4841,4.9909,30.5041,11.1127
21760.0,1.3278,4.9259,0.4908,5.9139,30.3268,11.1885
21765.0,1.3291,4.2517,0.4898,4.0868,30.1877,11.3043
21770.0,1.3217,5.0184,0.4648,3.9887,30.1411,11.1937
21775.0,1.3357,4.25,0.4822,5.0599,31.1289,11.1099
21780.0,1.3288,4.8062,0.4832,4.9491,30.4483,11.1857
21785.0,1.3324,4.9556,0.4968,6.0356,29.9775,11.1565
21790.0,1.3228,5.2086,0.4896,5.2635,30.5136,11.3328
21795.0,1.3403,4.5169,0.5028,3.8439,30.5879,11.2296
21800.0,1.3243,5.4866,0.4853,4.7787,30.4624,11.3123
21805.0,1.3285,4.8475,0.495,3.9538,30.0075,10.9996
21810.0,1.3279,4.7699,0.47,5.1689,30.3829,11.4702
21815.0,1.3148,4.0424,0.471,6.0102,29.8569,11.3619
21820.0,1.3237,5.1568,0.4877,5.5863,30.2062,10.8753
21825.0,1.3217,5.0753,0.4902,5.1474,29.5456,11.3153
21830.0,1.3256,5.422,0.4917,5.3641,30.0197,11.358
21835.0,1.3287,5.441,0.4845,6.2984,30.4069,11.1087
21840.0,1.3376,5.3291,0.4847,5.8184,30.7168,11.1395
21845.0,1.3411,4.8256,0.4926,5.842,30.2657,11.3414
21850.0,1.3323,5.5105,0.4872,3.7348,30.6042,11.1124
21855.0,1.3215,4.8747,0.4672,4.7046,30.7523,11.3166
21860.0,1.325,5.3242,0.4798,4.2033,29.9597,11.2914
21865.0,1.3272,4.9217,0.4801,4.8904,30.4641,10.795
21870.0,1.3353,4.5887,0.5175,6.789,30.6389,11.1824
21875.0,1.3316,5.6637,0.4812,5.2463,30.3344,10.9508
21880.0,1.3312,4.454,0.4927,3.388,30.3574,11.0261
21885.0,1.3112,4.8977,0.4926,2.9756,30.3626,11.4873
21890.0,1.3348,4.7252,0.493,5.0731,30.1261,11.1534
21895.0,1.3379,4.828,0.4872,5.8986,30.7045,11.1797
21900.0,1.3188,5.0633,0.4922,4.4059,29.9396,11.049
21905.0,1.33,4.7734,0.4793,4.7296,30.1007,11.3509
21910.0,1.3257,5.4537,0.4779,4.649,30.2959,11.0654
21915.0,1.3242,5.0634,0.4771,6.3093,30.3403,11.3358
21920.0,1.3317,4.9039,0.485,4.6325,29.9046,11.0887
21925.0,1.3298,5.2151,0.4884,5.2187,30.4128,11.432
21930.0,1.3376,5.0749,0.4774,4.8295,30.2557,11.0675
21935.0,1.3368,4.8482,0.484,4.8066,30.5657,11.2369
21940.0,1.3162,5.3276,0.4802,5.8841,30.795,11.1621
21945.0,1.3149,5.4505,0.4813,4.3154,30.3784,11.1146
21950.0,1.333,5.3292,0.4677,5.3408,30.2497,11.3869
21955.0,1.3317,5.4058,0.5053,5.5044,30.4046,11.1963
21960.0,1.3411,4.8411,0.4929,5.409,30.3528,10.8968
21965.0,1.3247,5.5923,0.4821,5.5443,30.268,11.0089
21970.0,1.3349,4.872,0.4979,5.0941,30.0877,11.3559
21975.0,1.3272,5.5351,0.5014,5.1847,30.2664,11.0096
21980.0,1.3205,5.2548,0.4957,6.2978,30.2858,11.2929
21985.0,1.3172,5.0767,0.4958,4.2635,29.9909,11.2274
21990.0,1.319,5.43,0.4839,5.7799,30.2393,11.2313
21995.0,1.3234,4.5497,0.4822,5.3951,29.8405,11.2912
22000.0,1.3241,4.8905,0.4812,4.9763,29.6222,11.1821
22005.0,1.3158,5.2883,0.4749,3.1796,30.1606,11.3305
22010.0,1.3169,4.9701,0.4907,4.8433,30.1555,11.2889
22015.0,1.3221,4.8576,0.496,5.6048,30.5945,11.0969
22020.0,1.3305,4.5673,0.4838,3.8067,29.8459,11.4054
22025.0,1.3265,5.1768,0.4936,5.7608,30.3733,10.9002
22030.0,1.336,5.0385,0.4826,5.666,30.2623,11.1396
22035.0,1.3215,5.5726,0.4855,3.8829,30.5756,11.2925
22040.0,1.3244,4.8713,0.479,4.4739,30.1446,11.493
22045.0,1.3188,4.4934,0.4931,6.5823,30.3737,11.2504
22050.0,1.3172,5.2308,0.4618,4.4728,29.9306,11.2009
22055.0,1.3268,5.0779,0.5004,4.7376,30.3495,11.074
22060.0,1.3313,4.985,0.4937,4.1879,30.3496,11.1361
22065.0,1.3308,4.7879,0.4963,4.3617,30.0403,11.4616
22070.0,1.3295,5.1159,0.4739,4.0127,30.358,11.3288
22075.0,1.3168,4.9853,0.4938,5.3532,30.0915,11.3645
22080.0,1.3222,5.2572,0.4995,5.4723,30.307,10.8048
22085.0,1.3194,5.2695,0.4721,4.2391,30.3702,11.2196
22090.0,1.3302,4.9757,0.4929,5.2853,30.4262,11.1756
22095.0,1.3296,5.2149,0.475,4.3025,30.3426,11.5208
22100.0,1.3304,4.8688,0.4795,5.83,29.8892,11.0476
22105.0,1.3316,5.1842,0.4905,4.977,30.2411,11.2032
22110.0,1.3294,5.4707,0.4976,4.8321,30.252,11.1048
22115.0,1.3212,4.8916,0.4925,5.1923,30.3542,11.0772
22120.0,1.3215,5.3972,0.4694,4.5399,30.3793,10.9778
22125.0,1.3283,4.8014,0.4845,5.1631,29.9881,11.3066
22130.0,1.3199,4.985,0.5021,6.0093,30.0415,11.5702
22135.0,1.3265,4.8486,0.4815,3.7262,30.0589,11.2001
22140.0,1.3309,4.8241,0.4783,5.8679,30.0183,11.3067
22145.0,1.3295,4.3391,0.4861,5.7894,30.3054,11.448
22150.0,1.3232,4.6879,0.5063,4.6072,29.6866,11.1691
22155.0,1.3267,5.5562,0.5111,5.0956,29.9439,11.1955
22160.0,1.3351,4.8465,0.4904,4.9752,29.9918,11.0368
22165.0,1.3309,4.8874,0.4875,6.1242,30.457,11.0253
22170.0,1.3334,4.9873,0.4755,4.3252,29.8489,10.9149
22175.0,1.3332,4.9574,0.4957,5.5742,30.3237,11.0906
22180.0,1.3205,5.151,0.4828,4.4075,30.0782,11.2639
22185.0,1.3095,4.0784,0.4879,5.7346,30.1107,11.0749
22190.0,1.3196,5.6855,0.463,4.128,30.6398,10.9901
22195.0,1.3207,5.2036,0.4826,3.8985,30.2093,11.2283
22200.0,1.316,4.3859,0.501,5.5989,30.0946,11.1084
22205.0,1.3298,5.0212,0.4907,5.0637,30.3029,11.3829
22210.0,1.3234,5.5319,0.4784,4.8606,30.0908,11.1457
22215.0,1.3246,5.4139,0.4727,4.7325,29.8847,11.0749
22220.0,1.3368,4.9787,0.4887,5.0227,29.3972,11.1786
22225.0,1.3255,4.9428,0.4673,4.5809,30.2384,11.0786
22230.0,1.3254,5.1305,0.4814,4.2792,30.2034,11.1791
22235.0,1.3234,5.0557,0.4719,4.4633,29.8951,11.0779
22240.0,1.3362,4.8501,0.4781,4.207,29.7762,11.1519
22245.0,1.3356,5.1229,0.4681,5.3009,29.8052,11.1656
22250.0,1.3289,4.7199,0.4874,4.7097,29.8876,10.9653
22255.0,1.3044,4.9454,0.4865,5.8578,30.3377,11.3431
22260.0,1.317,4.8499,0.4743,4.8451,30.1171,11.1978
22265.0,1.32,4.8318,0.4709,2.9839,30.0429,11.1767
22270.0,1.3206,5.2848,0.4874,4.7418,29.6399,11.4269
22275.0,1.3277,5.4943,0.4864,4.0379,29.698,11.1908
22280.0,1.3292,4.6702,0.4784,3.6556,30.4618,11.0595
22285.0,1.3262,4.6547,0.4926,4.456,29.998,11.2281
22290.0,1.3236,5.0728,0.496,5.7505,30.459,11.2763
22295.0,1.3267,4.769,0.4915,5.6933,30.2646,10.8233
22300.0,1.3479,5.0386,0.514,5.9909,29.6668,11.1709
22305.0,1.3196,5.1384,0.4933,4.6351,30.4324,11.2946
22310.0,1.3295,4.7941,0.487,4.0609,29.8628,11.1018
22315.0,1.3095,5.4101,0.4629,4.2441,29.837,11.2433
22320.0,1.322,5.0311,0.5008,4.877,30.3093,11.2213
22325.0,1.3399,5.0774,0.4861,4.2025,29.8883,11.3694
22330.0,1.3244,5.1015,0.4987,5.6542,29.7046,11.4082
22335.0,1.3257,4.9034,0.5021,5.8239,29.794,11.3266
22340.0,1.3282,5.5379,0.4893,6.2986,30.0345,11.0516
22345.0,1.3145,4.3746,0.4882,4.9916,30.343,11.0968
22350.0,1.3353,4.7938,0.4832,5.0936,29.6636,11.3128
22355.0,1.3374,5.3923,0.4695,4.1977,30.0883,11.3944
22360.0,1.3155,5.0596,0.4808,3.1216,30.4511,11.3444
22365.0,1.3345,4.9664,0.4941,6.2334,29.5988,11.2612
22370.0,1.3272,4.8712,0.4804,5.578,29.9522,11.1391
22375.0,1.3232,4.6083,0.4667,5.5079,30.0352,11.4489
22380.0,1.335,5.173,0.4969,5.1888,29.8703,10.9078
22385.0,1.3342,4.8893,0.4826,5.7303,30.4089,11.2636
22390.0,1.3229,4.5439,0.5159,6.2899,30.0908,11.2024
22395.0,1.3196,4.9162,0.4778,4.1117,30.2432,11.2213
22400.0,1.3353,4.898,0.4793,3.4146,30.5139,10.9052
22405.0,1.3236,5.0876,0.4971,4.4529,30.1076,11.2095
22410.0,1.3361,4.3895,0.4766,4.2532,29.9971,11.1958
22415.0,1.3168,5.1335,0.4827,5.3469,30.1341,11.0856
22420.0,1.3225,5.5155,0.4685,3.8537,29.972,11.2783
22425.0,1.3274,5.0323,0.4854,6.1897,30.43,11.1695
22430.0,1.3341,5.0525,0.4766,3.6106,29.9315,11.1766
22435.0,1.3318,4.8339,0.4765,5.7062,30.1887,11.2508
22440.0,1.3224,5.323,0.4825,4.6213,29.6682,11.4992
22445.0,1.3286,5.1804,0.5042,5.3132,30.3893,11.1183
22450.0,1.3278,5.1623,0.486,5.7407,30.4342,10.888
22455.0,1.3215,4.5841,0.5085,4.0266,30.2741,11.2412
22460.0,1.3135,4.6832,0.4802,5.4585,29.77,11.0653
22465.0,1.3225,4.781,0.4999,4.161,30.3027,11.2493
22470.0,1.3226,5.1297,0.4823,5.6458,29.9938,11.4855
22475.0,1.3279,4.6859,0.4911,3.6934,30.079,11.1505
22480.0,1.3171,5.4221,0.4835,6.3689,30.2971,11.147
22485.0,1.3229,4.8722,0.4641,4.5521,30.3388,11.3198
22490.0,1.3286,5.1211,0.4933,4.3808,30.2588,11.0888
22495.0,1.3215,5.002,0.4999,5.971,30.2329,11.2156
22500.0,1.3339,5.1436,0.4686,5.7315,30.0648,11.3508
22505.0,1.3277,4.9596,0.482,6.0122,30.5547,11.6979
22510.0,1.3359,4.8203,0.489,5.05,30.0579,11.0307
22515.0,1.3247,5.118,0.4878,4.9512,30.2266,11.46
22520.0,1.3332,4.9928,0.4791,5.0696,29.8424,11.2286
22525.0,1.3235,4.9061,0.4672,4.9021,30.2522,11.1905
22530.0,1.3297,4.809,0.4766,4.794,30.2965,11.3878
22535.0,1.3297,4.9185,0.5045,5.8123,30.182,11.2304
22540.0,1.3224,5.1573,0.4837,5.9956,30.365,10.9735
22545.0,1.3175,5.3368,0.4993,4.212,29.9611,11.5689
22550.0,1.3267,4.5817,0.4881,5.1042,29.9134,11.3979
22555.0,1.328,5.3003,0.4813,5.1548,29.7926,11.2342
22560.0,1.3167,4.7188,0.4757,2.7587,29.9674,11.5479
22565.0,1.3284,4.7366,0.4734,5.0578,30.018,11.3904
22570.0,1.3135,5.515,0.4703,4.8936,29.9532,11.6104
22575.0,1.3322,4.7689,0.4769,3.3332,29.8547,11.4265
22580.0,1.3226,4.5954,0.4933,6.1307,30.2526,11.3829
22585.0,1.3181,5.2114,0.4913,5.7388,30.1396,10.8475
22590.0,1.3162,5.1935,0.4899,3.9729,30.1635,11.1817
22595.0,1.3299,5.3873,0.4773,6.0148,30.2529,11.2259
22600.0,1.3253,4.7984,0.4862,4.2699,30.793,11.3732
22605.0,1.3198,5.644,0.4891,5.6959,29.6142,11.549
22610.0,1.3283,4.8734,0.4963,4.2329,30.0601,11.1605
22615.0,1.3156,5.1173,0.5004,5.3733,29.9258,11.2718
22620.0,1.3328,4.1809,0.4834,4.8974,30.3613,11.3472
22625.0,1.3242,5.1861,0.4616,4.1691,30.2078,11.5573
22630.0,1.3218,5.0317,0.4627,3.5424,30.4373,11.2227
22635.0,1.3429,4.9336,0.4693,5.1013,29.8698,10.905
22640.0,1.333,4.5541,0.4889,5.0495,30.238,11.4255
22645.0,1.3244,4.6885,0.4893,4.1516,30.2238,11.0214
22650.0,1.3134,5.3979,0.4684,4.0408,30.1051,11.3875
22655.0,1.333,4.7503,0.5032,4.4735,30.8808,11.4818
22660.0,1.3208,5.669,0.5038,6.0986,30.3571,11.1075
22665.0,1.3354,4.9321,0.4891,5.5685,29.6708,11.2451
22670.0,1.3259,5.7056,0.4838,3.984,30.7815,10.9795
22675.0,1.3262,5.0979,0.4958,4.7699,30.3096,11.0492
22680.0,1.3408,5.2247,0.4916,5.851,29.9944,11.2164
22685.0,1.3368,4.9767,0.4876,4.9875,30.0514,11.3068
22690.0,1.3414,4.7652,0.4882,5.3964,30.4969,11.0244
22695.0,1.3285,5.209,0.4893,5.4508,30.4919,11.119
22700.0,1.3251,5.3718,0.4743,4.2402,30.3281,10.9293
22705.0,1.3288,5.1181,0.4621,4.2659,30.2317,10.8974
22710.0,1.3301,5.2499,0.4759,5.7868,30.3134,10.697
22715.0,1.3122,4.8666,0.4781,4.4555,30.3904,11.1342
22720.0,1.3355,4.8465,0.4921,4.0209,30.2917,10.9749
22725.0,1.3287,5.1849,0.4773,5.2818,30.4419,10.7783
22730.0,1.3317,5.0226,0.4951,5.2314,30.1735,11.234
22735.0,1.3186,4.2934,0.4678,3.9318,30.4459,11.0716
22740.0,1.3244,4.7811,0.5004,5.0946,30.3503,11.1845
22745.0,1.3328,4.7783,0.4686,6.5238,30.5524,10.8321
22750.0,1.3322,5.1566,0.4873,4.9972,30.3253,10.7364
22755.0,1.3234,4.9741,0.4773,5.3653,30.6819,11.1683
22760.0,1.3271,5.0917,0.4683,5.278,30.0266,10.8236
22765.0,1.3202,4.8887,0.4841,4.6332,30.7402,11.0764
22770.0,1.3383,4.7777,0.4704,4.471,30.0139,10.9206
22775.0,1.3115,5.1808,0.4835,6.9255,30.1434,11.2755
22780.0,1.333,5.2883,0.4923,4.9787,30.2731,11.0224
22785.0,1.3213,4.9314,0.4834,4.5986,30.6847,10.748
22790.0,1.3216,4.7121,0.5012,5.1746,30.079,10.9286
22795.0,1.3269,4.7974,0.4893,6.6487,30.6538,10.6507
22800.0,1.3235,5.6981,0.4826,5.9225,30.7097,11.0079
22805.0,1.3352,4.893,0.4815,6.472,30.6636,11.0049
22810.0,1.3286,5.4255,0.486,4.401,30.1117,11.1141
22815.0,1.3372,5.2101,0.486,3.0833,30.6308,10.8988
22820.0,1.3082,4.3333,0.4756,4.194,30.327,11.0954
22825.0,1.3276,4.8578,0.4728,3.9595,30.4824,10.9119
22830.0,1.3268,5.1495,0.4692,3.0163,30.31,11.1379
22835.0,1.3276,5.2346,0.4956,4.4167,29.9432,11.0984
22840.0,1.3268,5.2795,0.4847,6.5757,30.4747,10.878
22845.0,1.3124,4.6841,0.4897,4.5462,30.769,10.8081
22850.0,1.3274,5.8417,0.4939,3.5157,30.5744,10.8998
22855.0,1.3219,4.7858,0.4964,4.1396,30.3731,10.5266
22860.0,1.3208,5.4562,0.4883,5.0082,30.1997,10.9785
22865.0,1.3313,4.3499,0.4891,3.9836,30.2751,10.6092
22870.0,1.3393,5.1338,0.4842,3.2966,30.5721,11.1323
22875.0,1.3437,4.8513,0.4872,5.7279,30.6105,10.8981
22880.0,1.3282,5.0468,0.4903,5.3034,30.52,10.7562
22885.0,1.3247,5.2142,0.4971,5.3821,30.4123,10.4391
22890.0,1.3277,4.7762,0.4968,5.7867,30.5218,10.6417
22895.0,1.3351,4.5253,0.4573,4.6355,30.3058,10.9434
22900.0,1.3311,5.7789,0.5123,5.5806,30.6701,10.8134
22905.0,1.3285,5.2313,0.4752,5.5182,30.8145,10.7155
22910.0,1.3154,5.3263,0.5062,4.2168,29.9624,10.6338
22915.0,1.3282,4.7938,0.4622,4.7522,30.5532,10.6648
22920.0,1.3106,4.8547,0.4863,5.2201,30.6221,10.6059
22925.0,1.3066,4.9706,0.492,5.4951,30.2917,10.5936
22930.0,1.3268,4.9467,0.4781,3.8774,30.1403,10.86
22935.0,1.3305,5.0292,0.4887,6.3946,30.7441,10.7253
22940.0,1.3187,5.1572,0.493,6.0794,30.459,11.134
22945.0,1.3254,5.0608,0.497,4.6245,30.9827,10.7558
22950.0,1.3167,4.7292,0.4894,4.4361,30.6298,10.7762
22955.0,1.3282,4.9617,0.4897,5.8099,30.4508,10.9743
22960.0,1.3197,4.9261,0.467,4.5202,30.3633,10.825
22965.0,1.3229,4.1446,0.5128,4.4139,30.3976,10.6417
22970.0,1.3164,5.1699,0.4739,4.7515,30.5445,10.6392
22975.0,1.3273,4.9451,0.477,6.5815,30.6133,10.5242
22980.0,1.3223,5.2362,0.4872,4.5288,30.4169,10.6342
22985.0,1.3187,5.4096,0.4758,4.1927,30.7646,10.875
22990.0,1.3258,5.3173,0.4772,3.9791,30.9938,10.6096
22995.0,1.3275,5.1566,0.4742,4.192,30.4923,10.5438
23000.0,1.3364,4.4825,0.4835,5.1424,30.5582,10.606
23005.0,1.3295,5.4995,0.4937,4.0365,30.6421,10.2312
23010.0,1.3211,5.0261,0.491,5.2915,30.4936,10.6011
23015.0,1.3307,5.0849,0.4956,3.9185,29.9678,10.5683
23020.0,1.3314,4.9472,0.4879,6.373,30.6204,10.3768
23025.0,1.3301,4.6388,0.4793,5.995,30.7253,10.4617
23030.0,1.3354,5.0067,0.4898,4.1775,30.2679,10.4976
23035.0,1.3322,5.4564,0.4842,5.6384,30.1085,10.605
23040.0,1.3355,5.4321,0.4987,3.4837,30.7302,10.5587
23045.0,1.3348,5.6364,0.5081,4.7103,30.2422,10.3888
23050.0,1.3241,4.5782,0.492,4.5645,30.162,10.6692
23055.0,1.3259,5.3529,0.4782,3.7357,30.1155,10.4844
23060.0,1.3369,4.5154,0.487,6.565,30.5937,10.5158
23065.0,1.3262,5.021,0.5091,5.3558,30.7745,10.7209
23070.0,1.3334,5.172,0.4995,5.4108,30.1727,10.354
23075.0,1.3497,5.2852,0.4814,5.5937,30.6549,10.1908
23080.0,1.3378,4.5124,0.4664,4.0512,30.5094,10.2548
23085.0,1.332,4.625,0.4729,5.9746,30.6311,10.297
23090.0,1.3202,5.4084,0.497,5.6943,30.7614,10.2133
23095.0,1.3227,4.8793,0.4817,4.8561,30.6081,10.4934
23100.0,1.3447,5.1683,0.4825,6.2972,30.2926,10.2611
23105.0,1.3361,4.9587,0.4857,4.2637,30.6634,10.3406
23110.0,1.3243,5.2654,0.4817,4.9777,30.9375,10.0545
23115.0,1.3126,4.9118,0.4939,5.6457,30.3027,10.4154
23120.0,1.3334,4.9437,0.4778,5.6301,30.332,10.3113
23125.0,1.3439,5.3618,0.473,4.8914,30.8525,10.3798
23130.0,1.3211,4.8809,0.5043,6.3189,30.3949,10.4475
23135.0,1.3307,5.3169,0.4841,5.7528,30.6227,10.2541
23140.0,1.3316,5.3785,0.4904,2.2059,30.776,10.2667
23145.0,1.3401,4.5025,0.4902,5.9753,30.8827,10.127
23150.0,1.3233,5.0926,0.4904,6.8352,31.2446,10.1718
23155.0,1.3404,5.2088,0.5081,5.0566,30.5223,9.9381
23160.0,1.3378,5.0732,0.4912,3.9261,30.8892,9.9851
23165.0,1.3293,5.4797,0.4677,4.7722,30.3609,10.3062
23170.0,1.3314,5.6407,0.4779,6.0239,31.0668,9.9782
23175.0,1.3297,5.0386,0.4587,5.0945,31.0071,10.2577
23180.0,1.3337,5.2089,0.4987,4.8918,30.8667,10.219
23185.0,1.324,5.4736,0.4801,4.1088,30.3547,10.1546
23190.0,1.3298,5.0313,0.4901,4.7878,30.686,10.0447
23195.0,1.3363,5.1865,0.5061,5.909,30.4056,10.0467
23200.0,1.3405,5.3745,0.4997,5.238,30.7348,9.7102
23205.0,1.3392,5.3998,0.4906,4.6304,30.6693,9.8312
23210.0,1.327,5.923,0.4789,5.4507,30.5631,10.0942
23215.0,1.3306,5.013,0.4751,5.2315,31.0742,9.9725
23220.0,1.3428,5.3885,0.4918,6.7733,30.506,9.8572
23225.0,1.3421,5.0953,0.4779,5.5104,30.4556,9.8131
23230.0,1.3263,5.0942,0.4897,6.9138,30.8468,9.7431
23235.0,1.326,5.621,0.4713,6.2917,30.4768,9.9828
23240.0,1.3498,4.7747,0.4865,3.7602,30.4612,9.6783
23245.0,1.3443,4.7762,0.497,5.4404,30.798,9.9531
23250.0,1.3402,5.1762,0.4838,4.5552,30.9535,9.752
23255.0,1.334,5.2021,0.4878,4.8718,31.0878,9.8111
23260.0,1.3214,5.5317,0.482,3.2566,30.7478,10.0034
23265.0,1.3326,5.0265,0.4813,4.3056,30.9344,9.7105
23270.0,1.3256,4.6538,0.4679,3.8306,30.7149,9.7029
23275.0,1.3435,4.6088,0.4934,3.9149,30.4825,9.7822
23280.0,1.3217,4.9759,0.4888,4.5858,30.7057,9.7765
23285.0,1.3394,5.2053,0.4704,5.0147,30.53,9.6961
23290.0,1.3385,5.767,0.4879,4.0258,30.9211,9.6357
23295.0,1.3494,5.1955,0.4811,4.6001,30.452,9.5555
23300.0,1.3439,5.3531,0.4831,6.7966,30.839,9.5366
23305.0,1.3414,4.9464,0.4759,3.1314,31.2483,9.5054
23310.0,1.3468,5.1425,0.4824,5.0685,30.7611,9.4587
23315.0,1.3459,4.9983,0.4843,4.5505,30.9574,9.4658
23320.0,1.3352,5.1561,0.5052,4.8419,30.7207,9.4891
23325.0,1.3469,5.5662,0.4879,6.2578,30.6501,9.2315
23330.0,1.3399,5.4907,0.477,5.4566,30.9416,9.3073
23335.0,1.3487,5.3838,0.4668,4.7613,30.8489,9.4595
23340.0,1.3605,5.3969,0.4963,4.0893,30.7274,9.2174
23345.0,1.352,5.5872,0.4818,4.4994,30.7069,9.2321
23350.0,1.3486,4.8808,0.4688,4.3977,30.6191,9.3442
23355.0,1.3508,5.2387,0.4732,5.0043,31.2148,9.5122
23360.0,1.3599,5.0814,0.4874,6.1853,30.7537,9.4066
23365.0,1.3489,5.4785,0.4977,4.6857,30.9156,9.3561
23370.0,1.3621,5.2048,0.4904,5.9302,31.1491,8.98
23375.0,1.3629,5.8169,0.4627,6.0599,30.7729,9.0761
23380.0,1.3425,5.5962,0.4831,5.4917,30.4185,9.3619
23385.0,1.3502,5.5894,0.4952,4.0634,30.3339,9.0987
23390.0,1.3668,5.8184,0.4864,5.9951,31.2749,9.3008
23395.0,1.3403,5.9674,0.4911,5.7207,30.4031,9.2943
23400.0,1.3577,5.7385,0.5095,4.8606,30.4197,9.047
23405.0,1.3588,5.2087,0.4842,4.5074,30.8306,9.0913
23410.0,1.3488,5.5614,0.495,6.2489,30.7949,9.1304
23415.0,1.3694,5.6542,0.4755,5.7649,30.3982,8.9521
23420.0,1.374,5.843,0.488,5.9548,30.6637,8.9505
23425.0,1.3943,6.0528,0.4769,5.5462,31.2462,8.7525
23430.0,1.3731,5.7442,0.4957,5.1089,30.5503,9.0425
23435.0,1.37,6.1389,0.49,4.4143,30.3294,8.9741
23440.0,1.3841,5.4835,0.483,4.252,30.447,8.8176
23445.0,1.3762,6.2256,0.4639,4.6502,30.7057,8.8698
23450.0,1.3645,5.4015,0.5085,6.3662,30.5361,9.0567
23455.0,1.3607,5.3729,0.5025,5.0987,30.9339,8.9189
23460.0,1.3682,4.9443,0.4716,3.1202,31.008,9.0188
23465.0,1.3756,5.0956,0.4829,5.2508,30.8598,8.9158
23470.0,1.3893,5.5293,0.4869,4.8829,30.9879,8.7541
23475.0,1.3688,5.9854,0.4706,5.5988,30.6211,9.0048
23480.0,1.4066,6.45,0.4799,4.0737,30.6356,8.6497
23485.0,1.3922,6.3902,0.4781,5.132,30.5817,8.6284
23490.0,1.3729,5.5371,0.4716,4.9628,30.8316,8.9188
23495.0,1.3946,5.6498,0.4969,6.225,30.3028,8.7663
23500.0,1.3925,5.9424,0.4666,5.6506,30.6911,8.6509
23505.0,1.4013,6.4812,0.4929,4.7803,30.8475,8.5434
23510.0,1.3877,6.1147,0.483,5.3502,30.9704,8.5756
23515.0,1.4043,6.4021,0.5018,6.1562,30.8613,8.4633
23520.0,1.4306,6.3562,0.491,4.3354,30.5433,8.4119
23525.0,1.4036,6.3,0.484,5.2064,30.6399,8.4879
23530.0,1.4048,6.7827,0.4856,6.3252,30.6336,8.4416
23535.0,1.5057,7.5629,0.4936,5.9208,30.247,8.0537
23540.0,1.45,7.618,0.5002,5.5502,30.5132,8.1773
23545.0,1.4186,5.7384,0.4619,5.2159,30.8547,8.526
23550.0,1.4056,7.3696,0.4921,4.154,30.5823,8.471
23555.0,1.4381,7.2267,0.4924,5.403,30.2728,8.3327
23560.0,1.4143,6.6754,0.4917,4.4436,30.8076,8.3688
23565.0,1.4407,6.4525,0.482,4.762,31.0102,8.3017
23570.0,1.4543,7.1239,0.5019,6.8847,30.1185,8.2787
23575.0,1.4833,7.6048,0.5038,6.6874,30.5374,8.0774
23580.0,1.4833,7.4213,0.4961,6.5265,30.4268,8.0101
23585.0,1.4199,6.7522,0.4961,6.0332,30.4628,8.3256
23590.0,1.4733,7.1773,0.4759,5.9267,30.3404,8.1034
23595.0,1.4829,7.6458,0.4976,7.2303,30.7037,8.0318
23600.0,1.5036,7.7585,0.5045,8.1228,30.5233,8.0211
23605.0,1.4723,8.5196,0.4951,7.5233,30.9715,8.0518
23610.0,1.5257,8.028,0.4882,8.4565,30.2083,7.9815
23615.0,1.4566,7.3301,0.494,5.4778,30.9508,8.1056
23620.0,1.4752,7.6114,0.4993,6.8036,30.7166,8.1518
23625.0,1.5422,8.6835,0.4972,6.8107,30.5989,7.8184
23630.0,1.4284,6.5473,0.4796,5.5719,30.3773,8.3034
23635.0,1.5135,8.5834,0.4832,6.2168,30.5397,7.8957
23640.0,1.548,8.5957,0.5084,8.84,30.8777,7.7775
23645.0,1.5203,8.3599,0.4917,7.2267,30.2736,7.9445
23650.0,1.6817,11.1141,0.4949,10.4329,30.7101,7.401
23655.0,1.582,9.4192,0.4935,7.7889,30.4117,7.7728
23660.0,1.7197,11.6194,0.5071,12.3393,30.4009,7.4117
23665.0,1.5429,8.6434,0.5037,6.4817,30.6307,7.7326
23670.0,1.5601,8.5777,0.4968,7.6863,30.5947,7.8296
23675.0,1.6329,10.7762,0.4855,8.586,30.5039,7.4901
23680.0,1.7326,12.4927,0.4995,10.532,30.6598,7.4068
23685.0,1.6177,10.3328,0.4976,9.1104,31.1314,7.6018
23690.0,1.7231,12.9916,0.5231,11.9426,30.6424,7.4271
23695.0,1.5411,8.4906,0.4925,7.0113,30.2345,7.8089
23700.0,1.6348,10.3573,0.4926,8.6305,30.2372,7.6102
23705.0,1.5262,8.3253,0.5039,7.2494,30.4588,7.8755
23710.0,1.5815,9.0257,0.4948,8.0077,30.9196,7.6756
23715.0,1.6056,9.7082,0.504,8.8425,31.0903,7.5522
23720.0,1.7078,11.6087,0.507,10.1993,30.8757,7.4818
23725.0,1.7173,11.6975,0.4888,11.9545,30.1384,7.438
23730.0,1.7948,13.4396,0.5145,13.3463,30.3024,7.2735
23735.0,1.755,12.7524,0.5197,13.2818,30.3299,7.2918
23740.0,1.9051,15.4165,0.5159,16.3152,30.2837,7.0734
23745.0,1.7157,11.7115,0.5131,12.0372,29.993,7.4842
23750.0,1.7838,13.3249,0.4953,11.305,30.6084,7.393
23755.0,1.9192,15.4322,0.5279,17.4944,30.2301,7.1443
23760.0,1.7662,12.7551,0.4975,12.7034,30.8143,7.2527
23765.0,1.8179,13.8497,0.5175,14.6082,30.5807,7.2099
23770.0,2.1403,20.0176,0.5509,22.9588,30.6153,6.8158
23775.0,1.7753,12.8347,0.5027,13.4317,30.0051,7.3293
23780.0,1.7216,12.3276,0.518,10.8967,30.2809,7.363
23785.0,1.7781,13.1355,0.5066,12.3409,30.0248,7.3531
23790.0,1.94,16.2388,0.5281,18.2118,30.17,7.1393
23795.0,1.9373,15.881,0.5368,18.0295,30.5367,7.1211
23800.0,1.8268,13.7313,0.5191,14.8487,30.4229,7.3048
23805.0,1.9781,16.516,0.5264,18.4314,30.2163,7.0855
23810.0,1.9623,16.069,0.5255,17.4979,30.673,7.0725
23815.0,1.8876,15.1705,0.508,14.1939,30.5103,7.1647
23820.0,1.9511,15.9353,0.5042,17.4812,30.0867,7.0663
23825.0,1.83,13.8584,0.5151,13.8776,30.4007,7.283
23830.0,2.1412,19.4685,0.543,24.5728,30.3299,6.931
23835.0,1.8409,14.2852,0.5188,14.1294,30.1492,7.2568
23840.0,2.1221,19.0194,0.5298,21.8264,30.1767,6.9678
23845.0,2.0415,18.0254,0.5337,19.1669,30.5228,6.9657
23850.0,2.0251,17.8639,0.5438,20.9631,30.3566,6.9789
23855.0,2.2877,22.6081,0.5924,30.035,30.0118,6.7792
23860.0,1.9141,15.5524,0.5298,16.4637,30.4641,7.0476
23865.0,1.9945,17.1416,0.5293,19.3361,30.0058,7.0828
23870.0,2.2658,21.8762,0.5579,27.7035,30.2518,6.7045
23875.0,2.3889,23.4018,0.5793,32.8439,30.4083,6.7077
23880.0,2.4356,25.1306,0.597,35.7291,30.2768,6.7329
23885.0,2.3485,23.6624,0.5948,32.8157,30.5672,6.8232
23890.0,2.3531,23.0608,0.5971,31.4886,30.6978,6.9613
23895.0,2.3543,23.6691,0.5802,31.7352,30.0306,6.8713
23900.0,2.4833,25.0689,0.6073,37.6511,30.5213,6.7778
23905.0,2.5456,26.7724,0.6427,39.613,30.4715,6.754
23910.0,2.4077,23.436,0.6114,33.5903,30.5234,6.8598
23915.0,2.4197,24.6536,0.586,34.4058,30.2015,6.8771
23920.0,2.8593,32.1784,0.7006,54.2636,29.8737,6.6253
23925.0,2.5231,26.1258,0.6184,38.113,29.8686,6.9204
23930.0,2.7857,30.6969,0.6705,50.7593,30.3211,6.7014
23935.0,2.791,30.5992,0.6613,50.5247,30.3969,6.7419
23940.0,3.0129,34.5152,0.7217,60.7668,30.4759,6.6179
23945.0,3.2686,38.76,0.7906,72.7711,30.3389,6.4822
23950.0,3.1699,38.4842,0.7641,70.4434,29.97,6.4975
23955.0,3.2191,38.1841,0.7715,70.0694,30.3921,6.5579
23960.0,3.1819,37.0303,0.7726,69.0569,29.6694,6.6575
23965.0,3.1306,37.04,0.7496,67.1464,30.1908,6.7796
23970.0,3.2561,39.1126,0.8006,74.3259,29.7275,6.7231
23975.0,3.1685,37.787,0.7717,69.4321,29.71,6.7487
23980.0,3.1641,37.6554,0.7618,69.1101,29.7443,6.7802
23985.0,3.3774,41.1612,0.8404,80.0272,29.6691,6.5772
23990.0,3.4024,42.0258,0.8582,82.7069,30.2374,6.6449
23995.0,3.4828,43.7473,0.8663,87.2314,29.668,6.5547
24000.0,3.572,44.8049,0.9004,91.1833,30.2547,6.4609
24005.0,3.5971,44.9165,0.939,93.4786,30.3779,6.5642
24010.0,3.415,41.3568,0.8533,80.6679,29.7365,6.7505
24015.0,3.5254,44.3131,0.9063,89.0276,30.0836,6.5926
24020.0,3.4321,41.8707,0.857,83.0053,29.7528,6.5605
24025.0,3.555,43.7186,0.9071,90.9902,29.8052,6.5566
24030.0,3.4942,42.571,0.8799,85.9174,29.6617,6.5673
24035.0,3.5274,43.482,0.8761,89.0467,29.883,6.648
24040.0,3.556,43.606,0.9026,88.7598,30.0602,6.5145
24045.0,3.4591,42.6232,0.8695,85.2986,30.0823,6.7175
24050.0,3.4444,42.4741,0.8638,83.1291,29.6275,6.6044
24055.0,3.5497,44.0656,0.9263,90.1599,29.6522,6.5151
24060.0,3.4994,43.4712,0.891,88.6228,30.2203,6.5412
24065.0,3.5782,44.7195,0.9096,91.601,29.5586,6.4193
24070.0,3.4757,42.7166,0.8861,86.5057,30.3693,6.6291
24075.0,3.533,43.5473,0.8831,90.2397,29.6828,6.6001
24080.0,3.5287,43.7065,0.8987,88.5198,29.9401,6.5475
24085.0,3.3782,40.402,0.8402,78.7465,29.9615,6.7853
24090.0,3.5694,44.6628,0.9016,92.1906,29.7431,6.4418
24095.0,3.5443,44.2381,0.9174,89.8648,29.9241,6.5102
24100.0,3.3372,40.6543,0.8204,77.2845,29.7768,6.8666
24105.0,3.5783,44.1267,0.9096,90.5933,29.6519,6.4745
24110.0,3.5166,43.4062,0.8925,87.2146,29.7223,6.521
24115.0,3.5526,44.0531,0.9258,91.2174,29.6827,6.4976
24120.0,3.5386,43.8647,0.8841,88.8304,30.2501,6.5328
24125.0,3.3259,40.1246,0.8349,78.3164,29.7532,6.8159
24130.0,3.4302,42.1292,0.8543,83.156,29.6029,6.6756
24135.0,3.566,44.4103,0.9148,91.5648,29.4286,6.4518
24140.0,3.3929,40.8344,0.8149,80.4922,29.7908,6.776
24145.0,3.2705,39.464,0.8053,74.0976,29.6814,6.8858
24150.0,3.5692,44.8023,0.9107,91.8586,29.0837,6.479
24155.0,3.4064,41.672,0.851,83.2184,29.8,6.6639
24160.0,3.5124,43.0627,0.9002,89.1764,29.8388,6.6067
24165.0,3.4246,42.0295,0.88,82.75,29.8346,6.7536
24170.0,3.5478,44.1617,0.8907,90.0418,30.1606,6.5282
24175.0,3.075,36.1577,0.7359,64.3426,29.6746,7.0298
24180.0,3.3342,40.3345,0.8429,77.214,29.4039,6.8155
24185.0,3.4455,42.3108,0.8668,82.5417,29.9401,6.632
24190.0,3.3118,39.6684,0.8439,77.7727,29.8534,6.7909
24195.0,3.3616,40.8813,0.8548,80.7791,29.6097,6.778
24200.0,3.1302,36.967,0.7512,68.1843,29.7713,7.1436
24205.0,3.3179,40.0546,0.8231,77.3062,29.529,6.8249
24210.0,3.4231,42.1162,0.8547,81.8173,30.0125,6.6582
24215.0,3.4961,42.9925,0.89,88.0815,29.8635,6.6272
24220.0,3.4282,41.6338,0.8437,82.2468,29.5194,6.6679
24225.0,3.4699,43.289,0.8669,84.8933,29.3736,6.5975
24230.0,3.472,42.1729,0.8842,85.6853,29.606,6.6337
24235.0,3.3763,40.581,0.8562,80.0758,29.0967,6.7329
24240.0,3.5544,44.423,0.9312,91.2821,29.5726,6.5299
24245.0,3.378,41.3446,0.8301,81.0575,29.6471,6.7837
24250.0,3.5226,43.6157,0.9041,89.0725,29.2024,6.5224
24255.0,3.1296,36.7826,0.7752,67.1354,29.6226,7.0639
24260.0,3.4703,42.5203,0.8681,85.7449,29.2898,6.6357
24265.0,3.5508,44.2638,0.8892,89.8959,29.927,6.5646
24270.0,3.4966,42.9436,0.9028,87.5215,29.9477,6.5857
24275.0,3.3278,40.2982,0.7963,76.1316,29.1514,6.771
24280.0,3.1017,37.0566,0.7563,66.0245,28.9774,7.0944
24285.0,3.4092,41.3873,0.879,82.6683,29.8042,6.748
24290.0,3.4723,42.39,0.864,86.1826,29.7401,6.7127
24295.0,3.1924,38.3693,0.7866,70.9917,29.571,6.9451
24300.0,3.3273,39.7998,0.8291,78.9625,29.3079,6.8367
24305.0,3.1773,37.2787,0.7717,70.313,29.6423,6.9938
24310.0,3.3772,41.1696,0.8363,82.2808,28.9262,6.791
24315.0,3.4501,42.4601,0.8884,85.7798,29.4651,6.672
24320.0,3.2226,38.7824,0.8051,70.5899,29.0696,6.9033
24325.0,3.4194,41.6043,0.851,82.3602,29.1951,6.6686
24330.0,3.3619,40.9693,0.8266,78.5937,29.6171,6.7701
24335.0,3.3869,41.3414,0.8591,82.2758,29.6467,6.7778
24340.0,3.3017,40.0559,0.8263,76.3647,29.1732,6.8779
24345.0,3.2905,38.9311,0.8071,75.3833,29.2272,6.8564
24350.0,3.043,35.0486,0.7385,62.3932,29.1654,7.1078
24355.0,3.028,34.6753,0.7364,61.7754,28.9748,7.0914
24360.0,3.348,40.2015,0.8585,79.0396,29.5394,6.8429
24365.0,3.1276,36.9241,0.7527,68.1055,28.8992,7.0915
24370.0,3.1053,36.6109,0.7587,66.9527,28.9085,7.0821
24375.0,3.1755,37.3105,0.7723,68.9689,29.3232,7.0023
24380.0,3.4514,42.6092,0.8607,85.004,29.1912,6.7231
24385.0,2.9815,34.5639,0.7198,59.9645,28.859,7.205
24390.0,3.3989,41.0604,0.866,82.2766,28.8038,6.7285
24395.0,3.2189,37.1104,0.7697,70.3749,29.0938,6.982
24400.0,3.0906,36.4765,0.7296,65.0411,28.8243,7.1157
24405.0,3.2675,39.1125,0.7843,73.516,29.1424,6.9274
24410.0,3.0551,35.4239,0.7371,63.5406,28.9682,7.0795
24415.0,3.2603,39.2692,0.7993,72.1748,28.7037,6.8158
24420.0,3.2675,39.2959,0.8167,75.6839,28.9223,6.9159
24425.0,3.3218,40.1586,0.8297,77.5007,29.3103,6.7696
24430.0,3.2576,39.7225,0.7844,73.0059,28.6658,6.9239
24435.0,3.1703,37.5782,0.7885,69.864,28.7581,6.986
24440.0,3.4156,41.6537,0.838,81.8371,28.784,6.7058
24445.0,3.3844,40.7031,0.8334,80.9959,28.9675,6.7067
24450.0,3.0719,35.942,0.7339,63.6741,28.5013,7.1153
24455.0,3.2907,39.1972,0.7871,74.8774,28.5911,6.9163
24460.0,3.3379,40.2332,0.8068,77.8308,28.7711,6.7567
24465.0,3.4061,41.7025,0.8517,82.9592,29.1278,6.662
24470.0,3.0823,36.1974,0.7429,64.827,28.8543,7.0946
24475.0,3.417,41.8082,0.8301,82.1964,29.0064,6.7584
24480.0,3.0827,36.4711,0.7415,65.7975,28.9091,7.0497
24485.0,3.0737,36.2522,0.7719,65.1774,28.452,6.9887
24490.0,3.2879,39.3863,0.799,75.4206,28.2325,6.8073
24495.0,2.8752,32.2205,0.693,54.1122,28.3536,7.2982
24500.0,2.972,34.2162,0.72,60.3118,28.9084,7.2109
24505.0,3.0843,36.6941,0.7611,66.4082,28.8908,7.0354
24510.0,2.582,27.7868,0.6336,39.1159,28.5716,7.4594
24515.0,3.0753,35.7901,0.7291,62.7927,29.2452,7.054
24520.0,3.0204,34.3763,0.7498,63.1147,29.154,6.994
24525.0,3.1654,37.902,0.7772,69.2875,28.3788,6.903
24530.0,2.5542,26.9012,0.6294,40.7224,28.6988,7.3966
24535.0,3.1323,36.7526,0.7662,68.2728,28.9661,6.8848
24540.0,3.0485,35.3152,0.739,62.2738,28.9463,6.9459
24545.0,2.9357,33.556,0.7035,57.6387,28.6327,7.1239
24550.0,3.0687,36.3532,0.7499,64.6215,28.5681,6.9926
24555.0,3.1652,37.2138,0.7947,69.5722,28.8149,6.7562
24560.0,3.0892,36.4352,0.7602,64.5437,28.6116,6.9319
24565.0,3.1636,37.1363,0.7732,70.4686,29.0654,6.9318
24570.0,2.8811,32.3183,0.6969,54.8481,28.8997,7.1737
24575.0,3.1318,36.6423,0.7719,66.5097,28.8443,6.8913
24580.0,2.9144,33.171,0.6901,54.6188,28.5459,7.1516
24585.0,3.1266,36.8513,0.772,66.8897,28.6206,6.9341
24590.0,3.1729,37.6956,0.7733,69.8753,27.951,6.9578
24595.0,3.1616,37.0234,0.7813,68.7378,28.6306,6.9354
24600.0,3.2972,39.2699,0.8131,75.6798,28.7155,6.7055
24605.0,3.0125,34.6204,0.7268,61.3412,28.251,7.0346
24610.0,2.8521,32.0316,0.6906,54.4152,28.1418,7.2255
24615.0,2.9061,32.6906,0.7107,56.9578,28.1287,7.2068
24620.0,3.184,37.9807,0.7833,70.9969,28.7138,6.8187
24625.0,3.419,41.6888,0.8529,82.3877,28.7918,6.5865
24630.0,3.0738,35.9698,0.7634,64.3108,28.0779,6.982
24635.0,2.9263,33.2235,0.6946,57.7319,28.4632,7.1634
24640.0,3.1139,36.2306,0.7711,68.974,28.1499,6.9861
24645.0,3.0119,34.177,0.7282,60.9542,28.549,7.0731
24650.0,3.1435,36.7661,0.7508,67.2584,28.185,6.9886
24655.0,2.9455,33.0336,0.7026,56.4028,28.1927,7.1303
24660.0,2.946,33.6063,0.7024,57.738,28.4125,7.0897
24665.0,3.2434,39.053,0.8062,72.8822,28.9887,6.8563
24670.0,2.835,31.314,0.6907,53.2866,28.1974,7.2492
24675.0,3.0929,36.5121,0.7511,64.7501,28.2621,6.9619
24680.0,2.9409,33.0511,0.7069,57.0882,28.285,7.105
24685.0,2.8781,32.1221,0.7069,53.9524,28.6172,7.1291
24690.0,2.6901,28.7848,0.6364,45.0016,28.381,7.2838
24695.0,2.9776,34.5378,0.7146,59.6679,28.257,6.9154
24700.0,2.9495,33.3707,0.7055,56.6688,28.184,7.1674
24705.0,3.1274,36.734,0.7509,65.5175,27.9892,6.8529
24710.0,3.0137,34.4354,0.7467,60.7742,27.9106,7.0016
24715.0,3.0149,34.6243,0.7458,61.2311,28.5596,6.998
24720.0,2.9383,32.9936,0.7122,57.3802,28.1549,7.1152
24725.0,3.1449,37.267,0.7562,68.2525,28.2934,6.8802
24730.0,3.1067,36.6139,0.7455,65.4807,27.9712,6.8731
24735.0,3.1201,36.5652,0.7676,66.7916,28.1346,6.8292
24740.0,2.9339,32.5988,0.7176,58.4631,28.4741,7.1775
24745.0,2.7038,29.1566,0.6433,46.6892,28.4856,7.376
24750.0,2.964,33.8625,0.7187,58.7216,28.3439,6.9931
24755.0,2.9321,34.0579,0.6936,57.7457,27.8889,7.1258
24760.0,2.9388,33.3565,0.7178,58.046,27.7685,7.0132
24765.0,2.9239,32.3705,0.7018,54.7602,28.1142,7.1166
24770.0,3.2271,38.5223,0.7892,73.2597,28.1586,6.7647
24775.0,2.9642,33.4952,0.7073,57.7896,28.4381,7.0018
24780.0,2.9366,33.7525,0.7312,58.3768,28.0344,7.0247
24785.0,2.8143,31.3676,0.6796,52.6697,28.2562,7.1541
24790.0,2.7606,30.4954,0.6595,49.8459,28.1031,7.1361
24795.0,2.9136,33.2267,0.7048,57.0008,27.7118,7.0357
24800.0,2.9923,34.1075,0.71,59.0553,28.2076,6.9645
24805.0,3.1497,37.1252,0.7641,68.1637,27.8995,6.7773
24810.0,3.0155,35.3927,0.7483,61.9871,28.1246,6.9055
24815.0,3.0635,35.9297,0.746,63.2594,27.732,6.9785
24820.0,3.1491,37.4378,0.7658,67.9431,28.2724,6.8101
24825.0,3.1834,37.3574,0.8027,71.0095,27.8721,6.8565
24830.0,3.0208,34.713,0.742,62.4181,27.8422,6.9533
24835.0,3.0792,35.9543,0.7609,65.6124,28.4861,6.912
24840.0,2.7673,30.4243,0.6707,50.8841,28.2982,7.3071
24845.0,2.6551,28.2546,0.6381,44.2017,28.1798,7.2938
24850.0,2.9221,33.0679,0.7091,57.1535,27.9335,7.0749
24855.0,3.0988,35.8836,0.7575,66.1959,27.5646,6.8822
24860.0,3.0332,34.9987,0.7416,63.8317,27.6642,6.8978
24865.0,2.799,30.2755,0.6915,51.3811,27.939,7.1955
24870.0,2.7977,30.2978,0.6844,50.0245,27.4165,7.1591
24875.0,2.8615,33.193,0.6801,52.5275,27.8409,7.1169
24880.0,2.8901,33.0676,0.6948,56.1834,27.9543,7.0274
24885.0,2.9118,33.6379,0.6777,56.2988,27.7893,6.9827
24890.0,3.0307,34.6613,0.7215,61.3218,28.0255,6.9015
24895.0,2.9732,34.0111,0.7153,60.3127,27.3811,7.0176
24900.0,2.9704,33.4801,0.6989,59.4086,28.1576,6.9258
24905.0,2.7131,30.2039,0.6574,45.5238,27.8983,7.3285
24910.0,2.6422,28.5052,0.6471,44.7851,27.9419,7.2824
24915.0,2.9655,33.9785,0.7244,58.7472,27.7213,6.8999
24920.0,3.0257,34.9869,0.7462,61.6376,27.8149,6.8127
24925.0,2.8934,32.3741,0.6919,55.6184,27.4716,6.9518
24930.0,2.5635,26.9241,0.6142,39.9818,27.7499,7.3433
24935.0,2.521,25.8198,0.6175,37.8244,27.5398,7.2714
24940.0,2.8986,33.0051,0.6962,55.4205,27.9122,7.0564
24945.0,2.6599,28.505,0.6514,44.3245,27.8959,7.2312
24950.0,2.7299,29.3749,0.6516,47.8962,27.8171,7.0891
24955.0,2.5657,26.8907,0.6231,40.9055,28.3091,7.3038
24960.0,2.6951,28.4646,0.6319,46.0311,27.7796,7.0741
24965.0,2.4862,25.855,0.627,38.3894,27.765,7.1723
24970.0,2.5683,27.1152,0.6206,40.9841,27.7021,7.0329
24975.0,2.4334,25.1225,0.5831,35.5279,27.8894,7.2197
24980.0,2.587,27.1965,0.6241,42.1705,27.7934,7.0709
24985.0,2.761,29.9529,0.66,50.1969,27.5861,6.9551
24990.0,2.4661,25.0462,0.6173,37.9286,27.7796,7.2065
24995.0,2.505,26.0028,0.6082,37.0981,27.4394,7.1944
25000.0,2.436,24.9459,0.6031,35.2458,27.7283,7.2365
25005.0,2.5492,26.7295,0.6194,38.4086,27.7808,7.0332
25010.0,2.6077,27.7051,0.6406,43.8077,27.9216,6.9077
25015.0,2.5719,26.4883,0.6334,40.5743,27.4722,7.0379
25020.0,2.5892,27.3204,0.6259,40.6528,27.8687,7.0647
25025.0,2.2862,21.6412,0.5804,28.4665,27.6206,7.259
25030.0,2.4287,24.8002,0.605,35.6825,27.4078,7.1673
25035.0,2.4337,24.3907,0.6059,35.5254,27.6303,7.0714
25040.0,2.336,22.6919,0.5834,32.2386,27.9165,7.126
25045.0,2.5689,27.1852,0.6395,40.4631,27.5295,6.9269
25050.0,2.7131,29.8967,0.6608,46.809,27.298,6.9489
25055.0,2.339,23.4512,0.5833,32.8251,27.5727,7.189
25060.0,2.5385,25.8368,0.5949,39.6309,27.4907,6.9878
25065.0,2.5833,26.7457,0.6202,41.0828,27.3883,6.9447
25070.0,2.5481,26.4075,0.5906,38.9749,27.9841,6.8878
25075.0,2.4123,23.5573,0.5832,33.9537,27.8315,7.051
25080.0,2.2427,22.1667,0.575,28.3591,27.9168,7.2366
25085.0,2.2775,22.3275,0.5691,28.4317,27.2695,7.2751
25090.0,2.5985,26.7435,0.6346,40.8635,27.4199,6.8416
25095.0,2.7366,29.6387,0.6584,47.0327,27.4549,6.7493
25100.0,2.5995,27.7859,0.6357,42.4942,27.5393,6.9621
25105.0,2.5014,25.9202,0.6116,37.9462,27.9085,7.0387
25110.0,2.8238,31.3884,0.6821,52.6631,27.516,6.6406
25115.0,2.6294,27.8661,0.6633,44.4477,27.3915,6.8828
25120.0,2.6071,27.704,0.6203,42.2315,27.9452,7.041
25125.0,2.639,28.3423,0.6355,41.6658,28.0508,6.9354
25130.0,2.7033,29.2272,0.6522,47.6573,27.8065,6.8496
25135.0,2.8029,31.0762,0.6818,52.0271,27.4105,6.7419
25140.0,2.6462,28.1499,0.6525,45.3969,27.1152,6.8996
25145.0,2.5113,26.3969,0.6188,38.2451,27.3499,7.1373
25150.0,2.5012,25.3989,0.6133,37.7949,27.5364,7.1124
25155.0,2.652,28.6304,0.6543,44.1106,27.6726,6.9593
25160.0,2.6266,28.4272,0.6569,44.3917,27.32,7.0303
25165.0,2.3604,23.4135,0.564,30.6368,27.9387,7.2
25170.0,2.4846,25.0617,0.6136,37.9445,27.696,7.107
25175.0,2.6641,28.8739,0.6385,43.7326,27.6055,6.9675
25180.0,2.3568,23.3186,0.5951,31.8173,27.2006,7.1884
25185.0,2.6687,28.9384,0.6423,44.5549,27.8122,6.9725
25190.0,2.8288,31.2238,0.6933,53.001,27.4871,6.7164
25195.0,2.4933,25.5924,0.6109,36.9213,26.9643,7.0701
25200.0,2.3716,23.3119,0.6024,32.6958,27.893,7.1925
25205.0,2.7191,29.8103,0.6586,46.9193,28.0042,6.9014
25210.0,2.7549,29.8183,0.683,48.983,27.4509,6.8877
25215.0,2.8036,31.4669,0.6887,52.9346,27.2621,6.8642
25220.0,2.4318,24.1656,0.6046,35.8462,27.8204,7.2348
25225.0,2.4831,25.2577,0.6149,36.5623,27.8631,7.0601
25230.0,2.2294,21.5529,0.5611,27.2601,27.7329,7.2851
25235.0,2.178,19.5729,0.5436,25.1689,26.9473,7.2998
25240.0,2.7532,30.4847,0.6778,50.3546,27.2671,6.7766
25245.0,2.613,27.4643,0.6427,43.0544,27.2052,6.9274
25250.0,2.3349,22.7506,0.5779,29.8468,27.6338,7.0919
25255.0,2.5047,25.8478,0.6222,37.0992,27.9611,7.0598
25260.0,2.6868,28.8356,0.6374,45.2386,27.4445,6.9036
25265.0,2.439,24.2878,0.5922,34.201,27.4366,7.0995
25270.0,2.1914,20.4954,0.5579,25.8888,27.0635,7.2528
25275.0,2.1539,19.1774,0.5588,26.0863,27.2702,7.4152
25280.0,2.1715,20.0247,0.5517,25.8489,27.422,7.2159
25285.0,2.1525,19.5841,0.5615,24.3776,27.8049,7.1735
25290.0,2.1867,19.6108,0.5682,26.4851,27.4222,7.1145
25295.0,2.0406,16.8364,0.5363,20.7189,27.3908,7.2214
25300.0,2.4521,24.6529,0.6115,35.3473,27.1225,6.8471
25305.0,2.2888,22.7326,0.5768,30.3042,27.1263,7.0743
25310.0,2.0806,18.1804,0.5471,22.0652,27.5292,7.2067
25315.0,2.223,20.8753,0.5506,26.5604,27.4913,7.0122
25320.0,2.1457,19.9674,0.5555,23.8157,27.6372,7.1648
25325.0,2.0161,17.3064,0.5268,20.4875,27.086,7.4079
25330.0,1.9442,15.8233,0.5243,15.3933,27.3843,7.3027
25335.0,2.0984,18.3869,0.5493,21.209,28.0146,7.1599
25340.0,2.2307,20.8917,0.5677,27.3574,27.2507,7.0274
25345.0,2.0307,17.6668,0.5213,19.2649,27.1819,7.1123
25350.0,2.2457,21.2766,0.5853,27.6096,27.3608,6.9312
25355.0,1.9373,16.1492,0.53,16.6882,27.3412,7.2136
25360.0,1.8969,15.6993,0.5246,16.0339,27.6146,7.2936
25365.0,1.9445,16.2376,0.5282,17.7441,27.5013,7.1508
25370.0,1.8747,13.835,0.5309,16.3341,27.597,7.2505
25375.0,2.0247,17.5571,0.5204,20.0452,27.3176,7.0668
25380.0,1.8738,14.6203,0.5004,15.6811,27.2565,7.2599
25385.0,2.1865,20.2661,0.5718,24.9352,27.3392,6.9072
25390.0,2.1876,19.7061,0.5697,26.2101,27.2275,6.881
25395.0,2.2304,21.0434,0.5619,26.4293,27.5785,6.9241
25400.0,1.968,16.796,0.5234,17.5209,27.1701,7.2006
25405.0,2.3026,22.5624,0.571,30.1013,27.6184,6.7347
25410.0,2.43,24.381,0.5893,34.2046,27.5384,6.7051
25415.0,2.0205,16.8879,0.543,19.9041,27.0178,7.1196
25420.0,2.3505,23.3073,0.5931,31.9009,27.7511,6.8373
25425.0,2.2597,20.8043,0.5833,28.0737,27.4796,6.91
25430.0,2.2928,22.0284,0.5787,29.6102,27.3272,6.9047
25435.0,2.2383,20.8603,0.568,29.1553,26.8604,6.9338
25440.0,2.1065,18.6526,0.5323,21.3608,26.9807,7.0936
25445.0,2.341,22.8654,0.5699,30.7631,27.7359,6.8986
25450.0,2.2312,21.1589,0.5675,26.9739,27.3293,7.0786
25455.0,2.2385,20.8648,0.5701,26.6192,27.5424,6.9572
25460.0,2.3149,22.8554,0.5789,30.691,26.6942,6.9632
25465.0,2.2265,20.781,0.5652,26.2853,27.6906,6.9688
25470.0,2.2776,21.703,0.5795,27.4334,27.2644,7.0212
25475.0,2.4635,25.2744,0.5724,36.6074,27.2301,6.7408
25480.0,2.2736,21.4206,0.5656,28.4629,27.7983,6.9144
25485.0,2.5191,26.1147,0.6122,40.278,27.4914,6.7926
25490.0,2.2163,21.07,0.5834,26.7246,27.4675,7.0066
25495.0,2.2286,20.9373,0.5724,28.5129,27.2241,7.1055
25500.0,2.1388,19.2744,0.5669,23.3574,28.0143,7.1234
25505.0,2.1405,18.8729,0.5558,22.2602,27.3488,7.1054
25510.0,2.652,27.9361,0.6384,43.9006,27.5949,6.6747
25515.0,2.4736,25.332,0.5969,36.3306,27.5153,6.8211
25520.0,2.4405,24.7755,0.5992,36.1832,27.3687,6.8582
25525.0,2.3198,22.6099,0.5624,30.3751,27.5917,6.9908
25530.0,1.9981,16.6321,0.5311,19.0759,27.4713,7.2882
25535.0,2.2885,22.1534,0.5739,29.8457,27.5554,7.0683
25540.0,2.0215,17.5217,0.5392,19.899,27.2506,7.3506
25545.0,2.0267,17.4725,0.5558,19.3646,27.6168,7.2766
25550.0,2.1722,19.7374,0.5525,25.2987,27.567,6.9272
25555.0,2.2113,20.1029,0.5734,25.4961,27.5178,7.1188
25560.0,2.0628,17.9089,0.5225,18.4206,27.7961,7.0774
25565.0,2.0771,18.4196,0.5412,21.3235,27.6845,7.0935
25570.0,1.9782,16.4719,0.5335,17.0323,27.3609,7.2731
25575.0,2.1932,20.3066,0.5462,25.2833,27.6814,7.0042
25580.0,2.0555,17.583,0.537,20.4738,27.8365,7.0897
25585.0,2.4952,25.3123,0.6186,37.5115,27.5987,6.7539
25590.0,2.2308,21.2491,0.5697,28.5171,27.5467,6.8928
25595.0,2.5425,26.1113,0.6321,40.2693,27.4349,6.7466
25600.0,2.0238,17.3227,0.5419,19.3351,27.3506,7.1708
25605.0,2.1241,19.3215,0.553,22.4598,27.9714,7.1009
25610.0,2.2879,21.7329,0.5892,28.8484,27.6442,6.9349
25615.0,2.1897,20.1467,0.5616,25.1007,27.8501,7.0231
25620.0,2.4587,25.1725,0.6078,37.7705,27.6368,6.8142
25625.0,2.1347,19.2352,0.5426,23.5846,27.5205,7.0853
25630.0,2.3461,23.5175,0.5822,31.1611,27.4126,6.9203
25635.0,2.1204,18.7682,0.5522,22.3921,27.5274,7.1465
25640.0,2.3848,23.6345,0.5829,33.0052,27.872,6.8236
25645.0,2.3228,22.3599,0.5575,29.1345,27.74,6.9544
25650.0,2.2922,21.6193,0.5846,29.1711,27.2115,6.9921
25655.0,2.1803,19.8354,0.5606,23.9952,28.1669,7.1144
25660.0,2.2391,21.1599,0.5725,26.4038,27.5812,6.9902
25665.0,2.2443,20.89,0.5648,26.9887,27.5795,7.0305
25670.0,2.4023,23.4469,0.6005,33.3456,27.7651,6.9028
25675.0,2.1061,18.6858,0.5654,22.9676,28.0894,7.145
25680.0,2.53,26.2169,0.6231,39.4809,27.491,6.8487
25685.0,2.3575,23.064,0.5928,32.5573,27.4904,6.9805
25690.0,2.6134,27.1583,0.6349,42.1804,27.512,6.6674
25695.0,2.3787,23.5292,0.5889,31.8602,27.7913,6.9829
25700.0,2.2754,21.2534,0.5504,28.8011,27.7882,7.0762
25705.0,2.2365,20.9028,0.554,27.5316,27.7256,7.0498
25710.0,2.1579,19.7531,0.5398,24.0409,28.2646,7.1594
25715.0,2.1159,19.4707,0.5513,23.4369,27.7216,7.1973
25720.0,2.6689,28.7572,0.6426,46.0878,27.9537,6.6628
25725.0,2.1777,19.5475,0.5726,23.5206,27.4041,7.1089
25730.0,2.2309,20.9117,0.5835,26.9205,27.2412,7.0951
25735.0,2.2128,20.3445,0.5718,26.2016,27.8895,7.0313
25740.0,2.5375,26.5422,0.6233,37.8021,27.8502,6.8489
25745.0,2.3784,23.9775,0.6046,33.2539,27.4434,6.9599
25750.0,2.1902,20.5338,0.5634,25.7234,27.8959,7.2188
25755.0,2.2557,21.1801,0.5704,29.1363,27.9064,7.0464
25760.0,2.1368,19.7985,0.54,22.9136,27.838,7.2093
25765.0,1.8796,15.1092,0.5246,15.5718,27.5805,7.3991
25770.0,2.2895,21.94,0.5956,30.6885,27.8715,6.8758
25775.0,2.2704,20.6645,0.5782,28.0922,28.2285,6.9454
25780.0,2.5929,26.8332,0.6222,41.3206,28.0979,6.7172
25785.0,2.4372,24.1378,0.5941,33.4781,27.7105,6.8131
25790.0,2.3352,22.0432,0.5985,30.9492,28.0255,6.8911
25795.0,2.6596,28.3895,0.6643,44.427,28.1217,6.6678
25800.0,2.1871,20.1857,0.5627,27.7732,27.8882,7.1613
25805.0,2.4694,25.5076,0.6047,35.4537,28.0346,6.8769
25810.0,2.2167,21.1456,0.5585,25.6294,27.9371,7.1518
25815.0,2.2037,20.5853,0.5571,25.374,27.6139,7.1278
25820.0,2.3277,22.7809,0.5931,29.7782,27.9808,6.9718
25825.0,2.3999,23.7766,0.5943,33.2346,27.8367,6.8979
25830.0,2.1431,19.4087,0.5726,24.5096,27.8313,7.1037
25835.0,2.1641,20.5417,0.5433,26.4968,27.6646,7.1405
25840.0,2.2831,21.5182,0.5792,30.1592,27.98,6.9473
25845.0,2.3649,23.1,0.6088,34.8724,28.0333,6.9643
25850.0,2.1032,18.2206,0.5394,22.4591,27.9511,7.1728
25855.0,2.2149,20.5687,0.5548,25.4742,28.0048,7.0073
25860.0,2.2042,20.0382,0.5623,26.0649,27.9517,7.0826
25865.0,2.5311,26.6648,0.6248,39.1886,28.2038,6.8284
25870.0,2.1522,19.0268,0.5639,24.2361,27.5525,7.1109
25875.0,2.4833,25.3842,0.619,37.5793,28.292,6.7994
25880.0,2.1529,19.6414,0.5569,24.5364,27.9447,7.086
25885.0,2.5266,25.6272,0.6115,38.5388,27.982,6.8502
25890.0,2.2206,20.3112,0.5615,26.3057,28.3178,7.0527
25895.0,2.3107,22.2249,0.5881,30.1189,28.0518,7.0154
25900.0,2.5724,27.5385,0.625,42.1656,28.4808,6.7269
25905.0,2.5218,26.8191,0.5977,39.8873,28.2229,6.8834
25910.0,2.5481,26.2917,0.6354,38.343,28.4268,6.8436
25915.0,2.5891,27.3653,0.6343,41.37,28.2423,6.8848
25920.0,2.5961,27.2351,0.6452,41.6857,28.0301,6.9154
25925.0,2.1403,18.9887,0.5704,24.3751,28.2537,7.3459
25930.0,2.4994,26.1083,0.5959,36.7756,28.434,6.849
25935.0,2.1596,19.6828,0.5559,24.8784,28.5703,7.1698
25940.0,2.0856,17.9657,0.5299,22.0035,28.3522,7.1633
25945.0,2.1346,19.578,0.5426,23.9218,28.3523,7.2746
25950.0,2.3614,23.6813,0.5703,31.1277,28.4388,6.8826
25955.0,2.2355,21.081,0.572,26.6601,28.4463,7.1395
25960.0,2.1362,19.0028,0.5472,24.0266,28.5576,7.0977
25965.0,2.5244,25.3809,0.615,38.3391,27.7453,6.7713
25970.0,2.3375,23.1213,0.5777,30.9282,28.0208,6.9716
25975.0,2.2546,21.8239,0.5613,28.0883,28.4367,7.0248
25980.0,2.5655,26.5152,0.616,40.4496,28.4723,6.8232
25985.0,2.3741,23.5324,0.5761,31.7333,27.7785,7.0257
25990.0,2.3835,23.4636,0.608,33.8025,28.1227,6.9302
25995.0,2.0327,17.7409,0.5477,21.1515,27.8133,7.2947
26000.0,2.2914,22.0718,0.5806,29.396,28.0482,7.1451
26005.0,2.3614,23.6378,0.5827,33.1317,28.3564,6.8541
26010.0,2.152,19.2676,0.5343,24.2539,28.1223,7.1483
26015.0,2.3622,23.3255,0.5969,33.2478,28.1849,7.009
26020.0,2.3812,23.5806,0.5785,32.5802,28.1653,6.9764
26025.0,2.366,23.3468,0.5757,32.251,28.377,6.9123
26030.0,2.2038,19.9788,0.5619,26.1078,28.652,7.1735
26035.0,1.9893,16.4412,0.5288,18.5994,28.1682,7.3303
26040.0,2.1261,18.9581,0.5519,23.7794,28.4572,7.0824
26045.0,2.1524,20.3455,0.5592,25.2258,28.4507,7.0719
26050.0,2.1855,20.461,0.5673,24.9224,28.364,7.0691
26055.0,2.0528,17.5038,0.5149,19.9886,28.5249,7.1268
26060.0,2.1007,19.1923,0.5693,21.6233,28.3351,7.0378
26065.0,2.0392,17.7465,0.5551,21.7877,28.7771,7.2525
26070.0,2.0856,17.967,0.5436,21.3126,28.2052,7.0079
26075.0,2.1376,19.6538,0.5518,23.3917,29.0454,7.0267
26080.0,2.0209,17.5561,0.5298,19.6639,28.3758,7.0877
26085.0,2.0669,17.1862,0.5478,21.8896,28.758,7.0644
26090.0,1.9506,15.7055,0.5504,17.7001,28.8235,7.2175
26095.0,2.1602,19.7363,0.5437,25.0358,28.8954,6.909
26100.0,2.0423,17.8641,0.54,21.1116,28.7103,7.114
26105.0,1.9359,15.7843,0.5449,17.8932,28.3309,7.2258
26110.0,2.0963,18.0998,0.5502,23.2241,27.7581,7.0702
26115.0,2.2443,21.1533,0.5772,27.4099,28.2243,6.8056
26120.0,1.9303,15.5077,0.5407,18.0242,28.8372,7.1635
26125.0,2.3719,23.6461,0.5779,30.4672,28.582,6.7175
26130.0,1.8913,15.0247,0.5419,15.9985,28.2492,7.2181
26135.0,2.1497,19.639,0.5629,22.9763,28.17,6.9121
26140.0,2.4928,25.757,0.6101,37.596,28.33,6.6302
26145.0,2.2629,21.6719,0.5739,27.8717,28.7003,6.9393
26150.0,2.2677,21.7831,0.5521,28.5297,28.5039,6.9294
26155.0,2.2113,20.4036,0.5512,26.4633,28.8949,6.9332
26160.0,2.1228,19.0384,0.5572,23.2932,28.5612,7.0542
26165.0,2.3733,23.7553,0.6157,33.6232,28.4376,6.8448
26170.0,2.4401,25.1176,0.5872,34.3215,28.6197,6.7637
26175.0,2.2239,21.0978,0.5627,27.02,28.2985,6.991
26180.0,2.2123,20.4738,0.5485,25.022,28.9764,6.9347
26185.0,2.3649,22.8441,0.6014,32.6584,28.2724,6.8084
26190.0,2.592,27.2335,0.5959,40.1693,28.8142,6.704
26195.0,2.3592,23.42,0.6077,32.6432,28.2102,6.9556
26200.0,2.5012,25.6612,0.5977,37.6279,28.5997,6.8478
26205.0,2.9518,33.6529,0.7349,58.938,28.8267,6.5133
26210.0,2.2924,22.388,0.5824,30.0418,28.6515,6.993
26215.0,2.609,27.4407,0.6219,42.9286,28.583,6.7401
26220.0,2.3551,22.3811,0.6006,32.7311,28.7065,7.0093
26225.0,2.8108,31.2172,0.6992,53.1316,28.4584,6.6472
26230.0,2.9323,32.8764,0.7163,55.4267,28.4099,6.7014
26235.0,2.4286,24.6946,0.6034,34.15,28.885,6.9344
26240.0,3.0219,35.8612,0.7579,62.2401,29.4004,6.6635
26245.0,2.7698,30.3418,0.6687,48.9282,28.9952,6.8466
26250.0,2.4669,25.5271,0.6094,35.7144,28.8838,7.1065
26255.0,2.9485,33.0328,0.7182,57.561,28.8412,6.7968
26260.0,3.0521,35.1287,0.7097,61.2242,28.8133,6.6172
26265.0,2.5651,26.7385,0.6026,40.1995,29.1184,7.051
26270.0,2.8005,31.0668,0.6611,50.8612,28.9395,6.8276
26275.0,2.8687,31.7161,0.6944,54.8409,28.9837,6.8966
26280.0,2.5978,27.3602,0.62,42.4214,28.4953,7.1514
26285.0,2.5629,27.0602,0.6317,41.6816,28.971,7.0495
26290.0,2.9747,34.494,0.7389,59.302,28.8732,6.6941
26295.0,2.3956,23.99,0.6002,34.7853,29.0764,7.2909
26300.0,2.7809,30.9076,0.6723,50.5223,28.9172,6.9573
26305.0,2.842,31.8677,0.6884,52.4251,28.8226,6.7429
26310.0,2.8458,32.0145,0.6838,53.9204,28.7645,6.8652
26315.0,2.7762,30.3328,0.6707,48.8268,29.2248,7.0024
26320.0,2.7428,30.393,0.665,47.869,28.8845,6.9965
26325.0,2.7132,29.4034,0.6638,46.1069,28.7319,7.0405
26330.0,2.4855,25.7736,0.6159,36.7997,28.8845,7.2366
26335.0,2.3735,23.2372,0.568,32.9578,28.458,7.3424
26340.0,2.4383,24.174,0.6051,33.7268,28.6462,7.2002
26345.0,2.8046,30.8329,0.6891,50.5517,28.5311,6.8121
26350.0,2.6342,28.3245,0.6234,43.0078,29.3405,6.9963
26355.0,2.7207,29.362,0.6408,47.0996,29.0335,6.924
26360.0,2.4648,24.8929,0.5859,35.8362,28.7907,7.1393
26365.0,2.5113,26.1169,0.6322,38.7965,28.594,7.1077
26370.0,2.4745,25.2694,0.5859,37.741,29.2997,7.0934
26375.0,2.5986,27.2379,0.6217,40.1839,28.5364,6.9634
26380.0,2.9644,33.4877,0.7508,59.5618,28.9619,6.7206
26385.0,2.9048,32.5875,0.7042,57.3372,29.3366,6.7973
26390.0,2.9004,33.6579,0.6995,56.4764,28.6732,6.8282
26395.0,2.6462,29.0996,0.6456,42.5832,28.8291,7.0101
26400.0,2.7439,30.1433,0.6623,48.7138,28.7238,6.987
26405.0,2.9419,32.9904,0.7201,59.9067,29.2583,6.8184
26410.0,2.5611,26.7074,0.6219,39.6095,28.86,7.0826
26415.0,2.5508,26.0341,0.6071,40.6856,28.7236,7.1044
26420.0,3.071,34.7163,0.7626,63.9985,28.6314,6.6937
26425.0,2.8227,31.549,0.6762,52.6099,28.8232,6.9704
26430.0,2.548,25.9022,0.6036,39.9753,29.4686,7.1524
26435.0,2.7402,31.0491,0.6824,47.7669,29.208,7.0363
26440.0,2.6292,28.001,0.6404,43.2284,28.9885,7.1439
26445.0,2.6001,26.492,0.6209,39.156,29.0071,7.0631
26450.0,2.9282,33.5062,0.692,57.5873,28.9031,6.9021
26455.0,2.6599,28.9333,0.611,42.7563,28.6078,7.0573
26460.0,2.6299,27.9474,0.64,42.6601,29.1583,7.0278
26465.0,2.3677,23.163,0.5495,31.9314,29.1749,7.2638
26470.0,2.7761,30.373,0.6642,50.4158,29.0636,6.878
26475.0,2.777,30.142,0.6674,50.007,29.2855,6.9047
26480.0,2.7717,29.7622,0.6542,50.5049,29.4361,6.9112
26485.0,2.574,25.9234,0.6107,39.8853,29.2538,7.0911
26490.0,2.8538,31.3989,0.7026,54.6338,28.6489,6.9076
26495.0,2.931,33.3753,0.6838,54.1194,28.9583,6.8777
26500.0,2.9808,34.5841,0.7281,60.7402,29.1301,6.8561
26505.0,3.0923,36.4947,0.7448,64.6995,29.1242,6.6644
26510.0,2.9807,33.8933,0.7221,59.3643,29.0842,6.7646
26515.0,2.5347,26.291,0.612,36.6906,29.1276,7.2928
26520.0,3.2052,38.7405,0.8026,71.3346,29.7468,6.6908
26525.0,2.9915,34.6334,0.7302,60.6256,29.4959,6.8984
26530.0,2.917,33.2009,0.7038,56.2826,29.2437,6.9436
26535.0,2.9911,34.3756,0.7317,59.6078,29.1678,6.8474
26540.0,2.7973,31.1469,0.6643,50.7448,29.3653,6.9858
26545.0,2.9677,33.4773,0.7251,57.6257,29.4949,6.9883
26550.0,2.7533,30.0458,0.6526,50.0363,29.3705,7.1894
26555.0,3.0073,34.4844,0.7348,61.5704,29.0865,6.8339
26560.0,3.185,38.0204,0.7869,69.5694,29.1619,6.8214
26565.0,3.1079,36.3222,0.7729,66.8001,29.3247,6.895
26570.0,2.9711,34.1303,0.7219,60.9974,28.8065,6.9417
26575.0,2.9367,33.1453,0.7069,56.5864,29.2387,7.0018
26580.0,2.9826,33.7331,0.7262,58.552,29.4638,7.0362
26585.0,3.0474,35.4439,0.7392,64.3343,29.4087,7.0202
26590.0,3.0005,34.9581,0.7249,59.4296,29.5584,6.9785
26595.0,2.8272,32.1771,0.681,51.8516,28.8729,7.0495
26600.0,2.926,32.7362,0.6928,57.8357,29.3278,7.0217
26605.0,3.2362,38.2389,0.7912,72.2238,29.1455,6.6494
26610.0,2.8925,32.3641,0.6808,55.5762,29.5113,7.0771
26615.0,3.009,34.7362,0.7333,62.0348,29.6597,6.9657
26620.0,3.3603,40.2611,0.847,78.6251,29.1792,6.6024
26625.0,3.0667,35.2848,0.7625,64.2634,29.3022,6.9104
26630.0,3.1327,37.2179,0.7619,66.9656,29.125,6.8899
26635.0,2.8393,31.2017,0.687,51.635,29.2605,7.1253
26640.0,3.1537,36.9951,0.7951,69.5525,29.2269,6.8647
26645.0,3.2502,38.6108,0.7862,73.3275,29.6863,6.8999
26650.0,3.1516,37.0105,0.7676,68.1462,29.3775,6.9498
26655.0,3.4071,41.7064,0.8374,81.128,29.7276,6.7271
26660.0,3.3805,41.6821,0.8468,81.2057,29.531,6.7608
26665.0,3.2123,37.6696,0.7624,70.245,28.9196,6.9589
26670.0,3.0404,34.9155,0.7446,63.4739,29.3953,7.1951
26675.0,3.159,37.3325,0.7682,66.0844,29.5944,6.9995
26680.0,3.2239,38.0246,0.7794,71.8346,29.6586,6.9074
26685.0,3.1352,37.4861,0.7845,66.7394,29.5624,7.0407
26690.0,3.3348,41.115,0.8352,78.5831,28.9513,6.657
26695.0,3.4175,41.5943,0.846,82.3477,29.4457,6.6209
26700.0,3.1699,37.6292,0.792,70.1281,29.4892,6.9935
26705.0,3.4867,42.6436,0.8801,86.8776,29.6771,6.6861
26710.0,3.133,36.6539,0.7621,67.7065,29.285,7.0535
26715.0,3.2571,38.467,0.7621,70.9019,29.3849,6.9571
26720.0,3.2873,39.4403,0.8067,75.4443,29.2481,6.9125
26725.0,3.2156,38.9809,0.7821,72.4867,29.8079,6.9932
26730.0,3.3443,40.57,0.8265,79.9161,29.6701,6.8271
26735.0,3.2157,38.1743,0.7948,72.3427,29.2975,7.0003
26740.0,3.2473,38.8559,0.7938,73.8079,29.041,6.9237
26745.0,3.1191,36.0835,0.7563,66.3953,29.3243,6.9852
26750.0,3.3745,41.1342,0.8289,82.218,29.917,6.8076
26755.0,3.3054,40.4293,0.8138,75.8801,29.317,6.8888
26760.0,3.2029,38.0732,0.7971,72.2559,29.9238,6.9374
26765.0,3.335,39.8751,0.8281,78.6347,29.5008,6.8661
26770.0,3.2639,39.3764,0.8044,74.6667,29.0354,6.8679
26775.0,3.3149,39.7341,0.8034,76.718,29.7572,6.7748
26780.0,3.1839,37.2773,0.77,69.0744,28.8745,7.059
26785.0,3.1224,36.9796,0.7474,65.7169,29.4868,7.0671
26790.0,3.5233,44.3779,0.8857,88.6629,29.9874,6.5802
26795.0,3.1685,37.7865,0.7753,70.8846,29.7538,7.0188
26800.0,3.2594,39.1526,0.8127,76.6636,29.7067,6.9459
26805.0,2.9941,34.7972,0.7425,61.1765,29.8079,7.2318
26810.0,3.4201,41.9932,0.8491,81.4598,29.8021,6.7734
26815.0,3.3625,40.5611,0.8552,77.8435,29.4032,6.7168
26820.0,3.254,38.5045,0.8229,73.818,29.6737,6.9965
26825.0,3.201,38.3578,0.7917,71.5467,29.672,7.0052
26830.0,3.2274,38.1935,0.7741,70.9929,29.7175,6.9765
26835.0,3.3036,39.2265,0.8487,75.6621,29.9834,6.9048
26840.0,3.3122,40.1635,0.8078,76.0477,29.276,6.9317
26845.0,3.5528,43.8498,0.9027,90.4489,29.1443,6.5382
26850.0,3.3178,39.7213,0.8215,76.8393,29.4623,6.8598
26855.0,3.2067,38.3028,0.7765,69.9823,29.7958,6.9543
26860.0,3.3665,41.637,0.8397,80.0594,29.1058,6.7327
26865.0,3.2006,37.8803,0.7794,70.5266,29.4494,6.9657
26870.0,3.2406,38.9251,0.7849,73.3699,28.9748,6.8651
26875.0,3.4296,42.0335,0.8618,83.711,29.4708,6.6814
26880.0,3.3198,40.1458,0.8322,78.194,29.5985,6.7422
26885.0,3.3602,40.9685,0.8507,80.2398,29.5236,6.7413
26890.0,3.3422,40.8985,0.8394,77.8678,29.2045,6.8369
26895.0,3.3084,39.8737,0.8192,77.3243,29.9694,6.8802
26900.0,3.1495,36.7711,0.7422,67.0644,29.3687,7.0268
26905.0,3.3665,41.1644,0.8495,79.5397,29.0058,6.7484
26910.0,3.4733,42.7328,0.8812,85.1303,29.972,6.7168
26915.0,3.361,41.0168,0.8431,79.3471,29.8059,6.6721
26920.0,3.4144,41.1039,0.8449,81.5753,29.5885,6.6757
26925.0,3.3841,40.4389,0.8388,79.8708,29.2879,6.7456
26930.0,3.2329,37.7786,0.8145,72.2844,29.1504,7.0156
26935.0,3.295,39.1546,0.8193,74.9302,29.6634,6.892
26940.0,3.5765,44.7826,0.9043,90.4697,29.5635,6.5385
26945.0,3.3223,40.3226,0.823,77.7786,29.2197,6.7932
26950.0,3.4048,41.6681,0.833,80.5591,29.2217,6.7165
26955.0,3.2789,39.3214,0.8127,74.9391,29.4493,7.0272
26960.0,3.4442,41.9912,0.8551,83.8198,28.9714,6.7667
26965.0,3.4615,42.6734,0.8833,84.6475,29.6472,6.7631
26970.0,3.4348,42.6832,0.8561,83.4534,29.346,6.6264
26975.0,3.5409,44.0194,0.8792,89.1683,29.8553,6.5961
26980.0,3.6099,45.5297,0.9251,92.7449,29.2985,6.4589
26985.0,3.4889,43.3379,0.8722,87.5275,29.6459,6.5876
26990.0,3.4467,42.0406,0.8666,83.5365,29.3442,6.5891
26995.0,3.4922,42.9869,0.8919,87.8665,29.9198,6.498
27000.0,3.5479,44.0244,0.9084,90.4132,29.4547,6.4946
27005.0,3.5202,43.4127,0.8737,87.867,29.9835,6.5103
27010.0,3.5085,43.3887,0.8855,88.6105,29.7284,6.5497
27015.0,3.4825,42.6753,0.9045,86.6098,29.2178,6.5852
27020.0,3.5513,44.0281,0.8991,89.4921,29.3299,6.5021
27025.0,3.4755,42.802,0.8688,85.2374,29.5612,6.5795
27030.0,3.5481,44.1466,0.9091,91.2224,29.6274,6.5903
27035.0,3.4101,41.4914,0.8477,83.7615,29.3472,6.7522
27040.0,3.5149,43.3629,0.888,87.9757,29.0279,6.5884
27045.0,3.4454,42.1342,0.8613,83.8815,29.0113,6.6397
27050.0,3.5228,43.3253,0.8952,88.1093,29.7738,6.548
27055.0,3.6413,45.1357,0.9384,95.8417,29.3571,6.2983
27060.0,3.6605,46.2003,0.9459,96.5394,28.9808,6.2406
27065.0,3.6116,44.9257,0.9079,92.7821,29.4612,6.4372
27070.0,3.6283,45.2696,0.9372,95.2434,29.6012,6.3355
27075.0,3.6601,45.6469,0.9567,96.7311,29.5975,6.2822
27080.0,3.609,45.5192,0.9353,94.3258,30.0025,6.4421
27085.0,3.6285,45.1177,0.9369,94.1918,29.4981,6.2959
27090.0,3.5905,44.9521,0.913,92.4959,29.4757,6.373
27095.0,3.5838,44.4522,0.8997,91.1222,29.454,6.3876
27100.0,3.5306,43.4946,0.8727,87.7908,29.7504,6.5673
27105.0,3.6313,45.9091,0.9339,94.4765,29.6209,6.3233
27110.0,3.4533,43.1408,0.8675,84.9548,29.3749,6.6193
27115.0,3.5346,43.8269,0.8997,89.4048,29.3181,6.5448
27120.0,3.4929,43.3077,0.9045,88.2422,29.3756,6.5158
27125.0,3.4689,42.0727,0.8513,84.4413,29.1609,6.6726
27130.0,3.5102,43.7873,0.8956,88.7228,29.4764,6.5295
27135.0,3.6381,45.7124,0.9343,95.0092,29.6908,6.3132
27140.0,3.7344,47.0942,0.9848,102.2407,29.0616,6.0725
27145.0,3.5907,44.5754,0.919,93.2506,29.2263,6.3905
27150.0,3.6509,45.4739,0.9341,94.6399,29.6269,6.3326
27155.0,3.6874,46.7139,0.965,99.7259,29.4702,6.1665
27160.0,3.5152,43.2217,0.8714,86.9803,29.5776,6.4908
27165.0,3.5837,44.723,0.9165,92.2112,29.2806,6.4611
27170.0,3.6278,45.8145,0.9315,94.9666,29.1369,6.2965
27175.0,3.6769,45.9381,0.9479,97.7028,29.2682,6.2134
27180.0,3.4601,42.423,0.8639,83.7589,29.0783,6.6671
27185.0,3.6345,45.5904,0.9259,95.5932,29.2659,6.341
27190.0,3.6219,45.1878,0.9349,93.6388,29.5605,6.3409
27195.0,3.4826,43.2228,0.8847,86.1651,29.1983,6.6016
27200.0,3.6338,45.8985,0.9461,94.4917,29.6191,6.3263
27205.0,3.503,43.5692,0.8707,87.2193,29.5829,6.4936
27210.0,3.7286,47.0177,1.0037,100.4022,29.5366,6.18
27215.0,3.5932,44.8363,0.9208,90.8315,29.3969,6.4573
27220.0,3.6316,45.4926,0.9569,95.3347,29.2628,6.3545
27225.0,3.6086,45.2874,0.9426,94.4553,28.9559,6.3122
27230.0,3.6295,45.5547,0.9645,94.5578,28.9341,6.2899
27235.0,3.5521,44.485,0.8878,88.5707,29.4846,6.5194
27240.0,3.6611,45.9325,0.9471,96.2327,29.9172,6.3028
27245.0,3.6605,45.8279,0.9482,96.7798,29.3805,6.2482
27250.0,3.7538,47.2699,0.9797,101.1695,29.7026,6.0326
27255.0,3.7227,47.4838,0.9713,101.9107,29.2792,6.0681
27260.0,3.6749,46.6709,0.9435,95.7825,29.1545,6.2012
27265.0,3.6571,46.6141,0.9332,94.9062,29.4419,6.2762
27270.0,3.7718,48.2797,0.9913,102.9047,29.2254,5.8689
27275.0,3.6678,45.8781,0.9531,96.3603,29.2688,6.2915
27280.0,3.7441,47.2602,0.9851,101.56,29.304,6.0292
27285.0,3.6932,46.8874,0.926,96.9941,28.9733,6.1658
27290.0,3.7224,47.028,0.9592,99.7967,29.3739,6.1287
27295.0,3.6746,45.9822,0.9514,96.567,29.278,6.2847
27300.0,3.5837,45.4042,0.8962,92.2364,28.9648,6.4396
27305.0,3.7322,46.4398,0.9924,100.5778,29.4008,6.0909
27310.0,3.6945,46.3737,0.9483,98.2024,29.3648,6.0744
27315.0,3.5933,44.9045,0.931,95.1894,29.072,6.4774
27320.0,3.6331,45.8024,0.9109,95.5188,29.8311,6.3293
27325.0,3.6978,46.6449,0.9665,98.597,28.8671,6.1923
27330.0,3.6782,47.0898,0.938,96.6013,29.1227,6.2164
27335.0,3.6788,46.8095,0.9416,97.7542,29.3338,6.1869
27340.0,3.7005,46.664,0.962,100.0488,29.2275,6.1063
27345.0,3.6619,46.2467,0.9567,96.5633,28.8363,6.2731
27350.0,3.6413,45.6984,0.9137,94.0631,29.331,6.291
27355.0,3.6987,46.2002,0.9396,97.7209,28.8132,6.1134
27360.0,3.6404,45.7965,0.9339,95.6195,29.341,6.1733
27365.0,3.7051,46.6797,0.965,99.8682,29.5487,6.0803
27370.0,3.568,44.4506,0.9075,90.7823,29.2668,6.4071
27375.0,3.6478,45.6074,0.9578,96.6966,29.3066,6.2324
27380.0,3.571,44.8845,0.91,92.9789,29.0699,6.5871
27385.0,3.5323,43.8207,0.8907,89.1487,28.9865,6.4651
27390.0,3.5019,43.0322,0.8788,87.1597,29.3576,6.6408
27395.0,3.6475,46.0866,0.9388,94.9761,29.3792,6.2738
27400.0,3.6995,46.2906,0.9617,98.4496,29.0582,6.1473
27405.0,3.6529,46.4712,0.9508,95.296,29.2235,6.278
27410.0,3.7421,47.2457,0.9778,101.0734,29.7052,6.0604
27415.0,3.587,44.6874,0.9468,93.6337,29.0369,6.4338
27420.0,3.5879,44.3601,0.9352,90.8189,29.3042,6.4084
27425.0,3.6189,45.215,0.9304,94.4983,29.1942,6.3778
27430.0,3.5957,44.9851,0.9268,92.4112,29.2954,6.4413
27435.0,3.6317,45.7164,0.9435,93.1695,29.4227,6.3412
27440.0,3.67,46.4991,0.9362,96.1645,29.3495,6.2389
27445.0,3.5035,43.2988,0.8778,87.4707,28.8767,6.508
27450.0,3.6904,46.4586,0.936,97.5649,29.1172,6.2564
27455.0,3.4593,42.4379,0.8599,85.0715,28.4877,6.5666
27460.0,3.6591,46.3218,0.9437,97.4619,28.9694,6.2384
27465.0,3.6201,45.5053,0.906,92.1607,28.5208,6.3263
27470.0,3.5105,43.7778,0.8704,85.2134,28.7012,6.5349
27475.0,3.5947,44.564,0.9101,90.9481,29.0983,6.4523
27480.0,3.6159,45.3733,0.9415,94.4363,29.6695,6.4436
27485.0,3.5754,43.96,0.8979,92.0916,29.1614,6.4297
27490.0,3.4371,43.037,0.8648,84.3987,29.5182,6.6441
27495.0,3.4178,41.5398,0.8305,81.718,28.2746,6.6055
27500.0,3.5622,44.1055,0.8801,88.9844,28.7669,6.5387
27505.0,3.4007,40.7549,0.8442,81.0667,28.7597,6.663
27510.0,3.5674,43.7067,0.9006,91.0888,28.7526,6.4784
27515.0,3.4123,41.315,0.8533,81.8627,29.2252,6.6899
27520.0,3.4592,42.5928,0.8845,85.2606,28.7873,6.5824
27525.0,3.1741,37.6484,0.7552,69.8055,28.8471,7.0289
27530.0,3.3751,40.4767,0.8388,80.6824,28.8053,6.75
27535.0,3.4482,42.6807,0.8714,85.3802,28.3815,6.5709
27540.0,3.5158,43.3787,0.8855,86.6143,28.7366,6.5745
27545.0,3.2101,37.9005,0.7748,71.6833,29.0855,6.857
27550.0,3.4324,41.8887,0.8691,85.5192,28.8482,6.5545
27555.0,3.5146,43.5016,0.9001,89.7999,29.0277,6.498
27560.0,3.4426,42.3356,0.8694,83.9316,28.9927,6.5644
27565.0,3.5195,43.1487,0.8911,88.2026,28.7783,6.5934
27570.0,3.4931,43.626,0.9016,87.6819,28.7437,6.636
27575.0,3.4237,41.913,0.8495,82.1946,28.8695,6.7435
27580.0,3.3929,40.9,0.8572,82.1517,28.9616,6.7711
27585.0,3.3395,40.2003,0.819,76.8082,28.8717,6.8028
27590.0,3.3549,40.1812,0.8494,78.6196,28.6883,6.774
27595.0,3.509,43.3494,0.8787,86.6334,29.031,6.5895
27600.0,3.3852,41.0841,0.8427,79.2081,28.4227,6.6145
27605.0,3.4516,42.0399,0.8399,83.779,28.6628,6.6876
27610.0,3.3422,40.6482,0.8223,78.0196,28.8452,6.8134
27615.0,3.3253,40.0953,0.8244,77.6618,28.5055,6.8491
27620.0,3.203,38.0177,0.7905,71.5799,28.6262,7.0323
27625.0,3.2924,39.2996,0.8153,75.479,28.8788,6.8454
27630.0,3.5312,43.9676,0.8876,88.8351,29.348,6.4845
27635.0,3.3681,40.947,0.8531,81.7933,28.4284,6.7266
27640.0,3.3261,40.2096,0.8103,78.4141,28.8167,6.838
27645.0,3.4643,42.4974,0.8855,85.5432,28.9133,6.676
27650.0,3.195,38.0218,0.7714,70.6019,28.7755,6.8938
27655.0,3.4577,42.4673,0.854,84.3053,28.5076,6.5423
27660.0,3.349,40.8982,0.8342,79.0109,28.8094,6.8529
27665.0,3.2942,39.6903,0.8003,75.6027,28.777,6.7947
27670.0,3.3066,40.2744,0.8217,77.6727,28.9027,6.7525
27675.0,3.3507,40.5515,0.8361,79.0522,28.5249,6.6902
27680.0,3.2553,38.5975,0.8028,74.7893,28.822,6.8502
27685.0,3.2837,39.3978,0.8015,75.2734,28.5437,6.8725
27690.0,3.3066,39.8894,0.8235,75.5179,28.8455,6.8799
27695.0,3.1721,37.5288,0.7872,69.6861,29.1721,6.9919
27700.0,3.4393,42.7531,0.8553,84.8291,28.9704,6.6849
27705.0,3.3186,40.0,0.8267,78.4538,28.5875,6.8717
27710.0,3.246,38.5111,0.7917,71.8317,28.8449,6.9877
27715.0,3.3402,40.4719,0.828,78.3522,28.897,6.9405
27720.0,3.3536,40.9318,0.8363,79.865,28.3879,6.7313
27725.0,3.2462,39.2561,0.8297,73.1199,29.3592,6.8876
27730.0,3.3781,41.4564,0.8415,80.6327,28.868,6.6906
27735.0,3.0417,34.588,0.7416,62.5098,28.9934,7.2423
27740.0,3.3099,39.973,0.8475,79.6626,28.5615,6.8002
27745.0,3.3149,39.5935,0.8155,77.7098,28.383,6.7739
27750.0,3.3656,40.9266,0.8251,79.5964,28.294,6.7266
27755.0,3.1683,37.5147,0.7581,70.5938,28.774,6.995
27760.0,3.3536,40.8345,0.8415,79.7639,28.4965,6.7855
27765.0,3.1746,37.7216,0.7826,69.3688,28.4391,6.8986
27770.0,3.1848,37.7844,0.7558,69.6322,28.7703,6.9205
27775.0,3.2433,38.9666,0.7962,73.6835,28.455,6.8983
27780.0,3.2604,38.7294,0.7963,73.9413,29.0818,6.8592
27785.0,3.1712,37.397,0.7735,67.8034,28.587,6.86
27790.0,3.1977,38.467,0.792,70.9745,28.5711,7.0176
27795.0,3.3192,39.7259,0.8227,76.8324,28.5194,6.8356
27800.0,3.176,37.5598,0.7682,68.7643,28.6481,7.0122
27805.0,3.2196,38.412,0.7784,72.4857,28.6207,6.9992
27810.0,3.2465,38.9923,0.8217,75.1032,28.3293,6.983
27815.0,3.3409,40.2206,0.8467,79.2204,29.1747,6.8107
27820.0,3.2186,37.7304,0.7863,71.9652,28.7603,6.9385
27825.0,3.1866,37.8512,0.7725,69.6618,28.9861,7.0508
27830.0,3.1927,37.5917,0.7805,69.283,28.1689,6.9176
27835.0,3.0182,34.995,0.7531,59.8454,28.5639,7.0976
27840.0,3.1201,36.7278,0.7701,67.6211,28.8534,7.0118
27845.0,2.787,30.6737,0.6451,48.7614,28.8852,7.2671
27850.0,3.1018,36.0731,0.7458,64.3476,27.9648,6.9846
27855.0,3.0308,34.6963,0.718,61.8811,28.472,6.9003
27860.0,2.7928,30.7299,0.6653,49.7505,28.4984,7.2512
27865.0,3.4269,41.4965,0.8549,83.4636,28.5021,6.6614
27870.0,3.0206,34.7263,0.728,60.5823,28.1028,7.0528
27875.0,3.0507,35.4815,0.7373,63.2394,28.7869,7.0795
27880.0,2.9657,33.9385,0.7221,59.2285,28.2578,7.1482
27885.0,3.2202,38.0057,0.7722,70.3859,28.1295,6.8556
27890.0,3.1009,36.1122,0.7651,65.3669,28.5321,7.0151
27895.0,3.1872,37.6081,0.7702,70.1814,28.2724,6.8928
27900.0,3.1563,36.6074,0.7716,67.8106,28.3741,6.9006
27905.0,3.0994,36.1945,0.7429,65.2973,28.4339,6.9288
27910.0,3.2202,38.6362,0.7854,70.7313,28.7865,6.789
27915.0,2.8357,31.9573,0.6928,53.2877,28.6877,7.2434
27920.0,3.1568,37.3639,0.7655,69.3651,28.5155,6.9446
27925.0,3.1799,37.5136,0.7672,68.5975,28.1218,6.7876
27930.0,2.9228,32.783,0.6922,57.3079,28.3282,7.1017
27935.0,2.8965,32.4981,0.7036,54.4681,28.361,7.2346
27940.0,2.9833,34.5964,0.7209,58.8671,28.129,7.1075
27945.0,3.0152,34.221,0.7346,61.5452,28.6668,7.0549
27950.0,2.9197,32.7167,0.6954,56.1894,28.1024,7.167
27955.0,2.6937,29.0313,0.6401,45.2936,28.1734,7.286
27960.0,2.7227,29.4627,0.6586,46.3659,28.2227,7.222
27965.0,2.8816,32.3812,0.6949,55.0549,28.1042,7.0555
27970.0,2.8182,30.8652,0.6762,52.0297,28.3787,7.1351
27975.0,2.8323,31.6792,0.7088,52.2957,28.0453,6.8992
27980.0,2.6087,28.1383,0.6361,43.2377,28.3522,7.276
27985.0,2.7497,30.2393,0.6402,47.6703,28.3302,7.101
27990.0,2.9735,33.3448,0.7169,59.4368,28.5678,6.887
27995.0,2.7291,29.6794,0.6503,48.2693,28.4981,7.05
28000.0,3.0398,35.0605,0.7532,63.4254,28.3945,6.9202
28005.0,2.7982,30.5687,0.6623,50.2237,28.5489,7.0722
28010.0,2.7045,29.5285,0.6419,47.3649,28.2833,7.1388
28015.0,2.7771,30.3936,0.6662,48.3028,28.6504,7.1108
28020.0,2.7088,30.0971,0.6538,46.8966,28.3003,7.1463
28025.0,2.7576,29.7884,0.6658,48.0852,28.2723,7.003
28030.0,2.4737,24.9375,0.6235,36.4062,28.3188,7.3177
28035.0,2.6246,27.869,0.6411,43.0841,28.3582,7.1
28040.0,2.6177,27.527,0.6389,42.818,28.5602,7.0387
28045.0,2.7251,29.28,0.6411,46.6496,28.5806,7.0868
28050.0,2.7124,29.732,0.6612,47.6127,28.5509,6.9905
28055.0,2.5596,26.5418,0.6391,40.9002,28.414,7.1777
28060.0,2.7521,30.4532,0.6667,48.8525,28.4849,6.9589
28065.0,2.4,24.1096,0.5942,34.7272,28.3021,7.3272
28070.0,2.5185,25.9098,0.6241,37.6958,28.3833,7.1466
28075.0,2.5211,26.5529,0.6171,39.803,28.2173,7.0404
28080.0,2.6792,28.3834,0.6651,44.5711,27.9757,7.0281
28085.0,2.1811,20.5676,0.5614,25.7945,28.3853,7.4813
28090.0,2.299,21.8569,0.5822,29.7325,28.3756,7.2018
28095.0,2.395,24.067,0.5914,31.1938,28.4807,7.1538
28100.0,2.3489,22.6089,0.5689,31.6346,28.2938,7.2471
28105.0,2.4224,24.9278,0.5929,35.0756,28.0358,7.0998
28110.0,2.1739,19.8732,0.5604,24.045,28.2463,7.2632
28115.0,2.2866,22.385,0.5793,30.9962,28.3981,7.1143
28120.0,2.3995,24.089,0.5865,33.9837,28.224,6.942
28125.0,2.2678,21.3079,0.5905,28.9659,28.4639,7.0389
28130.0,2.1802,19.5261,0.5609,24.5702,28.2259,7.2184
28135.0,2.0756,17.8846,0.5368,20.9997,27.9664,7.361
28140.0,2.1824,20.1828,0.5569,25.258,28.4185,7.2455
28145.0,2.1343,19.0072,0.5356,23.8769,28.6371,7.1835
28150.0,2.2014,20.3125,0.574,26.2595,28.4401,7.1129
28155.0,2.372,22.7948,0.5735,32.1119,28.3103,6.9274
28160.0,2.7705,30.8141,0.6577,49.3286,28.0402,6.5688
28165.0,2.2192,20.7608,0.547,26.3382,28.3349,7.1078
28170.0,2.0776,17.9779,0.5587,20.9368,28.4897,7.2314
28175.0,2.1404,19.1733,0.5538,24.3511,28.3245,7.0487
28180.0,2.1926,20.4699,0.5782,26.6704,28.0203,7.0757
28185.0,2.2744,21.1584,0.5786,28.0383,28.3015,7.0562
28190.0,2.4134,24.0079,0.5915,34.7195,28.5064,6.8781
28195.0,2.3706,23.3462,0.5854,32.4835,28.1105,6.9986
28200.0,2.1709,19.8606,0.5618,24.1083,28.83,7.0158
28205.0,2.2743,21.6914,0.5955,28.7639,28.3039,6.936
28210.0,2.0495,17.4822,0.5525,20.4192,28.2889,7.3013
28215.0,2.5913,27.4253,0.6234,41.5708,27.9831,6.7752
28220.0,2.2944,22.3462,0.5755,29.4956,27.6946,6.9808
28225.0,2.1275,19.1007,0.5493,22.8602,28.4097,7.1724
28230.0,2.564,26.6588,0.6264,40.345,28.4165,6.7886
28235.0,2.4167,24.2093,0.6103,35.4758,27.4927,6.9052
28240.0,2.7004,30.1687,0.6422,47.0668,28.1222,6.7093
28245.0,2.4296,24.2698,0.5841,33.8025,28.1257,6.9189
28250.0,2.8729,32.1321,0.6864,54.1715,28.5336,6.5689
28255.0,2.6683,28.5226,0.6543,44.9474,28.3598,6.7115
28260.0,2.6884,29.0681,0.6531,46.9186,27.9278,6.9311
28265.0,2.392,23.3302,0.5695,33.7177,28.4099,7.1067
28270.0,2.4971,25.8695,0.6418,38.2797,28.2669,6.9693
28275.0,2.7391,29.8532,0.6591,45.9712,28.343,6.8552
28280.0,2.5508,26.2684,0.6185,42.036,28.319,7.013
28285.0,2.5731,26.9932,0.6193,40.8045,28.4116,6.8688
28290.0,2.4392,24.6265,0.5901,36.4484,27.8352,7.1152
28295.0,2.5683,26.542,0.6113,39.7381,28.0516,6.9141
28300.0,2.6635,28.7173,0.6419,43.871,27.7058,6.9381
28305.0,2.8899,32.93,0.6921,55.3725,28.2413,6.7266
28310.0,3.0996,36.4435,0.7847,67.355,28.8066,6.6275
28315.0,2.5712,26.8287,0.6278,40.156,27.8521,7.0505
28320.0,2.4603,24.9009,0.6193,37.7771,27.8763,7.1196
28325.0,3.115,36.3271,0.7633,65.8372,28.4642,6.5969
28330.0,2.9113,32.9763,0.6596,56.7347,28.6427,6.8387
28335.0,2.7976,30.986,0.6557,50.8835,28.2618,6.9282
28340.0,2.8257,30.8738,0.6695,53.1263,28.2606,6.8538
28345.0,2.6059,26.7658,0.6429,42.7817,27.7791,7.1049
28350.0,3.0273,35.2333,0.7168,61.1304,28.1029,6.6643
28355.0,2.7085,28.8863,0.6562,45.7702,28.1193,7.096
28360.0,3.0324,34.5788,0.7289,60.622,28.8073,6.6878
28365.0,3.0084,34.5201,0.7399,61.8954,28.0631,6.8311
28370.0,2.9328,33.2424,0.699,57.5824,28.2578,6.9066
28375.0,3.1836,38.0938,0.7846,70.8441,28.1995,6.6558
28380.0,2.8865,32.408,0.6838,52.5438,28.0202,7.0818
28385.0,3.0329,34.9226,0.7362,61.798,28.7137,6.8456
28390.0,2.9766,34.0794,0.7004,57.354,28.0087,6.7892
28395.0,2.8849,31.6627,0.6929,53.2962,27.9622,6.9857
28400.0,3.0619,35.4298,0.7604,63.1008,28.2134,6.9031
28405.0,2.7155,29.3692,0.6554,48.415,28.028,7.1327
28410.0,3.0709,35.5607,0.7543,64.1144,28.4518,6.7763
28415.0,2.9159,32.7615,0.7184,55.8903,28.5901,7.0776
28420.0,2.875,32.2068,0.6932,54.1587,27.8902,7.1483
28425.0,3.097,37.167,0.7441,66.4752,28.146,6.8429
28430.0,3.0523,35.0307,0.7416,64.082,28.1541,6.8851
28435.0,2.9646,33.691,0.7188,60.2441,28.2812,7.0095
28440.0,3.0939,35.575,0.7618,65.9672,28.4133,6.8638
28445.0,2.9922,34.0912,0.7357,60.2405,27.9809,6.9827
28450.0,2.722,30.2058,0.6425,47.677,28.2055,7.1772
28455.0,3.1909,38.1561,0.7778,71.5184,28.0766,6.7128
28460.0,2.8894,32.3217,0.6923,54.7209,28.2849,7.037
28465.0,2.7467,30.2793,0.6645,48.3529,27.9879,7.1368
28470.0,3.0336,34.49,0.7167,60.9693,28.296,6.9253
28475.0,2.8644,32.2533,0.6801,53.3869,28.2909,7.1298
28480.0,3.2543,39.2234,0.8161,74.2322,28.2067,6.6633
28485.0,2.9852,34.4533,0.7077,58.8465,28.4752,7.0213
28490.0,3.0951,36.2051,0.7408,63.6519,28.3597,6.9107
28495.0,2.9175,33.0651,0.7041,56.5668,28.3914,7.0033
28500.0,3.0835,35.2829,0.7436,64.077,27.9549,6.863
28505.0,2.6786,28.9015,0.6333,44.7955,27.9272,7.2898
28510.0,3.0898,36.0223,0.746,65.8202,28.6767,6.9693
28515.0,3.1184,36.0557,0.7712,67.2887,28.1776,6.8385
28520.0,2.8136,30.5053,0.6839,52.2925,28.5844,7.1934
28525.0,2.7428,30.0308,0.6743,46.8431,28.5908,7.2857
28530.0,2.6137,27.0409,0.63,42.2734,28.3219,7.2809
28535.0,3.0183,34.8427,0.7293,62.3506,28.1137,6.8665
28540.0,2.5615,26.593,0.6144,40.4731,28.2461,7.2061
28545.0,2.9701,34.0563,0.709,58.7986,28.1444,6.8949
28550.0,2.5619,26.6256,0.6125,41.3693,28.1489,7.255
28555.0,2.589,27.1023,0.6285,43.3998,27.9956,7.251
28560.0,2.8764,32.6284,0.6836,54.4749,28.2012,7.0409
28565.0,2.7867,30.3385,0.6701,50.137,28.338,6.9967
28570.0,2.7395,29.5538,0.6682,48.4685,28.0671,7.0147
28575.0,2.6596,28.3785,0.6363,44.3774,28.0015,7.1725
28580.0,2.8154,31.0117,0.6832,51.613,28.2103,7.045
28585.0,2.8756,32.2644,0.685,53.525,27.9534,6.8701
28590.0,3.0341,35.4472,0.7357,62.1999,28.3274,6.7993
28595.0,2.7763,30.459,0.669,50.8976,28.1164,7.009
28600.0,3.1073,36.5267,0.7602,65.8709,27.6697,6.739
28605.0,3.0016,34.7362,0.735,59.8158,27.9076,6.8816
28610.0,2.8334,31.242,0.7134,54.316,28.2755,7.1132
28615.0,2.5334,26.2642,0.6425,39.7782,28.3855,7.2594
28620.0,2.9123,32.3939,0.6872,54.9554,28.3504,6.9275
28625.0,3.0276,34.8418,0.7453,61.0496,28.0336,6.8622
28630.0,2.4627,24.6099,0.6106,36.2179,28.5117,7.2658
28635.0,2.5601,26.6071,0.6321,40.5388,28.5833,7.294
28640.0,2.8409,31.0451,0.6556,51.9565,28.6562,6.9658
28645.0,2.5911,27.115,0.6283,42.1586,28.4294,7.1356
28650.0,2.8715,32.0921,0.6864,54.2648,28.3075,6.8588
28655.0,2.7647,30.0563,0.6662,49.6822,28.3498,6.9982
28660.0,3.0477,34.8256,0.7476,63.4991,28.6722,6.7783
28665.0,2.675,28.6622,0.6295,45.5381,28.2843,7.1901
28670.0,2.4572,25.2086,0.6033,36.7088,28.1006,7.3723
28675.0,2.6023,27.4916,0.6211,41.3728,28.1967,7.119
28680.0,2.6379,28.1755,0.6295,42.1358,27.9446,7.1187
28685.0,2.4481,24.3203,0.6031,35.7178,28.8934,7.2734
28690.0,2.6888,29.0878,0.6456,45.7459,28.4373,7.0018
28695.0,2.6026,27.5532,0.6433,42.6408,28.7213,7.0517
28700.0,2.5758,27.2407,0.6301,41.2686,28.5189,7.0912
28705.0,2.4868,25.944,0.6362,39.8374,28.4386,7.1105
28710.0,2.6171,28.409,0.6299,41.5915,28.8162,6.9482
28715.0,2.9343,33.9722,0.7075,57.1384,28.3337,6.7981
28720.0,2.3079,21.6026,0.6,31.2614,28.2852,7.3072
28725.0,2.5017,25.3395,0.6081,37.1298,28.2008,7.1007
28730.0,2.6817,29.0567,0.6553,46.5518,28.2452,6.9242
28735.0,2.5413,27.1185,0.6368,41.5018,27.9907,7.1136
28740.0,2.2029,19.8327,0.5699,26.8346,28.2794,7.389
28745.0,2.1284,18.8071,0.5459,25.1488,27.9935,7.3368
28750.0,2.3782,23.2325,0.5902,32.2874,27.9511,7.1313
28755.0,2.3255,23.0689,0.5822,31.8771,27.8319,7.1286
28760.0,2.0751,18.602,0.5496,22.803,28.1211,7.274
28765.0,2.3477,23.7564,0.5947,30.5731,28.2612,7.0506
28770.0,2.6298,27.7136,0.6377,43.4654,27.9194,6.7894
28775.0,2.4628,24.9332,0.6134,35.8676,28.1811,6.8686
28780.0,2.3141,22.4789,0.5861,30.8832,28.7846,7.1119
28785.0,2.3495,23.543,0.6035,33.2479,28.7541,7.108
28790.0,2.2095,20.7005,0.5532,25.1124,28.4561,7.1137
28795.0,2.5808,27.182,0.6261,41.9581,28.2196,6.8188
28800.0,2.3536,22.9582,0.5726,30.7901,28.0826,6.985
28805.0,2.4187,24.0901,0.5933,33.2871,28.3129,6.889
28810.0,2.6103,27.3545,0.6227,41.8305,28.1479,6.8669
28815.0,2.2311,21.1227,0.5649,26.4438,28.5723,7.2215
28820.0,2.0786,18.4719,0.5294,21.4075,28.5857,7.2365
28825.0,2.5789,27.3188,0.6418,40.7614,28.4774,6.7969
28830.0,2.1363,18.8608,0.5387,22.9775,28.2066,7.1992
28835.0,2.0617,17.6025,0.5468,22.2555,28.125,7.2039
28840.0,2.2465,20.721,0.5681,27.9228,27.7701,7.134
28845.0,2.6935,29.338,0.6594,46.4529,28.6984,6.6307
28850.0,2.37,23.2067,0.5911,33.397,28.123,6.9296
28855.0,2.3469,23.0687,0.5754,32.5829,28.7639,7.0348
28860.0,2.5836,27.3997,0.6336,40.7996,28.2621,6.8013
28865.0,2.7347,29.5656,0.6758,48.07,28.3155,6.7148
28870.0,2.4592,24.3893,0.61,36.1788,28.363,6.956
28875.0,2.6631,29.1928,0.6447,45.1062,28.7102,6.7906
28880.0,2.481,24.8247,0.5917,36.7843,28.4332,6.9627
28885.0,2.5676,27.1733,0.6133,41.0964,28.1308,6.8327
28890.0,2.7009,29.4116,0.6761,45.6093,28.3036,6.7429
28895.0,2.4326,23.8279,0.5967,34.6468,28.0904,6.9704
28900.0,2.66,28.4121,0.6497,43.941,28.4745,6.8664
28905.0,2.551,26.6324,0.6283,40.7539,28.117,6.9827
28910.0,2.4923,25.4758,0.6032,38.8368,27.9862,7.0797
28915.0,2.5064,25.9944,0.5953,37.4226,28.9634,7.0862
28920.0,2.6304,27.8628,0.6338,42.8303,28.8868,6.8992
28925.0,2.6421,28.0174,0.6509,44.8906,28.4278,6.8339
28930.0,2.6532,28.3525,0.6634,45.1024,28.6458,6.9598
28935.0,2.566,26.6152,0.6217,40.4303,28.3318,7.0205
28940.0,2.7931,31.1858,0.6816,51.5103,28.3085,6.7976
28945.0,2.4034,24.333,0.5918,34.2739,28.5348,7.0867
28950.0,2.7924,31.4745,0.6785,49.7941,28.6118,6.7628
28955.0,2.6795,28.3504,0.66,46.4021,28.468,6.9712
28960.0,2.508,25.4842,0.6282,38.0843,28.6693,7.06
28965.0,2.3371,23.3287,0.5783,31.0834,28.7272,7.2104
28970.0,2.8225,31.3457,0.6756,51.1888,28.7697,6.6673
28975.0,2.739,30.1326,0.6747,48.2656,28.4975,6.8043
28980.0,3.0927,35.8618,0.7186,63.5427,28.9151,6.61
28985.0,2.5493,27.0173,0.6129,38.079,28.7793,7.0622
28990.0,2.6194,27.6082,0.6138,42.4854,28.3161,7.0879
28995.0,3.0032,34.4855,0.7337,61.7223,28.5453,6.6905
29000.0,2.965,34.2383,0.6999,58.5451,28.4797,6.6767
29005.0,2.9331,33.2901,0.691,56.741,27.8088,6.8735
29010.0,2.8908,32.2721,0.6842,56.0723,28.2394,6.8957
29015.0,2.7721,30.3747,0.6705,50.0245,28.6141,7.0981
29020.0,3.2539,39.0709,0.7889,72.6673,28.5372,6.6152
29025.0,3.1014,36.0125,0.7537,65.6755,28.729,6.7807
29030.0,3.1745,37.0439,0.763,69.9049,28.5004,6.7457
29035.0,3.1453,37.0031,0.7611,69.1064,28.2177,6.8667
29040.0,3.1713,37.3855,0.7573,67.6907,28.4011,6.7407
29045.0,3.0745,35.3289,0.7496,65.1825,28.938,6.9678
29050.0,2.9761,34.0093,0.7402,59.7639,28.7367,7.0528
29055.0,2.8644,31.2952,0.7047,54.0773,28.3748,7.0681
29060.0,3.3282,39.6141,0.824,77.7832,28.292,6.6741
29065.0,2.9554,33.9529,0.717,58.0246,28.7554,7.0593
29070.0,3.0022,34.5823,0.7231,61.1999,28.3061,6.9366
29075.0,3.1293,36.8217,0.7741,67.3766,28.527,6.8202
29080.0,3.2006,37.7132,0.7877,70.7661,28.715,6.8432
29085.0,3.2971,40.2554,0.8233,76.8771,28.2985,6.6906
29090.0,2.8754,32.4897,0.6945,55.2141,28.8771,7.1277
29095.0,3.2669,39.3722,0.809,74.6106,28.4249,6.8282
29100.0,3.0811,35.5002,0.7502,64.7047,28.3477,6.96
29105.0,3.169,37.4179,0.7848,68.6941,27.9723,6.9443
29110.0,3.0199,34.7155,0.7365,60.7662,28.5974,7.0313
29115.0,3.1705,37.2526,0.7708,69.1354,28.5976,6.8967
29120.0,3.1843,37.4425,0.7634,71.0303,28.169,6.9084
29125.0,3.3763,40.5431,0.8544,81.9643,28.0292,6.7122
29130.0,3.2259,38.6291,0.7689,72.0879,28.3979,6.8808
29135.0,3.0716,36.144,0.7261,62.4292,28.1265,7.0166
29140.0,3.2633,38.485,0.8117,75.525,27.8988,6.9825
29145.0,3.0831,36.4085,0.7578,65.1,28.4571,7.047
29150.0,3.0449,35.3993,0.7404,61.2951,28.365,7.0455
29155.0,3.1951,37.6072,0.7769,70.3988,28.259,6.9782
29160.0,2.921,32.9383,0.6894,56.1873,28.1752,7.1753
29165.0,3.1818,37.6365,0.761,70.4124,28.6656,6.8865
29170.0,3.338,40.3848,0.8132,77.4617,28.5434,6.8272
29175.0,2.6371,28.2558,0.6436,44.188,28.8493,7.462
29180.0,3.0048,34.3586,0.7342,61.7465,28.4369,7.0444
29185.0,3.1255,36.744,0.764,67.5761,28.1248,6.9497
29190.0,3.0818,35.6101,0.7539,66.0148,28.4708,7.0263
29195.0,3.3601,40.2881,0.8331,79.735,28.239,6.7142
29200.0,2.8774,32.2126,0.6988,56.0711,28.5875,7.2614
29205.0,3.1358,37.0224,0.7699,68.4549,28.2954,6.9647
29210.0,2.9799,34.1701,0.7158,57.8735,28.1915,7.085
29215.0,3.0246,35.2934,0.7206,61.3796,28.1778,7.0782
29220.0,3.1954,37.998,0.7879,70.7292,28.4278,6.8623
29225.0,2.9639,34.0528,0.728,57.7726,28.6516,7.1167
29230.0,3.0597,34.8292,0.7454,63.6011,28.3686,6.9596
29235.0,2.9946,34.4055,0.7226,60.5852,28.6045,7.1661
29240.0,2.956,33.9477,0.713,58.2371,28.9083,7.144
29245.0,3.0753,35.4716,0.7536,65.5044,28.822,6.9745
29250.0,3.2188,38.2128,0.7885,71.0685,28.4966,6.7548
29255.0,3.1564,37.2003,0.7649,67.4539,28.264,6.9253
29260.0,2.9683,33.3072,0.7097,59.5916,28.7427,7.087
29265.0,2.9609,34.073,0.7134,58.268,28.5571,7.0308
29270.0,3.2503,38.3507,0.775,72.3337,28.9851,6.8027
29275.0,2.9666,34.0073,0.7241,60.2409,28.7001,7.119
29280.0,2.8435,31.0522,0.6922,53.7738,28.3282,7.2165
29285.0,2.9287,33.2086,0.6955,55.5709,28.3499,7.0197
29290.0,2.9788,33.9817,0.7344,60.1234,28.7594,6.9926
29295.0,3.2806,40.1226,0.8375,76.4845,28.366,6.7106
29300.0,2.8596,31.5948,0.6842,53.8905,28.3848,7.2242
29305.0,3.0572,35.4356,0.7418,63.8187,29.0073,6.9182
29310.0,2.8649,31.7382,0.6996,54.1287,28.2411,7.084
29315.0,3.0069,34.7008,0.7016,60.4195,28.2288,7.0092
29320.0,2.9848,33.8127,0.7209,58.8318,28.4678,7.0806
29325.0,3.0856,35.4567,0.7499,65.9767,28.3837,6.9419
29330.0,2.9177,33.2574,0.7198,55.7747,28.4177,7.1004
29335.0,3.1467,36.9542,0.7754,68.3929,28.3048,6.7411
29340.0,3.0493,35.5065,0.7567,65.1843,28.4973,7.0119
29345.0,3.0724,35.6992,0.7567,64.8364,28.4412,6.8863
29350.0,2.8887,32.0458,0.7035,53.4005,28.3456,7.1345
29355.0,3.0349,34.7103,0.7324,63.8909,28.7099,7.0588
29360.0,3.0871,36.2051,0.7305,62.963,28.4765,6.8691
29365.0,3.2582,38.7814,0.7875,74.1332,28.5339,6.7539
29370.0,2.9945,34.1881,0.7174,59.6427,28.5849,7.0818
29375.0,2.8847,32.6233,0.7001,56.0812,28.3116,7.2102
29380.0,2.9152,33.1573,0.6851,56.0208,28.4862,7.0612
29385.0,2.6649,28.8906,0.6486,44.3777,28.9054,7.2296
29390.0,2.9236,33.3468,0.7039,57.4662,28.3822,7.0555
29395.0,2.9242,32.8253,0.6964,56.957,28.6731,7.0248
29400.0,2.7988,30.945,0.6757,52.114,28.4307,7.0906
29405.0,2.746,30.0434,0.6515,46.5832,28.5131,7.2059
29410.0,2.9203,33.5475,0.7263,56.8242,28.4558,7.0564
29415.0,2.9661,33.9208,0.7083,59.7099,28.4182,6.9888
29420.0,3.1003,36.4089,0.7793,68.5486,28.6287,6.8001
29425.0,2.4648,24.5853,0.5819,37.2155,28.8152,7.4534
29430.0,2.5542,26.3134,0.6365,40.5585,28.363,7.2517
29435.0,2.8222,30.9259,0.6709,51.1376,28.473,7.0982
29440.0,2.6912,28.9982,0.6549,45.5255,28.3611,7.15
29445.0,2.9669,34.2201,0.7355,60.0744,28.5752,6.9404
29450.0,3.1713,36.6934,0.7445,67.8781,27.9419,6.6169
29455.0,3.049,34.7636,0.7502,65.0263,28.7649,6.8137
29460.0,2.9385,33.0733,0.7122,57.6622,28.2208,6.9331
29465.0,3.0118,34.6436,0.7305,60.4709,28.2862,6.8341
29470.0,2.7097,28.6233,0.6475,44.7032,28.6655,7.1302
29475.0,3.0877,36.0224,0.7539,65.9709,28.4989,6.8264
29480.0,2.8881,32.6866,0.6964,54.5083,28.5602,6.9753
29485.0,2.9501,34.094,0.7359,58.6736,28.5603,6.9881
29490.0,2.8639,32.4484,0.6834,53.6433,28.3592,7.0482
29495.0,3.0045,34.1521,0.7228,60.7961,28.3179,6.9407
29500.0,2.9251,32.6666,0.7013,56.4404,28.4849,7.097
29505.0,2.433,24.4333,0.6058,37.6675,28.7563,7.4378
29510.0,3.2304,38.1626,0.7896,72.2518,28.6603,6.7056
29515.0,2.7194,29.069,0.6557,46.5523,28.999,7.0617
29520.0,2.5199,25.9031,0.6269,38.2358,28.6867,7.3043
29525.0,2.6822,28.6782,0.6658,46.3709,28.536,7.0521
29530.0,2.931,32.7751,0.7056,56.2512,28.6376,6.9651
29535.0,2.6318,27.9381,0.6371,43.4584,28.4578,7.1649
29540.0,2.9523,33.3645,0.7036,59.5153,28.52,6.8495
29545.0,2.5717,26.6731,0.6274,42.1496,27.9781,7.2391
29550.0,2.7504,29.7198,0.6665,47.3532,28.4591,7.0674
29555.0,2.6732,28.5485,0.6474,46.1862,28.0132,7.0493
29560.0,3.0316,34.9209,0.7385,62.6256,28.5166,6.8467
29565.0,3.019,34.795,0.7229,62.2738,28.581,6.7523
29570.0,3.0301,34.7587,0.7333,63.9133,28.0045,6.8319
29575.0,2.8294,31.1711,0.6804,53.5296,28.5895,6.9479
29580.0,2.9333,33.8387,0.6964,56.7676,28.3618,6.9121
29585.0,3.1181,37.1232,0.7707,65.5236,28.5633,6.7382
29590.0,2.8053,31.3027,0.7034,51.8233,28.4945,6.9995
29595.0,2.6251,27.3841,0.6278,42.0999,28.2223,7.2509
29600.0,2.5419,25.9242,0.6384,40.8317,28.2053,7.2013
29605.0,2.7294,29.8496,0.666,48.7083,28.3126,7.08
29610.0,2.6122,28.495,0.6385,44.0957,27.7472,7.2217
29615.0,2.7575,30.9079,0.6683,49.3125,28.1884,7.0037
29620.0,2.7739,30.3174,0.6666,50.1378,28.5549,6.9667
29625.0,2.745,30.1894,0.6572,46.839,28.431,7.0681
29630.0,2.7372,29.4859,0.666,48.1826,28.4594,7.0101
29635.0,2.867,31.89,0.6807,53.2068,28.1253,6.8676
29640.0,2.6255,27.692,0.6458,41.2943,28.0436,7.1123
29645.0,2.8197,31.5608,0.6722,53.2683,28.3959,7.1069
29650.0,2.6531,28.9868,0.6577,43.5717,27.9605,7.1829
29655.0,2.3469,22.7113,0.5859,32.478,27.8016,7.3665
29660.0,2.5088,26.0545,0.6241,38.8461,28.4482,7.2501
29665.0,2.2811,22.0912,0.5876,30.5064,28.3847,7.2087
29670.0,2.4896,25.6097,0.6136,37.3725,28.2243,7.1182
29675.0,2.6824,29.5233,0.6577,46.5315,28.3501,6.797
29680.0,2.7289,30.4247,0.6694,46.6994,28.5284,6.9578
29685.0,2.7314,29.4563,0.6432,47.9345,27.9037,6.9387
29690.0,2.7971,31.1785,0.6796,48.9337,28.5042,6.8385
29695.0,2.7459,29.6712,0.6521,46.4369,27.7342,6.91
29700.0,2.9195,32.8152,0.716,56.6417,27.9491,6.7718
29705.0,2.8261,31.4726,0.6928,51.7551,27.9413,6.9119
29710.0,2.8335,31.7299,0.6646,51.9063,28.1548,6.921
29715.0,2.8105,31.2166,0.6885,51.3039,27.9137,6.9401
29720.0,2.9227,33.5891,0.6897,57.4476,27.9892,6.7837
29725.0,2.6014,27.3157,0.6175,39.5122,28.3049,7.0733
29730.0,2.7723,30.9363,0.6806,50.6105,27.9535,6.9822
29735.0,2.6899,28.9376,0.6696,45.2849,27.8295,6.9724
29740.0,2.8657,31.6334,0.6945,54.2636,28.0392,6.8824
29745.0,2.8394,31.9974,0.6699,52.5876,28.725,6.9827
29750.0,2.8499,31.5406,0.6703,52.8302,27.6831,6.8866
29755.0,2.5509,26.7453,0.6261,39.7262,27.9138,7.2147
29760.0,2.8591,31.9534,0.6998,55.4328,27.7826,6.9181
29765.0,2.6589,28.2759,0.6332,43.2687,27.607,7.0814
29770.0,2.7345,29.9858,0.6611,46.0556,27.7641,7.1548
29775.0,2.4124,24.5225,0.5915,35.5428,28.1129,7.2396
29780.0,2.6403,28.4983,0.6399,42.9839,28.3041,7.0244
29785.0,2.6168,27.2958,0.6224,41.7402,27.8706,7.0305
29790.0,2.7681,30.2347,0.6662,47.5343,28.0844,6.9507
29795.0,2.8527,31.8184,0.6876,54.1834,28.1021,6.9489
29800.0,2.7311,29.9174,0.6661,47.9069,27.7561,6.9874
29805.0,2.8795,32.0569,0.688,53.4085,27.9084,6.8635
29810.0,2.5969,27.0127,0.6242,42.6854,28.0891,7.1472
29815.0,2.6713,29.6261,0.6533,45.3307,27.6232,7.0304
29820.0,3.0013,34.2193,0.736,60.7846,27.6284,6.8001
29825.0,2.513,26.0762,0.6061,38.7755,27.7451,7.1822
29830.0,2.3668,23.792,0.5851,32.278,28.0619,7.2566
29835.0,2.6994,29.2528,0.6487,47.1331,27.3849,6.99
29840.0,2.6271,27.9232,0.6368,44.0113,27.4675,7.087
29845.0,2.5244,26.6223,0.6285,40.1053,27.3246,7.1494
29850.0,2.4385,24.4607,0.5739,34.3578,27.5733,7.2099
29855.0,2.6207,27.858,0.6391,44.2541,27.957,7.0831
29860.0,2.5337,26.4526,0.6082,37.815,27.8637,7.0929
29865.0,2.6517,28.1477,0.6095,42.5002,28.1139,7.0246
29870.0,2.4975,25.2499,0.6097,36.7301,27.6857,7.1113
29875.0,2.9299,33.0463,0.7032,56.5337,27.7671,6.8186
29880.0,2.2713,21.8156,0.5581,29.5246,27.6089,7.3356
29885.0,2.4951,25.802,0.626,36.0942,27.5501,7.0386
29890.0,2.6946,29.0322,0.6489,45.0601,28.3553,6.8914
29895.0,2.4295,24.0808,0.6161,34.8269,27.774,7.0842
29900.0,2.4103,23.9639,0.6008,34.5842,27.464,7.1564
29905.0,2.6151,27.7798,0.6226,42.5141,27.7677,7.0547
29910.0,2.523,25.8429,0.6271,39.2935,27.8439,6.9774
29915.0,2.5666,27.4999,0.63,41.1292,27.0558,6.9615
29920.0,2.3622,23.8869,0.5861,32.1365,27.5242,7.036
29925.0,2.376,23.5344,0.586,33.0778,27.9034,7.1887
29930.0,2.5323,26.2223,0.6137,38.5684,27.7151,6.9431
29935.0,2.5512,26.4786,0.6406,40.6735,27.4382,6.9887
29940.0,2.66,28.1082,0.6781,45.8155,27.7968,6.8115
29945.0,2.4417,24.8706,0.6101,35.4235,27.5271,7.0673
29950.0,2.4932,25.4445,0.6047,36.954,27.3138,7.0619
29955.0,2.4048,24.0872,0.5977,33.9793,27.5008,7.11
29960.0,2.4396,24.9552,0.6223,36.6747,27.7735,7.0544
29965.0,2.3403,22.8924,0.5806,32.0603,27.5705,7.0973
29970.0,2.5896,27.7398,0.6245,41.664,27.4771,6.9957
29975.0,2.5176,25.9679,0.6092,37.8055,27.05,6.9839
29980.0,2.272,21.6269,0.5592,29.7166,27.3995,7.229
29985.0,2.268,22.2737,0.5752,29.4741,27.6658,7.0898
29990.0,2.8048,30.5923,0.6634,50.6834,27.7115,6.6514
29995.0,2.3578,23.9423,0.6132,33.5869,27.0447,7.1523
30000.0,2.6636,28.5117,0.621,42.4639,27.1973,6.8754
30005.0,2.5335,25.8164,0.6096,39.7399,27.3616,7.0098
30010.0,2.4052,24.088,0.5865,33.648,27.2688,7.0138
30015.0,2.271,21.5618,0.5577,28.0636,27.5085,7.319
30020.0,2.5229,26.3637,0.6287,39.9843,26.9292,7.003
30025.0,2.1435,19.73,0.5674,23.4052,27.2387,7.2731
30030.0,2.4314,24.0369,0.6022,34.4882,27.5638,7.046
30035.0,2.0884,18.5904,0.5389,21.2836,27.4903,7.3452
30040.0,2.0781,18.2721,0.548,22.058,27.0092,7.3357
30045.0,2.2752,21.9753,0.5667,28.5695,27.4667,7.0369
30050.0,2.603,26.8253,0.6374,42.2333,26.8781,6.7731
30055.0,2.3223,22.998,0.5939,31.4164,27.4056,7.013
30060.0,2.1448,19.5695,0.562,24.3263,27.5541,7.1097
30065.0,2.6868,29.4745,0.6431,45.2498,27.238,6.7028
30070.0,2.3362,22.9442,0.5719,31.2155,26.9476,6.9328
30075.0,2.4925,25.8102,0.5738,37.0688,26.7476,6.9187
30080.0,2.167,19.235,0.5395,25.5751,27.5448,7.2377
30085.0,2.6914,28.8963,0.6393,45.4178,26.8273,6.7854
30090.0,2.0101,17.1796,0.551,19.1176,26.8702,7.3513
30095.0,2.5245,26.542,0.6113,37.965,27.089,6.887
30100.0,2.5052,26.078,0.5994,37.9984,27.0036,6.874
30105.0,2.5522,26.0415,0.6251,40.2955,27.1506,6.8418
30110.0,2.2458,21.2392,0.5671,26.101,27.1055,7.096
30115.0,2.2105,21.3353,0.5508,25.7765,27.1383,7.1519
30120.0,2.3497,23.4077,0.5972,31.0176,27.0293,7.0042
30125.0,2.5183,25.7971,0.6263,39.2538,26.7524,6.8134
30130.0,2.4735,24.5237,0.57,35.1911,27.1389,6.8471
30135.0,2.5803,27.2866,0.6299,42.8522,27.1244,6.7569
30140.0,2.4794,25.4328,0.6115,36.9408,27.0863,6.9277
30145.0,2.4615,24.917,0.5816,35.3438,26.9857,6.8635
30150.0,2.5567,26.0738,0.6115,39.5229,27.086,6.9091
30155.0,2.6951,28.9823,0.656,46.4798,26.2925,6.7685
30160.0,2.493,25.0056,0.6202,35.781,27.1128,7.0428
30165.0,2.4718,25.4944,0.6106,39.0336,26.8896,6.9956
30170.0,2.2764,21.7177,0.5572,27.8558,26.6707,7.0886
30175.0,2.3979,24.031,0.5919,33.0965,26.6028,7.0032
30180.0,2.6516,28.1327,0.6349,45.5221,26.572,6.833
30185.0,2.2914,22.0882,0.5607,29.5171,26.8418,7.1574
30190.0,2.8184,31.1823,0.6754,51.9663,26.7328,6.7655
30195.0,2.5673,27.2667,0.6174,41.7946,27.1997,6.9864
30200.0,2.5117,25.7093,0.6129,38.6534,26.7397,7.0228
30205.0,2.5289,26.3107,0.624,39.2466,26.4173,7.0064
30210.0,2.5084,26.4406,0.5956,35.6056,27.3192,7.017
30215.0,2.7149,29.6607,0.6635,47.3997,26.7141,6.8446
30220.0,2.5981,27.2176,0.6291,41.4503,26.6727,6.9285
30225.0,2.7092,30.0127,0.6658,46.3617,26.5068,6.8328
30230.0,2.5991,27.4575,0.6279,42.5009,26.3648,6.9036
30235.0,2.3481,23.0044,0.5935,31.6833,26.9086,7.2337
30240.0,2.3156,22.6487,0.5714,29.8256,26.4463,7.1805
30245.0,2.6225,28.1069,0.6388,42.3827,26.7689,6.8474
30250.0,2.3131,21.9309,0.5759,30.0581,26.4806,7.0885
30255.0,2.4476,24.7876,0.5909,34.4711,26.7257,7.0399
30260.0,2.6205,27.463,0.6273,41.6971,26.4149,6.8705
30265.0,2.402,23.9827,0.5843,32.8391,26.501,7.1258
30270.0,2.743,29.7577,0.6643,48.4373,26.5565,6.7142
30275.0,2.3648,23.7206,0.6007,33.4983,26.5946,7.1576
30280.0,2.4619,24.684,0.5716,35.1722,26.8599,7.1228
30285.0,2.7907,30.4734,0.6619,48.611,26.4221,6.7704
30290.0,2.8638,32.4746,0.7129,54.4034,26.22,6.6909
30295.0,2.5914,26.9186,0.6452,40.3701,26.0266,7.1283
30300.0,3.0684,36.2995,0.7516,65.2072,26.2364,6.5287
30305.0,2.6571,28.4064,0.6465,43.5207,26.5788,7.0218
30310.0,2.6263,27.7566,0.6382,44.635,26.3813,6.9924
30315.0,2.7373,29.6903,0.6714,49.2154,26.6297,6.9219
30320.0,2.5797,26.9949,0.6219,42.2528,26.4384,7.1156
30325.0,2.3609,23.8484,0.6009,34.2321,26.3327,7.3045
30330.0,2.6405,28.0076,0.6327,44.759,26.0325,7.0062
30335.0,2.4331,24.4457,0.5897,34.6573,26.3316,7.1146
30340.0,2.6925,28.6119,0.6427,47.016,26.63,6.8914
30345.0,2.2295,20.8967,0.5572,24.7478,26.1588,7.3191
30350.0,2.4611,25.4781,0.5962,36.5999,26.3918,7.1578
30355.0,2.3297,21.8917,0.592,30.3384,26.0871,7.1652
30360.0,2.4217,24.014,0.5827,35.1249,26.449,7.1538
30365.0,2.3571,23.0214,0.5676,31.1169,26.3562,7.0711
30370.0,2.0285,18.173,0.5327,19.8075,26.2013,7.4124
30375.0,2.4906,25.538,0.6386,38.4217,25.8942,6.9474
30380.0,2.4578,24.6163,0.5844,36.1213,26.2943,6.9766
30385.0,2.107,18.9634,0.5396,23.1841,26.6196,7.3062
30390.0,2.0497,17.6971,0.5524,21.0237,26.019,7.3394
30395.0,2.1119,19.5479,0.5575,23.8977,26.6557,7.1403
30400.0,2.1399,19.2197,0.5578,25.371,25.6983,7.1813
30405.0,2.107,18.9894,0.5661,21.8233,25.9847,7.2559
30410.0,2.3326,22.912,0.5823,31.4372,25.8858,6.9027
30415.0,2.0908,17.8984,0.5476,21.3504,26.0833,7.149
30420.0,2.2332,20.8953,0.5644,27.0747,26.2361,7.0676
30425.0,2.2175,20.6184,0.5688,26.2046,25.787,7.0988
30430.0,2.1935,19.7943,0.5707,26.68,25.9033,7.0997
30435.0,2.4502,24.8236,0.6024,35.3319,26.0174,6.752
30440.0,2.1708,20.5887,0.5544,24.3723,25.9068,7.0368
30445.0,1.9722,16.2251,0.5454,17.3665,25.8237,7.3018
30450.0,2.0322,17.6545,0.5539,21.929,25.7862,7.1719
30455.0,1.9868,17.2739,0.5144,17.5187,26.1678,7.1158
30460.0,2.0223,16.9241,0.5466,20.3267,25.6931,7.1541
30465.0,2.0766,18.4526,0.5369,21.1495,26.1792,7.0249
30470.0,1.9578,17.2047,0.5326,18.493,25.7408,7.2083
30475.0,2.1113,18.4726,0.5406,23.3661,25.981,7.0273
30480.0,2.1787,20.025,0.5717,24.0481,25.8051,6.9047
30485.0,2.2208,21.0032,0.5539,25.4448,25.7982,6.8116
30490.0,2.4221,24.1689,0.5919,34.8154,25.707,6.8168
30495.0,2.3477,23.3729,0.5741,31.5922,25.6129,6.8714
30500.0,2.2396,21.2997,0.5609,27.4743,25.565,6.8857
30505.0,2.1776,19.8386,0.565,26.2625,25.3875,7.0164
30510.0,2.149,19.7954,0.5575,23.7772,25.7838,7.0525
30515.0,2.0688,18.437,0.5352,20.9564,25.5378,7.0828
30520.0,2.1715,20.1043,0.5441,23.8711,25.5335,6.9931
30525.0,2.314,23.2221,0.5579,31.0075,25.4356,6.8903
30530.0,2.1092,18.6547,0.5661,23.3063,25.6417,7.0005
30535.0,2.4167,24.8734,0.59,35.3077,25.6457,6.6712
30540.0,2.1139,18.4016,0.5448,23.1572,25.2758,7.0921
30545.0,2.5178,26.4532,0.612,38.5043,24.968,6.7922
30550.0,2.4119,23.5482,0.6047,32.6687,26.0041,6.8895
30555.0,2.3044,22.6412,0.5787,30.4458,25.089,6.9488
30560.0,2.764,30.3339,0.6896,50.3762,25.4312,6.4503
30565.0,2.608,27.4934,0.6341,42.692,25.155,6.6299
30570.0,2.5622,26.5423,0.6376,40.8347,25.3484,6.7955
30575.0,2.418,23.7938,0.5917,34.4271,24.815,7.0097
30580.0,2.4488,25.0914,0.6137,36.5716,25.7779,6.9806
30585.0,2.4978,25.4298,0.6145,37.0829,25.3175,6.8978
30590.0,2.4859,25.3964,0.5924,35.3785,25.4108,6.8932
30595.0,2.3458,23.2278,0.5765,30.9084,25.3893,7.1485
30600.0,2.2854,21.6319,0.5813,28.0724,25.2085,7.1403
30605.0,2.6198,27.4504,0.6268,42.8076,24.8569,6.8164
30610.0,2.7317,29.5585,0.669,47.3783,25.507,6.6729
30615.0,2.3543,22.7668,0.6017,32.5329,24.6808,7.0632
30620.0,2.7723,30.6421,0.6715,51.0006,25.1765,6.7098
30625.0,2.3941,23.4665,0.5818,33.2503,24.6971,7.0972
30630.0,2.4116,24.0508,0.6037,34.0696,25.2073,7.0445
30635.0,2.1948,20.3743,0.5386,25.4727,25.131,7.2171
30640.0,2.256,21.6647,0.5625,28.1066,25.0945,7.2555
30645.0,2.2433,21.3317,0.559,27.1997,24.9894,7.1278
30650.0,2.3791,23.5866,0.587,33.426,24.9211,7.052
30655.0,2.3563,22.4901,0.5949,31.5608,24.9758,6.9886
30660.0,2.3333,22.8026,0.5894,30.127,25.0762,7.0409
30665.0,2.4232,24.3514,0.5966,33.9637,24.7698,6.9937
30670.0,2.2085,19.8035,0.5631,26.7025,24.9381,7.139
30675.0,2.5411,26.2188,0.5976,38.5403,24.8286,6.8468
30680.0,2.4931,26.0648,0.6098,37.0318,25.6049,6.8722
30685.0,2.2678,21.7664,0.5522,29.1591,24.8805,7.2309
30690.0,2.2429,21.3426,0.5512,26.7214,24.75,7.1541
30695.0,2.4458,24.4775,0.5959,36.1988,24.983,7.0011
30700.0,2.2816,21.562,0.5819,30.3815,25.3785,7.1522
30705.0,2.3362,22.8747,0.5762,31.1835,24.7168,7.0703
30710.0,2.2376,21.4299,0.5672,27.4252,24.9784,7.0892
30715.0,2.3721,23.5001,0.6074,34.461,24.8004,7.0208
30720.0,2.2765,21.1514,0.5526,28.0864,25.0644,7.0513
30725.0,2.2585,21.0647,0.569,27.8047,24.9211,7.0676
30730.0,2.2638,21.4822,0.5579,28.3266,24.94,7.0898
30735.0,2.4663,25.0791,0.6281,38.7714,24.4875,6.8974
30740.0,2.3929,23.6578,0.5932,32.9234,24.7484,6.9505
30745.0,2.2564,21.0706,0.5467,26.5347,24.9637,7.0208
30750.0,2.7324,30.0683,0.6583,48.7326,25.192,6.6941
30755.0,2.5897,27.6645,0.6357,41.387,24.5253,6.7768
30760.0,2.3729,23.1501,0.5913,32.5597,24.7221,6.9957
30765.0,2.3925,22.9273,0.5991,34.0887,24.9469,6.991
30770.0,2.1322,19.1789,0.5503,24.4185,24.7029,7.3233
30775.0,2.2525,20.7982,0.5652,26.9111,24.9628,7.1749
30780.0,2.3834,22.8754,0.5891,31.7714,24.0765,6.9771
30785.0,2.5565,26.4821,0.6131,39.4681,24.7397,6.7982
30790.0,2.3431,22.4031,0.5845,31.1492,24.5905,6.9069
30795.0,2.1313,18.613,0.5502,22.3252,24.8275,7.3084
30800.0,2.1551,19.2471,0.5389,24.1647,24.914,7.2029
30805.0,2.2161,20.3859,0.5648,26.3172,24.7861,7.1423
30810.0,2.1158,19.0137,0.5634,23.184,24.1048,7.2103
30815.0,2.014,17.8632,0.5381,19.3524,24.3065,7.3213
30820.0,2.2885,21.9719,0.5929,30.568,24.7094,7.0711
30825.0,2.2304,21.4721,0.5576,26.4479,24.5965,7.0803
30830.0,2.2782,22.1495,0.5549,30.2538,24.7378,6.8553
30835.0,2.2843,21.8342,0.5843,29.9938,24.6182,6.8906
30840.0,2.0541,18.0993,0.5531,21.3883,24.1401,7.1863
30845.0,2.103,18.571,0.5385,21.1059,25.0059,7.1177
30850.0,2.2462,21.484,0.567,26.3757,24.1644,7.007
30855.0,2.0467,17.9394,0.5444,20.3619,24.4505,7.1842
30860.0,2.2245,20.9018,0.5719,28.0481,24.02,6.9099
30865.0,1.8616,15.3738,0.5186,14.0035,24.6493,7.3669
30870.0,2.0886,18.4851,0.5526,21.4635,24.5445,7.1483
30875.0,1.97,15.7532,0.526,18.4739,24.6027,7.0903
30880.0,2.2004,20.2112,0.5593,25.744,24.2742,6.8979
30885.0,2.1507,19.7322,0.5454,23.3554,24.2701,6.9963
30890.0,2.1756,19.8407,0.5614,25.3209,24.3793,7.0039
30895.0,2.012,17.0751,0.5161,19.1506,24.2139,7.0982
30900.0,2.2138,20.8264,0.5766,27.2069,24.4862,6.9305
30905.0,2.2143,20.6409,0.5688,26.0287,24.5024,6.9398
30910.0,2.1203,18.6517,0.5504,23.5575,24.3197,6.9734
30915.0,1.804,13.2929,0.5075,12.5638,23.8635,7.6252
30920.0,2.2007,20.5229,0.5789,26.9034,24.0666,6.9406
30925.0,1.9486,15.7862,0.5332,16.9742,24.4847,7.174
30930.0,1.986,16.7271,0.5335,18.768,24.8785,7.223
30935.0,2.3347,22.4304,0.5846,30.7295,24.3966,6.7897
30940.0,1.9261,16.176,0.5062,17.6703,23.969,7.3368
30945.0,1.9974,17.1935,0.5144,18.2609,24.0439,7.2867
30950.0,2.0316,17.2744,0.5268,21.2782,24.0362,7.1322
30955.0,2.0149,16.939,0.5374,20.8819,24.1749,7.1495
30960.0,2.2254,21.5391,0.5536,26.2724,23.6807,6.937
30965.0,1.9046,14.7928,0.5264,15.2823,24.0213,7.3506
30970.0,2.0567,18.0397,0.5378,20.9531,24.1272,7.064
30975.0,2.062,17.8255,0.548,21.6483,24.2584,7.0874
30980.0,2.1479,19.7592,0.5714,24.0283,24.0456,6.9144
30985.0,2.0482,17.8249,0.545,19.944,23.6186,7.0737
30990.0,2.0656,18.0997,0.5364,20.4505,24.4165,7.0387
30995.0,2.1264,19.4737,0.5558,24.9611,24.3713,7.0187
31000.0,2.217,20.9725,0.5635,27.4797,24.0095,6.9123
31005.0,2.0688,17.6263,0.5285,20.3044,23.6612,7.1474
31010.0,2.2754,21.9168,0.5876,29.6456,23.9073,6.8472
31015.0,2.2194,20.474,0.5559,25.9929,23.832,6.8514
31020.0,2.3947,23.808,0.5816,32.9526,23.9373,6.8397
31025.0,2.1661,20.1049,0.5657,25.5071,23.9216,7.0239
31030.0,2.0624,18.0691,0.5413,20.9121,23.4505,7.27
31035.0,2.2,20.0084,0.5606,24.3398,23.3634,6.9795
31040.0,1.9212,15.4034,0.4985,15.1382,23.762,7.3731
31045.0,1.8602,14.261,0.5099,15.2512,23.7129,7.4373
31050.0,2.1499,19.3207,0.5434,23.5867,23.3354,6.9825
31055.0,2.2025,20.9859,0.5648,26.6621,24.0364,6.9752
31060.0,2.402,24.335,0.5772,34.0247,23.7624,6.7619
31065.0,2.1702,19.9881,0.5637,26.2152,23.5889,6.9339
31070.0,2.0978,19.2925,0.5483,21.6552,23.8708,7.0983
31075.0,2.0981,17.9496,0.5544,22.3199,23.5178,7.1687
31080.0,2.0176,17.9631,0.5261,17.8624,23.8802,7.2231
31085.0,2.0662,17.9325,0.5392,22.5667,23.3686,7.1131
31090.0,2.2271,20.8788,0.5604,27.7252,23.5459,6.8931
31095.0,2.0417,18.0558,0.5483,21.5933,23.205,7.1788
31100.0,2.1256,19.2813,0.5505,23.5478,23.5924,7.0579
31105.0,2.2389,20.3671,0.5675,28.7317,23.7894,6.8458
31110.0,2.224,20.8211,0.5549,27.5758,23.9494,6.872
31115.0,2.0051,16.1434,0.5369,18.7509,23.4383,7.2012
31120.0,2.1161,18.6396,0.5652,22.8537,23.4767,7.1143
31125.0,2.0319,17.5045,0.5298,19.4312,23.1399,7.31
31130.0,2.0794,17.9829,0.5544,21.509,23.8557,7.154
31135.0,2.0103,17.008,0.51,19.5945,23.2785,7.1694
31140.0,2.3287,22.8889,0.5906,30.9528,23.339,6.8215
31145.0,2.1712,20.2875,0.5457,24.23,23.3963,7.0276
31150.0,2.311,22.5923,0.5843,31.0393,23.6782,6.8526
31155.0,2.191,20.3885,0.565,25.1948,23.2524,6.9771
31160.0,2.0497,17.6359,0.5512,22.358,23.7267,7.2487
31165.0,2.0108,17.7876,0.5393,20.9497,23.6954,7.1513
31170.0,2.1848,19.99,0.57,24.9312,23.5292,6.9743
31175.0,2.0615,17.6302,0.5352,21.1583,23.6124,7.1373
31180.0,2.0327,17.4551,0.5369,18.625,23.3038,7.1738
31185.0,1.8904,15.7096,0.531,15.9794,23.1576,7.4144
31190.0,2.1006,18.5387,0.5463,23.4099,23.4516,7.0748
31195.0,2.36,23.4759,0.6135,33.3728,23.3655,6.8225
31200.0,2.2259,21.4836,0.5656,28.1269,23.1716,6.8632
31205.0,2.1903,19.7524,0.581,25.7342,23.6514,6.915
31210.0,2.0995,18.9474,0.5532,22.2576,23.181,7.0681
31215.0,2.1243,18.8316,0.5445,23.5933,22.9696,6.996
31220.0,2.2287,20.7123,0.5618,27.3384,23.1416,6.9098
31225.0,1.9469,16.2043,0.5219,16.4013,23.4288,7.3831
31230.0,2.1284,19.0817,0.5516,23.696,23.4549,7.1067
31235.0,2.2645,22.1307,0.572,28.2681,23.3968,6.8274
31240.0,2.0056,17.0567,0.5329,19.7002,23.4583,7.2797
31245.0,2.043,17.4778,0.535,21.082,23.8581,7.0764
31250.0,2.5544,26.3208,0.6037,39.0304,23.1481,6.6166
31255.0,2.1257,19.3809,0.5559,23.6108,23.2002,7.0985
31260.0,1.8854,15.1139,0.5242,16.7125,23.2591,7.3942
31265.0,1.9921,16.75,0.569,19.3283,23.0818,7.2466
31270.0,1.9507,15.8731,0.5327,16.518,23.0689,7.3411
31275.0,2.3431,24.039,0.592,32.0626,23.5922,6.8199
31280.0,2.2181,20.0459,0.5733,26.3485,23.3058,6.9134
31285.0,2.1153,18.8647,0.5781,24.456,23.351,7.1153
31290.0,2.0254,17.1384,0.5193,18.2021,23.0238,7.2518
31295.0,2.2151,20.6447,0.5712,26.0357,23.1282,6.9782
31300.0,2.078,18.3533,0.551,20.9255,23.5753,7.0989
31305.0,1.93,15.9221,0.5461,18.6296,23.1049,7.373
31310.0,1.9661,16.0805,0.5346,18.3714,23.7988,7.3298
31315.0,1.9822,16.4142,0.5389,17.2227,23.4108,7.3255
31320.0,2.163,20.0067,0.5375,23.7033,23.6802,7.0301
31325.0,2.0343,17.9339,0.5198,20.5776,23.4864,7.0157
31330.0,2.0496,17.5862,0.5235,21.3623,23.4678,7.1924
31335.0,1.8897,14.7823,0.5125,14.6238,23.3311,7.312
31340.0,1.9948,17.1062,0.5163,18.129,23.1298,7.2778
31345.0,1.9706,16.5356,0.5346,18.6884,23.5079,7.2427
31350.0,1.9867,16.4768,0.5384,17.9829,22.8999,7.3734
31355.0,2.0924,18.2296,0.5483,22.957,23.2393,7.1386
31360.0,1.9084,15.2484,0.5362,18.4418,22.7954,7.38
31365.0,2.0283,17.3113,0.5265,17.8701,23.5469,7.1673
31370.0,1.8808,14.6831,0.5248,15.7007,23.3582,7.3777
31375.0,1.9932,16.9069,0.5288,17.8234,23.1918,7.1569
31380.0,1.9764,16.2839,0.5298,17.6149,23.0248,7.2663
31385.0,2.1217,18.7339,0.5429,22.819,23.1228,7.0563
31390.0,2.2247,20.837,0.5882,26.7667,23.0522,7.0108
31395.0,2.0308,17.5807,0.5238,20.423,22.5714,7.1978
31400.0,1.9952,16.6968,0.5331,19.2219,23.2338,7.1704
31405.0,2.1875,20.647,0.5725,25.566,22.9342,6.9967
31410.0,2.0276,17.3828,0.5312,19.5492,23.4444,7.1964
31415.0,1.9556,16.3381,0.5194,17.0724,23.2023,7.3691
31420.0,2.0486,17.8175,0.547,21.2512,23.217,7.0915
31425.0,2.0037,16.9275,0.5232,19.224,23.4516,7.2099
31430.0,1.7733,12.0945,0.5185,13.1451,23.306,7.6913
31435.0,1.9982,16.2667,0.5453,18.1353,23.6542,7.1879
31440.0,2.0245,16.852,0.5328,21.4781,23.2029,7.2067
31445.0,1.9754,16.4093,0.5409,17.2882,23.3695,7.2792
31450.0,1.8633,14.7644,0.5148,14.683,23.5885,7.3937
31455.0,1.9412,15.9333,0.5173,16.3844,22.988,7.2634
31460.0,1.9746,15.7316,0.5341,17.4159,23.2213,7.261
31465.0,2.2956,21.7293,0.5596,29.6729,23.3409,6.8505
31470.0,1.9935,17.1269,0.56,19.698,23.0171,7.2372
31475.0,2.0428,17.6656,0.5514,21.7523,23.1863,7.1934
31480.0,2.0696,17.6031,0.5384,21.0637,23.2683,7.245
31485.0,2.019,16.9824,0.5361,19.4663,23.5178,7.1226
31490.0,2.0065,16.9587,0.5432,21.5331,23.3214,7.2969
31495.0,2.0319,17.5791,0.542,18.4992,23.2168,7.169
31500.0,1.9381,15.8391,0.5253,16.1403,23.3703,7.3182
31505.0,2.0012,17.1723,0.5464,20.5116,23.0872,7.2649
31510.0,2.0132,17.5711,0.5396,20.5305,22.9848,7.1516
31515.0,1.998,16.4733,0.5302,18.9894,22.9969,7.3191
31520.0,2.0031,17.3735,0.5433,18.8223,22.5319,7.2191
31525.0,2.3699,23.6878,0.5781,31.3802,22.8935,6.8248
31530.0,2.0936,18.8113,0.5414,22.3335,23.3663,7.1581
31535.0,2.1711,19.4237,0.5496,25.3322,23.0568,7.0818
31540.0,2.0103,16.8498,0.534,19.9362,23.0101,7.2421
31545.0,2.0457,18.2404,0.5295,20.0125,23.3071,7.1974
31550.0,2.1061,18.2764,0.5407,21.1244,23.3676,7.0827
31555.0,2.1417,19.5778,0.5478,23.5092,23.0807,6.9881
31560.0,2.0496,17.7703,0.5261,20.0371,23.6491,7.057
31565.0,2.3602,23.5638,0.581,33.1545,23.0518,6.6977
31570.0,2.0575,17.9872,0.5429,22.2705,22.8686,7.1394
31575.0,2.0027,17.0203,0.524,18.9398,23.0401,7.283
31580.0,1.987,16.7743,0.5366,20.2888,23.1411,7.2305
31585.0,2.3053,22.2708,0.5635,30.738,23.1673,6.8228
31590.0,1.994,16.8989,0.548,18.4326,23.0786,7.2815
31595.0,2.1292,18.778,0.5495,24.2167,23.3443,6.9979
31600.0,2.1967,20.5381,0.5507,26.0693,22.5619,6.9627
31605.0,2.034,17.5509,0.5416,19.6282,23.1058,7.221
31610.0,2.4152,23.8676,0.5956,33.6294,23.0151,6.7111
31615.0,2.3415,22.8552,0.5863,32.3557,23.1483,6.8099
31620.0,1.9872,16.7975,0.5367,19.6606,22.5346,7.2629
31625.0,2.0955,18.4001,0.5442,21.7892,23.0199,7.1806
31630.0,1.975,17.2417,0.5381,19.0643,22.9766,7.3094
31635.0,1.9526,15.8583,0.5379,18.6211,22.5281,7.3826
31640.0,2.1405,19.6504,0.5556,23.779,23.0529,7.0212
31645.0,2.0378,17.6162,0.5374,19.6622,22.9519,7.2392
31650.0,2.2836,22.0598,0.5733,29.0064,23.2916,6.8583
31655.0,1.9788,16.8095,0.5059,17.1457,23.0004,7.2963
31660.0,1.9656,16.2035,0.5173,16.6637,23.0472,7.3515
31665.0,1.9983,17.2228,0.5511,20.1648,23.3179,7.2267
31670.0,2.1202,18.2738,0.5732,25.2722,23.0408,7.0431
31675.0,2.1293,18.8488,0.5698,23.9044,22.8193,7.182
31680.0,1.9773,16.0355,0.5389,17.6119,23.1413,7.2529
31685.0,1.899,15.3413,0.5137,14.6771,23.009,7.4623
31690.0,2.0204,16.9958,0.5289,20.0484,22.8594,7.1587
31695.0,2.1694,20.4592,0.5711,23.9634,23.2065,7.0223
31700.0,1.9868,16.8819,0.5332,18.4271,22.666,7.2704
31705.0,1.9739,16.598,0.5626,19.442,22.6916,7.2412
31710.0,2.0237,17.665,0.5446,20.9421,22.6523,7.2269
31715.0,2.1267,18.8025,0.541,22.481,22.9823,6.9684
31720.0,2.0157,17.0332,0.53,20.3001,22.6726,7.1798
31725.0,2.0687,18.1253,0.5482,20.4087,22.9539,7.2063
31730.0,1.9571,16.0669,0.5219,17.8823,23.2754,7.3466
31735.0,2.066,18.3341,0.5505,24.5254,23.215,7.2061
31740.0,1.9708,16.123,0.5257,17.8624,22.6502,7.2249
31745.0,1.9468,16.1072,0.5218,16.4303,22.6452,7.3793
31750.0,1.9275,15.9316,0.5412,18.983,22.8221,7.3409
31755.0,1.8546,14.5351,0.521,16.0428,22.9223,7.4935
31760.0,2.1203,19.3634,0.558,24.4052,22.5589,7.0592
31765.0,2.0092,17.3114,0.5481,20.151,22.9437,7.2499
31770.0,2.0759,17.9309,0.5496,20.5341,22.8764,7.0921
31775.0,1.8233,13.2185,0.5008,14.1984,22.8687,7.5887
31780.0,1.8662,14.1795,0.4998,15.185,22.3105,7.5518
31785.0,2.0605,18.2048,0.5541,21.316,22.5417,7.2486
31790.0,2.0652,17.7722,0.5475,21.2029,22.584,7.183
31795.0,2.1307,19.0912,0.5396,23.2665,22.8142,7.136
31800.0,1.9586,15.9018,0.5561,19.0232,22.8595,7.2848
31805.0,1.9899,16.7023,0.531,18.8599,22.7944,7.2163
31810.0,2.0373,18.0041,0.5172,20.3564,23.0002,7.2991
31815.0,2.0171,17.4687,0.5506,20.5577,22.5983,7.229
31820.0,2.0558,17.1853,0.5426,20.4639,22.9825,7.2132
31825.0,1.9988,16.8778,0.5317,18.8381,22.6285,7.3144
31830.0,1.9113,15.6644,0.5335,16.5435,23.0813,7.3951
31835.0,2.0766,18.0186,0.5455,21.0193,23.405,7.1258
31840.0,1.8985,15.4922,0.5194,17.4238,22.8216,7.4341
31845.0,1.9547,17.1548,0.5257,18.784,23.0341,7.3503
31850.0,2.0719,18.3106,0.5536,22.4455,23.1002,7.1348
31855.0,1.993,17.3963,0.5314,18.7183,22.8646,7.2978
31860.0,2.0269,16.9043,0.5554,21.6048,23.0183,7.1701
31865.0,1.9334,16.1518,0.5328,17.5018,22.8052,7.4008
31870.0,2.0918,18.9425,0.559,22.8717,23.4516,7.1373
31875.0,2.0169,16.4857,0.5476,19.528,23.0799,7.1935
31880.0,2.0996,18.7225,0.5308,22.4082,22.8871,7.1363
31885.0,1.9322,15.3944,0.5315,17.5147,23.2157,7.3301
31890.0,1.7947,13.5489,0.5131,14.8505,23.2356,7.5943
31895.0,2.0727,17.9346,0.55,20.3198,22.4742,7.1503
31900.0,2.0851,18.2089,0.5614,22.5613,23.3811,7.1772
31905.0,1.9841,16.2005,0.5092,17.7433,22.9188,7.3417
31910.0,1.8491,14.3494,0.5148,14.2028,22.661,7.4576
31915.0,2.1344,18.8321,0.5617,22.1169,22.9483,7.1075
31920.0,2.0046,16.2306,0.5325,19.8241,22.8131,7.2836
31925.0,1.8428,14.5807,0.5262,14.0267,23.0814,7.5149
31930.0,2.2659,21.1973,0.5657,26.9266,23.2595,6.8369
31935.0,2.0099,16.8926,0.542,18.1489,23.0265,7.1533
31940.0,1.8992,14.9468,0.5084,15.1961,22.9948,7.4133
31945.0,2.0129,16.7566,0.5564,21.3099,22.8422,7.2763
31950.0,1.9679,16.8953,0.5253,16.9233,23.2682,7.3232
31955.0,2.0628,18.3058,0.5349,20.1038,22.9002,7.2124
31960.0,1.9616,16.0574,0.5142,16.3323,22.7409,7.3169
31965.0,1.9589,15.806,0.5237,16.8833,23.279,7.2623
31970.0,2.1424,18.9762,0.5403,22.7462,22.7734,7.038
31975.0,2.1194,19.1914,0.5483,24.7592,23.2524,7.1106
31980.0,2.0259,17.3768,0.5366,19.0727,22.9703,7.1096
31985.0,2.2631,21.6161,0.5807,28.637,22.8518,6.9934
31990.0,2.0133,17.0168,0.5355,20.0069,23.1795,7.3191
31995.0,1.9394,16.1104,0.5348,16.6403,23.5904,7.2936
32000.0,1.9392,15.1589,0.5361,16.8187,23.146,7.3518
32005.0,2.2258,20.4735,0.5647,26.456,22.9208,7.0223
32010.0,1.9463,16.063,0.5186,16.9884,23.2969,7.3574
32015.0,2.1472,20.1601,0.5532,22.4693,23.0659,7.0748
32020.0,2.0358,17.516,0.5281,18.8484,23.552,7.2012
32025.0,1.9971,16.573,0.5347,19.1043,22.938,7.2807
32030.0,2.0724,18.705,0.5559,22.1128,23.559,7.1644
32035.0,1.868,14.1973,0.5126,15.5361,23.2899,7.5481
32040.0,2.1346,20.0898,0.561,24.7346,22.9192,7.0058
32045.0,1.9622,15.8286,0.5346,19.2143,22.744,7.3033
32050.0,2.0384,17.9194,0.5469,21.0993,23.3888,7.0739
32055.0,2.1553,19.6616,0.5643,24.5916,23.0532,6.9981
32060.0,2.0908,18.5337,0.5395,22.9565,22.7579,7.1362
32065.0,2.031,17.7906,0.5504,21.5412,23.1538,7.2031
32070.0,1.9111,15.4497,0.5257,16.7221,23.3297,7.3898
32075.0,2.1423,19.4993,0.5477,25.3057,23.335,7.0239
32080.0,2.0452,17.3467,0.5436,20.6079,22.8714,7.1354
32085.0,2.1063,18.3739,0.5394,22.7563,22.9507,7.1067
32090.0,2.0282,17.1148,0.5335,19.3499,23.2405,7.1818
32095.0,2.1341,18.9372,0.5734,24.3873,22.8248,7.0625
32100.0,2.0039,16.9551,0.5519,21.3679,23.2795,7.2622
32105.0,1.9957,16.7637,0.5352,18.7216,23.3438,7.2633
32110.0,1.8702,14.6153,0.5227,14.6727,23.1539,7.4324
32115.0,1.9906,17.203,0.5247,17.1226,22.7759,7.3482
32120.0,2.1327,18.6484,0.5396,23.2182,23.0107,7.0688
32125.0,1.9235,15.2253,0.5481,17.9235,23.0886,7.3044
32130.0,2.1208,19.042,0.5505,23.5239,22.9977,7.0099
32135.0,2.0608,17.7936,0.5313,20.1846,23.6297,7.2127
32140.0,1.9469,15.3827,0.5265,17.7246,23.3411,7.259
32145.0,2.0976,18.4759,0.5481,22.8856,23.1004,7.1439
32150.0,2.1095,18.7868,0.5483,22.682,23.5656,7.0396
32155.0,2.0165,16.731,0.5163,19.3925,23.7032,7.2806
32160.0,1.9788,16.3429,0.5218,17.7016,23.2293,7.2373
32165.0,2.0607,18.0661,0.5615,21.6911,23.0571,7.1515
32170.0,2.1551,19.1307,0.5774,24.0542,23.3831,7.0197
32175.0,1.9709,15.9241,0.5275,18.3562,23.0022,7.2424
32180.0,1.8829,14.41,0.5159,15.621,23.2893,7.4461
32185.0,1.9513,15.9822,0.5271,17.8934,23.3261,7.331
32190.0,2.0957,18.6408,0.5346,22.3506,22.805,7.0692
32195.0,1.9986,17.3356,0.5305,19.2063,23.6819,7.1936
32200.0,2.0722,17.6552,0.542,21.9188,22.9786,7.1253
32205.0,2.0491,17.9367,0.5592,21.4648,22.822,7.196
32210.0,2.1668,20.0172,0.5526,24.5379,23.131,7.0535
32215.0,2.0044,16.4362,0.5399,19.0595,23.0049,7.252
32220.0,2.093,18.3545,0.5428,23.7391,23.6332,7.0651
32225.0,1.9585,16.4343,0.5354,17.9539,23.2256,7.3314
32230.0,1.9543,15.898,0.5343,16.7723,23.9038,7.2439
32235.0,2.3435,22.7773,0.5812,32.0113,22.9109,6.8075
32240.0,2.045,17.7084,0.5521,20.3039,23.8947,7.1123
32245.0,2.0807,17.7749,0.5382,22.6067,23.2642,7.0813
32250.0,2.117,18.7404,0.5417,22.9984,23.2189,7.107
32255.0,2.1466,19.3662,0.5656,24.6923,23.3566,7.0867
32260.0,1.9125,15.5638,0.5174,15.1657,23.6007,7.3023
32265.0,2.0923,18.4953,0.5382,22.5916,23.0953,7.0847
32270.0,1.9256,15.4822,0.5128,16.4101,23.6657,7.339
32275.0,2.1355,19.346,0.5604,24.43,23.1094,6.9863
32280.0,1.8931,15.1795,0.5043,15.1986,23.2016,7.4521
32285.0,2.0242,17.8311,0.5213,19.0784,23.3039,7.1635
32290.0,1.9161,15.6424,0.5186,16.9083,23.5758,7.3403
32295.0,2.0255,17.4596,0.5426,20.2535,23.1389,7.1705
32300.0,1.9715,16.8144,0.5271,18.2109,23.8635,7.2468
32305.0,1.9969,16.9011,0.5439,20.352,23.1898,7.2459
32310.0,2.1184,18.9155,0.5528,23.8648,23.9987,6.9539
32315.0,1.9495,16.5509,0.5267,17.5146,23.2196,7.237
32320.0,2.0383,17.9481,0.5714,21.3915,24.1565,7.1644
32325.0,1.9863,16.9854,0.5429,20.0552,23.6704,7.298
32330.0,1.8102,12.986,0.5307,13.4311,23.8021,7.6149
32335.0,2.0451,17.6632,0.5443,21.9304,23.0727,7.086
32340.0,2.0143,17.3775,0.564,19.4279,23.2382,7.1123
32345.0,2.0179,17.4002,0.5528,18.861,23.2477,7.2282
32350.0,2.0218,17.0738,0.5418,20.0904,23.3747,7.2189
32355.0,1.855,14.4108,0.5162,13.0144,23.6035,7.5454
32360.0,2.015,16.76,0.5208,19.9981,23.6446,7.2487
32365.0,1.9603,16.5791,0.5011,18.0002,23.7487,7.3041
32370.0,2.0361,17.5128,0.5163,20.6819,23.5432,7.1803
32375.0,1.9417,15.3279,0.5366,16.4089,23.8417,7.3468
32380.0,2.1321,19.362,0.5522,23.6632,23.4169,7.0928
32385.0,1.9971,16.3968,0.5302,19.1586,23.3284,7.1966
32390.0,1.9015,15.3682,0.5288,16.5091,23.5459,7.4683
32395.0,2.0561,17.4738,0.541,20.9262,23.7198,7.1472
32400.0,1.9503,15.908,0.5207,16.7731,23.1962,7.3777
32405.0,1.9,15.3785,0.5338,16.0748,23.5211,7.4367
32410.0,1.9207,15.2877,0.5161,15.9139,24.1103,7.3969
32415.0,2.0129,17.4085,0.5304,20.6594,23.4482,7.1748
32420.0,2.0568,17.671,0.5739,22.3292,23.8261,7.1659
32425.0,2.0522,17.9386,0.531,21.1884,23.4336,7.1463
32430.0,2.0152,17.5092,0.5429,20.951,24.0009,7.2611
32435.0,2.0499,17.9825,0.5489,21.1705,23.7396,7.0737
32440.0,2.0646,18.1338,0.5632,22.2398,23.2734,7.1296
32445.0,1.983,16.2722,0.5378,18.7648,23.612,7.1937
32450.0,1.887,14.7287,0.5093,15.1091,23.9286,7.4671
32455.0,1.9541,16.3917,0.5441,18.7919,23.6939,7.3149
32460.0,2.4464,25.0267,0.616,34.982,23.5068,6.7013
32465.0,2.039,16.9344,0.5507,20.6663,23.7435,7.2638
32470.0,1.9068,15.8689,0.5105,16.041,23.5473,7.3848
32475.0,1.9904,17.0716,0.5339,19.9136,23.8753,7.1556
32480.0,1.9963,16.4602,0.534,18.023,23.4213,7.2741
32485.0,2.0346,17.3839,0.5417,20.339,23.2855,7.2301
32490.0,1.9628,15.4472,0.5291,17.3127,23.7894,7.3228
32495.0,2.0862,17.684,0.5363,22.1326,24.0896,7.0686
32500.0,1.7941,12.9711,0.525,13.1536,23.7303,7.5379
32505.0,1.8951,14.9811,0.5202,16.1641,23.5189,7.4234
32510.0,2.1913,20.0088,0.5552,25.1392,24.1903,6.9358
32515.0,2.0308,16.8735,0.5147,19.6071,24.0162,7.2562
32520.0,1.9716,16.1052,0.518,19.898,23.8166,7.2375
32525.0,2.0994,18.3258,0.5631,22.9174,23.5636,7.1164
32530.0,2.0258,17.0939,0.5325,18.3504,23.4221,7.2218
32535.0,1.8885,15.1135,0.5212,15.044,23.4987,7.3395
32540.0,2.0876,17.9224,0.5558,23.6715,23.3837,7.1344
32545.0,1.9897,16.7506,0.5263,20.3001,23.2832,7.1853
32550.0,1.9038,15.5162,0.5465,16.6658,23.5625,7.3407
32555.0,1.9969,16.9141,0.5322,20.9151,23.6095,7.2649
32560.0,2.1506,20.0248,0.5912,24.6504,23.6594,7.0583
32565.0,2.1603,19.8902,0.5609,23.0328,23.6131,7.0473
32570.0,1.9635,16.2952,0.5272,18.8403,23.5205,7.2141
32575.0,2.4453,25.0985,0.5991,35.5075,23.7849,6.7018
32580.0,2.6595,27.7952,0.6346,45.4329,23.4535,6.4928
32585.0,2.3982,23.8777,0.6154,34.5667,23.6176,6.8004
32590.0,2.6955,28.5574,0.622,43.7726,23.6483,6.6187
32595.0,2.9381,32.8227,0.7008,56.8664,23.55,6.3632
32600.0,2.8267,31.4511,0.6812,53.309,23.6961,6.5694
32605.0,3.0876,35.576,0.7462,65.6256,23.3457,6.3928
32610.0,3.315,39.6462,0.8201,77.4662,23.9503,6.1941
32615.0,3.4657,42.6169,0.8789,84.2521,23.4077,6.0677
32620.0,3.3332,40.6283,0.8488,79.6855,23.6337,6.2636
32625.0,3.4628,43.3672,0.8804,84.6515,23.3963,6.1846
32630.0,3.5838,44.9021,0.9131,91.539,23.5774,5.9614
32635.0,3.6536,45.6311,0.9396,97.4561,23.6182,5.9335
32640.0,3.5334,43.3452,0.8805,89.1442,23.309,6.2516
32645.0,3.6156,45.8229,0.9189,92.8405,23.2809,6.0314
32650.0,3.6321,45.4543,0.9413,95.7395,23.2537,6.0159
32655.0,3.6248,45.4939,0.9343,95.6019,23.7894,6.0107
32660.0,3.6072,45.3727,0.9393,94.1651,23.9101,6.0771
32665.0,3.7234,46.6407,0.9653,100.6334,23.5174,5.6999
32670.0,3.6134,45.0543,0.9156,93.3155,23.3019,6.0269
32675.0,3.7222,47.6131,0.9883,101.6536,23.8581,5.6586
32680.0,3.7436,47.2556,0.9728,102.7548,23.3307,5.5224
32685.0,3.7142,46.9822,0.9638,99.0078,23.9271,5.6743
32690.0,3.7605,48.4504,0.9976,102.9552,23.8654,5.361
32695.0,3.788,48.0202,1.001,102.9194,23.9948,5.4678
32700.0,3.8122,48.6331,1.0143,106.8492,23.5968,5.1635
32705.0,3.763,48.3675,0.9982,104.9299,22.7089,5.3205
32710.0,3.8281,49.1375,1.0266,106.896,23.785,5.0213
32715.0,3.8092,48.9194,0.9865,104.7721,23.5104,5.0863
32720.0,3.8469,49.3435,1.0173,106.7886,23.4187,4.8852
32725.0,3.8301,49.1453,1.0437,109.675,23.3509,4.6422
32730.0,3.8072,48.1196,0.9832,105.2698,23.1454,5.002
32735.0,3.8372,49.4175,0.991,104.2516,23.8651,4.9333
32740.0,3.848,49.9217,1.0242,108.8248,23.4169,4.6378
32745.0,3.8424,49.293,1.018,108.1083,23.8542,4.899
32750.0,3.876,49.1866,1.0396,109.3022,23.7005,4.2911
32755.0,3.8533,49.3769,1.0492,108.2383,23.716,4.4717
32760.0,3.8609,49.4398,1.0303,109.2023,23.9301,4.0626
32765.0,3.8369,49.1664,1.0207,108.1121,22.9,4.5318
32770.0,3.877,49.301,1.0566,109.3759,23.7424,4.2299
32775.0,3.8681,49.493,1.0472,109.726,23.5593,4.0602
32780.0,3.879,50.1314,1.0373,108.6611,24.0288,3.8744
32785.0,3.8712,49.8945,1.0419,109.2561,23.5517,3.9147
32790.0,3.871,49.5888,1.0317,109.4976,23.8388,3.7627
32795.0,3.8796,49.5679,1.0602,111.0495,23.5068,3.8207
32800.0,3.8769,49.6498,1.0515,110.242,23.8082,3.5309
32805.0,3.8725,49.4146,1.0373,109.4271,23.8543,3.4808
32810.0,3.8835,49.9742,1.026,109.1954,23.0692,3.1085
32815.0,3.8921,50.4106,1.0594,110.4411,23.6965,3.5198
32820.0,3.879,49.8206,1.0468,110.2449,23.5191,3.1716
32825.0,3.8875,49.4136,1.0323,109.7761,23.6199,2.953
32830.0,3.8883,50.105,1.0492,110.2461,23.4801,3.2189
32835.0,3.881,49.5901,1.0581,109.9628,23.8413,3.0858
32840.0,3.8682,49.9638,1.0269,109.5442,23.7187,2.9945
32845.0,3.8868,49.8824,1.0622,110.1258,23.7198,2.7007
32850.0,3.8785,50.1341,1.0536,110.6128,23.592,2.5441
32855.0,3.8652,49.5384,1.0275,109.0017,23.495,2.9033
32860.0,3.8763,50.3391,1.0389,110.9665,23.369,2.294
32865.0,3.8738,49.6675,1.0256,110.222,23.2161,2.0193
32870.0,3.8799,50.2318,1.0436,109.4659,24.0452,2.3439
32875.0,3.8823,49.9258,1.0455,108.6484,23.5756,1.9691
32880.0,3.8757,49.9676,1.0389,110.3327,24.1089,2.479
32885.0,3.8932,50.1346,1.0349,110.5352,23.3809,2.4781
32890.0,3.8774,49.8204,1.0243,108.6439,23.7952,1.9294
32895.0,3.8857,50.0571,1.0478,110.2135,24.1573,2.0228
32900.0,3.8701,50.0936,1.0582,109.2647,23.6085,1.7779
32905.0,3.8793,50.2332,1.0515,110.1391,23.5834,1.7024
32910.0,3.8999,49.44,1.0265,109.7626,23.8608,1.5727
32915.0,3.8958,50.0471,1.0526,109.8275,23.6709,1.7503
32920.0,3.8876,49.5976,1.0338,110.1704,23.5038,1.6327
32925.0,3.8676,49.5868,1.0398,109.0353,23.3481,1.2538
32930.0,3.8846,50.0794,1.0243,109.4207,23.7139,1.537
32935.0,3.8739,50.2851,1.0214,106.9491,23.7676,1.3263
32940.0,3.8678,49.9232,1.0375,110.4314,23.4296,1.0732
32945.0,3.8825,49.9831,1.0469,109.9453,23.9759,1.265
32950.0,3.8893,49.7293,1.0438,109.8589,23.6172,0.7777
32955.0,3.8816,49.7504,1.0427,110.3685,23.8631,0.9758
32960.0,3.8859,50.2041,1.0513,110.0715,23.9953,0.7775
32965.0,3.8877,49.8598,1.0593,109.4977,23.1687,0.7888
32970.0,3.8994,49.8268,1.0139,110.1093,23.971,0.5309
32975.0,3.8789,49.9288,1.0515,110.845,23.0793,0.6463
32980.0,3.8816,49.9666,1.0372,109.8984,23.8872,0.392
32985.0,3.8802,49.7328,1.0378,109.3574,23.5362,0.7448
32990.0,3.8938,49.6248,1.0243,109.7458,23.651,0.1069
32995.0,3.8978,49.9507,1.0418,109.8884,23.9441,0.231
33000.0,3.8729,49.8571,1.0585,110.6114,23.881,0.2819
33005.0,3.8976,50.1057,1.0322,110.4846,23.7629,0.09
33010.0,3.8891,49.1869,1.0352,110.0121,23.9055,0.017
33015.0,3.8846,50.486,1.032,109.513,23.5662,0.018
33020.0,3.8866,50.2642,1.0356,110.0908,23.8551,0.1734
33025.0,3.8869,50.5141,1.0408,110.1369,23.7942,0.0988
33030.0,3.8782,49.9782,1.0431,110.1868,23.6179,0.0
33035.0,3.8827,49.7164,1.0418,110.6135,23.7865,0.1708
33040.0,3.8936,50.1836,1.0155,108.9447,23.4965,0.0803
33045.0,3.8866,49.877,1.0395,109.6904,23.8772,0.0648
33050.0,3.8828,49.8735,1.0451,111.035,23.2963,0.0
33055.0,3.8827,50.0551,1.0285,108.6638,23.9998,0.0225
33060.0,3.8875,49.763,1.0398,109.4929,23.6069,0.0
33065.0,3.882,49.9311,1.0511,110.6784,23.6664,0.0
33070.0,3.9022,49.9751,1.0451,109.2252,23.5446,0.0
33075.0,3.8783,49.848,1.0382,108.6786,23.3791,0.0
33080.0,3.8855,49.6167,1.0501,110.5712,23.541,0.0884
33085.0,3.8799,49.724,1.0405,110.4143,24.0579,0.0
33090.0,3.8899,49.9661,1.0501,111.2992,23.6641,0.0
33095.0,3.8861,49.9236,1.0325,108.8709,23.4309,0.0
33100.0,3.8778,50.6139,1.0519,110.2393,23.3566,0.1266
33105.0,3.8758,49.8344,1.0492,111.5225,23.6125,0.1246
33110.0,3.8829,49.9633,1.0444,109.961,23.5768,0.0
33115.0,3.8802,49.887,1.0315,109.564,23.5424,0.0779
33120.0,3.8898,49.6726,1.034,109.6589,23.6923,0.1928
33125.0,3.8725,49.2086,1.0535,108.5653,23.6809,0.0
33130.0,3.8847,49.8813,1.0483,110.6062,23.6087,0.0
33135.0,3.8934,49.7381,1.043,109.7291,23.6423,0.2072
33140.0,3.8942,50.3768,1.0535,109.715,23.3183,0.1028
33145.0,3.9005,50.2102,1.043,108.5826,23.5906,0.0
33150.0,3.8856,50.7298,1.047,109.8897,23.7133,0.0766
33155.0,3.8912,49.6836,1.0507,111.1221,23.9512,0.0
33160.0,3.8847,50.6311,1.0286,110.2722,23.5161,0.0
33165.0,3.8884,50.1653,1.0534,109.9057,23.8562,0.0421
33170.0,3.8858,49.72,1.0521,110.6208,23.6589,0.155
33175.0,3.8928,49.559,1.0437,111.2483,23.8251,0.1478
33180.0,3.8868,49.6561,1.0506,111.0545,24.052,0.1943
33185.0,3.8929,50.0238,1.0578,110.9914,23.7051,0.0
33190.0,3.8913,50.2763,1.0507,109.5208,23.4621,0.0
33195.0,3.8809,49.7966,1.0118,110.797,23.5478,0.0653
33200.0,3.8819,50.0791,1.068,110.5007,23.7146,0.0
33205.0,3.8852,49.707,1.0456,111.4644,23.4436,0.0438
33210.0,3.8864,49.4775,1.0404,110.3855,23.4581,0.0
33215.0,3.8925,49.5971,1.0443,108.5949,23.4734,0.0
33220.0,3.8777,50.0155,1.0415,109.9708,23.9958,0.0
33225.0,3.8868,50.444,1.0267,109.4635,23.5538,0.0
33230.0,3.8877,49.6943,1.0561,109.1434,23.6869,0.0
33235.0,3.884,49.0936,1.0326,108.1569,23.299,0.0
33240.0,3.8845,50.2214,1.0609,110.5375,23.1816,0.0871
33245.0,3.8985,49.5035,1.0506,110.7131,23.1959,0.0591
33250.0,3.8811,50.1646,1.0529,110.0807,23.6467,0.0
33255.0,3.8852,49.8603,1.0359,109.3402,23.3681,0.0
33260.0,3.884,49.8183,1.0363,110.6274,23.3707,0.0
33265.0,3.894,49.6127,1.035,109.7929,23.7593,0.0585
33270.0,3.8847,50.1097,1.069,110.4487,23.7019,0.2949
33275.0,3.8799,50.1208,1.0634,110.4546,23.3317,0.1213
33280.0,3.8863,49.8477,1.0213,109.2683,22.4879,0.0752
33285.0,3.8739,50.2862,1.0454,109.7921,23.1639,0.0164
33290.0,3.8719,49.5775,1.0264,110.8381,23.1085,0.0
33295.0,3.8854,50.5914,1.0349,108.8635,23.8116,0.0
33300.0,3.8946,50.4049,1.0165,109.72,23.4951,0.1499
33305.0,3.873,50.077,1.0359,108.9242,23.3193,0.0
33310.0,3.8796,49.8215,1.0466,110.2104,23.8863,0.0
33315.0,3.8895,49.7427,1.0673,111.9015,23.0778,0.0226
33320.0,3.8887,49.433,1.0298,109.9254,23.5363,0.2873
33325.0,3.8772,49.3668,1.0473,110.2355,23.2311,0.0206
33330.0,3.8831,49.9552,1.0428,110.0671,22.9222,0.0387
33335.0,3.8773,50.1476,1.047,110.1305,23.3545,0.0
33340.0,3.8888,50.2047,1.0383,109.61,23.7798,0.0
33345.0,3.8872,50.1521,1.0436,109.7926,23.4636,0.0773
33350.0,3.8808,50.3768,1.0301,109.7756,23.6481,0.1234
33355.0,3.8844,50.1895,1.0416,110.173,23.3851,0.0283
33360.0,3.8856,49.6383,1.0559,111.1268,23.1588,0.0113
33365.0,3.8898,50.3506,1.0462,111.1762,23.3657,0.3276
33370.0,3.8783,49.9999,1.0344,110.5334,23.7625,0.0
33375.0,3.895,49.3669,1.0529,110.8014,23.2564,0.0
33380.0,3.8891,50.1443,1.0538,111.7059,23.4182,0.0724
33385.0,3.8803,49.6721,1.0504,110.6019,23.0833,0.0
33390.0,3.8906,50.2501,1.0272,110.463,23.3106,0.0
33395.0,3.8953,49.7922,1.0331,109.5015,23.0586,0.0299
33400.0,3.8927,50.5905,1.0235,109.6407,23.9913,0.0565
33405.0,3.9012,50.1447,1.0428,109.4723,23.5547,0.0
33410.0,3.8838,49.8619,1.0498,109.7551,23.0218,0.0573
33415.0,3.8841,49.9714,1.0526,110.5295,23.5504,0.2778
33420.0,3.9009,50.4411,1.0456,110.0413,23.3673,0.0795
33425.0,3.8835,50.3966,1.0302,108.7861,23.3335,0.0
33430.0,3.8771,50.7983,1.0309,109.7284,23.1212,0.0
33435.0,3.8889,50.2993,1.0454,110.1872,23.4088,0.0
33440.0,3.9035,49.9564,1.0646,110.5616,23.4971,0.0
33445.0,3.892,49.5371,1.0445,110.6577,23.3367,0.1504
33450.0,3.8827,50.1435,1.0517,109.0776,23.4944,0.1484
33455.0,3.8837,49.6943,1.0356,110.3488,23.6893,0.0
33460.0,3.8888,49.6053,1.0322,111.2162,23.7823,0.0
33465.0,3.8929,50.2143,1.0392,110.2923,23.0854,0.0
33470.0,3.8838,49.2813,1.0523,110.8699,23.341,0.0
33475.0,3.8863,50.4696,1.047,110.5661,23.9403,0.0962
33480.0,3.8807,49.8096,1.0343,110.7356,23.2882,0.1597
33485.0,3.8762,49.9876,1.0401,110.6484,23.6746,0.0
33490.0,3.8918,50.1783,1.0428,110.1192,23.3231,0.0
33495.0,3.8839,50.664,1.053,110.3495,23.264,0.0
33500.0,3.8906,50.2398,1.0171,110.0628,23.258,0.251
33505.0,3.8938,50.5117,1.0531,110.1199,23.4845,0.0
33510.0,3.8768,50.3763,1.0416,109.4959,23.3166,0.0
33515.0,3.8905,50.1448,1.062,111.0347,23.7008,0.0
33520.0,3.8718,50.2138,1.053,110.2827,23.5497,0.0
33525.0,3.8819,49.8332,1.036,110.2318,23.1218,0.0
33530.0,3.8954,50.4696,1.0613,111.3744,23.0444,0.0437
33535.0,3.8644,49.7518,1.0525,109.5901,23.3436,0.0
33540.0,3.8842,50.0588,1.0382,110.9631,23.8541,0.0
33545.0,3.8829,50.3376,1.0298,110.0289,23.6432,0.1
33550.0,3.8865,50.6891,1.0331,110.5567,23.639,0.0
33555.0,3.8903,49.5212,1.0447,109.692,23.4597,0.0
33560.0,3.8715,49.8297,1.0392,111.3096,23.8001,0.0
33565.0,3.8757,50.7243,1.0345,109.1205,23.4832,0.0
33570.0,3.8816,50.296,1.0492,110.0945,23.8312,0.0
33575.0,3.8982,50.0103,1.0414,110.2958,23.4568,0.069
33580.0,3.884,50.1375,1.0352,108.93,23.2735,0.0
33585.0,3.8943,49.4324,1.0552,110.8889,23.7182,0.0
33590.0,3.8847,49.8706,1.0354,109.1877,23.491,0.2911
33595.0,3.8932,49.6926,1.0337,110.332,23.3329,0.0
33600.0,3.8862,50.0377,1.0568,110.5805,23.3665,0.0
33605.0,3.8811,49.6122,1.0344,109.4082,23.5557,0.0
33610.0,3.8959,50.0248,1.0471,109.7441,23.2724,0.0
33615.0,3.8906,49.6502,1.055,110.7759,23.034,0.1162
33620.0,3.8931,50.2097,1.0393,111.6212,23.5419,0.0
33625.0,3.8763,49.395,1.0263,109.365,23.3936,0.0396
33630.0,3.8816,50.7164,1.0491,111.1196,23.2842,0.0641
33635.0,3.8934,49.7302,1.0548,110.4793,23.067,0.2506
33640.0,3.8928,50.2151,1.044,110.3,23.6238,0.0
33645.0,3.8705,50.1937,1.0513,110.1544,23.2555,0.13
33650.0,3.8873,49.9757,1.0485,110.7841,23.1427,0.0
33655.0,3.8871,49.3704,1.0442,111.0481,22.9077,0.0
33660.0,3.8821,49.6847,1.0232,109.9505,23.2694,0.0
33665.0,3.8912,50.3665,1.0241,109.226,23.5329,0.3416
33670.0,3.8837,49.7656,1.0535,110.5952,23.3164,0.0
33675.0,3.8815,49.5415,1.0459,110.5499,23.19,0.0309
33680.0,3.8783,49.9733,1.0449,111.0991,23.5821,0.0
33685.0,3.8777,50.1985,1.0277,109.8003,23.4764,0.1351
33690.0,3.8732,50.0352,1.0466,109.9024,23.1364,0.0
33695.0,3.8944,50.166,1.0406,109.7041,23.4491,0.0
33700.0,3.8924,49.8963,1.0562,110.4702,23.1683,0.0922
33705.0,3.8739,50.5645,1.0405,109.6924,22.9358,0.0
33710.0,3.882,49.8353,1.0458,110.1291,23.4903,0.0
33715.0,3.8916,49.4193,1.0138,109.3127,23.1259,0.0
33720.0,3.8819,49.7554,1.0328,110.9005,23.6411,0.1883
33725.0,3.8848,49.656,1.045,110.8134,23.6291,0.1433
33730.0,3.8738,50.8383,1.0435,109.1412,23.0375,0.0
33735.0,3.8831,50.1424,1.0261,109.6836,22.9435,0.0
33740.0,3.8912,49.7503,1.0378,109.153,23.2004,0.0425
33745.0,3.8895,49.687,1.0644,110.7041,23.3379,0.3956
33750.0,3.8822,50.4661,1.0461,108.768,23.3758,0.1036
33755.0,3.8834,49.0256,1.043,109.3562,23.706,0.0513
33760.0,3.8897,50.4733,1.0399,109.4989,23.4094,0.0
33765.0,3.8781,49.8474,1.0152,108.4028,22.8932,0.0205
33770.0,3.8895,50.1252,1.0484,111.0514,23.1287,0.0533
33775.0,3.8787,49.7721,1.0355,111.1517,22.8595,0.4334
33780.0,3.8829,50.1948,1.0341,110.1641,23.444,0.0
33785.0,3.8978,49.8038,1.0421,109.7417,23.523,0.0
33790.0,3.8815,50.1929,1.0261,109.9793,23.1357,0.1708
33795.0,3.89,49.6851,1.0501,109.868,23.2806,0.0154
33800.0,3.8816,49.628,1.0364,110.7034,23.5621,0.0
33805.0,3.8987,50.3367,1.0161,109.2523,23.5548,0.3192
33810.0,3.8879,49.9695,1.0518,109.366,23.1037,0.1121
33815.0,3.8785,50.1664,1.0267,108.3949,23.1145,0.0
33820.0,3.8862,49.4566,1.0265,110.5412,23.6663,0.077
33825.0,3.89,49.8655,1.0366,110.6737,23.0644,0.0223
33830.0,3.8659,49.9102,1.0466,108.8484,23.0777,0.1175
33835.0,3.8952,50.3382,1.0322,110.9979,23.3428,0.1339
33840.0,3.8874,49.2877,1.0527,110.873,23.2911,0.0443
33845.0,3.8759,49.3633,1.0395,110.6696,23.1269,0.4472
33850.0,3.8923,50.2012,1.0194,107.2583,23.6736,0.0
33855.0,3.8791,50.0351,1.0413,110.4122,23.3464,0.1467
33860.0,3.8948,50.5218,1.0437,111.3782,23.086,0.1697
33865.0,3.8812,49.7284,1.0174,108.2888,23.2054,0.0909
33870.0,3.8736,49.6008,1.0768,112.2774,23.2936,0.0695
33875.0,3.8874,49.6956,1.0425,109.3831,23.1709,0.3947
33880.0,3.8861,49.792,1.0591,109.8401,23.3077,0.0577
33885.0,3.8706,49.7472,1.0654,110.6037,22.9354,0.0
33890.0,3.8904,50.3568,1.044,108.9964,22.8946,0.1378
33895.0,3.8737,49.7277,1.0226,110.2348,23.6145,0.0663
33900.0,3.8865,49.8662,1.0439,110.1827,23.6953,0.0731
33905.0,3.8923,49.9385,1.033,110.3444,23.4352,0.0096
33910.0,3.8961,49.9113,1.029,109.5012,23.1845,0.0
33915.0,3.8844,49.9991,1.0317,109.4159,23.013,0.0
33920.0,3.8945,49.5052,1.0373,109.2502,23.5934,0.104
33925.0,3.8828,49.6824,1.04,109.8145,23.5587,0.0
33930.0,3.8808,50.189,1.0451,110.897,23.0963,0.0282
33935.0,3.8925,49.8616,1.0339,110.014,23.948,0.1348
33940.0,3.8829,49.7678,1.0287,110.8831,23.4217,0.1545
33945.0,3.8961,50.2926,1.0547,111.2109,23.6075,0.0457
33950.0,3.8779,49.8986,1.0424,111.0011,22.9858,0.0
33955.0,3.8821,50.2093,1.0396,110.7024,23.6437,0.0
33960.0,3.8769,50.3734,1.0646,109.2671,23.399,0.1437
33965.0,3.8712,50.4101,1.0289,110.0206,23.434,0.0
33970.0,3.8755,50.0853,1.0367,109.6455,23.3448,0.1218
33975.0,3.8798,50.1913,1.0496,111.1511,23.3271,0.0
33980.0,3.8918,50.5591,1.0511,110.956,22.8689,0.0507
33985.0,3.8815,49.9387,1.0536,108.8921,23.5619,0.0
33990.0,3.8935,49.8028,1.0481,110.542,23.3587,0.0818
33995.0,3.8851,50.2897,1.037,109.9955,22.947,0.2634
34000.0,3.8875,50.0017,1.0539,109.4927,23.635,0.1099
34005.0,3.8842,50.4527,1.0276,109.0271,23.2467,0.0919
34010.0,3.8852,49.9317,1.0678,110.2375,23.6365,0.0778
34015.0,3.8792,49.9356,1.0483,109.938,23.1345,0.0
34020.0,3.8757,49.8887,1.0207,109.7075,22.9996,0.2794
34025.0,3.8761,49.8741,1.0638,110.1951,23.2218,0.0722
34030.0,3.8874,49.747,1.0355,107.8684,23.4969,0.1001
34035.0,3.9016,49.7941,1.048,108.6216,23.8957,0.0716
34040.0,3.8701,50.2818,1.0342,108.9057,23.3229,0.0
34045.0,3.8932,50.2253,1.0416,109.3575,23.383,0.1519
34050.0,3.8818,49.8845,1.0353,110.6914,23.6575,0.0249
34055.0,3.8835,49.9369,1.0439,109.9916,23.4008,0.0
34060.0,3.8869,50.0099,1.0487,110.6997,23.3806,0.0
34065.0,3.8953,49.7676,1.0409,108.5289,23.0476,0.2174
34070.0,3.8912,49.5216,1.0521,110.6052,23.598,0.0
34075.0,3.8893,49.4122,1.0269,110.4229,23.3077,0.1635
34080.0,3.8829,50.4091,1.0269,109.9238,23.902,0.0
34085.0,3.8697,49.8927,1.022,108.3708,23.7151,0.1624
34090.0,3.8864,50.6215,1.0434,109.1414,23.355,0.0944
34095.0,3.8806,49.9996,1.0441,109.5819,23.1738,0.2552
34100.0,3.8825,49.1074,1.0428,109.3119,23.1148,0.2559
34105.0,3.8795,50.19,1.018,108.8246,23.335,0.0029
34110.0,3.9016,49.9157,1.0403,108.71,23.6955,0.0
34115.0,3.8959,49.2053,1.0356,111.1754,23.497,0.0
34120.0,3.8883,50.088,1.0427,108.3786,23.6077,0.0
34125.0,3.8822,50.0567,1.0432,110.7551,23.1385,0.1858
34130.0,3.8844,50.3067,1.039,109.5883,23.7115,0.0
34135.0,3.885,49.7785,1.0436,109.7496,23.3739,0.0389
34140.0,3.8809,49.3937,1.0436,110.8434,23.7206,0.0
34145.0,3.8699,49.2773,1.0596,110.1449,23.0431,0.2206
34150.0,3.876,50.4175,1.0534,109.2658,23.1062,0.0
34155.0,3.8825,50.0607,1.0188,109.4735,23.2428,0.0
34160.0,3.8864,49.7363,1.0511,110.9429,23.7887,0.0
34165.0,3.8858,50.1546,1.0275,109.5823,22.8419,0.0
34170.0,3.8869,49.7262,1.0271,109.4488,23.3813,0.1567
34175.0,3.8941,49.9212,1.0421,109.7808,23.6028,0.0
34180.0,3.8809,50.5334,1.0564,110.5959,23.6678,0.1138
34185.0,3.8812,50.1708,1.0268,110.2251,23.5295,0.032
34190.0,3.8824,50.1367,1.0325,110.946,23.7158,0.0
34195.0,3.8688,50.4232,1.0481,110.5245,23.5603,0.4212
34200.0,3.8831,49.9413,1.0485,108.651,23.6522,0.0
34205.0,3.8829,49.253,1.0581,111.9005,23.2913,0.0
34210.0,3.8797,50.1829,1.0485,110.8722,24.0357,0.19
34215.0,3.8916,50.2049,1.0236,110.9,23.8065,0.018
34220.0,3.8926,50.0603,1.0348,108.4364,23.4699,0.1212
34225.0,3.8888,50.0828,1.038,110.6086,23.5994,0.0
34230.0,3.8807,50.1748,1.0583,111.1313,23.4996,0.0
34235.0,3.8835,50.1964,1.044,110.3971,23.4794,0.0
34240.0,3.8827,50.0682,1.0536,110.7176,23.505,0.0429
34245.0,3.8892,50.0535,1.0368,108.0051,23.655,0.0317
34250.0,3.8962,50.0681,1.0398,110.6357,23.293,0.0
34255.0,3.8965,49.8559,1.0488,110.8219,23.2739,0.0
34260.0,3.8801,50.0816,1.0497,110.6373,23.3218,0.0
34265.0,3.883,50.0927,1.0456,111.1954,23.8637,0.161
34270.0,3.8782,49.9649,1.0429,110.7677,22.9789,0.0
34275.0,3.8869,50.1094,1.0433,110.5497,24.0442,0.0
34280.0,3.898,50.8971,1.0452,110.5842,23.4786,0.0225
34285.0,3.8833,48.8506,1.0595,110.2257,23.2067,0.0834
34290.0,3.9025,50.5346,1.068,110.0806,23.509,0.0242
34295.0,3.88,50.409,1.0412,110.25,23.2707,0.0859
34300.0,3.8835,49.9683,1.0579,111.0371,23.4963,0.0
34305.0,3.8826,50.493,1.0415,110.521,23.4947,0.0594
34310.0,3.8909,50.3123,1.0617,110.335,23.6284,0.1682
34315.0,3.888,50.099,1.0404,110.0226,23.1933,0.0
34320.0,3.8767,50.3044,1.0388,109.4695,23.7724,0.0388
34325.0,3.8828,49.6533,1.0615,111.2949,23.6283,0.135
34330.0,3.8817,49.8343,1.0716,110.8704,23.1479,0.1233
34335.0,3.8795,49.7768,1.0296,109.2332,23.6103,0.0
34340.0,3.8904,50.2782,1.029,110.2076,24.1594,0.1987
34345.0,3.8999,49.7139,1.0328,108.6279,23.2669,0.0
34350.0,3.8871,49.6982,1.0433,109.5557,23.5701,0.361
34355.0,3.8878,50.0842,1.0495,109.8249,23.7164,0.1064
34360.0,3.8846,49.817,1.0352,109.4996,24.1948,0.0
34365.0,3.8931,50.0153,1.0724,111.04,23.5661,0.0
34370.0,3.8903,50.1525,1.059,109.353,24.0372,0.0939
34375.0,3.8993,49.9465,1.0598,110.6101,23.5437,0.0
34380.0,3.9008,49.6191,1.0421,110.4934,23.9162,0.0
34385.0,3.8899,50.1093,1.0156,107.877,24.1523,0.0485
34390.0,3.8855,50.7282,1.0365,109.3809,23.6141,0.0
34395.0,3.8818,49.6748,1.046,109.8318,23.3698,0.4243
34400.0,3.8664,50.3558,1.045,110.6611,23.7741,0.0814
34405.0,3.885,50.1083,1.0376,109.3183,23.831,0.0017
34410.0,3.8994,50.0326,1.0606,111.4379,23.5568,0.1131
34415.0,3.8966,50.1297,1.057,110.8652,23.9782,0.0
34420.0,3.8911,49.7792,1.0333,107.969,23.785,0.1194
34425.0,3.8818,49.9397,1.0436,109.6527,23.8094,0.0778
34430.0,3.8787,50.428,1.0505,109.4964,23.8374,0.0
34435.0,3.8882,50.057,1.0277,110.3841,23.8607,0.0
34440.0,3.8907,49.84,1.0452,110.1469,23.7112,0.0914
34445.0,3.8975,49.2308,1.0571,110.9378,23.9364,0.0908
34450.0,3.8757,49.4211,1.0598,109.6522,23.642,0.0554
34455.0,3.8833,50.4752,1.0501,110.3823,24.3545,0.0
34460.0,3.8918,49.8947,1.0252,109.5854,23.2488,0.059
34465.0,3.8935,49.8939,1.0217,110.5472,24.132,0.1719
34470.0,3.8758,50.2629,1.0311,110.5777,24.3221,0.1241
34475.0,3.8814,50.1464,1.0389,110.0418,23.8379,0.0
34480.0,3.8934,50.0727,1.0207,108.449,23.5898,0.0348
34485.0,3.8768,50.0317,1.0266,109.1746,23.9437,0.2233
34490.0,3.8975,49.4583,1.0234,108.8456,23.8119,0.07
34495.0,3.8843,49.9126,1.0383,110.9651,23.797,0.0846
34500.0,3.8896,50.2684,1.023,110.1928,23.7707,0.0
34505.0,3.8843,49.8439,1.0548,110.751,24.1902,0.0
34510.0,3.8791,50.2442,1.0465,109.2148,24.0265,0.1009
34515.0,3.8735,50.086,1.0448,109.2041,24.3592,0.0181
34520.0,3.8775,49.8058,1.0327,109.7043,23.9812,0.1463
34525.0,3.8787,49.8238,1.0632,109.8334,23.5613,0.2834
34530.0,3.8854,49.965,1.0482,109.197,24.1733,0.0
34535.0,3.8711,49.8172,1.0682,111.2313,24.3428,0.0
34540.0,3.888,50.4451,1.0631,110.2308,24.1647,0.0988
34545.0,3.8834,49.4399,1.056,111.3435,23.8169,0.1256
34550.0,3.896,49.7425,1.0267,109.3563,23.9697,0.1963
34555.0,3.8809,49.8567,1.0405,110.6894,23.8701,0.0
34560.0,3.8797,49.8335,1.0478,109.9557,24.3437,0.1804
34565.0,3.8886,50.3496,1.0452,110.9566,23.8884,0.0
34570.0,3.8995,50.2828,1.0382,107.9662,23.9924,0.1622
34575.0,3.8895,49.9523,1.0383,110.5472,24.2167,0.1717
34580.0,3.8709,49.7246,1.0427,108.6929,24.3885,0.2802
34585.0,3.8811,49.3161,1.041,110.0677,24.017,0.0
34590.0,3.8863,49.4713,1.0323,108.9568,24.0899,0.0
34595.0,3.8961,49.8523,1.0671,110.4926,24.1755,0.0
34600.0,3.8834,50.334,1.0463,110.3735,24.0287,0.0
34605.0,3.8822,49.2212,1.0491,109.8817,23.7267,0.0
34610.0,3.8771,49.5877,1.0403,109.5731,23.7964,0.0338
34615.0,3.867,49.6224,1.0509,111.2123,24.1783,0.0
34620.0,3.8785,50.0938,1.0179,109.1359,24.2836,0.0
34625.0,3.8656,50.2953,1.049,111.1698,24.0245,0.0
34630.0,3.8792,49.5224,1.0545,110.9983,23.9017,0.0884
34635.0,3.8843,49.9647,1.0492,109.0327,24.2156,0.1386
34640.0,3.8795,49.7969,1.0513,110.2228,24.4652,0.108
34645.0,3.8899,50.4985,1.0498,109.6826,24.6987,0.2317
34650.0,3.8931,50.1335,1.0346,109.8026,24.2934,0.0
34655.0,3.8775,49.4303,1.0249,109.1663,24.0799,0.0
34660.0,3.8901,50.3499,1.031,109.2772,24.396,0.1197
34665.0,3.8921,49.8014,1.0436,110.2079,24.202,0.0356
34670.0,3.8772,50.1945,1.0574,109.572,24.1241,0.1504
34675.0,3.8832,49.9316,1.0323,108.7969,24.2775,0.0
34680.0,3.8918,49.9223,1.0327,108.718,24.8108,0.0
34685.0,3.8773,50.1837,1.0171,108.5963,24.7783,0.0676
34690.0,3.8825,50.4975,1.0303,108.7766,23.9254,0.1144
34695.0,3.8809,49.5352,1.0583,109.1828,24.3084,0.2254
34700.0,3.8806,49.7298,1.0455,110.1601,24.4923,0.1273
34705.0,3.8918,49.7976,1.0307,110.1304,24.4167,0.0708
34710.0,3.8887,50.4426,1.041,110.061,24.5674,0.0881
34715.0,3.8796,50.3448,1.0294,109.8435,24.2521,0.0191
34720.0,3.8652,49.566,1.0623,111.0575,24.5481,0.0
34725.0,3.8835,50.3205,1.0366,108.7248,24.5123,0.0
34730.0,3.8863,49.8358,1.0365,109.9734,24.9818,0.0
34735.0,3.8818,49.7357,1.0331,110.9279,24.1895,0.0
34740.0,3.8882,50.0776,1.0457,108.8035,24.5928,0.0
34745.0,3.8839,49.8115,1.0178,109.6037,24.2734,0.0
34750.0,3.8714,50.5932,1.0518,110.9586,25.0523,0.0
34755.0,3.8889,50.3909,1.0515,108.9373,24.5824,0.0713
34760.0,3.8916,50.4326,1.0333,110.947,24.738,0.1292
34765.0,3.8752,50.365,1.0366,111.1272,24.4353,0.103
34770.0,3.8769,49.7579,1.0567,112.7659,24.4586,0.0
34775.0,3.8884,50.5655,1.0439,109.8929,24.585,0.1369
34780.0,3.8867,49.8757,1.0141,108.218,24.7955,0.1858
34785.0,3.8872,49.7686,1.0332,109.2236,24.385,0.0
34790.0,3.8771,50.1679,1.0254,110.1456,24.6884,0.0
34795.0,3.8985,49.8898,1.0354,110.985,24.6778,0.0841
34800.0,3.8913,50.5153,1.0581,111.1411,25.2081,0.0
34805.0,3.882,49.8333,1.0366,110.0011,24.9993,0.0476
34810.0,3.8887,50.6051,1.023,109.56,25.0571,0.0
34815.0,3.8984,50.2783,1.0325,109.4023,24.8743,0.0
34820.0,3.8799,49.8337,1.0519,110.65,24.9414,0.1621
34825.0,3.8859,49.3779,1.0357,109.3583,24.6263,0.0809
34830.0,3.8918,50.1704,1.0425,109.866,24.4776,0.0
34835.0,3.8911,49.7818,1.039,109.0023,24.97,0.0514
34840.0,3.8923,50.2268,1.0539,109.4297,24.7202,0.0
34845.0,3.8603,49.6195,1.0471,110.7094,24.9535,0.0786
34850.0,3.875,50.1208,1.033,108.9315,24.5965,0.0
34855.0,3.8823,50.0989,1.0422,110.1978,24.9374,0.0875
34860.0,3.8812,50.1021,1.0415,110.4312,24.7864,0.0
34865.0,3.8755,49.5026,1.0113,109.6507,25.0442,0.0
34870.0,3.876,50.9836,1.0683,109.7475,24.6432,0.1395
34875.0,3.8769,50.1195,1.0345,110.0022,24.2775,0.0344
34880.0,3.9025,50.2563,1.0369,110.7428,24.945,0.0
34885.0,3.8895,49.9684,1.0454,110.1155,25.1463,0.0
34890.0,3.8884,49.4203,1.0222,108.4183,24.8978,0.0
34895.0,3.8868,49.6599,1.0519,110.8765,24.9956,0.075
34900.0,3.882,49.5698,1.0513,111.0222,24.9051,0.0618
34905.0,3.8908,49.8073,1.0377,111.5298,25.0418,0.1561
34910.0,3.8768,50.1872,1.0513,111.1628,25.197,0.0
34915.0,3.8718,50.2352,1.0454,109.7641,25.2393,0.0
34920.0,3.8863,49.9522,1.0466,110.597,25.2539,0.3512
34925.0,3.8879,49.982,1.0513,111.124,25.2183,0.2162
34930.0,3.8735,49.9253,1.0739,110.3411,25.1376,0.0
34935.0,3.8845,50.7,1.053,110.8262,25.1674,0.0
34940.0,3.8882,50.2122,1.0489,110.0935,25.226,0.0
34945.0,3.8813,50.5602,1.0513,110.9895,25.0824,0.1331
34950.0,3.8836,49.683,1.0526,110.3702,24.8805,0.3174
34955.0,3.8905,50.0756,1.0421,111.2035,25.2765,0.0161
34960.0,3.8901,50.4692,1.0527,109.9233,25.3334,0.1722
34965.0,3.8848,49.9726,1.0256,108.741,25.2914,0.1458
34970.0,3.8902,50.161,1.0336,109.0391,25.4215,0.0
34975.0,3.8895,50.3731,1.0594,109.8604,25.4752,0.0
34980.0,3.8738,50.0562,1.0601,109.364,25.3779,0.0
34985.0,3.8871,50.4793,1.0423,110.608,24.9376,0.1397
34990.0,3.8859,50.0156,1.0501,110.726,25.4172,0.0
34995.0,3.8843,50.2786,1.025,108.9053,25.3973,0.0
35000.0,3.879,50.1759,1.0358,108.8638,25.1804,0.0615
35005.0,3.8814,49.3929,1.0163,108.9251,25.5606,0.0
35010.0,3.8833,49.2264,1.0483,110.0283,25.0269,0.0362
35015.0,3.8714,50.1736,1.0318,109.6424,24.8868,0.0
35020.0,3.8908,49.5799,1.0241,108.9392,25.4025,0.1071
35025.0,3.8806,49.9847,1.044,109.1368,26.1221,0.2687
35030.0,3.879,49.24,1.0435,109.6527,25.3819,0.0013
35035.0,3.8776,49.7688,1.0663,111.0541,25.6957,0.0
35040.0,3.885,50.0241,1.0536,110.1192,25.3531,0.0
35045.0,3.8962,50.3085,1.026,109.8393,25.2625,0.0
35050.0,3.8854,50.0171,1.0582,112.2017,25.5804,0.3459
35055.0,3.8886,50.1541,1.0458,110.4201,25.1761,0.3618
35060.0,3.8904,49.761,1.0294,108.5853,25.5848,0.0107
35065.0,3.8818,50.2139,1.0356,111.0995,24.8934,0.0287
35070.0,3.8953,50.1356,1.0594,110.1867,25.1932,0.0
35075.0,3.8882,49.7606,1.0291,108.7898,25.9341,0.0896
35080.0,3.8815,50.3682,1.0349,109.5709,25.8465,0.0
35085.0,3.8863,49.5835,1.0623,111.0477,25.3173,0.1758
35090.0,3.8817,49.9686,1.0329,110.727,25.7289,0.1641
35095.0,3.8669,49.6453,1.0539,110.2788,25.7376,0.0386
35100.0,3.8902,49.9839,1.0363,108.6339,25.7226,0.0
35105.0,3.8905,49.5315,1.01,110.0026,25.5093,0.1164
35110.0,3.8892,50.3607,1.0398,109.35,25.2431,0.0
35115.0,3.8837,49.8926,1.0488,111.0773,25.8522,0.0048
35120.0,3.8712,50.2226,1.0272,109.6524,25.5019,0.0
35125.0,3.876,49.548,1.0472,112.2364,26.0221,0.0
35130.0,3.879,50.1983,1.0498,109.6851,25.9472,0.0346
35135.0,3.8813,49.9596,1.0297,108.7533,25.4964,0.0
35140.0,3.8754,50.2139,1.027,108.9305,25.7876,0.0
35145.0,3.895,50.2545,1.0647,110.6883,25.7917,0.0771
35150.0,3.8821,50.1994,1.0371,110.9691,25.4857,0.0
35155.0,3.8806,49.6966,1.054,110.9099,25.6005,0.1373
35160.0,3.8832,50.5151,1.0261,110.7817,26.062,0.1895
35165.0,3.8783,49.6443,1.0259,109.7537,26.1029,0.1066
35170.0,3.8825,49.7935,1.0354,109.456,26.2744,0.0
35175.0,3.883,49.8512,1.0351,109.8862,25.4317,0.0762
35180.0,3.8866,50.6281,1.0697,112.2202,25.9405,0.0
35185.0,3.8898,50.0012,1.0338,108.8904,25.4545,0.1423
35190.0,3.8801,50.1952,1.0304,109.7217,25.7517,0.1736
35195.0,3.9042,49.7888,1.0566,109.7457,25.503,0.0
35200.0,3.8768,50.1077,1.0349,109.0166,26.1175,0.0
35205.0,3.8849,49.5173,1.0433,110.03,25.9768,0.0
35210.0,3.8908,49.9931,1.0173,108.4177,25.6219,0.0512
35215.0,3.8912,50.526,1.0175,109.9272,25.5979,0.0058
35220.0,3.8806,49.8797,1.047,110.9332,25.9319,0.0
35225.0,3.8772,49.8752,1.0487,110.2563,25.9128,0.0
35230.0,3.8893,50.6878,1.0396,109.2486,25.9051,0.0554
35235.0,3.8872,49.8939,1.059,109.8891,25.856,0.0147
35240.0,3.8883,50.0659,1.0596,110.6633,25.5944,0.0
35245.0,3.8933,49.9468,1.0675,110.2796,26.3769,0.0619
35250.0,3.8876,50.08,1.0311,110.4202,26.2024,0.0
35255.0,3.9016,50.2284,1.0442,110.8194,26.0746,0.0425
35260.0,3.8959,49.5814,1.0532,111.7364,26.026,0.0
35265.0,3.8808,49.5834,1.0397,109.7791,26.2839,0.0
35270.0,3.8916,50.204,1.0589,110.7571,26.3793,0.0
35275.0,3.8768,50.0999,1.044,109.67,26.0215,0.0367
35280.0,3.8928,49.8544,1.045,111.0546,26.0488,0.1409
35285.0,3.8866,50.4186,1.0294,109.4517,25.4984,0.0
35290.0,3.8863,49.8534,1.0402,109.9619,26.1355,0.0487
35295.0,3.8844,49.8588,1.039,109.9917,26.085,0.0646
35300.0,3.8741,50.5196,1.0492,110.9058,25.9509,0.1548
35305.0,3.8804,49.6192,1.049,109.0374,26.3147,0.0
35310.0,3.8755,49.1997,1.0409,110.589,26.2372,0.2587
35315.0,3.8794,49.7117,1.038,109.1455,26.4252,0.0155
35320.0,3.8897,50.1438,1.0277,109.137,25.8937,0.1163
35325.0,3.8903,49.9506,1.0406,111.0473,25.9236,0.0
35330.0,3.896,49.6957,1.0359,110.3848,26.243,0.0
35335.0,3.8823,49.6458,1.0559,111.1082,26.1123,0.2701
35340.0,3.8886,50.1478,1.0488,110.0287,26.2104,0.3097
35345.0,3.8967,50.3198,1.0196,108.3084,26.8828,0.128
35350.0,3.889,49.9973,1.0426,111.2632,25.9368,0.0949
35355.0,3.892,49.9572,1.0385,110.6852,26.217,0.2791
35360.0,3.8823,49.7005,1.0245,109.9851,26.0427,0.0938
35365.0,3.8896,49.8859,1.0288,108.7094,26.4483,0.0
35370.0,3.8833,50.5893,1.0197,108.888,26.1853,0.0
35375.0,3.8891,50.6505,1.0535,109.2724,26.3477,0.3003
35380.0,3.8866,50.2282,1.0499,110.4063,26.6003,0.0
35385.0,3.8857,50.2068,1.041,109.7096,26.5382,0.0
35390.0,3.8967,49.886,1.0418,110.0606,26.3888,0.0
35395.0,3.8961,49.8312,1.0501,109.6373,26.2213,0.0
35400.0,3.8862,49.9194,1.052,109.8276,26.2069,0.0407
35405.0,3.8852,50.0899,1.0704,110.9603,26.4164,0.0734
35410.0,3.8917,49.8424,1.04,109.581,26.414,0.0494
35415.0,3.8818,50.419,1.0323,109.5982,26.5276,0.0536
35420.0,3.8779,49.6699,1.0457,109.6146,26.343,0.1163
35425.0,3.8845,50.2222,1.0389,109.5607,26.7486,0.293
35430.0,3.8862,50.0966,1.0336,108.5659,26.4128,0.1534
35435.0,3.8782,49.6734,1.0409,110.4546,26.6346,0.163
35440.0,3.8908,49.7744,1.052,109.4415,27.0647,0.0
35445.0,3.8807,49.9141,1.0456,109.8588,26.8057,0.171
35450.0,3.8883,49.6175,1.0592,109.4625,26.4896,0.0
35455.0,3.891,50.4718,1.0262,109.2496,26.4386,0.0205
35460.0,3.8867,49.7621,1.0553,110.3893,26.6417,0.0
35465.0,3.877,50.7399,1.037,110.1262,26.1739,0.0
35470.0,3.8845,49.7653,1.0356,109.29,26.1892,0.0
35475.0,3.8704,50.1718,1.0185,108.2627,26.5848,0.0014
35480.0,3.8816,50.0204,1.0335,110.4344,26.5268,0.0
35485.0,3.8676,49.5811,1.042,109.7543,26.5553,0.0471
35490.0,3.8838,50.3985,1.0289,110.5045,26.8178,0.0
35495.0,3.8924,50.6333,1.0245,108.7287,26.2999,0.0849
35500.0,3.8851,50.0549,1.0597,110.8977,26.8871,0.1223
35505.0,3.8895,50.2472,1.0335,109.3472,26.6324,0.0
35510.0,3.8869,49.7199,1.0471,110.735,26.3549,0.0
35515.0,3.8825,50.5669,1.0435,110.4907,26.8413,0.2167
35520.0,3.8878,49.9736,1.0411,110.0916,26.8474,0.2308
35525.0,3.892,49.8401,1.0362,111.0103,26.4983,0.0
35530.0,3.8833,50.3451,1.0497,110.2915,26.1146,0.226
35535.0,3.8808,49.4586,1.0669,111.4963,26.2209,0.0948
35540.0,3.8853,49.672,1.0607,110.1783,26.618,0.0
35545.0,3.8811,50.202,1.0473,109.5409,26.3551,0.1127
35550.0,3.8703,50.7582,1.0589,110.8888,27.0395,0.0
35555.0,3.8809,50.1493,1.0365,109.422,27.0278,0.0749
35560.0,3.8838,49.6483,1.0532,110.3987,26.2313,0.0
35565.0,3.8934,50.3053,1.0526,110.2682,26.9489,0.0
35570.0,3.8774,50.0882,1.0538,109.5364,26.6388,0.0
35575.0,3.8837,49.8284,1.0559,109.5404,26.5451,0.2481
35580.0,3.8946,50.1642,1.032,110.2897,26.9173,0.3748
35585.0,3.8812,50.253,1.0525,110.8414,26.7694,0.1356
35590.0,3.8913,50.6445,1.0314,111.207,26.4873,0.0
35595.0,3.8858,50.3946,1.0461,110.7613,26.829,0.0
35600.0,3.8716,49.69,1.0335,110.5602,26.8356,0.0
35605.0,3.8836,49.5967,1.0075,107.7687,27.2757,0.125
35610.0,3.8828,50.2908,1.0503,110.2658,26.8513,0.0
35615.0,3.8981,49.4308,1.0303,108.8823,26.743,0.0
35620.0,3.8826,49.9884,1.0395,108.9391,26.842,0.0
35625.0,3.8868,49.8735,1.0469,110.7638,26.5579,0.0
35630.0,3.8832,49.6284,1.0408,109.5782,26.9011,0.0
35635.0,3.892,49.1939,1.0521,109.9142,26.4773,0.1391
35640.0,3.8812,50.2971,1.0262,109.5165,27.2266,0.0289
35645.0,3.888,50.2959,1.0472,110.7948,26.7123,0.0
35650.0,3.8767,49.5925,1.0294,110.2383,26.6626,0.0
35655.0,3.887,50.301,1.0395,110.5405,27.0446,0.0
35660.0,3.8776,49.8694,1.0394,109.695,26.472,0.0
35665.0,3.8922,50.2061,1.0759,111.2617,26.5722,0.0
35670.0,3.8839,49.7093,1.0279,108.6378,26.6605,0.0
35675.0,3.8847,50.0564,1.0306,109.1336,26.6203,0.0
35680.0,3.8798,49.8558,1.0329,109.9695,27.0773,0.0
35685.0,3.8768,49.8988,1.0473,109.5178,26.4126,0.115
35690.0,3.8886,49.9591,1.0247,109.3873,26.8482,0.085
35695.0,3.8747,49.9828,1.0486,110.9049,26.5181,0.0
35700.0,3.8937,49.8071,1.018,109.1821,26.3014,0.0441
35705.0,3.8721,49.8194,1.0426,110.1473,26.1964,0.0
35710.0,3.8898,50.0023,1.0405,111.0555,27.043,0.1154
35715.0,3.884,49.9743,1.0388,110.8942,26.4502,0.2047
35720.0,3.8875,49.7874,1.0457,110.0252,26.5202,0.1863
35725.0,3.895,50.1507,1.0605,110.9218,26.8138,0.1026
35730.0,3.895,50.5055,1.0476,111.2228,27.0018,0.0795
35735.0,3.8805,49.9503,1.034,108.8547,26.5283,0.012
35740.0,3.8851,50.4665,1.0515,110.4073,26.8583,0.0
35745.0,3.8874,49.9778,1.036,109.4013,27.0877,0.0711
35750.0,3.8794,50.1221,1.0302,107.7226,26.881,0.0
35755.0,3.8847,49.6064,1.0427,110.6621,26.588,0.0045
35760.0,3.8837,50.129,1.0523,109.5055,26.2149,0.0
35765.0,3.8771,49.7143,1.0324,108.4832,26.991,0.0625
35770.0,3.896,50.11,1.0435,110.057,26.8434,0.0016
35775.0,3.8927,50.4908,1.0397,109.9826,26.8927,0.12
35780.0,3.8861,49.9178,1.0355,109.4316,26.7995,0.1056
35785.0,3.8913,49.8465,1.0605,110.4337,26.6044,0.0
35790.0,3.8877,49.6885,1.0355,109.8845,26.3026,0.0127
35795.0,3.8929,49.6246,1.0352,109.0467,26.3158,0.0
35800.0,3.8914,50.2349,1.0457,109.9181,26.8543,0.0
35805.0,3.8812,50.4172,1.0473,109.5141,26.8426,0.0
35810.0,3.886,49.6529,1.0246,108.2874,26.8865,0.0
35815.0,3.8896,50.4207,1.0569,109.983,26.7012,0.2265
35820.0,3.8924,50.2808,1.0508,111.4135,26.9459,0.0208
35825.0,3.8904,49.9572,1.0383,109.1446,26.9214,0.0
35830.0,3.8785,50.8419,1.048,110.7602,27.1415,0.0
35835.0,3.8783,49.8748,1.0391,108.8051,26.7794,0.0
35840.0,3.8906,49.967,1.0327,110.7284,26.6613,0.0097
35845.0,3.879,50.3628,1.0227,110.9532,26.9532,0.0479
35850.0,3.8929,50.1321,1.0361,110.2388,26.7213,0.1309
35855.0,3.8922,50.1817,1.0413,109.1932,26.9925,0.0
35860.0,3.8908,50.4442,1.0283,109.6838,26.8401,0.0
35865.0,3.884,50.0337,1.0521,110.7135,26.8242,0.0442
35870.0,3.8752,49.8617,1.0352,109.2168,27.0032,0.1531
35875.0,3.8874,50.3878,1.0267,108.637,27.2604,0.054
35880.0,3.8954,49.9531,1.0335,109.1106,26.667,0.0
35885.0,3.8856,50.1046,1.0497,111.7876,26.624,0.0
35890.0,3.8826,50.2979,1.0331,109.1904,26.7384,0.2729
35895.0,3.882,50.4645,1.0256,109.4316,26.5931,0.0
35900.0,3.8869,49.8365,1.0441,110.7226,26.7776,0.1288
35905.0,3.8762,49.9891,1.046,111.1186,27.2769,0.2759
35910.0,3.8805,50.4042,1.0454,108.954,26.5949,0.0054
35915.0,3.8828,49.7128,1.039,110.4655,26.6007,0.0
35920.0,3.8858,50.5959,1.0366,109.9288,26.4884,0.0
35925.0,3.8953,50.0693,1.0391,110.7864,26.6656,0.0089
35930.0,3.8889,49.5884,1.039,110.1252,26.6322,0.0172
35935.0,3.8847,50.7653,1.0442,110.0977,26.3455,0.2229
35940.0,3.874,49.5108,1.0472,109.8786,26.6714,0.294
35945.0,3.8936,50.4124,1.0216,108.9796,26.7372,0.2288
35950.0,3.887,49.6001,1.0496,109.9846,27.0973,0.0598
35955.0,3.8863,50.1842,1.04,109.3601,26.9151,0.0
35960.0,3.8984,49.3548,1.0565,110.8069,26.7014,0.0
35965.0,3.9006,49.8961,1.0593,109.9288,26.282,0.0
35970.0,3.8827,50.1609,1.0357,108.5833,26.6869,0.0
35975.0,3.88,49.8843,1.0592,109.4258,26.7773,0.0
35980.0,3.871,49.4023,1.034,109.6249,26.7582,0.0
35985.0,3.8862,50.232,1.0396,110.1279,26.5174,0.0232
35990.0,3.879,49.8075,1.0442,109.1582,26.7814,0.0
35995.0,3.8886,49.9593,1.0589,110.9739,26.9778,0.0776
36000.0,3.8984,49.9751,1.0523,110.4507,26.7014,0.0613
36005.0,3.8934,49.8414,1.0344,108.1445,26.4962,0.0649
36010.0,3.8798,50.1785,1.0572,109.5088,26.4814,0.0
36015.0,3.8854,50.7008,1.0456,109.9072,26.7208,0.1224
36020.0,3.8823,50.4418,1.0637,110.6372,26.7119,0.3194
36025.0,3.891,49.4912,1.0709,110.7781,27.016,0.0366
36030.0,3.8777,49.4155,1.0226,108.8472,26.7858,0.036
36035.0,3.8931,50.4422,1.041,109.9833,26.9841,0.1382
36040.0,3.8857,49.6381,1.0301,108.2843,26.7975,0.0
36045.0,3.881,50.0109,1.0509,111.3447,26.5296,0.2226
36050.0,3.8835,49.6538,1.0551,111.5131,27.0355,0.3733
36055.0,3.888,49.6819,1.0504,111.2458,26.4549,0.3773
36060.0,3.8834,49.8436,1.0557,110.5688,26.6463,0.1562
36065.0,3.8948,49.9574,1.042,109.3849,26.7773,0.0
36070.0,3.905,50.2324,1.0212,109.7826,26.7246,0.0
36075.0,3.8642,50.0638,1.0442,110.9033,26.4997,0.2358
36080.0,3.8844,50.1128,1.0358,109.7818,26.3452,0.0
36085.0,3.8673,50.0013,1.0488,110.9395,26.8404,0.0
36090.0,3.894,49.7997,1.0426,108.4236,26.7796,0.0
36095.0,3.8923,50.6156,1.0312,109.0024,26.777,0.0
36100.0,3.8933,49.755,1.0338,110.0825,26.5439,0.0
36105.0,3.8762,50.4219,1.0381,110.1188,26.638,0.0
36110.0,3.882,50.0885,1.039,111.0885,26.9972,0.0298
36115.0,3.8799,49.8605,1.0667,110.5363,26.7564,0.0
36120.0,3.8729,50.2064,1.0337,108.3211,26.5637,0.0558
36125.0,3.8831,49.9289,1.0512,109.4967,26.7801,0.0
36130.0,3.8979,50.5501,1.0495,111.2189,27.0289,0.1114
36135.0,3.8786,49.3412,1.05,111.1346,27.195,0.085
36140.0,3.8642,50.498,1.0453,111.5189,26.7398,0.0668
36145.0,3.8866,50.2771,1.0328,110.5747,26.5715,0.0
36150.0,3.893,50.2689,1.0152,109.8865,26.2699,0.0096
36155.0,3.8954,49.9334,1.0386,109.0947,26.4745,0.0574
36160.0,3.8767,49.955,1.0431,108.9315,26.8262,0.0
36165.0,3.8904,50.1669,1.0345,109.767,26.593,0.0
36170.0,3.8855,49.9133,1.0314,109.096,26.5151,0.0709
36175.0,3.8907,50.7804,1.0265,109.4224,26.3161,0.0
36180.0,3.8895,49.8693,1.024,110.612,26.7578,0.1743
36185.0,3.875,49.9825,1.048,108.7149,26.6137,0.0462
36190.0,3.894,50.0334,1.0412,108.2096,26.6314,0.1819
36195.0,3.8835,49.8363,1.0282,109.9764,26.3582,0.2117
36200.0,3.8787,49.8313,1.0476,109.6735,26.3956,0.2963
36205.0,3.8857,50.2608,1.0546,109.6409,26.1591,0.0211
36210.0,3.8869,50.3074,1.0389,110.3655,25.9746,0.1778
36215.0,3.882,50.2656,1.0532,111.9896,26.3891,0.0
36220.0,3.8852,49.9785,1.0635,109.3697,26.6437,0.0
36225.0,3.8866,49.4483,1.039,110.7784,26.3783,0.0
36230.0,3.8864,49.761,1.0455,110.3319,26.5646,0.1231
36235.0,3.8753,49.8939,1.0198,109.9322,26.0134,0.5297
36240.0,3.8752,49.8403,1.0691,110.6705,26.7111,0.0
36245.0,3.8869,50.0927,1.036,109.4359,26.5895,0.0383
36250.0,3.8816,50.0307,1.0333,110.9032,26.218,0.209
36255.0,3.8787,50.2415,1.0419,109.887,27.1591,0.2332
36260.0,3.8908,50.2053,1.0376,108.2115,26.431,0.0
36265.0,3.8778,50.3001,1.03,109.9513,26.1339,0.1514
36270.0,3.8753,50.648,1.0477,110.3127,26.2977,0.2853
36275.0,3.8763,50.2253,1.0268,108.9866,26.3571,0.0
36280.0,3.8815,50.3386,1.0389,110.4604,26.2525,0.0193
36285.0,3.8934,49.7166,1.0371,108.9851,26.3467,0.0
36290.0,3.8911,49.9175,1.0488,110.2992,26.4379,0.0
36295.0,3.8803,50.0302,1.0396,109.4192,26.7134,0.0043
36300.0,3.8916,49.9618,1.0601,110.3191,26.1069,0.131
36305.0,3.8728,49.8746,1.0324,109.465,26.4714,0.0
36310.0,3.8783,49.5363,1.0337,110.2624,26.549,0.0
36315.0,3.8775,50.0478,1.0237,109.3823,26.3412,0.0
36320.0,3.8753,49.6149,1.0439,110.6038,26.083,0.0
36325.0,3.8725,50.6468,1.0463,111.3284,26.4008,0.1002
36330.0,3.8803,49.9844,1.0309,109.0337,25.6105,0.0
36335.0,3.8847,50.1248,1.0248,108.651,26.3007,0.0
36340.0,3.8856,49.8905,1.0377,110.0084,26.7951,0.1626
36345.0,3.8808,49.856,1.0696,111.4116,26.251,0.0453
36350.0,3.8808,49.9536,1.0501,110.0649,26.7192,0.1098
36355.0,3.8946,49.947,1.0308,108.8574,26.4466,0.2291
36360.0,3.899,50.9063,1.0537,110.1185,26.1962,0.1723
36365.0,3.8863,49.6524,1.0507,110.7618,26.4068,0.0
36370.0,3.8901,50.0404,1.0419,110.5762,26.3879,0.2172
36375.0,3.8783,49.9272,1.0369,109.3803,26.1558,0.0
36380.0,3.887,50.0592,1.031,110.6241,25.8867,0.217
36385.0,3.8887,49.9577,1.0413,109.5993,26.1636,0.0
36390.0,3.886,50.293,1.0271,109.861,26.1605,0.0
36395.0,3.8917,49.7849,1.0253,109.2039,26.3093,0.0
36400.0,3.8894,50.2984,1.05,109.5988,26.5032,0.286
36405.0,3.8785,49.2892,1.0688,111.0964,26.1098,0.1962
36410.0,3.889,50.4377,1.04,110.5756,26.3083,0.0
36415.0,3.8858,50.6249,1.0233,108.6255,26.3474,0.0
36420.0,3.8824,50.1607,1.0308,109.867,25.5629,0.0
36425.0,3.8991,49.6184,1.0494,110.702,26.3528,0.0267
36430.0,3.8874,49.8495,1.0381,108.942,25.8962,0.0657
36435.0,3.8754,49.8377,1.0262,110.122,26.0892,0.0442
36440.0,3.892,50.1453,1.0359,110.1517,26.6226,0.1199
36445.0,3.8758,50.3329,1.0233,110.4839,26.3094,0.4914
36450.0,3.8927,49.6851,1.053,111.5851,25.8054,0.0537
36455.0,3.8768,50.3426,1.0527,111.1475,26.3129,0.0208
36460.0,3.894,49.7914,1.0471,109.3284,26.0902,0.0401
36465.0,3.889,49.7313,1.0145,109.8898,26.1814,0.0591
36470.0,3.8858,50.6537,1.0458,110.7023,25.7799,0.0
36475.0,3.8911,50.766,1.0156,108.9911,26.7134,0.1676
36480.0,3.8786,49.8492,1.0394,109.8713,26.2671,0.0
36485.0,3.8886,50.4309,1.0306,110.8842,26.065,0.1615
36490.0,3.8916,50.3533,1.0192,108.7018,26.4097,0.0
36495.0,3.8787,49.6668,1.0505,109.9028,26.0143,0.0
36500.0,3.8902,49.865,1.0464,111.5464,26.2612,0.0
36505.0,3.8868,49.5679,1.0427,108.9946,25.7973,0.0
36510.0,3.8943,49.9702,1.042,108.7583,25.8312,0.1118
36515.0,3.8793,49.7129,1.0321,110.2775,26.1202,0.3815
36520.0,3.8895,50.2419,1.0409,109.5305,26.1297,0.1491
36525.0,3.8871,50.2229,1.0687,110.4777,26.079,0.0
36530.0,3.8892,49.5185,1.0305,108.7851,26.093,0.1988
36535.0,3.8953,49.8193,1.0275,109.978,25.7822,0.3379
36540.0,3.8873,50.3262,1.0368,109.5473,25.2233,0.2852
36545.0,3.894,50.0036,1.0393,110.9087,25.9467,0.0
36550.0,3.8786,49.8136,1.0381,109.7574,25.7131,0.0
36555.0,3.8917,49.7129,1.0428,109.9502,26.0288,0.0
36560.0,3.8806,50.1049,1.0457,110.8731,26.1693,0.1406
36565.0,3.8885,50.1145,1.0353,110.1493,25.9478,0.3169
36570.0,3.8717,50.1737,1.0356,109.4012,25.6108,0.0
36575.0,3.8927,50.1072,1.0384,110.9368,25.8546,0.0
36580.0,3.8962,50.0647,1.0385,110.4012,25.7235,0.0
36585.0,3.8823,50.4758,1.0552,109.2446,26.046,0.0
36590.0,3.8938,50.162,1.0384,109.4737,25.8324,0.0604
36595.0,3.8785,50.2042,1.0385,108.5937,26.1739,0.0
36600.0,3.8913,49.5426,1.0627,110.1218,25.6884,0.0599
36605.0,3.885,49.8884,1.0374,108.9945,25.8684,0.0945
36610.0,3.8871,49.9786,1.0364,108.9109,25.706,0.0277
36615.0,3.8888,50.5017,1.0377,108.5165,26.0029,0.0
36620.0,3.8986,50.4679,1.0199,108.9518,25.7922,0.0
36625.0,3.8727,50.2444,1.0449,110.6885,25.6433,0.0021
36630.0,3.8975,50.4777,1.0358,109.6157,25.5454,0.0123
36635.0,3.8847,49.9138,1.0491,110.8896,26.1405,0.0437
36640.0,3.8831,49.9159,1.0383,110.166,26.0254,0.0
36645.0,3.8868,50.2396,1.0289,109.4948,25.6821,0.208
36650.0,3.8792,50.0147,1.038,108.0577,25.6787,0.018
36655.0,3.8907,50.1718,1.0456,109.7302,25.8936,0.0098
36660.0,3.88,50.4078,1.0453,109.6724,26.0731,0.0
36665.0,3.8798,49.8306,1.0299,109.2151,24.9288,0.0
36670.0,3.8804,50.0998,1.0442,109.5776,25.8091,0.1697
36675.0,3.8834,49.7766,1.0394,110.1836,25.7786,0.0
36680.0,3.8855,50.0387,1.0445,111.0102,25.7761,0.0497
36685.0,3.8836,49.9111,1.0534,110.9797,25.702,0.0217
36690.0,3.877,50.2216,1.0378,109.8373,25.4148,0.0
36695.0,3.8977,50.0929,1.0379,109.7656,25.8108,0.0249
36700.0,3.8875,49.8346,1.0451,110.12,25.2293,0.2355
36705.0,3.89,50.1445,1.065,109.8932,26.0335,0.1967
36710.0,3.8822,49.9137,1.0352,109.4845,25.9606,0.0
36715.0,3.9012,49.8796,1.0519,109.7249,25.4351,0.0
36720.0,3.8824,49.8155,1.0307,110.1973,25.8909,0.0582
36725.0,3.8833,49.4837,1.0542,110.4308,25.3573,0.238
36730.0,3.886,49.7103,1.0409,108.7759,25.717,0.0753
36735.0,3.8839,49.7766,1.0465,110.5297,25.9414,0.0
36740.0,3.875,49.576,1.0535,111.1893,25.607,0.0639
36745.0,3.8824,49.167,1.0298,110.622,25.7439,0.1571
36750.0,3.8828,49.9553,1.0389,109.1487,25.346,0.0793
36755.0,3.8821,49.9548,1.0457,109.7445,24.9077,0.0
36760.0,3.8782,49.5996,1.0411,109.4271,25.689,0.1321
36765.0,3.8895,49.5946,1.0469,109.0034,25.8834,0.0
36770.0,3.8776,49.8317,1.0348,110.2741,25.9709,0.2478
36775.0,3.8829,50.1271,1.0544,108.7287,25.5555,0.0
36780.0,3.8868,49.9883,1.0427,110.5705,25.3129,0.0
36785.0,3.8833,49.733,1.0422,109.9802,24.9444,0.1385
36790.0,3.8769,49.9369,1.0253,110.4397,26.4105,0.0
36795.0,3.8765,49.7334,1.0362,110.0045,25.7114,0.0226
36800.0,3.8949,49.589,1.0437,109.4814,25.6007,0.0095
36805.0,3.8946,49.5216,1.0465,110.2474,25.48,0.0275
36810.0,3.8892,49.4797,1.0612,111.4398,25.2986,0.0
36815.0,3.8926,49.56,1.0297,108.696,25.4983,0.3355
36820.0,3.8901,49.9913,1.0595,109.6527,25.3793,0.0547
36825.0,3.8902,50.5894,1.0672,111.0625,25.6249,0.0778
36830.0,3.8715,49.5512,1.041,109.7741,25.3712,0.1721
36835.0,3.9004,50.2872,1.0438,110.5578,25.8009,0.0167
36840.0,3.8985,49.952,1.0634,112.0754,25.1418,0.0
36845.0,3.8892,49.3081,1.048,109.7455,25.3974,0.005
36850.0,3.8737,49.9448,1.032,109.219,25.3505,0.0052
36855.0,3.897,49.8586,1.0291,109.397,25.3055,0.0
36860.0,3.8904,49.7361,1.0492,111.29,24.7449,0.0
36865.0,3.8802,49.8136,1.0548,111.1526,25.4157,0.0181
36870.0,3.8876,49.5399,1.0516,109.0622,25.5821,0.0
36875.0,3.8845,49.7413,1.0359,109.3071,24.6403,0.0
36880.0,3.8877,50.5375,1.0345,110.0267,25.614,0.0
36885.0,3.8768,49.74,1.0193,108.3907,25.5545,0.3381
36890.0,3.8888,49.7882,1.0197,109.8762,25.8796,0.0449
36895.0,3.8757,49.745,1.0508,111.8391,25.0817,0.0
36900.0,3.8844,50.0864,1.0732,112.4791,25.1114,0.0
36905.0,3.8932,50.5557,1.0468,110.8002,24.9995,0.1036
36910.0,3.8706,49.9692,1.0551,109.6461,25.0996,0.0744
36915.0,3.8838,49.2105,1.0425,111.078,25.3009,0.0
36920.0,3.8784,50.4285,1.0364,109.0515,24.8034,0.0
36925.0,3.8857,50.1199,1.0432,110.4198,24.9997,0.0397
36930.0,3.885,50.0324,1.0444,109.3606,25.3973,0.0323
36935.0,3.8859,50.2059,1.0203,109.1329,25.1029,0.1005
36940.0,3.8768,50.0205,1.0366,109.6148,25.5539,0.0
36945.0,3.8893,49.9438,1.0207,108.8364,24.8752,0.0641
36950.0,3.8876,50.4429,1.0684,110.2403,25.3893,0.0
36955.0,3.8697,49.9221,1.0328,110.3897,25.0309,0.0261
36960.0,3.8704,49.6623,1.0175,109.0125,25.4249,0.2146
36965.0,3.8953,49.5399,1.0426,109.7503,25.3111,0.0
36970.0,3.8813,50.1796,1.059,109.7762,25.4437,0.0
36975.0,3.8817,49.4041,1.0122,108.6676,24.6388,0.0
36980.0,3.8905,50.3758,1.0357,110.4787,25.4373,0.1507
36985.0,3.8845,50.0313,1.047,111.4854,25.2193,0.0508
36990.0,3.8808,50.2032,1.0354,108.3734,25.2643,0.0166
36995.0,3.8875,49.844,1.0442,109.9173,25.5249,0.0205
37000.0,3.8924,49.936,1.0455,110.3266,25.7504,0.0
37005.0,3.8903,50.1457,1.0412,109.4533,25.5994,0.0749
37010.0,3.8915,49.8893,1.0476,109.863,24.9302,0.0
37015.0,3.8922,49.9415,1.037,110.7096,25.3263,0.0
37020.0,3.8916,49.9954,1.0443,108.9778,25.0006,0.0414
37025.0,3.8807,49.889,1.0431,109.8126,25.007,0.057
37030.0,3.8901,49.975,1.0558,110.3497,25.1205,0.2546
37035.0,3.8795,49.7704,1.0401,110.148,24.8674,0.0
37040.0,3.8751,49.6187,1.0551,109.9653,25.1083,0.2291
37045.0,3.8783,49.3978,1.043,111.3552,25.3936,0.2315
37050.0,3.892,49.7928,1.0391,109.6617,25.061,0.0
37055.0,3.8843,49.9737,1.0499,109.917,25.1559,0.0844
37060.0,3.8947,49.7761,1.0399,109.448,25.335,0.0
37065.0,3.8783,50.1104,1.047,110.8872,25.2693,0.0644
37070.0,3.8943,50.451,1.0532,110.4585,25.6699,0.0664
37075.0,3.8842,50.1485,1.044,109.8334,25.263,0.0
37080.0,3.8981,49.474,1.0171,109.3459,24.6986,0.0
37085.0,3.8844,49.5793,1.0435,110.4226,24.9246,0.048
37090.0,3.8797,50.3255,1.0449,107.9721,25.0724,0.0897
37095.0,3.883,50.067,1.0547,109.8787,25.1403,0.0
37100.0,3.8795,49.9631,1.0504,110.4883,25.2269,0.0304
37105.0,3.8797,50.318,1.0508,110.0981,24.904,0.0667
37110.0,3.8866,49.9012,1.0511,110.9908,25.0043,0.0283
37115.0,3.8958,50.0253,1.0361,111.6238,25.1698,0.0
37120.0,3.8805,50.2234,1.0488,109.4532,25.0827,0.1625
37125.0,3.8875,50.0325,1.0182,110.579,25.4571,0.0
37130.0,3.9012,50.1554,1.0409,107.7309,24.6222,0.3215
37135.0,3.8832,50.0312,1.0671,110.5909,25.069,0.0
37140.0,3.8849,49.755,1.0585,111.6026,25.1367,0.0
37145.0,3.8899,50.5189,1.0356,110.4682,25.1071,0.0
37150.0,3.8801,50.3478,1.0471,109.4671,25.4915,0.0
37155.0,3.8798,50.3318,1.0264,109.5963,24.953,0.0544
37160.0,3.8754,49.9699,1.0355,111.2768,24.7354,0.0
37165.0,3.891,50.2378,1.0452,108.7487,24.6046,0.0589
37170.0,3.8804,49.945,1.051,109.4349,24.8047,0.097
37175.0,3.879,50.1105,1.0509,110.6542,25.0199,0.0
37180.0,3.8704,50.0424,1.0594,110.3032,25.1754,0.0354
37185.0,3.8846,50.3835,1.0354,110.8062,25.4381,0.0
37190.0,3.8908,49.6301,1.0336,108.8013,24.6075,0.0
37195.0,3.8726,49.9668,1.0233,108.9992,25.0459,0.0
37200.0,3.8842,50.1189,1.0303,110.6282,24.7877,0.0
37205.0,3.8909,50.0393,1.0354,108.82,24.8559,0.0
37210.0,3.886,49.8652,1.0477,111.1072,25.2003,0.1715
37215.0,3.8932,50.1028,1.0316,109.343,25.096,0.038
37220.0,3.8878,50.3067,1.05,110.5389,24.9926,0.3227
37225.0,3.8881,50.0988,1.0436,109.6681,24.7875,0.0126
37230.0,3.8858,50.4895,1.0382,109.0041,24.7723,0.0
37235.0,3.8864,49.7196,1.039,111.6864,24.7947,0.045
37240.0,3.8753,49.9905,1.0337,109.016,24.9123,0.0
37245.0,3.89,50.3599,1.0374,110.6381,25.3224,0.0348
37250.0,3.8941,50.3266,1.0635,109.9387,24.6914,0.0204
37255.0,3.89,49.7467,1.0429,111.2781,25.4772,0.0
37260.0,3.8886,49.1601,1.0446,110.1694,25.6407,0.0
37265.0,3.8865,50.18,1.0456,109.788,24.969,0.0
37270.0,3.883,49.9374,1.046,110.5174,24.9964,0.247
37275.0,3.8777,50.1942,1.0412,109.6934,25.0411,0.1153
37280.0,3.8846,50.2737,1.0387,110.6121,24.999,0.0126
37285.0,3.8826,49.9747,1.0378,109.5926,24.681,0.0
37290.0,3.871,49.9207,1.0581,110.1428,24.9822,0.2135
37295.0,3.8882,50.3926,1.0399,110.8218,24.8217,0.0
37300.0,3.8886,50.2767,1.0648,110.1394,24.8157,0.0
37305.0,3.8869,49.9974,1.04,109.5722,25.3621,0.0
37310.0,3.8971,50.068,1.0312,108.8334,24.747,0.2197
37315.0,3.8735,50.485,1.04,110.7027,25.143,0.0
37320.0,3.8951,49.9841,1.0423,108.7616,25.1009,0.0
37325.0,3.8937,50.0889,1.0374,109.6178,25.2329,0.0
37330.0,3.8866,49.698,1.0444,110.4943,24.8417,0.0
37335.0,3.8848,49.689,1.0439,111.5685,24.9451,0.0
37340.0,3.8871,50.2176,1.0349,110.4458,24.8479,0.2452
37345.0,3.8798,49.9433,1.0641,110.2307,25.1077,0.1187
37350.0,3.8767,50.3488,1.0645,109.8471,25.3209,0.0138
37355.0,3.8859,50.3051,1.0427,110.5001,25.1578,0.0
37360.0,3.8847,50.0708,1.0286,108.844,24.2676,0.1459
37365.0,3.882,49.7374,1.0401,109.9857,25.3083,0.0596
37370.0,3.872,49.7857,1.0621,109.0355,25.0054,0.1892
37375.0,3.8833,49.7351,1.0723,109.6961,24.8977,0.0
37380.0,3.8846,50.1657,1.0374,109.7269,24.4097,0.0
37385.0,3.8885,49.2203,1.0398,109.954,24.722,0.0583
37390.0,3.8896,49.747,1.0342,111.174,24.9968,0.0
37395.0,3.8757,49.5849,1.0373,110.6281,24.6512,0.0961
37400.0,3.8863,50.2568,1.0305,109.9293,24.2125,0.0263
37405.0,3.879,49.7492,1.0301,108.686,25.0429,0.0625
37410.0,3.8973,49.9069,1.0284,109.6373,24.7241,0.0043
37415.0,3.8861,49.662,1.0573,110.4185,25.0331,0.0
37420.0,3.8801,50.5169,1.0306,109.3054,25.0604,0.0348
37425.0,3.8837,49.9895,1.0393,110.9972,24.9153,0.0
37430.0,3.8911,50.5328,1.0397,110.0696,24.7285,0.0
37435.0,3.8798,50.2959,1.0532,110.7265,24.8154,0.0
37440.0,3.8885,49.9754,1.049,110.4968,24.9253,0.0
37445.0,3.89,50.3314,1.0463,109.3391,24.7069,0.0
37450.0,3.8863,50.141,1.0637,110.0964,24.9843,0.0519
37455.0,3.8846,49.3037,1.0641,110.0978,25.2078,0.1265
37460.0,3.8853,49.9743,1.0261,109.2767,24.7788,0.0344
37465.0,3.8955,49.7117,1.0449,110.133,25.0273,0.0
37470.0,3.8844,49.8512,1.0101,109.7117,25.0033,0.0698
37475.0,3.8932,49.9849,1.0191,109.0642,24.7722,0.0
37480.0,3.8801,50.2198,1.0289,109.7124,24.9724,0.267
37485.0,3.8829,49.33,1.0296,109.835,24.8095,0.0
37490.0,3.8949,50.2154,1.0547,109.3338,24.7288,0.0
37495.0,3.8927,50.1309,1.0472,109.5427,25.1414,0.0
37500.0,3.8928,49.981,1.0489,109.4803,24.5941,0.0
37505.0,3.8866,49.0949,1.0394,109.4032,24.8477,0.0
37510.0,3.8884,49.6538,1.0545,110.3306,24.9102,0.0
37515.0,3.8839,50.3888,1.0275,110.1869,24.6114,0.2158
37520.0,3.89,49.671,1.0524,109.6433,24.9759,0.0
37525.0,3.8862,49.701,1.0252,109.7409,24.4336,0.1303
37530.0,3.8964,49.8417,1.0436,108.6004,24.5996,0.3978
37535.0,3.8862,50.4297,1.0333,110.0129,24.7832,0.0
37540.0,3.8794,49.8032,1.0387,110.4179,24.6916,0.0
37545.0,3.8894,49.6303,1.0563,110.3295,24.7363,0.2502
37550.0,3.8834,49.475,1.0315,108.9331,24.9686,0.0
37555.0,3.8985,49.7905,1.0473,110.4095,24.9815,0.0655
37560.0,3.8637,50.1729,1.0407,109.719,24.9738,0.2586
37565.0,3.871,50.4157,1.0411,110.0785,24.8822,0.1182
37570.0,3.8825,50.2753,1.0362,109.5559,24.8666,0.0225
37575.0,3.8849,50.4231,1.0496,109.8099,25.2478,0.0
37580.0,3.8857,50.5465,1.042,110.4859,24.6287,0.0
37585.0,3.89,50.9786,1.0403,108.399,25.1883,0.1031
37590.0,3.8923,50.0198,1.0289,110.9284,24.8911,0.2018
37595.0,3.8802,50.052,1.0494,110.4479,24.9024,0.2432
37600.0,3.8928,50.2034,1.0351,110.0043,24.6884,0.0045
37605.0,3.8981,50.1074,1.0191,110.5866,24.4325,0.0
37610.0,3.8909,50.1853,1.0529,111.2002,24.8708,0.3562
37615.0,3.8856,50.0155,1.0628,110.5419,24.6979,0.1813
37620.0,3.8876,49.7644,1.051,108.1923,25.1798,0.2722
37625.0,3.8982,50.2263,1.0435,110.4173,24.9267,0.0
37630.0,3.8906,50.3814,1.0225,108.1552,24.8447,0.0
37635.0,3.8843,50.1664,1.0314,108.9169,24.8721,0.1543
37640.0,3.8905,50.5252,1.0439,109.8111,25.1418,0.3827
37645.0,3.8861,50.2986,1.0107,108.6622,25.2233,0.0
37650.0,3.9015,50.2951,1.0401,109.7853,25.2061,0.363
37655.0,3.8965,49.8802,1.0573,110.7727,24.8981,0.0
37660.0,3.8889,49.9917,1.0323,108.6444,25.1747,0.0
37665.0,3.8833,49.4655,1.0426,111.0848,24.6357,0.3313
37670.0,3.8823,49.6816,1.0299,109.6764,25.173,0.1017
37675.0,3.8939,50.2829,1.0401,109.5462,24.9776,0.0
37680.0,3.887,49.9765,1.051,110.8688,25.2033,0.147
37685.0,3.8928,50.1436,1.0544,109.8602,24.7314,0.0
37690.0,3.8796,50.0719,1.0481,110.1694,25.0816,0.0376
37695.0,3.8821,50.0053,1.036,108.9415,25.295,0.0
37700.0,3.8857,50.3763,1.0256,108.8293,24.6804,0.0
37705.0,3.8695,49.9108,1.0416,111.1541,25.1094,0.0
37710.0,3.8942,50.1901,1.0496,109.4122,24.9223,0.0
37715.0,3.872,50.002,1.0383,111.2782,25.1395,0.1465
37720.0,3.8976,50.1076,1.0401,109.3426,25.2455,0.0817
37725.0,3.876,50.0822,1.0568,110.3022,24.974,0.0
37730.0,3.8733,49.9996,1.0264,109.9241,25.2846,0.1328
37735.0,3.8827,49.6646,1.031,108.8379,24.8091,0.1247
37740.0,3.8848,49.6845,1.017,110.202,24.9864,0.1137
37745.0,3.895,49.7693,1.0594,111.4331,24.6914,0.0
37750.0,3.8767,49.642,1.022,109.2821,25.1528,0.0
37755.0,3.868,49.9297,1.0331,110.9575,24.9161,0.0236
37760.0,3.8819,50.2988,1.052,111.0529,25.2147,0.0
37765.0,3.8775,50.1641,1.0319,110.4829,25.6219,0.079
37770.0,3.8948,49.7823,1.0443,109.9718,25.1206,0.0
37775.0,3.8816,49.7761,1.0522,110.1331,24.8497,0.0
37780.0,3.8794,50.7187,1.0391,110.0259,24.9973,0.1574
37785.0,3.8877,49.4662,1.0459,107.2702,25.1944,0.3977
37790.0,3.8708,50.568,1.0516,110.2541,24.905,0.0
37795.0,3.8881,50.0179,1.0488,110.0468,25.1077,0.1035
37800.0,3.902,50.2597,1.039,109.6959,25.5039,0.0839
37805.0,3.8878,49.7773,1.0508,110.1809,25.3455,0.2719
37810.0,3.8928,50.0986,1.0446,108.1862,25.1179,0.1301
37815.0,3.8904,49.773,1.0287,109.1978,25.2101,0.0
37820.0,3.8772,50.381,1.0141,108.4663,25.0821,0.0
37825.0,3.8981,50.0727,1.049,109.0254,25.1425,0.1424
37830.0,3.8741,49.9548,1.0602,111.011,24.9166,0.0
37835.0,3.8822,50.7543,1.0649,111.7675,25.8183,0.0
37840.0,3.8807,50.1566,1.0404,108.5359,24.5996,0.0622
37845.0,3.8873,50.1373,1.0449,111.2294,25.4108,0.0
37850.0,3.8878,49.7477,1.0326,109.0735,25.1468,0.0
37855.0,3.8865,49.925,1.0324,110.2844,25.605,0.0
37860.0,3.8863,49.9201,1.0451,110.4758,24.9596,0.0798
37865.0,3.8902,49.8976,1.0506,108.8683,25.4657,0.2111
37870.0,3.8896,50.8484,1.028,109.2328,25.5227,0.1673
37875.0,3.8903,50.385,1.0407,110.4764,25.4297,0.0
37880.0,3.8794,49.3784,1.0478,109.6738,25.2981,0.0095
37885.0,3.876,50.1162,1.0415,110.4714,24.9728,0.0325
37890.0,3.8765,49.9674,1.0416,110.0227,25.1848,0.0
37895.0,3.8928,48.4502,1.0407,107.8549,25.2385,0.0
37900.0,3.8807,49.9845,1.0285,108.9277,25.3192,0.2441
37905.0,3.9066,49.902,1.051,109.7482,24.9201,0.0
37910.0,3.8796,50.1345,1.061,110.1478,24.8421,0.1963
37915.0,3.8781,50.3617,1.0346,109.3949,25.0611,0.0091
37920.0,3.8858,50.7853,1.0278,108.1956,25.4101,0.0
37925.0,3.8918,50.0461,1.0349,109.4982,25.1967,0.1828
37930.0,3.8766,50.2878,1.0509,111.4666,25.093,0.0713
37935.0,3.8902,49.8805,1.0463,110.1562,25.5029,0.0596
37940.0,3.8797,50.0569,1.0475,109.0273,25.2785,0.0
37945.0,3.8714,49.6483,1.0398,108.7051,25.2945,0.087
37950.0,3.8776,50.8557,1.0385,110.0633,25.3585,0.1122
37955.0,3.8813,50.22,1.0668,109.7213,25.3412,0.2058
37960.0,3.8773,49.7967,1.0585,110.2016,24.9032,0.2947
37965.0,3.8951,50.0757,1.0416,110.3975,25.019,0.1907
37970.0,3.8917,50.2475,1.0274,108.5794,25.0611,0.0
37975.0,3.8888,50.6208,1.0344,108.1285,25.4519,0.006
37980.0,3.8869,49.6887,1.0373,109.0317,24.9594,0.105
37985.0,3.8865,49.4641,1.0258,109.7062,25.6076,0.0
37990.0,3.892,49.7268,1.0285,109.496,25.2633,0.0
37995.0,3.8826,50.1162,1.0224,109.4506,25.4067,0.1159
38000.0,3.8896,49.9573,1.0564,112.2162,25.6524,0.1516
38005.0,3.8934,50.3149,1.0388,109.795,25.3583,0.0069
38010.0,3.8767,49.7888,1.0428,110.2651,25.5445,0.2992
38015.0,3.8782,49.9585,1.0484,109.799,25.6208,0.0
38020.0,3.8867,50.0095,1.048,111.4353,25.6544,0.0426
38025.0,3.8876,49.9015,1.052,111.3729,25.1179,0.0
38030.0,3.8769,50.4573,1.0473,110.6454,25.3785,0.0
38035.0,3.884,50.2467,1.0404,110.464,25.3728,0.0
38040.0,3.8839,49.9579,1.0421,109.8923,25.1548,0.0
38045.0,3.8789,50.6782,1.0338,110.0538,25.3627,0.1769
38050.0,3.8755,50.3433,1.0434,109.3841,25.8333,0.1933
38055.0,3.8804,50.0234,1.0491,110.8329,25.1036,0.0
38060.0,3.8913,50.2038,1.0403,109.8731,25.4708,0.1646
38065.0,3.877,48.8747,1.0543,110.377,25.465,0.0
38070.0,3.8879,50.2056,1.0445,110.207,25.7982,0.1028
38075.0,3.8879,50.4364,1.0425,109.5951,25.3795,0.0
38080.0,3.8697,50.0334,1.0647,110.8226,25.4935,0.0116
38085.0,3.8744,50.3534,1.0387,109.5473,25.8153,0.0093
38090.0,3.8859,49.68,1.0344,109.794,25.8684,0.0265
38095.0,3.8703,50.3301,1.0371,108.9042,25.4792,0.0
38100.0,3.883,50.1323,1.0226,108.7805,25.4648,0.1013
38105.0,3.872,50.0708,1.0406,109.0863,25.676,0.0
38110.0,3.8863,49.3098,1.0364,110.0496,25.6196,0.0
38115.0,3.8876,50.1504,1.0712,112.2257,25.2899,0.0
38120.0,3.8904,50.031,1.0272,109.6401,25.1894,0.028
38125.0,3.8838,49.6639,1.0277,109.2611,25.6831,0.217
38130.0,3.8832,49.8386,1.0637,110.1001,25.472,0.0
38135.0,3.8898,50.3595,1.0664,110.2114,25.6669,0.0
38140.0,3.8973,50.1431,1.0351,109.6549,25.2724,0.0456
38145.0,3.8916,50.2644,1.0476,110.4791,25.5257,0.0
38150.0,3.8906,50.1488,1.026,108.6956,25.4627,0.2334
38155.0,3.8851,50.2229,1.0346,109.7002,25.4664,0.0253
38160.0,3.8927,49.6692,1.0387,109.733,25.9486,0.0
38165.0,3.8949,49.7671,1.0338,109.4047,25.4445,0.0
38170.0,3.8829,50.2439,1.0525,110.9195,26.0714,0.3723
38175.0,3.8704,49.6236,1.0439,110.4427,25.0642,0.0383
38180.0,3.8835,49.8336,1.0316,110.1695,25.4529,0.005
38185.0,3.8974,49.9735,1.0325,108.6902,25.9975,0.0
38190.0,3.88,50.3235,1.0437,110.8611,25.5074,0.0
38195.0,3.8837,50.2465,1.0532,111.319,25.7841,0.2235
38200.0,3.8898,49.955,1.0421,109.6161,25.2418,0.1559
38205.0,3.8943,50.2804,1.0428,111.5782,25.7816,0.2489
38210.0,3.8872,49.7166,1.0577,111.7625,25.5827,0.0408
38215.0,3.8719,50.3258,1.0453,109.0295,25.8587,0.0
38220.0,3.8787,49.4414,1.0307,110.1316,25.5102,0.3411
38225.0,3.8938,49.7391,1.0265,108.9838,25.4799,0.0
38230.0,3.8895,49.6041,1.0513,109.5793,25.881,0.0423
38235.0,3.8819,49.8381,1.0132,108.4004,25.9378,0.0392
38240.0,3.8868,49.8064,1.056,110.1691,26.0944,0.0
38245.0,3.9052,50.2385,1.0492,110.6912,25.5414,0.0943
38250.0,3.8919,50.3318,1.0399,109.7168,25.7723,0.1046
38255.0,3.886,49.6757,1.0239,109.8596,25.7522,0.0
38260.0,3.8839,50.0531,1.0322,109.3508,25.4048,0.0
38265.0,3.8779,50.2054,1.0536,110.6014,25.8224,0.2803
38270.0,3.8976,50.0132,1.04,110.6246,25.596,0.0832
38275.0,3.8744,50.3579,1.0343,109.6215,25.658,0.2004
38280.0,3.8724,49.5189,1.0313,109.9279,25.359,0.0
38285.0,3.8941,50.3031,1.057,110.893,25.3853,0.1042
38290.0,3.8815,49.6256,1.0337,109.0061,26.0055,0.0
38295.0,3.8899,49.9389,1.0636,109.8034,26.0049,0.0
38300.0,3.891,50.3118,1.0258,108.0767,25.5764,0.006
38305.0,3.8842,50.3873,1.041,109.775,25.9356,0.0
38310.0,3.8849,49.7793,1.0299,110.3968,25.492,0.0117
38315.0,3.893,50.0798,1.0512,110.0021,25.4971,0.0
38320.0,3.8839,49.482,1.0515,110.0933,25.714,0.0
38325.0,3.8752,50.1496,1.0416,110.5576,25.7314,0.0
38330.0,3.8918,49.8954,1.0212,109.8349,25.479,0.0696
38335.0,3.8776,49.7199,1.0421,109.6796,25.8115,0.0
38340.0,3.8784,49.993,1.0504,109.7929,26.0984,0.0
38345.0,3.8768,49.4365,1.0229,109.1941,26.143,0.0
38350.0,3.8843,49.6586,1.0381,109.0161,25.5987,0.0
38355.0,3.8988,50.4367,1.05,108.9867,25.8246,0.0
38360.0,3.876,50.1,1.0402,110.0967,25.6057,0.1134
38365.0,3.8943,50.1416,1.0477,109.7372,25.9007,0.0226
38370.0,3.8936,50.1775,1.0454,110.8836,25.3289,0.0
38375.0,3.8942,50.405,1.0626,109.9686,26.1328,0.0466
38380.0,3.8998,49.8036,1.0319,110.2634,25.7978,0.0726
38385.0,3.8847,50.2014,1.0322,109.8051,25.8942,0.0
38390.0,3.876,49.7013,1.0526,109.6905,25.9941,0.0
38395.0,3.8858,50.1341,1.0444,110.3203,25.6671,0.0
38400.0,3.8893,49.8697,1.0562,109.9607,26.1707,0.0
38405.0,3.8883,49.9586,1.0395,109.2296,26.116,0.1321
38410.0,3.8936,49.7254,1.0316,109.0743,25.8388,0.0336
38415.0,3.8936,50.1697,1.0345,109.606,26.2079,0.0
38420.0,3.8774,49.9335,1.0468,110.7109,25.9979,0.0
38425.0,3.8932,49.7624,1.0268,109.8298,26.0566,0.2901
38430.0,3.8788,49.6168,1.0247,108.7852,25.9167,0.0
38435.0,3.8825,49.7981,1.0473,112.0446,26.2169,0.2312
38440.0,3.8803,50.1277,1.058,109.9995,26.1656,0.0
38445.0,3.8783,50.1218,1.0567,109.3308,25.3977,0.0968
38450.0,3.8722,49.3585,1.0166,110.2603,25.6611,0.2067
38455.0,3.8746,50.309,1.0213,109.6811,25.9834,0.0
38460.0,3.8789,50.119,1.0494,109.3306,26.0335,0.0
38465.0,3.8954,49.8911,1.0383,111.6673,25.7818,0.0259
38470.0,3.8798,50.2634,1.0563,109.6389,26.2299,0.0
38475.0,3.8856,50.3424,1.0405,110.2169,25.6379,0.0302
38480.0,3.8852,49.8852,1.0315,109.1984,26.1438,0.1088
38485.0,3.8872,49.5847,1.0471,110.9981,26.1849,0.0
38490.0,3.8834,50.1054,1.036,108.889,25.7007,0.1066
38495.0,3.8877,50.2629,1.0429,110.2207,25.8357,0.1085
38500.0,3.8846,50.4778,1.0399,110.1116,25.9177,0.0438
38505.0,3.8798,49.8936,1.0601,110.2688,25.9276,0.2686
38510.0,3.8839,49.6492,1.0445,108.667,26.1964,0.0
38515.0,3.8859,50.3456,1.0426,110.8464,26.1794,0.0
38520.0,3.8771,50.4793,1.0481,110.0699,25.9811,0.0
38525.0,3.8822,49.8511,1.0557,111.0957,25.5166,0.0
38530.0,3.8791,49.4878,1.0403,110.7719,26.6144,0.0
38535.0,3.8873,50.4648,1.0349,109.2308,26.2244,0.0
38540.0,3.8877,50.5947,1.0507,110.3446,26.1002,0.1679
38545.0,3.8906,50.2236,1.0346,110.0978,26.4735,0.0
38550.0,3.8805,50.2441,1.0605,110.7757,25.8367,0.0841
38555.0,3.8755,50.0871,1.0393,111.1556,25.7803,0.0
38560.0,3.88,49.8368,1.0344,110.2119,26.408,0.1881
38565.0,3.8878,49.9629,1.0596,109.2715,26.0075,0.2501
38570.0,3.8968,50.1951,1.0134,108.0254,26.1126,0.0092
38575.0,3.8736,50.2222,1.0537,110.0058,26.2399,0.0
38580.0,3.8871,50.2359,1.0253,109.4884,26.1771,0.0859
38585.0,3.8713,49.8688,1.0414,109.9079,26.0673,0.4017
38590.0,3.8937,50.1131,1.022,108.3652,25.6972,0.0
38595.0,3.8818,50.4224,1.035,108.5735,26.3956,0.0
38600.0,3.8888,50.4002,1.0168,109.5124,26.2914,0.0
38605.0,3.8864,49.8795,1.0543,110.7752,26.2754,0.2107
38610.0,3.8873,49.641,1.043,109.7059,25.8705,0.0
38615.0,3.8944,50.5243,1.0452,110.2032,26.1973,0.1312
38620.0,3.8887,50.0755,1.0425,109.8891,25.6465,0.0
38625.0,3.897,50.2186,1.0473,109.7906,26.0951,0.0
38630.0,3.8815,49.4892,1.0534,112.0257,26.1484,0.0
38635.0,3.8866,49.9436,1.0542,110.0937,26.1924,0.1961
38640.0,3.8923,49.3637,1.0428,109.8111,26.4132,0.0
38645.0,3.8733,49.7337,1.0429,110.3537,25.8189,0.0521
38650.0,3.8908,50.0052,1.0441,110.0845,26.2599,0.3006
38655.0,3.889,49.9326,1.0393,110.311,26.144,0.247
38660.0,3.8781,49.8853,1.0437,109.9714,26.4411,0.2562
38665.0,3.8811,50.353,1.0609,111.6142,25.7867,0.0
38670.0,3.8863,50.0604,1.041,108.1739,26.2796,0.0
38675.0,3.8971,49.5889,1.0418,110.9212,26.4956,0.0
38680.0,3.8716,50.3701,1.0373,109.8654,25.7325,0.0182
38685.0,3.8982,49.9885,1.0496,109.4525,26.3016,0.0673
38690.0,3.8756,49.4743,1.0467,109.9926,26.6094,0.2213
38695.0,3.8894,50.1617,1.045,111.4469,26.1125,0.0
38700.0,3.8805,49.8485,1.029,109.2392,26.6521,0.1229
38705.0,3.8847,50.2124,1.0351,110.4957,26.3419,0.0
38710.0,3.8827,50.223,1.035,109.0787,25.8028,0.0
38715.0,3.8749,49.6936,1.0581,110.2185,26.2091,0.2538
38720.0,3.8813,49.3852,1.0286,110.4688,26.4086,0.0
38725.0,3.8879,49.4012,1.0433,110.0048,26.2651,0.0077
38730.0,3.8815,49.0985,1.0395,109.3244,26.6495,0.0
38735.0,3.8765,50.2176,1.0571,110.2046,26.1558,0.358
38740.0,3.8823,50.5788,1.0282,109.2477,25.8701,0.1066
38745.0,3.8847,50.2359,1.0569,108.9062,26.4596,0.0765
38750.0,3.8773,49.859,1.0397,111.1952,25.9151,0.0
38755.0,3.8803,50.204,1.0361,108.9542,26.7339,0.0
38760.0,3.8813,50.0258,1.0569,110.2457,26.408,0.0
38765.0,3.9034,49.7835,1.0569,109.7761,26.343,0.0
38770.0,3.8831,50.497,1.0303,109.5036,25.785,0.0101
38775.0,3.8936,50.3684,1.0427,109.9219,25.6196,0.0136
38780.0,3.8797,50.188,1.0495,110.1506,26.3079,0.0
38785.0,3.8917,49.9804,1.0442,110.3659,26.3095,0.034
38790.0,3.8857,50.5913,1.0237,109.3246,26.2299,0.0
38795.0,3.884,50.3618,1.0461,109.9668,26.1604,0.1079
38800.0,3.8749,49.9658,1.0401,110.6417,26.302,0.0
38805.0,3.8887,50.7698,1.0537,110.4118,26.1705,0.0041
38810.0,3.879,49.5597,1.0411,108.6621,26.5832,0.0
38815.0,3.8865,50.2382,1.0594,110.6587,26.2372,0.0273
38820.0,3.8953,49.9291,1.0411,109.2941,26.5515,0.2528
38825.0,3.8743,50.1414,1.0434,110.3863,26.3448,0.0
38830.0,3.88,49.6627,1.0441,110.2017,26.4976,0.0
38835.0,3.8775,49.8369,1.0431,109.8596,26.2152,0.0
38840.0,3.8783,49.9601,1.0556,109.0346,26.4148,0.0
38845.0,3.8872,49.8022,1.0482,110.8433,26.365,0.0
38850.0,3.8834,49.7643,1.0362,109.192,26.031,0.0
38855.0,3.8703,49.7562,1.0689,110.483,25.9287,0.0405
38860.0,3.8902,50.0976,1.0465,110.1685,25.9602,0.0113
38865.0,3.8905,49.9888,1.0482,110.229,25.8804,0.0
38870.0,3.887,50.1863,1.0275,109.5846,26.8494,0.0
38875.0,3.8796,50.2192,1.0101,109.1583,26.4333,0.0
38880.0,3.8799,49.8986,1.0398,109.8015,26.5416,0.1235
38885.0,3.8961,49.9455,1.0342,109.3604,26.1281,0.2481
38890.0,3.8882,50.2455,1.0268,109.1331,26.0172,0.0
38895.0,3.8722,49.9298,1.0629,109.7721,26.2487,0.0295
38900.0,3.8871,49.9396,1.0298,110.8519,26.2908,0.0
38905.0,3.8907,49.7617,1.0589,110.5872,26.4315,0.053
38910.0,3.8751,50.0831,1.0579,112.0655,26.1094,0.0
38915.0,3.8788,50.2321,1.0349,109.1006,26.1656,0.1053
38920.0,3.877,49.9527,1.0336,109.8897,26.8629,0.2076
38925.0,3.8766,50.2874,1.0636,111.131,25.8084,0.1595
38930.0,3.8783,50.1454,1.045,110.6033,26.1521,0.259
38935.0,3.8896,50.2532,1.0209,109.6352,26.3826,0.3175
38940.0,3.8906,49.7611,1.0481,110.5072,26.0044,0.0
38945.0,3.8904,50.1401,1.046,110.6643,26.1926,0.073
38950.0,3.8854,49.848,1.0319,109.0766,26.588,0.1085
38955.0,3.8852,49.8455,1.0419,109.8906,26.8105,0.0
38960.0,3.8827,50.2833,1.0349,109.8272,26.5625,0.0187
38965.0,3.8815,49.8912,1.0364,110.2702,26.2093,0.0
38970.0,3.8793,49.8215,1.0612,111.8713,26.6044,0.0246
38975.0,3.8698,49.3774,1.0462,109.9795,26.4855,0.0185
38980.0,3.8873,49.959,1.0493,111.6859,26.2917,0.0087
38985.0,3.8871,49.8901,1.0373,110.7476,25.6974,0.0016
38990.0,3.8779,49.8209,1.0559,109.657,26.0629,0.0
38995.0,3.8727,50.3549,1.0213,108.572,26.6497,0.0
39000.0,3.8905,50.4462,1.0457,110.4829,26.1406,0.0613
39005.0,3.8761,50.5992,1.0359,109.0182,26.3052,0.0
39010.0,3.8804,50.0021,1.0309,110.7138,26.2057,0.0092
39015.0,3.8768,49.8081,1.0367,109.8862,26.3041,0.0215
39020.0,3.8845,49.7269,1.0434,109.2584,26.2709,0.0
39025.0,3.8812,50.4553,1.0342,109.9804,26.5484,0.192
39030.0,3.8706,49.9405,1.0264,110.6705,26.5738,0.0217
39035.0,3.888,49.5102,1.0357,109.7595,25.8236,0.1705
39040.0,3.8917,49.7392,1.0277,109.4836,26.0919,0.034
39045.0,3.89,49.1789,1.0307,109.0624,26.5612,0.0
39050.0,3.8796,50.0774,1.0371,109.2886,26.5298,0.0
39055.0,3.891,50.0543,1.0291,109.7347,26.0816,0.2945
39060.0,3.8853,50.1989,1.0383,109.918,26.1233,0.1338
39065.0,3.897,50.0301,1.0377,109.7926,25.5252,0.0562
39070.0,3.8774,50.1879,1.0241,109.1825,26.0921,0.0409
39075.0,3.8766,49.9474,1.044,110.8206,26.7564,0.0
39080.0,3.8863,50.0955,1.0464,111.1872,26.1346,0.1457
39085.0,3.8908,50.2703,1.0482,110.6593,25.7873,0.0
39090.0,3.8899,50.0265,1.0605,111.1808,26.4436,0.0
39095.0,3.8902,50.7487,1.0012,109.6043,26.247,0.0611
39100.0,3.8733,50.3039,1.0643,109.9436,26.2513,0.0
39105.0,3.8885,50.0656,1.0468,110.3935,26.3644,0.0236
39110.0,3.8917,49.5544,1.04,109.4092,26.3424,0.0
39115.0,3.878,49.9703,1.0457,111.2198,26.0158,0.1114
39120.0,3.881,49.9572,1.0372,109.8575,25.7926,0.3552
39125.0,3.8816,50.0863,1.0611,111.5522,26.2131,0.0
39130.0,3.8929,49.1084,1.0524,110.2665,26.5036,0.0043
39135.0,3.8841,49.9274,1.0641,110.7057,25.8587,0.2364
39140.0,3.8749,50.2909,1.0472,108.6376,26.1288,0.0
39145.0,3.8761,49.3418,1.047,110.0289,26.4513,0.0
39150.0,3.8895,50.0864,1.0451,110.2793,26.7235,0.2027
39155.0,3.886,49.5709,1.0523,110.8198,26.5709,0.0
39160.0,3.8979,50.201,1.0409,110.3765,25.9088,0.0615
39165.0,3.8879,49.8188,1.0433,110.627,26.3526,0.0
39170.0,3.8693,49.7237,1.0242,109.7971,26.1359,0.0
39175.0,3.8878,49.954,1.0296,109.9593,26.2492,0.2309
39180.0,3.8916,50.2406,1.03,109.8337,26.1922,0.0
39185.0,3.8787,49.7035,1.0504,110.3288,26.0759,0.4157
39190.0,3.8917,49.9366,1.0464,109.6768,26.3242,0.1763
39195.0,3.8819,50.23,1.0602,109.9545,25.9681,0.0
39200.0,3.8796,49.5499,1.0465,110.3423,26.2534,0.0
39205.0,3.8891,49.9391,1.0526,110.5045,26.5643,0.0
39210.0,3.8852,50.8934,1.0534,109.9384,26.1191,0.1646
39215.0,3.8856,50.4376,1.0578,110.936,26.2593,0.2158
39220.0,3.8822,49.9362,1.0423,110.7203,26.4649,0.0
39225.0,3.9036,50.13,1.0674,110.7105,25.8804,0.0
39230.0,3.8981,50.1647,1.0393,109.9032,25.8955,0.0
39235.0,3.8747,50.058,1.0177,108.6083,26.0954,0.0089
39240.0,3.8961,50.1384,1.0279,108.3598,26.6688,0.0
39245.0,3.8945,50.5937,1.0373,109.3396,25.9299,0.1522
39250.0,3.8961,50.0322,1.0715,112.4225,26.1691,0.1703
39255.0,3.8789,49.5411,1.0427,110.5804,25.9745,0.0622
39260.0,3.8904,50.4337,1.0359,109.8152,26.0084,0.0
39265.0,3.8879,49.8471,1.0434,110.2831,25.9749,0.0
39270.0,3.8819,49.935,1.0279,109.3353,26.3459,0.0
39275.0,3.8891,49.7864,1.0393,109.3884,26.2029,0.1119
39280.0,3.8838,49.8956,1.0034,108.0915,26.3671,0.1199
39285.0,3.8898,49.8833,1.0321,110.2228,25.9611,0.0
39290.0,3.8813,49.623,1.0261,108.5257,26.299,0.0254
39295.0,3.8843,49.2924,1.0582,109.6046,26.2061,0.1501
39300.0,3.8737,50.1692,1.0603,110.6267,25.8709,0.1156
39305.0,3.883,49.5834,1.0376,111.1287,26.2197,0.2612
39310.0,3.89,49.6714,1.0489,110.5018,25.8443,0.0
39315.0,3.8858,50.1267,1.0238,107.9854,26.3351,0.0
39320.0,3.879,50.3411,1.0393,109.0808,26.2506,0.2128
39325.0,3.8903,50.4916,1.0244,108.0524,25.8396,0.0
39330.0,3.8947,49.7774,1.0417,108.9929,26.0815,0.0
39335.0,3.8765,50.0161,1.0547,110.3839,25.9884,0.0
39340.0,3.8757,49.7942,1.0562,109.9999,26.0621,0.0
39345.0,3.8888,49.5791,1.0423,110.291,25.6744,0.3374
39350.0,3.8755,50.4528,1.0482,110.7274,26.0637,0.0
39355.0,3.8729,49.4945,1.0206,108.4309,26.0984,0.0
39360.0,3.8826,50.163,1.0407,109.8283,25.7932,0.0
39365.0,3.8746,50.1924,1.051,109.6293,25.8233,0.0
39370.0,3.8891,49.9313,1.03,110.7406,25.918,0.0202
39375.0,3.8812,50.1845,1.0406,110.336,25.7669,0.1588
39380.0,3.8927,49.6096,1.0265,109.1603,26.0666,0.0
39385.0,3.881,50.0228,1.0253,109.0448,25.9262,0.0898
39390.0,3.8835,49.7218,1.0502,111.3029,25.8363,0.0
39395.0,3.8999,50.703,1.0488,110.4317,26.0098,0.0225
39400.0,3.8849,50.2056,1.0391,111.0717,25.6938,0.1356
39405.0,3.8929,49.7175,1.0375,111.4773,26.1998,0.0137
39410.0,3.8812,50.3251,1.0518,110.2026,26.3954,0.0449
39415.0,3.8817,49.6723,1.0251,110.2625,26.6019,0.0361
39420.0,3.8973,50.2293,1.0496,111.2944,25.7956,0.0
39425.0,3.8892,49.4353,1.0462,110.8805,25.8905,0.0
39430.0,3.8722,50.4058,1.0407,110.1393,25.5293,0.0213
39435.0,3.8854,49.7467,1.056,109.7842,26.5038,0.0
39440.0,3.8835,50.065,1.0344,110.3224,26.4956,0.0474
39445.0,3.8896,49.7487,1.0341,110.318,26.4265,0.1415
39450.0,3.8758,50.4781,1.0424,109.8052,25.9614,0.087
39455.0,3.8939,50.0673,1.0394,110.7545,26.5067,0.0
39460.0,3.8985,49.2175,1.0296,108.9161,25.9917,0.1513
39465.0,3.878,50.1675,1.0479,109.8529,25.5559,0.1104
39470.0,3.8843,50.2485,1.0628,112.3179,25.5171,0.0
39475.0,3.896,49.8635,1.0455,110.5402,26.1813,0.3156
39480.0,3.8803,50.2037,1.0312,110.2483,25.5729,0.1176
39485.0,3.8869,50.2712,1.0172,108.4153,26.1515,0.0
39490.0,3.8794,50.0315,1.0385,110.3112,26.3324,0.1135
39495.0,3.8773,50.4625,1.0336,109.5695,26.5257,0.0
39500.0,3.8694,50.1163,1.0547,112.1634,25.887,0.0
39505.0,3.8987,50.3886,1.0157,109.0339,25.6428,0.1739
39510.0,3.8838,49.5764,1.048,111.3613,25.7834,0.0
39515.0,3.893,49.544,1.0323,110.0242,25.937,0.0867
39520.0,3.8852,49.3694,1.0413,110.7911,25.7716,0.0481
39525.0,3.8972,49.9704,1.0516,110.2312,25.824,0.0
39530.0,3.8841,50.263,1.0519,109.8152,26.1817,0.0
39535.0,3.8816,50.3228,1.0229,109.3158,25.9395,0.1644
39540.0,3.8805,50.1953,1.0431,110.1056,25.7939,0.0
39545.0,3.8947,49.7468,1.0526,110.3918,26.0029,0.0
39550.0,3.8665,50.3476,1.0505,110.7002,25.6275,0.0
39555.0,3.8829,49.6823,1.0522,109.636,25.991,0.0
39560.0,3.8764,50.1685,1.0266,109.5486,26.2892,0.1261
39565.0,3.883,49.7394,1.047,109.9729,25.859,0.1157
39570.0,3.8834,49.8088,1.048,110.9952,25.812,0.0
39575.0,3.8803,49.8042,1.0391,111.5065,25.8331,0.0
39580.0,3.8943,50.0487,1.0576,111.6119,26.5344,0.0
39585.0,3.8829,50.3309,1.0449,109.0883,25.9855,0.0
39590.0,3.8907,50.0685,1.0376,110.4516,25.6576,0.0
39595.0,3.8933,49.899,1.061,110.54,26.0474,0.286
39600.0,3.8945,50.7529,1.0405,109.3709,26.1057,0.0
39605.0,3.8922,49.808,1.0424,110.9897,26.2819,0.0
39610.0,3.8863,50.2971,1.031,108.6355,26.1073,0.0581
39615.0,3.8953,49.6623,1.0325,108.0107,25.6061,0.0
39620.0,3.88,50.0777,1.0444,109.0577,25.6551,0.0
39625.0,3.8811,50.0539,1.0581,111.3959,25.9044,0.0
39630.0,3.8853,49.6735,1.0475,110.0332,26.3201,0.0
39635.0,3.8803,50.1129,1.0447,109.7562,25.789,0.0
39640.0,3.8855,49.5991,1.0291,110.8525,26.0229,0.0
39645.0,3.8855,49.7728,1.0321,109.8751,25.9176,0.0631
39650.0,3.8699,49.906,1.045,109.0345,26.1852,0.0
39655.0,3.8862,50.2737,1.0442,110.4143,26.3919,0.0776
39660.0,3.8828,50.7679,1.0353,110.0133,26.1301,0.0572
39665.0,3.8815,49.9346,1.0385,109.4715,25.7618,0.0
39670.0,3.8893,49.9566,1.035,109.0728,26.0004,0.0
39675.0,3.89,50.1139,1.0374,108.467,26.5617,0.288
39680.0,3.8796,50.1342,1.0536,109.2548,25.9229,0.0371
39685.0,3.8827,49.8154,1.025,109.0864,25.986,0.094
39690.0,3.8806,50.1122,1.022,109.6991,26.3824,0.0
39695.0,3.8855,50.445,1.0177,108.7361,26.3812,0.0
39700.0,3.8718,49.9916,1.0679,110.4195,26.1995,0.0
39705.0,3.8907,49.5649,1.0713,110.2159,26.1326,0.0
39710.0,3.8811,50.8256,1.0466,110.1473,26.3783,0.0
39715.0,3.8945,50.0056,1.0483,110.2403,26.2349,0.0837
39720.0,3.8831,49.7821,1.0417,110.2623,25.7722,0.0337
39725.0,3.8843,49.604,1.0355,110.8196,26.0546,0.0525
39730.0,3.8874,49.7659,1.0713,111.006,26.0799,0.1179
39735.0,3.8905,50.1607,1.0514,110.6357,26.0011,0.0
39740.0,3.8868,49.6352,1.0032,108.3076,25.3765,0.0232
39745.0,3.8822,49.7178,1.0387,108.7937,26.1066,0.2176
39750.0,3.8944,49.9888,1.0435,110.8264,25.7743,0.2191
39755.0,3.8806,49.3616,1.0404,110.1151,25.8648,0.1693
39760.0,3.899,50.2905,1.0484,109.5054,26.0973,0.1598
39765.0,3.8984,50.2584,1.0396,109.9052,25.7316,0.0285
39770.0,3.8858,49.6451,1.0331,110.4582,26.0404,0.048
39775.0,3.8894,50.1899,1.0291,109.6634,26.2481,0.0
39780.0,3.893,50.2357,1.059,110.853,26.0219,0.1662
39785.0,3.8755,49.9378,1.0377,110.7552,26.2314,0.3498
39790.0,3.9043,49.6229,1.0487,111.1355,25.8024,0.0
39795.0,3.8892,49.9856,1.0606,109.0947,26.1594,0.0
39800.0,3.8825,49.7461,1.0484,108.4022,25.873,0.1672
39805.0,3.8785,49.6256,1.0567,109.9184,25.4913,0.0
39810.0,3.8784,49.9266,1.0503,110.9323,26.232,0.0422
39815.0,3.892,49.9534,1.0395,110.1589,25.834,0.0447
39820.0,3.8743,49.7358,1.0412,109.3488,26.0451,0.0
39825.0,3.8909,49.9068,1.0473,111.5525,25.9378,0.0251
39830.0,3.8974,49.1431,1.0135,108.4709,25.8117,0.0
39835.0,3.8843,50.2938,1.0536,109.873,25.831,0.0219
39840.0,3.8896,50.4213,1.0371,110.2844,25.9289,0.1275
39845.0,3.882,49.8043,1.0735,112.5561,25.8676,0.0722
39850.0,3.8823,50.48,1.0236,109.728,25.8622,0.0411
39855.0,3.8853,49.9133,1.0402,109.1697,25.825,0.0
39860.0,3.8842,50.064,1.0511,111.7696,25.7246,0.0863
39865.0,3.8945,49.7713,1.0397,109.2787,26.7628,0.0225
39870.0,3.8882,50.0282,1.0481,111.7493,25.8313,0.0
39875.0,3.8869,49.9992,1.0342,110.7287,26.0449,0.0
39880.0,3.8884,50.028,1.0269,109.9378,25.597,0.0
39885.0,3.8945,50.431,1.0398,109.9159,25.9328,0.0
39890.0,3.8932,49.7719,1.0517,109.3936,25.7285,0.1036
39895.0,3.8713,50.0019,1.0377,109.74,25.8655,0.0
39900.0,3.8832,50.2755,1.0224,109.8804,25.943,0.0686
39905.0,3.8811,49.9911,1.0439,110.897,25.9635,0.0
39910.0,3.8931,49.5219,1.0584,109.807,25.802,0.0
39915.0,3.8984,50.0152,1.028,110.2529,26.3554,0.0691
39920.0,3.8915,50.1765,1.0349,109.3934,25.9751,0.0
39925.0,3.8904,50.331,1.0394,110.4418,25.5685,0.1765
39930.0,3.8851,50.087,1.0495,110.1511,26.1414,0.0
39935.0,3.8956,50.1153,1.0599,110.8862,26.5236,0.0
39940.0,3.8793,49.6474,1.073,110.6393,26.0159,0.0
39945.0,3.8861,49.9806,1.0442,109.4695,26.1687,0.0354
39950.0,3.8856,50.0845,1.0375,109.352,25.9688,0.0
39955.0,3.8953,49.7179,1.0312,110.1349,26.2146,0.1488
39960.0,3.8825,49.5601,1.0504,110.0185,26.4484,0.0014
39965.0,3.8739,49.9276,1.039,109.8198,26.1193,0.1173
39970.0,3.8935,50.3277,1.0592,109.4778,26.3783,0.0
39975.0,3.8815,49.709,1.0642,110.3854,26.4135,0.0
39980.0,3.8895,50.0387,1.0275,108.673,26.0983,0.3598
39985.0,3.8817,50.4043,1.0363,108.7729,25.8655,0.0
39990.0,3.8953,50.0837,1.0243,110.0191,26.0558,0.1352
39995.0,3.878,49.7526,1.0448,110.7416,26.1025,0.0
40000.0,3.8853,49.8307,1.0242,109.8456,26.0897,0.0
40005.0,3.8914,50.2079,1.0432,110.7907,25.8227,0.1604
40010.0,3.8832,49.2316,1.0722,110.5132,26.2919,0.0
40015.0,3.8872,50.517,1.0459,108.8414,25.8396,0.226
40020.0,3.8947,49.6875,1.0337,110.5207,25.93,0.0
40025.0,3.89,50.1794,1.0503,109.0381,26.042,0.0
40030.0,3.8847,50.1169,1.0231,110.3515,26.0163,0.2093
40035.0,3.895,50.0239,1.0206,110.2295,25.9034,0.0
40040.0,3.8803,50.609,1.0432,110.1032,26.1404,0.0
40045.0,3.8863,49.9085,1.0381,109.9533,26.7802,0.0
40050.0,3.8843,49.7181,1.0363,110.0272,26.0112,0.1784
40055.0,3.8862,49.7207,1.0387,108.6223,26.1303,0.0
40060.0,3.8829,49.6943,1.0222,107.2225,26.0337,0.0
40065.0,3.8884,49.4392,1.0369,109.4612,26.1867,0.0
40070.0,3.8951,49.5408,1.0471,109.121,25.8165,0.0
40075.0,3.8824,49.918,1.0604,111.0812,26.0237,0.0
40080.0,3.8862,50.0416,1.0146,109.0761,26.4811,0.0404
40085.0,3.8915,50.1168,1.0505,110.1688,25.8587,0.0139
40090.0,3.8816,50.8266,1.0436,109.8956,26.5838,0.0
40095.0,3.8761,50.0092,1.0312,108.8006,25.7543,0.0156
40100.0,3.8868,49.7866,1.0434,109.2597,26.371,0.0
40105.0,3.8783,49.7513,1.0398,109.8674,26.3902,0.1307
40110.0,3.8964,49.8742,1.0536,110.4264,26.408,0.0
40115.0,3.8926,49.8615,1.0506,108.9204,26.161,0.0341
40120.0,3.8857,50.2882,1.0303,108.9123,26.2784,0.2267
40125.0,3.8819,49.3898,1.0407,109.1914,26.4328,0.1026
40130.0,3.8913,50.3547,1.0152,109.5232,25.8914,0.1703
40135.0,3.8811,49.8695,1.0572,109.4762,26.463,0.0
40140.0,3.8782,50.2296,1.0497,110.0609,26.1039,0.0643
40145.0,3.8906,50.0467,1.0442,111.8917,26.2261,0.0
40150.0,3.872,49.498,1.0498,109.5373,26.7111,0.1117
40155.0,3.881,49.9734,1.0527,110.355,26.4919,0.0228
40160.0,3.8938,50.2489,1.0765,109.3209,25.8881,0.1424
40165.0,3.8816,50.0017,1.0444,109.9451,26.7108,0.0
40170.0,3.8829,50.2595,1.0493,109.8862,25.8312,0.0889
40175.0,3.8832,49.7866,1.0359,110.8532,26.1451,0.0
40180.0,3.8818,49.4125,1.0351,109.7317,26.5021,0.0
40185.0,3.8865,50.5833,1.0417,111.3319,26.1269,0.0696
40190.0,3.8795,49.9545,1.0387,109.9669,26.4046,0.0715
40195.0,3.8908,49.758,1.0413,110.5154,26.5905,0.0866
40200.0,3.8901,49.9537,1.0341,108.8789,26.3896,0.049
40205.0,3.8806,50.2103,1.0524,109.7752,26.4411,0.0
40210.0,3.8882,49.7359,1.0166,108.9821,26.2232,0.0
40215.0,3.8832,50.2561,1.0271,109.8703,26.0647,0.0327
40220.0,3.8892,49.826,1.0614,111.763,26.312,0.0
40225.0,3.8762,49.8895,1.0381,109.7728,26.3546,0.2353
40230.0,3.8952,49.9404,1.0107,109.1442,26.3261,0.2315
40235.0,3.878,49.4082,1.0475,110.5919,25.852,0.0747
40240.0,3.8789,50.3169,1.0498,110.5465,26.7551,0.0545
40245.0,3.8749,50.2593,1.0454,110.8433,26.6443,0.0
40250.0,3.8762,49.65,1.0468,111.3141,26.2986,0.2933
40255.0,3.8941,49.742,1.0339,109.207,26.2661,0.0
40260.0,3.8791,50.4752,1.0359,110.2849,27.1768,0.1383
40265.0,3.8824,49.5668,1.0541,110.4194,26.7207,0.0
40270.0,3.899,49.9306,1.0412,110.3113,26.0339,0.2386
40275.0,3.8919,49.8409,1.0428,110.384,26.4935,0.0126
40280.0,3.8855,49.8878,1.0332,107.9587,26.428,0.0
40285.0,3.8801,50.5838,1.0636,111.8515,26.9653,0.0
40290.0,3.8879,50.5843,1.0493,110.3094,26.664,0.0
40295.0,3.8893,49.428,1.0261,110.4362,26.3364,0.0
40300.0,3.8789,49.7442,1.0253,109.2189,26.2315,0.1196
40305.0,3.8879,50.0698,1.0238,107.998,26.1755,0.1454
40310.0,3.8952,49.834,1.0324,109.6284,26.6581,0.0
40315.0,3.8933,49.8494,1.0271,108.9917,26.0865,0.0
40320.0,3.881,50.649,1.0367,109.8583,25.8381,0.1173
40325.0,3.8939,49.4109,1.0384,110.0528,26.4853,0.0
40330.0,3.8893,50.0022,1.041,110.1661,26.3215,0.0
40335.0,3.8771,49.4795,1.0486,110.9537,26.6237,0.1523
40340.0,3.889,50.0526,1.0415,108.969,25.9293,0.0
40345.0,3.8822,50.0984,1.0569,109.8536,26.5377,0.3115
40350.0,3.8859,50.2063,1.0471,110.2267,26.6624,0.0
40355.0,3.895,50.157,1.013,110.4813,26.3817,0.0069
40360.0,3.8939,49.9085,1.0345,108.47,26.0566,0.0
40365.0,3.8772,50.273,1.0303,109.9032,26.5036,0.0
40370.0,3.8925,50.3015,1.0487,111.1446,26.9958,0.0236
40375.0,3.8857,50.4558,1.0397,109.52,26.0276,0.0676
40380.0,3.8938,50.0101,1.0496,110.9751,26.5299,0.0
40385.0,3.8874,49.9328,1.0226,109.1373,26.0165,0.171
40390.0,3.8916,49.8538,1.0563,110.0505,26.9172,0.0
40395.0,3.8824,50.5525,1.0377,108.3901,26.5563,0.1075
40400.0,3.8803,50.2222,1.0371,108.9311,26.7306,0.0
40405.0,3.8745,50.0768,1.0206,109.7008,26.4931,0.0982
40410.0,3.8841,49.5675,1.0689,110.8146,27.1349,0.0
40415.0,3.8932,50.1929,1.0519,110.4223,26.9893,0.3419
40420.0,3.8888,50.2666,1.0321,110.1666,27.2112,0.2347
40425.0,3.8761,49.9289,1.0431,109.3849,26.5964,0.0358
40430.0,3.8863,49.6259,1.0383,110.188,26.8716,0.2341
40435.0,3.8836,49.4665,1.0392,109.9783,27.7147,0.2487
40440.0,3.8862,49.8761,1.036,110.699,26.6036,0.0
40445.0,3.8855,49.6328,1.0385,110.089,26.7323,0.0
40450.0,3.8857,50.4003,1.0412,108.9087,26.6698,0.1133
40455.0,3.8831,49.5712,1.0411,109.7363,26.6122,0.019
40460.0,3.8861,50.2208,1.0377,110.4501,27.1304,0.0
40465.0,3.8921,49.8898,1.032,109.3167,26.8957,0.0
40470.0,3.8808,49.542,1.0537,111.1437,26.4807,0.0
40475.0,3.8867,49.9618,1.0405,109.0645,26.9512,0.0
40480.0,3.8832,49.8281,1.0322,110.018,26.5533,0.1128
40485.0,3.8958,49.9097,1.0384,109.8519,26.445,0.0
40490.0,3.8957,49.7153,1.0404,109.962,27.1691,0.0916
40495.0,3.8931,49.9747,1.0327,110.7284,27.1936,0.4038
40500.0,3.8875,50.9165,1.0106,107.6862,26.8463,0.0
40505.0,3.886,49.585,1.0187,108.8693,26.6821,0.2125
40510.0,3.8818,50.2649,1.0545,110.8704,27.0028,0.0
40515.0,3.8852,50.2823,1.0472,111.3878,27.2559,0.0072
40520.0,3.8839,50.5328,1.0606,110.6217,27.6652,0.1488
40525.0,3.8856,50.2767,1.0532,110.1327,27.1561,0.0808
40530.0,3.8767,49.5417,1.0282,108.8264,27.4649,0.0
40535.0,3.8883,50.1338,1.0432,110.5712,27.5661,0.0
40540.0,3.8812,49.7492,1.0392,109.4682,26.7504,0.0
40545.0,3.8892,50.4097,1.0299,111.339,26.7336,0.2026
40550.0,3.8865,49.8052,1.0382,109.6275,27.1812,0.2467
40555.0,3.8875,50.2339,1.0294,108.9295,27.1607,0.0518
40560.0,3.89,49.5845,1.0427,110.2124,26.8353,0.1482
40565.0,3.8829,49.7191,1.0407,109.7339,26.9901,0.3275
40570.0,3.8909,49.9922,1.0555,111.3705,27.102,0.0
40575.0,3.879,50.1342,1.036,108.9553,27.1112,0.0
40580.0,3.8788,49.7407,1.0299,109.5905,27.3446,0.0293
40585.0,3.8812,49.832,1.0509,109.5231,27.4547,0.0
40590.0,3.8821,50.0864,1.0276,110.1402,27.6703,0.0
40595.0,3.8739,49.4604,1.0489,110.2369,27.1995,0.0
40600.0,3.8939,50.1513,1.0367,109.3984,27.1522,0.0
40605.0,3.8785,50.6517,1.0503,109.4466,27.3904,0.0
40610.0,3.8791,49.8174,1.0342,109.963,27.9405,0.0
40615.0,3.8997,49.902,1.0297,110.488,27.7185,0.0
40620.0,3.8796,49.7019,1.0473,108.9553,27.5534,0.0
40625.0,3.8737,49.6978,1.0415,110.0859,27.0708,0.0566
40630.0,3.8844,50.3856,1.0456,109.1455,27.3243,0.0
40635.0,3.8872,49.8133,1.0336,109.9299,27.2504,0.2298
40640.0,3.8755,50.2739,1.03,110.6034,27.7239,0.0
40645.0,3.8855,49.3716,1.0222,110.5029,28.1869,0.2523
40650.0,3.8813,50.1454,1.0519,111.0727,27.2945,0.068
40655.0,3.8918,49.7932,1.0429,110.4007,27.5157,0.0
40660.0,3.8841,50.2042,1.0452,109.8988,27.64,0.0564
40665.0,3.89,49.6142,1.0419,109.6009,27.7451,0.178
40670.0,3.8803,49.9973,1.0361,108.9626,27.2661,0.1659
40675.0,3.8785,49.92,1.035,109.4322,27.6766,0.0455
40680.0,3.8888,49.9351,1.0659,110.6476,28.0318,0.0
40685.0,3.8835,50.1595,1.0356,109.7982,27.3716,0.1351
40690.0,3.8862,50.024,1.0494,110.0105,27.4742,0.0
40695.0,3.8768,50.0689,1.0237,108.2894,27.6464,0.1086
40700.0,3.8891,49.8896,1.0501,110.6604,28.1235,0.2631
40705.0,3.8937,49.4281,1.0449,109.2072,27.7068,0.2482
40710.0,3.8803,50.4059,1.0398,109.801,27.6965,0.1322
40715.0,3.8743,50.3838,1.054,109.5595,27.428,0.0
40720.0,3.8756,49.6233,1.0569,110.4646,27.5918,0.0436
40725.0,3.8809,50.2283,1.0346,109.9883,27.4416,0.0
40730.0,3.876,49.8463,1.0421,110.8628,27.3361,0.0122
40735.0,3.8868,50.091,1.0178,108.1572,27.605,0.0
40740.0,3.8866,49.9424,1.0341,109.6039,27.8702,0.3257
40745.0,3.8878,50.3841,1.0444,111.0007,27.804,0.0
40750.0,3.8768,49.7893,1.0561,109.9606,27.5255,0.0944
40755.0,3.8857,50.0483,1.0461,110.2028,27.7978,0.0
40760.0,3.8907,50.5406,1.0702,112.3862,28.0126,0.0156
40765.0,3.8808,49.9442,1.0319,110.118,27.8329,0.103
40770.0,3.8765,49.6746,1.0371,108.9363,27.7205,0.0
40775.0,3.875,49.1836,1.037,110.1211,28.1125,0.0559
40780.0,3.8866,50.2049,1.022,109.1498,27.9822,0.0103
40785.0,3.8913,49.6564,1.0401,109.507,27.8072,0.0
40790.0,3.88,49.8276,1.0405,110.8104,27.9357,0.0
40795.0,3.8876,50.0609,1.0499,111.5862,28.1709,0.0
40800.0,3.8864,49.9784,1.033,110.1786,27.9759,0.0
40805.0,3.8932,49.343,1.037,109.0089,27.8342,0.0
40810.0,3.8922,50.0128,1.0268,109.3383,28.0443,0.0
40815.0,3.8751,50.1129,1.0363,111.0147,27.8572,0.0997
40820.0,3.8931,50.004,1.0535,108.8265,27.9108,0.1178
40825.0,3.8976,49.9238,1.0379,110.4076,27.8442,0.032
40830.0,3.8786,49.8689,1.0546,109.3971,27.7677,0.0
40835.0,3.8684,49.7867,1.0345,109.3082,28.7641,0.2054
40840.0,3.8818,49.8954,1.0441,110.3288,28.2318,0.0
40845.0,3.8808,50.3714,1.0388,111.0124,28.5438,0.0
40850.0,3.8851,50.3774,1.0279,109.9503,28.2063,0.0
40855.0,3.8834,50.3138,1.0451,109.7213,27.5825,0.2238
40860.0,3.8979,49.6598,1.0615,111.534,28.4991,0.0
40865.0,3.8778,50.3215,1.0179,109.3467,28.6905,0.0
40870.0,3.8861,50.4268,1.0447,109.0797,28.193,0.2063
40875.0,3.877,49.7339,1.0677,112.485,28.1891,0.1149
40880.0,3.8842,50.0539,1.0399,108.9556,28.214,0.0
40885.0,3.8868,50.2752,1.0375,109.8334,28.3723,0.0
40890.0,3.8903,50.5028,1.0372,110.4755,28.7986,0.0899
40895.0,3.889,50.1909,1.0309,110.3667,28.3293,0.0
40900.0,3.8804,50.6103,1.0167,107.9363,28.0402,0.0697
40905.0,3.8927,49.7637,1.0452,111.5176,28.4253,0.0705
40910.0,3.8886,50.0171,1.0495,108.5785,28.7874,0.0316
40915.0,3.8845,50.3366,1.0391,110.5116,28.0613,0.0
40920.0,3.8781,50.098,1.0474,109.954,29.0636,0.0951
40925.0,3.8831,50.2074,1.0569,109.923,28.4457,0.0
40930.0,3.8914,49.9248,1.0489,110.2569,28.8042,0.1613
40935.0,3.8902,50.426,1.028,109.7707,28.5308,0.0
40940.0,3.8908,49.7129,1.0383,109.5422,28.6501,0.0
40945.0,3.8932,49.4105,1.0351,108.9967,28.6991,0.0
40950.0,3.8929,49.7754,1.0617,110.4032,28.6796,0.1254
40955.0,3.8919,50.0794,1.0413,109.7101,27.9611,0.0
40960.0,3.8806,50.4338,1.0363,110.294,27.9601,0.0
40965.0,3.8835,49.6451,1.0425,110.0969,28.581,0.103
40970.0,3.893,49.3971,1.0439,109.5954,28.5057,0.0827
40975.0,3.8748,50.2143,1.05,110.912,28.9426,0.2302
40980.0,3.8871,49.8163,1.0435,110.2806,28.3306,0.0308
40985.0,3.8901,50.2829,1.0564,108.2657,28.5529,0.3241
40990.0,3.8836,50.0131,1.035,109.1878,28.6655,0.0
40995.0,3.8842,49.4815,1.0272,110.6245,28.9216,0.0
41000.0,3.8908,49.9366,1.0209,109.4369,29.1096,0.1126
41005.0,3.8781,50.3952,1.0313,110.3233,28.3878,0.0
41010.0,3.8877,49.6898,1.0352,111.0164,28.6964,0.0918
41015.0,3.8874,50.3699,1.0174,108.7252,29.0055,0.0
41020.0,3.8757,50.2385,1.0453,110.8458,28.86,0.0
41025.0,3.8927,49.8079,1.064,111.1305,28.9463,0.0411
41030.0,3.9024,49.9335,1.0277,109.73,29.1169,0.1938
41035.0,3.8963,49.5166,1.0444,111.2266,28.9139,0.0854
41040.0,3.8883,50.4548,1.0386,109.0862,29.0943,0.0
41045.0,3.8772,49.7904,1.0183,110.1675,29.1541,0.2466
41050.0,3.8842,50.0141,1.0545,108.9391,28.8479,0.0066
41055.0,3.8905,49.8446,1.0568,110.7333,28.5745,0.0
41060.0,3.89,50.1288,1.0553,110.0574,29.5035,0.0
41065.0,3.8805,49.7708,1.0368,109.0753,29.187,0.1029
41070.0,3.885,49.976,1.0511,112.8413,28.7842,0.1767
41075.0,3.8846,49.8856,1.0275,109.2682,28.9679,0.1122
41080.0,3.8739,49.9063,1.0355,109.0061,29.3094,0.0482
41085.0,3.8826,50.2821,1.036,109.6641,28.5062,0.036
41090.0,3.8812,49.7799,1.0544,109.5752,28.6004,0.0317
41095.0,3.8873,49.8201,1.0378,110.1495,28.8856,0.0922
41100.0,3.8756,50.286,1.045,111.3791,29.7118,0.0
41105.0,3.8809,50.3459,1.035,109.9516,29.2574,0.0
41110.0,3.8857,49.8117,1.0562,110.6307,29.4693,0.0
41115.0,3.8779,49.7769,1.0293,109.6174,29.0599,0.2319
41120.0,3.8929,49.8439,1.0484,107.9902,29.3725,0.2256
41125.0,3.8882,50.3046,1.0556,110.8622,29.2461,0.0739
41130.0,3.897,49.967,1.0423,109.1654,29.3377,0.4062
41135.0,3.885,50.5133,1.0468,109.3852,29.159,0.0393
41140.0,3.894,49.4358,1.041,108.9285,29.3016,0.239
41145.0,3.8798,49.6599,1.0192,107.8455,29.1022,0.002
41150.0,3.8826,50.129,1.0461,108.3906,29.3802,0.2977
41155.0,3.881,49.9236,1.0398,109.7592,29.1903,0.3818
41160.0,3.8892,50.2467,1.0653,110.5813,29.2594,0.0
41165.0,3.8752,50.4832,1.0435,109.3731,29.2682,0.0329
41170.0,3.9051,50.3929,1.0336,110.7434,29.2563,0.0548
41175.0,3.8802,49.9742,1.0336,108.9885,29.6046,0.4752
41180.0,3.889,50.1067,1.0456,109.4342,29.7276,0.1077
41185.0,3.8917,50.3568,1.0487,109.5253,29.4301,0.2989
41190.0,3.8947,49.8755,1.0409,109.8212,29.6897,0.0
41195.0,3.8833,50.0047,1.0389,108.9145,29.546,0.3661
41200.0,3.8845,49.6997,1.0481,110.0059,29.6261,0.2522
41205.0,3.8787,50.2633,1.0225,109.9546,29.5626,0.2506
41210.0,3.8873,49.8487,1.0516,110.5256,29.3744,0.3147
41215.0,3.9009,49.7271,1.0507,111.1873,29.5592,0.5239
41220.0,3.8992,49.8552,1.0517,109.2049,29.6224,0.3801
41225.0,3.8784,50.3707,1.0318,110.5314,29.5438,0.4037
41230.0,3.8858,50.349,1.05,109.7358,29.1563,0.1686
41235.0,3.888,50.3631,1.052,109.732,29.392,0.4334
41240.0,3.884,50.1738,1.0489,110.9958,29.2127,0.1363
41245.0,3.8952,50.1194,1.0353,110.2729,29.4125,0.337
41250.0,3.8786,50.2093,1.032,110.6526,29.5627,0.5828
41255.0,3.8865,50.3465,1.0532,110.5587,29.728,0.2947
41260.0,3.8863,50.465,1.0072,109.7781,29.2485,0.5634
41265.0,3.8872,50.0369,1.0457,110.8039,29.8416,0.2511
41270.0,3.8806,49.6576,1.0307,110.3015,29.9387,0.4735
41275.0,3.8892,49.8547,1.037,110.4939,30.3745,0.3505
41280.0,3.8769,50.1371,1.0377,109.6644,30.2123,0.2376
41285.0,3.8886,49.5261,1.0537,109.7722,29.4366,0.3031
41290.0,3.8754,50.3074,1.0474,110.4839,29.7354,0.1792
41295.0,3.893,49.9583,1.038,109.3985,30.4138,0.4289
41300.0,3.8907,50.3853,1.0389,111.6945,29.373,0.5902
41305.0,3.8824,49.7253,1.058,110.2854,30.1242,0.1997
41310.0,3.8872,50.114,1.0411,109.9059,30.3474,0.644
41315.0,3.875,50.5096,1.0628,109.5588,30.2242,0.5683
41320.0,3.9002,49.4612,1.043,109.089,29.8101,0.4881
41325.0,3.888,49.5627,1.0437,111.6324,30.0965,0.3601
41330.0,3.8896,49.8716,1.0241,110.23,30.1154,0.7533
41335.0,3.8802,49.447,1.0402,108.9856,29.9696,0.3394
41340.0,3.8948,49.82,1.026,109.4865,30.2031,0.4699
41345.0,3.9017,50.4241,1.0509,110.3112,30.0672,0.9039
41350.0,3.8841,50.325,1.059,108.903,30.2967,0.5833
41355.0,3.8759,50.3888,1.0301,109.4552,29.9927,0.7424
41360.0,3.8969,50.2446,1.0422,109.8549,29.9795,0.4035
41365.0,3.8876,50.4506,1.0556,110.951,30.3915,0.7369
41370.0,3.8859,50.0322,1.0416,110.5048,29.6707,0.4173
41375.0,3.8797,49.8694,1.0191,108.8815,29.9884,0.8177
41380.0,3.8852,49.8779,1.0162,108.532,30.6909,0.7606
41385.0,3.8932,49.315,1.0396,110.0775,30.1399,0.9317
41390.0,3.8858,50.15,1.0408,108.6132,30.1268,0.8953
41395.0,3.8994,50.222,1.0682,110.2157,30.1584,0.8462
41400.0,3.8811,50.1642,1.0486,110.4091,30.1735,1.0722
41405.0,3.883,49.7566,1.0131,110.0497,30.0419,1.0265
41410.0,3.8814,49.6691,1.0356,110.3332,30.0497,1.163
41415.0,3.8933,50.0787,1.0225,109.5013,30.503,0.882
41420.0,3.8787,50.4309,1.0573,109.9948,30.11,0.7329
41425.0,3.8863,50.2801,1.0403,109.1852,30.4045,0.7038
41430.0,3.8855,49.3196,1.0585,110.2716,30.7844,0.8346
41435.0,3.8945,49.4136,1.0347,109.2419,30.3286,0.8724
41440.0,3.8864,50.5421,1.0524,109.5165,30.3009,1.1965
41445.0,3.8774,50.0566,1.0452,110.4802,30.2827,0.7763
41450.0,3.8846,49.8687,1.0493,111.2118,30.2301,1.0544
41455.0,3.8688,50.3688,1.05,110.4992,30.2647,1.0591
41460.0,3.8928,49.8375,1.0409,109.5721,30.5409,0.8389
41465.0,3.8727,50.0905,1.0338,109.1748,29.9852,1.3553
41470.0,3.8923,49.9651,1.0501,111.5577,30.4559,0.8984
41475.0,3.8894,49.7231,1.0239,110.356,30.0723,1.3134
41480.0,3.8857,50.0379,1.0526,110.7285,30.4841,1.0372
41485.0,3.8748,50.0517,1.0252,107.9468,29.7383,1.3439
41490.0,3.8915,49.48,1.052,109.9737,30.637,1.1002
41495.0,3.8809,49.9066,1.0662,110.849,30.9265,1.0043
41500.0,3.8772,50.498,1.0267,109.1786,30.3494,1.2077
41505.0,3.8951,49.2865,1.0333,109.5935,30.3435,1.2567
41510.0,3.8946,49.7437,1.0411,109.0091,30.6091,1.0369
41515.0,3.8938,50.342,1.0307,109.4034,31.0665,1.1259
41520.0,3.8855,49.4132,1.06,110.5335,30.646,1.2976
41525.0,3.8851,50.219,1.0232,109.8818,30.2223,1.409
41530.0,3.8705,50.1129,1.043,109.2971,30.4016,1.132
41535.0,3.8815,50.047,1.0635,108.5818,30.8908,1.4202
41540.0,3.8941,49.6278,1.0352,111.3201,31.0879,1.6553
41545.0,3.8833,49.6931,1.0454,109.623,30.704,1.4514
41550.0,3.8848,49.5654,1.053,110.4996,30.5756,1.4395
41555.0,3.8934,49.8885,1.0455,110.9506,30.7369,1.5998
41560.0,3.881,49.823,1.0316,109.9983,30.7933,1.3276
41565.0,3.886,49.9918,1.0394,109.7479,30.5529,1.4509
41570.0,3.8746,50.4136,1.0376,109.2852,30.3975,1.5825
41575.0,3.892,49.8736,1.0272,111.3792,30.6193,1.223
41580.0,3.902,50.0682,1.0345,109.686,31.1114,1.5653
41585.0,3.8732,50.421,1.0309,110.009,30.4333,1.5858
41590.0,3.8986,49.4961,1.038,110.294,30.4437,1.4727
41595.0,3.8932,50.115,1.0294,110.1306,31.0481,1.7956
41600.0,3.8837,50.0429,1.0451,110.4735,30.4096,1.4771
41605.0,3.886,50.1651,1.0506,111.507,30.5658,1.7172
41610.0,3.8848,50.1892,1.0347,109.6651,30.7022,1.8743
41615.0,3.8736,49.8749,1.0145,110.2634,30.4922,1.5066
41620.0,3.8913,50.1512,1.0489,110.7228,31.6373,1.6746
41625.0,3.8762,49.7595,1.0259,108.1422,30.3978,1.8247
41630.0,3.8777,49.6375,1.053,109.8145,31.0038,1.6372
41635.0,3.89,49.8999,1.0247,110.4988,31.1679,1.8579
41640.0,3.8851,50.4347,1.0321,109.977,30.7199,1.9652
41645.0,3.8792,50.0606,1.0625,110.7834,30.8287,1.5152
41650.0,3.8721,49.982,1.065,111.1934,30.5156,1.9827
41655.0,3.8937,49.5442,1.0435,110.0194,30.6125,2.0073
41660.0,3.8907,49.8262,1.0391,110.054,31.0483,1.7714
41665.0,3.8843,50.3937,1.0509,107.6965,30.671,1.5414
41670.0,3.8974,50.2698,1.0274,109.2103,30.4392,2.1051
41675.0,3.8853,50.1202,1.0416,108.908,30.775,1.6042
41680.0,3.8811,50.1428,1.0619,110.8079,31.0599,2.1201
41685.0,3.8902,50.2617,1.0363,109.1377,31.0698,2.2604
41690.0,3.8832,50.472,1.048,112.3032,30.5409,1.8589
41695.0,3.8894,49.9133,1.0463,109.9405,31.504,2.1482
41700.0,3.8982,49.0377,1.0543,110.8855,31.2336,2.1653
41705.0,3.8745,50.355,1.0392,109.816,30.6491,1.893
41710.0,3.8877,50.0225,1.03,109.4587,30.6932,2.3077
41715.0,3.8865,49.532,1.0431,109.7403,30.9398,2.0677
41720.0,3.8771,50.4063,1.029,109.5376,31.3233,2.2965
41725.0,3.8892,50.243,1.0478,110.3652,31.1603,1.8491
41730.0,3.8855,50.2111,1.0378,110.4867,31.0471,2.7992
41735.0,3.8873,49.7895,1.0333,109.8073,30.9621,2.1729
41740.0,3.8819,49.5988,1.0333,110.393,31.2277,2.1925
41745.0,3.8858,50.2582,1.0475,109.1402,31.1278,2.4361
41750.0,3.8943,49.708,1.0494,110.2304,30.7015,2.4464
41755.0,3.885,50.2116,1.0326,109.3884,31.0048,2.3577
41760.0,3.8811,49.6345,1.0376,110.1979,30.7986,2.4813
41765.0,3.8961,49.9769,1.0388,108.7664,30.8754,2.7345
41770.0,3.8802,49.7849,1.0534,111.5016,31.0452,2.5739
41775.0,3.8895,49.9622,1.04,110.2249,31.3047,2.5553
41780.0,3.892,50.1817,1.0378,109.9708,30.8753,2.5256
41785.0,3.8938,49.34,1.0678,110.8987,31.1526,2.5687
41790.0,3.8933,49.7512,1.0317,110.3957,31.3229,2.596
41795.0,3.8889,49.3355,1.0261,109.8612,31.0412,2.3911
41800.0,3.883,50.0165,1.0146,107.3184,30.6811,2.7076
41805.0,3.8826,49.982,1.0474,109.3878,30.7405,2.9888
41810.0,3.8885,50.0664,1.0362,109.537,31.2225,2.875
41815.0,3.8866,50.0624,1.0564,109.8579,31.0104,2.7386
41820.0,3.8838,50.2279,1.0304,110.0263,30.7302,2.8537
41825.0,3.8825,49.8985,1.0254,108.9133,30.6858,2.7556
41830.0,3.8844,49.5771,1.0449,109.5223,31.6847,2.9738
41835.0,3.873,49.7993,1.0345,109.0218,30.8102,2.8655
41840.0,3.895,50.1919,1.0552,110.9301,31.2592,2.9448
41845.0,3.8836,49.9689,1.0431,109.7231,31.5447,2.7746
41850.0,3.8832,49.968,1.0477,110.014,31.3787,2.8592
41855.0,3.8887,50.069,1.0261,109.5814,31.3153,2.8985
41860.0,3.8766,50.0321,1.048,110.1507,30.9716,2.7466
41865.0,3.8702,50.186,1.0435,109.7854,30.8036,3.0212
41870.0,3.8987,49.4503,1.0559,109.4089,31.4367,3.0227
41875.0,3.8859,49.7845,1.0099,110.2615,31.2158,2.6849
41880.0,3.8986,49.5587,1.0446,108.6732,31.1954,2.9825
41885.0,3.8785,50.2358,1.0434,111.0798,31.1991,3.0828
41890.0,3.8809,50.4362,1.0316,109.6404,31.0719,3.0612
41895.0,3.9003,50.1909,1.0237,109.266,31.5826,2.7663
41900.0,3.876,50.0391,1.0309,108.7758,30.7315,2.9576
41905.0,3.8984,50.3295,1.0312,110.2491,31.6122,3.3503
41910.0,3.8952,49.7668,1.0488,109.4543,31.229,3.1083
41915.0,3.891,50.8995,1.0561,109.566,31.5766,3.3238
41920.0,3.8783,49.5358,1.0545,111.5443,31.4343,3.31
41925.0,3.8968,50.2492,1.0459,110.6975,31.0165,3.3159
41930.0,3.8999,50.5634,1.0493,110.2892,31.5449,3.3629
41935.0,3.8863,49.9432,1.048,110.2751,31.5619,3.38
41940.0,3.8842,49.6848,1.0337,108.923,31.1572,3.8198
41945.0,3.8783,49.667,1.0569,109.0423,30.9384,3.8063
41950.0,3.8835,50.1923,1.0426,110.1445,31.1008,3.6127
41955.0,3.8772,50.5139,1.0553,109.2517,31.2531,3.5749
41960.0,3.8848,50.003,1.043,109.9911,31.2262,3.4828
41965.0,3.8806,49.5153,1.0469,110.595,31.5107,3.7604
41970.0,3.8839,49.7167,1.0376,109.0523,31.1828,3.604
41975.0,3.8978,50.6125,1.0666,110.0101,31.7004,3.528
41980.0,3.8921,50.289,1.0636,109.6854,31.7105,3.9588
41985.0,3.8899,49.9693,1.027,109.6306,31.5516,4.1377
41990.0,3.8912,49.6295,1.0437,109.5286,31.3688,3.6158
41995.0,3.8667,50.1587,1.0354,108.9407,31.4301,4.0601
42000.0,3.8918,49.9805,1.0532,109.0246,31.6265,3.7591
42005.0,3.8858,50.1136,1.0624,110.0971,31.1621,4.0971
42010.0,3.8908,49.9182,1.0175,108.9472,31.5528,3.9155
42015.0,3.8838,49.6968,1.0394,109.0483,31.6014,4.0321
42020.0,3.8888,50.2758,1.0332,111.1206,31.8817,3.9783
42025.0,3.8826,50.0026,1.0478,109.2835,31.2767,3.9804
42030.0,3.8846,49.8219,1.0327,108.1173,31.5345,3.9119
42035.0,3.8995,49.7252,1.0221,110.4637,31.5599,3.8545
42040.0,3.8686,50.1414,1.0459,111.303,30.7742,3.8966
42045.0,3.8799,49.6515,1.0334,109.8076,31.3411,4.2601
42050.0,3.8845,49.9813,1.0315,107.5348,31.4842,3.9341
42055.0,3.8765,49.7428,1.0445,109.5172,31.2026,4.1693
42060.0,3.8737,49.9367,1.0483,109.2104,31.2586,4.0896
42065.0,3.884,50.0638,1.0515,110.7414,31.0312,4.1635
42070.0,3.8744,49.9441,1.0309,109.282,30.8071,4.0758
42075.0,3.8748,49.6958,1.0512,111.9669,31.3562,4.3787
42080.0,3.8881,50.1909,1.0577,110.0944,31.7682,4.2799
42085.0,3.8768,49.5259,1.0437,110.0432,31.1058,4.3347
42090.0,3.8937,50.1032,1.0422,110.3001,31.6511,4.1454
42095.0,3.8866,49.7206,1.0414,109.5197,31.2386,4.3028
42100.0,3.8876,50.2853,1.05,109.5473,31.2511,4.5107
42105.0,3.8937,50.0429,1.0627,110.8357,31.4734,4.2717
42110.0,3.8647,49.7915,1.0323,109.5836,31.4019,4.4941
42115.0,3.864,49.7177,1.0388,108.9105,31.3688,4.6567
42120.0,3.8857,49.8938,1.0225,109.2444,31.0885,4.4789
42125.0,3.8814,50.3228,1.041,108.8646,31.6528,4.699
42130.0,3.8808,50.5158,1.0473,111.1971,31.3521,4.3464
42135.0,3.8846,49.7171,1.0302,109.6459,31.8235,4.7008
42140.0,3.8727,49.4852,1.0377,109.2544,31.3434,4.7462
42145.0,3.8789,49.9738,1.0556,110.6269,31.6679,4.6737
42150.0,3.8619,50.0223,1.0311,108.6488,31.1191,4.9963
42155.0,3.8782,50.1657,1.0395,109.723,31.9665,4.708
42160.0,3.8922,49.637,1.0381,108.4308,31.2452,4.4917
42165.0,3.8598,49.8048,1.013,108.1691,31.3933,4.8607
42170.0,3.8753,50.77,1.0514,110.379,31.4216,4.9146
42175.0,3.8717,50.04,1.0354,109.5799,31.8662,4.5771
42180.0,3.8774,49.6159,1.0276,108.6682,31.6078,4.7897
42185.0,3.897,49.1889,1.0361,109.1449,31.6686,4.7883
42190.0,3.8904,49.2946,1.0312,109.0046,31.5703,4.922
42195.0,3.8942,49.4229,1.0216,109.6453,31.5605,4.688
42200.0,3.8729,49.5015,1.0112,108.5786,31.38,4.8851
42205.0,3.8701,49.9706,1.0426,108.1127,31.2015,4.935
42210.0,3.8914,49.4485,1.012,109.1937,31.6898,4.7362
42215.0,3.8729,49.4615,1.0402,108.5248,31.4949,4.979
42220.0,3.8579,49.8849,1.0136,108.7142,31.3373,5.1308
42225.0,3.853,49.8242,1.0274,107.8591,30.9597,5.0987
42230.0,3.8707,49.4567,1.0244,108.9574,30.8372,4.8807
42235.0,3.8696,49.7634,1.0158,109.242,30.9797,5.146
42240.0,3.8596,49.9078,1.03,108.0768,31.2653,5.2709
42245.0,3.8795,49.6193,1.0474,109.4401,31.4252,4.9699
42250.0,3.8599,49.9774,1.0342,107.8696,31.0592,5.2874
42255.0,3.8653,49.5664,0.9957,107.3939,30.931,5.1807
42260.0,3.8662,49.2039,1.042,108.178,31.4255,5.2705
42265.0,3.886,49.8138,1.0644,111.6117,31.5098,5.0808
42270.0,3.8625,49.2156,1.0416,109.4814,30.6652,5.128
42275.0,3.8583,49.2976,1.038,108.7263,31.0959,5.2601
42280.0,3.8601,50.0838,1.0465,109.8526,31.0936,5.1202
42285.0,3.8291,48.8304,1.0176,106.6222,31.3449,5.7307
42290.0,3.8464,49.3013,1.0364,107.905,31.4816,5.3757
42295.0,3.8305,49.6247,1.005,106.6454,31.1813,5.5867
42300.0,3.8377,49.1345,1.0143,106.9233,30.9838,5.6438
42305.0,3.8465,49.6197,1.0384,107.4618,31.2206,5.6072
42310.0,3.8252,48.706,1.0186,106.4828,31.1502,5.6271
42315.0,3.8102,48.9397,0.9765,104.94,31.6108,5.7709
42320.0,3.8296,48.9496,1.0356,107.2782,31.313,5.6161
42325.0,3.8272,49.1328,1.0084,107.4457,31.4007,5.6639
42330.0,3.8221,49.7755,1.0095,105.2087,30.8905,5.6369
42335.0,3.8344,49.3993,1.0076,107.2359,30.7025,5.6339
42340.0,3.8092,48.1477,1.0228,105.2861,30.7733,5.8077
42345.0,3.7587,47.5288,0.9896,101.1697,31.2024,6.0953
42350.0,3.8346,49.4206,1.002,105.843,31.102,5.6658
42355.0,3.8148,47.9001,1.0032,105.5257,31.6301,5.8231
42360.0,3.7887,48.9784,0.9921,103.4765,31.1881,5.974
42365.0,3.6073,45.5671,0.9328,92.2225,31.5017,6.4578
42370.0,3.745,46.8851,0.9834,101.3081,31.1055,6.1148
42375.0,3.7236,47.451,0.9711,99.0427,31.4646,6.1923
42380.0,3.8005,48.6847,1.0233,104.9874,31.2725,5.832
42385.0,3.7585,47.964,0.9947,101.9362,30.8831,6.0147
42390.0,3.7547,48.3538,0.9883,103.3691,30.8385,6.0476
42395.0,3.749,47.9006,0.998,101.3929,31.2293,5.97
42400.0,3.6884,46.9188,0.9469,98.0372,31.0372,6.2272
42405.0,3.6289,45.3703,0.9528,95.0532,31.2334,6.3975
42410.0,3.6831,46.6802,0.967,98.879,31.3873,6.3838
42415.0,3.7056,46.5955,0.9635,100.332,31.1426,6.2563
42420.0,3.7457,46.9924,0.9688,100.7455,31.3796,6.1239
42425.0,3.6293,45.8199,0.9353,93.9122,31.1961,6.4438
42430.0,3.5189,43.8965,0.9016,89.8702,30.9495,6.5981
42435.0,3.5604,44.132,0.9174,91.6403,30.8787,6.4541
42440.0,3.6576,46.3555,0.9362,94.3987,31.3913,6.3304
42445.0,3.564,44.5403,0.905,91.183,31.2595,6.572
42450.0,3.6249,45.7066,0.9411,94.379,30.7883,6.4259
42455.0,3.5939,45.0643,0.9095,92.8085,31.3362,6.4181
42460.0,3.4926,43.1161,0.8806,87.7896,31.1872,6.6464
42465.0,3.2906,39.5031,0.8106,76.9336,31.2627,6.964
42470.0,3.4381,41.8887,0.8578,82.7014,31.7745,6.746
42475.0,3.6396,45.8782,0.9135,94.675,30.6428,6.3583
42480.0,3.2504,39.0866,0.7978,74.59,31.0861,6.927
42485.0,3.5021,43.1239,0.8876,87.3552,31.1189,6.665
42490.0,3.3009,40.1553,0.8386,77.0768,31.4212,6.9219
42495.0,3.4038,42.1499,0.8541,82.4747,30.9005,6.7386
42500.0,3.4875,42.7819,0.91,87.3218,31.3427,6.5876
42505.0,3.3463,40.5283,0.8206,78.9749,31.2269,6.8687
42510.0,3.2885,39.6386,0.8085,75.4276,31.5071,6.9772
42515.0,3.2989,39.8308,0.8112,75.6606,30.8576,6.9514
42520.0,3.338,40.5094,0.8308,79.2464,31.2856,6.8348
42525.0,3.3383,41.0642,0.8304,80.2576,31.1879,6.8002
42530.0,3.3749,41.2966,0.8503,81.2698,30.7877,6.8435
42535.0,3.2019,37.4481,0.7851,69.2148,30.8553,7.039
42540.0,3.3178,40.2549,0.7979,75.1397,30.9943,6.82
42545.0,3.2977,40.313,0.829,76.375,30.9961,6.8985
42550.0,2.5877,27.3785,0.6406,41.1069,31.0921,7.5743
42555.0,3.3594,40.7828,0.8301,79.793,31.0419,6.8332
42560.0,2.9371,33.6349,0.7203,58.1021,31.4475,7.2691
42565.0,3.2113,38.3779,0.7676,71.0508,30.9351,6.8798
42570.0,3.1201,36.3791,0.7634,65.9263,31.3118,6.9649
42575.0,2.7092,29.921,0.6377,46.7313,31.1196,7.3114
42580.0,2.4929,25.7204,0.6056,36.9214,31.1239,7.4192
42585.0,2.9385,32.9774,0.7223,58.4501,30.8598,7.1085
42590.0,2.7924,31.098,0.6704,51.1809,31.2244,7.1801
42595.0,2.4388,24.9251,0.595,33.9093,30.474,7.4121
42600.0,2.8931,32.5717,0.6972,54.1129,31.2244,7.0222
42605.0,2.7719,30.4467,0.6547,48.548,31.286,7.0131
42610.0,2.6058,27.5132,0.6542,42.1218,31.3115,7.2548
42615.0,2.5667,27.1273,0.6072,39.6116,31.0846,7.1947
42620.0,2.779,30.3995,0.6676,50.5043,31.8848,7.0255
42625.0,2.4632,25.0799,0.6147,37.6503,31.0286,7.2685
42630.0,2.3747,23.3555,0.5799,31.6176,30.4524,7.4216
42635.0,2.2608,21.7608,0.5827,29.0952,31.0195,7.2943
42640.0,2.5649,26.8888,0.6108,39.0372,31.0253,7.0321
42645.0,1.8892,14.477,0.5229,14.8989,30.8638,7.8116
42650.0,2.0315,17.7512,0.5375,19.772,31.3131,7.3695
42655.0,2.2096,20.5349,0.5645,25.7696,30.9466,7.1446
42660.0,2.0025,16.1802,0.5191,15.8337,30.719,7.401
42665.0,1.7311,12.1877,0.5061,12.2966,31.0846,7.6471
42670.0,1.5899,9.4019,0.4999,9.4671,31.0149,7.7996
42675.0,1.7806,12.7811,0.5202,11.9708,31.064,7.4141
42680.0,1.7222,12.1741,0.4909,10.7515,30.3545,7.4246
42685.0,1.6237,10.0756,0.4759,9.1678,30.658,7.5561
42690.0,1.6368,10.9894,0.4911,10.3911,30.9126,7.5905
42695.0,1.8281,14.3746,0.5375,13.5189,31.1499,7.2128
42700.0,1.7139,11.8663,0.4974,11.6785,31.1182,7.2793
42705.0,1.7147,11.5836,0.5078,10.8446,30.7612,7.3854
42710.0,1.5612,9.2872,0.509,6.7556,30.8647,7.6834
42715.0,1.8408,14.2072,0.5407,17.0506,31.1681,7.2318
42720.0,1.9067,15.4144,0.542,18.1653,31.1257,7.0294
42725.0,1.6979,11.8525,0.493,12.3376,30.9891,7.3803
42730.0,1.8211,13.6768,0.5354,14.1809,31.3452,7.2178
42735.0,1.7188,11.9459,0.5,10.6996,31.2465,7.3411
42740.0,1.6364,10.6615,0.4981,9.0736,30.566,7.5715
42745.0,1.6701,10.5467,0.5181,10.2497,30.681,7.5576
42750.0,1.5062,8.1619,0.505,6.8701,31.2124,7.9784
42755.0,1.6849,10.9254,0.4941,12.2473,30.5342,7.492
42760.0,1.7569,12.7401,0.5245,12.0566,31.1395,7.3165
42765.0,1.7194,12.4154,0.5017,12.8974,30.4147,7.3777
42770.0,1.7455,12.1359,0.4963,10.9843,31.1196,7.4136
42775.0,1.5783,9.5553,0.4963,7.1226,30.8947,7.6802
42780.0,1.7266,12.8336,0.5057,11.4801,30.8665,7.3838
42785.0,1.7351,12.2271,0.5178,12.6895,31.1336,7.3011
42790.0,1.6611,11.1973,0.5117,10.2394,30.6813,7.5858
42795.0,1.7564,12.5583,0.5277,12.8669,31.1669,7.2679
42800.0,1.6188,9.3093,0.5019,9.4797,31.1648,7.5453
42805.0,1.7209,12.3561,0.5065,12.5125,30.1212,7.4088
42810.0,1.7281,12.5217,0.511,11.2947,31.254,7.4015
42815.0,1.641,10.5347,0.4944,10.7406,30.5756,7.5977
42820.0,1.6553,10.4101,0.5197,9.7613,30.4188,7.5257
42825.0,1.6956,11.7038,0.5003,9.604,30.6258,7.4742
42830.0,1.9498,16.17,0.5567,18.7656,30.8656,7.0993
42835.0,1.6633,11.4848,0.5047,12.4666,29.7951,7.4313
42840.0,1.7519,12.2327,0.5061,12.064,30.6729,7.357
42845.0,1.7778,12.4212,0.5028,12.6399,30.6669,7.3007
42850.0,1.6539,10.3695,0.4916,9.248,30.6724,7.5412
42855.0,1.5895,9.7432,0.4938,8.0649,30.4287,7.6597
42860.0,1.6164,10.8768,0.5028,8.9127,30.7426,7.5556
42865.0,1.8366,14.0665,0.5133,14.4217,30.7189,7.2175
42870.0,1.6367,9.9968,0.5048,8.7505,30.5464,7.5926
42875.0,1.6044,10.2923,0.4973,8.3048,30.9558,7.6659
42880.0,1.6867,11.1289,0.498,10.2382,30.576,7.5018
42885.0,1.6641,10.6369,0.5044,10.762,30.6602,7.5845
42890.0,1.8131,13.8517,0.505,12.5235,30.7483,7.2283
42895.0,1.7489,12.4411,0.4967,11.4873,30.2566,7.3022
42900.0,1.8357,13.6887,0.4973,14.2177,30.208,7.1847
42905.0,1.7171,11.5849,0.4974,12.7283,30.7463,7.3244
42910.0,1.551,9.4275,0.4901,8.8213,30.9832,7.7389
42915.0,1.8329,13.8583,0.5187,14.2149,31.173,7.2484
42920.0,1.9394,16.1958,0.52,16.7571,30.6604,7.1365
42925.0,1.7105,11.7431,0.493,10.8321,30.7498,7.4781
42930.0,1.6496,10.658,0.507,11.0809,30.5861,7.4865
42935.0,1.5762,10.0322,0.5057,10.3675,30.7183,7.557
42940.0,1.5521,9.3018,0.4925,6.6783,30.4116,7.8238
42945.0,1.6282,10.6582,0.4884,9.0732,30.8396,7.5536
42950.0,1.6137,10.535,0.5136,10.8848,30.5852,7.6826
42955.0,1.8193,13.878,0.5188,14.3116,30.4627,7.249
42960.0,1.5471,8.8817,0.485,8.0962,30.8297,7.7641
42965.0,1.7202,11.9534,0.5032,11.2376,30.7846,7.3208
42970.0,1.6616,10.5984,0.4966,9.5618,31.2854,7.4767
42975.0,1.7387,13.2266,0.5054,11.8087,30.6796,7.302
42980.0,1.6802,11.8914,0.5025,11.2989,30.6182,7.4525
42985.0,1.6525,10.696,0.4969,9.4943,30.6194,7.5967
42990.0,1.8403,13.9728,0.5129,13.3977,30.8333,7.1984
42995.0,1.6395,11.1029,0.4992,9.5677,30.7551,7.5128
43000.0,1.6735,11.4125,0.5055,10.2653,31.2585,7.4594
43005.0,1.5962,9.9943,0.4938,9.4059,31.0423,7.6996
43010.0,1.76,12.4113,0.4813,11.1693,30.9605,7.3807
43015.0,1.6282,10.7797,0.4991,8.7487,30.6373,7.5551
43020.0,1.6974,11.0284,0.4938,11.0784,30.7304,7.5345
43025.0,1.7205,11.966,0.5071,11.1076,30.5132,7.4359
43030.0,1.5094,8.7361,0.491,4.6798,30.1457,7.8767
43035.0,1.7107,11.5165,0.4951,10.7391,30.6056,7.4363
43040.0,1.575,10.0961,0.4929,7.8711,30.5503,7.6209
43045.0,1.6783,10.8701,0.4996,10.7488,30.5779,7.4622
43050.0,1.7381,11.9096,0.4996,11.3997,30.8508,7.4062
43055.0,1.7009,11.8401,0.495,10.724,30.6938,7.4181
43060.0,1.6327,10.1622,0.493,10.8277,30.6532,7.5786
43065.0,1.7465,12.1923,0.5296,12.4535,30.762,7.3957
43070.0,1.636,10.3054,0.4929,8.6656,30.3229,7.5915
43075.0,1.6737,10.6305,0.5105,10.0137,30.5583,7.5852
43080.0,1.7146,11.1777,0.5165,12.0859,30.1319,7.3814
43085.0,1.6937,11.652,0.5176,11.0338,30.9414,7.371
43090.0,1.6291,10.5126,0.492,8.8995,30.4042,7.568
43095.0,1.5763,9.2772,0.5077,7.7344,30.2156,7.7477
43100.0,1.6195,10.3337,0.4801,9.2389,30.5308,7.5428
43105.0,1.6559,11.1208,0.4841,11.5052,30.927,7.5271
43110.0,1.6697,10.9691,0.5096,8.8628,30.1472,7.4696
43115.0,1.8065,13.6962,0.5074,12.925,30.7591,7.3616
43120.0,1.6038,9.6485,0.4941,8.742,30.4772,7.6648
43125.0,1.7167,12.4926,0.5114,11.789,30.3699,7.3916
43130.0,1.525,7.7332,0.4903,6.3557,30.8295,7.8961
43135.0,1.6252,9.9518,0.4923,10.0593,30.8765,7.5184
43140.0,1.6369,10.6171,0.4901,8.2998,30.1685,7.5756
43145.0,1.7231,12.4113,0.4869,11.2101,30.8635,7.4246
43150.0,1.6807,11.3637,0.4866,8.8504,30.6107,7.6019
43155.0,1.5835,9.2289,0.4938,9.5032,30.5316,7.7513
43160.0,1.6497,10.1082,0.4865,10.0762,30.2364,7.5294
43165.0,1.5366,8.3327,0.5029,8.4708,30.2554,7.823
43170.0,1.635,10.0539,0.5155,10.0786,30.9446,7.5864
43175.0,1.7284,11.8216,0.5038,13.1887,30.204,7.4541
43180.0,1.5483,9.008,0.5006,6.8425,30.7709,7.7566
43185.0,1.6496,10.8588,0.5133,9.9963,31.1152,7.5522
43190.0,1.7248,12.0428,0.5014,10.6554,30.2846,7.4736
43195.0,1.5698,10.0911,0.4914,9.9115,30.6193,7.7153
43200.0,1.5342,9.3121,0.4847,7.3416,30.6097,7.8347
43205.0,1.5815,9.6908,0.4988,7.3032,30.5136,7.8095
43210.0,1.5499,9.686,0.5005,7.4053,30.1525,7.766
43215.0,1.686,11.7116,0.5143,11.208,30.5021,7.4911
43220.0,1.5778,9.6693,0.4956,8.695,30.6951,7.6681
43225.0,1.6288,10.5302,0.5258,8.4926,30.7715,7.6126
43230.0,1.666,10.455,0.5137,11.0514,30.188,7.486
43235.0,1.6989,11.8986,0.4993,11.2054,30.6528,7.547
43240.0,1.5867,10.0067,0.5005,7.067,30.5835,7.6622
43245.0,1.6049,9.7473,0.4964,8.7108,30.9402,7.6337
43250.0,1.5512,8.5227,0.4808,7.3619,30.8645,7.8579
43255.0,1.5808,8.9934,0.4872,8.5452,30.6004,7.825
43260.0,1.5517,9.1217,0.4846,9.1563,30.7821,7.8016
43265.0,1.6309,10.8506,0.4965,8.8451,30.6345,7.5634
43270.0,1.6611,10.7355,0.5159,10.1924,30.4267,7.5262
43275.0,1.5943,10.0523,0.4895,7.9147,30.5238,7.6255
43280.0,1.7543,12.6404,0.522,11.9628,30.3803,7.3691
43285.0,1.6962,11.3812,0.5011,10.9787,30.5341,7.3948
43290.0,1.652,11.4782,0.4952,10.0555,31.0329,7.5945
43295.0,1.6394,11.2055,0.4997,9.5876,30.3652,7.495
43300.0,1.529,8.9853,0.4923,8.0167,30.6965,7.815
43305.0,1.6706,11.0282,0.5059,9.7594,30.6965,7.4682
43310.0,1.6224,10.3496,0.5158,9.5919,31.0149,7.524
43315.0,1.6591,10.7573,0.5195,10.1314,30.6789,7.5038
43320.0,1.6479,11.2914,0.4929,10.7485,30.4511,7.518
43325.0,1.5985,9.3552,0.4991,9.5707,30.2819,7.7553
43330.0,1.5934,9.7437,0.5022,7.8662,30.2432,7.6995
43335.0,1.64,10.9966,0.521,10.1232,29.9191,7.6572
43340.0,1.5501,8.7341,0.508,7.8804,30.4814,7.8186
43345.0,1.6047,10.5296,0.4966,10.4986,30.4896,7.6769
43350.0,1.6882,11.4039,0.5081,11.2774,30.339,7.4152
43355.0,1.7254,11.9349,0.4984,12.2841,30.441,7.3778
43360.0,1.6251,10.1688,0.4923,9.0505,30.5581,7.6464
43365.0,1.714,11.8784,0.5036,11.6463,30.2031,7.5482
43370.0,1.622,10.1823,0.4979,8.8892,30.3519,7.6453
43375.0,1.6332,10.6196,0.5087,9.322,30.3008,7.5282
43380.0,1.6789,11.0586,0.4916,9.2366,30.6728,7.5279
43385.0,1.67,11.4118,0.4856,10.4355,30.8002,7.5018
43390.0,1.5832,9.1388,0.4928,7.9099,30.6783,7.6714
43395.0,1.596,9.8831,0.5103,9.1276,30.4936,7.709
43400.0,1.6288,9.8783,0.4839,9.4908,30.1464,7.5748
43405.0,1.764,12.8821,0.5128,13.1447,30.3455,7.268
43410.0,1.6358,10.5154,0.5099,10.4218,30.7493,7.5951
43415.0,1.6333,10.2782,0.4785,7.1198,30.3246,7.6335
43420.0,1.6153,9.4808,0.4795,8.3787,30.8824,7.632
43425.0,1.6076,9.6529,0.49,10.1454,30.5784,7.604
43430.0,1.9164,15.733,0.5277,16.5489,30.1529,7.1028
43435.0,1.641,10.1726,0.499,10.8135,30.403,7.4758
43440.0,1.6065,10.1293,0.4779,8.9237,30.5748,7.6469
43445.0,1.6397,10.4597,0.5049,9.7315,30.8701,7.5993
43450.0,1.7803,12.9246,0.5226,13.3074,30.3257,7.315
43455.0,1.5575,8.872,0.5184,8.6791,30.4396,7.7562
43460.0,1.6791,11.362,0.4973,10.2742,30.6528,7.4871
43465.0,1.5719,9.2312,0.4771,8.6288,30.6964,7.695
43470.0,1.6778,10.8892,0.5,10.3247,31.0202,7.4903
43475.0,1.626,9.9935,0.5071,9.2433,30.3331,7.6611
43480.0,1.738,12.5899,0.5019,12.2146,30.1616,7.3427
43485.0,1.5763,10.2225,0.489,7.9533,30.6171,7.745
43490.0,1.6242,10.9144,0.4999,9.2948,30.5906,7.5728
43495.0,1.7413,12.5883,0.5161,11.1454,30.3788,7.3577
43500.0,1.5726,9.5633,0.5148,7.6656,30.1295,7.7315
43505.0,1.6415,9.9749,0.5108,9.9314,30.3854,7.5591
43510.0,1.696,11.9606,0.5213,10.773,30.3997,7.4032
43515.0,1.5891,9.8165,0.4991,7.9423,30.0382,7.7491
43520.0,1.6146,10.2402,0.4937,9.3066,30.7413,7.6016
43525.0,1.7322,12.0942,0.5056,12.9707,30.5742,7.3733
43530.0,1.8635,14.4283,0.5259,15.462,30.3701,7.1765
43535.0,1.5606,9.0283,0.488,7.489,30.1893,7.7185
43540.0,1.6937,11.7521,0.505,10.3987,30.4838,7.4462
43545.0,1.6494,10.2071,0.4975,8.8177,31.2887,7.4296
43550.0,1.706,12.0437,0.5113,11.4527,30.5579,7.4504
43555.0,1.5905,9.4823,0.483,9.6348,30.5887,7.6661
43560.0,1.5417,9.2776,0.4971,9.517,30.1969,7.827
43565.0,1.6981,11.2065,0.4922,9.7437,30.3522,7.4895
43570.0,1.5036,9.0343,0.4946,7.1527,30.784,7.8975
43575.0,1.6892,11.2751,0.5199,12.1975,30.3655,7.4668
43580.0,1.7271,11.8412,0.4907,11.1935,30.6752,7.416
43585.0,1.7195,12.1996,0.5016,10.849,30.5587,7.3233
43590.0,1.8041,13.2829,0.4988,12.849,30.37,7.2168
43595.0,1.7915,12.643,0.5118,12.528,30.4643,7.2601
43600.0,1.6073,10.4545,0.4984,9.2084,30.706,7.6187
43605.0,1.5994,9.4783,0.4923,9.8299,30.1292,7.7293
43610.0,1.5961,9.7442,0.4866,8.4092,30.6489,7.6179
43615.0,1.6185,10.165,0.5007,10.0906,30.3675,7.5742
43620.0,1.6121,10.6345,0.4872,7.0384,29.9974,7.6096
43625.0,1.6388,10.4476,0.5054,10.3557,30.3227,7.6545
43630.0,1.5224,7.7976,0.4968,7.5908,30.3565,7.8535
43635.0,1.6925,11.3556,0.4876,11.305,30.1776,7.4548
43640.0,1.6979,11.4817,0.4846,9.2148,30.1021,7.3675
43645.0,1.5218,8.4088,0.498,8.0624,30.6718,7.6936
43650.0,1.6011,10.3113,0.4808,9.0965,30.8128,7.6073
43655.0,1.5661,9.1558,0.5005,6.6065,30.5179,7.6751
43660.0,1.6688,11.2496,0.5129,10.36,30.2388,7.5172
43665.0,1.6688,10.7363,0.4958,10.1592,30.4033,7.4996
43670.0,1.6376,11.0662,0.5103,11.0002,30.499,7.5861
43675.0,1.6629,10.7177,0.4852,10.2433,30.4679,7.4681
43680.0,1.5944,9.6819,0.5017,9.6261,30.9199,7.6705
43685.0,1.6703,10.3612,0.5057,10.5591,30.5468,7.5744
43690.0,1.7192,11.7118,0.4967,11.7399,30.821,7.4281
43695.0,1.7219,11.9253,0.4849,10.5358,30.492,7.4761
43700.0,1.6934,10.8253,0.5057,11.7289,30.5127,7.4658
43705.0,1.5949,9.6239,0.4858,9.7359,30.322,7.7546
43710.0,1.6192,10.6109,0.5084,10.823,30.3818,7.5604
43715.0,1.613,10.5891,0.5105,9.476,30.998,7.6431
43720.0,1.6812,11.156,0.5067,10.0712,30.7967,7.4555
43725.0,1.6527,10.6837,0.5138,9.6413,30.813,7.5265
43730.0,1.5796,9.8239,0.4841,9.2942,30.4203,7.5891
43735.0,1.8126,13.4232,0.4987,14.1924,30.3337,7.249
43740.0,1.5785,9.8036,0.5032,8.7457,30.8781,7.6286
43745.0,1.6432,10.9831,0.514,11.4325,30.2222,7.5733
43750.0,1.7476,12.3549,0.5042,12.7154,30.3382,7.2872
43755.0,1.6122,9.5156,0.4906,9.4815,30.6189,7.521
43760.0,1.6059,9.4752,0.498,8.701,30.6591,7.6448
43765.0,1.6578,11.293,0.508,8.6876,30.3395,7.5421
43770.0,1.7051,11.0388,0.5251,12.3109,30.482,7.4885
43775.0,1.5302,8.5486,0.5084,7.6769,30.3961,7.9189
43780.0,1.6923,10.4384,0.4897,10.8785,31.2556,7.3902
43785.0,1.6442,10.6231,0.5174,9.8612,30.7108,7.5399
43790.0,1.7774,12.5657,0.5224,12.635,30.8075,7.2524
43795.0,1.5621,8.5448,0.5042,8.6393,30.5746,7.7594
43800.0,1.5149,8.1533,0.4993,7.6705,30.6128,7.8713
43805.0,1.6318,10.8359,0.488,10.7928,30.3095,7.5883
43810.0,1.6646,10.8886,0.4692,9.3874,30.7777,7.4857
43815.0,1.5674,9.2353,0.5193,7.3868,31.0969,7.7169
43820.0,1.6888,11.7687,0.5004,9.6654,30.8479,7.4056
43825.0,1.6684,10.8877,0.5197,11.8496,30.3506,7.4817
43830.0,1.5114,8.0247,0.4906,6.4357,30.4406,7.9072
43835.0,1.5288,9.0758,0.4989,7.3695,30.7867,7.8711
43840.0,1.6943,11.3698,0.5065,11.6881,30.3455,7.4487
43845.0,1.6148,10.0754,0.5005,9.1775,30.5704,7.7239
43850.0,1.5097,7.9609,0.4913,7.804,30.7804,7.9489
43855.0,1.7338,12.6125,0.5154,12.2054,30.6825,7.3186
43860.0,1.6037,9.9736,0.4926,7.6711,30.3698,7.5551
43865.0,1.7945,12.6343,0.5157,12.6675,30.5519,7.3158
43870.0,1.6558,10.0781,0.5086,9.6908,30.6283,7.5501
43875.0,1.6508,10.2768,0.5001,10.4675,30.7817,7.5796
43880.0,1.6147,10.8372,0.4888,8.4457,30.5868,7.6391
43885.0,1.5907,10.5905,0.5052,7.2007,30.2918,7.5933
43890.0,1.5916,10.6435,0.4906,8.6956,31.0501,7.6384
43895.0,1.6286,10.1955,0.4852,9.0038,30.9789,7.5392
43900.0,1.802,13.3181,0.5208,13.1285,30.5639,7.4136
43905.0,1.7496,12.5804,0.5405,11.6765,30.7921,7.3846
43910.0,1.6202,10.0545,0.4981,8.4511,30.8872,7.647
43915.0,1.5386,9.0613,0.4858,7.3412,30.2443,7.786
43920.0,1.5967,9.0034,0.5044,8.9739,30.768,7.7185
43925.0,1.5893,9.0002,0.4837,8.1858,30.5481,7.721
43930.0,1.6229,10.5098,0.4975,10.7896,30.3832,7.6036
43935.0,1.5356,8.3684,0.4864,6.0004,30.6542,7.8218
43940.0,1.6521,10.9999,0.5035,10.0222,30.6466,7.4557
43945.0,1.5717,9.0927,0.5131,8.1104,30.366,7.6455
43950.0,1.6118,10.7098,0.4905,8.85,30.1966,7.5579
43955.0,1.6289,10.0185,0.4952,9.7865,30.5426,7.5632
43960.0,1.6602,10.2515,0.503,10.2925,30.3978,7.5842
43965.0,1.6069,9.7345,0.4904,9.7011,30.4422,7.6884
43970.0,1.6123,10.5812,0.5023,8.8601,30.4487,7.6031
43975.0,1.6466,10.7978,0.5094,9.7561,30.8456,7.4558
43980.0,1.6618,11.0437,0.5213,10.6629,30.9882,7.5137
43985.0,1.5975,10.1898,0.4876,8.197,30.5203,7.7664
43990.0,1.6376,10.7106,0.4887,9.3785,30.7048,7.5883
43995.0,1.6089,10.1192,0.514,9.3982,30.5561,7.5622
44000.0,1.6148,10.0809,0.4959,8.9848,30.9803,7.6353
44005.0,1.8209,13.4443,0.5225,12.9898,30.608,7.2191
44010.0,1.6063,10.3381,0.4901,7.46,30.7432,7.5762
44015.0,1.5809,9.7027,0.5145,8.0363,30.5907,7.7406
44020.0,1.7276,12.1974,0.5264,11.278,30.1127,7.4241
44025.0,1.7373,12.2043,0.5114,11.5314,30.656,7.4398
44030.0,1.7101,11.9979,0.507,11.3279,30.2432,7.437
44035.0,1.5954,10.0785,0.5198,10.7728,30.8536,7.6315
44040.0,1.746,12.6499,0.5121,11.9122,30.776,7.4033
44045.0,1.7141,11.8546,0.5041,11.4883,30.4341,7.4307
44050.0,1.555,9.449,0.4766,8.363,30.6844,7.6902
44055.0,1.6476,10.4725,0.4853,8.3065,30.3752,7.5183
44060.0,1.5619,9.5905,0.4927,8.914,30.5012,7.7517
44065.0,1.7001,11.5742,0.5011,12.7873,30.7282,7.4595
44070.0,1.535,8.196,0.4943,8.4261,31.2666,7.7958
44075.0,1.6256,10.4794,0.4972,9.1603,30.6338,7.5683
44080.0,1.5963,9.4126,0.507,9.782,30.8496,7.6202
44085.0,1.6796,11.3597,0.5006,9.2212,30.2125,7.5732
44090.0,1.67,11.4686,0.4894,9.6999,30.8262,7.5646
44095.0,1.7395,12.1805,0.5004,13.6065,30.4593,7.345
44100.0,1.7253,11.8274,0.515,11.2132,30.9993,7.3094
44105.0,1.7225,11.923,0.5155,11.9081,30.2735,7.4227
44110.0,1.5508,8.4469,0.5063,7.7056,31.032,7.8487
44115.0,1.5878,9.5777,0.484,7.6776,30.8354,7.8132
44120.0,1.7859,13.624,0.532,13.6202,30.2061,7.371
44125.0,1.5543,9.1217,0.5053,6.7326,30.552,7.7914
44130.0,1.6347,10.6144,0.4928,8.6448,30.5716,7.6382
44135.0,1.722,11.4127,0.5009,11.299,30.4696,7.4399
44140.0,1.5309,7.9419,0.5022,8.126,30.8583,7.8012
44145.0,1.6146,10.1565,0.4841,8.1906,31.1383,7.5194
44150.0,1.5422,9.5431,0.5017,7.8771,31.017,7.8326
44155.0,1.5293,8.543,0.4958,6.6774,31.3092,7.9569
44160.0,1.7255,12.5161,0.5076,11.6327,30.119,7.4408
44165.0,1.5284,8.3237,0.5104,5.7697,30.3572,7.9542
44170.0,1.521,8.9845,0.4859,7.4605,30.7012,7.7918
44175.0,1.5321,9.3758,0.503,7.653,30.9023,7.8065
44180.0,1.5627,9.907,0.4905,8.5567,30.9153,7.8465
44185.0,1.6487,10.075,0.5083,9.6747,30.6316,7.4765
44190.0,1.6024,10.7745,0.5157,9.6093,30.6988,7.5721
44195.0,1.5616,9.115,0.4927,7.5655,30.5959,7.7149
44200.0,1.5991,9.5201,0.486,6.4247,31.4269,7.5989
44205.0,1.6738,10.6243,0.5192,10.5193,31.0077,7.4947
44210.0,1.6038,9.8216,0.4818,7.9394,30.768,7.6925
44215.0,1.5312,8.4305,0.4948,6.479,30.5614,7.9106
44220.0,1.5677,8.8327,0.4996,8.0519,30.2195,7.7951
44225.0,1.5546,8.4397,0.5169,8.6249,30.989,7.7272
44230.0,1.6286,9.1391,0.493,8.8039,30.5998,7.5402
44235.0,1.5454,8.7433,0.5049,8.626,31.1442,7.7941
44240.0,1.5959,10.0572,0.4923,8.2749,30.8891,7.6546
44245.0,1.7156,11.6099,0.5122,10.8283,30.6603,7.3033
44250.0,1.7513,11.507,0.4959,11.0884,31.0952,7.4022
44255.0,1.6838,11.0739,0.5046,10.1542,31.4598,7.5066
44260.0,1.6248,10.9418,0.49,12.7668,30.2814,7.4896
44265.0,1.6263,10.5099,0.4928,10.1126,30.7153,7.6448
44270.0,1.61,10.0367,0.5019,8.0609,30.7877,7.6585
44275.0,1.536,9.1538,0.4992,6.2137,31.0405,7.8643
44280.0,1.5255,8.4255,0.4731,6.3327,31.323,7.831
44285.0,1.5793,9.3449,0.4835,8.366,30.5325,7.7383
44290.0,1.5788,9.0466,0.4799,7.6745,30.9739,7.6524
44295.0,1.5803,9.4476,0.4973,8.3581,30.1229,7.7417
44300.0,1.5808,9.6124,0.5073,7.0405,30.8751,7.6541
44305.0,1.5746,9.427,0.5166,8.8404,30.8252,7.6986
44310.0,1.6105,9.9225,0.4927,8.1006,30.8816,7.6371
44315.0,1.5233,8.2933,0.5006,8.896,30.5034,7.9392
44320.0,1.5684,9.7511,0.4902,6.9023,31.0131,7.6675
44325.0,1.5739,9.5918,0.5016,7.4665,30.8604,7.7309
44330.0,1.5723,9.2899,0.5001,7.9532,30.2525,7.7893
44335.0,1.5479,8.42,0.5014,6.6354,30.4756,7.7997
44340.0,1.6298,9.5237,0.4884,8.3468,30.8476,7.7139
44345.0,1.5483,8.6655,0.4879,7.4418,30.9364,7.7742
44350.0,1.7062,11.8473,0.4918,10.691,30.5369,7.4568
44355.0,1.5508,8.6816,0.4935,7.7267,30.6183,7.8526
44360.0,1.5952,9.5296,0.4922,8.2262,30.6131,7.7079
44365.0,1.5778,9.4929,0.4907,7.9847,30.2364,7.7039
44370.0,1.6614,10.5226,0.4889,9.2821,30.6011,7.4833
44375.0,1.4842,8.1234,0.4941,5.8554,30.577,7.9194
44380.0,1.6045,10.1567,0.4897,7.5735,30.4076,7.7422
44385.0,1.5141,8.0111,0.4809,7.1573,30.7145,7.9133
44390.0,1.734,12.0144,0.5028,12.0323,30.5792,7.4316
44395.0,1.5616,8.7691,0.4942,8.7484,30.3746,7.8297
44400.0,1.5237,8.3029,0.4956,8.2568,30.8765,7.7342
44405.0,1.5679,9.2606,0.5111,8.3657,30.295,7.7559
44410.0,1.4935,8.3482,0.4924,8.1757,30.4739,7.9665
44415.0,1.6724,11.0239,0.4807,10.0367,30.4085,7.5895
44420.0,1.6544,10.9158,0.4947,8.9809,30.8482,7.4212
44425.0,1.5745,9.197,0.495,6.9242,30.8287,7.7303
44430.0,1.7238,11.915,0.5121,10.5707,31.3014,7.3619
44435.0,1.6598,10.5935,0.5065,10.2197,30.6242,7.5734
44440.0,1.5303,8.7446,0.4984,8.626,30.6944,7.8821
44445.0,1.7177,12.1039,0.5196,12.0353,30.4284,7.4059
44450.0,1.566,9.102,0.4899,7.7254,30.5262,7.828
44455.0,1.7107,12.0762,0.4909,11.1725,31.1171,7.4754
44460.0,1.5385,9.0128,0.4854,7.7461,30.641,7.7906
44465.0,1.5852,9.968,0.5131,7.372,30.7953,7.6577
44470.0,1.6108,9.4288,0.5033,8.0921,30.6735,7.6377
44475.0,1.6639,10.8702,0.534,10.8181,30.6706,7.4377
44480.0,1.5989,10.2489,0.4858,8.7399,30.4101,7.6753
44485.0,1.5607,9.2084,0.5008,8.7524,31.0698,7.7114
44490.0,1.6213,10.9243,0.4916,7.7671,30.9941,7.5799
44495.0,1.6678,11.1668,0.4912,8.9139,30.6408,7.5159
44500.0,1.6161,9.4394,0.4985,9.1159,31.3013,7.5618
44505.0,1.5338,8.5642,0.4873,9.0179,30.8561,7.7846
44510.0,1.5612,9.0913,0.4983,6.931,30.7512,7.6698
44515.0,1.5746,9.5127,0.5043,9.7821,30.242,7.571
44520.0,1.5419,8.944,0.4863,6.6884,30.6298,7.8844
44525.0,1.6339,10.2796,0.4899,9.3081,30.998,7.5484
44530.0,1.6779,11.4337,0.5031,8.943,30.6991,7.4923
44535.0,1.6101,9.1618,0.4938,8.9153,30.7227,7.7421
44540.0,1.5556,9.815,0.5126,10.8615,30.702,7.7632
44545.0,1.4444,6.852,0.4948,6.0626,30.6182,8.2247
44550.0,1.5235,8.966,0.4676,7.9378,30.7249,7.8084
44555.0,1.5774,9.9418,0.4971,7.1771,30.8016,7.6455
44560.0,1.6491,10.6218,0.5086,9.5491,30.3326,7.5689
44565.0,1.6067,9.9856,0.4886,7.8962,30.717,7.6243
44570.0,1.5617,9.4082,0.4863,7.2747,30.201,7.8411
44575.0,1.6296,10.3878,0.5003,10.3673,30.752,7.5816
44580.0,1.5782,9.4317,0.4979,7.6538,30.0673,7.7015
44585.0,1.5948,9.2966,0.5073,8.4732,30.69,7.5955
44590.0,1.6158,10.1861,0.4779,7.6142,30.747,7.6166
44595.0,1.5982,9.7632,0.4903,10.3819,30.7388,7.6082
44600.0,1.6684,11.1758,0.4936,11.4001,31.1702,7.4962
44605.0,1.6977,11.3652,0.5078,8.9601,30.0926,7.5677
44610.0,1.5917,9.6185,0.4986,9.1601,30.6965,7.6903
44615.0,1.6143,10.5215,0.4919,10.7247,30.3124,7.6661
44620.0,1.6403,10.5608,0.5277,10.8071,30.8799,7.5989
44625.0,1.6199,10.3764,0.5005,9.4569,30.6093,7.6098
44630.0,1.5001,8.5251,0.4869,5.8911,30.7032,7.9629
44635.0,1.5627,9.142,0.4817,7.5408,30.4159,7.8674
44640.0,1.4984,8.2013,0.5041,6.9898,30.2233,7.9795
44645.0,1.6037,10.2718,0.4893,8.3593,30.5287,7.6817
44650.0,1.6248,10.0175,0.4872,9.3283,30.5822,7.5593
44655.0,1.5673,9.9016,0.4734,7.6566,30.1443,7.7454
44660.0,1.6057,10.4287,0.5015,9.0121,30.6055,7.6601
44665.0,1.4828,7.5538,0.487,6.6825,30.4364,8.0545
44670.0,1.5596,9.4944,0.4835,8.1208,30.6901,7.8207
44675.0,1.4687,7.6006,0.4623,5.5148,30.4078,8.0237
44680.0,1.5175,8.2477,0.4981,7.1169,30.4451,7.8861
44685.0,1.5576,8.693,0.4998,7.1732,30.1373,7.8732
44690.0,1.5268,8.6322,0.4908,7.4626,30.3973,7.9257
44695.0,1.517,8.2918,0.5012,7.1804,30.5162,7.9555
44700.0,1.5417,9.0456,0.4912,7.0307,31.0532,7.7855
44705.0,1.4961,8.452,0.4759,7.3555,30.6811,8.0197
44710.0,1.5422,8.7348,0.478,7.3575,29.846,7.9164
44715.0,1.577,9.3255,0.503,7.3655,30.7874,7.7513
44720.0,1.6164,10.1405,0.5013,9.0315,30.632,7.6083
44725.0,1.5902,9.5232,0.49,7.5527,30.5881,7.6365
44730.0,1.5548,9.51,0.4981,8.9382,30.9358,7.7047
44735.0,1.6554,11.0771,0.5101,8.9902,30.5374,7.5533
44740.0,1.4892,8.041,0.5035,7.7473,30.5388,7.9577
44745.0,1.5564,9.5709,0.4956,8.6133,30.3813,7.7341
44750.0,1.5437,9.1419,0.4879,9.1769,30.4647,7.8763
44755.0,1.5891,9.2333,0.4933,8.4449,30.2411,7.7661
44760.0,1.5298,8.5852,0.4792,7.9402,30.3771,7.8385
44765.0,1.5387,8.4329,0.4954,8.2779,30.5658,7.8088
44770.0,1.639,10.2534,0.5,6.9386,30.6426,7.552
44775.0,1.5518,8.5306,0.4818,7.4934,30.1751,7.8471
44780.0,1.5882,9.6715,0.4986,9.0681,30.6285,7.7032
44785.0,1.5757,9.2012,0.4913,7.8261,30.3024,7.6939
44790.0,1.5047,7.8647,0.4858,6.2907,30.1053,7.9509
44795.0,1.5038,8.3682,0.4967,7.2005,30.4066,7.8224
44800.0,1.5217,7.9211,0.4903,7.4068,30.9577,7.8918
44805.0,1.4541,7.3573,0.4934,7.6582,30.6733,8.1286
44810.0,1.6402,10.6177,0.5074,10.8886,30.3766,7.7026
44815.0,1.5107,7.9831,0.499,6.9043,29.7943,7.9955
44820.0,1.497,7.9566,0.5127,6.3583,30.1168,7.9621
44825.0,1.5983,9.7862,0.5015,9.1839,30.3707,7.7036
44830.0,1.6203,10.4043,0.4787,8.054,30.5313,7.7266
44835.0,1.6318,10.0137,0.4874,9.0768,30.0582,7.5606
44840.0,1.5557,8.5022,0.5207,7.7504,29.7151,7.8231
44845.0,1.5318,9.4188,0.5152,9.3584,30.1232,7.8765
44850.0,1.519,8.1758,0.4946,7.8399,30.1993,7.99
44855.0,1.5859,8.9012,0.482,6.6424,29.8508,7.7373
44860.0,1.4912,8.0824,0.4811,6.226,30.3446,7.9458
44865.0,1.4999,8.364,0.478,6.4591,29.9194,7.9518
44870.0,1.5118,8.2802,0.489,4.9261,30.0999,7.9484
44875.0,1.6094,10.5039,0.4998,8.13,29.9405,7.6319
44880.0,1.4951,8.1598,0.4941,6.5178,29.703,8.0589
44885.0,1.5751,9.6691,0.5114,7.6488,30.0111,7.7358
44890.0,1.531,9.013,0.4828,7.3056,30.0507,7.9079
44895.0,1.4903,8.5167,0.4807,7.3554,30.4013,8.0287
44900.0,1.538,8.4885,0.4809,6.2574,30.4492,7.8615
44905.0,1.5786,9.5111,0.4983,9.2104,30.0798,7.7067
44910.0,1.6179,9.5413,0.5028,10.3903,30.0355,7.5518
44915.0,1.6114,9.9085,0.5137,9.8585,30.1117,7.6785
44920.0,1.5926,9.8872,0.486,8.8207,30.1125,7.6391
44925.0,1.5956,9.9876,0.4946,8.8229,29.5274,7.6676
44930.0,1.6094,9.7733,0.5167,8.6957,29.7546,7.7491
44935.0,1.6617,11.0208,0.5113,9.5932,29.4356,7.5222
44940.0,1.5689,9.1591,0.4962,6.8725,30.2444,7.8068
44945.0,1.5183,8.3334,0.4884,7.5717,29.2657,7.9498
44950.0,1.4866,8.4763,0.4868,6.5563,30.5389,8.0105
44955.0,1.5567,8.8545,0.5063,7.0827,30.2112,7.8184
44960.0,1.5154,8.1585,0.4961,6.973,29.9302,7.9078
44965.0,1.5524,9.3794,0.4968,9.6305,30.1028,7.8151
44970.0,1.5842,9.5807,0.4933,8.5347,29.7886,7.7881
44975.0,1.5822,9.4455,0.5021,9.1713,29.6549,7.7721
44980.0,1.5123,8.1662,0.4846,7.1236,30.1143,7.9144
44985.0,1.6698,10.6958,0.5045,8.8656,29.8506,7.5919
44990.0,1.5304,8.595,0.4681,8.3421,29.9407,7.8864
44995.0,1.6103,10.1462,0.4999,9.8953,29.7035,7.6883
45000.0,1.5815,8.9519,0.4992,7.7291,29.7715,7.7706
45005.0,1.5728,8.9895,0.5001,8.0292,29.7715,7.779
45010.0,1.605,9.8685,0.4964,7.8264,30.2291,7.5453
45015.0,1.5253,8.4803,0.4953,8.4459,29.8428,7.7873
45020.0,1.6496,10.5048,0.5099,9.7814,29.7079,7.5395
45025.0,1.4725,7.5979,0.4668,5.8145,29.98,8.148
45030.0,1.6197,9.7843,0.5053,8.9194,29.6092,7.723
45035.0,1.6249,10.5033,0.501,10.2259,29.6575,7.7499
45040.0,1.5939,9.7345,0.5136,9.6643,30.291,7.656
45045.0,1.741,13.0738,0.5083,12.4723,29.5783,7.408
45050.0,1.5977,9.6075,0.4838,8.9379,29.784,7.634
45055.0,1.5413,8.6978,0.4896,6.6725,29.5789,7.8595
45060.0,1.5486,8.8155,0.4901,7.099,29.7342,7.7837
45065.0,1.5067,8.2436,0.4855,5.7355,29.6089,8.0559
45070.0,1.6031,9.3034,0.5108,8.6617,29.2986,7.7015
45075.0,1.7048,11.5129,0.5124,11.4261,29.4573,7.4485
45080.0,1.5559,8.7108,0.5104,8.7958,29.896,7.8067
45085.0,1.5231,7.9983,0.488,6.9221,29.57,8.014
45090.0,1.595,10.1149,0.4821,8.3962,29.3919,7.7721
45095.0,1.4955,7.7262,0.468,7.3999,29.1309,8.0366
45100.0,1.5873,9.5106,0.4792,8.5251,29.392,7.8485
45105.0,1.5922,9.878,0.5019,9.5541,29.5759,7.7611
45110.0,1.5644,9.5546,0.4947,7.1887,29.6065,7.82
45115.0,1.5891,10.0613,0.5085,9.1901,29.9169,7.7582
45120.0,1.5656,9.5569,0.4931,7.4631,29.4761,7.7114
45125.0,1.6273,10.5381,0.5056,9.4492,29.5246,7.5365
45130.0,1.5964,10.4679,0.497,7.4025,29.7729,7.7022
45135.0,1.5272,9.234,0.501,7.8581,29.0005,7.9787
45140.0,1.5069,8.4236,0.4953,7.355,29.7378,7.9744
45145.0,1.5453,8.6582,0.4905,7.7452,29.2578,7.879
45150.0,1.5486,9.1262,0.5285,7.8659,29.4602,7.837
45155.0,1.6347,10.1838,0.5059,8.6025,29.353,7.6873
45160.0,1.6508,11.0917,0.4952,10.1316,29.6268,7.5569
45165.0,1.646,10.5399,0.5246,10.5415,29.3784,7.6153
45170.0,1.5921,9.3333,0.5104,8.3823,29.6555,7.8661
45175.0,1.5197,8.0085,0.4843,7.9418,29.6349,7.865
45180.0,1.4986,8.1717,0.4661,7.508,29.2694,8.1991
45185.0,1.5591,9.6038,0.4985,8.5948,29.1844,7.8128
45190.0,1.5803,9.5432,0.4731,7.3489,29.1574,7.8124
45195.0,1.6407,10.3798,0.4911,9.4684,28.742,7.6405
45200.0,1.5736,9.9201,0.4822,6.7112,29.4768,7.7877
45205.0,1.6212,9.7881,0.4933,9.9788,29.2135,7.712
45210.0,1.4759,6.9975,0.5011,7.4451,29.6645,8.1359
45215.0,1.4677,7.8858,0.4824,4.6773,29.3641,8.1869
45220.0,1.6,10.1658,0.5146,9.374,29.6147,7.7174
45225.0,1.6085,10.0356,0.4911,8.9515,29.4629,7.697
45230.0,1.5684,9.3713,0.4884,8.6833,29.3537,7.8018
45235.0,1.5557,8.9064,0.4749,7.5952,29.245,7.9155
45240.0,1.5437,8.5197,0.4971,7.2248,29.3073,7.9182
45245.0,1.5129,8.0181,0.492,6.7135,29.1079,7.9802
45250.0,1.5924,9.9107,0.5202,7.9037,28.9356,7.7623
45255.0,1.5608,8.896,0.48,8.4673,29.2342,7.8478
45260.0,1.4819,7.4221,0.4885,6.0009,29.1119,8.2353
45265.0,1.5309,8.8161,0.4961,7.13,29.3059,7.9475
45270.0,1.5307,8.7435,0.4941,8.6046,28.758,7.8582
45275.0,1.5507,9.153,0.4951,7.498,29.1156,7.8995
45280.0,1.4989,7.8954,0.4941,8.7966,29.4186,8.0135
45285.0,1.5174,8.3723,0.5103,6.6851,28.8789,8.0362
45290.0,1.6069,10.2544,0.5028,8.8096,29.0328,7.6746
45295.0,1.468,7.2153,0.4742,4.9067,29.4248,8.1843
45300.0,1.4829,7.9374,0.5035,6.0167,29.1718,8.1063
45305.0,1.5888,9.5376,0.5153,7.9488,28.8895,7.9406
45310.0,1.514,7.3835,0.4933,7.5337,29.237,8.0201
45315.0,1.5076,8.1901,0.4974,6.2713,28.9129,8.0896
45320.0,1.5678,9.1861,0.4977,6.6851,28.98,7.8735
45325.0,1.5792,9.4188,0.4913,8.1667,28.9316,7.8696
45330.0,1.5811,8.7923,0.5097,8.9294,28.8138,7.7474
45335.0,1.4933,8.0198,0.483,6.7751,29.3686,8.0221
45340.0,1.5345,8.7637,0.4888,7.7675,29.3063,7.8975
45345.0,1.5772,9.8283,0.503,7.9592,29.5608,7.7891
45350.0,1.6298,9.5708,0.4989,10.6716,28.6333,7.747
45355.0,1.4907,8.6518,0.5148,8.6715,29.1616,8.0419
45360.0,1.5521,8.8909,0.4955,9.1907,28.9664,7.9125
45365.0,1.5563,9.4154,0.4929,7.801,28.9897,7.7952
45370.0,1.5577,9.0419,0.4967,9.7379,28.7544,7.8118
45375.0,1.4957,7.6384,0.4734,6.3151,29.0774,8.1233
45380.0,1.5389,8.7308,0.481,8.385,28.6212,8.0571
45385.0,1.6073,9.849,0.5022,9.2607,29.2289,7.7463
45390.0,1.5338,8.9152,0.5041,5.9727,28.4249,7.9576
45395.0,1.5383,8.8886,0.4881,7.3946,28.6931,7.9244
45400.0,1.5648,9.4225,0.491,7.6717,28.7792,7.8579
45405.0,1.6043,10.0047,0.4909,8.3385,28.3658,7.7866
45410.0,1.5077,8.5946,0.4843,6.1793,29.0251,8.0025
45415.0,1.5039,8.5371,0.4815,6.7231,29.0923,8.0917
45420.0,1.5555,9.0279,0.4994,8.8036,28.8363,7.9532
45425.0,1.6032,10.2678,0.4899,8.0491,28.5426,7.8202
45430.0,1.5195,8.2164,0.4927,7.0153,28.4065,8.0145
45435.0,1.5013,8.0388,0.4962,5.1077,29.2621,8.0998
45440.0,1.515,9.0011,0.5153,6.8061,29.424,7.9948
45445.0,1.4584,7.2734,0.4871,6.256,28.8886,8.2937
45450.0,1.5448,9.0959,0.5027,8.4099,28.9059,7.9012
45455.0,1.5086,8.2573,0.5056,6.1596,28.8424,8.1233
45460.0,1.606,10.124,0.4938,9.3064,28.3485,7.7937
45465.0,1.5487,8.5038,0.4906,6.8348,28.6609,8.0008
45470.0,1.4916,7.8949,0.4938,5.861,28.5342,8.162
45475.0,1.6119,9.9628,0.5031,8.3995,28.5856,7.8993
45480.0,1.498,7.6927,0.4806,8.4448,29.1693,8.096
45485.0,1.6308,10.4918,0.4971,8.6254,28.5314,7.7983
45490.0,1.4896,8.0421,0.4925,7.6758,28.4373,8.1445
45495.0,1.6735,10.7351,0.4971,9.9567,28.2558,7.6531
45500.0,1.5438,8.7963,0.4878,6.775,28.6899,7.9257
45505.0,1.5085,8.1747,0.4868,7.0735,28.279,8.2066
45510.0,1.5147,8.0493,0.5018,7.2938,27.9742,8.1135
45515.0,1.4938,7.5591,0.4888,6.4069,28.541,8.2395
45520.0,1.5577,8.9173,0.5059,9.6728,28.3484,7.8602
45525.0,1.5668,9.5295,0.4977,7.1011,28.3932,7.8141
45530.0,1.5089,7.857,0.4817,7.2275,28.2533,8.1293
45535.0,1.5328,8.3605,0.4901,6.6273,28.1312,8.0356
45540.0,1.4811,7.9584,0.4931,4.9288,28.3224,8.2216
45545.0,1.5465,8.6312,0.4948,7.6895,28.3704,7.997
45550.0,1.542,8.7309,0.4808,6.9073,28.0867,7.9676
45555.0,1.5931,9.7799,0.4929,8.1078,28.3954,7.9105
45560.0,1.4985,8.1173,0.4848,7.4395,28.6798,8.1354
45565.0,1.5444,9.5983,0.4848,8.1937,28.1515,8.0185
45570.0,1.5728,9.3814,0.4795,8.313,28.1987,7.8443
45575.0,1.5224,8.4405,0.4869,6.9981,28.1368,8.1659
45580.0,1.5207,8.3443,0.4841,6.26,28.3999,8.0407
45585.0,1.5925,9.0032,0.4975,8.9529,27.667,7.9886
45590.0,1.6288,10.1838,0.4815,9.3531,28.2894,7.6325
45595.0,1.5894,9.3099,0.5184,9.6992,27.7992,7.8697
45600.0,1.5252,8.7294,0.5022,6.9105,28.2809,8.1046
45605.0,1.5623,8.5883,0.4958,7.7207,28.2472,7.9712
45610.0,1.5092,8.0745,0.5122,5.7201,28.3822,8.0355
45615.0,1.5794,9.2433,0.4982,8.7847,27.9396,7.8484
45620.0,1.5488,9.1635,0.5071,8.0404,28.3088,7.946
45625.0,1.5263,8.5482,0.4824,6.7413,28.0255,8.0546
45630.0,1.5718,9.1446,0.4949,6.9777,28.0864,7.9142
45635.0,1.5368,8.5782,0.4939,6.6969,27.925,8.1126
45640.0,1.5421,9.3094,0.5003,6.9652,28.0152,8.0383
45645.0,1.5124,8.0796,0.4824,5.8938,28.0911,8.1289
45650.0,1.5037,7.9636,0.4865,7.2637,27.828,8.206
45655.0,1.5138,8.8617,0.4859,4.9676,27.8499,8.1814
45660.0,1.5598,9.5185,0.5077,8.9954,28.3499,8.0333
45665.0,1.4817,7.544,0.4967,7.6519,27.9338,8.3595
45670.0,1.6189,9.9574,0.5124,9.4182,28.282,7.7354
45675.0,1.5723,9.6285,0.4942,7.9706,28.2962,7.8106
45680.0,1.5576,9.1595,0.5119,8.224,28.0187,7.9735
45685.0,1.5664,9.1814,0.473,5.7455,28.0179,7.818
45690.0,1.4913,7.4074,0.4824,7.1622,27.9719,8.2341
45695.0,1.5707,9.3658,0.5117,7.966,28.0579,8.0139
45700.0,1.5124,8.1975,0.5041,7.5364,27.9929,8.1002
45705.0,1.5314,8.2618,0.4906,6.1694,28.0048,8.0441
45710.0,1.5179,8.2732,0.4911,6.0475,27.7818,8.1917
45715.0,1.5374,8.2134,0.5013,7.3641,28.4343,8.052
45720.0,1.5892,9.614,0.5018,8.3194,27.987,7.8844
45725.0,1.6102,10.4566,0.5179,8.4089,27.5339,7.8709
45730.0,1.5207,8.7319,0.5112,7.3186,28.1575,8.1157
45735.0,1.6399,10.9753,0.5019,9.4702,27.7223,7.6399
45740.0,1.5039,7.8931,0.4802,7.1743,28.1975,8.0855
45745.0,1.5637,8.8015,0.4847,8.5817,27.5362,7.9646
45750.0,1.4619,7.9506,0.479,6.4313,27.5424,8.3328
45755.0,1.5736,9.9143,0.5145,9.0252,27.7916,7.8837
45760.0,1.6642,11.4733,0.4947,9.5006,28.1391,7.7281
45765.0,1.595,9.9952,0.479,8.2407,27.6889,7.7612
45770.0,1.4568,7.3763,0.4794,6.995,27.8357,8.3648
45775.0,1.4996,8.1687,0.4964,6.6573,27.414,8.2412
45780.0,1.4939,8.0208,0.5042,7.0421,28.0895,8.1594
45785.0,1.5332,8.3837,0.5037,6.7601,27.7209,8.0868
45790.0,1.5748,9.4834,0.5092,7.6918,27.5972,7.8887
45795.0,1.5165,8.0678,0.505,6.1187,27.6801,8.0939
45800.0,1.4924,7.989,0.4853,6.0617,27.8934,8.1286
45805.0,1.5333,8.6339,0.4933,7.6202,28.1363,8.0837
45810.0,1.479,8.2959,0.4849,7.4104,27.7564,8.3448
45815.0,1.5778,9.4607,0.4979,8.4858,27.5729,7.8596
45820.0,1.5553,8.4236,0.512,8.2951,27.5116,8.0626
45825.0,1.6434,10.7876,0.5297,10.0625,27.4567,7.682
45830.0,1.4533,7.3324,0.4859,7.0342,27.9625,8.1948
45835.0,1.5113,7.935,0.4866,9.7821,27.5606,8.187
45840.0,1.5633,8.6757,0.5148,7.8737,27.6944,8.072
45845.0,1.5636,9.1581,0.4845,8.8559,28.0921,7.89
45850.0,1.5914,10.212,0.4914,9.7393,27.1376,7.867
45855.0,1.5795,9.5708,0.4888,8.4743,27.8762,7.905
45860.0,1.626,10.5483,0.5143,8.6841,27.2074,7.7956
45865.0,1.6021,9.7905,0.5065,8.1675,27.193,7.8936
45870.0,1.5978,10.1122,0.4861,9.3643,27.2388,7.854
45875.0,1.6412,10.4146,0.5026,8.9187,27.0858,7.7957
45880.0,1.622,10.4569,0.5105,11.0362,27.7489,7.7512
45885.0,1.5617,9.6153,0.5027,8.4823,27.6213,7.8816
45890.0,1.5959,9.2484,0.5002,8.0584,27.6712,7.8427
45895.0,1.5689,9.67,0.5005,8.9584,27.1343,7.9024
45900.0,1.6516,11.0742,0.5059,9.5459,27.5695,7.6331
45905.0,1.5392,8.9412,0.4944,7.4282,27.5389,7.9762
45910.0,1.6492,11.0154,0.4881,8.8932,27.4646,7.7595
45915.0,1.5468,8.7198,0.4824,6.7829,27.6585,8.0023
45920.0,1.5661,10.0021,0.4776,7.9593,27.2409,8.016
45925.0,1.5545,8.7313,0.4959,9.0843,26.9279,8.0045
45930.0,1.5635,9.3173,0.4916,7.9038,27.5876,7.903
45935.0,1.5369,8.0197,0.5012,6.3421,27.5579,8.0448
45940.0,1.4797,8.0179,0.5079,4.9216,27.2071,8.2116
45945.0,1.5278,9.493,0.4899,8.0493,27.5121,8.105
45950.0,1.5842,9.8211,0.4941,10.8258,27.2587,7.9519
45955.0,1.5051,7.6358,0.4972,7.1162,27.2055,8.2043
45960.0,1.5758,9.2925,0.4924,8.6954,27.319,7.8109
45965.0,1.6217,10.1009,0.509,9.7784,27.3605,7.8436
45970.0,1.5497,8.8765,0.4943,7.828,27.3218,7.967
45975.0,1.5427,9.5297,0.5005,8.9786,27.2639,7.9786
45980.0,1.5603,8.8918,0.4813,8.2785,26.9358,8.0906
45985.0,1.4722,7.832,0.5058,5.5532,27.0426,8.3259
45990.0,1.5918,9.3376,0.4932,9.8167,27.1726,7.9999
45995.0,1.5242,8.6663,0.494,7.1437,27.1854,8.064
46000.0,1.5706,9.3999,0.4971,7.9742,27.2813,7.8761
46005.0,1.5684,9.1324,0.5009,8.0478,27.4917,7.8335
46010.0,1.508,8.5633,0.5013,7.6489,27.1695,8.2435
46015.0,1.502,7.5172,0.5065,7.1113,26.8414,8.2627
46020.0,1.6325,9.7775,0.5007,11.552,27.5049,7.8081
46025.0,1.4948,8.2417,0.5089,5.3978,27.4246,8.2807
46030.0,1.5848,9.9092,0.4792,7.6751,27.2215,7.9719
46035.0,1.6481,10.9388,0.511,9.1808,27.1502,7.7697
46040.0,1.5209,8.9224,0.4991,7.4846,27.5529,8.0027
46045.0,1.5401,8.5565,0.495,7.271,27.0555,7.9944
46050.0,1.5492,8.6469,0.5006,7.3839,27.2136,7.9955
46055.0,1.5808,9.5254,0.4884,8.1882,26.8631,7.9095
46060.0,1.5498,9.2513,0.4831,6.2046,27.2583,7.9792
46065.0,1.5444,9.0308,0.4927,8.8975,27.0474,7.9705
46070.0,1.5225,8.866,0.5056,5.6814,27.3862,7.9871
46075.0,1.5766,9.0619,0.4827,8.9244,27.1336,7.8828
46080.0,1.6145,9.9981,0.5058,8.5832,27.6387,7.8187
46085.0,1.4978,8.4934,0.4768,6.2633,26.9342,8.2485
46090.0,1.5753,9.5778,0.4762,7.1929,27.0648,7.9852
46095.0,1.5553,8.5432,0.4831,7.9024,27.2884,8.0375
46100.0,1.517,8.2209,0.494,7.2351,27.5781,8.1608
46105.0,1.5076,8.4488,0.4889,6.2368,26.9216,8.2397
46110.0,1.6059,10.3586,0.4999,8.2213,26.8841,7.9108
46115.0,1.5574,9.2334,0.508,7.542,27.1443,8.0592
46120.0,1.587,9.6118,0.5093,7.7546,26.7795,7.9535
46125.0,1.7148,11.3754,0.5013,12.5297,26.8092,7.583
46130.0,1.4738,6.551,0.4832,8.4867,27.6121,8.4031
46135.0,1.5584,8.3983,0.4807,6.7595,27.1687,8.0163
46140.0,1.5626,9.2419,0.4942,8.1142,27.1422,8.0081
46145.0,1.5793,9.8475,0.4931,8.0276,26.9288,8.0052
46150.0,1.5017,8.5397,0.4973,7.3497,26.5613,8.214
46155.0,1.5277,8.9473,0.4867,7.0888,27.4479,8.0973
46160.0,1.652,10.8338,0.5184,9.9637,27.1283,7.7349
46165.0,1.4684,8.1132,0.4912,5.8051,26.8047,8.4828
46170.0,1.5214,8.4455,0.4935,8.3152,26.9217,8.1563
46175.0,1.5764,9.4216,0.4991,7.5233,26.8202,8.1131
46180.0,1.6578,10.912,0.5065,10.1392,27.1049,7.6224
46185.0,1.5992,9.8499,0.4794,8.6603,27.3642,7.7878
46190.0,1.5455,8.6214,0.5002,7.5676,26.8071,8.1328
46195.0,1.5533,8.6954,0.4869,6.5682,26.8911,8.081
46200.0,1.5422,8.5121,0.4901,6.614,26.9054,8.0385
46205.0,1.5851,9.0304,0.5027,7.7815,26.6639,8.0409
46210.0,1.6046,10.369,0.5201,9.0557,26.7939,7.8282
46215.0,1.5819,9.5354,0.4961,8.6146,27.4679,7.9116
46220.0,1.6187,9.8845,0.5153,9.4122,26.655,7.8902
46225.0,1.5424,9.3506,0.5044,5.7321,26.9206,8.0343
46230.0,1.5213,8.6105,0.5049,9.3463,27.0467,8.0206
46235.0,1.5571,9.2197,0.4804,7.9304,26.714,8.106
46240.0,1.5643,8.8434,0.5015,7.4369,27.1573,7.9316
46245.0,1.5237,8.244,0.5118,8.5386,27.0352,8.1563
46250.0,1.6593,11.0998,0.4938,9.9257,27.2836,7.7724
46255.0,1.5991,9.8019,0.4991,8.3464,27.1629,7.9906
46260.0,1.5552,9.5415,0.487,7.1702,27.2897,8.0079
46265.0,1.5956,9.4385,0.4794,8.1435,27.1372,7.9286
46270.0,1.5943,9.4275,0.4836,6.9463,26.6571,7.9862
46275.0,1.5052,7.9889,0.4939,7.2423,26.7325,8.2042
46280.0,1.536,8.3265,0.4996,7.1735,27.102,8.1935
46285.0,1.522,8.4957,0.4978,7.7248,26.9644,8.1822
46290.0,1.6435,10.6195,0.5041,9.8488,26.6538,7.7932
46295.0,1.4984,7.9868,0.481,6.2072,26.7967,8.2337
46300.0,1.53,7.9827,0.5,7.9608,27.2267,8.1678
46305.0,1.5995,9.4119,0.4845,9.5343,26.8473,7.8563
46310.0,1.5087,7.7647,0.5124,8.8523,27.0713,8.1735
46315.0,1.4751,7.9972,0.4897,7.2548,27.0618,8.3526
46320.0,1.5813,9.357,0.4949,7.0757,26.9025,7.9195
46325.0,1.5217,8.1903,0.4781,6.4013,27.0624,8.097
46330.0,1.5966,9.9242,0.4864,9.2034,26.8848,7.9165
46335.0,1.4913,7.8955,0.4832,5.4259,26.8417,8.2293
46340.0,1.5468,9.3566,0.4853,7.0499,26.91,8.0962
46345.0,1.4828,7.7896,0.4938,6.4086,26.6694,8.4264
46350.0,1.6226,10.2051,0.4902,9.2944,26.3867,7.876
46355.0,1.5469,9.3436,0.5035,9.5013,26.8861,8.0439
46360.0,1.5516,8.8696,0.511,7.417,26.4029,8.148
46365.0,1.4823,6.9697,0.4965,6.8747,27.3768,8.4291
46370.0,1.483,7.2753,0.4987,6.9511,27.165,8.3514
46375.0,1.5672,9.4498,0.4909,7.2138,26.9809,7.9432
46380.0,1.5509,9.6031,0.4825,7.4463,26.9752,8.009
46385.0,1.5152,7.2725,0.495,6.7028,26.635,8.1945
46390.0,1.4451,7.6156,0.4894,6.2392,27.5569,8.4659
46395.0,1.5132,7.8753,0.4852,7.0954,27.223,8.265
46400.0,1.4789,8.737,0.4858,5.8105,26.9782,8.3725
46405.0,1.509,8.1553,0.4909,6.3652,27.0769,8.2776
46410.0,1.5216,8.5797,0.4965,7.9304,26.8011,8.185
46415.0,1.4897,7.3726,0.4779,6.3361,26.761,8.3002
46420.0,1.4802,7.4389,0.5048,5.4824,26.9126,8.3271
46425.0,1.5133,9.2869,0.4976,8.9112,26.6648,8.1105
46430.0,1.5541,8.8547,0.477,6.8638,26.6582,8.1935
46435.0,1.4692,7.7149,0.4927,6.5891,26.7753,8.4959
46440.0,1.5193,8.7783,0.4987,8.8902,26.9226,8.1771
46445.0,1.5225,8.7514,0.4835,8.0649,27.3255,8.1038
46450.0,1.458,7.3479,0.4899,6.2459,27.092,8.4982
46455.0,1.4576,7.2983,0.4861,7.3055,27.0685,8.5063
46460.0,1.4989,8.0625,0.4915,7.1425,26.5422,8.3724
46465.0,1.4805,6.941,0.4855,6.295,26.8684,8.4943
46470.0,1.5683,9.2123,0.4894,8.0147,26.5365,8.1061
46475.0,1.4956,8.2296,0.4804,8.6474,26.9569,8.1796
46480.0,1.5075,8.4743,0.4967,6.676,26.7982,8.2769
46485.0,1.5999,9.8681,0.4973,7.7097,27.346,7.8028
46490.0,1.4846,7.4464,0.4875,6.1132,26.8291,8.3913
46495.0,1.5173,8.4018,0.4959,6.3624,26.7563,8.1912
46500.0,1.4543,6.9688,0.4854,5.5164,27.2524,8.4361
46505.0,1.5266,8.325,0.49,7.3211,27.0742,8.2005
46510.0,1.5177,8.9629,0.4963,7.0107,26.732,8.1678
46515.0,1.5192,8.7021,0.4912,7.6069,26.6416,8.226
46520.0,1.5291,8.8293,0.4901,7.3272,26.948,8.1397
46525.0,1.49,7.6076,0.4865,6.8388,27.1205,8.3544
46530.0,1.4698,8.089,0.4985,6.7452,27.0033,8.4969
46535.0,1.4675,7.6415,0.4891,6.0514,26.8234,8.4449
46540.0,1.4751,7.8649,0.5137,6.1754,26.9639,8.3605
46545.0,1.4846,7.6231,0.4933,6.0958,26.6192,8.2881
46550.0,1.4803,7.9544,0.4885,6.8259,26.7523,8.4784
46555.0,1.4903,8.6839,0.4855,6.8755,26.5174,8.3276
46560.0,1.5053,7.9313,0.4743,7.2343,26.8916,8.2158
46565.0,1.5005,8.1962,0.4983,6.2759,27.2751,8.2329
46570.0,1.4496,7.6098,0.4946,8.8346,26.9512,8.4083
46575.0,1.4959,7.2868,0.4886,8.0371,26.9174,8.2105
46580.0,1.5098,8.4254,0.4825,6.5159,27.4251,8.1183
46585.0,1.4606,7.8215,0.4847,5.2635,27.4863,8.2955
46590.0,1.4934,8.24,0.4911,5.4726,26.8228,8.3432
46595.0,1.487,7.8436,0.485,7.1719,27.1181,8.2544
46600.0,1.4708,7.3597,0.4981,5.9629,27.6733,8.3866
46605.0,1.5092,7.8911,0.4871,6.6143,26.7552,8.3131
46610.0,1.458,7.762,0.497,5.2238,26.6476,8.4841
46615.0,1.5505,9.4864,0.4918,7.4462,26.8754,8.0346
46620.0,1.4502,6.9868,0.4939,6.6901,27.0351,8.4918
46625.0,1.4639,7.7413,0.4812,5.219,27.6003,8.4328
46630.0,1.5271,9.1299,0.5043,8.7051,26.7725,8.1425
46635.0,1.4807,7.5659,0.4799,6.4851,26.846,8.3017
46640.0,1.4096,6.7683,0.4757,4.9267,27.8056,8.8806
46645.0,1.4686,7.547,0.49,5.5887,26.9499,8.3553
46650.0,1.4543,7.2102,0.5034,5.9358,27.1019,8.5137
46655.0,1.4892,7.9535,0.4809,5.847,27.0776,8.368
46660.0,1.4751,7.1994,0.5056,5.4389,27.4482,8.3005
46665.0,1.5338,9.0035,0.4745,8.6544,27.1525,8.1168
46670.0,1.4781,7.927,0.5003,7.3313,26.9047,8.4397
46675.0,1.4627,6.9605,0.4946,5.6017,27.1669,8.4657
46680.0,1.4943,7.9566,0.5027,7.6474,27.1419,8.3759
46685.0,1.4745,7.123,0.4991,6.971,27.0876,8.4027
46690.0,1.4438,6.9384,0.4802,5.7134,27.1546,8.6052
46695.0,1.4159,6.84,0.4821,6.1427,27.423,8.548
46700.0,1.4756,7.9153,0.5056,8.5603,26.7527,8.3781
46705.0,1.5118,8.7626,0.483,6.9122,27.3491,8.1243
46710.0,1.463,8.1082,0.4923,5.6519,27.0296,8.3415
46715.0,1.468,7.7559,0.4778,6.9358,27.2366,8.343
46720.0,1.4987,8.0688,0.4882,6.1228,27.0183,8.2394
46725.0,1.4545,7.9551,0.4903,5.2229,27.2236,8.452
46730.0,1.5689,9.1917,0.5062,6.5599,27.2553,8.0588
46735.0,1.5155,7.8569,0.4816,6.8932,27.0836,8.1807
46740.0,1.4491,7.6342,0.4762,6.5739,26.7565,8.4346
46745.0,1.4933,8.3697,0.5016,6.8506,26.6688,8.1975
46750.0,1.4598,7.7604,0.5038,7.0621,27.2143,8.3792
46755.0,1.5028,7.9409,0.476,6.4719,26.9755,8.2825
46760.0,1.481,8.0901,0.4815,6.0954,27.1816,8.3166
46765.0,1.5334,7.6742,0.4937,6.9401,27.0206,8.2115
46770.0,1.4346,6.2285,0.4937,6.5974,27.1463,8.6685
46775.0,1.4438,7.1335,0.47,6.186,27.164,8.6425
46780.0,1.5044,7.9298,0.49,5.496,27.4719,8.2065
46785.0,1.4953,7.8519,0.4977,6.3511,27.1519,8.3585
46790.0,1.4662,7.3282,0.4839,7.0688,27.4041,8.3785
46795.0,1.4918,8.2502,0.4854,6.3676,27.0616,8.2857
46800.0,1.5355,8.813,0.485,6.7853,26.5584,8.2271
46805.0,1.4675,7.2946,0.4862,5.7082,27.2927,8.4026
46810.0,1.5227,8.4692,0.4714,6.611,26.9251,8.3305
46815.0,1.479,7.1762,0.4748,5.3862,27.5301,8.394
46820.0,1.5107,7.9578,0.4872,8.0205,27.1643,8.2533
46825.0,1.5122,8.3812,0.4937,5.5461,27.1848,8.1257
46830.0,1.4862,8.2805,0.4957,5.3406,26.8962,8.3981
46835.0,1.4306,6.9403,0.4725,6.1291,27.6048,8.5221
46840.0,1.5381,8.6665,0.4798,7.5922,27.5022,8.0973
46845.0,1.4862,7.5885,0.4866,6.0489,27.4808,8.2822
46850.0,1.472,7.6992,0.4735,6.6343,27.4371,8.3083
46855.0,1.4856,7.2594,0.5008,6.5554,27.1129,8.3987
46860.0,1.5076,8.3532,0.4996,8.0741,27.4226,8.1364
46865.0,1.5078,7.9289,0.4961,5.9586,27.208,8.1886
46870.0,1.4607,7.3428,0.5143,6.2589,27.7196,8.3767
46875.0,1.4528,6.9165,0.5036,5.7498,27.1737,8.4784
46880.0,1.4677,7.518,0.4892,6.8245,27.6135,8.3744
46885.0,1.494,8.1248,0.4873,6.913,27.5576,8.2531
46890.0,1.5145,8.6351,0.4879,6.5643,27.0823,8.1962
46895.0,1.5243,8.1347,0.5017,7.4301,27.1313,8.1254
46900.0,1.5289,8.9016,0.4829,7.5921,27.4039,8.0367
46905.0,1.427,6.6026,0.5033,6.5212,27.751,8.5848
46910.0,1.4547,7.369,0.5026,4.5776,27.5156,8.4506
46915.0,1.4755,7.6433,0.4882,6.8469,27.6463,8.4153
46920.0,1.4967,8.141,0.489,7.53,27.3575,8.2665
46925.0,1.4697,7.7823,0.487,6.443,27.406,8.3567
46930.0,1.4646,7.504,0.4953,5.813,27.7113,8.2939
46935.0,1.5232,8.3471,0.494,8.908,27.6408,8.1983
46940.0,1.545,8.7461,0.5055,7.2005,27.3594,8.0726
46945.0,1.4755,7.7332,0.484,5.5794,27.8126,8.3078
46950.0,1.5375,8.7283,0.4655,6.8415,27.7583,8.0405
46955.0,1.5006,7.3507,0.4826,6.6077,27.1772,8.2167
46960.0,1.4828,7.8173,0.4876,6.2698,27.676,8.3557
46965.0,1.5302,8.2449,0.4889,8.0176,27.5342,8.0621
46970.0,1.484,7.2859,0.4762,6.5347,27.8286,8.1826
46975.0,1.5221,8.7383,0.493,6.5825,27.9933,8.0301
46980.0,1.4921,7.8945,0.4957,8.2628,27.9294,8.1478
46985.0,1.5257,8.5795,0.5021,8.1627,27.2293,8.0699
46990.0,1.4813,7.5694,0.4982,8.1454,26.962,8.4782
46995.0,1.5138,9.0554,0.4991,8.48,27.4412,8.1225
47000.0,1.5003,8.2641,0.497,5.3556,28.0535,8.2566
47005.0,1.4953,8.8463,0.4839,7.2325,27.8038,8.2402
47010.0,1.5127,8.7458,0.4932,8.7737,27.451,8.0994
47015.0,1.5586,8.2666,0.496,8.6348,27.6222,7.9933
47020.0,1.4606,7.3389,0.4756,7.6882,27.7622,8.3457
47025.0,1.4729,7.7437,0.5002,6.1863,27.5843,8.31
47030.0,1.4998,8.5295,0.4576,6.4728,27.6509,8.2294
47035.0,1.5479,9.4388,0.4872,8.1464,27.2525,8.0127
47040.0,1.5861,10.1416,0.5031,6.9485,27.1769,7.9636
47045.0,1.5078,8.9505,0.5028,4.7352,27.6438,8.0885
47050.0,1.4828,7.5366,0.4891,6.3766,27.877,8.3876
47055.0,1.5151,8.3374,0.4892,7.9588,27.5223,8.099
47060.0,1.4898,7.8516,0.4815,8.2577,27.396,8.3164
47065.0,1.5622,9.4078,0.5178,6.6835,28.0552,7.9217
47070.0,1.5503,9.2594,0.4914,7.7397,27.4526,7.9694
47075.0,1.5056,8.7273,0.4761,5.3538,27.9448,8.0608
47080.0,1.4888,7.6209,0.4788,7.5003,27.9903,8.1893
47085.0,1.5189,8.5136,0.4876,6.7975,27.6221,8.0876
47090.0,1.4966,8.0408,0.4975,8.1728,27.714,8.1864
47095.0,1.4868,8.0777,0.4961,6.1044,27.4072,8.2758
47100.0,1.5309,8.2586,0.4741,5.9266,27.9136,7.9545
47105.0,1.478,7.4442,0.4763,5.0181,27.5728,8.2069
47110.0,1.4706,7.6885,0.4925,6.9058,27.6088,8.252
47115.0,1.4668,7.497,0.4775,4.7816,27.4256,8.4052
47120.0,1.5021,7.6585,0.4901,4.9649,28.0936,8.1912
47125.0,1.4685,7.84,0.4896,5.4134,27.9246,8.2862
47130.0,1.4615,7.7278,0.4951,7.0654,27.8057,8.3134
47135.0,1.5124,7.8973,0.4849,6.7371,27.8379,8.26
47140.0,1.4387,7.7705,0.4918,6.3124,27.7282,8.4408
47145.0,1.5109,8.4486,0.4821,7.7914,27.9957,8.0466
47150.0,1.4831,7.9682,0.5029,7.716,27.7482,8.1845
47155.0,1.4371,7.6884,0.4898,6.7472,27.7756,8.4306
47160.0,1.5426,8.5266,0.4857,7.7689,27.6933,8.071
47165.0,1.4773,7.7621,0.49,6.487,28.1463,8.3024
47170.0,1.5088,7.8445,0.5061,6.0649,28.2213,8.1645
47175.0,1.5313,8.5065,0.4946,6.5547,27.5432,8.0618
47180.0,1.4892,8.131,0.4984,7.2396,28.1035,8.1779
47185.0,1.4363,6.2629,0.4809,4.8198,28.0221,8.5944
47190.0,1.5205,9.0821,0.4667,6.5973,27.5931,8.2595
47195.0,1.4941,8.9055,0.4831,5.0891,28.4475,8.2048
47200.0,1.4742,7.8339,0.4839,7.0307,27.8387,8.2013
47205.0,1.514,8.123,0.5013,6.9633,27.7729,8.1404
47210.0,1.6105,9.7496,0.5011,8.3335,27.4785,7.8636
47215.0,1.5861,10.0101,0.5089,8.903,27.7791,7.7751
47220.0,1.5027,8.5373,0.4868,7.1188,27.8665,8.1404
47225.0,1.5005,8.0285,0.4832,6.8313,27.996,8.0158
47230.0,1.511,7.7398,0.4737,6.1911,28.067,8.0929
47235.0,1.5297,8.7111,0.505,7.5641,27.8941,8.0664
47240.0,1.4847,8.4762,0.4852,6.0823,27.6893,8.2588
47245.0,1.5018,7.5027,0.4902,6.2983,27.9233,8.1955
47250.0,1.5249,8.7115,0.489,8.0691,28.1017,8.0139
47255.0,1.4811,7.4336,0.4795,4.1644,28.2901,8.2448
47260.0,1.4638,7.3759,0.4791,4.7341,27.9999,8.3794
47265.0,1.5108,8.5311,0.5128,7.0286,27.8734,8.1852
47270.0,1.5414,8.4342,0.4866,7.5707,28.0528,7.9947
47275.0,1.5121,7.8301,0.5069,6.7309,27.8018,8.1721
47280.0,1.4977,8.5459,0.4894,5.9436,28.081,8.2171
47285.0,1.514,8.6533,0.4908,6.9574,28.1076,8.1235
47290.0,1.5252,7.8577,0.503,8.0122,28.2888,8.0729
47295.0,1.4705,7.2634,0.4894,5.2715,28.4797,8.1375
47300.0,1.4775,8.0898,0.4946,6.6917,28.0852,8.2218
47305.0,1.4418,7.3348,0.4816,5.1858,28.2149,8.494
47310.0,1.4688,7.5801,0.489,6.8747,28.2425,8.3661
47315.0,1.4874,7.7242,0.4822,6.3957,28.1009,8.2671
47320.0,1.6458,10.1966,0.4931,10.9462,28.0496,7.5888
47325.0,1.5331,8.8107,0.4874,6.4286,28.3006,8.0031
47330.0,1.4796,7.783,0.5022,7.4206,28.1272,8.2534
47335.0,1.5066,8.5913,0.4773,6.4241,27.9633,8.1607
47340.0,1.5215,8.7821,0.4965,8.9004,28.2892,8.0446
47345.0,1.5192,7.9962,0.4978,8.0522,27.9099,8.0508
47350.0,1.4957,7.9166,0.5006,5.8612,28.3056,8.2076
47355.0,1.5357,8.9578,0.4871,9.0485,28.0371,8.0855
47360.0,1.5138,8.7093,0.4836,6.9947,27.8305,8.1631
47365.0,1.4924,7.557,0.5123,6.4059,28.0594,8.2806
47370.0,1.4806,7.9414,0.5016,8.7511,27.9917,8.2279
47375.0,1.4617,7.9548,0.4963,4.9734,28.2904,8.2338
47380.0,1.4501,7.3613,0.5087,6.5851,28.459,8.362
47385.0,1.527,8.411,0.4913,7.1771,28.1592,7.9983
47390.0,1.4589,7.0919,0.4835,5.084,28.4455,8.3128
47395.0,1.5333,8.6113,0.484,6.8216,27.4787,8.1077
47400.0,1.5449,8.9798,0.478,6.9006,27.8387,7.9709
47405.0,1.4447,6.8246,0.4884,5.8592,28.1433,8.3571
47410.0,1.5434,8.2309,0.4832,7.5191,28.2862,8.0853
47415.0,1.4362,6.3455,0.4779,6.7522,28.7854,8.3964
47420.0,1.5423,8.3176,0.4804,6.5659,28.4883,8.0494
47425.0,1.5119,8.1262,0.4854,8.8384,28.5697,8.1311
47430.0,1.4999,7.8498,0.4977,6.152,28.4424,8.2547
47435.0,1.559,9.3491,0.4961,7.4339,28.6183,7.9123
47440.0,1.4731,7.3471,0.4729,5.6045,28.435,8.1902
47445.0,1.5318,8.9788,0.4951,6.4154,28.0342,8.1376
47450.0,1.5138,8.4111,0.4995,8.2662,28.4694,8.1398
47455.0,1.4787,7.6857,0.4975,6.3941,28.3147,8.2925
47460.0,1.5198,8.6546,0.4897,6.9373,28.4314,8.0112
47465.0,1.4423,7.4564,0.4929,5.298,28.2915,8.3043
47470.0,1.4953,8.4469,0.4856,5.6147,28.6792,8.1819
47475.0,1.4756,7.507,0.4684,6.4991,28.9316,8.2214
47480.0,1.5704,9.4346,0.493,8.5343,28.6913,7.8847
47485.0,1.4431,7.1432,0.4807,6.6652,28.9329,8.307
47490.0,1.5693,9.3599,0.4848,7.0362,28.4155,7.8558
47495.0,1.5182,8.1283,0.5209,7.5235,28.4092,8.0566
47500.0,1.4846,8.3409,0.4903,7.3719,28.4448,8.1969
47505.0,1.4727,7.8179,0.4899,6.5394,28.1927,8.3035
47510.0,1.5823,9.054,0.4803,7.548,28.095,7.8664
47515.0,1.4793,7.375,0.5141,6.7705,28.131,8.2424
47520.0,1.4959,7.9366,0.5113,7.2476,28.0568,8.1738
47525.0,1.5711,9.6083,0.5029,7.9179,28.3376,7.9152
47530.0,1.5391,8.9308,0.5061,8.7747,28.3286,7.8927
47535.0,1.4979,8.6067,0.4782,7.986,28.4874,7.9962
47540.0,1.5249,9.4789,0.5087,8.8073,28.9561,7.9933
47545.0,1.593,10.1033,0.4996,7.7645,28.1252,7.8335
47550.0,1.5678,9.5722,0.5078,7.5741,28.6066,7.8391
47555.0,1.5165,8.6461,0.4897,8.6335,28.4887,8.1419
47560.0,1.5241,8.1874,0.4783,7.1696,28.5115,8.0859
47565.0,1.5531,8.4575,0.4842,7.6992,28.2344,7.9362
47570.0,1.4706,7.4316,0.4997,6.1962,28.6482,8.2956
47575.0,1.6395,9.877,0.5105,10.6555,28.4766,7.7577
47580.0,1.5683,9.479,0.4913,6.5556,28.5479,7.8365
47585.0,1.5256,8.4257,0.4707,8.475,28.6208,8.0249
47590.0,1.5715,9.7065,0.4971,7.2749,28.43,7.9357
47595.0,1.5286,8.4057,0.4929,7.3554,28.8044,8.0422
47600.0,1.5255,9.1775,0.4845,6.5617,28.6081,7.9177
47605.0,1.5201,8.6418,0.4907,6.8682,28.1195,8.1278
47610.0,1.6098,10.0674,0.4953,8.8146,28.7842,7.7194
47615.0,1.687,10.9755,0.4987,9.1383,28.0997,7.6171
47620.0,1.5197,7.7362,0.5032,8.9972,28.5349,8.1144
47625.0,1.5734,9.617,0.4857,7.6348,28.6553,7.8449
47630.0,1.5757,10.1999,0.4904,7.7884,28.5118,7.8473
47635.0,1.5789,9.5227,0.4804,6.1278,28.488,7.9208
47640.0,1.5326,8.7875,0.4972,6.4925,28.8689,8.067
47645.0,1.5524,9.0827,0.4963,8.9247,28.5142,7.8813
47650.0,1.5646,8.8375,0.5056,8.4438,28.6068,7.8646
47655.0,1.5758,9.1771,0.5052,9.8321,29.0397,7.8351
47660.0,1.5626,9.4653,0.4867,7.9758,28.3783,7.9098
47665.0,1.699,11.416,0.5218,11.2869,28.3411,7.6022
47670.0,1.4871,7.986,0.4794,7.5236,28.6286,8.3594
47675.0,1.5563,9.2031,0.5019,9.0872,28.3679,7.9037
47680.0,1.5452,8.4474,0.4895,6.8254,28.6003,7.9569
47685.0,1.5977,9.5007,0.4966,9.1626,28.7386,7.8385
47690.0,1.5451,9.347,0.4837,6.1978,28.7256,7.8999
47695.0,1.5722,9.8398,0.4845,7.6235,28.791,7.8736
47700.0,1.5587,9.3313,0.4859,6.5384,28.1874,7.9974
47705.0,1.5362,7.8357,0.4851,7.3339,28.6521,8.0939
47710.0,1.6041,9.9458,0.5013,7.5258,28.3399,7.681
47715.0,1.7033,11.6605,0.5263,11.4972,28.3003,7.639
47720.0,1.6183,9.8017,0.5073,8.7187,28.9158,7.6964
47725.0,1.6671,10.5956,0.4983,9.9029,28.6647,7.5956
47730.0,1.7087,11.7472,0.5181,12.1404,29.0675,7.4959
47735.0,1.6043,9.7684,0.5009,9.6935,28.157,7.8573
47740.0,1.5634,9.4223,0.4829,7.1986,28.5217,7.9332
47745.0,1.5642,8.7944,0.4829,6.8932,28.5418,7.8927
47750.0,1.5887,10.1561,0.5085,8.5263,28.1696,7.8019
47755.0,1.5459,8.481,0.4935,7.7798,28.1607,8.0229
47760.0,1.5519,9.4721,0.5033,8.6963,28.241,7.9886
47765.0,1.6034,10.5504,0.5099,9.8319,28.9663,7.6855
47770.0,1.6457,11.4377,0.5032,10.0499,28.4524,7.5917
47775.0,1.554,8.2012,0.5031,8.0269,28.5531,8.0215
47780.0,1.6339,10.2826,0.4755,10.6728,28.6429,7.7035
47785.0,1.6336,10.3372,0.4972,10.3259,28.5892,7.6592
47790.0,1.5968,9.8826,0.4874,8.6599,28.4098,7.7827
47795.0,1.6754,10.6638,0.4707,8.775,28.5123,7.5271
47800.0,1.6644,11.1858,0.5019,10.4365,28.1729,7.674
47805.0,1.6803,11.3478,0.5032,11.5925,28.3373,7.5867
47810.0,1.5694,9.2197,0.4994,9.369,29.1871,7.6704
47815.0,1.6037,10.3111,0.5055,7.4669,28.7155,7.7882
47820.0,1.5249,8.9751,0.5043,7.4383,28.6927,7.9992
47825.0,1.6408,10.4622,0.4987,9.3892,28.6132,7.6298
47830.0,1.5686,9.1354,0.4943,6.8096,28.7167,7.9073
47835.0,1.5684,9.7038,0.5017,8.1738,28.6605,7.8618
47840.0,1.6599,10.4806,0.5025,10.1495,28.316,7.5818
47845.0,1.6195,10.7319,0.511,9.546,29.156,7.5856
47850.0,1.6484,10.4993,0.4901,8.3673,28.4793,7.681
47855.0,1.6372,10.8699,0.4978,9.2482,28.9033,7.6972
47860.0,1.6367,10.2299,0.5002,8.4138,28.5305,7.6521
47865.0,1.6487,10.9761,0.508,8.9704,28.6882,7.614
47870.0,1.5131,8.2403,0.4826,7.6925,28.8936,8.0554
47875.0,1.6502,10.4785,0.4931,9.5055,28.5567,7.6457
47880.0,1.6723,11.4003,0.5019,12.0487,28.8334,7.5577
47885.0,1.564,9.162,0.5017,8.3719,28.5006,7.887
47890.0,1.6923,11.5327,0.5121,10.2317,28.124,7.6434
47895.0,1.6316,10.6015,0.4974,8.5847,28.9095,7.5802
47900.0,1.6141,10.6456,0.4972,7.8439,28.5802,7.6716
47905.0,1.6742,11.6027,0.5029,10.0207,28.6071,7.5156
47910.0,1.5947,9.794,0.4963,8.5181,28.6619,7.7569
47915.0,1.5799,9.7235,0.4965,8.32,28.6113,7.8497
47920.0,1.6365,10.0643,0.5061,9.0131,28.3852,7.738
47925.0,1.6615,10.6407,0.5064,10.1814,28.5433,7.5604
47930.0,1.6195,10.1435,0.5076,8.3504,28.5375,7.6453
47935.0,1.6701,11.0643,0.5154,10.2697,27.9718,7.6585
47940.0,1.7017,11.4577,0.5185,11.9634,28.656,7.5361
47945.0,1.5745,9.7197,0.4966,7.4916,28.767,7.7726
47950.0,1.6384,10.6987,0.5119,10.2258,28.4267,7.6235
47955.0,1.5241,8.5078,0.4997,6.5889,28.9012,8.0182
47960.0,1.6109,10.0415,0.4993,9.3233,28.6423,7.8125
47965.0,1.5793,9.7214,0.4883,7.3087,28.5015,7.8414
47970.0,1.6241,10.0365,0.5017,9.2083,29.097,7.7161
47975.0,1.8249,13.2586,0.527,14.6128,28.531,7.3434
47980.0,1.5753,9.3163,0.5192,8.3305,28.5795,7.8188
47985.0,1.6889,11.0231,0.5072,10.4837,28.1413,7.6239
47990.0,1.6013,10.265,0.4891,9.0902,28.5403,7.7098
47995.0,1.7328,11.8412,0.5006,12.0959,28.807,7.5112
48000.0,1.59,10.1686,0.494,7.8865,28.709,7.7922
48005.0,1.5933,9.9377,0.4976,9.0574,28.6698,7.7494
48010.0,1.7468,12.4351,0.5116,11.6191,29.3984,7.409
48015.0,1.6307,10.5419,0.4846,8.7773,28.9947,7.6516
48020.0,1.6391,10.7991,0.4955,11.1354,28.7273,7.6869
48025.0,1.7177,11.8486,0.5086,12.1735,28.7541,7.4791
48030.0,1.7461,12.2263,0.5086,12.0916,28.4886,7.401
48035.0,1.6806,11.9911,0.4985,10.5797,28.5463,7.5285
48040.0,1.5305,9.1825,0.5091,9.213,28.7556,7.9496
48045.0,1.762,12.8347,0.5123,12.9984,28.6459,7.4134
48050.0,1.6297,10.4127,0.512,8.3925,28.8153,7.7888
48055.0,1.6552,11.0529,0.4967,8.0878,28.7032,7.7018
48060.0,1.6752,11.0275,0.5096,10.723,28.9359,7.6198
48065.0,1.5581,9.3371,0.486,9.6177,28.3869,7.8224
48070.0,1.5442,8.6338,0.4889,7.7561,28.6032,7.9336
48075.0,1.6007,9.9001,0.5048,8.9153,28.8639,7.8376
48080.0,1.5847,9.2705,0.4979,8.6846,28.1987,7.855
48085.0,1.6351,10.5437,0.5007,9.1047,28.2783,7.7074
48090.0,1.649,10.6485,0.5022,10.205,28.415,7.6501
48095.0,1.6587,10.4523,0.5029,10.1369,28.3908,7.6585
48100.0,1.6846,11.9916,0.5008,10.5329,28.7925,7.527
48105.0,1.7233,12.1972,0.5256,11.4591,28.6398,7.4331
48110.0,1.5587,9.534,0.4993,8.3077,28.4449,7.8901
48115.0,1.6273,10.2143,0.4815,9.7141,28.4718,7.7915
48120.0,1.5987,9.8737,0.5006,8.5374,28.8336,7.6842
48125.0,1.5963,9.8647,0.491,8.5531,28.9652,7.7697
48130.0,1.5809,9.483,0.4756,7.8174,29.0382,7.838
48135.0,1.5749,9.659,0.5018,8.0798,28.6646,7.7658
48140.0,1.6397,10.4406,0.5119,11.2455,28.8629,7.6655
48145.0,1.5378,8.5214,0.4992,7.253,28.7567,7.8546
48150.0,1.5496,8.8951,0.4876,8.4169,28.5678,7.9267
48155.0,1.6802,11.2112,0.51,8.7333,28.7676,7.646
48160.0,1.6217,9.9921,0.4877,8.0065,28.9003,7.7236
48165.0,1.6728,11.9671,0.509,10.9056,28.8522,7.5109
48170.0,1.6468,10.3835,0.4963,9.9699,28.9938,7.645
48175.0,1.6676,10.8402,0.5001,10.3858,28.6039,7.6044
48180.0,1.7357,11.604,0.5018,11.0001,28.0263,7.4174
48185.0,1.6343,10.9447,0.4952,9.4531,28.3409,7.6478
48190.0,1.5907,9.4675,0.4988,8.8391,28.3895,7.8841
48195.0,1.6182,10.3609,0.4852,9.1718,28.1123,7.7012
48200.0,1.6245,9.4126,0.5016,9.5289,28.5142,7.7616
48205.0,1.7467,12.6169,0.506,10.7119,28.4232,7.4857
48210.0,1.7374,12.6751,0.526,12.2151,28.0409,7.4429
48215.0,1.6865,10.6128,0.5301,11.5407,28.6313,7.6634
48220.0,1.656,11.3507,0.4916,8.8433,28.4233,7.6521
48225.0,1.5695,9.7228,0.5025,7.5891,28.4766,7.972
48230.0,1.7451,12.2817,0.5004,13.6973,28.9632,7.4664
48235.0,1.6182,10.3281,0.505,9.2768,28.253,7.7069
48240.0,1.703,11.7087,0.5053,10.0532,28.0633,7.5644
48245.0,1.6743,10.4502,0.4941,10.1994,28.7968,7.6324
48250.0,1.6265,10.3164,0.4826,8.3232,28.1867,7.7423
48255.0,1.6812,11.2147,0.5021,11.4313,28.5736,7.5242
48260.0,1.7046,11.9052,0.4878,10.8172,28.0108,7.4612
48265.0,1.7189,11.6086,0.5077,10.8705,28.4366,7.4946
48270.0,1.6577,10.3961,0.4923,9.4528,28.1121,7.6698
48275.0,1.5762,9.6285,0.4986,8.4851,28.695,7.9124
48280.0,1.6795,11.2391,0.4926,10.9386,27.9692,7.5826
48285.0,1.7468,12.7074,0.5184,11.3552,28.5977,7.394
48290.0,1.8207,13.9202,0.5203,12.3543,28.065,7.3031
48295.0,1.7447,11.9116,0.5221,11.9966,28.6251,7.3135
48300.0,1.5699,9.4036,0.501,7.6668,28.3348,7.7984
48305.0,1.5775,9.1902,0.4952,9.2132,28.0431,7.8439
48310.0,1.5369,8.5381,0.517,8.2936,28.5413,7.9725
48315.0,1.5766,9.7634,0.4994,7.9316,28.1559,7.8908
48320.0,1.7543,12.5607,0.5133,11.1851,28.5134,7.4929
48325.0,1.7154,11.3032,0.5151,10.1907,28.4754,7.5179
48330.0,1.7559,12.768,0.4971,12.5759,27.7932,7.4144
48335.0,1.6894,11.1718,0.5145,10.855,28.8578,7.4959
48340.0,1.6179,10.1996,0.5036,9.6381,28.6202,7.6631
48345.0,1.7131,12.0917,0.5078,11.5536,27.9318,7.4897
48350.0,1.607,9.9057,0.4957,9.9084,28.4235,7.7895
48355.0,1.7007,11.783,0.5009,11.743,28.4634,7.657
48360.0,1.7774,12.639,0.5113,12.3306,28.5139,7.3448
48365.0,1.702,12.2918,0.4935,11.0117,28.0505,7.5332
48370.0,1.6468,10.6973,0.4765,10.3199,28.5172,7.6387
48375.0,1.6848,11.3618,0.5032,11.2547,28.9417,7.5803
48380.0,1.5838,9.4625,0.5089,8.7522,28.3524,7.7622
48385.0,1.7616,13.1697,0.508,11.6136,28.2055,7.4524
48390.0,1.6808,11.2789,0.4871,11.0646,28.2185,7.5885
48395.0,1.7083,12.2273,0.5079,10.1678,28.001,7.4988
48400.0,1.7953,13.2899,0.5249,14.0609,27.8443,7.3222
48405.0,1.7433,12.7997,0.4973,10.867,28.1568,7.3657
48410.0,1.6026,10.0904,0.4898,9.0678,28.561,7.8085
48415.0,1.8,13.1759,0.4936,13.6509,28.6996,7.3882
48420.0,1.7236,11.9967,0.5032,9.9323,28.3735,7.4564
48425.0,1.7706,12.5599,0.5101,13.6759,28.293,7.3793
48430.0,1.6983,12.0021,0.502,11.3768,27.9252,7.543
48435.0,1.663,11.3164,0.5062,10.632,28.6561,7.5642
48440.0,1.7367,12.5394,0.4985,12.0346,28.4115,7.5026
48445.0,1.7941,12.3961,0.5041,13.0355,27.9088,7.391
48450.0,1.7735,12.614,0.5011,10.9246,28.2225,7.4892
48455.0,1.7206,12.0362,0.5177,11.2316,27.9658,7.5707
48460.0,1.8528,14.2946,0.5447,15.3512,27.9686,7.2613
48465.0,1.7677,12.8861,0.5068,12.8773,27.9569,7.4094
48470.0,1.7602,12.582,0.538,13.8335,28.2363,7.4191
48475.0,1.6821,12.0196,0.5106,9.9562,28.3893,7.555
48480.0,1.7945,13.0219,0.5106,13.0274,28.0815,7.3383
48485.0,1.69,11.5534,0.5069,10.2633,28.1221,7.5691
48490.0,1.7756,12.9456,0.5122,12.1084,28.0414,7.4132
48495.0,1.8763,14.7434,0.5209,15.0584,27.8505,7.3005
48500.0,1.8746,15.0545,0.5142,15.934,27.9169,7.2072
48505.0,1.9097,15.1809,0.5272,16.2002,27.546,7.239
48510.0,1.7604,12.8283,0.5378,14.0125,27.7828,7.4135
48515.0,1.8129,13.4777,0.4971,13.3724,28.4232,7.3931
48520.0,1.6886,11.2335,0.4914,10.6321,27.8839,7.6672
48525.0,2.0256,17.4414,0.5423,18.1614,28.459,6.9878
48530.0,1.6807,11.1164,0.5118,11.0415,28.1493,7.577
48535.0,1.8223,13.3946,0.5262,13.6794,28.0134,7.3332
48540.0,1.8265,13.7361,0.5144,14.1103,28.1437,7.2417
48545.0,1.7378,13.0172,0.5273,12.5741,27.7653,7.5041
48550.0,1.8525,13.8571,0.5249,14.4329,28.2686,7.2901
48555.0,1.6851,11.6532,0.4963,10.4975,27.3854,7.6667
48560.0,1.7472,12.4793,0.5108,12.0356,28.4604,7.4003
48565.0,1.7838,13.2785,0.5145,11.7906,28.124,7.3391
48570.0,1.5248,8.9324,0.4865,6.8203,27.6638,8.0667
48575.0,1.6853,11.8952,0.5025,10.3499,28.0174,7.6643
48580.0,1.8369,14.1812,0.5134,15.406,28.1041,7.2751
48585.0,1.8133,14.2992,0.5137,13.594,28.1468,7.2727
48590.0,1.769,13.0902,0.5101,12.3175,27.9994,7.4622
48595.0,1.7444,12.1805,0.519,13.3632,28.0847,7.45
48600.0,1.7023,12.1759,0.4842,9.9471,28.0058,7.4882
48605.0,1.8819,14.5417,0.4987,15.2676,27.9273,7.2584
48610.0,1.678,11.2752,0.4968,9.03,28.2279,7.5796
48615.0,1.7622,12.3496,0.4888,11.1679,27.6624,7.3712
48620.0,1.9757,16.2132,0.5366,17.5752,27.8201,7.1273
48625.0,1.9818,16.2629,0.5224,16.3434,28.9211,7.0918
48630.0,1.7725,12.9132,0.5143,12.6023,28.2134,7.3288
48635.0,1.8435,13.9079,0.4887,14.2007,27.7302,7.3178
48640.0,1.7947,13.4234,0.5318,13.548,27.5446,7.3737
48645.0,1.6542,10.1876,0.5032,8.779,27.8526,7.5586
48650.0,1.6389,10.6821,0.514,10.0528,27.9685,7.6596
48655.0,1.7525,12.9941,0.4969,10.8846,28.23,7.4005
48660.0,1.7928,13.0197,0.5143,12.3872,27.7315,7.4991
48665.0,1.743,12.5594,0.5416,12.2979,27.6804,7.4409
48670.0,1.8209,13.4423,0.5075,13.6527,27.7619,7.3774
48675.0,1.7958,12.526,0.5255,13.5164,27.587,7.3804
48680.0,1.8186,13.5383,0.5227,13.095,28.0934,7.2833
48685.0,1.6999,11.1893,0.4949,11.2076,27.4194,7.5252
48690.0,1.9658,15.9785,0.5296,20.8871,27.9029,7.1856
48695.0,1.8474,14.2946,0.5183,15.1223,27.6945,7.2521
48700.0,1.842,14.1985,0.5357,14.4707,28.112,7.3021
48705.0,1.7935,13.2821,0.5032,13.2567,27.2616,7.453
48710.0,1.7081,11.4112,0.5076,11.8754,27.7488,7.6452
48715.0,1.8264,13.4749,0.5357,15.5198,27.6702,7.3073
48720.0,1.7957,13.4793,0.5337,11.9877,27.7439,7.3638
48725.0,1.8194,14.1644,0.5185,16.2831,28.2218,7.2682
48730.0,1.8456,14.4184,0.5477,15.4918,27.3379,7.3424
48735.0,1.7875,13.2165,0.5215,13.2665,27.7568,7.3915
48740.0,2.0119,17.1707,0.5321,19.3257,27.6708,7.085
48745.0,1.7645,13.0862,0.5211,13.6314,28.1417,7.4438
48750.0,1.8363,14.729,0.5162,14.8999,27.6415,7.4038
48755.0,1.7261,12.0807,0.5197,11.124,27.9027,7.5552
48760.0,1.9632,16.3268,0.5314,18.0724,27.8367,7.0592
48765.0,1.7839,13.2932,0.5006,13.6437,28.131,7.3297
48770.0,1.912,15.5757,0.5373,17.5771,27.4275,7.1141
48775.0,1.9333,15.923,0.5256,17.6809,27.7059,7.1422
48780.0,1.7738,13.0205,0.5124,12.1314,27.7709,7.4575
48785.0,1.8271,14.3867,0.535,15.1123,27.446,7.2697
48790.0,1.9042,15.5973,0.5272,18.2177,28.0587,7.1989
48795.0,1.9493,16.2171,0.5237,19.5038,27.5708,7.1481
48800.0,1.8735,15.1096,0.5243,15.6624,27.8589,7.2273
48805.0,1.7621,12.7609,0.4937,13.3022,27.5401,7.4531
48810.0,1.766,13.2459,0.4999,11.2564,27.4188,7.4822
48815.0,1.8047,13.2824,0.5006,12.3998,27.6322,7.4308
48820.0,1.7918,12.9577,0.5137,13.8865,27.5498,7.3617
48825.0,1.837,13.7149,0.533,14.4921,27.6632,7.3627
48830.0,1.8268,13.3893,0.5178,15.0372,27.5643,7.2637
48835.0,2.0617,17.8579,0.5477,21.0538,27.9156,7.0395
48840.0,1.7796,13.579,0.4995,11.6071,27.4407,7.3951
48845.0,1.9724,16.2826,0.5281,15.8342,27.8832,7.0831
48850.0,1.7363,12.2116,0.5029,12.0213,27.5727,7.4494
48855.0,1.9754,16.6808,0.5331,18.7144,27.6835,7.1583
48860.0,1.7304,11.943,0.512,10.8681,27.5546,7.6144
48865.0,1.7972,12.8297,0.5085,13.1287,27.531,7.4301
48870.0,1.9054,15.2132,0.5326,17.1269,27.7895,7.246
48875.0,1.8473,14.5416,0.5164,16.5992,27.8014,7.2382
48880.0,1.8297,13.5238,0.5225,15.4611,27.9446,7.3486
48885.0,1.8225,13.8238,0.5217,15.0492,27.231,7.3057
48890.0,1.8406,14.2614,0.5093,15.8463,28.3174,7.2551
48895.0,1.8323,13.8176,0.5333,14.7462,27.8568,7.2436
48900.0,1.9072,14.807,0.521,16.0469,27.7251,7.3327
48905.0,1.8703,14.7939,0.5131,14.3566,27.6613,7.174
48910.0,1.8927,14.5876,0.5275,16.9483,27.6304,7.2097
48915.0,1.7439,12.3684,0.546,12.6078,27.892,7.4307
48920.0,1.8855,14.7446,0.516,17.5944,27.4204,7.2193
48925.0,2.0367,17.6651,0.5348,18.9983,27.057,7.0788
48930.0,1.9991,16.7262,0.5489,19.5024,27.147,7.1632
48935.0,1.7982,14.0863,0.5075,12.487,27.4886,7.26
48940.0,1.8642,14.5582,0.5128,15.486,27.66,7.186
48945.0,1.8527,13.9803,0.5107,15.7311,27.3701,7.3964
48950.0,2.0137,17.3865,0.5492,20.9048,27.1398,7.0726
48955.0,2.0447,17.752,0.5493,20.5742,27.2166,7.097
48960.0,2.0275,17.4309,0.5336,21.9368,27.8209,7.0562
48965.0,1.9125,15.0149,0.5279,15.8319,28.015,7.3157
48970.0,2.0096,16.42,0.5281,18.8979,27.5457,7.0659
48975.0,1.7317,12.1617,0.5096,11.0026,27.3904,7.4708
48980.0,1.7289,12.9156,0.4998,11.7258,27.1342,7.4377
48985.0,1.7943,13.0064,0.5134,13.0319,27.3402,7.539
48990.0,1.9627,16.3883,0.5406,19.0576,27.5642,7.0371
48995.0,1.8682,14.1809,0.5088,15.6956,27.7377,7.26
49000.0,1.8047,13.8073,0.5019,14.2054,27.2528,7.3393
49005.0,1.7265,12.0417,0.5259,11.2293,27.416,7.5154
49010.0,1.8012,12.9247,0.5154,13.5262,27.2011,7.4437
49015.0,1.8124,13.0529,0.4922,13.3331,28.0183,7.3055
49020.0,1.9529,15.7479,0.5222,18.0436,27.6784,7.0749
49025.0,1.7589,12.5706,0.5073,12.6252,27.6829,7.4572
49030.0,1.7664,13.2275,0.5144,11.5219,27.3961,7.4658
49035.0,1.8251,13.6051,0.4983,12.373,27.1704,7.4005
49040.0,1.7016,10.978,0.4986,10.7975,27.3723,7.5455
49045.0,1.8016,13.4735,0.5142,12.5098,27.2983,7.4194
49050.0,1.8137,12.6614,0.524,14.2343,27.5229,7.3248
49055.0,1.853,14.402,0.5053,14.7631,27.7108,7.3967
49060.0,1.7636,12.4847,0.513,12.9599,27.3505,7.5013
49065.0,1.739,11.6003,0.513,12.5916,27.0739,7.6059
49070.0,1.8713,14.8062,0.5195,15.7071,27.3515,7.2443
49075.0,1.9165,15.7949,0.5241,17.8012,27.7022,7.18
49080.0,1.7606,11.8635,0.5166,12.9158,26.9203,7.3891
49085.0,1.7793,12.2086,0.528,12.0822,27.0843,7.3947
49090.0,1.9183,15.643,0.5288,17.3084,27.7261,7.1502
49095.0,1.8275,14.1526,0.5063,14.5777,27.451,7.3351
49100.0,1.7955,13.2483,0.4952,12.0558,27.7019,7.3214
49105.0,1.9088,15.0811,0.525,17.0325,27.338,7.1857
49110.0,1.9156,16.0762,0.5202,15.8314,27.0706,7.2366
49115.0,1.8217,13.9559,0.513,14.6785,27.3062,7.3759
49120.0,1.7139,11.5928,0.5158,12.7461,27.7189,7.6215
49125.0,1.9867,16.4143,0.5485,17.7759,26.9967,7.107
49130.0,1.813,13.5105,0.5323,14.5227,27.3134,7.2926
49135.0,1.8829,14.8498,0.5089,14.6796,27.9283,7.2857
49140.0,1.7548,12.6553,0.4855,11.2732,27.3519,7.5654
49145.0,1.865,14.1769,0.5194,14.6038,27.1881,7.3987
49150.0,1.8818,15.0694,0.5269,16.6647,27.4071,7.3269
49155.0,1.7937,13.004,0.5033,13.9673,27.3264,7.4134
49160.0,1.7267,12.1356,0.499,12.771,27.9866,7.5367
49165.0,1.7264,11.9527,0.5115,11.6848,27.4315,7.5317
49170.0,2.0044,16.3599,0.5367,20.6229,27.5361,7.1397
49175.0,1.8175,13.4252,0.5072,14.6901,27.2605,7.3075
49180.0,1.9026,15.3908,0.5046,16.5264,27.3386,7.2034
49185.0,1.7875,13.0758,0.4987,12.9393,27.203,7.4173
49190.0,1.7891,13.1341,0.5064,11.9909,27.6743,7.3784
49195.0,1.75,12.3578,0.5084,12.1846,27.4529,7.4973
49200.0,1.788,13.3324,0.5064,11.5309,27.2881,7.4287
49205.0,1.9065,15.266,0.5147,16.2779,27.647,7.3107
49210.0,1.7636,13.1914,0.4984,12.8299,27.859,7.3479
49215.0,1.808,13.0159,0.5325,14.0192,27.684,7.4694
49220.0,1.7655,12.7633,0.5141,11.981,27.4653,7.4379
49225.0,1.8764,14.8598,0.5226,15.7709,27.1452,7.289
49230.0,1.9339,15.5695,0.541,17.191,27.8992,7.2276
49235.0,1.8482,14.7132,0.5197,15.8162,27.1167,7.3532
49240.0,1.8233,13.9068,0.5175,14.2039,27.4765,7.3763
49245.0,1.7509,12.0887,0.5273,13.2243,27.2492,7.4742
49250.0,2.1127,18.5271,0.5541,25.1213,26.9118,7.0166
49255.0,1.9409,15.944,0.5317,17.0697,27.4142,7.1277
49260.0,1.846,14.2756,0.5098,14.2584,27.6911,7.263
49265.0,1.7613,12.4248,0.4985,13.7223,27.1869,7.3705
49270.0,1.98,16.2901,0.5425,17.6213,27.6235,7.1142
49275.0,1.9003,14.8749,0.5348,16.2894,27.0322,7.3191
49280.0,1.7544,12.346,0.511,10.5876,27.3784,7.4617
49285.0,2.0342,16.6094,0.5357,19.0783,26.8616,7.1525
49290.0,1.7837,12.8612,0.5168,13.1351,27.2097,7.3351
49295.0,1.9622,16.0543,0.5412,18.2309,27.4751,7.2313
49300.0,2.0477,18.3279,0.5523,21.7603,26.9778,6.9009
49305.0,1.9158,15.4078,0.5329,17.499,27.0573,7.147
49310.0,1.7699,12.7386,0.5071,12.6752,27.5731,7.3726
49315.0,1.8842,14.6959,0.5281,16.1741,27.7168,7.2013
49320.0,1.9492,16.1017,0.525,17.7706,26.8872,7.1617
49325.0,1.8439,14.1519,0.5325,15.8832,27.6786,7.2532
49330.0,1.8159,13.2245,0.5208,14.51,27.3615,7.3479
49335.0,2.1201,18.8659,0.535,22.8635,27.7083,7.028
49340.0,1.9022,15.72,0.5444,17.8143,27.2425,7.2088
49345.0,1.8442,14.2842,0.5246,15.8683,26.8094,7.3032
49350.0,1.8767,15.4339,0.5076,15.0546,27.4668,7.3459
49355.0,1.8603,14.565,0.534,16.3467,27.3874,7.2335
49360.0,1.7005,11.4093,0.5099,12.371,27.0723,7.5637
49365.0,1.7148,11.7052,0.5014,10.0619,27.558,7.5893
49370.0,1.9592,16.4196,0.5386,18.1715,27.4481,7.1948
49375.0,1.9569,16.4171,0.5204,16.9796,27.1873,7.2037
49380.0,1.8267,13.986,0.5218,12.7446,26.8653,7.3493
49385.0,1.7178,11.5462,0.4915,11.5657,27.4912,7.5674
49390.0,1.7727,13.6681,0.4919,13.7428,27.4786,7.3845
49395.0,1.9145,15.0941,0.5299,17.5584,27.2285,7.189
49400.0,1.8193,14.2422,0.5142,14.4401,26.9295,7.3351
49405.0,1.7811,12.8756,0.5169,13.3221,27.2595,7.4226
49410.0,1.8608,14.7526,0.5195,16.2649,27.8042,7.286
49415.0,1.7584,13.1327,0.5277,12.5775,27.7143,7.4026
49420.0,1.6944,11.0382,0.4997,9.4522,27.1042,7.6432
49425.0,1.875,14.6427,0.5317,15.634,27.4601,7.2061
49430.0,1.9211,15.0685,0.5334,17.2794,27.175,7.142
49435.0,1.9049,14.3216,0.515,16.0174,27.4481,7.2307
49440.0,1.9101,15.6482,0.5324,16.401,27.4001,7.1677
49445.0,1.783,12.6273,0.4935,12.9542,27.7835,7.4007
49450.0,1.8315,13.8779,0.5331,14.4786,27.2785,7.3603
49455.0,1.8264,13.4634,0.5238,13.5646,26.721,7.4793
49460.0,1.8518,14.4408,0.5139,14.7761,27.253,7.2854
49465.0,1.8193,13.5728,0.5205,13.3768,27.0138,7.3169
49470.0,1.9872,16.6232,0.5365,18.5542,27.3199,7.1447
49475.0,1.8746,14.2161,0.5191,15.5445,27.1746,7.1951
49480.0,1.7592,12.8805,0.5162,13.1794,27.6428,7.439
49485.0,1.9441,16.1714,0.5315,17.2703,27.7969,7.2619
49490.0,1.7785,13.3777,0.5003,14.2201,27.5913,7.3793
49495.0,1.7609,12.2972,0.5273,11.9846,27.1342,7.4165
49500.0,1.8595,15.0897,0.5188,16.6312,27.1384,7.3719
49505.0,1.9056,15.011,0.5402,16.4608,27.3041,7.2396
49510.0,1.8951,15.1592,0.5431,17.2197,27.3776,7.1839
49515.0,1.8118,13.973,0.5351,14.3259,27.5948,7.4397
49520.0,2.0814,18.1039,0.5463,21.9264,27.0956,7.0577
49525.0,1.7095,12.3812,0.5089,10.7112,27.2304,7.4513
49530.0,1.7613,12.3068,0.5107,12.5795,27.2907,7.5753
49535.0,1.9693,17.0041,0.5357,18.3191,27.1553,7.2095
49540.0,1.7677,12.6391,0.5075,12.4623,27.4272,7.5233
49545.0,1.7505,12.3971,0.5097,11.5949,27.4349,7.462
49550.0,1.8794,14.9335,0.5321,14.3323,27.4562,7.2078
49555.0,1.9786,16.0879,0.5378,18.0437,27.3771,7.1372
49560.0,1.7775,12.8035,0.5001,12.9123,27.3828,7.5634
49565.0,1.9686,16.3615,0.5454,19.0474,27.6979,7.1776
49570.0,1.8497,14.5792,0.5122,14.48,26.895,7.2465
49575.0,2.1398,19.4157,0.5415,24.896,27.0624,6.9698
49580.0,1.9235,15.3908,0.5345,18.5048,27.5371,7.1955
49585.0,2.1156,18.8272,0.5575,20.6873,27.53,6.9808
49590.0,1.9963,17.0759,0.5425,19.0131,27.2337,7.0444
49595.0,1.9587,15.9341,0.5463,17.0066,27.0344,7.1946
49600.0,1.9785,16.6343,0.537,19.97,27.7882,7.1358
49605.0,1.7704,13.0541,0.5188,12.1174,27.1389,7.4206
49610.0,1.9915,16.9589,0.5286,19.8499,27.4815,7.152
49615.0,1.9469,16.419,0.534,16.9129,27.0202,7.159
49620.0,1.9368,15.9372,0.5158,15.7816,27.1772,7.2359
49625.0,1.8267,13.923,0.5163,13.4953,27.3613,7.3544
49630.0,1.9137,15.446,0.5337,16.0788,26.8559,7.1943
49635.0,1.7471,12.5265,0.5016,12.6364,27.4005,7.5297
49640.0,1.9217,16.284,0.528,18.0482,27.6893,7.1911
49645.0,1.768,12.6418,0.516,13.2736,27.5021,7.3993
49650.0,1.9236,15.9076,0.5245,16.2393,27.131,7.2587
49655.0,1.7298,12.8709,0.5062,12.7042,27.1532,7.5139
49660.0,1.7325,12.6244,0.5003,11.4538,27.626,7.4434
49665.0,1.8467,13.8679,0.4942,13.2489,27.4008,7.2838
49670.0,1.7621,12.4185,0.513,12.2364,27.5696,7.4739
49675.0,1.7411,12.4782,0.5099,11.5875,27.0402,7.61
49680.0,1.7822,12.9834,0.5044,12.8969,26.9604,7.5231
49685.0,1.7805,13.6075,0.5322,12.9602,27.3137,7.4746
49690.0,1.6323,10.7377,0.4927,8.201,27.1162,7.7328
49695.0,1.6902,11.0913,0.4958,10.6517,27.359,7.552
49700.0,1.6842,11.3831,0.4922,10.6627,27.3645,7.674
49705.0,1.8921,14.797,0.5031,14.52,27.1182,7.2847
49710.0,1.7174,11.5237,0.5012,10.9913,27.1941,7.5382
49715.0,1.8284,14.003,0.5087,13.4475,27.4718,7.3033
49720.0,1.8983,14.62,0.5275,15.4626,27.2845,7.3369
49725.0,1.8944,14.5632,0.5111,14.9804,27.2612,7.2141
49730.0,1.6905,11.1724,0.5089,11.4237,27.4573,7.6314
49735.0,1.6885,11.0106,0.5123,12.2769,27.5463,7.5707
49740.0,1.8235,13.7957,0.5156,13.1504,27.5906,7.3425
49745.0,1.8175,13.4837,0.5142,13.8463,27.4451,7.339
49750.0,1.7455,11.5029,0.5119,11.5808,27.5654,7.5769
49755.0,1.7167,12.338,0.5052,11.042,27.3718,7.5941
49760.0,1.8359,14.7056,0.5285,15.2168,27.4297,7.2907
49765.0,1.633,10.929,0.4961,11.096,27.4481,7.66
49770.0,1.678,11.4817,0.4993,11.35,27.6574,7.6163
49775.0,1.6437,10.3847,0.5058,9.4529,27.8963,7.6378
49780.0,1.8356,13.9119,0.4958,14.0553,27.3515,7.3445
49785.0,1.697,11.5917,0.5046,11.2652,27.3754,7.5771
49790.0,1.6703,11.5446,0.5074,9.441,27.1953,7.7437
49795.0,1.7391,12.4762,0.5005,11.7113,26.8763,7.5731
49800.0,1.6591,11.3538,0.5056,10.308,27.903,7.7484
49805.0,1.5744,9.5175,0.4939,7.4784,27.911,7.7247
49810.0,1.636,9.7108,0.5203,9.055,27.8781,7.7349
49815.0,1.623,9.8075,0.5106,10.7242,27.4859,7.7862
49820.0,1.726,11.3004,0.5158,12.2877,27.5756,7.5627
49825.0,1.7621,12.6436,0.5257,14.2804,27.616,7.4484
49830.0,1.7925,12.9579,0.514,14.0331,27.4657,7.3835
49835.0,1.6603,11.3047,0.5089,10.8769,27.1963,7.6265
49840.0,1.6158,10.1945,0.502,9.8135,27.4183,7.7585
49845.0,1.6648,11.1816,0.4993,9.9179,27.5451,7.6612
49850.0,1.7621,13.0204,0.5194,11.801,27.0046,7.4217
49855.0,1.7747,13.0708,0.4988,12.9841,27.6907,7.4435
49860.0,1.6334,10.1532,0.5027,8.7592,27.5914,7.6808
49865.0,1.7102,11.5028,0.4997,10.6204,27.124,7.6873
49870.0,1.545,9.0614,0.4879,8.2703,27.6944,8.0152
49875.0,1.6998,11.6009,0.5152,10.2382,27.5453,7.6015
49880.0,1.7714,12.8159,0.5101,12.8529,27.8499,7.4513
49885.0,1.7446,12.2359,0.5043,10.9575,27.2218,7.4976
49890.0,1.631,10.2741,0.4909,9.4987,26.9297,7.835
49895.0,1.634,10.5343,0.4998,9.2294,27.2031,7.7694
49900.0,1.5639,8.3319,0.4956,6.7456,27.5419,8.0131
49905.0,1.5986,9.7472,0.5058,8.3751,27.5366,7.8525
49910.0,1.541,8.9646,0.4931,7.8117,27.2712,8.0175
49915.0,1.6744,11.5989,0.4951,10.2043,27.6384,7.5956
49920.0,1.6747,11.2129,0.4934,9.5869,27.513,7.633
49925.0,1.5767,10.1029,0.5117,7.2653,27.0958,7.9288
49930.0,1.7041,11.0428,0.4947,10.5877,27.396,7.6384
49935.0,1.6211,9.8987,0.5062,9.3618,28.1325,7.7836
49940.0,1.6809,11.2766,0.5086,11.3096,27.6384,7.6103
49945.0,1.6505,10.6712,0.5016,10.6219,27.402,7.7456
49950.0,1.6552,11.0555,0.4822,9.2498,27.358,7.6691
49955.0,1.6586,10.3332,0.5122,9.4774,27.5448,7.642
49960.0,1.6673,11.2536,0.5014,10.4669,27.5876,7.612
49965.0,1.7464,12.425,0.5026,11.9288,27.7929,7.5098
49970.0,1.7026,11.4822,0.514,11.4751,27.3147,7.6481
49975.0,1.6401,10.7878,0.4994,9.5997,27.7258,7.6579
49980.0,1.6204,10.4468,0.4832,8.7518,27.2069,7.8207
49985.0,1.6434,9.4963,0.5242,10.4193,27.3283,7.7329
49990.0,1.6097,9.2295,0.5064,8.9522,27.535,7.8691
49995.0,1.8435,13.7728,0.522,16.2491,27.1413,7.4047
