timestamp,dac,voltage,current,rpm,temperature,do
0.0,3.1754,37.5866,0.7709,68.9291,29.8821,7.0122
5.0,3.1483,37.2821,0.7738,68.4024,29.9373,7.0373
10.0,3.1497,37.5276,0.7501,67.3203,30.0722,7.0346
15.0,3.1841,37.9532,0.7849,69.9222,30.0691,6.9979
20.0,3.1504,36.3895,0.7609,68.7128,29.4654,7.0178
25.0,3.1845,37.6555,0.7661,69.5869,29.5793,6.9858
30.0,3.195,38.1044,0.7851,70.8459,29.9465,6.9835
35.0,3.181,38.1897,0.7581,70.7839,29.95,6.9989
40.0,3.1595,37.3303,0.7775,68.8581,29.9541,7.0199
45.0,3.1673,37.2852,0.7555,69.3909,30.7921,7.0257
50.0,3.1461,36.7364,0.743,67.3437,29.9752,7.0281
55.0,3.1476,36.8649,0.7863,68.7031,30.1198,7.0259
60.0,3.1314,37.3652,0.7676,66.863,30.0778,7.0368
65.0,3.1273,36.5204,0.732,66.0316,30.0054,7.0352
70.0,3.1012,35.7631,0.7551,65.6326,29.7669,7.0507
75.0,3.0873,36.0235,0.7518,64.6066,30.0385,7.0617
80.0,3.0398,34.937,0.7187,62.0256,29.6585,7.0909
85.0,3.0466,35.221,0.7279,61.6497,29.7954,7.0767
90.0,3.0447,34.8471,0.7283,61.3123,29.736,7.0676
95.0,3.0181,34.945,0.7476,61.7583,29.8805,7.0842
100.0,2.9967,34.6081,0.7248,60.1215,30.4413,7.0996
105.0,2.9702,33.667,0.7238,58.1479,29.3983,7.0977
110.0,2.9465,33.6654,0.7161,58.2222,30.039,7.1129
115.0,2.9147,32.8893,0.6981,57.3898,29.4666,7.12
120.0,2.8879,32.7723,0.6939,55.4243,29.754,7.1304
125.0,2.8693,31.8951,0.6865,54.4012,30.1464,7.1332
130.0,2.8295,31.8058,0.6897,53.4633,29.8922,7.1468
135.0,2.8034,31.1035,0.6888,51.9343,29.6087,7.1482
140.0,2.7913,30.9925,0.6754,50.936,29.7011,7.1401
145.0,2.765,30.6722,0.6806,50.0698,30.0516,7.1452
150.0,2.7437,30.1185,0.6644,47.4252,29.7008,7.1425
155.0,2.709,29.2598,0.6353,46.9435,29.9391,7.1531
160.0,2.7159,29.7734,0.6654,46.7509,29.8979,7.1289
165.0,2.6871,29.0153,0.6533,46.5275,29.725,7.1341
170.0,2.6821,29.1519,0.66,44.8321,30.4252,7.1232
175.0,2.6562,28.5513,0.6373,44.1484,30.049,7.1268
180.0,2.6394,28.3233,0.6506,44.171,29.3854,7.1235
185.0,2.6026,27.1409,0.6309,41.2053,29.9394,7.1373
190.0,2.5628,26.7728,0.6051,40.3307,29.7283,7.1519
195.0,2.535,26.2698,0.6185,39.632,30.1078,7.1546
200.0,2.5189,26.2827,0.6037,37.3762,29.6974,7.149
205.0,2.5086,25.6652,0.6282,37.1393,29.8676,7.138
210.0,2.4858,25.7138,0.5912,35.4156,30.0232,7.1378
215.0,2.4819,25.3222,0.5992,36.1893,30.114,7.1234
220.0,2.4615,25.4224,0.5998,37.2257,29.598,7.1259
225.0,2.4561,25.1324,0.6047,34.9352,29.8148,7.1136
230.0,2.4596,25.5014,0.6148,37.4795,29.7801,7.0965
235.0,2.4827,25.5747,0.587,35.843,29.7358,7.0661
240.0,2.4698,24.9745,0.5974,34.1617,30.3407,7.0647
245.0,2.4814,25.6487,0.6212,36.7949,30.0007,7.0491
250.0,2.4767,25.4341,0.595,36.2804,29.5843,7.0479
255.0,2.4155,23.6498,0.6067,34.8575,30.129,7.0873
260.0,2.4094,24.0361,0.592,33.9821,30.4299,7.0807
265.0,2.4069,24.705,0.5939,33.5756,30.1573,7.0742
270.0,2.382,23.1853,0.5781,31.6309,29.5192,7.0888
275.0,2.4127,24.3246,0.5975,34.1259,29.7776,7.0522
280.0,2.4118,24.687,0.6004,34.7802,30.215,7.0427
285.0,2.4662,25.3779,0.6258,38.0902,29.721,6.9976
290.0,2.4579,24.8243,0.6033,36.9817,30.0083,7.0017
295.0,2.4524,24.7682,0.5734,33.5032,30.0904,7.0055
300.0,2.4743,25.127,0.611,36.1097,29.6644,6.9899
305.0,2.4633,25.1902,0.61,36.1854,29.8805,6.9982
310.0,2.4912,25.941,0.6287,36.5897,29.0843,6.9801
315.0,2.4979,25.7323,0.6038,37.349,29.6377,6.9748
320.0,2.4837,25.3916,0.6133,36.2822,29.8297,6.988
325.0,2.4926,25.0279,0.6022,36.6457,29.58,6.9838
330.0,2.4937,25.7529,0.6001,36.4754,30.299,6.9824
335.0,2.5105,25.4806,0.605,36.1304,29.5322,6.9741
340.0,2.5161,26.2341,0.601,37.9507,29.7786,6.972
345.0,2.5052,26.0001,0.6082,36.3895,29.9201,6.9832
350.0,2.5363,26.4991,0.6358,40.5771,30.2464,6.9613
355.0,2.5717,26.5062,0.6284,39.5674,29.5258,6.9397
360.0,2.6053,27.2231,0.6389,41.1577,30.1742,6.9207
365.0,2.63,27.8654,0.6403,42.3476,29.8845,6.9111
370.0,2.6689,28.6685,0.6339,44.6725,29.635,6.8918
375.0,2.7022,29.6803,0.6614,45.964,29.9944,6.88
380.0,2.7076,29.021,0.6474,46.0228,29.927,6.8896
385.0,2.7202,29.7029,0.6659,47.2788,29.7255,6.8929
390.0,2.7375,30.0125,0.6568,47.2666,29.8913,6.8933
395.0,2.7515,29.9023,0.6824,49.695,29.7757,6.8948
400.0,2.7443,29.7044,0.6407,48.1135,29.8986,6.9134
405.0,2.7512,30.2437,0.6553,47.9067,30.0339,6.9196
410.0,2.7716,30.4959,0.6691,50.906,30.263,6.9152
415.0,2.7718,30.552,0.6816,51.1368,29.555,6.9214
420.0,2.7604,30.2318,0.6457,47.9618,30.3957,6.9438
425.0,2.7671,30.7236,0.6658,48.3317,29.3724,6.9411
430.0,2.7408,29.9597,0.6967,48.1501,29.8203,6.9705
435.0,2.7267,29.6922,0.6667,47.8859,30.0032,6.9865
440.0,2.7036,29.8007,0.6383,46.2185,29.9242,7.006
445.0,2.709,29.3206,0.6439,46.1264,29.696,7.001
450.0,2.7101,29.2571,0.6678,46.8731,29.7974,7.0001
455.0,2.7075,29.1797,0.6576,46.807,29.7238,7.0019
460.0,2.7034,29.4393,0.6457,46.5325,29.6973,7.0048
465.0,2.6961,29.2723,0.646,45.86,30.0547,7.0109
470.0,2.6941,29.4776,0.6485,46.524,29.9291,7.011
475.0,2.6791,28.6916,0.6295,45.1796,29.6641,7.0205
480.0,2.6601,28.9427,0.6607,44.6959,30.0597,7.0337
485.0,2.6416,27.8463,0.6391,43.519,29.9091,7.0439
490.0,2.6353,27.9285,0.6172,42.6144,30.0329,7.0438
495.0,2.6465,28.7612,0.6465,43.0833,29.9844,7.0298
500.0,2.6316,27.7542,0.636,43.2091,29.6171,7.0369
505.0,2.6572,28.199,0.6351,44.158,29.6816,7.0129
510.0,2.6507,28.2674,0.6464,44.0353,30.0058,7.016
515.0,2.6735,28.1128,0.6342,44.9089,29.9688,6.9968
520.0,2.6814,28.9334,0.6449,45.8811,29.8082,6.9902
525.0,2.6929,29.4655,0.636,45.7706,29.8399,6.9825
530.0,2.7142,29.2119,0.6704,47.7345,30.1271,6.9691
535.0,2.729,29.7144,0.6627,48.8632,29.657,6.9595
540.0,2.7336,30.1989,0.6759,47.4253,29.9387,6.9616
545.0,2.7567,30.2354,0.6552,48.9404,29.7485,6.9478
550.0,2.7431,30.1605,0.6658,48.9891,29.7416,6.9641
555.0,2.7354,29.3578,0.6572,46.7735,30.0678,6.9761
560.0,2.7134,29.095,0.6579,47.4268,29.9964,6.9959
565.0,2.6929,29.2322,0.6532,46.1183,29.9904,7.0125
570.0,2.6698,28.3327,0.6575,44.9728,30.1104,7.0294
575.0,2.6894,29.5295,0.6551,46.5187,29.7862,7.0106
580.0,2.6697,29.4757,0.6311,44.5461,29.9484,7.0242
585.0,2.6185,27.9404,0.6186,42.2723,29.6972,7.0608
590.0,2.5916,27.1515,0.6341,42.2551,29.8527,7.0753
595.0,2.5738,26.9995,0.6344,41.9206,29.736,7.0804
600.0,2.5751,27.1621,0.6131,39.7745,29.7896,7.0696
605.0,2.5589,26.8266,0.6321,40.7745,29.911,7.0731
610.0,2.5322,26.0602,0.6102,39.5554,29.5544,7.0856
615.0,2.5345,26.6139,0.5895,38.827,30.2789,7.0721
620.0,2.5345,26.0248,0.638,39.6875,29.5011,7.0645
625.0,2.5504,26.4531,0.6335,39.5468,29.4458,7.0441
630.0,2.541,26.1921,0.6209,40.099,30.0357,7.0442
635.0,2.5002,25.4107,0.6164,36.8058,29.9408,7.0704
640.0,2.5141,25.916,0.6296,38.4257,29.8957,7.052
645.0,2.5525,26.9822,0.6181,39.6608,29.8935,7.0156
650.0,2.5535,26.4261,0.6177,39.3974,29.7301,7.0121
655.0,2.52,25.8951,0.6127,37.9595,29.5055,7.0369
660.0,2.4868,25.567,0.608,39.1222,29.7455,7.0584
665.0,2.4969,25.925,0.6115,37.6294,29.554,7.0446
670.0,2.4794,25.008,0.6207,37.7864,29.9638,7.0509
675.0,2.4492,24.8235,0.5975,36.717,29.6799,7.0696
680.0,2.4622,24.8404,0.6129,37.5979,29.507,7.0523
685.0,2.4368,25.1391,0.6065,34.2236,29.6298,7.0648
690.0,2.4243,24.0883,0.6036,35.73,29.8101,7.0661
695.0,2.4146,24.1035,0.5792,34.5753,29.5626,7.0672
700.0,2.4118,23.8203,0.5958,34.5207,29.4947,7.0617
705.0,2.4177,24.2949,0.5955,33.6724,29.7579,7.0476
710.0,2.4188,23.8869,0.6068,33.3852,29.7549,7.0406
715.0,2.4511,24.5493,0.6105,35.5458,29.5636,7.011
720.0,2.4664,25.2866,0.6139,37.2752,29.5693,6.9968
725.0,2.4605,24.6476,0.6216,36.6888,29.7418,7.0006
730.0,2.4691,25.3023,0.6151,36.1418,29.3185,6.9958
735.0,2.4865,25.5582,0.6066,37.2493,29.3254,6.9824
740.0,2.4914,25.5777,0.6241,37.7228,29.4944,6.9797
745.0,2.5291,25.738,0.63,39.1904,29.6174,6.9528
750.0,2.5201,26.2457,0.6068,38.2709,29.7452,6.9641
755.0,2.5597,27.0176,0.6269,40.7328,30.0331,6.9383
760.0,2.5662,26.6587,0.6391,40.2037,29.8755,6.9402
765.0,2.5804,27.1402,0.6347,42.1693,29.6178,6.9369
770.0,2.5534,26.8473,0.6127,38.8645,29.6499,6.9649
775.0,2.5491,26.2627,0.63,40.4079,29.4008,6.9737
780.0,2.5597,26.4709,0.6281,42.0823,29.6436,6.9687
785.0,2.5666,26.8445,0.6137,38.6552,29.573,6.9671
790.0,2.58,27.1714,0.6175,41.3469,29.7227,6.9606
795.0,2.5886,26.9308,0.6325,41.8556,29.432,6.9588
800.0,2.5715,26.3255,0.6246,40.5633,29.7656,6.9765
805.0,2.5549,27.0375,0.6294,40.73,30.0158,6.9921
810.0,2.5714,26.5197,0.6425,42.0395,29.6024,6.9815
815.0,2.6076,27.5435,0.6405,41.2733,29.7269,6.9558
820.0,2.6506,27.9785,0.6467,44.0217,29.796,6.9279
825.0,2.6705,28.6766,0.654,45.4288,29.5202,6.9201
830.0,2.6568,28.8314,0.6583,45.1613,29.6735,6.9401
835.0,2.6457,28.0952,0.6478,44.9344,29.6177,6.9562
840.0,2.6609,28.3688,0.6344,45.6257,29.636,6.9504
845.0,2.651,28.5846,0.6567,45.4135,29.4154,6.9635
850.0,2.6692,28.4706,0.6415,46.6886,29.6119,6.9546
855.0,2.6766,29.3028,0.6392,45.4774,29.7273,6.9543
860.0,2.7173,29.5769,0.6644,46.0079,29.9628,6.9297
865.0,2.7207,29.5933,0.6594,48.3079,29.837,6.9343
870.0,2.7045,28.9868,0.6629,46.0773,30.1327,6.9555
875.0,2.6994,29.5909,0.6416,45.1764,29.3998,6.9632
880.0,2.7467,30.2149,0.6673,49.3022,29.8069,6.9331
885.0,2.7589,29.6267,0.6608,50.0555,29.632,6.93
890.0,2.7709,30.0557,0.6718,49.4149,30.1309,6.9316
895.0,2.7866,30.9032,0.6683,49.8044,29.3787,6.9237
900.0,2.778,30.3401,0.6643,49.6902,29.3682,6.9392
905.0,2.7232,29.6499,0.6619,47.2627,29.4257,6.9901
910.0,2.7239,29.5528,0.6678,47.6223,29.042,6.9908
915.0,2.7413,30.2888,0.6734,47.93,29.439,6.9799
920.0,2.7468,30.0679,0.6338,46.9901,29.3782,6.9774
925.0,2.7543,30.1273,0.6607,49.2689,29.6031,6.9753
930.0,2.7421,30.536,0.6733,48.7142,29.6485,6.9879
935.0,2.7442,29.5876,0.6656,49.1091,30.0297,6.9897
940.0,2.7258,29.2368,0.6695,46.6717,29.7959,7.0042
945.0,2.6936,28.8758,0.6396,47.5186,29.4118,7.0279
950.0,2.6575,28.1195,0.6471,45.1312,29.3291,7.0533
955.0,2.6446,27.6351,0.6294,43.2021,29.6744,7.0582
960.0,2.6957,28.7526,0.6527,45.668,29.2192,7.0103
965.0,2.7,29.0813,0.662,47.4644,30.0049,7.0066
970.0,2.7246,29.6378,0.6448,47.3837,29.8398,6.9864
975.0,2.7515,29.6515,0.6856,49.7619,29.4255,6.9648
980.0,2.7663,30.2361,0.6685,50.1786,29.1125,6.9553
985.0,2.7481,29.98,0.6648,49.1016,29.8772,6.9782
990.0,2.7677,30.3577,0.6704,49.4959,29.5081,6.9646
995.0,2.7552,30.4908,0.6865,48.3578,29.8443,6.9798
1000.0,2.7757,29.8971,0.6666,48.7642,29.1343,6.9631
1005.0,2.7666,30.3146,0.6601,49.1576,29.3812,6.9755
1010.0,2.7648,30.2315,0.662,48.6452,29.5306,6.981
1015.0,2.7752,30.6714,0.6493,47.7888,29.5392,6.9754
1020.0,2.7879,31.1216,0.6581,49.265,29.4133,6.9675
1025.0,2.7449,29.8755,0.6613,47.9396,29.6798,7.0062
1030.0,2.716,29.3678,0.6533,47.7767,29.2556,7.0276
1035.0,2.7041,29.0438,0.642,46.4249,29.4853,7.035
1040.0,2.7427,29.9222,0.6659,48.0886,29.5494,7.001
1045.0,2.7478,30.2227,0.646,47.6149,29.6464,6.9963
1050.0,2.7673,30.2763,0.6721,50.257,29.6943,6.9817
1055.0,2.7356,29.5968,0.6654,48.5833,29.2338,7.0062
1060.0,2.7217,29.7595,0.6513,46.7385,29.1301,7.0167
1065.0,2.7284,29.3226,0.6302,46.7767,29.8317,7.0125
1070.0,2.7217,29.926,0.6565,47.7673,29.5941,7.0151
1075.0,2.7175,29.0479,0.6421,46.6871,29.3227,7.0157
1080.0,2.7081,29.2353,0.6616,47.9729,29.8964,7.023
1085.0,2.6649,28.6238,0.6508,44.8887,29.5364,7.053
1090.0,2.6916,29.3575,0.6568,46.3272,29.8013,7.0273
1095.0,2.6688,28.6752,0.6355,44.4757,29.5223,7.0403
1100.0,2.6523,28.1705,0.6337,44.0948,30.0196,7.0493
1105.0,2.6756,29.3199,0.6713,45.1891,29.9424,7.0257
1110.0,2.6912,29.0044,0.6567,44.9949,29.4404,7.0085
1115.0,2.7001,29.0343,0.6506,45.7196,29.7447,7.0009
1120.0,2.7018,29.5771,0.6604,45.5675,29.6624,6.999
1125.0,2.6742,28.5664,0.6371,45.2884,29.8425,7.0208
1130.0,2.67,28.3015,0.6457,45.6836,29.2585,7.021
1135.0,2.7166,29.496,0.6514,47.6309,29.6706,6.9833
1140.0,2.7377,29.7711,0.6669,48.3043,29.7631,6.9683
1145.0,2.7,29.701,0.6498,46.5433,29.0583,6.9985
1150.0,2.6994,29.483,0.6556,46.8679,29.2017,7.0005
1155.0,2.72,29.6294,0.6534,46.4848,28.9874,6.9835
1160.0,2.7187,29.6922,0.667,48.0002,29.4295,6.9876
1165.0,2.7325,29.8802,0.658,47.5096,29.6759,6.9795
1170.0,2.7437,29.9598,0.6408,48.1222,29.8719,6.974
1175.0,2.7295,29.4835,0.6619,49.381,29.5146,6.9864
1180.0,2.7253,29.5003,0.6623,48.7626,29.9031,6.9931
1185.0,2.7293,30.1636,0.6896,48.0687,29.1508,6.9882
1190.0,2.7458,29.7764,0.6465,48.2286,29.07,6.976
1195.0,2.719,29.6988,0.6372,47.0324,29.482,7.0013
1200.0,2.7267,30.1012,0.6725,48.7188,29.592,6.9963
1205.0,2.7168,29.0597,0.6434,47.6865,29.4879,7.004
1210.0,2.7099,28.9746,0.641,47.2774,28.9794,7.0074
1215.0,2.7259,29.3296,0.6796,48.016,29.4742,6.9958
1220.0,2.7215,29.1596,0.6491,46.4078,29.1707,6.9982
1225.0,2.7444,29.6271,0.6709,49.4687,29.6646,6.9826
1230.0,2.7471,29.5836,0.6651,48.1882,29.5892,6.9818
1235.0,2.7521,30.447,0.6566,48.065,29.2631,6.9786
1240.0,2.7846,30.4687,0.654,48.6196,29.3701,6.9561
1245.0,2.7847,30.9514,0.6602,50.4014,29.2344,6.9598
1250.0,2.7894,30.8514,0.665,50.0663,29.4841,6.9625
1255.0,2.7649,30.2393,0.6711,49.9537,29.7393,6.9876
1260.0,2.7721,30.9072,0.6703,51.0246,29.2548,6.9817
1265.0,2.7767,31.0818,0.6847,50.3708,29.628,6.9821
1270.0,2.7853,30.4952,0.6823,50.4376,29.3703,6.9761
1275.0,2.8467,31.2143,0.6772,53.4697,29.3056,6.9298
1280.0,2.8998,32.9613,0.7044,54.8839,29.478,6.8959
1285.0,2.9127,32.9799,0.7138,56.7122,29.247,6.8946
1290.0,2.9565,33.6081,0.7098,59.5167,29.3685,6.8726
1295.0,2.9759,33.8054,0.7225,59.2516,29.2085,6.8691
1300.0,2.9947,34.4895,0.7006,58.7625,30.0004,6.8784
1305.0,3.003,34.6949,0.7282,60.4727,29.5193,6.8804
1310.0,3.0151,34.5871,0.7383,61.0124,29.3368,6.882
1315.0,3.0155,34.8396,0.7256,59.7591,29.5666,6.8987
1320.0,3.0476,35.4209,0.7613,62.6454,29.4865,6.883
1325.0,3.0348,35.0325,0.7378,61.9799,29.4608,6.9069
1330.0,3.0657,35.7781,0.7418,63.4768,29.6711,6.8952
1335.0,3.0521,35.0473,0.74,64.2509,29.7085,6.9195
1340.0,3.0517,35.3967,0.755,64.0159,29.3881,6.9256
1345.0,3.0513,35.1204,0.7304,63.0629,29.3785,6.9348
1350.0,3.0519,35.1981,0.7561,64.179,29.4554,6.9435
1355.0,3.0607,36.1366,0.7584,64.6668,28.9505,6.9352
1360.0,3.0675,35.8491,0.7454,64.9816,29.1491,6.9397
1365.0,3.0811,35.8939,0.7447,66.1241,29.8715,6.9461
1370.0,3.1169,36.5988,0.7618,65.2761,29.943,6.9224
1375.0,3.1296,36.4502,0.7547,66.1501,29.4715,6.9116
1380.0,3.1359,37.1499,0.7764,69.2085,29.68,6.9196
1385.0,3.1495,37.2397,0.7715,68.3113,29.6158,6.9158
1390.0,3.1721,37.6633,0.7865,70.8559,30.3099,6.9173
1395.0,3.1647,37.3046,0.7624,68.6066,29.8223,6.9253
1400.0,3.1727,36.9985,0.7865,68.5944,29.5127,6.9212
1405.0,3.1818,37.7927,0.7577,69.9505,29.3081,6.9179
1410.0,3.2008,37.8677,0.7897,72.4247,29.1478,6.9059
1415.0,3.2055,38.0413,0.779,71.1444,29.6027,6.9213
1420.0,3.2166,38.3663,0.7826,71.9602,29.3653,6.9154
1425.0,3.2021,37.838,0.7773,71.3625,29.2013,6.9363
1430.0,3.2142,38.6974,0.7824,71.8618,29.3979,6.9367
1435.0,3.1824,38.0618,0.7635,69.5657,29.2918,6.9734
1440.0,3.2019,38.1749,0.783,69.989,29.9866,6.9724
1445.0,3.2384,38.7053,0.8099,74.7661,29.788,6.936
1450.0,3.2463,38.574,0.7915,72.5038,29.5684,6.9298
1455.0,3.2425,38.5448,0.803,73.2254,29.9433,6.9447
1460.0,3.2538,38.5784,0.7779,73.0243,29.5955,6.9238
1465.0,3.2441,39.0203,0.8098,73.5123,29.3638,6.9285
1470.0,3.2768,39.3648,0.8066,75.0603,29.9629,6.9058
1475.0,3.2785,39.6747,0.7979,74.223,29.72,6.8967
1480.0,3.298,39.3255,0.815,75.111,29.329,6.8629
1485.0,3.2941,39.7758,0.7997,74.2322,29.5439,6.8722
1490.0,3.2732,39.9917,0.7831,73.5169,29.3758,6.8929
1495.0,3.2762,39.0584,0.7863,74.3032,29.2522,6.8868
1500.0,3.2967,40.1664,0.8096,76.6044,29.8328,6.8775
1505.0,3.3067,39.3817,0.7966,75.3055,30.0819,6.8718
1510.0,3.2898,39.6602,0.8084,75.3098,29.2583,6.87
1515.0,3.3159,39.7679,0.8272,75.4066,29.7522,6.8517
1520.0,3.3013,39.6414,0.8024,74.966,29.4523,6.8606
1525.0,3.2909,39.5293,0.7987,75.2596,29.4967,6.8746
1530.0,3.2862,39.2908,0.8164,75.4398,29.4739,6.8801
1535.0,3.2619,39.2328,0.7974,74.1418,29.4096,6.9074
1540.0,3.2735,38.6407,0.8164,75.0254,29.6414,6.9007
1545.0,3.2669,38.5887,0.8048,74.9208,29.4253,6.9027
1550.0,3.2531,38.7934,0.8062,72.588,29.7044,6.9258
1555.0,3.2608,38.61,0.7771,73.6809,29.628,6.9159
1560.0,3.2478,39.0717,0.7957,73.6975,29.5847,6.9294
1565.0,3.2233,38.1199,0.776,72.0603,29.4214,6.954
1570.0,3.2216,38.5766,0.7925,73.1994,29.508,6.9588
1575.0,3.2412,38.925,0.7902,73.0289,29.845,6.9448
1580.0,3.2407,38.7836,0.785,72.3963,29.7854,6.9435
1585.0,3.2258,38.397,0.8068,73.5925,29.4198,6.9516
1590.0,3.2262,38.77,0.7792,72.6729,29.6931,6.958
1595.0,3.2331,38.951,0.8022,72.7465,29.8603,6.9544
1600.0,3.2071,37.3603,0.7971,70.855,29.2592,6.9694
1605.0,3.2492,39.4194,0.8044,74.0315,29.8166,6.9354
1610.0,3.2347,38.3554,0.7928,72.7238,29.5194,6.9436
1615.0,3.2597,39.0063,0.8005,73.9757,29.8319,6.9229
1620.0,3.2605,39.1098,0.7938,74.2927,29.5028,6.9129
1625.0,3.245,38.7821,0.8059,72.7953,29.2467,6.9241
1630.0,3.2577,39.1295,0.7882,72.3205,29.2954,6.9109
1635.0,3.2532,38.8989,0.7961,74.2805,29.7188,6.9264
1640.0,3.2518,38.9011,0.7839,73.2965,29.7761,6.9299
1645.0,3.2644,39.3171,0.7901,74.4791,29.4896,6.9083
1650.0,3.2741,39.7463,0.7896,74.4494,29.8798,6.9061
1655.0,3.2586,38.773,0.783,74.2126,29.3094,6.9096
1660.0,3.2546,39.2615,0.7906,73.4798,29.7128,6.9245
1665.0,3.239,38.6524,0.8091,72.4461,29.4312,6.936
1670.0,3.2558,39.3255,0.8002,73.839,29.5756,6.9207
1675.0,3.2499,38.5259,0.7838,71.7592,29.7551,6.9314
1680.0,3.2509,38.8645,0.7982,73.2106,29.5328,6.9252
1685.0,3.2634,39.1667,0.8136,75.0338,29.6565,6.9136
1690.0,3.2629,39.819,0.8075,73.3261,30.009,6.9225
1695.0,3.2447,38.3624,0.7903,74.0268,29.618,6.934
1700.0,3.2457,38.7798,0.7881,73.9562,29.9759,6.9421
1705.0,3.2373,38.6183,0.7935,72.6025,29.4894,6.94
1710.0,3.2598,39.4819,0.8223,75.6891,29.9092,6.9245
1715.0,3.2659,39.4564,0.8043,75.0395,30.142,6.9227
1720.0,3.2638,38.8919,0.8132,75.0686,29.1686,6.9004
1725.0,3.271,38.967,0.8104,74.7664,29.5922,6.9021
1730.0,3.3052,40.0196,0.8254,77.2666,29.9407,6.8708
1735.0,3.3088,40.5758,0.8195,76.4601,29.7506,6.8603
1740.0,3.3285,39.6504,0.8303,76.3638,29.8992,6.84
1745.0,3.3238,40.1071,0.8229,77.4293,29.6604,6.8385
1750.0,3.3186,39.5224,0.8086,76.841,29.8381,6.8497
1755.0,3.3114,39.612,0.8097,76.0762,29.7826,6.8573
1760.0,3.3016,39.641,0.8061,75.641,30.1185,6.8781
1765.0,3.2972,39.9992,0.8008,76.115,29.8953,6.8783
1770.0,3.269,39.278,0.7977,75.4656,29.9212,6.912
1775.0,3.25,38.8457,0.7776,72.7505,29.739,6.9306
1780.0,3.2564,38.436,0.7817,73.6767,29.7252,6.9235
1785.0,3.2699,39.3304,0.8071,73.7648,29.7441,6.9081
1790.0,3.2858,40.0215,0.8058,75.1573,29.956,6.8943
1795.0,3.2914,39.9118,0.8079,74.8685,29.7574,6.8821
1800.0,3.2962,39.8577,0.8124,75.888,29.9403,6.8808
1805.0,3.2847,39.7823,0.797,75.2615,30.3919,6.9056
1810.0,3.2711,39.1109,0.7936,74.6952,30.0961,6.9149
1815.0,3.2738,39.4137,0.8137,75.9723,29.802,6.9047
1820.0,3.2687,39.5207,0.805,75.0432,30.1891,6.9199
1825.0,3.261,39.0282,0.8211,74.9864,29.792,6.9194
1830.0,3.2501,39.1024,0.7947,72.9204,29.3898,6.922
1835.0,3.2519,38.584,0.7963,73.6408,29.6525,6.9266
1840.0,3.2584,38.6718,0.7801,73.0716,29.4421,6.9139
1845.0,3.2605,38.9095,0.7985,74.6072,29.8273,6.9207
1850.0,3.2629,39.073,0.8106,74.409,29.925,6.9206
1855.0,3.2733,38.8765,0.796,75.4499,30.3448,6.919
1860.0,3.2704,39.1032,0.8196,74.759,30.0128,6.9141
1865.0,3.2913,39.9837,0.8287,76.302,29.8816,6.8862
1870.0,3.3096,39.8834,0.8279,76.5098,30.149,6.8705
1875.0,3.2621,38.5548,0.7924,72.5384,29.3942,6.9064
1880.0,3.2617,39.5333,0.7973,73.9517,30.0112,6.9236
1885.0,3.2439,38.7575,0.8085,73.8758,30.1503,6.9479
1890.0,3.2134,37.931,0.7836,72.5463,29.5932,6.9699
1895.0,3.2485,38.915,0.8025,74.6122,30.2541,6.9468
1900.0,3.2454,38.8278,0.8145,73.8594,30.0581,6.9447
1905.0,3.2574,39.259,0.8101,74.81,29.875,6.9266
1910.0,3.2709,39.5637,0.816,73.8684,30.1423,6.917
1915.0,3.2926,39.5334,0.8051,74.9639,30.5571,6.9019
1920.0,3.2826,39.1652,0.812,75.574,30.0401,6.9001
1925.0,3.2733,39.2793,0.8197,75.706,30.062,6.9113
1930.0,3.2731,39.7178,0.7852,73.801,29.8904,6.9077
1935.0,3.2663,39.3995,0.7854,73.5676,29.798,6.9131
1940.0,3.2861,39.7218,0.8149,74.3735,30.2233,6.901
1945.0,3.262,38.7567,0.7932,73.4516,29.807,6.918
1950.0,3.3088,39.8982,0.8144,76.547,30.0441,6.8698
1955.0,3.3026,39.8497,0.8081,75.1331,29.912,6.872
1960.0,3.3309,40.4553,0.8228,77.6029,30.1564,6.8445
1965.0,3.3501,40.9523,0.8428,79.2839,30.1253,6.8191
1970.0,3.3376,40.2404,0.8344,77.8084,30.3065,6.8386
1975.0,3.3357,40.1624,0.842,79.4669,29.9247,6.8311
1980.0,3.3469,40.947,0.8342,80.004,29.9899,6.8188
1985.0,3.323,40.135,0.8399,79.241,29.8179,6.843
1990.0,3.3247,40.221,0.8238,78.6035,29.9566,6.8456
1995.0,3.3349,40.0144,0.8175,77.9969,30.1671,6.839
2000.0,3.3583,41.1052,0.8433,80.4259,30.2671,6.8127
2005.0,3.3169,40.181,0.8231,77.4265,29.8524,6.8512
2010.0,3.3448,40.1804,0.8306,76.5236,30.3054,6.8308
2015.0,3.3431,40.6594,0.8468,78.9256,30.4319,6.8356
2020.0,3.3162,40.6888,0.826,75.8261,30.2014,6.8622
2025.0,3.3142,39.8016,0.8111,75.6896,30.5722,6.8751
2030.0,3.3087,39.6412,0.822,76.574,29.9145,6.8649
2035.0,3.3144,39.9529,0.8233,77.3527,29.8018,6.8546
2040.0,3.2916,39.5778,0.8226,76.1634,29.6732,6.8783
2045.0,3.3423,40.3195,0.8187,78.1491,30.4968,6.8401
2050.0,3.3401,40.486,0.8323,78.2757,30.2912,6.8358
2055.0,3.3444,40.218,0.8257,79.312,30.1186,6.8257
2060.0,3.3546,40.8367,0.8288,79.9295,30.2072,6.8151
2065.0,3.3306,40.806,0.8083,76.5263,29.8607,6.8348
2070.0,3.3515,40.0742,0.8314,79.4272,30.7582,6.8343
2075.0,3.3427,40.3745,0.8336,78.0461,30.1838,6.8295
2080.0,3.3342,40.1011,0.8359,78.363,30.1835,6.8397
2085.0,3.3385,40.2847,0.8089,76.539,30.3423,6.8391
2090.0,3.3393,40.1921,0.8169,76.7648,30.2857,6.8366
2095.0,3.333,40.2287,0.8287,78.7287,30.226,6.8426
2100.0,3.33,39.9574,0.8059,77.4806,29.977,6.8397
2105.0,3.3456,40.5365,0.8356,79.4269,30.297,6.8292
2110.0,3.356,40.6997,0.8296,79.6138,30.6541,6.8258
2115.0,3.3684,40.8646,0.8592,80.5327,30.5244,6.8067
2120.0,3.3695,40.558,0.8398,80.9287,30.5908,6.8065
2125.0,3.3775,41.1841,0.8304,80.5517,30.0691,6.7815
2130.0,3.3568,40.7656,0.8367,79.3578,29.9538,6.8036
2135.0,3.3502,40.6487,0.8444,78.2742,30.1741,6.8188
2140.0,3.3568,40.3565,0.8372,79.8356,30.2237,6.8125
2145.0,3.3608,41.4366,0.839,79.8763,30.4875,6.8147
2150.0,3.3751,40.9686,0.8353,81.4422,29.795,6.7769
2155.0,3.3812,40.8074,0.8377,80.6204,30.6047,6.7911
2160.0,3.3721,41.0483,0.8303,80.3938,30.1869,6.7913
2165.0,3.3474,39.8868,0.8243,77.6579,30.1237,6.8205
2170.0,3.3537,41.8459,0.82,79.1223,29.9814,6.8097
2175.0,3.3378,40.8126,0.8276,78.8816,29.8247,6.8247
2180.0,3.3555,41.18,0.8273,78.5903,30.4481,6.8206
2185.0,3.3507,40.4765,0.8434,79.6346,30.2645,6.8213
2190.0,3.3257,40.5837,0.8182,76.4918,29.9275,6.8428
2195.0,3.326,40.1106,0.8426,78.7141,29.9299,6.8433
2200.0,3.3253,40.0892,0.8307,77.0486,30.1735,6.8507
2205.0,3.3616,41.3012,0.8469,79.8192,30.6783,6.8203
2210.0,3.3483,40.5008,0.8426,78.3219,30.1998,6.8226
2215.0,3.3319,40.1445,0.8206,78.2181,29.8925,6.8343
2220.0,3.3368,40.6155,0.8225,77.2288,30.2103,6.8374
2225.0,3.3427,40.5083,0.8168,79.3359,30.2071,6.8302
2230.0,3.3128,39.8552,0.805,76.7302,29.6044,6.85
2235.0,3.3191,39.7759,0.8182,77.5188,30.2684,6.8609
2240.0,3.3173,40.2346,0.8366,77.5992,30.2275,6.8624
2245.0,3.3285,40.4541,0.8335,77.4478,30.4626,6.8553
2250.0,3.3232,40.2954,0.807,74.9053,30.7539,6.8688
2255.0,3.322,40.2784,0.8235,77.0814,30.5765,6.8662
2260.0,3.3201,39.8956,0.813,77.7449,30.2307,6.8593
2265.0,3.3355,40.3841,0.8267,79.2759,30.0243,6.8349
2270.0,3.3452,40.3919,0.8153,78.4701,30.9472,6.8469
2275.0,3.3236,40.3442,0.8256,77.4101,30.3216,6.8569
2280.0,3.3277,40.2051,0.8286,78.2465,30.3131,6.8521
2285.0,3.3094,39.9175,0.8255,76.887,30.3063,6.8736
2290.0,3.3126,39.6367,0.842,76.7949,30.3646,6.872
2295.0,3.3142,40.1765,0.8152,76.9176,30.2816,6.8679
2300.0,3.3076,40.0529,0.8087,77.5457,30.1769,6.8729
2305.0,3.3069,40.1184,0.788,75.8968,30.1861,6.8742
2310.0,3.2987,39.962,0.8407,76.0309,30.3171,6.8872
2315.0,3.3183,39.8307,0.8305,77.9263,30.1918,6.8612
2320.0,3.3353,39.9361,0.8197,76.3934,30.1518,6.8387
2325.0,3.3311,40.302,0.8346,78.3563,30.3589,6.8486
2330.0,3.3139,39.9222,0.8086,76.5701,30.2707,6.8671
2335.0,3.3197,40.2382,0.81,77.1042,30.7126,6.8723
2340.0,3.3195,39.7205,0.8283,76.9919,29.6759,6.8453
2345.0,3.3583,40.2908,0.8154,78.2924,30.6135,6.8224
2350.0,3.3487,40.6376,0.8311,79.7245,30.6541,6.8344
2355.0,3.3449,40.3344,0.841,78.1315,29.8261,6.8168
2360.0,3.3356,40.1622,0.8545,79.0411,30.2605,6.8397
2365.0,3.3515,40.5396,0.8518,80.0155,30.255,6.8207
2370.0,3.3521,40.6136,0.8156,78.4419,29.9977,6.8122
2375.0,3.3503,40.508,0.8295,80.5542,30.1567,6.8186
2380.0,3.3376,40.2142,0.8309,78.9058,30.075,6.8322
2385.0,3.3537,40.4663,0.8217,79.1362,30.7921,6.8323
2390.0,3.3495,40.7755,0.8245,77.8328,30.5893,6.832
2395.0,3.363,40.5181,0.8664,79.4763,30.6746,6.8178
2400.0,3.3593,40.8989,0.8584,81.3374,30.5383,6.8182
2405.0,3.3432,40.68,0.8431,77.8237,30.0768,6.8254
2410.0,3.3297,39.9936,0.824,79.2586,30.229,6.8463
2415.0,3.3471,40.5638,0.818,77.175,30.4834,6.8327
2420.0,3.3319,40.2034,0.8295,76.6205,30.0564,6.8392
2425.0,3.3526,40.274,0.8365,79.3885,30.5411,6.8272
2430.0,3.3441,40.073,0.8175,77.9591,30.3035,6.8308
2435.0,3.3354,40.1579,0.8272,78.1331,30.2705,6.8407
2440.0,3.35,40.4594,0.8267,79.4774,30.5426,6.8306
2445.0,3.3552,40.8851,0.846,81.3983,30.4764,6.822
2450.0,3.3642,40.6142,0.8482,79.9992,30.2756,6.8049
2455.0,3.3744,41.3682,0.8441,79.8925,30.656,6.8021
2460.0,3.355,40.9892,0.8474,78.6209,30.0962,6.8107
2465.0,3.3738,41.0671,0.8558,80.5637,30.5206,6.7993
2470.0,3.3832,40.4823,0.8264,80.4845,30.5151,6.7868
2475.0,3.3779,41.1218,0.8345,81.2794,30.2894,6.7866
2480.0,3.3936,41.6576,0.8424,81.2478,30.4483,6.771
2485.0,3.3899,40.6901,0.8493,81.0623,30.0539,6.7638
2490.0,3.3984,41.7746,0.8683,82.1678,30.5975,6.7684
2495.0,3.3968,41.7815,0.8491,82.145,30.32,6.7625
2500.0,3.4126,41.2997,0.8498,82.3187,30.2352,6.7389
2505.0,3.4259,42.2178,0.8682,82.6645,30.6276,6.7322
2510.0,3.3932,41.415,0.8561,82.2952,30.1888,6.7621
2515.0,3.3753,40.8356,0.8271,80.1225,30.0121,6.7811
2520.0,3.3778,40.9734,0.8368,80.3659,29.9744,6.7775
2525.0,3.3738,41.0351,0.8404,79.3927,30.5143,6.7979
2530.0,3.3515,40.7773,0.8157,79.6412,30.0418,6.8134
2535.0,3.3666,41.1189,0.844,81.4226,30.7997,6.8161
2540.0,3.3553,41.3468,0.8288,78.5258,29.8395,6.8035
2545.0,3.3639,40.5789,0.8524,80.167,30.7829,6.8186
2550.0,3.3656,41.4,0.8445,80.0778,30.4104,6.8068
2555.0,3.3621,40.9742,0.8368,79.6572,30.3322,6.8085
2560.0,3.3669,41.1888,0.8202,80.3795,30.2187,6.7993
2565.0,3.369,41.1897,0.8488,78.8245,30.4533,6.8031
2570.0,3.3457,40.3288,0.8268,78.9055,30.3425,6.829
2575.0,3.3591,40.7853,0.8265,77.7345,30.6262,6.8212
2580.0,3.356,41.139,0.8275,78.8881,30.3772,6.8179
2585.0,3.3539,40.8718,0.8359,78.9214,30.3844,6.8206
2590.0,3.365,40.5604,0.8378,78.6259,30.254,6.8032
2595.0,3.3723,41.1057,0.8236,79.881,30.3287,6.7955
2600.0,3.3575,40.0589,0.8249,79.2705,30.4178,6.8163
2605.0,3.3463,40.8637,0.8228,78.4702,29.9112,6.8169
2610.0,3.3346,40.5479,0.8227,77.5866,29.9994,6.8338
2615.0,3.3392,40.6739,0.8293,77.5441,30.52,6.8428
2620.0,3.3203,39.7829,0.8161,78.5227,30.3744,6.862
2625.0,3.3295,40.7205,0.8274,78.8674,30.2832,6.8493
2630.0,3.3353,40.2822,0.8246,78.1386,30.3312,6.843
2635.0,3.3204,39.3139,0.8204,76.2212,30.4108,6.8629
2640.0,3.3233,39.7875,0.8214,77.6136,30.1862,6.8541
2645.0,3.3237,39.964,0.815,78.1499,30.1237,6.8517
2650.0,3.3165,40.6569,0.8406,77.9805,30.3643,6.8666
2655.0,3.3067,39.8316,0.8353,77.2555,30.0678,6.8711
2660.0,3.3081,39.7156,0.8174,76.6428,30.4113,6.8784
2665.0,3.2923,39.882,0.8162,75.9886,29.8804,6.8836
2670.0,3.314,39.9339,0.827,77.8926,30.56,6.8758
2675.0,3.2975,39.9797,0.8249,76.6349,30.4175,6.8912
2680.0,3.3388,40.3266,0.8334,78.4729,30.3599,6.8411
2685.0,3.3433,40.5866,0.8367,79.5062,30.5379,6.8385
2690.0,3.3741,41.1803,0.8372,78.7125,30.705,6.805
2695.0,3.3402,40.6671,0.8303,77.6981,30.5385,6.8411
2700.0,3.3011,39.7076,0.8185,75.9543,29.8208,6.8703
2705.0,3.3215,39.8549,0.8225,77.8325,29.9572,6.8505
2710.0,3.3498,40.2044,0.8225,79.2063,30.1169,6.8194
2715.0,3.3588,40.5073,0.8306,79.7666,30.2755,6.8116
2720.0,3.3603,40.9876,0.8197,79.0281,30.3942,6.8127
2725.0,3.358,40.8199,0.8397,79.2873,30.0791,6.8067
2730.0,3.3495,40.6957,0.832,78.7323,30.3029,6.8234
2735.0,3.3406,40.9962,0.8239,77.7075,30.0629,6.8284
2740.0,3.3348,40.4115,0.8366,78.2704,30.0943,6.8365
2745.0,3.3347,40.6834,0.8235,78.4482,29.8909,6.8313
2750.0,3.3351,40.1152,0.8349,78.9537,30.007,6.8339
2755.0,3.3447,40.7017,0.8182,78.5449,29.8951,6.819
2760.0,3.3552,40.8477,0.863,80.196,29.9842,6.8079
2765.0,3.3524,41.1861,0.8384,78.754,30.4866,6.8249
2770.0,3.3499,40.751,0.8126,78.3449,29.9808,6.8146
2775.0,3.378,40.9556,0.8477,80.4425,30.8711,6.8038
2780.0,3.3572,40.9849,0.8293,78.8491,30.3311,6.8146
2785.0,3.3601,40.6209,0.8265,78.5529,30.2486,6.809
2790.0,3.3327,40.0285,0.8486,77.9661,29.9824,6.8354
2795.0,3.3299,40.4304,0.8183,76.4695,30.3666,6.85
2800.0,3.3179,40.06,0.8338,78.6271,30.042,6.8564
2805.0,3.3127,39.7849,0.8353,77.8946,30.2107,6.8673
2810.0,3.3122,39.716,0.8305,77.9704,30.8145,6.8838
2815.0,3.2994,40.0725,0.8101,76.6326,30.1446,6.8823
2820.0,3.3232,40.1068,0.8244,75.4299,30.45,6.862
2825.0,3.338,40.5071,0.8279,77.3152,29.9809,6.8307
2830.0,3.3398,40.7914,0.8375,78.4764,30.1418,6.8318
2835.0,3.3573,40.8748,0.818,78.9996,30.5871,6.8224
2840.0,3.3413,40.2276,0.8342,78.1949,29.9814,6.8252
2845.0,3.3615,40.4775,0.8407,79.0501,30.5849,6.8169
2850.0,3.3724,41.4631,0.8397,79.588,30.3023,6.7952
2855.0,3.37,41.1527,0.835,79.2518,29.9782,6.7881
2860.0,3.3693,40.4401,0.8149,78.8344,30.2703,6.797
2865.0,3.3668,40.7216,0.8343,79.4846,30.3487,6.8027
2870.0,3.3756,40.9803,0.8551,79.7597,30.2542,6.7892
2875.0,3.3695,41.1501,0.8235,78.8525,29.6993,6.7804
2880.0,3.3897,40.9502,0.8443,80.5501,29.9032,6.7599
2885.0,3.4055,41.2997,0.8407,81.5315,30.0161,6.7417
2890.0,3.415,42.0757,0.8276,82.0313,30.0522,6.7293
2895.0,3.4,41.5145,0.8682,82.9147,30.2188,6.7539
2900.0,3.3996,41.443,0.8333,80.8503,30.1009,6.7519
2905.0,3.3915,41.7003,0.8496,81.0666,29.7153,6.7507
2910.0,3.4122,40.9744,0.8464,83.0728,30.1367,6.736
2915.0,3.4207,41.5755,0.8487,83.2918,30.1868,6.7257
2920.0,3.4154,41.8605,0.8933,83.3873,30.1666,6.7317
2925.0,3.4278,42.8858,0.8626,84.2761,30.2892,6.7191
2930.0,3.4259,41.3488,0.8553,82.3871,30.2197,6.7191
2935.0,3.4223,41.4477,0.8566,82.3767,30.1182,6.7208
2940.0,3.4179,42.1221,0.8588,83.0445,29.978,6.7224
2945.0,3.4008,41.5571,0.8549,82.4495,29.5723,6.7329
2950.0,3.4191,41.7078,0.8732,82.6152,30.087,6.7246
2955.0,3.4115,41.7354,0.8554,83.2107,30.0234,6.7326
2960.0,3.4049,41.1562,0.8495,83.0227,30.0312,6.742
2965.0,3.3986,41.4862,0.8618,82.1866,29.6358,6.7385
2970.0,3.4049,41.05,0.8517,81.2363,29.6764,6.7312
2975.0,3.4299,42.1279,0.868,83.1803,30.2016,6.7134
2980.0,3.4341,42.0131,0.8611,86.2577,29.9199,6.6981
2985.0,3.4417,42.5686,0.8792,83.9582,30.0916,6.6924
2990.0,3.4489,42.1196,0.8781,84.4761,29.9197,6.6765
2995.0,3.4212,41.6747,0.8606,83.0727,29.9114,6.7143
3000.0,3.4315,42.2769,0.8639,81.9324,30.1297,6.7083
3005.0,3.4128,41.6754,0.8409,82.0934,29.7573,6.722
3010.0,3.407,41.3206,0.832,81.171,29.9015,6.7348
3015.0,3.4057,41.1779,0.8432,82.0001,29.7529,6.7324
3020.0,3.4169,41.7919,0.842,81.776,29.7508,6.717
3025.0,3.4178,41.0077,0.8348,81.627,29.773,6.7161
3030.0,3.4092,41.7752,0.8558,81.571,29.8967,6.7315
3035.0,3.3933,41.8427,0.8308,80.3635,29.7122,6.7475
3040.0,3.4097,42.08,0.8466,82.3938,30.1365,6.7393
3045.0,3.3895,41.4217,0.8655,82.3386,29.5896,6.7491
3050.0,3.4061,41.977,0.8615,82.171,29.7571,6.7325
3055.0,3.3792,41.1581,0.8337,81.1059,29.6844,6.7653
3060.0,3.4165,40.9503,0.8462,83.1895,30.1465,6.7312
3065.0,3.4153,42.0718,0.8409,82.5662,29.8242,6.7215
3070.0,3.4105,41.5178,0.8439,82.8832,30.0234,6.7338
3075.0,3.4017,41.6944,0.8595,81.7989,29.3843,6.7262
3080.0,3.4156,42.1312,0.8519,82.4778,29.8126,6.7206
3085.0,3.4198,41.6603,0.8682,82.9804,29.9584,6.7192
3090.0,3.4212,42.1703,0.8691,83.2389,29.7466,6.7106
3095.0,3.4244,42.4297,0.863,82.9587,29.9825,6.7134
3100.0,3.398,41.1618,0.852,80.6197,29.5767,6.7365
3105.0,3.4146,41.84,0.8547,82.1189,30.0483,6.7296
3110.0,3.4196,41.8934,0.8533,82.917,30.2605,6.7292
3115.0,3.3823,41.3924,0.8337,79.444,29.5849,6.7582
3120.0,3.3933,40.8715,0.8579,82.0315,29.5539,6.7436
3125.0,3.4023,41.5976,0.8557,81.9584,30.0183,6.7454
3130.0,3.4107,41.9724,0.8397,83.0198,30.0395,6.7349
3135.0,3.383,40.5855,0.8381,81.1208,29.5035,6.7549
3140.0,3.3794,41.3194,0.8275,79.6291,29.5187,6.7609
3145.0,3.386,41.5574,0.8539,81.1316,29.5428,6.7531
3150.0,3.3815,41.5625,0.8342,79.354,29.2665,6.7502
3155.0,3.3748,40.8686,0.8409,79.7397,29.3623,6.762
3160.0,3.3528,40.9254,0.8346,79.9737,29.3303,6.7899
3165.0,3.3421,40.6713,0.8308,76.7342,29.3787,6.8059
3170.0,3.356,41.1781,0.8233,79.3751,29.5512,6.7939
3175.0,3.3689,40.4294,0.8287,79.4409,29.6076,6.7786
3180.0,3.3705,41.202,0.83,80.4565,29.9258,6.7853
3185.0,3.3493,40.7659,0.842,79.103,29.2777,6.7936
3190.0,3.3534,40.8766,0.8445,80.0464,29.7624,6.8029
3195.0,3.3371,40.6405,0.8295,77.1707,29.4518,6.8148
3200.0,3.3495,40.7433,0.7988,77.8247,29.4819,6.8005
3205.0,3.352,40.0708,0.8181,78.2023,29.6519,6.8017
3210.0,3.3205,39.7536,0.8335,77.6089,29.1914,6.828
3215.0,3.3176,40.1253,0.8114,77.3013,29.5566,6.8428
3220.0,3.3261,40.224,0.8376,78.8167,29.4914,6.831
3225.0,3.3159,40.2149,0.8412,76.9639,29.5617,6.8451
3230.0,3.3056,39.8016,0.8204,75.9955,29.4996,6.8565
3235.0,3.3062,40.2229,0.8218,77.5457,30.0298,6.8703
3240.0,3.2792,39.4586,0.7961,74.393,29.2452,6.8823
3245.0,3.2657,39.0923,0.7892,75.1579,29.2605,6.8991
3250.0,3.2691,38.686,0.7944,73.1146,29.2261,6.8948
3255.0,3.2527,38.6343,0.7902,73.613,29.2316,6.9141
3260.0,3.2443,39.1036,0.7961,73.8601,29.1996,6.9238
3265.0,3.2455,38.57,0.8009,72.6824,29.6447,6.9338
3270.0,3.2434,38.3416,0.7889,72.4738,29.6911,6.9377
3275.0,3.2424,38.8472,0.8176,74.9004,29.1817,6.9263
3280.0,3.241,38.4796,0.7879,73.1019,29.1047,6.9256
3285.0,3.254,39.1701,0.8001,73.4484,29.4191,6.9185
3290.0,3.2514,38.6567,0.7986,74.5832,29.1515,6.9144
3295.0,3.2633,38.9077,0.8147,74.699,29.4361,6.9076
3300.0,3.2715,39.2253,0.8117,74.9154,29.317,6.8946
3305.0,3.268,39.426,0.8103,76.364,28.8756,6.8867
3310.0,3.2866,39.9947,0.8159,75.122,29.6297,6.8843
3315.0,3.3063,39.7266,0.8147,74.7775,29.68,6.8619
3320.0,3.3153,39.6952,0.8394,77.7635,29.0661,6.8331
3325.0,3.3255,39.5759,0.8127,76.4115,29.1106,6.8206
3330.0,3.3313,40.2866,0.8137,77.9652,29.2671,6.8173
3335.0,3.338,40.4166,0.833,79.0886,29.2675,6.8088
3340.0,3.33,40.2122,0.8383,77.4988,29.3367,6.8206
3345.0,3.3438,39.9187,0.8282,78.2642,29.6627,6.813
3350.0,3.3357,40.2027,0.8446,78.0364,29.1041,6.8068
3355.0,3.3164,40.3085,0.8284,76.4566,28.9368,6.826
3360.0,3.3182,40.1268,0.8271,77.0444,28.7797,6.8199
3365.0,3.3051,39.1836,0.8142,76.1496,28.9299,6.8403
3370.0,3.3256,40.2882,0.8318,78.4355,29.0924,6.8201
3375.0,3.3361,40.404,0.8245,77.6192,29.5374,6.8191
3380.0,3.326,39.6227,0.8182,76.5942,28.9474,6.8147
3385.0,3.3371,40.4453,0.8398,78.4775,29.1208,6.8056
3390.0,3.3367,39.7899,0.837,77.4068,29.0488,6.8036
3395.0,3.3264,39.7653,0.8224,78.1294,29.3381,6.8248
3400.0,3.3253,40.3994,0.8476,77.8884,29.6607,6.8361
3405.0,3.2997,39.8778,0.8206,76.1675,28.8843,6.8463
3410.0,3.3166,39.3371,0.8076,74.9482,28.8827,6.8255
3415.0,3.3199,40.5263,0.8344,78.1159,29.2541,6.8314
3420.0,3.3155,40.0571,0.8099,77.0916,29.1516,6.8341
3425.0,3.3252,40.3407,0.8145,77.7991,29.4308,6.8301
3430.0,3.3146,40.053,0.8356,78.523,29.1032,6.8338
3435.0,3.2927,39.5398,0.8092,74.1438,28.8554,6.8539
3440.0,3.3001,39.4568,0.8128,75.3355,29.0809,6.8519
3445.0,3.2999,39.7794,0.8012,76.1656,29.1985,6.8554
3450.0,3.2985,39.5272,0.8198,76.358,29.1145,6.8548
3455.0,3.283,39.7092,0.8145,75.9098,29.0242,6.8712
3460.0,3.284,39.4151,0.7931,74.8117,29.1521,6.874
3465.0,3.2819,39.5588,0.7963,75.3333,29.1658,6.877
3470.0,3.2779,39.5137,0.8169,75.445,29.2071,6.883
3475.0,3.2744,39.0854,0.8142,74.3964,29.0119,6.8822
3480.0,3.2524,38.8006,0.8043,72.8155,28.796,6.9027
3485.0,3.2492,38.3225,0.7948,73.2277,28.8626,6.9089
3490.0,3.2605,39.5514,0.8033,74.2639,29.1157,6.9025
3495.0,3.2446,39.0898,0.8002,73.1432,28.5979,6.9074
3500.0,3.242,38.7753,0.805,73.3441,28.8825,6.9181
3505.0,3.2508,38.7091,0.7832,72.9148,28.6802,6.9027
3510.0,3.2765,39.3939,0.7967,73.0183,28.7739,6.8738
3515.0,3.269,38.9334,0.8146,74.894,29.0745,6.89
3520.0,3.2819,39.6417,0.8145,74.8677,28.7909,6.8673
3525.0,3.2617,38.7697,0.8264,75.3,28.743,6.8896
3530.0,3.2296,38.1101,0.7809,71.7072,28.3797,6.919
3535.0,3.2275,38.7706,0.7766,70.7943,28.8945,6.9358
3540.0,3.2182,38.5361,0.8042,71.9509,28.8576,6.9462
3545.0,3.219,38.1674,0.7936,72.1422,29.2254,6.9547
3550.0,3.21,38.0021,0.7989,71.6237,28.596,6.9498
3555.0,3.2203,38.0062,0.8072,72.3159,28.7161,6.9407
3560.0,3.2154,37.9426,0.7818,71.6447,28.7121,6.9459
3565.0,3.227,38.4698,0.7993,73.3474,29.0325,6.9408
3570.0,3.22,38.2894,0.7959,71.8573,28.6028,6.9379
3575.0,3.2318,38.4939,0.7936,70.3527,28.6849,6.9261
3580.0,3.2174,38.2298,0.8103,71.1013,28.7557,6.9442
3585.0,3.2024,37.8256,0.7712,71.0208,28.6389,6.9594
3590.0,3.1998,38.3616,0.7827,72.0556,28.4692,6.9587
3595.0,3.2077,38.0236,0.7998,72.0504,28.618,6.9532
3600.0,3.1963,38.1343,0.7783,69.8121,28.8266,6.9712
3605.0,3.1962,37.9524,0.7645,71.5948,28.2902,6.9588
3610.0,3.2036,38.0654,0.7944,73.087,28.5688,6.9567
3615.0,3.187,37.2577,0.7697,69.6004,28.3494,6.9703
3620.0,3.2239,38.5924,0.7809,72.2642,28.812,6.9397
3625.0,3.2217,38.5549,0.7905,71.9125,28.1213,6.9233
3630.0,3.2193,38.4658,0.7881,71.2084,28.3512,6.9316
3635.0,3.2452,38.5577,0.8048,72.9132,28.5742,6.9071
3640.0,3.2498,38.8291,0.7978,73.5402,28.8603,6.9083
3645.0,3.2175,38.2844,0.7707,70.3635,28.4415,6.9355
3650.0,3.2194,38.2526,0.7855,72.0738,28.3082,6.9308
3655.0,3.23,37.9539,0.8009,72.4155,28.9064,6.9335
3660.0,3.2354,38.6354,0.7794,71.4572,28.0633,6.9051
3665.0,3.2293,37.7255,0.781,71.535,27.8648,6.906
3670.0,3.2565,39.5048,0.8096,75.4891,28.5138,6.891
3675.0,3.2617,38.7739,0.7928,73.7683,28.2676,6.8774
3680.0,3.2834,39.1537,0.8201,75.6732,28.1271,6.8461
3685.0,3.2941,39.7273,0.8081,76.4659,28.5489,6.8439
3690.0,3.273,38.8477,0.7949,75.3399,28.4223,6.8662
3695.0,3.2409,39.044,0.8131,73.1958,28.2098,6.9001
3700.0,3.2384,38.7497,0.7952,72.6326,28.0203,6.8991
3705.0,3.2664,39.0674,0.8001,73.7697,28.5481,6.8797
3710.0,3.2431,38.8722,0.7674,72.7425,28.4823,6.9053
3715.0,3.2183,38.2949,0.7996,71.9475,28.2847,6.9303
3720.0,3.2373,38.6557,0.7951,73.0943,28.7609,6.9213
3725.0,3.2269,38.562,0.778,71.9451,28.0216,6.9137
3730.0,3.221,38.4637,0.764,71.5853,27.8976,6.9172
3735.0,3.247,38.8022,0.819,73.2599,28.096,6.8914
3740.0,3.2565,39.1767,0.7856,73.2505,28.2476,6.8832
3745.0,3.2602,39.0584,0.8084,74.6805,28.31,6.8801
3750.0,3.2566,39.5475,0.8125,73.7067,28.179,6.8807
3755.0,3.2787,39.2243,0.8178,76.0302,28.3175,6.8575
3760.0,3.2861,39.0709,0.8093,75.2143,27.9069,6.8354
3765.0,3.2911,39.0916,0.8173,74.613,28.5711,6.8478
3770.0,3.3057,39.5271,0.8143,77.5146,28.1801,6.8186
3775.0,3.3053,39.7248,0.8147,76.0509,28.4704,6.8266
3780.0,3.3044,40.1027,0.8363,77.9567,28.2673,6.822
3785.0,3.2932,39.4159,0.8274,77.7759,28.2865,6.8366
3790.0,3.2803,39.3767,0.8098,75.8208,28.3054,6.8537
3795.0,3.2878,40.3503,0.8162,74.0141,28.2657,6.8438
3800.0,3.2839,39.6161,0.8127,76.4361,28.3052,6.8495
3805.0,3.2707,39.1043,0.8126,75.2178,28.4678,6.8705
3810.0,3.2558,39.32,0.8173,74.0849,28.1756,6.8812
3815.0,3.2548,38.6652,0.8003,74.42,28.2948,6.8861
3820.0,3.235,38.5547,0.7772,73.5942,28.0862,6.9045
3825.0,3.2356,38.1597,0.7932,73.1569,28.4599,6.9144
3830.0,3.1928,37.6407,0.7884,70.9152,27.922,6.9514
3835.0,3.2078,38.3995,0.8065,71.2751,28.5327,6.9507
3840.0,3.1842,37.8547,0.7773,70.9257,28.0639,6.9663
3845.0,3.1858,37.498,0.7737,69.5854,27.7077,6.9559
3850.0,3.2118,38.9094,0.7905,70.8631,28.089,6.9348
3855.0,3.2095,37.6908,0.7578,69.3792,27.8784,6.9312
3860.0,3.2322,38.2618,0.7914,72.3826,28.2506,6.9139
3865.0,3.2323,38.68,0.8074,73.1513,27.8691,6.9027
3870.0,3.2564,38.6086,0.7818,73.0571,27.9126,6.8743
3875.0,3.2161,38.3525,0.7872,72.9775,27.5438,6.912
3880.0,3.2135,38.1666,0.7922,71.9601,27.8952,6.9261
3885.0,3.1905,37.5942,0.7829,70.2394,27.3944,6.9406
3890.0,3.2029,37.6965,0.7829,70.8794,27.5967,6.9317
3895.0,3.1983,37.797,0.7786,70.5504,28.1751,6.952
3900.0,3.1899,37.8669,0.782,69.797,28.1739,6.9625
3905.0,3.1909,37.8098,0.754,69.9639,28.0763,6.9592
3910.0,3.1625,37.6913,0.773,70.5492,27.7208,6.9834
3915.0,3.173,37.0199,0.7623,68.8778,27.9433,6.9775
3920.0,3.1833,38.3376,0.767,68.6553,27.9471,6.9654
3925.0,3.1607,36.8329,0.7598,69.3958,27.6512,6.9839
3930.0,3.1665,37.0738,0.763,68.9151,28.3096,6.994
3935.0,3.1889,37.792,0.7815,70.4505,28.1462,6.9645
3940.0,3.2072,37.8552,0.7712,70.9566,27.8647,6.9345
3945.0,3.2003,38.0136,0.7721,69.8606,27.9199,6.9431
3950.0,3.1979,37.4186,0.7865,70.1751,27.9586,6.9473
3955.0,3.1886,37.8633,0.7633,68.5519,27.3894,6.9435
3960.0,3.215,38.1515,0.7859,70.1188,27.8316,6.9237
3965.0,3.2085,38.5396,0.8019,72.3335,27.7165,6.9276
3970.0,3.2146,38.3542,0.7869,72.6088,27.6303,6.9181
3975.0,3.2208,38.2979,0.8121,72.8452,27.8042,6.9151
3980.0,3.2512,39.5418,0.7993,73.5012,28.3177,6.8923
3985.0,3.2483,39.0969,0.8033,72.8501,28.0225,6.8868
3990.0,3.2182,38.2134,0.7882,70.3456,27.7136,6.9146
3995.0,3.2101,38.5961,0.7819,72.0149,27.9937,6.9328
4000.0,3.1881,37.4691,0.7842,69.7607,28.1946,6.9645
4005.0,3.164,37.0432,0.7786,70.4813,28.0703,6.9904
4010.0,3.1629,37.3258,0.7659,68.9929,27.8485,6.9872
4015.0,3.1748,37.5073,0.759,69.2968,27.6664,6.9686
4020.0,3.2134,38.2695,0.794,71.8406,27.9974,6.9309
4025.0,3.2137,37.6611,0.7906,71.1691,27.916,6.927
4030.0,3.2048,37.8329,0.7781,70.8346,28.0362,6.9406
4035.0,3.2104,38.3995,0.7896,71.6158,27.9662,6.9326
4040.0,3.2082,38.0817,0.7767,71.8725,28.0649,6.9375
4045.0,3.1823,38.0019,0.7789,71.2257,27.6638,6.9579
4050.0,3.1939,38.3538,0.7788,69.5705,28.1222,6.9567
4055.0,3.1764,37.4617,0.7744,69.6338,27.8377,6.97
4060.0,3.2207,38.0791,0.7849,73.6671,28.3026,6.9303
4065.0,3.178,37.7281,0.771,70.3993,27.607,6.9613
4070.0,3.1784,37.7757,0.7742,69.0355,28.209,6.977
4075.0,3.1661,37.7577,0.7785,69.72,27.8202,6.9822
4080.0,3.142,36.7727,0.7785,68.3943,27.6038,7.0045
4085.0,3.1343,36.4448,0.7458,66.455,27.6417,7.0132
4090.0,3.1548,37.4338,0.7583,68.5296,27.6787,6.9919
4095.0,3.1765,37.775,0.7766,70.1507,27.861,6.9717
4100.0,3.172,37.5913,0.7776,68.7822,27.882,6.9767
4105.0,3.1479,36.8991,0.7681,67.2067,27.6042,6.9981
4110.0,3.1203,36.2211,0.7492,65.989,27.7381,7.0296
4115.0,3.126,36.4481,0.7486,67.1505,28.2764,7.032
4120.0,3.1111,36.0971,0.7386,65.8315,28.1694,7.0407
4125.0,3.0825,35.9475,0.7378,63.1705,27.8435,7.0578
4130.0,3.1029,36.5099,0.7596,66.3145,27.7408,7.0293
4135.0,3.1247,36.4449,0.7744,66.52,27.7584,7.0036
4140.0,3.1401,37.0284,0.7819,67.7301,27.8789,6.9895
4145.0,3.1304,36.9132,0.7758,66.2367,27.4671,6.9915
4150.0,3.1437,36.8712,0.7565,66.7614,27.6558,6.9831
4155.0,3.1306,36.5897,0.7744,68.1133,27.3005,6.9907
4160.0,3.1408,36.9672,0.748,65.9551,27.8151,6.9925
4165.0,3.1257,37.1294,0.7606,67.3871,27.8748,7.0097
4170.0,3.1489,36.7822,0.762,67.5906,27.59,6.9798
4175.0,3.1427,36.8921,0.7678,68.395,28.1022,6.9983
4180.0,3.108,36.2791,0.7645,66.6608,27.4003,7.0195
4185.0,3.1051,36.4982,0.7605,66.1025,27.3388,7.0195
4190.0,3.1197,36.8273,0.735,66.6698,27.7593,7.011
4195.0,3.1095,35.6961,0.7497,66.3104,27.9633,7.0235
4200.0,3.1197,36.7197,0.7505,65.6883,28.121,7.014
4205.0,3.0935,35.86,0.7439,64.7882,27.5838,7.0274
4210.0,3.1515,37.1318,0.7836,69.3447,27.9669,6.9745
4215.0,3.1483,36.9835,0.7795,68.9164,27.6864,6.9733
4220.0,3.1793,37.4983,0.7744,69.733,27.6518,6.944
4225.0,3.1972,38.7604,0.7723,70.6348,27.9149,6.9373
4230.0,3.1991,37.5832,0.7762,70.4693,27.8562,6.9413
4235.0,3.2107,38.9283,0.8053,71.7025,27.2983,6.9142
4240.0,3.2293,38.2175,0.7894,72.0874,28.0608,6.9117
4245.0,3.2515,39.2778,0.7783,74.2899,28.0362,6.884
4250.0,3.2221,38.4881,0.8062,71.7166,27.5344,6.9049
4255.0,3.2132,38.0718,0.7909,71.0168,27.7894,6.9234
4260.0,3.2087,38.2496,0.786,70.1313,27.8137,6.93
4265.0,3.2166,38.2385,0.7912,71.0139,27.7553,6.9192
4270.0,3.199,38.155,0.786,70.5775,27.5526,6.9345
4275.0,3.1969,38.3942,0.7885,70.7865,27.5224,6.9367
4280.0,3.2039,37.8947,0.8019,71.8036,27.6841,6.9327
4285.0,3.2002,38.1021,0.7724,71.1003,27.9841,6.9449
4290.0,3.1728,37.7811,0.7783,69.5243,27.8272,6.9735
4295.0,3.1803,37.6368,0.7724,68.0777,27.5992,6.9599
4300.0,3.1857,37.6011,0.7848,69.6807,27.8855,6.9604
4305.0,3.1443,36.8034,0.7631,67.8561,26.9812,6.9862
4310.0,3.1487,37.6605,0.766,68.6984,27.9815,7.0057
4315.0,3.1342,36.6576,0.7887,69.3073,27.2603,7.0051
4320.0,3.1322,36.6602,0.7761,67.9555,27.6058,7.0139
4325.0,3.1262,36.8502,0.7595,67.798,27.4177,7.0146
4330.0,3.1141,35.947,0.7552,66.7004,27.3753,7.0242
4335.0,3.1387,36.987,0.7706,67.6521,27.9906,7.0094
4340.0,3.1335,36.5304,0.7575,66.4605,27.585,7.0047
4345.0,3.1548,37.1217,0.7495,67.9447,27.7903,6.9867
4350.0,3.1866,36.9403,0.7774,69.0626,27.6937,6.953
4355.0,3.1693,37.3755,0.7738,69.1072,27.8265,6.9778
4360.0,3.1704,37.4484,0.7789,70.2298,27.7285,6.9749
4365.0,3.1623,37.1553,0.7675,68.7637,27.3906,6.9758
4370.0,3.1698,37.2512,0.7722,70.379,27.9626,6.9814
4375.0,3.1649,37.6962,0.7676,68.7765,27.5925,6.9781
4380.0,3.1738,37.6985,0.7671,68.9088,27.3292,6.9607
4385.0,3.193,38.6367,0.7647,68.9964,27.6138,6.9447
4390.0,3.196,37.6356,0.806,71.5999,28.0987,6.9533
4395.0,3.1635,37.8854,0.7614,69.909,27.9388,6.9874
4400.0,3.1677,37.094,0.7653,68.3841,27.6419,6.9763
4405.0,3.1784,37.7114,0.7867,69.7206,27.6447,6.9634
4410.0,3.171,37.7226,0.7729,68.6501,27.6547,6.9719
4415.0,3.179,37.3594,0.7809,69.9657,28.2574,6.9779
4420.0,3.1691,37.4345,0.7743,68.1459,27.837,6.9792
4425.0,3.1658,37.7436,0.7683,68.4444,27.8524,6.9834
4430.0,3.1745,37.1626,0.7772,70.7339,28.006,6.9773
4435.0,3.1733,37.5316,0.7724,69.2865,27.8117,6.9736
4440.0,3.1352,36.7416,0.7667,67.2136,27.6909,7.0129
4445.0,3.1448,36.7339,0.7437,68.0719,27.7104,7.0033
4450.0,3.1634,37.1853,0.7846,69.6371,27.7454,6.9844
4455.0,3.166,37.0888,0.768,68.0275,27.758,6.981
4460.0,3.1663,37.7031,0.7904,68.8993,27.9533,6.9854
4465.0,3.1757,37.5329,0.7667,68.5796,27.7886,6.9705
4470.0,3.177,37.4961,0.7675,68.6562,27.9631,6.9729
4475.0,3.1701,37.6202,0.7874,68.7397,27.7642,6.9761
4480.0,3.1777,37.1827,0.7825,69.7698,27.8085,6.9684
4485.0,3.1524,36.6033,0.7776,68.1091,27.2939,6.9848
4490.0,3.158,37.1066,0.7792,67.9585,28.0272,6.9969
4495.0,3.1571,37.6225,0.7668,68.7088,27.8896,6.995
4500.0,3.1686,37.0981,0.7592,70.1135,28.0574,6.9858
4505.0,3.1492,36.887,0.7876,68.425,27.0888,6.984
4510.0,3.1907,37.674,0.8023,71.2642,28.34,6.9668
4515.0,3.182,37.9038,0.8012,70.282,27.7882,6.9625
4520.0,3.179,37.882,0.78,69.2637,28.1055,6.9738
4525.0,3.1719,37.3148,0.7682,68.6339,27.5738,6.9691
4530.0,3.1677,37.524,0.7666,70.5362,27.9925,6.9844
4535.0,3.1716,37.6518,0.7716,70.1993,27.5815,6.97
4540.0,3.1873,37.7047,0.7777,69.1731,27.6946,6.9539
4545.0,3.1976,37.5292,0.7754,70.725,28.3348,6.9577
4550.0,3.1869,37.3412,0.7935,71.2201,27.8145,6.9571
4555.0,3.1796,37.4588,0.7938,71.7986,27.9225,6.9684
4560.0,3.1682,37.0061,0.7661,67.4888,28.0917,6.9862
4565.0,3.1565,37.3,0.7638,68.978,28.0042,6.9981
4570.0,3.1522,37.6155,0.7647,68.7067,27.9241,7.0014
4575.0,3.1747,37.7038,0.7626,67.3179,27.9841,6.9771
4580.0,3.1903,37.7985,0.7979,70.7617,28.5001,6.971
4585.0,3.177,37.4613,0.7788,70.8834,27.8913,6.971
4590.0,3.1568,37.119,0.7601,68.3607,27.9626,6.9963
4595.0,3.1522,36.8437,0.7717,68.4136,28.1817,7.0067
4600.0,3.1214,36.2261,0.7677,66.7276,28.2021,7.0372
4605.0,3.1266,36.6202,0.7753,67.7655,28.2294,7.0289
4610.0,3.0985,36.1888,0.7592,65.7205,28.0992,7.0501
4615.0,3.0793,36.1304,0.7466,64.044,27.6608,7.0552
4620.0,3.0932,36.4114,0.7526,65.9401,28.362,7.048
4625.0,3.0714,35.7631,0.7397,63.3502,27.6743,7.0505
4630.0,3.069,35.6822,0.7449,63.966,28.0438,7.0533
4635.0,3.0549,35.0291,0.7448,63.8917,27.7869,7.0559
4640.0,3.0551,35.2285,0.7274,62.196,27.9669,7.0521
4645.0,3.0558,35.0581,0.7337,63.7819,28.0726,7.0467
4650.0,3.0641,35.8756,0.7338,63.8308,28.0784,7.033
4655.0,3.054,35.5638,0.7464,63.3121,28.1112,7.0387
4660.0,3.0287,34.5582,0.7729,62.3467,28.4169,7.0626
4665.0,2.9987,34.3902,0.7147,60.1828,28.1347,7.0789
4670.0,2.9738,33.7671,0.7308,59.865,27.9681,7.0902
4675.0,2.9652,33.9233,0.7387,60.5565,28.2782,7.0914
4680.0,2.9353,33.3942,0.7048,57.6097,28.3426,7.1076
4685.0,2.9232,33.0544,0.6987,56.2416,27.7465,7.0986
4690.0,2.9066,32.3761,0.701,55.8563,28.2109,7.1062
4695.0,2.9162,33.0261,0.6881,55.8629,28.2452,7.0853
4700.0,2.9044,32.5517,0.711,56.9018,28.0038,7.0819
4705.0,2.9026,32.9184,0.7144,56.1111,28.4306,7.0779
4710.0,2.8709,31.7786,0.704,53.4399,28.0577,7.0919
4715.0,2.8474,31.9292,0.6844,52.9486,28.1351,7.1022
4720.0,2.8206,31.333,0.6724,51.8838,28.0691,7.1124
4725.0,2.8093,30.914,0.6744,50.4905,28.125,7.109
4730.0,2.8109,31.5586,0.6797,50.0884,27.8558,7.092
4735.0,2.7764,30.4572,0.6834,50.0797,27.7787,7.1094
4740.0,2.7721,30.5544,0.651,48.0996,28.5463,7.1048
4745.0,2.7595,30.1334,0.6594,48.3991,27.9449,7.0989
4750.0,2.7624,29.8266,0.6599,48.3236,27.9178,7.0838
4755.0,2.7648,30.6486,0.6547,48.1727,27.6364,7.0693
4760.0,2.7121,29.7617,0.6397,45.2512,28.0242,7.1071
4765.0,2.7179,29.6504,0.6623,48.0714,27.8624,7.0896
4770.0,2.7203,29.8469,0.656,46.4819,28.613,7.0791
4775.0,2.7234,29.7562,0.6618,48.1398,28.4643,7.0659
4780.0,2.7364,29.4045,0.6721,49.288,28.0492,7.0447
4785.0,2.7043,29.0901,0.6505,45.8264,28.7938,7.068
4790.0,2.6895,29.2768,0.6233,45.7181,28.4857,7.0715
4795.0,2.6886,28.6894,0.663,46.5044,28.1686,7.0627
4800.0,2.7034,29.1019,0.649,46.3412,27.6346,7.0405
4805.0,2.6927,28.7059,0.6448,46.9992,28.8419,7.0477
4810.0,2.7241,29.7897,0.6517,47.308,27.9315,7.013
4815.0,2.7239,29.4176,0.6533,48.3178,27.8774,7.0103
4820.0,2.7037,29.0132,0.6538,46.9608,28.5542,7.0282
4825.0,2.7415,29.529,0.6809,49.8791,28.9184,6.9963
4830.0,2.7457,29.6707,0.6584,47.4837,28.6645,6.9913
4835.0,2.753,30.293,0.662,47.5951,28.4694,6.9853
4840.0,2.7353,30.4006,0.669,49.7587,28.4872,7.0014
4845.0,2.7357,29.737,0.6482,46.8875,28.562,7.0017
4850.0,2.7555,29.7993,0.6385,47.6207,28.5485,6.9853
4855.0,2.7856,31.2616,0.6573,50.9162,28.4393,6.9615
4860.0,2.7729,30.6318,0.6831,49.812,28.4053,6.9756
4865.0,2.7311,29.2627,0.6594,47.3818,28.3739,7.0131
4870.0,2.7186,29.3769,0.6479,47.8153,28.2114,7.0222
4875.0,2.7109,29.4552,0.6541,45.9187,28.3401,7.0266
4880.0,2.7127,29.6512,0.651,47.8407,27.9974,7.0207
4885.0,2.7077,29.5063,0.6583,45.5802,28.4065,7.0237
4890.0,2.7129,29.7117,0.6551,48.1718,28.1944,7.0159
4895.0,2.7088,29.3454,0.6433,46.9347,28.1762,7.017
4900.0,2.7175,29.6095,0.6533,46.3133,28.5077,7.0091
4905.0,2.7033,29.7937,0.6486,46.3452,28.8213,7.0203
4910.0,2.7077,29.3899,0.6434,46.0764,28.7135,7.0143
4915.0,2.7088,28.608,0.6328,45.3281,28.102,7.0093
4920.0,2.6891,28.6751,0.6604,45.4792,28.2579,7.0247
4925.0,2.7003,28.5143,0.6494,44.8533,28.7513,7.0146
4930.0,2.6654,29.1085,0.6506,45.0279,28.2812,7.0397
4935.0,2.6662,28.7376,0.6433,45.5623,28.4815,7.0353
4940.0,2.652,28.453,0.66,44.1808,28.686,7.0428
4945.0,2.6316,27.8006,0.632,42.9865,28.3173,7.0539
4950.0,2.6221,28.0389,0.625,41.8712,28.5966,7.0556
4955.0,2.635,28.1789,0.6406,43.1573,28.2476,7.038
4960.0,2.6134,27.7177,0.6198,41.1347,28.4417,7.0507
4965.0,2.5991,26.8398,0.6314,41.9277,28.683,7.0565
4970.0,2.5936,27.1975,0.6127,41.335,28.2158,7.0544
4975.0,2.6143,27.9091,0.6176,43.4067,28.7352,7.0308
4980.0,2.5869,26.9718,0.6203,40.7613,28.6312,7.0484
4985.0,2.5789,26.6595,0.6174,41.3268,28.7853,7.0494
4990.0,2.59,27.319,0.6371,41.8364,28.7142,7.0345
4995.0,2.5679,26.7311,0.6151,39.116,29.0103,7.0472
5000.0,2.5623,26.6374,0.6256,41.4855,28.7117,7.0468
5005.0,2.5597,27.0858,0.6102,38.8056,28.5842,7.0433
5010.0,2.5454,26.0873,0.6,39.0778,28.7333,7.0492
5015.0,2.5477,26.5239,0.6372,40.8306,28.8497,7.0413
5020.0,2.567,26.875,0.6279,40.9455,28.7372,7.0207
5025.0,2.5696,27.0992,0.6132,39.5237,28.7464,7.0154
5030.0,2.5732,26.5121,0.6376,40.0577,28.5719,7.0107
5035.0,2.6135,27.7011,0.6361,43.3875,28.5929,6.977
5040.0,2.6104,27.9398,0.6422,43.1668,28.4192,6.9812
5045.0,2.6498,28.4785,0.656,45.1372,29.2184,6.9531
5050.0,2.6668,28.7938,0.6474,45.9117,28.4813,6.9432
5055.0,2.6771,28.7779,0.6774,45.0875,28.6303,6.9418
5060.0,2.6913,29.1907,0.6536,45.4289,28.6352,6.9375
5065.0,2.7159,29.4247,0.6487,47.7627,29.0497,6.9268
5070.0,2.7315,29.7473,0.6412,47.4175,28.7635,6.9218
5075.0,2.7503,30.1374,0.6865,50.0701,29.1604,6.918
5080.0,2.7427,30.3296,0.643,48.824,28.6914,6.9315
5085.0,2.7478,30.1754,0.6787,48.9764,28.9408,6.9371
5090.0,2.7223,29.5077,0.6572,45.8797,28.6734,6.964
5095.0,2.7232,29.8324,0.6602,47.8941,29.4298,6.9714
5100.0,2.7104,29.8053,0.6422,46.7961,28.6079,6.9821
5105.0,2.6815,28.3977,0.6529,47.2501,28.9935,7.0089
5110.0,2.6658,28.6691,0.6554,44.4746,29.0857,7.0213
5115.0,2.6616,28.2157,0.6395,46.2777,29.042,7.0223
5120.0,2.6683,29.4046,0.6373,45.1538,28.9034,7.014
5125.0,2.639,28.076,0.6404,43.2936,28.9285,7.0355
5130.0,2.638,28.1357,0.6383,44.6702,28.9831,7.0327
5135.0,2.6278,27.639,0.6351,43.6134,28.9466,7.0367
5140.0,2.6204,27.5726,0.6403,42.6187,29.2356,7.0384
5145.0,2.6081,27.378,0.627,40.6673,29.5584,7.0434
5150.0,2.5741,27.3597,0.6458,40.1648,28.8776,7.0654
5155.0,2.5362,26.3396,0.6389,39.5379,28.6857,7.0891
5160.0,2.5216,25.935,0.6088,38.8035,29.0172,7.0898
5165.0,2.4965,25.7648,0.5938,37.6751,29.6953,7.0966
5170.0,2.4755,24.1548,0.6137,37.6801,28.8606,7.105
5175.0,2.4891,25.5837,0.5872,38.1765,29.4824,7.0789
5180.0,2.4835,25.3697,0.6192,37.0989,29.5031,7.0727
5185.0,2.4837,25.2206,0.6089,37.3157,28.9564,7.0655
5190.0,2.4487,24.4036,0.5863,33.4176,29.248,7.0842
5195.0,2.4131,24.477,0.6163,34.9215,29.5239,7.1015
5200.0,2.4005,24.2325,0.5901,33.961,29.033,7.1029
5205.0,2.4056,24.2502,0.6099,33.5994,29.0879,7.0857
5210.0,2.3999,23.9104,0.5954,33.4124,29.0043,7.0799
5215.0,2.4129,23.7802,0.5863,33.8658,28.907,7.0599
5220.0,2.4098,24.3859,0.5753,33.4667,29.0093,7.0538
5225.0,2.3966,23.4789,0.5882,33.6872,28.8765,7.0587
5230.0,2.3798,23.4702,0.5827,31.5629,29.2018,7.0631
5235.0,2.3651,23.4245,0.5984,32.3259,29.0116,7.069
5240.0,2.3663,23.1449,0.5999,31.1248,29.2734,7.0577
5245.0,2.3511,22.5901,0.5725,30.9586,28.8367,7.0664
5250.0,2.3421,22.5286,0.5833,32.5874,29.3191,7.0618
5255.0,2.3032,21.6288,0.5745,30.0006,29.4555,7.085
5260.0,2.2729,21.8374,0.5822,29.7418,28.7593,7.1085
5265.0,2.2859,21.6786,0.5953,30.4754,29.3619,7.0781
5270.0,2.2615,21.4437,0.5888,28.4278,29.5859,7.0856
5275.0,2.2632,21.8522,0.5642,29.6457,28.9872,7.0807
5280.0,2.2623,21.3426,0.5685,28.6419,29.7182,7.0631
5285.0,2.2661,21.845,0.5597,28.2195,29.4153,7.055
5290.0,2.2971,22.1145,0.5689,28.7778,29.1448,7.0249
5295.0,2.3213,22.7933,0.5737,30.6607,29.3175,6.9993
5300.0,2.3213,23.0519,0.6047,30.3934,29.4814,6.9971
5305.0,2.3381,22.856,0.5912,31.511,29.3711,6.9847
5310.0,2.3448,23.0094,0.5807,31.7765,29.4971,6.9797
5315.0,2.3602,23.1902,0.5863,29.816,29.1425,6.9725
5320.0,2.3746,23.5588,0.5766,31.9962,29.4252,6.9619
5325.0,2.3857,23.9395,0.5988,31.961,29.0396,6.96
5330.0,2.3837,23.482,0.5845,32.5482,29.3754,6.964
5335.0,2.3827,23.1589,0.5754,31.333,29.1873,6.9706
5340.0,2.3994,24.0222,0.6074,33.1408,29.2394,6.9606
5345.0,2.4132,23.828,0.5973,33.2208,29.7423,6.9511
5350.0,2.4221,24.1799,0.5898,33.6412,29.716,6.9499
5355.0,2.401,24.0081,0.5896,33.7245,29.6053,6.973
5360.0,2.4055,23.7412,0.6012,34.9553,29.1898,6.9761
5365.0,2.4006,23.8576,0.5848,33.7224,29.3936,6.9816
5370.0,2.3684,23.134,0.5968,31.2992,29.7857,7.0069
5375.0,2.3366,23.347,0.5758,31.7381,29.5275,7.0343
5380.0,2.3271,22.5449,0.5876,31.4122,30.0815,7.0338
5385.0,2.3014,22.3574,0.5649,29.0168,29.6096,7.0549
5390.0,2.3245,22.3272,0.5847,30.6259,29.5688,7.0302
5395.0,2.3305,22.6393,0.5807,30.9027,29.453,7.022
5400.0,2.3104,22.1831,0.5746,28.9573,29.573,7.0343
5405.0,2.3565,22.9212,0.576,31.1984,29.5109,6.9938
5410.0,2.3392,22.67,0.5832,30.8463,29.7353,7.0053
5415.0,2.3163,22.486,0.5759,28.8331,29.8067,7.0228
5420.0,2.3268,22.3267,0.5924,30.8375,29.3802,7.0159
5425.0,2.3397,22.9107,0.6003,31.54,29.253,7.0043
5430.0,2.3225,22.8291,0.5884,32.1433,29.1358,7.0187
5435.0,2.3347,22.9221,0.5627,29.4985,29.7309,7.0016
5440.0,2.3344,22.5688,0.5755,31.1216,29.337,7.0045
5445.0,2.3319,22.3946,0.5874,30.2014,29.0835,7.0084
5450.0,2.3499,22.8193,0.5847,33.3903,29.7276,6.9874
5455.0,2.3246,22.4679,0.5934,31.5116,30.2625,7.0039
5460.0,2.325,22.4713,0.5741,30.3041,29.6464,7.009
5465.0,2.3029,22.2695,0.5819,31.3712,29.8662,7.0239
5470.0,2.3159,22.4033,0.5739,30.4904,29.6856,7.0126
5475.0,2.3139,22.6083,0.5737,30.4621,29.6489,7.0127
5480.0,2.3247,22.0505,0.578,31.5525,29.9118,7.0001
5485.0,2.3236,22.7658,0.5556,30.0699,29.6178,7.0032
5490.0,2.3227,22.8693,0.5784,30.1475,29.7655,7.0023
5495.0,2.3482,22.5839,0.5964,31.5082,29.7873,6.9814
5500.0,2.3813,23.0097,0.5814,31.2972,29.548,6.9587
5505.0,2.3301,22.5304,0.5941,31.4069,29.9711,7.0002
5510.0,2.3486,22.469,0.5749,31.3713,29.6874,6.9891
5515.0,2.3473,23.2614,0.5779,31.1702,29.5501,6.9923
5520.0,2.3376,23.2036,0.5663,31.8785,29.881,6.9983
5525.0,2.372,23.6717,0.5884,31.938,29.5301,6.9741
5530.0,2.3925,23.3749,0.5909,34.4141,29.7695,6.9587
5535.0,2.3872,24.4237,0.6002,34.2102,29.7678,6.9673
5540.0,2.3772,23.2713,0.592,32.6807,30.0491,6.9774
5545.0,2.36,23.1551,0.5743,32.1347,29.9038,6.9949
5550.0,2.3694,23.4394,0.572,31.6055,29.7863,6.9896
5555.0,2.3722,23.2412,0.5705,31.6512,30.0044,6.9869
5560.0,2.3692,23.453,0.6121,32.9372,30.1548,6.9896
5565.0,2.3492,22.8542,0.583,33.0555,29.9539,7.0082
5570.0,2.3631,22.413,0.613,33.8625,29.8242,6.9978
5575.0,2.3585,23.1503,0.5928,31.4793,29.5007,7.0038
5580.0,2.3456,22.7742,0.585,32.0727,29.5693,7.0134
5585.0,2.3162,22.4755,0.5781,29.0274,29.7662,7.0341
5590.0,2.3181,21.935,0.5688,29.3084,29.6969,7.0297
5595.0,2.3084,21.7746,0.5635,29.5254,29.8093,7.0328
5600.0,2.3302,22.9151,0.5877,31.2028,29.8769,7.0107
5605.0,2.3158,22.7407,0.5801,31.3724,30.0017,7.0192
5610.0,2.3097,22.481,0.5729,30.0295,29.8582,7.0233
5615.0,2.2885,21.9341,0.5702,29.5178,30.0038,7.0364
5620.0,2.3272,23.1768,0.5932,30.7139,29.9047,7.0021
5625.0,2.311,22.3894,0.5893,30.7243,29.4009,7.0185
5630.0,2.3212,22.741,0.5693,31.0782,29.6662,7.006
5635.0,2.3106,22.3037,0.5669,30.969,29.8711,7.0116
5640.0,2.3306,22.7245,0.5789,30.7814,29.6107,6.9965
5645.0,2.319,22.2555,0.579,30.7152,30.069,7.0018
5650.0,2.3584,23.2765,0.577,31.7062,30.3076,6.969
5655.0,2.3751,23.6421,0.5796,32.7362,30.2353,6.9593
5660.0,2.387,23.4082,0.5964,33.2326,29.883,6.9572
5665.0,2.4071,23.5025,0.6082,35.7504,30.3146,6.9441
5670.0,2.4151,24.2308,0.6021,34.6697,29.9846,6.9462
5675.0,2.3752,23.1501,0.5802,32.4646,29.8686,6.9844
5680.0,2.3702,23.5795,0.5839,32.327,29.8049,6.9918
5685.0,2.3262,22.6583,0.5772,31.2434,29.8879,7.0274
5690.0,2.3403,23.1425,0.5714,29.8705,29.8716,7.014
5695.0,2.3418,22.9288,0.5854,32.2415,30.0164,7.0095
5700.0,2.3534,23.985,0.573,31.8948,30.0189,6.9991
5705.0,2.3579,23.3571,0.5838,32.7991,29.9845,6.9955
5710.0,2.3913,24.2635,0.5966,34.0829,30.0978,6.9692
5715.0,2.3998,24.2586,0.5904,33.762,30.291,6.9644
5720.0,2.4112,23.8277,0.6071,33.5371,30.2354,6.9602
5725.0,2.4246,23.926,0.5936,35.1328,29.6313,6.958
5730.0,2.4289,24.471,0.6071,34.9527,29.3686,6.961
5735.0,2.4348,24.3375,0.5889,33.843,30.245,6.9566
5740.0,2.4561,25.4236,0.5919,36.3394,29.674,6.9482
5745.0,2.4685,24.9528,0.5903,35.3001,29.9638,6.9434
5750.0,2.4738,25.2955,0.5911,36.3475,29.7316,6.947
5755.0,2.4991,25.0351,0.6236,36.8156,29.5777,6.9347
5760.0,2.5014,25.2732,0.6119,37.1499,30.1675,6.9385
5765.0,2.5317,26.2787,0.6204,39.192,30.2258,6.9233
5770.0,2.502,25.7402,0.6024,37.5946,29.8957,6.9551
5775.0,2.5178,26.2056,0.606,38.4519,29.3958,6.9508
5780.0,2.5028,25.7308,0.6146,37.9707,29.9106,6.9666
5785.0,2.5101,26.0014,0.6012,36.8907,30.1487,6.9649
5790.0,2.5365,25.7592,0.6244,38.4429,29.6844,6.9503
5795.0,2.5546,27.1795,0.6231,38.1739,30.1033,6.9413
5800.0,2.5687,26.664,0.6269,39.5131,30.0569,6.9376
5805.0,2.6075,27.852,0.6553,42.4369,30.2088,6.9161
5810.0,2.6402,27.6627,0.6173,41.2904,30.0969,6.9012
5815.0,2.6636,28.6919,0.6413,45.1959,29.8268,6.8947
5820.0,2.6747,28.3464,0.637,44.7662,30.3721,6.8998
5825.0,2.6487,28.4207,0.6348,43.588,30.0361,6.9305
5830.0,2.6213,28.1918,0.6371,41.9297,30.0717,6.9603
5835.0,2.6176,27.8834,0.6357,43.2765,29.8479,6.9687
5840.0,2.5987,27.5482,0.6375,42.9356,29.9729,6.987
5845.0,2.5876,27.4869,0.6339,42.4085,29.865,6.9977
5850.0,2.6428,28.9011,0.6284,44.1341,30.0454,6.9566
5855.0,2.6542,28.8413,0.6228,43.7246,30.5188,6.9527
5860.0,2.6796,28.7213,0.6227,45.5926,29.7501,6.9379
5865.0,2.6569,28.5172,0.6514,43.6087,29.6918,6.962
5870.0,2.6635,28.6512,0.649,44.7457,30.465,6.9637
5875.0,2.672,28.6351,0.6408,44.3967,30.0469,6.9609
5880.0,2.7039,29.1899,0.6583,46.6048,29.9338,6.9412
5885.0,2.7135,29.5272,0.6501,47.3379,30.3628,6.9419
5890.0,2.7584,30.1237,0.6664,47.5017,29.9531,6.9136
5895.0,2.789,30.4647,0.6586,49.3118,30.5626,6.9031
5900.0,2.806,31.4744,0.6722,51.4071,30.2771,6.9
5905.0,2.8028,31.0208,0.6801,52.4113,29.9871,6.9125
5910.0,2.8373,31.6517,0.6736,52.7969,30.6497,6.9014
5915.0,2.8579,31.8085,0.6731,53.263,29.9602,6.8922
5920.0,2.8684,31.8795,0.6899,53.5901,30.2983,6.8992
5925.0,2.895,32.8799,0.6856,55.3003,30.1887,6.89
5930.0,2.9096,32.8417,0.7231,56.4915,30.4403,6.8937
5935.0,2.9215,33.1297,0.698,56.6823,30.5062,6.8978
5940.0,2.9377,33.532,0.7351,57.9028,30.1246,6.8937
5945.0,2.9381,34.173,0.714,57.3418,29.929,6.9039
5950.0,2.9371,34.4076,0.725,57.4434,30.233,6.9195
5955.0,2.9335,33.5073,0.7024,57.4151,29.9491,6.9296
5960.0,2.9025,32.8468,0.6976,56.0139,30.6224,6.9691
5965.0,2.9214,32.9696,0.7027,56.9223,30.1536,6.9549
5970.0,2.9086,32.9887,0.7019,57.0458,30.0284,6.9689
5975.0,2.9033,32.4191,0.6902,55.4857,30.1661,6.9786
5980.0,2.8883,32.4876,0.7009,55.1554,29.7833,6.9899
5985.0,2.8945,32.318,0.6741,54.929,29.8773,6.9874
5990.0,2.9096,33.0176,0.7201,56.1284,30.4203,6.9818
5995.0,2.9029,32.3627,0.6962,57.4272,29.9558,6.9849
6000.0,2.8857,31.9003,0.6837,56.1475,29.8581,6.9996
6005.0,2.8833,32.0465,0.6806,54.5821,30.2538,7.0054
6010.0,2.8554,31.8936,0.6819,54.0564,30.4157,7.0281
6015.0,2.8835,32.3128,0.6912,53.2654,30.2986,7.0024
6020.0,2.8741,31.744,0.692,54.587,30.3673,7.0093
6025.0,2.8611,32.1511,0.6881,54.5032,29.9285,7.0151
6030.0,2.8148,31.4247,0.659,49.5632,29.7616,7.0489
6035.0,2.8414,31.6475,0.6913,54.7487,30.4916,7.0282
6040.0,2.8279,31.7203,0.6763,52.0355,30.0348,7.0315
6045.0,2.8321,31.723,0.6745,51.5656,30.0518,7.0246
6050.0,2.8393,31.3112,0.6763,50.9887,30.4456,7.0185
6055.0,2.8305,31.1731,0.7024,53.5581,30.2516,7.0215
6060.0,2.8205,31.3835,0.6704,51.9768,30.2253,7.0266
6065.0,2.8316,31.6893,0.6965,52.7736,30.6514,7.0178
6070.0,2.8392,31.4637,0.7041,52.7722,29.948,7.0046
6075.0,2.8193,31.5883,0.6711,49.1543,30.3394,7.0218
6080.0,2.8044,30.9538,0.6842,52.8364,30.1203,7.0298
6085.0,2.8149,31.519,0.6839,51.5002,30.1716,7.0186
6090.0,2.7876,30.9834,0.6721,50.0944,30.485,7.0388
6095.0,2.8184,31.0135,0.6805,50.0532,30.2282,7.0096
6100.0,2.8167,31.2322,0.6745,51.5686,30.234,7.0088
6105.0,2.7739,30.6429,0.6606,49.9099,30.3657,7.0414
6110.0,2.7518,29.7101,0.6664,49.0944,30.0045,7.0526
6115.0,2.6997,29.6674,0.6627,46.0059,29.8839,7.0865
6120.0,2.6437,28.3272,0.6335,44.1185,29.8305,7.1204
6125.0,2.6399,27.7384,0.6305,43.2714,29.598,7.1093
6130.0,2.6418,27.9832,0.6376,44.0709,30.6014,7.0951
6135.0,2.6107,27.2105,0.6439,41.9174,29.8093,7.1062
6140.0,2.6268,27.9347,0.6286,42.3868,30.0275,7.0811
6145.0,2.6076,27.1506,0.6207,41.8959,30.0112,7.085
6150.0,2.5966,27.7696,0.6146,41.6609,30.1548,7.0832
6155.0,2.5801,26.8696,0.6211,40.9332,30.2793,7.0854
6160.0,2.5814,26.7325,0.626,41.3475,30.2879,7.0739
6165.0,2.6005,27.0886,0.6264,42.27,29.9244,7.0501
6170.0,2.5883,26.8387,0.646,42.5449,30.0256,7.0525
6175.0,2.5674,26.5618,0.6239,40.2063,30.1352,7.062
6180.0,2.5615,27.0601,0.6078,40.3894,29.9996,7.0594
6185.0,2.5257,26.0288,0.6103,38.506,30.4606,7.0784
6190.0,2.5154,25.8739,0.6098,39.335,30.1785,7.078
6195.0,2.5165,25.7595,0.6267,39.0178,30.2364,7.0673
6200.0,2.4559,25.1976,0.6099,35.271,30.2153,7.1055
6205.0,2.4338,24.874,0.6078,35.56,30.3398,7.1102
6210.0,2.4082,23.8265,0.6067,33.9227,30.0884,7.1181
6215.0,2.4195,24.1815,0.5716,33.2445,29.7156,7.097
6220.0,2.4337,24.8003,0.5812,33.8346,30.1364,7.0709
6225.0,2.4679,24.7125,0.5998,35.3153,29.8702,7.0361
6230.0,2.4545,24.9508,0.5884,35.5061,29.8974,7.0409
6235.0,2.4695,25.605,0.6095,37.5357,30.1726,7.0233
6240.0,2.497,25.4412,0.6108,37.2848,30.332,6.9985
6245.0,2.4831,25.3889,0.6287,38.5044,30.024,7.0096
6250.0,2.4782,25.1271,0.5981,35.839,30.0922,7.0122
6255.0,2.478,25.3184,0.6143,37.0694,30.4368,7.0097
6260.0,2.4897,25.4842,0.6052,39.4966,30.0676,7.0009
6265.0,2.505,25.7892,0.6172,37.1747,30.6539,6.9871
6270.0,2.5341,25.9824,0.6411,41.0852,30.1409,6.9679
6275.0,2.5155,25.7546,0.6071,37.6902,29.5554,6.9868
6280.0,2.4959,25.4001,0.6006,38.5278,30.1798,7.002
6285.0,2.4902,25.5302,0.608,36.5933,30.0827,7.0069
6290.0,2.454,24.428,0.6085,36.5223,30.3057,7.033
6295.0,2.4337,23.8954,0.5925,33.8555,30.1473,7.0461
6300.0,2.44,24.4664,0.6129,34.1606,29.9402,7.037
6305.0,2.4568,24.6787,0.5829,34.7122,29.6644,7.0205
6310.0,2.4081,24.2437,0.5891,34.4788,29.9139,7.0543
6315.0,2.4088,23.7241,0.5958,36.1026,29.7491,7.0492
6320.0,2.372,23.391,0.5838,32.9713,29.8121,7.0718
6325.0,2.3731,23.7946,0.6014,32.7108,30.0999,7.0608
6330.0,2.3583,23.2876,0.5849,32.3778,30.3657,7.0627
6335.0,2.3889,23.7983,0.5925,34.312,30.0423,7.0333
6340.0,2.3664,23.7148,0.5961,32.8317,29.64,7.0491
6345.0,2.3423,23.2854,0.5852,29.801,30.0455,7.0597
6350.0,2.3419,22.5266,0.5934,31.4109,30.2288,7.0515
6355.0,2.3496,23.1644,0.5953,32.1433,29.7724,7.0424
6360.0,2.3723,23.4068,0.5937,33.9267,29.8866,7.0181
6365.0,2.3963,24.1928,0.6135,32.6312,29.9189,6.9961
6370.0,2.3491,23.1937,0.5799,30.9998,29.7141,7.0347
6375.0,2.3453,23.0261,0.5842,30.5768,30.0675,7.0319
6380.0,2.332,22.7898,0.5787,32.1128,29.8702,7.0402
6385.0,2.3347,22.6533,0.6106,32.6969,30.0004,7.0323
6390.0,2.3196,22.755,0.5795,30.9315,29.6686,7.0431
6395.0,2.3262,22.6919,0.6015,30.3927,29.776,7.0319
6400.0,2.3267,23.4869,0.5748,31.1787,30.0609,7.0248
6405.0,2.384,24.0989,0.611,33.2805,29.782,6.9784
6410.0,2.4282,24.0564,0.5974,34.8386,30.3017,6.9426
6415.0,2.4305,24.9519,0.6035,35.1203,29.7649,6.9494
6420.0,2.4215,24.9073,0.5895,33.838,29.9157,6.9618
6425.0,2.4136,24.1055,0.6043,34.4525,30.0874,6.9719
6430.0,2.4196,23.9092,0.6167,34.9819,29.4944,6.9743
6435.0,2.4206,24.4742,0.602,33.3741,29.4035,6.9773
6440.0,2.44,25.0032,0.612,35.7858,29.4569,6.9646
6445.0,2.4516,24.7289,0.601,33.9367,30.1486,6.9562
6450.0,2.4902,25.2591,0.6135,37.7083,29.6896,6.9337
6455.0,2.5341,26.4847,0.6192,39.5309,30.4617,6.9061
6460.0,2.5962,27.6597,0.6541,43.1453,29.6756,6.8714
6465.0,2.6165,27.6537,0.631,43.1166,29.8573,6.8704
6470.0,2.6782,28.4456,0.6658,46.1236,30.1912,6.8407
6475.0,2.7026,29.3823,0.6364,45.4951,30.3016,6.8409
6480.0,2.7548,30.1268,0.669,51.0084,30.3099,6.8215
6485.0,2.7849,30.7822,0.6664,50.0971,30.0911,6.8185
6490.0,2.8046,30.6744,0.6734,49.6893,30.0394,6.8247
6495.0,2.7927,30.4419,0.6897,50.9345,29.9259,6.8537
6500.0,2.8098,31.4581,0.66,49.8457,29.9667,6.8592
6505.0,2.8181,31.269,0.6723,51.9492,29.6287,6.8675
6510.0,2.8578,31.7538,0.6834,53.6523,29.5563,6.8521
6515.0,2.867,32.065,0.694,55.3793,29.7543,6.8635
6520.0,2.8759,32.2528,0.6773,54.8374,29.7069,6.8725
6525.0,2.9085,33.4588,0.6915,55.7369,29.6304,6.8616
6530.0,2.9536,33.8994,0.6889,58.4974,29.9121,6.8446
6535.0,2.9454,34.0765,0.7228,58.7636,29.9711,6.8695
6540.0,2.9776,34.0658,0.712,60.0823,29.7486,6.8573
6545.0,2.9917,33.9849,0.7062,60.6572,30.0901,6.8663
6550.0,3.0157,34.9274,0.7228,60.871,29.4295,6.8544
6555.0,3.0371,34.8154,0.7235,62.463,29.6607,6.8562
6560.0,3.0497,35.2982,0.7167,60.826,29.5241,6.8607
6565.0,3.0759,35.8957,0.7506,65.0907,29.2309,6.8502
6570.0,3.0913,35.9322,0.752,65.2543,29.671,6.8609
6575.0,3.0971,36.3621,0.7486,65.1926,29.6554,6.8723
6580.0,3.12,36.8185,0.7629,65.9855,30.0584,6.874
6585.0,3.1281,35.9828,0.7633,67.2055,29.8319,6.878
6590.0,3.1505,36.9883,0.7763,68.4096,29.4123,6.8651
6595.0,3.191,37.697,0.7964,70.8548,30.126,6.8562
6600.0,3.201,37.9593,0.7722,71.6262,29.9619,6.8604
6605.0,3.1927,38.1333,0.7677,70.2339,29.7963,6.8816
6610.0,3.2014,38.1073,0.767,69.6407,29.5883,6.884
6615.0,3.2003,37.7554,0.7855,69.509,29.3992,6.895
6620.0,3.2103,38.176,0.8054,71.4871,29.5402,6.9009
6625.0,3.2289,38.4918,0.7774,72.059,29.8996,6.9021
6630.0,3.2396,38.4557,0.8131,74.3447,30.0927,6.9073
6635.0,3.252,38.9926,0.8052,74.7052,30.0015,6.9042
6640.0,3.2295,38.1082,0.8008,72.5276,29.4876,6.9271
6645.0,3.2307,38.7056,0.7727,72.1549,29.3241,6.9319
6650.0,3.2211,37.5454,0.7816,70.9027,29.6334,6.9563
6655.0,3.2083,37.7399,0.7922,70.1052,29.1502,6.9649
6660.0,3.2338,38.3962,0.7887,72.3071,29.6673,6.9492
6665.0,3.2288,38.3489,0.7843,73.1518,29.5438,6.9513
6670.0,3.2218,38.7838,0.7826,71.1125,29.4584,6.9573
6675.0,3.2235,38.3153,0.7855,72.1243,29.1704,6.9486
6680.0,3.2451,38.7202,0.7974,72.5851,29.6917,6.9363
6685.0,3.2201,38.3837,0.7915,69.7195,29.4243,6.9579
6690.0,3.2141,37.9473,0.7803,70.6873,29.2593,6.9616
6695.0,3.199,37.9127,0.8073,70.7768,28.8279,6.9685
6700.0,3.2162,38.1379,0.7924,72.0156,29.5333,6.9661
6705.0,3.2292,38.6201,0.7907,72.371,29.9776,6.9618
6710.0,3.205,38.1233,0.7731,70.5426,29.9441,6.9878
6715.0,3.1812,37.6593,0.7812,69.4259,29.4088,7.0026
6720.0,3.1671,37.8334,0.7602,68.0184,29.3668,7.0156
6725.0,3.1732,37.868,0.7603,69.4741,29.6289,7.0133
6730.0,3.2035,38.3274,0.7912,69.8644,29.2564,6.9745
6735.0,3.1844,37.5334,0.7624,70.6091,29.5758,7.0016
6740.0,3.1855,37.7232,0.7545,69.3111,29.6863,7.0034
6745.0,3.1556,37.0911,0.7656,68.113,29.7959,7.0336
6750.0,3.1496,36.6522,0.7531,67.1486,29.4585,7.0299
6755.0,3.1448,37.2685,0.7429,66.6852,29.4271,7.0301
6760.0,3.1241,36.7241,0.7574,65.8616,29.253,7.0429
6765.0,3.1033,36.7339,0.7609,66.6048,29.2602,7.0576
6770.0,3.1203,36.3919,0.7497,66.803,29.4048,7.0377
6775.0,3.1187,36.2717,0.7776,66.4711,29.5478,7.0364
6780.0,3.1224,36.2526,0.7373,65.1528,29.6789,7.0308
6785.0,3.1174,36.3474,0.7583,66.1907,29.2443,7.024
6790.0,3.1154,36.5561,0.7428,67.2754,29.8129,7.0324
6795.0,3.0861,35.8685,0.7429,63.3355,29.3665,7.0481
6800.0,3.0639,35.247,0.7255,63.346,29.4236,7.0638
6805.0,3.0644,35.4675,0.758,64.5589,29.2368,7.0531
6810.0,3.0276,34.8695,0.7268,60.5032,28.8123,7.073
6815.0,2.9965,34.4048,0.7078,59.6429,29.6341,7.1035
6820.0,2.9863,34.7133,0.7439,60.8671,29.592,7.1
6825.0,2.9622,34.0435,0.7277,58.7087,29.3323,7.1051
6830.0,2.9296,33.2098,0.6962,57.6891,29.4142,7.121
6835.0,2.9212,32.7827,0.707,56.0177,29.5213,7.1148
6840.0,2.8917,32.4447,0.7019,54.889,28.9965,7.12
6845.0,2.8871,32.4298,0.711,55.4731,29.2498,7.1116
6850.0,2.8837,32.6407,0.6797,54.4377,29.5756,7.1034
6855.0,2.8847,32.4713,0.6844,54.7321,29.0584,7.0847
6860.0,2.8674,31.9172,0.6829,55.0014,29.4404,7.0915
6865.0,2.8567,32.1138,0.7015,52.262,29.0229,7.0858
6870.0,2.8454,31.5262,0.6795,52.1719,29.4737,7.088
6875.0,2.8281,31.5065,0.6694,52.0228,29.3433,7.0903
6880.0,2.8197,31.4542,0.6708,52.2254,28.9436,7.0833
6885.0,2.8079,31.3783,0.6783,51.5669,29.6338,7.0872
6890.0,2.7671,30.6662,0.6584,49.1657,29.1542,7.1066
6895.0,2.7432,29.8926,0.6678,49.8359,29.1305,7.1132
6900.0,2.6914,29.1185,0.6651,46.8088,29.3785,7.1421
6905.0,2.6879,28.373,0.6453,45.5136,29.6109,7.1288
6910.0,2.61,27.9537,0.6387,42.4786,29.0652,7.174
6915.0,2.5946,27.6584,0.6494,42.8468,29.33,7.1661
6920.0,2.5545,26.7151,0.6111,39.6896,29.4172,7.1772
6925.0,2.5397,26.8903,0.614,39.8222,29.4788,7.1671
6930.0,2.5409,25.8131,0.6223,39.1971,29.3452,7.1452
6935.0,2.5522,26.9148,0.6203,38.7389,29.2049,7.1177
6940.0,2.5618,26.6861,0.6423,40.8183,29.0854,7.0947
6945.0,2.5264,25.7564,0.5986,38.597,29.3095,7.1101
6950.0,2.537,25.9017,0.6243,40.2884,29.0156,7.0892
6955.0,2.5259,26.0259,0.6141,39.5755,28.5491,7.0877
6960.0,2.4813,25.1644,0.5986,37.5182,29.3844,7.1102
6965.0,2.4792,25.0878,0.6147,35.6538,29.497,7.0985
6970.0,2.4872,25.3714,0.6146,37.2486,28.6762,7.0828
6975.0,2.4852,25.1583,0.5897,36.953,29.0105,7.0724
6980.0,2.4503,24.8494,0.5892,35.0073,29.4137,7.0894
6985.0,2.4241,24.1807,0.5846,34.3453,29.7693,7.0979
6990.0,2.415,24.3274,0.6095,33.6782,29.2562,7.0965
6995.0,2.4127,24.0817,0.588,33.3335,29.0651,7.0876
7000.0,2.4407,24.6447,0.5979,35.4516,29.1976,7.0531
7005.0,2.4251,24.4159,0.6045,33.2404,29.5832,7.0558
7010.0,2.4291,23.7743,0.585,33.9246,29.0743,7.0488
7015.0,2.4193,23.776,0.5847,33.6868,29.0323,7.0508
7020.0,2.405,23.8202,0.6118,34.5262,29.1078,7.0558
7025.0,2.3962,23.4068,0.587,33.313,28.9865,7.0571
7030.0,2.3715,23.355,0.583,30.7974,29.252,7.0684
7035.0,2.3513,23.36,0.5822,31.5782,29.624,7.0739
7040.0,2.3739,22.8005,0.5944,33.2462,29.2952,7.0492
7045.0,2.3945,23.9966,0.6029,34.1401,29.1479,7.0267
7050.0,2.4122,24.1418,0.5821,34.556,29.1348,7.0087
7055.0,2.4033,24.0268,0.6069,33.9865,28.8136,7.0164
7060.0,2.4122,24.2204,0.6067,34.1966,29.422,7.0035
7065.0,2.432,24.2492,0.6053,35.5976,29.1786,6.9884
7070.0,2.4798,24.9369,0.6045,37.0117,29.1498,6.9518
7075.0,2.4742,24.9795,0.6142,36.0558,29.9901,6.9574
7080.0,2.4979,24.9641,0.603,37.257,29.2635,6.9471
7085.0,2.4928,25.6379,0.6306,36.756,28.9979,6.9581
7090.0,2.4864,25.5023,0.6206,36.8964,29.0763,6.9682
7095.0,2.5179,25.8863,0.6388,38.9825,29.4672,6.9466
7100.0,2.5562,26.7642,0.6345,40.2023,29.2056,6.9234
7105.0,2.6034,27.7197,0.6324,43.6498,28.8149,6.8956
7110.0,2.6347,27.9875,0.6288,43.0519,29.4016,6.8834
7115.0,2.6191,27.2668,0.6268,42.8021,29.0021,6.9084
7120.0,2.6262,27.9187,0.653,44.4001,29.6349,6.915
7125.0,2.6462,27.8556,0.6434,42.6164,29.4341,6.91
7130.0,2.6381,27.6414,0.6322,43.6057,29.0497,6.9263
7135.0,2.685,28.8549,0.6451,45.5292,29.4794,6.9004
7140.0,2.6891,28.735,0.6463,44.8968,29.1738,6.9074
7145.0,2.7011,29.0608,0.6427,45.3525,29.3677,6.91
7150.0,2.7085,28.9488,0.6729,47.4522,29.2734,6.9148
7155.0,2.7416,30.1575,0.6547,47.6401,28.9384,6.8981
7160.0,2.7539,29.5534,0.6564,48.537,28.987,6.9003
7165.0,2.7799,30.6325,0.6687,49.9667,29.4033,6.8941
7170.0,2.7885,30.9317,0.667,49.8554,29.0601,6.8978
7175.0,2.8036,30.8055,0.6793,51.6583,29.0409,6.898
7180.0,2.8599,31.656,0.6979,53.567,28.9011,6.8643
7185.0,2.8948,32.7483,0.6957,56.0779,29.2439,6.8543
7190.0,2.9255,33.5888,0.717,57.5673,29.6518,6.8506
7195.0,2.9155,32.8535,0.7085,56.535,28.8676,6.8682
7200.0,2.9404,33.5435,0.7063,58.2285,29.1388,6.8667
7205.0,2.9587,33.7805,0.7145,57.1804,29.4842,6.8713
7210.0,2.9602,33.3943,0.7095,57.3288,29.1096,6.8811
7215.0,2.9556,33.4964,0.7163,59.4495,29.2411,6.9008
7220.0,2.9452,33.6948,0.7105,58.6336,28.861,6.9175
7225.0,2.9465,33.3912,0.7054,57.2322,29.2322,6.931
7230.0,2.9501,33.8698,0.6875,56.7203,29.077,6.9349
7235.0,2.9582,33.6484,0.7182,58.6408,29.3689,6.9394
7240.0,2.9482,33.5525,0.7242,58.6524,29.4181,6.9556
7245.0,2.9628,33.655,0.6946,58.273,29.7675,6.9533
7250.0,2.9723,34.4674,0.7225,58.9979,29.2639,6.9451
7255.0,2.9549,34.3113,0.7092,57.8009,29.1993,6.9653
7260.0,2.9436,33.9071,0.7096,56.8697,29.1655,6.9792
7265.0,2.9527,33.4507,0.7125,57.4259,29.0276,6.9729
7270.0,2.9489,33.604,0.7079,55.8736,29.1996,6.9811
7275.0,2.9754,34.4056,0.7131,58.2108,29.0403,6.9594
7280.0,2.972,33.7626,0.7189,59.113,29.1555,6.9679
7285.0,2.9671,33.3041,0.7264,60.215,29.4421,6.9796
7290.0,2.9268,33.6087,0.6925,55.3416,28.8603,7.0098
7295.0,2.9166,32.3664,0.7073,56.4788,29.3963,7.0237
7300.0,2.8938,32.4674,0.7227,56.729,29.4401,7.0405
7305.0,2.865,32.3728,0.7061,54.0932,29.0808,7.0566
7310.0,2.8644,31.8017,0.6973,55.306,28.5794,7.0463
7315.0,2.8662,32.3185,0.6922,52.0949,28.9575,7.0421
7320.0,2.8607,31.7986,0.6814,50.97,29.4334,7.0454
7325.0,2.8588,31.8864,0.7039,53.5358,29.1031,7.0388
7330.0,2.8533,32.5833,0.7073,54.08,28.8588,7.0363
7335.0,2.8272,31.2205,0.704,53.2263,28.9822,7.0544
7340.0,2.8208,31.0743,0.6773,52.2072,29.3184,7.0559
7345.0,2.8351,31.2549,0.6724,51.3635,29.2449,7.037
7350.0,2.8325,31.4717,0.7047,53.2647,29.0485,7.0325
7355.0,2.8188,30.9838,0.682,50.3111,29.0165,7.0394
7360.0,2.7983,30.7456,0.6928,52.2348,29.0104,7.0515
7365.0,2.8114,31.3655,0.6821,51.7311,28.8779,7.0339
7370.0,2.7918,30.6349,0.7008,51.3737,29.5125,7.0492
7375.0,2.7742,30.3552,0.6629,48.7454,29.0284,7.055
7380.0,2.7828,30.1794,0.666,50.1844,29.4135,7.0438
7385.0,2.8002,31.1322,0.687,51.4344,29.4899,7.0247
7390.0,2.7509,30.7111,0.6596,48.3094,29.3596,7.0595
7395.0,2.7428,29.3693,0.6644,48.8266,29.0026,7.0582
7400.0,2.7308,29.4708,0.6448,46.3842,29.2119,7.0616
7405.0,2.7247,29.4981,0.6585,48.4104,29.1055,7.0585
7410.0,2.7013,28.7433,0.6694,47.8279,28.8863,7.0693
7415.0,2.6833,28.8971,0.6341,45.0302,29.1939,7.0765
7420.0,2.684,29.0574,0.6542,46.8743,28.8188,7.0658
7425.0,2.6768,28.7955,0.6655,45.1209,29.4113,7.0645
7430.0,2.6592,28.7707,0.663,46.6114,28.999,7.0697
7435.0,2.6486,27.8678,0.6467,44.3026,29.1663,7.07
7440.0,2.667,28.3237,0.6476,45.185,29.1877,7.0469
7445.0,2.6538,28.7488,0.6523,44.6553,29.0532,7.0506
7450.0,2.6485,28.2228,0.6377,44.6563,29.2656,7.0491
7455.0,2.6374,28.2631,0.6396,44.4706,29.0012,7.0515
7460.0,2.6211,28.3306,0.6263,43.0778,29.3389,7.0585
7465.0,2.6209,28.248,0.6417,42.136,28.7857,7.0514
7470.0,2.5927,26.9676,0.6379,40.5758,29.155,7.0674
7475.0,2.5893,27.2788,0.6422,42.0317,29.6094,7.0621
7480.0,2.5708,26.9859,0.6286,40.5927,28.8759,7.0695
7485.0,2.5525,26.5314,0.6168,39.8152,28.9578,7.0759
7490.0,2.5195,26.273,0.6153,37.4783,29.2571,7.0925
7495.0,2.4835,25.1262,0.6092,36.9629,29.175,7.1107
7500.0,2.5042,25.7575,0.6044,37.4132,29.2192,7.0808
7505.0,2.5106,25.6367,0.6323,38.6218,29.2553,7.0647
7510.0,2.505,25.3831,0.6034,36.0366,29.2933,7.0606
7515.0,2.5493,26.3074,0.613,39.3216,29.4136,7.018
7520.0,2.5536,26.4209,0.6008,41.1085,29.2403,7.0114
7525.0,2.5826,26.9581,0.615,41.5362,29.0792,6.9872
7530.0,2.5775,26.8969,0.6328,41.2542,29.3094,6.9919
7535.0,2.5862,27.3504,0.6179,39.8527,29.618,6.9861
7540.0,2.6116,27.6955,0.6307,41.6195,29.1116,6.968
7545.0,2.6397,28.6049,0.6508,45.2824,28.903,6.9492
7550.0,2.6433,28.2088,0.6197,44.5969,29.4253,6.9525
7555.0,2.6709,28.5273,0.6497,45.3053,29.1203,6.9365
7560.0,2.7143,28.8397,0.6547,46.729,28.6092,6.9081
7565.0,2.7495,29.8474,0.6542,48.8717,29.3662,6.8938
7570.0,2.7891,30.6415,0.6736,51.0499,29.0225,6.8734
7575.0,2.8281,31.4669,0.6787,52.0809,29.1358,6.8577
7580.0,2.8318,31.5592,0.6927,53.6548,29.2435,6.8719
7585.0,2.8551,32.0839,0.6811,53.1613,29.2103,6.8689
7590.0,2.8776,32.3585,0.6846,53.0495,29.3422,6.8675
7595.0,2.9051,32.4631,0.6927,55.4221,29.0581,6.8585
7600.0,2.9337,33.0109,0.7051,57.93,29.2975,6.8541
7605.0,2.9458,33.2082,0.7154,58.5254,29.1066,6.8592
7610.0,2.9437,33.3252,0.7071,57.1723,29.3585,6.8804
7615.0,2.9551,33.6038,0.7008,58.7734,29.33,6.8856
7620.0,2.9439,33.4079,0.7128,56.8007,28.9446,6.9043
7625.0,2.9774,34.1807,0.6894,58.6919,29.4524,6.8943
7630.0,2.9567,33.3393,0.7376,59.4025,29.0493,6.919
7635.0,2.9687,33.4421,0.7067,58.8874,29.3877,6.9234
7640.0,2.9628,33.8223,0.7309,59.9023,29.28,6.9363
7645.0,2.9674,33.7064,0.7174,59.0219,29.6502,6.9448
7650.0,2.959,33.5689,0.7094,58.1779,29.1373,6.9527
7655.0,2.9556,33.1775,0.7177,58.8101,29.1084,6.9612
7660.0,2.9485,33.7387,0.7132,57.9841,29.1935,6.973
7665.0,2.9229,32.4439,0.7168,57.1916,29.1251,6.9973
7670.0,2.922,33.5009,0.6962,56.9688,29.4035,7.0021
7675.0,2.9295,32.9218,0.7008,56.3965,28.8021,6.9893
7680.0,2.9272,33.2442,0.7096,57.2548,28.9454,6.9937
7685.0,2.9385,32.9667,0.6956,58.0628,28.9446,6.985
7690.0,2.9551,33.4569,0.7039,59.5244,29.4518,6.9784
7695.0,2.948,33.4869,0.7091,58.1102,29.6446,6.9888
7700.0,2.9197,32.3919,0.7024,56.8124,29.1936,7.0092
7705.0,2.9054,32.7705,0.7017,55.7651,29.1803,7.0204
7710.0,2.9062,32.5268,0.6944,56.2933,29.2428,7.0182
7715.0,2.9106,32.7088,0.6979,57.0029,29.5185,7.015
7720.0,2.9099,32.9205,0.6933,56.1531,28.999,7.0085
7725.0,2.8957,32.64,0.6945,54.3704,29.2933,7.022
7730.0,2.905,32.6762,0.6886,54.897,29.4803,7.0139
7735.0,2.9013,32.4288,0.7089,57.5621,29.3647,7.0139
7740.0,2.838,31.8481,0.6899,52.6968,29.2897,7.0633
7745.0,2.8582,31.8145,0.7118,53.7641,29.4954,7.0423
7750.0,2.8194,31.0991,0.6697,49.9541,28.5722,7.0612
7755.0,2.8277,31.4597,0.7073,52.0364,29.4204,7.0537
7760.0,2.8306,31.1737,0.7081,53.5466,29.0904,7.0422
7765.0,2.8202,30.8055,0.6991,52.8668,28.7991,7.043
7770.0,2.7986,31.1164,0.6673,50.5652,29.3875,7.0593
7775.0,2.7599,30.1773,0.6647,47.8845,29.6061,7.0847
7780.0,2.7599,30.4454,0.6647,49.572,29.2313,7.0732
7785.0,2.7752,30.8088,0.6849,51.1953,29.5068,7.0531
7790.0,2.7674,30.175,0.6801,50.023,29.6746,7.053
7795.0,2.7544,29.7617,0.6505,48.8755,29.6032,7.0564
7800.0,2.7892,31.1268,0.6732,49.4864,29.6875,7.0227
7805.0,2.7517,30.0837,0.6542,47.6686,29.466,7.0473
7810.0,2.7375,30.2408,0.6742,48.0914,29.3023,7.0528
7815.0,2.7117,29.3712,0.6625,47.6311,28.8859,7.0655
7820.0,2.7042,29.7623,0.6567,46.7482,29.2279,7.0651
7825.0,2.69,28.9371,0.6589,46.1626,29.0815,7.0679
7830.0,2.6993,29.1509,0.6502,47.3273,29.838,7.0546
7835.0,2.647,27.6442,0.6533,43.7512,29.2543,7.0872
7840.0,2.6658,28.554,0.6404,45.0645,29.3321,7.0627
7845.0,2.6397,27.6226,0.6201,43.464,29.4421,7.075
7850.0,2.6332,28.0896,0.6323,43.2399,29.3181,7.0712
7855.0,2.5659,26.7751,0.626,41.1796,29.7339,7.115
7860.0,2.5787,26.565,0.6148,39.7886,29.1574,7.0927
7865.0,2.5798,26.979,0.6337,40.7842,29.3647,7.0796
7870.0,2.5709,26.7703,0.6408,42.2614,29.1333,7.0766
7875.0,2.5566,26.5256,0.6294,39.9548,28.9919,7.0788
7880.0,2.5236,26.2418,0.6073,37.1661,29.1718,7.0952
7885.0,2.5407,26.0496,0.6157,39.1041,29.3184,7.07
7890.0,2.5063,25.9087,0.615,37.9568,29.2232,7.0882
7895.0,2.4998,25.0155,0.617,37.7305,29.1603,7.0833
7900.0,2.4944,25.4606,0.6008,37.4255,28.9847,7.0779
7905.0,2.4879,25.3066,0.6248,38.2503,29.3184,7.0721
7910.0,2.4769,25.5628,0.6068,35.6094,28.9658,7.0733
7915.0,2.4576,24.9728,0.6065,35.1036,29.5348,7.0772
7920.0,2.4966,25.8841,0.6183,38.1952,29.3682,7.0377
7925.0,2.5127,26.2028,0.6164,37.023,28.986,7.0204
7930.0,2.5266,25.8019,0.6391,39.2842,29.2759,7.0056
7935.0,2.5489,26.6248,0.6183,40.0551,29.1679,6.9872
7940.0,2.5566,26.9504,0.6191,38.6926,29.4384,6.9818
7945.0,2.5838,27.3142,0.6168,40.991,29.6965,6.9627
7950.0,2.6351,28.6122,0.6291,43.9295,28.8952,6.927
7955.0,2.6754,28.0888,0.6496,45.6913,29.3954,6.9043
7960.0,2.697,29.4589,0.632,45.517,29.3293,6.8982
7965.0,2.6895,29.4566,0.629,45.4995,29.5398,6.9164
7970.0,2.6887,29.0724,0.6583,45.4764,29.4278,6.9273
7975.0,2.7123,29.1376,0.6366,46.5564,29.1891,6.9174
7980.0,2.7392,29.7214,0.6536,47.156,29.2998,6.9065
7985.0,2.7603,30.036,0.6633,50.4474,29.1831,6.9004
7990.0,2.8017,31.4999,0.6733,50.5141,29.6536,6.8826
7995.0,2.812,31.5174,0.6746,51.1585,29.3924,6.8864
8000.0,2.8029,30.9399,0.6872,51.4989,29.8647,6.91
8005.0,2.7753,30.793,0.6635,49.6465,29.3767,6.94
8010.0,2.7638,30.5596,0.6456,49.2024,29.2171,6.9563
8015.0,2.7714,30.3354,0.6578,49.2407,29.0181,6.9549
8020.0,2.7836,30.7993,0.6597,49.3792,28.948,6.9502
8025.0,2.7789,30.4983,0.6531,48.9282,29.005,6.9601
8030.0,2.7955,30.4824,0.6804,49.7247,29.47,6.9548
8035.0,2.7912,31.2259,0.6692,49.8956,29.5326,6.9638
8040.0,2.8028,30.9809,0.6684,51.2825,29.0122,6.9561
8045.0,2.8526,31.7135,0.6732,51.9415,29.6334,6.926
8050.0,2.8764,32.4194,0.6743,54.3829,29.2909,6.9122
8055.0,2.8682,32.7147,0.6977,54.1232,29.4504,6.9301
8060.0,2.8876,32.1977,0.7044,55.1595,29.8187,6.9268
8065.0,2.8677,31.9724,0.6764,53.7688,29.6418,6.9497
8070.0,2.878,32.4547,0.6967,54.9696,29.3524,6.9457
8075.0,2.8803,32.5289,0.6975,56.3534,29.1985,6.9489
8080.0,2.8697,31.8949,0.7018,54.7812,28.8852,6.961
8085.0,2.8669,32.5159,0.718,54.0663,29.2451,6.9714
8090.0,2.8678,32.2193,0.6926,54.1338,29.3738,6.9756
8095.0,2.8717,32.1141,0.7057,55.4078,29.1815,6.9739
8100.0,2.8971,32.6322,0.7118,55.7837,29.3971,6.9583
8105.0,2.8965,32.385,0.6983,55.9069,29.4507,6.9638
8110.0,2.8977,32.6117,0.6935,55.3817,29.3768,6.9666
8115.0,2.8929,32.4731,0.6802,55.9062,29.2719,6.9737
8120.0,2.8936,32.5814,0.7012,55.5015,29.478,6.9784
8125.0,2.9364,33.6876,0.7054,56.6604,29.5477,6.947
8130.0,2.9449,33.2884,0.7074,57.1848,29.1659,6.9412
8135.0,2.9856,34.5269,0.7218,60.6745,29.7925,6.9217
8140.0,2.9895,34.1039,0.6991,59.1032,29.4163,6.9225
8145.0,3.0307,35.355,0.749,62.3259,29.4468,6.8974
8150.0,3.0397,34.8348,0.7344,61.8176,29.6202,6.9035
8155.0,3.0687,35.9145,0.7386,64.3776,29.5025,6.8885
8160.0,3.0843,35.6544,0.7683,65.5829,29.6835,6.8904
8165.0,3.0754,35.5172,0.7448,64.2353,29.5179,6.9087
8170.0,3.1024,36.3666,0.7729,65.3202,29.2938,6.8926
8175.0,3.1224,36.5569,0.7551,66.4154,29.5381,6.8909
8180.0,3.1096,36.4111,0.7515,65.9473,29.1625,6.9091
8185.0,3.0982,36.3024,0.7575,64.9164,29.4763,6.936
8190.0,3.0882,35.9908,0.7567,64.5612,29.4414,6.9529
8195.0,3.0982,36.5488,0.7396,65.3047,29.3982,6.9494
8200.0,3.1338,36.6468,0.7474,67.8713,29.4186,6.9233
8205.0,3.1181,36.437,0.7372,66.749,28.9807,6.9383
8210.0,3.1182,36.1873,0.7758,66.4134,29.3143,6.952
8215.0,3.1089,36.1803,0.7794,67.9361,29.475,6.9693
8220.0,3.0941,35.5554,0.7634,66.4461,29.492,6.9873
8225.0,3.0897,36.1196,0.7453,63.5679,29.1952,6.9885
8230.0,3.1108,36.105,0.7448,65.8218,29.7686,6.9802
8235.0,3.0957,35.429,0.7479,64.8914,29.2357,6.9873
8240.0,3.0968,36.4271,0.7517,65.5081,29.6945,6.9955
8245.0,3.0866,36.3067,0.7316,64.2024,29.5588,7.0033
8250.0,3.1111,36.5605,0.7469,66.6854,29.2902,6.9765
8255.0,3.1149,36.4954,0.7644,66.6825,29.8953,6.9852
8260.0,3.0896,35.8718,0.7328,64.0426,29.1527,6.9979
8265.0,3.1382,36.5992,0.7593,68.1111,29.6805,6.9631
8270.0,3.1432,36.8495,0.7623,68.7421,29.7004,6.9621
8275.0,3.127,36.6628,0.7732,67.5889,29.282,6.9743
8280.0,3.1205,36.5526,0.7582,66.7418,29.7971,6.9926
8285.0,3.0941,35.9659,0.7382,64.2291,29.3857,7.0112
8290.0,3.0963,36.3246,0.7641,64.8878,29.5196,7.0107
8295.0,3.0867,36.2295,0.7585,64.1616,29.5116,7.0179
8300.0,3.058,35.9957,0.741,64.4875,29.412,7.0402
8305.0,3.0353,35.005,0.7233,61.2677,29.6472,7.0595
8310.0,3.0256,34.8303,0.7414,62.1767,29.6417,7.0611
8315.0,3.0185,34.8074,0.7185,61.1593,29.005,7.0511
8320.0,3.0209,35.0438,0.7228,61.177,29.7669,7.053
8325.0,2.9779,34.8497,0.6951,59.4408,29.0239,7.0741
8330.0,2.9567,34.0187,0.7166,58.2036,29.6962,7.0919
8335.0,2.9528,33.547,0.7091,57.9208,29.7182,7.0847
8340.0,2.9479,33.5756,0.7277,57.4977,29.1621,7.0719
8345.0,2.9248,33.1709,0.7183,55.9454,29.3304,7.0841
8350.0,2.9295,33.6721,0.7201,57.3713,29.1549,7.0683
8355.0,2.89,32.6277,0.6718,54.889,29.3757,7.0948
8360.0,2.8756,32.3429,0.6886,54.3164,29.3505,7.0957
8365.0,2.8778,32.2686,0.6807,53.7413,29.6203,7.0845
8370.0,2.8569,32.0274,0.6908,53.545,29.7509,7.0918
8375.0,2.8233,30.7475,0.6879,52.397,29.77,7.108
8380.0,2.7752,30.7709,0.6666,50.7182,29.2782,7.1309
8385.0,2.7649,30.1125,0.6641,50.1582,29.364,7.1243
8390.0,2.753,30.021,0.6768,49.1576,28.9929,7.1163
8395.0,2.712,29.0061,0.6486,45.6409,29.2097,7.1359
8400.0,2.6897,28.8769,0.6608,47.2019,29.6497,7.1389
8405.0,2.6668,28.5933,0.659,45.2364,29.8096,7.1401
8410.0,2.634,27.9749,0.6408,42.1832,29.0943,7.1478
8415.0,2.6189,27.5668,0.6498,44.984,29.2518,7.1419
8420.0,2.6045,27.667,0.6494,42.8844,29.3903,7.1356
8425.0,2.5642,26.8791,0.6068,40.3007,29.4637,7.1505
8430.0,2.5581,27.0893,0.6325,40.8346,29.1881,7.1376
8435.0,2.5479,26.8186,0.6228,40.3894,29.4931,7.1277
8440.0,2.53,26.0738,0.6178,39.2626,29.2652,7.1263
8445.0,2.5344,26.3733,0.6348,40.5198,29.3765,7.1068
8450.0,2.5032,25.555,0.6217,37.7935,29.5131,7.1174
8455.0,2.491,24.9692,0.6029,37.3848,29.3744,7.1133
8460.0,2.4598,25.3813,0.6171,36.8637,29.2599,7.1247
8465.0,2.4373,24.5604,0.608,34.9082,29.3377,7.1275
8470.0,2.4265,24.2269,0.6197,33.4803,29.339,7.1205
8475.0,2.4193,24.5761,0.5884,33.187,29.2644,7.1117
8480.0,2.3799,23.4001,0.5959,32.7227,29.288,7.1296
8485.0,2.3471,23.4026,0.597,32.1562,29.7481,7.1374
8490.0,2.3548,23.3971,0.5892,31.6436,29.4842,7.1164
8495.0,2.3721,23.7114,0.5882,33.7971,29.2656,7.0889
8500.0,2.3823,23.4718,0.5805,32.8888,29.5091,7.067
8505.0,2.3679,23.5691,0.596,33.2223,29.2467,7.0717
8510.0,2.3479,23.4326,0.5829,31.5231,29.6186,7.0764
8515.0,2.3396,22.7806,0.566,31.3046,29.4128,7.0757
8520.0,2.33,23.0504,0.5856,30.9104,29.2886,7.0753
8525.0,2.3671,23.1455,0.5868,31.9024,29.4222,7.0346
8530.0,2.3943,23.782,0.5775,31.6456,28.9123,7.0108
8535.0,2.4293,24.434,0.5854,33.9627,29.0181,6.9798
8540.0,2.4708,24.9706,0.6202,36.7063,28.9958,6.9485
8545.0,2.4773,25.0747,0.6014,36.2037,29.3245,6.9473
8550.0,2.5002,25.9037,0.5928,36.7916,29.7163,6.9345
8555.0,2.5045,26.5042,0.6113,37.6326,29.8352,6.9383
8560.0,2.5375,26.2434,0.6289,40.1173,29.4311,6.9217
8565.0,2.5816,27.0858,0.6234,41.9222,29.3908,6.897
8570.0,2.6013,27.8099,0.6334,42.7139,28.8093,6.8936
8575.0,2.5853,27.5659,0.6352,41.3054,29.1177,6.9184
8580.0,2.5886,27.4272,0.6084,41.2423,29.0502,6.9264
8585.0,2.6243,27.5636,0.6335,43.2796,29.0856,6.9078
8590.0,2.6242,27.4236,0.6385,42.8017,29.1923,6.9183
8595.0,2.6409,28.1796,0.6253,44.8403,29.1097,6.9155
8600.0,2.6003,27.6919,0.6369,41.4999,28.7262,6.957
8605.0,2.627,28.2189,0.6425,43.7015,29.4012,6.9428
8610.0,2.6246,26.9862,0.6408,42.8797,28.9392,6.9508
8615.0,2.6062,27.3379,0.626,41.175,29.2602,6.9714
8620.0,2.6416,27.853,0.6419,44.8624,29.7118,6.9486
8625.0,2.6409,27.954,0.634,44.8013,28.9562,6.9537
8630.0,2.6212,27.6786,0.6343,42.0309,28.5461,6.9747
8635.0,2.628,27.0126,0.6317,43.8413,29.0998,6.9733
8640.0,2.6449,28.551,0.6355,44.2524,29.439,6.9637
8645.0,2.6728,28.9096,0.6366,43.4015,29.6457,6.9468
8650.0,2.6933,28.9554,0.6402,45.3171,28.8409,6.9348
8655.0,2.7434,29.9493,0.664,50.3392,29.2646,6.9047
8660.0,2.7491,29.9133,0.6551,48.1089,29.0162,6.9095
8665.0,2.7697,30.3133,0.6469,49.207,29.0979,6.9047
8670.0,2.8128,31.103,0.6816,52.452,29.7773,6.8865
8675.0,2.8497,32.1687,0.6896,53.4702,28.7322,6.8628
8680.0,2.8716,31.914,0.6855,53.5162,29.163,6.8643
8685.0,2.9103,32.7921,0.7132,56.9387,29.2079,6.8497
8690.0,2.9037,32.7343,0.7128,56.584,29.3539,6.8737
8695.0,2.916,33.0401,0.7139,57.0192,29.0982,6.8769
8700.0,2.9377,33.2208,0.7207,58.2716,29.1419,6.8743
8705.0,2.9175,33.5258,0.6903,56.7466,28.958,6.9037
8710.0,2.918,33.68,0.7087,56.5765,29.1141,6.9173
8715.0,2.8994,32.7338,0.6922,56.8528,28.9519,6.9413
8720.0,2.8942,32.4513,0.6924,55.1441,29.1838,6.9555
8725.0,2.871,32.1627,0.679,55.9388,28.9267,6.978
8730.0,2.8761,32.1659,0.6957,53.4625,29.1039,6.9787
8735.0,2.8804,32.2796,0.689,55.7487,28.9927,6.9768
8740.0,2.8596,31.8079,0.6809,53.8947,29.2718,6.999
8745.0,2.8663,32.2648,0.696,53.6769,28.9677,6.9917
8750.0,2.8597,31.7653,0.6847,53.5694,28.5274,6.9941
8755.0,2.8413,31.5197,0.6688,51.9684,29.2761,7.0162
8760.0,2.8237,31.9378,0.6877,53.0131,28.724,7.0252
8765.0,2.8246,31.1111,0.6799,51.8684,28.7768,7.022
8770.0,2.8417,31.6394,0.6657,52.289,28.781,7.0052
8775.0,2.8556,31.9121,0.7064,53.9387,29.2631,6.9966
8780.0,2.8649,32.1293,0.6954,54.7096,28.375,6.9814
8785.0,2.8675,32.1432,0.6829,54.8958,29.6827,6.9924
8790.0,2.8316,30.737,0.6816,52.4663,29.1515,7.0184
8795.0,2.7925,30.9397,0.6504,49.5602,28.9324,7.0472
8800.0,2.7647,31.0239,0.6693,49.3674,28.8519,7.0646
8805.0,2.7746,29.8831,0.6716,50.355,28.926,7.0495
8810.0,2.7986,30.78,0.6814,52.1111,28.9737,7.0238
8815.0,2.7788,29.9593,0.6722,50.0715,28.9934,7.0363
8820.0,2.7856,30.7245,0.6544,50.4318,28.9596,7.0265
8825.0,2.7828,30.6824,0.6536,49.1323,28.8316,7.0245
8830.0,2.7445,30.0248,0.645,47.713,28.7483,7.0521
8835.0,2.768,30.4325,0.6475,48.8496,28.7481,7.0275
8840.0,2.7695,30.9008,0.6959,50.6684,28.7254,7.0221
8845.0,2.767,30.0198,0.6921,50.291,29.0456,7.023
8850.0,2.7461,29.7842,0.669,48.3244,28.8986,7.0363
8855.0,2.72,29.3561,0.6583,47.228,28.003,7.0498
8860.0,2.7067,29.1909,0.6572,46.6696,28.8898,7.0583
8865.0,2.7086,29.5817,0.6485,46.7277,28.7622,7.0495
8870.0,2.7042,29.2144,0.6381,47.1483,28.6964,7.0465
8875.0,2.6996,28.79,0.6578,45.7904,28.5914,7.0441
8880.0,2.6992,29.2168,0.6453,46.1814,28.957,7.0402
8885.0,2.6574,28.1445,0.6459,44.2864,28.9001,7.0685
8890.0,2.6414,28.3656,0.6558,43.7001,28.4572,7.0733
8895.0,2.6224,27.7725,0.6378,43.2698,28.7392,7.0802
8900.0,2.6116,27.6106,0.6707,42.91,28.3815,7.0791
8905.0,2.5798,27.0605,0.6317,40.7775,28.2664,7.0956
8910.0,2.5279,26.2149,0.6242,39.7624,28.4414,7.1271
8915.0,2.4858,25.9101,0.6001,37.5108,28.8003,7.1459
8920.0,2.4721,25.2737,0.5967,34.9501,28.8096,7.1397
8925.0,2.4253,24.1095,0.5964,34.5755,28.6861,7.1617
8930.0,2.4169,23.9951,0.5848,33.3552,28.7255,7.149
8935.0,2.4085,24.0984,0.5972,31.6098,28.6595,7.1375
8940.0,2.382,23.3471,0.5967,33.6974,28.3563,7.1448
8945.0,2.402,23.9838,0.5939,33.6798,28.6107,7.1081
8950.0,2.3511,23.2134,0.6076,32.2396,28.6889,7.136
8955.0,2.3391,22.6947,0.5939,32.5773,28.6632,7.1305
8960.0,2.3145,22.7241,0.587,29.1246,28.7577,7.1343
8965.0,2.2932,21.9304,0.5832,28.3262,28.6233,7.1376
8970.0,2.3016,22.3321,0.5683,30.1328,28.5197,7.1145
8975.0,2.2825,21.7777,0.5843,30.5297,28.6849,7.1143
8980.0,2.3,22.7314,0.5824,29.304,28.3962,7.0881
8985.0,2.2909,22.0857,0.5741,29.6062,28.1677,7.087
8990.0,2.2782,21.5014,0.596,29.64,28.3326,7.0855
8995.0,2.288,21.8933,0.5513,28.6695,28.1723,7.0682
9000.0,2.2893,21.8316,0.5715,29.4646,28.1749,7.0581
9005.0,2.278,21.4128,0.5746,29.9212,28.2925,7.0592
9010.0,2.3024,21.939,0.5911,30.2617,28.1154,7.0326
9015.0,2.2841,21.2696,0.5671,29.3559,28.2214,7.0427
9020.0,2.2891,22.5302,0.5596,28.5872,27.8097,7.0381
9025.0,2.2905,21.9343,0.5472,28.2922,28.321,7.0262
9030.0,2.2974,22.0872,0.5888,29.3591,28.2526,7.0175
9035.0,2.3177,22.1769,0.5817,30.546,28.0325,6.9999
9040.0,2.314,22.5546,0.5741,31.789,28.3859,6.9989
9045.0,2.342,22.533,0.6027,32.1995,28.4398,6.9748
9050.0,2.3296,23.0393,0.5793,30.8806,27.7877,6.994
9055.0,2.3073,22.3586,0.5756,31.4221,27.9831,7.0126
9060.0,2.2749,21.5332,0.5621,28.3267,27.9655,7.0404
9065.0,2.3083,22.1802,0.541,30.1809,27.9068,7.0076
9070.0,2.311,21.8308,0.5746,30.0297,28.333,6.9988
9075.0,2.3087,22.492,0.5756,29.4835,28.061,7.0035
9080.0,2.3193,22.773,0.5653,29.6838,28.0271,6.9944
9085.0,2.3646,22.5221,0.588,32.1083,27.5759,6.9601
9090.0,2.4025,24.2442,0.5814,33.9158,28.2193,6.9268
9095.0,2.4391,24.2712,0.5991,34.7137,27.7341,6.9074
9100.0,2.4367,24.8956,0.5829,36.0743,28.0423,6.918
9105.0,2.4648,25.0398,0.6225,37.2772,28.08,6.9049
9110.0,2.4799,25.2826,0.621,37.2023,28.3341,6.9024
9115.0,2.4955,25.4562,0.6063,36.3177,27.6499,6.904
9120.0,2.575,27.0809,0.6166,40.7518,27.2054,6.851
9125.0,2.6373,28.6287,0.6231,44.1401,27.9893,6.8164
9130.0,2.6833,28.5189,0.6425,45.8955,28.3764,6.8012
9135.0,2.6928,29.1559,0.6272,46.7809,28.2189,6.8161
9140.0,2.7401,29.8411,0.656,48.4579,27.9445,6.7993
9145.0,2.7461,29.969,0.6778,47.7979,27.7519,6.8163
9150.0,2.7641,30.2982,0.6769,48.9532,28.0593,6.8255
9155.0,2.7404,30.1614,0.6669,48.5456,27.5968,6.8631
9160.0,2.7793,30.4022,0.6908,50.5704,27.9418,6.8504
9165.0,2.7937,30.7158,0.6746,51.4736,27.9316,6.8558
9170.0,2.7992,30.5582,0.6756,50.971,28.0527,6.8692
9175.0,2.859,32.3614,0.6838,54.4429,28.4599,6.8394
9180.0,2.8911,32.8173,0.6796,54.6131,27.8504,6.8251
9185.0,2.9512,33.7665,0.7119,58.4789,27.6073,6.791
9190.0,3.0179,35.0489,0.7282,61.6383,27.7103,6.7572
9195.0,3.0271,34.7853,0.7249,62.1095,27.2566,6.7688
9200.0,3.0677,35.2352,0.7579,64.9228,27.5072,6.7629
9205.0,3.0965,36.9267,0.7553,64.6973,27.5606,6.7643
9210.0,3.1353,36.4289,0.7436,66.3661,27.5138,6.7537
9215.0,3.1885,37.4858,0.7802,71.0802,27.6648,6.7326
9220.0,3.2072,37.9344,0.802,71.4869,27.403,6.7378
9225.0,3.2111,37.7636,0.8009,70.9349,27.8706,6.775
9230.0,3.2102,38.1503,0.7866,71.9348,27.5721,6.7963
9235.0,3.2013,38.4611,0.7712,72.2279,27.5514,6.8294
9240.0,3.2128,39.0702,0.7854,71.0106,27.4534,6.8362
9245.0,3.2319,38.6575,0.7904,73.0096,27.5557,6.8378
9250.0,3.2524,38.8215,0.7863,73.4049,27.7047,6.8385
9255.0,3.2811,39.4905,0.7868,73.2357,27.2631,6.814
9260.0,3.284,39.3307,0.8054,74.5132,27.2967,6.8178
9265.0,3.3062,40.1157,0.8079,76.0118,27.3667,6.7914
9270.0,3.3091,40.1348,0.808,76.5697,27.0875,6.7775
9275.0,3.3079,39.5456,0.8246,76.7554,27.2004,6.7822
9280.0,3.3092,39.8964,0.8026,75.8571,27.2674,6.783
9285.0,3.3124,40.2031,0.8186,78.2497,27.5862,6.7891
9290.0,3.3226,40.3823,0.8144,77.4649,27.4144,6.7703
9295.0,3.3066,39.5973,0.8373,75.8576,27.3782,6.7895
9300.0,3.2893,39.5037,0.804,75.2158,27.5236,6.8173
9305.0,3.2806,39.6263,0.8136,75.2809,27.2576,6.8211
9310.0,3.256,38.988,0.8071,75.1795,27.3705,6.8559
9315.0,3.2248,37.9079,0.8045,72.1232,27.228,6.8918
9320.0,3.1958,37.7325,0.7888,70.94,27.3011,6.9306
9325.0,3.1876,37.323,0.7737,70.7475,27.0699,6.9355
9330.0,3.1757,37.3186,0.7608,68.892,26.5867,6.9369
9335.0,3.1768,37.2239,0.7713,69.0043,27.1436,6.9508
9340.0,3.2269,38.328,0.8014,72.2609,27.5136,6.9007
9345.0,3.2514,38.4527,0.7841,72.5952,27.3702,6.8646
9350.0,3.2469,38.758,0.7815,73.2411,27.3607,6.8686
9355.0,3.2424,39.0188,0.7768,71.6902,27.4091,6.8758
9360.0,3.2267,38.0778,0.7902,71.4384,27.1028,6.8865
9365.0,3.2495,39.2573,0.7703,72.2327,27.1106,6.8587
9370.0,3.2456,38.7358,0.7963,71.9741,26.8874,6.8558
9375.0,3.2449,38.9374,0.8142,73.3695,26.9434,6.8583
9380.0,3.284,39.3869,0.8134,74.841,27.1569,6.815
9385.0,3.2904,39.6585,0.8182,75.7306,27.2844,6.8092
9390.0,3.27,38.8628,0.808,74.5508,26.929,6.8241
9395.0,3.2866,39.7814,0.8106,74.996,26.8318,6.7999
9400.0,3.309,39.76,0.8099,76.0172,26.9249,6.7725
9405.0,3.326,40.1491,0.832,77.9655,27.0555,6.7531
9410.0,3.3321,40.2368,0.8452,79.2071,26.5246,6.7254
9415.0,3.3192,40.5294,0.8367,77.373,26.2919,6.7339
9420.0,3.3422,40.2502,0.8319,78.3854,26.7087,6.7173
9425.0,3.3385,40.6315,0.8441,79.8332,26.5215,6.7152
9430.0,3.3609,40.819,0.8297,79.3686,26.68,6.6893
9435.0,3.3651,40.8349,0.836,80.3216,26.7504,6.685
9440.0,3.3488,40.6709,0.826,79.2634,26.6543,6.7043
9445.0,3.3584,40.7349,0.828,78.9946,27.1111,6.7081
9450.0,3.3556,40.4112,0.8346,78.7245,26.8099,6.7013
9455.0,3.3644,40.9906,0.8333,79.1275,26.7836,6.6877
9460.0,3.377,41.5359,0.8155,79.7055,26.8443,6.6714
9465.0,3.3524,40.5573,0.8269,78.0452,26.3843,6.6888
9470.0,3.3651,41.0998,0.8403,79.8323,26.909,6.6909
9475.0,3.3635,41.3609,0.836,79.8184,26.6106,6.6822
9480.0,3.3778,41.2617,0.8706,82.0695,26.7774,6.6675
9485.0,3.3858,41.1834,0.842,79.6738,26.322,6.6377
9490.0,3.3862,41.17,0.8504,81.3053,26.1818,6.6305
9495.0,3.4068,40.9339,0.858,81.8224,26.7549,6.6222
9500.0,3.4235,41.8321,0.8396,82.6388,26.6248,6.5912
9505.0,3.4297,41.719,0.8448,83.1447,26.2854,6.5664
9510.0,3.4391,42.4269,0.8702,83.292,26.2738,6.55
9515.0,3.4421,42.6301,0.8529,84.3112,26.7528,6.565
9520.0,3.4222,42.1154,0.8526,82.8593,26.1543,6.5715
9525.0,3.4372,41.7154,0.8578,83.9737,26.8426,6.577
9530.0,3.4329,42.0641,0.8742,84.0027,26.187,6.5565
9535.0,3.446,42.0112,0.8898,84.0743,26.552,6.5505
9540.0,3.4499,42.4041,0.879,85.1355,26.2906,6.5328
9545.0,3.4638,42.4001,0.8674,85.9287,26.5038,6.5187
9550.0,3.4666,43.2742,0.8633,85.7522,26.1973,6.4999
9555.0,3.4706,42.3762,0.8736,85.1008,26.2729,6.4959
9560.0,3.485,43.4407,0.8747,87.2747,26.3041,6.4728
9565.0,3.4924,42.9296,0.8672,85.6293,26.0237,6.4459
9570.0,3.511,43.3657,0.9017,87.9619,26.4398,6.4315
9575.0,3.5061,43.3874,0.8981,88.0518,26.1067,6.4241
9580.0,3.5122,43.9006,0.8904,87.9065,26.1582,6.4151
9585.0,3.5191,43.325,0.8861,87.105,25.9472,6.3917
9590.0,3.5301,44.0715,0.8978,88.2174,25.5356,6.349
9595.0,3.5516,43.5515,0.8913,90.3778,26.1089,6.3352
9600.0,3.5724,44.4086,0.9229,92.411,26.7402,6.3252
9605.0,3.5913,44.9034,0.9021,91.9254,26.3137,6.2628
9610.0,3.5877,44.7718,0.91,91.6238,26.0932,6.2565
9615.0,3.5988,44.9162,0.9228,92.9066,26.0129,6.2272
9620.0,3.6077,44.8609,0.9212,92.0099,26.0648,6.2089
9625.0,3.5849,45.4105,0.9206,90.8976,26.1765,6.265
9630.0,3.5712,44.4433,0.918,91.2643,25.7251,6.2715
9635.0,3.5801,45.061,0.9276,92.4413,26.2796,6.2829
9640.0,3.5727,43.9946,0.9116,90.8693,26.1605,6.2927
9645.0,3.5645,44.2713,0.9057,91.2851,26.1419,6.3089
9650.0,3.5553,44.1738,0.9191,91.8483,26.0527,6.3234
9655.0,3.5477,43.6726,0.8963,89.689,25.9287,6.3327
9660.0,3.5521,43.8809,0.8773,89.1068,26.0729,6.3318
9665.0,3.5391,43.3837,0.8962,89.1179,26.0334,6.3551
9670.0,3.5447,44.3876,0.8964,89.5515,25.7778,6.3318
9675.0,3.5357,43.8361,0.9008,89.0555,25.7038,6.3446
9680.0,3.5494,43.8836,0.925,91.2692,25.8536,6.326
9685.0,3.5574,44.004,0.903,89.5959,26.1964,6.3273
9690.0,3.5615,44.089,0.9001,89.8436,25.4804,6.2806
9695.0,3.5666,43.8823,0.9062,90.5377,25.4044,6.2638
9700.0,3.568,44.7249,0.8927,90.3591,25.7935,6.2819
9705.0,3.5626,44.2635,0.9125,90.5287,25.7462,6.2911
9710.0,3.5682,43.9203,0.909,91.1169,25.758,6.2806
9715.0,3.5725,44.7244,0.9208,91.0938,25.7569,6.271
9720.0,3.5817,44.7495,0.8977,91.2635,25.6214,6.2434
9725.0,3.6024,45.4941,0.9245,93.3199,26.031,6.2197
9730.0,3.5839,44.6653,0.9235,92.2079,25.2397,6.2146
9735.0,3.5728,44.2972,0.9209,91.291,25.4142,6.2489
9740.0,3.567,44.4613,0.9027,91.2678,25.577,6.2715
9745.0,3.5546,44.4845,0.9023,90.5334,25.1735,6.2756
9750.0,3.5797,44.6726,0.9102,90.9245,25.5219,6.2421
9755.0,3.5798,45.1714,0.9097,90.9642,25.9629,6.2654
9760.0,3.5787,44.7253,0.9059,91.2119,25.5344,6.2448
9765.0,3.5825,44.9083,0.9251,92.9821,25.5686,6.2376
9770.0,3.5753,45.0468,0.9184,91.5416,25.1777,6.2306
9775.0,3.5886,44.7923,0.9052,93.1709,25.3205,6.2091
9780.0,3.6082,45.4387,0.9135,92.9083,25.3627,6.1657
9785.0,3.6217,45.0205,0.9295,95.0421,25.359,6.1313
9790.0,3.6422,45.615,0.9311,94.525,25.7408,6.1017
9795.0,3.6426,45.711,0.9621,96.6814,25.5419,6.0871
9800.0,3.6385,45.6421,0.9544,97.2181,25.1068,6.0693
9805.0,3.6575,45.6583,0.9476,96.9797,25.4285,6.0382
9810.0,3.6696,45.4122,0.937,98.3348,25.4737,6.0055
9815.0,3.6817,46.3248,0.9621,98.293,25.6165,5.9777
9820.0,3.695,47.3639,0.9528,98.1779,25.709,5.9415
9825.0,3.6984,46.8013,0.9564,98.5381,25.0425,5.8812
9830.0,3.7125,46.525,0.9663,98.7921,25.0761,5.8318
9835.0,3.7108,46.9172,0.977,99.6976,24.947,5.8263
9840.0,3.7252,47.268,0.9752,99.57,25.1855,5.7909
9845.0,3.7328,47.4763,0.9899,101.7703,25.3433,5.772
9850.0,3.7253,46.9118,0.9457,100.2077,25.4564,5.8092
9855.0,3.719,47.2807,0.9803,100.327,25.1734,5.8129
9860.0,3.7188,46.8758,0.9889,100.3787,25.0954,5.8078
9865.0,3.7263,47.0939,0.965,100.0979,25.1963,5.7866
9870.0,3.731,47.1874,0.9801,99.7992,24.9326,5.7463
9875.0,3.7489,47.8391,0.9716,99.9399,25.647,5.7265
9880.0,3.7321,46.7367,0.9715,100.4648,24.7059,5.721
9885.0,3.737,47.791,0.9789,102.0168,25.1373,5.7358
9890.0,3.7467,47.8927,0.9881,101.8357,25.5804,5.7304
9895.0,3.7452,47.528,1.002,102.4282,25.0596,5.6949
9900.0,3.7468,47.3563,0.9881,101.8715,24.9939,5.6809
9905.0,3.7603,48.2853,0.9933,103.3167,24.9357,5.6123
9910.0,3.7605,47.5694,0.9782,101.6517,24.9636,5.6108
9915.0,3.7636,48.0818,0.985,102.1046,25.3357,5.6276
9920.0,3.7569,48.0294,0.9793,102.0372,24.4234,5.5812
9925.0,3.7777,48.7171,0.9972,102.1607,25.3436,5.553
9930.0,3.7694,48.0919,0.9953,104.1522,24.5883,5.5292
9935.0,3.7731,48.3704,0.9965,103.0785,24.8617,5.5335
9940.0,3.7768,48.1849,0.9807,103.0969,24.8052,5.5079
9945.0,3.7844,47.7734,1.0007,102.6238,25.0439,5.4846
9950.0,3.7757,48.114,0.997,103.3974,24.4816,5.4817
9955.0,3.7817,47.8779,1.0017,105.9442,24.9811,5.4934
9960.0,3.7915,48.0703,0.9997,104.0728,25.3561,5.4687
9965.0,3.7804,47.9221,0.9907,104.2487,24.4939,5.4545
9970.0,3.7889,48.0144,0.9883,104.1496,24.8668,5.4376
9975.0,3.7853,48.2934,1.0059,104.1102,24.6386,5.438
9980.0,3.7896,48.9941,0.9914,104.7615,24.8954,5.4356
9985.0,3.7922,48.703,0.9963,102.6056,24.7787,5.4072
9990.0,3.7901,48.4187,0.9959,105.4219,24.5986,5.4025
9995.0,3.7959,49.2185,1.0025,104.7335,24.8661,5.39
10000.0,3.8035,49.2361,1.0101,105.1459,25.1804,5.3664
10005.0,3.7954,47.7412,1.0173,105.9844,24.6669,5.3722
10010.0,3.8023,48.3404,0.9994,104.6692,24.88,5.3451
10015.0,3.7966,48.239,0.9996,104.5187,24.3622,5.3317
10020.0,3.7977,48.758,1.0204,105.928,24.432,5.3307
10025.0,3.8055,49.1305,0.9989,105.2271,24.7749,5.3088
10030.0,3.8097,48.7662,1.0097,105.0786,25.0136,5.2997
10035.0,3.8069,48.5289,1.017,105.5958,24.7173,5.2909
10040.0,3.8115,48.8211,0.9828,105.1439,24.5361,5.2337
10045.0,3.8172,48.8229,1.0152,107.8317,24.6003,5.1897
10050.0,3.8157,48.8369,1.0164,104.6801,24.274,5.1651
10055.0,3.8248,49.2482,1.0333,106.8711,24.724,5.1285
10060.0,3.8288,48.8943,0.9938,104.8279,24.7798,5.0912
10065.0,3.8257,48.6096,1.0154,106.9245,24.4326,5.0832
10070.0,3.8269,49.0917,1.0196,105.8851,24.4147,5.0678
10075.0,3.8296,48.7679,1.0326,106.9135,24.5853,5.0579
10080.0,3.8316,49.2761,1.0272,106.0233,24.3964,5.0124
10085.0,3.8329,48.5476,1.0248,107.327,24.4759,5.0055
10090.0,3.8401,48.5775,1.0267,106.5789,25.0043,4.9782
10095.0,3.8357,49.0879,1.031,107.164,24.4047,4.9621
10100.0,3.8368,49.0369,1.0203,107.1651,24.364,4.9426
10105.0,3.8372,49.1002,1.0119,106.3097,24.279,4.9261
10110.0,3.8386,49.2405,1.0219,106.7147,24.6142,4.9476
10115.0,3.8386,48.924,1.0201,107.075,24.3703,4.9191
10120.0,3.8377,49.2274,1.0289,107.8616,24.2409,4.9131
10125.0,3.8439,49.367,1.0094,106.9068,24.7212,4.8876
10130.0,3.8445,49.016,1.0249,107.084,24.7335,4.8792
10135.0,3.8436,48.9702,1.0322,109.7291,24.2164,4.8261
10140.0,3.8426,49.7701,1.0186,106.7235,23.8878,4.796
10145.0,3.849,49.1363,1.0062,106.3493,24.5944,4.7867
10150.0,3.85,49.7823,1.0328,108.1,24.1596,4.7102
10155.0,3.8554,49.6338,0.9984,107.683,24.5167,4.6531
10160.0,3.8514,49.1692,1.0371,107.7378,23.8149,4.6324
10165.0,3.8578,49.6909,1.0532,109.0606,24.519,4.5987
10170.0,3.8551,49.3791,1.0335,108.1309,23.9817,4.5791
10175.0,3.8602,49.4433,1.0385,108.5348,24.4559,4.5314
10180.0,3.8613,49.6762,1.0232,107.7687,24.2656,4.4739
10185.0,3.8611,49.5909,1.0403,108.7152,24.0124,4.4397
10190.0,3.8624,50.0141,1.0327,108.9473,24.1382,4.4219
10195.0,3.8632,49.3152,1.0311,108.9257,24.4007,4.4391
10200.0,3.863,49.9772,1.0243,108.7504,24.2448,4.4231
10205.0,3.8636,49.3158,1.0288,108.4848,24.3538,4.4211
10210.0,3.8667,49.7574,1.0442,109.3403,24.6912,4.3768
10215.0,3.8625,49.702,1.0206,107.8121,23.7956,4.3637
10220.0,3.8673,49.0164,1.0445,109.6356,24.5807,4.3373
10225.0,3.8664,49.6596,1.0221,107.8811,24.1923,4.3055
10230.0,3.8656,49.6274,1.0428,108.4283,23.9314,4.288
10235.0,3.8648,49.212,1.0496,109.9336,23.8135,4.2951
10240.0,3.8667,49.725,1.0313,109.3658,24.0889,4.2784
10245.0,3.8678,49.9417,1.013,108.3751,24.3568,4.2797
10250.0,3.8666,50.0402,1.0234,107.3556,24.0848,4.281
10255.0,3.8698,49.405,1.0297,109.524,24.4849,4.2265
10260.0,3.8672,49.4147,1.0277,109.0754,23.7349,4.201
10265.0,3.8698,49.8524,1.038,109.2105,24.0853,4.1579
10270.0,3.8683,49.9722,1.0311,109.0544,23.766,4.1607
10275.0,3.8703,49.7097,1.0243,108.7241,24.1609,4.1462
10280.0,3.8702,49.1825,1.0373,109.88,24.2827,4.1697
10285.0,3.8693,49.5613,1.0355,108.8424,23.9469,4.1554
10290.0,3.8666,49.4842,1.0458,109.2773,23.3922,4.1611
10295.0,3.87,50.3421,1.0563,110.14,24.0843,4.1492
10300.0,3.8715,49.546,1.0447,110.0774,24.1352,4.0887
10305.0,3.8722,50.2663,1.0493,109.8733,24.1186,4.05
10310.0,3.8733,49.2204,1.0457,109.7998,24.3182,4.0265
10315.0,3.8722,49.6062,1.0503,109.8595,23.7332,3.9801
10320.0,3.8743,49.9992,1.0363,109.9779,24.1629,3.942
10325.0,3.875,49.7907,1.0325,108.4468,24.2829,3.9221
10330.0,3.8727,50.2752,1.0301,108.9157,23.5323,3.9146
10335.0,3.8751,49.4724,1.0359,109.595,24.049,3.873
10340.0,3.8746,49.1017,1.0466,109.2199,23.8354,3.8623
10345.0,3.8758,49.6647,1.0354,108.8874,23.9334,3.8044
10350.0,3.8768,50.1286,1.0452,110.0597,24.0333,3.7447
10355.0,3.8762,49.8335,1.0367,109.8563,23.8172,3.746
10360.0,3.8767,49.2903,1.0341,109.2344,23.7628,3.6986
10365.0,3.8778,49.7951,1.0409,109.4266,23.9331,3.6408
10370.0,3.8769,49.3912,1.047,108.8725,23.6457,3.6565
10375.0,3.8776,49.3368,1.0414,111.4252,23.6392,3.6003
10380.0,3.8786,50.0157,1.0441,109.5162,24.0736,3.5894
10385.0,3.8776,50.2737,1.0546,110.5575,23.6099,3.5933
10390.0,3.8788,50.0847,1.0527,109.8578,24.0571,3.5668
10395.0,3.8789,49.6968,1.0382,110.0841,23.9997,3.5448
10400.0,3.8782,50.0366,1.0578,109.0765,23.4462,3.5054
10405.0,3.8788,50.2059,1.0283,109.2363,23.702,3.4958
10410.0,3.8796,49.3311,1.0481,109.4664,24.1637,3.5012
10415.0,3.8788,49.6106,1.0703,111.7602,23.6138,3.4744
10420.0,3.8794,50.1515,1.0341,109.9038,23.7371,3.4392
10425.0,3.8795,50.4557,1.0492,109.3741,23.9629,3.4737
10430.0,3.8798,49.6654,1.0296,108.8181,24.0375,3.4515
10435.0,3.8795,49.785,1.0509,110.3676,23.7731,3.4287
10440.0,3.8795,49.7037,1.0319,109.0588,23.6811,3.4086
10445.0,3.8807,49.7861,1.0338,109.1731,24.1806,3.3546
10450.0,3.8809,50.0519,1.0444,110.8489,24.2545,3.3359
10455.0,3.881,50.1964,1.0573,111.1758,24.0593,3.2937
10460.0,3.8808,49.3592,1.0394,110.4794,23.8308,3.2636
10465.0,3.8806,49.7252,1.0321,108.5396,23.6024,3.2448
10470.0,3.8807,49.7059,1.0499,111.2392,23.592,3.2305
10475.0,3.8814,50.9522,1.0187,108.2551,23.9254,3.1901
10480.0,3.8814,49.9146,1.0485,109.5931,23.8947,3.1711
10485.0,3.8819,50.0564,1.0312,110.2715,24.1359,3.1425
10490.0,3.8818,50.0506,1.048,109.3259,23.9437,3.1171
10495.0,3.8813,49.957,1.0482,109.6881,23.4009,3.0817
10500.0,3.8821,50.1084,1.0285,108.3531,24.0354,3.0721
10505.0,3.8818,49.9114,1.0431,108.4439,23.5188,3.0225
10510.0,3.8821,50.4287,1.0527,109.7359,23.6683,2.9919
10515.0,3.8824,49.7739,1.0434,109.131,23.8229,2.951
10520.0,3.8828,50.2407,1.0318,108.0325,24.2554,2.9387
10525.0,3.883,50.0529,1.0488,110.7393,24.5302,2.9376
10530.0,3.8827,49.8398,1.0293,109.0734,23.9007,2.8952
10535.0,3.8826,49.9554,1.0398,109.7269,23.6997,2.8664
10540.0,3.8827,50.0895,1.0515,109.6453,23.8757,2.8649
10545.0,3.8829,49.9958,1.0336,110.1735,23.9606,2.8348
10550.0,3.8827,50.0916,1.0425,109.0308,23.6553,2.8176
10555.0,3.8833,49.9785,1.0652,110.0307,24.1811,2.7769
10560.0,3.883,50.059,1.0349,109.1142,23.7868,2.7735
10565.0,3.883,50.5216,1.059,110.499,23.8508,2.7722
10570.0,3.8831,50.0299,1.022,108.0003,23.8899,2.7577
10575.0,3.8831,49.5044,1.033,109.2159,23.8261,2.7447
10580.0,3.8831,49.7601,1.045,110.4075,23.9278,2.7493
10585.0,3.8828,50.0396,1.0451,110.0461,23.5612,2.7641
10590.0,3.8829,49.8386,1.0407,109.0476,23.5734,2.7527
10595.0,3.8827,49.8165,1.05,110.6371,23.4356,2.7663
10600.0,3.883,49.352,1.0355,109.6587,23.8182,2.7672
10605.0,3.8831,49.8277,1.0146,109.1863,23.9009,2.77
10610.0,3.8831,50.2668,1.0481,110.3536,23.8185,2.7354
10615.0,3.8833,50.3995,1.0406,110.7268,24.1207,2.7592
10620.0,3.883,50.1867,1.0388,109.8073,23.6988,2.7504
10625.0,3.8831,50.0891,1.0417,109.2744,23.8655,2.7371
10630.0,3.8829,50.4413,1.0287,109.4856,23.4237,2.7197
10635.0,3.883,49.842,1.0308,109.7069,23.5982,2.7158
10640.0,3.8833,49.7037,1.0443,110.9628,23.8673,2.6929
10645.0,3.8833,50.1034,1.0385,109.3154,23.9043,2.704
10650.0,3.883,50.0136,1.0497,110.2583,23.6172,2.7123
10655.0,3.8831,49.8845,1.0415,110.3336,23.6715,2.7168
10660.0,3.8827,49.8653,1.0303,108.5158,23.3087,2.729
10665.0,3.883,50.0741,1.0386,109.8032,23.5978,2.7327
10670.0,3.8832,50.5632,1.0457,110.9513,23.9087,2.7298
10675.0,3.8832,49.9234,1.0295,109.9934,23.8289,2.7224
10680.0,3.8831,50.5573,1.0587,109.6628,23.8095,2.7211
10685.0,3.8831,50.0095,1.0474,109.7741,23.696,2.7211
10690.0,3.883,50.048,1.0343,111.6261,23.6846,2.7508
10695.0,3.8828,50.6487,1.0388,109.3934,23.5172,2.7511
10700.0,3.8831,49.8678,1.0446,110.3746,23.8565,2.7604
10705.0,3.883,49.212,1.0314,109.7129,23.7866,2.7666
10710.0,3.8831,49.9802,1.0427,110.3584,23.804,2.752
10715.0,3.8828,50.2072,1.0509,110.6278,23.5492,2.7634
10720.0,3.8825,49.6114,1.0503,110.143,23.1422,2.7545
10725.0,3.8832,49.8195,1.0181,108.8277,23.9547,2.7494
10730.0,3.8829,50.1639,1.0369,109.3231,23.5607,2.7402
10735.0,3.8827,49.7957,1.0207,108.507,23.4647,2.7806
10740.0,3.883,50.1587,1.0565,111.2949,23.8539,2.7716
10745.0,3.8827,50.1059,1.042,111.2966,23.5828,2.8025
10750.0,3.883,49.7091,1.0385,110.4891,23.946,2.8098
10755.0,3.8829,50.1294,1.0428,110.6952,23.8357,2.8151
10760.0,3.8829,49.6873,1.0597,111.952,23.8527,2.8255
10765.0,3.8824,50.1193,1.0403,110.2484,23.3408,2.8348
10770.0,3.8829,49.7848,1.0279,109.5049,23.9859,2.8338
10775.0,3.8826,49.469,1.0515,109.8143,23.7489,2.8614
10780.0,3.8825,50.4673,1.0488,109.1285,23.592,2.8698
10785.0,3.8825,50.1054,1.0506,111.5068,23.7209,2.8952
10790.0,3.882,49.5451,1.041,109.6375,23.2419,2.9054
10795.0,3.8823,49.8563,1.0439,110.2409,23.789,2.9506
10800.0,3.8819,50.1109,1.0547,110.3729,23.4305,2.9639
10805.0,3.8818,49.7711,1.0651,110.691,23.3507,2.9689
10810.0,3.8818,50.1722,1.0544,109.4291,23.3094,2.9683
10815.0,3.8824,49.9906,1.0443,109.773,23.9694,2.9905
10820.0,3.8818,49.6341,1.0292,109.0909,23.5352,3.02
10825.0,3.8822,50.2894,1.0303,110.7454,24.0772,3.0596
10830.0,3.8815,50.2624,1.054,112.0757,23.5612,3.0764
10835.0,3.8809,50.1377,1.0189,108.8421,23.2698,3.1189
10840.0,3.881,49.6704,1.0458,110.3235,23.419,3.1382
10845.0,3.8817,49.9876,1.0424,110.0982,24.0087,3.1555
10850.0,3.8813,49.8365,1.0402,110.1078,23.6624,3.1426
10855.0,3.8811,50.227,1.0212,109.3079,23.566,3.1497
10860.0,3.8811,49.8284,1.0398,109.1294,23.7448,3.1881
10865.0,3.8812,49.6946,1.0365,108.9186,23.8321,3.1933
10870.0,3.8814,50.0898,1.0464,110.4401,23.9878,3.2046
10875.0,3.8813,49.999,1.0229,109.1061,24.0725,3.2302
10880.0,3.8804,50.1879,1.0474,110.8157,23.6224,3.2702
10885.0,3.8799,49.6768,1.0558,109.607,23.3829,3.2974
10890.0,3.8802,50.3883,1.03,109.3524,23.6131,3.3091
10895.0,3.8803,49.7109,1.0474,109.9335,23.7837,3.3222
10900.0,3.8798,49.8843,1.0323,108.8278,23.4799,3.3283
10905.0,3.8796,49.3745,1.0453,108.8869,23.4838,3.3488
10910.0,3.88,49.7333,1.0357,109.2831,23.8113,3.3685
10915.0,3.8797,50.1178,1.0388,110.247,23.7155,3.3896
10920.0,3.8798,49.7536,1.0302,108.3417,23.7383,3.3905
10925.0,3.8795,49.6511,1.0357,110.3454,23.5429,3.3756
10930.0,3.8795,50.1835,1.0368,109.3251,23.6774,3.4131
10935.0,3.8791,50.4911,1.0534,110.3872,23.5065,3.4172
10940.0,3.88,50.5279,1.0318,108.1321,23.9627,3.4144
10945.0,3.88,49.6612,1.0452,111.2007,24.0016,3.4169
10950.0,3.8788,49.244,1.0417,109.5088,23.2839,3.4011
10955.0,3.8791,49.8354,1.0459,109.5997,23.5157,3.4223
10960.0,3.8789,50.1245,1.0375,109.382,23.3767,3.4099
10965.0,3.8794,49.5043,1.0572,110.6624,23.5912,3.4051
10970.0,3.8794,50.3104,1.028,110.5359,23.7356,3.4323
10975.0,3.8783,49.5289,1.0359,109.1334,23.3969,3.4738
10980.0,3.8781,50.589,1.0424,109.1861,23.5318,3.5286
10985.0,3.8777,49.1313,1.0432,109.9607,23.5142,3.5648
10990.0,3.878,50.2084,1.0546,111.4054,23.82,3.5974
10995.0,3.8777,50.466,1.0382,109.9889,23.7885,3.6183
11000.0,3.877,50.2331,1.0376,110.3365,23.5938,3.6431
11005.0,3.8772,50.2489,1.0322,109.3049,23.8215,3.6672
11010.0,3.8768,49.9152,1.041,109.4096,23.6438,3.666
11015.0,3.8767,50.2071,1.0403,109.7982,23.7157,3.6911
11020.0,3.8774,50.3136,1.0322,108.5956,24.2051,3.7268
11025.0,3.8768,50.1403,1.0438,109.8349,24.1251,3.7649
11030.0,3.875,50.0404,1.0359,110.3234,23.4683,3.7678
11035.0,3.8761,50.1497,1.0326,109.5332,24.0039,3.7915
11040.0,3.8759,49.8844,1.0351,109.9308,24.0026,3.8053
11045.0,3.8739,49.5286,1.0367,109.7224,23.5161,3.84
11050.0,3.8752,49.8629,1.0417,108.6198,24.0112,3.8538
11055.0,3.8756,49.6792,1.0368,108.9947,24.1943,3.8615
11060.0,3.8741,50.0313,1.0301,109.6616,23.5326,3.8392
11065.0,3.8743,49.7005,1.0395,109.838,23.5873,3.8352
11070.0,3.8754,49.8565,1.0438,110.7115,24.0745,3.8536
11075.0,3.8745,49.9268,1.0366,109.2145,23.8914,3.8795
11080.0,3.8747,49.6971,1.0471,108.1678,23.9649,3.8821
11085.0,3.8744,49.7285,1.0333,110.2523,23.9157,3.8901
11090.0,3.8737,49.5105,1.0439,110.4466,23.9318,3.9342
11095.0,3.8719,50.0982,1.0349,109.6544,23.506,3.9512
11100.0,3.8739,49.808,1.0437,110.1877,24.103,3.953
11105.0,3.8731,49.4636,1.0271,108.8167,24.1372,4.0019
11110.0,3.8717,49.3119,1.0276,109.3987,23.791,4.018
11115.0,3.8716,49.7482,1.0529,109.3619,23.8411,4.0293
11120.0,3.8698,49.4175,1.0486,109.5552,23.4728,4.0444
11125.0,3.8712,50.11,1.0399,109.7579,23.9878,4.0736
11130.0,3.871,49.5818,1.0319,108.5563,24.0059,4.0862
11135.0,3.8701,49.2969,1.0471,108.6916,23.851,4.1002
11140.0,3.8715,49.823,1.0407,108.9286,24.1513,4.0903
11145.0,3.8699,49.9349,1.0418,109.8716,23.7903,4.1002
11150.0,3.8705,49.6847,1.0136,109.0643,24.0187,4.1141
11155.0,3.8688,49.6286,1.02,109.3593,23.6263,4.1155
11160.0,3.8696,49.1286,1.0349,110.1568,23.879,4.1281
11165.0,3.8693,49.9483,1.025,109.2061,23.845,4.1348
11170.0,3.8697,49.8942,1.0365,110.4483,23.9486,4.1365
11175.0,3.8687,49.6367,1.0248,107.9104,23.8037,4.1526
11180.0,3.8681,49.4787,1.0497,110.2937,23.8669,4.1857
11185.0,3.8692,49.625,1.0397,108.7204,24.11,4.1853
11190.0,3.867,49.705,1.0478,110.3435,23.798,4.2142
11195.0,3.8654,49.348,1.037,108.8137,23.5093,4.2243
11200.0,3.8698,49.5866,1.0368,110.0021,24.352,4.2041
11205.0,3.8697,49.8317,1.04,109.3698,24.2637,4.1894
11210.0,3.8663,49.389,1.0144,108.0787,23.599,4.2071
11215.0,3.8694,49.5087,1.0296,107.209,24.0982,4.1778
11220.0,3.8679,49.6024,1.0351,109.3719,23.8038,4.1842
11225.0,3.8687,49.3222,1.0615,111.2851,23.9991,4.1871
11230.0,3.8689,49.5446,1.0345,109.3042,24.0105,4.1818
11235.0,3.8677,49.5629,1.0438,109.5836,23.882,4.204
11240.0,3.8664,49.2482,1.0451,108.7518,23.7484,4.2306
11245.0,3.8663,49.903,1.0286,109.4382,23.7753,4.2378
11250.0,3.8661,49.569,1.0385,109.8068,23.7226,4.2364
11255.0,3.8662,49.3345,1.0539,109.3691,23.7474,4.2381
11260.0,3.8648,49.1808,1.0319,109.038,23.9422,4.3142
11265.0,3.8651,49.9529,1.0325,108.4819,23.7837,4.2832
11270.0,3.8654,49.4819,1.0165,107.0419,24.1368,4.3275
11275.0,3.8665,50.0757,1.0462,109.1724,24.3417,4.3241
11280.0,3.8639,49.5703,1.0203,107.3345,23.8285,4.3261
11285.0,3.8642,49.7932,1.0269,108.837,24.0369,4.3499
11290.0,3.864,50.0617,1.0398,109.6611,24.1056,4.3672
11295.0,3.8635,49.7331,1.025,108.3031,24.1023,4.3817
11300.0,3.8633,49.3311,1.0501,110.0514,24.0068,4.3758
11305.0,3.8644,49.5314,1.033,108.2311,24.177,4.3691
11310.0,3.8634,49.9425,1.0347,108.6959,24.1154,4.3886
11315.0,3.8608,49.6465,1.0218,108.6023,23.6889,4.3935
11320.0,3.8639,49.6384,1.0083,108.0011,24.2191,4.3892
11325.0,3.8621,50.0503,1.0201,108.2365,24.2271,4.4413
11330.0,3.8601,49.3909,1.0408,109.218,23.8179,4.434
11335.0,3.8602,49.8178,1.0075,108.0473,24.0217,4.4611
11340.0,3.8616,49.3813,1.0186,108.469,24.1864,4.4511
11345.0,3.8603,49.5627,1.0358,108.3004,23.9666,4.4518
11350.0,3.861,49.8107,1.0277,107.6912,24.2906,4.4832
11355.0,3.8655,49.4032,1.0315,109.3417,24.6166,4.4069
11360.0,3.8627,50.3125,1.0168,107.3966,23.8324,4.3641
11365.0,3.8625,49.6984,1.0204,108.5319,23.687,4.3454
11370.0,3.8657,49.8866,1.0375,108.4489,24.1114,4.317
11375.0,3.8686,49.7796,1.0287,109.0295,24.2191,4.2306
11380.0,3.8683,49.2725,1.0433,109.5625,23.9842,4.2023
11385.0,3.8706,49.8781,1.0116,108.4189,24.4084,4.1768
11390.0,3.8686,49.9288,1.0241,109.0547,23.7136,4.143
11395.0,3.8714,50.0431,1.027,107.8134,24.2246,4.1101
11400.0,3.8699,49.5872,1.029,109.083,23.903,4.1191
11405.0,3.8726,49.5789,1.0399,109.4362,24.4874,4.0972
11410.0,3.8728,49.8903,1.0365,108.8737,24.5587,4.0985
11415.0,3.8704,50.0659,1.0408,109.8293,23.8719,4.0925
11420.0,3.8722,49.9408,1.0232,109.0895,23.9291,4.0182
11425.0,3.8734,49.174,1.0397,108.508,24.2843,4.0168
11430.0,3.8732,50.1442,1.0353,108.8241,23.9755,3.9731
11435.0,3.8734,49.7343,1.0338,109.5266,24.0638,3.9784
11440.0,3.874,49.9772,1.0427,111.2526,24.0844,3.9496
11445.0,3.8733,50.0655,1.0011,107.9111,23.6009,3.9005
11450.0,3.875,49.5968,1.0472,109.7436,24.0801,3.8845
11455.0,3.8755,49.8227,1.0313,109.6974,23.9139,3.821
11460.0,3.8759,49.8074,1.03,108.7752,23.9657,3.798
11465.0,3.8776,50.1507,1.0295,110.7058,24.4526,3.7633
11470.0,3.8769,49.3166,1.0338,109.5534,23.7801,3.6929
11475.0,3.8782,49.9184,1.0428,110.3389,24.3001,3.6763
11480.0,3.878,50.0314,1.0256,109.2296,24.0296,3.6466
11485.0,3.8784,49.4718,1.0335,109.2915,24.0319,3.6046
11490.0,3.8788,49.8022,1.0494,109.3812,24.3019,3.6138
11495.0,3.8789,50.2834,1.0362,110.1962,24.1917,3.5903
11500.0,3.8793,50.1305,1.0452,110.1733,24.2518,3.5531
11505.0,3.8795,49.4536,1.0314,109.1648,24.3535,3.551
11510.0,3.879,49.1871,1.0356,108.1917,24.0309,3.5368
11515.0,3.8792,49.9605,1.0314,110.3654,23.9629,3.511
11520.0,3.8792,49.7222,1.0351,109.1889,23.8469,3.4795
11525.0,3.8797,50.2801,1.0182,109.7587,23.914,3.44
11530.0,3.8812,50.0482,1.0548,110.3128,24.8597,3.4155
11535.0,3.8809,49.9886,1.062,111.7389,24.4357,3.3841
11540.0,3.8799,49.4017,1.0162,108.072,23.7888,3.3826
11545.0,3.88,49.5894,1.0668,110.4549,23.798,3.3737
11550.0,3.8808,50.1039,1.0536,111.6456,24.251,3.3604
11555.0,3.8808,49.9545,1.0499,110.4897,24.2692,3.3655
11560.0,3.881,49.6042,1.0264,109.8134,24.2715,3.3317
11565.0,3.8809,49.9983,1.0384,110.5986,24.0723,3.2997
11570.0,3.881,49.7875,1.0359,109.1397,24.1065,3.3016
11575.0,3.8812,49.9757,1.042,109.3265,24.2215,3.2828
11580.0,3.8812,49.6863,1.0556,109.9703,24.1627,3.2768
11585.0,3.8805,49.7656,1.0244,108.5557,23.588,3.2593
11590.0,3.8814,50.1803,1.0273,110.729,24.0869,3.2268
11595.0,3.8812,49.7417,1.0409,111.2069,23.933,3.2239
11600.0,3.8814,49.86,1.0411,109.2353,24.1912,3.2488
11605.0,3.8821,49.7043,1.0392,109.8982,24.8951,3.2503
11610.0,3.8817,49.6114,1.0643,108.7027,24.242,3.1976
11615.0,3.8818,50.0336,1.0315,110.0202,24.0731,3.1469
11620.0,3.8822,49.9569,1.0545,109.4347,24.3832,3.1203
11625.0,3.8822,50.1236,1.027,109.6074,24.2746,3.0923
11630.0,3.8822,49.5323,1.0106,109.1274,24.2601,3.0985
11635.0,3.8823,50.0834,1.0389,110.2201,24.3079,3.0768
11640.0,3.8827,49.8433,1.0394,110.0383,24.6714,3.06
11645.0,3.882,49.9097,1.0417,110.2947,23.8756,3.0554
11650.0,3.8824,49.5514,1.0363,108.9063,24.2777,3.0594
11655.0,3.8819,49.7893,1.0447,110.0194,23.9286,3.0906
11660.0,3.8824,50.0831,1.0331,107.9281,24.2999,3.0581
11665.0,3.8822,50.2314,1.0656,111.2298,23.9322,3.0312
11670.0,3.8823,49.7639,1.0525,110.3043,24.0583,3.0389
11675.0,3.8824,50.2554,1.0532,108.7845,24.0895,3.0217
11680.0,3.8826,50.2266,1.0452,110.597,24.4079,3.0273
11685.0,3.8826,49.8983,1.0534,111.3443,24.3941,3.0198
11690.0,3.8822,49.8424,1.0413,109.0381,23.8536,3.0119
11695.0,3.8825,50.1805,1.0393,109.8329,24.1793,3.0091
11700.0,3.8823,49.6844,1.0586,110.7186,23.9886,3.0066
11705.0,3.8822,49.8815,1.0342,109.2989,23.8517,3.0046
11710.0,3.8826,49.6798,1.0512,109.28,24.1124,2.9763
11715.0,3.8826,50.4723,1.0495,108.3712,24.0898,2.956
11720.0,3.8831,49.8384,1.0545,110.049,24.7739,2.9561
11725.0,3.8828,49.9587,1.0338,110.0422,24.2756,2.9329
11730.0,3.8826,50.0014,1.0404,109.5079,23.823,2.8924
11735.0,3.8828,49.9373,1.0425,110.3852,24.0263,2.8789
11740.0,3.8831,50.2503,1.0467,110.0689,24.4228,2.8868
11745.0,3.8833,50.1859,1.0629,112.0088,24.6896,2.8864
11750.0,3.8827,50.2917,1.0281,110.4316,23.7708,2.8637
11755.0,3.8825,50.116,1.049,111.0511,23.6972,2.8817
11760.0,3.8833,49.8119,1.0273,110.1867,24.6347,2.8695
11765.0,3.8831,49.633,1.0335,109.0991,24.2641,2.85
11770.0,3.8829,50.2988,1.034,110.306,23.9493,2.8288
11775.0,3.8833,49.9984,1.0289,109.2539,24.2996,2.7949
11780.0,3.8828,50.3552,1.0224,109.7611,23.5066,2.7624
11785.0,3.8833,49.9169,1.0462,109.6976,24.1658,2.7612
11790.0,3.8834,49.6056,1.0408,111.2942,24.2464,2.7415
11795.0,3.8834,50.6154,1.0365,108.4688,24.3949,2.7569
11800.0,3.8831,49.9672,1.0345,109.5411,23.9097,2.7536
11805.0,3.8834,49.7317,1.0283,110.0737,24.1839,2.7203
11810.0,3.8832,49.9917,1.0355,110.3062,23.9303,2.7325
11815.0,3.8834,50.35,1.0577,111.6851,24.2247,2.729
11820.0,3.8831,49.9531,1.0366,109.9512,23.9362,2.7544
11825.0,3.8831,49.8276,1.035,108.5601,24.057,2.7803
11830.0,3.8832,49.5928,1.0167,108.3499,23.9091,2.7433
11835.0,3.8834,49.9157,1.0267,109.3837,24.3198,2.7395
11840.0,3.8834,49.9735,1.0288,111.0738,24.3705,2.7467
11845.0,3.8833,49.9014,1.0529,110.9258,24.0961,2.7404
11850.0,3.8833,49.4693,1.0112,109.3936,24.1631,2.7339
11855.0,3.8831,50.0026,1.0239,110.2059,23.7901,2.7259
11860.0,3.8834,50.1421,1.0354,109.3161,24.0761,2.7029
11865.0,3.8834,50.0223,1.0307,110.2554,24.1371,2.7141
11870.0,3.8837,50.0647,1.0216,108.957,24.8034,2.7204
11875.0,3.8831,49.1288,1.0225,109.9252,23.8687,2.7378
11880.0,3.8835,49.8172,1.0383,110.8534,24.5112,2.7652
11885.0,3.8836,50.0887,1.0393,110.3648,24.3928,2.7092
11890.0,3.8835,50.6372,1.0549,110.3589,24.2121,2.6668
11895.0,3.8838,50.0132,1.0504,110.9232,24.5799,2.6363
11900.0,3.8836,49.6146,1.0395,110.6294,24.2315,2.6589
11905.0,3.8835,49.6175,1.0494,109.7012,24.234,2.6771
11910.0,3.8835,49.9938,1.0411,109.9492,24.1216,2.6571
11915.0,3.8838,50.1019,1.0426,110.2164,24.4389,2.6193
11920.0,3.8838,49.4497,1.0347,109.7219,24.4051,2.5846
11925.0,3.8836,50.0792,1.0478,109.1812,23.9726,2.5697
11930.0,3.8835,49.9432,1.0521,109.5313,23.7972,2.5631
11935.0,3.8837,49.9274,1.0383,110.0056,24.0741,2.5482
11940.0,3.8836,50.169,1.0512,109.8355,23.9227,2.5465
11945.0,3.8838,49.8474,1.0623,110.7606,24.1046,2.5293
11950.0,3.8839,50.1821,1.0338,108.4705,24.4276,2.5288
11955.0,3.8838,49.9932,1.0347,109.8034,24.0016,2.507
11960.0,3.8838,50.2584,1.0294,109.388,24.1029,2.507
11965.0,3.8839,49.9449,1.0357,110.6648,24.1257,2.4532
11970.0,3.884,49.7393,1.0526,110.3512,24.3208,2.4241
11975.0,3.8838,49.6934,1.0119,108.2962,23.5445,2.3884
11980.0,3.8839,50.039,1.0518,111.8917,23.952,2.4116
11985.0,3.884,50.2855,1.0594,112.0541,24.1539,2.3935
11990.0,3.8841,49.7692,1.0348,110.65,24.3985,2.3851
11995.0,3.884,49.8354,1.0172,109.1982,23.9728,2.371
12000.0,3.8838,50.3838,1.0299,109.1372,23.6239,2.3595
12005.0,3.8841,50.3875,1.0581,109.9989,24.2452,2.3328
12010.0,3.884,49.6026,1.0143,108.0596,23.9286,2.3209
12015.0,3.884,49.2588,1.0429,110.157,23.7871,2.3334
12020.0,3.884,50.3062,1.041,109.674,23.9255,2.3644
12025.0,3.884,49.8987,1.0464,110.3748,24.0325,2.3487
12030.0,3.8841,50.2946,1.0247,109.0939,23.9244,2.3077
12035.0,3.8839,50.1354,1.0354,110.5943,23.5212,2.3082
12040.0,3.8842,50.1201,1.0653,111.5844,24.2937,2.309
12045.0,3.8842,50.3116,1.035,109.8164,24.3851,2.3287
12050.0,3.8842,50.0284,1.0639,111.3601,24.226,2.3063
12055.0,3.884,50.1097,1.0288,110.027,23.7755,2.2724
12060.0,3.8842,49.7009,1.0594,108.8563,24.0063,2.2347
12065.0,3.8842,50.1108,1.0424,110.31,24.0517,2.245
12070.0,3.8842,50.4191,1.0378,109.7661,24.1997,2.2737
12075.0,3.8842,49.9096,1.0493,109.7976,24.2137,2.2671
12080.0,3.8841,49.7624,1.0318,109.6327,23.8596,2.2543
12085.0,3.8842,49.8857,1.0412,110.0435,24.0602,2.2636
12090.0,3.8842,50.278,1.044,109.7286,24.1505,2.2316
12095.0,3.8843,49.7471,1.0579,111.7498,24.3966,2.223
12100.0,3.8843,49.5198,1.0406,109.9077,24.2052,2.2217
12105.0,3.8843,49.9842,1.018,108.9493,24.2227,2.1912
12110.0,3.8842,50.0286,1.0458,109.8057,24.0428,2.2022
12115.0,3.8844,50.3795,1.0349,109.588,24.3707,2.1727
12120.0,3.8843,49.7805,1.0437,109.7433,24.1168,2.1616
12125.0,3.8842,49.1658,1.0342,108.9421,23.7953,2.1788
12130.0,3.8843,49.9513,1.0449,111.3871,24.3577,2.1985
12135.0,3.8843,50.2134,1.0372,109.9209,24.1775,2.2049
12140.0,3.8842,49.6714,1.037,108.5342,23.8884,2.1817
12145.0,3.8842,49.5907,1.0315,110.378,23.8753,2.1738
12150.0,3.8843,50.098,1.0475,109.4135,24.0654,2.191
12155.0,3.8842,50.1395,1.043,110.8792,24.1031,2.2153
12160.0,3.8842,49.8162,1.0388,109.3052,24.0327,2.2051
12165.0,3.8842,49.2402,1.0592,110.1582,24.0571,2.2202
12170.0,3.8843,50.2072,1.0594,110.4716,24.4002,2.2292
12175.0,3.8843,50.0706,1.0388,110.6,24.2391,2.2214
12180.0,3.8842,49.9152,1.0291,109.8164,24.0147,2.2027
12185.0,3.8843,49.8896,1.0465,109.582,24.1982,2.2236
12190.0,3.8841,49.7461,1.0482,110.53,23.7006,2.245
12195.0,3.8842,49.98,1.0138,109.0159,24.054,2.2522
12200.0,3.8843,49.8977,1.0396,109.3512,24.4027,2.2137
12205.0,3.8842,49.9622,1.0808,111.5179,23.8916,2.1992
12210.0,3.8842,50.0075,1.0517,109.9676,23.7299,2.1821
12215.0,3.8842,49.7531,1.0311,108.4521,23.7745,2.1428
12220.0,3.8842,49.9874,1.0348,109.5655,23.6608,2.1558
12225.0,3.8842,50.2927,1.0478,110.308,23.7327,2.1475
12230.0,3.8843,50.3242,1.0407,111.4464,23.8319,2.1049
12235.0,3.8842,50.4011,1.0377,109.1945,23.5687,2.1183
12240.0,3.8843,49.7015,1.0368,110.2907,23.9196,2.0954
12245.0,3.8844,49.752,1.0457,109.5856,24.1369,2.0987
12250.0,3.8842,49.3122,1.0371,109.1643,23.6799,2.1177
12255.0,3.8844,50.1265,1.0547,109.6126,24.2822,2.1302
12260.0,3.8843,50.527,1.0489,110.3943,24.0256,2.1295
12265.0,3.8843,49.907,1.0439,110.2866,24.151,2.1704
12270.0,3.8842,50.0499,1.028,110.4164,23.7244,2.1432
12275.0,3.8843,49.5354,1.0337,109.3295,24.098,2.1622
12280.0,3.8841,49.7686,1.0298,109.1418,23.6068,2.1841
12285.0,3.8843,49.9357,1.0401,110.4761,24.0978,2.164
12290.0,3.8843,49.9664,1.0426,109.4387,23.9136,2.1514
12295.0,3.8843,50.0868,1.0513,110.7395,24.0044,2.1362
12300.0,3.8841,49.7258,1.0529,110.3438,23.5676,2.1583
12305.0,3.8841,50.0024,1.0527,110.9834,23.6331,2.1861
12310.0,3.8842,49.6135,1.0418,109.127,24.0016,2.1895
12315.0,3.8841,49.8626,1.0291,109.2579,23.6105,2.1979
12320.0,3.8842,49.5268,1.054,111.7094,23.9588,2.2069
12325.0,3.884,50.0082,1.0544,110.101,23.4965,2.193
12330.0,3.8842,50.2589,1.0388,108.8993,24.0457,2.1976
12335.0,3.8841,50.2872,1.0429,110.4332,23.5209,2.1746
12340.0,3.8842,50.1024,1.0456,108.7722,23.9624,2.2028
12345.0,3.8842,49.7328,1.0446,110.0929,23.9761,2.1981
12350.0,3.8841,50.2933,1.0281,109.9931,23.6408,2.1798
12355.0,3.8842,49.831,1.0325,109.669,23.9558,2.1694
12360.0,3.8842,49.1321,1.0439,110.3934,23.8707,2.1485
12365.0,3.8842,49.6664,1.0462,110.449,23.6662,2.1183
12370.0,3.8842,50.2136,1.0505,110.3126,23.5441,2.0821
12375.0,3.8841,49.9468,1.0248,109.3886,23.3009,2.0851
12380.0,3.8843,50.1295,1.0411,110.8533,23.8742,2.0637
12385.0,3.8842,50.6078,1.0296,108.5598,23.3909,2.0825
12390.0,3.8843,49.4602,1.0419,109.2232,23.8013,2.0579
12395.0,3.8843,50.1245,1.0294,108.6039,23.7069,2.0465
12400.0,3.8844,49.8579,1.0663,111.2193,23.9378,2.0395
12405.0,3.8843,50.221,1.0417,109.6272,23.6879,1.9981
12410.0,3.8843,49.5804,1.0548,110.4447,23.6763,1.9976
12415.0,3.8844,50.1606,1.0399,110.3176,23.937,1.9733
12420.0,3.8844,50.1616,1.0383,110.1978,23.8331,1.9766
12425.0,3.8844,49.4489,1.0437,110.6046,23.8237,1.9386
12430.0,3.8844,49.5012,1.0513,110.8228,23.8574,1.9447
12435.0,3.8843,49.6893,1.0533,110.7315,23.3515,1.9449
12440.0,3.8844,50.324,1.0165,109.7532,23.92,1.9778
12445.0,3.8844,50.3127,1.0325,107.5788,23.8793,1.9926
12450.0,3.8843,49.8244,1.0555,110.1534,23.4674,1.98
12455.0,3.8844,49.2884,1.0243,109.193,23.6559,1.9677
12460.0,3.8843,50.16,1.0434,109.6134,23.7025,2.0122
12465.0,3.8844,49.8003,1.0207,108.4348,23.6741,1.9706
12470.0,3.8844,50.3586,1.0247,107.5595,23.7867,1.9599
12475.0,3.8845,49.5601,1.035,110.1072,24.0565,1.986
12480.0,3.8845,49.7746,1.0301,109.6059,23.9646,1.9606
12485.0,3.8843,49.9289,1.0289,109.2481,23.3615,1.9845
12490.0,3.8844,49.9737,1.0134,108.8764,23.8406,1.9793
12495.0,3.8845,50.1017,1.0557,110.7528,24.0128,1.9597
12500.0,3.8844,50.1354,1.0404,110.5114,23.7729,1.9707
12505.0,3.8845,49.8776,1.0181,110.8727,23.9445,1.9582
12510.0,3.8845,50.1132,1.0598,110.3253,24.1704,1.9614
12515.0,3.8844,50.2538,1.007,110.0726,23.9188,1.9611
12520.0,3.8844,49.6254,1.045,110.0011,23.7208,1.9397
12525.0,3.8844,50.1089,1.0376,109.1881,23.9154,1.9566
12530.0,3.8844,49.2487,1.0667,112.151,23.6861,1.9565
12535.0,3.8844,50.309,1.0493,110.3129,23.6515,1.9581
12540.0,3.8844,50.1309,1.0557,110.2495,23.5534,1.9372
12545.0,3.8845,49.4613,1.028,109.3588,24.0278,1.957
12550.0,3.8843,49.7001,1.03,108.977,23.4281,1.9807
12555.0,3.8844,50.1222,1.0281,108.846,24.0116,1.9842
12560.0,3.8843,49.8684,1.0476,110.6397,23.7494,2.0238
12565.0,3.8842,50.4405,1.0418,108.706,23.2704,2.0277
12570.0,3.8843,50.4338,1.0367,109.1453,23.708,2.0558
12575.0,3.884,49.5571,1.0558,110.7045,23.087,2.0845
12580.0,3.8843,49.6579,1.0257,109.6251,23.7644,2.0986
12585.0,3.8843,50.0482,1.0512,110.1595,23.8253,2.1025
12590.0,3.8841,49.688,1.0304,110.2461,23.4519,2.144
12595.0,3.8841,49.9371,1.0293,109.0208,23.6269,2.1808
12600.0,3.8842,50.3009,1.0631,110.5273,24.0807,2.2112
12605.0,3.884,50.3147,1.054,110.1976,23.4618,2.2378
12610.0,3.8839,49.996,1.0228,109.0715,23.3197,2.2458
12615.0,3.8841,49.5729,1.0462,111.4415,23.951,2.2757
12620.0,3.8841,49.6648,1.0408,109.9406,24.0675,2.2931
12625.0,3.8839,50.2464,1.0363,109.0579,23.574,2.2984
12630.0,3.8839,49.9313,1.0536,109.8731,23.8223,2.3655
12635.0,3.8839,49.7888,1.0522,112.0746,23.9011,2.3812
12640.0,3.8836,50.345,1.055,109.0509,23.3765,2.4204
12645.0,3.8836,49.3512,1.045,109.5198,23.4373,2.4255
12650.0,3.8838,49.9698,1.0508,109.709,23.8628,2.4225
12655.0,3.8839,49.655,1.0469,109.8598,23.9728,2.4146
12660.0,3.8837,49.8034,1.0179,109.0822,23.6889,2.4724
12665.0,3.8834,49.8919,1.052,110.4147,23.3248,2.4946
12670.0,3.8838,50.0623,1.029,109.1349,24.0382,2.5044
12675.0,3.8833,49.8949,1.0403,110.7786,23.4053,2.5469
12680.0,3.8833,49.7293,1.0476,110.756,23.451,2.5774
12685.0,3.8834,49.8938,1.0309,109.911,23.6172,2.5871
12690.0,3.8835,49.9692,1.0309,109.4458,23.917,2.6037
12695.0,3.8833,49.8828,1.0235,110.4042,23.7388,2.635
12700.0,3.8832,49.9096,1.0442,109.4475,23.626,2.6509
12705.0,3.8831,50.1349,1.0427,109.9716,23.6351,2.6828
12710.0,3.8831,49.463,1.0451,110.9333,23.5272,2.6798
12715.0,3.8831,50.3315,1.0364,109.0815,23.653,2.7078
12720.0,3.8822,50.4931,1.017,108.1048,22.8782,2.7532
12725.0,3.8827,49.9392,1.0581,111.6811,23.4336,2.7775
12730.0,3.8829,50.0548,1.0649,110.7466,23.5653,2.755
12735.0,3.8825,49.7659,1.0464,109.3012,23.2146,2.7567
12740.0,3.8828,49.7306,1.0324,110.1822,23.5963,2.7811
12745.0,3.8825,49.7054,1.0408,110.6282,23.446,2.8306
12750.0,3.8829,50.3241,1.0192,109.6852,23.9334,2.8423
12755.0,3.8828,49.8181,1.0457,109.8538,23.8854,2.8501
12760.0,3.8823,49.6956,1.0609,112.2385,23.3733,2.8514
12765.0,3.8823,49.1787,1.0295,109.2012,23.4496,2.8713
12770.0,3.8823,49.868,1.0521,111.0868,23.4666,2.875
12775.0,3.8822,49.7369,1.0489,111.432,23.3699,2.8797
12780.0,3.8824,50.1976,1.0331,110.4858,23.5294,2.8857
12785.0,3.882,49.8639,1.0377,110.1951,23.289,2.9061
12790.0,3.882,49.321,1.0355,109.9534,23.1939,2.8875
12795.0,3.8824,50.1436,1.0402,109.3705,23.6302,2.89
12800.0,3.8823,50.1242,1.0289,109.6099,23.63,2.9167
12805.0,3.8819,50.0434,1.0366,109.2741,23.2697,2.9351
12810.0,3.8822,49.9004,1.0387,110.2536,23.6928,2.9677
12815.0,3.8817,50.295,1.0474,110.6252,23.3093,2.978
12820.0,3.8819,49.7185,1.0222,108.7901,23.5289,2.9914
12825.0,3.8821,49.8685,1.0311,108.7908,23.6691,2.9908
12830.0,3.8818,50.1202,1.0723,110.9324,23.454,2.9979
12835.0,3.8821,50.2662,1.0353,108.5641,23.5747,2.9715
12840.0,3.8818,49.7677,1.042,109.4089,23.3305,2.9713
12845.0,3.882,49.8494,1.035,109.7159,23.4092,2.9404
12850.0,3.8819,50.2814,1.0621,111.5912,23.4055,2.9644
12855.0,3.8818,50.0763,1.036,109.7973,23.2692,2.959
12860.0,3.8818,50.2554,1.0355,108.7981,23.4105,2.9764
12865.0,3.8813,50.649,1.0511,110.5616,23.0665,2.9947
12870.0,3.8816,50.0898,1.0357,110.2415,23.3299,3.0051
12875.0,3.8817,49.9235,1.0542,110.0951,23.3806,2.9922
12880.0,3.8816,49.3984,1.0523,109.576,23.3869,3.0197
12885.0,3.8815,50.015,1.0267,110.4353,23.3898,3.0488
12890.0,3.8816,49.8776,1.0383,109.43,23.4341,3.0397
12895.0,3.8816,49.7995,1.0596,110.3657,23.5688,3.0681
12900.0,3.8816,50.1536,1.0393,108.3633,23.667,3.0773
12905.0,3.881,49.8367,1.0332,110.5068,23.2855,3.102
12910.0,3.8805,50.0781,1.0595,110.2445,23.1467,3.1516
12915.0,3.8806,50.2206,1.0456,109.7607,23.1867,3.1536
12920.0,3.8809,49.696,1.0625,110.9351,23.3252,3.1336
12925.0,3.8808,49.9116,1.0299,109.7426,23.3589,3.1531
12930.0,3.8807,49.6582,1.0421,110.4387,23.2543,3.1457
12935.0,3.8804,49.7676,1.034,108.7024,23.1227,3.1675
12940.0,3.8806,50.0069,1.0192,109.5668,23.3328,3.1786
12945.0,3.8806,49.8217,1.0664,111.8855,23.4924,3.215
12950.0,3.8807,49.8288,1.0268,108.9331,23.596,3.2263
12955.0,3.8801,50.7753,1.0495,110.0609,23.3082,3.2448
12960.0,3.8802,49.4988,1.045,110.4368,23.3447,3.2369
12965.0,3.8799,50.2157,1.0384,110.327,23.2167,3.2541
12970.0,3.8803,50.1684,1.0404,109.5097,23.4411,3.2493
12975.0,3.8798,49.9569,1.0446,109.4227,23.2375,3.2709
12980.0,3.8804,50.3476,1.0475,109.8459,23.5936,3.2696
12985.0,3.8793,49.6141,1.0389,109.8224,23.0047,3.2835
12990.0,3.8799,49.544,1.0363,109.3919,23.3621,3.2847
12995.0,3.8804,50.3526,1.0509,109.9425,23.5282,3.2576
13000.0,3.8803,49.7028,1.0401,110.0356,23.5,3.2651
13005.0,3.8808,50.2266,1.0295,109.5028,24.1284,3.3241
13010.0,3.8797,50.406,1.0397,109.9063,23.5438,3.3518
13015.0,3.8789,50.2986,1.0513,110.1648,23.2066,3.3713
13020.0,3.8794,49.6528,1.0394,110.5814,23.4352,3.3704
13025.0,3.8786,50.4987,1.0479,110.5774,23.0164,3.3678
13030.0,3.8793,50.1238,1.0314,109.3012,23.4419,3.3783
13035.0,3.8787,50.1752,1.0297,110.3625,23.2554,3.4041
13040.0,3.8794,49.9427,1.0369,109.8905,23.6942,3.426
13045.0,3.8786,50.1362,1.0459,110.0471,23.3298,3.4374
13050.0,3.8787,49.3705,1.0336,109.3858,23.4399,3.4436
13055.0,3.8785,49.3737,1.0103,108.1696,23.3122,3.439
13060.0,3.8796,49.8123,1.0278,110.0895,23.9078,3.441
13065.0,3.8786,49.9218,1.0621,110.5248,23.395,3.4526
13070.0,3.8794,49.7302,1.0151,109.2982,23.9356,3.4754
13075.0,3.8787,49.428,1.0377,110.8402,23.6834,3.5008
13080.0,3.8785,49.5206,1.0526,110.8092,23.6027,3.5018
13085.0,3.8783,49.1653,1.0325,111.2474,23.5769,3.5208
13090.0,3.8782,49.4209,1.0517,110.363,23.5858,3.5349
13095.0,3.8769,50.361,1.0423,108.899,23.0081,3.529
13100.0,3.8779,49.934,1.0447,110.4876,23.423,3.5287
13105.0,3.878,49.7241,1.0388,108.9328,23.7069,3.5715
13110.0,3.8777,50.3465,1.0399,110.2409,23.4863,3.5596
13115.0,3.8762,49.8047,1.0438,109.6952,23.1502,3.607
13120.0,3.8774,49.7473,1.0274,110.5976,23.4915,3.5857
13125.0,3.8786,49.6367,1.0275,109.8743,23.9339,3.5672
13130.0,3.8783,50.0405,1.0573,111.6959,23.8228,3.573
13135.0,3.8775,49.2391,1.04,109.0942,23.499,3.5819
13140.0,3.8781,50.2507,1.0501,111.1294,23.7558,3.5801
13145.0,3.8776,49.7161,1.0295,109.6285,23.4299,3.5567
13150.0,3.8765,49.2624,1.0284,108.6172,23.0992,3.574
13155.0,3.8772,49.9997,1.0296,109.0821,23.2978,3.5587
13160.0,3.8785,49.7889,1.0439,109.8651,23.9234,3.5692
13165.0,3.8773,49.9978,1.0428,109.403,23.4681,3.5903
13170.0,3.8775,50.3605,1.0252,109.7285,23.4798,3.576
13175.0,3.8775,50.0306,1.04,108.762,23.4697,3.5723
13180.0,3.8784,49.7955,1.0457,108.7817,24.0249,3.6001
13185.0,3.8782,50.0036,1.0403,110.2399,23.9596,3.6051
13190.0,3.8783,49.8836,1.0369,109.6468,24.1122,3.6288
13195.0,3.8766,50.1031,1.0306,110.2875,23.5222,3.6557
13200.0,3.8769,49.9572,1.0367,108.7273,23.6404,3.6576
13205.0,3.875,50.5766,1.0271,109.0074,23.1919,3.709
13210.0,3.8768,49.6858,1.0339,109.5622,23.945,3.7306
13215.0,3.8751,49.969,1.0491,109.6341,23.2887,3.724
13220.0,3.8758,50.2207,1.0347,108.5412,23.6397,3.7415
13225.0,3.8748,49.7276,1.0525,109.2144,23.3161,3.748
13230.0,3.8751,49.7535,1.043,108.7739,23.4483,3.7563
13235.0,3.8753,49.8753,1.0359,109.713,23.3914,3.7327
13240.0,3.8752,49.8273,1.0397,109.9428,23.454,3.7454
13245.0,3.8756,50.1546,1.0304,108.9562,23.4765,3.7277
13250.0,3.8753,50.2862,1.0415,108.9757,23.4796,3.7426
13255.0,3.876,50.1523,1.0425,109.7969,23.8305,3.7662
13260.0,3.8747,49.6479,1.0399,109.7231,23.3516,3.764
13265.0,3.8756,50.1316,1.01,107.7182,23.6886,3.7671
13270.0,3.8762,50.1791,1.0357,110.0443,23.9437,3.7711
13275.0,3.8747,50.2905,1.0459,108.4653,23.5168,3.7923
13280.0,3.8746,50.1512,1.0349,108.4701,23.4716,3.791
13285.0,3.8753,49.3639,1.0225,108.7824,23.5994,3.7745
13290.0,3.8756,49.5039,1.0488,109.312,23.9581,3.8203
13295.0,3.8751,49.8898,1.0266,108.8125,23.7179,3.8073
13300.0,3.8748,49.4304,1.0428,109.0311,23.5429,3.7945
13305.0,3.8755,49.7247,1.025,108.8059,23.803,3.7991
13310.0,3.8744,50.2607,1.0438,108.6342,23.413,3.7907
13315.0,3.8753,49.8077,1.019,107.8972,23.8654,3.824
13320.0,3.8754,49.8614,1.0685,110.7857,23.8039,3.805
13325.0,3.8751,49.203,1.0403,109.5249,23.6315,3.7926
13330.0,3.8745,49.6602,1.0453,109.1307,23.5056,3.806
13335.0,3.8745,49.5296,1.0223,108.6562,23.5005,3.8042
13340.0,3.8759,50.2574,1.0582,110.6332,23.8628,3.7842
13345.0,3.8762,50.2872,1.0433,109.8762,24.0434,3.7921
13350.0,3.8749,49.5847,1.0469,112.0598,23.584,3.7968
13355.0,3.8754,49.9249,1.0281,108.5795,23.8652,3.8123
13360.0,3.8738,49.8505,1.0406,108.8518,23.2361,3.7967
13365.0,3.875,49.7328,1.0383,109.8491,23.6191,3.7945
13370.0,3.8753,49.6488,1.0323,108.9117,23.765,3.8033
13375.0,3.8743,49.7794,1.0441,109.2427,23.5529,3.8257
13380.0,3.8743,49.5973,1.0587,109.6094,23.5538,3.8266
13385.0,3.8739,49.5396,1.037,109.2232,23.6287,3.8642
13390.0,3.875,50.135,1.0564,109.9797,23.8765,3.8467
13395.0,3.8746,50.1051,1.0419,110.5368,23.7646,3.8513
13400.0,3.8733,49.6673,1.046,110.3281,23.2598,3.8286
13405.0,3.8731,50.2779,1.0137,108.7747,23.2972,3.848
13410.0,3.8739,49.8488,1.0231,109.6605,23.6838,3.8743
13415.0,3.8748,49.9215,1.029,110.3413,23.9582,3.8749
13420.0,3.8724,50.0373,1.026,108.1596,23.1651,3.8616
13425.0,3.8743,49.8585,1.0561,109.035,23.7355,3.864
13430.0,3.8745,49.7022,1.0135,107.8272,23.7373,3.8512
13435.0,3.8755,49.7936,1.055,110.1192,24.2244,3.8744
13440.0,3.8743,49.6532,1.0313,108.9661,23.7897,3.8705
13445.0,3.8744,49.7521,1.0222,108.1204,23.9904,3.9046
13450.0,3.8743,50.1377,1.043,109.7124,23.9387,3.8998
13455.0,3.8724,49.779,1.0442,110.1943,23.3796,3.9024
13460.0,3.8751,50.1762,1.0577,109.761,24.1132,3.885
13465.0,3.8745,50.0023,1.0651,109.6334,23.9839,3.8936
13470.0,3.8748,50.0241,1.0389,111.144,24.0662,3.8967
13475.0,3.8771,49.4925,1.0423,108.9232,24.9298,3.8929
13480.0,3.8735,49.4998,1.0301,108.8597,23.4364,3.855
13485.0,3.8761,50.0914,1.0543,109.677,24.3979,3.8645
13490.0,3.8747,49.84,1.0498,110.0345,23.9042,3.8716
13495.0,3.8752,49.482,1.0309,108.6716,24.0573,3.8673
13500.0,3.8747,49.5711,1.0443,108.7349,23.9836,3.8852
13505.0,3.8746,49.9534,1.0462,108.7251,23.8984,3.8774
13510.0,3.8747,49.6868,1.0484,109.5868,23.8717,3.8619
13515.0,3.8752,49.5888,1.0383,108.6349,24.1062,3.8724
13520.0,3.874,49.6403,1.0297,109.1176,23.6543,3.8664
13525.0,3.8756,49.4652,1.0303,108.1057,24.231,3.8703
13530.0,3.8748,49.3652,1.0326,109.7395,23.9492,3.8696
13535.0,3.8746,50.1028,1.0197,110.0274,23.7807,3.8519
13540.0,3.8757,49.7971,1.0375,108.9542,23.9608,3.8118
13545.0,3.8764,49.7194,1.0478,110.1594,24.3976,3.8418
13550.0,3.8755,49.6891,1.0424,108.8719,23.9597,3.8305
13555.0,3.8758,49.9678,1.0509,109.0986,24.1934,3.8488
13560.0,3.8752,49.6703,1.0247,109.4773,23.9313,3.8447
13565.0,3.8765,49.6292,1.0246,109.5734,24.3138,3.8243
13570.0,3.8761,49.8047,1.0415,109.9954,24.3062,3.8479
13575.0,3.8765,50.3301,1.0423,108.774,24.6074,3.8769
13580.0,3.8753,49.6728,1.0328,110.2075,24.1119,3.8695
13585.0,3.8755,50.2824,1.041,109.617,24.3335,3.8954
13590.0,3.8756,49.2896,1.0572,110.2195,24.2015,3.8682
13595.0,3.8766,50.2868,1.0461,110.4191,24.5117,3.852
13600.0,3.8756,50.1623,1.02,107.8509,24.0188,3.8329
13605.0,3.8767,49.9888,1.0521,109.7144,24.3956,3.8203
13610.0,3.8759,50.101,1.0248,110.0285,24.1715,3.8391
13615.0,3.876,50.2181,1.0458,109.4666,24.2151,3.8422
13620.0,3.8758,49.6575,1.0266,109.1219,24.2651,3.8628
13625.0,3.8758,49.9237,1.0308,108.3913,24.3162,3.8765
13630.0,3.8752,49.6349,1.0312,109.4163,24.2352,3.8991
13635.0,3.8755,49.8692,1.0236,108.4179,24.3291,3.8948
13640.0,3.8762,50.3714,1.0488,109.3749,24.6811,3.9113
13645.0,3.8764,49.7291,1.0303,107.9562,24.5442,3.8711
13650.0,3.8763,49.5669,1.0484,109.7182,24.5264,3.8785
13655.0,3.8756,49.5512,1.07,110.983,24.2066,3.8692
13660.0,3.875,49.6116,1.0405,109.5385,24.1096,3.89
13665.0,3.8763,49.7749,1.0337,108.8917,24.5822,3.8895
13670.0,3.8769,49.7667,1.0371,109.1015,24.5739,3.8459
13675.0,3.8772,49.6878,1.043,109.2928,24.7346,3.847
13680.0,3.8758,49.8617,1.0335,107.9198,24.227,3.8551
13685.0,3.8764,49.8848,1.0449,108.9254,24.3322,3.8328
13690.0,3.8755,49.8792,1.0489,110.0334,23.9914,3.8301
13695.0,3.8767,49.6017,1.0614,110.7837,24.3149,3.81
13700.0,3.8774,49.9514,1.0313,108.8454,24.6739,3.8153
13705.0,3.8766,50.0051,1.038,109.5409,24.3199,3.8194
13710.0,3.8775,50.0691,1.041,109.2438,24.6085,3.8019
13715.0,3.877,49.2599,1.0353,109.3096,24.4127,3.8014
13720.0,3.8773,50.2369,1.0262,108.951,24.5532,3.8042
13725.0,3.8766,49.6778,1.0363,109.2501,24.1972,3.7916
13730.0,3.8771,50.0778,1.0314,108.6287,24.5175,3.8099
13735.0,3.8749,49.9527,1.0431,109.1418,23.7604,3.8299
13740.0,3.877,50.0314,1.05,108.7484,24.4735,3.8142
13745.0,3.8762,49.6359,1.0428,110.1909,24.1247,3.808
13750.0,3.8779,50.1972,1.0519,110.2444,24.846,3.8054
13755.0,3.8778,49.4312,1.0206,110.3412,24.751,3.8031
13760.0,3.8773,49.926,1.0518,109.6738,24.6855,3.8243
13765.0,3.8781,50.1162,1.0359,109.9464,24.9613,3.8139
13770.0,3.8769,50.1642,1.0213,108.9965,24.3561,3.8006
13775.0,3.8787,50.2655,1.0363,109.1215,25.0425,3.7724
13780.0,3.8781,49.7248,1.0352,110.5934,24.851,3.7945
13785.0,3.8774,50.2108,1.0285,109.6924,24.5711,3.8007
13790.0,3.8785,50.0012,1.0525,110.233,24.9265,3.7717
13795.0,3.8774,49.6924,1.0323,109.5351,24.3784,3.7624
13800.0,3.8775,50.1069,1.0572,111.1046,24.4613,3.7663
13805.0,3.8775,49.3273,1.0464,110.0928,24.5277,3.7831
13810.0,3.8775,49.4949,1.036,110.0617,24.5601,3.787
13815.0,3.8768,49.6969,1.0291,109.7491,24.4407,3.8214
13820.0,3.8783,49.0021,1.0349,110.0268,25.0231,3.808
13825.0,3.8772,50.5336,1.0299,108.9037,24.6651,3.8309
13830.0,3.8775,50.5553,1.0455,110.2667,24.8305,3.8424
13835.0,3.8772,50.2422,1.0262,108.7324,24.6124,3.821
13840.0,3.877,49.1225,1.0359,109.1581,24.3124,3.787
13845.0,3.8781,50.077,1.0323,108.7012,24.8476,3.7942
13850.0,3.8773,49.7172,1.0328,109.7788,24.3146,3.7603
13855.0,3.8784,50.2256,1.0436,110.651,24.7882,3.7525
13860.0,3.8779,49.9584,1.0475,109.7782,24.4759,3.7431
13865.0,3.8792,49.9431,1.0282,109.0676,25.3274,3.7663
13870.0,3.8785,49.8589,1.0286,108.4505,25.0711,3.7918
13875.0,3.8778,49.8292,1.0525,110.0355,24.8824,3.8216
13880.0,3.878,49.8133,1.0446,109.0993,25.1845,3.8609
13885.0,3.877,49.6283,1.0398,110.1589,24.6697,3.8472
13890.0,3.8778,50.1309,1.0314,108.6169,25.0298,3.8483
13895.0,3.8779,49.7755,1.0281,108.2562,24.9566,3.8309
13900.0,3.8777,50.2566,1.0495,109.8122,24.9853,3.8524
13905.0,3.8783,49.401,1.0504,110.4605,25.2501,3.843
13910.0,3.8782,49.7427,1.0488,108.666,25.1279,3.8302
13915.0,3.8779,49.9634,1.0437,109.6614,25.0296,3.839
13920.0,3.877,49.7831,1.0317,110.0569,24.5564,3.8317
13925.0,3.8773,49.9243,1.0274,109.8064,24.7429,3.8356
13930.0,3.8777,50.1526,1.0281,109.1023,24.9649,3.8458
13935.0,3.8775,49.667,1.0503,110.3478,25.0316,3.8718
13940.0,3.8768,49.8566,1.0201,110.3541,24.7384,3.8751
13945.0,3.8787,50.0757,1.0422,109.5626,25.6366,3.8751
13950.0,3.8785,49.9014,1.0242,109.1075,25.4255,3.8579
13955.0,3.8781,49.5118,1.0467,110.2619,25.2096,3.8606
13960.0,3.8779,49.6803,1.0381,109.873,25.0897,3.8568
13965.0,3.8777,49.5322,1.0327,108.9596,25.0313,3.8554
13970.0,3.8774,49.7966,1.0521,109.4295,24.8591,3.8562
13975.0,3.8779,49.7474,1.0563,109.3869,25.1291,3.8598
13980.0,3.878,50.1733,1.0241,108.9279,25.1868,3.8626
13985.0,3.8774,49.7165,1.0519,110.5879,24.8245,3.851
13990.0,3.8783,49.8373,1.0417,110.0178,25.2311,3.8425
13995.0,3.8782,50.0387,1.0424,109.6132,25.1213,3.8358
14000.0,3.8772,50.0691,1.0488,110.7225,24.6958,3.8373
14005.0,3.8776,49.1138,1.0314,109.7777,24.9702,3.8549
14010.0,3.8778,50.0559,1.0486,109.988,25.0945,3.862
14015.0,3.8789,49.5216,1.0479,110.1379,25.6823,3.8641
14020.0,3.8781,50.2056,1.0405,109.9971,25.362,3.8815
14025.0,3.8771,49.2021,1.0382,109.6237,24.9015,3.8847
14030.0,3.8782,50.186,1.0498,110.748,25.3694,3.8788
14035.0,3.8772,49.9731,1.0532,110.1371,24.8735,3.869
14040.0,3.8784,49.9888,1.0521,110.0004,25.5434,3.8875
14045.0,3.8777,49.8662,1.0348,109.7075,25.1674,3.8815
14050.0,3.8781,50.2335,1.0606,109.5521,25.2741,3.8721
14055.0,3.8787,50.2384,1.0331,108.8628,25.6413,3.8743
14060.0,3.8775,50.6822,1.0331,109.5297,25.0004,3.8708
14065.0,3.8778,50.1065,1.037,109.2022,24.9852,3.8429
14070.0,3.8781,50.3153,1.0396,110.0995,25.2008,3.8573
14075.0,3.879,50.2486,1.0281,109.2596,25.6186,3.8473
14080.0,3.8776,49.9234,1.0216,108.5985,24.9914,3.8623
14085.0,3.8771,49.8895,1.0485,109.9426,24.6753,3.8474
14090.0,3.8786,49.4619,1.0269,109.8293,25.2827,3.8245
14095.0,3.8793,49.6355,1.03,109.4948,25.5455,3.8034
14100.0,3.8797,49.935,1.0297,110.9079,25.7197,3.7927
14105.0,3.8788,49.8348,1.0506,109.1936,25.3159,3.8083
14110.0,3.8787,50.0344,1.0778,111.4018,25.3408,3.8241
14115.0,3.8798,49.855,1.0355,107.9631,25.7441,3.7822
14120.0,3.8784,49.7964,1.0484,109.8856,25.0001,3.7945
14125.0,3.8792,49.9867,1.0439,108.253,25.3823,3.7843
14130.0,3.8797,49.2877,1.0368,109.7494,25.5389,3.7535
14135.0,3.88,49.9548,1.05,110.1416,25.6154,3.7299
14140.0,3.8799,50.2622,1.0205,109.5723,25.3874,3.7008
14145.0,3.8802,50.9105,1.0357,109.8041,25.5352,3.7008
14150.0,3.8793,50.0879,1.0344,109.4731,24.9161,3.6837
14155.0,3.8801,49.9077,1.0358,109.5734,25.3853,3.6822
14160.0,3.8801,50.1276,1.0448,109.2701,25.6748,3.729
14165.0,3.8796,50.3178,1.0322,108.8898,25.3274,3.7228
14170.0,3.8801,50.6525,1.0347,109.7272,25.5992,3.716
14175.0,3.8803,50.0394,1.0421,109.0476,25.7076,3.7124
14180.0,3.8802,50.3037,1.035,109.874,25.5216,3.6933
14185.0,3.8802,49.9388,1.0525,110.0349,25.6612,3.7128
14190.0,3.8799,49.7129,1.0374,109.2146,25.3891,3.7041
14195.0,3.8801,49.8136,1.0356,110.4324,25.5894,3.7211
14200.0,3.8803,50.5201,1.0352,108.8835,25.8048,3.7251
14205.0,3.8806,49.4848,1.0515,110.3872,25.7026,3.6785
14210.0,3.8804,50.0323,1.0562,110.7693,25.5277,3.6719
14215.0,3.8806,49.3934,1.0359,108.7584,25.7414,3.6863
14220.0,3.8809,50.4091,1.049,110.0123,25.875,3.6706
14225.0,3.8798,50.0045,1.0491,109.8205,25.1947,3.6799
14230.0,3.881,50.3223,1.0521,109.9446,26.0078,3.6669
14235.0,3.8809,49.8628,1.0431,110.1411,25.6447,3.6227
14240.0,3.8813,49.7794,1.0347,109.5062,25.8459,3.6034
14245.0,3.8819,49.6951,1.0214,109.0796,26.0494,3.5393
14250.0,3.8812,49.9702,1.0512,109.0475,25.4178,3.5277
14255.0,3.8814,50.6799,1.0286,109.7026,25.5939,3.53
14260.0,3.8817,49.3992,1.0434,110.3838,25.7095,3.5076
14265.0,3.8813,49.3273,1.0474,108.5411,25.5961,3.5408
14270.0,3.8821,49.941,1.0374,110.3878,26.2361,3.5347
14275.0,3.8814,49.8388,1.0392,110.6539,25.5984,3.5382
14280.0,3.8815,50.0378,1.039,108.7861,25.6839,3.5346
14285.0,3.8818,50.4776,1.0451,109.1432,25.884,3.5231
14290.0,3.8815,49.9329,1.0362,109.1516,25.5424,3.5128
14295.0,3.8814,49.9368,1.0491,109.8473,25.754,3.5553
14300.0,3.8818,49.7095,1.0487,110.1259,25.9422,3.5324
14305.0,3.8817,49.86,1.0437,108.8459,25.7894,3.527
14310.0,3.8816,49.7764,1.0321,109.6048,25.8591,3.5407
14315.0,3.8816,49.764,1.0455,109.7212,25.7598,3.5362
14320.0,3.8812,50.1851,1.0355,110.2208,25.5231,3.5472
14325.0,3.8817,49.9261,1.0188,108.22,25.9917,3.5478
14330.0,3.8824,49.7277,1.0227,109.3311,26.3594,3.4954
14335.0,3.8819,50.1503,1.0484,109.5403,25.9347,3.5068
14340.0,3.8821,50.0392,1.0478,110.2671,25.9957,3.4738
14345.0,3.8823,49.8596,1.0415,109.715,26.1218,3.4555
14350.0,3.8819,50.0155,1.0254,108.8586,25.6404,3.4431
14355.0,3.8826,50.1573,1.0526,109.7177,26.3925,3.4464
14360.0,3.8823,50.0565,1.0439,110.4858,26.0264,3.4463
14365.0,3.8825,50.1997,1.0326,109.8722,26.3927,3.4581
14370.0,3.8821,50.1548,1.0386,108.7335,25.8103,3.4517
14375.0,3.8826,50.3611,1.0455,110.3957,26.4568,3.4603
14380.0,3.8824,50.1172,1.0519,110.0871,26.2048,3.4498
14385.0,3.8824,49.9822,1.0387,108.8046,26.1578,3.4377
14390.0,3.8824,49.9872,1.0564,110.2668,26.0865,3.4404
14395.0,3.8823,49.1139,1.0559,111.0971,25.9743,3.4373
14400.0,3.8825,49.9527,1.0389,109.8635,26.3449,3.4509
14405.0,3.8822,49.9502,1.0238,109.3565,26.0881,3.4673
14410.0,3.8818,49.6316,1.0275,109.9262,25.5694,3.4613
14415.0,3.8821,50.4092,1.0434,110.6444,25.7899,3.4501
14420.0,3.8824,50.0233,1.0344,110.9497,26.0307,3.4214
14425.0,3.8824,50.3067,1.0405,109.4159,26.1625,3.4371
14430.0,3.8823,49.8106,1.0419,109.7772,26.0787,3.4433
14435.0,3.8827,50.1016,1.0342,108.5038,26.4053,3.432
14440.0,3.882,50.0785,1.0415,109.9361,25.6204,3.4253
14445.0,3.8826,49.5594,1.0386,110.1541,26.1516,3.4066
14450.0,3.8821,50.1702,1.0589,110.0504,25.6686,3.4209
14455.0,3.8825,49.6619,1.0442,110.3717,26.3203,3.4604
14460.0,3.8823,49.9414,1.0153,108.7753,26.114,3.4522
14465.0,3.8824,49.6897,1.0421,110.6874,26.2497,3.4736
14470.0,3.882,49.6989,1.0505,109.963,25.9359,3.4925
14475.0,3.8825,49.7288,1.0459,110.6964,26.4787,3.4827
14480.0,3.8825,49.4412,1.0488,110.2206,26.4261,3.48
14485.0,3.8824,50.4299,1.0455,110.3293,26.3183,3.4738
14490.0,3.8822,50.0911,1.0435,110.4964,26.1467,3.4794
14495.0,3.8825,50.0014,1.0527,109.9815,26.3306,3.469
14500.0,3.8822,50.3477,1.0545,110.9071,26.0154,3.461
14505.0,3.8826,50.4103,1.0422,108.9649,26.4124,3.4456
14510.0,3.8828,49.9913,1.0473,109.7413,26.6172,3.4375
14515.0,3.8827,50.2431,1.0377,109.3591,26.4786,3.4344
14520.0,3.8823,50.2824,1.0243,109.0527,26.0347,3.4527
14525.0,3.8826,50.0677,1.041,111.2941,26.3134,3.4394
14530.0,3.8823,49.6687,1.0356,110.3472,25.9056,3.422
14535.0,3.8827,49.2503,1.0324,108.8257,26.3778,3.4198
14540.0,3.8825,49.6497,1.0491,110.7921,26.353,3.4524
14545.0,3.8819,49.9647,1.0418,108.8556,25.7785,3.4699
14550.0,3.8819,49.6926,1.0443,110.0893,25.961,3.5027
14555.0,3.8823,49.9728,1.0375,111.1314,26.186,3.4722
14560.0,3.8824,50.0937,1.0611,110.0075,26.1868,3.4607
14565.0,3.8822,50.2129,1.0361,110.1351,25.9648,3.4632
14570.0,3.8825,49.8313,1.0555,110.0237,26.3695,3.4589
14575.0,3.8826,49.4787,1.0474,110.1204,26.3401,3.4375
14580.0,3.8825,50.001,1.0523,109.8741,26.2335,3.4452
14585.0,3.8824,50.2085,1.0279,109.2782,26.0979,3.4298
14590.0,3.8828,50.283,1.0315,109.2079,26.5536,3.4143
14595.0,3.8829,49.908,1.0223,109.8656,26.7098,3.4202
14600.0,3.8827,50.3462,1.0425,110.7328,26.1795,3.3797
14605.0,3.8827,49.8533,1.0375,110.0868,26.1517,3.3744
14610.0,3.8829,50.4768,1.055,109.2682,26.4317,3.3882
14615.0,3.8827,50.141,1.0413,111.726,26.2235,3.3824
14620.0,3.8828,50.094,1.0336,109.5093,26.2822,3.3793
14625.0,3.8829,50.3439,1.0319,108.9934,26.5059,3.3842
14630.0,3.8823,50.1485,1.032,109.6892,25.8474,3.4033
14635.0,3.8829,49.8017,1.037,110.1563,26.658,3.4169
14640.0,3.8827,49.6795,1.0429,110.5199,26.3502,3.4197
14645.0,3.8825,50.3147,1.0307,109.2983,26.2326,3.4363
14650.0,3.8826,49.5587,1.0377,109.3912,26.3165,3.4339
14655.0,3.8826,49.6707,1.0278,109.6173,26.3327,3.433
14660.0,3.8823,50.0003,1.0454,109.793,25.9124,3.4161
14665.0,3.8828,50.12,1.0447,109.3694,26.722,3.4495
14670.0,3.8825,49.9325,1.0386,108.0648,26.3615,3.464
14675.0,3.8824,50.0876,1.0383,110.2131,26.4647,3.5012
14680.0,3.8825,49.7689,1.0543,108.929,26.5945,3.508
14685.0,3.8819,50.4133,1.0291,108.9115,26.104,3.5334
14690.0,3.8822,49.7917,1.0409,109.5572,26.4801,3.545
14695.0,3.8822,49.7039,1.0477,111.1029,26.2972,3.5174
14700.0,3.8823,50.1101,1.0567,111.352,26.578,3.5509
14705.0,3.8814,49.9297,1.0333,108.9775,25.8367,3.5706
14710.0,3.8819,50.1914,1.0311,110.4847,26.3458,3.5764
14715.0,3.882,50.2663,1.0263,108.748,26.2218,3.5502
14720.0,3.8822,49.8199,1.0304,110.5539,26.4824,3.5528
14725.0,3.8822,50.0532,1.0338,108.6221,26.4935,3.5487
14730.0,3.882,50.1506,1.0292,108.5428,26.2007,3.534
14735.0,3.8818,49.66,1.045,110.032,26.201,3.5693
14740.0,3.8819,49.5094,1.0479,110.0615,26.3528,3.5927
14745.0,3.8816,49.8645,1.057,111.3308,26.1576,3.6001
14750.0,3.882,49.6069,1.0248,108.3962,26.5934,3.6074
14755.0,3.8816,50.2527,1.0543,109.7105,26.2916,3.6241
14760.0,3.8809,49.5272,1.0586,109.7805,25.6581,3.617
14765.0,3.8815,49.829,1.0307,108.3995,26.292,3.648
14770.0,3.8812,50.0723,1.0427,107.6899,26.1268,3.6606
14775.0,3.8809,49.6258,1.0414,109.8096,25.9792,3.6836
14780.0,3.8811,50.3936,1.029,108.5626,26.0781,3.672
14785.0,3.8814,49.308,1.05,109.3172,26.4152,3.6796
14790.0,3.8817,50.2259,1.0486,109.9494,26.7203,3.6941
14795.0,3.8816,49.6704,1.0183,109.0745,26.4666,3.6668
14800.0,3.8811,49.7019,1.0612,109.4275,26.2367,3.6967
14805.0,3.8812,49.6584,1.055,110.8605,26.5023,3.7221
14810.0,3.8811,50.0038,1.0398,109.3479,26.2734,3.7065
14815.0,3.8811,50.2046,1.0541,109.8639,26.2142,3.7003
14820.0,3.8809,50.1334,1.0529,110.262,26.0989,3.6991
14825.0,3.8807,50.0987,1.0343,109.9899,25.949,3.702
14830.0,3.8814,50.45,1.0534,110.4844,26.2889,3.6655
14835.0,3.8814,49.9506,1.0437,110.014,26.4251,3.6806
14840.0,3.8815,49.5652,1.0358,108.9997,26.3606,3.6582
14845.0,3.8814,50.491,1.0413,109.7136,26.2799,3.6543
14850.0,3.8813,49.9969,1.0485,111.6728,26.1464,3.6556
14855.0,3.8817,49.9528,1.0543,109.7403,26.5337,3.6478
14860.0,3.8812,50.0703,1.0518,108.6477,26.0511,3.6523
14865.0,3.8815,50.5214,1.0354,109.5732,26.573,3.6921
14870.0,3.8811,49.611,1.0331,109.0531,26.127,3.6821
14875.0,3.8815,50.2058,1.0442,111.0462,26.1878,3.6266
14880.0,3.8813,49.2457,1.027,109.1753,26.0076,3.62
14885.0,3.8817,49.9125,1.0493,110.2973,26.2471,3.6121
14890.0,3.8819,49.8412,1.0252,109.767,26.6144,3.6293
14895.0,3.8819,49.9559,1.0529,110.1668,26.4974,3.6211
14900.0,3.8819,50.0877,1.0447,109.9753,26.611,3.6291
14905.0,3.8819,49.6613,1.0399,109.344,26.4947,3.6149
14910.0,3.8815,50.1469,1.0391,109.865,26.0859,3.6146
14915.0,3.8814,49.5954,1.0367,109.4466,26.2767,3.6545
14920.0,3.8812,49.5622,1.0418,108.4092,26.1618,3.6629
14925.0,3.8816,50.01,1.0336,108.6766,26.6868,3.6958
14930.0,3.881,49.8012,1.0394,109.2304,26.0522,3.6764
14935.0,3.8818,49.969,1.0364,110.0992,26.572,3.6533
14940.0,3.8818,50.0667,1.049,109.4128,26.5688,3.6416
14945.0,3.8822,50.0135,1.0358,109.9382,26.7999,3.6136
14950.0,3.8817,49.6628,1.0146,108.8431,26.2369,3.6094
14955.0,3.8818,49.6064,1.019,108.718,26.5142,3.6327
14960.0,3.8822,49.8196,1.0626,112.1286,26.9031,3.6176
14965.0,3.8816,50.2863,1.0447,109.5625,26.1748,3.609
14970.0,3.8812,49.7181,1.0506,110.5286,25.9419,3.6237
14975.0,3.881,49.9558,1.0499,110.3211,25.852,3.6378
14980.0,3.8817,49.7103,1.0345,109.7938,26.4964,3.6506
14985.0,3.8809,50.2915,1.0203,108.8535,25.8435,3.653
14990.0,3.8812,49.7288,1.0366,109.7102,26.2172,3.6773
14995.0,3.8815,50.1231,1.0476,109.0758,26.4156,3.6757
15000.0,3.8816,50.0848,1.0572,110.0205,26.3483,3.6476
15005.0,3.8818,49.5739,1.0345,108.1843,26.4041,3.6094
15010.0,3.8817,49.897,1.0341,109.1978,26.349,3.6139
15015.0,3.882,49.9468,1.0527,109.5626,26.6086,3.62
15020.0,3.8815,50.2662,1.0269,108.1494,26.0463,3.5948
15025.0,3.8814,49.9718,1.0237,110.1332,26.1104,3.6253
15030.0,3.8814,49.3567,1.0315,108.8849,26.0817,3.6209
15035.0,3.8819,50.3378,1.0235,108.9808,26.4776,3.6138
15040.0,3.8819,50.4633,1.0187,109.6076,26.4902,3.6189
15045.0,3.8817,50.5859,1.0552,110.0014,26.3729,3.6195
15050.0,3.882,49.9084,1.044,110.424,26.5508,3.6081
15055.0,3.8813,49.9063,1.054,111.4235,25.9552,3.6166
15060.0,3.8819,49.669,1.0306,109.5579,26.6611,3.6317
15065.0,3.882,49.2633,1.0272,110.1117,26.6197,3.6143
15070.0,3.8817,50.037,1.0623,110.1335,26.4173,3.6289
15075.0,3.8818,49.9079,1.0229,109.3731,26.6733,3.6551
15080.0,3.8808,49.757,1.0403,109.1718,25.808,3.66
15085.0,3.8812,49.8119,1.0419,109.4531,26.0852,3.6532
15090.0,3.8812,49.7221,1.0464,109.6917,26.0266,3.6511
15095.0,3.8816,49.9911,1.0362,109.2621,26.3849,3.6526
15100.0,3.881,49.4337,1.0568,110.0857,25.9359,3.6543
15105.0,3.8815,50.1072,1.0336,111.4449,26.3817,3.6586
15110.0,3.8818,50.3872,1.0292,109.2682,26.5287,3.6337
15115.0,3.8816,50.1311,1.0094,109.8182,26.3536,3.6443
15120.0,3.8815,50.1337,1.0312,108.8415,26.2443,3.6452
15125.0,3.8812,49.9837,1.036,110.8774,25.92,3.633
15130.0,3.8812,49.9111,1.0576,110.6688,25.9487,3.6371
15135.0,3.8816,50.1112,1.0563,109.2034,26.4661,3.6557
15140.0,3.8814,50.0499,1.0279,108.4138,26.3419,3.6673
15145.0,3.8813,49.3897,1.0509,112.2417,26.1305,3.653
15150.0,3.8813,50.0112,1.0553,110.6683,26.0288,3.6374
15155.0,3.8806,50.0783,1.0334,108.9757,25.6199,3.6543
15160.0,3.8809,50.0795,1.0543,110.5195,25.8516,3.6519
15165.0,3.8819,50.231,1.0348,110.0883,26.59,3.6319
15170.0,3.881,49.8962,1.0491,110.2278,25.7849,3.6278
15175.0,3.8816,50.0753,1.0451,110.5187,26.1451,3.6084
15180.0,3.8818,50.1745,1.0554,109.6677,26.3422,3.6006
15185.0,3.8812,49.7373,1.0565,109.0075,25.7692,3.5944
15190.0,3.8814,49.7777,1.0584,110.8027,26.1216,3.623
15195.0,3.8815,49.5038,1.0375,108.8348,26.3023,3.6532
15200.0,3.8814,49.6033,1.0564,109.5568,26.0633,3.6277
15205.0,3.8821,49.9926,1.025,109.8184,26.7696,3.6154
15210.0,3.8808,50.0133,1.0521,111.4947,25.6275,3.6312
15215.0,3.8815,49.5445,1.0476,109.6401,26.3015,3.639
15220.0,3.8813,50.0335,1.0322,110.0036,25.9857,3.6287
15225.0,3.8815,50.3215,1.0378,108.2368,26.2138,3.6381
15230.0,3.8813,49.7416,1.0414,109.4394,26.1231,3.6421
15235.0,3.8809,49.4509,1.0331,111.1537,25.8214,3.6523
15240.0,3.8812,50.0171,1.0528,111.7413,26.0537,3.653
15245.0,3.8808,50.1964,1.0416,108.0461,25.5237,3.617
15250.0,3.8816,50.0999,1.0483,110.1492,26.1306,3.5997
15255.0,3.8816,49.4331,1.0467,110.4858,26.0459,3.5892
15260.0,3.8815,49.9511,1.0411,110.1659,26.1226,3.6084
15265.0,3.8818,49.6863,1.0272,109.7065,26.2189,3.5889
15270.0,3.8817,49.9027,1.0347,109.4304,26.0377,3.5704
15275.0,3.8816,50.2489,1.0614,110.329,25.9742,3.5667
15280.0,3.8814,50.3674,1.0471,109.8942,25.7082,3.5613
15285.0,3.8813,49.6915,1.0358,109.6524,25.7416,3.5793
15290.0,3.8817,50.1138,1.0368,110.6012,26.2075,3.5934
15295.0,3.8817,50.4313,1.0331,110.6292,26.261,3.6036
15300.0,3.8813,50.756,1.0413,109.548,25.8335,3.596
15305.0,3.8813,49.8035,1.0226,108.6704,25.8955,3.5998
15310.0,3.8811,49.5075,1.0358,108.9208,25.6488,3.5978
15315.0,3.8816,50.4154,1.0325,108.9807,26.159,3.6016
15320.0,3.8815,49.9488,1.0338,110.1983,26.0231,3.5979
15325.0,3.8819,49.8015,1.0421,110.8034,26.3328,3.5858
15330.0,3.8811,49.675,1.0454,110.1136,25.6186,3.5829
15335.0,3.8812,49.9049,1.0491,110.4119,25.7344,3.5898
15340.0,3.8815,49.9195,1.0369,108.9068,25.8774,3.5728
15345.0,3.8815,49.8084,1.0665,110.1642,25.9718,3.5903
15350.0,3.8813,50.1018,1.026,110.6598,25.7468,3.583
15355.0,3.8807,49.4213,1.0371,109.1291,25.5729,3.6279
15360.0,3.8813,51.0081,1.0311,109.0733,26.002,3.6181
15365.0,3.8811,49.6747,1.0652,110.5414,25.9523,3.6422
15370.0,3.8807,49.9257,1.04,109.6697,25.5333,3.6345
15375.0,3.8815,49.7671,1.0441,110.425,26.0916,3.6087
15380.0,3.8817,50.0072,1.0533,111.0428,26.0355,3.5709
15385.0,3.8813,50.2413,1.0487,109.9711,25.7668,3.5874
15390.0,3.8812,49.7044,1.0254,110.3418,25.7433,3.5888
15395.0,3.8815,50.1595,1.0343,110.3151,25.8521,3.5662
15400.0,3.8811,49.8523,1.0448,109.7454,25.4883,3.5657
15405.0,3.8814,50.3046,1.0767,110.6,25.7013,3.5599
15410.0,3.8807,49.3439,1.0406,109.4337,25.1457,3.5483
15415.0,3.8816,50.0742,1.0486,110.5217,25.893,3.556
15420.0,3.881,49.9212,1.0422,110.0579,25.2735,3.5402
15425.0,3.8817,49.1572,1.0486,110.518,26.0296,3.5617
15430.0,3.8811,49.3033,1.0215,109.6805,25.5612,3.5702
15435.0,3.8812,50.3296,1.0281,108.6178,25.5807,3.5595
15440.0,3.881,49.521,1.0431,109.9823,25.4665,3.5651
15445.0,3.8811,49.5564,1.03,111.2171,25.5413,3.5745
15450.0,3.8814,49.7866,1.0249,109.0004,25.9577,3.5971
15455.0,3.88,49.8305,1.0237,108.7428,24.9709,3.6094
15460.0,3.8813,49.8836,1.0578,109.6157,25.9018,3.6099
15465.0,3.8807,49.8292,1.0395,109.4924,25.6568,3.6472
15470.0,3.8802,49.9102,1.0399,109.5076,25.2602,3.6385
15475.0,3.8801,50.4374,1.0496,110.1339,25.2828,3.6582
15480.0,3.881,49.8558,1.0496,110.4817,25.9604,3.6658
15485.0,3.8801,50.1754,1.0354,108.5032,25.2946,3.6655
15490.0,3.8802,50.1111,1.0622,110.8698,25.2322,3.634
15495.0,3.881,50.0541,1.0518,111.2125,25.7945,3.6279
15500.0,3.8806,49.3301,1.0533,110.6354,25.5844,3.6476
15505.0,3.8801,50.3522,1.0305,109.2286,25.2548,3.6521
15510.0,3.8804,50.0417,1.0452,109.4538,25.533,3.6644
15515.0,3.88,50.0311,1.0586,110.2054,25.2119,3.6617
15520.0,3.8805,50.128,1.0375,109.4804,25.7331,3.6973
15525.0,3.8804,49.9444,1.0292,109.5005,25.7127,3.6994
15530.0,3.8804,50.388,1.0421,108.4839,25.5698,3.6747
15535.0,3.8804,49.795,1.0406,110.3176,25.5167,3.6605
15540.0,3.881,49.7766,1.0562,109.2168,25.8561,3.6521
15545.0,3.8802,49.8302,1.0388,110.3881,25.4052,3.6748
15550.0,3.8792,49.7241,1.0361,109.0027,25.0992,3.725
15555.0,3.8799,49.5753,1.0277,108.3179,25.4965,3.7269
15560.0,3.8805,50.0571,1.0593,110.0165,25.8951,3.7273
15565.0,3.8788,50.7061,1.0348,109.4824,25.1093,3.767
15570.0,3.8793,49.8765,1.031,108.3701,25.2621,3.7471
15575.0,3.8798,49.9966,1.0432,110.0724,25.446,3.7324
15580.0,3.8797,50.1939,1.0427,110.1055,25.3178,3.7203
15585.0,3.8794,49.764,1.0417,109.2752,25.0751,3.7039
15590.0,3.8804,50.3728,1.0429,109.59,25.5906,3.6801
15595.0,3.8808,49.7245,1.0148,108.776,25.8795,3.6797
15600.0,3.8799,50.2816,1.0326,109.5159,25.338,3.6985
15605.0,3.8794,49.7555,1.0367,109.1932,25.0524,3.7009
15610.0,3.8792,49.3953,1.0416,109.4725,24.8806,3.6901
15615.0,3.8797,49.3442,1.0348,109.0715,25.3217,3.7111
15620.0,3.8803,49.4552,1.0373,110.3092,25.5226,3.6827
15625.0,3.8798,50.1727,1.043,109.8394,25.3549,3.7067
15630.0,3.8794,49.9542,1.0433,110.7221,25.225,3.7273
15635.0,3.8794,49.6791,1.0405,110.6512,25.0677,3.7052
15640.0,3.8793,49.748,1.0284,109.7667,24.9315,3.6923
15645.0,3.8802,50.3514,1.0351,109.798,25.4027,3.6659
15650.0,3.8805,49.2229,1.0323,111.0362,25.4119,3.6399
15655.0,3.8794,49.9536,1.0327,108.8245,24.7866,3.6447
15660.0,3.8805,49.8136,1.0346,109.092,25.56,3.6634
15665.0,3.8804,50.2956,1.029,108.8229,25.2956,3.6299
15670.0,3.8808,50.159,1.0415,109.3536,25.4915,3.6141
15675.0,3.8796,49.8594,1.0483,108.7096,24.7956,3.6263
15680.0,3.8797,50.1483,1.0225,110.2531,24.7793,3.6106
15685.0,3.8802,50.3925,1.0365,109.0066,25.0731,3.6115
15690.0,3.8806,49.9343,1.0341,108.3622,25.2257,3.5874
15695.0,3.8807,49.6247,1.0467,110.8803,25.5387,3.6277
15700.0,3.8802,50.2067,1.0628,109.5291,25.2558,3.6458
15705.0,3.8797,49.5924,1.0419,109.6448,25.0083,3.6568
15710.0,3.8791,49.8751,1.0412,109.6267,24.8021,3.688
15715.0,3.8797,49.7282,1.0457,108.8461,25.3559,3.7249
15720.0,3.8786,49.7602,1.0383,110.4493,24.797,3.7364
15725.0,3.8798,50.0399,1.0329,109.5936,25.4351,3.7257
15730.0,3.8791,49.7173,1.0461,109.3591,24.9467,3.7106
15735.0,3.8799,49.5442,1.0352,109.1831,25.4053,3.7078
15740.0,3.8792,49.4549,1.0537,109.7262,25.1672,3.7402
15745.0,3.8786,49.852,1.0232,108.6902,24.9531,3.7589
15750.0,3.8785,50.5329,1.0296,108.0433,24.8475,3.7561
15755.0,3.8785,49.5689,1.0441,109.4606,24.882,3.7567
15760.0,3.8788,49.9807,1.0349,109.6214,25.0643,3.7633
15765.0,3.8784,49.8174,1.0217,108.9579,24.9666,3.7823
15770.0,3.8786,49.8399,1.0367,109.2588,24.7889,3.7331
15775.0,3.8786,49.9467,1.0649,111.0035,24.886,3.7466
15780.0,3.8788,49.9499,1.0339,108.3812,24.9372,3.7362
15785.0,3.8779,50.3065,1.0329,108.752,24.3756,3.7187
15790.0,3.8789,50.1403,1.059,110.8802,25.0125,3.7466
15795.0,3.8778,50.0296,1.0367,110.0325,24.6433,3.7808
15800.0,3.8774,49.3807,1.0305,109.5097,24.5901,3.806
15805.0,3.8777,49.731,1.0351,110.0827,24.447,3.7539
15810.0,3.8774,50.2658,1.0431,110.1662,24.4107,3.765
15815.0,3.8777,50.1914,1.0356,109.6568,24.5107,3.7598
15820.0,3.8784,49.7945,1.0318,110.1225,24.6627,3.7291
15825.0,3.8795,50.205,1.0448,109.5008,25.3188,3.738
15830.0,3.8783,49.8815,1.0519,109.3173,24.6896,3.7462
15835.0,3.8788,50.2331,1.0484,111.0734,24.856,3.7296
15840.0,3.8789,49.8301,1.058,109.6945,24.9023,3.7266
15845.0,3.8787,50.1625,1.0331,109.0439,24.8257,3.7283
15850.0,3.8787,49.4621,1.0491,109.4304,24.7643,3.7224
15855.0,3.878,50.0244,1.0067,108.6459,24.4756,3.7254
15860.0,3.8793,49.8383,1.0139,109.1238,25.1279,3.7205
15865.0,3.8796,49.6987,1.0326,110.723,25.2079,3.7086
15870.0,3.8777,49.6918,1.0513,109.6374,24.3263,3.7233
15875.0,3.8785,50.0237,1.0519,108.645,24.4819,3.6845
15880.0,3.8786,49.8412,1.0316,109.1971,24.659,3.7025
15885.0,3.8782,49.7121,1.0367,109.448,24.4789,3.7096
15890.0,3.8791,49.9951,1.0443,110.9136,24.8377,3.6877
15895.0,3.8787,49.9057,1.0292,109.1682,24.5203,3.674
15900.0,3.8803,49.9697,1.0362,111.541,25.2349,3.6257
15905.0,3.8802,50.0982,1.0338,109.6556,24.9825,3.5941
15910.0,3.8799,49.6253,1.0364,109.1352,24.7294,3.5811
15915.0,3.8803,49.8326,1.0386,109.3002,24.9244,3.5641
15920.0,3.8803,49.5046,1.0567,110.1767,24.9356,3.5667
15925.0,3.88,49.8331,1.0616,110.1709,24.5096,3.5211
15930.0,3.8799,49.843,1.0355,107.386,24.4382,3.5155
15935.0,3.8803,50.0957,1.0233,109.6276,24.6534,3.5123
15940.0,3.8809,49.3542,1.0314,109.499,24.841,3.4729
15945.0,3.8808,49.5672,1.0449,109.215,24.6521,3.4421
15950.0,3.8804,49.7739,1.064,110.2561,24.2149,3.4056
15955.0,3.881,49.7388,1.0487,109.4383,24.4003,3.3583
15960.0,3.8811,49.9977,1.0252,109.843,24.5745,3.3732
15965.0,3.8813,49.6165,1.0389,110.2087,24.5661,3.3444
15970.0,3.8821,50.0197,1.0622,111.2064,25.0702,3.2908
15975.0,3.8816,49.7529,1.0374,109.6949,24.2227,3.2251
15980.0,3.8823,50.2139,1.0337,109.9386,24.6878,3.1834
15985.0,3.8826,49.8525,1.0422,109.8892,24.926,3.1593
15990.0,3.8827,50.1809,1.0436,111.2397,25.1139,3.1541
15995.0,3.8823,49.8621,1.0361,110.3347,24.4374,3.1071
16000.0,3.8826,49.6677,1.056,110.6585,24.6538,3.0929
16005.0,3.8828,49.9805,1.029,108.9455,24.6659,3.0512
16010.0,3.8828,49.8263,1.0542,109.789,24.565,3.0128
16015.0,3.8827,49.789,1.0547,109.0982,24.4841,3.0188
16020.0,3.8829,50.4585,1.0353,109.8089,24.6106,2.9813
16025.0,3.8822,49.8481,1.0389,110.8997,23.8613,3.0086
16030.0,3.8829,50.175,1.0256,108.5571,24.6578,3.0067
16035.0,3.883,49.6822,1.0165,110.3247,24.5118,2.9519
16040.0,3.8829,50.2706,1.0443,110.5227,24.4177,2.9374
16045.0,3.8832,49.8815,1.0413,109.708,24.9782,2.9794
16050.0,3.8827,49.7196,1.0392,109.4283,24.2909,2.967
16055.0,3.8828,50.3134,1.0335,110.8293,24.3521,2.9586
16060.0,3.8833,49.9518,1.0613,111.4343,24.9441,2.9318
16065.0,3.8829,50.0681,1.0467,110.5932,24.2317,2.9019
16070.0,3.883,50.2751,1.0364,109.999,24.2956,2.8833
16075.0,3.8832,49.8966,1.0263,107.5666,24.39,2.8521
16080.0,3.8835,50.1869,1.0561,109.8667,24.6306,2.8058
16085.0,3.8833,49.8492,1.0361,108.9862,24.4661,2.8214
16090.0,3.8832,49.8984,1.0226,109.9868,24.0848,2.7702
16095.0,3.8834,50.0616,1.035,109.2321,24.2688,2.7308
16100.0,3.8835,50.5102,1.0609,111.8825,24.2439,2.7057
16105.0,3.8836,49.8876,1.0175,110.1162,24.3705,2.6731
16110.0,3.8837,49.9466,1.0175,108.6836,24.4904,2.6644
16115.0,3.8837,49.8531,1.0246,108.2686,24.4826,2.671
16120.0,3.8834,50.4277,1.0587,110.2109,23.9284,2.6506
16125.0,3.8838,50.13,1.0423,109.4231,24.6327,2.6441
16130.0,3.8837,50.1366,1.0295,108.9453,24.4243,2.6354
16135.0,3.8838,50.0295,1.0504,109.6312,24.7018,2.6583
16140.0,3.8837,49.886,1.047,110.1227,24.4613,2.6464
16145.0,3.8838,50.1442,1.0541,110.2683,24.6203,2.6444
16150.0,3.8837,50.1496,1.0268,109.6127,24.4564,2.6294
16155.0,3.8838,50.7927,1.0394,109.5226,24.6711,2.6498
16160.0,3.8837,50.2181,1.0409,110.9335,24.46,2.6633
16165.0,3.8837,50.1466,1.0484,109.516,24.3,2.6158
16170.0,3.884,49.8975,1.027,108.0874,24.8877,2.5857
16175.0,3.8838,50.5461,1.0247,109.5281,24.537,2.5991
16180.0,3.8838,50.6396,1.0401,109.8253,24.4535,2.6008
16185.0,3.8836,50.1408,1.0411,110.6132,23.9863,2.592
16190.0,3.8836,50.2154,1.0277,111.0027,23.9787,2.5814
16195.0,3.8838,49.9687,1.0542,109.7434,24.3695,2.5684
16200.0,3.8838,49.848,1.0494,111.0329,24.3283,2.5619
16205.0,3.8838,49.9245,1.0268,109.2341,24.134,2.5346
16210.0,3.8838,50.1357,1.0277,110.3704,24.3186,2.5516
16215.0,3.884,50.4911,1.0471,111.0168,24.6764,2.5602
16220.0,3.8839,49.8008,1.0326,109.0067,24.449,2.5449
16225.0,3.8837,49.739,1.0618,111.1516,23.9859,2.531
16230.0,3.8839,50.2286,1.0319,110.8186,24.2394,2.5189
16235.0,3.8838,50.2909,1.0464,110.3137,24.0622,2.4974
16240.0,3.8838,50.138,1.0173,108.6121,24.1628,2.4999
16245.0,3.8839,50.6687,1.0442,110.824,24.1527,2.4689
16250.0,3.8839,50.3348,1.0402,109.2146,24.1332,2.4744
16255.0,3.8838,49.9292,1.0573,110.6489,23.9353,2.477
16260.0,3.884,50.3889,1.0378,110.3368,24.2138,2.4287
16265.0,3.884,49.8118,1.0363,109.1002,24.1023,2.4028
16270.0,3.8838,50.5343,1.0376,109.6213,23.5069,2.3351
16275.0,3.8843,50.0947,1.0476,110.3145,24.7494,2.3496
16280.0,3.8842,50.0151,1.0458,110.2309,24.5053,2.3318
16285.0,3.8841,49.8158,1.0437,109.0919,24.1361,2.3406
16290.0,3.8841,50.3443,1.0274,108.8486,24.232,2.3271
16295.0,3.884,50.0944,1.0202,108.6707,23.9316,2.3158
16300.0,3.8843,50.2005,1.0279,109.8033,24.6458,2.3101
16305.0,3.8843,50.2582,1.0611,110.5155,24.6936,2.3202
16310.0,3.8842,50.1487,1.0538,110.8264,24.256,2.3153
16315.0,3.8842,50.3855,1.0445,110.0984,24.4703,2.3087
16320.0,3.8842,50.0933,1.0497,109.7386,24.2559,2.2678
16325.0,3.8841,49.5053,1.0312,108.822,23.8756,2.2809
16330.0,3.8842,50.1713,1.0571,111.9085,24.1047,2.2527
16335.0,3.8842,49.4983,1.0572,110.1525,24.2386,2.2578
16340.0,3.8842,50.4279,1.0372,110.6,24.09,2.2526
16345.0,3.8842,50.1336,1.0511,110.2301,24.1471,2.2409
16350.0,3.8842,49.9598,1.0295,109.3205,24.1771,2.2384
16355.0,3.8842,49.6574,1.0431,111.1684,24.178,2.2322
16360.0,3.8842,49.8021,1.0211,107.5194,24.2097,2.2378
16365.0,3.8842,50.2182,1.0405,111.2865,23.9299,2.234
16370.0,3.8842,50.3303,1.0246,109.0929,24.0144,2.2223
16375.0,3.8841,50.2932,1.0436,109.7862,23.8711,2.2466
16380.0,3.8843,49.6737,1.0378,110.3453,24.4354,2.2298
16385.0,3.8841,50.0668,1.0506,109.6645,23.6634,2.1888
16390.0,3.8844,50.0246,1.036,110.0794,24.4771,2.182
16395.0,3.8844,50.1233,1.0496,109.5133,24.5342,2.1796
16400.0,3.8843,49.3197,1.0399,110.4424,24.1112,2.1537
16405.0,3.8841,49.9738,1.0482,109.6142,23.5351,2.1311
16410.0,3.8843,50.2372,1.0485,110.9966,24.0948,2.1382
16415.0,3.8843,49.6979,1.0468,110.157,24.1684,2.1489
16420.0,3.8843,49.7685,1.0444,109.7739,23.9312,2.1551
16425.0,3.8843,49.8644,1.0526,109.2859,24.0545,2.1294
16430.0,3.8845,49.9435,1.0406,111.4614,24.5655,2.1244
16435.0,3.8844,50.1649,1.0351,110.2342,24.3488,2.0789
16440.0,3.8844,49.9395,1.0267,109.1247,23.9512,2.0497
16445.0,3.8843,50.18,1.0605,112.0671,23.7828,2.0351
16450.0,3.8844,50.2034,1.0254,108.5385,24.1003,2.0306
16455.0,3.8844,49.8818,1.0479,109.5506,24.1287,2.0238
16460.0,3.8845,50.3238,1.0342,109.5519,24.3062,2.0176
16465.0,3.8844,50.0075,1.0426,110.2325,24.0485,2.018
16470.0,3.8845,50.0023,1.0379,110.1639,24.3105,2.0038
16475.0,3.8846,50.2165,1.0638,110.7666,24.6667,1.9896
16480.0,3.8845,49.871,1.0305,108.8593,24.3872,1.9859
16485.0,3.8845,50.0695,1.0644,111.6893,24.1718,1.9763
16490.0,3.8845,49.8305,1.0376,109.4641,24.1387,1.9652
16495.0,3.8845,50.3091,1.0373,110.2475,24.0959,1.958
16500.0,3.8845,49.7722,1.0656,110.693,24.481,1.9843
16505.0,3.8845,49.5197,1.0368,110.5642,24.0299,1.9614
16510.0,3.8845,50.018,1.0288,109.3329,24.1989,1.9432
16515.0,3.8845,50.0334,1.0521,110.3306,24.2014,1.9602
16520.0,3.8845,49.7761,1.0481,110.2414,24.0642,1.9584
16525.0,3.8844,50.3723,1.0534,111.6115,23.8477,1.9573
16530.0,3.8845,50.1629,1.0366,109.5378,24.2728,1.9625
16535.0,3.8845,49.4112,1.0521,109.5662,24.1781,1.938
16540.0,3.8846,49.7,1.0542,111.774,24.3198,1.9153
16545.0,3.8846,50.3283,1.0304,109.5561,24.0628,1.8456
16550.0,3.8846,49.1379,1.0572,111.3776,24.503,1.8585
16555.0,3.8845,49.8977,1.0508,109.9025,23.9802,1.8746
16560.0,3.8847,49.5234,1.0336,110.9622,24.6291,1.8573
16565.0,3.8845,49.8202,1.0307,109.9082,23.7659,1.8576
16570.0,3.8846,50.3545,1.0484,110.8092,24.3134,1.8319
16575.0,3.8846,50.3946,1.0526,110.5495,24.3255,1.8607
16580.0,3.8845,49.934,1.0407,109.2074,24.0097,1.8557
16585.0,3.8846,50.5119,1.0457,110.7291,24.3168,1.8013
16590.0,3.8847,49.6654,1.0481,110.0783,24.5327,1.804
16595.0,3.8845,50.1799,1.0382,110.5723,23.6609,1.7924
16600.0,3.8847,50.2447,1.054,110.5702,24.3431,1.781
16605.0,3.8845,50.2165,1.0443,111.2138,23.5964,1.7786
16610.0,3.8846,49.878,1.0449,110.9193,23.9808,1.7712
16615.0,3.8847,50.0476,1.0402,109.8717,24.632,1.7831
16620.0,3.8846,49.6769,1.0578,110.1575,24.0819,1.7766
16625.0,3.8846,49.5598,1.0476,109.3602,23.9365,1.7613
16630.0,3.8846,50.0437,1.0349,108.5389,24.1832,1.7678
16635.0,3.8847,50.1816,1.0631,111.0516,24.7525,1.7024
16640.0,3.8846,50.3176,1.0352,109.9301,23.7804,1.7129
16645.0,3.8846,49.8581,1.0489,110.6084,23.9785,1.6945
16650.0,3.8847,50.087,1.0458,109.6305,24.6187,1.7247
16655.0,3.8848,50.1222,1.0563,110.752,24.7118,1.6772
16660.0,3.8847,49.3238,1.0545,111.1192,24.2247,1.6694
16665.0,3.8847,50.104,1.0408,109.0347,23.944,1.6436
16670.0,3.8848,50.207,1.0373,109.5065,24.781,1.6406
16675.0,3.8848,49.9526,1.0357,110.9344,24.659,1.6099
16680.0,3.8847,50.3999,1.0345,109.3853,24.4335,1.6067
16685.0,3.8847,50.1082,1.0253,108.5389,24.0641,1.5689
16690.0,3.8848,50.3648,1.0488,109.944,24.2585,1.5087
16695.0,3.8848,50.0255,1.0368,110.2918,24.2343,1.4792
16700.0,3.8848,49.4911,1.0434,109.3763,24.3607,1.4592
16705.0,3.8848,50.098,1.0232,109.0036,24.6445,1.4523
16710.0,3.8848,50.1952,1.0341,109.619,24.5054,1.4462
16715.0,3.8848,49.6196,1.0327,110.5232,24.02,1.4358
16720.0,3.8848,49.7873,1.0423,109.6411,24.6374,1.4209
16725.0,3.8848,49.7052,1.0304,109.9943,24.3755,1.3848
16730.0,3.8848,49.5489,1.0238,109.5738,24.473,1.3823
16735.0,3.8848,49.9479,1.0359,109.8249,24.6719,1.3857
16740.0,3.8848,50.3123,1.0299,109.6546,24.0315,1.3709
16745.0,3.8848,49.8623,1.0324,109.5167,24.3047,1.35
16750.0,3.8848,50.4208,1.0133,109.0397,24.185,1.3329
16755.0,3.8848,49.8668,1.0247,109.1055,23.9302,1.3007
16760.0,3.8848,50.2174,1.0484,109.6992,24.4132,1.2651
16765.0,3.8849,49.6053,1.0257,109.7909,24.9588,1.2287
16770.0,3.8848,49.087,1.0481,110.0538,23.8754,1.17
16775.0,3.8849,49.8907,1.0472,109.1957,24.3319,1.1484
16780.0,3.8849,50.2728,1.0637,111.7106,24.5046,1.1462
16785.0,3.8849,50.0038,1.0455,110.3286,24.3799,1.1513
16790.0,3.8849,50.5437,1.0424,110.5594,24.3255,1.1439
16795.0,3.8848,50.3601,1.0452,109.5777,24.0337,1.1515
16800.0,3.8849,49.4089,1.0685,110.2213,24.4215,1.1375
16805.0,3.8849,49.916,1.0454,111.4593,24.1789,1.1148
16810.0,3.8848,49.7464,1.0435,110.9694,23.8255,1.0969
16815.0,3.8849,49.8353,1.026,109.5525,24.6765,1.1101
16820.0,3.8849,50.3026,1.0249,108.393,24.6224,1.0694
16825.0,3.8849,50.1331,1.0233,109.2418,24.4008,1.054
16830.0,3.8849,50.2876,1.0263,109.8656,24.4502,1.0283
16835.0,3.8849,49.3547,1.0388,109.881,24.6666,1.0339
16840.0,3.8849,50.5477,1.039,109.6867,24.4592,1.0315
16845.0,3.8849,49.8406,1.0584,111.1546,24.6343,0.9764
16850.0,3.8849,49.9494,1.0435,109.6159,24.3392,0.9636
16855.0,3.8849,49.5305,1.0696,110.1329,24.7468,0.9379
16860.0,3.8849,49.6198,1.0444,111.1709,24.5043,0.9264
16865.0,3.8849,50.1611,1.0372,110.4139,24.478,0.898
16870.0,3.8849,49.8809,1.0387,110.1531,24.1173,0.9214
16875.0,3.8849,49.6824,1.0452,110.33,24.512,0.9177
16880.0,3.8849,49.5717,1.0454,109.9046,24.2377,0.8831
16885.0,3.8849,49.9127,1.046,110.7599,24.2916,0.8653
16890.0,3.8849,50.061,1.0336,110.0666,24.2529,0.8482
16895.0,3.8849,50.4122,1.0546,110.6402,24.1957,0.8767
16900.0,3.8849,49.945,1.0545,111.6798,24.9991,0.861
16905.0,3.8849,50.1253,1.0333,108.7689,24.8064,0.8453
16910.0,3.8849,50.1117,1.0418,109.7175,24.9593,0.8341
16915.0,3.8849,49.5475,1.0496,108.5919,24.1792,0.8327
16920.0,3.8849,49.4976,1.0296,110.3386,24.5084,0.8466
16925.0,3.8849,50.2106,1.0358,109.4747,24.173,0.813
16930.0,3.8849,49.8891,1.0438,109.8872,24.3282,0.8206
16935.0,3.8849,50.4988,1.0433,109.8708,24.2784,0.7747
16940.0,3.8849,50.5025,1.0351,109.3931,24.8237,0.7955
16945.0,3.8849,50.369,1.0351,110.1483,24.4206,0.7595
16950.0,3.8849,50.5415,1.0487,110.8907,24.7927,0.7451
16955.0,3.8849,50.2681,1.0589,111.9663,24.6825,0.763
16960.0,3.885,49.6712,1.0238,108.2609,25.1134,0.7573
16965.0,3.8849,50.0956,1.0402,109.9951,24.1736,0.7509
16970.0,3.8849,50.0564,1.0324,109.7455,24.8642,0.7431
16975.0,3.885,50.0329,1.0629,111.7992,24.842,0.7056
16980.0,3.8849,49.675,1.0397,108.8643,24.3181,0.6929
16985.0,3.885,50.276,1.0332,109.6617,24.8193,0.6773
16990.0,3.885,50.4878,1.0462,110.0886,24.6576,0.6296
16995.0,3.8849,50.5494,1.0567,110.2507,24.5228,0.6311
17000.0,3.8849,49.8251,1.0532,110.061,24.3798,0.6367
17005.0,3.8849,49.8113,1.0379,110.0516,24.4122,0.6074
17010.0,3.885,49.541,1.0563,111.1623,25.1106,0.6092
17015.0,3.885,49.7755,1.0332,108.0952,24.6044,0.5964
17020.0,3.885,50.06,1.0568,109.7541,24.806,0.587
17025.0,3.8849,50.4907,1.0675,112.0651,24.4189,0.6172
17030.0,3.8849,50.0325,1.0572,111.6864,24.4279,0.6214
17035.0,3.885,49.6297,1.0542,111.1793,24.8996,0.6275
17040.0,3.8849,49.9822,1.0209,109.4074,24.2979,0.6141
17045.0,3.8849,49.9827,1.0567,110.8467,24.5377,0.6388
17050.0,3.885,49.77,1.0626,111.6841,24.6563,0.6428
17055.0,3.885,50.1983,1.0252,108.5191,24.6819,0.6107
17060.0,3.885,50.2324,1.0512,109.8045,24.6156,0.5897
17065.0,3.885,49.1769,1.0428,109.8162,24.7656,0.5609
17070.0,3.885,50.089,1.0232,108.3833,24.8461,0.5685
17075.0,3.885,50.1109,1.0335,108.3119,24.8629,0.5447
17080.0,3.885,50.0381,1.0397,110.7044,24.439,0.5548
17085.0,3.885,49.8491,1.0402,108.1309,24.6208,0.5559
17090.0,3.885,50.3628,1.044,110.6959,24.9968,0.5543
17095.0,3.885,49.7891,1.0473,109.3612,24.9281,0.5371
17100.0,3.885,49.9963,1.047,110.315,24.3675,0.5095
17105.0,3.885,49.7067,1.0354,109.2456,24.8049,0.5209
17110.0,3.8849,49.7115,1.0357,111.3724,24.2288,0.525
17115.0,3.885,50.2415,1.0248,109.8882,24.7414,0.5264
17120.0,3.885,50.366,1.023,109.4306,25.2104,0.4899
17125.0,3.885,49.7407,1.0421,111.2351,24.5053,0.4695
17130.0,3.885,50.1063,1.0315,110.9649,24.54,0.5039
17135.0,3.885,49.8116,1.0567,109.8042,24.9459,0.5127
17140.0,3.885,50.1443,1.0388,109.5744,24.3755,0.4889
17145.0,3.885,50.1084,1.0287,108.6075,24.6093,0.4787
17150.0,3.885,49.8162,1.0391,110.6074,24.9229,0.4905
17155.0,3.885,50.4816,1.0396,111.7697,24.6215,0.4919
17160.0,3.885,49.7743,1.0515,109.6836,24.7274,0.5065
17165.0,3.885,49.9632,1.0251,110.0917,24.9787,0.5467
17170.0,3.885,50.3868,1.0143,110.0103,24.9043,0.5502
17175.0,3.885,50.3048,1.0556,110.4226,24.8718,0.5508
17180.0,3.885,49.8999,1.0505,111.0638,24.7266,0.5528
17185.0,3.885,49.9113,1.0348,108.9043,24.9101,0.5537
17190.0,3.885,49.8222,1.0421,108.0344,24.7929,0.5461
17195.0,3.885,50.1114,1.0292,109.1906,24.9445,0.5578
17200.0,3.885,49.8836,1.0355,109.2837,24.712,0.5336
17205.0,3.885,49.8768,1.0629,110.8757,24.7968,0.5063
17210.0,3.885,50.2237,1.0356,110.2347,24.6011,0.5307
17215.0,3.885,50.1607,1.0425,111.0695,24.846,0.5061
17220.0,3.885,50.0649,1.0526,110.8215,24.6581,0.5076
17225.0,3.885,49.9991,1.0549,110.1644,24.5885,0.551
17230.0,3.885,49.9438,1.0499,109.7076,24.9377,0.5493
17235.0,3.885,50.2553,1.0451,109.8866,24.9323,0.5139
17240.0,3.885,49.8807,1.0429,110.2721,25.0809,0.4792
17245.0,3.885,50.2354,1.0453,108.6932,24.7835,0.4746
17250.0,3.885,49.9446,1.0792,110.2857,24.9993,0.4649
17255.0,3.885,49.7078,1.0422,108.8225,25.041,0.4677
17260.0,3.885,49.8869,1.0452,110.7953,25.0204,0.4135
17265.0,3.885,49.8014,1.0373,108.722,24.7088,0.3886
17270.0,3.885,49.7412,1.0585,110.3277,24.9585,0.3971
17275.0,3.885,50.1994,1.0487,110.4484,25.0181,0.447
17280.0,3.885,50.1075,1.0486,109.6559,24.9347,0.4548
17285.0,3.885,49.8087,1.0277,109.9968,24.4172,0.4266
17290.0,3.885,50.1959,1.0567,109.746,24.9847,0.4216
17295.0,3.885,50.0918,1.0432,110.1419,25.5036,0.4121
17300.0,3.885,49.8193,1.0202,109.4148,24.8662,0.4403
17305.0,3.885,49.9857,1.0448,109.5381,24.7799,0.431
17310.0,3.885,50.0144,1.0243,108.5207,25.061,0.4373
17315.0,3.885,50.4255,1.0172,109.0824,25.0515,0.4414
17320.0,3.885,49.8698,1.0488,109.7292,25.2772,0.4695
17325.0,3.885,49.8611,1.0541,109.9451,24.6702,0.484
17330.0,3.885,49.5702,1.0585,110.2428,25.1731,0.4866
17335.0,3.885,49.8875,1.057,110.3029,25.1434,0.4713
17340.0,3.885,49.9108,1.0188,109.6779,24.9658,0.4622
17345.0,3.885,50.3272,1.0557,109.6626,25.0915,0.4418
17350.0,3.885,49.8522,1.0212,108.866,25.2697,0.4551
17355.0,3.885,50.0298,1.0238,110.1479,25.2358,0.4609
17360.0,3.885,50.0299,1.0316,109.6404,24.7374,0.4476
17365.0,3.885,50.3979,1.0525,109.1688,25.2336,0.5023
17370.0,3.885,50.3175,1.046,110.0979,25.0177,0.4931
17375.0,3.885,50.2516,1.0243,109.5274,25.0574,0.4775
17380.0,3.885,50.2702,1.0357,109.9951,25.0627,0.4797
17385.0,3.885,49.8378,1.0582,109.9154,25.0121,0.492
17390.0,3.885,50.3902,1.0298,109.2222,25.3527,0.4804
17395.0,3.885,50.1195,1.0346,109.6968,25.039,0.485
17400.0,3.885,49.9691,1.0326,110.3882,24.7852,0.4939
17405.0,3.885,49.3759,1.0521,109.6678,24.9717,0.494
17410.0,3.885,49.9707,1.0378,109.6946,25.1198,0.4802
17415.0,3.885,49.6341,1.0578,110.1142,25.3874,0.5044
17420.0,3.885,50.5432,1.0353,108.5372,25.2358,0.5011
17425.0,3.885,50.137,1.0425,109.9851,24.8773,0.4854
17430.0,3.885,49.9037,1.0527,110.9437,25.7161,0.4848
17435.0,3.885,50.3934,1.0443,109.9171,25.1658,0.5002
17440.0,3.885,50.5851,1.0407,110.8685,25.4233,0.5252
17445.0,3.885,50.1315,1.0341,110.4847,25.0712,0.5466
17450.0,3.885,50.0425,1.0519,111.5442,25.2472,0.5899
17455.0,3.885,50.0422,1.0365,110.271,25.3283,0.5832
17460.0,3.885,49.9576,1.0207,108.6263,25.4276,0.5796
17465.0,3.885,49.4504,1.0487,110.2804,25.3919,0.6168
17470.0,3.885,49.7724,1.0444,110.8131,25.3501,0.6328
17475.0,3.885,50.114,1.0335,108.7304,25.0578,0.6317
17480.0,3.885,50.349,1.0529,110.2586,24.998,0.6295
17485.0,3.885,50.2847,1.0524,109.1008,25.2285,0.6637
17490.0,3.885,50.8576,1.0504,110.0033,25.3829,0.677
17495.0,3.885,49.5694,1.0399,111.3752,25.0982,0.6783
17500.0,3.885,49.6934,1.0467,109.5341,25.4244,0.6891
17505.0,3.885,49.997,1.0262,109.1389,25.5254,0.6749
17510.0,3.885,49.838,1.0393,110.101,24.9373,0.6833
17515.0,3.885,50.0526,1.0451,109.8114,24.9612,0.7384
17520.0,3.885,49.7011,1.0444,109.1386,25.1394,0.7353
17525.0,3.885,49.8512,1.0417,109.9401,25.2553,0.7549
17530.0,3.885,50.2911,1.0161,107.83,25.0512,0.7263
17535.0,3.885,49.2672,1.0243,109.3291,25.5243,0.7336
17540.0,3.885,49.9668,1.0112,108.9836,25.296,0.7523
17545.0,3.885,49.688,1.0563,110.294,25.2036,0.7594
17550.0,3.8849,50.0445,1.0513,110.568,24.8385,0.7939
17555.0,3.8849,50.1125,1.0451,109.8775,24.8722,0.8007
17560.0,3.885,50.357,1.0526,111.0936,25.275,0.8031
17565.0,3.8849,49.8932,1.0461,109.6539,24.6752,0.7929
17570.0,3.885,50.3016,1.0368,110.5019,25.465,0.795
17575.0,3.885,50.8629,1.055,111.0532,25.1757,0.8135
17580.0,3.885,49.986,1.0451,111.2915,26.0294,0.8252
17585.0,3.885,49.4495,1.0301,110.054,25.7989,0.8238
17590.0,3.8849,50.282,1.0324,109.7365,25.1799,0.8695
17595.0,3.8849,49.6577,1.069,111.572,25.2019,0.9027
17600.0,3.8849,50.2088,1.0588,110.2444,25.4805,0.9188
17605.0,3.885,50.0154,1.0323,110.8278,25.6606,0.9308
17610.0,3.8849,50.2173,1.0299,109.8838,24.8283,0.9355
17615.0,3.8849,49.9134,1.049,109.4953,24.7942,0.9605
17620.0,3.8849,50.2359,1.0335,109.1632,25.0883,0.994
17625.0,3.8849,49.9499,1.0465,109.6273,25.3924,0.9963
17630.0,3.8849,50.3757,1.0408,109.8585,25.3737,0.9924
17635.0,3.8849,50.0931,1.0554,109.1667,25.5197,0.9922
17640.0,3.8849,49.6444,1.0442,109.0095,24.9551,1.0235
17645.0,3.8849,49.9388,1.0229,108.6219,24.6787,1.0446
17650.0,3.8849,49.8159,1.0519,110.6415,25.4748,1.024
17655.0,3.8849,50.5266,1.0306,109.8471,25.0558,1.0506
17660.0,3.8849,49.3694,1.0362,109.8769,24.7607,1.0443
17665.0,3.8849,48.9993,1.0313,109.8615,25.3041,1.0075
17670.0,3.8849,50.1174,1.0502,110.6914,25.4685,1.0128
17675.0,3.8849,49.9339,1.0439,110.0051,25.242,1.0103
17680.0,3.8849,50.1668,1.0195,108.1602,25.1603,1.0448
17685.0,3.8849,50.2013,1.0649,111.7257,25.2371,1.0751
17690.0,3.8849,50.3664,1.0422,109.3181,25.1865,1.0864
17695.0,3.8849,49.7672,1.0377,109.8831,24.9442,1.1047
17700.0,3.8849,50.4813,1.0457,109.9564,25.1046,1.1481
17705.0,3.8849,49.5153,1.0423,110.2745,25.4156,1.159
17710.0,3.8849,49.6765,1.0503,111.2372,25.3676,1.176
17715.0,3.8849,50.1259,1.0293,109.99,25.3311,1.1962
17720.0,3.8849,49.295,1.0358,110.0868,25.0421,1.1863
17725.0,3.8849,49.9024,1.0333,109.2573,25.2472,1.1839
17730.0,3.8849,49.9398,1.0426,109.6687,24.75,1.1845
17735.0,3.8849,50.1438,1.0433,110.4166,25.3406,1.1617
17740.0,3.8849,50.2363,1.05,110.055,25.6547,1.1852
17745.0,3.8849,50.206,1.041,110.3844,24.9305,1.1986
17750.0,3.8849,49.7579,1.0507,109.1225,25.154,1.2309
17755.0,3.8849,50.3209,1.0647,111.6749,25.3842,1.2004
17760.0,3.8849,49.9058,1.0511,111.2224,25.6165,1.2014
17765.0,3.8849,49.1803,1.0362,108.7819,25.1925,1.2345
17770.0,3.8849,49.8815,1.0324,109.3552,25.1327,1.2336
17775.0,3.8849,49.6156,1.0481,109.8764,24.8147,1.2562
17780.0,3.8849,50.1758,1.0339,109.7753,25.3339,1.2998
17785.0,3.8849,49.8532,1.0461,108.9941,25.8196,1.3013
17790.0,3.8849,50.1676,1.0374,111.589,25.3795,1.2897
17795.0,3.8849,50.1489,1.0463,110.6425,25.3055,1.3159
17800.0,3.8849,49.8854,1.0299,110.3142,25.3925,1.3258
17805.0,3.8849,50.3291,1.0561,109.9451,25.31,1.3364
17810.0,3.8849,49.882,1.0488,109.9188,25.1103,1.3423
17815.0,3.8849,50.0232,1.0605,109.8802,25.5201,1.361
17820.0,3.8849,49.8961,1.0371,109.7213,25.3714,1.324
17825.0,3.8849,49.91,1.048,111.0171,25.3199,1.3107
17830.0,3.8849,49.76,1.0308,107.9457,25.0723,1.2992
17835.0,3.8849,50.1478,1.0493,109.6214,25.6425,1.2817
17840.0,3.8849,49.9314,1.0517,110.3186,25.4832,1.2854
17845.0,3.8849,49.9806,1.0554,109.0816,25.1792,1.3203
17850.0,3.8849,49.9765,1.0339,110.0229,25.5682,1.3338
17855.0,3.8849,49.0702,1.0516,110.9201,25.1936,1.3801
17860.0,3.8849,49.7083,1.0285,110.3425,25.1227,1.3742
17865.0,3.8849,50.4287,1.0329,108.6815,25.1285,1.4018
17870.0,3.8849,49.5072,1.0525,109.1076,24.8757,1.4029
17875.0,3.8849,50.1601,1.0555,108.6644,25.4365,1.457
17880.0,3.8848,50.1017,1.0593,111.4265,24.8608,1.4466
17885.0,3.8849,49.8489,1.0382,110.3762,25.0114,1.4427
17890.0,3.8848,50.5714,1.0563,110.3728,24.7995,1.4445
17895.0,3.8849,50.0425,1.0607,110.8394,25.2967,1.4817
17900.0,3.8849,49.5303,1.065,111.1962,25.2805,1.5011
17905.0,3.8848,49.9068,1.0371,110.0883,25.2361,1.5284
17910.0,3.8848,49.6141,1.0378,110.1169,25.0568,1.5545
17915.0,3.8848,50.3568,1.0452,110.4287,25.024,1.5482
17920.0,3.8848,50.417,1.0434,110.6217,25.4328,1.5924
17925.0,3.8848,49.7548,1.0644,110.9096,25.1786,1.6253
17930.0,3.8848,50.9513,1.0405,109.5229,25.3948,1.6245
17935.0,3.8848,50.2036,1.0523,109.7282,25.0938,1.6821
17940.0,3.8848,50.2582,1.0466,110.0364,25.3598,1.7068
17945.0,3.8848,49.6057,1.0595,111.1534,25.6397,1.7226
17950.0,3.8848,49.5363,1.0145,107.4522,25.4597,1.7312
17955.0,3.8848,49.9108,1.0272,108.9269,25.2093,1.7223
17960.0,3.8848,49.8131,1.0315,110.4482,25.3759,1.7294
17965.0,3.8848,49.9227,1.0514,109.7728,25.2505,1.7384
17970.0,3.8848,49.7688,1.0457,109.2571,25.3118,1.756
17975.0,3.8848,49.6858,1.0394,108.9267,25.2274,1.7645
17980.0,3.8848,50.1895,1.0509,110.2713,25.2668,1.7795
17985.0,3.8848,49.3254,1.0467,110.4085,25.3598,1.7731
17990.0,3.8847,50.4241,1.0264,108.9638,25.0574,1.7879
17995.0,3.8847,49.5229,1.0393,109.2565,25.0506,1.7894
18000.0,3.8847,50.6396,1.0424,109.8642,24.9562,1.7827
18005.0,3.8847,49.5918,1.0526,110.8439,24.9021,1.7741
18010.0,3.8847,50.2116,1.04,109.1634,24.9966,1.8006
18015.0,3.8848,49.9231,1.0259,109.0355,25.3394,1.8157
18020.0,3.8847,49.2069,1.0662,111.1294,25.075,1.8302
18025.0,3.8848,49.9102,1.0394,110.1051,25.4252,1.8413
18030.0,3.8848,50.0395,1.0481,110.9593,25.304,1.8308
18035.0,3.8847,49.9464,1.0489,110.0827,24.8018,1.8534
18040.0,3.8848,49.8702,1.0402,110.4744,25.4561,1.8639
18045.0,3.8848,50.428,1.0573,109.7032,25.4935,1.855
18050.0,3.8847,50.0325,1.031,109.0645,25.0407,1.8529
18055.0,3.8848,50.2036,1.0392,110.144,25.3926,1.8636
18060.0,3.8847,49.9216,1.0534,110.7136,25.0718,1.8471
18065.0,3.8848,49.7189,1.0445,109.9854,25.3086,1.8367
18070.0,3.8847,50.2106,1.0184,108.652,24.9663,1.8722
18075.0,3.8847,50.1399,1.0424,110.4855,24.8323,1.8599
18080.0,3.8847,50.2414,1.0478,110.1306,25.1831,1.8468
18085.0,3.8847,49.8992,1.0332,110.2752,25.246,1.881
18090.0,3.8847,50.5005,1.0614,110.3677,25.1756,1.9261
18095.0,3.8847,49.6402,1.0268,110.4519,24.9771,1.9345
18100.0,3.8847,49.8127,1.061,112.3083,25.1711,1.9578
18105.0,3.8847,50.1269,1.0451,110.2394,25.3364,1.947
18110.0,3.8847,50.3793,1.0586,110.8045,25.2559,1.9364
18115.0,3.8847,49.8063,1.033,110.3279,25.3106,1.9401
18120.0,3.8847,50.3831,1.0546,112.6546,25.0954,1.9456
18125.0,3.8847,49.8809,1.045,110.5877,25.5537,1.9451
18130.0,3.8847,49.6953,1.0382,111.0212,24.9646,1.9454
18135.0,3.8847,50.213,1.0405,111.0332,25.3783,1.9818
18140.0,3.8847,49.9967,1.029,108.7178,25.5497,1.9843
18145.0,3.8847,49.8092,1.0429,110.2819,25.3722,1.9906
18150.0,3.8847,49.5629,1.04,109.6428,25.1991,1.9789
18155.0,3.8846,50.079,1.0291,110.9101,25.1154,2.0178
18160.0,3.8847,50.1093,1.0416,109.9976,25.5041,2.0729
18165.0,3.8846,49.9254,1.0297,109.2502,24.887,2.0888
18170.0,3.8846,49.5073,1.0462,110.77,24.9979,2.0929
18175.0,3.8846,50.2873,1.0324,110.4038,25.1386,2.0887
18180.0,3.8846,49.5386,1.0275,108.6486,25.545,2.1219
18185.0,3.8846,50.1028,1.0409,109.7338,25.3281,2.134
18190.0,3.8845,49.6202,1.0477,109.9923,24.9886,2.1291
18195.0,3.8846,50.0939,1.0273,110.5251,25.1506,2.1508
18200.0,3.8845,50.222,1.0416,109.5907,25.0721,2.1537
18205.0,3.8845,49.9237,1.0395,109.3725,25.0457,2.183
18210.0,3.8846,49.5775,1.0323,109.7872,25.4653,2.2042
18215.0,3.8845,49.5445,1.0224,108.7927,24.8751,2.2154
18220.0,3.8846,49.7046,1.0362,110.1825,25.6177,2.2374
18225.0,3.8845,49.2999,1.0408,109.4213,25.4199,2.2678
18230.0,3.8845,49.9844,1.0376,109.6976,25.483,2.276
18235.0,3.8844,49.5909,1.0462,109.0707,25.0919,2.2901
18240.0,3.8845,49.4303,1.0537,109.6919,25.1675,2.2773
18245.0,3.8844,50.2026,1.0388,109.1991,24.844,2.308
18250.0,3.8844,49.8134,1.0445,109.9071,25.0685,2.301
18255.0,3.8844,49.9567,1.0494,109.8797,25.3204,2.3419
18260.0,3.8845,49.9876,1.0436,109.4433,25.5183,2.3482
18265.0,3.8843,49.742,1.0222,109.9321,24.9148,2.3502
18270.0,3.8844,49.6648,1.0449,109.6257,25.0975,2.353
18275.0,3.8844,49.8154,1.0366,109.3114,25.1483,2.3782
18280.0,3.8843,50.0315,1.0459,109.5109,24.8345,2.3864
18285.0,3.8844,50.3825,1.017,108.1044,25.3285,2.3722
18290.0,3.8843,49.4467,1.0602,111.0814,24.997,2.385
18295.0,3.8843,49.81,1.0117,108.1928,25.1264,2.4164
18300.0,3.8843,50.2436,1.0573,111.5205,25.0595,2.4131
18305.0,3.8843,49.9531,1.0499,110.2912,24.9724,2.4211
18310.0,3.8843,49.7333,1.0553,110.758,25.1652,2.4249
18315.0,3.8843,50.0789,1.0575,111.6124,25.1103,2.4365
18320.0,3.8843,49.6197,1.0615,110.7397,25.0685,2.4464
18325.0,3.8842,49.7155,1.028,109.355,24.9766,2.4667
18330.0,3.8843,50.5172,1.0387,108.875,25.2358,2.4694
18335.0,3.8844,49.7575,1.0517,109.5561,25.5666,2.4531
18340.0,3.8843,50.3419,1.0496,110.6841,25.1854,2.4522
18345.0,3.8844,50.2478,1.0569,111.1197,25.3967,2.435
18350.0,3.8842,49.8274,1.0371,108.8159,24.7973,2.4363
18355.0,3.8843,50.2678,1.0367,109.9345,25.1816,2.4696
18360.0,3.8842,50.1319,1.0398,109.5334,24.8651,2.4692
18365.0,3.8841,50.4902,1.0539,110.6008,24.7674,2.4637
18370.0,3.8842,50.1632,1.0341,109.8526,24.9491,2.4796
18375.0,3.8843,50.0832,1.0217,108.6873,25.4292,2.4969
18380.0,3.8843,50.075,1.0323,109.9233,25.366,2.5183
18385.0,3.8842,49.7518,1.0423,109.9101,25.1866,2.5381
18390.0,3.884,50.1814,1.0478,111.2537,24.7399,2.543
18395.0,3.8841,49.8593,1.0435,110.173,25.0714,2.5808
18400.0,3.8841,50.0727,1.0399,109.8971,25.1932,2.5756
18405.0,3.8841,50.3817,1.0522,110.3239,25.159,2.6028
18410.0,3.8839,49.616,1.0312,108.9631,24.6515,2.6129
18415.0,3.884,49.9032,1.044,108.9717,24.8873,2.6202
18420.0,3.884,50.2813,1.047,108.6797,25.0912,2.6171
18425.0,3.8841,49.5562,1.0503,110.4476,25.2387,2.6255
18430.0,3.8838,50.0477,1.0312,109.602,24.553,2.6298
18435.0,3.884,49.938,1.049,109.5889,25.059,2.6635
18440.0,3.884,50.0335,1.0293,108.6677,25.1327,2.665
18445.0,3.8841,49.7904,1.0398,109.07,25.3068,2.6562
18450.0,3.884,49.8395,1.0312,109.7225,25.2652,2.676
18455.0,3.884,49.2077,1.0276,109.0536,25.2351,2.6752
18460.0,3.8838,50.0025,1.0347,109.9382,24.887,2.6999
18465.0,3.8837,49.9921,1.0487,110.7783,24.6076,2.7028
18470.0,3.8839,50.0215,1.0574,109.7839,24.9839,2.6917
18475.0,3.884,50.1822,1.0428,110.7239,25.3302,2.6988
18480.0,3.8841,49.997,1.0258,109.501,25.4258,2.6869
18485.0,3.8839,50.1708,1.0625,110.4128,25.2528,2.7145
18490.0,3.8839,49.72,1.0545,109.9009,25.1802,2.728
18495.0,3.8839,50.7528,1.0308,109.4071,25.1655,2.7284
18500.0,3.8838,50.0903,1.0293,109.392,24.9293,2.7174
18505.0,3.8839,49.6416,1.0554,111.5521,25.0336,2.696
18510.0,3.884,50.4821,1.0381,110.0681,25.4812,2.7074
18515.0,3.8837,50.0405,1.0242,109.625,24.8261,2.7405
18520.0,3.884,49.6115,1.0343,109.3295,25.4634,2.744
18525.0,3.8838,49.4522,1.0367,110.4205,24.9771,2.7416
18530.0,3.8839,49.8326,1.015,108.7955,25.3869,2.7922
18535.0,3.8834,50.3301,1.0398,110.0076,24.7018,2.8341
18540.0,3.8837,49.6031,1.0545,109.266,25.198,2.8305
18545.0,3.8836,49.7717,1.0573,109.3343,24.8654,2.8188
18550.0,3.8834,50.1766,1.0477,109.3491,24.6939,2.8446
18555.0,3.8836,50.0028,1.0455,111.1516,25.1005,2.8696
18560.0,3.8837,50.0211,1.0403,110.5013,25.2964,2.8715
18565.0,3.8834,49.9043,1.0473,109.1052,24.831,2.8589
18570.0,3.8833,50.2601,1.0601,110.0101,24.6658,2.8696
18575.0,3.8835,49.6036,1.0363,110.5498,25.0159,2.8706
18580.0,3.8835,49.724,1.0364,108.5196,25.0154,2.8832
18585.0,3.8835,49.7577,1.0192,108.227,25.1727,2.9062
18590.0,3.8835,50.0255,1.0328,110.3361,25.2715,2.9265
18595.0,3.8833,50.0357,1.0458,110.6445,25.0177,2.942
18600.0,3.8835,49.7769,1.0401,111.2055,25.495,2.9631
18605.0,3.8834,49.576,1.0376,110.1623,25.0857,2.95
18610.0,3.8833,50.104,1.0388,109.7298,24.9417,2.9468
18615.0,3.883,50.045,1.0661,109.9848,24.6241,2.9729
18620.0,3.8831,49.6856,1.0499,110.8684,24.9601,3.0004
18625.0,3.883,49.7279,1.0453,109.2482,24.9404,3.0248
18630.0,3.8833,49.7206,1.0304,108.7537,25.2634,3.0166
18635.0,3.8832,50.2406,1.0529,109.7835,25.1379,3.0192
18640.0,3.883,50.2708,1.0358,110.2103,24.7263,3.0002
18645.0,3.8832,50.109,1.0481,110.7754,25.0632,3.0042
18650.0,3.8832,50.1678,1.0457,109.9598,25.1871,3.0201
18655.0,3.8834,49.2515,1.0356,110.9454,25.4003,3.0104
18660.0,3.8833,50.0045,1.0432,109.494,25.2394,3.0165
18665.0,3.8832,49.9085,1.0559,109.6364,25.2069,3.034
18670.0,3.8831,50.2953,1.0542,110.4561,25.031,3.0254
18675.0,3.8831,49.7458,1.0509,111.8784,25.1124,3.0314
18680.0,3.8833,49.6517,1.0386,109.5236,25.3271,3.0311
18685.0,3.8829,50.4927,1.0738,110.7029,24.681,3.0131
18690.0,3.8831,50.3472,1.0574,110.9162,24.9264,3.008
18695.0,3.8829,49.8603,1.0397,110.7205,24.8202,3.0305
18700.0,3.8831,49.5355,1.0592,110.0996,25.1078,3.0497
18705.0,3.8832,50.0499,1.0233,109.5697,25.3203,3.0463
18710.0,3.8829,49.6753,1.0466,109.3343,24.8632,3.0389
18715.0,3.8826,49.6003,1.044,110.3026,24.4148,3.0465
18720.0,3.8828,50.0431,1.0428,109.0789,24.9092,3.0763
18725.0,3.8831,50.1131,1.029,109.0787,25.2406,3.0834
18730.0,3.883,50.6635,1.0274,109.6236,25.1467,3.0913
18735.0,3.883,50.1655,1.0492,111.2702,25.1194,3.0805
18740.0,3.8829,49.8066,1.0517,109.8649,24.9426,3.0681
18745.0,3.8827,49.8556,1.0317,109.9535,24.6931,3.0719
18750.0,3.883,50.2925,1.0363,107.8621,25.142,3.0778
18755.0,3.8827,49.9605,1.0388,110.292,24.805,3.0927
18760.0,3.8832,49.573,1.0521,110.949,25.5601,3.1207
18765.0,3.8829,49.5932,1.0502,110.3331,25.1572,3.1095
18770.0,3.8827,50.0446,1.0453,109.8738,24.87,3.1199
18775.0,3.8825,49.9251,1.0353,108.6014,24.8631,3.1611
18780.0,3.8826,49.5701,1.0347,109.2504,24.9934,3.1593
18785.0,3.8825,50.3295,1.0567,111.538,24.9576,3.1791
18790.0,3.8828,50.2966,1.0579,109.9817,25.2976,3.1814
18795.0,3.8826,49.9205,1.0425,110.6211,25.066,3.1681
18800.0,3.8823,49.8568,1.0668,110.3587,24.8376,3.2062
18805.0,3.8827,50.1354,1.0384,110.0799,25.4943,3.244
18810.0,3.8823,49.5313,1.0464,109.8307,25.0352,3.2409
18815.0,3.8824,50.3524,1.0378,109.2201,25.2164,3.2647
18820.0,3.8821,50.0271,1.0537,110.9839,24.8735,3.262
18825.0,3.8822,50.0985,1.0278,109.5772,25.1179,3.2738
18830.0,3.8822,50.0849,1.0377,109.4176,25.1064,3.2796
18835.0,3.8817,49.7067,1.0251,109.9559,24.5579,3.2748
18840.0,3.8825,49.6807,1.0293,109.5596,25.5358,3.3064
18845.0,3.8823,49.4091,1.057,109.6556,25.3565,3.3103
18850.0,3.8818,50.2995,1.0456,110.8235,24.9364,3.3342
18855.0,3.8815,49.5656,1.0551,109.8566,24.7621,3.3447
18860.0,3.8818,50.2942,1.0214,109.3543,25.1266,3.3673
18865.0,3.8817,49.5531,1.0637,111.0999,25.0636,3.3761
18870.0,3.8817,50.0764,1.0461,109.3366,25.133,3.3936
18875.0,3.8816,49.7488,1.0368,110.1791,25.0943,3.4014
18880.0,3.8816,49.5555,1.0403,110.0554,25.1754,3.4181
18885.0,3.8817,50.4462,1.0566,110.7491,25.4132,3.4491
18890.0,3.8815,49.8415,1.0501,109.6117,25.196,3.4453
18895.0,3.881,50.5093,1.057,111.0719,24.7942,3.4428
18900.0,3.8816,49.6865,1.047,110.5461,25.4,3.455
18905.0,3.8818,49.6504,1.0371,110.0604,25.4724,3.4406
18910.0,3.8821,49.3819,1.0438,111.3976,25.8532,3.4613
18915.0,3.881,49.9208,1.0273,110.1733,24.7874,3.4405
18920.0,3.8814,50.0624,1.0501,108.9337,25.1321,3.4503
18925.0,3.8807,50.3305,1.0356,108.5593,24.5541,3.4361
18930.0,3.8816,49.4608,1.0378,110.5419,25.2162,3.4209
18935.0,3.8813,49.5008,1.053,110.1371,24.9443,3.4226
18940.0,3.8818,49.7738,1.0551,109.8225,25.5657,3.4463
18945.0,3.8811,50.3121,1.0385,110.5003,24.8948,3.4458
18950.0,3.8805,50.1203,1.0454,110.368,24.6698,3.4799
18955.0,3.881,50.0689,1.0517,110.5515,24.9781,3.4705
18960.0,3.8805,49.8233,1.0473,110.1006,24.6059,3.4729
18965.0,3.8814,50.0049,1.0252,109.1995,25.2916,3.4803
18970.0,3.8802,49.8208,1.0523,110.5451,24.5916,3.5166
18975.0,3.8808,50.2401,1.0392,109.4093,25.1192,3.5408
18980.0,3.8799,50.4073,1.0533,109.4999,24.5969,3.552
18985.0,3.8803,49.9386,1.0297,109.1484,25.0406,3.5872
18990.0,3.8807,49.8075,1.0302,109.3989,25.536,3.621
18995.0,3.8793,50.1726,1.0385,109.0851,25.2199,3.7366
19000.0,3.8778,50.1485,1.0481,108.8213,24.9186,3.827
19005.0,3.8775,49.7823,1.0568,110.5776,25.1314,3.8903
19010.0,3.8761,49.836,1.036,110.3333,25.1486,3.9952
19015.0,3.8747,49.7724,1.0561,111.1892,25.2672,4.1062
19020.0,3.871,50.1066,1.0416,110.0811,24.8124,4.2208
19025.0,3.8702,49.9496,1.0475,109.6103,25.3074,4.3338
19030.0,3.8633,49.5459,1.0372,108.4009,24.4885,4.4447
19035.0,3.8636,49.5017,1.0319,108.2183,25.0125,4.5176
19040.0,3.8588,49.0535,1.0285,108.7671,25.0533,4.6454
19045.0,3.8558,48.8668,1.0178,107.7305,25.3393,4.7509
19050.0,3.849,49.1442,1.0234,107.8658,25.1923,4.8602
19055.0,3.8388,49.5558,1.0167,106.5884,24.8411,4.9698
19060.0,3.8331,49.1278,1.018,107.6759,24.9521,5.0567
19065.0,3.828,49.0998,1.0115,105.7857,25.254,5.1488
19070.0,3.8179,48.8547,1.0269,106.5617,25.1907,5.2423
19075.0,3.8054,48.3861,0.9965,104.4739,25.0719,5.3361
19080.0,3.7897,48.3198,0.9867,103.4876,25.1027,5.4505
19085.0,3.783,48.3494,0.9878,102.6157,25.4034,5.5231
19090.0,3.7605,47.8234,1.0052,103.6326,25.1064,5.62
19095.0,3.7448,47.5605,0.9891,102.4692,25.2205,5.7056
19100.0,3.7396,47.3142,0.9666,99.041,25.7917,5.7757
19105.0,3.7025,47.2627,0.962,99.4311,24.9001,5.8503
19110.0,3.6726,46.8706,0.9628,97.6317,24.8,5.9427
19115.0,3.6561,45.6542,0.9374,96.1704,25.4659,6.0399
19120.0,3.6191,45.1904,0.932,94.2632,25.1075,6.1173
19125.0,3.587,45.1615,0.9004,92.5519,25.2048,6.2018
19130.0,3.552,44.6674,0.8895,88.5614,25.0964,6.2741
19135.0,3.5267,44.1087,0.89,88.1339,25.2342,6.3352
19140.0,3.4919,42.8884,0.899,86.8747,25.7064,6.4265
19145.0,3.4632,42.1482,0.8628,85.8518,25.515,6.4707
19150.0,3.4262,42.2776,0.8463,81.5773,25.5378,6.5349
19155.0,3.3637,40.9302,0.8354,79.3235,24.976,6.6104
19160.0,3.3168,40.0721,0.8127,76.1431,25.0503,6.686
19165.0,3.2586,39.5774,0.7896,73.9797,24.6364,6.7554
19170.0,3.2328,38.2078,0.8099,72.1328,25.152,6.8122
19175.0,3.2036,37.7054,0.7947,71.5377,25.6019,6.8678
19180.0,3.1486,36.5084,0.7812,68.5806,25.5003,6.9371
19185.0,3.0579,35.3194,0.7248,63.4924,25.3243,7.0416
19190.0,3.0005,34.5671,0.7458,60.8792,25.3827,7.1018
19195.0,2.9425,33.4095,0.7299,57.9794,25.2248,7.1486
19200.0,2.866,32.4297,0.6854,54.8748,25.457,7.2129
19205.0,2.7865,30.4732,0.6636,49.1255,25.6063,7.2688
19210.0,2.6966,29.0594,0.6552,46.3679,25.0199,7.3221
19215.0,2.5912,27.6314,0.6341,42.4156,25.5079,7.3886
19220.0,2.4615,25.2143,0.6059,36.285,25.6754,7.4692
19225.0,2.3559,23.1698,0.5865,32.8882,25.3479,7.5225
19230.0,2.2637,20.6552,0.5504,27.8658,25.6363,7.5497
19235.0,2.1679,19.9344,0.5623,25.8654,26.1744,7.5725
19240.0,2.1033,18.977,0.5484,22.6406,25.4543,7.5888
19245.0,2.01,17.0845,0.5387,19.8712,25.5886,7.6235
19250.0,1.928,14.993,0.5229,16.6506,25.3156,7.6628
19255.0,1.8396,14.122,0.5134,14.3093,25.5555,7.699
19260.0,1.7717,13.0825,0.5154,14.0463,25.6353,7.7165
19265.0,1.7005,11.5754,0.5002,10.7056,25.5792,7.7592
19270.0,1.6774,11.0366,0.5237,10.5561,25.2859,7.7829
19275.0,1.6652,11.157,0.4934,9.3056,25.6029,7.7934
19280.0,1.6497,10.4353,0.4823,8.8195,25.9274,7.8123
19285.0,1.6568,10.6537,0.503,9.3118,25.6846,7.8114
19290.0,1.6598,11.0294,0.5008,9.9311,25.8237,7.7935
19295.0,1.6645,11.1665,0.5123,10.0682,25.5348,7.8006
19300.0,1.6601,10.8014,0.5014,9.3277,25.7925,7.7944
19305.0,1.6638,11.2431,0.4961,9.7932,25.6859,7.7917
19310.0,1.667,10.8266,0.4778,10.0568,25.3895,7.8044
19315.0,1.6575,11.0693,0.4872,9.9872,25.7182,7.8066
19320.0,1.6597,11.0552,0.5078,9.3686,25.402,7.8236
19325.0,1.647,10.2344,0.5131,9.6197,25.5032,7.8517
19330.0,1.6366,10.0535,0.5143,9.6487,25.7203,7.8662
19335.0,1.6341,10.0526,0.5033,10.4557,25.759,7.8712
19340.0,1.6388,9.9646,0.495,9.2028,25.3991,7.885
19345.0,1.6302,10.0178,0.5001,8.8381,25.9718,7.8675
19350.0,1.6386,10.1061,0.4995,10.1005,25.8633,7.851
19355.0,1.6468,10.4602,0.5002,8.7663,25.5563,7.8498
19360.0,1.6411,10.7973,0.5051,9.6591,25.3602,7.8804
19365.0,1.6317,10.5551,0.5034,9.8261,25.7207,7.8815
19370.0,1.6328,10.3933,0.5119,8.7542,25.6578,7.8832
19375.0,1.6249,10.0935,0.4992,9.4615,25.8101,7.8948
19380.0,1.6205,9.987,0.5166,10.4118,25.7036,7.9165
19385.0,1.6243,10.0506,0.4981,8.1492,25.3053,7.9372
19390.0,1.6073,9.6597,0.4922,8.566,25.7228,7.9571
19395.0,1.6056,10.5243,0.5058,8.1081,25.7564,7.9608
19400.0,1.5935,10.4062,0.4907,9.0476,26.0042,7.9797
19405.0,1.6096,9.649,0.4872,7.4116,25.6843,7.9552
19410.0,1.5922,9.8015,0.4894,9.895,26.2918,7.9612
19415.0,1.6135,9.6838,0.5103,8.6497,25.4075,7.9641
19420.0,1.5973,9.8532,0.4938,8.7684,26.2265,7.9507
19425.0,1.6018,9.4911,0.4887,8.6702,25.8562,7.9646
19430.0,1.5874,9.4815,0.4896,8.3147,26.1407,7.9887
19435.0,1.5894,9.3698,0.4838,7.3719,25.9594,7.9979
19440.0,1.5907,9.496,0.503,8.3528,26.2381,7.9724
19445.0,1.5987,9.7176,0.515,8.8177,25.8703,7.9744
19450.0,1.6017,9.8709,0.5063,8.6894,25.7064,7.978
19455.0,1.5844,9.3984,0.5022,8.6031,26.3502,7.9829
19460.0,1.5838,9.2517,0.513,7.8789,25.9809,8.0145
19465.0,1.5767,9.6291,0.5155,7.0577,26.0789,8.032
19470.0,1.5687,9.1931,0.4773,6.7898,26.3465,8.0384
19475.0,1.5811,9.65,0.4996,8.5522,25.7942,8.0415
19480.0,1.5653,9.63,0.5036,8.117,26.2156,8.0616
19485.0,1.5753,9.3544,0.4598,7.2065,25.9339,8.0511
19490.0,1.5673,9.9205,0.4836,6.6463,26.063,8.0676
19495.0,1.5715,8.3441,0.51,9.4123,26.1289,8.0485
19500.0,1.5852,9.5985,0.4887,7.5239,25.7506,8.0318
19505.0,1.5764,9.2159,0.5001,8.6502,25.9459,8.0446
19510.0,1.5572,8.758,0.4982,8.0192,26.4934,8.0677
19515.0,1.5603,9.2108,0.4909,7.9307,26.3923,8.0662
19520.0,1.5562,8.6996,0.4804,6.5912,26.1703,8.0991
19525.0,1.5528,8.9395,0.4886,8.1063,26.2621,8.1059
19530.0,1.5487,8.68,0.4847,6.4531,26.1431,8.1315
19535.0,1.5356,8.0461,0.4949,7.9063,26.5713,8.1466
19540.0,1.5419,8.6986,0.4853,6.3822,26.1976,8.155
19545.0,1.5343,8.1419,0.4779,6.9087,26.3213,8.1746
19550.0,1.5255,8.7662,0.4941,5.7363,26.5655,8.1898
19555.0,1.5396,8.7966,0.501,8.712,26.1005,8.1745
19560.0,1.5189,8.8493,0.5013,7.2065,26.7004,8.2055
19565.0,1.5357,8.8879,0.4833,6.0452,25.9441,8.205
19570.0,1.5199,8.547,0.499,6.3841,26.7501,8.1986
19575.0,1.5304,8.3418,0.4887,6.7741,26.2657,8.1974
19580.0,1.5165,8.3379,0.4868,6.7252,26.3143,8.2512
19585.0,1.5288,7.8516,0.4887,6.9746,25.9188,8.2379
19590.0,1.5165,8.1085,0.4839,7.5778,26.2939,8.2555
19595.0,1.518,8.7563,0.4966,7.0883,26.1641,8.2616
19600.0,1.5123,7.8134,0.4892,6.5411,26.2887,8.2757
19605.0,1.5105,8.6242,0.4971,6.594,26.4228,8.2721
19610.0,1.4977,7.7091,0.489,7.4435,26.7132,8.3034
19615.0,1.5023,8.0377,0.4989,7.289,26.5424,8.2998
19620.0,1.502,8.0446,0.4936,7.0995,26.5842,8.2968
19625.0,1.5047,7.9982,0.5029,5.9923,26.2503,8.3152
19630.0,1.5009,8.3282,0.5001,6.5197,26.3209,8.3275
19635.0,1.4912,7.5856,0.48,6.9089,27.0078,8.3106
19640.0,1.4952,8.2301,0.4952,7.8261,26.3914,8.3474
19645.0,1.4854,7.886,0.4936,6.6693,27.0064,8.3397
19650.0,1.4917,8.1584,0.4962,6.0347,26.5488,8.351
19655.0,1.4886,8.1464,0.4834,7.8652,26.6274,8.3596
19660.0,1.4835,7.3863,0.4987,6.1601,26.9117,8.3588
19665.0,1.4835,8.0364,0.4951,5.3386,26.9795,8.3524
19670.0,1.488,7.8865,0.4956,6.6917,26.6513,8.3605
19675.0,1.4883,7.8954,0.483,6.9762,26.5995,8.364
19680.0,1.4875,7.8306,0.4882,5.3118,26.7002,8.3586
19685.0,1.4846,8.0787,0.4929,6.8114,26.8163,8.362
19690.0,1.475,7.5974,0.4927,7.1126,26.9724,8.3971
19695.0,1.4806,8.0955,0.4903,5.9236,26.7684,8.3892
19700.0,1.4747,7.5533,0.4719,5.1995,26.9399,8.403
19705.0,1.4772,7.4539,0.4925,6.7963,27.2126,8.3651
19710.0,1.4757,7.5297,0.4866,7.245,26.9163,8.3986
19715.0,1.4784,7.8068,0.4905,7.1998,26.9169,8.3863
19720.0,1.4871,7.6969,0.4739,6.2415,26.4773,8.383
19725.0,1.4858,8.0227,0.4886,7.4276,26.2175,8.415
19730.0,1.4699,8.092,0.5035,8.242,26.9904,8.4254
19735.0,1.4698,7.6685,0.4842,6.6143,26.8879,8.4365
19740.0,1.4706,7.7224,0.4851,6.4815,26.8012,8.4413
19745.0,1.4661,6.9694,0.4968,7.005,27.0091,8.4463
19750.0,1.4697,7.8183,0.4754,5.639,26.9515,8.4319
19755.0,1.4638,7.6802,0.4879,6.1341,27.2669,8.434
19760.0,1.4674,7.0989,0.484,5.629,27.025,8.437
19765.0,1.4659,7.0257,0.5012,6.4147,26.8352,8.4641
19770.0,1.4534,7.7056,0.4907,5.4118,27.2881,8.4937
19775.0,1.4533,7.7493,0.4857,4.6532,27.0049,8.5239
19780.0,1.4496,6.7509,0.5028,6.0778,27.2094,8.528
19785.0,1.4539,7.808,0.49,6.662,26.9771,8.5247
19790.0,1.4529,7.4054,0.4619,6.6384,26.9528,8.5334
19795.0,1.4495,7.4801,0.4774,6.2657,27.1551,8.5345
19800.0,1.4511,6.9238,0.4948,7.033,27.1561,8.5244
19805.0,1.4485,6.919,0.4778,5.1662,27.2917,8.5266
19810.0,1.4469,6.8226,0.503,6.3305,27.1234,8.554
19815.0,1.4488,7.2341,0.4969,6.2362,26.7505,8.5809
19820.0,1.4458,6.9984,0.49,5.4484,27.1203,8.5643
19825.0,1.4377,7.5644,0.5067,4.7244,27.446,8.584
19830.0,1.4374,6.5208,0.4902,5.5849,27.1922,8.6122
19835.0,1.4359,7.0338,0.4845,5.2288,27.224,8.6208
19840.0,1.4299,6.9328,0.4921,6.4178,27.5513,8.6307
19845.0,1.4374,7.2685,0.4962,6.2268,27.1459,8.6201
19850.0,1.44,7.2082,0.4742,4.4524,26.9574,8.6213
19855.0,1.4308,6.5746,0.4673,4.7173,27.3221,8.6478
19860.0,1.4298,6.059,0.4825,6.6075,27.2604,8.6628
19865.0,1.4291,6.9333,0.4952,5.5946,27.1592,8.679
19870.0,1.4226,6.275,0.4921,5.6228,27.3762,8.7066
19875.0,1.4225,6.4876,0.4984,5.8851,27.5622,8.6891
19880.0,1.4228,6.6761,0.4772,5.2408,27.4563,8.6971
19885.0,1.4216,6.6918,0.4877,7.8554,27.5547,8.6963
19890.0,1.4181,6.7668,0.499,4.9024,27.9507,8.6831
19895.0,1.4229,7.126,0.4921,5.9876,27.4311,8.698
19900.0,1.4205,6.7362,0.4961,6.1713,27.6058,8.6995
19905.0,1.4217,6.6399,0.5,5.9399,27.4283,8.7085
19910.0,1.4226,6.6631,0.4911,6.451,27.3635,8.709
19915.0,1.4215,6.5291,0.5147,5.5417,27.4483,8.7088
19920.0,1.4209,6.9466,0.4812,6.466,27.4943,8.7088
19925.0,1.4168,6.5512,0.4679,5.9525,27.7234,8.7172
19930.0,1.4089,6.7911,0.4943,4.6472,28.2403,8.7298
19935.0,1.4158,6.3594,0.4778,6.388,27.4935,8.751
19940.0,1.4151,6.956,0.4761,5.2936,27.5879,8.7481
19945.0,1.4115,6.454,0.4798,5.7384,27.6959,8.7665
19950.0,1.4109,6.4754,0.4978,4.5365,27.8302,8.7582
19955.0,1.4126,6.9451,0.492,5.5572,27.8167,8.7446
19960.0,1.4099,6.2799,0.5043,4.1026,28.0914,8.7388
19965.0,1.4223,7.2017,0.4793,4.4702,27.1833,8.7327
19970.0,1.4206,6.5561,0.477,5.2657,27.2128,8.7421
19975.0,1.4171,6.63,0.4907,6.369,27.7051,8.7187
19980.0,1.4094,6.8094,0.5078,6.0534,28.123,8.7382
19985.0,1.4154,6.6113,0.4791,5.5329,27.4769,8.7564
19990.0,1.4207,6.857,0.4738,6.1177,27.136,8.7513
19995.0,1.4075,6.1806,0.4883,5.9775,28.0503,8.7636
20000.0,1.4055,7.008,0.4889,6.6129,27.988,8.7892
20005.0,1.4107,6.7764,0.4952,7.2022,27.6741,8.7779
20010.0,1.4076,6.2602,0.5085,5.3664,27.7198,8.7996
20015.0,1.4067,6.428,0.4795,5.7905,27.7434,8.8063
20020.0,1.4012,6.5474,0.4726,5.7223,28.033,8.8267
20025.0,1.402,6.4275,0.4924,4.2496,27.8684,8.8376
20030.0,1.3938,6.5064,0.4897,5.8701,28.168,8.8871
20035.0,1.4017,5.9879,0.4831,5.4116,27.3504,8.902
20040.0,1.398,5.9118,0.4988,6.2218,27.8694,8.8811
20045.0,1.3982,6.2944,0.5007,4.925,27.8216,8.883
20050.0,1.3964,5.9245,0.4766,6.1289,28.0586,8.8754
20055.0,1.3965,6.1919,0.4865,5.4305,28.0077,8.8789
20060.0,1.3926,6.2727,0.4843,6.2048,28.3611,8.8811
20065.0,1.399,6.969,0.4849,4.39,27.7163,8.8861
20070.0,1.3949,6.0246,0.4714,4.2947,28.212,8.8741
20075.0,1.3933,7.1974,0.4918,4.9061,28.3596,8.8735
20080.0,1.3866,5.9054,0.4842,4.8407,28.7037,8.9096
20085.0,1.3911,5.9696,0.5074,6.1415,28.1385,8.9226
20090.0,1.3882,6.292,0.481,5.0515,28.3594,8.932
20095.0,1.3923,6.4817,0.4957,6.6832,27.8467,8.9443
20100.0,1.393,5.8732,0.4741,4.2731,27.719,8.9517
20105.0,1.3824,6.21,0.4763,5.0027,28.5475,8.9794
20110.0,1.3824,6.5823,0.4933,6.3491,28.3542,9.0035
20115.0,1.3802,6.6202,0.4904,4.7452,28.6695,8.997
20120.0,1.3868,5.8661,0.4919,4.5765,28.0508,8.986
20125.0,1.3827,5.83,0.4827,5.8273,28.5433,8.9784
20130.0,1.3772,5.9098,0.4746,5.3064,28.8997,9.0077
20135.0,1.3795,5.3464,0.4869,6.0687,28.5566,9.0178
20140.0,1.3795,6.1337,0.4852,5.5213,28.54,9.0202
20145.0,1.3812,6.9045,0.4923,5.301,28.4921,9.0047
20150.0,1.3812,5.9673,0.5093,4.5081,28.1163,9.046
20155.0,1.3739,5.8784,0.4739,4.7316,28.8669,9.0604
20160.0,1.3782,6.2393,0.4792,4.8301,28.3943,9.0564
20165.0,1.3751,6.0074,0.4816,6.9576,28.6921,9.0641
20170.0,1.3791,6.0258,0.4948,6.0913,28.1941,9.068
20175.0,1.3775,5.7312,0.4816,5.4813,28.3089,9.0759
20180.0,1.3721,5.3409,0.4943,5.1359,28.9814,9.075
20185.0,1.3776,6.0353,0.4817,3.8125,28.5546,9.047
20190.0,1.3717,5.5849,0.4838,3.8583,29.0235,9.0747
20195.0,1.3742,5.6216,0.4803,6.0094,28.6594,9.0816
20200.0,1.3763,6.0775,0.4718,5.5782,28.2371,9.1012
20205.0,1.3702,5.9249,0.5112,5.0874,28.9393,9.1083
20210.0,1.3712,6.056,0.5092,5.6557,28.5874,9.1342
20215.0,1.3694,5.7041,0.4933,5.4794,28.928,9.1238
20220.0,1.3707,5.6565,0.468,4.8032,28.7782,9.1213
20225.0,1.3752,5.682,0.5083,5.5114,28.4045,9.0994
20230.0,1.3706,5.7548,0.4888,6.7031,28.8498,9.1122
20235.0,1.366,5.9395,0.475,5.2989,29.3761,9.1256
20240.0,1.3689,5.3655,0.5029,5.5232,28.9686,9.1267
20245.0,1.3702,5.5217,0.4883,5.1624,28.8493,9.1208
20250.0,1.3667,5.9433,0.491,4.8865,29.1507,9.1402
20255.0,1.3679,6.3038,0.4843,5.5663,28.9526,9.1446
20260.0,1.3687,5.5322,0.4719,3.8312,28.9705,9.1304
20265.0,1.3708,5.8421,0.4837,6.2296,28.6632,9.1332
20270.0,1.3682,6.2232,0.4901,5.7666,29.0125,9.1326
20275.0,1.3665,5.7039,0.4834,4.8603,29.2309,9.1354
20280.0,1.3689,5.4491,0.504,3.5499,28.7809,9.1484
20285.0,1.3648,5.6953,0.4748,5.1452,29.3638,9.1478
20290.0,1.3656,5.8465,0.4959,4.6006,29.0025,9.1759
20295.0,1.3671,6.2217,0.4823,3.7565,28.8212,9.1741
20300.0,1.3625,5.7931,0.4866,4.5117,29.3101,9.1959
20305.0,1.364,6.0469,0.4843,4.8215,29.0066,9.2056
20310.0,1.3619,5.4233,0.4725,4.3239,29.2857,9.2116
20315.0,1.3653,5.5988,0.4775,6.4336,29.0403,9.1812
20320.0,1.3638,5.3394,0.4853,4.9038,29.1156,9.1952
20325.0,1.3627,5.6368,0.4863,5.2539,29.2713,9.1982
20330.0,1.3628,5.8629,0.4926,6.7631,29.2378,9.1992
20335.0,1.3667,6.1707,0.4801,5.4589,28.6834,9.1992
20340.0,1.3646,5.816,0.4872,5.8597,28.9191,9.2062
20345.0,1.3628,5.4069,0.4652,4.4441,29.4488,9.1768
20350.0,1.3645,5.7279,0.4935,5.7762,29.2003,9.1734
20355.0,1.363,5.5386,0.47,4.5726,29.1193,9.2093
20360.0,1.364,5.952,0.501,5.704,28.9274,9.2164
20365.0,1.3626,5.3818,0.4853,4.7866,29.0139,9.2302
20370.0,1.3637,5.7054,0.4854,6.1284,28.795,9.2379
20375.0,1.3611,5.9111,0.4863,5.5901,29.2918,9.2259
20380.0,1.3603,5.9871,0.4833,6.2356,29.184,9.2529
20385.0,1.3605,5.3456,0.4882,5.57,29.1084,9.2591
20390.0,1.3583,5.1762,0.4883,4.3874,29.3494,9.2742
20395.0,1.3564,5.3776,0.5036,5.3157,29.4737,9.2995
20400.0,1.3537,5.5748,0.4715,6.2452,29.9222,9.3052
20405.0,1.3587,5.0431,0.4692,4.2265,29.0371,9.3061
20410.0,1.3538,5.9523,0.5024,7.3767,29.7209,9.328
20415.0,1.3549,4.9932,0.4872,4.7362,29.6903,9.3081
20420.0,1.3568,5.5225,0.4824,4.6712,29.2682,9.317
20425.0,1.3547,5.6343,0.4736,6.4542,29.5296,9.3303
20430.0,1.3546,5.6407,0.4807,6.0506,29.3801,9.3506
20435.0,1.3539,5.8115,0.4909,5.3496,29.5566,9.3471
20440.0,1.352,5.6499,0.4896,4.9691,29.903,9.3494
20445.0,1.3528,5.8753,0.4804,5.4293,29.6926,9.3553
20450.0,1.3528,5.3215,0.4791,5.1964,29.6837,9.3578
20455.0,1.3537,5.4603,0.5175,3.8962,29.4643,9.3632
20460.0,1.3547,5.1666,0.4737,4.2328,29.2161,9.3712
20465.0,1.3526,5.1549,0.4977,6.2676,29.5501,9.3772
20470.0,1.3505,6.3867,0.485,4.2353,29.9189,9.384
20475.0,1.3531,5.281,0.4835,4.2777,29.2504,9.4036
20480.0,1.3529,5.892,0.5049,5.8316,29.3833,9.3939
20485.0,1.3512,4.7705,0.4805,3.7288,29.6934,9.3958
20490.0,1.3517,5.1801,0.4825,5.452,29.4304,9.416
20495.0,1.3506,5.6684,0.4859,4.7394,29.493,9.4359
20500.0,1.3494,5.3801,0.4713,4.8418,29.5997,9.4542
20505.0,1.3514,5.6104,0.4864,6.1991,29.3786,9.4318
20510.0,1.3503,5.281,0.5162,4.6218,29.4908,9.4445
20515.0,1.3488,5.1353,0.4656,4.8136,29.9244,9.433
20520.0,1.3509,5.2224,0.4996,5.4682,29.4358,9.4362
20525.0,1.3512,5.4015,0.4978,4.5683,29.3772,9.4378
20530.0,1.3502,4.9187,0.5139,6.5014,29.6331,9.4309
20535.0,1.3495,5.7105,0.4917,4.7541,29.9875,9.406
20540.0,1.3492,5.7582,0.5042,3.7218,29.769,9.4371
20545.0,1.3488,5.0314,0.4866,6.0499,29.7157,9.4568
20550.0,1.3481,5.4157,0.4827,5.5195,29.8565,9.4597
20555.0,1.3507,5.4411,0.4858,4.075,29.4225,9.4446
20560.0,1.3483,5.2766,0.4846,5.9207,29.9959,9.4364
20565.0,1.3479,5.3135,0.4828,4.2082,29.9813,9.4497
20570.0,1.349,5.5738,0.477,4.0122,29.7963,9.443
20575.0,1.3464,5.3817,0.4809,5.187,30.1632,9.4683
20580.0,1.3502,5.1779,0.4805,6.0178,29.6428,9.4302
20585.0,1.3474,5.2783,0.4852,4.5068,30.2195,9.4343
20590.0,1.3472,5.3851,0.4898,5.396,29.9889,9.4668
20595.0,1.3476,5.3699,0.4865,6.442,29.8788,9.4711
20600.0,1.3459,5.7625,0.503,5.3641,29.9705,9.5092
20605.0,1.346,5.4504,0.4944,5.2285,29.9611,9.5079
20610.0,1.3438,5.6295,0.5016,5.8295,30.3053,9.5364
20615.0,1.3457,5.5904,0.4816,4.8393,29.7433,9.5477
20620.0,1.3452,5.057,0.4974,6.8083,29.834,9.5515
20625.0,1.3437,5.8114,0.4799,5.4921,30.2957,9.5431
20630.0,1.3448,5.2994,0.492,6.9547,29.8997,9.5545
20635.0,1.3432,5.5533,0.4855,4.9817,30.2855,9.5599
20640.0,1.3427,5.0517,0.4852,4.6613,30.497,9.5513
20645.0,1.3449,5.2096,0.4771,5.9106,29.9833,9.5415
20650.0,1.3434,5.7653,0.4911,4.7723,30.2656,9.5534
20655.0,1.3444,5.5355,0.4819,3.6832,29.8182,9.5776
20660.0,1.3425,5.1455,0.5073,6.3498,30.3066,9.5833
20665.0,1.3431,5.1126,0.4918,5.4193,30.179,9.5785
20670.0,1.3432,5.6555,0.4742,5.8734,30.2585,9.566
20675.0,1.3442,5.694,0.4788,5.5956,29.9898,9.5645
20680.0,1.3462,5.1316,0.4824,5.5729,29.7468,9.534
20685.0,1.3442,5.4799,0.4934,5.7429,30.2986,9.5246
20690.0,1.3473,5.0511,0.4805,6.0372,29.6676,9.5074
20695.0,1.345,5.6071,0.468,4.282,30.1146,9.5193
20700.0,1.3441,5.6101,0.4857,4.1843,30.4397,9.5094
20705.0,1.3449,4.8962,0.4686,5.0958,30.2627,9.5068
20710.0,1.3429,5.2498,0.4853,3.4592,30.712,9.5145
20715.0,1.3436,5.6668,0.4867,4.8633,30.4913,9.5194
20720.0,1.3446,5.4142,0.4694,4.1665,30.0816,9.5379
20725.0,1.3437,5.3167,0.4949,5.1209,30.2618,9.5458
20730.0,1.3436,5.4394,0.496,5.0372,30.2529,9.5513
20735.0,1.3457,5.2902,0.4923,4.7313,29.8788,9.5311
20740.0,1.3452,5.3479,0.4784,4.9591,30.0488,9.5224
20745.0,1.3445,5.2714,0.4863,3.5707,30.1532,9.5325
20750.0,1.3456,5.5006,0.4835,4.8109,29.7937,9.5421
20755.0,1.3436,4.753,0.5058,4.7132,30.3238,9.5428
20760.0,1.3434,5.3165,0.4714,4.66,30.2588,9.5573
20765.0,1.3452,5.5081,0.4883,4.6353,29.9119,9.5415
20770.0,1.3433,4.9624,0.4878,4.1445,30.44,9.5372
20775.0,1.3427,5.0789,0.4851,3.9133,30.5267,9.5466
20780.0,1.3429,5.9738,0.4883,4.2487,30.4132,9.5526
20785.0,1.3429,5.1645,0.4839,4.4753,30.284,9.5714
20790.0,1.3427,5.5382,0.4775,4.571,30.5213,9.55
20795.0,1.3425,5.4528,0.4968,5.8716,30.5518,9.5503
20800.0,1.3423,5.1981,0.4917,3.3955,30.4669,9.5697
20805.0,1.3429,5.5658,0.4847,6.6017,30.192,9.5811
20810.0,1.3414,5.1469,0.4859,5.3236,30.4753,9.6008
20815.0,1.3404,5.2215,0.4688,5.1433,30.7129,9.6115
20820.0,1.3425,5.6016,0.4623,5.1974,30.2727,9.5896
20825.0,1.3397,5.7383,0.4857,5.1959,30.954,9.607
20830.0,1.3424,5.1385,0.494,6.3475,30.3056,9.5896
20835.0,1.3415,5.7234,0.4715,3.5678,30.4526,9.5999
20840.0,1.3415,5.538,0.4978,4.7716,30.2837,9.6236
20845.0,1.3409,5.124,0.4891,4.5699,30.5149,9.618
20850.0,1.3425,5.5518,0.4911,4.5098,30.0306,9.6179
20855.0,1.3415,5.1006,0.4833,5.4494,30.3367,9.6152
20860.0,1.3425,5.0437,0.4655,4.2367,30.2071,9.5974
20865.0,1.342,5.6905,0.4958,4.9489,30.5207,9.5739
20870.0,1.3414,5.1723,0.4924,5.1802,30.7422,9.5685
20875.0,1.3425,5.2051,0.4959,6.3362,30.6616,9.5402
20880.0,1.3458,5.8424,0.5031,4.38,29.9137,9.5238
20885.0,1.3418,5.1971,0.5031,5.5277,31.0234,9.518
20890.0,1.3435,5.6088,0.4736,4.2498,30.593,9.5109
20895.0,1.3445,5.2919,0.4802,4.656,30.3311,9.51
20900.0,1.3428,5.2064,0.4734,5.1376,30.5706,9.5353
20905.0,1.3431,5.3804,0.5002,5.0179,30.5812,9.5275
20910.0,1.344,5.4106,0.4842,4.9098,30.3763,9.5223
20915.0,1.3425,5.8481,0.4867,5.7016,30.5982,9.5439
20920.0,1.3445,5.4798,0.4978,4.7302,30.4024,9.5023
20925.0,1.3442,5.3064,0.4877,5.6065,30.4586,9.5023
20930.0,1.3447,5.7165,0.49,5.2274,30.3935,9.4969
20935.0,1.3448,5.5043,0.4727,5.7516,30.2122,9.5155
20940.0,1.3439,5.5455,0.4855,6.0134,30.6119,9.4941
20945.0,1.3428,5.5448,0.493,5.4881,30.7269,9.518
20950.0,1.3433,5.3305,0.48,5.5053,30.7142,9.5013
20955.0,1.3438,5.5155,0.4723,5.8116,30.7953,9.4772
20960.0,1.3437,5.5913,0.482,4.9192,30.6761,9.4904
20965.0,1.3452,5.2424,0.4873,4.3225,30.4664,9.471
20970.0,1.3441,5.1392,0.5029,4.6592,30.814,9.4634
20975.0,1.346,5.4245,0.495,3.3956,30.2691,9.4686
20980.0,1.3453,5.5319,0.4693,4.6179,30.3876,9.4774
20985.0,1.3462,5.8943,0.4893,6.0165,30.3759,9.4525
20990.0,1.3445,5.3432,0.4783,4.5926,30.8911,9.4411
20995.0,1.3454,5.5096,0.4765,4.7914,30.8607,9.4153
21000.0,1.346,5.2344,0.4787,5.3599,30.7507,9.411
21005.0,1.3459,5.8835,0.4825,4.7499,30.9007,9.3958
21010.0,1.3477,5.2735,0.5069,5.9072,30.4165,9.3988
21015.0,1.3453,5.4583,0.4776,5.0551,30.7271,9.4324
21020.0,1.3458,5.3247,0.4889,5.0003,30.6121,9.4326
21025.0,1.3445,5.0673,0.4848,6.0806,30.8585,9.4416
21030.0,1.3458,5.3211,0.498,4.9084,30.6212,9.4325
21035.0,1.3468,5.2257,0.494,4.9699,30.5569,9.4109
21040.0,1.3465,5.4722,0.492,4.2835,30.7914,9.391
21045.0,1.3451,5.656,0.4867,5.1604,30.8782,9.4204
21050.0,1.3464,5.161,0.491,4.8258,30.4949,9.4278
21055.0,1.3448,4.724,0.4852,5.1253,30.6495,9.4572
21060.0,1.3455,5.3734,0.4661,5.2105,30.4028,9.4674
21065.0,1.3467,5.4949,0.4785,5.1889,30.0454,9.4754
21070.0,1.3438,5.1539,0.4969,5.1825,30.7225,9.4825
21075.0,1.3431,5.2102,0.4897,5.6306,30.827,9.4945
21080.0,1.3437,5.1446,0.4877,4.9744,30.7425,9.4835
21085.0,1.3467,5.437,0.4862,4.8522,30.1918,9.4589
21090.0,1.3452,5.293,0.4933,4.0945,30.5935,9.4526
21095.0,1.3468,5.2168,0.495,6.8906,30.1286,9.4625
21100.0,1.3436,5.3533,0.4828,5.4157,31.0275,9.4529
21105.0,1.3456,5.5827,0.4751,3.8774,30.4154,9.4632
21110.0,1.343,5.2455,0.4696,2.965,31.0024,9.4757
21115.0,1.3428,5.3505,0.4821,5.7461,30.9266,9.4904
21120.0,1.3443,4.8971,0.4819,4.1285,30.4665,9.4996
21125.0,1.3447,4.8642,0.484,5.7091,30.4099,9.4949
21130.0,1.3439,5.2357,0.4656,3.7278,30.782,9.4734
21135.0,1.3453,5.374,0.4841,4.8054,30.4845,9.4645
21140.0,1.3449,5.5051,0.478,4.7378,30.7223,9.4477
21145.0,1.3451,5.3381,0.4661,4.3357,30.577,9.4579
21150.0,1.3469,5.286,0.511,5.6215,30.2534,9.4461
21155.0,1.3473,5.5073,0.4864,6.2499,30.1419,9.4456
21160.0,1.3444,5.2938,0.4853,4.4919,30.757,9.4584
21165.0,1.3451,5.2614,0.4913,5.3165,30.5606,9.462
21170.0,1.3446,5.4172,0.4921,4.7824,30.5633,9.4771
21175.0,1.3436,5.5919,0.4874,6.3614,30.8761,9.4701
21180.0,1.3423,5.6582,0.5188,6.4578,30.9959,9.5001
21185.0,1.3429,5.0625,0.497,5.7122,30.6348,9.5242
21190.0,1.3422,5.5126,0.4943,5.6547,30.618,9.5515
21195.0,1.342,5.2064,0.4769,5.3202,30.8283,9.5355
21200.0,1.3431,6.0079,0.4959,5.0424,30.3642,9.5516
21205.0,1.3417,4.8745,0.4898,5.2915,30.7592,9.5539
21210.0,1.3409,5.4547,0.4941,5.6551,30.8413,9.5726
21215.0,1.3412,5.2955,0.4875,6.4346,30.8732,9.5584
21220.0,1.3431,5.3008,0.4942,6.0429,30.2187,9.5728
21225.0,1.3412,5.5384,0.4865,3.9504,30.5122,9.6039
21230.0,1.3415,5.611,0.495,4.9978,30.4826,9.5989
21235.0,1.3405,5.4256,0.486,3.0457,30.7267,9.6038
21240.0,1.3403,5.7296,0.4914,4.4613,30.8213,9.6024
21245.0,1.3395,5.2895,0.5073,6.1629,31.0747,9.6008
21250.0,1.341,4.8958,0.478,3.915,30.5761,9.6035
21255.0,1.3419,5.5399,0.4644,4.4531,30.5746,9.5721
21260.0,1.34,5.2297,0.4713,5.7791,30.9856,9.5907
21265.0,1.3402,5.3215,0.5065,5.8205,30.7714,9.6121
21270.0,1.3385,5.3307,0.4754,3.9131,31.0131,9.6516
21275.0,1.3397,5.1468,0.4829,5.9724,30.7673,9.6323
21280.0,1.341,5.0856,0.5045,5.4779,30.4047,9.6294
21285.0,1.341,5.0536,0.4831,4.6662,30.3594,9.6331
21290.0,1.3412,5.4872,0.5004,4.6313,30.3035,9.6335
21295.0,1.3396,5.2288,0.4936,5.2132,30.8556,9.6262
21300.0,1.339,4.9636,0.4628,4.496,30.9858,9.6351
21305.0,1.3383,5.2228,0.4719,4.5865,31.1495,9.6424
21310.0,1.3386,5.5217,0.4692,5.4844,30.8963,9.6653
21315.0,1.3384,5.3519,0.4743,4.2524,30.9746,9.6614
21320.0,1.3396,5.6602,0.4931,5.1214,30.5372,9.6685
21325.0,1.3403,5.6411,0.4877,5.3745,30.3913,9.6592
21330.0,1.3387,6.2682,0.5032,5.6999,30.8911,9.6617
21335.0,1.339,4.8166,0.485,4.4547,30.7811,9.6636
21340.0,1.34,5.67,0.4825,4.41,30.7016,9.6329
21345.0,1.3395,5.3148,0.5068,5.5239,30.7695,9.6428
21350.0,1.34,4.6743,0.4748,4.24,30.7514,9.6255
21355.0,1.3395,4.8289,0.4979,5.0914,30.9894,9.6124
21360.0,1.3393,4.981,0.4831,6.0133,30.99,9.6226
21365.0,1.3397,5.2785,0.48,5.3155,30.8,9.6303
21370.0,1.3399,5.3026,0.502,4.7708,30.8731,9.6123
21375.0,1.3402,4.9032,0.4882,4.7003,30.7878,9.6085
21380.0,1.3418,5.2386,0.4756,3.4371,30.5416,9.5808
21385.0,1.3403,4.901,0.4609,3.8049,30.8435,9.599
21390.0,1.3417,5.3338,0.4926,6.0582,30.3032,9.6136
21395.0,1.3398,4.8901,0.4928,5.4764,30.9127,9.6109
21400.0,1.3416,4.9523,0.495,5.4964,30.3479,9.6122
21405.0,1.3397,5.548,0.4882,4.3422,30.7153,9.6374
21410.0,1.3414,5.29,0.4934,5.7361,30.4298,9.6108
21415.0,1.3404,5.4432,0.4917,6.0637,30.7766,9.6042
21420.0,1.3408,5.2009,0.4858,4.4812,30.627,9.6077
21425.0,1.3429,4.9787,0.5045,4.6601,30.2338,9.5794
21430.0,1.341,5.639,0.4913,4.5247,30.7348,9.584
21435.0,1.342,5.2567,0.5002,5.9038,30.4821,9.5805
21440.0,1.3408,5.8891,0.4786,5.3445,30.8438,9.5771
21445.0,1.3417,5.2931,0.4953,4.556,30.6208,9.5723
21450.0,1.3415,5.275,0.4818,6.1126,30.7162,9.5681
21455.0,1.3423,5.1157,0.4869,5.8936,30.3747,9.5811
21460.0,1.3426,5.5039,0.5047,5.834,30.4636,9.5612
21465.0,1.3429,5.9557,0.4978,6.1128,30.493,9.5454
21470.0,1.3428,4.6747,0.4838,3.5809,30.8185,9.509
21475.0,1.3417,5.1812,0.4854,3.3153,31.0203,9.5219
21480.0,1.3439,5.2471,0.4927,4.1066,30.3963,9.5225
21485.0,1.3421,5.9131,0.5092,6.484,30.8634,9.5266
21490.0,1.3438,5.5112,0.4801,4.1167,30.0483,9.5686
21495.0,1.3429,5.2086,0.4827,5.3291,30.2887,9.5705
21500.0,1.3427,5.7725,0.4875,4.5723,30.344,9.5701
21505.0,1.3424,5.0016,0.5076,5.2661,30.242,9.5933
21510.0,1.3431,5.6876,0.4713,4.7436,30.1807,9.5782
21515.0,1.3415,5.3601,0.4813,4.9947,30.6762,9.5721
21520.0,1.3421,5.9267,0.5002,4.4618,30.5157,9.5706
21525.0,1.341,5.0954,0.4776,5.871,30.6604,9.5936
21530.0,1.3402,5.4232,0.482,6.0971,30.7345,9.6148
21535.0,1.341,5.483,0.4785,5.7542,30.6245,9.5995
21540.0,1.3405,5.7097,0.4832,4.5586,30.7187,9.6054
21545.0,1.3405,5.3452,0.4652,4.9805,30.5331,9.6304
21550.0,1.3414,5.4445,0.4812,4.6896,30.2499,9.6327
21555.0,1.339,5.2479,0.4919,5.6283,30.8072,9.6578
21560.0,1.3403,5.348,0.5035,6.0495,30.3916,9.6559
21565.0,1.3407,5.2464,0.4957,5.7406,30.3011,9.6548
21570.0,1.3397,4.9616,0.4782,3.4153,30.4866,9.6679
21575.0,1.3402,5.5365,0.4636,4.7439,30.2989,9.6733
21580.0,1.3403,5.5648,0.4873,6.7335,30.4188,9.6544
21585.0,1.339,5.3489,0.485,4.469,30.6051,9.6818
21590.0,1.3389,5.3021,0.4997,5.6032,30.6022,9.6893
21595.0,1.3395,5.5961,0.4717,4.11,30.2866,9.7031
21600.0,1.3389,5.0774,0.492,5.5501,30.3851,9.7202
21605.0,1.3374,4.9968,0.4599,4.3318,30.7715,9.7392
21610.0,1.338,5.0882,0.4828,3.6868,30.6229,9.7276
21615.0,1.3369,5.4554,0.4794,6.0899,31.0135,9.7304
21620.0,1.3375,5.6819,0.4919,5.4297,30.7856,9.7297
21625.0,1.337,5.012,0.4889,3.7501,30.7726,9.7552
21630.0,1.3389,5.0964,0.4961,4.6948,30.1354,9.7551
21635.0,1.3367,5.4826,0.4997,4.5335,30.6691,9.7844
21640.0,1.337,5.4753,0.5013,5.9702,30.4607,9.8022
21645.0,1.3371,5.395,0.4807,5.5151,30.3321,9.8107
21650.0,1.3365,5.2369,0.4913,5.452,30.5076,9.8205
21655.0,1.3359,4.7735,0.4982,4.4874,30.6977,9.827
21660.0,1.3362,4.9141,0.4839,5.0319,30.5824,9.8279
21665.0,1.3371,5.3358,0.4835,5.4503,30.2334,9.8293
21670.0,1.3356,5.3217,0.492,5.7553,30.6344,9.8528
21675.0,1.3371,4.9011,0.4829,4.9584,30.2852,9.8217
21680.0,1.3362,5.3596,0.463,3.9841,30.4945,9.8369
21685.0,1.3364,4.7826,0.4902,6.5546,30.3603,9.8467
21690.0,1.3366,5.1039,0.4792,6.7718,30.3772,9.8318
21695.0,1.3358,5.105,0.4813,4.7445,30.6192,9.8431
21700.0,1.3366,5.3011,0.4873,5.0887,30.1634,9.8616
21705.0,1.3351,4.8946,0.4879,4.7746,30.9055,9.8462
21710.0,1.3371,4.5894,0.4878,4.789,29.9597,9.8649
21715.0,1.3365,5.1556,0.4858,4.4457,30.2613,9.8543
21720.0,1.3358,5.14,0.4974,4.868,30.4991,9.8615
21725.0,1.3354,5.9308,0.4955,5.7819,30.5484,9.8759
21730.0,1.3361,5.1017,0.4818,5.3312,30.3729,9.8613
21735.0,1.3361,5.2368,0.4742,2.9969,30.3795,9.86
21740.0,1.336,5.4324,0.4787,3.8043,30.4923,9.8524
21745.0,1.3364,5.4838,0.4884,4.7598,30.3276,9.8539
21750.0,1.3351,5.1683,0.4919,5.4398,30.7295,9.8683
21755.0,1.3357,4.919,0.5005,5.67,30.5869,9.8539
21760.0,1.3357,4.5388,0.4947,4.0701,30.5911,9.8544
21765.0,1.3369,4.9652,0.5025,4.8942,30.1271,9.8532
21770.0,1.3363,4.7882,0.4906,4.8961,30.3447,9.8534
21775.0,1.3363,4.7433,0.4893,4.3852,30.2852,9.861
21780.0,1.3364,5.0526,0.4671,3.9187,30.1048,9.8817
21785.0,1.3357,5.3669,0.486,5.6161,30.4421,9.8768
21790.0,1.3358,5.218,0.4752,4.1883,30.2136,9.8974
21795.0,1.3352,5.032,0.4816,4.5889,30.5077,9.8963
21800.0,1.336,5.2558,0.4894,5.6772,30.0723,9.9105
21805.0,1.334,5.228,0.4891,5.9775,30.7655,9.9295
21810.0,1.3357,4.7994,0.491,5.7074,30.1076,9.9232
21815.0,1.3352,5.2434,0.4838,3.8221,30.3825,9.9138
21820.0,1.3348,4.6246,0.4945,4.8076,30.5216,9.9187
21825.0,1.3361,5.3839,0.4865,4.8531,30.177,9.8932
21830.0,1.3354,5.1321,0.4878,4.9964,30.5288,9.8797
21835.0,1.3364,5.2808,0.4823,5.3346,30.0044,9.8982
21840.0,1.3349,5.0127,0.4742,5.431,30.6708,9.8909
21845.0,1.3357,4.3502,0.4898,5.966,30.3074,9.8913
21850.0,1.336,5.6919,0.498,4.9658,30.1508,9.9007
21855.0,1.3358,5.3506,0.487,5.3028,30.2213,9.9007
21860.0,1.3351,5.4284,0.4988,6.2756,30.4945,9.9041
21865.0,1.3357,5.283,0.4991,5.3918,30.1423,9.9184
21870.0,1.3357,5.4134,0.488,4.9355,30.0973,9.9242
21875.0,1.3356,4.7082,0.4709,5.8633,30.2254,9.9142
21880.0,1.3361,5.2981,0.4823,4.3076,29.9828,9.9193
21885.0,1.3348,5.3613,0.4781,4.2512,30.7285,9.8898
21890.0,1.3361,5.1739,0.497,4.6995,30.1281,9.896
21895.0,1.3351,5.1313,0.4871,6.206,30.4739,9.9057
21900.0,1.3357,5.609,0.4773,4.202,30.3147,9.8937
21905.0,1.3363,5.3369,0.4879,5.4471,30.0126,9.9016
21910.0,1.3358,5.1155,0.4776,6.032,30.2537,9.8976
21915.0,1.3351,5.3587,0.5015,6.1114,30.4476,9.909
21920.0,1.3352,5.5286,0.4861,4.947,30.2011,9.9365
21925.0,1.3345,4.5793,0.4905,4.5288,30.5429,9.9316
21930.0,1.3348,4.7585,0.4991,5.7324,30.4966,9.9217
21935.0,1.3346,4.6388,0.4754,4.0842,30.4675,9.9331
21940.0,1.3362,5.8174,0.489,5.7182,30.1195,9.8959
21945.0,1.3365,4.7561,0.4898,5.7532,29.9611,9.8979
21950.0,1.3357,5.665,0.5039,4.8006,30.0743,9.9272
21955.0,1.3348,5.6461,0.4828,5.7059,30.2735,9.951
21960.0,1.3348,4.8319,0.4774,4.2156,30.3577,9.9392
21965.0,1.3367,5.3096,0.4723,5.1617,29.6751,9.9274
21970.0,1.3352,5.2055,0.4857,4.2206,30.2128,9.9348
21975.0,1.335,5.2069,0.4788,5.6838,30.2512,9.9413
21980.0,1.3354,4.5112,0.49,6.0648,30.1392,9.9356
21985.0,1.3345,5.4585,0.4819,3.928,30.5284,9.935
21990.0,1.3351,5.2019,0.4809,5.2895,30.308,9.9319
21995.0,1.3346,5.22,0.497,6.4853,30.5271,9.9299
22000.0,1.3352,4.6928,0.4923,6.1263,30.1426,9.9444
22005.0,1.3343,5.2672,0.4806,3.5966,30.4281,9.9626
22010.0,1.3339,5.1311,0.5006,5.7009,30.5996,9.9644
22015.0,1.334,4.9389,0.4872,6.571,30.516,9.968
22020.0,1.3353,5.0203,0.5087,5.1914,29.9122,9.9744
22025.0,1.3348,5.2222,0.4946,5.3072,30.1191,9.9722
22030.0,1.3351,4.9765,0.4877,5.3247,30.0936,9.9606
22035.0,1.3344,4.603,0.4689,4.0573,30.2995,9.9715
22040.0,1.3343,5.2654,0.4714,2.8943,30.3462,9.9757
22045.0,1.3355,5.1737,0.4634,5.0763,29.9623,9.958
22050.0,1.3345,4.6729,0.4777,5.1492,30.1865,9.9811
22055.0,1.3358,5.9583,0.4899,5.8971,29.6621,9.9814
22060.0,1.3339,5.2815,0.5045,4.2337,30.5252,9.9733
22065.0,1.3351,5.2388,0.4671,3.9185,30.0342,9.9695
22070.0,1.335,5.1453,0.5019,5.8702,30.1739,9.9539
22075.0,1.3352,5.3884,0.4992,5.5257,30.0803,9.9586
22080.0,1.3345,5.2577,0.4557,4.1004,30.442,9.9468
22085.0,1.3373,5.5417,0.4682,5.0235,29.4439,9.9328
22090.0,1.3352,5.1129,0.4939,5.3616,30.147,9.9471
22095.0,1.3353,5.2318,0.4747,4.8709,30.1226,9.9457
22100.0,1.3361,4.4486,0.4849,4.4302,30.0336,9.9105
22105.0,1.3348,5.4799,0.4682,4.5061,30.5765,9.9092
22110.0,1.3365,5.7685,0.4903,3.811,29.9212,9.902
22115.0,1.335,5.2321,0.4867,6.2464,30.3341,9.9286
22120.0,1.3356,4.9893,0.4853,4.4964,30.2284,9.9133
22125.0,1.3345,5.1716,0.4885,5.6819,30.4529,9.9405
22130.0,1.3353,5.9332,0.4786,2.8982,29.9689,9.9638
22135.0,1.3354,5.1393,0.4708,5.083,29.9508,9.9652
22140.0,1.3346,5.5175,0.4866,4.4515,30.4064,9.9476
22145.0,1.3356,5.4178,0.481,4.3856,30.2371,9.9138
22150.0,1.3366,4.9009,0.4823,5.534,29.743,9.9258
22155.0,1.3358,5.2208,0.4935,5.0545,29.9929,9.9321
22160.0,1.3352,5.3576,0.4876,5.2941,30.2229,9.9341
22165.0,1.3352,5.0982,0.4925,5.5432,30.3344,9.9189
22170.0,1.3356,5.2827,0.5147,4.9999,29.9538,9.9489
22175.0,1.337,5.1257,0.4819,4.0012,29.3937,9.9529
22180.0,1.3347,5.2449,0.4873,5.076,30.2519,9.9632
22185.0,1.3354,5.6096,0.5006,6.5351,29.8148,9.9828
22190.0,1.3361,4.9575,0.481,4.4478,29.6144,9.9719
22195.0,1.3367,5.471,0.4933,5.0606,29.4096,9.9711
22200.0,1.3343,5.269,0.4944,4.7114,30.3202,9.9783
22205.0,1.3343,4.9152,0.4708,4.9619,30.1478,9.9991
22210.0,1.3343,5.0425,0.4813,4.8694,30.0584,10.0175
22215.0,1.3338,5.1032,0.4873,4.6398,30.4612,9.9922
22220.0,1.3347,5.0211,0.5072,5.1332,30.2724,9.9625
22225.0,1.3344,5.2643,0.4719,4.2007,30.5164,9.9456
22230.0,1.3359,5.2512,0.4762,3.7265,29.7635,9.9606
22235.0,1.3351,4.9065,0.4868,6.1483,30.1024,9.9592
22240.0,1.3363,5.1907,0.4994,4.9449,29.7062,9.9475
22245.0,1.3354,5.5576,0.4918,3.8981,30.0525,9.9474
22250.0,1.3351,4.5724,0.4798,3.0017,30.0472,9.9648
22255.0,1.3351,5.048,0.4668,4.8447,30.2656,9.934
22260.0,1.3356,5.4261,0.4821,5.4159,30.12,9.9259
22265.0,1.3349,5.0532,0.4857,5.1842,30.2641,9.9453
22270.0,1.3352,5.3027,0.4921,5.5209,30.2838,9.9279
22275.0,1.3347,5.1211,0.4769,4.5894,30.6465,9.9049
22280.0,1.3358,4.8109,0.495,4.9507,30.0288,9.9286
22285.0,1.3361,4.9648,0.4942,5.0979,29.8722,9.9318
22290.0,1.3348,5.557,0.4859,6.1495,30.169,9.9637
22295.0,1.3353,5.0523,0.4925,4.9965,29.9069,9.9759
22300.0,1.3341,5.804,0.472,4.3375,30.478,9.9693
22305.0,1.3344,5.4782,0.4894,5.6494,30.0368,10.0127
22310.0,1.3343,5.1959,0.4902,4.0435,29.9664,10.031
22315.0,1.3344,5.2569,0.4779,3.9768,29.9902,10.0232
22320.0,1.3336,5.2134,0.4779,4.2704,30.2879,10.0269
22325.0,1.3339,5.2025,0.4936,5.1896,30.0692,10.0416
22330.0,1.3339,4.797,0.4946,4.8281,29.9486,10.0571
22335.0,1.3324,5.6277,0.4746,4.9804,30.5258,10.0819
22340.0,1.3338,5.4822,0.4732,5.0475,29.8959,10.0783
22345.0,1.333,4.4746,0.4662,5.3749,30.1193,10.095
22350.0,1.3328,4.677,0.4994,5.867,30.2741,10.094
22355.0,1.3338,4.985,0.5012,6.8538,29.7039,10.1031
22360.0,1.3327,4.9968,0.4799,5.2998,30.2325,10.1055
22365.0,1.3334,5.5599,0.4895,2.6951,29.8494,10.1101
22370.0,1.3325,5.164,0.4701,5.6325,30.3197,10.1106
22375.0,1.3333,5.3603,0.4974,6.631,29.8742,10.117
22380.0,1.3321,4.8357,0.4896,6.6128,30.2889,10.1409
22385.0,1.3317,5.2806,0.49,4.7351,30.3932,10.1624
22390.0,1.3319,5.2052,0.4764,4.2198,30.3331,10.1536
22395.0,1.3325,4.7613,0.4972,4.7673,30.1816,10.1267
22400.0,1.3327,5.1196,0.491,4.9509,30.0621,10.1303
22405.0,1.333,5.2512,0.478,3.5381,29.977,10.1239
22410.0,1.3315,4.6444,0.48,5.3346,30.4901,10.1645
22415.0,1.3323,4.7904,0.4886,4.2632,29.9487,10.1802
22420.0,1.3326,5.5663,0.4827,4.8614,29.8657,10.1715
22425.0,1.3315,5.0518,0.4818,3.8589,30.2927,10.1936
22430.0,1.3325,5.0005,0.4955,5.4788,29.9287,10.1701
22435.0,1.3328,5.1878,0.4707,5.6043,29.8917,10.1504
22440.0,1.333,4.9886,0.4955,4.8666,29.7699,10.1556
22445.0,1.3326,4.8323,0.4791,4.787,30.0116,10.1481
22450.0,1.3328,5.226,0.4813,5.5549,30.1133,10.1154
22455.0,1.3325,5.2653,0.4852,5.6497,30.1964,10.1283
22460.0,1.3322,5.2736,0.4978,4.0377,30.3752,10.1261
22465.0,1.3322,5.3499,0.4853,4.3636,30.2709,10.1392
22470.0,1.3327,4.6716,0.4865,5.626,30.0933,10.1277
22475.0,1.3324,4.8468,0.4713,5.0017,30.0933,10.1483
22480.0,1.3319,5.4862,0.4795,5.5223,30.2723,10.1626
22485.0,1.3316,5.3066,0.4818,4.862,30.4649,10.1585
22490.0,1.3323,5.2696,0.4956,6.2329,30.1804,10.142
22495.0,1.3325,4.4833,0.4974,4.7672,30.0336,10.1528
22500.0,1.333,4.9201,0.4927,4.3859,29.9047,10.1317
22505.0,1.3331,5.0849,0.5075,6.0127,29.7938,10.1431
22510.0,1.3321,4.8715,0.4902,4.7295,30.3239,10.1388
22515.0,1.3323,5.7396,0.4801,5.401,30.304,10.1295
22520.0,1.3323,5.0019,0.4778,5.381,30.3062,10.1224
22525.0,1.3326,5.181,0.487,4.6326,30.132,10.1251
22530.0,1.3319,4.8243,0.4753,4.3381,30.5183,10.126
22535.0,1.3333,5.3625,0.4743,5.5835,30.0479,10.0917
22540.0,1.3329,4.9196,0.481,5.4436,30.4102,10.0674
22545.0,1.3331,5.3284,0.4837,4.5498,30.1642,10.0802
22550.0,1.3332,4.967,0.485,5.0382,30.0244,10.0976
22555.0,1.3324,5.4207,0.4887,4.4097,30.3272,10.1119
22560.0,1.3324,4.9527,0.4769,5.4153,30.2841,10.1163
22565.0,1.3326,5.1564,0.4652,5.3885,30.2736,10.1036
22570.0,1.3325,5.5582,0.4743,4.5783,30.2074,10.1209
22575.0,1.3326,4.7327,0.4705,5.2092,30.1804,10.1231
22580.0,1.3315,5.1692,0.4997,5.2817,30.7897,10.1228
22585.0,1.3317,5.1984,0.489,6.2104,30.4915,10.1432
22590.0,1.3316,5.0641,0.4835,3.7771,30.379,10.17
22595.0,1.3318,4.7704,0.4823,4.8909,30.2292,10.18
22600.0,1.3311,4.5355,0.4794,4.2544,30.4559,10.201
22605.0,1.3314,5.1861,0.4643,3.9584,30.3366,10.2014
22610.0,1.3315,5.4634,0.4639,5.5451,30.2167,10.2039
22615.0,1.3315,4.9701,0.4983,5.5658,30.1373,10.2149
22620.0,1.3315,5.097,0.4942,5.0021,30.1961,10.2076
22625.0,1.3331,5.5609,0.4885,4.1047,29.4268,10.1983
22630.0,1.3319,5.1655,0.5039,5.148,30.2752,10.1652
22635.0,1.3325,4.8749,0.4981,4.7356,30.1036,10.1417
22640.0,1.3317,5.4938,0.4831,5.2549,30.6271,10.1295
22645.0,1.3322,5.5159,0.5025,6.4373,30.2371,10.1426
22650.0,1.3326,5.2811,0.4924,5.3479,29.9383,10.1587
22655.0,1.3322,5.2287,0.4776,5.8382,30.2263,10.1468
22660.0,1.3328,4.7248,0.4893,5.1394,29.9806,10.1391
22665.0,1.3322,4.7003,0.4613,4.1222,30.3639,10.1238
22670.0,1.3325,5.0515,0.4829,5.1937,30.3217,10.1042
22675.0,1.3322,5.2234,0.4949,4.4326,30.4918,10.106
22680.0,1.3332,5.2932,0.5082,4.2535,30.0581,10.094
22685.0,1.3326,5.1964,0.4838,5.3685,30.2678,10.1037
22690.0,1.3336,5.1309,0.4877,4.9573,29.9216,10.0852
22695.0,1.3324,5.2713,0.4769,4.8041,30.4418,10.0947
22700.0,1.3328,4.6376,0.4866,5.0259,30.3997,10.0714
22705.0,1.3328,4.7576,0.4895,5.3052,30.3975,10.0751
22710.0,1.333,4.9468,0.4853,5.8687,30.2776,10.0766
22715.0,1.3328,5.4103,0.4596,3.4691,30.3845,10.0776
22720.0,1.3321,5.3294,0.4955,4.2109,30.6855,10.0826
22725.0,1.3329,5.5361,0.4969,4.8883,30.2169,10.0881
22730.0,1.3326,5.3601,0.4716,4.6462,30.3265,10.0966
22735.0,1.3333,5.1011,0.4981,5.9469,30.024,10.09
22740.0,1.3333,4.5013,0.497,5.4542,30.0823,10.0828
22745.0,1.3329,4.9887,0.475,4.3191,30.3275,10.076
22750.0,1.3326,5.4975,0.5027,5.3643,30.5829,10.0636
22755.0,1.3327,5.3691,0.4738,4.9015,30.2466,10.0979
22760.0,1.3328,5.4496,0.4879,4.2726,30.2555,10.0955
22765.0,1.3329,4.6335,0.496,4.847,30.2166,10.0908
22770.0,1.333,4.6124,0.4859,5.5419,30.1885,10.0908
22775.0,1.3327,5.1086,0.4813,4.9807,30.3998,10.0813
22780.0,1.3332,4.9157,0.4767,4.2069,29.9556,10.1059
22785.0,1.3319,5.5817,0.4866,4.36,30.6541,10.1062
22790.0,1.3331,4.9581,0.4768,5.0361,30.1714,10.0853
22795.0,1.3325,5.2882,0.4852,5.2177,30.5222,10.0773
22800.0,1.3334,5.2207,0.485,4.7548,30.0281,10.0817
22805.0,1.3323,4.9712,0.4963,3.3846,30.5168,10.0941
22810.0,1.3324,4.8303,0.4729,3.3021,30.5215,10.0853
22815.0,1.3321,5.0437,0.472,4.8792,30.4535,10.1147
22820.0,1.3326,4.5078,0.4793,4.9048,30.1129,10.1316
22825.0,1.3324,4.7066,0.4818,5.7385,30.4278,10.0977
22830.0,1.3329,5.0139,0.483,5.2068,30.0737,10.1121
22835.0,1.3326,5.4359,0.4992,7.3885,30.3102,10.1027
22840.0,1.3319,5.6282,0.4873,5.1198,30.6348,10.1097
22845.0,1.332,4.96,0.4842,5.129,30.5806,10.1073
22850.0,1.3325,4.769,0.4965,4.4937,30.3893,10.0939
22855.0,1.3333,5.4636,0.4863,5.3257,30.1458,10.073
22860.0,1.3325,4.6414,0.4821,4.4683,30.5549,10.0724
22865.0,1.3327,5.338,0.494,3.6049,30.4024,10.0804
22870.0,1.334,4.7104,0.4829,4.6635,29.8215,10.0754
22875.0,1.3324,5.2665,0.4658,4.222,30.6012,10.0721
22880.0,1.3329,4.6867,0.4788,4.6174,30.4035,10.0647
22885.0,1.3323,4.8395,0.5062,4.4068,30.7142,10.0661
22890.0,1.3339,4.6691,0.482,4.1793,30.1438,10.0349
22895.0,1.3347,5.5456,0.4847,5.4864,29.6275,10.0522
22900.0,1.3328,5.0343,0.5008,6.0367,30.4954,10.0538
22905.0,1.3325,4.7952,0.4933,5.6681,30.5026,10.0787
22910.0,1.3334,5.2139,0.4845,5.7212,30.011,10.0884
22915.0,1.333,5.0479,0.4814,5.0143,30.193,10.088
22920.0,1.3312,5.2948,0.4735,4.0877,31.1305,10.0987
22925.0,1.3321,5.2798,0.4863,6.56,30.3692,10.1275
22930.0,1.3318,4.9177,0.4784,4.7257,30.6324,10.1171
22935.0,1.3324,5.0766,0.4944,5.988,30.2909,10.1176
22940.0,1.3332,4.2151,0.484,4.4525,29.935,10.1124
22945.0,1.3323,5.1597,0.4978,4.5756,30.4189,10.1069
22950.0,1.3322,5.8814,0.489,6.1968,30.399,10.1176
22955.0,1.3323,5.0187,0.4822,5.5454,30.3694,10.1174
22960.0,1.3322,5.1436,0.4946,4.7392,30.4446,10.1119
22965.0,1.3318,5.2381,0.4834,4.0317,30.5432,10.1318
22970.0,1.3318,5.201,0.4749,4.7518,30.4435,10.1439
22975.0,1.3322,5.3831,0.482,4.2518,30.1689,10.1522
22980.0,1.3315,5.0054,0.4841,5.7489,30.6103,10.1438
22985.0,1.3324,5.7047,0.4932,4.6522,30.0053,10.1602
22990.0,1.3322,4.9397,0.4659,4.5636,29.9838,10.1843
22995.0,1.3307,4.7735,0.4851,5.234,30.685,10.2074
23000.0,1.3308,6.0005,0.4893,5.529,30.6308,10.208
23005.0,1.331,4.6904,0.4833,4.4744,30.4934,10.2134
23010.0,1.3317,4.8984,0.4825,3.9899,30.1626,10.2024
23015.0,1.3317,5.8319,0.4792,6.1045,30.3382,10.1733
23020.0,1.3315,4.9927,0.4785,6.43,30.4532,10.1671
23025.0,1.3318,5.3173,0.484,5.5363,30.1236,10.1962
23030.0,1.3316,4.6836,0.4826,3.9463,30.3415,10.1782
23035.0,1.3312,5.4414,0.5066,6.2251,30.6929,10.1584
23040.0,1.3308,4.7705,0.4892,3.9525,30.8903,10.1714
23045.0,1.3314,5.331,0.4806,4.8606,30.4321,10.1831
23050.0,1.3306,5.0922,0.4917,5.6085,30.7297,10.2109
23055.0,1.332,5.894,0.4853,4.4039,30.0655,10.1891
23060.0,1.3309,5.1217,0.4931,5.2723,30.7124,10.1872
23065.0,1.3314,4.6524,0.4852,6.2293,30.35,10.1968
23070.0,1.331,4.9608,0.4972,4.7871,30.6313,10.192
23075.0,1.3314,5.2433,0.4974,4.5985,30.4959,10.1779
23080.0,1.3312,5.0794,0.4926,4.3555,30.8913,10.131
23085.0,1.3318,4.9824,0.5004,4.9034,30.3459,10.1593
23090.0,1.3314,5.0406,0.4918,5.9747,30.7247,10.1379
23095.0,1.332,5.3043,0.4813,5.07,30.5012,10.1188
23100.0,1.3322,5.3129,0.4924,5.92,30.5347,10.1031
23105.0,1.3326,5.5313,0.4749,5.3985,30.5315,10.0681
23110.0,1.3328,5.1245,0.4769,2.2824,30.3692,10.0791
23115.0,1.3326,4.9556,0.4808,5.2025,30.5802,10.0649
23120.0,1.3329,5.118,0.4836,5.2728,30.5711,10.0409
23125.0,1.3325,5.2122,0.4969,5.6778,30.6501,10.0531
23130.0,1.3324,5.3516,0.484,4.5346,30.614,10.0671
23135.0,1.3321,4.5592,0.4899,5.2879,30.7953,10.066
23140.0,1.332,5.5527,0.482,5.1255,30.8296,10.0721
23145.0,1.333,4.4928,0.5002,4.563,30.3389,10.0653
23150.0,1.3318,4.986,0.5042,4.9681,30.8216,10.0917
23155.0,1.3324,5.6871,0.5066,5.1351,30.3106,10.1156
23160.0,1.3315,4.9893,0.493,5.0621,30.7569,10.123
23165.0,1.3312,5.2163,0.4744,5.2911,30.7676,10.1498
23170.0,1.3323,5.6076,0.4822,4.7881,30.1375,10.1533
23175.0,1.3315,5.2005,0.4952,5.3639,30.6411,10.1429
23180.0,1.3317,5.435,0.4997,4.5275,30.5033,10.1442
23185.0,1.3314,4.9798,0.4831,6.5494,30.4333,10.1821
23190.0,1.3307,5.6669,0.4824,4.8546,30.9631,10.1676
23195.0,1.3315,5.334,0.4979,6.0143,30.4644,10.1656
23200.0,1.3314,4.9818,0.498,3.641,30.4286,10.1807
23205.0,1.331,4.9368,0.4623,3.1488,30.6514,10.1822
23210.0,1.3309,5.538,0.4945,5.3126,30.8062,10.1738
23215.0,1.3311,5.1008,0.4749,4.1167,30.6016,10.1852
23220.0,1.3307,5.1757,0.4984,5.0926,30.9307,10.1726
23225.0,1.3307,4.9443,0.4899,7.3108,30.774,10.1929
23230.0,1.3319,4.9705,0.486,3.7413,30.0987,10.1914
23235.0,1.331,4.8441,0.4878,4.1079,30.5129,10.2094
23240.0,1.3311,5.0657,0.4826,3.9311,30.5067,10.1968
23245.0,1.3306,5.1254,0.4804,5.9155,30.7689,10.2104
23250.0,1.3318,5.2679,0.4997,5.4436,29.9947,10.2163
23255.0,1.3296,4.9821,0.4881,3.6682,31.2899,10.2327
23260.0,1.3301,5.6245,0.4837,3.9882,30.7871,10.2559
23265.0,1.3302,4.8761,0.4871,4.5411,30.6932,10.2649
23270.0,1.3299,4.5725,0.4922,4.7979,30.953,10.2542
23275.0,1.3293,5.2316,0.4923,3.4581,31.245,10.2737
23280.0,1.3299,4.868,0.4789,5.5026,30.8783,10.2679
23285.0,1.3301,5.0373,0.4928,4.3321,30.8992,10.2395
23290.0,1.3303,5.1497,0.4591,4.7749,30.696,10.2523
23295.0,1.3304,5.2111,0.4737,4.826,30.6292,10.2522
23300.0,1.3304,5.1163,0.5035,6.2123,30.5469,10.2604
23305.0,1.3303,4.9052,0.4883,4.9439,30.4604,10.2841
23310.0,1.33,5.571,0.5049,5.3071,30.4963,10.3119
23315.0,1.3302,5.1812,0.4888,4.3322,30.3314,10.3127
23320.0,1.3298,5.3864,0.488,4.3783,30.6511,10.3135
23325.0,1.3303,5.0102,0.4716,4.9849,30.2497,10.3153
23330.0,1.3295,4.6443,0.495,5.1643,30.7195,10.3312
23335.0,1.3296,4.8746,0.4863,5.1624,30.6634,10.335
23340.0,1.3294,5.2121,0.4942,5.8076,30.7099,10.3524
23345.0,1.3296,4.9959,0.4854,3.9695,30.5432,10.3506
23350.0,1.3283,5.0644,0.4763,3.9296,31.4435,10.3736
23355.0,1.3288,5.1999,0.4944,6.5934,31.0148,10.3728
23360.0,1.3296,5.214,0.4871,6.2253,30.3641,10.3805
23365.0,1.329,5.0922,0.487,5.2865,30.7338,10.3904
23370.0,1.3292,5.0425,0.4893,5.2063,30.5238,10.4022
23375.0,1.3295,4.7816,0.4828,5.081,30.4224,10.3819
23380.0,1.3295,5.2972,0.4833,5.4334,30.3411,10.3947
23385.0,1.3287,5.114,0.502,5.0758,30.7842,10.4245
23390.0,1.329,5.2273,0.4793,4.6002,30.5058,10.4306
23395.0,1.3286,4.8946,0.4974,4.785,30.918,10.4229
23400.0,1.3287,5.6014,0.4814,5.8597,30.9243,10.4115
23405.0,1.3285,4.9143,0.4989,5.7578,31.0191,10.4225
23410.0,1.329,5.3916,0.4804,3.802,30.4622,10.4324
23415.0,1.3287,5.0393,0.4887,5.5202,30.7937,10.4207
23420.0,1.3287,5.2741,0.5082,5.4792,30.8325,10.4255
23425.0,1.3289,5.288,0.4999,3.695,30.5553,10.436
23430.0,1.3291,5.3162,0.4798,4.4457,30.4802,10.4284
23435.0,1.3285,5.4966,0.4819,5.1878,31.0748,10.4176
23440.0,1.3288,5.1725,0.4816,4.5811,30.7285,10.4197
23445.0,1.329,4.8137,0.4939,5.4286,30.8298,10.3867
23450.0,1.3296,5.4879,0.496,6.1276,30.4643,10.3681
23455.0,1.3298,4.579,0.4763,5.4146,30.364,10.3597
23460.0,1.3294,5.0805,0.4778,5.0766,30.5253,10.3768
23465.0,1.3293,5.0513,0.4915,5.124,30.6355,10.3776
23470.0,1.3295,5.0433,0.4676,5.8063,30.3992,10.3892
23475.0,1.3292,5.0547,0.4786,3.8467,30.6614,10.3832
23480.0,1.3297,5.3902,0.4882,4.9062,30.2403,10.3887
23485.0,1.3295,5.2638,0.4728,4.2199,30.3809,10.3937
23490.0,1.3287,5.3804,0.4842,4.8241,30.8271,10.4179
23495.0,1.3287,4.7913,0.4792,3.8252,30.8086,10.4242
23500.0,1.329,5.0457,0.4818,5.0715,30.5579,10.423
23505.0,1.3291,5.0391,0.491,4.0944,30.3996,10.4359
23510.0,1.3292,4.8656,0.4976,4.2611,30.3953,10.4274
23515.0,1.3292,4.8542,0.4893,3.6192,30.5568,10.3969
23520.0,1.3287,4.6854,0.4808,5.5818,30.8091,10.4198
23525.0,1.3286,5.0557,0.463,4.46,30.8779,10.4243
23530.0,1.3291,4.9311,0.4869,4.4224,30.5194,10.4122
23535.0,1.3293,4.6375,0.4637,4.8045,30.3528,10.4158
23540.0,1.3287,5.3279,0.4883,5.2483,30.7057,10.4364
23545.0,1.3289,4.8401,0.4958,5.7987,30.4303,10.455
23550.0,1.3288,5.0532,0.472,6.2799,30.504,10.4621
23555.0,1.3282,5.2464,0.4765,4.784,30.9622,10.4736
23560.0,1.3283,5.0806,0.4849,5.2838,30.8349,10.481
23565.0,1.3283,5.0457,0.4892,5.0875,30.6648,10.5028
23570.0,1.3286,5.1561,0.4913,5.5393,30.3043,10.5222
23575.0,1.328,4.8653,0.4915,4.7665,30.6721,10.5441
23580.0,1.3279,5.115,0.4886,4.5104,30.8818,10.5409
23585.0,1.3282,5.2282,0.4936,6.151,30.519,10.5387
23590.0,1.3278,4.3778,0.4899,5.1006,30.9474,10.5435
23595.0,1.3281,5.1505,0.4729,5.0381,30.9294,10.4942
23600.0,1.3281,4.8596,0.4878,5.9322,31.0187,10.4844
23605.0,1.3284,5.2531,0.4751,5.4124,30.6755,10.488
23610.0,1.3283,5.4535,0.4756,5.3266,30.7424,10.4947
23615.0,1.3282,5.2473,0.4678,4.5376,30.9453,10.4738
23620.0,1.3284,5.6117,0.4804,6.2739,30.6998,10.4878
23625.0,1.3285,5.1524,0.506,4.9647,30.4587,10.507
23630.0,1.3286,5.1759,0.4754,5.934,30.4679,10.4938
23635.0,1.3284,4.7061,0.4782,4.6853,30.6355,10.496
23640.0,1.3287,5.5709,0.4883,4.9606,30.2491,10.5115
23645.0,1.3284,5.475,0.4769,5.3005,30.5316,10.5113
23650.0,1.328,5.1631,0.4824,3.5409,30.8372,10.5174
23655.0,1.3292,5.2202,0.4984,4.559,30.0108,10.489
23660.0,1.3283,5.4541,0.467,6.3859,30.9377,10.4703
23665.0,1.3284,5.4146,0.47,5.589,30.83,10.4653
23670.0,1.3288,5.2363,0.4932,5.9116,30.4297,10.4689
23675.0,1.3285,4.7813,0.501,5.9565,30.6757,10.4752
23680.0,1.3287,5.0264,0.5031,4.8436,30.5358,10.4729
23685.0,1.3285,5.0099,0.4749,4.1553,30.8375,10.455
23690.0,1.3288,5.382,0.4888,4.0747,30.7706,10.4193
23695.0,1.3295,4.8497,0.4973,6.1422,30.1697,10.425
23700.0,1.3288,5.1121,0.497,5.2771,30.6613,10.435
23705.0,1.3291,5.4609,0.4817,4.201,30.4577,10.4257
23710.0,1.3291,4.9484,0.5091,5.8577,30.5244,10.4122
23715.0,1.3292,4.6984,0.4737,4.6631,30.3161,10.4356
23720.0,1.3287,4.9213,0.4568,4.9486,30.9296,10.408
23725.0,1.3288,5.085,0.4958,5.0207,30.7468,10.4164
23730.0,1.3296,5.028,0.455,3.9515,30.2961,10.3925
23735.0,1.3298,5.2105,0.4804,4.9944,30.1415,10.3953
23740.0,1.3293,4.8283,0.497,5.4341,30.3728,10.4193
23745.0,1.3291,5.1806,0.4751,4.505,30.5717,10.4044
23750.0,1.3293,5.1003,0.4764,4.6543,30.517,10.3944
23755.0,1.3291,4.9946,0.4962,6.1167,30.764,10.3837
23760.0,1.3292,5.0609,0.4974,5.5863,30.6419,10.3902
23765.0,1.3288,5.3965,0.4842,5.9739,30.6804,10.4298
23770.0,1.3291,4.8208,0.4826,5.926,30.5132,10.4235
23775.0,1.3294,5.6793,0.481,6.32,30.0776,10.4528
23780.0,1.3289,5.4372,0.4694,5.6426,30.3693,10.4648
23785.0,1.3285,5.3616,0.4967,4.6214,30.6765,10.4742
23790.0,1.3289,4.8387,0.477,6.4954,30.3917,10.4673
23795.0,1.3287,5.3335,0.4802,5.0728,30.5234,10.4711
23800.0,1.3289,4.9647,0.4872,5.4133,30.311,10.4796
23805.0,1.3291,5.6312,0.4884,4.8775,30.1261,10.4831
23810.0,1.3288,5.3477,0.4948,6.8488,30.3455,10.49
23815.0,1.3285,5.3953,0.4953,4.1281,30.4463,10.5166
23820.0,1.329,5.3778,0.4826,3.7976,30.1978,10.4892
23825.0,1.3288,4.621,0.4945,5.2187,30.2953,10.4966
23830.0,1.3288,5.0547,0.4926,6.1113,30.1118,10.5242
23835.0,1.3283,4.8872,0.5053,6.3465,30.6189,10.5192
23840.0,1.3286,5.0687,0.5032,6.379,30.2577,10.5318
23845.0,1.328,5.0123,0.4818,4.3917,30.6867,10.5515
23850.0,1.3279,5.2361,0.4941,4.9726,30.6978,10.5587
23855.0,1.3284,5.2422,0.4727,4.7481,30.2874,10.5504
23860.0,1.3287,4.6089,0.4965,3.781,30.0475,10.5468
23865.0,1.329,5.1316,0.4904,4.7378,29.77,10.5594
23870.0,1.3286,5.2798,0.4555,4.4732,29.9153,10.5838
23875.0,1.3287,5.291,0.4832,5.5242,29.9316,10.571
23880.0,1.328,5.229,0.4863,5.558,30.6112,10.5698
23885.0,1.3284,5.529,0.4853,5.0843,30.2871,10.5607
23890.0,1.3283,5.1006,0.4919,6.2292,30.347,10.558
23895.0,1.3289,5.446,0.4936,3.9012,29.6859,10.5843
23900.0,1.3288,5.3114,0.4789,4.5457,29.9328,10.5587
23905.0,1.328,5.1164,0.4773,5.7299,30.4453,10.5934
23910.0,1.3282,5.0108,0.4724,5.2444,30.2863,10.5926
23915.0,1.3283,5.0306,0.4916,4.6411,30.1689,10.5863
23920.0,1.3282,5.0925,0.4939,5.2795,30.3379,10.5736
23925.0,1.328,4.8495,0.4785,2.6863,30.5965,10.5711
23930.0,1.3285,4.9207,0.4908,5.7118,30.1232,10.5696
23935.0,1.3284,4.7476,0.4902,5.3989,30.1865,10.5667
23940.0,1.3283,5.126,0.4787,5.3077,30.208,10.5763
23945.0,1.3278,4.8693,0.4784,4.9426,30.7484,10.5698
23950.0,1.3291,5.463,0.487,4.6122,29.6161,10.5691
23955.0,1.3283,5.0657,0.4971,6.9312,30.3022,10.5631
23960.0,1.3286,4.9617,0.4792,3.9083,30.093,10.553
23965.0,1.3287,5.3285,0.4817,4.6074,30.2537,10.5211
23970.0,1.3292,5.1028,0.4904,4.8997,29.9379,10.507
23975.0,1.3289,4.8011,0.4794,3.6464,30.0801,10.5109
23980.0,1.3287,5.0475,0.4953,6.6732,30.2603,10.511
23985.0,1.3281,4.8918,0.4774,4.8348,30.8507,10.5049
23990.0,1.3288,5.1288,0.4741,5.0175,30.2644,10.497
23995.0,1.3293,5.1916,0.5001,4.8455,29.8402,10.5029
24000.0,1.3292,5.2543,0.4895,5.4226,29.9361,10.5016
24005.0,1.3292,4.9766,0.4724,4.0927,29.9184,10.5019
24010.0,1.3296,5.0542,0.491,4.9626,29.5724,10.5146
24015.0,1.329,4.772,0.4975,6.0391,29.9284,10.5262
24020.0,1.3286,5.3525,0.4845,4.1598,30.1836,10.536
24025.0,1.3293,4.8918,0.4727,4.8724,29.6713,10.5375
24030.0,1.3285,4.8497,0.4844,4.322,30.2413,10.5484
24035.0,1.3286,5.0717,0.4785,5.4346,30.0905,10.5558
24040.0,1.3289,5.0384,0.4938,5.0903,29.7742,10.5616
24045.0,1.3287,5.0544,0.5023,5.3915,29.9116,10.5732
24050.0,1.3282,4.9474,0.4827,5.8518,30.3356,10.5828
24055.0,1.3284,4.8715,0.4844,4.7253,30.1085,10.5908
24060.0,1.3288,5.3949,0.4889,5.5692,29.9163,10.5594
24065.0,1.3287,5.23,0.5012,5.6685,29.8436,10.5782
24070.0,1.3287,4.8432,0.4895,4.8797,29.911,10.5685
24075.0,1.329,5.0231,0.4945,4.788,29.7527,10.5525
24080.0,1.3295,5.7286,0.4746,5.3639,29.3432,10.5657
24085.0,1.3283,4.8287,0.4867,7.1765,30.3686,10.5516
24090.0,1.3288,5.1529,0.4854,5.0144,29.8855,10.5607
24095.0,1.3287,5.094,0.4896,5.1479,29.9347,10.5641
24100.0,1.3289,5.8443,0.4829,5.659,29.8092,10.5567
24105.0,1.3293,5.1285,0.4881,5.4252,29.6283,10.5428
24110.0,1.3292,5.5749,0.4814,6.0058,29.754,10.5354
24115.0,1.3297,5.2033,0.4781,4.6935,29.389,10.5273
24120.0,1.3284,5.1706,0.4837,5.5103,30.3464,10.5394
24125.0,1.3296,5.0599,0.5025,7.1886,29.4567,10.5362
24130.0,1.3293,5.0962,0.485,4.3015,29.4955,10.562
24135.0,1.3291,4.7541,0.4873,5.6056,29.6315,10.5703
24140.0,1.3285,5.0117,0.4821,5.3498,30.0517,10.5759
24145.0,1.3289,4.7251,0.4901,5.33,29.7213,10.5811
24150.0,1.3293,5.3236,0.4887,6.2133,29.3966,10.5835
24155.0,1.3285,5.4027,0.4766,3.5704,30.0071,10.5844
24160.0,1.3288,5.004,0.479,5.1138,29.8641,10.5715
24165.0,1.3289,4.5696,0.4767,5.0463,29.8038,10.5612
24170.0,1.3288,5.0827,0.483,5.7383,29.8359,10.5748
24175.0,1.3283,4.6721,0.4758,4.2496,30.2433,10.5694
24180.0,1.3285,5.1191,0.463,4.1332,30.1786,10.5509
24185.0,1.3294,5.1851,0.49,5.575,29.4483,10.5527
24190.0,1.3288,5.4329,0.495,3.7802,30.0136,10.5385
24195.0,1.3292,4.947,0.4703,5.5097,29.6909,10.5456
24200.0,1.3292,5.1197,0.4728,4.8258,29.7074,10.5407
24205.0,1.33,5.1557,0.48,4.1813,29.147,10.5376
24210.0,1.3294,4.869,0.4697,5.1133,29.5149,10.5464
24215.0,1.3295,5.2481,0.4831,4.2654,29.3417,10.563
24220.0,1.3291,4.8845,0.4946,3.6677,29.7392,10.5436
24225.0,1.3292,4.7653,0.4787,5.1614,29.7873,10.528
24230.0,1.3302,4.8914,0.4796,4.8013,28.9882,10.5441
24235.0,1.3294,5.0574,0.4931,4.523,29.4885,10.5471
24240.0,1.3291,5.2427,0.4735,4.4185,29.7617,10.5463
24245.0,1.3294,5.4481,0.4918,4.7622,29.4217,10.5668
24250.0,1.3289,4.9358,0.4863,4.5238,29.6378,10.5886
24255.0,1.3291,5.0482,0.4794,4.2542,29.5304,10.5843
24260.0,1.3292,4.9702,0.4734,4.6766,29.5151,10.579
24265.0,1.3294,5.06,0.4862,4.4152,29.3489,10.5789
24270.0,1.3295,5.0134,0.5021,5.5826,29.0996,10.6053
24275.0,1.3292,5.1958,0.4998,5.1193,29.1103,10.6357
24280.0,1.3288,4.5316,0.4848,5.041,29.555,10.6227
24285.0,1.3289,5.0667,0.468,5.1377,29.3694,10.6335
24290.0,1.329,5.3527,0.4902,4.7766,29.3168,10.6394
24295.0,1.329,4.8772,0.4694,3.8787,29.2323,10.6472
24300.0,1.3289,5.2187,0.5045,6.4888,29.2489,10.6641
24305.0,1.3284,5.4543,0.4942,5.0181,29.5737,10.6717
24310.0,1.329,4.5092,0.4859,5.5533,29.215,10.6516
24315.0,1.3292,5.2031,0.4878,5.5485,28.9503,10.6683
24320.0,1.3283,4.9877,0.4932,4.5794,29.4582,10.7168
24325.0,1.3285,4.7671,0.497,5.8118,29.2078,10.7265
24330.0,1.3285,4.522,0.4867,6.4565,29.2536,10.7206
24335.0,1.3283,4.8759,0.4929,5.9374,29.6344,10.6889
24340.0,1.3287,5.2484,0.4827,5.5308,29.214,10.6946
24345.0,1.3287,5.0713,0.4972,3.305,29.2781,10.6901
24350.0,1.3293,4.9906,0.4854,5.0596,28.8978,10.6759
24355.0,1.3289,4.7693,0.4852,4.2425,29.1242,10.6821
24360.0,1.3288,5.4227,0.4913,5.238,29.3182,10.6624
24365.0,1.3295,4.9751,0.469,4.9923,28.7636,10.6622
24370.0,1.329,4.9371,0.4888,4.4141,29.1892,10.6609
24375.0,1.3291,5.2182,0.4878,3.5748,29.1508,10.6462
24380.0,1.3292,5.0467,0.4915,5.7046,29.1225,10.6387
24385.0,1.3289,5.1354,0.4809,5.3472,29.3581,10.6432
24390.0,1.3292,5.1474,0.4889,5.6483,29.169,10.6389
24395.0,1.3288,5.9085,0.4889,3.8074,29.4414,10.6411
24400.0,1.3296,5.6759,0.5076,5.2914,28.8101,10.6471
24405.0,1.3291,4.9802,0.4935,4.9547,29.079,10.6686
24410.0,1.3292,4.7786,0.481,3.2618,29.0527,10.654
24415.0,1.3295,4.9309,0.4798,5.0724,28.7508,10.6633
24420.0,1.329,5.2029,0.4821,4.6657,29.2438,10.6545
24425.0,1.3285,5.2146,0.4775,4.579,29.5724,10.6642
24430.0,1.3292,5.026,0.4837,5.0122,28.9736,10.6749
24435.0,1.3289,4.7124,0.4752,6.2656,29.0906,10.6881
24440.0,1.3291,5.5458,0.4887,4.9443,28.9721,10.6839
24445.0,1.3293,5.1371,0.4837,4.8932,28.7591,10.6881
24450.0,1.3297,5.3769,0.4916,5.7462,28.4689,10.6915
24455.0,1.3292,4.6097,0.4973,4.3836,28.7342,10.7117
24460.0,1.3295,4.8193,0.481,6.2035,28.5493,10.704
24465.0,1.3284,5.1691,0.4923,4.8038,29.3099,10.7193
24470.0,1.3289,5.4445,0.5036,4.4997,28.8417,10.7328
24475.0,1.3289,5.1461,0.4903,4.8664,28.7706,10.7416
24480.0,1.3286,5.375,0.4917,4.1394,29.066,10.7452
24485.0,1.3294,4.9375,0.4903,5.3237,28.5499,10.7207
24490.0,1.3294,5.3629,0.4803,4.3603,28.6253,10.7075
24495.0,1.3292,5.2785,0.4839,5.6077,28.8207,10.7012
24500.0,1.3288,5.4457,0.4811,4.342,29.0475,10.7089
24505.0,1.3291,4.7232,0.4727,3.7077,28.9024,10.6926
24510.0,1.3293,5.7906,0.4656,4.8554,28.8258,10.6823
24515.0,1.3293,4.9525,0.4816,4.6938,28.77,10.6983
24520.0,1.3291,5.417,0.4644,5.0118,28.8373,10.7126
24525.0,1.3289,5.2094,0.4894,5.4078,28.7744,10.7442
24530.0,1.3294,4.8,0.498,4.8679,28.4533,10.7364
24535.0,1.3292,5.2652,0.4757,4.8893,28.7091,10.7245
24540.0,1.3297,5.4634,0.4929,6.2494,28.416,10.7108
24545.0,1.3294,4.9336,0.5038,6.529,28.6916,10.6957
24550.0,1.3295,5.2361,0.4684,4.8804,28.538,10.7058
24555.0,1.3286,4.8363,0.4936,6.1473,29.2799,10.701
24560.0,1.3295,5.1296,0.4856,4.8829,28.6221,10.6895
24565.0,1.3303,5.166,0.4883,6.251,28.2679,10.6654
24570.0,1.3296,4.9698,0.4859,5.0087,28.5725,10.6836
24575.0,1.3296,4.4813,0.4666,6.2114,28.7229,10.6581
24580.0,1.3291,5.0305,0.4975,6.6182,28.9984,10.6722
24585.0,1.3298,5.0464,0.4723,3.5873,28.4198,10.6922
24590.0,1.3302,5.3294,0.4891,6.4985,28.1587,10.6982
24595.0,1.3295,5.0381,0.481,5.2809,28.7457,10.6694
24600.0,1.3304,5.0227,0.4937,6.1269,28.1835,10.6629
24605.0,1.33,5.5189,0.4742,4.4876,28.4069,10.6724
24610.0,1.33,4.8389,0.4819,4.8672,28.4388,10.6656
24615.0,1.3302,4.6865,0.4797,4.9523,28.4731,10.6382
24620.0,1.3302,5.8023,0.4842,3.6532,28.6501,10.6074
24625.0,1.3307,5.1711,0.4943,5.2554,28.2943,10.609
24630.0,1.3306,5.0455,0.4857,4.5257,28.3842,10.6034
24635.0,1.3303,5.8639,0.4902,4.8649,28.4365,10.6244
24640.0,1.3302,5.4084,0.4833,6.0369,28.465,10.6343
24645.0,1.3303,5.4022,0.4973,5.4742,28.4396,10.6306
24650.0,1.3301,4.9847,0.4764,3.7092,28.5118,10.6362
24655.0,1.3298,4.7027,0.4737,5.2658,28.6014,10.6591
24660.0,1.33,5.5479,0.4756,4.3151,28.4763,10.6573
24665.0,1.3299,5.6833,0.4951,6.0194,28.4793,10.6664
24670.0,1.3309,4.9841,0.4781,4.4518,27.9581,10.6586
24675.0,1.33,4.7352,0.4837,5.4631,28.3541,10.6792
24680.0,1.3298,4.9837,0.4984,5.2714,28.4493,10.6898
24685.0,1.3297,5.1964,0.496,5.2659,28.4996,10.6914
24690.0,1.3304,4.9503,0.4877,5.2068,28.1322,10.6743
24695.0,1.3304,4.9531,0.4705,5.2395,28.1286,10.6793
24700.0,1.3303,5.1442,0.4889,4.5065,28.1379,10.6804
24705.0,1.33,4.939,0.498,4.2603,28.4037,10.6732
24710.0,1.3299,5.5384,0.4751,4.4019,28.5163,10.6623
24715.0,1.3303,5.3689,0.5062,5.3468,28.1442,10.6886
24720.0,1.3298,4.8697,0.4815,5.007,28.4614,10.6819
24725.0,1.3301,5.1018,0.4791,4.1575,28.2537,10.6873
24730.0,1.3301,5.16,0.4614,3.9544,28.1802,10.6968
24735.0,1.33,5.2378,0.4767,4.2824,28.1469,10.7147
24740.0,1.3296,4.9544,0.486,5.8688,28.375,10.7212
24745.0,1.33,4.8567,0.4901,5.4132,28.2584,10.7047
24750.0,1.3294,5.3115,0.4917,6.0396,28.7346,10.6826
24755.0,1.3305,5.5317,0.489,3.2869,27.9414,10.6997
24760.0,1.3299,5.353,0.486,5.6767,28.2728,10.7057
24765.0,1.3302,5.8023,0.4763,4.5468,27.9998,10.7267
24770.0,1.3306,5.4878,0.4791,5.9711,27.9038,10.6986
24775.0,1.3303,4.7584,0.4976,5.6982,28.1074,10.6914
24780.0,1.3302,5.0408,0.4823,4.6619,28.1335,10.6957
24785.0,1.3293,5.3665,0.4886,5.4729,28.8179,10.6866
24790.0,1.3304,5.1395,0.4818,5.921,28.0315,10.692
24795.0,1.3312,5.1445,0.4735,4.8818,27.7843,10.6536
24800.0,1.3309,5.0248,0.4875,5.0177,28.1245,10.6227
24805.0,1.3322,4.9266,0.4784,4.6356,27.527,10.6079
24810.0,1.3313,5.3037,0.4735,5.3689,28.0122,10.5992
24815.0,1.3313,5.3685,0.4998,4.6092,28.0288,10.5966
24820.0,1.3309,4.6815,0.4756,4.4021,28.2131,10.6049
24825.0,1.3307,5.0018,0.4773,6.0004,28.2476,10.6171
24830.0,1.3314,4.8847,0.4675,5.7051,27.8681,10.622
24835.0,1.3313,5.4399,0.4817,5.6383,27.9462,10.6157
24840.0,1.3313,4.8035,0.468,4.7648,27.7823,10.6407
24845.0,1.3315,5.1319,0.4719,4.6552,27.6819,10.6476
24850.0,1.3309,4.761,0.4894,6.2121,28.0315,10.6402
24855.0,1.3314,5.2257,0.4725,4.9335,27.6258,10.6656
24860.0,1.3313,5.2215,0.4605,5.1132,27.8309,10.6397
24865.0,1.3318,5.4082,0.4881,4.8834,27.6761,10.621
24870.0,1.3308,5.0865,0.4904,5.504,28.0527,10.6403
24875.0,1.3303,5.237,0.4707,4.7283,28.3562,10.6482
24880.0,1.3317,5.3227,0.4793,5.3203,27.5711,10.6436
24885.0,1.332,4.6885,0.5116,6.4903,27.4239,10.646
24890.0,1.331,5.1975,0.4838,4.6166,27.8467,10.6582
24895.0,1.3312,4.7103,0.4942,5.1112,27.8727,10.6352
24900.0,1.3312,4.7195,0.4931,4.1333,27.9144,10.6326
24905.0,1.3315,5.1918,0.4687,4.3497,27.7392,10.6328
24910.0,1.3319,4.6152,0.4971,5.6394,27.7918,10.5913
24915.0,1.3315,4.7261,0.4823,5.938,27.925,10.5971
24920.0,1.3312,5.2977,0.4794,5.0534,28.0846,10.5976
24925.0,1.3324,5.2763,0.4828,4.7875,27.3271,10.6211
24930.0,1.3319,5.6511,0.4972,4.229,27.7151,10.6009
24935.0,1.3316,5.4873,0.4929,5.8645,27.8524,10.6036
24940.0,1.3319,5.2203,0.4799,5.1222,27.5611,10.6261
24945.0,1.3306,5.0237,0.4907,5.246,28.2152,10.6392
24950.0,1.3316,4.9497,0.4909,4.556,27.6154,10.6439
24955.0,1.3311,4.8582,0.4822,5.4991,27.7558,10.6704
24960.0,1.3308,5.0466,0.4716,5.2016,27.8972,10.6725
24965.0,1.3316,5.1213,0.4864,4.6886,27.6025,10.6546
24970.0,1.3318,4.8426,0.483,5.8175,27.2809,10.6906
24975.0,1.3311,5.1349,0.4857,5.3243,27.6277,10.6996
24980.0,1.3302,5.0955,0.4825,4.9282,27.9847,10.7201
24985.0,1.3309,5.1859,0.4892,4.8771,27.6356,10.7139
24990.0,1.3316,5.3547,0.5013,5.085,27.5008,10.668
24995.0,1.3308,5.0856,0.507,5.4538,27.9366,10.6697
25000.0,1.3312,5.5696,0.4849,4.4915,27.6153,10.6896
25005.0,1.3312,5.1697,0.4983,6.4559,27.5633,10.6994
25010.0,1.3311,4.7789,0.4971,6.6738,27.7212,10.6797
25015.0,1.3307,4.5672,0.5002,5.7975,27.8697,10.6956
25020.0,1.3303,5.4905,0.4934,7.1721,28.2656,10.6617
25025.0,1.331,5.0681,0.4682,4.1536,27.8703,10.6601
25030.0,1.331,5.2461,0.4893,5.6608,27.9468,10.6482
25035.0,1.332,4.6654,0.4714,4.9594,27.5239,10.6235
25040.0,1.3321,5.5535,0.4925,4.0973,27.3875,10.6395
25045.0,1.3316,5.6378,0.5013,6.2936,27.6533,10.6388
25050.0,1.3314,5.5385,0.4883,5.1013,27.6583,10.6575
25055.0,1.3321,5.7764,0.4938,5.8955,27.3558,10.6465
25060.0,1.3313,4.9752,0.4625,4.0233,27.5756,10.6817
25065.0,1.3311,5.4015,0.4681,3.3872,27.7134,10.6795
25070.0,1.3312,5.4295,0.4834,4.9687,27.6979,10.6681
25075.0,1.3311,5.7782,0.4797,5.1121,27.7282,10.6799
25080.0,1.3313,5.38,0.5033,6.7996,27.6693,10.6692
25085.0,1.3315,4.8351,0.5068,5.1376,27.4644,10.6816
25090.0,1.3316,5.6507,0.4923,3.8477,27.4573,10.6816
25095.0,1.3318,5.0591,0.4815,5.3356,27.2808,10.6902
25100.0,1.3302,4.6108,0.4727,3.8531,28.0216,10.7129
25105.0,1.3312,5.1871,0.4768,4.2894,27.5737,10.6929
25110.0,1.3312,5.6071,0.48,5.0565,27.5092,10.7089
25115.0,1.3316,4.5595,0.4987,5.5244,27.3284,10.705
25120.0,1.33,5.5071,0.4939,4.3937,28.2898,10.6975
25125.0,1.3316,4.6226,0.4856,4.8663,27.2829,10.7141
25130.0,1.3311,6.0466,0.4942,4.4228,27.4396,10.7329
25135.0,1.3308,5.0794,0.4987,4.1849,27.6463,10.7229
25140.0,1.3307,5.5291,0.5065,6.2801,27.6881,10.7308
25145.0,1.3305,5.2916,0.4844,3.9107,27.7734,10.7324
25150.0,1.3299,4.6682,0.4968,4.1883,27.9818,10.7634
25155.0,1.3304,4.7324,0.473,5.2016,27.6524,10.767
25160.0,1.3308,5.1228,0.4803,5.3455,27.258,10.7944
25165.0,1.3306,5.2588,0.4831,5.9256,27.4541,10.7864
25170.0,1.3302,4.858,0.4897,5.8302,27.5916,10.7992
25175.0,1.3296,5.3181,0.4885,6.1675,28.0282,10.7905
25180.0,1.3311,5.3923,0.4818,4.4547,27.1583,10.7849
25185.0,1.33,5.0911,0.5076,6.2516,27.8051,10.7877
25190.0,1.3303,4.752,0.4849,4.5218,27.5462,10.8023
25195.0,1.3302,4.6219,0.4941,4.6392,27.7076,10.7875
25200.0,1.3307,5.2943,0.4798,4.5762,27.4697,10.7717
25205.0,1.3309,4.9341,0.4907,5.2675,27.2818,10.7853
25210.0,1.3305,4.9267,0.4918,5.9502,27.6773,10.7506
25215.0,1.3308,5.0236,0.4814,4.7689,27.6506,10.7249
25220.0,1.3306,4.7453,0.4816,5.1104,27.7275,10.7305
25225.0,1.331,5.3072,0.4926,5.2918,27.4787,10.7363
25230.0,1.3312,5.6701,0.4923,4.0784,27.3298,10.748
25235.0,1.3317,5.3294,0.4744,4.5401,27.0879,10.7432
25240.0,1.3305,5.8166,0.4883,5.6091,27.6803,10.7504
25245.0,1.3309,4.4078,0.4776,4.9407,27.5795,10.7236
25250.0,1.3315,5.6203,0.4854,5.8576,27.2302,10.736
25255.0,1.3314,4.9505,0.4769,5.0132,27.3352,10.7231
25260.0,1.3316,4.9167,0.5009,4.3567,27.3516,10.6999
25265.0,1.3321,4.996,0.4925,5.664,27.096,10.7008
25270.0,1.3316,4.6941,0.4738,4.8149,27.2609,10.7129
25275.0,1.3319,5.1779,0.48,4.1573,27.1806,10.7033
25280.0,1.3316,4.6449,0.4953,6.3754,27.3597,10.7001
25285.0,1.3314,4.5865,0.4995,5.4926,27.2771,10.732
25290.0,1.3316,5.4473,0.4948,5.7613,27.054,10.7585
25295.0,1.3299,5.3936,0.5012,7.0059,27.9656,10.7724
25300.0,1.3301,5.2582,0.4793,3.1603,27.7723,10.7796
25305.0,1.3309,5.0428,0.4801,4.7299,27.2638,10.7917
25310.0,1.3305,5.3002,0.4572,5.4035,27.5261,10.7772
25315.0,1.3305,5.2601,0.4936,5.378,27.5619,10.7756
25320.0,1.3302,5.0757,0.4655,3.6381,27.755,10.7719
25325.0,1.3312,4.7416,0.4804,6.1003,27.2524,10.7621
25330.0,1.3302,5.5661,0.4808,4.4277,27.73,10.7722
25335.0,1.3308,4.8573,0.481,3.9597,27.32,10.7908
25340.0,1.331,4.9122,0.4729,6.0264,27.1232,10.8076
25345.0,1.33,4.9536,0.481,4.8866,27.6384,10.8185
25350.0,1.3299,5.4943,0.4872,5.5197,27.7804,10.8082
25355.0,1.3293,5.2763,0.4777,5.0967,28.1052,10.8146
25360.0,1.3307,5.1699,0.4775,5.2217,27.1588,10.8369
25365.0,1.3299,4.6398,0.4893,5.0892,27.6342,10.8361
25370.0,1.3302,4.8143,0.4943,5.6184,27.3578,10.8523
25375.0,1.3299,5.3971,0.4837,4.1069,27.657,10.8312
25380.0,1.3311,4.9571,0.4784,3.8606,27.0945,10.8028
25385.0,1.3309,5.0323,0.478,3.8762,27.1475,10.8137
25390.0,1.3308,4.8048,0.4963,5.7074,27.2705,10.7955
25395.0,1.3306,4.8896,0.4917,4.9874,27.4855,10.7766
25400.0,1.3306,5.5028,0.5082,4.9639,27.3069,10.8151
25405.0,1.3301,4.9907,0.4807,4.3561,27.6335,10.8108
25410.0,1.33,5.1126,0.4802,3.5076,27.7271,10.8053
25415.0,1.3302,5.1228,0.4907,5.6514,27.622,10.799
25420.0,1.3298,5.4214,0.512,6.271,27.8787,10.7998
25425.0,1.3301,4.8861,0.5003,5.5272,27.5799,10.814
25430.0,1.3309,5.0375,0.4907,5.2852,27.1738,10.8113
25435.0,1.3297,5.3623,0.4883,5.3105,27.8211,10.8181
25440.0,1.3305,5.0336,0.4932,4.7284,27.3312,10.8175
25445.0,1.3297,5.129,0.4887,5.2592,27.7125,10.8388
25450.0,1.3294,5.1225,0.4752,4.4378,27.8808,10.8438
25455.0,1.33,5.5534,0.4886,5.962,27.6041,10.833
25460.0,1.3307,5.1552,0.5031,4.2989,27.1186,10.8355
25465.0,1.3305,5.0435,0.4896,4.947,27.2659,10.8358
25470.0,1.3295,4.8084,0.4937,5.476,27.829,10.8418
25475.0,1.3301,4.9453,0.4802,5.1845,27.459,10.8436
25480.0,1.3299,5.2481,0.4872,4.1651,27.5243,10.8561
25485.0,1.3296,5.2819,0.4942,5.1036,27.6973,10.8566
25490.0,1.3296,5.2368,0.4892,6.3089,27.685,10.8657
25495.0,1.3299,5.0271,0.4816,5.3104,27.584,10.8437
25500.0,1.33,4.9875,0.5061,5.2805,27.4656,10.8536
25505.0,1.33,4.7912,0.4858,4.8361,27.4432,10.8538
25510.0,1.3293,5.2628,0.4821,4.9318,27.7396,10.8925
25515.0,1.3293,5.1752,0.488,4.5872,27.6673,10.904
25520.0,1.3296,4.9089,0.4963,5.1537,27.4685,10.8993
25525.0,1.3292,4.845,0.4783,4.2624,27.8073,10.8981
25530.0,1.3296,5.5312,0.4862,5.6895,27.5086,10.8919
25535.0,1.33,5.1379,0.4706,5.1888,27.3321,10.8798
25540.0,1.3302,5.4707,0.4813,5.5999,27.3596,10.8497
25545.0,1.3301,5.6531,0.4664,4.0817,27.309,10.8683
25550.0,1.3299,5.3905,0.4685,5.3218,27.49,10.8669
25555.0,1.3293,4.6318,0.479,4.3308,27.8711,10.8589
25560.0,1.3302,4.8922,0.4955,5.0763,27.3661,10.8509
25565.0,1.3298,4.951,0.5037,4.4855,27.6192,10.8523
25570.0,1.3301,5.3165,0.4844,4.8969,27.4127,10.8509
25575.0,1.3298,5.3061,0.5001,5.5594,27.5168,10.8685
25580.0,1.3302,5.2862,0.4739,4.1485,27.2094,10.8861
25585.0,1.3298,5.3173,0.4905,4.673,27.5368,10.8705
25590.0,1.3297,5.3615,0.473,5.4162,27.5487,10.8721
25595.0,1.3295,4.7936,0.4748,4.7473,27.7375,10.8711
25600.0,1.3295,5.1757,0.4722,5.2794,27.6636,10.8729
25605.0,1.3299,4.9723,0.495,5.9007,27.3137,10.8998
25610.0,1.3292,5.5937,0.5078,5.5968,27.8899,10.8802
25615.0,1.3294,4.9565,0.4965,4.6265,27.677,10.8937
25620.0,1.3294,5.0601,0.4806,6.6331,27.6798,10.8946
25625.0,1.3294,5.0877,0.5058,4.397,27.6337,10.9042
25630.0,1.3296,5.1478,0.4988,4.827,27.5124,10.9004
25635.0,1.3292,5.5488,0.5025,4.8014,27.7023,10.9128
25640.0,1.3291,4.8739,0.4867,5.8917,27.7728,10.9153
25645.0,1.3298,4.9241,0.492,4.5212,27.2233,10.9278
25650.0,1.3294,5.2547,0.4951,4.3509,27.5315,10.915
25655.0,1.3296,5.3663,0.4705,4.731,27.6088,10.8785
25660.0,1.3293,5.2125,0.4853,5.0876,27.743,10.8908
25665.0,1.3291,5.3423,0.4949,5.7584,27.9837,10.8688
25670.0,1.3298,4.5899,0.4768,5.0566,27.499,10.8678
25675.0,1.3298,5.3249,0.5037,4.9416,27.574,10.8596
25680.0,1.3298,4.9089,0.4991,5.7498,27.5771,10.8513
25685.0,1.3299,5.6292,0.4843,4.8299,27.5116,10.8531
25690.0,1.3299,5.1696,0.4586,5.6414,27.632,10.8353
25695.0,1.3295,4.954,0.4719,3.9578,27.9184,10.8271
25700.0,1.3302,5.3369,0.4809,5.6267,27.4692,10.8326
25705.0,1.3294,5.2632,0.4724,3.4368,27.8467,10.8599
25710.0,1.3302,5.4284,0.4885,5.3323,27.3214,10.857
25715.0,1.3296,4.7109,0.4753,5.8712,27.6138,10.8784
25720.0,1.3294,5.2149,0.498,5.7218,27.679,10.8872
25725.0,1.3286,5.1517,0.4875,5.8695,28.1874,10.8992
25730.0,1.3292,5.4314,0.4827,4.8026,27.7074,10.9172
25735.0,1.3299,5.2808,0.4893,5.6634,27.2333,10.9132
25740.0,1.3298,5.5101,0.4975,5.1114,27.2914,10.9177
25745.0,1.3291,5.5987,0.4963,5.4109,27.8073,10.91
25750.0,1.3288,5.1782,0.5044,4.4708,27.9599,10.9165
25755.0,1.3289,4.9904,0.4799,6.0399,27.9081,10.9186
25760.0,1.3288,5.0176,0.5047,4.9665,27.8639,10.9432
25765.0,1.3286,5.4063,0.477,4.0049,28.1205,10.9142
25770.0,1.3292,4.8116,0.4965,5.0923,27.7029,10.911
25775.0,1.3288,5.3916,0.4812,4.2048,28.0696,10.9031
25780.0,1.3295,4.7398,0.4804,5.6627,27.4459,10.9271
25785.0,1.3292,4.8677,0.4862,7.2698,27.6358,10.9284
25790.0,1.3296,5.1237,0.5048,5.845,27.4184,10.9207
25795.0,1.3288,4.5438,0.4837,4.7332,27.8097,10.9427
25800.0,1.3288,4.9724,0.4846,4.7554,27.8751,10.9323
25805.0,1.3289,5.3895,0.4886,6.0243,27.9236,10.907
25810.0,1.3291,5.1428,0.4857,4.5748,27.9189,10.8835
25815.0,1.3294,4.9635,0.4703,3.5051,27.68,10.8918
25820.0,1.3291,5.1743,0.4893,4.0106,27.8729,10.8955
25825.0,1.3293,4.9149,0.504,4.8469,27.5546,10.9204
25830.0,1.3286,4.7776,0.4825,4.6795,28.2784,10.8951
25835.0,1.3291,4.9945,0.469,4.7963,27.8703,10.8991
25840.0,1.329,4.9143,0.4673,6.0174,27.8327,10.9125
25845.0,1.3282,4.858,0.4785,4.5218,28.361,10.9365
25850.0,1.3291,5.0308,0.4907,3.3932,27.662,10.9396
25855.0,1.329,4.6281,0.4899,5.8563,27.7,10.9409
25860.0,1.3289,4.5479,0.4869,4.5327,27.7162,10.9545
25865.0,1.3286,5.4947,0.4938,4.3709,27.9823,10.9469
25870.0,1.3286,5.262,0.4796,3.9366,28.1161,10.9289
25875.0,1.3284,4.7026,0.4812,5.2971,28.2022,10.9276
25880.0,1.3279,5.0052,0.4842,5.6855,28.6693,10.9357
25885.0,1.3291,5.1006,0.4745,4.8536,27.4731,10.9666
25890.0,1.3282,5.4088,0.4718,4.7041,28.1968,10.9626
25895.0,1.3286,5.4862,0.4933,5.212,27.9145,10.9605
25900.0,1.3286,4.9512,0.4707,5.7284,27.9164,10.9649
25905.0,1.3285,4.9982,0.4767,4.0771,27.9174,10.9835
25910.0,1.3286,5.2268,0.4849,4.7734,27.8544,10.9666
25915.0,1.3278,4.943,0.4851,5.272,28.5121,10.9724
25920.0,1.3281,5.622,0.4899,5.0459,28.3109,10.9604
25925.0,1.3284,5.422,0.4925,5.5739,28.1156,10.9539
25930.0,1.328,4.8923,0.492,5.1066,28.457,10.9618
25935.0,1.3289,4.8699,0.4837,5.6084,27.7506,10.9465
25940.0,1.3287,5.1054,0.4812,5.5863,27.8055,10.9607
25945.0,1.329,4.9518,0.4714,4.5963,27.6032,10.9585
25950.0,1.3283,5.483,0.4884,4.6892,27.9824,10.9898
25955.0,1.3282,5.1754,0.5045,4.2008,28.2073,10.9768
25960.0,1.3282,5.583,0.4926,4.8731,28.2022,10.9774
25965.0,1.3281,4.8537,0.5001,5.1966,28.2235,10.9808
25970.0,1.3287,5.1059,0.4789,5.4688,27.8431,10.967
25975.0,1.3281,5.1032,0.4864,4.9378,28.4063,10.9515
25980.0,1.3284,4.8861,0.4844,4.5049,28.2751,10.9247
25985.0,1.3284,5.2761,0.4797,5.6802,28.4082,10.8936
25990.0,1.3291,5.1919,0.4768,3.9277,27.7615,10.9114
25995.0,1.3286,4.8053,0.4975,5.2972,28.3224,10.8755
26000.0,1.3291,5.601,0.4922,3.7239,27.9574,10.8792
26005.0,1.3288,5.5578,0.477,4.9134,28.1648,10.8776
26010.0,1.3285,4.813,0.4844,3.9763,28.4075,10.881
26015.0,1.3286,4.7719,0.4778,4.3283,28.3066,10.8789
26020.0,1.3289,5.2887,0.4889,4.6659,28.0808,10.8834
26025.0,1.3285,4.7027,0.4805,4.4365,28.3051,10.8911
26030.0,1.329,4.7333,0.4712,4.7793,27.9305,10.8936
26035.0,1.3281,5.4196,0.4706,3.9481,28.6109,10.8976
26040.0,1.3286,5.0379,0.4882,4.6219,28.2819,10.8875
26045.0,1.3281,5.0207,0.4719,5.0948,28.6228,10.9063
26050.0,1.3284,5.4219,0.4993,5.2494,28.2214,10.9263
26055.0,1.3285,4.8727,0.4947,4.3136,28.2321,10.9148
26060.0,1.3285,5.4004,0.4859,5.6935,28.1819,10.9168
26065.0,1.3282,4.6042,0.4822,5.5017,28.6019,10.8929
26070.0,1.3287,5.0956,0.4724,4.4972,28.2155,10.8876
26075.0,1.3282,4.7719,0.4901,7.6972,28.564,10.8957
26080.0,1.3284,4.9279,0.4773,7.2058,28.3171,10.9167
26085.0,1.3288,4.886,0.4898,4.2107,27.9287,10.9245
26090.0,1.3285,5.8694,0.4991,4.4751,28.2901,10.9056
26095.0,1.3288,4.2001,0.4787,5.7237,28.1479,10.8872
26100.0,1.3284,4.9527,0.4772,5.0197,28.4611,10.8811
26105.0,1.3286,5.091,0.491,5.6739,28.165,10.903
26110.0,1.3279,5.3982,0.4883,4.1856,28.704,10.9298
26115.0,1.3282,5.1946,0.4758,4.1002,28.4597,10.9218
26120.0,1.328,4.986,0.4886,5.0181,28.448,10.9453
26125.0,1.3277,5.019,0.4961,6.5835,28.6663,10.959
26130.0,1.3276,5.7755,0.4922,5.8322,28.7533,10.9651
26135.0,1.3278,5.0806,0.4851,4.1977,28.5172,10.9717
26140.0,1.328,4.9521,0.4984,5.4426,28.3393,10.9843
26145.0,1.3281,4.8786,0.4925,5.2949,28.0985,11.007
26150.0,1.3278,5.1085,0.4858,4.7524,28.3804,11.0078
26155.0,1.3276,4.7622,0.4763,5.396,28.4075,11.0296
26160.0,1.3276,4.2561,0.4896,5.7715,28.5984,11.0023
26165.0,1.3277,4.999,0.4753,5.0815,28.4952,10.9965
26170.0,1.3275,5.304,0.5019,4.6971,28.7633,10.9875
26175.0,1.3279,4.5561,0.4822,3.4285,28.4479,10.9763
26180.0,1.3277,5.4638,0.4783,4.6122,28.5967,10.9887
26185.0,1.3274,4.7228,0.4758,5.3779,28.9168,10.9839
26190.0,1.3275,4.6915,0.4836,5.5793,28.716,10.997
26195.0,1.3275,4.4313,0.4909,4.5759,28.6253,11.0146
26200.0,1.3276,5.0303,0.4835,4.0641,28.4995,11.0186
26205.0,1.3275,5.1312,0.4796,5.8661,28.5014,11.0425
26210.0,1.3276,4.8077,0.4852,4.92,28.4568,11.0397
26215.0,1.3275,4.6789,0.5133,5.4554,28.5438,11.0392
26220.0,1.3271,5.0071,0.4848,5.2211,28.8776,11.0586
26225.0,1.3273,5.3932,0.4993,4.3779,28.6429,11.0521
26230.0,1.3276,4.4841,0.5044,5.5853,28.3705,11.0396
26235.0,1.3269,5.2855,0.4872,6.1355,29.1595,11.0335
26240.0,1.3272,4.8488,0.4891,5.0394,28.807,11.046
26245.0,1.3277,4.8489,0.4933,4.2977,28.3848,11.0343
26250.0,1.3274,4.8502,0.4824,5.5501,28.6355,11.0352
26255.0,1.3272,5.1395,0.4827,4.7176,28.7831,11.058
26260.0,1.3268,4.7221,0.4917,4.9187,29.191,11.0715
26265.0,1.3274,4.9055,0.4873,3.5986,28.4972,11.0667
26270.0,1.3269,5.3391,0.4808,5.9207,29.0276,11.0669
26275.0,1.3268,4.9882,0.4804,4.8061,29.1427,11.0651
26280.0,1.3272,5.1717,0.4722,5.9347,28.645,11.0761
26285.0,1.3271,5.3085,0.4969,5.1066,28.742,11.0768
26290.0,1.3274,5.5547,0.4805,5.3215,28.5615,11.0559
26295.0,1.3271,5.0625,0.5033,5.1684,28.7789,11.0741
26300.0,1.3271,5.6626,0.4787,5.9339,28.8297,11.0612
26305.0,1.3269,4.851,0.5008,5.7424,29.0129,11.0771
26310.0,1.3268,4.6405,0.4879,4.9658,29.1296,11.0726
26315.0,1.3273,5.1543,0.4933,7.1768,28.679,11.0572
26320.0,1.3276,4.888,0.474,4.3509,28.3832,11.0391
26325.0,1.3272,4.506,0.486,4.7011,28.8786,11.0293
26330.0,1.3272,4.7235,0.4741,5.3058,28.9662,11.0143
26335.0,1.3272,4.8938,0.4956,4.4286,28.964,11.0186
26340.0,1.3272,4.6017,0.4887,4.1566,28.8287,11.0448
26345.0,1.327,5.0196,0.4776,6.6689,28.9503,11.0542
26350.0,1.3267,5.489,0.4577,3.8768,29.3067,11.0691
26355.0,1.3268,5.2196,0.4893,4.6036,29.0319,11.0854
26360.0,1.327,5.2999,0.514,7.1181,28.8518,11.0742
26365.0,1.3271,4.8876,0.488,5.3407,28.8286,11.0717
26370.0,1.327,4.9938,0.487,3.9794,28.9197,11.0584
26375.0,1.3267,4.9833,0.4724,4.4115,29.3798,11.0629
26380.0,1.327,4.8946,0.4616,4.8739,28.9332,11.0732
26385.0,1.327,5.3309,0.5037,5.2626,28.9824,11.064
26390.0,1.3271,5.0785,0.4769,5.5893,28.8751,11.0583
26395.0,1.3268,4.6641,0.4877,5.1601,29.2786,11.0397
26400.0,1.3267,5.3403,0.4915,5.7666,29.502,11.0235
26405.0,1.327,5.4112,0.4899,4.318,29.1329,11.0275
26410.0,1.3271,5.4551,0.4891,4.5718,29.049,11.0155
26415.0,1.3271,5.0303,0.4926,3.3578,29.0455,11.0194
26420.0,1.3277,4.9058,0.4811,4.8368,28.4482,11.0045
26425.0,1.327,4.8048,0.4827,4.7411,29.2385,11.0074
26430.0,1.3271,4.8294,0.4801,4.518,29.0936,11.0106
26435.0,1.3271,5.2069,0.4595,4.2308,29.1749,11.0046
26440.0,1.3273,5.0309,0.4994,5.7097,28.8977,11.0136
26445.0,1.3271,4.8139,0.5234,6.8379,28.9871,11.0277
26450.0,1.327,4.9064,0.4783,3.9852,28.988,11.0512
26455.0,1.3267,5.2556,0.4757,4.9715,29.3537,11.0598
26460.0,1.327,4.843,0.4933,6.4337,29.0111,11.058
26465.0,1.3265,4.6646,0.486,4.6925,29.6339,11.0419
26470.0,1.327,5.0954,0.4938,5.0584,29.2283,11.0194
26475.0,1.3272,5.0596,0.4961,5.3229,28.8089,11.0351
26480.0,1.327,5.04,0.4967,4.8385,29.103,11.028
26485.0,1.3271,4.7758,0.48,5.9278,28.9793,11.0412
26490.0,1.3274,5.0175,0.4722,4.8873,28.6007,11.044
26495.0,1.3266,5.5826,0.4853,4.9356,29.5562,11.0428
26500.0,1.3268,5.1361,0.4742,5.8724,29.3391,11.0305
26505.0,1.3268,4.9804,0.4737,3.9664,29.3035,11.0329
26510.0,1.3269,4.6341,0.4905,3.4516,29.2184,11.0264
26515.0,1.3273,5.133,0.4852,4.1631,28.8383,11.018
26520.0,1.3271,5.3862,0.4788,3.9872,29.0695,11.0182
26525.0,1.3268,4.7808,0.4744,6.1808,29.4075,11.0251
26530.0,1.3271,5.4308,0.4887,5.2818,28.9408,11.036
26535.0,1.3275,5.1596,0.4983,6.5762,28.5771,11.0322
26540.0,1.327,4.5303,0.4866,4.6851,29.1597,11.021
26545.0,1.327,5.3672,0.4879,4.7919,29.1873,11.0231
26550.0,1.3269,5.0953,0.4817,5.298,29.2629,11.0181
26555.0,1.3267,4.9414,0.4828,4.719,29.4173,11.048
26560.0,1.3267,5.0202,0.4985,5.4493,29.4007,11.0573
26565.0,1.3268,4.9167,0.4834,4.0274,29.312,11.0461
26570.0,1.3266,4.8397,0.4852,5.8913,29.5522,11.0378
26575.0,1.3271,5.2829,0.464,4.0454,28.8794,11.0438
26580.0,1.3268,4.6661,0.4761,4.7226,29.3911,11.022
26585.0,1.3267,5.1539,0.4967,5.1791,29.4273,11.0395
26590.0,1.3271,4.753,0.4833,4.8197,28.9665,11.0324
26595.0,1.3271,5.3811,0.4793,4.3003,28.9062,11.0373
26600.0,1.3269,4.936,0.5018,5.2253,29.1009,11.0562
26605.0,1.3269,4.8487,0.4996,4.1168,29.1275,11.0431
26610.0,1.3266,5.3795,0.4897,5.1645,29.4865,11.0528
26615.0,1.3269,4.9309,0.4778,4.8458,29.1498,11.0535
26620.0,1.327,4.5638,0.4811,4.8742,29.0945,11.0381
26625.0,1.3269,4.3801,0.5018,5.2357,29.1608,11.0428
26630.0,1.3266,5.1176,0.4675,2.2623,29.5984,11.0471
26635.0,1.3267,5.2684,0.4925,4.382,29.3269,11.0514
26640.0,1.3267,4.6395,0.4667,4.2694,29.2837,11.0582
26645.0,1.3267,5.0312,0.4903,5.5087,29.3058,11.0594
26650.0,1.3264,5.3143,0.4744,5.4133,29.661,11.0647
26655.0,1.3269,5.0092,0.4915,3.6789,29.1554,11.0537
26660.0,1.3264,5.3249,0.4907,5.3183,29.6761,11.0765
26665.0,1.3265,4.974,0.4989,5.0452,29.4043,11.0862
26670.0,1.3266,4.7068,0.4872,5.6269,29.3159,11.0845
26675.0,1.3262,4.6932,0.485,5.6777,29.9855,11.077
26680.0,1.3268,5.2186,0.4929,5.2911,29.1006,11.0809
26685.0,1.3266,5.0313,0.4924,5.7347,29.2802,11.0977
26690.0,1.3268,5.5299,0.4829,5.2339,29.0646,11.093
26695.0,1.3264,5.2099,0.4868,4.5953,29.6147,11.0892
26700.0,1.3262,5.016,0.4842,4.2179,29.8028,11.0944
26705.0,1.3262,4.7203,0.4837,4.1015,29.8018,11.1184
26710.0,1.3262,4.6836,0.4732,5.1288,29.694,11.1289
26715.0,1.3265,4.9892,0.4744,4.4437,29.3422,11.122
26720.0,1.3266,4.625,0.4695,4.543,29.3038,11.1059
26725.0,1.3267,5.2408,0.484,5.9026,28.9808,11.1209
26730.0,1.3261,4.4739,0.488,5.333,29.9109,11.1322
26735.0,1.3263,5.6734,0.5008,5.7164,29.5225,11.1267
26740.0,1.3264,4.9277,0.4825,5.537,29.2854,11.1442
26745.0,1.326,5.1597,0.4951,5.3875,29.7436,11.1766
26750.0,1.3263,4.8098,0.4872,5.334,29.1714,11.1887
26755.0,1.3261,5.2932,0.4832,5.3037,29.5192,11.2015
26760.0,1.3261,5.0653,0.4737,3.7394,29.3772,11.2248
26765.0,1.326,4.7966,0.489,6.5316,29.5828,11.2093
26770.0,1.3261,4.8504,0.4776,4.3431,29.4099,11.2142
26775.0,1.3263,4.9763,0.5057,6.2309,29.0657,11.2221
26780.0,1.3261,5.1967,0.4735,4.4967,29.4498,11.2214
26785.0,1.3259,5.2053,0.4888,5.3032,29.6955,11.2207
26790.0,1.3261,5.171,0.4782,5.0123,29.4283,11.2055
26795.0,1.326,5.2999,0.4873,5.7472,29.6317,11.2049
26800.0,1.3263,4.6697,0.4788,5.3882,29.1787,11.2076
26805.0,1.3262,4.8438,0.4803,5.5848,29.4356,11.1866
26810.0,1.3262,4.7925,0.4886,6.3023,29.288,11.1974
26815.0,1.326,4.9999,0.4902,5.7761,29.6328,11.1992
26820.0,1.3261,4.8972,0.489,4.3257,29.4557,11.1946
26825.0,1.3261,4.9007,0.506,5.4682,29.6221,11.1629
26830.0,1.3261,4.4879,0.4786,4.8725,29.7231,11.1667
26835.0,1.3262,5.1284,0.468,4.5811,29.6257,11.1548
26840.0,1.3262,4.8931,0.4938,4.9827,29.5225,11.175
26845.0,1.3264,5.4812,0.4786,4.8197,29.206,11.1672
26850.0,1.3262,5.1569,0.4715,3.3144,29.4562,11.1771
26855.0,1.3263,4.9158,0.4896,4.275,29.3248,11.1726
26860.0,1.3263,4.9971,0.4831,4.8858,29.3732,11.1657
26865.0,1.3263,4.8038,0.4916,4.7892,29.3666,11.1722
26870.0,1.3263,5.1905,0.4864,4.8698,29.2162,11.1901
26875.0,1.3265,5.2593,0.5022,4.7344,28.9727,11.1878
26880.0,1.3263,4.5179,0.4827,3.4269,29.2958,11.1854
26885.0,1.3262,4.9506,0.4911,5.3609,29.5119,11.1798
26890.0,1.3264,5.0362,0.4823,4.8977,29.1271,11.1815
26895.0,1.3262,5.3547,0.4733,4.2537,29.4686,11.1744
26900.0,1.3259,5.4009,0.4901,5.4585,29.9402,11.1692
26905.0,1.326,4.6186,0.4737,4.7875,29.7212,11.1922
26910.0,1.3259,4.7657,0.4911,4.6222,29.8766,11.2058
26915.0,1.3261,5.1889,0.4839,5.0223,29.5637,11.1993
26920.0,1.326,5.2299,0.4858,3.9096,29.7579,11.1913
26925.0,1.3262,4.5922,0.4715,3.7432,29.285,11.2063
26930.0,1.3263,4.9662,0.4782,4.6115,29.3048,11.1883
26935.0,1.3266,5.3143,0.4898,6.2405,28.781,11.1855
26940.0,1.326,5.0303,0.4715,4.2496,29.7621,11.1814
26945.0,1.3259,4.6227,0.4772,3.9655,29.8503,11.1988
26950.0,1.3262,5.2244,0.4861,4.4004,29.3265,11.2069
26955.0,1.3261,5.2794,0.4945,5.2066,29.4008,11.2051
26960.0,1.3263,5.1614,0.4738,4.5111,29.2753,11.1969
26965.0,1.3261,3.9351,0.4838,3.313,29.5587,11.1795
26970.0,1.326,5.4703,0.483,4.8493,29.7436,11.1861
26975.0,1.3264,5.1681,0.4803,5.0959,29.0258,11.204
26980.0,1.3261,5.0803,0.4947,4.3052,29.563,11.1987
26985.0,1.3261,4.8659,0.4899,4.6186,29.3905,11.2152
26990.0,1.326,4.7835,0.4795,5.5006,29.4869,11.2353
26995.0,1.3259,5.1672,0.4858,4.8707,29.5722,11.2425
27000.0,1.326,4.6493,0.4746,3.8584,29.4091,11.2538
27005.0,1.326,4.7033,0.468,4.318,29.429,11.245
27010.0,1.326,4.8925,0.5039,5.154,29.4,11.2477
27015.0,1.3259,5.1535,0.4722,3.2332,29.6946,11.2297
27020.0,1.326,4.7842,0.4921,4.0276,29.5552,11.2093
27025.0,1.3261,4.9124,0.4922,5.1112,29.504,11.2114
27030.0,1.3263,5.3765,0.4676,3.8088,29.1294,11.2087
27035.0,1.3261,5.4087,0.477,4.4708,29.3507,11.2199
27040.0,1.326,5.2315,0.4788,5.485,29.6681,11.2155
27045.0,1.3261,5.0217,0.4732,5.0016,29.451,11.2021
27050.0,1.3261,5.163,0.495,5.0997,29.6044,11.1911
27055.0,1.326,5.3452,0.4673,4.9442,29.8791,11.169
27060.0,1.326,4.7846,0.4761,5.157,29.6949,11.1922
27065.0,1.3261,4.9489,0.498,6.2955,29.4563,11.1994
27070.0,1.3262,5.2616,0.4859,4.6614,29.303,11.1959
27075.0,1.3266,5.3641,0.4742,6.0178,28.7899,11.188
27080.0,1.3262,4.8012,0.4731,4.1235,29.3837,11.1886
27085.0,1.3263,5.2484,0.4787,4.8479,29.3418,11.175
27090.0,1.3261,4.9585,0.4973,4.7506,29.5183,11.1995
27095.0,1.3262,4.8854,0.4871,5.7475,29.3795,11.1887
27100.0,1.3263,5.1545,0.4964,6.2126,29.3351,11.1698
27105.0,1.3265,5.57,0.4713,4.5844,28.9675,11.176
27110.0,1.3265,5.0935,0.4783,5.317,29.1745,11.1581
27115.0,1.3262,4.8984,0.5028,5.1873,29.5257,11.1531
27120.0,1.3261,5.1958,0.4987,5.5655,29.8324,11.1485
27125.0,1.3263,4.9183,0.4774,5.9186,29.376,11.1624
27130.0,1.3262,5.1742,0.4782,5.1748,29.4791,11.1615
27135.0,1.3261,5.3054,0.4874,4.379,29.632,11.1704
27140.0,1.3264,5.0527,0.4856,5.113,29.1879,11.1802
27145.0,1.3262,5.3438,0.4983,6.1307,29.4789,11.1838
27150.0,1.3263,5.0959,0.4877,4.2979,29.1986,11.2038
27155.0,1.326,5.3962,0.4881,4.8603,29.5964,11.216
27160.0,1.3261,4.6883,0.4767,5.371,29.4145,11.2126
27165.0,1.3261,4.9182,0.482,4.1073,29.4476,11.2193
27170.0,1.3262,4.7837,0.4749,5.6231,29.1736,11.2313
27175.0,1.3259,5.2456,0.4896,5.9338,29.5422,11.2475
27180.0,1.3257,4.8147,0.4843,6.4291,29.8828,11.2557
27185.0,1.3262,4.8255,0.4662,5.011,29.1057,11.2418
27190.0,1.3262,4.7668,0.4815,3.6118,29.2687,11.2293
27195.0,1.3261,4.9622,0.4871,4.3604,29.4075,11.2261
27200.0,1.326,4.8887,0.4782,6.0339,29.5421,11.2344
27205.0,1.3263,4.6005,0.4879,4.932,29.2015,11.2072
27210.0,1.3266,4.7082,0.4863,4.4909,28.6289,11.2202
27215.0,1.3259,5.1503,0.4775,4.2093,29.6727,11.2208
27220.0,1.3261,5.3386,0.4968,5.8207,29.5187,11.2103
27225.0,1.3265,4.3574,0.4938,6.0098,28.8884,11.2034
27230.0,1.3263,4.7798,0.4865,4.343,29.1678,11.2171
27235.0,1.3259,4.8793,0.4721,5.6849,29.7072,11.2175
27240.0,1.326,5.1196,0.4812,4.6132,29.6725,11.1977
27245.0,1.3261,4.8464,0.4772,4.772,29.5406,11.1797
27250.0,1.3263,4.6974,0.4784,4.5486,29.2572,11.184
27255.0,1.3263,4.8409,0.4732,5.7121,29.3173,11.1872
27260.0,1.3263,5.2525,0.4538,3.9192,29.259,11.1955
27265.0,1.3261,5.3095,0.4894,7.223,29.569,11.1808
27270.0,1.3264,4.5578,0.4955,4.6505,29.063,11.1859
27275.0,1.3264,4.8776,0.4872,5.6432,29.0756,11.1978
27280.0,1.3261,5.148,0.4743,4.9253,29.5246,11.1876
27285.0,1.3263,4.7619,0.4799,5.15,29.2559,11.1874
27290.0,1.3261,5.0172,0.493,5.9587,29.6065,11.1748
27295.0,1.3264,4.793,0.4986,5.3217,29.0889,11.1976
27300.0,1.3263,4.8465,0.4719,5.5448,29.2379,11.2011
27305.0,1.3263,4.4874,0.4918,5.6642,29.0157,11.2201
27310.0,1.3262,4.8866,0.5004,4.7338,29.2429,11.2245
27315.0,1.3264,5.0355,0.4838,4.4891,28.8661,11.237
27320.0,1.3263,5.0619,0.4929,4.797,29.1084,11.2212
27325.0,1.3264,5.2197,0.4835,3.8629,28.8658,11.2447
27330.0,1.3261,4.5745,0.4852,4.4853,29.3929,11.2366
27335.0,1.3261,4.4052,0.4833,5.4675,29.3931,11.2225
27340.0,1.3266,4.8928,0.4917,5.0311,28.7758,11.2078
27345.0,1.326,5.0752,0.4823,3.4594,29.5362,11.2138
27350.0,1.3259,5.0423,0.4922,5.1887,29.8215,11.1948
27355.0,1.3263,4.8212,0.478,3.9285,29.2029,11.2011
27360.0,1.3264,5.2605,0.4713,4.8492,29.0254,11.1983
27365.0,1.326,5.6121,0.4877,5.3036,29.886,11.1752
27370.0,1.3266,5.4025,0.4962,6.8732,28.8444,11.1732
27375.0,1.3264,4.7078,0.4824,5.0034,29.1734,11.1776
27380.0,1.3264,5.1949,0.4819,4.1814,29.2074,11.1791
27385.0,1.3261,4.7991,0.5084,5.9798,29.4929,11.1902
27390.0,1.3264,5.2086,0.4829,5.1472,29.2406,11.173
27395.0,1.3265,4.7387,0.4709,4.4798,29.02,11.1718
27400.0,1.3266,5.5562,0.4849,5.0021,28.9009,11.1626
27405.0,1.3265,5.1653,0.4897,6.4055,29.0472,11.1808
27410.0,1.3266,4.4704,0.489,6.4256,28.8748,11.1663
27415.0,1.3265,5.2884,0.4782,4.4087,29.1324,11.161
27420.0,1.3265,5.3101,0.484,4.9412,28.9733,11.1775
27425.0,1.3267,5.2851,0.4774,4.7633,28.7346,11.1817
27430.0,1.3263,4.7456,0.4997,4.9833,29.4158,11.1654
27435.0,1.3266,5.3303,0.4759,5.4219,28.9713,11.1679
27440.0,1.3267,5.6686,0.4792,5.3863,28.7725,11.1753
27445.0,1.3265,4.4099,0.4923,6.5876,29.0412,11.1794
27450.0,1.3264,5.0035,0.4815,4.7032,29.094,11.1945
27455.0,1.3268,4.8067,0.4882,5.908,28.634,11.1698
27460.0,1.3265,4.8869,0.5004,5.647,29.1472,11.151
27465.0,1.3268,5.1265,0.4922,5.2548,28.7961,11.1531
27470.0,1.3263,5.3373,0.4924,6.027,29.4793,11.1503
27475.0,1.3264,5.208,0.4699,4.1943,29.1761,11.1645
27480.0,1.3265,4.822,0.4727,3.8209,28.9387,11.1913
27485.0,1.3266,5.0486,0.4752,4.273,28.846,11.1929
27490.0,1.3264,5.0219,0.4962,6.197,28.9995,11.2084
27495.0,1.3263,4.8813,0.4943,6.5691,29.1725,11.1904
27500.0,1.3265,5.4634,0.4699,5.9694,29.0064,11.1843
27505.0,1.3265,5.1782,0.4787,5.2647,28.952,11.1763
27510.0,1.3265,5.3259,0.4775,4.7888,29.0143,11.168
27515.0,1.3266,5.1497,0.4744,5.8719,28.8422,11.1758
27520.0,1.3266,4.9492,0.486,4.811,28.9008,11.1606
27525.0,1.3269,4.8605,0.495,4.8435,28.4586,11.182
27530.0,1.3263,4.997,0.497,5.6452,29.2169,11.1921
27535.0,1.3263,4.7241,0.4822,4.395,29.0416,11.219
27540.0,1.3266,5.2049,0.4941,4.8244,28.7669,11.211
27545.0,1.3261,4.7783,0.4922,5.145,29.4283,11.216
27550.0,1.3264,5.0049,0.4919,5.2785,28.9688,11.2188
27555.0,1.3266,4.5838,0.4978,4.4386,28.6813,11.2273
27560.0,1.3262,5.0673,0.4847,4.6337,29.1479,11.2424
27565.0,1.3263,4.6212,0.4867,5.16,29.0266,11.2289
27570.0,1.3263,5.0833,0.4658,4.8157,29.019,11.2381
27575.0,1.3264,5.4484,0.493,5.0891,28.8073,11.2352
27580.0,1.3263,4.2425,0.4706,5.2834,29.0197,11.229
27585.0,1.3264,5.3482,0.4707,4.8376,28.835,11.2282
27590.0,1.3263,5.3037,0.4841,5.2339,29.0327,11.2209
27595.0,1.3268,4.9203,0.4903,6.7523,28.4108,11.215
27600.0,1.3265,4.4385,0.4904,5.1903,28.7719,11.2193
27605.0,1.3261,4.6509,0.4877,3.7218,29.3042,11.2485
27610.0,1.3266,5.2917,0.477,4.1544,28.6752,11.2213
27615.0,1.3266,4.8157,0.4896,5.4673,28.7094,11.2101
27620.0,1.3265,5.0185,0.4669,4.9479,28.7417,11.2202
27625.0,1.3267,5.1874,0.5017,5.6645,28.5433,11.2202
27630.0,1.3269,5.351,0.4926,4.6425,28.2882,11.2259
27635.0,1.3265,5.0888,0.4847,5.2543,28.776,11.237
27640.0,1.3263,5.1559,0.4895,3.3928,28.8609,11.2527
27645.0,1.3264,5.4633,0.4823,5.0138,28.8072,11.2395
27650.0,1.3265,4.8434,0.4865,5.1678,28.7775,11.2347
27655.0,1.3264,5.0675,0.4887,4.2459,28.8178,11.2354
27660.0,1.3262,4.5359,0.4755,6.492,29.0561,11.2514
27665.0,1.3264,5.192,0.4982,4.4991,28.7462,11.2545
27670.0,1.3265,4.566,0.4934,5.5415,28.6436,11.2584
27675.0,1.3264,5.0182,0.4912,4.234,28.7103,11.2584
27680.0,1.3262,4.7141,0.4838,5.8398,28.9188,11.2746
27685.0,1.326,5.2584,0.4778,4.3582,29.1204,11.3004
27690.0,1.3264,5.1326,0.4959,3.9363,28.6038,11.2956
27695.0,1.3263,4.3865,0.4598,4.5358,28.779,11.293
27700.0,1.3261,4.7718,0.4826,4.2673,28.8323,11.3206
27705.0,1.3264,5.1737,0.488,3.9713,28.4931,11.3166
27710.0,1.3262,4.9548,0.4883,6.0536,28.7398,11.312
27715.0,1.3265,5.2471,0.4948,5.6159,28.3618,11.3168
27720.0,1.3265,5.0049,0.5006,5.6072,28.2795,11.3195
27725.0,1.3262,5.0332,0.5047,5.3295,28.807,11.2982
27730.0,1.3264,4.9854,0.4867,4.5847,28.6129,11.2965
27735.0,1.3263,5.0645,0.4806,5.2975,28.753,11.2944
27740.0,1.3264,5.0242,0.4928,3.8117,28.6915,11.2613
27745.0,1.3267,4.9744,0.48,4.1793,28.4455,11.2498
27750.0,1.3265,5.2866,0.4908,5.0436,28.672,11.2507
27755.0,1.3267,4.9078,0.4843,4.3762,28.3687,11.254
27760.0,1.3262,5.0295,0.4702,3.277,29.0184,11.2566
27765.0,1.3266,4.6454,0.4958,5.4718,28.3254,11.2772
27770.0,1.3265,4.5742,0.4778,5.6943,28.6091,11.2679
27775.0,1.3266,4.7261,0.4986,5.434,28.3913,11.2897
27780.0,1.3263,5.5446,0.4873,5.9183,28.7882,11.2862
27785.0,1.3264,5.4846,0.4912,6.4259,28.5566,11.2942
27790.0,1.3264,4.9942,0.4939,4.4748,28.5036,11.3039
27795.0,1.3263,4.8274,0.4979,5.4444,28.8405,11.2837
27800.0,1.3264,4.9038,0.4727,3.8784,28.6284,11.2897
27805.0,1.3263,4.6461,0.4779,5.9571,28.7441,11.2819
27810.0,1.3266,4.4359,0.4943,3.748,28.3636,11.2753
27815.0,1.3267,5.2566,0.4948,5.3041,28.2517,11.2676
27820.0,1.3264,5.1635,0.5006,5.5305,28.6237,11.2761
27825.0,1.3264,4.9059,0.4756,6.3585,28.5113,11.298
27830.0,1.3262,4.8869,0.4733,3.4154,28.7417,11.3229
27835.0,1.3264,4.898,0.4952,4.8324,28.5592,11.3141
27840.0,1.3263,5.3333,0.5055,5.1644,28.6246,11.3066
27845.0,1.3267,5.1098,0.4652,4.5679,28.1617,11.2943
27850.0,1.3261,4.9472,0.4887,5.6592,29.0338,11.2864
27855.0,1.3264,5.3464,0.4849,5.3404,28.5149,11.2974
27860.0,1.3264,4.4588,0.4732,4.6459,28.7246,11.2753
27865.0,1.3267,5.566,0.4906,3.6794,28.3355,11.2606
27870.0,1.3265,4.9145,0.4936,4.6688,28.6159,11.2565
27875.0,1.3268,5.1778,0.4974,5.9178,28.2076,11.2597
27880.0,1.3265,5.2008,0.4733,4.8965,28.6408,11.2628
27885.0,1.3266,5.4793,0.473,4.5111,28.4332,11.2707
27890.0,1.3266,4.9727,0.4849,4.3616,28.524,11.262
27895.0,1.3264,5.0014,0.48,5.4728,28.6858,11.2829
27900.0,1.3267,4.9315,0.4882,5.3989,28.1978,11.2913
27905.0,1.3266,4.5683,0.4817,5.8959,28.3294,11.2946
27910.0,1.3264,4.8691,0.4922,4.5544,28.6095,11.2815
27915.0,1.3261,5.1688,0.4679,5.4215,29.0145,11.2849
27920.0,1.3266,5.2243,0.4782,5.3037,28.4502,11.2774
27925.0,1.3264,5.5618,0.4938,4.8408,28.6273,11.2835
27930.0,1.3265,5.0423,0.4847,6.0018,28.4476,11.2861
27935.0,1.3261,4.6079,0.4814,5.2857,28.9548,11.3063
27940.0,1.3267,4.7236,0.494,4.9108,28.0273,11.3171
27945.0,1.3264,5.56,0.4811,6.0989,28.4828,11.3115
27950.0,1.3268,5.3474,0.4904,4.4644,28.0478,11.3069
27955.0,1.3269,5.2049,0.4877,5.0688,27.8226,11.3162
27960.0,1.3265,5.0488,0.4981,5.1217,28.5187,11.294
27965.0,1.3265,5.4093,0.4751,4.7582,28.4744,11.2925
27970.0,1.3267,5.3991,0.4888,5.3661,28.3635,11.2637
27975.0,1.3267,4.4772,0.495,4.5786,28.4034,11.258
27980.0,1.3262,4.9895,0.4851,3.991,29.1998,11.2418
27985.0,1.3267,5.3374,0.4871,4.4304,28.3561,11.2579
27990.0,1.3266,5.2321,0.4826,4.2667,28.5436,11.2573
27995.0,1.3269,5.7296,0.4853,5.7439,28.2491,11.2344
28000.0,1.3266,5.1436,0.4999,5.0878,28.4808,11.2462
28005.0,1.3267,5.1976,0.4985,4.3498,28.343,11.2631
28010.0,1.3267,4.9533,0.4913,5.1211,28.2955,11.2715
28015.0,1.3263,5.2413,0.4693,6.0866,28.8485,11.2683
28020.0,1.3266,4.8642,0.4781,5.4932,28.6838,11.2313
28025.0,1.3268,4.7024,0.4866,4.8152,28.4194,11.2289
28030.0,1.3273,4.9452,0.4788,5.3866,27.805,11.2288
28035.0,1.3269,4.8045,0.4873,4.7097,28.2867,11.2317
28040.0,1.3262,5.2993,0.4845,4.4661,29.0486,11.2496
28045.0,1.3269,5.2817,0.4644,4.4605,28.3111,11.2282
28050.0,1.3266,5.0054,0.4773,4.7201,28.6406,11.2265
28055.0,1.3265,4.6572,0.4966,4.0189,28.7214,11.2234
28060.0,1.3269,5.5046,0.4764,3.7634,28.4117,11.201
28065.0,1.3272,5.3292,0.4808,4.2458,28.1427,11.1794
28070.0,1.3277,4.7987,0.4909,5.45,27.7406,11.1617
28075.0,1.327,5.2825,0.4975,4.0816,28.5168,11.1391
28080.0,1.3275,5.2873,0.4841,6.3637,28.1384,11.1226
28085.0,1.3272,4.3354,0.4751,4.3282,28.3825,11.1367
28090.0,1.3275,5.5764,0.4887,4.7054,28.0225,11.1333
28095.0,1.3274,5.009,0.4923,5.7403,28.2651,11.116
28100.0,1.3273,4.9256,0.4787,6.9136,28.3364,11.1216
28105.0,1.3272,4.9221,0.4822,5.2875,28.3918,11.1246
28110.0,1.3275,5.1671,0.4893,4.8176,28.0426,11.1439
28115.0,1.3269,5.2587,0.4757,3.1317,28.6173,11.1431
28120.0,1.3272,4.704,0.4885,5.3479,28.1656,11.1639
28125.0,1.3276,5.1887,0.4923,5.5704,27.893,11.155
28130.0,1.3271,5.6646,0.4905,4.6927,28.2813,11.1745
28135.0,1.3271,5.6211,0.4934,4.4903,28.3141,11.1596
28140.0,1.3271,5.4234,0.4862,6.5948,28.3427,11.1637
28145.0,1.3268,4.8219,0.5038,4.3804,28.6402,11.1653
28150.0,1.3272,4.7403,0.4878,5.6632,28.2377,11.1645
28155.0,1.3271,4.9823,0.4763,4.4781,28.2641,11.1844
28160.0,1.3272,5.031,0.5026,5.3676,28.0154,11.2019
28165.0,1.3268,4.9116,0.4842,5.1985,28.4937,11.1957
28170.0,1.327,5.0736,0.4733,3.4248,28.332,11.1792
28175.0,1.3272,4.9529,0.4942,5.8702,28.1783,11.1766
28180.0,1.3275,4.7066,0.4867,5.3341,27.8046,11.1772
28185.0,1.3269,4.8266,0.4861,4.5771,28.6395,11.1563
28190.0,1.3276,5.3681,0.4955,6.7542,27.969,11.1354
28195.0,1.3275,5.3969,0.504,5.4547,28.1258,11.1274
28200.0,1.3273,5.0151,0.4769,5.3901,28.3609,11.1186
28205.0,1.3277,5.6594,0.4868,5.1496,27.97,11.1098
28210.0,1.3278,5.2383,0.5059,5.2573,27.8936,11.1048
28215.0,1.3281,5.4809,0.4827,4.7786,27.7339,11.0781
28220.0,1.3273,5.0891,0.4802,5.6518,28.4431,11.0904
28225.0,1.3275,5.0189,0.4704,5.1074,28.1245,11.1104
28230.0,1.3268,5.1594,0.4915,5.0455,28.9907,11.1043
28235.0,1.3277,5.0711,0.4945,3.8807,28.0084,11.1052
28240.0,1.3276,4.9181,0.4881,5.5879,28.0249,11.1146
28245.0,1.3275,5.3152,0.4703,5.8259,28.1121,11.1248
28250.0,1.3275,5.6151,0.4941,5.0484,28.3126,11.0744
28255.0,1.3276,4.4075,0.4986,5.3381,28.1326,11.0915
28260.0,1.3274,5.3133,0.4849,4.708,28.4017,11.0831
28265.0,1.3278,4.5476,0.489,6.0931,28.0024,11.0854
28270.0,1.3278,5.1301,0.4856,6.1271,27.9002,11.0953
28275.0,1.328,4.703,0.4827,4.4916,27.7947,11.0861
28280.0,1.3283,5.4357,0.4902,4.6715,27.687,11.0577
28285.0,1.3277,5.0814,0.4794,5.7519,28.1121,11.0755
28290.0,1.3277,5.1381,0.4876,5.393,28.1651,11.0686
28295.0,1.3278,4.9694,0.4842,5.1285,28.0814,11.0721
28300.0,1.3275,4.6644,0.4861,3.9202,28.549,11.0437
28305.0,1.3276,5.2331,0.4701,4.3852,28.5441,11.0186
28310.0,1.328,4.7907,0.4894,4.813,28.1524,11.0109
28315.0,1.3287,5.5332,0.4899,4.1101,27.7867,10.9728
28320.0,1.3283,4.8398,0.4759,3.5508,28.0926,10.9686
28325.0,1.3283,4.935,0.4828,4.7655,28.0835,10.9739
28330.0,1.3283,5.2078,0.5018,5.3099,28.0684,10.9738
28335.0,1.3283,5.0259,0.4874,5.5943,28.0575,10.9817
28340.0,1.3282,5.448,0.5053,5.5629,28.068,11.0021
28345.0,1.3283,4.5553,0.5173,4.1068,28.1341,10.976
28350.0,1.3282,4.8306,0.4736,5.108,28.0713,10.9934
28355.0,1.3282,4.9028,0.4782,5.6324,28.2818,10.9602
28360.0,1.328,4.8634,0.4998,5.9932,28.3194,10.9881
28365.0,1.3283,4.4889,0.483,5.0072,28.0013,10.9969
28370.0,1.3277,5.4378,0.482,4.7122,28.5464,10.9856
28375.0,1.3283,5.4504,0.4934,4.7254,27.9833,10.9883
28380.0,1.3285,5.0838,0.4814,4.0864,27.8237,10.994
28385.0,1.328,5.5542,0.4923,4.0376,28.3232,10.9815
28390.0,1.3285,4.9831,0.4783,3.4089,28.0236,10.9622
28395.0,1.3282,4.9309,0.4921,5.192,28.3082,10.9504
28400.0,1.3289,4.8592,0.489,6.093,27.627,10.9709
28405.0,1.3277,4.7596,0.503,5.2335,28.5761,10.9885
28410.0,1.3279,4.699,0.488,4.4491,28.3961,10.9773
28415.0,1.3284,4.9008,0.4792,4.1636,27.8531,11.0033
28420.0,1.3284,5.4911,0.4922,5.9079,27.8588,11.0096
28425.0,1.3276,5.1146,0.4838,4.6231,28.6468,10.9939
28430.0,1.3284,5.0803,0.4837,3.9538,28.0447,10.9758
28435.0,1.3284,5.1944,0.4756,5.0133,28.0209,10.9766
28440.0,1.3289,5.0394,0.4999,5.3894,27.6634,10.9593
28445.0,1.3283,5.1157,0.4856,6.1968,28.1427,10.9677
28450.0,1.3283,5.3013,0.4747,4.1753,28.174,10.9619
28455.0,1.328,5.1279,0.4994,5.1145,28.4103,10.9558
28460.0,1.3286,4.9864,0.496,6.2972,27.8823,10.9673
28465.0,1.3286,4.9011,0.4829,5.3478,27.8527,10.9709
28470.0,1.328,4.8126,0.4932,3.4312,28.3463,10.9822
28475.0,1.3277,5.6647,0.4991,5.3071,28.486,10.9964
28480.0,1.3285,4.867,0.4912,5.5081,27.8423,10.9848
28485.0,1.3278,5.4461,0.4949,4.8546,28.5064,10.9734
28490.0,1.3282,4.6467,0.4777,5.5332,28.2463,10.9597
28495.0,1.328,5.055,0.4929,6.399,28.5108,10.9407
28500.0,1.3282,5.4016,0.4775,5.2806,28.2213,10.9704
28505.0,1.3289,5.3561,0.4854,3.9198,27.6094,10.9831
28510.0,1.3281,5.0787,0.4817,6.298,28.203,10.9847
28515.0,1.3279,4.8705,0.4814,4.2797,28.5072,10.9657
28520.0,1.3284,5.0255,0.4831,4.2974,28.0199,10.977
28525.0,1.3281,5.1184,0.4727,5.3652,28.1476,10.9888
28530.0,1.3282,4.9769,0.4851,4.0328,28.2018,10.9653
28535.0,1.3294,4.9288,0.4787,4.5642,27.5223,10.9286
28540.0,1.328,5.4438,0.4941,4.2546,28.6664,10.9075
28545.0,1.3289,4.657,0.4905,6.4118,28.0246,10.8941
28550.0,1.3283,4.9081,0.4786,3.7189,28.3778,10.9168
28555.0,1.3285,4.2863,0.4869,5.3052,28.2312,10.9188
28560.0,1.3281,5.3602,0.4972,5.5901,28.5688,10.908
28565.0,1.3284,5.3531,0.4821,4.8725,28.3575,10.91
28570.0,1.3286,5.4533,0.4795,4.7874,28.1988,10.9113
28575.0,1.3289,4.9099,0.4802,4.8827,28.0358,10.8947
28580.0,1.3284,5.4036,0.4766,6.2511,28.4603,10.8896
28585.0,1.3293,4.8902,0.4843,3.1388,27.7942,10.8808
28590.0,1.3285,5.4989,0.4932,5.3271,28.4258,10.8775
28595.0,1.3291,5.1812,0.4917,4.0695,27.9913,10.8756
28600.0,1.3283,4.954,0.492,5.5529,28.581,10.8778
28605.0,1.3286,5.2049,0.4897,5.1396,28.3101,10.8861
28610.0,1.3284,5.1355,0.507,6.7666,28.4327,10.8903
28615.0,1.3287,4.9314,0.4984,3.7473,28.2941,10.8654
28620.0,1.3293,5.168,0.4845,5.924,27.8374,10.8775
28625.0,1.3291,5.0867,0.4819,4.2376,28.0623,10.8525
28630.0,1.3287,5.1318,0.4893,6.4514,28.4476,10.847
28635.0,1.3288,4.0764,0.4857,5.8571,28.3232,10.8441
28640.0,1.3287,5.3867,0.4934,5.0523,28.5789,10.8096
28645.0,1.3288,4.9087,0.4896,4.274,28.3865,10.8298
28650.0,1.3291,4.6769,0.4819,4.6181,28.0462,10.851
28655.0,1.329,5.0275,0.5007,6.607,28.091,10.8615
28660.0,1.3288,4.7305,0.4945,6.0715,28.3179,10.8461
28665.0,1.3298,4.903,0.4884,4.9496,27.7159,10.8336
28670.0,1.3284,5.534,0.4757,4.8578,28.715,10.8305
28675.0,1.3289,4.8114,0.4698,4.2355,28.4094,10.8148
28680.0,1.3286,5.8006,0.4913,4.9686,28.608,10.8281
28685.0,1.3291,4.6896,0.4773,4.038,27.9084,10.8815
28690.0,1.3283,5.0417,0.4728,4.678,28.617,10.8763
28695.0,1.3279,5.1081,0.4978,5.6259,28.8661,10.8863
28700.0,1.3289,4.9992,0.4897,4.3836,27.9804,10.8943
28705.0,1.3283,5.2487,0.4972,5.3464,28.5058,10.8877
28710.0,1.3285,4.9785,0.484,4.5463,28.3157,10.8919
28715.0,1.3291,4.7682,0.4827,4.098,27.9317,10.8755
28720.0,1.3284,4.9965,0.4845,4.597,28.4435,10.8824
28725.0,1.3283,5.1895,0.4962,4.6689,28.5312,10.8922
28730.0,1.3286,4.8187,0.4725,3.362,28.175,10.9059
28735.0,1.328,5.187,0.4866,3.7777,28.6192,10.9208
28740.0,1.3289,4.6739,0.4793,6.2881,27.9136,10.9093
28745.0,1.3288,4.6201,0.4758,4.9548,27.9591,10.9193
28750.0,1.3283,4.6312,0.4797,4.5824,28.3695,10.9149
28755.0,1.3284,4.8738,0.4932,2.9173,28.3443,10.9042
28760.0,1.3286,5.2829,0.4905,4.5621,28.1614,10.9134
28765.0,1.3282,4.954,0.4812,6.7941,28.5455,10.8965
28770.0,1.3282,4.714,0.4892,4.7972,28.4784,10.9091
28775.0,1.3284,4.9498,0.4895,2.4529,28.5628,10.8656
28780.0,1.3285,5.2229,0.4883,5.1422,28.3201,10.8978
28785.0,1.3284,5.3153,0.4961,4.7276,28.5042,10.8824
28790.0,1.3287,5.1493,0.5082,5.2037,28.2448,10.8757
28795.0,1.328,5.6431,0.4891,4.8419,28.8723,10.8718
28800.0,1.3288,5.5445,0.4962,4.9003,28.1583,10.8733
28805.0,1.3278,4.4521,0.4865,5.5972,28.8904,10.8955
28810.0,1.3284,5.4564,0.5019,5.753,28.3755,10.9002
28815.0,1.3289,5.3395,0.4815,5.4585,28.0256,10.8994
28820.0,1.328,4.6491,0.5018,6.2339,28.7141,10.9007
28825.0,1.3284,4.9146,0.4941,6.008,28.4062,10.9
28830.0,1.3282,5.2017,0.5021,6.1874,28.5902,10.89
28835.0,1.3283,4.887,0.4783,4.1888,28.686,10.8596
28840.0,1.3285,5.1918,0.491,5.498,28.4672,10.8652
28845.0,1.3288,4.66,0.492,5.3602,28.2373,10.8608
28850.0,1.3283,5.5454,0.4573,6.2128,28.632,10.8645
28855.0,1.3287,4.8847,0.4954,5.0336,28.3909,10.852
28860.0,1.3285,5.12,0.4576,4.3809,28.5648,10.8419
28865.0,1.3296,5.132,0.4872,5.8985,27.8576,10.8319
28870.0,1.3287,5.0832,0.4843,5.8558,28.5104,10.8268
28875.0,1.3293,5.204,0.4905,4.9149,28.2416,10.8009
28880.0,1.3284,5.023,0.4738,4.284,28.8172,10.8118
28885.0,1.3289,4.7581,0.4801,3.46,28.5623,10.7848
28890.0,1.3289,5.038,0.4793,3.3483,28.4691,10.8094
28895.0,1.3289,5.1889,0.4761,4.3849,28.5333,10.7949
28900.0,1.3295,4.9168,0.5001,4.8383,28.1647,10.7838
28905.0,1.3286,5.0477,0.4912,4.021,28.8227,10.7893
28910.0,1.3287,4.8375,0.4809,6.0978,28.9173,10.7568
28915.0,1.3293,5.0613,0.4858,3.6637,28.5202,10.7351
28920.0,1.3289,5.4116,0.488,4.5187,28.8221,10.7358
28925.0,1.3298,5.2121,0.4975,6.5359,28.2848,10.714
28930.0,1.3301,5.1997,0.4771,3.3326,28.2303,10.6968
28935.0,1.3298,5.1725,0.4853,4.1123,28.4423,10.6925
28940.0,1.3296,5.2326,0.4958,4.9792,28.5433,10.6964
28945.0,1.33,5.2734,0.4834,3.994,28.3385,10.6855
28950.0,1.3295,5.2064,0.4985,4.5735,28.5738,10.6969
28955.0,1.3295,5.7354,0.4794,5.1616,28.5184,10.7059
28960.0,1.3301,4.9712,0.4901,4.9415,28.1946,10.6987
28965.0,1.3295,4.5517,0.4984,5.4534,28.5762,10.699
28970.0,1.3293,5.2108,0.4848,5.3439,28.6648,10.7056
28975.0,1.3297,4.996,0.5,5.3583,28.4941,10.6985
28980.0,1.3293,4.959,0.4715,4.091,28.7417,10.6961
28985.0,1.3303,5.3991,0.4778,4.5862,28.1514,10.6796
28990.0,1.3296,4.7695,0.4922,5.0018,28.575,10.6873
28995.0,1.33,5.5847,0.4788,5.4745,28.1676,10.7098
29000.0,1.3298,5.0142,0.4825,4.9201,28.1839,10.7321
29005.0,1.3298,4.674,0.4928,6.7214,28.3068,10.7142
29010.0,1.3299,4.5842,0.4863,4.3734,28.2312,10.7137
29015.0,1.3298,5.256,0.483,4.4139,28.3318,10.7041
29020.0,1.3297,4.8637,0.4941,5.0157,28.4173,10.7069
29025.0,1.3291,4.8344,0.4765,2.8078,28.6821,10.7349
29030.0,1.3296,5.0871,0.4857,4.4019,28.3945,10.7287
29035.0,1.33,4.9537,0.4774,4.0215,28.0804,10.7287
29040.0,1.329,5.0667,0.4819,5.1324,28.7637,10.7353
29045.0,1.3296,5.3121,0.4813,5.8153,28.2713,10.741
29050.0,1.3292,5.5058,0.4785,6.2388,28.4678,10.7648
29055.0,1.329,5.4994,0.4827,4.6349,28.5959,10.7606
29060.0,1.3294,4.7375,0.5017,5.1821,28.5359,10.73
29065.0,1.329,5.4659,0.4919,5.2055,28.7613,10.7407
29070.0,1.3293,5.0312,0.461,3.4494,28.6092,10.7184
29075.0,1.3298,4.7187,0.4846,4.8909,28.2758,10.7198
29080.0,1.3287,5.2328,0.4722,4.4646,29.0373,10.7236
29085.0,1.3295,4.8683,0.502,6.5513,28.5428,10.7096
29090.0,1.3295,5.2511,0.4915,4.9404,28.4589,10.7205
29095.0,1.329,5.3113,0.5026,5.7052,28.7382,10.741
29100.0,1.3293,5.178,0.4916,6.1727,28.561,10.7361
29105.0,1.3292,5.2729,0.495,5.9096,28.5999,10.7365
29110.0,1.3286,5.688,0.4785,4.0321,29.1244,10.7268
29115.0,1.3294,4.7428,0.4758,4.6207,28.4339,10.7372
29120.0,1.3294,4.8565,0.4838,5.0483,28.4245,10.7384
29125.0,1.3292,5.1928,0.4843,5.5654,28.5342,10.7519
29130.0,1.3289,5.3903,0.4798,5.1463,28.7741,10.7423
29135.0,1.33,5.0682,0.4725,5.8745,28.1307,10.7274
29140.0,1.3302,5.2956,0.4736,4.5997,28.017,10.7193
29145.0,1.3296,4.7484,0.4825,4.3778,28.3625,10.7321
29150.0,1.3299,5.0225,0.4942,4.9593,28.1018,10.7364
29155.0,1.3295,5.9049,0.4812,6.2478,28.4049,10.7332
29160.0,1.329,5.6206,0.4935,5.5787,28.6376,10.7543
29165.0,1.3295,4.9092,0.4771,4.5472,28.29,10.7541
29170.0,1.3297,4.6044,0.4919,3.1984,28.1567,10.7545
29175.0,1.3292,5.4524,0.4693,5.2678,28.5314,10.749
29180.0,1.3291,5.5846,0.4895,6.0638,28.7302,10.7306
29185.0,1.3299,5.1083,0.4737,4.9382,28.0914,10.7372
29190.0,1.329,4.8026,0.481,5.5215,28.7206,10.7419
29195.0,1.3291,5.4394,0.4879,5.1803,28.7203,10.7353
29200.0,1.3289,5.1169,0.4822,4.5362,28.7548,10.7547
29205.0,1.3287,5.0669,0.4883,5.4317,28.8212,10.7627
29210.0,1.3283,4.8628,0.4908,4.6241,29.0673,10.7899
29215.0,1.329,5.1646,0.49,4.609,28.4279,10.7958
29220.0,1.329,5.6639,0.481,4.0197,28.5444,10.7801
29225.0,1.329,5.5491,0.4939,6.0657,28.4129,10.7994
29230.0,1.329,5.125,0.4957,5.28,28.5175,10.7865
29235.0,1.3285,5.2078,0.4891,5.0218,28.9001,10.785
29240.0,1.3293,5.6833,0.5001,6.1504,28.1804,10.7969
29245.0,1.3292,4.9045,0.5072,5.6397,28.3011,10.7964
29250.0,1.3283,4.7354,0.4862,5.063,28.8604,10.815
29255.0,1.3284,5.2604,0.4801,4.1192,28.7707,10.8225
29260.0,1.3289,5.1197,0.495,4.1249,28.4244,10.8105
29265.0,1.3285,4.4568,0.4826,5.0602,28.7283,10.8237
29270.0,1.3286,5.2415,0.4897,4.317,28.5994,10.8235
29275.0,1.3283,4.804,0.4835,4.0255,28.8884,10.8245
29280.0,1.3288,4.1414,0.512,5.9247,28.5312,10.8134
29285.0,1.3284,5.2034,0.4806,4.7109,28.7682,10.8233
29290.0,1.3279,5.1439,0.4786,4.6499,29.1714,10.8254
29295.0,1.3285,5.1237,0.5135,6.5696,28.6594,10.8305
29300.0,1.3286,5.0167,0.4941,4.3177,28.5211,10.8392
29305.0,1.3285,5.0575,0.4967,4.99,28.6883,10.8224
29310.0,1.3287,4.9357,0.4907,5.6585,28.4151,10.8406
29315.0,1.3279,4.9662,0.4954,3.3848,29.1021,10.8393
29320.0,1.3286,5.3937,0.4727,4.4469,28.5488,10.8374
29325.0,1.3288,4.6856,0.4687,5.2487,28.4341,10.8293
29330.0,1.329,5.4657,0.4672,5.2406,28.2918,10.8193
29335.0,1.3284,5.2543,0.4994,4.8816,28.7734,10.8268
29340.0,1.3285,5.1491,0.4944,5.4839,28.7142,10.8263
29345.0,1.3287,5.6509,0.4815,4.9771,28.3713,10.8583
29350.0,1.3284,5.0098,0.4867,5.1644,28.6379,10.8473
29355.0,1.3291,4.4652,0.4746,5.1746,28.1147,10.8489
29360.0,1.3285,4.9367,0.4839,5.4584,28.536,10.8517
29365.0,1.3284,5.0172,0.4915,5.4498,28.6009,10.8558
29370.0,1.3281,5.0106,0.484,3.7556,28.9123,10.8458
29375.0,1.3289,4.9011,0.4749,4.503,28.2905,10.8355
29380.0,1.3291,4.9855,0.4875,7.0162,28.1612,10.8393
29385.0,1.3288,5.3268,0.4783,3.9875,28.2545,10.8541
29390.0,1.3289,4.9172,0.4912,6.7956,28.1416,10.8734
29395.0,1.3281,4.4401,0.4919,4.8855,28.8073,10.862
29400.0,1.328,4.5467,0.4933,5.2564,28.8575,10.8676
29405.0,1.3284,5.3944,0.4888,4.9156,28.5476,10.8643
29410.0,1.328,5.115,0.4755,5.3305,28.77,10.8986
29415.0,1.3284,5.2636,0.4842,4.7682,28.4951,10.8867
29420.0,1.3285,5.3814,0.4794,4.066,28.4348,10.8751
29425.0,1.3287,5.2196,0.4856,3.7579,28.3721,10.8608
29430.0,1.3286,5.1185,0.4821,4.5125,28.3745,10.8721
29435.0,1.3291,5.5313,0.4708,4.6397,28.0618,10.8544
29440.0,1.3284,5.9114,0.4791,5.1144,28.5113,10.8696
29445.0,1.3285,5.0603,0.4836,5.712,28.4316,10.8787
29450.0,1.3282,4.9215,0.4855,5.6794,28.6244,10.882
29455.0,1.3284,5.006,0.4989,5.3996,28.4577,10.8819
29460.0,1.3286,5.395,0.4995,5.2922,28.3898,10.8737
29465.0,1.3289,5.584,0.4934,6.3507,28.2087,10.8622
29470.0,1.3286,4.938,0.4926,4.7775,28.4405,10.8631
29475.0,1.3283,5.2601,0.4742,3.3919,28.6029,10.8693
29480.0,1.3289,6.0552,0.4814,4.8411,28.1283,10.8685
29485.0,1.3286,5.1018,0.472,5.3176,28.4317,10.8623
29490.0,1.3286,4.8498,0.4846,4.0542,28.4637,10.8559
29495.0,1.3288,5.0228,0.4755,7.6125,28.2214,10.8644
29500.0,1.329,5.5873,0.493,4.8727,28.2493,10.8398
29505.0,1.3288,4.8869,0.4953,6.8357,28.4492,10.8194
29510.0,1.3293,4.6815,0.4912,6.7287,28.1034,10.82
29515.0,1.3289,5.528,0.508,5.1252,28.4693,10.8062
29520.0,1.3292,4.9556,0.4926,4.5124,28.153,10.8229
29525.0,1.3286,5.1867,0.4816,6.2736,28.6374,10.8231
29530.0,1.3282,5.3827,0.4746,4.0785,28.951,10.8209
29535.0,1.3293,5.526,0.4859,4.0411,28.146,10.8119
29540.0,1.3289,5.0117,0.4969,6.1582,28.4893,10.7993
29545.0,1.3294,4.8029,0.4827,4.3721,28.1686,10.7965
29550.0,1.3287,5.1328,0.4795,4.8455,28.6049,10.807
29555.0,1.3296,4.885,0.4862,6.0617,28.0226,10.7966
29560.0,1.3289,5.0807,0.4755,6.1314,28.4533,10.8038
29565.0,1.3295,5.053,0.4716,4.0385,28.109,10.7864
29570.0,1.3293,5.0604,0.4727,5.2697,28.2694,10.787
29575.0,1.3297,4.9237,0.4691,5.806,28.0573,10.7789
29580.0,1.3289,4.7113,0.4793,4.5064,28.5144,10.7923
29585.0,1.3295,5.1907,0.4969,6.432,28.0933,10.792
29590.0,1.3292,4.6986,0.4808,5.8948,28.4341,10.7685
29595.0,1.3295,5.5626,0.4718,4.2769,28.2035,10.7743
29600.0,1.3294,4.604,0.4958,5.285,28.2543,10.7786
29605.0,1.3293,4.6118,0.4936,6.142,28.3131,10.7759
29610.0,1.3295,5.1599,0.5064,6.2188,28.0788,10.7948
29615.0,1.3294,5.1975,0.4675,2.9882,28.3149,10.7707
29620.0,1.3288,4.8982,0.504,5.0893,28.6379,10.7827
29625.0,1.3297,4.8298,0.4715,3.8216,28.0536,10.7797
29630.0,1.329,4.966,0.4573,3.2668,28.5338,10.7798
29635.0,1.3288,5.0104,0.492,3.9501,28.608,10.792
29640.0,1.3297,4.9252,0.4787,5.693,28.022,10.7878
29645.0,1.33,5.2666,0.4734,5.1815,27.8547,10.7751
29650.0,1.3292,5.2454,0.4735,4.1609,28.2862,10.8007
29655.0,1.3297,5.2724,0.4954,5.1926,28.0661,10.777
29660.0,1.3288,5.4796,0.4819,4.9505,28.6622,10.7894
29665.0,1.3293,5.0777,0.4904,4.5576,28.1958,10.8057
29670.0,1.3295,5.054,0.4975,5.187,27.9784,10.8175
29675.0,1.3296,5.1029,0.496,5.4303,27.884,10.82
29680.0,1.3288,5.0287,0.4785,4.3513,28.4349,10.8242
29685.0,1.3294,5.0544,0.4896,4.8725,28.0112,10.8279
29690.0,1.3294,5.4653,0.4994,4.8722,28.1564,10.8017
29695.0,1.3292,4.7951,0.46,4.2976,28.3758,10.7798
29700.0,1.3298,5.347,0.5006,6.2424,28.007,10.7699
29705.0,1.3294,5.2062,0.4866,6.5837,28.1078,10.7987
29710.0,1.3293,5.0299,0.4815,5.4997,28.1062,10.8147
29715.0,1.3293,5.2795,0.4818,4.2557,28.2721,10.7898
29720.0,1.3293,4.8845,0.4733,3.884,28.2398,10.7892
29725.0,1.3297,4.8627,0.4757,4.2274,28.0278,10.7759
29730.0,1.3296,4.9745,0.4646,4.2477,28.0894,10.784
29735.0,1.3297,5.7308,0.4805,4.2665,27.971,10.7861
29740.0,1.3301,5.1631,0.4775,4.0982,27.685,10.7927
29745.0,1.3294,5.4024,0.4862,4.801,28.1091,10.8031
29750.0,1.3288,5.8306,0.4833,5.738,28.5079,10.8058
29755.0,1.3299,5.2088,0.4898,4.7802,27.8041,10.804
29760.0,1.3297,4.8263,0.4786,5.3162,27.8217,10.821
29765.0,1.3296,4.6384,0.4936,4.4617,27.7872,10.8347
29770.0,1.3293,5.0256,0.4908,5.4724,28.1758,10.8088
29775.0,1.3294,5.4885,0.4864,5.9741,28.0965,10.8045
29780.0,1.3298,4.9283,0.5023,4.3419,27.9343,10.7881
29785.0,1.33,4.9554,0.4871,4.9312,27.7339,10.8008
29790.0,1.3297,4.8331,0.5,5.0015,27.9759,10.7946
29795.0,1.3303,5.0959,0.4736,3.5414,27.5509,10.8019
29800.0,1.33,5.4806,0.4795,4.8992,27.9671,10.7592
29805.0,1.3298,5.4472,0.4862,5.2096,28.1382,10.7471
29810.0,1.3308,5.4674,0.499,5.5366,27.5964,10.7385
29815.0,1.3309,5.1002,0.4944,5.6577,27.515,10.7376
29820.0,1.3296,5.7181,0.4794,5.6587,28.2817,10.7496
29825.0,1.3303,4.9439,0.4882,4.9693,27.7226,10.7695
29830.0,1.3297,5.131,0.4728,3.8493,28.148,10.762
29835.0,1.3302,4.8278,0.4787,4.274,27.814,10.7593
29840.0,1.3303,5.3886,0.486,4.901,27.8004,10.7492
29845.0,1.33,5.0723,0.4616,3.7686,27.9387,10.7547
29850.0,1.3307,4.4747,0.4751,4.0984,27.5962,10.7477
29855.0,1.3302,4.9574,0.4872,3.9691,27.8384,10.7499
29860.0,1.3305,4.6625,0.5008,4.5696,27.6979,10.7448
29865.0,1.3309,5.0379,0.4995,4.9371,27.451,10.7507
29870.0,1.33,4.8349,0.4904,4.5171,27.8532,10.7742
29875.0,1.3304,5.673,0.4766,5.6661,27.6906,10.7627
29880.0,1.3302,5.424,0.5,6.5474,27.7048,10.7807
29885.0,1.3308,4.9505,0.4934,5.3414,27.4289,10.7702
29890.0,1.3294,4.9201,0.4986,4.4404,28.1167,10.7977
29895.0,1.3297,5.2345,0.5064,5.6297,27.9252,10.7946
29900.0,1.3298,5.0426,0.4865,4.4491,27.9343,10.7835
29905.0,1.3302,5.0938,0.4931,5.4173,27.6039,10.7951
29910.0,1.3308,5.3502,0.5134,5.459,27.2349,10.8002
29915.0,1.3294,5.0207,0.4846,5.0946,28.1423,10.7963
29920.0,1.3301,4.9683,0.4955,3.6542,27.6256,10.8082
29925.0,1.3303,4.7866,0.4651,4.4554,27.4404,10.8186
29930.0,1.3299,4.9358,0.48,4.2466,27.7183,10.8178
29935.0,1.3298,5.1557,0.481,5.6904,27.8924,10.7912
29940.0,1.3305,4.9173,0.4877,5.8974,27.5812,10.7724
29945.0,1.33,4.7656,0.4657,4.5349,27.893,10.774
29950.0,1.3301,5.5528,0.4916,5.4709,27.8303,10.7643
29955.0,1.3311,5.3216,0.4933,4.2684,27.2765,10.7597
29960.0,1.3308,4.7859,0.496,5.9821,27.3632,10.775
29965.0,1.3301,5.0844,0.4834,4.1321,27.757,10.7801
29970.0,1.3319,5.4297,0.5087,5.6919,26.8253,10.7708
29975.0,1.3308,5.4356,0.4918,5.7822,27.4518,10.7618
29980.0,1.3313,4.8666,0.4926,5.1071,27.1171,10.7734
29985.0,1.3307,4.6037,0.4791,6.1971,27.3413,10.7904
29990.0,1.3305,5.0978,0.4762,5.0998,27.3712,10.8137
29995.0,1.3308,5.1847,0.4822,4.8447,27.3417,10.7848
30000.0,1.3311,5.1982,0.4818,5.1156,27.2785,10.766
30005.0,1.3314,5.016,0.4897,5.2119,27.1275,10.7612
30010.0,1.3302,5.1021,0.4764,4.8872,27.9599,10.7319
30015.0,1.3303,5.0557,0.4753,3.6555,27.8389,10.7419
30020.0,1.3319,5.4245,0.4886,4.9854,27.0664,10.7222
30025.0,1.3307,5.0128,0.478,4.0794,27.7374,10.7212
30030.0,1.3315,4.7752,0.4646,3.7543,27.2268,10.7333
30035.0,1.3314,5.1809,0.4854,5.3037,27.3436,10.7231
30040.0,1.3316,5.4227,0.4775,5.4479,27.2802,10.7136
30045.0,1.332,4.9124,0.4884,4.341,27.1156,10.71
30050.0,1.3311,5.0414,0.511,3.2283,27.511,10.7168
30055.0,1.3315,4.8773,0.4768,5.6449,27.2809,10.7256
30060.0,1.3318,5.3639,0.479,5.5906,27.1146,10.7258
30065.0,1.3322,5.3439,0.493,5.6857,26.8918,10.7319
30070.0,1.3319,5.3923,0.4871,6.4329,26.9787,10.7398
30075.0,1.3326,4.7205,0.4933,4.378,26.7758,10.7159
30080.0,1.3318,5.3837,0.4973,4.0144,27.1732,10.7167
30085.0,1.3324,5.3811,0.4947,4.328,26.8549,10.7169
30090.0,1.332,5.0631,0.4717,5.0534,27.0715,10.7122
30095.0,1.3315,5.327,0.4742,4.4053,27.4642,10.685
30100.0,1.332,5.6792,0.5073,5.5638,27.4052,10.6478
30105.0,1.3328,5.2798,0.4796,5.0266,27.0809,10.6409
30110.0,1.3329,5.1544,0.4929,4.1275,27.0508,10.6341
30115.0,1.3317,5.2899,0.49,6.7984,27.526,10.6505
30120.0,1.3326,5.2283,0.4833,3.2808,27.1696,10.6365
30125.0,1.3332,5.1052,0.4788,5.0389,26.9408,10.6323
30130.0,1.3339,4.9998,0.4807,4.6992,26.6495,10.6337
30135.0,1.3329,5.2871,0.4859,5.3479,27.0877,10.629
30140.0,1.3327,5.1424,0.484,4.2305,27.1797,10.6328
30145.0,1.3334,5.3159,0.4621,3.5299,26.7975,10.6471
30150.0,1.3329,4.7915,0.4909,6.5561,27.0112,10.6416
30155.0,1.3334,5.361,0.4845,6.196,26.8304,10.6406
30160.0,1.3335,5.0798,0.4835,3.6136,26.8582,10.6226
30165.0,1.3348,5.3106,0.4909,5.707,26.265,10.6417
30170.0,1.3334,5.1421,0.4855,4.5271,26.8143,10.6404
30175.0,1.3326,5.9285,0.4743,6.4018,27.0948,10.6524
30180.0,1.3335,5.3508,0.4781,4.5765,26.6772,10.6613
30185.0,1.3332,5.0936,0.4729,4.2068,26.8307,10.6532
30190.0,1.3337,5.3055,0.4888,5.1949,26.6111,10.654
30195.0,1.3329,5.2804,0.4868,5.7708,26.8726,10.6678
30200.0,1.3334,5.6521,0.4711,4.0996,26.7108,10.6611
30205.0,1.334,5.0537,0.4918,5.0281,26.5124,10.6515
30210.0,1.3326,5.217,0.4867,6.1128,27.0626,10.6564
30215.0,1.3333,5.5436,0.4919,6.3833,26.9439,10.6248
30220.0,1.3343,5.4274,0.4789,5.3107,26.5426,10.6247
30225.0,1.3337,5.4664,0.4998,5.4544,26.8004,10.6206
30230.0,1.3336,5.6973,0.4958,5.1002,26.7924,10.626
30235.0,1.3337,5.6264,0.4801,3.8993,26.8006,10.6222
30240.0,1.3357,5.1398,0.4845,5.3281,26.1984,10.5959
30245.0,1.3336,5.0393,0.4798,6.7302,26.8555,10.6138
30250.0,1.3346,4.7891,0.4748,4.2523,26.4433,10.6212
30255.0,1.3346,5.1103,0.5035,6.1131,26.4781,10.6169
30260.0,1.3332,5.5337,0.4857,5.2132,27.2088,10.5861
30265.0,1.3348,4.9996,0.4845,5.2124,26.6065,10.5734
30270.0,1.3354,5.1851,0.4833,4.9771,26.4161,10.569
30275.0,1.3369,5.1945,0.4687,4.4532,25.943,10.5656
30280.0,1.3343,5.3691,0.4794,4.1394,26.8233,10.5705
30285.0,1.3359,5.4013,0.4775,6.1063,26.1211,10.5931
30290.0,1.3358,4.9136,0.493,5.7315,26.188,10.5874
30295.0,1.3355,5.3512,0.4776,6.1788,26.3375,10.5798
30300.0,1.3343,5.1709,0.4814,5.3422,26.7559,10.5833
30305.0,1.3347,4.8839,0.4743,5.1175,26.5765,10.5854
30310.0,1.3353,5.1714,0.479,4.8976,26.325,10.5918
30315.0,1.3354,4.8743,0.482,5.5067,26.4229,10.5665
30320.0,1.3362,5.2334,0.4757,5.0285,26.177,10.5663
30325.0,1.3355,5.2434,0.491,5.5877,26.3432,10.5749
30330.0,1.3354,5.6609,0.4753,5.6371,26.3079,10.5912
30335.0,1.3349,5.1821,0.4818,6.0745,26.5129,10.5836
30340.0,1.3352,4.757,0.4804,5.2955,26.4936,10.5709
30345.0,1.336,5.1588,0.4714,5.0542,26.3564,10.5427
30350.0,1.3368,5.0667,0.5015,4.7968,26.1234,10.5348
30355.0,1.3364,5.3835,0.4862,4.3646,26.3805,10.5122
30360.0,1.3371,4.6707,0.4827,5.2421,26.1531,10.5122
30365.0,1.3381,5.413,0.4886,5.4983,25.8866,10.5052
30370.0,1.3372,5.0955,0.4892,4.1956,26.0373,10.5262
30375.0,1.3368,4.6521,0.4905,5.3197,26.1402,10.531
30380.0,1.3359,5.3477,0.491,7.1611,26.3275,10.5499
30385.0,1.3364,5.1931,0.4762,4.6605,26.035,10.5756
30390.0,1.3371,5.3284,0.4874,4.6513,25.7594,10.5873
30395.0,1.3361,5.6332,0.4763,4.4505,26.0568,10.5943
30400.0,1.3362,5.8929,0.4759,5.008,26.0518,10.5906
30405.0,1.3363,5.2395,0.4933,5.7237,26.0507,10.5804
30410.0,1.3354,5.0111,0.4797,3.682,26.2151,10.6067
30415.0,1.3357,5.5907,0.4849,5.1332,26.2206,10.5878
30420.0,1.337,5.5771,0.4913,5.0163,25.7981,10.5879
30425.0,1.3369,5.044,0.488,4.29,25.7734,10.5994
30430.0,1.3376,4.9496,0.4924,4.4154,25.6481,10.5848
30435.0,1.3362,5.5178,0.4918,4.7593,26.0636,10.5873
30440.0,1.3358,5.6143,0.4985,4.4214,26.2319,10.5771
30445.0,1.3372,5.885,0.469,4.2142,25.7716,10.5829
30450.0,1.3375,4.514,0.478,5.3907,25.7707,10.5638
30455.0,1.3362,5.1412,0.4976,4.7592,26.1785,10.5638
30460.0,1.337,4.6873,0.4872,5.393,25.9189,10.562
30465.0,1.3369,5.5351,0.4831,4.5997,25.8823,10.5778
30470.0,1.3385,5.0579,0.4889,6.3039,25.4562,10.5722
30475.0,1.3374,5.3201,0.4999,4.3864,25.9043,10.5444
30480.0,1.3388,5.3794,0.4659,5.9072,25.483,10.5483
30485.0,1.3397,5.3766,0.482,5.3596,25.4125,10.5144
30490.0,1.3391,5.3754,0.4914,4.6892,25.59,10.5106
30495.0,1.3396,5.2436,0.4885,5.1475,25.5109,10.4981
30500.0,1.3396,5.3755,0.4794,3.1761,25.5826,10.4842
30505.0,1.3409,5.0924,0.4892,5.3834,25.2585,10.4828
30510.0,1.3383,5.0032,0.496,4.8384,25.8391,10.501
30515.0,1.3381,5.7622,0.4907,5.625,25.862,10.5088
30520.0,1.3414,5.4209,0.4849,4.7211,25.074,10.4982
30525.0,1.3388,5.1525,0.4796,3.6753,25.7862,10.4872
30530.0,1.3409,5.4544,0.4775,6.5866,25.3196,10.4692
30535.0,1.3394,5.0247,0.4829,5.7285,25.7173,10.466
30540.0,1.34,5.2906,0.478,4.9151,25.4666,10.4829
30545.0,1.3395,5.4536,0.503,5.3756,25.4717,10.5081
30550.0,1.3398,5.0101,0.4794,5.3346,25.399,10.5078
30555.0,1.3389,4.9438,0.4795,4.8643,25.7291,10.4901
30560.0,1.3412,5.5228,0.4895,5.7141,25.097,10.5022
30565.0,1.3394,4.9464,0.4923,4.4662,25.5397,10.5002
30570.0,1.3388,5.3342,0.4942,4.8854,25.6439,10.513
30575.0,1.3396,5.3146,0.4965,6.019,25.5285,10.4966
30580.0,1.3376,5.5783,0.4864,4.051,25.9114,10.5246
30585.0,1.34,5.3854,0.4918,5.6238,25.1789,10.5423
30590.0,1.339,5.7318,0.4922,5.5643,25.5314,10.5282
30595.0,1.3398,5.5013,0.4828,3.996,25.2465,10.5396
30600.0,1.3382,5.199,0.5005,5.5252,25.5623,10.562
30605.0,1.3396,5.6341,0.4899,4.9163,25.233,10.5551
30610.0,1.3406,5.4941,0.4524,3.2007,25.119,10.53
30615.0,1.3388,4.9814,0.4839,6.0236,25.5235,10.5396
30620.0,1.3405,4.9999,0.4913,5.0082,25.0552,10.5444
30625.0,1.3413,5.5712,0.4679,4.2253,24.806,10.5572
30630.0,1.3408,5.6426,0.4907,3.9999,25.011,10.5402
30635.0,1.339,5.2946,0.486,5.4598,25.2762,10.5755
30640.0,1.338,5.4142,0.4954,5.0857,25.4506,10.5998
30645.0,1.3394,5.2925,0.4837,5.6072,25.1116,10.592
30650.0,1.3379,4.8338,0.4835,4.2874,25.3946,10.6156
30655.0,1.3409,5.5917,0.4753,4.1294,24.7068,10.5997
30660.0,1.3401,5.1465,0.4967,5.9828,24.9169,10.5959
30665.0,1.3397,5.4647,0.4772,5.8944,24.9369,10.6135
30670.0,1.3395,5.1777,0.4934,4.5795,24.9618,10.6201
30675.0,1.3392,5.2121,0.4695,4.5853,24.9929,10.6258
30680.0,1.3386,5.4827,0.4672,5.7603,25.1261,10.6348
30685.0,1.3399,5.7219,0.4861,5.1425,24.8236,10.6271
30690.0,1.3394,5.1237,0.4938,5.2049,24.9512,10.6244
30695.0,1.3393,5.2698,0.479,4.3977,24.8867,10.6442
30700.0,1.3403,5.4872,0.504,6.3178,24.6482,10.6446
30705.0,1.3398,5.2633,0.49,6.2573,24.8329,10.6337
30710.0,1.3399,5.4556,0.4816,3.7817,24.8072,10.6312
30715.0,1.3404,5.2457,0.4896,6.0646,24.7836,10.6085
30720.0,1.3406,4.7915,0.4794,5.2326,24.8146,10.5908
30725.0,1.341,5.2537,0.4967,5.734,24.8075,10.5735
30730.0,1.3416,5.7271,0.4791,4.648,24.6624,10.574
30735.0,1.3398,4.8219,0.4968,5.7588,25.0707,10.5783
30740.0,1.3427,5.0434,0.4929,5.1703,24.4421,10.5719
30745.0,1.3423,4.8579,0.4879,4.8517,24.5363,10.5684
30750.0,1.3389,5.8198,0.4738,4.8627,25.3937,10.5632
30755.0,1.3435,5.1483,0.4775,4.6643,24.4214,10.5375
30760.0,1.3436,5.3605,0.4871,4.4108,24.3247,10.5546
30765.0,1.3413,4.6207,0.5022,5.3206,24.8291,10.5522
30770.0,1.3446,5.8549,0.4907,5.7904,24.1085,10.5599
30775.0,1.3424,5.1847,0.484,4.8572,24.5514,10.5604
30780.0,1.3398,4.7834,0.4805,5.2789,25.1292,10.5676
30785.0,1.3436,5.9435,0.5009,3.774,24.189,10.5852
30790.0,1.3437,5.0905,0.4828,5.4907,24.0624,10.6069
30795.0,1.3435,5.2859,0.5046,7.7124,24.1657,10.5969
30800.0,1.3403,5.3799,0.4975,5.6095,24.7478,10.6193
30805.0,1.3406,5.2667,0.479,5.0872,24.7872,10.5995
30810.0,1.3419,5.3882,0.5002,5.9963,24.3607,10.6235
30815.0,1.3405,5.4782,0.4881,6.1099,24.6426,10.6363
30820.0,1.3403,5.5387,0.4942,6.6782,24.8023,10.6138
30825.0,1.3401,5.3933,0.4768,5.8182,24.8847,10.606
30830.0,1.3424,5.3402,0.4981,5.4771,24.3594,10.604
30835.0,1.3442,5.5924,0.4878,3.4006,23.8288,10.6354
30840.0,1.3422,5.4348,0.4693,6.0243,24.1822,10.6497
30845.0,1.3416,5.7209,0.5037,6.4719,24.264,10.6623
30850.0,1.3417,5.0337,0.4837,3.4963,24.2894,10.6549
30855.0,1.3417,4.5105,0.4991,6.2762,24.2906,10.6516
30860.0,1.3398,5.5723,0.4896,5.2438,24.6008,10.6801
30865.0,1.3398,5.1357,0.4778,3.9237,24.6233,10.6757
30870.0,1.3414,5.5736,0.4898,3.7297,24.2455,10.6753
30875.0,1.3402,5.2501,0.4981,6.2025,24.5468,10.6709
30880.0,1.3411,5.5447,0.4885,6.7736,24.3454,10.6709
30885.0,1.3414,5.1266,0.4852,5.0925,24.2561,10.675
30890.0,1.3411,5.7629,0.4946,4.963,24.4506,10.6495
30895.0,1.342,5.2144,0.4788,5.0115,24.2261,10.6522
30900.0,1.3396,4.8566,0.4859,4.8593,24.7066,10.6664
30905.0,1.3433,5.6366,0.485,5.9262,23.8168,10.6819
30910.0,1.3418,5.9531,0.4973,5.5663,24.0319,10.7045
30915.0,1.341,5.1007,0.4834,4.3712,24.1135,10.7251
30920.0,1.3402,4.7459,0.4788,5.7969,24.2395,10.7402
30925.0,1.3395,5.2388,0.4798,5.5783,24.4311,10.7348
30930.0,1.3407,5.124,0.4903,5.6183,24.0927,10.7471
30935.0,1.3426,5.7254,0.4874,5.2456,23.728,10.7398
30940.0,1.3399,5.3689,0.4651,3.5688,24.279,10.746
30945.0,1.3403,4.9612,0.4787,4.7754,24.242,10.7352
30950.0,1.343,5.3649,0.5019,5.4455,23.5528,10.7601
30955.0,1.3406,5.2603,0.4794,3.7064,24.0224,10.7685
30960.0,1.3429,6.142,0.4747,4.8271,23.6109,10.7534
30965.0,1.3417,5.8856,0.4666,5.537,23.8276,10.7594
30970.0,1.3423,5.1776,0.4828,5.3668,23.7534,10.7483
30975.0,1.3408,5.302,0.4807,5.1353,24.1668,10.7266
30980.0,1.3415,5.4167,0.48,4.5656,23.9792,10.7326
30985.0,1.3432,5.1819,0.49,5.4472,23.6142,10.7358
30990.0,1.3404,5.1595,0.4832,4.8881,24.1413,10.7504
30995.0,1.3427,5.1813,0.5004,5.4862,23.5487,10.775
31000.0,1.3401,5.3352,0.481,4.9849,23.9755,10.8053
31005.0,1.3419,5.0317,0.4829,6.1689,23.6755,10.7848
31010.0,1.3413,5.5354,0.4918,4.6336,23.7736,10.7904
31015.0,1.3406,5.2701,0.4914,5.408,23.9773,10.7795
31020.0,1.3406,5.6953,0.4783,4.8968,23.9678,10.7815
31025.0,1.3398,4.9074,0.4638,3.8441,24.1581,10.7808
31030.0,1.3418,4.9399,0.4751,5.605,23.7897,10.7645
31035.0,1.3414,5.2148,0.4967,4.5013,23.8735,10.7656
31040.0,1.3419,5.6856,0.483,5.8661,23.6741,10.785
31045.0,1.341,5.463,0.4813,4.3951,23.8158,10.7958
31050.0,1.3408,5.2499,0.4856,5.3517,23.867,10.7959
31055.0,1.3419,5.2446,0.5015,4.9584,23.7195,10.7781
31060.0,1.3437,5.6832,0.4846,5.3843,23.2802,10.7926
31065.0,1.3409,4.8062,0.4879,5.2498,23.8011,10.8066
31070.0,1.3405,5.082,0.4881,5.1013,23.7966,10.8281
31075.0,1.3421,5.0305,0.502,5.4401,23.5228,10.814
31080.0,1.3423,5.3077,0.4917,6.8831,23.3592,10.8389
31085.0,1.339,5.877,0.4935,6.1342,24.0368,10.8553
31090.0,1.3399,4.8655,0.4656,5.1831,23.7783,10.8647
31095.0,1.341,4.9827,0.4971,4.9005,23.586,10.8523
31100.0,1.3423,5.1535,0.4747,4.0885,23.3468,10.8459
31105.0,1.342,5.2757,0.496,5.2951,23.4136,10.846
31110.0,1.3393,4.8372,0.4681,5.8767,23.9328,10.8653
31115.0,1.3408,4.9784,0.492,5.8471,23.6297,10.8534
31120.0,1.3413,5.5293,0.4764,4.6374,23.4459,10.8712
31125.0,1.3404,5.1682,0.4562,4.8815,23.6994,10.862
31130.0,1.3418,5.0084,0.4924,4.9017,23.3568,10.8661
31135.0,1.3394,5.1241,0.4906,5.8213,23.9242,10.8629
31140.0,1.3392,5.4092,0.461,4.7204,23.8759,10.8819
31145.0,1.341,5.3124,0.4894,5.1454,23.4099,10.8957
31150.0,1.3411,5.0628,0.4803,4.6042,23.3582,10.9031
31155.0,1.3442,5.8009,0.4759,5.4365,22.8499,10.8807
31160.0,1.3424,5.5019,0.5033,5.0346,23.1232,10.8941
31165.0,1.3422,5.3784,0.5102,5.0824,23.1479,10.8981
31170.0,1.3399,5.3263,0.4723,4.5845,23.5059,10.9348
31175.0,1.3407,5.4572,0.483,5.758,23.38,10.9241
31180.0,1.3424,5.0544,0.4892,4.2191,23.1148,10.9013
31185.0,1.3404,4.9767,0.4778,5.2143,23.3705,10.9394
31190.0,1.3396,5.4457,0.4999,4.2203,23.5569,10.9403
31195.0,1.3395,5.1974,0.4806,4.0531,23.5524,10.9485
31200.0,1.3425,5.1163,0.4787,4.0022,22.9355,10.9383
31205.0,1.3398,5.512,0.4891,5.4132,23.3685,10.9733
31210.0,1.3412,5.346,0.4842,6.0284,23.0449,10.98
31215.0,1.3384,5.192,0.5016,5.0193,23.6065,10.9978
31220.0,1.3386,5.2214,0.4808,2.9448,23.5675,10.9983
31225.0,1.34,5.2232,0.4619,5.0047,23.1375,11.0212
31230.0,1.3401,5.3824,0.4934,3.395,23.1612,11.014
31235.0,1.3394,5.2268,0.4804,6.3065,23.2281,11.0358
31240.0,1.3415,5.621,0.4609,3.2848,22.7711,11.0327
31245.0,1.3387,5.4133,0.4984,5.0286,23.4093,11.0311
31250.0,1.3391,4.8373,0.4969,7.2614,23.2482,11.0458
31255.0,1.3377,4.9267,0.4846,4.5513,23.5502,11.0583
31260.0,1.34,5.3719,0.4881,5.9398,23.0243,11.0546
31265.0,1.34,5.3432,0.4691,5.4013,23.1356,11.0242
31270.0,1.3408,5.366,0.4885,4.1684,22.9053,11.0363
31275.0,1.3404,5.1285,0.4588,4.4404,23.0225,11.0283
31280.0,1.3405,5.1367,0.4942,4.2623,22.9699,11.0355
31285.0,1.3383,5.3984,0.4903,3.8359,23.5062,11.0293
31290.0,1.3402,5.3047,0.4573,4.7851,23.0747,11.0298
31295.0,1.3394,5.5182,0.4998,5.7948,23.2724,11.0246
31300.0,1.3406,4.7272,0.472,5.3211,23.1383,10.9923
31305.0,1.3409,5.627,0.4727,4.7714,22.9085,11.0274
31310.0,1.3396,4.9937,0.4817,3.9167,23.1762,11.0338
31315.0,1.3385,5.4828,0.4904,6.3224,23.3606,11.0533
31320.0,1.3397,5.6328,0.478,5.5191,22.9016,11.0991
31325.0,1.3374,5.5577,0.4947,5.8172,23.3986,11.1173
31330.0,1.339,5.1139,0.4733,3.8592,22.9768,11.1236
31335.0,1.3387,6.0191,0.48,4.9045,23.0614,11.1227
31340.0,1.3377,5.3594,0.5027,5.7374,23.308,11.1231
31345.0,1.3391,5.7467,0.4952,6.1795,23.0027,11.1111
31350.0,1.3385,5.4824,0.4874,4.0557,23.1712,11.1083
31355.0,1.3387,5.433,0.499,6.3328,23.0766,11.115
31360.0,1.3382,4.9066,0.4798,4.777,23.1812,11.1199
31365.0,1.3412,4.8963,0.483,5.0704,22.5473,11.1132
31370.0,1.3405,5.2372,0.476,5.1849,22.6789,11.1166
31375.0,1.338,5.9933,0.4798,5.4129,23.2842,11.1086
31380.0,1.3376,5.0205,0.4743,4.1977,23.3835,11.108
31385.0,1.3396,5.0853,0.4779,4.6521,22.8907,11.1125
31390.0,1.3389,5.454,0.4672,5.3797,23.0515,11.1116
31395.0,1.3383,5.5297,0.4873,5.3128,23.1806,11.1141
31400.0,1.338,4.6139,0.4824,4.8142,23.2746,11.1145
31405.0,1.3412,4.8168,0.4872,5.226,22.589,11.1014
31410.0,1.34,5.4542,0.4926,5.6327,22.869,11.0932
31415.0,1.3395,5.2224,0.4703,4.5689,23.0022,11.0889
31420.0,1.3383,5.2429,0.5034,4.7494,23.256,11.097
31425.0,1.3364,5.5245,0.4848,4.5687,23.6998,11.1094
31430.0,1.339,5.3079,0.4819,5.8827,23.0133,11.1154
31435.0,1.34,5.0641,0.4828,5.8107,22.7138,11.1315
31440.0,1.3382,5.4762,0.4772,4.8191,23.1614,11.128
31445.0,1.3372,5.3584,0.4819,5.3734,23.3865,11.1351
31450.0,1.3385,5.7457,0.4819,4.144,23.0788,11.129
31455.0,1.3397,5.3009,0.4936,5.57,22.8208,11.1225
31460.0,1.3374,4.9393,0.4771,4.7006,23.2827,11.1462
31465.0,1.3375,5.404,0.5038,5.1316,23.205,11.1641
31470.0,1.3393,5.0378,0.4861,5.5525,22.7785,11.1608
31475.0,1.338,4.619,0.4671,4.1329,23.1265,11.1538
31480.0,1.3375,5.3108,0.4855,3.8527,23.2766,11.1473
31485.0,1.3374,5.3176,0.4882,5.4452,23.3191,11.1433
31490.0,1.3391,5.448,0.478,4.1263,23.0034,11.1161
31495.0,1.339,5.1513,0.4827,6.1215,22.927,11.1398
31500.0,1.3374,5.1574,0.5,5.9792,23.3199,11.1377
31505.0,1.34,5.8819,0.5032,4.6948,22.7073,11.1371
31510.0,1.338,5.2658,0.4871,3.6717,23.1163,11.1513
31515.0,1.3403,5.0149,0.4908,6.185,22.6611,11.1316
31520.0,1.3376,5.0506,0.4851,5.248,23.2669,11.1383
31525.0,1.3389,5.2686,0.4826,5.6289,22.9332,11.1432
31530.0,1.3376,5.0121,0.4827,5.1154,23.3121,11.1324
31535.0,1.3384,5.2086,0.4933,6.2711,23.1151,11.1296
31540.0,1.34,5.4163,0.491,5.0927,22.6839,11.1422
31545.0,1.3373,5.3054,0.4952,5.4391,23.3434,11.1409
31550.0,1.3376,5.0931,0.4726,4.7794,23.3727,11.1121
31555.0,1.3385,4.9626,0.4831,4.4532,23.2032,11.0996
31560.0,1.3404,5.3454,0.476,4.97,22.7901,11.0895
31565.0,1.3397,5.3725,0.4899,5.0148,22.9019,11.1047
31570.0,1.339,5.3477,0.4906,5.414,23.0128,11.1156
31575.0,1.3405,4.9692,0.4872,5.4944,22.7986,11.0861
31580.0,1.3381,5.3306,0.4761,2.4904,23.3959,11.0768
31585.0,1.3399,4.6356,0.4833,6.3978,23.0072,11.0631
31590.0,1.3438,5.0249,0.4752,5.1473,22.2937,11.0438
31595.0,1.3402,5.3805,0.4915,5.9388,23.0529,11.0353
31600.0,1.3411,5.5633,0.4808,5.9109,22.8797,11.0258
31605.0,1.3405,5.2361,0.4794,5.7125,22.9467,11.0409
31610.0,1.3408,5.0998,0.4808,2.681,22.8721,11.0467
31615.0,1.3393,5.4115,0.481,6.1399,23.1649,11.0543
31620.0,1.3389,6.0628,0.4691,3.3295,23.2421,11.0591
31625.0,1.3403,5.5861,0.478,4.8814,23.032,11.0327
31630.0,1.3408,4.983,0.4933,4.7996,22.8756,11.0431
31635.0,1.3404,5.3772,0.4811,6.0489,22.9494,11.0479
31640.0,1.34,5.2186,0.5038,5.3634,22.964,11.0665
31645.0,1.3405,5.0804,0.5054,3.9754,22.758,11.0926
31650.0,1.3391,5.0553,0.4776,4.1904,23.1029,11.085
31655.0,1.3391,4.7497,0.4747,7.1984,23.0728,11.0953
31660.0,1.3381,5.2205,0.4766,5.3585,23.3426,11.0901
31665.0,1.3383,5.5219,0.4634,5.0143,23.2712,11.0905
31670.0,1.3401,6.0498,0.4769,4.1429,22.7858,11.1095
31675.0,1.3382,4.7448,0.4851,5.8471,23.1623,11.1263
31680.0,1.3403,5.6423,0.4901,4.5188,22.7196,11.1145
31685.0,1.3386,5.2257,0.4776,5.3599,23.1315,11.1083
31690.0,1.34,5.5283,0.4738,3.4359,22.8286,11.1059
31695.0,1.3407,5.1891,0.4877,5.249,22.7023,11.0984
31700.0,1.3393,5.1543,0.4768,4.7653,23.0286,11.0937
31705.0,1.3432,5.3362,0.4754,3.0886,22.2904,11.0748
31710.0,1.342,5.1235,0.4827,5.5661,22.5219,11.0739
31715.0,1.34,5.358,0.4801,4.3362,22.916,11.0782
31720.0,1.34,5.4169,0.4922,4.9492,22.9817,11.0645
31725.0,1.3408,5.809,0.4799,4.2071,22.8696,11.046
31730.0,1.3426,5.5398,0.4877,4.9988,22.568,11.0295
31735.0,1.3411,5.1023,0.4901,5.7476,22.7594,11.0572
31740.0,1.3398,5.4312,0.4916,5.8143,23.0627,11.0531
31745.0,1.3394,5.4348,0.5014,5.1323,23.1115,11.0665
31750.0,1.34,5.6874,0.4822,4.7335,22.9633,11.0662
31755.0,1.3386,5.1825,0.4965,5.8487,23.2578,11.0763
31760.0,1.3392,5.1745,0.4862,4.1186,23.0694,11.0857
31765.0,1.3407,5.0217,0.4799,4.6351,22.7846,11.0787
31770.0,1.34,5.7247,0.4778,4.7737,22.9029,11.0856
31775.0,1.3412,5.0332,0.4826,4.387,22.6239,11.0919
31780.0,1.34,5.4728,0.5034,5.3756,22.9493,11.0712
31785.0,1.3386,5.2628,0.4823,4.7086,23.2561,11.0789
31790.0,1.3392,5.4651,0.4823,5.3716,23.1512,11.0669
31795.0,1.3383,5.2328,0.4694,4.1913,23.3323,11.0731
31800.0,1.3401,5.6705,0.503,6.0509,22.9081,11.0778
31805.0,1.3385,4.6899,0.4765,4.5534,23.3223,11.067
31810.0,1.3398,5.2184,0.4782,4.5838,22.9396,11.0827
31815.0,1.3381,5.7931,0.4745,4.7389,23.358,11.0827
31820.0,1.3395,5.3645,0.4689,3.9768,22.9869,11.0932
31825.0,1.3382,5.2568,0.4821,5.5712,23.1715,11.1228
31830.0,1.3376,5.6177,0.4993,5.1749,23.3658,11.1157
31835.0,1.3393,5.0169,0.4839,4.839,22.9511,11.1166
31840.0,1.3388,5.4926,0.4912,4.9582,23.0566,11.1185
31845.0,1.3375,5.307,0.4717,5.4362,23.3267,11.1318
31850.0,1.339,5.5456,0.492,6.2496,22.9739,11.1282
31855.0,1.3401,5.655,0.5023,4.6374,22.6796,11.1372
31860.0,1.3365,5.5412,0.4908,4.8888,23.5483,11.1406
31865.0,1.339,5.3622,0.4814,5.1048,22.8979,11.1471
31870.0,1.3384,5.2698,0.4854,5.5376,23.0579,11.1436
31875.0,1.3374,5.2957,0.5037,5.5155,23.3102,11.145
31880.0,1.3393,5.4336,0.4953,3.1667,22.872,11.1378
31885.0,1.3393,4.5786,0.477,4.4215,22.7752,11.1614
31890.0,1.3382,5.2698,0.479,5.1801,23.0937,11.1471
31895.0,1.3407,5.5301,0.4692,4.24,22.5852,11.1294
31900.0,1.3388,5.3667,0.4851,4.713,22.9646,11.1396
31905.0,1.3385,5.2435,0.5041,4.6658,23.1011,11.1227
31910.0,1.3392,5.626,0.4776,4.3071,22.9757,11.1152
31915.0,1.3401,5.3046,0.488,6.3249,22.6607,11.1423
31920.0,1.3368,5.3863,0.4872,5.2564,23.4485,11.1493
31925.0,1.3382,5.3229,0.4742,5.2408,23.0793,11.1489
31930.0,1.337,5.4508,0.4706,3.9831,23.4147,11.1437
31935.0,1.3388,5.4656,0.4701,3.9504,22.9954,11.134
31940.0,1.3393,5.1941,0.4785,5.1591,22.844,11.142
31945.0,1.3386,5.0709,0.4877,3.6891,23.135,11.1098
31950.0,1.3386,5.7443,0.4994,5.684,23.0174,11.1359
31955.0,1.3392,4.8714,0.4736,5.4862,22.7807,11.1664
31960.0,1.3364,5.7452,0.4856,5.0703,23.4463,11.1807
31965.0,1.3382,5.4538,0.4952,5.8419,22.9271,11.1907
31970.0,1.3392,5.2012,0.4899,7.1228,22.6265,11.2056
31975.0,1.3362,5.1592,0.4993,5.2059,23.4225,11.1973
31980.0,1.3378,5.1703,0.4865,3.5132,22.9683,11.204
31985.0,1.3381,5.2413,0.4802,5.0394,22.9464,11.1905
31990.0,1.3394,4.8776,0.4842,4.729,22.6611,11.1897
31995.0,1.336,4.8947,0.494,6.2861,23.5417,11.1847
32000.0,1.3394,5.3074,0.4865,5.3588,22.7882,11.1542
32005.0,1.3381,5.3231,0.4681,4.2735,23.1293,11.1424
32010.0,1.3376,4.7921,0.4957,5.194,23.347,11.1206
32015.0,1.3382,4.8459,0.4916,5.048,23.2285,11.11
32020.0,1.3388,5.6608,0.4991,5.3321,23.1124,11.1034
32025.0,1.3409,5.3781,0.4707,4.6832,22.7061,11.087
32030.0,1.3399,4.9512,0.4816,3.5509,22.9334,11.08
32035.0,1.3392,5.6155,0.5048,5.573,23.1871,11.0617
32040.0,1.3399,5.5539,0.4777,5.4656,22.9477,11.0758
32045.0,1.3385,5.5881,0.4808,5.075,23.1997,11.0951
32050.0,1.3381,4.6008,0.472,5.4494,23.3237,11.0932
32055.0,1.3378,5.873,0.4944,4.3884,23.3983,11.092
32060.0,1.3408,5.2527,0.4674,4.2485,22.8556,11.0559
32065.0,1.3368,5.3092,0.4847,6.1267,23.7158,11.076
32070.0,1.3383,5.3205,0.4629,4.7824,23.363,11.0672
32075.0,1.3389,4.9316,0.4729,4.7565,23.1753,11.0816
32080.0,1.3378,5.9252,0.47,3.3564,23.4526,11.0814
32085.0,1.3363,5.1296,0.4825,5.4436,23.7762,11.1003
32090.0,1.34,4.8488,0.4866,5.9448,22.8297,11.1044
32095.0,1.3388,5.6047,0.4693,3.2789,23.1377,11.0961
32100.0,1.341,5.1454,0.4845,4.5667,22.6041,11.1058
32105.0,1.338,5.4307,0.4789,4.5702,23.2515,11.1151
32110.0,1.3377,4.9336,0.4681,5.2055,23.2993,11.1213
32115.0,1.3381,5.3614,0.5023,4.7548,23.2029,11.1217
32120.0,1.3389,5.3605,0.4827,4.4555,23.0537,11.1094
32125.0,1.34,5.5899,0.4904,5.0399,22.7097,11.1344
32130.0,1.3373,5.6869,0.4712,5.2065,23.3202,11.1462
32135.0,1.3363,5.424,0.4859,4.3782,23.5954,11.1456
32140.0,1.3387,5.3166,0.4918,5.856,23.0885,11.1152
32145.0,1.3379,5.0293,0.4774,2.821,23.3511,11.0998
32150.0,1.3398,5.304,0.4984,5.8112,22.8538,11.1088
32155.0,1.3374,5.0434,0.4859,5.3395,23.3649,11.1245
32160.0,1.3382,5.8515,0.4867,5.0899,23.1571,11.1299
32165.0,1.3391,5.1601,0.4717,4.2976,23.0696,11.095
32170.0,1.3395,5.4257,0.4783,5.3584,23.0749,11.0712
32175.0,1.3388,5.1272,0.46,4.4632,23.1714,11.0849
32180.0,1.3381,5.0071,0.493,4.5744,23.3702,11.0829
32185.0,1.34,5.1278,0.4856,4.4088,22.9514,11.071
32190.0,1.3391,5.3042,0.4731,3.3518,23.185,11.0633
32195.0,1.3385,5.5291,0.5005,5.4034,23.2787,11.0756
32200.0,1.3395,5.1456,0.4755,4.1183,23.0192,11.0834
32205.0,1.3366,5.5416,0.45,4.5632,23.7479,11.0859
32210.0,1.3389,4.8638,0.4884,5.3518,23.0902,11.1035
32215.0,1.3386,4.8251,0.4871,5.7501,23.141,11.1091
32220.0,1.3386,5.2589,0.4666,3.5818,23.0686,11.1251
32225.0,1.3361,5.5348,0.4904,4.7919,23.7677,11.1169
32230.0,1.3369,5.6034,0.4711,5.136,23.4611,11.1361
32235.0,1.338,5.0684,0.4795,5.7438,23.0935,11.1591
32240.0,1.336,5.0874,0.4794,4.6546,23.609,11.1623
32245.0,1.337,5.2816,0.475,5.4218,23.3875,11.1535
32250.0,1.3368,5.3973,0.4832,4.3074,23.4064,11.1614
32255.0,1.337,5.6884,0.4877,5.3814,23.2607,11.1835
32260.0,1.3376,5.6375,0.484,6.1394,23.1643,11.1699
32265.0,1.3367,5.2409,0.4568,4.3507,23.4409,11.1614
32270.0,1.3371,5.3382,0.491,4.6779,23.2249,11.1863
32275.0,1.3354,4.7865,0.4801,4.7221,23.8201,11.1622
32280.0,1.3382,5.1625,0.4669,4.5776,23.0534,11.1576
32285.0,1.3354,5.1987,0.4839,4.6849,23.7594,11.1715
32290.0,1.3364,4.4872,0.4892,5.2593,23.3523,11.2016
32295.0,1.3361,5.2015,0.4876,5.1746,23.4596,11.1972
32300.0,1.3354,5.4957,0.4862,4.7599,23.5978,11.2113
32305.0,1.3368,4.8173,0.4894,4.8396,23.2366,11.202
32310.0,1.3356,5.3902,0.4846,3.9871,23.6149,11.1981
32315.0,1.3389,5.495,0.4947,5.5142,22.7266,11.1971
32320.0,1.337,5.9536,0.4917,4.5871,23.2281,11.1909
32325.0,1.3373,4.8858,0.4953,6.0339,23.1817,11.1866
32330.0,1.3378,5.5318,0.481,4.9815,23.1039,11.1681
32335.0,1.3364,5.5569,0.5045,5.4923,23.3681,11.2003
32340.0,1.3359,5.5796,0.4956,5.3378,23.5229,11.1991
32345.0,1.3359,5.7177,0.4827,5.6146,23.6066,11.1745
32350.0,1.3361,4.9844,0.4806,5.1513,23.4957,11.1858
32355.0,1.3369,4.9816,0.5042,6.2447,23.2735,11.186
32360.0,1.3358,4.8442,0.4757,4.4881,23.5366,11.1997
32365.0,1.3363,4.9992,0.4966,4.6888,23.4799,11.179
32370.0,1.3355,4.8541,0.4864,5.854,23.6873,11.1832
32375.0,1.3354,5.6429,0.4681,5.284,23.6519,11.2019
32380.0,1.3357,5.5497,0.4898,5.1827,23.4696,11.2264
32385.0,1.3367,5.4056,0.4782,4.969,23.242,11.2141
32390.0,1.3363,5.4376,0.4816,5.1661,23.3074,11.219
32395.0,1.3364,5.3743,0.4865,3.7818,23.3375,11.2072
32400.0,1.3361,5.7022,0.4806,4.2709,23.4004,11.2117
32405.0,1.3354,5.35,0.4841,4.7928,23.5504,11.2246
32410.0,1.3349,5.6396,0.4797,5.4458,23.6664,11.2365
32415.0,1.3355,5.2537,0.4944,4.2018,23.479,11.2418
32420.0,1.3357,5.4817,0.487,5.3654,23.4999,11.2218
32425.0,1.3349,5.2196,0.4785,5.2047,23.5358,11.2692
32430.0,1.3355,5.4955,0.4983,5.5139,23.3751,11.2674
32435.0,1.3359,4.9579,0.4996,5.6399,23.2768,11.2643
32440.0,1.3364,5.1254,0.4793,4.5213,23.0733,11.2751
32445.0,1.3353,5.4699,0.4866,5.7877,23.3423,11.2937
32450.0,1.334,5.2853,0.4704,3.3566,23.6383,11.3231
32455.0,1.335,5.4904,0.4836,4.4009,23.3482,11.3185
32460.0,1.3346,5.4665,0.4778,4.1833,23.4683,11.3172
32465.0,1.3341,5.7154,0.4931,5.4014,23.6482,11.3143
32470.0,1.3335,5.206,0.5064,4.084,23.6656,11.3572
32475.0,1.3344,5.6281,0.4763,3.7299,23.2693,11.386
32480.0,1.3329,5.1466,0.4814,4.8089,23.7922,11.3918
32485.0,1.333,5.5589,0.4887,5.5289,23.8284,11.3642
32490.0,1.3345,5.0195,0.4703,4.8219,23.2678,11.3774
32495.0,1.3342,5.3513,0.4939,5.9085,23.3479,11.387
32500.0,1.3327,5.0453,0.4927,4.1668,23.8552,11.3897
32505.0,1.3335,5.4346,0.4728,4.1072,23.5242,11.4016
32510.0,1.3349,5.1587,0.4956,3.7904,23.0095,11.4176
32515.0,1.3343,5.042,0.5032,5.6486,23.2179,11.4105
32520.0,1.3335,5.1908,0.4801,5.3197,23.5089,11.4072
32525.0,1.334,4.5124,0.4755,4.7063,23.2839,11.4218
32530.0,1.3345,5.0092,0.4812,5.4965,23.4746,11.3255
32535.0,1.3345,5.0371,0.474,4.8192,23.5893,11.2937
32540.0,1.3338,5.2097,0.4884,4.6517,23.95,11.2616
32545.0,1.3355,5.5681,0.4794,4.0279,23.515,11.2283
32550.0,1.3342,4.791,0.5005,6.5654,23.8589,11.2471
32555.0,1.3344,4.3624,0.4663,4.5892,23.9511,11.2099
32560.0,1.3346,5.2884,0.4868,5.4843,23.9555,11.1869
32565.0,1.3353,5.1397,0.4887,5.8024,23.6712,11.2039
32570.0,1.3377,4.9284,0.5013,5.5163,23.1121,11.1747
32575.0,1.3362,4.5896,0.4817,5.8348,23.7211,11.1263
32580.0,1.3364,5.0759,0.4768,4.6633,23.8708,11.0721
32585.0,1.3383,4.4059,0.4858,3.4886,23.5913,11.0146
32590.0,1.3375,4.7648,0.4867,5.8164,24.0505,10.9524
32595.0,1.3387,5.5516,0.4826,4.8791,23.8321,10.9284
32600.0,1.3409,4.9261,0.4976,4.5214,23.7618,10.8222
32605.0,1.3423,5.2237,0.4909,3.8243,23.894,10.7218
32610.0,1.3444,5.3924,0.4865,4.7102,23.7084,10.6631
32615.0,1.3495,5.6841,0.4913,4.7632,23.0043,10.6213
32620.0,1.3471,4.9443,0.4804,4.8661,23.5053,10.5938
32625.0,1.3469,5.2643,0.4934,4.5735,23.9318,10.5077
32630.0,1.352,5.2416,0.4893,5.6374,23.433,10.4335
32635.0,1.3538,5.3858,0.5041,5.3797,23.5814,10.3453
32640.0,1.3582,5.8131,0.4834,5.2152,23.3783,10.2622
32645.0,1.3558,6.3402,0.4826,4.8692,24.0877,10.178
32650.0,1.3575,5.8187,0.4949,6.4982,24.0643,10.1347
32655.0,1.3662,5.8524,0.4953,4.4745,23.4251,10.0553
32660.0,1.3665,5.5775,0.4967,6.2133,23.685,9.9946
32665.0,1.3706,6.2088,0.4813,6.4633,23.4801,9.9486
32670.0,1.3735,5.214,0.4628,5.372,23.806,9.8333
32675.0,1.3807,5.916,0.4818,5.651,23.7816,9.7122
32680.0,1.384,5.771,0.4792,4.1508,23.859,9.6429
32685.0,1.3905,5.9275,0.4891,4.9479,23.7409,9.5686
32690.0,1.3913,5.6146,0.5007,4.9181,24.3935,9.4488
32695.0,1.417,6.9613,0.47,6.0667,23.4044,9.3103
32700.0,1.429,6.6415,0.4673,4.921,23.2354,9.217
32705.0,1.437,7.1739,0.4793,7.2712,23.5664,9.0943
32710.0,1.4539,7.0809,0.5036,5.5711,23.2743,8.9997
32715.0,1.4718,6.9639,0.5032,5.4607,23.2947,8.8692
32720.0,1.4894,7.4731,0.4865,7.0323,23.4189,8.7385
32725.0,1.5152,8.705,0.4901,6.5786,23.4401,8.5893
32730.0,1.5351,9.1258,0.4755,7.4861,23.4334,8.4861
32735.0,1.5602,8.9075,0.4952,8.2486,23.8029,8.3301
32740.0,1.6037,9.4476,0.5008,8.8394,23.548,8.1826
32745.0,1.642,10.229,0.4886,9.5139,23.6309,8.0391
32750.0,1.6887,11.4859,0.5051,10.3975,23.9005,7.8717
32755.0,1.7375,12.2128,0.5114,11.6187,23.4864,7.7692
32760.0,1.7955,13.2781,0.5135,12.6488,23.6129,7.6202
32765.0,1.8252,13.7054,0.5282,14.2969,23.7715,7.5407
32770.0,1.9237,15.8107,0.5239,16.4385,23.1956,7.3823
32775.0,1.995,16.167,0.5464,18.2514,23.0856,7.2594
32780.0,2.0789,18.5566,0.5348,21.7369,23.7692,7.0998
32785.0,2.2083,20.7215,0.5591,25.5165,23.8064,6.9312
32790.0,2.3359,22.9206,0.5802,29.6386,24.2002,6.7949
32795.0,2.473,24.8383,0.6176,36.78,23.7243,6.6858
32800.0,2.5985,27.3944,0.631,40.7975,23.8903,6.5992
32805.0,2.6728,28.3812,0.64,44.3225,23.6371,6.5716
32810.0,2.8828,32.6203,0.7093,55.2949,23.7608,6.4213
32815.0,3.1222,36.34,0.7595,66.8637,24.1037,6.2481
32820.0,3.2488,38.7152,0.8043,73.4466,23.1563,6.1509
32825.0,3.3719,40.2117,0.8417,81.2624,23.791,6.1031
32830.0,3.5369,44.3093,0.8879,88.3295,24.2218,5.9579
32835.0,3.6355,45.3492,0.9489,96.595,23.7586,5.8269
32840.0,3.6953,46.5017,0.9574,98.0349,24.101,5.8033
32845.0,3.7154,46.959,0.9502,98.817,23.5311,5.69
32850.0,3.735,47.87,0.9566,100.2716,23.6805,5.6174
32855.0,3.7441,47.479,0.9715,101.2078,23.6969,5.575
32860.0,3.7469,47.6663,0.9884,101.696,23.1341,5.5046
32865.0,3.7746,48.0744,1.0084,102.6941,23.3964,5.3792
32870.0,3.788,48.4056,1.0104,104.3105,23.4141,5.2913
32875.0,3.8006,48.5894,1.0075,104.8055,23.8936,5.2504
32880.0,3.8101,48.5624,1.0032,104.8505,23.9059,5.1745
32885.0,3.8136,48.3413,0.9988,104.7394,23.7685,5.1253
32890.0,3.8222,49.1166,1.0024,106.2772,23.8932,5.0568
32895.0,3.8285,48.9508,1.0179,105.2556,23.6458,4.956
32900.0,3.8411,49.1803,1.0394,106.7017,23.9868,4.836
32905.0,3.8422,48.6474,1.0048,106.6188,23.688,4.775
32910.0,3.8475,49.2939,1.0021,106.5034,23.6998,4.6892
32915.0,3.8522,49.1008,1.0306,109.3145,23.6183,4.5902
32920.0,3.8596,49.4091,1.0251,107.7222,23.8551,4.4577
32925.0,3.8622,49.643,1.0145,107.6135,23.578,4.3409
32930.0,3.868,48.641,1.0397,108.1964,23.9267,4.2081
32935.0,3.8698,49.7248,1.0365,109.0875,23.3987,4.0382
32940.0,3.8708,50.1565,1.032,109.4253,23.4062,3.9923
32945.0,3.8744,49.8864,1.0309,109.8141,23.8519,3.8807
32950.0,3.8761,49.547,1.0277,108.5303,23.6569,3.7325
32955.0,3.8763,49.0198,1.0282,108.3547,23.5646,3.6926
32960.0,3.8784,49.6341,1.0298,110.176,23.8995,3.5803
32965.0,3.8786,49.9773,1.0235,108.9282,23.5241,3.4799
32970.0,3.8793,50.0213,1.0312,108.5689,23.6247,3.4252
32975.0,3.8808,49.8188,1.0423,109.1905,24.0234,3.307
32980.0,3.8815,49.9799,1.0174,107.7738,24.0571,3.2061
32985.0,3.8818,49.5476,1.0601,110.2995,24.0641,3.135
32990.0,3.8816,50.1957,1.0397,109.4352,23.5992,3.0654
32995.0,3.8825,50.1634,1.0535,110.6274,23.976,2.9569
33000.0,3.8825,49.7338,1.0399,109.4843,23.4297,2.8181
33005.0,3.8827,49.8713,1.0355,108.769,23.4387,2.7713
33010.0,3.8823,49.2585,1.0653,110.7186,23.0763,2.7807
33015.0,3.8835,49.7739,1.0255,108.9136,24.0806,2.6664
33020.0,3.8834,49.9249,1.0529,110.1161,23.4448,2.5286
33025.0,3.8838,50.1475,1.0498,109.0491,23.6275,2.4151
33030.0,3.8838,50.0242,1.0144,108.3371,23.4298,2.341
33035.0,3.884,50.3007,1.0518,108.7887,23.8295,2.2926
33040.0,3.8841,50.0429,1.0626,109.275,23.56,2.1727
33045.0,3.8842,49.8634,1.0597,109.9121,23.3259,2.0481
33050.0,3.8844,49.6453,1.0569,110.7645,23.7606,1.9825
33055.0,3.8843,49.8423,1.0525,111.4744,23.2899,1.8853
33060.0,3.8844,49.8976,1.0408,110.2175,23.437,1.8368
33065.0,3.8844,50.0925,1.0283,109.4537,23.1177,1.7197
33070.0,3.8845,50.6599,1.0485,110.0287,23.2864,1.6881
33075.0,3.8847,49.9303,1.0415,108.0497,23.685,1.5632
33080.0,3.8846,49.7346,1.0586,111.2917,23.1471,1.4892
33085.0,3.8847,49.6494,1.0231,109.608,23.2658,1.3429
33090.0,3.8848,50.006,1.029,110.4396,23.6333,1.2572
33095.0,3.8848,49.8588,1.05,111.5997,23.4958,1.1537
33100.0,3.8849,49.6482,1.0455,109.9166,24.1275,1.0995
33105.0,3.8849,49.636,1.0377,109.5253,24.0856,1.0161
33110.0,3.8848,50.0025,1.0551,109.9219,23.4079,0.9397
33115.0,3.8849,50.3069,1.0332,112.0266,23.7618,0.8656
33120.0,3.8849,50.1118,1.0419,110.0288,23.8074,0.7921
33125.0,3.8849,49.2944,1.0574,109.6634,23.4683,0.6928
33130.0,3.8849,50.3782,1.049,110.0212,23.2413,0.6573
33135.0,3.8849,49.7809,1.0509,110.6887,23.6096,0.5735
33140.0,3.8849,49.8085,1.032,110.9093,23.567,0.4596
33145.0,3.8849,50.6315,1.0495,110.2635,23.4987,0.4218
33150.0,3.885,50.2688,1.0487,111.5471,23.7156,0.2729
33155.0,3.8849,50.2095,1.0365,110.2171,23.4147,0.202
33160.0,3.8849,50.0194,1.0342,109.0289,23.3118,0.1652
33165.0,3.885,50.2493,1.0402,109.5871,23.6244,0.0757
33170.0,3.885,49.1924,1.0562,109.4721,23.6909,0.001
33175.0,3.885,50.0424,1.0423,109.7829,23.2975,0.0
33180.0,3.885,49.6818,1.0501,110.3497,23.8209,0.0
33185.0,3.885,49.8592,1.0539,109.1448,23.1435,0.0
33190.0,3.885,49.7877,1.0578,110.5423,23.4388,0.0
33195.0,3.885,50.23,1.0606,111.5857,23.5159,0.0
33200.0,3.885,50.1666,1.0367,109.6104,23.4185,0.0
33205.0,3.885,50.1163,1.0386,110.0435,23.4334,0.0
33210.0,3.885,49.7232,1.0256,109.6461,24.0395,0.0
33215.0,3.885,50.219,1.0468,110.6754,23.3561,0.0
33220.0,3.885,50.0763,1.0359,110.5126,24.1762,0.0
33225.0,3.885,49.773,1.0332,110.2234,23.6722,0.0
33230.0,3.885,49.8972,1.0349,109.4584,23.5829,0.0
33235.0,3.885,50.1205,1.0009,107.9689,23.6759,0.0
33240.0,3.885,50.1061,1.0503,109.937,24.1863,0.0
33245.0,3.885,49.7666,1.0306,108.561,23.3023,0.0
33250.0,3.885,49.748,1.0521,110.6638,23.2676,0.0
33255.0,3.885,50.202,1.0547,110.5618,23.3558,0.0
33260.0,3.885,50.1823,1.0385,109.2732,23.5495,0.0
33265.0,3.885,49.7222,1.0179,108.6492,23.1069,0.0
33270.0,3.885,50.5231,1.0554,111.9257,23.5407,0.0
33275.0,3.885,50.0896,1.0539,111.4928,23.9554,0.0
33280.0,3.885,49.8914,1.0553,109.9662,23.5667,0.0
33285.0,3.885,49.6616,1.0337,109.6618,23.4524,0.0
33290.0,3.885,50.4327,1.0342,110.2499,23.3679,0.0
33295.0,3.885,50.0831,1.0497,110.1887,23.7438,0.0
33300.0,3.885,49.7938,1.0319,109.2633,23.3095,0.0
33305.0,3.885,50.247,1.0359,110.2712,23.9743,0.0
33310.0,3.885,49.8083,1.0186,108.6317,23.9928,0.0
33315.0,3.885,50.3951,1.048,109.4546,23.5704,0.0
33320.0,3.885,50.5084,1.0315,109.5806,23.5001,0.0
33325.0,3.885,49.7493,1.0478,108.7117,23.7573,0.0
33330.0,3.885,50.4252,1.0513,112.181,23.7701,0.0
33335.0,3.885,50.1701,1.0412,109.4598,23.2916,0.0
33340.0,3.885,49.7291,1.0424,110.2604,23.3582,0.0
33345.0,3.885,49.9961,1.0611,110.5663,23.1559,0.0
33350.0,3.885,50.0778,1.0439,109.8543,23.5855,0.0
33355.0,3.885,49.6454,1.0485,110.1851,23.6466,0.0
33360.0,3.885,49.2879,1.02,109.7473,23.1391,0.0
33365.0,3.885,49.1826,1.0327,109.3473,23.3595,0.0
33370.0,3.885,50.8035,1.0355,109.7327,23.1331,0.0
33375.0,3.885,50.4093,1.0683,111.1259,23.242,0.0
33380.0,3.885,49.9598,1.021,108.4731,23.6011,0.0
33385.0,3.885,50.1255,1.0353,108.6424,23.2767,0.0
33390.0,3.885,49.8549,1.0375,110.1257,23.3815,0.0
33395.0,3.885,50.1109,1.0584,110.3791,23.0466,0.0
33400.0,3.885,50.2503,1.0447,110.0182,23.4969,0.0
33405.0,3.885,50.1049,1.0531,110.3393,23.4358,0.0
33410.0,3.885,50.1734,1.038,110.6688,23.2613,0.0
33415.0,3.885,50.384,1.0513,109.8583,23.393,0.0
33420.0,3.885,49.2328,1.04,109.6521,23.482,0.0
33425.0,3.885,49.8054,1.0535,110.9401,23.23,0.0
33430.0,3.885,50.2073,1.0421,110.8498,23.0614,0.0
33435.0,3.885,49.9224,1.0422,109.8921,23.8786,0.0
33440.0,3.885,49.9604,1.0355,109.7804,23.2656,0.0
33445.0,3.885,49.7545,1.0263,109.4038,23.3965,0.0
33450.0,3.885,49.9171,1.0387,110.5122,23.6702,0.0
33455.0,3.885,50.5003,1.0146,108.9567,24.2965,0.0
33460.0,3.885,50.0521,1.0534,109.6114,23.1,0.0
33465.0,3.885,50.2664,1.0667,111.7078,23.5204,0.0
33470.0,3.885,50.0679,1.0586,110.4382,23.2279,0.0
33475.0,3.885,50.0099,1.0469,110.6872,23.2669,0.0
33480.0,3.885,50.2741,1.0198,108.7038,23.2184,0.0
33485.0,3.885,50.1157,1.0523,110.948,23.1139,0.0
33490.0,3.885,49.5837,1.0596,111.925,23.3819,0.0
33495.0,3.885,50.5197,1.0438,109.9138,23.0205,0.0
33500.0,3.885,49.8478,1.0417,110.1075,23.6228,0.0
33505.0,3.885,50.31,1.0331,109.8372,23.3968,0.0
33510.0,3.885,50.2871,1.0414,108.9073,23.4857,0.0
33515.0,3.885,50.715,1.0434,111.2378,23.2605,0.0
33520.0,3.885,49.9454,1.0196,109.3953,23.2823,0.0
33525.0,3.885,50.1835,1.0455,109.8362,23.443,0.0
33530.0,3.885,49.9595,1.0419,110.3838,23.0772,0.0
33535.0,3.885,49.8685,1.0393,110.3875,23.2758,0.0
33540.0,3.885,50.2197,1.0284,110.5044,23.1475,0.0
33545.0,3.885,50.4314,1.0252,109.0702,23.1369,0.0
33550.0,3.8849,49.7044,1.019,109.2807,22.8293,0.0
33555.0,3.885,49.7974,1.0127,109.457,23.6888,0.0
33560.0,3.885,50.2417,1.0296,109.3918,23.1796,0.0
33565.0,3.885,49.8525,1.0426,109.9641,23.6393,0.0
33570.0,3.885,50.0878,1.0202,109.9232,23.613,0.0
33575.0,3.885,50.2654,1.032,109.9638,23.0216,0.0
33580.0,3.885,50.3915,1.049,110.6728,23.0684,0.0
33585.0,3.885,50.06,1.0593,110.2467,23.978,0.0
33590.0,3.885,49.8517,1.0399,108.3777,23.773,0.0
33595.0,3.885,50.2976,1.0305,110.1683,23.3249,0.0
33600.0,3.885,49.8461,1.0437,110.2962,23.3946,0.0
33605.0,3.885,50.2582,1.0421,109.4361,23.1701,0.0
33610.0,3.885,49.5437,1.0477,111.924,23.4335,0.0
33615.0,3.885,49.6404,1.0479,110.3824,23.1437,0.0
33620.0,3.8849,50.0872,1.0527,110.3389,22.8125,0.0
33625.0,3.885,50.2651,1.0634,110.3179,22.9879,0.0
33630.0,3.885,49.9895,1.0388,109.8814,23.3213,0.0
33635.0,3.885,49.5146,1.0496,111.0276,23.0311,0.0
33640.0,3.885,49.9606,1.0354,109.3495,23.2948,0.0
33645.0,3.885,49.9349,1.0519,110.8328,23.0408,0.0
33650.0,3.885,50.1044,1.0334,109.9327,23.1118,0.0
33655.0,3.885,50.2964,1.0226,109.7965,23.5186,0.0
33660.0,3.885,50.4945,1.0357,110.3263,23.3652,0.0
33665.0,3.885,50.1711,1.0473,109.6739,23.2989,0.0
33670.0,3.885,49.8663,1.0281,109.0599,23.5191,0.0
33675.0,3.885,50.2855,1.0428,110.1641,23.4177,0.0
33680.0,3.885,49.669,1.0273,109.6728,23.6573,0.0
33685.0,3.885,50.4456,1.0411,110.8037,23.179,0.0
33690.0,3.885,50.5305,1.0482,109.6616,23.1848,0.0
33695.0,3.8849,49.881,1.0592,111.17,22.9652,0.0
33700.0,3.885,50.003,1.043,110.241,23.1816,0.0
33705.0,3.885,50.2003,1.0488,110.799,23.5285,0.0
33710.0,3.885,49.9183,1.0244,109.1065,23.6108,0.0
33715.0,3.885,49.9799,1.0394,108.7893,23.5244,0.0
33720.0,3.8849,50.6881,1.0449,110.099,22.8343,0.0
33725.0,3.885,50.0472,1.05,110.5636,23.5523,0.0
33730.0,3.8849,49.9731,1.0291,108.9961,22.8205,0.0
33735.0,3.885,49.4341,1.0532,110.3148,23.5034,0.0
33740.0,3.885,49.6103,1.0569,110.1037,23.1858,0.0
33745.0,3.885,50.1217,1.0382,109.097,23.4522,0.0
33750.0,3.8849,49.4447,1.0198,108.508,22.9424,0.0
33755.0,3.885,49.7717,1.0444,110.8388,23.5672,0.0
33760.0,3.8849,50.2939,1.0614,110.0089,22.9072,0.0
33765.0,3.885,49.6097,1.0756,111.7262,23.1054,0.0
33770.0,3.885,49.624,1.0305,109.1054,23.0222,0.0
33775.0,3.8849,49.8301,1.048,110.1938,22.8323,0.0
33780.0,3.885,50.0488,1.035,109.5329,23.2938,0.0
33785.0,3.885,49.4627,1.0546,112.9046,23.721,0.0
33790.0,3.885,50.4175,1.0448,110.3082,23.9356,0.0
33795.0,3.885,49.7928,1.0399,109.8977,23.2926,0.0
33800.0,3.885,50.1027,1.021,109.3638,23.547,0.0
33805.0,3.885,49.2184,1.0476,110.4572,23.3255,0.0
33810.0,3.885,49.5575,1.026,110.1292,23.3918,0.0
33815.0,3.885,50.4932,1.0227,110.6534,23.1813,0.0
33820.0,3.885,49.7497,1.0507,110.6699,23.3153,0.0
33825.0,3.885,50.3804,1.0451,110.5225,23.4008,0.0
33830.0,3.885,50.4075,1.0556,110.5704,23.1217,0.0
33835.0,3.885,49.9576,1.0274,110.2661,23.2469,0.0
33840.0,3.885,50.292,1.0441,110.5317,23.2518,0.0
33845.0,3.885,50.1211,1.0194,109.7761,23.4731,0.0
33850.0,3.885,50.5145,1.0509,110.416,23.0002,0.0
33855.0,3.885,49.7431,1.0266,109.7449,23.254,0.0
33860.0,3.885,50.3372,1.0388,108.8646,23.7453,0.0
33865.0,3.885,50.0032,1.0296,110.1603,23.5587,0.0
33870.0,3.885,49.6108,1.05,109.2564,23.6054,0.0
33875.0,3.885,49.3649,1.0356,110.3752,23.2748,0.0
33880.0,3.885,49.8692,1.0517,109.8676,23.3495,0.0
33885.0,3.885,50.3819,1.0785,112.1462,23.5205,0.0
33890.0,3.885,50.3191,1.0292,109.9874,23.6608,0.0
33895.0,3.8849,50.0588,1.0532,110.529,22.7837,0.0
33900.0,3.8849,49.8633,1.044,110.1937,22.9436,0.0
33905.0,3.885,50.2311,1.0223,108.7147,23.6009,0.0
33910.0,3.885,49.5085,1.0386,109.0397,23.2053,0.0
33915.0,3.885,49.6745,1.0315,110.4332,23.1078,0.0
33920.0,3.8849,49.3886,1.0478,109.4202,22.9634,0.0
33925.0,3.885,50.2654,1.039,109.947,23.1395,0.0
33930.0,3.8849,49.8878,1.0384,110.2066,22.929,0.0
33935.0,3.885,49.9593,1.05,110.3196,23.8038,0.0
33940.0,3.885,49.9915,1.0143,110.3049,23.277,0.0
33945.0,3.885,49.0722,1.0431,109.8679,23.2697,0.0
33950.0,3.885,49.7844,1.0562,109.7768,23.4329,0.0
33955.0,3.885,50.3913,1.048,111.5156,23.5282,0.0
33960.0,3.885,49.5632,1.0506,110.2539,23.5259,0.0
33965.0,3.885,49.996,1.0503,110.2582,23.5598,0.0
33970.0,3.885,50.5111,1.0536,110.819,23.1357,0.0
33975.0,3.885,50.1289,1.0344,110.388,23.221,0.0
33980.0,3.885,50.0256,1.0409,109.7692,23.4899,0.0
33985.0,3.885,50.0,1.0234,109.965,23.1681,0.0
33990.0,3.885,50.2372,1.0241,108.7325,23.301,0.0
33995.0,3.885,49.36,1.0266,110.1904,23.4044,0.0
34000.0,3.885,50.4112,1.0301,109.2592,23.5035,0.0
34005.0,3.8849,49.9689,1.0404,110.1899,22.8653,0.0
34010.0,3.885,50.0832,1.0434,110.1914,23.4911,0.0
34015.0,3.885,50.1184,1.05,110.2285,23.2568,0.0
34020.0,3.885,50.3468,1.0361,110.4329,23.4949,0.0
34025.0,3.885,49.6239,1.0429,111.0079,23.5152,0.0
34030.0,3.885,49.9331,1.0485,110.3519,23.7259,0.0
34035.0,3.885,50.0133,1.0529,111.1536,23.6654,0.0
34040.0,3.885,49.9266,1.048,110.4533,23.6669,0.0
34045.0,3.885,49.5786,1.0404,109.6108,23.6944,0.0
34050.0,3.885,49.871,1.036,108.8148,23.4097,0.0
34055.0,3.885,49.8843,1.0456,111.8345,23.3483,0.0
34060.0,3.885,50.5182,1.0623,110.8234,23.562,0.0
34065.0,3.885,50.1301,1.0599,111.5006,23.5304,0.0
34070.0,3.885,49.6155,1.0525,111.3577,23.2738,0.0
34075.0,3.885,49.8423,1.0425,109.0821,23.4561,0.0
34080.0,3.885,50.0501,1.0469,108.4737,23.35,0.0
34085.0,3.885,50.3123,1.0534,109.9632,23.1492,0.0
34090.0,3.885,50.0015,1.0331,110.4958,23.6894,0.0
34095.0,3.885,49.6188,1.0577,109.6901,23.3847,0.0
34100.0,3.885,50.0189,1.0555,110.1595,23.8873,0.0312
34105.0,3.8849,50.4031,1.0432,110.8242,22.973,0.0212
34110.0,3.885,50.1561,1.0354,109.901,23.2446,0.0316
34115.0,3.885,50.283,1.0441,110.451,23.3964,0.0448
34120.0,3.885,50.6395,1.0256,109.6873,23.6772,0.0041
34125.0,3.885,50.0759,1.0404,111.2574,23.4974,0.0
34130.0,3.885,50.1828,1.0353,109.681,23.4799,0.0063
34135.0,3.885,49.8455,1.0362,109.2774,23.1253,0.0258
34140.0,3.885,49.9357,1.0375,110.2453,23.1228,0.0589
34145.0,3.885,49.3885,1.0488,110.452,23.4977,0.0625
34150.0,3.8849,49.8505,1.038,110.8141,23.0811,0.051
34155.0,3.885,50.1522,1.0582,109.7264,23.2944,0.07
34160.0,3.885,49.9632,1.05,109.9836,23.5579,0.0847
34165.0,3.885,50.0093,1.0383,109.4218,23.1924,0.0722
34170.0,3.885,50.0252,1.0293,110.4391,23.8448,0.0722
34175.0,3.885,49.4002,1.0472,109.7498,23.755,0.0966
34180.0,3.8849,50.1543,1.0479,109.7958,23.0618,0.0846
34185.0,3.885,49.741,1.0434,109.2639,23.2273,0.1007
34190.0,3.8849,49.9732,1.0404,109.3378,22.8948,0.0881
34195.0,3.885,49.2816,1.0442,110.0194,23.2765,0.0855
34200.0,3.885,49.9757,1.029,109.0899,23.6697,0.0683
34205.0,3.885,49.9764,1.0319,110.2199,23.3808,0.0758
34210.0,3.885,49.768,1.0425,108.8563,23.6056,0.0652
34215.0,3.885,49.8187,1.0468,111.711,23.1161,0.0395
34220.0,3.885,50.1658,1.0327,109.5856,23.7025,0.0383
34225.0,3.885,49.5505,1.0375,109.9751,23.3707,0.0065
34230.0,3.885,50.6592,1.041,111.1981,23.519,0.0
34235.0,3.885,49.4358,1.0392,110.4995,23.4994,0.0
34240.0,3.885,49.5281,1.0514,110.2234,23.2115,0.0
34245.0,3.885,49.9063,1.0446,109.9684,23.2479,0.0
34250.0,3.885,49.7581,1.0305,108.8333,23.785,0.023
34255.0,3.885,49.8956,1.053,111.1381,23.6498,0.0172
34260.0,3.885,49.9189,1.0345,109.8237,23.8196,0.0
34265.0,3.885,49.9256,1.045,110.5133,23.6454,0.008
34270.0,3.885,49.8021,1.0355,109.6456,23.6072,0.0
34275.0,3.885,49.7082,1.0331,110.1641,23.1473,0.0243
34280.0,3.885,49.8657,1.0441,110.1774,23.5186,0.014
34285.0,3.885,49.9691,1.0407,110.2481,23.5869,0.0102
34290.0,3.885,50.2131,1.0364,111.7869,24.0896,0.0312
34295.0,3.885,50.0936,1.0501,110.8315,23.7807,0.0095
34300.0,3.885,50.7497,1.0382,110.0441,24.0008,0.0102
34305.0,3.885,49.5391,1.0189,108.6124,23.774,0.0
34310.0,3.885,49.9724,1.0291,109.1965,23.4547,0.0
34315.0,3.885,49.8142,1.0464,111.139,23.6698,0.0
34320.0,3.885,50.1943,1.0301,109.9354,23.7077,0.0294
34325.0,3.885,50.1882,1.0153,109.1445,23.4221,0.0
34330.0,3.885,49.9213,1.0492,110.2892,23.5691,0.0
34335.0,3.885,49.9407,1.0318,109.45,23.6221,0.0
34340.0,3.885,50.0675,1.0433,110.8927,24.0834,0.0
34345.0,3.885,50.0987,1.0347,109.4736,23.1703,0.0209
34350.0,3.885,49.7467,1.0387,108.9136,24.0006,0.0402
34355.0,3.885,49.986,1.0233,108.3631,23.4736,0.0134
34360.0,3.885,49.8379,1.0483,111.3987,23.3736,0.0
34365.0,3.885,49.9949,1.0479,110.2287,24.0205,0.0
34370.0,3.885,50.019,1.0504,110.9943,23.9174,0.0
34375.0,3.885,49.8843,1.0523,111.5405,24.0571,0.0001
34380.0,3.885,49.3637,1.0478,110.3794,23.9528,0.0
34385.0,3.885,49.8226,1.0252,108.8927,24.2768,0.0
34390.0,3.885,49.6718,1.0328,110.1379,23.9108,0.0019
34395.0,3.885,50.0299,1.0526,109.3977,23.7413,0.0166
34400.0,3.885,49.94,1.0555,109.6837,23.8756,0.0
34405.0,3.885,49.8752,1.0318,110.2519,24.1103,0.0307
34410.0,3.885,49.9116,1.0572,110.8671,23.6142,0.0609
34415.0,3.885,50.0921,1.0497,109.8823,23.6557,0.0766
34420.0,3.885,49.788,1.0525,109.523,23.7512,0.0785
34425.0,3.885,50.1632,1.0298,109.2487,23.3121,0.0474
34430.0,3.885,50.241,1.0328,108.9334,23.8827,0.03
34435.0,3.885,49.8212,1.0352,109.9784,23.3867,0.046
34440.0,3.885,49.5616,1.0138,108.7695,23.8815,0.007
34445.0,3.885,49.722,1.023,108.8908,24.0947,0.0
34450.0,3.885,50.1437,1.0283,109.5165,23.7694,0.0
34455.0,3.885,49.5682,1.0275,110.0848,24.3182,0.0154
34460.0,3.885,49.7566,1.0424,111.1659,23.5442,0.0
34465.0,3.885,49.5926,1.037,110.7648,24.2176,0.0
34470.0,3.885,50.2106,1.0398,109.7004,24.0991,0.0
34475.0,3.885,50.2131,1.0383,109.043,23.5119,0.0
34480.0,3.885,50.1146,1.0135,108.3871,24.6292,0.0
34485.0,3.885,49.9904,1.0237,108.4898,23.9463,0.0
34490.0,3.885,50.2904,1.0367,109.7222,23.7537,0.0
34495.0,3.885,50.2314,1.07,111.6315,23.6322,0.0083
34500.0,3.885,50.0505,1.0132,108.8098,23.9399,0.0631
34505.0,3.885,49.8197,1.0537,110.3288,23.9741,0.0777
34510.0,3.885,49.7459,1.0473,110.3689,24.0427,0.0638
34515.0,3.885,49.9928,1.0407,109.5985,23.9538,0.0763
34520.0,3.885,50.1105,1.0483,109.9681,24.1978,0.0478
34525.0,3.885,49.7461,1.0388,109.7229,23.9539,0.0177
34530.0,3.885,49.8137,1.0653,111.4618,23.5784,0.0
34535.0,3.885,50.0929,1.0291,109.0965,24.0362,0.0085
34540.0,3.885,49.9008,1.016,108.8692,23.4932,0.0354
34545.0,3.885,50.1465,1.038,109.86,24.1851,0.0
34550.0,3.885,50.0684,1.0557,110.9706,23.8634,0.0
34555.0,3.885,50.3571,1.0262,109.7255,24.1608,0.0062
34560.0,3.885,49.5733,1.0362,109.4425,24.4602,0.0391
34565.0,3.885,50.5774,1.0413,110.1627,23.9063,0.0362
34570.0,3.885,49.859,1.0391,110.954,24.4207,0.0329
34575.0,3.885,49.5516,1.0458,110.5623,24.059,0.049
34580.0,3.885,50.7951,1.0498,110.728,24.6177,0.0269
34585.0,3.885,50.3346,1.0313,108.0777,24.1001,0.0192
34590.0,3.885,49.3824,1.0323,110.3171,23.9934,0.0386
34595.0,3.885,50.2037,1.0434,110.3643,24.3875,0.0121
34600.0,3.885,49.7059,1.044,109.613,24.119,0.0
34605.0,3.885,49.9615,1.0365,110.3061,24.0299,0.0
34610.0,3.885,49.4682,1.0475,110.6529,24.1332,0.0
34615.0,3.885,49.8329,1.0288,111.1806,24.2539,0.0001
34620.0,3.885,49.4079,1.0443,110.3661,24.613,0.0
34625.0,3.885,50.0984,1.0422,109.6638,23.8065,0.0
34630.0,3.885,49.6488,1.0576,109.9142,24.3083,0.0145
34635.0,3.885,49.973,1.0245,109.686,24.4714,0.0117
34640.0,3.885,50.369,1.0521,109.2884,24.3762,0.0
34645.0,3.885,49.8646,1.0371,110.2903,24.6681,0.0
34650.0,3.885,50.303,1.0337,109.5253,24.3348,0.0
34655.0,3.885,50.0855,1.0308,110.083,24.3201,0.024
34660.0,3.885,50.1358,1.0572,110.9703,24.5272,0.0137
34665.0,3.885,49.536,1.0316,109.8086,24.4168,0.0
34670.0,3.885,49.9132,1.0359,110.685,24.3074,0.0
34675.0,3.885,50.0824,1.0461,109.0374,24.547,0.0
34680.0,3.885,50.5638,1.0527,110.0846,24.2679,0.0152
34685.0,3.885,50.1561,1.0284,110.4471,24.2913,0.0367
34690.0,3.885,49.9058,1.0584,109.8821,24.3253,0.0442
34695.0,3.885,50.068,1.0388,110.6366,24.8087,0.0276
34700.0,3.885,50.3192,1.0449,109.6293,23.6784,0.0105
34705.0,3.885,49.6636,1.0359,109.4123,24.5959,0.0092
34710.0,3.885,50.0588,1.0505,110.945,24.5189,0.0013
34715.0,3.885,50.0273,1.0363,109.9451,24.1034,0.0
34720.0,3.885,50.1695,1.0517,110.621,24.6145,0.0
34725.0,3.885,50.1129,1.0428,110.6018,24.6694,0.0
34730.0,3.885,50.2349,1.0553,111.1303,24.7113,0.0
34735.0,3.885,50.355,1.0391,110.26,23.9145,0.0
34740.0,3.885,49.8589,1.0365,109.0724,24.9326,0.0
34745.0,3.885,50.4369,1.0481,109.9983,24.4201,0.039
34750.0,3.885,50.0208,1.0437,109.6331,24.7898,0.0756
34755.0,3.885,49.6326,1.0547,109.83,24.817,0.0679
34760.0,3.885,50.4731,1.0379,110.2816,24.4263,0.0393
34765.0,3.885,49.8117,1.0246,111.5158,24.8242,0.0289
34770.0,3.885,49.6574,1.0279,108.8851,24.5765,0.0242
34775.0,3.885,49.7534,1.0401,110.6,24.1688,0.0732
34780.0,3.885,49.4692,1.0667,110.2453,24.9923,0.0574
34785.0,3.885,49.9386,1.0481,111.1397,24.5204,0.0379
34790.0,3.885,50.0508,1.0392,110.5155,24.5144,0.066
34795.0,3.885,50.0595,1.0301,110.0505,24.6411,0.041
34800.0,3.885,49.7324,1.0112,109.0278,24.8238,0.0233
34805.0,3.885,50.1102,1.0466,111.8211,24.7554,0.0
34810.0,3.885,49.682,1.0574,110.2649,24.9206,0.0274
34815.0,3.885,50.2436,1.0544,110.9019,24.4627,0.0081
34820.0,3.885,50.0404,1.0318,109.8224,24.6259,0.0157
34825.0,3.885,50.0111,1.0399,109.5583,24.7965,0.0472
34830.0,3.885,49.7569,1.0469,111.0203,25.314,0.0493
34835.0,3.885,49.7073,1.0495,110.1351,24.8251,0.0323
34840.0,3.885,49.8689,1.0451,110.3688,25.1389,0.0123
34845.0,3.885,50.0885,1.0465,109.8886,24.8913,0.0
34850.0,3.885,50.0675,1.0489,110.6384,24.7748,0.0
34855.0,3.885,50.2197,1.0251,108.7542,24.8481,0.0
34860.0,3.885,50.0122,1.0559,110.1972,24.8818,0.0
34865.0,3.885,50.0145,1.045,110.5122,25.0889,0.0
34870.0,3.885,49.9708,1.0309,108.707,25.2958,0.0241
34875.0,3.885,49.567,1.0649,110.0042,25.0562,0.0183
34880.0,3.885,50.0011,1.0353,109.9252,25.2771,0.005
34885.0,3.885,49.6895,1.0551,109.8328,24.7533,0.0075
34890.0,3.885,50.6245,1.0256,110.0089,24.905,0.0079
34895.0,3.885,49.2994,1.0381,109.9071,24.8417,0.0389
34900.0,3.885,50.3431,1.0365,108.4816,25.1156,0.018
34905.0,3.885,49.5732,1.0276,108.8543,24.9614,0.0
34910.0,3.885,49.7569,1.0471,109.9224,25.2478,0.0
34915.0,3.885,49.8773,1.0525,111.4495,24.8467,0.0
34920.0,3.885,50.1377,1.0256,110.1911,25.1044,0.0
34925.0,3.885,49.8806,1.0094,108.8714,25.2795,0.0267
34930.0,3.885,50.2513,1.0312,110.3714,24.6057,0.0
34935.0,3.885,50.0556,1.0303,108.9784,25.6665,0.0257
34940.0,3.885,49.5178,1.0392,109.972,25.0795,0.0
34945.0,3.885,49.8586,1.0448,110.3926,24.6582,0.0383
34950.0,3.885,49.9706,1.0364,109.9466,25.2181,0.0359
34955.0,3.885,50.2202,1.0374,109.0559,25.2011,0.0554
34960.0,3.885,50.216,1.039,110.0598,25.1864,0.0554
34965.0,3.885,49.7169,1.0265,107.3444,25.4688,0.0674
34970.0,3.885,50.0107,1.0199,109.2599,25.422,0.086
34975.0,3.885,49.7114,1.0349,109.8305,25.3237,0.0812
34980.0,3.885,50.1819,1.0421,109.7072,25.3759,0.0524
34985.0,3.885,49.7697,1.0548,111.1059,25.2513,0.0423
34990.0,3.885,49.7769,1.0345,109.5457,25.7354,0.0338
34995.0,3.885,49.9877,1.0406,109.9655,24.9357,0.032
35000.0,3.885,50.5905,1.0286,109.5099,25.3545,0.0006
35005.0,3.885,49.9904,1.0271,109.0236,25.3499,0.0
35010.0,3.885,50.1526,1.0208,108.4332,25.5509,0.0
35015.0,3.885,49.9849,1.0519,111.0063,25.1506,0.0
35020.0,3.885,49.8179,1.0556,110.3495,24.9396,0.0
35025.0,3.885,50.0332,1.0281,108.4908,25.4287,0.0
35030.0,3.885,50.274,1.0256,109.077,25.4737,0.0418
35035.0,3.885,49.4352,1.0428,109.3226,25.7897,0.0337
35040.0,3.885,50.3489,1.0267,109.0582,25.1136,0.0012
35045.0,3.885,49.9306,1.0652,110.1567,25.7337,0.0
35050.0,3.885,50.3179,1.0447,110.0993,26.0507,0.0
35055.0,3.885,49.864,1.0425,109.9411,25.3783,0.0
35060.0,3.885,50.6559,1.0258,108.7323,25.1637,0.0
35065.0,3.885,49.9004,1.0452,110.3691,25.3985,0.0
35070.0,3.885,49.8105,1.0572,109.282,25.5174,0.0004
35075.0,3.885,49.9906,1.0514,110.1818,25.6686,0.0139
35080.0,3.885,50.0058,1.0347,109.6072,25.3934,0.0366
35085.0,3.885,49.883,1.053,109.1301,25.9437,0.0
35090.0,3.885,49.8455,1.0393,110.0757,25.2898,0.0
35095.0,3.885,49.8167,1.0514,110.5523,25.1472,0.0
35100.0,3.885,49.9299,1.0431,108.161,25.8722,0.0092
35105.0,3.885,49.7215,1.0469,109.291,25.0404,0.004
35110.0,3.885,50.185,1.0496,110.8772,25.5714,0.0422
35115.0,3.885,49.798,1.0553,110.6685,26.4153,0.0238
35120.0,3.885,49.5806,1.0392,110.0507,25.6462,0.0316
35125.0,3.885,49.7524,1.0626,110.6568,25.3824,0.0247
35130.0,3.885,50.2435,1.0365,109.1856,25.6615,0.0514
35135.0,3.885,49.8922,1.0353,109.7076,25.6764,0.034
35140.0,3.885,50.1801,1.0428,109.9839,25.7425,0.014
35145.0,3.885,50.0122,1.0374,109.7974,25.881,0.0185
35150.0,3.885,49.8549,1.0283,110.3798,25.4688,0.0
35155.0,3.885,50.2257,1.0495,109.9523,26.1635,0.0
35160.0,3.885,49.9093,1.0588,109.9859,25.8159,0.0
35165.0,3.885,49.8041,1.0524,110.8763,25.9493,0.0
35170.0,3.885,50.1518,1.0553,110.6984,25.6235,0.0
35175.0,3.885,50.3256,1.0382,109.68,26.115,0.0
35180.0,3.885,49.5684,1.0507,109.837,25.7419,0.0
35185.0,3.885,49.765,1.0438,109.6904,25.8884,0.0172
35190.0,3.885,49.8796,1.0157,110.1476,25.5984,0.0199
35195.0,3.885,49.9186,1.0414,108.8977,25.5951,0.0123
35200.0,3.885,50.0194,1.0429,109.8748,26.029,0.0056
35205.0,3.885,50.5613,1.0757,110.9383,25.7586,0.0139
35210.0,3.885,50.0364,1.0434,110.1925,25.6685,0.0116
35215.0,3.885,50.1908,1.054,110.9901,25.7336,0.0081
35220.0,3.885,50.2382,1.0461,110.3063,26.0816,0.007
35225.0,3.885,49.7269,1.0538,111.1479,25.7619,0.0
35230.0,3.885,50.6638,1.0321,108.8932,25.902,0.0
35235.0,3.885,50.0422,1.0339,109.6582,25.9473,0.0
35240.0,3.885,50.4802,1.0507,110.3293,25.4764,0.0
35245.0,3.885,50.476,1.0344,110.4526,25.6,0.0137
35250.0,3.885,49.5059,1.0352,109.1531,26.0639,0.0
35255.0,3.885,50.0125,1.0486,110.1432,25.8075,0.0
35260.0,3.885,49.586,1.0258,110.6556,26.2678,0.0
35265.0,3.885,50.0987,1.054,109.9474,26.2572,0.0
35270.0,3.885,50.3257,1.0409,109.4083,26.207,0.0049
35275.0,3.885,50.1517,1.0595,110.7814,26.4938,0.0
35280.0,3.885,49.5135,1.0504,110.198,26.0297,0.0
35285.0,3.885,49.6007,1.0478,110.0407,26.2243,0.0193
35290.0,3.885,50.0727,1.0372,110.2405,25.9274,0.011
35295.0,3.885,49.9427,1.0288,109.9627,26.698,0.0205
35300.0,3.885,50.2018,1.0687,109.8265,26.5922,0.0248
35305.0,3.885,49.8203,1.0299,109.1053,26.1105,0.0
35310.0,3.885,49.5292,1.0506,109.6638,26.2153,0.0
35315.0,3.885,49.8762,1.0394,109.1861,26.4696,0.0
35320.0,3.885,49.9683,1.0334,110.4259,26.1041,0.0
35325.0,3.885,50.0939,1.0397,110.87,25.9877,0.0
35330.0,3.885,49.4181,1.0393,108.8075,26.3812,0.0003
35335.0,3.885,50.344,1.0382,110.6424,26.1931,0.0
35340.0,3.885,49.9007,1.0565,110.2502,26.23,0.0013
35345.0,3.885,49.8761,1.0537,111.3522,25.9863,0.0081
35350.0,3.885,49.9392,1.0523,109.2208,25.776,0.0
35355.0,3.885,50.4803,1.0449,109.5626,26.275,0.0163
35360.0,3.885,50.0241,1.0472,109.9322,26.4526,0.0196
35365.0,3.885,50.2821,1.0438,110.0206,26.1802,0.007
35370.0,3.885,49.7049,1.0322,110.5066,26.606,0.0141
35375.0,3.885,49.9669,1.0525,109.5765,26.0811,0.0311
35380.0,3.885,49.6874,1.0202,109.5413,26.0035,0.0101
35385.0,3.885,49.8546,1.0439,109.6417,26.2603,0.0076
35390.0,3.885,50.1333,1.033,110.2043,26.2664,0.0
35395.0,3.885,50.1939,1.0488,110.5424,26.4894,0.0
35400.0,3.885,50.5688,1.0269,109.8015,26.1129,0.0
35405.0,3.885,49.53,1.0429,110.0408,26.6583,0.0
35410.0,3.885,50.1149,1.0572,111.1573,26.8176,0.0
35415.0,3.885,49.7912,1.0556,110.0745,26.3255,0.0
35420.0,3.885,49.9016,1.0511,109.4509,26.6571,0.0
35425.0,3.885,49.9427,1.0307,108.5426,26.0899,0.0
35430.0,3.885,50.2056,1.0377,110.3396,26.632,0.0
35435.0,3.885,50.173,1.0331,108.6119,26.6341,0.0
35440.0,3.885,50.24,1.0805,110.98,26.5972,0.0
35445.0,3.885,49.7226,1.0403,109.4015,26.3863,0.0
35450.0,3.885,50.4045,1.0256,110.1293,25.6605,0.0
35455.0,3.885,49.8322,1.0405,108.4887,26.2474,0.0
35460.0,3.885,50.3727,1.0574,110.011,26.26,0.0
35465.0,3.885,50.2074,1.0384,110.4219,26.1805,0.0
35470.0,3.885,49.8545,1.0353,110.5534,26.464,0.0
35475.0,3.885,49.9247,1.0359,109.1959,26.3371,0.0
35480.0,3.885,50.5128,1.0471,112.0444,26.2439,0.0
35485.0,3.885,50.0576,1.0374,108.7046,26.1936,0.0
35490.0,3.885,49.4546,1.0372,108.486,26.2875,0.0
35495.0,3.885,49.9063,1.0311,109.2205,26.7547,0.0
35500.0,3.885,50.0441,1.0441,109.171,26.3169,0.0
35505.0,3.885,50.0407,1.0434,110.3075,26.3612,0.0
35510.0,3.885,50.2113,1.0374,109.6891,26.3835,0.0
35515.0,3.885,49.8067,1.0439,111.0757,26.59,0.0
35520.0,3.885,50.8533,1.0325,110.0727,26.6268,0.0
35525.0,3.885,50.3045,1.0257,109.9309,25.7589,0.0
35530.0,3.885,49.5843,1.0026,107.2607,26.7828,0.0
35535.0,3.885,50.0381,1.0411,108.8215,26.8936,0.0
35540.0,3.885,50.1723,1.0273,110.1719,26.2791,0.0
35545.0,3.885,50.686,1.0496,109.9532,26.3055,0.0
35550.0,3.885,49.6232,1.0371,109.7536,26.4429,0.0
35555.0,3.885,50.6145,1.0594,110.0132,26.3732,0.0
35560.0,3.885,50.0974,1.0642,110.7167,26.6248,0.0
35565.0,3.885,49.9309,1.043,111.5672,26.0888,0.0
35570.0,3.885,50.0499,1.0583,109.933,26.3024,0.0
35575.0,3.885,49.7738,1.0487,110.9506,26.973,0.0
35580.0,3.885,49.9203,1.0027,109.5634,26.3624,0.0
35585.0,3.885,50.2144,1.0335,108.5949,26.9114,0.0
35590.0,3.885,49.5986,1.0352,109.8572,26.6954,0.0
35595.0,3.885,50.2097,1.0334,110.0354,26.1602,0.0
35600.0,3.885,49.7593,1.0683,110.4931,26.7772,0.0
35605.0,3.885,49.5443,1.0352,109.6592,26.5946,0.0
35610.0,3.885,50.0526,1.0638,111.2745,26.5158,0.0
35615.0,3.885,50.261,1.0524,110.3238,26.6964,0.0
35620.0,3.885,50.4912,1.0158,108.2478,26.7592,0.0
35625.0,3.885,49.9711,1.0276,110.1248,26.8227,0.0
35630.0,3.885,50.7804,1.04,109.5038,26.9456,0.0
35635.0,3.885,49.6842,1.0342,110.4522,26.7581,0.0
35640.0,3.885,49.4188,1.0674,111.7184,26.3171,0.0
35645.0,3.885,49.6004,1.0494,110.3684,26.5474,0.0
35650.0,3.885,49.735,1.0506,109.7405,27.4063,0.0
35655.0,3.885,50.3637,1.0505,111.1423,26.8563,0.0
35660.0,3.885,49.5723,1.0437,109.9927,27.272,0.0
35665.0,3.885,50.5971,1.0489,111.3526,27.033,0.0
35670.0,3.885,49.4893,1.0529,109.4416,26.7489,0.0
35675.0,3.885,50.0063,1.0483,110.6306,26.768,0.0
35680.0,3.885,50.5668,1.0426,111.021,26.6875,0.0
35685.0,3.885,49.8605,1.0289,108.938,26.2662,0.0
35690.0,3.885,50.4072,1.0636,110.44,26.709,0.0
35695.0,3.885,50.2433,1.0311,109.3135,27.0109,0.0
35700.0,3.885,49.7899,1.0377,110.2365,26.562,0.0
35705.0,3.885,49.7628,1.0336,109.3962,26.8184,0.0
35710.0,3.885,49.8437,1.051,111.1648,26.9317,0.0
35715.0,3.885,50.0776,1.053,109.9989,26.4947,0.0
35720.0,3.885,49.8355,1.0203,109.3186,26.6125,0.0
35725.0,3.885,50.2237,1.0396,109.5665,26.4739,0.0
35730.0,3.885,49.7904,1.0577,110.3739,26.5258,0.0
35735.0,3.885,50.0994,1.0433,110.0026,26.4123,0.0
35740.0,3.885,50.3987,1.0466,109.8477,26.5118,0.0
35745.0,3.885,50.2259,1.0558,110.4465,27.0944,0.0
35750.0,3.885,49.9776,1.0338,109.4008,26.5132,0.0
35755.0,3.885,49.8436,1.0365,109.4252,26.7761,0.0
35760.0,3.885,50.0352,1.0353,109.9879,26.6211,0.0
35765.0,3.885,50.034,1.0491,108.6694,27.0437,0.0
35770.0,3.885,49.462,1.0324,108.7221,27.0788,0.0
35775.0,3.885,50.5412,1.0512,110.2892,26.969,0.0
35780.0,3.885,49.6055,1.049,109.9127,26.8314,0.0
35785.0,3.885,49.7947,1.0695,111.2431,26.6988,0.0
35790.0,3.885,50.3168,1.0628,111.5041,26.4602,0.0
35795.0,3.885,50.3221,1.0338,110.8221,27.2456,0.0
35800.0,3.885,49.8528,1.0536,109.04,26.5712,0.0
35805.0,3.885,49.1055,1.0365,109.622,26.9283,0.0
35810.0,3.885,49.5499,1.0332,110.2004,27.0285,0.0
35815.0,3.885,50.191,1.0438,110.2148,26.6258,0.0
35820.0,3.885,50.1211,1.0202,109.154,27.0251,0.0
35825.0,3.885,50.3307,1.0408,109.8801,26.9575,0.0
35830.0,3.885,50.1281,1.0402,108.8261,27.1992,0.0
35835.0,3.885,50.2175,1.0479,109.9534,26.6505,0.0
35840.0,3.885,50.2918,1.0475,109.4068,26.4469,0.0
35845.0,3.885,49.8267,1.0424,112.0788,26.6424,0.0
35850.0,3.885,49.8015,1.0213,108.8385,26.8213,0.0
35855.0,3.885,49.8993,1.048,110.2563,26.7838,0.0
35860.0,3.885,49.8237,1.0335,111.0098,26.671,0.0
35865.0,3.885,49.7903,1.036,110.292,26.292,0.0
35870.0,3.885,50.0134,1.0321,109.2578,26.8868,0.0
35875.0,3.885,49.6893,1.0585,110.5465,27.262,0.0
35880.0,3.885,50.067,1.0487,111.4461,26.8846,0.0
35885.0,3.885,49.8781,1.0361,110.4064,26.9204,0.0
35890.0,3.885,49.7979,1.036,109.0466,26.9106,0.0
35895.0,3.885,49.851,1.0277,109.0713,26.8661,0.0
35900.0,3.885,49.9263,1.0368,109.0237,26.9989,0.0
35905.0,3.885,50.2125,1.0288,110.197,26.864,0.0
35910.0,3.885,49.9237,1.0455,109.2425,26.686,0.0
35915.0,3.885,49.4955,1.0507,111.2145,26.564,0.0
35920.0,3.885,50.2947,1.0452,109.8016,26.6996,0.0
35925.0,3.885,49.8347,1.0425,109.825,26.839,0.0
35930.0,3.885,49.6229,1.0354,109.1486,26.68,0.0
35935.0,3.885,50.3338,1.0462,110.8445,26.8361,0.0
35940.0,3.885,49.9603,1.029,108.7488,26.8657,0.0
35945.0,3.885,49.7028,1.0683,110.8818,26.9624,0.0
35950.0,3.885,49.9313,1.0235,110.3284,27.073,0.0
35955.0,3.885,49.7049,1.0477,110.1676,26.7698,0.0
35960.0,3.885,49.8866,1.0461,109.9495,26.4213,0.0
35965.0,3.885,50.4631,1.0414,109.1234,26.6598,0.0
35970.0,3.885,49.9834,1.0549,110.0482,26.7549,0.0
35975.0,3.885,49.6679,1.0396,110.4486,26.2826,0.0
35980.0,3.885,49.6179,1.0469,110.3005,27.0862,0.0
35985.0,3.885,49.8822,1.0526,110.2366,26.7721,0.0
35990.0,3.885,50.138,1.0337,109.4078,26.8291,0.0
35995.0,3.885,49.4544,1.0466,110.3886,27.0724,0.0
36000.0,3.885,50.5056,1.0589,110.7109,26.5706,0.0
36005.0,3.885,49.7035,1.0637,111.4296,26.8687,0.0
36010.0,3.885,50.3598,1.0423,110.3405,26.6947,0.0
36015.0,3.885,50.4258,1.035,109.7549,26.6729,0.0
36020.0,3.885,50.0858,1.0503,110.0737,26.5227,0.0
36025.0,3.885,49.585,1.0554,110.8911,27.1287,0.0
36030.0,3.885,49.7967,1.0501,110.0416,26.615,0.0
36035.0,3.885,50.3907,1.0458,109.4688,26.8802,0.0
36040.0,3.885,49.7043,1.0544,111.0924,26.2329,0.0
36045.0,3.885,49.7069,1.0497,109.0937,26.9929,0.0
36050.0,3.885,49.8561,1.0369,108.2101,26.9572,0.0
36055.0,3.885,49.4134,1.0505,110.5494,26.7145,0.0
36060.0,3.885,49.9958,1.0504,110.0317,26.6294,0.0
36065.0,3.885,49.7582,1.0527,111.6258,26.782,0.0
36070.0,3.885,49.9488,1.0402,109.8264,27.25,0.0
36075.0,3.885,49.7935,1.0443,110.2296,26.2327,0.0
36080.0,3.885,50.1016,1.0462,109.7795,26.8646,0.0
36085.0,3.885,50.2317,1.0342,109.6174,26.4367,0.0
36090.0,3.885,49.8455,1.0537,110.9628,26.6551,0.0
36095.0,3.885,50.476,1.0524,111.4664,26.5934,0.0
36100.0,3.885,49.4865,1.038,109.8876,26.5436,0.0
36105.0,3.885,49.8102,1.041,111.7522,26.6432,0.0
36110.0,3.885,49.468,1.0474,111.3916,26.3573,0.0
36115.0,3.885,49.8207,1.0518,110.6859,26.8931,0.0
36120.0,3.885,49.3982,1.0504,111.0989,26.1822,0.0
36125.0,3.885,49.6582,1.0438,110.9003,26.7605,0.0
36130.0,3.885,49.7182,1.079,110.6024,26.5387,0.0
36135.0,3.885,49.9168,1.0491,110.7399,26.3222,0.0
36140.0,3.885,50.1854,1.0398,108.9928,26.6601,0.0
36145.0,3.885,49.762,1.0398,108.9753,26.2147,0.0
36150.0,3.885,49.8424,1.0442,110.9114,26.6083,0.0
36155.0,3.885,50.3825,1.0459,110.0968,26.237,0.0
36160.0,3.885,50.1091,1.0509,108.8438,26.7022,0.0
36165.0,3.885,50.2871,1.0518,110.1099,26.35,0.0
36170.0,3.885,49.8305,1.0216,109.5886,26.4624,0.0
36175.0,3.885,50.4668,1.0446,109.864,26.6426,0.0
36180.0,3.885,50.1875,1.0557,110.8875,26.3699,0.0
36185.0,3.885,49.6623,1.0418,110.4668,26.5424,0.0
36190.0,3.885,50.3054,1.0451,110.1775,26.1722,0.0
36195.0,3.885,50.4204,1.0268,109.6294,26.7021,0.0
36200.0,3.885,49.8971,1.0459,110.5595,26.9792,0.0
36205.0,3.885,50.4374,1.04,110.9672,27.2296,0.0
36210.0,3.885,49.8356,1.0412,109.3375,26.5478,0.0
36215.0,3.885,49.9222,1.0457,109.6437,26.7154,0.0
36220.0,3.885,50.267,1.0473,111.2465,26.0666,0.0
36225.0,3.885,50.039,1.0467,110.4899,26.8807,0.0
36230.0,3.885,50.1412,1.062,110.9827,26.6922,0.0
36235.0,3.885,49.7876,1.0208,108.8979,26.3703,0.0
36240.0,3.885,50.6526,1.0515,111.1225,26.7936,0.0
36245.0,3.885,49.7995,1.0413,109.9434,26.4137,0.0
36250.0,3.885,50.0339,1.0434,110.0938,26.3557,0.0
36255.0,3.885,49.683,1.0482,110.8312,26.5819,0.0
36260.0,3.885,49.4859,1.0612,110.2339,26.19,0.0
36265.0,3.885,49.5423,1.0445,110.6239,26.704,0.0
36270.0,3.885,49.7682,1.0432,110.0736,26.1773,0.0
36275.0,3.885,50.3569,1.0469,109.9014,26.1713,0.0
36280.0,3.885,49.4366,1.051,110.2341,26.199,0.0
36285.0,3.885,50.1026,1.039,110.0278,26.6087,0.0
36290.0,3.885,49.8791,1.0266,108.6635,26.2571,0.0
36295.0,3.885,49.8347,1.0296,109.9721,26.0666,0.0
36300.0,3.885,50.1599,1.0541,110.115,26.2445,0.0
36305.0,3.885,50.1492,1.0405,111.4564,26.3802,0.0
36310.0,3.885,49.8968,1.0382,108.91,26.0851,0.0
36315.0,3.885,49.761,1.0371,109.4487,26.0846,0.0
36320.0,3.885,49.1971,1.0314,109.7419,26.8924,0.0
36325.0,3.885,50.5567,1.0378,109.4974,26.1415,0.0
36330.0,3.885,50.2374,1.0374,109.8484,26.2678,0.0
36335.0,3.885,50.1149,1.0392,108.9961,26.2487,0.0
36340.0,3.885,49.8429,1.0491,109.836,26.2271,0.0
36345.0,3.885,50.0303,1.0713,111.8722,26.4796,0.0
36350.0,3.885,49.5378,1.0311,109.3936,26.553,0.0
36355.0,3.885,49.8997,1.0392,110.4221,26.2312,0.0
36360.0,3.885,50.4347,1.0501,109.758,25.9903,0.0
36365.0,3.885,50.0451,1.041,110.633,26.6096,0.0
36370.0,3.885,49.3702,1.0156,110.271,26.2588,0.0
36375.0,3.885,50.5601,1.0458,109.9418,26.7068,0.0
36380.0,3.885,49.8079,1.0221,109.0093,25.7043,0.0
36385.0,3.885,50.0699,1.0247,110.4639,26.306,0.0
36390.0,3.885,49.8187,1.0388,110.0593,26.7282,0.0
36395.0,3.885,50.0073,1.0505,111.1278,26.1516,0.0
36400.0,3.885,50.0337,1.0516,110.4653,26.1749,0.0
36405.0,3.885,50.0509,1.0526,111.467,26.2965,0.0
36410.0,3.885,50.5059,1.0377,110.4117,26.0742,0.0
36415.0,3.885,49.6013,1.0357,109.7835,26.1271,0.0
36420.0,3.885,50.3054,1.041,110.5134,26.1118,0.0
36425.0,3.885,50.0098,1.0293,109.2159,26.0306,0.0
36430.0,3.885,49.564,1.0435,111.4141,26.4858,0.0
36435.0,3.885,49.7901,1.0334,109.2817,26.2849,0.0
36440.0,3.885,49.8705,1.0341,109.9095,26.2234,0.0
36445.0,3.885,49.9481,1.0291,110.2186,26.3539,0.0
36450.0,3.885,49.9119,1.0506,110.7183,26.0767,0.0
36455.0,3.885,49.8386,1.0487,109.5537,25.9402,0.0
36460.0,3.885,49.4735,1.0574,111.2194,25.974,0.0
36465.0,3.885,50.6786,1.0726,111.4089,26.1161,0.0
36470.0,3.885,50.2884,1.031,110.4712,25.8417,0.0
36475.0,3.885,50.0016,1.0388,109.7606,25.9723,0.0
36480.0,3.885,50.0458,1.051,110.2369,25.9592,0.0
36485.0,3.885,50.2992,1.0294,111.1321,26.6102,0.0
36490.0,3.885,50.3207,1.0437,109.4182,25.3764,0.0
36495.0,3.885,50.3658,1.0587,110.034,26.0158,0.0
36500.0,3.885,49.6557,1.0234,110.3206,26.4829,0.0
36505.0,3.885,50.1766,1.0329,109.3367,26.0726,0.0
36510.0,3.885,49.7608,1.0392,110.8024,26.2213,0.0
36515.0,3.885,50.3221,1.0388,111.0029,26.0486,0.0
36520.0,3.885,49.577,1.0624,110.3191,25.8475,0.0
36525.0,3.885,50.037,1.0548,109.906,25.4445,0.0
36530.0,3.885,50.3518,1.039,109.7812,26.047,0.0
36535.0,3.885,50.0787,1.0442,109.7603,25.7924,0.0
36540.0,3.885,49.7594,1.0593,110.7718,25.7769,0.0
36545.0,3.885,50.4166,1.0599,109.707,25.8429,0.0
36550.0,3.885,49.7273,1.0465,109.1842,26.3945,0.0
36555.0,3.885,49.8051,1.0302,110.2688,26.5501,0.0
36560.0,3.885,50.0911,1.05,111.094,25.9938,0.0
36565.0,3.885,49.9247,1.0307,109.4828,25.8139,0.0
36570.0,3.885,49.9346,1.0397,109.4472,25.6264,0.0
36575.0,3.885,50.6073,1.0382,109.9506,26.0284,0.0
36580.0,3.885,49.7932,1.0661,110.5398,26.3476,0.0
36585.0,3.885,50.7515,1.0312,110.2346,25.8306,0.0
36590.0,3.885,49.9229,1.031,108.414,25.2883,0.0
36595.0,3.885,49.6086,1.0197,109.328,26.0411,0.0
36600.0,3.885,49.7625,1.0414,110.0095,26.1106,0.0
36605.0,3.885,49.4337,1.0488,110.3126,25.4583,0.0
36610.0,3.885,50.1522,1.0382,109.8302,25.8895,0.0
36615.0,3.885,50.1692,1.0436,110.0799,25.9488,0.0
36620.0,3.885,49.7323,1.0335,108.8653,25.8083,0.0
36625.0,3.885,50.1274,1.0146,108.6926,25.6195,0.0
36630.0,3.885,50.1717,1.0465,111.3007,26.0618,0.0
36635.0,3.885,49.9651,1.0567,110.2628,25.6976,0.0
36640.0,3.885,50.432,1.0221,108.4162,25.4178,0.0
36645.0,3.885,50.3569,1.0491,109.3982,25.2673,0.0
36650.0,3.885,49.6701,1.0408,109.5263,26.0856,0.0
36655.0,3.885,49.5712,1.0455,109.2098,25.9152,0.0
36660.0,3.885,49.865,1.0295,110.7729,25.7737,0.0
36665.0,3.885,49.9265,1.038,110.2911,25.6323,0.0
36670.0,3.885,49.7645,1.0515,109.9409,25.6008,0.0
36675.0,3.885,50.4987,1.0294,109.7563,25.4548,0.0
36680.0,3.885,49.7974,1.035,110.0597,25.6066,0.0
36685.0,3.885,50.4983,1.0542,110.3601,25.1752,0.0
36690.0,3.885,50.0908,1.0484,111.51,25.512,0.0
36695.0,3.885,50.4985,1.0354,110.5173,25.609,0.0
36700.0,3.885,49.6964,1.0617,110.3934,25.8301,0.0
36705.0,3.885,49.4074,1.0441,109.8629,25.6584,0.0
36710.0,3.885,50.5724,1.0553,109.9408,25.858,0.0
36715.0,3.885,50.0023,1.0562,110.279,25.9874,0.0
36720.0,3.885,50.0503,1.0331,109.3429,25.9055,0.0
36725.0,3.885,50.7401,1.0515,109.4363,25.7495,0.0
36730.0,3.885,49.3923,1.0389,109.1704,25.6258,0.0
36735.0,3.885,49.4677,1.0749,110.3411,25.3686,0.0
36740.0,3.885,50.3052,1.045,109.3732,25.7898,0.0
36745.0,3.885,50.1131,1.0504,110.2643,26.0158,0.0
36750.0,3.885,49.4748,1.0495,109.7578,25.6724,0.0
36755.0,3.885,50.1475,1.0458,109.693,26.0573,0.0
36760.0,3.885,49.883,1.0384,108.5898,25.1877,0.0
36765.0,3.885,49.8131,1.0365,111.334,25.2717,0.0
36770.0,3.885,49.8001,1.0549,109.9837,25.7652,0.0
36775.0,3.885,49.9994,1.0319,109.8588,25.6087,0.0
36780.0,3.885,49.9724,1.028,107.4437,25.8623,0.0
36785.0,3.885,50.3644,1.0268,108.9534,25.5213,0.0
36790.0,3.885,49.8704,1.0239,109.2509,25.2994,0.0
36795.0,3.885,50.7441,1.0448,110.0389,25.4544,0.0
36800.0,3.885,49.993,1.0556,110.3493,25.116,0.0
36805.0,3.885,50.1388,1.0483,109.2569,25.2085,0.0
36810.0,3.885,50.5209,1.0523,110.0096,25.7252,0.0
36815.0,3.885,50.5309,1.046,110.3718,25.6918,0.0
36820.0,3.885,49.7697,1.0461,110.7584,25.5559,0.0
36825.0,3.885,50.2335,1.0579,109.9356,25.0264,0.0
36830.0,3.885,50.3558,1.0407,109.3332,25.3587,0.0
36835.0,3.885,49.5928,1.0601,110.9096,25.1338,0.0
36840.0,3.885,49.6615,1.0395,110.1285,25.7259,0.0
36845.0,3.885,49.4906,1.0366,110.2971,25.2776,0.0
36850.0,3.885,50.6242,1.0652,110.9797,25.1439,0.0
36855.0,3.885,50.5001,1.0299,110.0963,25.4146,0.0
36860.0,3.885,50.3087,1.0529,110.194,25.239,0.0
36865.0,3.885,50.0445,1.0303,109.9474,25.762,0.0
36870.0,3.885,50.0727,1.0322,109.751,25.1993,0.0
36875.0,3.885,50.0808,1.0686,111.1445,25.0253,0.0
36880.0,3.885,50.1431,1.0306,108.8268,24.829,0.0
36885.0,3.885,49.676,1.019,110.0792,25.3516,0.0
36890.0,3.885,50.0499,1.0412,108.7579,25.2111,0.0
36895.0,3.885,49.6164,1.0269,109.341,24.9866,0.0
36900.0,3.885,50.3164,1.0711,111.4726,25.6334,0.0
36905.0,3.885,50.0076,1.0424,108.8998,25.4953,0.0
36910.0,3.885,50.3222,1.0261,109.1152,25.3138,0.0
36915.0,3.885,50.2598,1.054,109.6683,25.6545,0.0
36920.0,3.885,50.0616,1.0313,109.8885,25.4715,0.0
36925.0,3.885,50.1509,1.0443,109.1344,25.0928,0.0
36930.0,3.885,49.8691,1.056,110.8274,25.0313,0.0
36935.0,3.885,49.7095,1.0262,110.1928,25.4883,0.0
36940.0,3.885,50.4261,1.0579,110.8652,25.3757,0.0
36945.0,3.885,49.9616,1.0448,109.7282,25.3119,0.0
36950.0,3.885,50.5706,1.0525,110.0387,25.0507,0.0
36955.0,3.885,50.0438,1.0394,110.7498,25.4073,0.0
36960.0,3.885,49.8709,1.03,110.1033,25.0594,0.0
36965.0,3.885,49.8063,1.0263,109.5967,25.2159,0.0
36970.0,3.885,50.0159,1.0377,109.274,25.5962,0.0
36975.0,3.885,50.072,1.0374,109.4453,25.0625,0.0
36980.0,3.885,50.1669,1.051,110.7117,24.8277,0.0
36985.0,3.885,50.3739,1.0465,109.119,24.9511,0.0
36990.0,3.885,49.7568,1.0456,111.2862,25.4562,0.0
36995.0,3.885,49.8513,1.048,110.0422,25.2648,0.0
37000.0,3.885,50.3598,1.0491,110.884,25.1624,0.0
37005.0,3.885,49.6126,1.0448,111.6457,25.061,0.0
37010.0,3.885,50.016,1.0332,109.8122,25.3032,0.0
37015.0,3.885,50.1664,1.041,109.2015,24.9634,0.0
37020.0,3.885,50.1671,1.0368,109.9581,25.2458,0.0
37025.0,3.885,49.9517,1.0409,110.7806,24.9805,0.0
37030.0,3.885,49.6329,1.0487,110.4494,24.9328,0.0
37035.0,3.885,50.2847,1.0588,111.396,24.9919,0.0
37040.0,3.885,50.0823,1.0591,110.0656,25.0515,0.0
37045.0,3.885,49.7952,1.0468,110.0215,25.1273,0.0
37050.0,3.885,49.8955,1.0482,110.9985,25.1925,0.0
37055.0,3.885,49.8445,1.0513,110.3638,24.2059,0.0
37060.0,3.885,49.9588,1.0228,109.9185,24.9204,0.0
37065.0,3.885,50.36,1.047,109.0006,25.0189,0.0
37070.0,3.885,49.6901,1.0394,109.7696,25.4876,0.0
37075.0,3.885,49.537,1.0255,109.413,24.8359,0.0
37080.0,3.885,49.8127,1.0302,109.6864,25.1413,0.0
37085.0,3.885,49.6447,1.0386,110.2012,25.4691,0.0
37090.0,3.885,49.8303,1.0601,110.0771,24.7619,0.0
37095.0,3.885,50.2932,1.045,111.0457,25.1835,0.0
37100.0,3.885,49.4549,1.0286,110.0856,24.8794,0.0
37105.0,3.885,49.8541,1.035,108.954,24.9489,0.0
37110.0,3.885,50.295,1.0362,110.2353,24.8694,0.0
37115.0,3.885,50.2445,1.0583,110.5264,24.8824,0.0
37120.0,3.885,49.9804,1.0565,110.6198,25.7411,0.0
37125.0,3.885,49.6997,1.038,109.6592,25.2671,0.0
37130.0,3.885,50.3793,1.0583,111.017,25.3268,0.0
37135.0,3.885,50.3981,1.0165,110.955,25.1699,0.0
37140.0,3.885,50.1885,1.0262,109.3317,24.6409,0.0
37145.0,3.885,49.9325,1.0418,110.5514,25.1369,0.0
37150.0,3.885,49.7888,1.0395,110.8178,25.3022,0.0
37155.0,3.885,49.8447,1.0311,109.9328,24.8164,0.0
37160.0,3.885,50.5122,1.0337,109.8081,25.267,0.0
37165.0,3.885,50.1008,1.0611,110.8867,25.1978,0.0137
37170.0,3.885,49.536,1.0326,109.3577,25.4808,0.0
37175.0,3.885,49.951,1.0599,110.9796,24.9095,0.0
37180.0,3.885,50.5557,1.0254,109.6711,24.7358,0.0
37185.0,3.885,50.489,1.0478,110.1129,24.9161,0.0
37190.0,3.885,50.2259,1.0619,111.093,25.3618,0.0
37195.0,3.885,49.7977,1.0488,110.2504,24.5423,0.0
37200.0,3.885,49.6831,1.048,111.3069,24.4789,0.0
37205.0,3.885,49.8653,1.0383,109.1939,25.015,0.0
37210.0,3.885,49.2227,1.0502,109.6653,24.8787,0.0
37215.0,3.885,50.0653,1.0491,110.6434,24.9881,0.0
37220.0,3.885,50.1224,1.0377,109.5012,25.2194,0.0
37225.0,3.885,50.3528,1.0274,107.8987,24.8419,0.0
37230.0,3.885,49.674,1.0461,109.681,24.5089,0.0
37235.0,3.885,49.5365,1.0565,110.8588,25.4854,0.0
37240.0,3.885,50.4174,1.0326,109.9575,24.7222,0.0
37245.0,3.885,49.8909,1.0423,108.5461,24.7041,0.0
37250.0,3.885,49.8071,1.0259,110.0368,25.2422,0.0
37255.0,3.885,49.4734,1.0257,108.8979,24.8677,0.0
37260.0,3.885,49.8593,1.0453,109.9328,24.9455,0.0
37265.0,3.885,49.6043,1.0351,109.9895,25.0797,0.0
37270.0,3.885,50.2621,1.0292,110.9831,25.2277,0.0
37275.0,3.885,49.3759,1.0234,108.4711,24.8713,0.0
37280.0,3.885,50.5005,1.0419,109.1132,25.3325,0.0
37285.0,3.885,49.9273,1.051,111.4978,24.4166,0.0
37290.0,3.885,49.7965,1.05,109.9553,25.1386,0.0
37295.0,3.885,49.5563,1.0559,109.787,24.7369,0.0
37300.0,3.885,50.2511,1.0584,110.2255,25.2882,0.0
37305.0,3.885,49.9415,1.0045,108.1383,24.979,0.0
37310.0,3.885,49.9304,1.0578,111.1405,24.7737,0.0
37315.0,3.885,50.0715,1.0427,110.7564,25.1061,0.0
37320.0,3.885,49.6317,1.0312,109.1294,25.1623,0.0
37325.0,3.885,49.8868,1.0431,109.7911,25.0982,0.0
37330.0,3.885,50.2729,1.0259,108.4149,24.6791,0.0
37335.0,3.885,49.5984,1.0448,109.9451,24.8143,0.0006
37340.0,3.885,50.1502,1.0419,110.4324,24.9333,0.0
37345.0,3.885,49.9815,1.0313,110.2491,24.923,0.0
37350.0,3.885,49.8214,1.0476,111.3214,25.1199,0.0
37355.0,3.885,50.1972,1.0394,109.9702,24.4279,0.0
37360.0,3.885,49.6635,1.0207,108.8265,25.0145,0.0
37365.0,3.885,50.1643,1.0342,109.604,24.8578,0.0
37370.0,3.885,50.4032,1.0691,111.2434,24.7202,0.0
37375.0,3.885,50.2166,1.0296,109.5886,24.7437,0.0
37380.0,3.885,49.8825,1.0422,109.9257,24.8753,0.0
37385.0,3.885,50.3953,1.0416,109.9948,24.0284,0.0
37390.0,3.885,50.4986,1.0287,109.2391,24.7532,0.0
37395.0,3.885,49.0935,1.0473,109.698,24.7094,0.0
37400.0,3.885,49.8111,1.0476,110.2239,25.0615,0.0
37405.0,3.885,50.2965,1.0462,110.9103,24.727,0.0
37410.0,3.885,49.8035,1.0534,110.0638,24.8748,0.0
37415.0,3.885,49.3149,1.0341,108.0463,25.3143,0.0
37420.0,3.885,50.3566,1.0479,110.915,25.1777,0.0
37425.0,3.885,50.0549,1.0536,110.9304,25.155,0.0
37430.0,3.885,49.7728,1.0424,108.9553,24.805,0.0
37435.0,3.885,49.9982,1.0377,108.0221,25.0663,0.0
37440.0,3.885,49.8796,1.0331,109.427,24.8727,0.0
37445.0,3.885,49.6442,1.0384,110.3966,24.8828,0.0
37450.0,3.885,49.8866,1.0413,110.1763,25.0351,0.0
37455.0,3.885,50.2871,1.0474,111.0144,24.7843,0.0
37460.0,3.885,50.4335,1.0528,110.31,25.3078,0.0
37465.0,3.885,49.7757,1.0275,109.9447,24.8955,0.0
37470.0,3.885,49.5611,1.0429,110.1582,25.0913,0.0
37475.0,3.885,49.9199,1.0555,110.5689,25.3018,0.0
37480.0,3.885,50.0881,1.0408,110.0632,25.1971,0.0
37485.0,3.885,50.0158,1.0493,109.8268,24.5884,0.0
37490.0,3.885,49.9582,1.0258,109.5801,25.0533,0.0
37495.0,3.885,50.2261,1.0509,111.356,25.1563,0.0
37500.0,3.885,50.2358,1.0539,110.8531,25.1682,0.0
37505.0,3.885,50.0507,1.0206,108.9902,24.6686,0.0
37510.0,3.885,49.9765,1.0427,109.9695,24.7844,0.0
37515.0,3.885,50.0163,1.0375,109.8795,25.1992,0.0
37520.0,3.885,49.8907,1.0241,108.4689,24.762,0.0
37525.0,3.885,50.1239,1.0459,109.8184,24.8795,0.0
37530.0,3.885,50.1069,1.054,110.3505,25.3505,0.0
37535.0,3.885,49.8732,1.0417,110.6738,24.9468,0.0
37540.0,3.885,50.5949,1.0352,110.0981,24.7793,0.0
37545.0,3.885,50.1744,1.0266,109.4701,24.7439,0.0
37550.0,3.885,49.5662,1.017,109.0638,25.0489,0.0
37555.0,3.885,49.4631,1.036,110.8495,24.6349,0.0
37560.0,3.885,49.9284,1.0382,110.0886,24.9089,0.0
37565.0,3.885,49.3869,1.0285,109.4407,25.0566,0.0
37570.0,3.885,50.4909,1.0588,110.2627,25.3008,0.0
37575.0,3.885,49.7634,1.0516,110.68,25.1456,0.0
37580.0,3.885,50.286,1.0348,110.1815,24.8031,0.0
37585.0,3.885,50.2285,1.0342,110.433,25.2791,0.0
37590.0,3.885,49.889,1.0452,110.8866,24.9126,0.0
37595.0,3.885,50.3146,1.0541,109.7763,24.6816,0.0
37600.0,3.885,49.9949,1.0426,109.5071,24.9507,0.0
37605.0,3.885,50.0246,1.0441,109.7137,25.3564,0.0
37610.0,3.885,49.7432,1.0605,111.3907,25.0415,0.0
37615.0,3.885,49.9975,1.0448,109.9026,25.0066,0.0
37620.0,3.885,50.4164,1.033,109.9632,25.4162,0.0
37625.0,3.885,49.9532,1.0421,110.5671,24.6525,0.0
37630.0,3.885,50.1648,1.0316,109.9613,24.6925,0.0
37635.0,3.885,50.2233,1.0317,109.2385,24.6136,0.0
37640.0,3.885,50.414,1.0419,109.8581,25.1144,0.0
37645.0,3.885,50.3255,1.0589,109.9351,25.0666,0.0
37650.0,3.885,50.0741,1.0449,109.6673,25.4145,0.0
37655.0,3.885,50.3891,1.0227,109.1431,25.0936,0.0
37660.0,3.885,50.0338,1.0383,110.0886,24.9356,0.0
37665.0,3.885,49.9342,1.0409,110.3217,25.0411,0.0
37670.0,3.885,50.1289,1.0381,108.2912,25.0741,0.0
37675.0,3.885,49.4086,1.0368,109.2845,24.6309,0.0
37680.0,3.885,50.0268,1.0675,112.0022,25.7306,0.0
37685.0,3.885,50.0433,1.0592,110.8082,25.1873,0.0
37690.0,3.885,49.9565,1.0553,110.5952,25.1142,0.0
37695.0,3.885,49.9945,1.0421,109.6108,25.2198,0.0
37700.0,3.885,49.6457,1.0289,109.3723,25.2478,0.0
37705.0,3.885,50.1026,1.0488,110.4912,25.0399,0.0
37710.0,3.885,50.1375,1.0397,108.8664,24.9218,0.0
37715.0,3.885,50.2204,1.0288,109.9571,25.2341,0.0
37720.0,3.885,49.3727,1.045,110.6473,25.1853,0.0
37725.0,3.885,49.911,1.0316,109.5753,24.8911,0.0
37730.0,3.885,49.9495,1.0434,110.9557,25.4532,0.0
37735.0,3.885,49.9309,1.0269,109.5019,25.1766,0.0
37740.0,3.885,50.1639,1.0598,110.4574,25.2906,0.0
37745.0,3.885,50.0327,1.0434,109.5758,25.4611,0.0
37750.0,3.885,50.4361,1.044,110.7568,25.1236,0.0
37755.0,3.885,50.0702,1.0374,109.5754,25.2025,0.0
37760.0,3.885,49.5777,1.032,109.8275,25.3309,0.0
37765.0,3.885,49.8095,1.0301,109.3269,24.9523,0.0
37770.0,3.885,50.0733,1.0666,111.2728,25.1523,0.0
37775.0,3.885,50.2059,1.0492,109.8171,25.1754,0.0
37780.0,3.885,49.6654,1.0497,109.5816,24.9104,0.0
37785.0,3.885,49.9026,1.05,110.2534,25.7342,0.0
37790.0,3.885,49.6628,1.0433,109.2978,24.8084,0.0
37795.0,3.885,49.6619,1.0453,110.5768,24.8411,0.0
37800.0,3.885,49.9647,1.0428,109.4081,25.4997,0.0
37805.0,3.885,50.5811,1.0461,110.5564,25.3551,0.0
37810.0,3.885,49.9868,1.0385,108.7855,24.9259,0.0
37815.0,3.885,49.546,1.0452,110.7273,25.3398,0.0
37820.0,3.885,49.6414,1.0224,108.4472,25.5607,0.0
37825.0,3.885,50.1865,1.0446,109.1638,25.1919,0.0
37830.0,3.885,50.5322,1.0362,110.7228,25.855,0.0
37835.0,3.885,50.1099,1.0416,110.3767,24.7801,0.0
37840.0,3.885,49.5452,1.0414,109.483,25.3904,0.0
37845.0,3.885,49.3511,1.0533,109.9747,25.5145,0.0
37850.0,3.885,50.0272,1.0476,110.045,25.4517,0.0
37855.0,3.885,49.6622,1.0228,109.8206,25.1837,0.0
37860.0,3.885,50.3916,1.0403,109.8109,25.1682,0.0
37865.0,3.885,49.608,1.0154,109.5578,25.358,0.0
37870.0,3.885,49.7116,1.0383,109.6512,25.457,0.0
37875.0,3.885,49.9375,1.0606,110.4353,25.4098,0.0
37880.0,3.885,50.2427,1.0454,109.7558,25.5254,0.0
37885.0,3.885,49.6485,1.0497,108.9339,25.0168,0.0
37890.0,3.885,50.0007,1.0566,110.5726,25.2209,0.0
37895.0,3.885,49.229,1.0229,109.6008,25.0491,0.0
37900.0,3.885,50.1245,1.0323,109.2486,25.1939,0.0
37905.0,3.885,49.9586,1.0498,110.6487,25.5505,0.0
37910.0,3.885,49.6089,1.0203,108.3721,25.3301,0.0
37915.0,3.885,50.0053,1.0136,108.2057,25.9612,0.0
37920.0,3.885,50.1204,1.0496,108.8303,25.3643,0.0
37925.0,3.885,49.8139,1.0465,110.1916,25.3373,0.0
37930.0,3.885,49.8359,1.0328,110.4582,25.3554,0.0
37935.0,3.885,50.1473,1.0469,111.2265,25.1759,0.0
37940.0,3.885,49.8238,1.0339,111.1691,25.3275,0.0
37945.0,3.885,49.689,1.0426,110.7366,25.6304,0.0
37950.0,3.885,50.1895,1.0432,111.2672,25.3836,0.0
37955.0,3.885,49.9246,1.06,111.4044,25.1633,0.0
37960.0,3.885,49.8706,1.0475,109.8925,25.1371,0.0
37965.0,3.885,49.7632,1.0548,110.2767,25.2624,0.0
37970.0,3.885,50.036,1.0556,111.3832,25.4001,0.0
37975.0,3.885,49.9371,1.068,110.6316,25.6868,0.0
37980.0,3.885,50.2546,1.0501,110.3574,25.06,0.0
37985.0,3.885,50.0522,1.0323,110.2186,25.3219,0.0
37990.0,3.885,50.5058,1.0283,110.0209,25.4446,0.0
37995.0,3.885,49.709,1.0416,111.1578,24.9569,0.0
38000.0,3.885,49.7473,1.0325,109.255,25.2137,0.0
38005.0,3.885,49.8399,1.0501,110.4474,25.259,0.0
38010.0,3.885,50.0934,1.0659,110.7699,25.2367,0.0
38015.0,3.885,49.6034,1.0537,110.6478,25.4905,0.0
38020.0,3.885,49.6438,1.039,110.0162,25.4093,0.0
38025.0,3.885,49.9554,1.0488,110.2391,25.3174,0.0
38030.0,3.885,49.7463,1.0574,110.4833,25.5701,0.0
38035.0,3.885,49.9091,1.0633,110.1926,25.9008,0.0
38040.0,3.885,49.5186,1.0426,109.6827,25.8867,0.0
38045.0,3.885,50.1479,1.0362,108.6283,25.0031,0.0
38050.0,3.885,49.676,1.0571,110.8156,25.635,0.0
38055.0,3.885,49.9462,1.045,110.2047,25.4531,0.0
38060.0,3.885,49.6526,1.0314,109.8657,25.5433,0.0
38065.0,3.885,50.3738,1.0442,110.0378,25.4119,0.0
38070.0,3.885,49.5552,1.0434,110.3317,25.5478,0.0
38075.0,3.885,50.5837,1.0487,110.2197,25.5632,0.0
38080.0,3.885,49.8584,1.0308,111.1861,25.3875,0.0
38085.0,3.885,49.7714,1.0438,109.5767,25.3151,0.0
38090.0,3.885,49.4474,1.0337,109.9208,25.434,0.0
38095.0,3.885,50.6323,1.0474,110.6074,25.6116,0.0
38100.0,3.885,50.5673,1.0513,109.8534,25.7098,0.0
38105.0,3.885,50.2014,1.0212,108.0457,25.7803,0.0
38110.0,3.885,49.7104,1.0378,109.1869,25.4503,0.0
38115.0,3.885,50.0825,1.031,109.1477,25.6518,0.0
38120.0,3.885,50.2503,1.0403,109.5783,25.8284,0.0
38125.0,3.885,49.8553,1.0461,109.6705,25.8861,0.0
38130.0,3.885,49.9906,1.0222,110.5044,25.5869,0.0
38135.0,3.885,49.8803,1.0348,109.0945,25.5533,0.0
38140.0,3.885,49.9288,1.0438,110.7355,25.6632,0.0
38145.0,3.885,50.0757,1.022,108.0285,25.3349,0.0
38150.0,3.885,49.8037,1.0264,109.2028,25.5808,0.0
38155.0,3.885,50.0525,1.0494,110.5187,25.8223,0.0
38160.0,3.885,50.1306,1.0485,111.7321,25.8035,0.0
38165.0,3.885,49.831,1.0505,110.9835,25.5823,0.0
38170.0,3.885,49.8617,1.0221,108.36,25.7112,0.0
38175.0,3.885,49.3689,1.0451,110.7115,25.4574,0.0
38180.0,3.885,49.8901,1.0569,110.628,25.8463,0.0
38185.0,3.885,49.3252,1.0515,109.7789,25.6578,0.0
38190.0,3.885,49.4618,1.0234,110.9597,25.6151,0.0
38195.0,3.885,49.8517,1.0428,110.0042,25.6004,0.0
38200.0,3.885,49.9046,1.0687,111.37,25.6819,0.0
38205.0,3.885,49.6122,1.0474,109.0183,25.5924,0.0
38210.0,3.885,50.3369,1.0293,110.5919,25.8757,0.0
38215.0,3.885,49.9812,1.0308,110.8084,25.6191,0.0
38220.0,3.885,49.974,1.0488,109.6035,26.1228,0.0
38225.0,3.885,49.9326,1.0527,110.1797,26.0976,0.0
38230.0,3.885,49.6252,1.0466,111.0116,25.5151,0.0
38235.0,3.885,49.7216,1.0283,110.7673,25.762,0.0
38240.0,3.885,49.668,1.0512,110.9549,25.5886,0.0
38245.0,3.885,49.9125,1.0386,110.3742,25.6762,0.0
38250.0,3.885,49.6868,1.0329,110.427,26.265,0.0
38255.0,3.885,49.9419,1.0387,109.4912,25.6941,0.0
38260.0,3.885,49.981,1.0419,111.2424,25.8676,0.0
38265.0,3.885,50.2178,1.0275,109.64,25.9194,0.0
38270.0,3.885,50.184,1.0567,110.6557,25.5404,0.0
38275.0,3.885,50.1769,1.0421,109.745,25.5832,0.0
38280.0,3.885,50.1633,1.049,110.4723,25.5019,0.0
38285.0,3.885,49.7632,1.0295,109.852,25.5883,0.0
38290.0,3.885,49.9494,1.0536,110.1806,25.1037,0.0
38295.0,3.885,50.1977,1.0245,109.1578,25.9587,0.0
38300.0,3.885,49.3303,1.0563,111.562,26.3424,0.0
38305.0,3.885,50.4702,1.0607,111.6641,25.8721,0.0
38310.0,3.885,50.1512,1.0193,109.2622,25.4874,0.0
38315.0,3.885,50.1448,1.0316,109.1333,25.687,0.0
38320.0,3.885,49.9124,1.0443,109.5807,25.7392,0.0
38325.0,3.885,49.5521,1.0397,110.8096,25.6056,0.0
38330.0,3.885,49.6355,1.0362,109.6685,26.0812,0.0
38335.0,3.885,50.5145,1.0565,109.8742,26.0748,0.0
38340.0,3.885,49.5611,1.0548,110.6191,25.5895,0.0
38345.0,3.885,49.8299,1.0527,110.0843,26.0656,0.0
38350.0,3.885,50.1088,1.0496,110.0709,26.2721,0.0
38355.0,3.885,49.5337,1.0523,111.2171,26.3719,0.0
38360.0,3.885,50.0098,1.0671,111.3834,26.6185,0.0
38365.0,3.885,49.9965,1.0452,108.8482,25.6826,0.0
38370.0,3.885,49.7131,1.0182,110.2041,26.62,0.0
38375.0,3.885,50.0853,1.0424,109.0294,25.8312,0.0
38380.0,3.885,49.9922,1.0453,109.7101,25.7774,0.0
38385.0,3.885,49.9777,1.0267,111.0951,26.013,0.0
38390.0,3.885,49.6579,1.0365,109.4259,25.7914,0.0
38395.0,3.885,50.5313,1.0449,109.2526,26.0423,0.0
38400.0,3.885,50.1437,1.0523,109.9134,25.6182,0.0
38405.0,3.885,50.0821,1.0383,110.1873,25.8941,0.0
38410.0,3.885,49.9946,1.0111,108.6813,26.2807,0.0
38415.0,3.885,50.1298,1.0309,109.184,25.9505,0.0
38420.0,3.885,50.3066,1.0316,110.1667,26.0056,0.0
38425.0,3.885,50.3795,1.046,109.8915,26.0944,0.0
38430.0,3.885,50.3191,1.0473,109.8884,26.2736,0.0
38435.0,3.885,49.3236,1.0477,109.6668,25.5724,0.0
38440.0,3.885,50.3386,1.0479,110.1973,26.1376,0.0
38445.0,3.885,50.0032,1.0505,110.3888,25.9296,0.0
38450.0,3.885,50.3642,1.0526,110.9066,26.0435,0.0
38455.0,3.885,49.9848,1.041,109.6635,26.2719,0.0
38460.0,3.885,49.9968,1.0223,108.9185,25.7135,0.0
38465.0,3.885,50.0517,1.0456,111.1642,25.7639,0.0
38470.0,3.885,49.5536,1.0482,111.2124,25.5381,0.0
38475.0,3.885,49.6892,1.0374,109.2534,25.8896,0.0
38480.0,3.885,50.1455,1.0501,109.7013,26.3644,0.0
38485.0,3.885,49.7618,1.0523,109.4965,26.0065,0.0
38490.0,3.885,49.9181,1.0535,112.0377,25.7063,0.0
38495.0,3.885,49.8019,1.0313,109.5744,25.9247,0.0
38500.0,3.885,49.969,1.03,109.4412,25.6788,0.0
38505.0,3.885,49.5901,1.047,109.753,25.7741,0.0
38510.0,3.885,49.8614,1.0423,110.1665,26.1572,0.0
38515.0,3.885,49.9466,1.0388,109.1511,25.771,0.0
38520.0,3.885,49.8017,1.0271,108.3341,26.3471,0.0
38525.0,3.885,50.1086,1.0403,110.6552,26.0556,0.0
38530.0,3.885,50.1216,1.0405,110.6795,26.0991,0.0
38535.0,3.885,49.6563,1.0349,110.2293,26.0124,0.0
38540.0,3.885,50.2126,1.0308,110.4227,26.2795,0.0
38545.0,3.885,49.9333,1.0438,110.6545,26.2863,0.0
38550.0,3.885,49.8696,1.0467,109.8405,26.1784,0.0
38555.0,3.885,50.1388,1.0282,109.1249,26.2399,0.0
38560.0,3.885,50.1284,1.072,110.3541,26.0497,0.0
38565.0,3.885,49.9174,1.0344,109.4685,26.2423,0.0
38570.0,3.885,50.5069,1.0486,109.6701,26.0262,0.0
38575.0,3.885,49.9339,1.0296,108.4801,26.1151,0.0
38580.0,3.885,49.8853,1.0348,109.4885,26.0496,0.0
38585.0,3.885,49.9632,1.0154,109.0605,26.0078,0.0
38590.0,3.885,49.6578,1.0337,109.3532,25.9535,0.0
38595.0,3.885,49.4414,1.0464,110.1039,26.2463,0.0
38600.0,3.885,50.3623,1.0367,109.0638,26.4606,0.0
38605.0,3.885,50.2244,1.0679,109.889,26.4293,0.0
38610.0,3.885,49.6615,1.0443,110.5156,25.8258,0.0
38615.0,3.885,49.8469,1.0447,110.9047,26.4657,0.0
38620.0,3.885,49.9548,1.0314,109.1277,26.0672,0.0
38625.0,3.885,49.7991,1.0445,109.1365,26.3002,0.0
38630.0,3.885,49.8156,1.0426,111.992,25.9267,0.0
38635.0,3.885,50.2767,1.0176,109.3223,26.192,0.0
38640.0,3.885,49.6632,1.0519,110.8896,26.238,0.0
38645.0,3.885,49.7613,1.0456,109.598,25.7915,0.0
38650.0,3.885,49.9457,1.0423,110.0987,26.3177,0.0
38655.0,3.885,49.984,1.0542,109.1953,26.5051,0.0
38660.0,3.885,50.0769,1.0283,109.2949,26.1278,0.0
38665.0,3.885,49.7601,1.0376,110.858,26.5143,0.0
38670.0,3.885,50.2352,1.0403,110.5743,26.1296,0.0
38675.0,3.885,49.7223,1.0255,109.7207,26.3922,0.0
38680.0,3.885,50.6135,1.0375,110.8143,25.6278,0.0
38685.0,3.885,50.1922,1.0497,110.9646,26.7897,0.0
38690.0,3.885,50.1945,1.0576,110.7482,26.5614,0.0
38695.0,3.885,49.6359,1.0593,110.5862,26.1188,0.0
38700.0,3.885,50.0849,1.0572,108.9925,25.6994,0.0
38705.0,3.885,50.023,1.0504,109.8088,26.2668,0.0
38710.0,3.885,49.7441,1.0445,109.8602,25.8361,0.0
38715.0,3.885,50.3112,1.0444,110.0029,26.3105,0.0
38720.0,3.885,50.0543,1.0226,109.6001,26.3043,0.0
38725.0,3.885,50.0851,1.0258,108.9273,25.9682,0.0
38730.0,3.885,50.3938,1.0456,110.9397,26.4858,0.0
38735.0,3.885,49.6262,1.0398,108.3585,26.409,0.0
38740.0,3.885,50.176,1.0395,109.3128,26.4535,0.0
38745.0,3.885,50.1684,1.0586,110.1973,26.2136,0.0
38750.0,3.885,49.5692,1.031,109.764,25.8593,0.0
38755.0,3.885,49.7669,1.0323,109.1086,26.4594,0.0
38760.0,3.885,49.6552,1.0359,110.7755,26.149,0.0
38765.0,3.885,50.2342,1.0211,108.9098,25.8708,0.0
38770.0,3.885,50.1465,1.0684,112.3499,26.5578,0.0
38775.0,3.885,50.5182,1.0291,109.6865,26.7462,0.0
38780.0,3.885,50.2954,1.0247,108.9338,26.2124,0.0
38785.0,3.885,50.1909,1.0436,108.7933,26.7639,0.0
38790.0,3.885,49.8835,1.0355,109.1473,26.2483,0.0
38795.0,3.885,49.3565,1.0454,110.9266,26.1316,0.0
38800.0,3.885,50.2301,1.0531,111.1293,26.0703,0.0
38805.0,3.885,49.9262,1.0443,109.7472,26.6384,0.0
38810.0,3.885,49.6766,1.0435,110.1699,26.0352,0.0
38815.0,3.885,49.512,1.0405,110.3112,26.4151,0.0
38820.0,3.885,49.8835,1.0398,110.2091,26.0924,0.0
38825.0,3.885,50.5758,1.0299,109.0268,26.1181,0.0
38830.0,3.885,49.7802,1.0255,110.2432,26.4915,0.0
38835.0,3.885,50.1738,1.03,109.6111,26.1398,0.0
38840.0,3.885,50.1401,1.0508,111.4056,26.1343,0.0
38845.0,3.885,50.015,1.038,110.7786,26.5194,0.0
38850.0,3.885,49.7986,1.0633,109.3446,26.6362,0.0
38855.0,3.885,50.7597,1.052,109.7128,26.3986,0.0
38860.0,3.885,50.5018,1.0226,109.2776,26.0742,0.0
38865.0,3.885,49.5419,1.06,111.7407,26.1107,0.0
38870.0,3.885,50.4471,1.0441,110.2297,26.2588,0.0
38875.0,3.885,49.8501,1.0503,109.8614,26.3194,0.0
38880.0,3.885,50.3165,1.0517,110.0017,25.9925,0.0
38885.0,3.885,50.2339,1.0526,111.0312,26.4204,0.0
38890.0,3.885,50.427,1.0258,108.658,26.2612,0.0
38895.0,3.885,49.3932,1.0314,110.2004,25.811,0.0
38900.0,3.885,49.9128,1.0402,110.3219,26.0078,0.0
38905.0,3.885,50.2248,1.0349,108.8749,26.114,0.0
38910.0,3.885,49.7011,1.0424,110.07,26.2218,0.0
38915.0,3.885,50.0223,1.0362,109.5132,26.7122,0.0
38920.0,3.885,50.2952,1.0349,109.3641,26.2993,0.0
38925.0,3.885,49.5693,1.0476,111.5623,26.0294,0.0
38930.0,3.885,50.7627,1.0287,110.5996,26.2945,0.0
38935.0,3.885,49.6542,1.0473,110.3371,26.151,0.0
38940.0,3.885,50.1057,1.0474,110.0062,26.3198,0.0
38945.0,3.885,50.2983,1.0472,110.1603,26.3834,0.0
38950.0,3.885,49.975,1.0387,109.9104,26.5401,0.0
38955.0,3.885,49.8531,1.0245,108.7104,26.2312,0.0
38960.0,3.885,49.8995,1.034,109.6352,26.6464,0.0
38965.0,3.885,49.9061,1.061,110.6729,26.4631,0.0
38970.0,3.885,50.0655,1.0456,110.5126,26.0586,0.0
38975.0,3.885,49.7821,1.0458,110.0011,26.7872,0.0
38980.0,3.885,50.4101,1.0445,109.3388,26.3157,0.0
38985.0,3.885,50.1982,1.0296,110.4802,26.0244,0.0
38990.0,3.885,50.4855,1.0374,109.4195,26.6455,0.0
38995.0,3.885,50.0154,1.0338,109.4354,26.7508,0.0
39000.0,3.885,50.0232,1.0455,110.6652,26.2222,0.0
39005.0,3.885,50.2881,1.0234,109.8986,26.1035,0.0
39010.0,3.885,50.0709,1.0476,108.8303,26.1853,0.0
39015.0,3.885,50.1576,1.0375,110.6415,26.406,0.0
39020.0,3.885,50.1228,1.0585,111.045,26.5456,0.0
39025.0,3.885,49.7729,1.0493,110.7204,26.3676,0.0
39030.0,3.885,49.8625,1.0269,109.9196,26.2492,0.0
39035.0,3.885,49.8358,1.0435,110.2208,26.597,0.0
39040.0,3.885,49.8879,1.0397,109.6063,26.143,0.0
39045.0,3.885,49.6808,1.0376,110.0756,26.4776,0.0
39050.0,3.885,50.2021,1.0472,110.4352,26.1464,0.0
39055.0,3.885,50.1699,1.0252,109.6799,26.3248,0.0
39060.0,3.885,50.4353,1.0634,110.3172,26.1871,0.0
39065.0,3.885,50.725,1.0312,109.3166,26.2001,0.0
39070.0,3.885,50.0878,1.032,108.4406,26.1181,0.0
39075.0,3.885,50.0698,1.0549,110.753,26.5471,0.0
39080.0,3.885,50.0845,1.0254,109.467,26.026,0.0
39085.0,3.885,50.6103,1.0195,108.3243,26.0225,0.0
39090.0,3.885,49.4128,1.0542,110.1325,26.7361,0.0
39095.0,3.885,49.8335,1.0407,110.7856,26.4486,0.0
39100.0,3.885,49.7219,1.0428,110.1207,25.606,0.0
39105.0,3.885,49.9528,1.0341,110.5875,26.0592,0.0
39110.0,3.885,50.1449,1.044,110.2634,25.7457,0.0
39115.0,3.885,49.3852,1.0267,108.8902,25.9591,0.0
39120.0,3.885,49.9377,1.0511,110.3467,25.4102,0.0
39125.0,3.885,50.0273,1.0515,109.4109,26.1586,0.0
39130.0,3.885,50.1274,1.0477,110.8989,25.9054,0.0
39135.0,3.885,49.8133,1.0149,109.0974,26.2039,0.0
39140.0,3.885,50.0417,1.0547,110.8678,25.7806,0.0
39145.0,3.885,49.9702,1.0502,110.8022,26.2055,0.0
39150.0,3.885,49.6032,1.0476,110.6324,26.0789,0.0
39155.0,3.885,50.1651,1.026,109.9727,26.556,0.0
39160.0,3.885,50.4828,1.0517,111.8042,26.5312,0.0
39165.0,3.885,50.0598,1.0122,109.1096,26.3725,0.0
39170.0,3.885,49.8758,1.0402,110.3768,26.0923,0.0
39175.0,3.885,50.1722,1.0276,108.8977,26.668,0.0
39180.0,3.885,50.3789,1.0479,110.6367,25.7812,0.0
39185.0,3.885,50.2268,1.0414,109.4846,25.8162,0.0
39190.0,3.885,50.2441,1.0326,109.1522,26.1439,0.0
39195.0,3.885,50.2702,1.0619,109.8362,26.726,0.0
39200.0,3.885,49.9175,1.0388,109.3252,26.1095,0.0
39205.0,3.885,50.158,1.0542,110.897,26.1119,0.0
39210.0,3.885,50.0111,1.0386,109.8748,25.7948,0.0
39215.0,3.885,49.9616,1.0637,110.7222,26.3894,0.0
39220.0,3.885,49.9002,1.038,109.6299,26.3887,0.0
39225.0,3.885,50.6256,1.0351,109.7422,26.3452,0.0
39230.0,3.885,49.8977,1.0481,110.1297,25.9882,0.0
39235.0,3.885,50.2432,1.0244,109.2261,25.9663,0.0
39240.0,3.885,49.317,1.0476,109.7298,25.8172,0.0
39245.0,3.885,50.649,1.0555,109.9406,26.1589,0.0
39250.0,3.885,50.3919,1.0421,109.6918,25.8653,0.0
39255.0,3.885,49.8421,1.0372,110.7246,25.8385,0.0
39260.0,3.885,49.5126,1.039,108.7988,26.0243,0.0
39265.0,3.885,50.1903,1.0472,110.1254,26.0054,0.0
39270.0,3.885,50.1907,1.0272,109.547,25.9905,0.0
39275.0,3.885,49.4739,1.0123,108.5839,26.239,0.0
39280.0,3.885,50.1976,1.0477,110.9984,26.1396,0.0
39285.0,3.885,49.962,1.0568,110.6146,26.0451,0.0
39290.0,3.885,50.2188,1.0523,109.6769,26.1603,0.0
39295.0,3.885,50.3389,1.0493,109.4947,25.864,0.0
39300.0,3.885,49.7648,1.0444,109.6117,26.1355,0.0
39305.0,3.885,49.9313,1.0228,109.9505,26.1442,0.0
39310.0,3.885,49.7485,1.0376,109.4215,25.7281,0.0
39315.0,3.885,50.2219,1.0494,110.0016,26.3501,0.0
39320.0,3.885,49.7897,1.0356,110.7857,25.8782,0.0
39325.0,3.885,50.2411,1.0554,109.4612,26.1184,0.0
39330.0,3.885,50.1895,1.0524,111.1221,26.3843,0.0
39335.0,3.885,49.9811,1.0326,111.2482,26.3219,0.0
39340.0,3.885,50.6517,1.0307,110.0505,26.0964,0.0
39345.0,3.885,50.0654,1.0218,109.9138,25.9945,0.0
39350.0,3.885,49.6818,1.0417,109.8469,26.3193,0.0
39355.0,3.885,49.6088,1.0711,110.6865,26.2484,0.0
39360.0,3.885,50.0463,1.0517,110.1151,25.9225,0.0
39365.0,3.885,49.9616,1.0386,108.8625,25.8757,0.0
39370.0,3.885,50.4629,1.0455,110.6524,25.5537,0.0
39375.0,3.885,50.1987,1.041,109.7121,26.1076,0.0
39380.0,3.885,49.9095,1.0416,110.6892,26.0458,0.0
39385.0,3.885,49.8406,1.0521,110.815,26.3478,0.0
39390.0,3.885,49.3457,1.0548,111.1301,26.1509,0.0
39395.0,3.885,50.01,1.0449,109.718,26.3921,0.0
39400.0,3.885,49.9273,1.0457,111.2822,25.8816,0.0
39405.0,3.885,50.1739,1.0571,109.3948,26.3378,0.0
39410.0,3.885,50.3519,1.0478,110.7549,25.9185,0.0
39415.0,3.885,49.8326,1.0385,108.8107,26.2425,0.0
39420.0,3.885,49.6256,1.0425,109.6633,25.6808,0.0
39425.0,3.885,50.2356,1.0507,110.4254,26.1018,0.0
39430.0,3.885,50.0289,1.0463,110.4167,25.5443,0.0
39435.0,3.885,50.0754,1.0208,109.5302,25.9711,0.0
39440.0,3.885,49.8946,1.0526,109.6796,26.1455,0.0
39445.0,3.885,50.0401,1.0408,109.0648,25.9027,0.0
39450.0,3.885,49.9595,1.0395,110.8512,25.7678,0.0
39455.0,3.885,50.2223,1.024,110.9301,26.2395,0.0
39460.0,3.885,49.8772,1.028,109.4262,25.9997,0.0
39465.0,3.885,49.7957,1.0492,111.2885,25.9007,0.0
39470.0,3.885,50.2811,1.045,109.8564,26.0312,0.0
39475.0,3.885,49.6,1.0181,109.677,26.6775,0.0
39480.0,3.885,49.7738,1.0441,109.049,26.3044,0.0
39485.0,3.885,49.5436,1.0239,109.2366,26.3044,0.0
39490.0,3.885,50.2706,1.0326,109.8641,26.1203,0.0
39495.0,3.885,49.8449,1.0524,109.804,26.0508,0.0
39500.0,3.885,50.2006,1.0561,110.9514,25.4079,0.0
39505.0,3.885,50.2973,1.0575,111.1605,25.835,0.0
39510.0,3.885,50.2974,1.0497,110.0154,25.8824,0.0
39515.0,3.885,50.2792,1.0509,110.0896,25.5316,0.0
39520.0,3.885,50.1939,1.0073,108.7564,25.7089,0.0
39525.0,3.885,50.3673,1.046,109.8311,25.5009,0.0
39530.0,3.885,49.7554,1.0487,110.6795,25.9845,0.0
39535.0,3.885,49.8879,1.0362,110.4171,26.1968,0.0
39540.0,3.885,50.2719,1.0377,108.8861,26.2668,0.0
39545.0,3.885,50.1419,1.0563,110.4831,26.0918,0.0
39550.0,3.885,49.9979,1.0241,109.9424,25.7454,0.0
39555.0,3.885,49.3789,1.0204,109.9538,25.5013,0.0
39560.0,3.885,50.0036,1.043,110.1317,25.5433,0.0
39565.0,3.885,49.9438,1.0457,109.5684,25.6634,0.0
39570.0,3.885,49.9462,1.0332,108.5276,25.7567,0.0
39575.0,3.885,49.8885,1.0352,109.4855,25.9373,0.0
39580.0,3.885,49.0975,1.0404,109.5473,25.722,0.0
39585.0,3.885,49.7756,1.0352,110.3321,26.0586,0.0
39590.0,3.885,49.784,1.046,110.7665,25.9142,0.0
39595.0,3.885,49.6988,1.0203,109.289,25.9734,0.0
39600.0,3.885,50.2821,1.046,110.4293,26.2543,0.0
39605.0,3.885,50.346,1.0399,109.1458,25.6727,0.0
39610.0,3.885,50.2235,1.035,108.7249,26.071,0.0
39615.0,3.885,50.4233,1.063,110.4913,25.9615,0.0
39620.0,3.885,49.8377,1.0559,110.5663,25.8803,0.0
39625.0,3.885,49.7732,1.0484,109.556,26.1837,0.0
39630.0,3.885,49.6808,1.0319,110.3886,26.1809,0.0
39635.0,3.885,49.9478,1.0432,110.2586,25.7234,0.0
39640.0,3.885,50.3754,1.0395,109.7027,25.9133,0.0
39645.0,3.885,50.102,1.075,110.5926,26.0281,0.0
39650.0,3.885,49.93,1.0626,109.3171,25.8885,0.0
39655.0,3.885,49.8661,1.0357,108.2662,26.1021,0.0
39660.0,3.885,49.7787,1.0477,110.3115,26.0252,0.0
39665.0,3.885,49.8849,1.0637,111.0382,26.4122,0.0
39670.0,3.885,49.8036,1.0414,110.3677,25.5707,0.0
39675.0,3.885,49.8995,1.0556,110.2568,25.9219,0.0
39680.0,3.885,49.7118,1.051,109.4272,25.7247,0.0
39685.0,3.885,49.6963,1.0511,110.1365,26.1023,0.0
39690.0,3.885,50.1249,1.0595,109.4612,25.5464,0.0
39695.0,3.885,50.4169,1.029,107.9409,26.0368,0.0
39700.0,3.885,50.3706,1.0382,109.9795,25.7922,0.0
39705.0,3.885,50.1755,1.0365,109.6713,25.7658,0.0
39710.0,3.885,50.3815,1.046,110.3644,25.5874,0.0
39715.0,3.885,50.3428,1.0287,110.6329,25.8325,0.0
39720.0,3.885,50.0094,1.039,109.6232,26.2197,0.0
39725.0,3.885,50.1634,1.0368,109.5479,25.9422,0.0
39730.0,3.885,49.6896,1.0332,109.3087,26.1054,0.0
39735.0,3.885,49.6521,1.0274,110.3706,26.3646,0.0
39740.0,3.885,49.8257,1.0409,108.9533,26.0145,0.0
39745.0,3.885,50.2329,1.0355,109.5185,25.809,0.0
39750.0,3.885,50.0497,1.0361,110.3266,26.0657,0.0
39755.0,3.885,50.1287,1.0502,109.9966,25.8131,0.0
39760.0,3.885,49.5408,1.0203,109.0627,25.8234,0.0
39765.0,3.885,50.2196,1.0425,108.984,25.57,0.0
39770.0,3.885,50.0524,1.0387,110.8247,26.182,0.0
39775.0,3.885,50.0579,1.0496,109.8533,25.8545,0.0
39780.0,3.885,50.6098,1.0418,109.4861,25.9972,0.0
39785.0,3.885,50.1886,1.0404,109.9764,25.6934,0.0
39790.0,3.885,50.1517,1.0331,108.569,26.0621,0.0
39795.0,3.885,49.5079,1.0401,109.9563,25.7635,0.0
39800.0,3.885,50.1813,1.0429,109.8483,25.9195,0.0
39805.0,3.885,50.1699,1.0389,108.7556,26.1754,0.0
39810.0,3.885,50.4575,1.0424,109.2738,26.1547,0.0
39815.0,3.885,50.2631,1.0226,110.6789,25.9527,0.0
39820.0,3.885,50.1002,1.0463,110.1995,25.5174,0.0
39825.0,3.885,49.5768,1.0362,109.3959,26.709,0.0
39830.0,3.885,49.9447,1.0346,108.6568,26.3987,0.0
39835.0,3.885,50.1442,1.0259,108.9114,26.1444,0.0
39840.0,3.885,49.9846,1.0391,109.153,25.777,0.0
39845.0,3.885,50.072,1.0239,109.2068,25.9385,0.0
39850.0,3.885,49.9055,1.0583,110.0843,25.8328,0.0
39855.0,3.885,49.9234,1.0292,110.3619,26.2864,0.0
39860.0,3.885,49.7973,1.0342,110.6865,26.038,0.0
39865.0,3.885,50.1807,1.0475,111.6065,25.7783,0.0
39870.0,3.885,49.5674,1.0274,110.1976,25.8587,0.0
39875.0,3.885,49.7668,1.0316,109.2419,26.2588,0.0
39880.0,3.885,49.8994,1.0265,110.2858,26.3808,0.0
39885.0,3.885,50.1327,1.046,109.3071,26.3652,0.0
39890.0,3.885,50.308,1.0522,111.1191,26.1748,0.0
39895.0,3.885,50.2874,1.0406,110.2257,25.9249,0.0
39900.0,3.885,50.3845,1.0449,111.2493,25.1802,0.0
39905.0,3.885,50.0865,1.0409,110.5019,26.0676,0.0
39910.0,3.885,50.5658,1.0384,109.6949,25.9956,0.0
39915.0,3.885,50.2488,1.018,109.0816,26.0339,0.0
39920.0,3.885,50.3162,1.0508,110.359,26.0153,0.0
39925.0,3.885,49.6561,1.0337,109.9174,25.6733,0.0
39930.0,3.885,50.0508,1.0487,111.7365,26.1473,0.0
39935.0,3.885,50.3143,1.065,110.6365,26.1692,0.0
39940.0,3.885,50.1585,1.0389,109.0883,26.1851,0.0
39945.0,3.885,50.1454,1.0397,110.2533,26.2545,0.0
39950.0,3.885,48.8777,1.0354,110.6556,26.1724,0.0
39955.0,3.885,49.6153,1.0279,108.4089,25.9225,0.0
39960.0,3.885,49.8356,1.0285,110.243,26.0109,0.0
39965.0,3.885,49.6239,1.0533,110.7722,26.0552,0.0
39970.0,3.885,50.0278,1.0355,109.1728,26.0632,0.0
39975.0,3.885,49.7508,1.0348,109.2753,26.2898,0.0
39980.0,3.885,49.4016,1.0241,110.0049,26.2052,0.0
39985.0,3.885,50.0985,1.0303,109.9458,26.5678,0.0
39990.0,3.885,50.3588,1.0458,109.6761,26.6043,0.0
39995.0,3.885,49.8582,1.045,109.5438,26.077,0.0
40000.0,3.885,49.6037,1.0391,109.4758,25.1023,0.0
40005.0,3.885,49.9827,1.0437,110.6242,26.3752,0.0
40010.0,3.885,49.9723,1.0285,109.9516,25.9356,0.0
40015.0,3.885,50.6263,1.0506,109.6952,25.875,0.0
40020.0,3.885,50.0647,1.0219,109.6992,25.9806,0.0
40025.0,3.885,49.7086,1.028,109.7547,25.9735,0.0
40030.0,3.885,49.9797,1.0518,110.1785,26.2433,0.0
40035.0,3.885,49.6233,1.0442,110.4222,25.7055,0.0
40040.0,3.885,50.5966,1.044,109.6832,25.8311,0.0
40045.0,3.885,50.3025,1.0589,111.3908,26.1917,0.0
40050.0,3.885,50.4148,1.0498,111.0728,26.267,0.0
40055.0,3.885,50.4756,1.0405,109.8313,26.2772,0.0
40060.0,3.885,49.6684,1.0503,109.7223,25.9257,0.0
40065.0,3.885,49.5166,1.0383,110.2638,25.8836,0.0
40070.0,3.885,49.5826,1.0294,109.9812,26.0074,0.0
40075.0,3.885,49.9842,1.0549,110.9225,26.1999,0.0
40080.0,3.885,49.9674,1.0352,109.7045,26.5174,0.0
40085.0,3.885,49.5908,1.0499,109.5224,25.6403,0.0
40090.0,3.885,50.1558,1.0421,109.9501,26.1032,0.0
40095.0,3.885,49.772,1.0448,110.7682,25.8316,0.0
40100.0,3.885,49.482,1.0396,110.0109,25.7581,0.0
40105.0,3.885,49.9596,1.0373,110.3592,26.4195,0.0
40110.0,3.885,49.9212,1.0352,108.9543,26.3205,0.0
40115.0,3.885,49.9729,1.057,110.3905,26.3035,0.0
40120.0,3.885,49.8851,1.0328,110.6521,26.4282,0.0
40125.0,3.885,50.0419,1.0517,110.038,26.085,0.0
40130.0,3.885,50.3574,1.0296,110.1973,26.1039,0.0
40135.0,3.885,50.1589,1.0417,111.4403,26.7656,0.0
40140.0,3.885,49.4973,1.0323,110.2746,26.1648,0.0
40145.0,3.885,49.7216,1.0448,110.0382,26.4176,0.0
40150.0,3.885,50.0733,1.0314,109.1216,26.2429,0.0
40155.0,3.885,50.0806,1.0447,111.0813,25.7868,0.0
40160.0,3.885,50.4752,1.0663,111.1999,25.7454,0.0
40165.0,3.885,49.5693,1.0518,111.0193,26.1196,0.0
40170.0,3.885,50.0598,1.0461,110.4274,26.5363,0.0
40175.0,3.885,50.1335,1.0539,110.3155,26.4773,0.0
40180.0,3.885,50.0258,1.0457,110.4055,26.5169,0.0
40185.0,3.885,49.8982,1.0107,107.9712,26.0498,0.0
40190.0,3.885,49.9668,1.0416,110.0579,26.7089,0.0
40195.0,3.885,50.065,1.0408,109.5264,26.0721,0.0
40200.0,3.885,49.7735,1.0334,109.2664,26.3751,0.0
40205.0,3.885,49.6427,1.054,110.3815,26.3279,0.0
40210.0,3.885,49.6831,1.0349,110.3377,26.2957,0.0
40215.0,3.885,50.3392,1.0541,110.026,26.6827,0.0
40220.0,3.885,49.7484,1.04,110.532,26.1807,0.0
40225.0,3.885,50.7068,1.0564,109.8576,26.0286,0.0
40230.0,3.885,49.5405,1.0398,110.4876,26.3802,0.0
40235.0,3.885,50.0568,1.0519,110.5285,26.2845,0.0
40240.0,3.885,49.94,1.0504,110.1914,27.2381,0.0
40245.0,3.885,50.2996,1.0175,108.8147,26.5724,0.0
40250.0,3.885,50.0327,1.0545,109.6726,26.3105,0.0
40255.0,3.885,49.5942,1.0414,110.7185,26.1585,0.0
40260.0,3.885,50.0225,1.0496,110.5815,25.9622,0.0
40265.0,3.885,49.5182,1.0441,109.237,26.1858,0.0
40270.0,3.885,50.079,1.0544,110.1412,26.4808,0.0
40275.0,3.885,50.4613,1.0498,109.484,26.819,0.0
40280.0,3.885,50.3282,1.0428,109.5485,26.7528,0.0
40285.0,3.885,50.2158,1.0366,110.3756,26.5399,0.0
40290.0,3.885,50.0299,1.0485,110.3311,26.4123,0.0
40295.0,3.885,49.5013,1.0329,109.3522,26.5708,0.0
40300.0,3.885,50.1581,1.0535,110.352,26.3845,0.0
40305.0,3.885,50.4797,1.0367,110.3965,26.9544,0.0
40310.0,3.885,49.9952,1.0568,109.5976,26.4883,0.0
40315.0,3.885,50.4127,1.0424,110.2308,26.525,0.0
40320.0,3.885,49.6501,1.0339,110.2009,26.0036,0.0
40325.0,3.885,50.0789,1.0343,108.7164,26.5198,0.0
40330.0,3.885,49.7139,1.0502,110.0481,26.789,0.0
40335.0,3.885,50.0772,1.0402,108.8918,26.3242,0.0
40340.0,3.885,49.8257,1.0363,111.1057,26.4149,0.0
40345.0,3.885,49.8464,1.0098,109.0419,26.8123,0.0
40350.0,3.885,49.4821,1.0481,110.2227,26.2565,0.0
40355.0,3.885,50.2337,1.0504,111.1422,26.9018,0.0
40360.0,3.885,49.7435,1.0418,108.928,26.5162,0.0
40365.0,3.885,50.3608,1.035,109.5136,26.5639,0.0
40370.0,3.885,49.7979,1.0462,110.133,26.3921,0.0
40375.0,3.885,50.0788,1.0492,111.0556,26.7797,0.0
40380.0,3.885,49.9816,1.0593,110.3308,27.3124,0.0
40385.0,3.885,50.0086,1.0504,109.591,26.9051,0.0
40390.0,3.885,49.6557,1.0549,109.9262,26.506,0.0
40395.0,3.885,49.9084,1.0389,111.0872,27.0185,0.0
40400.0,3.885,49.861,1.0333,111.3657,26.668,0.0
40405.0,3.885,50.2683,1.0308,110.2255,27.1034,0.0
40410.0,3.885,50.0883,1.0408,109.8045,26.9743,0.0
40415.0,3.885,49.6751,1.0547,109.8252,26.0497,0.0
40420.0,3.885,49.8578,1.0601,111.4151,26.5474,0.0
40425.0,3.885,49.9357,1.0513,110.5445,27.0476,0.0
40430.0,3.885,49.8726,1.0409,108.6339,26.8626,0.0
40435.0,3.885,50.1961,1.0442,110.4701,26.5819,0.0
40440.0,3.885,49.9969,1.0431,110.0125,26.6928,0.0
40445.0,3.885,49.7218,1.0467,110.8932,26.3881,0.0
40450.0,3.885,49.8394,1.037,110.7003,26.8561,0.0
40455.0,3.885,50.4646,1.0306,110.0094,27.4445,0.0
40460.0,3.885,50.5366,1.0448,110.007,27.1067,0.0
40465.0,3.885,50.1833,1.0502,109.954,27.4669,0.0
40470.0,3.885,49.763,1.0272,109.9687,27.1538,0.0
40475.0,3.885,50.0069,1.0437,109.2354,27.204,0.0
40480.0,3.885,49.81,1.0627,110.6649,27.4547,0.0
40485.0,3.885,49.9288,1.0403,109.6278,27.0697,0.0
40490.0,3.885,49.82,1.0232,108.944,26.9428,0.0
40495.0,3.885,50.3681,1.0303,109.3869,27.2621,0.0
40500.0,3.885,50.295,1.0429,110.4625,27.3818,0.0
40505.0,3.885,49.9123,1.0633,110.7212,26.9128,0.0
40510.0,3.885,49.7363,1.0468,110.48,26.867,0.0
40515.0,3.885,50.0629,1.0415,110.1439,27.0968,0.0
40520.0,3.885,49.6576,1.0354,109.2368,27.2847,0.0
40525.0,3.885,49.7086,1.0595,110.5843,27.2912,0.0
40530.0,3.885,49.9515,1.0462,110.36,26.7505,0.0
40535.0,3.885,49.3049,1.0331,109.2842,27.5995,0.0
40540.0,3.885,49.8784,1.0251,108.749,26.9763,0.0
40545.0,3.885,50.3459,1.0357,109.6448,27.0855,0.0
40550.0,3.885,49.9664,1.0252,108.5757,26.9414,0.0
40555.0,3.885,49.9681,1.0539,110.4402,27.8569,0.0
40560.0,3.885,49.906,1.0542,110.5114,27.2583,0.0
40565.0,3.885,49.8587,1.0491,110.0071,27.0005,0.0
40570.0,3.885,50.3522,1.044,110.6374,27.4448,0.0
40575.0,3.885,50.4186,1.0374,109.8721,27.4367,0.0
40580.0,3.885,50.2348,1.0273,109.89,27.2132,0.0
40585.0,3.885,50.1385,1.0402,109.7244,27.486,0.0
40590.0,3.885,50.0322,1.0405,109.0582,27.0854,0.0
40595.0,3.885,49.9449,1.0381,110.3864,27.1845,0.0
40600.0,3.885,49.4121,1.0571,110.0083,26.8211,0.0
40605.0,3.885,49.9872,1.0496,111.0924,27.0088,0.0
40610.0,3.885,49.6189,1.0548,111.1323,27.8078,0.0
40615.0,3.885,49.5219,1.059,109.2108,27.7825,0.0
40620.0,3.885,49.8169,1.046,110.4234,27.4049,0.0
40625.0,3.885,50.5232,1.0335,109.0223,27.8205,0.0
40630.0,3.885,50.0018,1.066,111.3071,27.3812,0.0
40635.0,3.885,49.6423,1.0565,110.1856,27.3768,0.0
40640.0,3.885,50.1125,1.0379,109.9921,27.4684,0.0
40645.0,3.885,50.3214,1.0344,109.7923,27.4396,0.0
40650.0,3.885,50.0803,1.0387,109.718,27.4337,0.0
40655.0,3.885,50.2009,1.0437,110.7115,27.7901,0.0
40660.0,3.885,49.4576,1.0422,109.6147,27.5587,0.0
40665.0,3.885,49.7581,1.0396,111.456,27.7161,0.0
40670.0,3.885,50.0432,1.0383,109.734,27.8128,0.0
40675.0,3.885,49.7579,1.0445,109.1218,27.669,0.0
40680.0,3.885,50.2583,1.0565,110.0707,27.3464,0.0
40685.0,3.885,50.2568,1.0316,109.2128,27.2679,0.0
40690.0,3.885,50.2239,1.0389,109.9132,27.6605,0.0
40695.0,3.885,50.1821,1.0382,109.6261,27.5977,0.0
40700.0,3.885,49.9534,1.0376,110.2821,27.6797,0.0
40705.0,3.885,49.5117,1.0381,109.7192,27.6712,0.0
40710.0,3.885,50.1936,1.0418,110.1316,28.3385,0.0
40715.0,3.885,49.873,1.0278,108.6337,27.3775,0.0
40720.0,3.885,49.9172,1.0281,110.0871,27.2301,0.0
40725.0,3.885,50.4563,1.0472,110.8778,27.8282,0.0
40730.0,3.885,49.7447,1.0515,110.4375,27.6686,0.0
40735.0,3.885,49.9573,1.0469,109.8443,27.8594,0.0
40740.0,3.885,49.7449,1.0482,111.4945,27.9441,0.0
40745.0,3.885,49.8331,1.0414,110.6744,28.1369,0.0
40750.0,3.885,50.1716,1.0691,110.9016,27.4569,0.0
40755.0,3.885,50.1921,1.0417,111.5388,27.7124,0.0
40760.0,3.885,49.7786,1.0476,109.8563,27.9767,0.0
40765.0,3.885,50.4032,1.04,111.6753,28.08,0.0
40770.0,3.885,50.3129,1.0594,110.6252,28.4538,0.0
40775.0,3.885,50.3288,1.0584,110.5154,28.1624,0.0
40780.0,3.885,49.7732,1.0544,110.7486,27.9273,0.0
40785.0,3.885,49.9258,1.0449,109.31,27.7371,0.0
40790.0,3.885,50.3575,1.0385,109.6155,27.8367,0.0
40795.0,3.885,49.5735,1.0273,108.772,27.8478,0.0
40800.0,3.885,49.6004,1.0613,111.5268,28.1781,0.0
40805.0,3.885,49.6189,1.0269,109.7823,28.0968,0.0
40810.0,3.885,50.189,1.0294,109.5473,27.7199,0.0
40815.0,3.885,50.0348,1.0207,109.412,27.9602,0.0
40820.0,3.885,49.6276,1.0532,109.6153,28.307,0.0
40825.0,3.885,49.9878,1.031,108.893,28.1939,0.0
40830.0,3.885,49.9925,1.0226,109.3741,28.2666,0.0
40835.0,3.885,50.3473,1.0463,108.856,28.2386,0.0
40840.0,3.885,49.9886,1.0263,109.1877,28.568,0.0
40845.0,3.885,49.906,1.0208,110.6595,28.239,0.0
40850.0,3.885,49.5374,1.0489,110.0932,28.102,0.0
40855.0,3.885,50.1587,1.046,110.0301,27.9882,0.0
40860.0,3.885,49.4734,1.0335,110.8724,28.2981,0.0
40865.0,3.885,50.2773,1.0525,110.7173,27.6442,0.0
40870.0,3.885,50.2047,1.0564,110.7147,28.2269,0.0
40875.0,3.885,49.7144,1.0504,110.8619,28.2402,0.0
40880.0,3.885,49.917,1.0407,109.8607,27.9693,0.0
40885.0,3.885,50.1931,1.0424,110.4295,28.0971,0.0
40890.0,3.885,50.5866,1.0448,110.0148,28.5503,0.0
40895.0,3.885,49.9379,1.0492,110.0103,28.4244,0.0
40900.0,3.885,50.5075,1.0411,109.8935,28.4109,0.0
40905.0,3.885,50.6084,1.0446,110.2836,28.4809,0.0
40910.0,3.885,50.4912,1.0327,108.0247,28.4462,0.0
40915.0,3.885,49.9955,1.048,109.8568,28.7526,0.0
40920.0,3.885,50.0112,1.0469,109.4062,28.4916,0.0
40925.0,3.885,49.6948,1.0458,109.9168,28.1151,0.0
40930.0,3.885,49.9347,1.0398,110.9893,28.906,0.0
40935.0,3.885,49.7351,1.0408,109.2861,28.61,0.0
40940.0,3.885,50.4272,1.0348,109.596,28.389,0.0
40945.0,3.885,49.778,1.0585,110.5615,28.2418,0.0
40950.0,3.885,49.6395,1.0403,109.169,28.6731,0.0
40955.0,3.885,49.7622,1.051,109.9891,28.5637,0.0
40960.0,3.885,50.0146,1.0403,109.9005,29.0055,0.0
40965.0,3.885,50.4213,1.0093,108.3187,28.5444,0.0
40970.0,3.885,49.9524,1.0445,110.4343,28.4404,0.0
40975.0,3.885,49.6197,1.0112,109.4151,28.8927,0.0
40980.0,3.885,50.5064,1.0346,108.6591,28.919,0.0
40985.0,3.885,49.8,1.025,109.7817,28.7487,0.0
40990.0,3.885,50.281,1.0366,109.7221,28.8946,0.0
40995.0,3.885,50.3883,1.0484,110.787,28.735,0.0
41000.0,3.885,49.8544,1.0467,110.458,28.8218,0.0
41005.0,3.885,50.1498,1.0462,110.4506,29.0735,0.0
41010.0,3.885,50.2548,1.0651,111.228,28.9575,0.0
41015.0,3.885,49.8415,1.0429,107.8833,28.7778,0.0
41020.0,3.885,49.7456,1.0477,111.9407,29.1771,0.0
41025.0,3.885,50.1532,1.023,108.9969,28.2667,0.0
41030.0,3.885,49.9222,1.0181,109.5634,29.3898,0.0
41035.0,3.885,50.4613,1.0371,109.1438,28.4692,0.0
41040.0,3.885,49.7398,1.0268,108.461,28.7577,0.0
41045.0,3.885,49.6408,1.0328,108.3767,28.9231,0.0
41050.0,3.885,49.9008,1.0312,109.0744,28.9156,0.0
41055.0,3.885,50.3441,1.0325,111.0871,29.2226,0.0
41060.0,3.885,49.9576,1.064,111.4557,28.7253,0.0
41065.0,3.885,49.5862,1.0594,112.0909,29.0738,0.0
41070.0,3.885,50.3851,1.0407,109.3646,28.8828,0.0
41075.0,3.885,49.698,1.0538,110.283,29.1199,0.0
41080.0,3.885,49.9893,1.0414,109.7801,29.0486,0.0
41085.0,3.885,50.1245,1.0291,108.958,29.1068,0.0
41090.0,3.885,49.6374,1.0417,109.3679,28.9647,0.0
41095.0,3.885,49.9108,1.0319,109.671,28.9934,0.0
41100.0,3.885,50.0118,1.0317,108.473,29.2113,0.0
41105.0,3.885,50.3189,1.0439,109.977,29.394,0.0
41110.0,3.885,49.999,1.0458,110.0322,29.0271,0.0
41115.0,3.885,49.7395,1.046,108.8294,28.9781,0.0
41120.0,3.885,50.1504,1.0471,110.1047,29.3672,0.0
41125.0,3.885,49.9609,1.0374,109.3782,29.2242,0.0
41130.0,3.885,49.7218,1.0351,109.2942,29.4584,0.0
41135.0,3.885,50.5911,1.0567,109.9812,29.0427,0.0
41140.0,3.885,50.4014,1.0334,110.3041,28.8427,0.0
41145.0,3.885,50.2959,1.0269,109.3801,29.1727,0.0
41150.0,3.885,50.1404,1.0247,109.3755,29.1327,0.0
41155.0,3.885,50.641,1.0532,109.3298,29.3229,0.0
41160.0,3.885,49.7654,1.0515,109.6497,29.2016,0.0
41165.0,3.885,49.3038,1.0486,109.7921,29.5643,0.0
41170.0,3.885,50.0498,1.0523,110.3774,29.3252,0.0
41175.0,3.885,50.6789,1.0338,108.9524,29.453,0.0
41180.0,3.885,49.6697,1.0323,109.8941,29.4729,0.0
41185.0,3.885,50.1826,1.036,110.6135,29.5003,0.0
41190.0,3.885,50.2661,1.0482,110.0494,29.4636,0.0
41195.0,3.885,50.023,1.0607,111.117,29.6152,0.0
41200.0,3.885,49.6995,1.0333,109.7489,29.3066,0.0
41205.0,3.885,50.3621,1.0213,110.0297,29.8732,0.0
41210.0,3.885,50.0562,1.0473,110.7224,29.4821,0.0
41215.0,3.885,50.5689,1.0192,109.9791,29.2311,0.0
41220.0,3.885,49.802,1.0508,109.0712,29.6238,0.0
41225.0,3.885,50.1011,1.0357,109.7988,29.3816,0.0
41230.0,3.885,50.117,1.0338,109.9175,29.7784,0.0
41235.0,3.885,50.3962,1.0391,108.5865,30.1821,0.0
41240.0,3.885,49.3539,1.0303,109.4283,29.4506,0.0
41245.0,3.885,49.8851,1.0305,110.0324,29.7478,0.0
41250.0,3.885,49.5435,1.0432,110.4151,29.2432,0.0
41255.0,3.885,49.8985,1.0554,110.8729,29.813,0.0
41260.0,3.885,50.0469,1.0317,109.7496,29.4954,0.0
41265.0,3.885,49.5776,1.0387,110.176,29.5779,0.0
41270.0,3.885,50.3176,1.0496,110.6011,29.476,0.0
41275.0,3.885,50.4728,1.0343,109.1555,29.9515,0.0
41280.0,3.885,49.9864,1.0504,109.4317,30.0373,0.0
41285.0,3.885,49.5877,1.0509,109.4373,29.8084,0.0
41290.0,3.885,49.9894,1.0375,110.3449,29.6034,0.0
41295.0,3.885,49.7136,1.037,111.7527,30.2338,0.0
41300.0,3.885,49.8163,1.0236,109.1901,29.6656,0.0
41305.0,3.885,49.7264,1.0458,109.7158,29.3295,0.0
41310.0,3.885,50.26,1.0357,110.2894,30.0013,0.0
41315.0,3.885,49.3988,1.0695,111.5681,29.6271,0.0
41320.0,3.885,49.8347,1.0436,108.9458,30.1671,0.0
41325.0,3.885,49.8625,1.0282,109.9244,29.8411,0.0
41330.0,3.885,49.6026,1.0372,109.6837,30.1038,0.0
41335.0,3.885,49.5275,1.0402,110.1265,30.3196,0.0
41340.0,3.885,49.8504,1.0242,108.4024,29.6833,0.0
41345.0,3.885,50.0875,1.0787,111.5235,29.8602,0.0
41350.0,3.885,50.289,1.055,110.7598,29.9989,0.0
41355.0,3.885,50.3219,1.0463,109.8236,30.4183,0.0
41360.0,3.885,49.8304,1.0593,109.5865,29.8854,0.0
41365.0,3.885,50.0846,1.0415,110.1242,29.9173,0.0
41370.0,3.885,49.7658,1.0236,109.4704,30.2013,0.0
41375.0,3.885,49.8621,1.0294,110.008,29.9532,0.021
41380.0,3.885,49.45,1.0393,109.7991,30.1513,0.01
41385.0,3.885,50.3602,1.0524,110.7471,29.7409,0.0
41390.0,3.885,50.3448,1.0401,110.3794,30.698,0.0
41395.0,3.885,50.3902,1.0397,109.7322,29.8229,0.0
41400.0,3.885,50.4423,1.0303,109.817,30.0948,0.0
41405.0,3.885,49.7114,1.0287,108.9397,30.1824,0.0
41410.0,3.885,49.6972,1.0442,111.0119,30.6839,0.0
41415.0,3.885,49.7007,1.0662,111.3015,29.8897,0.0
41420.0,3.885,50.0876,1.0455,110.0023,30.7319,0.0
41425.0,3.885,50.2692,1.0336,109.8657,30.4402,0.0
41430.0,3.885,50.1762,1.0512,110.8269,30.3701,0.0
41435.0,3.885,50.6864,1.0534,111.2005,30.0344,0.0
41440.0,3.885,49.8898,1.0648,111.0146,30.4381,0.0
41445.0,3.885,50.2383,1.0412,110.8035,30.1291,0.0
41450.0,3.885,50.1793,1.0361,110.0267,30.6412,0.0
41455.0,3.885,50.5666,1.0492,109.6064,30.0962,0.0
41460.0,3.885,50.1066,1.0382,110.0638,30.325,0.0
41465.0,3.885,49.8737,1.0261,109.7936,30.2288,0.0
41470.0,3.885,50.2954,1.0087,109.161,30.1349,0.0
41475.0,3.885,49.5868,1.0624,110.8771,30.5812,0.0
41480.0,3.885,50.0737,1.0434,110.5809,30.5437,0.0
41485.0,3.885,49.8301,1.0514,110.6171,30.726,0.0
41490.0,3.885,49.6519,1.0481,109.1734,29.9926,0.0
41495.0,3.885,50.6389,1.0367,110.3728,30.7174,0.0
41500.0,3.885,49.6935,1.042,110.2527,31.0913,0.0
41505.0,3.885,50.2042,1.0417,111.4803,30.3656,0.0
41510.0,3.885,50.3315,1.0282,108.3266,30.9657,0.0
41515.0,3.885,49.4022,1.0452,110.6363,30.4395,0.0185
41520.0,3.885,50.1838,1.0582,109.9572,30.1754,0.0
41525.0,3.885,50.1521,1.0436,110.1901,30.4553,0.0
41530.0,3.885,49.9072,1.0347,108.7997,30.8068,0.0
41535.0,3.885,49.6539,1.0497,111.1039,30.3482,0.0
41540.0,3.885,50.1038,1.0169,109.4027,30.4205,0.0101
41545.0,3.885,50.1825,1.0489,110.5292,30.7317,0.0
41550.0,3.885,49.5232,1.0591,110.8394,30.5968,0.0
41555.0,3.885,49.8556,1.0258,109.473,30.7547,0.0
41560.0,3.885,49.4643,1.059,111.0774,30.6805,0.033
41565.0,3.885,49.7282,1.046,109.6746,30.7533,0.0335
41570.0,3.885,50.4586,1.0536,110.8926,30.5376,0.0029
41575.0,3.885,49.5426,1.0444,110.633,30.7158,0.0
41580.0,3.885,49.9237,1.0329,108.1106,30.4381,0.0
41585.0,3.885,49.2981,1.0441,110.3003,31.004,0.0
41590.0,3.885,50.6547,1.0549,110.798,30.5351,0.0
41595.0,3.885,50.0677,1.0308,109.596,30.9877,0.0
41600.0,3.885,50.1495,1.0557,111.2063,30.6587,0.0228
41605.0,3.885,49.676,1.0399,109.8866,30.7791,0.0169
41610.0,3.885,49.8052,1.0118,109.5977,30.6163,0.0
41615.0,3.885,50.5244,1.0465,109.7807,30.4974,0.0
41620.0,3.885,50.2446,1.0353,109.9782,30.3264,0.0022
41625.0,3.885,49.9543,1.0212,110.5193,30.5099,0.0256
41630.0,3.885,49.8957,1.0239,109.4107,30.7038,0.0296
41635.0,3.885,50.0758,1.0287,110.4283,30.8486,0.0062
41640.0,3.885,50.2432,1.027,108.67,31.0591,0.0155
41645.0,3.885,49.2682,1.0379,109.5757,30.7057,0.0126
41650.0,3.885,49.6123,1.0423,110.1459,30.6073,0.0124
41655.0,3.885,50.2018,1.0571,110.7707,30.4776,0.0256
41660.0,3.885,50.5067,1.0418,111.1542,30.9686,0.0
41665.0,3.885,49.6407,1.0496,109.5961,31.2047,0.0
41670.0,3.885,50.0866,1.0419,110.18,31.1856,0.0064
41675.0,3.885,50.3765,1.0736,110.62,31.0565,0.0096
41680.0,3.885,49.6665,1.0339,109.1745,31.0486,0.0148
41685.0,3.885,50.0997,1.0438,110.0145,31.3232,0.0064
41690.0,3.885,50.0836,1.0583,109.8323,30.9916,0.0209
41695.0,3.885,49.5893,1.0316,109.3965,31.0797,0.0067
41700.0,3.885,49.5107,1.0501,111.1912,30.8474,0.0
41705.0,3.885,50.1913,1.0434,109.932,30.5965,0.0
41710.0,3.885,49.4208,1.0413,108.3552,30.7753,0.0
41715.0,3.885,50.2765,1.0414,109.8718,30.9532,0.0037
41720.0,3.885,49.7869,1.0193,108.6595,30.9797,0.0
41725.0,3.885,49.7277,1.0317,109.0801,31.455,0.0076
41730.0,3.885,49.6884,1.0648,111.6937,31.0026,0.0
41735.0,3.885,49.8308,1.0349,110.1416,31.2857,0.0
41740.0,3.885,50.6042,1.0428,110.2552,30.8908,0.0
41745.0,3.885,49.9598,1.0428,109.7193,30.9302,0.0
41750.0,3.885,50.4522,1.0385,108.8909,30.6842,0.0374
41755.0,3.885,50.2315,1.0674,110.1152,30.8391,0.0146
41760.0,3.885,49.8881,1.0288,110.0756,31.1646,0.0176
41765.0,3.885,49.5721,1.0337,108.9168,31.0428,0.0289
41770.0,3.885,49.6006,1.0358,110.9261,31.2846,0.021
41775.0,3.885,49.7398,1.0493,110.0874,31.102,0.0
41780.0,3.885,49.629,1.0481,109.659,30.9763,0.0
41785.0,3.885,50.2259,1.0629,111.4416,31.609,0.0
41790.0,3.885,49.9889,1.029,110.6039,31.056,0.0128
41795.0,3.885,49.5082,1.0546,109.5394,31.3776,0.024
41800.0,3.885,49.9537,1.0296,109.7116,30.9938,0.0308
41805.0,3.885,50.0637,1.0567,109.8881,31.2786,0.0602
41810.0,3.885,49.6594,1.0433,111.5443,31.3402,0.034
41815.0,3.885,49.7463,1.0494,110.5062,31.1673,0.0181
41820.0,3.885,50.22,1.0592,110.8061,30.5333,0.0427
41825.0,3.885,50.2616,1.0441,108.9212,31.1332,0.0529
41830.0,3.885,49.9387,1.0316,109.9615,31.4428,0.0472
41835.0,3.885,49.8405,1.0373,110.3855,31.2736,0.0771
41840.0,3.885,49.9344,1.0361,108.7474,31.2595,0.0802
41845.0,3.885,50.1082,1.03,109.6468,30.7237,0.0944
41850.0,3.885,50.1663,1.0462,110.7671,30.9803,0.1254
41855.0,3.885,49.765,1.0363,110.2267,31.2693,0.1354
41860.0,3.885,49.7485,1.0584,110.9,31.2749,0.162
41865.0,3.885,50.134,1.0438,110.2007,31.4818,0.1583
41870.0,3.885,50.5791,1.0369,109.9466,31.1476,0.1487
41875.0,3.885,49.6516,1.052,110.5919,31.2908,0.1787
41880.0,3.885,49.8195,1.0504,110.2495,31.1989,0.1976
41885.0,3.885,49.5528,1.0353,110.0606,30.9534,0.223
41890.0,3.885,50.5877,1.0414,109.5876,30.6414,0.2376
41895.0,3.885,50.1217,1.0292,108.6653,31.3182,0.2413
41900.0,3.885,49.9959,1.0554,110.6933,31.259,0.2718
41905.0,3.885,50.0995,1.0414,110.7918,31.0659,0.2983
41910.0,3.885,49.9005,1.0277,109.048,30.8204,0.3375
41915.0,3.885,50.133,1.0266,109.4687,31.3873,0.3472
41920.0,3.885,49.6577,1.0636,109.8553,31.1679,0.3652
41925.0,3.885,49.8618,1.039,109.1557,31.3781,0.3686
41930.0,3.885,50.3521,1.0273,109.9462,31.7092,0.3839
41935.0,3.885,49.4935,1.0523,110.3613,30.7121,0.4083
41940.0,3.885,49.9724,1.0364,109.5164,31.0767,0.3988
41945.0,3.885,50.8118,1.0291,110.7297,31.2032,0.4096
41950.0,3.885,49.9409,1.0373,109.6138,31.6232,0.4102
41955.0,3.885,49.728,1.0411,111.1788,30.8542,0.4257
41960.0,3.885,50.429,1.0402,108.5997,31.7509,0.4227
41965.0,3.885,49.6416,1.0449,109.3197,31.3045,0.4272
41970.0,3.885,50.4156,1.0408,111.3281,31.25,0.4478
41975.0,3.885,49.7307,1.0629,111.8055,31.2279,0.4428
41980.0,3.885,49.7525,1.0325,108.3293,31.1716,0.4514
41985.0,3.885,49.8041,1.0437,109.3427,31.5458,0.4733
41990.0,3.885,49.9511,1.0566,111.0967,31.0197,0.4867
41995.0,3.885,50.2182,1.0436,109.6299,31.3761,0.52
42000.0,3.885,50.0603,1.0349,109.7785,31.1966,0.5537
42005.0,3.885,50.1044,1.0358,109.0937,31.1048,0.5402
42010.0,3.885,49.9964,1.0343,108.8079,31.9445,0.5619
42015.0,3.885,50.2136,1.0539,109.1107,31.4052,0.5806
42020.0,3.885,50.2588,1.0256,108.5477,31.4562,0.6072
42025.0,3.885,50.1903,1.0358,109.642,31.5896,0.6213
42030.0,3.885,50.0477,1.0456,110.0601,30.9521,0.6144
42035.0,3.885,50.4465,1.0304,108.0353,31.7476,0.6556
42040.0,3.885,49.3405,1.0452,108.9558,30.6843,0.6586
42045.0,3.885,49.9045,1.0348,109.635,31.1212,0.6975
42050.0,3.885,49.6405,1.0546,109.7474,31.2004,0.6961
42055.0,3.885,50.0646,1.0336,110.7379,31.4623,0.7049
42060.0,3.885,50.1326,1.0349,109.4783,31.3732,0.7342
42065.0,3.885,49.6125,1.0502,109.802,31.2783,0.7273
42070.0,3.885,49.648,1.0533,110.4953,31.3184,0.7354
42075.0,3.885,49.8502,1.0399,110.9818,31.0781,0.7598
42080.0,3.885,49.8311,1.044,109.8533,30.9495,0.7426
42085.0,3.885,50.2706,1.0616,110.509,31.5066,0.7466
42090.0,3.885,50.0293,1.0419,110.6882,31.4993,0.7616
42095.0,3.885,50.8019,1.0403,109.737,31.7229,0.7658
42100.0,3.885,50.2001,1.0191,108.271,31.1301,0.8005
42105.0,3.885,50.2736,1.0439,111.1814,31.5015,0.8085
42110.0,3.885,49.9047,1.0502,110.4238,31.258,0.8375
42115.0,3.885,50.0031,1.0447,109.0801,31.6271,0.8676
42120.0,3.885,50.1219,1.0522,110.6895,31.5853,0.8582
42125.0,3.885,50.0123,1.038,109.8037,31.383,0.8823
42130.0,3.885,50.1626,1.0487,110.0245,31.2455,0.9138
42135.0,3.885,50.1038,1.036,109.4965,31.5708,0.9227
42140.0,3.885,50.1106,1.0515,109.8569,31.4923,0.9473
42145.0,3.885,50.0266,1.0648,111.6836,31.1594,0.9854
42150.0,3.885,50.1518,1.0691,111.3109,30.9985,1.0522
42155.0,3.885,49.6525,1.0403,108.9075,31.258,1.0815
42160.0,3.885,50.1258,1.0521,110.5819,31.7087,1.117
42165.0,3.885,50.1514,1.0398,110.6665,31.6161,1.1587
42170.0,3.885,49.8727,1.0416,109.7265,31.0509,1.1649
42175.0,3.885,50.1062,1.0326,109.1842,31.0364,1.2101
42180.0,3.885,50.0243,1.0375,110.2098,31.6463,1.2299
42185.0,3.885,50.0437,1.0382,109.7186,31.043,1.2607
42190.0,3.885,49.8363,1.0516,110.8334,31.4534,1.2798
42195.0,3.885,49.6846,1.0388,109.5493,31.1711,1.3002
42200.0,3.885,50.1044,1.053,111.0123,31.7284,1.3245
42205.0,3.885,49.8981,1.0545,111.6388,31.1304,1.374
42210.0,3.885,50.7715,1.0337,110.1687,31.6077,1.4181
42215.0,3.885,49.776,1.0516,112.2407,31.3668,1.466
42220.0,3.885,49.827,1.0431,109.6815,31.3822,1.4785
42225.0,3.885,49.6361,1.0443,110.7201,30.8252,1.5159
42230.0,3.885,50.2342,1.0294,109.3745,30.7655,1.5401
42235.0,3.885,50.3078,1.0413,110.1422,31.2595,1.5863
42240.0,3.885,50.4838,1.0483,110.1746,31.3747,1.6452
42245.0,3.885,49.822,1.0296,108.3711,31.0299,1.6861
42250.0,3.885,50.0251,1.0259,108.8027,31.0372,1.703
42255.0,3.885,49.9036,1.0328,110.0195,31.4478,1.7074
42260.0,3.885,49.8277,1.0407,110.5568,31.4462,1.7191
42265.0,3.885,50.1441,1.0583,110.9918,31.269,1.7309
42270.0,3.885,49.3296,1.0373,110.2323,31.4963,1.7409
42275.0,3.885,50.1441,1.0467,110.6907,31.0055,1.7571
42280.0,3.885,49.7286,1.0369,110.7538,31.2078,1.796
42285.0,3.885,49.7532,1.0486,110.9493,31.7064,1.823
42290.0,3.885,49.6962,1.0441,110.4539,31.3091,1.8515
42295.0,3.885,49.6445,1.054,110.1809,31.3211,1.8872
42300.0,3.885,49.5815,1.0241,109.074,31.8634,1.9157
42305.0,3.885,50.3767,1.0575,110.6521,30.9344,1.9372
42310.0,3.885,50.6057,1.0351,110.8306,31.4807,1.9502
42315.0,3.885,49.8412,1.0484,110.3768,31.6948,1.992
42320.0,3.885,49.8001,1.0401,108.959,31.1947,2.0509
42325.0,3.885,50.1693,1.0437,109.8273,31.4879,2.0888
42330.0,3.885,50.1142,1.0306,109.8153,31.0245,2.1225
42335.0,3.885,50.0066,1.0343,109.544,31.0953,2.1745
42340.0,3.885,49.7205,1.0428,108.5543,31.3601,2.2118
42345.0,3.885,50.0488,1.0381,110.7653,31.4603,2.2126
42350.0,3.885,50.0383,1.0404,109.9432,31.5377,2.2316
42355.0,3.885,49.8331,1.0378,110.7467,31.6466,2.2641
42360.0,3.885,50.5829,1.0353,110.0062,31.2339,2.2924
42365.0,3.885,50.0416,1.0505,110.5338,31.5458,2.336
42370.0,3.8849,50.2692,1.0038,108.0887,31.1583,2.3758
42375.0,3.885,50.4899,1.048,110.6987,31.4659,2.3955
42380.0,3.8849,49.5769,1.0268,110.2791,31.2886,2.4194
42385.0,3.8849,50.502,1.0225,108.258,31.3445,2.4388
42390.0,3.8849,49.8756,1.0357,108.8579,31.3353,2.4535
42395.0,3.8849,49.8461,1.0642,110.3883,30.8245,2.4694
42400.0,3.8849,49.9939,1.0355,109.8519,30.9408,2.5
42405.0,3.8849,50.0041,1.0407,110.4612,31.2436,2.5516
42410.0,3.8849,49.4297,1.0555,109.7063,30.7922,2.5771
42415.0,3.8849,49.9886,1.0408,109.9226,31.4179,2.5888
42420.0,3.8849,49.8886,1.0205,108.6985,31.4239,2.6233
42425.0,3.8849,50.4106,1.0428,109.8148,31.2838,2.6673
42430.0,3.8849,50.1841,1.042,110.0054,30.9176,2.6874
42435.0,3.8849,50.1704,1.0379,109.0514,31.5387,2.7087
42440.0,3.8849,49.5189,1.0302,107.8759,31.6987,2.7389
42445.0,3.8849,50.0132,1.0352,110.0266,31.2219,2.776
42450.0,3.8849,50.102,1.0477,111.3231,31.3085,2.8042
42455.0,3.8849,49.8878,1.0342,108.9396,31.2269,2.8273
42460.0,3.8849,50.1308,1.0577,110.6169,31.3047,2.8471
42465.0,3.8848,49.9655,1.035,109.6024,31.1378,2.901
42470.0,3.8848,50.3385,1.0281,110.008,31.1545,2.9099
42475.0,3.8848,49.8303,1.039,109.3326,31.3851,2.9582
42480.0,3.8848,49.4517,1.0552,110.6843,31.7405,2.9988
42485.0,3.8848,49.7927,1.0582,110.7495,30.7994,3.005
42490.0,3.8848,49.7051,1.0571,109.6074,31.1189,3.0411
42495.0,3.8847,49.5465,1.0441,110.4487,30.845,3.0781
42500.0,3.8848,50.0589,1.0298,110.1077,31.5334,3.0948
42505.0,3.8847,49.9981,1.0483,110.8752,30.9837,3.1302
42510.0,3.8847,50.105,1.0561,110.6489,30.7651,3.1553
42515.0,3.8847,49.9268,1.0481,110.228,31.2806,3.1813
42520.0,3.8847,49.5556,1.0646,110.2964,31.5522,3.2066
42525.0,3.8847,50.1174,1.0382,110.1535,31.2772,3.2357
42530.0,3.8846,50.2467,1.0439,110.9564,31.1576,3.2743
42535.0,3.8846,50.1385,1.0482,109.9268,31.2037,3.304
42540.0,3.8846,50.2736,1.0381,109.9139,31.4501,3.3416
42545.0,3.8845,49.9623,1.0099,109.7407,30.8728,3.4047
42550.0,3.8845,50.1481,1.047,109.6343,31.0584,3.4216
42555.0,3.8845,49.5673,1.0335,108.8819,30.9681,3.4336
42560.0,3.8844,49.4267,1.044,110.9094,30.7842,3.4844
42565.0,3.8844,49.7568,1.0413,107.9272,30.989,3.5255
42570.0,3.8844,49.8092,1.051,110.5028,31.3429,3.5601
42575.0,3.8843,49.6732,1.0461,109.3943,31.2024,3.6116
42580.0,3.8842,49.8087,1.0318,108.9535,31.2166,3.661
42585.0,3.8841,50.4797,1.0266,109.4004,31.087,3.7067
42590.0,3.884,49.6502,1.0375,109.1314,31.1759,3.7524
42595.0,3.8838,50.1804,1.0319,110.6262,30.8397,3.8044
42600.0,3.8837,49.7601,1.0475,109.1947,30.9572,3.8424
42605.0,3.8837,50.1392,1.0238,108.5176,31.0773,3.8762
42610.0,3.8837,50.2522,1.0457,110.5757,31.0934,3.8889
42615.0,3.8836,49.9452,1.0427,110.3728,31.0987,3.9173
42620.0,3.8834,50.2645,1.0525,110.4531,30.9787,3.949
42625.0,3.8833,49.9445,1.048,109.7778,30.9136,3.9802
42630.0,3.8836,50.1113,1.036,110.2082,31.792,4.017
42635.0,3.8832,50.3139,1.0447,109.3831,31.2239,4.0448
42640.0,3.883,49.8978,1.0283,107.9019,31.0951,4.0905
42645.0,3.8828,50.15,1.0483,109.6294,30.9281,4.1145
42650.0,3.8826,50.0561,1.0252,108.7574,30.8682,4.1308
42655.0,3.8824,49.9463,1.055,111.1831,30.9428,4.1777
42660.0,3.8823,50.6698,1.0447,110.7084,31.0433,4.2247
42665.0,3.8817,50.259,1.0556,111.5685,30.4945,4.2512
42670.0,3.8813,49.9976,1.0451,110.813,30.5668,4.3043
42675.0,3.8812,49.5576,1.0375,109.1398,30.7945,4.344
42680.0,3.8811,50.219,1.0379,108.5299,31.0,4.3847
42685.0,3.8807,50.2055,1.0046,108.3841,30.883,4.4159
42690.0,3.8809,50.2812,1.0403,110.0417,31.3069,4.4504
42695.0,3.8796,49.7833,1.0497,110.5143,30.5612,4.4863
42700.0,3.8795,50.0172,1.037,109.6347,30.7385,4.5153
42705.0,3.8804,50.0071,1.0065,108.5088,31.3009,4.505
42710.0,3.8794,49.9111,1.0405,109.9474,30.9482,4.5477
42715.0,3.879,49.6761,1.0354,110.6733,31.1311,4.6029
42720.0,3.8787,49.5238,1.0323,108.4652,31.4173,4.6563
42725.0,3.8771,49.4118,1.0277,108.4311,30.7255,4.6907
42730.0,3.8772,50.4982,1.0395,110.2131,30.8687,4.6992
42735.0,3.8766,50.1735,1.0356,110.0109,30.8199,4.7304
42740.0,3.8746,50.0998,1.0386,110.6427,30.3939,4.7852
42745.0,3.8746,49.7293,1.0334,109.8317,30.7995,4.8269
42750.0,3.8742,50.2211,1.0386,108.3078,31.0919,4.8737
42755.0,3.8728,50.1371,1.0231,108.3686,31.0013,4.9234
42760.0,3.8722,49.8615,1.0179,107.7687,31.0155,4.9503
42765.0,3.8704,50.0745,1.057,110.1125,30.7614,4.9865
42770.0,3.8689,49.9138,1.0275,108.8508,30.6859,5.0261
42775.0,3.8692,49.5209,1.0362,109.5942,31.1618,5.0595
42780.0,3.866,49.5516,1.0246,110.0983,30.7147,5.1061
42785.0,3.8646,49.5107,1.04,109.3093,30.9072,5.1578
42790.0,3.8629,49.7802,1.0461,109.1706,30.8691,5.192
42795.0,3.8642,49.9128,1.0312,108.3588,31.1884,5.1927
42800.0,3.8622,50.0612,1.0468,110.1574,31.0604,5.2239
42805.0,3.8579,49.7889,1.0342,109.4356,30.4884,5.2573
42810.0,3.8566,49.6677,1.0097,108.2781,30.51,5.2814
42815.0,3.8553,49.8528,1.0495,107.9869,30.9464,5.3385
42820.0,3.8518,49.3824,1.0346,107.8871,30.7803,5.3779
42825.0,3.849,49.676,1.0267,107.2719,30.6773,5.4089
42830.0,3.8476,49.958,1.0427,108.2218,31.0397,5.4547
42835.0,3.8444,48.8998,1.0387,108.6638,30.8274,5.4787
42840.0,3.8426,48.9964,1.0367,108.3094,30.7885,5.4962
42845.0,3.8422,49.2911,1.018,107.6747,30.9651,5.5137
42850.0,3.8349,49.9114,1.0203,108.4439,30.6712,5.5664
42855.0,3.8354,49.0951,1.024,107.0189,31.152,5.5963
42860.0,3.8278,49.0507,0.9946,104.5457,30.5577,5.6229
42865.0,3.8267,49.0772,1.0265,106.0042,30.9138,5.6568
42870.0,3.8221,48.8962,1.0257,107.5274,31.103,5.7047
42875.0,3.8086,48.9276,0.9956,105.8715,30.3951,5.7527
42880.0,3.8066,48.4179,1.024,105.6215,30.6486,5.7828
42885.0,3.8012,49.1638,0.9803,104.58,31.015,5.8366
42890.0,3.7928,48.2587,1.0163,105.1799,31.0137,5.8835
42895.0,3.7843,48.4287,0.9846,103.9314,30.6766,5.9076
42900.0,3.7721,48.4084,0.9969,102.3562,30.5309,5.9551
42905.0,3.763,47.6365,0.9865,101.9243,30.9486,6.0164
42910.0,3.7476,47.6126,0.9708,100.1932,31.0007,6.0786
42915.0,3.7216,47.1629,0.9623,100.3792,30.4088,6.1361
42920.0,3.7086,46.3511,0.9753,99.4346,30.3942,6.1762
42925.0,3.6996,46.8438,0.9441,98.6614,30.7467,6.2192
42930.0,3.6891,46.3743,0.9559,98.8619,30.8429,6.253
42935.0,3.6646,46.5909,0.9386,97.2155,30.6061,6.3039
42940.0,3.6498,45.932,0.9566,96.2727,30.846,6.3496
42945.0,3.6315,45.5024,0.9358,93.5108,30.494,6.376
42950.0,3.6043,44.5496,0.9225,93.1405,30.1383,6.4172
42955.0,3.5999,45.2311,0.9221,91.7876,30.5564,6.4439
42960.0,3.5795,44.2595,0.8954,91.5143,30.6736,6.4872
42965.0,3.553,43.8631,0.9155,90.6014,30.5843,6.5316
42970.0,3.5106,43.2342,0.8844,88.7511,30.3592,6.5939
42975.0,3.51,43.2839,0.8894,88.0682,30.1905,6.5912
42980.0,3.5059,43.1286,0.8868,87.3461,30.5115,6.6086
42985.0,3.4889,42.7675,0.8881,86.5688,30.86,6.6463
42990.0,3.4751,43.5829,0.87,86.3387,30.9453,6.6704
42995.0,3.4521,42.3412,0.8698,84.4146,30.9239,6.703
43000.0,3.4062,40.9971,0.8707,82.8622,30.4188,6.7508
43005.0,3.3815,41.6436,0.8586,80.6858,30.3301,6.782
43010.0,3.3498,41.245,0.8239,78.0965,30.7385,6.8339
43015.0,3.3339,39.6026,0.8212,77.747,30.769,6.8558
43020.0,3.3058,39.5018,0.8149,76.0598,30.7062,6.8881
43025.0,3.2561,39.1707,0.8052,72.1917,30.0986,6.9315
43030.0,3.2221,38.3524,0.7929,72.8588,30.3814,6.9777
43035.0,3.1903,37.6109,0.7821,70.8716,30.5867,7.016
43040.0,3.1524,37.5808,0.7782,66.9124,30.712,7.0525
43045.0,3.1221,36.5341,0.7562,66.3018,30.7781,7.0756
43050.0,3.0883,36.2351,0.7612,65.2718,30.6186,7.0944
43055.0,3.0228,34.84,0.7395,61.623,30.6614,7.1403
43060.0,2.9526,34.3156,0.7139,59.3398,30.5962,7.1823
43065.0,2.8975,32.7974,0.6974,54.6092,30.7427,7.2073
43070.0,2.8707,32.3132,0.7033,55.9501,30.6458,7.2027
43075.0,2.7764,30.3788,0.6624,48.8707,30.5804,7.2515
43080.0,2.7014,28.6001,0.645,48.1767,30.4933,7.2799
43085.0,2.6426,28.2729,0.6521,45.6796,30.5772,7.2915
43090.0,2.5519,26.4256,0.6209,39.7227,30.6746,7.3255
43095.0,2.4532,24.7101,0.6014,35.6449,30.6169,7.363
43100.0,2.3677,23.3936,0.5973,32.922,30.6418,7.3865
43105.0,2.277,21.379,0.5664,28.5414,30.879,7.4103
43110.0,2.2114,20.2366,0.5537,26.9775,30.6063,7.4172
43115.0,2.1074,18.5362,0.5282,21.4777,30.3745,7.4613
43120.0,2.035,17.1108,0.5375,21.4035,30.7545,7.4661
43125.0,1.9751,15.8882,0.5375,19.3769,30.1889,7.4786
43130.0,1.907,15.392,0.539,16.3662,30.257,7.4904
43135.0,1.8451,14.0524,0.5047,14.5844,30.6083,7.4911
43140.0,1.7976,13.3009,0.5155,13.8662,30.6504,7.4862
43145.0,1.7784,12.5907,0.5063,11.2357,30.2071,7.4616
43150.0,1.7264,12.2888,0.5142,12.3188,30.4198,7.4688
43155.0,1.7154,11.4255,0.5113,12.1443,30.3611,7.4264
43160.0,1.7206,12.6825,0.5129,10.6391,30.3882,7.4032
43165.0,1.7107,12.0009,0.5113,11.7937,30.743,7.4059
43170.0,1.7222,11.5297,0.5044,11.0192,30.6811,7.3882
43175.0,1.7311,11.9775,0.512,11.4404,30.497,7.3791
43180.0,1.7305,12.1957,0.4981,11.4269,30.3627,7.3849
43185.0,1.7317,11.9589,0.5033,11.5314,30.1593,7.3911
43190.0,1.7068,11.6739,0.4939,10.4186,30.8493,7.4081
43195.0,1.7135,11.0537,0.5186,11.2808,30.6398,7.405
43200.0,1.7254,12.3699,0.512,10.8405,30.3128,7.3969
43205.0,1.719,12.24,0.5123,10.343,30.667,7.394
43210.0,1.7136,11.5762,0.5102,12.1845,30.4673,7.4112
43215.0,1.7074,11.5524,0.5187,12.3709,30.4108,7.4254
43220.0,1.7149,12.4034,0.5221,11.5576,30.5892,7.4054
43225.0,1.7293,12.1659,0.5108,10.7193,30.293,7.3908
43230.0,1.7315,11.9823,0.4964,11.1134,30.3903,7.3826
43235.0,1.736,11.692,0.514,12.2098,30.5046,7.3702
43240.0,1.7335,12.3693,0.5036,10.7504,30.3474,7.3799
43245.0,1.7251,12.2079,0.5069,9.7662,30.6377,7.3837
43250.0,1.7177,12.3426,0.5058,11.2166,30.9358,7.3853
43255.0,1.7272,12.5736,0.4899,12.4743,30.2782,7.3943
43260.0,1.7367,12.5815,0.5196,13.4877,30.0487,7.3871
43265.0,1.7345,11.744,0.5112,12.1856,29.9629,7.3941
43270.0,1.7204,11.8616,0.4903,10.2174,30.4241,7.4008
43275.0,1.7147,11.4957,0.5086,11.9942,30.2943,7.4164
43280.0,1.7056,11.7702,0.5098,11.4735,30.5106,7.4249
43285.0,1.7159,12.1643,0.4783,9.8807,30.4903,7.4074
43290.0,1.7171,12.2608,0.5128,11.0087,30.0549,7.4221
43295.0,1.7242,12.0373,0.5104,11.4897,30.0006,7.4123
43300.0,1.7101,11.6989,0.5175,11.8468,30.527,7.4159
43305.0,1.7203,11.7573,0.5058,11.7034,30.4856,7.3995
43310.0,1.7193,12.1087,0.5078,11.975,30.3441,7.4061
43315.0,1.7303,12.0222,0.4984,13.0479,30.0351,7.3993
43320.0,1.7287,11.6779,0.4965,11.119,30.5662,7.3811
43325.0,1.7143,11.2028,0.518,10.0774,30.7652,7.3976
43330.0,1.7343,11.7245,0.511,11.7334,30.5158,7.3733
43335.0,1.7548,12.4717,0.5147,13.9075,30.2335,7.3487
43340.0,1.7601,12.9345,0.5168,13.2014,30.4556,7.3309
43345.0,1.7683,13.0404,0.5233,13.8264,30.1021,7.3298
43350.0,1.7538,11.5636,0.5039,11.6883,30.7073,7.3311
43355.0,1.7711,13.4148,0.502,12.8211,30.4626,7.3124
43360.0,1.7704,12.7753,0.5129,13.4505,29.9994,7.3294
43365.0,1.7567,12.1927,0.5236,11.9043,30.3656,7.3388
43370.0,1.7697,12.0525,0.5135,12.6998,30.556,7.3117
43375.0,1.7739,12.4563,0.5203,13.1542,30.3564,7.3109
43380.0,1.7812,13.4206,0.5107,12.8694,30.3703,7.299
43385.0,1.7945,13.1132,0.5236,12.4067,30.1327,7.2865
43390.0,1.7787,13.1753,0.4955,12.0357,30.5801,7.2946
43395.0,1.7752,13.1019,0.5304,12.1396,30.276,7.311
43400.0,1.7783,13.5506,0.5257,13.302,29.8988,7.3204
43405.0,1.7679,12.7954,0.506,13.005,30.3449,7.3213
43410.0,1.7503,12.1352,0.5111,13.0165,30.6828,7.3373
43415.0,1.7622,12.4205,0.524,12.2322,30.3407,7.3311
43420.0,1.7545,12.8992,0.491,12.2852,30.8718,7.3242
43425.0,1.7577,12.4134,0.4991,11.4051,30.5446,7.3305
43430.0,1.7554,12.9045,0.5195,11.5072,30.5221,7.3352
43435.0,1.764,12.8091,0.5152,11.9458,30.4054,7.3258
43440.0,1.7641,12.7453,0.5151,12.8506,30.4205,7.3247
43445.0,1.7422,12.9152,0.5231,10.8392,30.3719,7.3623
43450.0,1.727,12.2472,0.4909,12.1584,30.3624,7.3903
43455.0,1.7285,12.3585,0.4983,11.2069,30.571,7.3808
43460.0,1.7388,11.9782,0.4995,11.0464,30.2047,7.3768
43465.0,1.7398,11.5509,0.5069,11.98,30.17,7.3764
43470.0,1.7391,11.9594,0.4971,11.7569,30.1586,7.378
43475.0,1.7298,12.394,0.511,11.032,30.9513,7.3638
43480.0,1.7317,12.1011,0.5047,11.1551,30.573,7.3741
43485.0,1.7293,11.9819,0.5132,11.4364,30.5171,7.3808
43490.0,1.7212,12.1553,0.4872,11.3053,30.1772,7.4086
43495.0,1.7145,12.1092,0.4967,11.2398,30.5981,7.405
43500.0,1.7086,11.7606,0.5056,11.7382,30.4138,7.4228
43505.0,1.7083,11.8613,0.5186,11.1214,30.4973,7.4208
43510.0,1.7234,12.118,0.487,10.4769,30.2004,7.4055
43515.0,1.7269,11.8487,0.5105,10.2824,30.4854,7.3875
43520.0,1.752,13.0958,0.5022,12.8411,30.3403,7.3498
43525.0,1.7536,12.6424,0.5186,11.5203,30.2558,7.3489
43530.0,1.7357,12.114,0.5072,11.6406,30.6317,7.3645
43535.0,1.7338,12.1132,0.5247,10.1807,30.0647,7.3903
43540.0,1.7218,12.3884,0.5274,9.7835,30.5914,7.3917
43545.0,1.7155,11.8622,0.5016,10.7296,30.6224,7.4016
43550.0,1.7185,12.0556,0.4989,11.5871,30.2326,7.4122
43555.0,1.7054,11.9486,0.5004,10.5517,30.2486,7.4357
43560.0,1.705,11.3811,0.5137,11.5102,30.3991,7.4313
43565.0,1.7141,11.8108,0.4922,10.6788,30.5266,7.4096
43570.0,1.7259,11.9298,0.5174,10.9112,30.4192,7.392
43575.0,1.7123,11.8358,0.5073,9.925,30.5672,7.4095
43580.0,1.7169,12.2888,0.514,11.2746,30.9009,7.389
43585.0,1.7417,12.265,0.5039,12.4443,30.3346,7.3673
43590.0,1.751,12.7693,0.5079,12.0771,30.0342,7.3623
43595.0,1.7307,12.0133,0.5093,10.1704,30.671,7.372
43600.0,1.7411,11.8355,0.5243,12.832,30.8868,7.347
43605.0,1.7572,12.7926,0.4983,12.3887,30.5658,7.3315
43610.0,1.7757,12.8726,0.5248,12.573,30.1972,7.3145
43615.0,1.7741,13.153,0.5093,12.9963,30.4398,7.3078
43620.0,1.7702,13.0275,0.4873,12.031,30.1928,7.3226
43625.0,1.7563,12.6302,0.5249,12.6652,30.6349,7.3293
43630.0,1.7621,12.7408,0.5276,13.6665,30.1381,7.3384
43635.0,1.7621,12.6235,0.52,12.6956,30.4026,7.3292
43640.0,1.7764,12.9073,0.5103,12.5078,30.2284,7.3123
43645.0,1.7601,12.798,0.5128,13.3536,30.513,7.3272
43650.0,1.773,12.3313,0.5277,12.8058,30.3916,7.3118
43655.0,1.7591,12.2731,0.5019,11.5685,30.5293,7.3282
43660.0,1.7651,12.6328,0.5187,12.0651,30.4926,7.3206
43665.0,1.7685,12.4662,0.5198,12.1491,30.2423,7.3239
43670.0,1.7604,12.3437,0.514,11.8705,30.6476,7.3225
43675.0,1.7567,12.6844,0.491,11.0204,30.4807,7.3343
43680.0,1.7566,12.53,0.5233,12.9867,30.2478,7.3436
43685.0,1.752,12.8834,0.5147,12.2579,31.0573,7.3222
43690.0,1.7647,12.8772,0.5065,11.2442,30.6182,7.3165
43695.0,1.7747,12.6886,0.5039,13.2611,30.4629,7.3062
43700.0,1.7462,12.7071,0.5058,11.2522,30.8572,7.337
43705.0,1.7371,12.0979,0.5075,12.0167,30.966,7.3494
43710.0,1.7372,12.4092,0.4884,10.2322,30.4714,7.368
43715.0,1.7422,12.3649,0.5043,12.1134,30.5968,7.3558
43720.0,1.7534,11.9993,0.4969,12.199,30.2652,7.3491
43725.0,1.7586,12.3574,0.5092,11.549,30.4776,7.3325
43730.0,1.7474,12.8493,0.5078,11.5145,30.4669,7.3504
43735.0,1.745,12.6133,0.5047,12.0952,30.5652,7.3516
43740.0,1.7528,12.4484,0.5062,12.9528,30.6045,7.3374
43745.0,1.7371,11.8412,0.5136,11.9313,30.6636,7.3605
43750.0,1.7534,12.9226,0.5272,13.4325,30.5854,7.3375
43755.0,1.7684,13.1474,0.5124,12.2884,30.2257,7.3254
43760.0,1.7702,12.6774,0.4965,13.0063,30.2961,7.3195
43765.0,1.7576,12.9268,0.5174,13.4719,30.3965,7.3359
43770.0,1.7437,12.4159,0.4928,12.6563,30.465,7.3569
43775.0,1.7422,12.0799,0.4874,11.4413,30.8007,7.3478
43780.0,1.7544,12.7604,0.508,12.1284,30.2497,7.3476
43785.0,1.7446,12.4696,0.5154,11.6873,30.4536,7.3562
43790.0,1.7416,12.208,0.5178,12.5929,30.7836,7.3493
43795.0,1.7531,12.6135,0.5088,11.3618,30.4729,7.3417
43800.0,1.7454,12.0588,0.5059,11.8509,30.6655,7.3468
43805.0,1.7559,12.0191,0.5297,12.7396,30.518,7.3353
43810.0,1.7481,12.1513,0.5023,12.5651,30.6196,7.3438
43815.0,1.7657,12.9095,0.5147,13.3216,30.5008,7.3201
43820.0,1.759,12.3974,0.5008,13.3442,30.7272,7.3218
43825.0,1.7722,12.6707,0.5262,13.487,30.1767,7.3205
43830.0,1.7622,12.7465,0.5018,11.4936,30.4747,7.3255
43835.0,1.7518,12.5213,0.4849,9.8172,30.6422,7.3365
43840.0,1.7623,12.2092,0.4973,12.2811,30.7041,7.318
43845.0,1.7459,12.2011,0.4982,11.7228,30.9465,7.3348
43850.0,1.7421,12.0536,0.514,10.3565,30.478,7.359
43855.0,1.7213,11.575,0.4874,10.7223,30.9482,7.3776
43860.0,1.7314,12.0305,0.5121,11.4541,30.4162,7.3813
43865.0,1.7186,12.6297,0.4935,11.5843,30.9157,7.3844
43870.0,1.7327,13.0573,0.503,12.4571,30.7905,7.3651
43875.0,1.7382,11.647,0.5095,12.4059,30.3603,7.3712
43880.0,1.7321,11.8727,0.5092,11.9328,30.668,7.3701
43885.0,1.7399,12.4319,0.5038,12.0618,30.581,7.3603
43890.0,1.7456,12.598,0.5048,12.3447,30.7528,7.3441
43895.0,1.7618,12.0529,0.5091,12.4627,30.5432,7.3248
43900.0,1.7739,12.7081,0.5058,12.4196,30.5247,7.3056
43905.0,1.7547,12.3961,0.5062,14.6719,30.9464,7.3203
43910.0,1.7548,11.9021,0.506,11.8368,30.582,7.3336
43915.0,1.7316,11.9728,0.493,11.5357,30.8158,7.3638
43920.0,1.7223,11.9811,0.5122,12.1106,30.5554,7.391
43925.0,1.6998,11.1924,0.5289,11.297,31.0309,7.4135
43930.0,1.7157,11.9945,0.5231,11.0702,30.4472,7.409
43935.0,1.7205,11.9718,0.5092,12.2343,30.4658,7.3996
43940.0,1.7074,11.5447,0.4983,10.9535,31.003,7.4015
43945.0,1.7175,11.9106,0.5081,10.4384,30.5131,7.4028
43950.0,1.7093,12.0557,0.5154,10.787,31.0271,7.3973
43955.0,1.7195,12.7043,0.5165,12.7476,30.8522,7.386
43960.0,1.7278,12.0978,0.4995,11.7191,30.5931,7.381
43965.0,1.7461,12.5447,0.5243,12.9647,30.1809,7.3655
43970.0,1.7392,11.8978,0.5121,11.6636,30.6318,7.3593
43975.0,1.746,12.6525,0.5094,10.7162,30.6644,7.3465
43980.0,1.7513,13.0916,0.5061,12.1637,30.9332,7.3279
43985.0,1.7511,12.8183,0.5205,12.3665,31.0409,7.3236
43990.0,1.7643,12.8307,0.5134,12.7325,30.4749,7.3223
43995.0,1.7758,12.8565,0.4978,12.8494,30.8488,7.2914
44000.0,1.7689,12.6456,0.497,13.5755,30.8422,7.3009
44005.0,1.7807,13.313,0.5155,13.2989,30.9215,7.2806
44010.0,1.7928,13.3629,0.521,12.715,30.7801,7.2664
44015.0,1.8121,13.4825,0.5085,13.6237,30.172,7.2575
44020.0,1.7954,13.3874,0.5162,13.6855,30.621,7.2669
44025.0,1.8109,13.5091,0.5225,13.647,30.3732,7.2527
44030.0,1.8064,13.2284,0.5096,12.7368,30.6136,7.2508
44035.0,1.7871,12.8748,0.5164,12.1814,30.9115,7.2693
44040.0,1.7978,13.0358,0.5165,13.8869,30.7449,7.2598
44045.0,1.807,13.4928,0.5337,14.52,30.9577,7.2391
44050.0,1.8168,13.3668,0.5188,15.0727,30.7582,7.2308
44055.0,1.8008,13.6723,0.5199,13.4013,30.3503,7.2667
44060.0,1.8218,13.9794,0.5001,13.759,30.0467,7.2475
44065.0,1.7877,12.8667,0.497,13.5031,30.7161,7.2748
44070.0,1.7949,13.0769,0.5318,14.0121,30.6273,7.2682
44075.0,1.8103,13.2146,0.4859,14.0363,30.4385,7.2514
44080.0,1.8055,13.1535,0.5148,13.6288,30.2595,7.2636
44085.0,1.8074,13.2189,0.5168,14.45,30.5028,7.2533
44090.0,1.8031,13.5813,0.5249,13.1584,30.6397,7.2547
44095.0,1.799,13.1903,0.5033,12.9194,30.8566,7.2537
44100.0,1.799,13.2529,0.4982,12.9813,30.7391,7.2576
44105.0,1.8004,13.9423,0.5215,12.9371,31.0957,7.2442
44110.0,1.8049,13.3224,0.5112,12.9922,30.4364,7.2584
44115.0,1.7779,12.7975,0.5115,12.7261,30.9172,7.2832
44120.0,1.7852,13.0973,0.5014,12.9614,30.7104,7.2801
44125.0,1.7618,12.9072,0.515,13.8224,30.8738,7.3104
44130.0,1.7729,12.4242,0.4976,11.1278,30.5926,7.3041
44135.0,1.7801,13.5502,0.5154,12.927,30.9711,7.28
44140.0,1.7838,12.9615,0.511,13.1712,30.7784,7.2799
44145.0,1.7977,13.3981,0.5229,12.9978,30.5362,7.2672
44150.0,1.7996,13.1084,0.5001,13.3945,30.7044,7.2583
44155.0,1.8138,13.7746,0.5181,13.9431,30.6488,7.2391
44160.0,1.7988,13.1502,0.519,13.889,30.8323,7.2542
44165.0,1.8131,13.5647,0.5176,13.7162,30.4163,7.2475
44170.0,1.7861,13.1347,0.5265,13.1905,30.7051,7.2776
44175.0,1.7954,13.4154,0.5147,15.3656,30.8124,7.2614
44180.0,1.8062,13.7227,0.5154,14.4481,30.7229,7.2478
44185.0,1.789,13.0124,0.5353,13.1903,31.0524,7.2617
44190.0,1.8086,13.6901,0.518,13.3925,30.9102,7.2384
44195.0,1.8225,14.0758,0.5101,13.9745,30.7158,7.224
44200.0,1.8257,13.8879,0.5003,15.2727,30.7727,7.2172
44205.0,1.8414,14.508,0.5162,13.608,30.7933,7.1947
44210.0,1.8302,13.7275,0.515,14.0769,30.821,7.2083
44215.0,1.8465,14.2213,0.5207,14.4732,30.2645,7.2035
44220.0,1.8381,13.8852,0.5053,14.0064,30.6462,7.2032
44225.0,1.8431,14.799,0.514,14.6599,30.3511,7.2053
44230.0,1.8431,14.2645,0.4995,13.3278,31.0424,7.1846
44235.0,1.8553,14.0429,0.5102,14.7467,30.7081,7.1774
44240.0,1.855,14.6937,0.5122,13.8218,30.6754,7.1784
44245.0,1.8481,14.615,0.515,14.3597,30.9484,7.1797
44250.0,1.8658,14.2745,0.5333,16.7721,30.8301,7.16
44255.0,1.85,14.585,0.533,15.0679,30.4427,7.1913
44260.0,1.8373,13.9409,0.5281,13.5119,30.7073,7.2019
44265.0,1.8525,14.044,0.5169,15.6675,30.6414,7.1837
44270.0,1.8757,14.6583,0.508,14.7622,30.2892,7.1626
44275.0,1.8568,14.1404,0.5135,14.5993,30.5528,7.1791
44280.0,1.8237,13.4495,0.5297,14.4995,30.6795,7.2211
44285.0,1.8233,14.1674,0.534,14.5033,30.6966,7.2228
44290.0,1.8159,13.6029,0.5313,14.5546,30.3546,7.2443
44295.0,1.8251,13.9829,0.5065,13.024,31.0129,7.2115
44300.0,1.8453,14.2297,0.5207,14.0864,30.6992,7.1921
44305.0,1.8468,14.9773,0.5239,15.097,30.7338,7.1883
44310.0,1.8558,14.5523,0.5106,14.7375,30.8242,7.1736
44315.0,1.8727,14.8432,0.5133,14.6092,30.5266,7.1593
44320.0,1.8583,15.0648,0.5105,13.7884,30.8372,7.1688
44325.0,1.8544,14.6509,0.5426,16.1626,30.6307,7.1802
44330.0,1.8563,14.6041,0.5047,14.5159,30.4977,7.1821
44335.0,1.8546,14.2862,0.5327,14.1005,30.8645,7.1738
44340.0,1.844,14.5579,0.4979,13.9874,31.0932,7.1808
44345.0,1.8472,14.463,0.5211,14.2913,30.9007,7.1825
44350.0,1.8483,14.6248,0.5217,14.4597,30.9493,7.1796
44355.0,1.8477,13.8718,0.5264,14.5977,30.5874,7.1909
44360.0,1.8645,14.4461,0.5133,15.7475,30.3171,7.1768
44365.0,1.8499,14.7832,0.509,13.0545,31.0879,7.1733
44370.0,1.8493,13.7466,0.5123,14.4638,31.2277,7.1699
44375.0,1.8596,14.5244,0.5103,15.4292,31.0985,7.1601
44380.0,1.8663,14.8018,0.5085,14.4784,30.6275,7.1643
44385.0,1.8412,14.2265,0.517,14.2714,30.4214,7.2042
44390.0,1.8442,14.1408,0.5115,14.5343,30.4421,7.201
44395.0,1.8523,14.6943,0.5404,16.2504,30.286,7.1945
44400.0,1.8457,13.6438,0.5,14.54,30.6785,7.1915
44405.0,1.8502,14.6233,0.5202,14.3376,31.105,7.1729
44410.0,1.8512,14.4539,0.5297,15.5562,30.6664,7.1836
44415.0,1.8583,14.9261,0.5295,16.4562,30.7755,7.1715
44420.0,1.8478,14.0026,0.5343,13.7727,31.0419,7.1771
44425.0,1.8696,14.3374,0.5317,13.7011,30.5949,7.1617
44430.0,1.8484,14.6743,0.5252,15.5828,31.2027,7.1714
44435.0,1.8586,14.4394,0.5253,16.5092,31.1896,7.1589
44440.0,1.8796,14.775,0.5121,14.655,30.6566,7.1464
44445.0,1.8732,14.4934,0.4937,15.1456,30.5426,7.1573
44450.0,1.8744,14.8799,0.4919,14.2276,30.8589,7.1473
44455.0,1.9134,15.214,0.5311,16.7547,30.5952,7.1054
44460.0,1.906,15.2919,0.5171,15.3597,30.3904,7.1184
44465.0,1.887,14.9866,0.5251,15.8669,30.9971,7.1262
44470.0,1.8972,15.3381,0.5384,16.3177,30.9782,7.1145
44475.0,1.877,14.5526,0.5229,15.571,30.7101,7.1465
44480.0,1.8891,14.1747,0.5033,15.3477,30.3526,7.1421
44485.0,1.9,15.1382,0.5276,16.9974,30.358,7.1282
44490.0,1.9011,14.8487,0.545,16.0774,30.6891,7.1173
44495.0,1.8842,14.8838,0.5386,15.1198,30.5342,7.1423
44500.0,1.8986,15.1258,0.5406,15.5329,30.5706,7.1241
44505.0,1.8785,13.8289,0.5198,15.8297,30.9081,7.1394
44510.0,1.8863,14.9413,0.5184,15.3121,30.8325,7.1322
44515.0,1.8838,14.6165,0.5141,16.004,30.9902,7.1309
44520.0,1.8937,15.0713,0.5155,15.4859,30.3944,7.1347
44525.0,1.888,14.967,0.5309,16.5476,30.5526,7.1376
44530.0,1.8639,14.277,0.5273,15.2751,30.8244,7.161
44535.0,1.8714,14.4158,0.509,16.114,30.7429,7.1545
44540.0,1.8789,15.1294,0.5061,15.111,31.01,7.1374
44545.0,1.884,14.9729,0.522,16.0639,30.7281,7.138
44550.0,1.8943,15.0827,0.5339,16.2509,31.0809,7.1157
44555.0,1.9159,15.2088,0.523,16.8308,30.7497,7.0973
44560.0,1.9256,15.6598,0.5345,16.7721,30.876,7.0819
44565.0,1.9479,16.2444,0.5115,16.8467,30.5252,7.0638
44570.0,1.9498,15.6317,0.5378,16.7102,30.6052,7.059
44575.0,1.9522,16.107,0.5448,17.3124,30.8249,7.0509
44580.0,1.975,17.0849,0.5357,18.619,30.9958,7.0211
44585.0,2.0003,16.6445,0.5493,20.8756,30.7702,6.9978
44590.0,1.9879,17.0677,0.5347,20.1849,30.5623,7.0148
44595.0,1.9922,16.9768,0.5328,19.1184,30.9225,7.0028
44600.0,1.9858,17.1355,0.5403,19.5926,30.0253,7.0295
44605.0,1.9852,17.1333,0.5129,18.9366,30.2126,7.0268
44610.0,1.9844,16.4174,0.5294,18.4057,30.7335,7.0158
44615.0,2.0197,17.1231,0.5275,19.726,30.5614,6.9833
44620.0,1.9835,16.4093,0.525,16.8677,30.7039,7.0161
44625.0,1.9885,16.8212,0.5141,17.7588,30.5633,7.0147
44630.0,1.9906,17.3512,0.5422,18.5754,30.6844,7.0097
44635.0,1.9947,17.5553,0.5266,18.0875,30.3325,7.0128
44640.0,1.9937,16.9837,0.5351,18.399,30.673,7.0064
44645.0,2.0088,17.0623,0.5365,20.2438,30.7733,6.9894
44650.0,2.0359,17.7568,0.5484,19.5163,30.824,6.9643
44655.0,2.0062,16.7313,0.5367,21.3631,31.0163,6.9917
44660.0,2.0047,17.3458,0.5227,18.9755,30.5679,7.0032
44665.0,1.9875,16.7528,0.5131,17.7395,30.5693,7.0196
44670.0,1.9931,16.929,0.5256,19.0687,30.1138,7.0213
44675.0,2.0025,16.7272,0.5275,18.2188,30.3554,7.0049
44680.0,1.9986,17.1992,0.5418,19.091,30.4337,7.0061
44685.0,1.9957,17.0935,0.5309,20.208,30.738,7.0027
44690.0,2.0085,17.7122,0.553,19.2159,30.3162,6.9981
44695.0,2.0089,17.5098,0.5307,19.0716,30.6613,6.9913
44700.0,1.9958,17.0742,0.5509,19.6341,30.4551,7.0085
44705.0,1.9884,16.7307,0.5435,18.9577,30.4044,7.0181
44710.0,2.0021,16.7037,0.5447,18.6848,30.504,7.0012
44715.0,2.0183,17.2638,0.5333,18.9958,30.337,6.9884
44720.0,2.0224,17.0688,0.5192,19.311,30.3205,6.9858
44725.0,2.031,17.9859,0.5613,20.8837,29.9943,6.9854
44730.0,1.997,16.6895,0.5243,19.0811,30.3513,7.0128
44735.0,1.9939,16.8842,0.5316,18.7764,30.2859,7.0164
44740.0,1.9969,16.9291,0.5365,19.8168,30.2695,7.012
44745.0,1.9873,16.7355,0.5373,18.166,30.4952,7.0174
44750.0,1.9943,16.4358,0.5319,19.1826,30.548,7.0087
44755.0,2.0167,17.0283,0.5112,18.2328,30.4337,6.9883
44760.0,1.985,16.5324,0.5518,20.2144,30.6167,7.0165
44765.0,1.9893,16.7331,0.5255,19.1589,30.5038,7.0152
44770.0,1.9796,16.8574,0.5203,18.2991,30.2782,7.0311
44775.0,1.9923,16.5762,0.5343,18.1294,30.2282,7.0186
44780.0,1.9952,17.3047,0.5218,20.1425,30.414,7.0108
44785.0,1.9763,16.4031,0.5297,18.1238,30.471,7.0301
44790.0,1.9565,15.8981,0.5327,18.8304,30.6687,7.0486
44795.0,1.9398,15.7435,0.5454,18.422,30.6086,7.07
44800.0,1.9536,16.0566,0.5083,18.1524,30.1669,7.0655
44805.0,1.9528,16.436,0.5235,17.5316,30.2682,7.0638
44810.0,1.9515,16.6025,0.5501,19.0764,30.4528,7.0608
44815.0,1.9392,15.302,0.535,17.3967,30.5433,7.0728
44820.0,1.9453,16.3158,0.5251,16.7685,30.5022,7.0671
44825.0,1.927,15.8584,0.5393,18.3669,30.2426,7.0952
44830.0,1.9396,15.8232,0.5175,16.267,29.936,7.0889
44835.0,1.9294,15.1808,0.5417,17.0006,29.9907,7.0996
44840.0,1.9335,15.7031,0.5216,18.5165,30.2994,7.0871
44845.0,1.9357,15.8071,0.5269,17.7185,30.3076,7.0837
44850.0,1.9398,16.0715,0.5393,17.1111,29.938,7.0882
44855.0,1.9442,15.9459,0.5572,18.7653,30.2144,7.0761
44860.0,1.9492,15.9544,0.5251,18.857,30.3515,7.0664
44865.0,1.9518,16.4176,0.5355,17.8403,29.8963,7.0743
44870.0,1.962,16.0974,0.5233,18.4038,30.4507,7.0491
44875.0,1.9578,16.3202,0.5324,18.2791,30.0703,7.0622
44880.0,1.9382,15.8515,0.5339,17.9068,30.4692,7.0759
44885.0,1.9346,15.8808,0.5316,17.04,30.0116,7.0923
44890.0,1.9498,16.2234,0.5364,17.6395,29.8783,7.0781
44895.0,1.9244,15.485,0.5453,18.6208,30.0103,7.1048
44900.0,1.938,15.7389,0.5274,17.4039,30.0909,7.0872
44905.0,1.9373,16.0425,0.5147,17.1777,30.0073,7.0895
44910.0,1.9298,15.8,0.5106,16.9514,30.0401,7.0979
44915.0,1.9262,15.7431,0.5338,17.6049,30.1672,7.0993
44920.0,1.9181,15.8342,0.5287,17.0501,30.0304,7.1129
44925.0,1.9176,15.4677,0.5216,16.5954,30.0461,7.1136
44930.0,1.9015,15.1012,0.5255,16.8938,29.6247,7.1457
44935.0,1.8776,14.6537,0.5238,15.5992,30.1392,7.1631
44940.0,1.8768,14.9018,0.5336,15.9073,30.0082,7.1687
44945.0,1.8637,14.3287,0.5213,14.2852,30.4222,7.1741
44950.0,1.8864,14.8866,0.5234,16.5301,29.7738,7.1634
44955.0,1.8961,14.9153,0.5343,16.0523,29.5456,7.1569
44960.0,1.8951,15.1066,0.5187,16.8454,30.1411,7.1408
44965.0,1.9037,15.4828,0.531,16.5299,30.062,7.1315
44970.0,1.9131,15.8078,0.5291,16.9897,29.712,7.129
44975.0,1.9127,15.4532,0.5253,16.4828,29.5704,7.1335
44980.0,1.8937,15.3958,0.5374,16.1338,30.3258,7.1366
44985.0,1.8775,14.9704,0.5447,16.3495,30.2835,7.1587
44990.0,1.8924,15.6613,0.5221,16.1981,29.2966,7.1692
44995.0,1.8685,14.5307,0.5131,15.2795,29.7923,7.1865
45000.0,1.8445,14.2224,0.5358,15.6226,30.3112,7.204
45005.0,1.8706,14.9167,0.5303,16.3415,29.7644,7.1858
45010.0,1.859,14.382,0.5196,15.3537,29.749,7.2014
45015.0,1.866,14.3254,0.5193,16.8956,29.789,7.1912
45020.0,1.8557,14.5119,0.5153,15.9715,29.5675,7.2119
45025.0,1.8415,14.0052,0.5235,13.2002,29.4096,7.2381
45030.0,1.8336,13.7211,0.5227,13.5826,30.0868,7.2282
45035.0,1.8584,14.2626,0.5231,13.6717,29.3508,7.2167
45040.0,1.8245,14.12,0.5164,14.0098,29.8611,7.2478
45045.0,1.8111,13.807,0.5168,15.5957,30.0087,7.2638
45050.0,1.8217,13.7077,0.515,13.2731,29.4119,7.2691
45055.0,1.8234,13.9168,0.4988,12.9097,29.5312,7.2627
45060.0,1.803,13.3362,0.5208,13.153,30.0531,7.2749
45065.0,1.8104,13.4498,0.521,13.4234,29.8705,7.2706
45070.0,1.8249,13.5224,0.5291,14.7662,29.5703,7.2592
45075.0,1.8355,14.3758,0.5181,13.282,30.0126,7.2287
45080.0,1.8389,14.7423,0.5293,14.4359,30.0009,7.2231
45085.0,1.8293,13.6848,0.5056,15.814,29.7538,7.2447
45090.0,1.8417,14.1525,0.5077,14.4046,29.4486,7.2378
45095.0,1.8366,13.9755,0.5175,14.3589,29.5574,7.2411
45100.0,1.8327,14.3544,0.5165,15.214,29.7194,7.2415
45105.0,1.8484,13.7966,0.5197,14.3169,29.5877,7.2235
45110.0,1.8364,13.8752,0.5263,13.357,29.8565,7.2311
45115.0,1.8705,13.7259,0.5162,15.5218,29.2262,7.2039
45120.0,1.8773,14.586,0.511,15.0906,29.2219,7.1935
45125.0,1.859,14.2128,0.5146,14.607,29.6274,7.2055
45130.0,1.8778,14.4777,0.5191,15.1426,29.446,7.1859
45135.0,1.8735,14.4207,0.5176,14.5704,29.3988,7.1925
45140.0,1.889,14.724,0.5169,15.1497,29.1002,7.1811
45145.0,1.8745,14.7589,0.5286,14.7795,29.5337,7.1868
45150.0,1.8941,14.6542,0.5268,16.08,29.5021,7.1618
45155.0,1.9061,15.3558,0.5199,16.7748,29.6651,7.1405
45160.0,1.9107,15.3159,0.5167,15.9239,29.5054,7.1383
45165.0,1.9091,15.3837,0.5192,15.763,29.4414,7.1421
45170.0,1.8815,14.7809,0.5176,17.0061,29.7551,7.1691
45175.0,1.919,15.4413,0.5145,16.3028,29.119,7.1399
45180.0,1.926,14.9667,0.5182,16.7047,29.5675,7.1172
45185.0,1.9493,15.9287,0.5208,17.6464,29.0018,7.1029
45190.0,1.9346,16.2351,0.5503,18.699,29.1961,7.1154
45195.0,1.9282,15.404,0.5298,16.7249,29.0887,7.127
45200.0,1.9234,15.7525,0.5304,16.32,29.5734,7.1198
45205.0,1.9264,15.6496,0.5133,15.7859,29.3475,7.1221
45210.0,1.9343,15.7673,0.5196,16.2838,29.3465,7.1123
45215.0,1.9366,15.6311,0.5352,17.1883,29.0591,7.117
45220.0,1.9212,15.2547,0.5203,17.7708,29.2468,7.1314
45225.0,1.9075,15.3863,0.5151,16.1309,29.1167,7.1535
45230.0,1.8952,14.9503,0.5148,16.8517,29.3893,7.1624
45235.0,1.9004,15.1566,0.528,16.4535,29.0314,7.1667
45240.0,1.8903,14.4714,0.531,15.4509,29.5974,7.1632
45245.0,1.9206,16.0367,0.523,16.8824,28.8318,7.1461
45250.0,1.9115,14.7753,0.5077,16.5224,29.0348,7.1513
45255.0,1.8819,15.3856,0.513,16.027,29.6414,7.1723
45260.0,1.8875,15.0852,0.5156,15.2238,29.0989,7.1823
45265.0,1.8945,14.8845,0.5251,15.5902,28.8646,7.1805
45270.0,1.8831,15.1751,0.4995,16.2078,29.2336,7.1844
45275.0,1.8665,14.6748,0.5303,16.9923,29.0456,7.2134
45280.0,1.8721,14.6438,0.5344,16.2897,28.941,7.2101
45285.0,1.8804,14.2111,0.5147,12.9884,28.8615,7.2011
45290.0,1.8765,14.5695,0.5157,15.2878,29.813,7.1763
45295.0,1.8854,14.9656,0.5213,14.0111,29.0434,7.1871
45300.0,1.8937,15.3836,0.5246,16.2492,28.6104,7.1899
45305.0,1.8875,14.5721,0.5168,15.0695,29.4506,7.1722
45310.0,1.8924,14.9375,0.54,17.1351,29.2153,7.1721
45315.0,1.9039,15.4144,0.5371,15.5645,28.8562,7.1678
45320.0,1.9042,15.2162,0.5182,16.4872,28.7999,7.1689
45325.0,1.8981,15.569,0.5092,15.2113,29.1869,7.1653
45330.0,1.8933,15.2238,0.5197,15.4419,28.9421,7.1791
45335.0,1.9192,15.665,0.5265,16.3774,28.5076,7.1584
45340.0,1.8752,14.8551,0.5472,15.6376,29.4212,7.1884
45345.0,1.878,14.2945,0.5152,15.4492,28.8511,7.2039
45350.0,1.8863,14.8123,0.5118,14.6931,29.3187,7.1784
45355.0,1.8874,14.6523,0.4964,16.0942,29.2497,7.178
45360.0,1.8991,15.3123,0.5218,15.5922,28.665,7.1805
45365.0,1.8731,14.6116,0.5021,15.4362,29.1588,7.2004
45370.0,1.9012,15.3082,0.5198,16.4883,28.7228,7.1767
45375.0,1.895,15.1591,0.5194,16.6399,28.4041,7.1945
45380.0,1.897,15.0237,0.5392,17.3091,28.7498,7.1812
45385.0,1.913,15.2719,0.5309,15.6987,28.9406,7.1536
45390.0,1.9009,15.149,0.5228,17.0084,28.7106,7.1756
45395.0,1.89,14.6434,0.5085,16.0301,28.7347,7.1906
45400.0,1.8812,15.1844,0.5152,16.7144,29.0825,7.1921
45405.0,1.8856,14.8504,0.5186,16.0864,28.8084,7.1948
45410.0,1.8878,15.377,0.5303,15.708,28.5561,7.2002
45415.0,1.8647,14.7223,0.5287,15.2486,28.9276,7.2206
45420.0,1.8746,15.1388,0.5335,15.1086,28.7866,7.212
45425.0,1.8843,15.0343,0.5105,15.267,28.0919,7.2214
45430.0,1.878,14.6869,0.5153,14.1416,28.8146,7.2063
45435.0,1.8625,14.98,0.5299,15.0945,28.7906,7.2285
45440.0,1.8647,14.4191,0.5345,14.1816,28.6828,7.23
45445.0,1.87,14.5392,0.5199,14.1389,28.8859,7.2156
45450.0,1.8635,14.4036,0.5256,14.561,28.48,7.2381
45455.0,1.8616,14.8987,0.5108,14.5766,28.7174,7.2336
45460.0,1.8824,14.2877,0.53,15.8747,28.2267,7.2204
45465.0,1.8698,14.6613,0.5269,14.889,28.7054,7.2215
45470.0,1.8518,14.4199,0.5149,13.9912,29.0771,7.2348
45475.0,1.8562,14.0628,0.5302,15.3771,28.3253,7.255
45480.0,1.8417,14.1761,0.5078,14.3446,28.3693,7.276
45485.0,1.864,14.3832,0.5308,14.1461,28.367,7.2438
45490.0,1.8581,14.183,0.5155,14.9309,28.5622,7.2442
45495.0,1.8708,14.5306,0.514,15.9207,28.2492,7.2366
45500.0,1.8591,14.6979,0.5186,14.3416,28.6056,7.2409
45505.0,1.8469,13.7157,0.5082,13.6743,28.6973,7.2558
45510.0,1.8531,14.919,0.4985,15.1162,28.6045,7.2506
45515.0,1.8643,14.3609,0.529,14.2858,28.0141,7.2549
45520.0,1.8622,13.8283,0.5183,16.2149,28.6904,7.2344
45525.0,1.8443,14.4281,0.508,14.8157,28.6613,7.2608
45530.0,1.8492,14.081,0.5003,14.944,28.6199,7.2559
45535.0,1.8447,14.1657,0.5122,14.7889,28.491,7.2671
45540.0,1.8535,14.2982,0.5335,16.1477,28.4382,7.2564
45545.0,1.8408,14.3359,0.5286,14.6292,28.6268,7.2681
45550.0,1.8255,14.3923,0.5237,14.1417,28.835,7.2841
45555.0,1.8539,13.6791,0.5231,14.9626,28.1014,7.2687
45560.0,1.8395,13.9871,0.5132,15.5082,28.5947,7.2717
45565.0,1.8327,13.5045,0.5143,13.9548,28.2892,7.2934
45570.0,1.8406,14.4206,0.5255,13.3379,28.264,7.2832
45575.0,1.8489,14.0038,0.5269,15.5933,27.8979,7.2837
45580.0,1.8321,14.0954,0.5303,15.107,28.1965,7.2984
45585.0,1.8269,13.6905,0.5154,14.3994,28.0041,7.3147
45590.0,1.8266,13.812,0.5208,14.8587,28.1232,7.3112
45595.0,1.8473,14.2507,0.5011,14.8667,27.9504,7.2855
45600.0,1.8458,14.1211,0.5172,14.1469,28.0985,7.2811
45605.0,1.8453,13.7848,0.5108,14.4272,28.095,7.2818
45610.0,1.835,14.1177,0.5133,14.2791,28.2066,7.2935
45615.0,1.8495,13.9439,0.531,16.5111,27.7647,7.2884
45620.0,1.857,14.4323,0.539,15.7408,27.793,7.2755
45625.0,1.8408,14.0337,0.5212,15.4931,28.2308,7.2833
45630.0,1.8454,14.02,0.5264,14.3758,27.927,7.288
45635.0,1.844,13.6963,0.5261,14.9013,28.3811,7.2735
45640.0,1.8402,13.7916,0.5347,14.4666,28.1549,7.287
45645.0,1.8387,14.2022,0.5223,14.6116,28.2365,7.2869
45650.0,1.8322,14.1113,0.5244,14.5594,28.4237,7.2897
45655.0,1.8351,13.604,0.5051,15.0144,27.9798,7.3024
45660.0,1.8538,14.6443,0.5224,16.4756,27.9,7.277
45665.0,1.842,14.1238,0.5184,15.5409,28.2479,7.2809
45670.0,1.8484,14.0045,0.5241,13.6646,28.1437,7.2753
45675.0,1.8739,15.0222,0.5353,16.2489,27.956,7.2438
45680.0,1.8611,14.3135,0.5203,15.7796,28.3372,7.2477
45685.0,1.8802,14.732,0.5169,15.9068,27.9229,7.2347
45690.0,1.8616,14.4551,0.5173,14.7638,27.9707,7.2598
45695.0,1.8636,14.4622,0.5253,15.5113,27.9545,7.2584
45700.0,1.8678,14.2319,0.546,16.1616,27.7023,7.2614
45705.0,1.8674,14.4059,0.5125,14.8464,27.9421,7.2533
45710.0,1.8546,14.1363,0.5202,14.7644,28.2588,7.2606
45715.0,1.8582,14.3174,0.532,15.5834,28.0077,7.2646
45720.0,1.8692,14.8587,0.5204,15.9816,27.8912,7.2527
45725.0,1.8853,14.6604,0.5102,15.1153,27.83,7.2307
45730.0,1.8667,14.2064,0.5304,15.3117,27.9402,7.2532
45735.0,1.8616,14.4453,0.5115,14.4814,28.0321,7.2583
45740.0,1.8654,14.2645,0.5041,15.292,27.9842,7.2546
45745.0,1.8717,14.9949,0.5293,16.2969,27.7362,7.2541
45750.0,1.8604,14.6553,0.5184,15.3324,27.8877,7.2656
45755.0,1.8482,14.4284,0.5042,14.6825,27.9138,7.2835
45760.0,1.8594,14.7141,0.5087,13.806,27.5295,7.2817
45765.0,1.8608,14.2006,0.5267,13.8375,27.8109,7.2689
45770.0,1.8609,14.5446,0.5266,14.9075,27.2161,7.291
45775.0,1.8308,13.5313,0.5118,14.2579,27.8647,7.3136
45780.0,1.8343,14.5916,0.5074,14.7581,27.8969,7.3078
45785.0,1.8339,13.8616,0.5225,15.5486,27.9065,7.3077
45790.0,1.8382,13.8906,0.5149,15.2788,27.6087,7.3128
45795.0,1.8261,13.7071,0.5117,12.8176,27.7727,7.3257
45800.0,1.8373,13.7323,0.5036,14.4863,28.0395,7.298
45805.0,1.8328,14.0864,0.4908,13.7235,28.025,7.3045
45810.0,1.8368,14.0189,0.532,15.4052,27.6524,7.3131
45815.0,1.8346,13.9719,0.5297,13.5262,27.6828,7.3157
45820.0,1.8253,13.7475,0.5301,14.4725,27.914,7.3214
45825.0,1.8486,14.7593,0.5022,15.0551,27.2495,7.3112
45830.0,1.8492,14.3411,0.5227,15.1219,27.5323,7.2986
45835.0,1.8417,14.6062,0.5316,14.6399,27.9356,7.294
45840.0,1.8246,13.5334,0.5161,13.4132,27.8341,7.3249
45845.0,1.8242,13.5376,0.5239,13.2765,27.6713,7.3334
45850.0,1.8462,14.439,0.5247,15.9687,27.1913,7.3178
45855.0,1.831,13.3747,0.5163,15.5416,27.5441,7.3273
45860.0,1.8413,13.8431,0.5081,14.061,27.3981,7.3171
45865.0,1.8066,13.7198,0.516,13.737,27.6174,7.3643
45870.0,1.8242,13.5865,0.5048,13.9625,27.3214,7.3497
45875.0,1.825,13.3398,0.5142,13.9032,27.2565,7.3505
45880.0,1.8163,13.2207,0.5328,13.2498,26.986,7.3768
45885.0,1.8055,13.3764,0.5227,13.6045,27.797,7.3612
45890.0,1.8071,13.5494,0.5132,12.3599,27.381,7.3757
45895.0,1.7835,13.5686,0.5022,14.1034,27.5098,7.4116
45900.0,1.7916,13.2873,0.5155,12.8399,27.4596,7.401
45905.0,1.797,13.0219,0.5222,13.5921,27.183,7.4037
45910.0,1.793,12.7313,0.5219,13.1741,27.1249,7.4134
45915.0,1.7793,12.8396,0.4828,11.7031,27.1782,7.436
45920.0,1.7787,12.862,0.5169,12.4915,27.2387,7.4352
45925.0,1.773,12.8917,0.5214,13.8732,27.5012,7.4334
45930.0,1.7804,12.2561,0.5033,11.6271,27.2008,7.4338
45935.0,1.7565,12.7419,0.5049,12.1315,27.8266,7.4484
45940.0,1.7606,12.3329,0.4977,11.9538,27.6371,7.4503
45945.0,1.7682,12.7584,0.5249,12.5722,27.5729,7.4394
45950.0,1.7839,13.153,0.5306,12.6221,27.3314,7.4217
45955.0,1.7556,12.38,0.5019,11.4632,27.7305,7.454
45960.0,1.7603,12.2274,0.5184,12.7018,27.2881,7.4677
45965.0,1.7775,13.2418,0.5197,12.4459,27.3256,7.4347
45970.0,1.7779,12.8229,0.5121,13.049,27.3668,7.4307
45975.0,1.7776,12.8369,0.4956,12.0855,27.4908,7.4254
45980.0,1.7838,12.1929,0.5109,12.9141,27.4657,7.4152
45985.0,1.7918,13.7988,0.5244,13.3981,27.1789,7.4135
45990.0,1.7988,13.2139,0.5006,13.0911,27.1557,7.4021
45995.0,1.7978,13.6352,0.5198,13.9214,27.4403,7.3907
46000.0,1.7978,13.3104,0.5239,13.4089,27.4506,7.3899
46005.0,1.8061,13.3328,0.5243,13.8906,27.1651,7.3881
46010.0,1.8134,14.1216,0.5159,13.9382,26.8583,7.3892
46015.0,1.7962,12.9923,0.5153,12.7532,27.1951,7.404
46020.0,1.7848,13.5178,0.524,12.3963,27.3947,7.4157
46025.0,1.7736,13.3361,0.5206,13.5721,27.6822,7.4231
46030.0,1.7831,13.3401,0.5006,12.3854,26.9234,7.4415
46035.0,1.7701,12.8861,0.5053,13.1188,27.1085,7.4575
46040.0,1.7709,12.5218,0.5161,12.9304,27.1101,7.4567
46045.0,1.7555,12.7646,0.5011,11.1741,27.5388,7.4648
46050.0,1.756,12.9088,0.5039,12.2188,27.1836,7.4816
46055.0,1.7739,12.2302,0.4957,12.6978,26.9581,7.4595
46060.0,1.7668,12.3839,0.5053,12.2674,27.3173,7.4544
46065.0,1.7915,13.6062,0.5071,14.7453,27.0693,7.4208
46070.0,1.8042,13.1262,0.5017,12.4874,26.8573,7.4067
46075.0,1.7944,12.7914,0.5186,12.4296,26.9332,7.4199
46080.0,1.7699,12.4958,0.5175,12.0606,27.5831,7.4345
46085.0,1.7691,12.6981,0.5113,13.7233,27.2389,7.4529
46090.0,1.7611,12.3874,0.5081,12.981,27.1631,7.4722
46095.0,1.7773,13.058,0.5067,12.241,27.0672,7.4475
46100.0,1.7583,12.4145,0.5107,12.404,27.1962,7.4758
46105.0,1.7554,12.8447,0.5154,13.1139,27.1869,7.483
46110.0,1.7471,12.573,0.4886,10.7824,27.1837,7.4995
46115.0,1.762,12.5876,0.4998,12.3609,27.1332,7.4741
46120.0,1.7404,12.5708,0.5075,11.9984,27.3157,7.5056
46125.0,1.7337,11.6159,0.512,12.2409,27.0984,7.5315
46130.0,1.7404,12.1428,0.51,12.7801,26.8424,7.5327
46135.0,1.7361,11.9253,0.5143,12.3116,26.9281,7.537
46140.0,1.7377,12.6251,0.4936,11.7847,26.5809,7.5524
46145.0,1.7114,11.9892,0.5189,12.329,27.5769,7.5544
46150.0,1.7178,12.0709,0.5212,11.8674,27.2805,7.5569
46155.0,1.7259,11.8764,0.5119,12.5985,26.8521,7.563
46160.0,1.717,11.3293,0.5019,11.3537,26.984,7.575
46165.0,1.7248,11.4503,0.5203,12.7648,26.8902,7.5642
46170.0,1.715,12.1492,0.4994,10.6154,27.4302,7.5552
46175.0,1.7458,12.1912,0.5082,11.8272,26.6848,7.5311
46180.0,1.7458,12.6283,0.5114,12.6134,27.0637,7.5103
46185.0,1.7501,12.4902,0.4889,13.1373,27.0033,7.504
46190.0,1.738,12.1598,0.5211,11.466,27.2327,7.516
46195.0,1.7414,12.7204,0.5061,11.5962,26.9957,7.5219
46200.0,1.7424,12.093,0.5095,12.9286,26.5779,7.5423
46205.0,1.717,11.9619,0.5219,12.4704,26.9505,7.5757
46210.0,1.7096,12.2425,0.5018,11.0955,26.7663,7.6034
46215.0,1.7145,12.0063,0.5101,11.1243,27.0253,7.5798
46220.0,1.713,11.2306,0.5167,11.3701,27.3601,7.5639
46225.0,1.7359,12.4097,0.5119,11.7516,26.5631,7.5584
46230.0,1.7211,11.9198,0.5004,11.6376,26.7943,7.5764
46235.0,1.7235,12.7981,0.4977,10.9914,26.8527,7.569
46240.0,1.7153,12.2422,0.4991,10.0563,26.8922,7.5839
46245.0,1.7223,12.4063,0.5096,12.2051,27.1694,7.5548
46250.0,1.7163,12.0941,0.5136,11.4501,26.9378,7.5786
46255.0,1.7266,12.2477,0.4953,11.5073,27.0822,7.5502
46260.0,1.7239,12.3151,0.5174,11.7528,26.8189,7.5687
46265.0,1.7131,11.7255,0.5002,11.3746,27.03,7.5809
46270.0,1.7114,11.1078,0.5172,11.9515,27.1643,7.5778
46275.0,1.7339,12.0561,0.5064,12.479,26.7842,7.5511
46280.0,1.7277,12.2604,0.5156,10.7381,27.1602,7.5427
46285.0,1.7208,11.9601,0.5075,12.5447,26.9756,7.5664
46290.0,1.7158,11.4083,0.5085,11.5307,27.2217,7.5647
46295.0,1.7293,11.9339,0.4998,10.9885,26.9079,7.5534
46300.0,1.7291,12.311,0.4956,11.0033,27.0515,7.5455
46305.0,1.7273,11.9565,0.5117,10.4494,26.9442,7.5548
46310.0,1.735,12.4247,0.5092,11.1627,26.9285,7.5401
46315.0,1.7273,12.1779,0.5124,12.2688,27.0156,7.5507
46320.0,1.7137,11.7068,0.503,11.2291,27.0836,7.5759
46325.0,1.7296,12.325,0.5054,11.4862,26.6355,7.5681
46330.0,1.7088,11.2652,0.5106,11.0648,27.305,7.5751
46335.0,1.7287,12.0358,0.5023,10.805,26.4805,7.5787
46340.0,1.7248,11.3601,0.5172,11.4682,26.7731,7.5708
46345.0,1.7292,12.8051,0.5072,10.6367,26.9197,7.5532
46350.0,1.7276,12.036,0.5093,11.9422,27.0455,7.549
46355.0,1.7151,11.5269,0.5159,11.8789,27.3357,7.5593
46360.0,1.736,11.9574,0.5192,11.8257,26.4764,7.5628
46365.0,1.7264,12.4606,0.5026,11.1332,26.8135,7.5644
46370.0,1.7445,12.3625,0.5007,12.1948,26.4083,7.5491
46375.0,1.7413,12.2109,0.5118,11.4024,26.9476,7.526
46380.0,1.7338,11.7043,0.526,11.0382,27.0074,7.537
46385.0,1.7226,11.8666,0.5047,10.0586,27.337,7.5432
46390.0,1.7384,12.2832,0.5015,10.8469,26.9695,7.5306
46395.0,1.7378,11.8396,0.5181,12.1089,27.2004,7.5192
46400.0,1.7526,12.5708,0.4992,10.2313,27.0856,7.4955
46405.0,1.7535,12.5617,0.503,12.6185,26.8311,7.5056
46410.0,1.7647,12.8821,0.5071,13.3974,26.5881,7.4966
46415.0,1.7548,12.5685,0.496,11.702,27.0097,7.494
46420.0,1.7717,13.2162,0.4999,12.0125,26.5685,7.4837
46425.0,1.7698,12.8647,0.4984,11.1774,27.2661,7.4523
46430.0,1.7702,12.8761,0.5172,13.0835,26.9027,7.4678
46435.0,1.7528,12.568,0.507,11.254,27.2429,7.4849
46440.0,1.7536,12.4866,0.5084,11.4767,26.8251,7.5052
46445.0,1.7651,12.5179,0.4957,11.939,27.0136,7.4743
46450.0,1.7678,12.5618,0.518,11.4299,27.0,7.4686
46455.0,1.7633,12.8341,0.5127,12.1257,26.9378,7.48
46460.0,1.7686,12.6714,0.4986,13.1226,26.8424,7.4751
46465.0,1.758,13.0997,0.5109,11.8989,27.0502,7.4848
46470.0,1.7678,12.4821,0.5181,13.8924,26.7223,7.483
46475.0,1.7609,12.2998,0.5103,13.1048,26.6532,7.4996
46480.0,1.7339,12.2497,0.5079,12.381,27.2682,7.5221
46485.0,1.7311,12.0681,0.5281,12.399,27.1413,7.5354
46490.0,1.7319,12.2108,0.5124,11.7777,26.9781,7.543
46495.0,1.7317,11.9528,0.5051,11.7903,27.3801,7.5227
46500.0,1.7339,12.4137,0.5026,12.209,26.8992,7.5424
46505.0,1.7289,11.869,0.5182,12.0613,27.2992,7.5325
46510.0,1.7304,12.3644,0.5048,11.2235,27.0149,7.5439
46515.0,1.736,12.0542,0.4951,12.1825,26.7174,7.5489
46520.0,1.7183,11.4762,0.503,10.4495,27.4383,7.5472
46525.0,1.7298,11.8831,0.5057,11.119,27.2268,7.5346
46530.0,1.7435,12.5803,0.5178,12.4921,26.9518,7.5208
46535.0,1.7349,12.0995,0.4992,10.6904,27.1668,7.5263
46540.0,1.7435,12.3168,0.5162,12.1349,26.8872,7.5238
46545.0,1.7207,11.957,0.5067,11.154,27.1986,7.5537
46550.0,1.746,12.6935,0.5095,12.4262,26.3968,7.5462
46555.0,1.7369,12.5464,0.5297,12.4731,26.743,7.5457
46560.0,1.7072,11.9021,0.5044,11.0385,27.2462,7.5807
46565.0,1.7199,12.2013,0.5024,11.1257,26.9426,7.5719
46570.0,1.7292,11.9784,0.5133,12.2208,27.0605,7.5457
46575.0,1.7502,12.3053,0.5224,13.0249,26.6757,7.5225
46580.0,1.731,12.883,0.5062,12.393,27.4782,7.5182
46585.0,1.7229,12.9753,0.506,11.347,27.3178,7.5427
46590.0,1.7358,12.4145,0.5058,11.919,26.974,7.5356
46595.0,1.7414,12.8616,0.5067,11.4718,26.9272,7.5264
46600.0,1.7294,11.7718,0.5194,12.0267,27.2899,7.5313
46605.0,1.7228,12.1913,0.4935,10.7202,27.5325,7.5323
46610.0,1.744,12.1677,0.5052,12.2726,27.2797,7.5029
46615.0,1.7298,12.4163,0.5182,12.0051,27.5886,7.5143
46620.0,1.7633,12.8099,0.4906,12.3558,26.8197,7.4879
46625.0,1.7636,12.8035,0.522,11.9506,26.85,7.4846
46630.0,1.7798,12.5245,0.5161,12.8728,26.7624,7.4581
46635.0,1.7754,13.7396,0.5013,12.8309,27.1749,7.4452
46640.0,1.7718,12.8644,0.4987,13.7385,27.1132,7.4542
46645.0,1.7602,12.9627,0.5113,11.8943,27.0363,7.4803
46650.0,1.7552,12.6733,0.5006,11.1393,27.2817,7.4789
46655.0,1.7466,12.4382,0.5083,11.6303,27.3926,7.4898
46660.0,1.7605,12.5418,0.5039,12.304,26.7083,7.4979
46665.0,1.7491,12.4411,0.5068,11.3109,26.9458,7.5084
46670.0,1.7432,12.6759,0.4988,11.702,27.3055,7.5021
46675.0,1.7556,12.8879,0.5192,12.11,26.989,7.4936
46680.0,1.751,12.1727,0.5133,11.4973,26.9119,7.5062
46685.0,1.7365,12.1264,0.5013,11.9984,27.3717,7.512
46690.0,1.7536,12.6777,0.495,10.5196,26.8004,7.5077
46695.0,1.7515,12.7241,0.5191,12.865,27.0532,7.4986
46700.0,1.7587,12.7653,0.4962,12.5583,27.2166,7.4762
46705.0,1.7646,12.5437,0.5222,11.3349,26.9969,7.4749
46710.0,1.7669,12.9324,0.5178,12.0807,27.3421,7.4537
46715.0,1.7721,12.622,0.5124,13.5926,27.0102,7.459
46720.0,1.7614,12.2373,0.4895,10.7996,27.5107,7.4553
46725.0,1.7723,13.1035,0.5148,11.301,27.1333,7.4528
46730.0,1.7689,13.0665,0.5298,14.7106,27.3389,7.4492
46735.0,1.7784,12.8529,0.5045,11.8806,27.3639,7.4306
46740.0,1.7908,13.4411,0.5277,13.8146,27.027,7.423
46745.0,1.8003,13.5068,0.505,13.5103,26.677,7.4221
46750.0,1.7925,13.6791,0.5028,13.1625,27.2871,7.4076
46755.0,1.8066,13.4681,0.517,13.1686,27.2216,7.3855
46760.0,1.8024,13.7045,0.5131,13.0862,27.3492,7.3861
46765.0,1.8042,13.2278,0.5198,13.3453,27.1603,7.3914
46770.0,1.8043,12.9811,0.5274,14.2208,27.1162,7.3934
46775.0,1.7972,13.0119,0.5099,13.3089,27.7328,7.3786
46780.0,1.8093,13.2912,0.5112,14.6565,26.8695,7.3954
46785.0,1.8012,13.3913,0.5151,12.7659,27.4281,7.3852
46790.0,1.8028,13.1742,0.4993,13.8024,27.108,7.3962
46795.0,1.7939,13.1394,0.5044,14.0126,27.1749,7.4093
46800.0,1.8074,13.6476,0.5108,12.8494,27.1867,7.3857
46805.0,1.805,13.6409,0.5177,14.6432,27.0724,7.394
46810.0,1.8026,13.6098,0.5211,13.1482,27.4233,7.3828
46815.0,1.7883,13.7066,0.5252,15.0573,27.6355,7.3979
46820.0,1.8064,13.0855,0.5153,14.2656,27.4128,7.377
46825.0,1.8007,13.4641,0.5039,13.731,27.3286,7.3896
46830.0,1.8052,13.569,0.5133,13.544,27.0637,7.3941
46835.0,1.8016,13.1662,0.5354,13.6065,27.447,7.3836
46840.0,1.8045,14.4446,0.5041,12.7147,27.8645,7.3603
46845.0,1.8074,13.4992,0.5203,14.271,27.2379,7.3813
46850.0,1.8057,13.4239,0.5172,14.0471,27.2468,7.3847
46855.0,1.8061,13.6175,0.5108,13.4711,27.2083,7.3859
46860.0,1.8002,13.5349,0.5098,13.1921,27.2341,7.3951
46865.0,1.8231,13.3154,0.5364,13.4429,26.678,7.3809
46870.0,1.8051,13.3583,0.5004,13.1046,27.4734,7.3759
46875.0,1.8105,13.4099,0.5245,15.2269,27.1688,7.3797
46880.0,1.8243,13.4591,0.5245,12.6581,26.9856,7.3645
46885.0,1.7967,13.5806,0.5166,13.3819,27.5845,7.3847
46890.0,1.8173,14.0959,0.5289,14.3764,27.1337,7.3701
46895.0,1.8309,13.7991,0.5246,16.4603,27.3277,7.3385
46900.0,1.8202,13.7722,0.512,15.5836,27.7871,7.3357
46905.0,1.8407,14.2905,0.5099,13.9056,27.0764,7.3316
46910.0,1.8454,14.3538,0.5113,15.3155,27.0538,7.3247
46915.0,1.8224,13.8329,0.5297,13.904,27.5126,7.343
46920.0,1.8144,13.9812,0.515,13.2672,27.7409,7.3473
46925.0,1.8497,13.8259,0.5125,14.1444,27.0683,7.3179
46930.0,1.8252,14.0269,0.513,14.2845,27.5722,7.3356
46935.0,1.8141,14.3246,0.5291,14.5314,27.6239,7.3524
46940.0,1.8301,13.3848,0.5202,14.0052,26.9723,7.3542
46945.0,1.8129,13.5492,0.504,14.0477,27.6952,7.3522
46950.0,1.8191,13.7455,0.5067,13.7627,27.7233,7.3407
46955.0,1.8433,14.3234,0.5148,13.8071,27.4347,7.313
46960.0,1.8312,14.6216,0.5256,15.3278,27.8343,7.3152
46965.0,1.8517,13.4571,0.5146,14.3333,27.8139,7.284
46970.0,1.8491,14.7782,0.5095,14.4621,27.5642,7.2963
46975.0,1.8368,13.4444,0.5127,14.1047,27.4342,7.3215
46980.0,1.8351,14.0518,0.5129,13.087,27.3125,7.3303
46985.0,1.8329,13.9946,0.532,14.3118,27.555,7.3242
46990.0,1.8383,13.8652,0.532,14.5602,27.7156,7.309
46995.0,1.8532,13.9369,0.5255,14.0133,27.5008,7.2935
47000.0,1.8847,15.531,0.5391,16.9021,27.0412,7.2623
47005.0,1.8726,14.5674,0.5103,14.245,27.9166,7.2466
47010.0,1.8661,14.6796,0.51,13.3755,27.6557,7.2652
47015.0,1.8759,14.2829,0.5164,15.5713,27.5221,7.2562
47020.0,1.8775,14.743,0.5236,14.9153,27.8401,7.2419
47025.0,1.8689,14.7035,0.535,15.4032,28.0158,7.2476
47030.0,1.9151,15.3289,0.5183,16.8347,26.943,7.2191
47035.0,1.917,15.0639,0.5462,17.2566,27.7609,7.1868
47040.0,1.9267,15.3692,0.5203,15.9735,27.3046,7.1875
47045.0,1.9099,15.488,0.5214,16.7388,27.7949,7.1944
47050.0,1.907,15.1328,0.5298,16.5546,27.711,7.2015
47055.0,1.9099,15.1763,0.525,16.3459,27.8469,7.1933
47060.0,1.9265,15.1599,0.5379,16.1635,27.572,7.179
47065.0,1.938,15.3029,0.5303,18.8792,27.2375,7.1737
47070.0,1.9116,14.5227,0.5268,17.5184,27.6021,7.198
47075.0,1.9265,15.2309,0.5269,17.0589,27.8254,7.1709
47080.0,1.914,15.8936,0.5391,17.2753,27.9864,7.1817
47085.0,1.9387,15.6603,0.5233,17.6266,27.4486,7.1659
47090.0,1.919,15.8205,0.5197,16.2083,28.0073,7.174
47095.0,1.9292,15.4747,0.5314,17.7874,27.5975,7.1738
47100.0,1.9323,15.6195,0.5261,16.1607,27.859,7.1611
47105.0,1.9534,15.82,0.5154,17.1888,27.6499,7.1389
47110.0,1.9441,15.4467,0.5161,17.2895,27.8318,7.1448
47115.0,1.944,15.9701,0.5202,16.2725,28.0182,7.1393
47120.0,1.946,15.8585,0.5296,17.6287,27.4974,7.1528
47125.0,1.928,15.5476,0.5194,17.23,27.6431,7.173
47130.0,1.9163,15.1102,0.5265,15.5813,27.8683,7.1825
47135.0,1.9036,15.0628,0.478,14.8708,28.4314,7.182
47140.0,1.9098,15.5387,0.5172,17.1059,27.6241,7.2001
47145.0,1.8939,14.6547,0.5304,15.9028,28.3588,7.1984
47150.0,1.9023,14.9914,0.5241,17.0143,28.3588,7.1867
47155.0,1.911,14.8726,0.5247,15.4413,27.8422,7.1912
47160.0,1.9155,15.3956,0.5238,15.5278,27.8009,7.1865
47165.0,1.9493,16.012,0.5488,17.7336,27.7113,7.1435
47170.0,1.9347,15.7772,0.5358,17.9693,27.8761,7.1561
47175.0,1.9293,15.5698,0.5425,18.5975,27.5503,7.1744
47180.0,1.9143,15.4263,0.5397,17.5863,27.8918,7.1846
47185.0,1.9025,15.3073,0.5132,15.3786,28.2939,7.1881
47190.0,1.913,15.8053,0.5356,17.5375,27.7757,7.1907
47195.0,1.9151,15.9616,0.5292,16.9467,27.877,7.1846
47200.0,1.9176,15.9012,0.5439,16.7198,27.5207,7.1928
47205.0,1.9175,15.7923,0.5274,17.6118,28.0482,7.1758
47210.0,1.9166,15.3464,0.526,15.4849,28.0295,7.177
47215.0,1.9362,16.2747,0.5341,17.2758,27.988,7.1519
47220.0,1.9219,15.3179,0.5294,17.4645,27.9266,7.1721
47225.0,1.9159,15.4392,0.5329,16.3617,27.9162,7.1815
47230.0,1.9146,15.0305,0.5411,16.5683,28.1235,7.1768
47235.0,1.9119,15.1662,0.5281,15.8349,27.9994,7.1844
47240.0,1.9067,15.3265,0.5196,15.5178,28.0939,7.1888
47245.0,1.9146,15.3724,0.506,16.3338,28.0775,7.1786
47250.0,1.8946,15.2963,0.5298,14.7864,28.3131,7.1981
47255.0,1.8957,14.196,0.5122,16.396,28.21,7.2007
47260.0,1.9026,15.5673,0.519,16.5113,28.0974,7.195
47265.0,1.9095,15.3402,0.5295,16.1629,28.4372,7.1743
47270.0,1.9061,15.1331,0.5281,16.5763,28.1711,7.1867
47275.0,1.8843,15.1913,0.5415,15.6649,28.4006,7.2099
47280.0,1.9035,14.5983,0.5225,15.5734,28.2344,7.1895
47285.0,1.9021,15.5182,0.5436,16.22,27.6305,7.2111
47290.0,1.8838,15.095,0.5359,15.185,28.4255,7.2107
47295.0,1.8798,14.5334,0.5028,16.271,28.1413,7.2261
47300.0,1.8833,14.6532,0.5277,15.2199,28.1027,7.223
47305.0,1.884,15.1023,0.5175,15.1615,28.1942,7.2187
47310.0,1.8927,14.9362,0.5224,14.9854,28.0457,7.2113
47315.0,1.8843,14.3442,0.5168,14.8443,28.1968,7.2177
47320.0,1.9076,15.4107,0.5142,15.0158,28.0001,7.192
47325.0,1.8816,14.5724,0.5134,16.6368,28.4746,7.2115
47330.0,1.9007,14.7461,0.5222,16.1425,28.1356,7.1968
47335.0,1.9078,15.3698,0.5284,16.0955,28.0762,7.1884
47340.0,1.9074,15.6024,0.5325,16.492,27.9485,7.1928
47345.0,1.893,14.9137,0.5378,17.0246,28.2548,7.2029
47350.0,1.8798,14.428,0.5195,15.7246,28.2421,7.2224
47355.0,1.8703,14.7266,0.5373,15.3975,28.3002,7.2348
47360.0,1.8979,15.2749,0.5219,15.9475,27.9539,7.2078
47365.0,1.9019,15.4632,0.5212,16.9838,27.8181,7.2056
47370.0,1.9055,15.0563,0.5288,16.043,28.3824,7.1819
47375.0,1.8698,14.2923,0.5149,14.9412,28.6047,7.2234
47380.0,1.9172,15.3166,0.5227,15.3803,27.9844,7.1794
47385.0,1.9094,15.0468,0.524,16.3348,28.6458,7.1672
47390.0,1.8987,15.1244,0.5216,14.9579,28.3268,7.1915
47395.0,1.8954,14.8246,0.5532,17.9469,28.2614,7.1991
47400.0,1.9089,15.0655,0.5328,16.9389,28.171,7.1838
47405.0,1.9093,15.4586,0.5372,16.3187,27.9315,7.1906
47410.0,1.9082,15.0067,0.5211,16.6604,28.5318,7.1728
47415.0,1.9323,15.961,0.5201,17.8457,28.098,7.1535
47420.0,1.9005,14.9263,0.5258,15.901,28.1041,7.1958
47425.0,1.8958,14.9102,0.5314,15.3615,28.554,7.1892
47430.0,1.9075,15.4139,0.5345,17.1676,27.8422,7.1963
47435.0,1.9102,15.2337,0.5173,16.5317,27.939,7.1895
47440.0,1.9038,15.4527,0.5199,16.0074,28.3222,7.1855
47445.0,1.915,15.1001,0.5253,16.3982,28.4068,7.1675
47450.0,1.9099,14.8858,0.5293,17.2939,28.4614,7.1719
47455.0,1.9355,16.0434,0.5359,17.4658,28.2714,7.1438
47460.0,1.8963,14.9489,0.517,16.759,28.986,7.1728
47465.0,1.9119,15.1212,0.5185,16.2688,28.303,7.1744
47470.0,1.9316,15.7657,0.5301,16.2898,28.3088,7.148
47475.0,1.9186,15.1314,0.5265,16.4617,28.1736,7.1685
47480.0,1.9278,16.0234,0.5274,16.6237,28.4102,7.1497
47485.0,1.9335,15.5715,0.5375,17.0673,28.5392,7.1375
47490.0,1.9329,16.0258,0.5222,18.2642,28.6926,7.1333
47495.0,1.9565,16.1156,0.5391,20.1601,28.0256,7.1225
47500.0,1.9551,16.1236,0.5478,18.8375,28.3425,7.1145
47505.0,1.9564,15.9812,0.5271,17.0314,28.5217,7.1074
47510.0,1.9498,15.9661,0.5377,17.8865,28.5627,7.1144
47515.0,1.9486,16.6427,0.5264,18.0567,28.4235,7.1201
47520.0,1.9447,16.3574,0.526,17.2573,28.5633,7.1212
47525.0,1.9568,16.4331,0.5376,17.7996,28.2312,7.1155
47530.0,1.9561,15.5568,0.5344,18.7678,28.8286,7.0993
47535.0,1.9552,16.169,0.5279,18.1555,28.6929,7.1035
47540.0,1.9684,16.0868,0.5255,19.5992,28.114,7.1035
47545.0,1.9741,16.7534,0.5347,18.6136,28.1869,7.0943
47550.0,1.9803,16.9278,0.529,18.6303,28.1994,7.0858
47555.0,1.9713,16.3431,0.5323,17.0718,28.6359,7.0846
47560.0,1.9873,16.7757,0.5501,19.1155,28.1505,7.0782
47565.0,1.9832,17.1348,0.5355,18.7095,28.3941,7.0764
47570.0,1.9681,16.4409,0.5401,17.737,28.5957,7.0894
47575.0,2.0058,16.3627,0.556,20.6757,28.4705,7.0474
47580.0,2.0095,17.1961,0.5389,20.1771,28.5567,7.0394
47585.0,2.0206,17.4873,0.5402,18.6412,28.2304,7.0343
47590.0,2.0221,17.4908,0.5298,18.7385,28.6504,7.0219
47595.0,2.0335,17.6717,0.5323,20.4423,28.3532,7.0156
47600.0,2.0527,17.82,0.5339,20.8088,28.43,6.9926
47605.0,2.0609,18.5698,0.5384,21.0082,28.5751,6.9819
47610.0,2.0638,17.3447,0.5558,20.9704,28.546,6.9815
47615.0,2.0702,18.3733,0.5477,21.4217,28.5307,6.9778
47620.0,2.0944,18.2984,0.5348,22.3287,28.3414,6.9606
47625.0,2.1126,19.0713,0.5624,22.2421,28.4584,6.9455
47630.0,2.1128,18.676,0.5504,21.9923,28.5381,6.95
47635.0,2.1097,18.5512,0.5618,23.7163,28.1979,6.9652
47640.0,2.1232,19.686,0.5517,22.7489,28.43,6.9529
47645.0,2.1392,19.252,0.5565,24.1835,28.6466,6.9399
47650.0,2.1686,19.7595,0.5724,23.6413,28.2342,6.9265
47655.0,2.1574,19.5061,0.5718,24.2156,28.8465,6.9355
47660.0,2.1837,20.486,0.5378,24.5756,28.8785,6.9197
47665.0,2.2164,20.9857,0.5766,27.5513,28.2534,6.9089
47670.0,2.2042,20.8633,0.5627,27.1914,28.9077,6.9211
47675.0,2.2239,20.8921,0.5538,27.0613,28.5359,6.9188
47680.0,2.2188,21.0551,0.577,26.5258,28.6798,6.931
47685.0,2.2482,21.4139,0.5786,28.5228,28.4544,6.9171
47690.0,2.3,22.6054,0.5723,30.1196,28.8125,6.879
47695.0,2.3073,21.9628,0.5919,31.2407,28.6864,6.8874
47700.0,2.3361,22.7561,0.5897,31.3848,28.3845,6.8801
47705.0,2.3403,23.2014,0.5898,31.0366,28.2997,6.8913
47710.0,2.3343,23.0396,0.5689,31.4673,28.2288,6.9103
47715.0,2.3117,22.4228,0.5895,30.7314,28.6437,6.9364
47720.0,2.3057,22.3539,0.6002,31.348,28.7426,6.9488
47725.0,2.3001,21.9795,0.5716,29.7942,28.7649,6.9598
47730.0,2.3051,22.5571,0.5837,29.1764,28.5753,6.9627
47735.0,2.3033,22.3494,0.5823,29.2971,28.318,6.9715
47740.0,2.3012,22.0398,0.599,29.7124,28.4392,6.9757
47745.0,2.2957,22.6632,0.5753,29.241,28.9001,6.9786
47750.0,2.3229,22.61,0.5933,31.3009,28.4931,6.9625
47755.0,2.3005,22.0585,0.5817,29.7187,28.6523,6.9839
47760.0,2.3259,22.646,0.5765,30.3688,28.3496,6.9681
47765.0,2.3127,22.2829,0.5944,31.3114,28.7047,6.979
47770.0,2.3531,23.4036,0.5939,30.7005,28.508,6.9501
47775.0,2.3386,22.848,0.5783,30.4206,28.8859,6.9638
47780.0,2.3324,22.5119,0.5746,31.8747,28.8194,6.9743
47785.0,2.3322,22.8187,0.5832,31.0719,28.5037,6.9808
47790.0,2.3405,22.8711,0.591,32.4868,28.5976,6.9755
47795.0,2.3109,22.6821,0.5866,30.0575,28.493,7.0043
47800.0,2.2946,21.6264,0.5882,28.9788,28.2773,7.0209
47805.0,2.2707,21.5395,0.592,28.0269,28.4191,7.0381
47810.0,2.2546,21.9114,0.5661,27.0869,28.6843,7.0448
47815.0,2.2443,21.5389,0.5496,26.9104,28.7172,7.0481
47820.0,2.2601,21.4919,0.5672,28.6119,28.6741,7.0291
47825.0,2.2603,21.2094,0.5733,28.161,28.5625,7.0261
47830.0,2.2306,20.6302,0.5662,25.8618,28.8721,7.0449
47835.0,2.2249,21.5103,0.5783,28.1362,28.6555,7.0478
47840.0,2.2377,21.5931,0.5699,28.5039,28.8162,7.0288
47845.0,2.2271,21.2166,0.5425,27.7083,28.1976,7.0422
47850.0,2.2107,20.3023,0.5559,26.5668,27.661,7.0603
47855.0,2.1784,20.0354,0.5707,24.1184,28.713,7.0673
47860.0,2.1336,19.1267,0.5581,23.422,28.2863,7.108
47865.0,2.0997,18.2891,0.5438,21.8985,28.5897,7.1232
47870.0,2.0589,17.8741,0.533,20.7496,28.5675,7.1492
47875.0,1.9984,16.5125,0.5351,19.8436,29.04,7.1836
47880.0,1.9701,16.5796,0.5341,20.5444,28.7432,7.199
47885.0,1.9425,15.1373,0.5232,18.3164,28.6846,7.2067
47890.0,1.9084,15.3098,0.5272,17.4295,28.8523,7.2159
47895.0,1.9046,15.55,0.5433,15.3137,28.735,7.1966
47900.0,1.8726,14.9268,0.5196,15.2299,28.5282,7.2227
47905.0,1.86,14.2261,0.5365,15.7751,28.9101,7.2286
47910.0,1.8861,14.7044,0.5165,15.6353,28.3644,7.2103
47915.0,1.8754,14.6194,0.5282,14.9092,28.7221,7.2127
47920.0,1.8731,14.7672,0.5363,15.6229,28.2538,7.232
47925.0,1.8412,14.0579,0.5011,13.0602,28.691,7.2642
47930.0,1.8535,14.2001,0.5312,15.108,28.6874,7.2474
47935.0,1.8488,14.3001,0.5245,16.0287,29.0575,7.2408
47940.0,1.8808,14.81,0.5052,15.1767,28.2462,7.2223
47945.0,1.8776,15.0227,0.5268,16.8931,28.4862,7.218
47950.0,1.8673,14.3814,0.5589,16.2116,28.841,7.2204
47955.0,1.8719,14.6735,0.517,15.5531,28.7179,7.2182
47960.0,1.8841,14.9772,0.5295,15.2401,28.6779,7.2023
47965.0,1.8721,14.2305,0.5095,14.4294,28.3925,7.2282
47970.0,1.8683,14.5078,0.5244,15.1843,28.4824,7.2315
47975.0,1.8587,14.6791,0.5003,14.7816,28.9398,7.23
47980.0,1.8735,14.1432,0.5087,15.3155,28.6141,7.2197
47985.0,1.879,14.4095,0.532,15.6046,28.7192,7.208
47990.0,1.8911,14.9338,0.5165,16.7361,28.5948,7.1948
47995.0,1.8926,14.8724,0.5048,16.3454,28.326,7.201
48000.0,1.8859,15.1123,0.5444,17.1818,28.8533,7.1933
48005.0,1.887,14.6281,0.5126,15.7695,28.7437,7.1952
48010.0,1.8701,14.8546,0.5367,14.9217,29.1922,7.2041
48015.0,1.8796,14.5438,0.5218,15.7178,28.3598,7.2186
48020.0,1.8578,13.6574,0.5145,14.8142,28.8171,7.2349
48025.0,1.8702,14.3794,0.5014,13.84,28.2813,7.236
48030.0,1.8346,13.6482,0.5105,15.1632,28.6462,7.2759
48035.0,1.8447,14.1672,0.5153,13.9402,28.8485,7.2552
48040.0,1.8602,15.0491,0.5061,14.7254,28.0839,7.2586
48045.0,1.8497,13.7819,0.5081,14.3747,28.5481,7.2577
48050.0,1.8532,14.1946,0.5183,14.0584,28.4558,7.2557
48055.0,1.8696,14.5281,0.5312,15.255,28.4184,7.233
48060.0,1.8515,14.4139,0.5254,15.4895,28.6874,7.249
48065.0,1.8576,14.2634,0.5219,16.0807,28.8684,7.2346
48070.0,1.8534,14.3007,0.5151,14.7873,28.5519,7.2511
48075.0,1.8506,14.4398,0.5082,14.2978,28.6336,7.253
48080.0,1.8376,13.9085,0.5142,12.7189,28.6077,7.2734
48085.0,1.8562,14.6549,0.5184,14.9503,28.5764,7.2477
48090.0,1.8655,14.4724,0.5081,15.4571,28.3003,7.2428
48095.0,1.8517,13.9551,0.5072,13.6065,28.8465,7.2436
48100.0,1.851,14.2808,0.5094,13.9063,28.6397,7.252
48105.0,1.8569,13.8953,0.5224,14.2795,28.6612,7.2429
48110.0,1.8416,14.1766,0.5232,14.8414,28.3573,7.2762
48115.0,1.8536,14.4926,0.5188,14.5416,28.4406,7.2564
48120.0,1.8422,14.3462,0.5205,15.4896,28.5077,7.2703
48125.0,1.8646,14.5111,0.5221,16.0476,28.1644,7.2499
48130.0,1.8675,14.8466,0.5164,15.2297,28.1221,7.2463
48135.0,1.8539,14.6791,0.5069,15.0249,28.3901,7.2566
48140.0,1.8635,14.6298,0.5155,14.7586,28.667,7.2332
48145.0,1.8774,14.8053,0.519,15.3503,28.3691,7.2227
48150.0,1.8601,14.2771,0.5373,15.584,28.2736,7.2506
48155.0,1.8539,14.8066,0.5341,15.015,28.3205,7.2592
48160.0,1.8755,14.6594,0.509,15.3547,28.4061,7.2251
48165.0,1.8739,14.5637,0.5068,16.4812,28.4272,7.2253
48170.0,1.8455,13.7166,0.5081,15.3591,29.0527,7.2449
48175.0,1.8703,14.0911,0.5158,16.5476,28.7706,7.2196
48180.0,1.8574,14.1967,0.5245,15.1781,28.7587,7.2374
48185.0,1.8605,14.2418,0.5088,15.0294,28.7902,7.2326
48190.0,1.8825,15.0906,0.509,14.8854,28.2437,7.2196
48195.0,1.8856,14.9973,0.5295,15.7602,28.1832,7.2167
48200.0,1.8828,14.6261,0.5246,15.6913,28.2074,7.2198
48205.0,1.8487,14.1988,0.52,15.0356,28.813,7.2482
48210.0,1.8517,14.7969,0.5281,15.5831,28.3378,7.2618
48215.0,1.8406,14.0919,0.5055,13.2591,28.1569,7.2858
48220.0,1.839,14.1493,0.5262,15.6972,28.357,7.2818
48225.0,1.8438,14.3311,0.5102,14.1565,28.4002,7.2728
48230.0,1.847,14.2682,0.5137,14.4286,28.5219,7.2631
48235.0,1.8471,14.2884,0.5335,14.8737,28.5124,7.2631
48240.0,1.8593,14.2048,0.5167,14.6958,28.2375,7.2548
48245.0,1.8437,14.084,0.498,15.4818,28.6108,7.2643
48250.0,1.8406,14.3026,0.5152,14.0816,28.2743,7.2816
48255.0,1.8458,14.2151,0.5224,13.6252,28.3897,7.2702
48260.0,1.8243,13.6744,0.5214,14.2719,28.5952,7.2949
48265.0,1.8333,14.0396,0.5132,13.983,28.2576,7.2946
48270.0,1.8512,14.5133,0.5304,15.3548,28.2703,7.267
48275.0,1.8438,14.087,0.5055,14.9073,28.555,7.2665
48280.0,1.8628,14.1628,0.5112,14.9348,28.1871,7.2515
48285.0,1.8553,14.4757,0.5286,14.864,28.2998,7.2579
48290.0,1.8518,14.3885,0.535,15.2594,28.5292,7.2552
48295.0,1.8278,14.021,0.5235,13.3957,28.8981,7.2779
48300.0,1.8385,13.7779,0.5176,15.7791,28.5302,7.2759
48305.0,1.8353,14.2801,0.5065,14.6137,28.4912,7.2821
48310.0,1.8415,14.0695,0.5139,14.7344,28.5,7.2726
48315.0,1.8438,13.9861,0.5121,15.345,28.0931,7.2838
48320.0,1.8484,13.9359,0.5116,14.7444,28.3844,7.2666
48325.0,1.8709,13.9612,0.5314,17.3379,28.3421,7.2343
48330.0,1.8631,14.252,0.5135,15.2549,28.4239,7.2413
48335.0,1.8581,14.4838,0.5157,14.6343,28.3666,7.251
48340.0,1.8429,14.2252,0.5092,14.7352,28.4263,7.2719
48345.0,1.8431,13.8297,0.5164,13.0503,28.2474,7.279
48350.0,1.8441,13.7641,0.5109,14.7751,28.3338,7.2746
48355.0,1.8489,14.0698,0.5167,13.6101,28.0059,7.2793
48360.0,1.8273,13.5053,0.4961,14.2611,28.2267,7.3046
48365.0,1.8308,13.6948,0.5178,14.7691,28.6481,7.2843
48370.0,1.8353,13.7277,0.5258,15.0004,28.3738,7.2868
48375.0,1.8332,14.07,0.5304,14.5177,28.2825,7.2936
48380.0,1.8316,14.3471,0.5114,14.2594,28.7554,7.2787
48385.0,1.8425,14.4634,0.513,14.0412,27.9347,7.292
48390.0,1.8481,14.3058,0.5123,15.4988,27.9912,7.2819
48395.0,1.8301,14.2583,0.5113,14.8382,28.6902,7.283
48400.0,1.8532,14.4476,0.5159,14.926,28.267,7.2635
48405.0,1.859,14.4298,0.5302,15.8246,28.1884,7.257
48410.0,1.8581,14.515,0.5272,15.6293,27.9426,7.2671
48415.0,1.863,15.0396,0.5101,13.8139,28.3478,7.2456
48420.0,1.8741,14.4043,0.5049,15.8335,28.3653,7.228
48425.0,1.8806,15.1375,0.5323,16.158,27.9489,7.2324
48430.0,1.8809,14.6112,0.523,16.4484,28.1808,7.224
48435.0,1.8588,14.4118,0.5203,15.5815,28.1253,7.2579
48440.0,1.8557,14.0976,0.5218,15.4395,28.2665,7.2588
48445.0,1.8684,14.4792,0.5053,14.7551,27.9159,7.2527
48450.0,1.8329,13.8274,0.5196,15.6771,28.5019,7.2843
48455.0,1.8457,13.8668,0.516,13.9017,28.4111,7.2696
48460.0,1.8556,13.6966,0.5141,15.2397,28.0845,7.266
48465.0,1.8682,13.9465,0.5286,16.3896,28.1144,7.2462
48470.0,1.8699,13.9836,0.5134,15.9682,28.1275,7.2424
48475.0,1.8858,14.8565,0.528,16.0994,27.9602,7.225
48480.0,1.8744,14.5356,0.5267,15.74,28.037,7.2382
48485.0,1.8781,14.475,0.5086,16.3568,28.0734,7.232
48490.0,1.8729,14.1305,0.5375,17.1389,28.5372,7.2232
48495.0,1.8864,14.9946,0.5365,16.8004,28.3637,7.2096
48500.0,1.8888,14.9343,0.5275,15.6605,28.3538,7.206
48505.0,1.8944,15.242,0.5161,15.3332,28.2056,7.203
48510.0,1.8955,14.7658,0.5263,16.7207,27.8268,7.2143
48515.0,1.8919,14.8872,0.5227,15.6659,28.0888,7.2108
48520.0,1.8905,14.9197,0.5214,16.6228,28.3348,7.2044
48525.0,1.9048,14.3456,0.5363,15.0977,27.7706,7.203
48530.0,1.8976,14.8042,0.5153,16.8503,28.2372,7.1974
48535.0,1.8811,14.8198,0.5269,15.4442,28.6517,7.2065
48540.0,1.9146,14.6709,0.5211,16.547,28.3295,7.1712
48545.0,1.9124,15.3143,0.552,18.3008,28.4105,7.1702
48550.0,1.9379,15.9597,0.5283,16.0091,28.1045,7.1457
48555.0,1.9264,16.0774,0.5451,18.2326,28.2848,7.1544
48560.0,1.9482,15.9179,0.5213,18.2938,27.8563,7.1392
48565.0,1.9388,15.6127,0.5304,17.8616,28.2276,7.1396
48570.0,1.9489,15.8119,0.5382,16.2714,28.1852,7.1277
48575.0,1.9278,16.6439,0.5505,17.5084,28.087,7.158
48580.0,1.9239,16.2227,0.5159,16.9117,28.3364,7.1566
48585.0,1.9589,16.2246,0.5308,18.1386,27.8656,7.125
48590.0,1.9561,16.1186,0.5529,18.2355,27.9464,7.125
48595.0,1.9553,15.7392,0.5321,16.5876,28.01,7.1241
48600.0,1.9362,15.2278,0.5286,17.0539,27.7216,7.1583
48605.0,1.9138,15.0526,0.5333,16.0814,28.0287,7.1801
48610.0,1.924,15.3331,0.5163,17.4645,27.5351,7.1832
48615.0,1.903,15.6174,0.5304,16.3432,28.2195,7.1896
48620.0,1.9215,15.3937,0.5129,16.5061,27.9623,7.173
48625.0,1.9264,15.5891,0.5221,16.6431,27.8134,7.1705
48630.0,1.9466,16.1347,0.5304,17.0951,27.7279,7.1459
48635.0,1.9352,15.7285,0.5391,17.3155,27.8708,7.1557
48640.0,1.9107,14.961,0.5238,16.9736,28.0945,7.1821
48645.0,1.914,15.4356,0.5288,18.0277,28.0523,7.18
48650.0,1.9333,15.4941,0.5238,17.5896,27.732,7.164
48655.0,1.9389,15.4775,0.5458,17.0254,27.6898,7.1571
48660.0,1.925,15.7812,0.5123,15.9215,28.0585,7.1638
48665.0,1.94,16.0421,0.5259,16.8125,27.7067,7.1552
48670.0,1.9406,15.6817,0.5249,16.445,27.8953,7.1481
48675.0,1.9354,15.8262,0.5311,17.5567,27.9042,7.1545
48680.0,1.9553,16.0283,0.5463,17.5589,27.9444,7.1272
48685.0,1.9685,16.2294,0.5294,16.2328,28.074,7.1055
48690.0,1.9923,16.8124,0.5303,18.3982,27.5367,7.0901
48695.0,1.9968,16.6414,0.5442,19.948,27.3677,7.0886
48700.0,1.9833,16.8502,0.5228,18.4274,27.6968,7.0962
48705.0,1.9708,16.4133,0.5273,19.1119,28.2821,7.0955
48710.0,1.9626,16.6211,0.5401,17.2047,28.3304,7.1044
48715.0,1.9719,16.1796,0.5296,17.3196,28.2758,7.0945
48720.0,1.9907,16.9474,0.5243,18.6677,27.7629,7.0852
48725.0,1.9975,16.7992,0.5314,19.1043,27.3588,7.0878
48730.0,1.996,17.2582,0.5312,19.4146,27.2118,7.0942
48735.0,1.9821,16.4898,0.5322,18.2858,27.6373,7.0996
48740.0,1.9834,16.0428,0.5159,17.7807,27.7345,7.0953
48745.0,1.9571,16.1517,0.5325,16.6088,28.1025,7.1179
48750.0,1.9683,16.3484,0.5425,18.758,27.9876,7.1078
48755.0,1.9672,16.5025,0.5484,18.4332,27.8208,7.1138
48760.0,1.9752,16.1343,0.5132,18.5688,27.5348,7.1122
48765.0,1.9924,16.2464,0.5268,18.5363,27.5105,7.0909
48770.0,1.9934,17.087,0.5374,18.6786,27.8076,7.0804
48775.0,1.9898,16.814,0.5397,19.4615,27.9117,7.0816
48780.0,1.9912,16.8442,0.5271,18.8393,27.8289,7.0822
48785.0,1.9904,16.9971,0.5457,19.3158,27.4658,7.0936
48790.0,1.9636,16.1544,0.5337,18.5898,27.8806,7.1161
48795.0,1.9696,16.1239,0.5398,18.8704,27.818,7.1111
48800.0,1.9639,16.1299,0.5305,19.0478,27.4374,7.1298
48805.0,1.9674,16.2482,0.5559,17.9936,27.5026,7.1239
48810.0,1.9672,16.2007,0.5374,18.1259,27.8644,7.1131
48815.0,1.9625,15.9086,0.5387,19.3409,27.6273,7.1259
48820.0,1.9565,16.0578,0.5402,18.7119,28.077,7.1206
48825.0,1.969,16.4767,0.5284,18.705,27.7987,7.1126
48830.0,1.9641,16.594,0.5304,19.3319,27.5455,7.1263
48835.0,1.9597,16.2523,0.538,18.3433,27.6584,7.1291
48840.0,1.9382,15.7981,0.5406,18.1139,27.6707,7.1574
48845.0,1.9457,15.448,0.5311,16.7377,27.4666,7.155
48850.0,1.9313,15.5828,0.5459,18.6459,27.4145,7.1761
48855.0,1.9298,16.0627,0.524,17.9308,27.8119,7.1661
48860.0,1.9418,15.4442,0.5389,18.1003,27.8419,7.1486
48865.0,1.9143,14.8646,0.5329,14.5314,27.7755,7.1873
48870.0,1.9141,15.5159,0.5351,16.0978,27.9975,7.1819
48875.0,1.9149,15.3634,0.5144,16.4909,27.4773,7.1979
48880.0,1.8854,14.5206,0.4999,15.8658,28.0255,7.2216
48885.0,1.9137,15.8124,0.5109,16.0556,27.3759,7.2047
48890.0,1.9139,15.6589,0.5161,14.9233,27.3421,7.2049
48895.0,1.9499,15.7044,0.5167,18.5425,27.1496,7.1614
48900.0,1.9558,16.2025,0.512,18.4978,27.4725,7.1413
48905.0,1.9591,16.0255,0.5112,17.0786,27.4523,7.1368
48910.0,1.9533,16.0812,0.5377,19.1715,27.7042,7.1365
48915.0,1.9508,16.5357,0.5259,17.7886,27.6281,7.1422
48920.0,1.9699,16.6142,0.5149,17.3288,27.2634,7.1285
48925.0,1.9431,16.0426,0.5319,17.0649,27.458,7.1576
48930.0,1.9369,16.1829,0.5244,17.0745,27.4579,7.1671
48935.0,1.9483,15.6411,0.5459,17.8806,27.1014,7.1637
48940.0,1.9538,16.0467,0.5373,19.2308,27.2948,7.1497
48945.0,1.9535,16.2428,0.5383,18.6792,27.342,7.1481
48950.0,1.9501,15.4176,0.5225,18.2463,27.8879,7.1354
48955.0,1.946,16.2412,0.5319,17.0648,27.5722,7.1503
48960.0,1.9324,15.7135,0.516,17.5463,27.6847,7.1656
48965.0,1.948,15.7978,0.5209,16.3943,27.1395,7.1627
48970.0,1.9117,15.4337,0.5325,16.6162,27.8076,7.1905
48975.0,1.8992,15.3009,0.5187,15.8198,27.8294,7.2084
48980.0,1.9179,15.5936,0.5407,17.4794,26.9996,7.2115
48985.0,1.9167,15.1427,0.5387,16.7415,27.3179,7.2021
48990.0,1.9029,14.8303,0.5093,15.184,27.6134,7.2111
48995.0,1.9291,15.5626,0.5341,15.149,27.6458,7.1737
49000.0,1.9359,16.0278,0.5298,17.1221,27.3103,7.174
49005.0,1.9418,15.4723,0.5385,17.393,27.3989,7.163
49010.0,1.9697,16.1297,0.522,18.1276,27.3213,7.1277
49015.0,1.9362,15.8288,0.5217,16.9138,27.4937,7.1658
49020.0,1.9375,16.0934,0.5274,17.0263,27.7608,7.1568
49025.0,1.9298,15.7319,0.5324,17.9697,27.2643,7.1833
49030.0,1.9115,15.4812,0.5176,15.5365,27.7029,7.195
49035.0,1.9252,16.0411,0.5181,15.6183,27.2529,7.1916
49040.0,1.9316,15.3245,0.5441,17.4574,27.2321,7.1833
49045.0,1.9303,16.3055,0.5278,15.7604,27.6444,7.171
49050.0,1.9343,15.9922,0.5086,16.3196,27.6661,7.1644
49055.0,1.9262,15.3776,0.5317,18.0841,27.6443,7.176
49060.0,1.9186,15.4368,0.5234,17.2064,27.0984,7.2056
49065.0,1.9097,15.7192,0.5242,16.9569,27.3068,7.2122
49070.0,1.9043,15.4629,0.5215,16.5224,27.6251,7.2091
49075.0,1.9007,14.9313,0.53,16.6034,27.4258,7.2211
49080.0,1.9078,15.3671,0.521,16.5887,27.1432,7.2214
49085.0,1.9147,15.3354,0.5262,16.4909,27.5224,7.1983
49090.0,1.9118,15.5593,0.5366,15.7538,27.2254,7.2118
49095.0,1.8855,15.2371,0.5335,15.25,27.849,7.2281
49100.0,1.8916,14.6107,0.5145,16.843,27.783,7.2224
49105.0,1.8979,15.0874,0.5196,15.7064,27.5442,7.2215
49110.0,1.9122,14.7977,0.5274,16.1876,27.73,7.1947
49115.0,1.9186,15.4699,0.5289,16.7166,27.4025,7.1958
49120.0,1.9213,15.8518,0.5468,17.4756,27.5743,7.1863
49125.0,1.9072,15.1934,0.5415,16.9678,27.749,7.1997
49130.0,1.924,15.7,0.5469,18.181,27.4377,7.1872
49135.0,1.9091,15.0395,0.5069,15.3785,27.3093,7.2122
49140.0,1.9107,15.459,0.5282,16.1807,26.9438,7.2241
49145.0,1.9031,15.4909,0.528,17.6572,27.3461,7.2211
49150.0,1.8851,14.8041,0.5264,15.5852,27.5697,7.2391
49155.0,1.9011,15.9972,0.5028,14.7079,27.5973,7.2156
49160.0,1.9065,15.7338,0.5293,17.1167,27.4841,7.2109
49165.0,1.8952,14.8878,0.5287,16.7794,27.2198,7.2366
49170.0,1.9062,15.4665,0.529,15.012,26.8581,7.2348
49175.0,1.8939,15.023,0.5376,16.2523,27.2258,7.2393
49180.0,1.8933,14.9632,0.5466,16.1551,27.2709,7.2386
49185.0,1.9027,14.7727,0.5111,16.4496,27.2661,7.2251
49190.0,1.8834,14.4749,0.5221,15.1931,27.4964,7.2445
49195.0,1.8782,14.6483,0.5293,16.2598,27.8357,7.2406
49200.0,1.891,15.547,0.5208,14.6492,27.3678,7.2386
49205.0,1.894,15.0585,0.5037,14.5766,27.2804,7.2373
49210.0,1.8981,15.0342,0.5132,16.528,27.2674,7.2317
49215.0,1.8781,14.9357,0.5253,15.9969,27.3611,7.2577
49220.0,1.8832,15.1044,0.518,15.4947,27.1208,7.26
49225.0,1.8713,14.1158,0.5263,15.5606,27.3558,7.2692
49230.0,1.8737,14.5716,0.5079,16.044,27.4364,7.2629
49235.0,1.8707,14.1767,0.5288,16.4644,27.3741,7.2696
49240.0,1.8702,14.6798,0.5239,16.0859,27.4341,7.2683
49245.0,1.8733,14.5706,0.5111,14.0165,27.4263,7.2639
49250.0,1.8898,15.0068,0.519,15.8481,26.8731,7.2599
49255.0,1.8925,14.4691,0.5524,15.7942,27.4735,7.2332
49260.0,1.9019,15.3965,0.5174,15.1331,27.1449,7.2305
49265.0,1.9213,15.784,0.5185,16.1029,27.0371,7.2061
49270.0,1.9319,15.628,0.5326,18.5945,27.0333,7.1902
49275.0,1.9239,15.6009,0.5101,16.8877,27.4163,7.1877
49280.0,1.9435,15.6561,0.5447,16.6673,27.2509,7.1661
49285.0,1.9453,15.9052,0.5257,17.6168,26.8846,7.175
49290.0,1.9298,15.5936,0.5266,16.7106,27.4233,7.1787
49295.0,1.9421,15.7568,0.5225,18.251,26.9426,7.178
49300.0,1.902,15.0567,0.5387,16.313,27.3363,7.2212
49305.0,1.8875,14.6002,0.5344,15.9368,27.3598,7.2432
49310.0,1.8855,14.7104,0.5293,15.9183,27.5205,7.2412
49315.0,1.8804,14.9678,0.5257,15.5326,27.7435,7.2405
49320.0,1.9102,15.2767,0.5164,15.616,26.956,7.2254
49325.0,1.894,15.2936,0.5198,16.9212,27.2831,7.2367
49330.0,1.886,14.9726,0.525,16.1129,27.2263,7.251
49335.0,1.8742,14.9198,0.5262,14.8893,27.4031,7.2628
49340.0,1.8783,15.2061,0.5106,15.7043,27.3478,7.2591
49345.0,1.877,14.5953,0.5216,16.2858,27.2051,7.2663
49350.0,1.8691,14.3962,0.5174,16.0895,27.1824,7.2795
49355.0,1.8704,14.8065,0.5336,15.5469,27.013,7.2847
49360.0,1.8634,14.7698,0.5196,15.2088,27.5386,7.2754
49365.0,1.8753,14.5843,0.5134,14.8335,27.406,7.2619
49370.0,1.877,14.9102,0.532,14.5271,27.5202,7.2546
49375.0,1.8793,14.4036,0.5212,16.1825,27.2129,7.2623
49380.0,1.8864,14.5761,0.5138,15.4404,27.126,7.2553
49385.0,1.8994,15.347,0.5294,16.2203,27.0204,7.2395
49390.0,1.8994,14.6742,0.499,15.3859,27.3796,7.2258
49395.0,1.9255,15.6172,0.5269,16.7514,27.0298,7.2003
49400.0,1.8851,15.3002,0.527,16.205,27.7519,7.2317
49405.0,1.8879,15.2823,0.5216,15.811,26.9629,7.2579
49410.0,1.8928,14.6947,0.527,14.9833,27.3583,7.2369
49415.0,1.871,14.6025,0.5053,15.6626,27.6817,7.2566
49420.0,1.879,14.4371,0.535,15.3589,27.4399,7.2544
49425.0,1.8966,15.1862,0.5176,16.3203,27.3343,7.2322
49430.0,1.9158,15.0239,0.513,15.9098,27.0486,7.2137
49435.0,1.9182,15.3882,0.5313,16.209,26.9456,7.2132
49440.0,1.8966,15.289,0.5276,15.8403,27.484,7.2251
49445.0,1.8967,15.0287,0.5287,17.8998,27.6684,7.2189
49450.0,1.8999,15.6289,0.5331,16.777,27.1827,7.2314
49455.0,1.9088,14.8868,0.5338,16.6422,27.0082,7.2253
49460.0,1.9186,15.8741,0.5334,17.8565,26.679,7.2227
49465.0,1.8982,14.999,0.5226,17.4943,27.049,7.239
49470.0,1.9076,14.8746,0.529,16.4577,27.2665,7.218
49475.0,1.8849,14.7874,0.5253,16.107,27.6955,7.2347
49480.0,1.8834,14.5213,0.5134,15.3751,27.4648,7.2459
49485.0,1.8808,14.5412,0.5201,14.6892,27.3737,7.2537
49490.0,1.8702,14.3755,0.5163,14.377,27.1983,7.2767
49495.0,1.8831,14.7994,0.5223,16.1893,27.1535,7.2597
49500.0,1.8582,14.3325,0.5349,14.5055,27.6517,7.278
49505.0,1.864,14.1984,0.5133,14.6537,27.3515,7.2814
49510.0,1.8835,14.7011,0.5118,16.2006,26.7768,7.2739
49515.0,1.871,14.0136,0.5324,16.7962,27.1352,7.2788
49520.0,1.8559,14.5702,0.5279,15.0486,27.0902,7.3042
49525.0,1.8604,14.2381,0.5094,15.0337,27.1695,7.2951
49530.0,1.8446,14.4315,0.506,15.5991,27.448,7.3084
49535.0,1.8437,14.6616,0.5151,13.8189,27.2818,7.3172
49540.0,1.8505,14.6044,0.5245,15.8143,27.2908,7.3064
49545.0,1.8344,14.2127,0.5122,14.6264,27.6398,7.3175
49550.0,1.8604,14.6311,0.5207,14.1723,27.1388,7.2968
49555.0,1.8471,14.585,0.5061,14.9006,27.7804,7.2916
49560.0,1.863,14.1172,0.5142,15.7824,27.1481,7.2913
49565.0,1.8477,14.0044,0.5167,14.4726,27.3398,7.3077
49570.0,1.8415,14.1494,0.5167,14.171,27.2489,7.322
49575.0,1.8474,14.032,0.5275,13.3829,27.3517,7.309
49580.0,1.8413,14.509,0.5204,15.236,27.4337,7.3149
49585.0,1.8488,14.5262,0.5206,15.155,27.4328,7.3033
49590.0,1.859,14.4064,0.5281,14.2448,27.1378,7.2985
49595.0,1.8602,14.2884,0.5175,14.0354,27.0472,7.3001
49600.0,1.8287,13.7695,0.5177,13.6568,27.9556,7.3138
49605.0,1.8568,14.4132,0.52,16.165,27.2107,7.2994
49610.0,1.8432,13.9083,0.5103,14.2647,27.5084,7.3085
49615.0,1.8654,14.3634,0.5026,15.0497,26.9337,7.2969
49620.0,1.8636,14.8927,0.5005,14.0489,27.2677,7.286
49625.0,1.8466,14.0806,0.5251,13.6784,27.3078,7.3105
49630.0,1.8531,14.4141,0.5176,13.8296,27.4599,7.2953
49635.0,1.8811,14.8261,0.508,15.6993,26.6632,7.2827
49640.0,1.8562,14.0565,0.545,15.5775,27.3875,7.2922
49645.0,1.8671,14.5457,0.5068,14.4143,27.0607,7.2884
49650.0,1.8551,13.846,0.5253,15.4129,27.4314,7.2923
49655.0,1.8693,14.6208,0.5344,15.3703,27.0934,7.2838
49660.0,1.8752,14.6187,0.5321,16.072,27.1409,7.2725
49665.0,1.8787,14.4712,0.5127,15.8436,27.2887,7.261
49670.0,1.8753,14.1054,0.5085,15.7665,27.0963,7.2732
49675.0,1.8684,14.175,0.5203,14.9404,27.2428,7.2786
49680.0,1.8564,14.5032,0.5022,14.8351,27.0658,7.3045
49685.0,1.8521,14.4444,0.5122,14.1141,26.9082,7.3188
49690.0,1.827,14.2342,0.517,13.3165,27.6234,7.3306
49695.0,1.848,14.2133,0.5168,13.7941,27.0474,7.3208
49700.0,1.8579,14.1574,0.5145,14.4202,27.3292,7.2934
49705.0,1.8424,14.0981,0.5085,13.8429,27.5645,7.3072
49710.0,1.8464,14.0945,0.5119,15.1755,27.2251,7.3151
49715.0,1.8398,13.9634,0.5252,14.795,27.1751,7.3281
49720.0,1.8244,13.5351,0.5119,13.8526,27.4405,7.3428
49725.0,1.8175,13.4777,0.5238,14.153,27.666,7.3453
49730.0,1.8295,14.1362,0.5282,14.8853,27.0968,7.3495
49735.0,1.8247,14.0844,0.5326,13.9206,27.3542,7.3467
49740.0,1.8339,13.348,0.5194,15.1083,26.9612,7.3482
49745.0,1.8211,13.9797,0.5137,13.4559,27.2987,7.355
49750.0,1.7998,13.249,0.5119,15.5043,27.4082,7.3867
49755.0,1.8114,13.7884,0.5067,13.2755,27.1887,7.3777
49760.0,1.807,14.1937,0.5084,12.6495,27.2908,7.3805
49765.0,1.8059,13.1594,0.5111,12.1879,27.0557,7.3929
49770.0,1.8022,13.7119,0.5042,11.8779,27.4297,7.3832
49775.0,1.8149,13.4958,0.5206,14.1895,27.6771,7.3509
49780.0,1.8136,13.9398,0.5114,13.2179,27.1417,7.3746
49785.0,1.8246,14.1146,0.5095,14.0892,27.263,7.3518
49790.0,1.8193,13.8647,0.5164,11.8605,27.5471,7.3477
49795.0,1.8073,13.5461,0.5254,13.6529,27.7273,7.36
49800.0,1.8243,14.1666,0.5138,14.0696,27.0537,7.3608
49805.0,1.8037,13.801,0.52,13.7636,27.3876,7.3811
49810.0,1.799,13.2643,0.5195,13.4906,27.5034,7.385
49815.0,1.7969,13.2924,0.5069,13.8971,27.4099,7.3929
49820.0,1.8036,13.2823,0.5321,14.3582,26.819,7.4083
49825.0,1.7855,13.3072,0.5171,12.433,27.5663,7.4068
49830.0,1.7817,13.3761,0.5029,13.4791,27.8237,7.402
49835.0,1.7918,13.6867,0.5207,12.4177,27.4758,7.3996
49840.0,1.7949,13.1965,0.4971,12.8132,27.1917,7.4069
49845.0,1.7993,13.2026,0.5164,13.5738,27.324,7.3935
49850.0,1.7794,12.9903,0.5184,14.0991,27.8976,7.4022
49855.0,1.7873,13.0476,0.4992,11.5447,27.6854,7.3981
49860.0,1.7887,12.9647,0.5056,12.3848,27.6208,7.3985
49865.0,1.789,13.5018,0.5141,12.23,27.5527,7.4009
49870.0,1.8012,13.627,0.5313,13.7302,27.3011,7.391
49875.0,1.7966,13.6002,0.5185,14.2106,27.419,7.3934
49880.0,1.7933,13.7622,0.5205,13.014,27.4525,7.3976
49885.0,1.8039,13.8596,0.5311,14.138,27.6122,7.3727
49890.0,1.7986,13.7304,0.5054,13.6136,27.8548,7.3703
49895.0,1.7933,13.1446,0.5191,13.947,27.7599,7.3832
49900.0,1.8018,12.5693,0.5266,12.9401,27.1283,7.3969
49905.0,1.7869,12.7297,0.5038,12.7341,27.5419,7.4051
49910.0,1.7939,13.28,0.5074,11.5908,27.6728,7.3874
49915.0,1.7877,14.0572,0.512,11.6951,27.6461,7.3985
49920.0,1.807,13.5251,0.5283,12.379,27.3368,7.3793
49925.0,1.796,12.984,0.5017,13.067,28.2253,7.3593
49930.0,1.8254,13.488,0.515,13.9245,27.1802,7.3534
49935.0,1.8449,13.8502,0.532,15.4679,27.2314,7.3191
49940.0,1.8147,13.8422,0.5166,13.9925,27.5633,7.3533
49945.0,1.7931,13.1842,0.534,13.4111,28.0367,7.3709
49950.0,1.8248,13.6329,0.5089,14.4224,27.3011,7.3498
49955.0,1.8232,13.7402,0.5087,14.6592,27.4463,7.3453
49960.0,1.8296,14.3091,0.498,14.3265,27.7847,7.321
49965.0,1.8275,13.368,0.5167,13.6538,27.5135,7.3343
49970.0,1.8172,14.2282,0.5232,15.4418,27.4368,7.355
49975.0,1.8223,13.4106,0.5177,12.4798,27.6644,7.3381
49980.0,1.8227,13.8853,0.513,14.6397,27.5937,7.3395
49985.0,1.822,14.0163,0.5144,11.8745,27.7856,7.3329
49990.0,1.8256,14.1716,0.5083,13.8564,27.8534,7.3241
49995.0,1.8257,13.6851,0.5155,14.5996,27.6097,7.3334
