timestamp,dac,voltage,current,rpm,temperature,do
0.0,3.1754,37.5866,0.7709,68.9291,29.8821,7.0122
5.0,3.1529,37.3593,0.7763,68.5878,29.9836,7.0682
10.0,3.1585,37.6745,0.7548,67.673,30.1603,7.0934
15.0,3.1963,38.1555,0.7914,70.4076,30.1904,7.0788
20.0,3.1646,36.6273,0.7685,69.2834,29.608,7.1129
25.0,3.1995,37.9055,0.7741,70.1869,29.7293,7.0858
30.0,3.2093,38.3422,0.7927,71.4166,30.0892,7.0786
35.0,3.1932,38.3919,0.7646,71.2693,30.0714,7.0798
40.0,3.1683,37.4773,0.7822,69.2108,30.0422,7.0787
45.0,3.1719,37.3624,0.758,69.5763,30.8385,7.0566
50.0,3.1461,36.7364,0.743,67.3437,29.9752,7.0281
55.0,3.1429,36.7876,0.7838,68.5177,30.0735,6.995
60.0,3.1226,37.2182,0.7629,66.5103,29.9896,6.978
65.0,3.1152,36.3181,0.7255,65.5462,29.884,6.9543
70.0,3.0869,35.5254,0.7474,65.0619,29.6242,6.9556
75.0,3.0723,35.7735,0.7438,64.0066,29.8885,6.9617
80.0,3.0256,34.6993,0.7111,61.455,29.5158,6.9958
85.0,3.0344,35.0188,0.7215,61.1643,29.674,6.9958
90.0,3.0359,34.7001,0.7236,60.9597,29.6478,7.0088
95.0,3.0134,34.8678,0.7452,61.5729,29.8341,7.0533
100.0,2.9967,34.6081,0.7248,60.1215,30.4413,7.0996
105.0,2.9748,33.7443,0.7263,58.3333,29.4446,7.1286
110.0,2.9554,33.8123,0.7208,58.5749,30.1272,7.1717
115.0,2.9268,33.0916,0.7046,57.8752,29.588,7.2009
120.0,2.9022,33.0101,0.7015,55.9949,29.8967,7.2255
125.0,2.8843,32.1451,0.6945,55.0012,30.2964,7.2332
130.0,2.8437,32.0436,0.6973,54.0339,30.0349,7.2419
135.0,2.8155,31.3057,0.6953,52.4197,29.73,7.2291
140.0,2.8001,31.1395,0.6802,51.2886,29.7893,7.1989
145.0,2.7697,30.7494,0.683,50.2552,30.098,7.1761
150.0,2.7437,30.1185,0.6644,47.4252,29.7008,7.1425
155.0,2.7044,29.1825,0.6329,46.7581,29.8928,7.1222
160.0,2.707,29.6265,0.6607,46.3982,29.8097,7.0701
165.0,2.675,28.8131,0.6469,46.042,29.6037,7.0532
170.0,2.6679,28.9141,0.6524,44.2615,30.2826,7.0281
175.0,2.6412,28.3013,0.6293,43.5484,29.899,7.0268
180.0,2.6251,28.0855,0.643,43.6003,29.2427,7.0284
185.0,2.5905,26.9386,0.6244,40.7199,29.818,7.0564
190.0,2.554,26.6258,0.6004,39.978,29.6401,7.0932
195.0,2.5304,26.1926,0.616,39.4466,30.0614,7.1237
200.0,2.5189,26.2827,0.6037,37.3762,29.6974,7.149
205.0,2.5132,25.7424,0.6306,37.3247,29.9139,7.1689
210.0,2.4946,25.8608,0.5959,35.7683,30.1113,7.1966
215.0,2.494,25.5245,0.6057,36.6748,30.2353,7.2043
220.0,2.4757,25.6601,0.6075,37.7963,29.7406,7.221
225.0,2.4711,25.3824,0.6127,35.5352,29.9648,7.2136
230.0,2.4739,25.7391,0.6224,38.0501,29.9227,7.1916
235.0,2.4949,25.777,0.5935,36.3284,29.8571,7.147
240.0,2.4786,25.1214,0.6021,34.5144,30.4288,7.1234
245.0,2.4861,25.7259,0.6236,36.9804,30.047,7.08
250.0,2.4767,25.4341,0.595,36.2804,29.5843,7.0479
255.0,2.4108,23.5726,0.6042,34.6721,30.0826,7.0564
260.0,2.4006,23.8892,0.5873,33.6294,30.3418,7.022
265.0,2.3947,24.5028,0.5874,33.0902,30.036,6.9933
270.0,2.3678,22.9475,0.5705,31.0603,29.3765,6.9937
275.0,2.3977,24.0746,0.5895,33.5259,29.6276,6.9522
280.0,2.3976,24.4492,0.5928,34.2096,30.0724,6.9476
285.0,2.4541,25.1757,0.6194,37.6048,29.5996,6.9167
290.0,2.4491,24.6774,0.5986,36.629,29.9201,6.9429
295.0,2.4477,24.6909,0.571,33.3178,30.0441,6.9746
300.0,2.4743,25.127,0.611,36.1097,29.6644,6.9899
305.0,2.4679,25.2674,0.6125,36.3708,29.9269,7.0291
310.0,2.5,26.088,0.6334,36.9424,29.1725,7.0389
315.0,2.5101,25.9346,0.6103,37.8344,29.759,7.0557
320.0,2.498,25.6294,0.621,36.8528,29.9724,7.0831
325.0,2.5076,25.2779,0.6102,37.2457,29.73,7.0838
330.0,2.5079,25.9907,0.6077,37.046,30.4416,7.0775
335.0,2.5227,25.6829,0.6114,36.6158,29.6536,7.055
340.0,2.5249,26.3811,0.6057,38.3034,29.8668,7.0307
345.0,2.5098,26.0774,0.6106,36.575,29.9664,7.0141
350.0,2.5363,26.4991,0.6358,40.5771,30.2464,6.9613
355.0,2.5671,26.429,0.6259,39.382,29.4795,6.9088
360.0,2.5965,27.0762,0.6342,40.8051,30.086,6.8619
365.0,2.6179,27.6632,0.6338,41.8622,29.7631,6.8302
370.0,2.6547,28.4307,0.6263,44.1019,29.4924,6.7967
375.0,2.6872,29.4303,0.6534,45.364,29.8444,6.78
380.0,2.6934,28.7833,0.6398,45.4522,29.7843,6.7945
385.0,2.7081,29.5007,0.6594,46.7934,29.6042,6.812
390.0,2.7287,29.8656,0.6521,46.9139,29.8031,6.8345
395.0,2.7469,29.825,0.6799,49.5096,29.7294,6.8639
400.0,2.7443,29.7044,0.6407,48.1135,29.8986,6.9134
405.0,2.7559,30.321,0.6578,48.0921,30.0803,6.9505
410.0,2.7804,30.6428,0.6738,51.2587,30.3511,6.9739
415.0,2.784,30.7543,0.688,51.6222,29.6764,7.0023
420.0,2.7746,30.4695,0.6533,48.5324,30.5384,7.0389
425.0,2.7821,30.9736,0.6738,48.9317,29.5224,7.0411
430.0,2.7551,30.1975,0.7043,48.7207,29.963,7.0656
435.0,2.7388,29.8944,0.6732,48.3713,30.1246,7.0674
440.0,2.7124,29.9476,0.643,46.5711,30.0123,7.0647
445.0,2.7136,29.3979,0.6464,46.3119,29.7424,7.0319
450.0,2.7101,29.2571,0.6678,46.8731,29.7974,7.0001
455.0,2.7029,29.1024,0.6551,46.6216,29.6775,6.971
460.0,2.6946,29.2923,0.641,46.1798,29.6092,6.946
465.0,2.684,29.07,0.6395,45.3746,29.9333,6.93
470.0,2.6798,29.2399,0.6409,45.9534,29.7864,6.9159
475.0,2.6641,28.4416,0.6215,44.5796,29.5141,6.9205
480.0,2.6458,28.705,0.6531,44.1252,29.9171,6.9386
485.0,2.6295,27.6441,0.6326,43.0335,29.7877,6.963
490.0,2.6265,27.7815,0.6125,42.2617,29.9447,6.985
495.0,2.6419,28.6839,0.644,42.8978,29.9381,6.9989
500.0,2.6316,27.7542,0.636,43.2091,29.6171,7.0369
505.0,2.6618,28.2762,0.6375,44.3434,29.728,7.0438
510.0,2.6596,28.4144,0.6511,44.388,30.0939,7.0748
515.0,2.6856,28.3151,0.6407,45.3943,30.0901,7.0777
520.0,2.6957,29.1712,0.6525,46.4518,29.9508,7.0853
525.0,2.7079,29.7155,0.644,46.3706,29.9899,7.0825
530.0,2.7285,29.4497,0.678,48.3052,30.2698,7.0642
535.0,2.7411,29.9166,0.6691,49.3486,29.7783,7.0404
540.0,2.7424,30.3458,0.6806,47.778,30.0269,7.0204
545.0,2.7614,30.3126,0.6577,49.1258,29.7948,6.9787
550.0,2.7431,30.1605,0.6658,48.9891,29.7416,6.9641
555.0,2.7308,29.2806,0.6547,46.5881,30.0214,6.9452
560.0,2.7045,28.9481,0.6532,47.0741,29.9083,6.9371
565.0,2.6808,29.0299,0.6467,45.6329,29.8691,6.9316
570.0,2.6555,28.0949,0.6499,44.4022,29.9677,6.9343
575.0,2.6744,29.2795,0.6471,45.9187,29.6362,6.9106
580.0,2.6554,29.2379,0.6235,43.9755,29.8057,6.9291
585.0,2.6063,27.7381,0.6121,41.7869,29.5758,6.9799
590.0,2.5827,27.0045,0.6294,41.9024,29.7645,7.0166
595.0,2.5692,26.9222,0.6319,41.7352,29.6896,7.0495
600.0,2.5751,27.1621,0.6131,39.7745,29.7896,7.0696
605.0,2.5635,26.9038,0.6346,40.9599,29.9573,7.104
610.0,2.541,26.2072,0.6149,39.9081,29.6426,7.1444
615.0,2.5466,26.8161,0.5959,39.3124,30.4003,7.1531
620.0,2.5488,26.2625,0.6456,40.2581,29.6438,7.1596
625.0,2.5654,26.7031,0.6415,40.1468,29.5958,7.1441
630.0,2.5553,26.4298,0.6285,40.6696,30.1783,7.1393
635.0,2.5124,25.6129,0.6229,37.2912,30.0622,7.1513
640.0,2.5229,26.063,0.6343,38.7784,29.9838,7.1108
645.0,2.5572,27.0594,0.6206,39.8462,29.9398,7.0465
650.0,2.5535,26.4261,0.6177,39.3974,29.7301,7.0121
655.0,2.5154,25.8178,0.6103,37.7741,29.4592,7.006
660.0,2.478,25.4201,0.6033,38.7696,29.6574,6.9996
665.0,2.4848,25.7227,0.605,37.144,29.4326,6.9637
670.0,2.4651,24.7703,0.6131,37.2158,29.8211,6.9558
675.0,2.4342,24.5735,0.5895,36.117,29.5299,6.9696
680.0,2.4479,24.6026,0.6053,37.0272,29.3644,6.9572
685.0,2.4247,24.9369,0.6001,33.7382,29.5084,6.9839
690.0,2.4155,23.9414,0.5989,35.3773,29.7219,7.0074
695.0,2.41,24.0262,0.5767,34.3899,29.5162,7.0363
700.0,2.4118,23.8203,0.5958,34.5207,29.4947,7.0617
705.0,2.4224,24.3722,0.598,33.8578,29.8042,7.0785
710.0,2.4276,24.0339,0.6115,33.7378,29.843,7.0993
715.0,2.4632,24.7516,0.617,36.0312,29.685,7.0919
720.0,2.4806,25.5244,0.6215,37.8458,29.712,7.0919
725.0,2.4755,24.8976,0.6296,37.2888,29.8918,7.1006
730.0,2.4833,25.5401,0.6227,36.7124,29.4612,7.0909
735.0,2.4987,25.7604,0.6131,37.7347,29.4467,7.0633
740.0,2.5002,25.7246,0.6288,38.0754,29.5825,7.0385
745.0,2.5337,25.8153,0.6324,39.3758,29.6637,6.9837
750.0,2.5201,26.2457,0.6068,38.2709,29.7452,6.9641
755.0,2.5551,26.9404,0.6244,40.5474,29.9867,6.9074
760.0,2.5574,26.5118,0.6344,39.8511,29.7873,6.8815
765.0,2.5683,26.9379,0.6282,41.6839,29.4965,6.856
770.0,2.5392,26.6095,0.6051,38.2939,29.5072,6.8698
775.0,2.5341,26.0127,0.622,39.8079,29.2508,6.8737
780.0,2.5454,26.2331,0.6205,41.5116,29.501,6.8736
785.0,2.5545,26.6422,0.6072,38.1698,29.4516,6.8862
790.0,2.5712,27.0245,0.6128,40.9943,29.6345,6.9018
795.0,2.584,26.8535,0.6301,41.6702,29.3857,6.9279
800.0,2.5715,26.3255,0.6246,40.5633,29.7656,6.9765
805.0,2.5596,27.1148,0.6319,40.9154,30.0622,7.023
810.0,2.5803,26.6667,0.6472,42.3921,29.6906,7.0403
815.0,2.6198,27.7458,0.647,41.7587,29.8483,7.0367
820.0,2.6648,28.2163,0.6543,44.5924,29.9387,7.023
825.0,2.6855,28.9266,0.662,46.0288,29.6702,7.0201
830.0,2.671,29.0691,0.6659,45.732,29.8162,7.0352
835.0,2.6578,28.2974,0.6543,45.4198,29.739,7.0371
840.0,2.6697,28.5157,0.6391,45.9784,29.7241,7.0092
845.0,2.6556,28.6619,0.6591,45.5989,29.4617,6.9944
850.0,2.6692,28.4706,0.6415,46.6886,29.6119,6.9546
855.0,2.672,29.2255,0.6367,45.292,29.681,6.9234
860.0,2.7085,29.43,0.6597,45.6552,29.8746,6.871
865.0,2.7086,29.3911,0.6529,47.8225,29.7156,6.8534
870.0,2.6903,28.749,0.6552,45.5067,29.99,6.8604
875.0,2.6844,29.3409,0.6336,44.5764,29.2498,6.8632
880.0,2.7324,29.9771,0.6597,48.7316,29.6643,6.838
885.0,2.7467,29.4244,0.6543,49.5701,29.5106,6.8491
890.0,2.7621,29.9087,0.6671,49.0622,30.0427,6.8728
895.0,2.782,30.8259,0.6659,49.6189,29.3324,6.8928
900.0,2.778,30.3401,0.6643,49.6902,29.3682,6.9392
905.0,2.7278,29.7272,0.6644,47.4481,29.4721,7.021
910.0,2.7327,29.6997,0.6725,47.9749,29.1302,7.0496
915.0,2.7534,30.4911,0.6798,48.4154,29.5604,7.0608
920.0,2.7611,30.3056,0.6414,47.5608,29.5208,7.0725
925.0,2.7693,30.3773,0.6687,49.8689,29.7531,7.0753
930.0,2.7563,30.7738,0.6809,49.2848,29.7912,7.083
935.0,2.7563,29.7898,0.6721,49.5945,30.1511,7.0706
940.0,2.7347,29.3837,0.6742,47.0244,29.8841,7.0629
945.0,2.6982,28.953,0.6421,47.704,29.4581,7.0588
950.0,2.6575,28.1195,0.6471,45.1312,29.3291,7.0533
955.0,2.64,27.5578,0.6269,43.0167,29.6281,7.0273
960.0,2.6869,28.6057,0.648,45.3153,29.131,6.9516
965.0,2.6878,28.8791,0.6555,46.979,29.8836,6.9257
970.0,2.7103,29.4,0.6372,46.8131,29.6971,6.8913
975.0,2.7365,29.4015,0.6776,49.1619,29.2755,6.8648
980.0,2.752,29.9984,0.6608,49.608,28.9698,6.8602
985.0,2.736,29.7777,0.6583,48.6162,29.7559,6.8973
990.0,2.7589,30.2107,0.6657,49.1432,29.42,6.9058
995.0,2.7505,30.4136,0.684,48.1724,29.7979,6.9489
1000.0,2.7757,29.8971,0.6666,48.7642,29.1343,6.9631
1005.0,2.7712,30.3919,0.6626,49.343,29.4276,7.0064
1010.0,2.7736,30.3784,0.6667,48.9979,29.6187,7.0398
1015.0,2.7873,30.8737,0.6558,48.2743,29.6606,7.0563
1020.0,2.8021,31.3594,0.6657,49.8357,29.5559,7.0626
1025.0,2.7599,30.1255,0.6693,48.5396,29.8298,7.1062
1030.0,2.7303,29.6055,0.6609,48.3474,29.3982,7.1227
1035.0,2.7162,29.2461,0.6485,46.9103,29.6066,7.1159
1040.0,2.7515,30.0692,0.6706,48.4412,29.6376,7.0598
1045.0,2.7524,30.3,0.6485,47.8003,29.6928,7.0272
1050.0,2.7673,30.2763,0.6721,50.257,29.6943,6.9817
1055.0,2.731,29.5195,0.6629,48.3979,29.1874,6.9753
1060.0,2.7129,29.6126,0.6466,46.3858,29.0419,6.958
1065.0,2.7163,29.1204,0.6237,46.2913,29.7104,6.9316
1070.0,2.7074,29.6882,0.6489,47.1967,29.4514,6.92
1075.0,2.7025,28.7979,0.6341,46.0871,29.1727,6.9157
1080.0,2.6939,28.9975,0.654,47.4023,29.7538,6.9279
1085.0,2.6527,28.4215,0.6443,44.4033,29.4151,6.9721
1090.0,2.6828,29.2105,0.6521,45.9746,29.7131,6.9686
1095.0,2.6641,28.5979,0.633,44.2903,29.476,7.0094
1100.0,2.6523,28.1705,0.6337,44.0948,30.0196,7.0493
1105.0,2.6802,29.3971,0.6738,45.3745,29.9887,7.0566
1110.0,2.7,29.1514,0.6614,45.3475,29.5286,7.0673
1115.0,2.7123,29.2366,0.6571,46.205,29.8661,7.0818
1120.0,2.716,29.8149,0.668,46.1382,29.8051,7.0941
1125.0,2.6892,28.8164,0.6451,45.8884,29.9925,7.1208
1130.0,2.6842,28.5393,0.6533,46.2542,29.4011,7.1161
1135.0,2.7288,29.6982,0.6579,48.1163,29.792,7.0642
1140.0,2.7465,29.9181,0.6716,48.657,29.8513,7.0271
1145.0,2.7047,29.7783,0.6523,46.7287,29.1047,7.0294
1150.0,2.6994,29.483,0.6556,46.8679,29.2017,7.0005
1155.0,2.7154,29.5522,0.651,46.2994,28.941,6.9526
1160.0,2.7099,29.5452,0.6623,47.6475,29.3413,6.9289
1165.0,2.7204,29.678,0.6515,47.0242,29.5545,6.8986
1170.0,2.7294,29.722,0.6332,47.5516,29.7292,6.8789
1175.0,2.7145,29.2335,0.6539,48.781,29.3646,6.8864
1180.0,2.711,29.2625,0.6547,48.192,29.7604,6.898
1185.0,2.7171,29.9613,0.6831,47.5833,29.0295,6.9073
1190.0,2.737,29.6295,0.6418,47.8759,28.9818,6.9173
1195.0,2.7144,29.6215,0.6348,46.847,29.4356,6.9704
1200.0,2.7267,30.1012,0.6725,48.7188,29.592,6.9963
1205.0,2.7215,29.137,0.6459,47.8719,29.5343,7.0349
1210.0,2.7187,29.1215,0.6457,47.6301,29.0676,7.0662
1215.0,2.7381,29.5318,0.6861,48.5014,29.5956,7.0767
1220.0,2.7358,29.3973,0.6567,46.9785,29.3134,7.0933
1225.0,2.7594,29.8771,0.6789,50.0687,29.8146,7.0826
1230.0,2.7614,29.8213,0.6727,48.7588,29.7319,7.0769
1235.0,2.7642,30.6493,0.6631,48.5504,29.3844,7.0595
1240.0,2.7934,30.6156,0.6587,48.9723,29.4583,7.0149
1245.0,2.7894,31.0286,0.6627,50.5868,29.2807,6.9907
1250.0,2.7894,30.8514,0.665,50.0663,29.4841,6.9625
1255.0,2.7603,30.1621,0.6686,49.7683,29.6929,6.9567
1260.0,2.7632,30.7603,0.6656,50.6719,29.1666,6.923
1265.0,2.7645,30.8796,0.6782,49.8854,29.5067,6.9012
1270.0,2.771,30.2575,0.6747,49.8669,29.2277,6.881
1275.0,2.8317,30.9643,0.6692,52.8697,29.1556,6.8298
1280.0,2.8855,32.7235,0.6967,54.3132,29.3354,6.8008
1285.0,2.9006,32.7777,0.7074,56.2268,29.1256,6.8137
1290.0,2.9477,33.4611,0.7051,59.164,29.2803,6.8138
1295.0,2.9713,33.7281,0.7201,59.0662,29.1622,6.8382
1300.0,2.9947,34.4895,0.7006,58.7625,30.0004,6.8784
1305.0,3.0076,34.7721,0.7307,60.6581,29.5656,6.9113
1310.0,3.0239,34.734,0.743,61.365,29.425,6.9408
1315.0,3.0276,35.0418,0.732,60.2445,29.688,6.9796
1320.0,3.0618,35.6586,0.7689,63.216,29.6291,6.9781
1325.0,3.0498,35.2825,0.7458,62.5799,29.6108,7.0069
1330.0,3.0799,36.0159,0.7494,64.0474,29.8137,6.9903
1335.0,3.0642,35.2495,0.7465,64.7363,29.8298,7.0004
1340.0,3.0605,35.5437,0.7597,64.3686,29.4763,6.9844
1345.0,3.0559,35.1977,0.7329,63.2483,29.4248,6.9657
1350.0,3.0519,35.1981,0.7561,64.179,29.4554,6.9435
1355.0,3.056,36.0593,0.7559,64.4814,28.9042,6.9043
1360.0,3.0587,35.7022,0.7407,64.6289,29.0609,6.8809
1365.0,3.069,35.6916,0.7382,65.6387,29.7501,6.8652
1370.0,3.1026,36.3611,0.7542,64.7054,29.8003,6.8273
1375.0,3.1146,36.2002,0.7467,65.5501,29.3215,6.8116
1380.0,3.1216,36.9121,0.7688,68.6379,29.5373,6.8245
1385.0,3.1374,37.0375,0.765,67.8259,29.4944,6.8349
1390.0,3.1633,37.5164,0.7818,70.5032,30.2217,6.8586
1395.0,3.1601,37.2273,0.76,68.4212,29.7759,6.8944
1400.0,3.1727,36.9985,0.7865,68.5944,29.5127,6.9212
1405.0,3.1864,37.87,0.7601,70.1359,29.3545,6.9488
1410.0,3.2096,38.0147,0.7944,72.7773,29.2359,6.9647
1415.0,3.2177,38.2435,0.7854,71.6298,29.7241,7.0022
1420.0,3.2309,38.6041,0.7902,72.5308,29.5079,7.0106
1425.0,3.2171,38.088,0.7853,71.9625,29.3513,7.0363
1430.0,3.2285,38.9351,0.79,72.4325,29.5405,7.0318
1435.0,3.1945,38.2641,0.77,70.0511,29.4131,7.0543
1440.0,3.2108,38.3219,0.7877,70.3416,30.0748,7.0312
1445.0,3.243,38.7826,0.8124,74.9515,29.8344,6.9669
1450.0,3.2463,38.574,0.7915,72.5038,29.5684,6.9298
1455.0,3.2379,38.4676,0.8005,73.04,29.8969,6.9138
1460.0,3.245,38.4314,0.7732,72.6717,29.5074,6.865
1465.0,3.2319,38.8181,0.8033,73.0269,29.2425,6.8476
1470.0,3.2625,39.1271,0.799,74.4897,29.8203,6.8107
1475.0,3.2635,39.4247,0.7899,73.623,29.57,6.7967
1480.0,3.2837,39.0877,0.8074,74.5403,29.1864,6.7678
1485.0,3.2819,39.5736,0.7932,73.7468,29.4226,6.7913
1490.0,3.2644,39.8447,0.7784,73.1643,29.2876,6.8341
1495.0,3.2715,38.9811,0.7838,74.1178,29.2059,6.8559
1500.0,3.2967,40.1664,0.8096,76.6044,29.8328,6.8775
1505.0,3.3114,39.459,0.7991,75.4909,30.1283,6.9027
1510.0,3.2986,39.8071,0.8131,75.6624,29.3465,6.9287
1515.0,3.328,39.9702,0.8336,75.892,29.8735,6.9326
1520.0,3.3156,39.8792,0.81,75.5367,29.5949,6.9557
1525.0,3.3059,39.7793,0.8067,75.8596,29.6467,6.9746
1530.0,3.3005,39.5286,0.824,76.0104,29.6166,6.9752
1535.0,3.274,39.4351,0.8038,74.6272,29.531,6.9883
1540.0,3.2824,38.7876,0.8211,75.3781,29.7296,6.9594
1545.0,3.2715,38.666,0.8073,75.1062,29.4716,6.9336
1550.0,3.2531,38.7934,0.8062,72.588,29.7044,6.9258
1555.0,3.2561,38.5328,0.7746,73.4954,29.5817,6.885
1560.0,3.239,38.9248,0.791,73.3448,29.4965,6.8707
1565.0,3.2112,37.9176,0.7695,71.5749,29.3,6.8731
1570.0,3.2074,38.3388,0.7849,72.6288,29.3654,6.8637
1575.0,3.2262,38.675,0.7822,72.4289,29.695,6.8448
1580.0,3.2264,38.5458,0.7774,71.8257,29.6427,6.8484
1585.0,3.2136,38.1948,0.8004,73.1071,29.2985,6.8707
1590.0,3.2174,38.6231,0.7745,72.3202,29.605,6.8992
1595.0,3.2284,38.8738,0.7998,72.5611,29.8139,6.9235
1600.0,3.2071,37.3603,0.7971,70.855,29.2592,6.9694
1605.0,3.2539,39.4967,0.8068,74.2169,29.863,6.9663
1610.0,3.2435,38.5024,0.7975,73.0765,29.6075,7.0024
1615.0,3.2718,39.2085,0.8069,74.4611,29.9533,7.0038
1620.0,3.2748,39.3476,0.8015,74.8633,29.6454,7.008
1625.0,3.26,39.0321,0.8139,73.3953,29.3967,7.0241
1630.0,3.272,39.3673,0.7958,72.8911,29.4381,7.006
1635.0,3.2653,39.1012,0.8026,74.7659,29.8401,7.0073
1640.0,3.2606,39.048,0.7886,73.6492,29.8643,6.9887
1645.0,3.269,39.3943,0.7926,74.6645,29.5359,6.9392
1650.0,3.2741,39.7463,0.7896,74.4494,29.8798,6.9061
1655.0,3.2539,38.6958,0.7806,74.0272,29.263,6.8787
1660.0,3.2458,39.1146,0.7859,73.1271,29.6246,6.8658
1665.0,3.2269,38.4501,0.8026,71.9607,29.3098,6.8551
1670.0,3.2415,39.0877,0.7926,73.2683,29.4329,6.8256
1675.0,3.2349,38.2759,0.7758,71.1592,29.6051,6.8314
1680.0,3.2366,38.6267,0.7906,72.64,29.3902,6.8301
1685.0,3.2512,38.9644,0.8072,74.5483,29.5352,6.8327
1690.0,3.2541,39.672,0.8028,72.9735,29.9208,6.8637
1695.0,3.2401,38.2851,0.7879,73.8414,29.5716,6.9031
1700.0,3.2457,38.7798,0.7881,73.9562,29.9759,6.9421
1705.0,3.242,38.6956,0.796,72.7879,29.5358,6.9709
1710.0,3.2686,39.6289,0.827,76.0417,29.9973,6.9833
1715.0,3.278,39.6587,0.8108,75.5249,30.2633,7.0036
1720.0,3.278,39.1297,0.8208,75.6392,29.3113,6.9956
1725.0,3.286,39.217,0.8184,75.3664,29.7422,7.0021
1730.0,3.3194,40.2574,0.833,77.8372,30.0833,6.9659
1735.0,3.321,40.7781,0.8259,76.9455,29.872,6.9412
1740.0,3.3373,39.7974,0.835,76.7165,29.9873,6.8988
1745.0,3.3284,40.1843,0.8253,77.6147,29.7068,6.8694
1750.0,3.3186,39.5224,0.8086,76.841,29.8381,6.8497
1755.0,3.3067,39.5347,0.8072,75.8908,29.7362,6.8264
1760.0,3.2928,39.494,0.8014,75.2883,30.0304,6.8193
1765.0,3.285,39.797,0.7943,75.6296,29.7739,6.7974
1770.0,3.2548,39.0402,0.7901,74.8949,29.7786,6.8169
1775.0,3.235,38.5957,0.7696,72.1505,29.589,6.8306
1780.0,3.2422,38.1983,0.7741,73.1061,29.5825,6.8284
1785.0,3.2578,39.1281,0.8007,73.2794,29.6228,6.8272
1790.0,3.277,39.8745,0.8011,74.8047,29.8679,6.8355
1795.0,3.2868,39.8346,0.8054,74.683,29.711,6.8512
1800.0,3.2962,39.8577,0.8124,75.888,29.9403,6.8808
1805.0,3.2893,39.8596,0.7995,75.4469,30.4382,6.9365
1810.0,3.2799,39.2579,0.7983,75.0479,30.1842,6.9737
1815.0,3.2859,39.6159,0.8202,76.4577,29.9234,6.9856
1820.0,3.283,39.7585,0.8126,75.6138,30.3317,7.015
1825.0,3.276,39.2782,0.8291,75.5864,29.942,7.0194
1830.0,3.2644,39.3402,0.8023,73.4911,29.5324,7.0171
1835.0,3.2641,38.7862,0.8028,74.1262,29.7739,7.0075
1840.0,3.2673,38.8187,0.7848,73.4243,29.5303,6.9727
1845.0,3.2652,38.9867,0.801,74.7926,29.8736,6.9516
1850.0,3.2629,39.073,0.8106,74.409,29.925,6.9206
1855.0,3.2686,38.7993,0.7935,75.2645,30.2985,6.8881
1860.0,3.2616,38.9563,0.8149,74.4064,29.9246,6.8553
1865.0,3.2792,39.7814,0.8222,75.8166,29.7602,6.8052
1870.0,3.2953,39.6456,0.8203,75.9391,30.0063,6.7754
1875.0,3.2471,38.3048,0.7844,71.9384,29.2442,6.8064
1880.0,3.2474,39.2956,0.7897,73.381,29.8685,6.8285
1885.0,3.2317,38.5553,0.8021,73.3904,30.0289,6.867
1890.0,3.2046,37.7841,0.7789,72.1937,29.5051,6.9111
1895.0,3.2438,38.8378,0.8,74.4267,30.2078,6.9159
1900.0,3.2454,38.8278,0.8145,73.8594,30.0581,6.9447
1905.0,3.262,39.3363,0.8125,74.9954,29.9213,6.9575
1910.0,3.2797,39.7106,0.8207,74.2211,30.2304,6.9758
1915.0,3.3047,39.7357,0.8116,75.4493,30.6784,6.9828
1920.0,3.2968,39.4029,0.8196,76.1446,30.1828,6.9952
1925.0,3.2883,39.5293,0.8277,76.306,30.212,7.0113
1930.0,3.2873,39.9556,0.7929,74.3716,30.033,7.0028
1935.0,3.2785,39.6018,0.7919,74.053,29.9194,6.994
1940.0,3.2949,39.8688,0.8196,74.7261,30.3115,6.9597
1945.0,3.2667,38.834,0.7957,73.637,29.8533,6.9489
1950.0,3.3088,39.8982,0.8144,76.547,30.0441,6.8698
1955.0,3.2979,39.7724,0.8056,74.9477,29.8657,6.8411
1960.0,3.3221,40.3083,0.8181,77.2502,30.0683,6.7857
1965.0,3.338,40.7501,0.8363,78.7985,30.0039,6.7382
1970.0,3.3233,40.0026,0.8268,77.2378,30.1638,6.7435
1975.0,3.3207,39.9124,0.834,78.8669,29.7747,6.7311
1980.0,3.3327,40.7092,0.8266,79.4334,29.8473,6.7237
1985.0,3.3109,39.9327,0.8335,78.7555,29.6965,6.7621
1990.0,3.3159,40.074,0.8191,78.2509,29.8684,6.7868
1995.0,3.3303,39.9372,0.815,77.8115,30.1208,6.808
2000.0,3.3583,41.1052,0.8433,80.4259,30.2671,6.8127
2005.0,3.3215,40.2583,0.8255,77.6119,29.8988,6.8821
2010.0,3.3537,40.3274,0.8353,76.8762,30.3936,6.8896
2015.0,3.3552,40.8617,0.8533,79.411,30.5533,6.9165
2020.0,3.3304,40.9266,0.8336,76.3967,30.3441,6.9573
2025.0,3.3292,40.0516,0.8191,76.2896,30.7222,6.9751
2030.0,3.323,39.8789,0.8296,77.1446,30.0572,6.96
2035.0,3.3266,40.1552,0.8298,77.8381,29.9231,6.9355
2040.0,3.3004,39.7247,0.8273,76.5161,29.7613,6.9371
2045.0,3.3469,40.3967,0.8211,78.3345,30.5431,6.871
2050.0,3.3401,40.486,0.8323,78.2757,30.2912,6.8358
2055.0,3.3397,40.1407,0.8232,79.1266,30.0722,6.7948
2060.0,3.3457,40.6898,0.8241,79.5769,30.1191,6.7564
2065.0,3.3185,40.6037,0.8019,76.0409,29.7393,6.7539
2070.0,3.3372,39.8364,0.8238,78.8566,30.6156,6.7392
2075.0,3.3277,40.1245,0.8256,77.4461,30.0338,6.7295
2080.0,3.32,39.8633,0.8283,77.7923,30.0409,6.7446
2085.0,3.3264,40.0824,0.8025,76.0536,30.2209,6.7582
2090.0,3.3305,40.0452,0.8122,76.4121,30.1976,6.7778
2095.0,3.3283,40.1515,0.8262,78.5433,30.1797,6.8117
2100.0,3.33,39.9574,0.8059,77.4806,29.977,6.8397
2105.0,3.3503,40.6138,0.8381,79.6123,30.3434,6.8601
2110.0,3.3648,40.8466,0.8343,79.9665,30.7423,6.8846
2115.0,3.3805,41.0669,0.8657,81.0181,30.6458,6.8876
2120.0,3.3838,40.7958,0.8474,81.4993,30.7335,6.9016
2125.0,3.3925,41.4341,0.8384,81.1517,30.2191,6.8815
2130.0,3.3711,41.0034,0.8443,79.9284,30.0965,6.8987
2135.0,3.3624,40.8509,0.8509,78.7596,30.2954,6.8997
2140.0,3.3656,40.5035,0.8419,80.1883,30.3119,6.8713
2145.0,3.3655,41.5138,0.8414,80.0617,30.5339,6.8456
2150.0,3.3751,40.9686,0.8353,81.4422,29.795,6.7769
2155.0,3.3765,40.7302,0.8352,80.4349,30.5583,6.7602
2160.0,3.3633,40.9014,0.8256,80.0412,30.0987,6.7325
2165.0,3.3353,39.6845,0.8179,77.1725,30.0023,6.7396
2170.0,3.3394,41.6081,0.8124,78.5516,29.8387,6.7146
2175.0,3.3228,40.5626,0.8196,78.2816,29.6747,6.7247
2180.0,3.3413,40.9422,0.8197,78.0196,30.3054,6.7254
2185.0,3.3386,40.2743,0.8369,79.1492,30.1431,6.7404
2190.0,3.3169,40.4367,0.8135,76.1391,29.8393,6.784
2195.0,3.3213,40.0333,0.8401,78.5287,29.8836,6.8124
2200.0,3.3253,40.0892,0.8307,77.0486,30.1735,6.8507
2205.0,3.3662,41.3784,0.8494,80.0046,30.7247,6.8512
2210.0,3.3571,40.6478,0.8473,78.6746,30.288,6.8813
2215.0,3.3441,40.3468,0.827,78.7035,30.0138,6.9152
2220.0,3.3511,40.8532,0.8301,77.7994,30.353,6.9325
2225.0,3.3577,40.7583,0.8248,79.9359,30.3571,6.9302
2230.0,3.3271,40.0929,0.8126,77.3009,29.7471,6.9451
2235.0,3.3312,39.9781,0.8247,78.0042,30.3898,6.9418
2240.0,3.3262,40.3816,0.8413,77.9519,30.3157,6.9212
2245.0,3.3331,40.5314,0.836,77.6332,30.5089,6.8862
2250.0,3.3232,40.2954,0.807,74.9053,30.7539,6.8688
2255.0,3.3173,40.2012,0.821,76.8959,30.5301,6.8353
2260.0,3.3113,39.7487,0.8083,77.3922,30.1425,6.8006
2265.0,3.3233,40.1818,0.8203,78.7905,29.9029,6.754
2270.0,3.3309,40.1541,0.8077,77.8995,30.8045,6.7518
2275.0,3.3086,40.0942,0.8176,76.8101,30.1716,6.7569
2280.0,3.3134,39.9673,0.821,77.6759,30.1704,6.757
2285.0,3.2973,39.7153,0.819,76.4016,30.185,6.7927
2290.0,3.3038,39.4898,0.8373,76.4422,30.2764,6.8133
2295.0,3.3096,40.0993,0.8128,76.7322,30.2353,6.837
2300.0,3.3076,40.0529,0.8087,77.5457,30.1769,6.8729
2305.0,3.3115,40.1956,0.7905,76.0822,30.2324,6.9051
2310.0,3.3076,40.109,0.8454,76.3836,30.4052,6.946
2315.0,3.3304,40.0329,0.8369,78.4117,30.3132,6.9421
2320.0,3.3495,40.1739,0.8273,76.964,30.2944,6.9338
2325.0,3.3461,40.552,0.8426,78.9563,30.5089,6.9486
2330.0,3.3282,40.1599,0.8162,77.1407,30.4134,6.9622
2335.0,3.3319,40.4405,0.8165,77.5896,30.8339,6.9532
2340.0,3.3283,39.8674,0.833,77.3446,29.7641,6.9041
2345.0,3.3629,40.368,0.8179,78.4778,30.6599,6.8534
2350.0,3.3487,40.6376,0.8311,79.7245,30.6541,6.8344
2355.0,3.3403,40.2572,0.8385,77.9461,29.7797,6.7859
2360.0,3.3268,40.0152,0.8498,78.6884,30.1723,6.7809
2365.0,3.3394,40.3373,0.8453,79.5301,30.1337,6.7398
2370.0,3.3378,40.3758,0.808,77.8712,29.855,6.7171
2375.0,3.3353,40.258,0.8215,79.9542,30.0067,6.7186
2380.0,3.3233,39.9764,0.8233,78.3352,29.9323,6.7371
2385.0,3.3416,40.264,0.8153,78.6508,30.6708,6.7514
2390.0,3.3407,40.6286,0.8198,77.4801,30.5012,6.7733
2395.0,3.3583,40.4408,0.8639,79.2909,30.6282,6.7869
2400.0,3.3593,40.8989,0.8584,81.3374,30.5383,6.8182
2405.0,3.3478,40.7573,0.8456,78.0091,30.1231,6.8563
2410.0,3.3385,40.1406,0.8287,79.6113,30.3171,6.9051
2415.0,3.3592,40.766,0.8245,77.6604,30.6048,6.9136
2420.0,3.3462,40.4412,0.8371,77.1911,30.1991,6.9343
2425.0,3.3676,40.524,0.8445,79.9885,30.6911,6.9272
2430.0,3.3584,40.3108,0.8251,78.5297,30.4461,6.9259
2435.0,3.3475,40.3601,0.8337,78.6185,30.3919,6.9216
2440.0,3.3588,40.6063,0.8314,79.8301,30.6308,6.8893
2445.0,3.3598,40.9624,0.8484,81.5838,30.5228,6.8529
2450.0,3.3642,40.6142,0.8482,79.9992,30.2756,6.8049
2455.0,3.3698,41.2909,0.8416,79.7071,30.6097,6.7712
2460.0,3.3461,40.8423,0.8427,78.2682,30.008,6.7519
2465.0,3.3617,40.8649,0.8493,80.0783,30.3993,6.7184
2470.0,3.369,40.2446,0.8188,79.9139,30.3724,6.6917
2475.0,3.3629,40.8718,0.8265,80.6794,30.1394,6.6866
2480.0,3.3794,41.4199,0.8348,80.6772,30.3057,6.6759
2485.0,3.3777,40.4879,0.8429,80.5769,29.9326,6.6829
2490.0,3.3896,41.6277,0.8636,81.8151,30.5093,6.7096
2495.0,3.3922,41.7042,0.8466,81.9595,30.2736,6.7316
2500.0,3.4126,41.2997,0.8498,82.3187,30.2352,6.7389
2505.0,3.4305,42.295,0.8706,82.8499,30.674,6.7631
2510.0,3.402,41.5619,0.8608,82.6478,30.2769,6.8209
2515.0,3.3874,41.0378,0.8336,80.6079,30.1335,6.862
2520.0,3.392,41.2111,0.8444,80.9365,30.1171,6.8726
2525.0,3.3888,41.2851,0.8484,79.9927,30.6643,6.8979
2530.0,3.3657,41.015,0.8233,80.2119,30.1845,6.9085
2535.0,3.3787,41.3211,0.8504,81.908,30.921,6.897
2540.0,3.3641,41.4938,0.8335,78.8784,29.9276,6.8622
2545.0,3.3685,40.6561,0.8549,80.3524,30.8293,6.8495
2550.0,3.3656,41.4,0.8445,80.0778,30.4104,6.8068
2555.0,3.3575,40.897,0.8343,79.4718,30.2858,6.7776
2560.0,3.3581,41.0419,0.8155,80.0268,30.1306,6.7406
2565.0,3.3568,40.9875,0.8423,78.3391,30.3319,6.7222
2570.0,3.3314,40.0911,0.8191,78.3349,30.1999,6.7339
2575.0,3.3441,40.5353,0.8185,77.1345,30.4762,6.7212
2580.0,3.3418,40.9012,0.8199,78.3174,30.2345,6.7228
2585.0,3.3418,40.6696,0.8295,78.436,30.263,6.7397
2590.0,3.3562,40.4134,0.8331,78.2733,30.1658,6.7444
2595.0,3.3677,41.0285,0.8211,79.6956,30.2823,6.7646
2600.0,3.3575,40.0589,0.8249,79.2705,30.4178,6.8163
2605.0,3.3509,40.941,0.8253,78.6556,29.9575,6.8478
2610.0,3.3434,40.6949,0.8274,77.9393,30.0876,6.8925
2615.0,3.3513,40.8761,0.8357,78.0295,30.6413,6.9237
2620.0,3.3346,40.0207,0.8237,79.0933,30.5171,6.9571
2625.0,3.3445,40.9705,0.8354,79.4674,30.4332,6.9493
2630.0,3.3496,40.52,0.8322,78.7093,30.4739,6.9381
2635.0,3.3325,39.5162,0.8268,76.7066,30.5322,6.9438
2640.0,3.3322,39.9345,0.8261,77.9662,30.2744,6.9129
2645.0,3.3283,40.0412,0.8175,78.3353,30.1701,6.8826
2650.0,3.3165,40.6569,0.8406,77.9805,30.3643,6.8666
2655.0,3.3021,39.7543,0.8328,77.0701,30.0214,6.8402
2660.0,3.2993,39.5687,0.8127,76.2902,30.3231,6.8197
2665.0,3.2802,39.6798,0.8098,75.5031,29.759,6.8027
2670.0,3.2997,39.6961,0.8194,77.322,30.4173,6.7807
2675.0,3.2825,39.7297,0.8169,76.0349,30.2675,6.7912
2680.0,3.3245,40.0888,0.8258,77.9023,30.2172,6.746
2685.0,3.3312,40.3843,0.8302,79.0208,30.4166,6.7576
2690.0,3.3653,41.0333,0.8325,78.3598,30.6168,6.7463
2695.0,3.3356,40.5898,0.8279,77.5127,30.4921,6.8102
2700.0,3.3011,39.7076,0.8185,75.9543,29.8208,6.8703
2705.0,3.3261,39.9322,0.825,78.0179,30.0036,6.8814
2710.0,3.3586,40.3514,0.8272,79.559,30.2051,6.8782
2715.0,3.3709,40.7095,0.8371,80.252,30.3969,6.8925
2720.0,3.3745,41.2254,0.8273,79.5987,30.5369,6.9078
2725.0,3.373,41.0699,0.8477,79.8873,30.2291,6.9067
2730.0,3.3638,40.9335,0.8396,79.3029,30.4455,6.9185
2735.0,3.3527,41.1984,0.8304,78.1929,30.1842,6.9093
2740.0,3.3436,40.5584,0.8413,78.6231,30.1825,6.8953
2745.0,3.3393,40.7606,0.8259,78.6336,29.9373,6.8622
2750.0,3.3351,40.1152,0.8349,78.9537,30.007,6.8339
2755.0,3.3401,40.6244,0.8157,78.3595,29.8488,6.7881
2760.0,3.3463,40.7008,0.8583,79.8434,29.896,6.7491
2765.0,3.3402,40.9839,0.8319,78.2686,30.3652,6.744
2770.0,3.3356,40.5133,0.805,77.7743,29.8381,6.7195
2775.0,3.363,40.7056,0.8397,79.8425,30.7211,6.7038
2780.0,3.3429,40.7471,0.8217,78.2785,30.1884,6.7194
2785.0,3.3479,40.4186,0.82,78.0675,30.1273,6.7281
2790.0,3.3238,39.8816,0.8439,77.6134,29.8942,6.7766
2795.0,3.3253,40.3531,0.8158,76.2841,30.3202,6.8191
2800.0,3.3179,40.06,0.8338,78.6271,30.042,6.8564
2805.0,3.3173,39.8622,0.8377,78.08,30.2571,6.8982
2810.0,3.321,39.8629,0.8352,78.3231,30.9026,6.9425
2815.0,3.3115,40.2747,0.8166,77.118,30.266,6.9632
2820.0,3.3374,40.3446,0.832,76.0005,30.5927,6.9571
2825.0,3.353,40.7571,0.8359,77.9152,30.1309,6.9307
2830.0,3.3541,41.0292,0.8451,79.0471,30.2845,6.9269
2835.0,3.3694,41.0771,0.8245,79.485,30.7084,6.9033
2840.0,3.3501,40.3746,0.8389,78.5475,30.0695,6.884
2845.0,3.3662,40.5548,0.8432,79.2355,30.6312,6.8478
2850.0,3.3724,41.4631,0.8397,79.588,30.3023,6.7952
2855.0,3.3654,41.0754,0.8326,79.0664,29.9318,6.7571
2860.0,3.3605,40.2931,0.8102,78.4817,30.1821,6.7383
2865.0,3.3547,40.5193,0.8278,78.9992,30.2273,6.7218
2870.0,3.3613,40.7425,0.8475,79.1891,30.1115,6.6941
2875.0,3.3545,40.9001,0.8155,78.2525,29.5493,6.6804
2880.0,3.3754,40.7124,0.8367,79.9794,29.7605,6.6648
2885.0,3.3934,41.0974,0.8342,81.0461,29.8947,6.6608
2890.0,3.4062,41.9287,0.8229,81.6786,29.9641,6.6706
2895.0,3.3954,41.4373,0.8658,82.7293,30.1725,6.723
2900.0,3.3996,41.443,0.8333,80.8503,30.1009,6.7519
2905.0,3.3962,41.7775,0.8521,81.252,29.7616,6.7816
2910.0,3.421,41.1214,0.8511,83.4254,30.2249,6.7948
2915.0,3.4328,41.7778,0.8552,83.7772,30.3082,6.8066
2920.0,3.4297,42.0982,0.9009,83.958,30.3092,6.8268
2925.0,3.4428,43.1358,0.8706,84.8761,30.4392,6.8191
2930.0,3.4401,41.5865,0.863,82.9577,30.3624,6.8142
2935.0,3.4344,41.6499,0.863,82.8621,30.2396,6.8017
2940.0,3.4268,42.269,0.8635,83.3971,30.0662,6.7811
2945.0,3.4054,41.6344,0.8573,82.6349,29.6187,6.7638
2950.0,3.4191,41.7078,0.8732,82.6152,30.087,6.7246
2955.0,3.4069,41.6581,0.8529,83.0253,29.977,6.7017
2960.0,3.396,41.0092,0.8448,82.67,29.943,6.6832
2965.0,3.3865,41.284,0.8554,81.7012,29.5145,6.6576
2970.0,3.3906,40.8122,0.8441,80.6657,29.5338,6.6361
2975.0,3.4149,41.8779,0.86,82.5803,30.0516,6.6134
2980.0,3.4198,41.7754,0.8535,85.6871,29.7772,6.603
2985.0,3.4296,42.3664,0.8727,83.4728,29.9703,6.6115
2990.0,3.4401,41.9727,0.8734,84.1235,29.8315,6.6177
2995.0,3.4166,41.5974,0.8581,82.8873,29.865,6.6834
3000.0,3.4315,42.2769,0.8639,81.9324,30.1297,6.7083
3005.0,3.4175,41.7527,0.8433,82.2788,29.8037,6.7529
3010.0,3.4158,41.4676,0.8367,81.5236,29.9896,6.7936
3015.0,3.4178,41.3801,0.8496,82.4855,29.8742,6.8133
3020.0,3.4312,42.0296,0.8496,82.3467,29.8935,6.8121
3025.0,3.4328,41.2577,0.8428,82.227,29.923,6.8161
3030.0,3.4234,42.013,0.8634,82.1416,30.0393,6.8266
3035.0,3.4055,42.0449,0.8373,80.8489,29.8336,6.8284
3040.0,3.4185,42.2269,0.8513,82.7465,30.2247,6.7981
3045.0,3.3941,41.4989,0.868,82.524,29.6359,6.78
3050.0,3.4061,41.977,0.8615,82.171,29.7571,6.7325
3055.0,3.3745,41.0808,0.8313,80.9205,29.638,6.7344
3060.0,3.4077,40.8033,0.8415,82.8368,30.0583,6.6724
3065.0,3.4032,41.8695,0.8344,82.0808,29.7029,6.6406
3070.0,3.3962,41.28,0.8363,82.3126,29.8807,6.6387
3075.0,3.3867,41.4444,0.8515,81.1989,29.2343,6.6262
3080.0,3.4013,41.8935,0.8443,81.9072,29.67,6.6255
3085.0,3.4077,41.458,0.8617,82.495,29.8371,6.6383
3090.0,3.4124,42.0233,0.8644,82.8862,29.6585,6.6518
3095.0,3.4197,42.3525,0.8606,82.7733,29.9361,6.6825
3100.0,3.398,41.1618,0.852,80.6197,29.5767,6.7365
3105.0,3.4192,41.9173,0.8572,82.3043,30.0946,6.7605
3110.0,3.4284,42.0403,0.858,83.2696,30.3487,6.788
3115.0,3.3944,41.5947,0.8402,79.9294,29.7062,6.8391
3120.0,3.4076,41.1092,0.8655,82.6021,29.6966,6.8387
3125.0,3.4173,41.8476,0.8637,82.5584,30.1683,6.8454
3130.0,3.425,42.2101,0.8473,83.5904,30.1822,6.83
3135.0,3.3952,40.7878,0.8446,81.6062,29.6248,6.8358
3140.0,3.3882,41.4663,0.8322,79.9818,29.6069,6.8197
3145.0,3.3906,41.6347,0.8564,81.317,29.5891,6.784
3150.0,3.3815,41.5625,0.8342,79.354,29.2665,6.7502
3155.0,3.3701,40.7913,0.8385,79.5543,29.316,6.731
3160.0,3.344,40.7784,0.8299,79.621,29.2421,6.7311
3165.0,3.33,40.4691,0.8243,76.2488,29.2573,6.725
3170.0,3.3417,40.9403,0.8156,78.8044,29.4085,6.6988
3175.0,3.3539,40.1794,0.8207,78.8409,29.4576,6.6786
3180.0,3.3563,40.9642,0.8223,79.8858,29.7831,6.6902
3185.0,3.3372,40.5636,0.8355,78.6176,29.1563,6.7127
3190.0,3.3446,40.7297,0.8398,79.6937,29.6742,6.7441
3195.0,3.3325,40.5632,0.827,76.9853,29.4055,6.7839
3200.0,3.3495,40.7433,0.7988,77.8247,29.4819,6.8005
3205.0,3.3566,40.148,0.8205,78.3877,29.6983,6.8326
3210.0,3.3293,39.9006,0.8383,77.9616,29.2796,6.8868
3215.0,3.3297,40.3276,0.8179,77.7867,29.6779,6.9237
3220.0,3.3404,40.4617,0.8452,79.3873,29.634,6.9261
3225.0,3.3309,40.4649,0.8492,77.5639,29.7117,6.9451
3230.0,3.3199,40.0393,0.828,76.5661,29.6422,6.9516
3235.0,3.3183,40.4251,0.8283,78.0311,30.1512,6.9512
3240.0,3.288,39.6056,0.8008,74.7457,29.3334,6.9411
3245.0,3.2703,39.1695,0.7917,75.3433,29.3069,6.93
3250.0,3.2691,38.686,0.7944,73.1146,29.2261,6.8948
3255.0,3.2481,38.557,0.7877,73.4275,29.1852,6.8832
3260.0,3.2355,38.9567,0.7914,73.5075,29.1115,6.865
3265.0,3.2334,38.3677,0.7945,72.197,29.5234,6.8529
3270.0,3.2292,38.1038,0.7813,71.9031,29.5484,6.8426
3275.0,3.2274,38.5972,0.8096,74.3004,29.0317,6.8263
3280.0,3.2267,38.2418,0.7803,72.5313,28.9621,6.8305
3285.0,3.2419,38.9679,0.7936,72.963,29.2977,6.8376
3290.0,3.2426,38.5098,0.7939,74.2306,29.0634,6.8556
3295.0,3.2587,38.8304,0.8122,74.5136,29.3898,6.8767
3300.0,3.2715,39.2253,0.8117,74.9154,29.317,6.8946
3305.0,3.2726,39.5033,0.8128,76.5494,28.9219,6.9176
3310.0,3.2954,40.1417,0.8206,75.4747,29.7178,6.943
3315.0,3.3184,39.9289,0.8212,75.2629,29.8014,6.9428
3320.0,3.3295,39.9329,0.847,78.3342,29.2087,6.9282
3325.0,3.3405,39.8259,0.8207,77.0115,29.2606,6.9206
3330.0,3.3456,40.5244,0.8213,78.5358,29.4098,6.9124
3335.0,3.3501,40.6189,0.8395,79.574,29.3888,6.8897
3340.0,3.3388,40.3591,0.843,77.8515,29.4248,6.8794
3345.0,3.3485,39.9959,0.8307,78.4496,29.7091,6.8439
3350.0,3.3357,40.2027,0.8446,78.0364,29.1041,6.8068
3355.0,3.3117,40.2312,0.8259,76.2712,28.8905,6.7951
3360.0,3.3093,39.9798,0.8224,76.6917,28.6915,6.7611
3365.0,3.2929,38.9813,0.8077,75.6642,28.8085,6.7594
3370.0,3.3114,40.0504,0.8242,77.8648,28.9497,6.725
3375.0,3.3211,40.154,0.8165,77.0192,29.3874,6.7191
3380.0,3.3117,39.385,0.8106,76.0235,28.8048,6.7196
3385.0,3.325,40.243,0.8334,77.9921,28.9995,6.7247
3390.0,3.3279,39.643,0.8323,77.0541,28.9606,6.7448
3395.0,3.3218,39.688,0.82,77.944,29.2917,6.7939
3400.0,3.3253,40.3994,0.8476,77.8884,29.6607,6.8361
3405.0,3.3043,39.955,0.8231,76.3529,28.9307,6.8772
3410.0,3.3255,39.484,0.8123,75.3009,28.9709,6.8843
3415.0,3.332,40.7286,0.8409,78.6013,29.3755,6.9123
3420.0,3.3298,40.2948,0.8175,77.6622,29.2943,6.9292
3425.0,3.3402,40.5907,0.8225,78.3991,29.5808,6.9301
3430.0,3.3289,40.2907,0.8432,79.0937,29.2458,6.9289
3435.0,3.3049,39.7421,0.8156,74.6292,28.9767,6.9348
3440.0,3.3089,39.6037,0.8175,75.6882,29.1691,6.9106
3445.0,3.3045,39.8566,0.8036,76.351,29.2448,6.8863
3450.0,3.2985,39.5272,0.8198,76.358,29.1145,6.8548
3455.0,3.2783,39.6319,0.8121,75.7244,28.9779,6.8403
3460.0,3.2752,39.2681,0.7884,74.459,29.064,6.8153
3465.0,3.2698,39.3565,0.7899,74.8479,29.0445,6.7961
3470.0,3.2637,39.2759,0.8093,74.8743,29.0645,6.7879
3475.0,3.2594,38.8354,0.8062,73.7964,28.8619,6.7822
3480.0,3.2381,38.5628,0.7967,72.2449,28.6534,6.8076
3485.0,3.2371,38.1202,0.7883,72.7423,28.7412,6.828
3490.0,3.2517,39.4044,0.7986,73.9112,29.0275,6.8437
3495.0,3.24,39.0125,0.7977,72.9577,28.5516,6.8765
3500.0,3.242,38.7753,0.805,73.3441,28.8825,6.9181
3505.0,3.2554,38.7863,0.7857,73.1002,28.7265,6.9337
3510.0,3.2854,39.5408,0.8014,73.3709,28.862,6.9326
3515.0,3.2811,39.1357,0.8211,75.3794,29.1958,6.9709
3520.0,3.2962,39.8794,0.8221,75.4384,28.9335,6.9624
3525.0,3.2767,39.0197,0.8344,75.9,28.893,6.9896
3530.0,3.2438,38.3478,0.7885,72.2778,28.5223,7.0141
3535.0,3.2396,38.9729,0.7831,71.2797,29.0158,7.0167
3540.0,3.2271,38.6831,0.8089,72.3036,28.9458,7.0049
3545.0,3.2236,38.2447,0.7961,72.3276,29.2717,6.9856
3550.0,3.21,38.0021,0.7989,71.6237,28.596,6.9498
3555.0,3.2157,37.9289,0.8047,72.1305,28.6697,6.9098
3560.0,3.2066,37.7957,0.7771,71.292,28.6239,6.8872
3565.0,3.2149,38.2675,0.7928,72.862,28.9112,6.8599
3570.0,3.2057,38.0516,0.7883,71.2867,28.4602,6.8428
3575.0,3.2168,38.2439,0.7856,69.7527,28.5349,6.8261
3580.0,3.2032,37.992,0.8027,70.5306,28.613,6.8491
3585.0,3.1902,37.6234,0.7648,70.5354,28.5176,6.8785
3590.0,3.1909,38.2147,0.778,71.7029,28.3811,6.8999
3595.0,3.2031,37.9464,0.7973,71.865,28.5717,6.9223
3600.0,3.1963,38.1343,0.7783,69.8121,28.8266,6.9712
3605.0,3.2008,38.0296,0.767,71.7802,28.3366,6.9897
3610.0,3.2124,38.2123,0.7991,73.4396,28.657,7.0155
3615.0,3.1992,37.46,0.7762,70.0858,28.4707,7.0512
3620.0,3.2382,38.8302,0.7885,72.8348,28.9546,7.0348
3625.0,3.2367,38.8049,0.7985,72.5125,28.2713,7.0233
3630.0,3.2336,38.7036,0.7957,71.779,28.4939,7.0267
3635.0,3.2573,38.76,0.8113,73.3986,28.6956,6.988
3640.0,3.2586,38.976,0.8025,73.8929,28.9484,6.9671
3645.0,3.2221,38.3617,0.7732,70.5489,28.4878,6.9664
3650.0,3.2194,38.2526,0.7855,72.0738,28.3082,6.9308
3655.0,3.2254,37.8767,0.7984,72.2301,28.8601,6.9026
3660.0,3.2266,38.4884,0.7747,71.1045,27.9751,6.8463
3665.0,3.2172,37.5233,0.7746,71.0496,27.7434,6.8251
3670.0,3.2422,39.2671,0.802,74.9185,28.3711,6.7959
3675.0,3.2467,38.5239,0.7848,73.1683,28.1176,6.7774
3680.0,3.2691,38.9159,0.8125,75.1025,27.9845,6.751
3685.0,3.282,39.525,0.8017,75.9805,28.4276,6.763
3690.0,3.2642,38.7008,0.7902,74.9872,28.3341,6.8074
3695.0,3.2363,38.9668,0.8106,73.0104,28.1635,6.8692
3700.0,3.2384,38.7497,0.7952,72.6326,28.0203,6.8991
3705.0,3.2711,39.1446,0.8025,73.9551,28.5945,6.9106
3710.0,3.2519,39.0191,0.7721,73.0952,28.5704,6.964
3715.0,3.2305,38.4972,0.8061,72.4329,28.406,7.0112
3720.0,3.2516,38.8935,0.8027,73.6649,28.9036,7.0164
3725.0,3.2419,38.812,0.786,72.5451,28.1716,7.0137
3730.0,3.2352,38.7015,0.7716,72.1559,28.0403,7.0123
3735.0,3.2591,39.0044,0.8255,73.7453,28.2174,6.9723
3740.0,3.2653,39.3236,0.7903,73.6032,28.3358,6.942
3745.0,3.2648,39.1357,0.8109,74.8659,28.3563,6.9111
3750.0,3.2566,39.5475,0.8125,73.7067,28.179,6.8807
3755.0,3.2741,39.1471,0.8153,75.8448,28.2712,6.8266
3760.0,3.2773,38.9239,0.8046,74.8616,27.8188,6.7766
3765.0,3.279,38.8893,0.8108,74.1276,28.4498,6.7669
3770.0,3.2914,39.2893,0.8067,76.9439,28.0374,6.7234
3775.0,3.2903,39.4748,0.8067,75.4509,28.3204,6.7266
3780.0,3.2902,39.865,0.8287,77.386,28.1247,6.7269
3785.0,3.281,39.2137,0.8209,77.2905,28.1651,6.7557
3790.0,3.2714,39.2298,0.8051,75.4682,28.2172,6.7949
3795.0,3.2831,40.2731,0.8137,73.8287,28.2193,6.8129
3800.0,3.2839,39.6161,0.8127,76.4361,28.3052,6.8495
3805.0,3.2753,39.1816,0.8151,75.4032,28.5141,6.9014
3810.0,3.2646,39.467,0.822,74.4376,28.2637,6.94
3815.0,3.2669,38.8675,0.8067,74.9054,28.4161,6.967
3820.0,3.2493,38.7924,0.7848,74.1649,28.2289,6.9996
3825.0,3.2506,38.4097,0.8012,73.7569,28.6099,7.0144
3830.0,3.2071,37.8784,0.796,71.4858,28.0647,7.0465
3835.0,3.22,38.6018,0.813,71.7605,28.6541,7.0316
3840.0,3.193,38.0017,0.782,71.2783,28.152,7.0251
3845.0,3.1905,37.5753,0.7762,69.7708,27.7541,6.9868
3850.0,3.2118,38.9094,0.7905,70.8631,28.089,6.9348
3855.0,3.2048,37.6136,0.7553,69.1938,27.8321,6.9003
3860.0,3.2234,38.1149,0.7867,72.0299,28.1624,6.8551
3865.0,3.2202,38.4777,0.8009,72.6659,27.7478,6.8218
3870.0,3.2421,38.3709,0.7742,72.4865,27.77,6.7791
3875.0,3.2011,38.1025,0.7792,72.3775,27.3938,6.812
3880.0,3.1992,37.9289,0.7846,71.3895,27.7525,6.831
3885.0,3.1784,37.3919,0.7765,69.7539,27.2731,6.8597
3890.0,3.1941,37.5495,0.7782,70.5267,27.5085,6.873
3895.0,3.1936,37.7198,0.7761,70.365,28.1288,6.9211
3900.0,3.1899,37.8669,0.782,69.797,28.1739,6.9625
3905.0,3.1955,37.8871,0.7564,70.1493,28.1226,6.9901
3910.0,3.1713,37.8383,0.7777,70.9019,27.8089,7.0421
3915.0,3.1851,37.2222,0.7688,69.3632,28.0646,7.0584
3920.0,3.1975,38.5754,0.7746,69.2259,28.0897,7.0605
3925.0,3.1757,37.0829,0.7678,69.9958,27.8012,7.0839
3930.0,3.1807,37.3115,0.7706,69.4858,28.4523,7.0891
3935.0,3.201,37.9943,0.788,70.9359,28.2675,7.0454
3940.0,3.2161,38.0021,0.7759,71.3093,27.9529,6.9933
3945.0,3.205,38.0909,0.7745,70.046,27.9662,6.974
3950.0,3.1979,37.4186,0.7865,70.1751,27.9586,6.9473
3955.0,3.184,37.786,0.7608,68.3665,27.3431,6.9126
3960.0,3.2061,38.0046,0.7812,69.7661,27.7434,6.8649
3965.0,3.1964,38.3373,0.7954,71.8481,27.5951,6.8467
3970.0,3.2004,38.1165,0.7793,72.0382,27.4876,6.8229
3975.0,3.2058,38.0479,0.8041,72.2452,27.6542,6.8151
3980.0,3.2369,39.304,0.7917,72.9305,28.1751,6.7972
3985.0,3.2362,38.8947,0.7968,72.3646,27.9011,6.8059
3990.0,3.2094,38.0664,0.7835,69.9929,27.6254,6.8558
3995.0,3.2055,38.5188,0.7794,71.8295,27.9473,6.9019
4000.0,3.1881,37.4691,0.7842,69.7607,28.1946,6.9645
4005.0,3.1687,37.1205,0.7811,70.6667,28.1167,7.0213
4010.0,3.1717,37.4728,0.7706,69.3455,27.9367,7.046
4015.0,3.1869,37.7095,0.7654,69.7822,27.7878,7.0495
4020.0,3.2277,38.5073,0.8016,72.4112,28.14,7.026
4025.0,3.2287,37.9111,0.7986,71.7691,28.066,7.027
4030.0,3.2191,38.0707,0.7858,71.4052,28.1789,7.0357
4035.0,3.2225,38.6017,0.7961,72.1012,28.0876,7.0135
4040.0,3.217,38.2287,0.7814,72.2252,28.153,6.9963
4045.0,3.187,38.0792,0.7814,71.4111,27.7102,6.9888
4050.0,3.1939,38.3538,0.7788,69.5705,28.1222,6.9567
4055.0,3.1718,37.3844,0.7719,69.4484,27.7913,6.9391
4060.0,3.2119,37.9322,0.7802,73.3144,28.2144,6.8715
4065.0,3.1659,37.5259,0.7646,69.9139,27.4857,6.8804
4070.0,3.1641,37.5379,0.7665,68.4649,28.0663,6.8819
4075.0,3.1511,37.5077,0.7705,69.12,27.6702,6.8822
4080.0,3.1278,36.5349,0.7709,67.8237,27.4611,6.9093
4085.0,3.1222,36.2425,0.7393,65.9696,27.5203,6.9323
4090.0,3.146,37.2869,0.7536,68.1769,27.5905,6.9331
4095.0,3.1719,37.6977,0.7741,69.9653,27.8146,6.9408
4100.0,3.172,37.5913,0.7776,68.7822,27.882,6.9767
4105.0,3.1525,36.9764,0.7706,67.3921,27.6506,7.029
4110.0,3.1291,36.3681,0.7539,66.3417,27.8263,7.0884
4115.0,3.1382,36.6504,0.755,67.636,28.3977,7.1129
4120.0,3.1253,36.3349,0.7462,66.4021,28.3121,7.1358
4125.0,3.0975,36.1975,0.7458,63.7705,27.9935,7.1578
4130.0,3.1171,36.7476,0.7672,66.8852,27.8835,7.1244
4135.0,3.1368,36.6471,0.7809,67.0054,27.8797,7.0845
4140.0,3.1489,37.1754,0.7866,68.0827,27.9671,7.0483
4145.0,3.135,36.9904,0.7783,66.4221,27.5135,7.0224
4150.0,3.1437,36.8712,0.7565,66.7614,27.6558,6.9831
4155.0,3.1259,36.5125,0.772,67.9279,27.2542,6.9598
4160.0,3.132,36.8202,0.7433,65.6024,27.7269,6.9337
4165.0,3.1136,36.9271,0.7541,66.9017,27.7534,6.9288
4170.0,3.1347,36.5444,0.7544,67.0199,27.4473,6.8847
4175.0,3.1277,36.6421,0.7598,67.795,27.9522,6.8983
4180.0,3.0937,36.0413,0.7568,66.0901,27.2576,6.9244
4185.0,3.0929,36.296,0.754,65.6171,27.2174,6.9386
4190.0,3.1109,36.6804,0.7303,66.3171,27.6711,6.9522
4195.0,3.1048,35.6189,0.7472,66.125,27.9169,6.9926
4200.0,3.1197,36.7197,0.7505,65.6883,28.121,7.014
4205.0,3.0981,35.9372,0.7464,64.9736,27.6302,7.0583
4210.0,3.1603,37.2788,0.7883,69.6974,28.0551,7.0333
4215.0,3.1604,37.1857,0.786,69.4018,27.8078,7.0542
4220.0,3.1936,37.736,0.782,70.3036,27.7945,7.0391
4225.0,3.2122,39.0104,0.7803,71.2348,28.0649,7.0373
4230.0,3.2133,37.821,0.7838,71.0399,27.9989,7.0364
4235.0,3.2228,39.1305,0.8118,72.1879,27.4196,6.9951
4240.0,3.2381,38.3645,0.7941,72.4401,28.149,6.9704
4245.0,3.2561,39.3551,0.7808,74.4753,28.0826,6.9149
4250.0,3.2221,38.4881,0.8062,71.7166,27.5344,6.9049
4255.0,3.2085,37.9946,0.7884,70.8314,27.743,6.8925
4260.0,3.1999,38.1026,0.7813,69.7786,27.7256,6.8712
4265.0,3.2045,38.0362,0.7847,70.5285,27.634,6.8383
4270.0,3.1847,37.9172,0.7784,70.0068,27.4099,6.8394
4275.0,3.1819,38.1442,0.7805,70.1865,27.3724,6.8367
4280.0,3.1897,37.6569,0.7943,71.233,27.5415,6.8376
4285.0,3.1881,37.8998,0.7659,70.6149,27.8627,6.864
4290.0,3.164,37.6342,0.7736,69.1716,27.7391,6.9147
4295.0,3.1756,37.5596,0.77,67.8923,27.5529,6.929
4300.0,3.1857,37.6011,0.7848,69.6807,27.8855,6.9604
4305.0,3.1489,36.8807,0.7655,68.0415,27.0276,7.0171
4310.0,3.1576,37.8075,0.7707,69.0511,28.0696,7.0645
4315.0,3.1463,36.8599,0.7952,69.7927,27.3817,7.086
4320.0,3.1464,36.898,0.7837,68.5261,27.7484,7.109
4325.0,3.1412,37.1002,0.7675,68.398,27.5677,7.1146
4330.0,3.1284,36.1847,0.7628,67.271,27.5179,7.1193
4335.0,3.1509,37.1893,0.7771,68.1375,28.112,7.0903
4340.0,3.1423,36.6774,0.7622,66.8132,27.6732,7.0635
4345.0,3.1594,37.1989,0.752,68.1301,27.8366,7.0176
4350.0,3.1866,36.9403,0.7774,69.0626,27.6937,6.953
4355.0,3.1647,37.2982,0.7714,68.9218,27.7802,6.9469
4360.0,3.1616,37.3015,0.7742,69.8771,27.6403,6.9161
4365.0,3.1502,36.953,0.761,68.2783,27.2693,6.8949
4370.0,3.1555,37.0134,0.7646,69.8084,27.82,6.8863
4375.0,3.1499,37.4462,0.7596,68.1765,27.4425,6.8781
4380.0,3.1596,37.4608,0.7595,68.3382,27.1865,6.8656
4385.0,3.1809,38.4344,0.7582,68.511,27.4925,6.8638
4390.0,3.1871,37.4886,0.8013,71.2473,28.0105,6.8945
4395.0,3.1589,37.8082,0.759,69.7236,27.8924,6.9565
4400.0,3.1677,37.094,0.7653,68.3841,27.6419,6.9763
4405.0,3.183,37.7887,0.7891,69.906,27.6911,6.9943
4410.0,3.1798,37.8695,0.7776,69.0028,27.7428,7.0307
4415.0,3.1911,37.5617,0.7874,70.4511,28.3788,7.0589
4420.0,3.1833,37.6722,0.782,68.7165,27.9797,7.0743
4425.0,3.1808,37.9936,0.7763,69.0444,28.0024,7.0834
4430.0,3.1888,37.4003,0.7848,71.3045,28.1486,7.0724
4435.0,3.1855,37.7339,0.7789,69.7719,27.933,7.0545
4440.0,3.144,36.8885,0.7714,67.5663,27.7791,7.0717
4445.0,3.1494,36.8111,0.7462,68.2573,27.7567,7.0342
4450.0,3.1634,37.1853,0.7846,69.6371,27.7454,6.9844
4455.0,3.1614,37.0116,0.7656,67.8421,27.7117,6.9501
4460.0,3.1575,37.5562,0.7857,68.5466,27.8652,6.9266
4465.0,3.1636,37.3306,0.7602,68.0942,27.6673,6.8896
4470.0,3.1628,37.2583,0.7599,68.0856,27.8204,6.8778
4475.0,3.1551,37.3702,0.7794,68.1397,27.6142,6.8761
4480.0,3.1634,36.9449,0.7748,69.1991,27.6658,6.8733
4485.0,3.1403,36.401,0.7712,67.6237,27.1725,6.9039
4490.0,3.1492,36.9596,0.7745,67.6058,27.9391,6.9381
4495.0,3.1525,37.5452,0.7643,68.5234,27.8432,6.9641
4500.0,3.1686,37.0981,0.7592,70.1135,28.0574,6.9858
4505.0,3.1538,36.9642,0.79,68.6104,27.1351,7.0149
4510.0,3.1995,37.8209,0.8071,71.6169,28.4282,7.0256
4515.0,3.1941,38.1061,0.8077,70.7674,27.9096,7.0434
4520.0,3.1932,38.1198,0.7876,69.8343,28.2481,7.069
4525.0,3.1869,37.5648,0.7762,69.2339,27.7238,7.0691
4530.0,3.182,37.7618,0.7742,71.1068,28.1352,7.0795
4535.0,3.1838,37.854,0.778,70.6847,27.7029,7.0509
4540.0,3.1961,37.8516,0.7824,69.5258,27.7828,7.0127
4545.0,3.2022,37.6064,0.7778,70.9104,28.3812,6.9886
4550.0,3.1869,37.3412,0.7935,71.2201,27.8145,6.9571
4555.0,3.1749,37.3816,0.7913,71.6132,27.8761,6.9375
4560.0,3.1594,36.8591,0.7614,67.1362,28.0035,6.9274
4565.0,3.1444,37.0977,0.7574,68.4926,27.8829,6.9172
4570.0,3.1379,37.3777,0.7571,68.136,27.7815,6.9063
4575.0,3.1597,37.4538,0.7546,66.7179,27.8341,6.8771
4580.0,3.176,37.5608,0.7903,70.1911,28.3574,6.8759
4585.0,3.1649,37.2591,0.7723,70.398,27.77,6.8901
4590.0,3.148,36.9721,0.7554,68.008,27.8744,6.9375
4595.0,3.1475,36.7665,0.7692,68.2282,28.1353,6.9758
4600.0,3.1214,36.2261,0.7677,66.7276,28.2021,7.0372
4605.0,3.1313,36.6974,0.7778,67.9509,28.2757,7.0599
4610.0,3.1073,36.3357,0.7639,66.0732,28.1874,7.1089
4615.0,3.0915,36.3327,0.7531,64.5295,27.7822,7.1361
4620.0,3.1075,36.6492,0.7602,66.5107,28.5047,7.1431
4625.0,3.0864,36.0131,0.7477,63.9502,27.8243,7.1505
4630.0,3.0832,35.92,0.7525,64.5366,28.1864,7.1484
4635.0,3.067,35.2313,0.7512,64.3771,27.9083,7.1368
4640.0,3.0639,35.3755,0.7321,62.5487,28.055,7.1108
4645.0,3.0604,35.1354,0.7361,63.9673,28.119,7.0776
4650.0,3.0641,35.8756,0.7338,63.8308,28.0784,7.033
4655.0,3.0494,35.4865,0.744,63.1267,28.0648,7.0078
4660.0,3.0199,34.4113,0.7682,61.994,28.3287,7.0038
4665.0,2.9866,34.188,0.7083,59.6974,28.0133,6.998
4670.0,2.9595,33.5293,0.7232,59.2944,27.8255,6.9951
4675.0,2.9502,33.6733,0.7307,59.9565,28.1282,6.9914
4680.0,2.921,33.1564,0.6972,57.0391,28.1999,7.0125
4685.0,2.911,32.8521,0.6922,55.7561,27.6251,7.0177
4690.0,2.8978,32.2291,0.6963,55.5036,28.1228,7.0474
4695.0,2.9116,32.9488,0.6856,55.6775,28.1988,7.0544
4700.0,2.9044,32.5517,0.711,56.9018,28.0038,7.0819
4705.0,2.9072,32.9957,0.7168,56.2966,28.4769,7.1088
4710.0,2.8797,31.9255,0.7087,53.7925,28.1458,7.1507
4715.0,2.8595,32.1315,0.6909,53.434,28.2565,7.1831
4720.0,2.8349,31.5707,0.68,52.4544,28.2118,7.2075
4725.0,2.8243,31.164,0.6824,51.0905,28.275,7.209
4730.0,2.8252,31.7964,0.6873,50.659,27.9985,7.1872
4735.0,2.7885,30.6595,0.6899,50.5651,27.9001,7.1903
4740.0,2.7809,30.7013,0.6557,48.4523,28.6344,7.1636
4745.0,2.7641,30.2106,0.6619,48.5845,27.9912,7.1298
4750.0,2.7624,29.8266,0.6599,48.3236,27.9178,7.0838
4755.0,2.7602,30.5714,0.6522,47.9873,27.5901,7.0384
4760.0,2.7033,29.6147,0.635,44.8985,27.936,7.0484
4765.0,2.7058,29.4482,0.6558,47.5859,27.741,7.0087
4770.0,2.706,29.6091,0.6484,45.9112,28.4703,6.984
4775.0,2.7084,29.5062,0.6538,47.5398,28.3143,6.9659
4780.0,2.7221,29.1667,0.6645,48.7173,27.9065,6.9496
4785.0,2.6922,28.8879,0.644,45.341,28.6725,6.9871
4790.0,2.6807,29.1299,0.6186,45.3654,28.3975,7.0128
4795.0,2.6839,28.6122,0.6606,46.3189,28.1223,7.0318
4800.0,2.7034,29.1019,0.649,46.3412,27.6346,7.0405
4805.0,2.6974,28.7832,0.6472,47.1846,28.8883,7.0786
4810.0,2.7329,29.9367,0.6564,47.6607,28.0197,7.0718
4815.0,2.736,29.6199,0.6598,48.8032,27.9987,7.0912
4820.0,2.718,29.251,0.6614,47.5314,28.6969,7.1233
4825.0,2.7565,29.779,0.6889,50.4791,29.0684,7.0963
4830.0,2.7599,29.9084,0.666,48.0543,28.8072,7.0864
4835.0,2.7652,30.4952,0.6684,48.0805,28.5908,7.0662
4840.0,2.7441,30.5476,0.6737,50.1113,28.5754,7.0602
4845.0,2.7403,29.8142,0.6507,47.0729,28.6083,7.0326
4850.0,2.7555,29.7993,0.6385,47.6207,28.5485,6.9853
4855.0,2.7809,31.1844,0.6549,50.7308,28.3929,6.9306
4860.0,2.7641,30.4848,0.6784,49.4593,28.3171,6.9168
4865.0,2.719,29.0605,0.6529,46.8964,28.2525,6.9322
4870.0,2.7044,29.1391,0.6403,47.2447,28.0687,6.9271
4875.0,2.6959,29.2052,0.6461,45.3187,28.1901,6.9266
4880.0,2.6985,29.4135,0.6434,47.2701,27.8547,6.9256
4885.0,2.6956,29.304,0.6518,45.0948,28.2852,6.9428
4890.0,2.7041,29.5647,0.6504,47.8191,28.1063,6.9571
4895.0,2.7042,29.2681,0.6409,46.7493,28.1299,6.986
4900.0,2.7175,29.6095,0.6533,46.3133,28.5077,7.0091
4905.0,2.708,29.8709,0.6511,46.5306,28.8677,7.0512
4910.0,2.7165,29.5368,0.6481,46.429,28.8017,7.0731
4915.0,2.7209,28.8102,0.6393,45.8135,28.2233,7.0902
4920.0,2.7034,28.9129,0.668,46.0498,28.4006,7.1198
4925.0,2.7153,28.7643,0.6574,45.4533,28.9013,7.1146
4930.0,2.6796,29.3463,0.6583,45.5986,28.4239,7.1348
4935.0,2.6784,28.9399,0.6498,46.0477,28.6028,7.1162
4940.0,2.6608,28.5999,0.6647,44.5335,28.7742,7.1016
4945.0,2.6362,27.8779,0.6345,43.1719,28.3636,7.0848
4950.0,2.6221,28.0389,0.625,41.8712,28.5966,7.0556
4955.0,2.6304,28.1016,0.6381,42.9719,28.2013,7.0071
4960.0,2.6046,27.5707,0.6151,40.782,28.3536,6.9919
4965.0,2.5869,26.6376,0.6249,41.4423,28.5616,6.9756
4970.0,2.5793,26.9598,0.6051,40.7644,28.0731,6.9592
4975.0,2.5993,27.6591,0.6096,42.8067,28.5852,6.9308
4980.0,2.5726,26.734,0.6127,40.1906,28.4885,6.9533
4985.0,2.5668,26.4573,0.6109,40.8414,28.6639,6.9685
4990.0,2.5812,27.172,0.6324,41.4837,28.626,6.9757
4995.0,2.5632,26.6538,0.6126,38.9306,28.964,7.0163
5000.0,2.5623,26.6374,0.6256,41.4855,28.7117,7.0468
5005.0,2.5644,27.1631,0.6127,38.991,28.6306,7.0742
5010.0,2.5542,26.2342,0.6047,39.4304,28.8214,7.108
5015.0,2.5599,26.7261,0.6437,41.316,28.971,7.1222
5020.0,2.5813,27.1128,0.6355,41.5161,28.8799,7.1158
5025.0,2.5846,27.3492,0.6212,40.1237,28.8964,7.1154
5030.0,2.5875,26.7499,0.6452,40.6283,28.7146,7.1058
5035.0,2.6257,27.9033,0.6425,43.8729,28.7142,7.0579
5040.0,2.6192,28.0868,0.6469,43.5195,28.5073,7.0399
5045.0,2.6544,28.5557,0.6585,45.3226,29.2648,6.984
5050.0,2.6668,28.7938,0.6474,45.9117,28.4813,6.9432
5055.0,2.6725,28.7007,0.6749,44.9021,28.5839,6.9109
5060.0,2.6824,29.0438,0.6489,45.0762,28.547,6.8788
5065.0,2.7037,29.2224,0.6422,47.2773,28.9284,6.8459
5070.0,2.7172,29.5095,0.6336,46.8469,28.6209,6.8267
5075.0,2.7353,29.8874,0.6785,49.4701,29.0104,6.818
5080.0,2.7284,30.0918,0.6354,48.2533,28.5487,6.8364
5085.0,2.7357,29.9731,0.6723,48.491,28.8194,6.8562
5090.0,2.7134,29.3608,0.6525,45.527,28.5853,6.9053
5095.0,2.7186,29.7551,0.6578,47.7087,29.3835,6.9405
5100.0,2.7104,29.8053,0.6422,46.7961,28.6079,6.9821
5105.0,2.6862,28.475,0.6554,47.4355,29.0398,7.0398
5110.0,2.6746,28.816,0.6601,44.8273,29.1739,7.0801
5115.0,2.6737,28.418,0.646,46.7631,29.1633,7.1032
5120.0,2.6826,29.6424,0.6449,45.7245,29.0461,7.1091
5125.0,2.654,28.326,0.6484,43.8936,29.0785,7.1355
5130.0,2.6522,28.3735,0.6459,45.2409,29.1258,7.1278
5135.0,2.6399,27.8413,0.6416,44.0988,29.068,7.1176
5140.0,2.6292,27.7196,0.645,42.9714,29.3237,7.0971
5145.0,2.6127,27.4552,0.6295,40.8527,29.6048,7.0743
5150.0,2.5741,27.3597,0.6458,40.1648,28.8776,7.0654
5155.0,2.5316,26.2624,0.6364,39.3525,28.6393,7.0582
5160.0,2.5128,25.7881,0.6041,38.4508,28.929,7.031
5165.0,2.4844,25.5626,0.5873,37.1897,29.574,7.0157
5170.0,2.4612,23.9171,0.6061,37.1094,28.7179,7.0099
5175.0,2.4741,25.3337,0.5792,37.5765,29.3324,6.9789
5180.0,2.4692,25.1319,0.6116,36.5282,29.3605,6.9776
5185.0,2.4716,25.0184,0.6025,36.8303,28.835,6.9846
5190.0,2.4399,24.2566,0.5816,33.065,29.1599,7.0254
5195.0,2.4084,24.3997,0.6138,34.7361,29.4776,7.0706
5200.0,2.4005,24.2325,0.5901,33.961,29.033,7.1029
5205.0,2.4103,24.3274,0.6123,33.7848,29.1342,7.1166
5210.0,2.4087,24.0574,0.6001,33.765,29.0925,7.1387
5215.0,2.425,23.9825,0.5928,34.3512,29.0283,7.1408
5220.0,2.424,24.6237,0.5829,34.0373,29.1519,7.1489
5225.0,2.4116,23.7289,0.5962,34.2872,29.0265,7.1587
5230.0,2.394,23.708,0.5903,32.1335,29.3445,7.1582
5235.0,2.3772,23.6268,0.6049,32.8113,29.133,7.1499
5240.0,2.3751,23.2918,0.6046,31.4774,29.3615,7.1165
5245.0,2.3557,22.6674,0.5749,31.144,28.8831,7.0973
5250.0,2.3421,22.5286,0.5833,32.5874,29.3191,7.0618
5255.0,2.2986,21.5515,0.5721,29.8152,29.4091,7.0541
5260.0,2.2641,21.6905,0.5775,29.3891,28.6712,7.0497
5265.0,2.2738,21.4763,0.5888,29.99,29.2406,6.9972
5270.0,2.2473,21.206,0.5812,27.8571,29.4433,6.9905
5275.0,2.2482,21.6022,0.5562,29.0457,28.8372,6.9807
5280.0,2.248,21.1048,0.5609,28.0713,29.5756,6.968
5285.0,2.254,21.6427,0.5532,27.7341,29.294,6.9741
5290.0,2.2882,21.9675,0.5642,28.4251,29.0566,6.9662
5295.0,2.3166,22.716,0.5713,30.4752,29.2711,6.9684
5300.0,2.3213,23.0519,0.6047,30.3934,29.4814,6.9971
5305.0,2.3428,22.9332,0.5937,31.6964,29.4175,7.0156
5310.0,2.3536,23.1564,0.5854,32.1292,29.5853,7.0385
5315.0,2.3723,23.3924,0.5927,30.3014,29.2639,7.0534
5320.0,2.3889,23.7966,0.5842,32.5669,29.5679,7.057
5325.0,2.4007,24.1895,0.6068,32.561,29.1896,7.06
5330.0,2.398,23.7197,0.5921,33.1188,29.518,7.0591
5335.0,2.3949,23.3611,0.5818,31.8184,29.3086,7.0515
5340.0,2.4082,24.1692,0.6121,33.4935,29.3275,7.0194
5345.0,2.4178,23.9052,0.5998,33.4062,29.7886,6.982
5350.0,2.4221,24.1799,0.5898,33.6412,29.716,6.9499
5355.0,2.3964,23.9309,0.5872,33.5391,29.559,6.9421
5360.0,2.3966,23.5943,0.5965,34.6027,29.1016,6.9173
5365.0,2.3885,23.6554,0.5783,33.237,29.2722,6.9007
5370.0,2.3541,22.8963,0.5892,30.7286,29.643,6.9117
5375.0,2.3216,23.097,0.5678,31.1381,29.3775,6.9343
5380.0,2.3129,22.3071,0.58,30.8416,29.9389,6.9387
5385.0,2.2893,22.1552,0.5584,28.5314,29.4882,6.974
5390.0,2.3157,22.1803,0.58,30.2732,29.4806,6.9715
5395.0,2.3259,22.562,0.5782,30.7173,29.4066,6.9911
5400.0,2.3104,22.1831,0.5746,28.9573,29.573,7.0343
5405.0,2.3611,22.9984,0.5785,31.3838,29.5572,7.0247
5410.0,2.348,22.8169,0.5879,31.199,29.8235,7.0641
5415.0,2.3284,22.6883,0.5823,29.3185,29.9281,7.1037
5420.0,2.3411,22.5645,0.6,31.4081,29.5229,7.111
5425.0,2.3547,23.1607,0.6083,32.14,29.403,7.1043
5430.0,2.3367,23.0668,0.596,32.7139,29.2785,7.1138
5435.0,2.3468,23.1243,0.5692,29.9839,29.8522,7.0825
5440.0,2.3432,22.7157,0.5802,31.4743,29.4251,7.0633
5445.0,2.3365,22.4719,0.5899,30.3868,29.1298,7.0393
5450.0,2.3499,22.8193,0.5847,33.3903,29.7276,6.9874
5455.0,2.32,22.3906,0.591,31.3262,30.2161,6.973
5460.0,2.3162,22.3243,0.5694,29.9514,29.5582,6.9502
5465.0,2.2907,22.0673,0.5755,30.8858,29.7448,6.943
5470.0,2.3017,22.1655,0.5663,29.9198,29.5429,6.9174
5475.0,2.2989,22.3583,0.5657,29.8621,29.4989,6.9127
5480.0,2.3104,21.8128,0.5704,30.9819,29.7691,6.905
5485.0,2.3115,22.5636,0.5491,29.5844,29.4964,6.9223
5490.0,2.3139,22.7224,0.5737,29.7948,29.6773,6.9435
5495.0,2.3436,22.5066,0.594,31.3228,29.7409,6.9505
5500.0,2.3813,23.0097,0.5814,31.2972,29.548,6.9587
5505.0,2.3347,22.6076,0.5966,31.5923,30.0175,7.0312
5510.0,2.3574,22.616,0.5796,31.724,29.7755,7.0479
5515.0,2.3594,23.4637,0.5844,31.6556,29.6715,7.0732
5520.0,2.3519,23.4413,0.5739,32.4491,30.0237,7.0934
5525.0,2.387,23.9217,0.5964,32.538,29.6801,7.0741
5530.0,2.4067,23.6127,0.5985,34.9847,29.9121,7.0538
5535.0,2.3994,24.6259,0.6067,34.6956,29.8892,7.0482
5540.0,2.386,23.4183,0.5967,33.0334,30.1373,7.0362
5545.0,2.3647,23.2324,0.5768,32.3201,29.9502,7.0258
5550.0,2.3694,23.4394,0.572,31.6055,29.7863,6.9896
5555.0,2.3676,23.164,0.5681,31.4658,29.958,6.956
5560.0,2.3604,23.3061,0.6074,32.5846,30.0666,6.9309
5565.0,2.3371,22.6519,0.5765,32.5701,29.8325,6.9273
5570.0,2.3488,22.1752,0.6054,33.2919,29.6815,6.9027
5575.0,2.3435,22.9003,0.5848,30.8793,29.3507,6.9038
5580.0,2.3313,22.5364,0.5774,31.5021,29.4267,6.9183
5585.0,2.3041,22.2733,0.5717,28.542,29.6448,6.9532
5590.0,2.3093,21.788,0.5641,28.9557,29.6088,6.9709
5595.0,2.3038,21.6974,0.5611,29.34,29.7629,7.0019
5600.0,2.3302,22.9151,0.5877,31.2028,29.8769,7.0107
5605.0,2.3204,22.818,0.5825,31.5578,30.0481,7.0501
5610.0,2.3185,22.628,0.5776,30.3822,29.9463,7.0821
5615.0,2.3006,22.1364,0.5766,30.0032,30.1252,7.1173
5620.0,2.3415,23.4145,0.6008,31.2846,30.0473,7.0972
5625.0,2.326,22.6394,0.5973,31.3243,29.5509,7.1185
5630.0,2.3355,22.9788,0.5769,31.6489,29.8088,7.1011
5635.0,2.3227,22.506,0.5733,31.4544,29.9924,7.0925
5640.0,2.3395,22.8715,0.5836,31.1341,29.6988,7.0553
5645.0,2.3236,22.3327,0.5815,30.9006,30.1154,7.0327
5650.0,2.3584,23.2765,0.577,31.7062,30.3076,6.969
5655.0,2.3705,23.5648,0.5772,32.5508,30.189,6.9284
5660.0,2.3782,23.2612,0.5917,32.88,29.7948,6.8984
5665.0,2.3949,23.3002,0.6017,35.2649,30.1933,6.8632
5670.0,2.4009,23.993,0.5945,34.099,29.842,6.8511
5675.0,2.3602,22.9001,0.5722,31.8646,29.7186,6.8844
5680.0,2.356,23.3417,0.5763,31.7563,29.6622,6.8967
5685.0,2.3141,22.4561,0.5708,30.758,29.7665,6.9465
5690.0,2.3315,22.9955,0.5667,29.5178,29.7835,6.9552
5695.0,2.3372,22.8515,0.5829,32.056,29.97,6.9786
5700.0,2.3534,23.985,0.573,31.8948,30.0189,6.9991
5705.0,2.3626,23.4343,0.5863,32.9845,30.0308,7.0264
5710.0,2.4001,24.4104,0.6013,34.4356,30.186,7.028
5715.0,2.4119,24.4608,0.5969,34.2474,30.4123,7.0453
5720.0,2.4255,24.0655,0.6148,34.1078,30.378,7.0553
5725.0,2.4396,24.176,0.6016,35.7328,29.7813,7.058
5730.0,2.4432,24.7087,0.6148,35.5233,29.5112,7.0561
5735.0,2.4469,24.5398,0.5954,34.3284,30.3664,7.0375
5740.0,2.4649,25.5706,0.5966,36.6921,29.7622,7.007
5745.0,2.4732,25.0301,0.5928,35.4855,30.0102,6.9743
5750.0,2.4738,25.2955,0.5911,36.3475,29.7316,6.947
5755.0,2.4944,24.9579,0.6211,36.6302,29.5313,6.9038
5760.0,2.4926,25.1263,0.6072,36.7972,30.0794,6.8797
5765.0,2.5195,26.0765,0.6139,38.7066,30.1045,6.8424
5770.0,2.4877,25.5024,0.5947,37.024,29.7531,6.86
5775.0,2.5028,25.9556,0.598,37.8519,29.2458,6.8508
5780.0,2.4885,25.4931,0.607,37.4,29.7679,6.8715
5785.0,2.498,25.7991,0.5947,36.4053,30.0273,6.884
5790.0,2.5276,25.6122,0.6197,38.0902,29.5962,6.8915
5795.0,2.55,27.1023,0.6206,37.9885,30.057,6.9104
5800.0,2.5687,26.664,0.6269,39.5131,30.0569,6.9376
5805.0,2.6122,27.9293,0.6578,42.6223,30.2551,6.947
5810.0,2.649,27.8097,0.622,41.6431,30.1851,6.96
5815.0,2.6757,28.8941,0.6478,45.6813,29.9481,6.9756
5820.0,2.689,28.5842,0.6446,45.3368,30.5148,6.9949
5825.0,2.6637,28.6707,0.6428,44.188,30.1861,7.0305
5830.0,2.6356,28.4295,0.6448,42.5003,30.2144,7.0554
5835.0,2.6297,28.0857,0.6421,43.7619,29.9692,7.0496
5840.0,2.6076,27.6952,0.6423,43.2883,30.0611,7.0458
5845.0,2.5922,27.5641,0.6364,42.5939,29.9114,7.0286
5850.0,2.6428,28.9011,0.6284,44.1341,30.0454,6.9566
5855.0,2.6496,28.7641,0.6203,43.5392,30.4725,6.9218
5860.0,2.6708,28.5744,0.618,45.24,29.662,6.8791
5865.0,2.6448,28.315,0.6449,43.1233,29.5705,6.8811
5870.0,2.6492,28.4135,0.6414,44.1751,30.3224,6.8686
5875.0,2.657,28.3851,0.6328,43.7967,29.8969,6.8609
5880.0,2.6897,28.9522,0.6507,46.0341,29.7911,6.8461
5885.0,2.7013,29.325,0.6436,46.8525,30.2415,6.861
5890.0,2.7496,29.9767,0.6617,47.149,29.8649,6.8548
5895.0,2.7843,30.3874,0.6561,49.1264,30.5163,6.8722
5900.0,2.806,31.4744,0.6722,51.4071,30.2771,6.9
5905.0,2.8074,31.0981,0.6826,52.5967,30.0334,6.9434
5910.0,2.8461,31.7986,0.6783,53.1496,30.7379,6.9602
5915.0,2.87,32.0108,0.6796,53.7484,30.0816,6.9731
5920.0,2.8826,32.1173,0.6975,54.1607,30.441,6.9943
5925.0,2.91,33.1299,0.6936,55.9003,30.3387,6.99
5930.0,2.9238,33.0794,0.7307,57.0622,30.583,6.9888
5935.0,2.9337,33.332,0.7045,57.1677,30.6275,6.9787
5940.0,2.9465,33.679,0.7398,58.2554,30.2128,6.9525
5945.0,2.9427,34.2502,0.7164,57.5272,29.9753,6.9348
5950.0,2.9371,34.4076,0.725,57.4434,30.233,6.9195
5955.0,2.9289,33.43,0.6999,57.2296,29.9028,6.8987
5960.0,2.8937,32.6999,0.6929,55.6612,30.5342,6.9103
5965.0,2.9093,32.7673,0.6962,56.4369,30.0322,6.874
5970.0,2.8944,32.7509,0.6943,56.4751,29.8858,6.8738
5975.0,2.8883,32.1691,0.6822,54.8857,30.0161,6.8786
5980.0,2.8741,32.2498,0.6933,54.5848,29.6407,6.8948
5985.0,2.8823,32.1157,0.6677,54.4435,29.7559,6.9065
5990.0,2.9007,32.8706,0.7154,55.7757,30.3321,6.923
5995.0,2.8983,32.2855,0.6937,57.2418,29.9095,6.954
6000.0,2.8857,31.9003,0.6837,56.1475,29.8581,6.9996
6005.0,2.888,32.1238,0.6831,54.7675,30.3001,7.0363
6010.0,2.8642,32.0405,0.6866,54.4091,30.5038,7.0869
6015.0,2.8957,32.5151,0.6977,53.7508,30.4199,7.0833
6020.0,2.8884,31.9818,0.6996,55.1577,30.51,7.1044
6025.0,2.8761,32.4011,0.6961,55.1032,30.0785,7.1151
6030.0,2.8291,31.6625,0.6666,50.1338,29.9043,7.144
6035.0,2.8536,31.8498,0.6978,55.2341,30.613,7.1091
6040.0,2.8367,31.8673,0.681,52.3881,30.123,7.0903
6045.0,2.8367,31.8002,0.6769,51.751,30.0982,7.0555
6050.0,2.8393,31.3112,0.6763,50.9887,30.4456,7.0185
6055.0,2.8259,31.0958,0.6999,53.3727,30.2052,6.9906
6060.0,2.8117,31.2366,0.6657,51.6241,30.1372,6.9678
6065.0,2.8195,31.487,0.69,52.2882,30.53,6.9369
6070.0,2.8249,31.2259,0.6964,52.2015,29.8053,6.9095
6075.0,2.8043,31.3383,0.6631,48.5543,30.1894,6.9218
6080.0,2.7902,30.716,0.6765,52.2658,29.9776,6.9347
6085.0,2.8028,31.3168,0.6774,51.0148,30.0503,6.9377
6090.0,2.7788,30.8364,0.6673,49.7417,30.3968,6.98
6095.0,2.8137,30.9362,0.6781,49.8678,30.1818,6.9787
6100.0,2.8167,31.2322,0.6745,51.5686,30.234,7.0088
6105.0,2.7785,30.7201,0.6631,50.0953,30.4121,7.0723
6110.0,2.7606,29.857,0.6711,49.447,30.0926,7.1114
6115.0,2.7118,29.8696,0.6692,46.4913,30.0053,7.1674
6120.0,2.658,28.565,0.6411,44.6892,29.9732,7.2155
6125.0,2.6549,27.9884,0.6385,43.8714,29.748,7.2093
6130.0,2.656,28.2209,0.6452,44.6415,30.7441,7.1902
6135.0,2.6229,27.4127,0.6504,42.4028,29.9307,7.1871
6140.0,2.6356,28.0816,0.6333,42.7394,30.1157,7.1399
6145.0,2.6123,27.2279,0.6232,42.0813,30.0576,7.1159
6150.0,2.5966,27.7696,0.6146,41.6609,30.1548,7.0832
6155.0,2.5754,26.7924,0.6187,40.7478,30.233,7.0545
6160.0,2.5726,26.5855,0.6213,40.9948,30.1998,7.0151
6165.0,2.5884,26.8864,0.6199,41.7846,29.803,6.9692
6170.0,2.5741,26.6009,0.6384,41.9743,29.883,6.9574
6175.0,2.5524,26.3118,0.6159,39.6063,29.9852,6.962
6180.0,2.5472,26.8223,0.6001,39.8187,29.8569,6.9643
6185.0,2.5136,25.8265,0.6039,38.0206,30.3393,6.9975
6190.0,2.5066,25.727,0.6051,38.9823,30.0904,7.0192
6195.0,2.5119,25.6822,0.6242,38.8324,30.1901,7.0364
6200.0,2.4559,25.1976,0.6099,35.271,30.2153,7.1055
6205.0,2.4384,24.9513,0.6102,35.7454,30.3861,7.1411
6210.0,2.4171,23.9735,0.6114,34.2754,30.1766,7.1769
6215.0,2.4317,24.3837,0.5781,33.7299,29.837,7.1779
6220.0,2.448,25.038,0.5888,34.4052,30.2791,7.166
6225.0,2.4829,24.9625,0.6078,35.9153,30.0202,7.1361
6230.0,2.4688,25.1885,0.596,36.0767,30.0401,7.136
6235.0,2.4817,25.8072,0.616,38.0211,30.2939,7.1042
6240.0,2.5058,25.5882,0.6155,37.6374,30.4201,7.0573
6245.0,2.4877,25.4662,0.6312,38.6898,30.0704,7.0405
6250.0,2.4782,25.1271,0.5981,35.839,30.0922,7.0122
6255.0,2.4733,25.2412,0.6118,36.884,30.3904,6.9788
6260.0,2.4809,25.3373,0.6005,39.1439,29.9794,6.9421
6265.0,2.4929,25.5869,0.6107,36.6892,30.5326,6.9062
6270.0,2.5199,25.7447,0.6335,40.5145,29.9983,6.8728
6275.0,2.5005,25.5046,0.5991,37.0902,29.4054,6.8868
6280.0,2.4816,25.1624,0.593,37.9572,30.0372,6.9069
6285.0,2.4781,25.3279,0.6015,36.1079,29.9613,6.926
6290.0,2.4452,24.281,0.6038,36.1696,30.2175,6.9742
6295.0,2.4291,23.8181,0.59,33.67,30.101,7.0152
6300.0,2.44,24.4664,0.6129,34.1606,29.9402,7.037
6305.0,2.4614,24.756,0.5854,34.8976,29.7108,7.0514
6310.0,2.4169,24.3906,0.5938,34.8315,30.002,7.1131
6315.0,2.4209,23.9264,0.6022,36.588,29.8704,7.1301
6320.0,2.3863,23.6288,0.5914,33.5419,29.9548,7.1669
6325.0,2.3881,24.0446,0.6094,33.3108,30.2499,7.1608
6330.0,2.3725,23.5254,0.5925,32.9484,30.5084,7.1578
6335.0,2.401,24.0006,0.5989,34.7974,30.1637,7.1142
6340.0,2.3752,23.8618,0.6008,33.1843,29.7282,7.1079
6345.0,2.3469,23.3627,0.5877,29.9864,30.0919,7.0906
6350.0,2.3419,22.5266,0.5934,31.4109,30.2288,7.0515
6355.0,2.345,23.0871,0.5928,31.9579,29.7261,7.0115
6360.0,2.3635,23.2598,0.589,33.574,29.7984,6.9593
6365.0,2.3842,23.9905,0.607,32.1458,29.7976,6.9152
6370.0,2.3348,22.9559,0.5723,30.4292,29.5715,6.9396
6375.0,2.3303,22.7761,0.5762,29.9768,29.9175,6.9319
6380.0,2.3177,22.552,0.5711,31.5422,29.7276,6.9451
6385.0,2.3225,22.451,0.6042,32.2115,29.879,6.9514
6390.0,2.3107,22.608,0.5748,30.5788,29.5804,6.9844
6395.0,2.3215,22.6147,0.599,30.2073,29.7297,7.001
6400.0,2.3267,23.4869,0.5748,31.1787,30.0609,7.0248
6405.0,2.3887,24.1762,0.6135,33.4659,29.8283,7.0093
6410.0,2.437,24.2033,0.6021,35.1913,30.3899,7.0013
6415.0,2.4427,25.1541,0.61,35.6057,29.8862,7.0303
6420.0,2.4357,25.145,0.5971,34.4086,30.0584,7.0569
6425.0,2.4286,24.3555,0.6123,35.0525,30.2374,7.0719
6430.0,2.4339,24.1469,0.6243,35.5526,29.6371,7.0694
6435.0,2.4327,24.6765,0.6085,33.8595,29.5248,7.0582
6440.0,2.4488,25.1502,0.6168,36.1385,29.5451,7.0234
6445.0,2.4562,24.8061,0.6035,34.1221,30.1949,6.9871
6450.0,2.4902,25.2591,0.6135,37.7083,29.6896,6.9337
6455.0,2.5295,26.4074,0.6167,39.3455,30.4153,6.8752
6460.0,2.5874,27.5128,0.6494,42.7927,29.5874,6.8126
6465.0,2.6044,27.4514,0.6245,42.6312,29.7359,6.7895
6470.0,2.6639,28.2079,0.6582,45.5529,30.0485,6.7456
6475.0,2.6876,29.1323,0.6284,44.8951,30.1516,6.7409
6480.0,2.7406,29.889,0.6614,50.4378,30.1673,6.7264
6485.0,2.7728,30.58,0.66,49.6117,29.9697,6.7376
6490.0,2.7958,30.5274,0.6687,49.3366,29.9512,6.7659
6495.0,2.7881,30.3647,0.6873,50.7491,29.8796,6.8228
6500.0,2.8098,31.4581,0.66,49.8457,29.9667,6.8592
6505.0,2.8227,31.3462,0.6748,52.1346,29.675,6.8984
6510.0,2.8666,31.9008,0.6881,54.005,29.6444,6.9109
6515.0,2.8791,32.2672,0.7005,55.8648,29.8756,6.9444
6520.0,2.8902,32.4906,0.6849,55.4081,29.8495,6.9676
6525.0,2.9235,33.7088,0.6995,56.3369,29.7804,6.9616
6530.0,2.9679,34.1371,0.6965,59.0681,30.0547,6.9397
6535.0,2.9575,34.2787,0.7293,59.249,30.0924,6.9504
6540.0,2.9864,34.2127,0.7167,60.435,29.8367,6.9161
6545.0,2.9963,34.0621,0.7087,60.8426,30.1364,6.8972
6550.0,3.0157,34.9274,0.7228,60.871,29.4295,6.8544
6555.0,3.0325,34.7381,0.7211,62.2775,29.6144,6.8253
6560.0,3.0408,35.1512,0.712,60.4733,29.436,6.8019
6565.0,3.0638,35.6935,0.7441,64.6053,29.1095,6.7693
6570.0,3.077,35.6944,0.7444,64.6837,29.5284,6.7658
6575.0,3.0821,36.1121,0.7406,64.5926,29.5054,6.7723
6580.0,3.1058,36.5807,0.7553,65.4148,29.9157,6.7789
6585.0,3.116,35.7805,0.7569,66.7201,29.7105,6.7971
6590.0,3.1416,36.8413,0.7716,68.0569,29.3241,6.8063
6595.0,3.1863,37.6197,0.794,70.6694,30.0797,6.8253
6600.0,3.201,37.9593,0.7722,71.6262,29.9619,6.8604
6605.0,3.1973,38.2105,0.7701,70.4193,29.8427,6.9125
6610.0,3.2102,38.2542,0.7717,69.9934,29.6765,6.9428
6615.0,3.2125,37.9577,0.792,69.9944,29.5206,6.9759
6620.0,3.2246,38.4138,0.813,72.0577,29.6829,6.9961
6625.0,3.2439,38.7418,0.7854,72.659,30.0496,7.0021
6630.0,3.2538,38.6935,0.8207,74.9153,30.2353,7.0024
6635.0,3.2642,39.1949,0.8116,75.1906,30.1229,6.9851
6640.0,3.2383,38.2551,0.8055,72.8803,29.5758,6.9859
6645.0,3.2353,38.7829,0.7752,72.3403,29.3705,6.9628
6650.0,3.2211,37.5454,0.7816,70.9027,29.6334,6.9563
6655.0,3.2036,37.6627,0.7897,69.9198,29.1039,6.934
6660.0,3.2249,38.2493,0.784,71.9545,29.5791,6.8905
6665.0,3.2167,38.1467,0.7778,72.6664,29.4224,6.8704
6670.0,3.2076,38.546,0.775,70.5419,29.3157,6.8622
6675.0,3.2085,38.0653,0.7775,71.5243,29.0204,6.8486
6680.0,3.2309,38.4825,0.7897,72.0144,29.549,6.8412
6685.0,3.208,38.1815,0.7851,69.2341,29.303,6.877
6690.0,3.2052,37.8004,0.7756,70.3347,29.1711,6.9028
6695.0,3.1943,37.8355,0.8048,70.5914,28.7816,6.9376
6700.0,3.2162,38.1379,0.7924,72.0156,29.5333,6.9661
6705.0,3.2339,38.6973,0.7932,72.5564,30.0239,6.9927
6710.0,3.2138,38.2703,0.7778,70.8952,30.0323,7.0466
6715.0,3.1933,37.8616,0.7877,69.9113,29.5301,7.0836
6720.0,3.1813,38.0711,0.7678,68.5891,29.5095,7.1107
6725.0,3.1882,38.118,0.7683,70.0741,29.7789,7.1133
6730.0,3.2178,38.5652,0.7988,70.4351,29.3991,7.0696
6735.0,3.1966,37.7357,0.7689,71.0945,29.6972,7.0825
6740.0,3.1943,37.8702,0.7592,69.6637,29.7745,7.0622
6745.0,3.1603,37.1684,0.768,68.2984,29.8422,7.0645
6750.0,3.1496,36.6522,0.7531,67.1486,29.4585,7.0299
6755.0,3.1402,37.1912,0.7404,66.4998,29.3807,6.9992
6760.0,3.1152,36.5772,0.7527,65.5089,29.1648,6.9841
6765.0,3.0912,36.5317,0.7544,66.1193,29.1389,6.9767
6770.0,3.106,36.1541,0.7421,66.2324,29.2622,6.9426
6775.0,3.1037,36.0217,0.7696,65.8711,29.3978,6.9364
6780.0,3.1081,36.0148,0.7297,64.5822,29.5363,6.9357
6785.0,3.1052,36.1451,0.7519,65.7053,29.1229,6.9431
6790.0,3.1066,36.4091,0.7381,66.9227,29.7247,6.9736
6795.0,3.0815,35.7912,0.7404,63.1501,29.3202,7.0172
6800.0,3.0639,35.247,0.7255,63.346,29.4236,7.0638
6805.0,3.069,35.5447,0.7605,64.7443,29.2832,7.084
6810.0,3.0365,35.0164,0.7315,60.8559,28.9004,7.1318
6815.0,3.0087,34.6071,0.7143,60.1283,29.7554,7.1844
6820.0,3.0006,34.9511,0.7515,61.4377,29.7347,7.1951
6825.0,2.9772,34.2935,0.7357,59.3087,29.4823,7.2051
6830.0,2.9439,33.4476,0.7038,58.2597,29.5568,7.2161
6835.0,2.9333,32.9849,0.7135,56.5031,29.6426,7.1957
6840.0,2.9005,32.5916,0.7066,55.2417,29.0847,7.1788
6845.0,2.8917,32.507,0.7135,55.6585,29.2962,7.1425
6850.0,2.8837,32.6407,0.6797,54.4377,29.5756,7.1034
6855.0,2.8801,32.3941,0.6819,54.5467,29.0121,7.0538
6860.0,2.8586,31.7702,0.6782,54.6488,29.3522,7.0327
6865.0,2.8445,31.9115,0.695,51.7766,28.9016,7.0049
6870.0,2.8312,31.2885,0.6719,51.6013,29.3311,6.9929
6875.0,2.8131,31.2565,0.6614,51.4228,29.1933,6.9903
6880.0,2.8054,31.2165,0.6632,51.6548,28.801,6.9882
6885.0,2.7957,31.1761,0.6719,51.0815,29.5124,7.0063
6890.0,2.7582,30.5192,0.6537,48.813,29.066,7.0478
6895.0,2.7386,29.8153,0.6653,49.6505,29.0842,7.0823
6900.0,2.6914,29.1185,0.6651,46.8088,29.3785,7.1421
6905.0,2.6925,28.4503,0.6478,45.699,29.6573,7.1597
6910.0,2.6188,28.1007,0.6434,42.8313,29.1533,7.2328
6915.0,2.6067,27.8607,0.6559,43.3322,29.4513,7.2471
6920.0,2.5688,26.9529,0.6187,40.2603,29.5599,7.2723
6925.0,2.5547,27.1403,0.622,40.4222,29.6288,7.2671
6930.0,2.5552,26.0509,0.6299,39.7677,29.4878,7.2403
6935.0,2.5644,27.1171,0.6268,39.2243,29.3262,7.1986
6940.0,2.5706,26.833,0.647,41.171,29.1735,7.1535
6945.0,2.531,25.8336,0.6011,38.7824,29.3558,7.141
6950.0,2.537,25.9017,0.6243,40.2884,29.0156,7.0892
6955.0,2.5213,25.9486,0.6117,39.3901,28.5027,7.0568
6960.0,2.4725,25.0175,0.5939,37.1655,29.2962,7.0514
6965.0,2.467,24.8855,0.6082,35.1684,29.3757,7.0176
6970.0,2.4729,25.1337,0.607,36.6779,28.5336,6.9877
6975.0,2.4702,24.9083,0.5817,36.353,28.8605,6.9724
6980.0,2.436,24.6117,0.5816,34.4366,29.271,6.9943
6985.0,2.412,23.9784,0.5782,33.8599,29.6479,7.017
6990.0,2.4062,24.1804,0.6048,33.3255,29.168,7.0377
6995.0,2.408,24.0044,0.5856,33.1481,29.0188,7.0567
7000.0,2.4407,24.6447,0.5979,35.4516,29.1976,7.0531
7005.0,2.4298,24.4932,0.6069,33.4258,29.6296,7.0867
7010.0,2.4379,23.9213,0.5897,34.2772,29.1624,7.1076
7015.0,2.4314,23.9783,0.5912,34.1722,29.1536,7.1317
7020.0,2.4193,24.058,0.6194,35.0968,29.2504,7.1509
7025.0,2.4112,23.6568,0.595,33.913,29.1365,7.1571
7030.0,2.3858,23.5928,0.5907,31.3681,29.3947,7.1635
7035.0,2.3634,23.5622,0.5887,32.0636,29.7454,7.1548
7040.0,2.3828,22.9475,0.5991,33.5989,29.3834,7.108
7045.0,2.3992,24.0738,0.6054,34.3255,29.1943,7.0576
7050.0,2.4122,24.1418,0.5821,34.556,29.1348,7.0087
7055.0,2.3987,23.9495,0.6044,33.8011,28.7673,6.9855
7060.0,2.4034,24.0735,0.602,33.8439,29.3338,6.9447
7065.0,2.4199,24.0469,0.5988,35.1122,29.0572,6.9075
7070.0,2.4655,24.6991,0.5969,36.441,29.0071,6.8567
7075.0,2.4592,24.7295,0.6062,35.4558,29.8401,6.8574
7080.0,2.4837,24.7264,0.5954,36.6864,29.1208,6.852
7085.0,2.4807,25.4357,0.6241,36.2705,28.8765,6.8772
7090.0,2.4776,25.3554,0.6159,36.5438,28.9882,6.9094
7095.0,2.5132,25.8091,0.6363,38.7971,29.4208,6.9157
7100.0,2.5562,26.7642,0.6345,40.2023,29.2056,6.9234
7105.0,2.608,27.797,0.6349,43.8352,28.8613,6.9265
7110.0,2.6435,28.1345,0.6335,43.4046,29.4898,6.9421
7115.0,2.6312,27.4691,0.6333,43.2875,29.1235,6.9893
7120.0,2.6405,28.1565,0.6606,44.9708,29.7776,7.0101
7125.0,2.6612,28.1056,0.6514,43.2164,29.5841,7.01
7130.0,2.6524,27.8791,0.6398,44.1763,29.1924,7.0214
7135.0,2.6971,29.0572,0.6516,46.0146,29.6008,6.9813
7140.0,2.698,28.882,0.651,45.2495,29.2619,6.9662
7145.0,2.7057,29.138,0.6452,45.5379,29.414,6.9409
7150.0,2.7085,28.9488,0.6729,47.4522,29.2734,6.9148
7155.0,2.7369,30.0802,0.6522,47.4547,28.8921,6.8672
7160.0,2.745,29.4064,0.6517,48.1844,28.8988,6.8415
7165.0,2.7677,30.4303,0.6622,49.4813,29.2819,6.8132
7170.0,2.7742,30.6939,0.6594,49.2848,28.9174,6.8027
7175.0,2.7886,30.5555,0.6713,51.0583,28.8909,6.798
7180.0,2.8456,31.4183,0.6903,52.9964,28.7584,6.7692
7185.0,2.8826,32.546,0.6892,55.5925,29.1226,6.7734
7190.0,2.9166,33.4418,0.7123,57.2146,29.5637,6.7918
7195.0,2.9109,32.7762,0.706,56.3495,28.8212,6.8373
7200.0,2.9404,33.5435,0.7063,58.2285,29.1388,6.8667
7205.0,2.9633,33.8578,0.717,57.3658,29.5305,6.9022
7210.0,2.969,33.5412,0.7142,57.6815,29.1978,6.9399
7215.0,2.9678,33.6986,0.7228,59.9349,29.3625,6.9817
7220.0,2.9595,33.9325,0.7181,59.2042,29.0036,7.0127
7225.0,2.9615,33.6412,0.7134,57.8322,29.3822,7.031
7230.0,2.9644,34.1076,0.6951,57.291,29.2197,7.03
7235.0,2.9704,33.8506,0.7246,59.1262,29.4903,7.0203
7240.0,2.9571,33.6994,0.7289,59.005,29.5063,7.0144
7245.0,2.9674,33.7322,0.697,58.4584,29.8138,6.9842
7250.0,2.9723,34.4674,0.7225,58.9979,29.2639,6.9451
7255.0,2.9503,34.234,0.7067,57.6155,29.153,6.9344
7260.0,2.9348,33.7601,0.7049,56.517,29.0773,6.9204
7265.0,2.9406,33.2484,0.706,56.9405,28.9063,6.892
7270.0,2.9346,33.3662,0.7002,55.303,29.057,6.886
7275.0,2.9604,34.1556,0.7051,57.6108,28.8903,6.8594
7280.0,2.9577,33.5248,0.7113,58.5424,29.0128,6.8728
7285.0,2.955,33.1018,0.72,59.7296,29.3207,6.8986
7290.0,2.918,33.4617,0.6878,54.9889,28.7722,6.951
7295.0,2.912,32.2892,0.7048,56.2934,29.35,6.9928
7300.0,2.8938,32.4674,0.7227,56.729,29.4401,7.0405
7305.0,2.8696,32.45,0.7086,54.2786,29.1271,7.0875
7310.0,2.8732,31.9487,0.702,55.6587,28.6675,7.105
7315.0,2.8783,32.5208,0.6986,52.5803,29.0788,7.123
7320.0,2.875,32.0364,0.689,51.5407,29.576,7.1405
7325.0,2.8738,32.1364,0.7119,54.1358,29.2531,7.1388
7330.0,2.8676,32.8211,0.7149,54.6506,29.0014,7.1314
7335.0,2.8393,31.4227,0.7104,53.7117,29.1036,7.1353
7340.0,2.8297,31.2213,0.682,52.5599,29.4066,7.1147
7345.0,2.8397,31.3322,0.6749,51.5489,29.2913,7.0679
7350.0,2.8325,31.4717,0.7047,53.2647,29.0485,7.0325
7355.0,2.8142,30.9065,0.6796,50.1257,28.9702,7.0085
7360.0,2.7895,30.5987,0.6881,51.8822,28.9222,6.9927
7365.0,2.7993,31.1633,0.6756,51.2457,28.7565,6.953
7370.0,2.7775,30.3972,0.6932,50.803,29.3699,6.9541
7375.0,2.7592,30.1052,0.6549,48.1454,28.8784,6.955
7380.0,2.7685,29.9417,0.6583,49.6137,29.2709,6.9486
7385.0,2.788,30.93,0.6805,50.9489,29.3686,6.9438
7390.0,2.7421,30.5641,0.6549,47.9567,29.2714,7.0008
7395.0,2.7381,29.292,0.6619,48.6412,28.9562,7.0273
7400.0,2.7308,29.4708,0.6448,46.3842,29.2119,7.0616
7405.0,2.7293,29.5754,0.661,48.5958,29.1519,7.0894
7410.0,2.7101,28.8902,0.6741,48.1806,28.9744,7.1281
7415.0,2.6954,29.0994,0.6406,45.5156,29.3153,7.1574
7420.0,2.6982,29.2951,0.6618,47.4449,28.9615,7.1609
7425.0,2.6918,29.0455,0.6735,45.7209,29.5613,7.1645
7430.0,2.6734,29.0084,0.6706,47.182,29.1417,7.1649
7435.0,2.6608,28.0701,0.6532,44.788,29.2877,7.1509
7440.0,2.6758,28.4707,0.6523,45.5377,29.2759,7.1057
7445.0,2.6585,28.826,0.6547,44.8407,29.0995,7.0815
7450.0,2.6485,28.2228,0.6377,44.6563,29.2656,7.0491
7455.0,2.6328,28.1859,0.6371,44.2852,28.9549,7.0206
7460.0,2.6122,28.1836,0.6216,42.7252,29.2507,6.9997
7465.0,2.6087,28.0458,0.6352,41.6506,28.6644,6.9705
7470.0,2.5784,26.7298,0.6302,40.0052,29.0123,6.9723
7475.0,2.5743,27.0288,0.6342,41.4317,29.4594,6.9621
7480.0,2.5566,26.7481,0.621,40.022,28.7332,6.9744
7485.0,2.5403,26.3292,0.6104,39.3297,28.8365,6.995
7490.0,2.5106,26.126,0.6106,37.1256,29.169,7.0337
7495.0,2.4788,25.0489,0.6067,36.7775,29.1286,7.0798
7500.0,2.5042,25.7575,0.6044,37.4132,29.2192,7.0808
7505.0,2.5153,25.714,0.6348,38.8073,29.3017,7.0956
7510.0,2.5138,25.5301,0.6082,36.3893,29.3815,7.1194
7515.0,2.5614,26.5097,0.6195,39.807,29.535,7.0989
7520.0,2.5679,26.6587,0.6085,41.6791,29.3829,7.1065
7525.0,2.5976,27.2081,0.623,42.1362,29.2292,7.0872
7530.0,2.5918,27.1347,0.6404,41.8249,29.452,7.087
7535.0,2.5983,27.5527,0.6243,40.3381,29.7393,7.067
7540.0,2.6204,27.8425,0.6354,41.9722,29.1998,7.0268
7545.0,2.6444,28.6822,0.6533,45.4678,28.9493,6.9801
7550.0,2.6433,28.2088,0.6197,44.5969,29.4253,6.9525
7555.0,2.6662,28.45,0.6472,45.1199,29.074,6.9056
7560.0,2.7055,28.6927,0.65,46.3763,28.521,6.8493
7565.0,2.7374,29.6451,0.6477,48.3863,29.2449,6.8129
7570.0,2.7748,30.4037,0.6659,50.4792,28.8799,6.7783
7575.0,2.8131,31.2169,0.6707,51.4809,28.9858,6.7577
7580.0,2.8175,31.3214,0.6851,53.0842,29.1009,6.7768
7585.0,2.843,31.8816,0.6746,52.6759,29.0889,6.788
7590.0,2.8688,32.2115,0.6799,52.6968,29.254,6.8087
7595.0,2.9005,32.3859,0.6902,55.2367,29.0118,6.8276
7600.0,2.9337,33.0109,0.7051,57.93,29.2975,6.8541
7605.0,2.9505,33.2855,0.7179,58.7108,29.153,6.8901
7610.0,2.9525,33.4721,0.7118,57.5249,29.4467,6.9392
7615.0,2.9672,33.8061,0.7072,59.2588,29.4513,6.9665
7620.0,2.9581,33.6457,0.7204,57.3713,29.0873,6.9994
7625.0,2.9924,34.4307,0.6974,59.2919,29.6024,6.9943
7630.0,2.971,33.5771,0.7452,59.9731,29.1919,7.0141
7635.0,2.9808,33.6443,0.7131,59.3728,29.5091,7.0043
7640.0,2.9716,33.9693,0.7356,60.2549,29.3682,6.9951
7645.0,2.9721,33.7837,0.7199,59.2073,29.6966,6.9757
7650.0,2.959,33.5689,0.7094,58.1779,29.1373,6.9527
7655.0,2.9509,33.1002,0.7152,58.6247,29.0621,6.9303
7660.0,2.9397,33.5917,0.7085,57.6314,29.1053,6.9142
7665.0,2.9108,32.2416,0.7103,56.7062,29.0038,6.9164
7670.0,2.9077,33.2631,0.6886,56.3982,29.2609,6.907
7675.0,2.9145,32.6718,0.6928,55.7965,28.6521,6.8893
7680.0,2.9129,33.0064,0.702,56.6842,28.8028,6.8986
7685.0,2.9264,32.7645,0.6892,57.5774,28.8232,6.9041
7690.0,2.9463,33.3099,0.6992,59.1717,29.3636,6.9196
7695.0,2.9434,33.4097,0.7067,57.9248,29.5983,6.9579
7700.0,2.9197,32.3919,0.7024,56.8124,29.1936,7.0092
7705.0,2.91,32.8477,0.7042,55.9505,29.2266,7.0513
7710.0,2.9151,32.6737,0.6991,56.646,29.3309,7.077
7715.0,2.9228,32.911,0.7044,57.4883,29.6399,7.0959
7720.0,2.9242,33.1582,0.7009,56.7237,29.1417,7.1036
7725.0,2.9107,32.89,0.7025,54.9704,29.4433,7.122
7730.0,2.9193,32.9139,0.6962,55.4676,29.623,7.109
7735.0,2.9134,32.6311,0.7154,58.0475,29.486,7.0948
7740.0,2.8468,31.9951,0.6946,53.0495,29.3778,7.1221
7745.0,2.8629,31.8918,0.7143,53.9495,29.5418,7.0732
7750.0,2.8194,31.0991,0.6697,49.9541,28.5722,7.0612
7755.0,2.8231,31.3825,0.7049,51.851,29.3741,7.0228
7760.0,2.8217,31.0267,0.7034,53.1939,29.0022,6.9834
7765.0,2.8081,30.6032,0.6926,52.3814,28.6778,6.9621
7770.0,2.7844,30.8786,0.6597,49.9945,29.2449,6.9642
7775.0,2.7449,29.9273,0.6567,47.2845,29.4561,6.9847
7780.0,2.7456,30.2077,0.6571,49.0013,29.0886,6.9781
7785.0,2.763,30.6066,0.6784,50.7099,29.3854,6.9722
7790.0,2.7586,30.028,0.6754,49.6703,29.5864,6.9942
7795.0,2.7498,29.6844,0.648,48.6901,29.5569,7.0255
7800.0,2.7892,31.1268,0.6732,49.4864,29.6875,7.0227
7805.0,2.7563,30.1609,0.6567,47.854,29.5123,7.0782
7810.0,2.7463,30.3878,0.6789,48.4441,29.3904,7.1116
7815.0,2.7238,29.5735,0.6689,48.1165,29.0073,7.1464
7820.0,2.7185,30.0001,0.6643,47.3189,29.3705,7.1602
7825.0,2.705,29.1871,0.6669,46.7626,29.2315,7.1679
7830.0,2.7135,29.3886,0.6578,47.8979,29.9807,7.1497
7835.0,2.6591,27.8464,0.6598,44.2366,29.3757,7.1681
7840.0,2.6746,28.7009,0.6451,45.4172,29.4202,7.1215
7845.0,2.6444,27.6999,0.6225,43.6494,29.4884,7.1059
7850.0,2.6332,28.0896,0.6323,43.2399,29.3181,7.0712
7855.0,2.5613,26.6979,0.6235,40.9942,29.6875,7.0841
7860.0,2.5699,26.4181,0.6101,39.4359,29.0692,7.034
7865.0,2.5676,26.7767,0.6273,40.2988,29.2433,6.9987
7870.0,2.5567,26.5326,0.6332,41.6908,28.9907,6.9815
7875.0,2.5416,26.2756,0.6214,39.3548,28.8419,6.9788
7880.0,2.5093,26.0041,0.5997,36.5954,29.0292,7.0001
7885.0,2.5285,25.8473,0.6092,38.6187,29.1971,6.9891
7890.0,2.4975,25.7618,0.6103,37.6041,29.1351,7.0294
7895.0,2.4951,24.9383,0.6145,37.5451,29.114,7.0524
7900.0,2.4944,25.4606,0.6008,37.4255,28.9847,7.0779
7905.0,2.4926,25.3838,0.6272,38.4357,29.3647,7.103
7910.0,2.4857,25.7098,0.6115,35.9621,29.054,7.1321
7915.0,2.4697,25.175,0.6129,35.589,29.6562,7.1581
7920.0,2.5109,26.1218,0.6259,38.7658,29.5109,7.1328
7925.0,2.5277,26.4528,0.6244,37.623,29.136,7.1204
7930.0,2.5409,26.0397,0.6467,39.8548,29.4185,7.1007
7935.0,2.5611,26.827,0.6248,40.5405,29.2892,7.0681
7940.0,2.5654,27.0973,0.6238,39.0453,29.5266,7.0406
7945.0,2.5884,27.3915,0.6193,41.1764,29.7428,6.9936
7950.0,2.6351,28.6122,0.6291,43.9295,28.8952,6.927
7955.0,2.6708,28.0115,0.6472,45.5059,29.3491,6.8734
7960.0,2.6882,29.312,0.6273,45.1643,29.2411,6.8395
7965.0,2.6774,29.2544,0.6226,45.0141,29.4184,6.8355
7970.0,2.6744,28.8346,0.6506,44.9058,29.2852,6.8322
7975.0,2.6973,28.8876,0.6286,45.9564,29.0391,6.8174
7980.0,2.725,29.4836,0.646,46.5854,29.1572,6.8114
7985.0,2.7481,29.8337,0.6568,49.962,29.0618,6.8195
7990.0,2.7929,31.3529,0.6686,50.1614,29.5654,6.8239
7995.0,2.8074,31.4402,0.6721,50.9731,29.346,6.8555
8000.0,2.8029,30.9399,0.6872,51.4989,29.8647,6.91
8005.0,2.7799,30.8703,0.666,49.8319,29.423,6.9709
8010.0,2.7726,30.7065,0.6503,49.5551,29.3052,7.015
8015.0,2.7835,30.5377,0.6642,49.7261,29.1394,7.0358
8020.0,2.7978,31.0371,0.6673,49.9499,29.0906,7.0453
8025.0,2.7939,30.7483,0.6611,49.5282,29.155,7.0601
8030.0,2.8098,30.7202,0.688,50.2954,29.6127,7.0499
8035.0,2.8033,31.4282,0.6757,50.381,29.6539,7.0447
8040.0,2.8116,31.1279,0.6731,51.6352,29.1004,7.0148
8045.0,2.8573,31.7908,0.6757,52.1269,29.6797,6.9569
8050.0,2.8764,32.4194,0.6743,54.3829,29.2909,6.9122
8055.0,2.8636,32.6375,0.6952,53.9378,29.4041,6.8992
8060.0,2.8788,32.0507,0.6997,54.8068,29.7306,6.868
8065.0,2.8556,31.7702,0.6699,53.2834,29.5205,6.8688
8070.0,2.8638,32.2169,0.6891,54.399,29.2097,6.8506
8075.0,2.8653,32.2789,0.6895,55.7534,29.0485,6.8489
8080.0,2.8555,31.6572,0.6942,54.2105,28.7425,6.8659
8085.0,2.8548,32.3136,0.7115,53.5809,29.1238,6.8905
8090.0,2.859,32.0723,0.6879,53.7812,29.2857,6.9168
8095.0,2.8671,32.0369,0.7032,55.2224,29.1351,6.943
8100.0,2.8971,32.6322,0.7118,55.7837,29.3971,6.9583
8105.0,2.9011,32.4623,0.7008,56.0923,29.497,6.9947
8110.0,2.9066,32.7586,0.6982,55.7344,29.4649,7.0254
8115.0,2.905,32.6754,0.6867,56.3916,29.3933,7.0546
8120.0,2.9079,32.8192,0.7088,56.0721,29.6207,7.0735
8125.0,2.9514,33.9376,0.7134,57.2604,29.6977,7.047
8130.0,2.9592,33.5262,0.715,57.7554,29.3086,7.0364
8135.0,2.9977,34.7291,0.7283,61.1599,29.9138,7.0026
8140.0,2.9983,34.2508,0.7038,59.4558,29.5045,6.9813
8145.0,3.0353,35.4322,0.7515,62.5113,29.4932,6.9283
8150.0,3.0397,34.8348,0.7344,61.8176,29.6202,6.9035
8155.0,3.0641,35.8372,0.7361,64.1922,29.4562,6.8576
8160.0,3.0755,35.5074,0.7636,65.2303,29.5953,6.8316
8165.0,3.0632,35.315,0.7384,63.7499,29.3965,6.8278
8170.0,3.0882,36.1289,0.7653,64.7495,29.1512,6.7975
8175.0,3.1074,36.3069,0.7471,65.8154,29.3881,6.7909
8180.0,3.0953,36.1734,0.7439,65.3767,29.0199,6.8139
8185.0,3.086,36.1001,0.751,64.431,29.3549,6.8551
8190.0,3.0794,35.8439,0.752,64.2085,29.3533,6.8941
8195.0,3.0936,36.4716,0.7371,65.1193,29.3519,6.9185
8200.0,3.1338,36.6468,0.7474,67.8713,29.4186,6.9233
8205.0,3.1228,36.5143,0.7397,66.9345,29.0271,6.9692
8210.0,3.127,36.3342,0.7805,66.7661,29.4025,7.0108
8215.0,3.1211,36.3825,0.7859,68.4215,29.5963,7.0502
8220.0,3.1083,35.7932,0.771,67.0167,29.6346,7.0824
8225.0,3.1047,36.3696,0.7533,64.1679,29.3452,7.0885
8230.0,3.1251,36.3428,0.7524,66.3924,29.9113,7.0754
8235.0,3.1078,35.6313,0.7544,65.3768,29.357,7.0682
8240.0,3.1056,36.574,0.7564,65.8608,29.7827,7.0543
8245.0,3.0913,36.384,0.734,64.3879,29.6052,7.0342
8250.0,3.1111,36.5605,0.7469,66.6854,29.2902,6.9765
8255.0,3.1103,36.4182,0.7619,66.4971,29.849,6.9543
8260.0,3.0808,35.7248,0.7281,63.69,29.0646,6.9391
8265.0,3.126,36.397,0.7528,67.6257,29.5592,6.8822
8270.0,3.1289,36.6117,0.7547,68.1714,29.5577,6.867
8275.0,3.112,36.4128,0.7652,66.9889,29.132,6.8743
8280.0,3.1062,36.3148,0.7506,66.1711,29.6544,6.8975
8285.0,3.082,35.7637,0.7317,63.7437,29.2644,6.9303
8290.0,3.0875,36.1777,0.7594,64.5351,29.4314,6.9519
8295.0,3.0821,36.1522,0.7561,63.9762,29.4653,6.987
8300.0,3.058,35.9957,0.741,64.4875,29.412,7.0402
8305.0,3.0399,35.0822,0.7257,61.4531,29.6936,7.0904
8310.0,3.0345,34.9773,0.7461,62.5293,29.7299,7.1199
8315.0,3.0306,35.0097,0.7249,61.6447,29.1264,7.132
8320.0,3.0351,35.2816,0.7304,61.7477,29.9096,7.1481
8325.0,2.9929,35.0997,0.7031,60.0408,29.1739,7.1741
8330.0,2.971,34.2565,0.7242,58.7742,29.8388,7.187
8335.0,2.965,33.7492,0.7156,58.4062,29.8395,7.1656
8340.0,2.9568,33.7225,0.7324,57.8504,29.2503,7.1306
8345.0,2.9295,33.2482,0.7208,56.1308,29.3768,7.115
8350.0,2.9295,33.6721,0.7201,57.3713,29.1549,7.0683
8355.0,2.8854,32.5504,0.6694,54.7036,29.3294,7.0639
8360.0,2.8667,32.196,0.6839,53.9638,29.2623,7.037
8365.0,2.8657,32.0664,0.6742,53.2559,29.499,7.0036
8370.0,2.8426,31.7896,0.6831,52.9744,29.6082,6.9967
8375.0,2.8083,30.4975,0.6799,51.797,29.62,7.008
8380.0,2.7609,30.5331,0.659,50.1476,29.1355,7.0358
8385.0,2.7527,29.9103,0.6577,49.6728,29.2426,7.0434
8390.0,2.7442,29.8741,0.6721,48.805,28.9048,7.0576
8395.0,2.7074,28.9289,0.6461,45.4555,29.1634,7.105
8400.0,2.6897,28.8769,0.6608,47.2019,29.6497,7.1389
8405.0,2.6714,28.6706,0.6615,45.4218,29.856,7.171
8410.0,2.6428,28.1218,0.6455,42.5359,29.1825,7.2066
8415.0,2.6311,27.769,0.6563,45.4694,29.3731,7.2228
8420.0,2.6188,27.9047,0.6571,43.4551,29.5329,7.2307
8425.0,2.5792,27.1291,0.6148,40.9007,29.6137,7.2505
8430.0,2.5723,27.3271,0.6401,41.4053,29.3307,7.2327
8435.0,2.56,27.0209,0.6293,40.8748,29.6145,7.2086
8440.0,2.5388,26.2207,0.6225,39.6153,29.3534,7.1851
8445.0,2.5391,26.4505,0.6373,40.7053,29.4229,7.1377
8450.0,2.5032,25.555,0.6217,37.7935,29.5131,7.1174
8455.0,2.4864,24.8919,0.6004,37.1994,29.3281,7.0824
8460.0,2.451,25.2344,0.6124,36.511,29.1717,7.066
8465.0,2.4252,24.3581,0.6016,34.4228,29.2163,7.0466
8470.0,2.4122,23.9891,0.6121,32.9096,29.1963,7.0254
8475.0,2.4043,24.3261,0.5804,32.587,29.1144,7.0117
8480.0,2.3656,23.1624,0.5883,32.1521,29.1454,7.0345
8485.0,2.335,23.2004,0.5905,31.6708,29.6267,7.0565
8490.0,2.346,23.2501,0.5845,31.2909,29.3961,7.0576
8495.0,2.3674,23.6342,0.5858,33.6117,29.2193,7.058
8500.0,2.3823,23.4718,0.5805,32.8888,29.5091,7.067
8505.0,2.3725,23.6464,0.5985,33.4077,29.2931,7.1026
8510.0,2.3567,23.5796,0.5876,31.8757,29.7068,7.1351
8515.0,2.3517,22.9828,0.5725,31.79,29.5342,7.1566
8520.0,2.3443,23.2882,0.5932,31.481,29.4312,7.1704
8525.0,2.3821,23.3955,0.5948,32.5024,29.5722,7.1346
8530.0,2.4086,24.0198,0.5851,32.2162,29.055,7.1059
8535.0,2.4415,24.6362,0.5919,34.4482,29.1394,7.0607
8540.0,2.4796,25.1175,0.6249,37.059,29.084,7.0073
8545.0,2.4819,25.1519,0.6039,36.3891,29.3709,6.9782
8550.0,2.5002,25.9037,0.5928,36.7916,29.7163,6.9345
8555.0,2.4999,26.4269,0.6088,37.4472,29.7889,6.9074
8560.0,2.5287,26.0964,0.6242,39.7647,29.3429,6.863
8565.0,2.5695,26.8836,0.6169,41.4368,29.2695,6.8161
8570.0,2.587,27.5721,0.6258,42.1433,28.6666,6.7984
8575.0,2.5703,27.3159,0.6272,40.7054,28.9677,6.8184
8580.0,2.5743,27.1895,0.6008,40.6716,28.9075,6.8313
8585.0,2.6122,27.3613,0.627,42.7942,28.9642,6.8269
8590.0,2.6154,27.2767,0.6338,42.4491,29.1041,6.8595
8595.0,2.6362,28.1023,0.6229,44.6549,29.0633,6.8846
8600.0,2.6003,27.6919,0.6369,41.4999,28.7262,6.957
8605.0,2.6317,28.2961,0.645,43.8869,29.4476,6.9737
8610.0,2.6334,27.1332,0.6455,43.2324,29.0273,7.0096
8615.0,2.6184,27.5401,0.6325,41.6604,29.3815,7.0523
8620.0,2.6558,28.0907,0.6495,45.433,29.8544,7.0437
8625.0,2.6559,28.204,0.642,45.4013,29.1062,7.0537
8630.0,2.6354,27.9164,0.6419,42.6016,28.6888,7.0698
8635.0,2.6402,27.2148,0.6382,44.3267,29.2211,7.0542
8640.0,2.6538,28.698,0.6402,44.605,29.5271,7.0225
8645.0,2.6775,28.9868,0.6391,43.5869,29.692,6.9777
8650.0,2.6933,28.9554,0.6402,45.3171,28.8409,6.9348
8655.0,2.7388,29.872,0.6615,50.1538,29.2183,6.8738
8660.0,2.7403,29.7664,0.6504,47.7562,28.928,6.8507
8665.0,2.7575,30.111,0.6404,48.7216,28.9766,6.8238
8670.0,2.7985,30.8652,0.674,51.8814,29.6346,6.7914
8675.0,2.8347,31.9187,0.6816,52.8702,28.5822,6.7628
8680.0,2.8573,31.6762,0.6779,52.9456,29.0203,6.7692
8685.0,2.8982,32.5898,0.7067,56.4533,29.0866,6.7688
8690.0,2.8949,32.5873,0.7081,56.2313,29.2657,6.8149
8695.0,2.9114,32.9629,0.7114,56.8338,29.0518,6.846
8700.0,2.9377,33.2208,0.7207,58.2716,29.1419,6.8743
8705.0,2.9221,33.6031,0.6928,56.932,29.0044,6.9346
8710.0,2.9268,33.827,0.7134,56.9292,29.2023,6.9761
8715.0,2.9115,32.9361,0.6986,57.3383,29.0733,7.0222
8720.0,2.9085,32.6891,0.7,55.7147,29.3265,7.0506
8725.0,2.886,32.4127,0.687,56.5388,29.0767,7.078
8730.0,2.8904,32.4036,0.7033,54.0331,29.2465,7.0738
8735.0,2.8925,32.4819,0.6955,56.2341,29.114,7.0577
8740.0,2.8684,31.9549,0.6856,54.2474,29.36,7.0578
8745.0,2.8709,32.342,0.6985,53.8623,29.014,7.0226
8750.0,2.8597,31.7653,0.6847,53.5694,28.5274,6.9941
8755.0,2.8367,31.4425,0.6663,51.783,29.2297,6.9853
8760.0,2.8148,31.7908,0.683,52.6604,28.6359,6.9664
8765.0,2.8125,30.9088,0.6735,51.383,28.6555,6.9411
8770.0,2.8274,31.4016,0.658,51.7183,28.6383,6.9101
8775.0,2.8406,31.6621,0.6984,53.3387,29.1131,6.8966
8780.0,2.8506,31.8916,0.6878,54.139,28.2323,6.8863
8785.0,2.8553,31.941,0.6765,54.4104,29.5614,6.9115
8790.0,2.8228,30.5901,0.6769,52.1136,29.0634,6.9596
8795.0,2.7878,30.8625,0.6479,49.3748,28.8861,7.0163
8800.0,2.7647,31.0239,0.6693,49.3674,28.8519,7.0646
8805.0,2.7792,29.9604,0.6741,50.5404,28.9723,7.0804
8810.0,2.8074,30.927,0.6861,52.4638,29.0619,7.0826
8815.0,2.7909,30.1616,0.6787,50.5569,29.1148,7.1172
8820.0,2.7999,30.9623,0.6621,51.0024,29.1023,7.1216
8825.0,2.7978,30.9324,0.6616,49.7323,28.9816,7.1245
8830.0,2.7588,30.2626,0.6526,48.2836,28.891,7.1472
8835.0,2.7801,30.6347,0.654,49.3351,28.8695,7.1084
8840.0,2.7783,31.0477,0.7007,51.0211,28.8136,7.0809
8845.0,2.7716,30.0971,0.6945,50.4764,29.092,7.0539
8850.0,2.7461,29.7842,0.669,48.3244,28.8986,7.0363
8855.0,2.7153,29.2788,0.6559,47.0426,27.9566,7.0189
8860.0,2.6979,29.0439,0.6525,46.317,28.8017,6.9995
8865.0,2.6965,29.3794,0.642,46.2423,28.6409,6.9686
8870.0,2.6899,28.9767,0.6304,46.5777,28.5538,6.9514
8875.0,2.6846,28.54,0.6498,45.1904,28.4414,6.9441
8880.0,2.6849,28.9791,0.6377,45.6107,28.8143,6.9451
8885.0,2.6453,27.9422,0.6394,43.801,28.7787,6.9876
8890.0,2.6326,28.2187,0.6511,43.3475,28.369,7.0145
8895.0,2.6178,27.6952,0.6353,43.0844,28.6929,7.0493
8900.0,2.6116,27.6106,0.6707,42.91,28.3815,7.0791
8905.0,2.5845,27.1378,0.6342,40.9629,28.3127,7.1266
8910.0,2.5367,26.3618,0.6289,40.1151,28.5296,7.1859
8915.0,2.4979,26.1124,0.6066,37.9963,28.9217,7.2268
8920.0,2.4863,25.5115,0.6043,35.5207,28.9523,7.2348
8925.0,2.4403,24.3595,0.6044,35.1755,28.8361,7.2617
8930.0,2.4312,24.2329,0.5924,33.9258,28.8681,7.2441
8935.0,2.4206,24.3007,0.6037,32.0952,28.7809,7.2185
8940.0,2.3908,23.494,0.6014,34.05,28.4445,7.2036
8945.0,2.4067,24.061,0.5964,33.8652,28.6571,7.139
8950.0,2.3511,23.2134,0.6076,32.2396,28.6889,7.136
8955.0,2.3345,22.6175,0.5914,32.3919,28.6169,7.0996
8960.0,2.3057,22.5772,0.5823,28.772,28.6695,7.0755
8965.0,2.2811,21.7281,0.5767,27.8408,28.5019,7.0567
8970.0,2.2873,22.0944,0.5607,29.5622,28.377,7.0194
8975.0,2.2675,21.5277,0.5763,29.9297,28.5349,7.0143
8980.0,2.2858,22.4936,0.5748,28.7333,28.2535,6.993
8985.0,2.2788,21.8835,0.5676,29.1208,28.0463,7.0061
8990.0,2.2694,21.3544,0.5913,29.2874,28.2445,7.0267
8995.0,2.2834,21.816,0.5489,28.4841,28.126,7.0373
9000.0,2.2893,21.8316,0.5715,29.4646,28.1749,7.0581
9005.0,2.2827,21.4901,0.577,30.1066,28.3389,7.0901
9010.0,2.3113,22.086,0.5958,30.6144,28.2036,7.0914
9015.0,2.2962,21.4718,0.5735,29.8413,28.3427,7.1236
9020.0,2.3034,22.7679,0.5672,29.1579,27.9523,7.1332
9025.0,2.3055,22.1843,0.5552,28.8922,28.471,7.1262
9030.0,2.3117,22.325,0.5964,29.9297,28.3952,7.1126
9035.0,2.3298,22.3791,0.5881,31.0314,28.1538,7.0808
9040.0,2.3228,22.7016,0.5788,32.1417,28.4741,7.0577
9045.0,2.3466,22.6102,0.6052,32.385,28.4862,7.0057
9050.0,2.3296,23.0393,0.5793,30.8806,27.7877,6.994
9055.0,2.3027,22.2814,0.5731,31.2367,27.9367,6.9817
9060.0,2.2661,21.3863,0.5574,27.9741,27.8774,6.9816
9065.0,2.2961,21.978,0.5345,29.6955,27.7855,6.9267
9070.0,2.2967,21.593,0.567,29.4591,28.1904,6.9037
9075.0,2.2937,22.242,0.5676,28.8835,27.911,6.9035
9080.0,2.305,22.5353,0.5577,29.1131,27.8844,6.8993
9085.0,2.3525,22.3198,0.5815,31.6229,27.4545,6.8792
9090.0,2.3937,24.0973,0.5767,33.5631,28.1311,6.868
9095.0,2.4345,24.194,0.5966,34.5283,27.6878,6.8765
9100.0,2.4367,24.8956,0.5829,36.0743,28.0423,6.918
9105.0,2.4695,25.1171,0.625,37.4626,28.1264,6.9358
9110.0,2.4888,25.4296,0.6257,37.555,28.4223,6.9612
9115.0,2.5077,25.6585,0.6128,36.8031,27.7713,6.9849
9120.0,2.5893,27.3186,0.6242,41.3225,27.3481,6.9461
9125.0,2.6523,28.8787,0.6311,44.7401,28.1393,6.9164
9130.0,2.6976,28.7566,0.6502,46.4662,28.5191,6.8963
9135.0,2.7049,29.3582,0.6337,47.2664,28.3403,6.897
9140.0,2.7489,29.988,0.6607,48.8106,28.0326,6.8581
9145.0,2.7508,30.0462,0.6803,47.9833,27.7983,6.8472
9150.0,2.7641,30.2982,0.6769,48.9532,28.0593,6.8255
9155.0,2.7357,30.0841,0.6644,48.3602,27.5504,6.8322
9160.0,2.7705,30.2553,0.6861,50.2177,27.8536,6.7916
9165.0,2.7815,30.5136,0.6681,50.9882,27.8102,6.7749
9170.0,2.785,30.3204,0.668,50.4003,27.91,6.7741
9175.0,2.844,32.1114,0.6758,53.8429,28.3099,6.7394
9180.0,2.8768,32.5795,0.672,54.0425,27.7078,6.73
9185.0,2.939,33.5642,0.7055,57.9935,27.486,6.7101
9190.0,3.0091,34.902,0.7235,61.2856,27.6222,6.6984
9195.0,3.0225,34.708,0.7224,61.924,27.2102,6.7379
9200.0,3.0677,35.2352,0.7579,64.9228,27.5072,6.7629
9205.0,3.1012,37.004,0.7577,64.8827,27.6069,6.7952
9210.0,3.1441,36.5759,0.7483,66.7188,27.602,6.8125
9215.0,3.2007,37.688,0.7866,71.5656,27.7862,6.8135
9220.0,3.2214,38.1721,0.8096,72.0575,27.5456,6.8329
9225.0,3.2261,38.0136,0.8089,71.5349,28.0206,6.875
9230.0,3.2244,38.388,0.7943,72.5054,27.7148,6.8914
9235.0,3.2134,38.6633,0.7777,72.7133,27.6728,6.9103
9240.0,3.2216,39.2172,0.7901,71.3633,27.5415,6.8949
9245.0,3.2365,38.7348,0.7928,73.195,27.602,6.8687
9250.0,3.2524,38.8215,0.7863,73.4049,27.7047,6.8385
9255.0,3.2764,39.4133,0.7843,73.0503,27.2167,6.7831
9260.0,3.2752,39.1837,0.8007,74.1605,27.2086,6.759
9265.0,3.2941,39.9134,0.8014,75.5264,27.2454,6.7105
9270.0,3.2948,39.8971,0.8004,75.9991,26.9448,6.6824
9275.0,3.2929,39.2956,0.8166,76.1554,27.0504,6.6822
9280.0,3.2949,39.6586,0.7949,75.2865,27.1247,6.6878
9285.0,3.3003,40.0008,0.8121,77.7643,27.4649,6.7082
9290.0,3.3137,40.2353,0.8097,77.1122,27.3262,6.7116
9295.0,3.302,39.5201,0.8348,75.6722,27.3319,6.7586
9300.0,3.2893,39.5037,0.804,75.2158,27.5236,6.8173
9305.0,3.2853,39.7035,0.816,75.4663,27.3039,6.852
9310.0,3.2649,39.1349,0.8118,75.5321,27.4587,6.9147
9315.0,3.2369,38.1102,0.811,72.6086,27.3494,6.9727
9320.0,3.21,37.9703,0.7964,71.5106,27.4437,7.0257
9325.0,3.2026,37.573,0.7817,71.3475,27.2199,7.0355
9330.0,3.1899,37.5564,0.7684,69.4627,26.7294,7.032
9335.0,3.1889,37.4262,0.7778,69.4897,27.265,7.0317
9340.0,3.2357,38.475,0.8061,72.6136,27.6018,6.9595
9345.0,3.256,38.5299,0.7866,72.7806,27.4166,6.8955
9350.0,3.2469,38.758,0.7815,73.2411,27.3607,6.8686
9355.0,3.2377,38.9416,0.7744,71.5048,27.3627,6.8449
9360.0,3.2179,37.9309,0.7855,71.0857,27.0147,6.8277
9365.0,3.2373,39.0551,0.7638,71.7473,26.9892,6.7778
9370.0,3.2314,38.498,0.7887,71.4035,26.7448,6.7606
9375.0,3.2299,38.6874,0.8062,72.7695,26.7934,6.7583
9380.0,3.2697,39.1492,0.8058,74.2704,27.0142,6.7199
9385.0,3.2783,39.4563,0.8117,75.2452,27.163,6.7283
9390.0,3.2612,38.7158,0.8033,74.1981,26.8409,6.7653
9395.0,3.282,39.7041,0.8082,74.8106,26.7855,6.769
9400.0,3.309,39.76,0.8099,76.0172,26.9249,6.7725
9405.0,3.3307,40.2264,0.8345,78.1509,27.1019,6.784
9410.0,3.3409,40.3838,0.8499,79.5598,26.6128,6.7842
9415.0,3.3314,40.7316,0.8432,77.8584,26.4133,6.8148
9420.0,3.3565,40.488,0.8395,78.956,26.8514,6.8124
9425.0,3.3535,40.8815,0.8521,80.4332,26.6715,6.8152
9430.0,3.3752,41.0568,0.8373,79.9392,26.8226,6.7844
9435.0,3.3772,41.0371,0.8424,80.807,26.8717,6.7659
9440.0,3.3577,40.8178,0.8307,79.6161,26.7425,6.7631
9445.0,3.363,40.8121,0.8305,79.18,27.1574,6.739
9450.0,3.3556,40.4112,0.8346,78.7245,26.8099,6.7013
9455.0,3.3597,40.9133,0.8309,78.9421,26.7373,6.6568
9460.0,3.3682,41.389,0.8108,79.3528,26.7561,6.6126
9465.0,3.3402,40.3551,0.8204,77.5598,26.263,6.6079
9470.0,3.3508,40.862,0.8326,79.2616,26.7664,6.5958
9475.0,3.3485,41.1109,0.828,79.2184,26.4606,6.5822
9480.0,3.3636,41.024,0.863,81.4989,26.6347,6.5724
9485.0,3.3737,40.9811,0.8355,79.1884,26.2007,6.5568
9490.0,3.3773,41.0231,0.8457,80.9526,26.0936,6.5717
9495.0,3.4021,40.8566,0.8555,81.637,26.7086,6.5913
9500.0,3.4235,41.8321,0.8396,82.6388,26.6248,6.5912
9505.0,3.4343,41.7962,0.8473,83.3301,26.3318,6.5973
9510.0,3.4479,42.5738,0.875,83.6447,26.3619,6.6088
9515.0,3.4542,42.8323,0.8594,84.7966,26.8741,6.6459
9520.0,3.4365,42.3532,0.8602,83.4299,26.297,6.6666
9525.0,3.4522,41.9654,0.8658,84.5737,26.9926,6.677
9530.0,3.4472,42.3018,0.8818,84.5734,26.3297,6.6516
9535.0,3.4581,42.2134,0.8962,84.5597,26.6734,6.6314
9540.0,3.4587,42.5511,0.8837,85.4881,26.3787,6.5915
9545.0,3.4684,42.4774,0.8699,86.1141,26.5501,6.5496
9550.0,3.4666,43.2742,0.8633,85.7522,26.1973,6.4999
9555.0,3.466,42.2989,0.8711,84.9154,26.2265,6.465
9560.0,3.4762,43.2937,0.87,86.922,26.216,6.414
9565.0,3.4803,42.7273,0.8607,85.1439,25.9024,6.365
9570.0,3.4968,43.1279,0.8941,87.3913,26.2971,6.3364
9575.0,3.4911,43.1374,0.8901,87.4518,25.9567,6.3241
9580.0,3.498,43.6628,0.8828,87.3359,26.0155,6.32
9585.0,3.507,43.1228,0.8796,86.6196,25.8258,6.3108
9590.0,3.5213,43.9246,0.8931,87.8647,25.4474,6.2902
9595.0,3.5469,43.4743,0.8889,90.1924,26.0625,6.3043
9600.0,3.5724,44.4086,0.9229,92.411,26.7402,6.3252
9605.0,3.5959,44.9807,0.9045,92.1108,26.3601,6.2937
9610.0,3.5965,44.9187,0.9147,91.9765,26.1814,6.3152
9615.0,3.6109,45.1185,0.9292,93.392,26.1342,6.3081
9620.0,3.6219,45.0987,0.9288,92.5805,26.2074,6.304
9625.0,3.5999,45.6605,0.9286,91.4976,26.3265,6.365
9630.0,3.5855,44.6811,0.9256,91.835,25.8678,6.3666
9635.0,3.5923,45.2632,0.9341,92.9267,26.4009,6.3638
9640.0,3.5815,44.1415,0.9163,91.222,26.2487,6.3515
9645.0,3.5691,44.3485,0.9081,91.4705,26.1882,6.3398
9650.0,3.5553,44.1738,0.9191,91.8483,26.0527,6.3234
9655.0,3.543,43.5953,0.8939,89.5036,25.8824,6.3018
9660.0,3.5433,43.734,0.8726,88.7541,25.9847,6.273
9665.0,3.527,43.1814,0.8897,88.6324,25.9121,6.2742
9670.0,3.5304,44.1498,0.8888,88.9808,25.6352,6.2367
9675.0,3.5207,43.5861,0.8928,88.4555,25.5538,6.2446
9680.0,3.5352,43.6458,0.9173,90.6986,25.711,6.2309
9685.0,3.5453,43.8018,0.8965,89.1105,26.0751,6.2464
9690.0,3.5527,43.942,0.8954,89.4909,25.3922,6.2218
9695.0,3.562,43.805,0.9037,90.3523,25.358,6.2329
9700.0,3.568,44.7249,0.8927,90.3591,25.7935,6.2819
9705.0,3.5673,44.3408,0.915,90.7141,25.7926,6.322
9710.0,3.577,44.0672,0.9137,91.4696,25.8462,6.3394
9715.0,3.5847,44.9266,0.9273,91.5792,25.8783,6.3519
9720.0,3.5959,44.9872,0.9054,91.8341,25.7641,6.3385
9725.0,3.6174,45.7441,0.9325,93.9199,26.181,6.3197
9730.0,3.5981,44.9031,0.9311,92.7785,25.3823,6.3097
9735.0,3.5849,44.4994,0.9273,91.7764,25.5355,6.3298
9740.0,3.5758,44.6083,0.9074,91.6205,25.6651,6.3303
9745.0,3.5593,44.5618,0.9047,90.7188,25.2199,6.3065
9750.0,3.5797,44.6726,0.9102,90.9245,25.5219,6.2421
9755.0,3.5752,45.0941,0.9072,90.7788,25.9165,6.2345
9760.0,3.5699,44.5783,0.9012,90.8592,25.4462,6.186
9765.0,3.5704,44.7061,0.9186,92.4967,25.4472,6.1567
9770.0,3.561,44.809,0.9108,90.971,25.035,6.1355
9775.0,3.5736,44.5423,0.8972,92.5709,25.1705,6.1091
9780.0,3.5939,45.2009,0.9059,92.3377,25.22,6.0706
9785.0,3.6095,44.8182,0.923,94.5567,25.2376,6.0504
9790.0,3.6334,45.468,0.9264,94.1724,25.6527,6.043
9795.0,3.638,45.6337,0.9596,96.496,25.4956,6.0562
9800.0,3.6385,45.6421,0.9544,97.2181,25.1068,6.0693
9805.0,3.6621,45.7355,0.9501,97.1651,25.4748,6.0691
9810.0,3.6784,45.5591,0.9417,98.6875,25.5618,6.0643
9815.0,3.6939,46.5271,0.9686,98.7784,25.7378,6.0586
9820.0,3.7092,47.6016,0.9604,98.7485,25.8516,6.0366
9825.0,3.7134,47.0513,0.9644,99.1381,25.1925,5.9812
9830.0,3.7268,46.7627,0.9739,99.3628,25.2187,5.9269
9835.0,3.723,47.1194,0.9834,100.183,25.0683,5.9072
9840.0,3.734,47.4149,0.9799,99.9226,25.2737,5.8496
9845.0,3.7374,47.5536,0.9923,101.9557,25.3897,5.8029
9850.0,3.7253,46.9118,0.9457,100.2077,25.4564,5.8092
9855.0,3.7143,47.2035,0.9779,100.1416,25.1271,5.782
9860.0,3.71,46.7289,0.9842,100.026,25.0072,5.749
9865.0,3.7142,46.8917,0.9585,99.6125,25.0749,5.7057
9870.0,3.7168,46.9496,0.9724,99.2285,24.79,5.6512
9875.0,3.7339,47.5891,0.9636,99.3399,25.497,5.6265
9880.0,3.7178,46.4989,0.9639,99.8942,24.5632,5.6259
9885.0,3.7249,47.5888,0.9724,101.5314,25.0159,5.6549
9890.0,3.7379,47.7457,0.9834,101.483,25.4922,5.6717
9895.0,3.7405,47.4508,0.9996,102.2428,25.0133,5.664
9900.0,3.7468,47.3563,0.9881,101.8715,24.9939,5.6809
9905.0,3.7649,48.3626,0.9958,103.5021,24.982,5.6432
9910.0,3.7693,47.7164,0.9829,102.0044,25.0518,5.6696
9915.0,3.7757,48.2841,0.9915,102.59,25.4571,5.7085
9920.0,3.7712,48.2671,0.9869,102.6079,24.566,5.6763
9925.0,3.7927,48.9671,1.0052,102.7607,25.4936,5.653
9930.0,3.7837,48.3297,1.0029,104.7229,24.7309,5.6243
9935.0,3.7852,48.5727,1.0029,103.5639,24.9831,5.6144
9940.0,3.7856,48.3318,0.9854,103.4495,24.8934,5.5666
9945.0,3.789,47.8507,1.0032,102.8092,25.0903,5.5155
9950.0,3.7757,48.114,0.997,103.3974,24.4816,5.4817
9955.0,3.7771,47.8006,0.9992,105.7588,24.9347,5.4625
9960.0,3.7827,47.9234,0.995,103.7201,25.268,5.41
9965.0,3.7683,47.7198,0.9843,103.7633,24.3725,5.3736
9970.0,3.7747,47.7767,0.9807,103.579,24.7241,5.3425
9975.0,3.7703,48.0434,0.9979,103.5102,24.4886,5.338
9980.0,3.7753,48.7563,0.9838,104.1909,24.7528,5.3405
9985.0,3.7801,48.5007,0.9899,102.1202,24.6574,5.3263
9990.0,3.7813,48.2718,0.9912,105.0692,24.5104,5.3437
9995.0,3.7912,49.1413,1.0001,104.5481,24.8197,5.3591
10000.0,3.8035,49.2361,1.0101,105.1459,25.1804,5.3664
10005.0,3.8,47.8185,1.0198,106.1698,24.7132,5.4031
10010.0,3.8111,48.4873,1.0041,105.0219,24.9681,5.4038
10015.0,3.8088,48.4413,1.0061,105.0041,24.4835,5.4126
10020.0,3.812,48.9957,1.028,106.4987,24.5746,5.4258
10025.0,3.8205,49.3805,1.0069,105.8271,24.9249,5.4088
10030.0,3.8239,49.0039,1.0173,105.6492,25.1562,5.3948
10035.0,3.819,48.7312,1.0235,106.0812,24.8387,5.3718
10040.0,3.8204,48.968,0.9875,105.4966,24.6243,5.2925
10045.0,3.8218,48.9002,1.0177,108.0172,24.6466,5.2206
10050.0,3.8157,48.8369,1.0164,104.6801,24.274,5.1651
10055.0,3.8201,49.171,1.0308,106.6857,24.6776,5.0976
10060.0,3.82,48.7474,0.9891,104.4752,24.6916,5.0324
10065.0,3.8135,48.4073,1.009,106.4391,24.3113,5.0023
10070.0,3.8126,48.8539,1.0119,105.3145,24.272,4.9726
10075.0,3.8146,48.5179,1.0246,106.3135,24.4353,4.9579
10080.0,3.8174,49.0383,1.0196,105.4527,24.2538,4.9173
10085.0,3.8208,48.3453,1.0184,106.8416,24.3546,4.9246
10090.0,3.8313,48.4305,1.022,106.2262,24.9162,4.9194
10095.0,3.831,49.0106,1.0285,106.9786,24.3583,4.9312
10100.0,3.8368,49.0369,1.0203,107.1651,24.364,4.9426
10105.0,3.8418,49.1775,1.0144,106.4952,24.3253,4.957
10110.0,3.8474,49.3875,1.0266,107.0674,24.7024,5.0064
10115.0,3.8507,49.1262,1.0266,107.5604,24.4917,5.0
10120.0,3.852,49.4652,1.0365,108.4323,24.3835,5.0082
10125.0,3.8589,49.617,1.0174,107.5068,24.8712,4.9876
10130.0,3.8587,49.2538,1.0325,107.6547,24.8762,4.9743
10135.0,3.8557,49.1725,1.0386,110.2146,24.3377,4.907
10140.0,3.8514,49.9171,1.0233,107.0762,23.976,4.8548
10145.0,3.8536,49.2136,1.0087,106.5347,24.6408,4.8176
10150.0,3.85,49.7823,1.0328,108.1,24.1596,4.7102
10155.0,3.8508,49.5566,0.996,107.4976,24.4703,4.6222
10160.0,3.8425,49.0222,1.0324,107.3851,23.7267,4.5736
10165.0,3.8457,49.4886,1.0468,108.5752,24.3977,4.5178
10170.0,3.8409,49.1413,1.0259,107.5603,23.839,4.484
10175.0,3.8452,49.1933,1.0305,107.9348,24.3059,4.4314
10180.0,3.8471,49.4385,1.0156,107.1981,24.1229,4.3788
10185.0,3.849,49.3886,1.0339,108.2298,23.8911,4.3588
10190.0,3.8536,49.8671,1.028,108.5946,24.05,4.3631
10195.0,3.8586,49.2379,1.0286,108.7402,24.3543,4.4082
10200.0,3.863,49.9772,1.0243,108.7504,24.2448,4.4231
10205.0,3.8682,49.3931,1.0313,108.6702,24.4001,4.452
10210.0,3.8755,49.9043,1.0489,109.693,24.7794,4.4356
10215.0,3.8746,49.9042,1.027,108.2976,23.917,4.4446
10220.0,3.8816,49.2542,1.0521,110.2063,24.7233,4.4324
10225.0,3.8814,49.9096,1.0301,108.4811,24.3423,4.4055
10230.0,3.8799,49.8652,1.0504,108.9989,24.074,4.3831
10235.0,3.8769,49.4142,1.056,110.419,23.9348,4.376
10240.0,3.8755,49.872,1.036,109.7185,24.1771,4.3372
10245.0,3.8725,50.0189,1.0155,108.5605,24.4032,4.3106
10250.0,3.8666,50.0402,1.0234,107.3556,24.0848,4.281
10255.0,3.8652,49.3277,1.0273,109.3386,24.4386,4.1956
10260.0,3.8584,49.2678,1.023,108.7227,23.6467,4.1422
10265.0,3.8577,49.6502,1.0315,108.7251,23.964,4.077
10270.0,3.8541,49.7344,1.0235,108.4837,23.6234,4.0656
10275.0,3.8553,49.4597,1.0163,108.1241,24.0109,4.0462
10280.0,3.856,48.9447,1.0297,109.3094,24.14,4.0746
10285.0,3.8571,49.359,1.029,108.357,23.8255,4.0745
10290.0,3.8578,49.3372,1.0411,108.9246,23.3041,4.1023
10295.0,3.8653,50.2648,1.0538,109.9546,24.038,4.1183
10300.0,3.8715,49.546,1.0447,110.0774,24.1352,4.0887
10305.0,3.8769,50.3436,1.0518,110.0587,24.165,4.0809
10310.0,3.8822,49.3673,1.0504,110.1524,24.4063,4.0853
10315.0,3.8844,49.8085,1.0568,110.345,23.8546,4.061
10320.0,3.8886,50.2369,1.0439,110.5485,24.3055,4.0371
10325.0,3.89,50.0407,1.0405,109.0468,24.4329,4.0221
10330.0,3.887,50.5129,1.0377,109.4864,23.6749,4.0097
10335.0,3.8872,49.6747,1.0424,110.0804,24.1704,3.9539
10340.0,3.8834,49.2486,1.0513,109.5725,23.9235,3.9211
10345.0,3.8804,49.7419,1.0379,109.0728,23.9798,3.8353
10350.0,3.8768,50.1286,1.0452,110.0597,24.0333,3.7447
10355.0,3.8716,49.7563,1.0342,109.6709,23.7708,3.7151
10360.0,3.8679,49.1433,1.0294,108.8817,23.6746,3.6398
10365.0,3.8657,49.5929,1.0344,108.9411,23.8118,3.5599
10370.0,3.8627,49.1534,1.0394,108.3019,23.5031,3.5614
10375.0,3.8626,49.0868,1.0334,110.8252,23.4892,3.5003
10380.0,3.8644,49.7779,1.0365,108.9456,23.931,3.4942
10385.0,3.8655,50.0715,1.0481,110.0721,23.4885,3.5124
10390.0,3.87,49.9377,1.048,109.5051,23.9689,3.508
10395.0,3.8743,49.6196,1.0357,109.8987,23.9533,3.5139
10400.0,3.8782,50.0366,1.0578,109.0765,23.4462,3.5054
10405.0,3.8834,50.2832,1.0308,109.4217,23.7483,3.5267
10410.0,3.8884,49.478,1.0528,109.8191,24.2519,3.56
10415.0,3.891,49.8128,1.0768,112.2456,23.7352,3.5553
10420.0,3.8936,50.3893,1.0418,110.4744,23.8797,3.5343
10425.0,3.8945,50.7057,1.0572,109.9741,24.1129,3.5737
10430.0,3.8941,49.9031,1.0372,109.3887,24.1801,3.5466
10435.0,3.8917,49.9873,1.0574,110.853,23.8944,3.5096
10440.0,3.8883,49.8506,1.0366,109.4115,23.7692,3.4674
10445.0,3.8854,49.8634,1.0363,109.3585,24.227,3.3855
10450.0,3.8809,50.0519,1.0444,110.8489,24.2545,3.3359
10455.0,3.8763,50.1192,1.0548,110.9904,24.0129,3.2628
10460.0,3.872,49.2123,1.0347,110.1267,23.7426,3.2048
10465.0,3.8685,49.523,1.0256,108.0542,23.481,3.1639
10470.0,3.8664,49.4681,1.0423,110.6686,23.4493,3.1354
10475.0,3.8664,50.7022,1.0107,107.6551,23.7754,3.0901
10480.0,3.8672,49.6768,1.0409,109.0225,23.7521,3.076
10485.0,3.8697,49.8541,1.0248,109.786,24.0146,3.0616
10490.0,3.873,49.9036,1.0433,108.9732,23.8555,3.0583
10495.0,3.8767,49.8798,1.0457,109.5027,23.3546,3.0508
10500.0,3.8821,50.1084,1.0285,108.3531,24.0354,3.0721
10505.0,3.8864,49.9887,1.0456,108.6294,23.5651,3.0534
10510.0,3.8909,50.5757,1.0574,110.0886,23.7564,3.0506
10515.0,3.8945,49.9762,1.0499,109.6165,23.9442,3.0319
10520.0,3.8971,50.4784,1.0394,108.6031,24.398,3.0338
10525.0,3.898,50.3029,1.0568,111.3393,24.6802,3.0376
10530.0,3.8969,50.0775,1.0369,109.6441,24.0434,2.9903
10535.0,3.8947,50.1577,1.0463,110.2123,23.8211,2.9473
10540.0,3.8916,50.2365,1.0562,109.9979,23.9639,2.9237
10545.0,3.8876,50.0731,1.0361,110.3589,24.007,2.8658
10550.0,3.8827,50.0916,1.0425,109.0308,23.6553,2.8176
10555.0,3.8786,49.9013,1.0628,109.8453,24.1348,2.746
10560.0,3.8742,49.9121,1.0302,108.7615,23.6986,2.7147
10565.0,3.8709,50.3193,1.0525,110.0136,23.7294,2.6913
10570.0,3.8688,49.7921,1.0144,107.4297,23.7473,2.6626
10575.0,3.8681,49.2544,1.025,108.6159,23.6761,2.6447
10580.0,3.8689,49.5223,1.0374,109.8368,23.7851,2.6542
10585.0,3.8707,49.8374,1.0386,109.5607,23.4398,2.6832
10590.0,3.8741,49.6916,1.036,108.6949,23.4853,2.6939
10595.0,3.8781,49.7393,1.0476,110.4517,23.3893,2.7354
10600.0,3.883,49.352,1.0355,109.6587,23.8182,2.7672
10605.0,3.8877,49.9049,1.0171,109.3717,23.9473,2.8009
10610.0,3.8919,50.4137,1.0528,110.7063,23.9067,2.7942
10615.0,3.8954,50.6017,1.0471,111.2122,24.2421,2.8401
10620.0,3.8972,50.4245,1.0464,110.3779,23.8414,2.8455
10625.0,3.8981,50.3391,1.0497,109.8744,24.0155,2.8371
10630.0,3.8971,50.6791,1.0363,110.0562,23.5664,2.8148
10635.0,3.8951,50.0442,1.0373,110.1923,23.7196,2.7967
10640.0,3.8921,49.8507,1.049,111.3155,23.9555,2.7517
10645.0,3.8879,50.1806,1.041,109.5008,23.9506,2.7349
10650.0,3.883,50.0136,1.0497,110.2583,23.6172,2.7123
10655.0,3.8784,49.8073,1.039,110.1482,23.6251,2.6859
10660.0,3.8739,49.7184,1.0256,108.1632,23.2205,2.6702
10665.0,3.8708,49.8719,1.0321,109.3178,23.4765,2.6518
10670.0,3.8689,50.3254,1.0381,110.3807,23.766,2.6347
10675.0,3.8682,49.6734,1.0215,109.3934,23.6789,2.6224
10680.0,3.8689,50.3195,1.0511,109.0922,23.6668,2.626
10685.0,3.8709,49.8072,1.0409,109.2887,23.5746,2.6402
10690.0,3.8741,49.9011,1.0296,111.2734,23.5965,2.6921
10695.0,3.8782,50.5715,1.0363,109.208,23.4708,2.7202
10700.0,3.8831,49.8678,1.0446,110.3746,23.8565,2.7604
10705.0,3.8876,49.2893,1.0339,109.8983,23.8329,2.7975
10710.0,3.8919,50.1271,1.0474,110.7111,23.8922,2.8108
10715.0,3.8949,50.4094,1.0574,111.1132,23.6706,2.8443
10720.0,3.8968,49.8492,1.0579,110.7137,23.2849,2.8496
10725.0,3.8982,50.0695,1.0261,109.4277,24.1047,2.8494
10730.0,3.8972,50.4016,1.0445,109.8938,23.7033,2.8353
10735.0,3.8948,49.998,1.0272,108.9924,23.5861,2.8615
10740.0,3.8918,50.3057,1.0612,111.6476,23.9421,2.8304
10745.0,3.8873,50.1831,1.0445,111.482,23.6291,2.8334
10750.0,3.883,49.7091,1.0385,110.4891,23.946,2.8098
10755.0,3.8782,50.0521,1.0404,110.5098,23.7893,2.7842
10760.0,3.874,49.5404,1.055,111.5993,23.7646,2.7667
10765.0,3.8702,49.917,1.0338,109.763,23.2195,2.7539
10770.0,3.8687,49.547,1.0203,108.9342,23.8432,2.7387
10775.0,3.8676,49.219,1.0435,109.2143,23.5989,2.7614
10780.0,3.8682,50.2295,1.0412,108.5579,23.4493,2.7747
10785.0,3.8704,49.9031,1.0442,111.0214,23.5996,2.8143
10790.0,3.8732,49.3982,1.0363,109.2848,23.1537,2.8466
10795.0,3.8777,49.779,1.0414,110.0555,23.7427,2.9197
10800.0,3.8819,50.1109,1.0547,110.3729,23.4305,2.9639
10805.0,3.8864,49.8483,1.0676,110.8764,23.3971,2.9998
10810.0,3.8906,50.3192,1.0591,109.7818,23.3976,3.0271
10815.0,3.8945,50.1928,1.0507,110.2584,24.0907,3.0714
10820.0,3.896,49.8718,1.0368,109.6616,23.6778,3.1151
10825.0,3.8972,50.5394,1.0383,111.3454,24.2272,3.1596
10830.0,3.8958,50.5002,1.0616,112.6463,23.7039,3.1716
10835.0,3.893,50.34,1.0254,109.3275,23.3912,3.1998
10840.0,3.8898,49.8173,1.0505,110.6762,23.5072,3.1969
10845.0,3.8863,50.0649,1.0448,110.2836,24.055,3.1864
10850.0,3.8813,49.8365,1.0402,110.1078,23.6624,3.1426
10855.0,3.8765,50.1497,1.0188,109.1225,23.5196,3.1188
10860.0,3.8723,49.6814,1.0351,108.7768,23.6566,3.1293
10865.0,3.8691,49.4923,1.03,108.4332,23.7107,3.1124
10870.0,3.8671,49.852,1.0388,109.8695,23.8452,3.1095
10875.0,3.8663,49.749,1.0149,108.5061,23.9225,3.1302
10880.0,3.8662,49.9501,1.0397,110.245,23.4798,3.1751
10885.0,3.8677,49.4746,1.0493,109.1215,23.2616,3.2165
10890.0,3.8713,50.2414,1.0253,108.9997,23.525,3.2503
10895.0,3.8757,49.6336,1.0449,109.7481,23.7374,3.2913
10900.0,3.8798,49.8843,1.0323,108.8278,23.4799,3.3283
10905.0,3.8843,49.4518,1.0478,109.0723,23.5301,3.3797
10910.0,3.8889,49.8802,1.0404,109.6358,23.8995,3.4272
10915.0,3.8919,50.32,1.0453,110.7325,23.8369,3.4705
10920.0,3.894,49.9913,1.0378,108.9123,23.881,3.4856
10925.0,3.8945,49.9011,1.0437,110.9454,23.6929,3.4756
10930.0,3.8937,50.4213,1.0444,109.8957,23.8201,3.5082
10935.0,3.8912,50.6933,1.0599,110.8726,23.6279,3.4981
10940.0,3.8888,50.6749,1.0365,108.4848,24.0509,3.4731
10945.0,3.8846,49.7385,1.0477,111.3861,24.0479,3.4478
10950.0,3.8788,49.244,1.0417,109.5088,23.2839,3.4011
10955.0,3.8744,49.7581,1.0434,109.4143,23.4694,3.3914
10960.0,3.8701,49.9776,1.0328,109.0294,23.2886,3.3511
10965.0,3.8672,49.3021,1.0507,110.177,23.4698,3.3242
10970.0,3.8651,50.0727,1.0204,109.9653,23.593,3.3372
10975.0,3.8633,49.2789,1.0279,108.5334,23.2469,3.3738
10980.0,3.8638,50.3512,1.0348,108.6155,23.3891,3.4335
10985.0,3.8655,48.929,1.0368,109.4753,23.3929,3.4839
10990.0,3.8692,50.0615,1.0499,111.0527,23.7318,3.5386
10995.0,3.8731,50.3887,1.0358,109.8035,23.7422,3.5874
11000.0,3.877,50.2331,1.0376,110.3365,23.5938,3.6431
11005.0,3.8819,50.3261,1.0347,109.4903,23.8679,3.6981
11010.0,3.8856,50.0622,1.0457,109.7623,23.732,3.7248
11015.0,3.8888,50.4093,1.0468,110.2836,23.837,3.772
11020.0,3.8917,50.5514,1.0399,109.1662,24.3478,3.8219
11025.0,3.8918,50.3903,1.0518,110.4349,24.2751,3.8649
11030.0,3.8892,50.2782,1.0435,110.894,23.611,3.8629
11035.0,3.8882,50.352,1.039,110.0186,24.1253,3.8724
11040.0,3.8847,50.0314,1.0398,110.2835,24.0908,3.864
11045.0,3.8786,49.6058,1.0392,109.9078,23.5624,3.8709
11050.0,3.8752,49.8629,1.0417,108.6198,24.0112,3.8538
11055.0,3.871,49.6019,1.0344,108.8093,24.148,3.8306
11060.0,3.8652,49.8843,1.0254,109.3089,23.4444,3.7804
11065.0,3.8621,49.4983,1.0331,109.3526,23.4659,3.7543
11070.0,3.8612,49.6187,1.0362,110.1409,23.9319,3.7585
11075.0,3.8595,49.6768,1.0286,108.6145,23.7414,3.7795
11080.0,3.8604,49.4594,1.0394,107.5972,23.8223,3.787
11085.0,3.8623,49.5263,1.0268,109.7669,23.7944,3.8092
11090.0,3.8649,49.3636,1.0392,110.094,23.8436,3.8754
11095.0,3.8673,50.0209,1.0324,109.469,23.4597,3.9203
11100.0,3.8739,49.808,1.0437,110.1877,24.103,3.953
11105.0,3.8778,49.5409,1.0296,109.0021,24.1835,4.0328
11110.0,3.8805,49.4588,1.0323,109.7514,23.8792,4.0767
11115.0,3.8837,49.9504,1.0593,109.8473,23.9624,4.1102
11120.0,3.8841,49.6553,1.0562,110.1258,23.6155,4.1395
11125.0,3.8862,50.36,1.0479,110.3579,24.1378,4.1736
11130.0,3.8853,49.8196,1.0395,109.127,24.1485,4.1814
11135.0,3.8823,49.4991,1.0535,109.177,23.9723,4.1811
11140.0,3.8803,49.97,1.0454,109.2813,24.2394,4.1491
11145.0,3.8745,50.0122,1.0442,110.057,23.8367,4.1311
11150.0,3.8705,49.6847,1.0136,109.0643,24.0187,4.1141
11155.0,3.8642,49.5513,1.0175,109.1738,23.5799,4.0846
11160.0,3.8608,48.9817,1.0302,109.8041,23.7909,4.0693
11165.0,3.8572,49.746,1.0185,108.7207,23.7237,4.0539
11170.0,3.8554,49.6565,1.0289,109.8777,23.806,4.0414
11175.0,3.8537,49.3867,1.0168,107.3104,23.6537,4.0526
11180.0,3.8538,49.2409,1.042,109.723,23.7242,4.0906
11185.0,3.8571,49.4227,1.0332,108.235,23.9886,4.1044
11190.0,3.8582,49.558,1.0431,109.9908,23.7098,4.1555
11195.0,3.8607,49.2708,1.0346,108.6283,23.4629,4.1934
11200.0,3.8698,49.5866,1.0368,110.0021,24.352,4.2041
11205.0,3.8744,49.909,1.0425,109.5553,24.3101,4.2203
11210.0,3.8751,49.5359,1.0191,108.4314,23.6872,4.2659
11215.0,3.8815,49.711,1.0361,107.6945,24.2196,4.2587
11220.0,3.8822,49.8402,1.0427,109.9425,23.9464,4.2793
11225.0,3.8837,49.5722,1.0695,111.8851,24.1491,4.2871
11230.0,3.8831,49.7823,1.0421,109.8748,24.1531,4.2769
11235.0,3.8798,49.7651,1.0503,110.069,24.0034,4.2849
11240.0,3.8752,49.3952,1.0498,109.1045,23.8365,4.2893
11245.0,3.8709,49.9803,1.0311,109.6236,23.8217,4.2687
11250.0,3.8661,49.569,1.0385,109.8068,23.7226,4.2364
11255.0,3.8615,49.2573,1.0515,109.1837,23.701,4.2072
11260.0,3.856,49.0338,1.0272,108.6854,23.854,4.2555
11265.0,3.8529,49.7507,1.0261,107.9965,23.6623,4.2023
11270.0,3.8511,49.2442,1.0089,106.4712,23.9941,4.2324
11275.0,3.8515,49.8257,1.0382,108.5724,24.1917,4.2241
11280.0,3.8497,49.3325,1.0127,106.7639,23.6858,4.231
11285.0,3.8521,49.5909,1.0205,108.3516,23.9156,4.269
11290.0,3.8552,49.9148,1.0351,109.3084,24.0174,4.3084
11295.0,3.8589,49.6558,1.0226,108.1177,24.0559,4.3508
11300.0,3.8633,49.3311,1.0501,110.0514,24.0068,4.3758
11305.0,3.869,49.6086,1.0355,108.4165,24.2234,4.4
11310.0,3.8722,50.0894,1.0394,109.0486,24.2036,4.4473
11315.0,3.873,49.8488,1.0283,109.0877,23.8103,4.4744
11320.0,3.8782,49.8762,1.0159,108.5717,24.3618,4.4843
11325.0,3.8771,50.3003,1.0281,108.8365,24.3771,4.5413
11330.0,3.8744,49.6287,1.0484,109.7886,23.9606,4.5291
11335.0,3.8724,50.02,1.0139,108.5327,24.143,4.542
11340.0,3.8705,49.5282,1.0234,108.8217,24.2746,4.5099
11345.0,3.865,49.6399,1.0382,108.4858,24.013,4.4827
11350.0,3.861,49.8107,1.0277,107.6912,24.2906,4.4832
11355.0,3.8608,49.3259,1.029,109.1563,24.5703,4.376
11360.0,3.8539,50.1656,1.0121,107.0439,23.7443,4.3053
11365.0,3.8504,49.4962,1.0139,108.0465,23.5656,4.2645
11370.0,3.8514,49.6489,1.0299,107.8783,23.9688,4.2219
11375.0,3.8536,49.5296,1.0207,108.4295,24.0691,4.1306
11380.0,3.854,49.0348,1.0357,108.9919,23.8415,4.1072
11385.0,3.8585,49.6758,1.0051,107.9335,24.2871,4.0958
11390.0,3.8598,49.7819,1.0194,108.702,23.6254,4.0842
11395.0,3.8668,49.9659,1.0245,107.628,24.1782,4.0792
11400.0,3.8699,49.5872,1.029,109.083,23.903,4.1191
11405.0,3.8772,49.6562,1.0423,109.6217,24.5337,4.1281
11410.0,3.8816,50.0372,1.0412,109.2264,24.6468,4.1573
11415.0,3.8825,50.2682,1.0472,110.3147,23.9932,4.1734
11420.0,3.8865,50.1786,1.0308,109.6601,24.0718,4.1133
11425.0,3.8884,49.424,1.0477,109.108,24.4343,4.1168
11430.0,3.8875,50.382,1.0429,109.3948,24.1182,4.0682
11435.0,3.8855,49.9366,1.0403,110.012,24.1852,4.0593
11440.0,3.8828,50.1241,1.0474,111.6053,24.1725,4.0084
11445.0,3.8779,50.1427,1.0036,108.0965,23.6473,3.9314
11450.0,3.875,49.5968,1.0472,109.7436,24.0801,3.8845
11455.0,3.8709,49.7454,1.0289,109.512,23.8675,3.7901
11460.0,3.8671,49.6604,1.0253,108.4226,23.8775,3.7392
11465.0,3.8654,49.9484,1.023,110.2204,24.3312,3.6824
11470.0,3.8626,49.0788,1.0261,108.9828,23.6375,3.5978
11475.0,3.8632,49.6684,1.0348,109.7389,24.1501,3.5763
11480.0,3.8637,49.7936,1.018,108.659,23.887,3.5514
11485.0,3.8663,49.2695,1.0271,108.8061,23.9106,3.5237
11490.0,3.87,49.6553,1.0447,109.0285,24.2137,3.555
11495.0,3.8742,50.2061,1.0337,110.0107,24.1454,3.5594
11500.0,3.8793,50.1305,1.0452,110.1733,24.2518,3.5531
11505.0,3.8841,49.5308,1.0339,109.3502,24.3998,3.5819
11510.0,3.8879,49.3341,1.0403,108.5444,24.1191,3.5956
11515.0,3.8913,50.1627,1.0379,110.8508,24.0843,3.5919
11520.0,3.8935,49.96,1.0427,109.7596,23.9896,3.5746
11525.0,3.8947,50.5301,1.0262,110.3587,24.064,3.54
11530.0,3.8955,50.2859,1.0625,110.8834,25.0024,3.5106
11535.0,3.893,50.1909,1.0685,112.2243,24.5571,3.465
11540.0,3.8887,49.5486,1.0209,108.4247,23.877,3.4414
11545.0,3.8846,49.6667,1.0693,110.6403,23.8443,3.4046
11550.0,3.8808,50.1039,1.0536,111.6456,24.251,3.3604
11555.0,3.8761,49.8773,1.0474,110.3042,24.2229,3.3346
11560.0,3.8722,49.4572,1.0217,109.4608,24.1833,3.2729
11565.0,3.8688,49.7961,1.0319,110.1132,23.951,3.2188
11570.0,3.8667,49.5497,1.0283,108.5691,23.9638,3.2065
11575.0,3.8662,49.7257,1.034,108.7265,24.0715,3.1828
11580.0,3.8669,49.4486,1.048,109.3997,24.02,3.1817
11585.0,3.8683,49.5633,1.0179,108.0703,23.4666,3.1784
11590.0,3.8726,50.0333,1.0226,110.3763,23.9988,3.168
11595.0,3.8766,49.6645,1.0384,111.0215,23.8867,3.193
11600.0,3.8814,49.86,1.0411,109.2353,24.1912,3.2488
11605.0,3.8868,49.7816,1.0417,110.0836,24.9414,3.2812
11610.0,3.8905,49.7583,1.069,109.0553,24.3302,3.2564
11615.0,3.8939,50.2359,1.038,110.5056,24.1944,3.2278
11620.0,3.8965,50.1947,1.0621,110.0053,24.5258,3.2154
11625.0,3.8972,50.3736,1.035,110.2074,24.4246,3.1923
11630.0,3.8965,49.77,1.0182,109.6981,24.4028,3.1936
11635.0,3.8945,50.2857,1.0453,110.7055,24.4293,3.1577
11640.0,3.8915,49.9902,1.0441,110.3909,24.7596,3.1188
11645.0,3.8866,49.987,1.0441,110.4801,23.9219,3.0863
11650.0,3.8824,49.5514,1.0363,108.9063,24.2777,3.0594
11655.0,3.8772,49.7121,1.0423,109.834,23.8822,3.0597
11660.0,3.8736,49.9361,1.0284,107.5754,24.2117,2.9994
11665.0,3.87,50.0292,1.0592,110.7444,23.8108,2.9503
11670.0,3.868,49.5261,1.0449,109.7337,23.9156,2.9437
11675.0,3.8674,50.0054,1.0452,108.1845,23.9395,2.9217
11680.0,3.8684,49.9889,1.0376,110.0264,24.2652,2.9322
11685.0,3.8705,49.6961,1.0469,110.8589,24.2728,2.9389
11690.0,3.8733,49.6955,1.0366,108.6854,23.7655,2.9531
11695.0,3.8779,50.1033,1.0368,109.6475,24.1329,2.9782
11700.0,3.8823,49.6844,1.0586,110.7186,23.9886,3.0066
11705.0,3.8868,49.9587,1.0367,109.4843,23.8981,3.0355
11710.0,3.8914,49.8267,1.0559,109.6327,24.2006,3.0351
11715.0,3.8947,50.6745,1.0559,108.8566,24.2112,3.0369
11720.0,3.8974,50.0761,1.0621,110.6197,24.9165,3.0512
11725.0,3.8978,50.2087,1.0418,110.6422,24.4256,3.0329
11730.0,3.8969,50.2392,1.048,110.0786,23.9657,2.9875
11735.0,3.895,50.1396,1.0489,110.8706,24.1477,2.9598
11740.0,3.8919,50.3973,1.0514,110.4216,24.511,2.9455
11745.0,3.8879,50.2632,1.0654,112.1942,24.7359,2.9173
11750.0,3.8827,50.2917,1.0281,110.4316,23.7708,2.8637
11755.0,3.8779,50.0387,1.0465,110.8657,23.6508,2.8508
11760.0,3.8745,49.665,1.0225,109.8341,24.5465,2.8107
11765.0,3.871,49.4307,1.0271,108.6136,24.1427,2.7691
11770.0,3.8687,50.061,1.0263,109.7354,23.8066,2.7337
11775.0,3.8683,49.7484,1.0209,108.6539,24.1496,2.6949
11780.0,3.8685,50.1175,1.0148,109.1904,23.3639,2.6673
11785.0,3.8711,49.7147,1.0397,109.2122,24.0445,2.6803
11790.0,3.8746,49.4587,1.036,110.9415,24.1582,2.6827
11795.0,3.8788,50.5381,1.034,108.2834,24.3486,2.726
11800.0,3.8831,49.9672,1.0345,109.5411,23.9097,2.7536
11805.0,3.888,49.809,1.0308,110.2591,24.2302,2.7512
11810.0,3.892,50.1386,1.0402,110.6589,24.0185,2.7913
11815.0,3.8955,50.5522,1.0642,112.1705,24.3461,2.8099
11820.0,3.8974,50.1908,1.0442,110.5218,24.0788,2.8495
11825.0,3.8981,50.0776,1.043,109.1601,24.207,2.8803
11830.0,3.8974,49.8306,1.0243,108.9205,24.0518,2.8384
11835.0,3.8956,50.118,1.0331,109.8691,24.4412,2.8204
11840.0,3.8923,50.1204,1.0335,111.4264,24.4587,2.8055
11845.0,3.8879,49.9787,1.0554,111.1112,24.1425,2.7713
11850.0,3.8833,49.4693,1.0112,109.3936,24.1631,2.7339
11855.0,3.8785,49.9253,1.0214,110.0205,23.7438,2.695
11860.0,3.8746,49.9952,1.0307,108.9635,23.9879,2.6441
11865.0,3.8712,49.82,1.0243,109.77,24.0157,2.6332
11870.0,3.8695,49.8269,1.014,108.3863,24.6607,2.6253
11875.0,3.8681,48.8788,1.0145,109.3252,23.7187,2.6378
11880.0,3.8692,49.5794,1.0307,110.2827,24.3686,2.6701
11885.0,3.8714,49.8864,1.0328,109.8794,24.2715,2.6283
11890.0,3.8747,50.4903,1.0502,110.0062,24.1239,2.608
11895.0,3.8792,49.936,1.048,110.7378,24.5336,2.6054
11900.0,3.8836,49.6146,1.0395,110.6294,24.2315,2.6589
11905.0,3.8882,49.6947,1.0519,109.8867,24.2804,2.708
11910.0,3.8923,50.1407,1.0458,110.3019,24.2098,2.7159
11915.0,3.8959,50.3041,1.0491,110.7018,24.5602,2.7002
11920.0,3.8981,49.6875,1.0423,110.2925,24.5478,2.6797
11925.0,3.8986,50.3292,1.0558,109.7812,24.1226,2.6697
11930.0,3.8978,50.181,1.0598,110.1019,23.9398,2.6582
11935.0,3.8959,50.1296,1.0448,110.491,24.1955,2.6291
11940.0,3.8925,50.3159,1.0559,110.1882,24.0109,2.6053
11945.0,3.8884,49.9247,1.0648,110.946,24.151,2.5602
11950.0,3.8839,50.1821,1.0338,108.4705,24.4276,2.5288
11955.0,3.8791,49.9159,1.0322,109.618,23.9553,2.4761
11960.0,3.875,50.1114,1.0247,109.0353,24.0147,2.4482
11965.0,3.8718,49.7426,1.0292,110.1793,24.0043,2.3723
11970.0,3.8698,49.5016,1.045,109.7806,24.1782,2.329
11975.0,3.8688,49.4434,1.0039,107.6962,23.3945,2.2884
11980.0,3.8696,49.8012,1.0442,111.321,23.8094,2.3165
11985.0,3.8719,50.0832,1.0529,111.5687,24.0326,2.3126
11990.0,3.8753,49.6222,1.0301,110.2974,24.3103,2.3263
11995.0,3.8793,49.7582,1.0147,109.0128,23.9264,2.3401
12000.0,3.8838,50.3838,1.0299,109.1372,23.6239,2.3595
12005.0,3.8888,50.4647,1.0605,110.1843,24.2915,2.3637
12010.0,3.8929,49.7496,1.0191,108.4123,24.0167,2.3797
12015.0,3.8961,49.4611,1.0494,110.6425,23.9085,2.4143
12020.0,3.8982,50.544,1.0487,110.2446,24.0682,2.4595
12025.0,3.899,50.1487,1.0544,110.9748,24.1825,2.4487
12030.0,3.8983,50.5324,1.0323,109.6646,24.0671,2.4028
12035.0,3.896,50.3377,1.0419,111.0797,23.6425,2.3891
12040.0,3.893,50.267,1.07,111.9371,24.3819,2.3678
12045.0,3.8888,50.3888,1.0375,110.0018,24.4314,2.3596
12050.0,3.8842,50.0284,1.0639,111.3601,24.226,2.3063
12055.0,3.8794,50.0325,1.0263,109.8416,23.7292,2.2415
12060.0,3.8754,49.5539,1.0547,108.5037,23.9181,2.176
12065.0,3.8721,49.9085,1.0359,109.8246,23.9304,2.1641
12070.0,3.8699,50.1813,1.0302,109.1955,24.057,2.1786
12075.0,3.8692,49.6596,1.0413,109.1976,24.0637,2.1671
12080.0,3.8698,49.5247,1.0242,109.0621,23.717,2.1592
12085.0,3.872,49.6834,1.0348,109.5581,23.9389,2.1827
12090.0,3.8754,50.1311,1.0393,109.3759,24.0624,2.1728
12095.0,3.8797,49.6699,1.0555,111.5644,24.3503,2.1921
12100.0,3.8843,49.5198,1.0406,109.9077,24.2052,2.2217
12105.0,3.8889,50.0615,1.0205,109.1348,24.2691,2.2221
12110.0,3.8931,50.1755,1.0505,110.1584,24.1309,2.2609
12115.0,3.8965,50.5817,1.0413,110.0734,24.4921,2.2536
12120.0,3.8986,50.0183,1.0513,110.3139,24.2595,2.2567
12125.0,3.8992,49.4158,1.0422,109.5421,23.9453,2.2788
12130.0,3.8986,50.189,1.0526,111.9577,24.5003,2.2936
12135.0,3.8964,50.4156,1.0437,110.4063,24.2988,2.2858
12140.0,3.893,49.8183,1.0417,108.8869,23.9765,2.2404
12145.0,3.8888,49.668,1.034,110.5634,23.9217,2.2047
12150.0,3.8843,50.098,1.0475,109.4135,24.0654,2.191
12155.0,3.8796,50.0622,1.0405,110.6938,24.0568,2.1844
12160.0,3.8754,49.6692,1.0341,108.9525,23.9445,2.1464
12165.0,3.8721,49.0379,1.0527,109.6728,23.9358,2.1392
12170.0,3.87,49.9694,1.0518,109.901,24.2576,2.1341
12175.0,3.8693,49.8206,1.0308,110.0,24.0891,2.1214
12180.0,3.87,49.6774,1.0215,109.2457,23.8721,2.1076
12185.0,3.8721,49.6874,1.04,109.0966,24.0769,2.1427
12190.0,3.8752,49.5991,1.0435,110.1773,23.6125,2.1862
12195.0,3.8795,49.9028,1.0113,108.8305,24.0077,2.2213
12200.0,3.8843,49.8977,1.0396,109.3512,24.4027,2.2137
12205.0,3.8888,50.0394,1.0833,111.7033,23.9379,2.2301
12210.0,3.893,50.1544,1.0564,110.3203,23.8181,2.2408
12215.0,3.8964,49.9553,1.0376,108.9375,23.8959,2.2237
12220.0,3.8984,50.2252,1.0424,110.1361,23.8035,2.2509
12225.0,3.8992,50.5427,1.0558,110.908,23.8827,2.2475
12230.0,3.8985,50.562,1.0483,112.0171,23.9745,2.2
12235.0,3.8963,50.6033,1.0442,109.6799,23.6901,2.1992
12240.0,3.8931,49.8485,1.0415,110.6434,24.0078,2.1542
12245.0,3.889,49.8293,1.0481,109.771,24.1832,2.1296
12250.0,3.8842,49.3122,1.0371,109.1643,23.6799,2.1177
12255.0,3.8797,50.0493,1.0522,109.4272,24.2358,2.0993
12260.0,3.8755,50.3801,1.0442,110.0417,23.9374,2.0707
12265.0,3.8722,49.7047,1.0374,109.8012,24.0297,2.0895
12270.0,3.8699,49.8122,1.0203,109.8457,23.5818,2.0481
12275.0,3.8693,49.2854,1.0257,108.7295,23.948,2.0622
12280.0,3.8698,49.5308,1.0222,108.5711,23.4642,2.089
12285.0,3.8722,49.7335,1.0337,109.9907,23.9765,2.0831
12290.0,3.8754,49.8195,1.0379,109.086,23.8255,2.0927
12295.0,3.8797,50.0096,1.0488,110.5541,23.958,2.1053
12300.0,3.8841,49.7258,1.0529,110.3438,23.5676,2.1583
12305.0,3.8887,50.0797,1.0551,111.1688,23.6795,2.217
12310.0,3.8931,49.7605,1.0465,109.4797,24.0897,2.2483
12315.0,3.8962,50.0649,1.0356,109.7433,23.7319,2.2788
12320.0,3.8985,49.7645,1.0617,112.2801,24.1014,2.302
12325.0,3.899,50.2582,1.0624,110.701,23.6465,2.293
12330.0,3.8985,50.4967,1.0464,109.4699,24.1884,2.2927
12335.0,3.8962,50.4894,1.0494,110.9186,23.6422,2.2555
12340.0,3.893,50.2494,1.0503,109.1249,24.0506,2.2616
12345.0,3.8889,49.8101,1.0471,110.2783,24.0224,2.229
12350.0,3.8841,50.2933,1.0281,109.9931,23.6408,2.1798
12355.0,3.8796,49.7537,1.03,109.4836,23.9094,2.1385
12360.0,3.8754,48.9852,1.0392,110.0407,23.7825,2.0897
12365.0,3.8721,49.4641,1.0397,109.9636,23.5448,2.0374
12370.0,3.8699,49.9758,1.0429,109.7419,23.4014,1.9869
12375.0,3.8691,49.6968,1.0168,108.7886,23.1509,1.9851
12380.0,3.8701,49.8918,1.0335,110.2826,23.7316,1.9685
12385.0,3.872,50.4056,1.0231,108.0744,23.2696,2.0016
12390.0,3.8755,49.3133,1.0372,108.8705,23.7131,1.9991
12395.0,3.8797,50.0472,1.027,108.4185,23.6605,2.0156
12400.0,3.8844,49.8579,1.0663,111.2193,23.9378,2.0395
12405.0,3.889,50.2982,1.0442,109.8126,23.7342,2.029
12410.0,3.8932,49.7273,1.0595,110.7974,23.7645,2.0564
12415.0,3.8966,50.3628,1.0464,110.8031,24.0583,2.0542
12420.0,3.8987,50.3994,1.0459,110.7684,23.9758,2.0717
12425.0,3.8994,49.6989,1.0517,111.2046,23.9737,2.0386
12430.0,3.8987,49.739,1.0589,111.3934,24.0,2.0398
12435.0,3.8964,49.8916,1.0598,111.2169,23.4729,2.0258
12440.0,3.8932,50.4709,1.0212,110.1059,24.0081,2.0366
12445.0,3.889,50.39,1.0349,107.7642,23.9256,2.0235
12450.0,3.8843,49.8244,1.0555,110.1534,23.4674,1.98
12455.0,3.8797,49.2111,1.0218,109.0076,23.6095,1.9368
12460.0,3.8755,50.0131,1.0387,109.2607,23.6143,1.9534
12465.0,3.8722,49.5981,1.0142,107.9494,23.5528,1.8897
12470.0,3.8701,50.1209,1.0171,106.9889,23.644,1.8648
12475.0,3.8695,49.3101,1.027,109.5072,23.9065,1.886
12480.0,3.8702,49.5369,1.0224,109.0352,23.8219,1.8655
12485.0,3.8721,49.7266,1.0224,108.7627,23.2402,1.9036
12490.0,3.8756,49.8268,1.0087,108.5237,23.7524,1.9205
12495.0,3.8798,50.0244,1.0533,110.5674,23.9665,1.9288
12500.0,3.8844,50.1354,1.0404,110.5114,23.7729,1.9707
12505.0,3.8891,49.9548,1.0206,111.0581,23.9908,1.9891
12510.0,3.8933,50.2602,1.0645,110.678,24.2585,2.0202
12515.0,3.8966,50.4561,1.0135,110.558,24.0402,2.042
12520.0,3.8987,49.8632,1.0526,110.5718,23.8635,2.0348
12525.0,3.8994,50.3589,1.0456,109.7881,24.0654,2.0566
12530.0,3.8987,49.4865,1.0743,112.7217,23.8287,2.0516
12535.0,3.8965,50.5113,1.0558,110.7983,23.7729,2.039
12540.0,3.8932,50.2779,1.0604,110.6022,23.6416,1.996
12545.0,3.8891,49.5385,1.0305,109.5442,24.0742,1.9879
12550.0,3.8843,49.7001,1.03,108.977,23.4281,1.9807
12555.0,3.8798,50.045,1.0256,108.6606,23.9653,1.9533
12560.0,3.8755,49.7215,1.0429,110.2871,23.6612,1.965
12565.0,3.872,50.2382,1.0353,108.2206,23.1491,1.9468
12570.0,3.87,50.196,1.0291,108.5747,23.5654,1.9607
12575.0,3.869,49.3071,1.0478,110.1045,22.937,1.9845
12580.0,3.87,49.4201,1.0181,109.0545,23.6217,2.0035
12585.0,3.8721,49.846,1.0447,109.6741,23.7039,2.0216
12590.0,3.8753,49.5411,1.0257,109.8934,23.3637,2.0852
12595.0,3.8795,49.8599,1.0268,108.8354,23.5806,2.1499
12600.0,3.8842,50.3009,1.0631,110.5273,24.0807,2.2112
12605.0,3.8886,50.392,1.0565,110.383,23.5082,2.2687
12610.0,3.8927,50.1429,1.0275,109.4242,23.4078,2.3046
12615.0,3.8962,49.7751,1.0527,111.9269,24.0724,2.3566
12620.0,3.8984,49.9026,1.0484,110.5112,24.2101,2.3882
12625.0,3.8989,50.4964,1.0443,109.6579,23.724,2.3984
12630.0,3.8982,50.169,1.0612,110.4437,23.9649,2.4606
12635.0,3.8961,49.991,1.0587,112.56,24.0225,2.4621
12640.0,3.8924,50.4919,1.0597,109.4036,23.4647,2.4792
12645.0,3.8883,49.4284,1.0474,109.7052,23.4836,2.4564
12650.0,3.8838,49.9698,1.0508,109.709,23.8628,2.4225
12655.0,3.8793,49.5777,1.0444,109.6744,23.9265,2.3837
12660.0,3.8748,49.6565,1.0132,108.7296,23.6007,2.4136
12665.0,3.8713,49.6897,1.0455,109.9293,23.2034,2.4137
12670.0,3.8695,49.8245,1.0214,108.5643,23.8955,2.4093
12675.0,3.8683,49.6449,1.0323,110.1786,23.2553,2.4469
12680.0,3.869,49.4915,1.04,110.1853,23.3084,2.4823
12685.0,3.8712,49.6915,1.0245,109.4256,23.4959,2.5062
12690.0,3.8747,49.8223,1.0262,109.0931,23.8288,2.545
12695.0,3.8787,49.8055,1.0211,110.2188,23.6925,2.6041
12700.0,3.8832,49.9096,1.0442,109.4475,23.626,2.6509
12705.0,3.8878,50.2122,1.0452,110.1571,23.6815,2.7137
12710.0,3.8919,49.6099,1.0498,111.286,23.6154,2.7386
12715.0,3.8952,50.5337,1.0429,109.567,23.7743,2.7887
12720.0,3.8965,50.7309,1.0246,108.6755,23.0208,2.8483
12725.0,3.8977,50.1892,1.0661,112.2811,23.5836,2.8775
12730.0,3.8971,50.2925,1.0725,111.3172,23.708,2.8501
12735.0,3.8947,49.9682,1.0529,109.7866,23.3359,2.8376
12740.0,3.8916,49.8776,1.0371,110.5349,23.6844,2.8398
12745.0,3.8871,49.7827,1.0432,110.8136,23.4923,2.8615
12750.0,3.8829,50.3241,1.0192,109.6852,23.9334,2.8423
12755.0,3.8782,49.7409,1.0432,109.6684,23.839,2.8192
12760.0,3.8735,49.5487,1.0562,111.8858,23.2851,2.7926
12765.0,3.8702,48.9765,1.0231,108.7157,23.3283,2.7904
12770.0,3.8681,49.6303,1.0445,110.5161,23.3239,2.7799
12775.0,3.8672,49.4869,1.0409,110.832,23.2199,2.7797
12780.0,3.8681,49.9599,1.0255,109.9152,23.3868,2.7906
12785.0,3.8699,49.6616,1.0313,109.7097,23.1676,2.8252
12790.0,3.8732,49.174,1.0308,109.6007,23.1057,2.8287
12795.0,3.8778,50.0663,1.0377,109.1851,23.5839,2.8591
12800.0,3.8823,50.1242,1.0289,109.6099,23.63,2.9167
12805.0,3.8865,50.1206,1.0391,109.4595,23.316,2.966
12810.0,3.891,50.0473,1.0434,110.6063,23.781,3.0265
12815.0,3.8938,50.4973,1.0538,111.1106,23.4307,3.0589
12820.0,3.8962,49.9562,1.0298,109.3608,23.6715,3.0865
12825.0,3.8971,50.1185,1.0391,109.3908,23.8191,3.0908
12830.0,3.8961,50.358,1.0799,111.5031,23.5967,3.093
12835.0,3.8942,50.4684,1.0417,109.0495,23.696,3.0524
12840.0,3.8906,49.9146,1.0467,109.7616,23.4187,3.03
12845.0,3.8866,49.9267,1.0374,109.9013,23.4555,2.9713
12850.0,3.8819,50.2814,1.0621,111.5912,23.4055,2.9644
12855.0,3.8771,49.999,1.0335,109.6119,23.2228,2.9281
12860.0,3.873,50.1084,1.0308,108.4454,23.3224,2.9176
12865.0,3.8692,50.4467,1.0446,110.0762,22.9452,2.9138
12870.0,3.8673,49.852,1.0281,109.6709,23.1872,2.9099
12875.0,3.8667,49.6735,1.0462,109.4951,23.2306,2.8922
12880.0,3.8673,49.1607,1.0447,109.0053,23.2443,2.9245
12885.0,3.8693,49.8127,1.0202,109.9499,23.2685,2.9679
12890.0,3.8727,49.7307,1.0336,109.0773,23.3459,2.981
12895.0,3.8769,49.7222,1.0571,110.1803,23.5224,3.0372
12900.0,3.8816,50.1536,1.0393,108.3633,23.667,3.0773
12905.0,3.8857,49.9139,1.0357,110.6922,23.3318,3.1329
12910.0,3.8893,50.225,1.0642,110.5971,23.2349,3.2103
12915.0,3.8927,50.4229,1.0521,110.2461,23.3081,3.2345
12920.0,3.8952,49.9338,1.0701,111.5057,23.4679,3.2287
12925.0,3.8958,50.1616,1.0379,110.3426,23.5089,3.2531
12930.0,3.895,49.896,1.0497,111.0093,23.3969,3.2408
12935.0,3.8925,49.9698,1.0404,109.1878,23.2441,3.2484
12940.0,3.8894,50.1539,1.0239,109.9195,23.421,3.2374
12945.0,3.8852,49.899,1.0688,112.0709,23.5387,3.2459
12950.0,3.8807,49.8288,1.0268,108.9331,23.596,3.2263
12955.0,3.8755,50.698,1.047,109.8755,23.2618,3.2139
12960.0,3.8714,49.3519,1.0403,110.0841,23.2565,3.1782
12965.0,3.8678,50.0135,1.0319,109.8416,23.0954,3.1732
12970.0,3.8661,49.9307,1.0327,108.9391,23.2985,3.1542
12975.0,3.8648,49.7069,1.0366,108.8227,23.0875,3.1709
12980.0,3.8662,50.1098,1.0399,109.2752,23.4509,3.1745
12985.0,3.8671,49.4119,1.0324,109.337,22.8833,3.2026
12990.0,3.8711,49.3971,1.0316,109.0392,23.2739,3.2259
12995.0,3.8758,50.2754,1.0484,109.7571,23.4819,3.2267
13000.0,3.8803,49.7028,1.0401,110.0356,23.5,3.2651
13005.0,3.8855,50.3039,1.032,109.6882,24.1747,3.355
13010.0,3.8885,50.5529,1.0444,110.259,23.632,3.4106
13015.0,3.8911,50.5009,1.0578,110.6502,23.328,3.4522
13020.0,3.8936,49.8906,1.047,111.152,23.5778,3.4655
13025.0,3.8936,50.7487,1.0559,111.1774,23.1664,3.4678
13030.0,3.8936,50.3615,1.039,109.8718,23.5845,3.4735
13035.0,3.8909,50.3775,1.0362,110.8479,23.3768,3.485
13040.0,3.8882,50.0896,1.0416,110.2431,23.7824,3.4847
13045.0,3.8832,50.2134,1.0484,110.2325,23.3762,3.4683
13050.0,3.8787,49.3705,1.0336,109.3858,23.4399,3.4436
13055.0,3.8739,49.2965,1.0078,107.9842,23.2658,3.4081
13060.0,3.8708,49.6654,1.0231,109.7368,23.8197,3.3822
13065.0,3.8664,49.7195,1.0557,110.0394,23.2736,3.3717
13070.0,3.8651,49.4924,1.0074,108.7275,23.793,3.3803
13075.0,3.8637,49.178,1.0297,110.2402,23.5334,3.4008
13080.0,3.8643,49.2829,1.045,110.2386,23.4601,3.4067
13085.0,3.8661,48.9631,1.0261,110.762,23.4556,3.4398
13090.0,3.8693,49.2739,1.047,110.0104,23.4976,3.4761
13095.0,3.8722,50.2837,1.0399,108.7136,22.9617,3.4981
13100.0,3.8779,49.934,1.0447,110.4876,23.423,3.5287
13105.0,3.8827,49.8013,1.0413,109.1182,23.7532,3.6024
13110.0,3.8865,50.4935,1.0446,110.5936,23.5745,3.6184
13115.0,3.8884,50.007,1.0502,110.1806,23.2716,3.6879
13120.0,3.8917,49.9851,1.035,111.1682,23.6342,3.6808
13125.0,3.8936,49.8867,1.0355,110.4743,24.0839,3.6672
13130.0,3.8925,50.2783,1.0649,112.2666,23.9655,3.6681
13135.0,3.8896,49.4414,1.0465,109.5796,23.6204,3.6628
13140.0,3.8869,50.3976,1.0548,111.4821,23.844,3.6389
13145.0,3.8822,49.7934,1.032,109.814,23.4762,3.5876
13150.0,3.8765,49.2624,1.0284,108.6172,23.0992,3.574
13155.0,3.8726,49.9225,1.0271,108.8967,23.2514,3.5278
13160.0,3.8697,49.642,1.0392,109.5124,23.8353,3.5104
13165.0,3.8651,49.7956,1.0364,108.9176,23.3468,3.5094
13170.0,3.8632,50.1227,1.0176,109.1578,23.3371,3.4809
13175.0,3.8625,49.7806,1.032,108.162,23.3197,3.4723
13180.0,3.8641,49.5578,1.0381,108.2111,23.8823,3.505
13185.0,3.8661,49.8013,1.0339,109.7545,23.8383,3.5242
13190.0,3.8695,49.7367,1.0322,109.2942,24.024,3.5701
13195.0,3.872,50.0259,1.0282,110.1021,23.4758,3.6248
13200.0,3.8769,49.9572,1.0367,108.7273,23.6404,3.6576
13205.0,3.8796,50.6538,1.0296,109.1928,23.2383,3.7399
13210.0,3.8856,49.8327,1.0386,109.9148,24.0332,3.7893
13215.0,3.8872,50.1712,1.0556,110.1195,23.41,3.8049
13220.0,3.8901,50.4584,1.0423,109.1118,23.7823,3.8366
13225.0,3.8898,49.9776,1.0605,109.8144,23.4661,3.848
13230.0,3.8893,49.9913,1.0506,109.3445,23.591,3.8514
13235.0,3.8874,50.0775,1.0424,110.1984,23.5127,3.8136
13240.0,3.884,49.9743,1.0444,110.2955,23.5421,3.8042
13245.0,3.8802,50.2318,1.0329,109.1417,23.5228,3.7586
13250.0,3.8753,50.2862,1.0415,108.9757,23.4796,3.7426
13255.0,3.8714,50.0751,1.0401,109.6115,23.7842,3.7353
13260.0,3.8658,49.5009,1.0352,109.3704,23.2634,3.7052
13265.0,3.8635,49.9294,1.0035,107.2328,23.5672,3.6862
13270.0,3.862,49.9413,1.0281,109.4736,23.8011,3.676
13275.0,3.8597,50.0405,1.0379,107.8653,23.3668,3.6923
13280.0,3.8603,49.9134,1.0273,107.8994,23.3289,3.6959
13285.0,3.8631,49.1617,1.016,108.2969,23.4781,3.6936
13290.0,3.8667,49.357,1.0441,108.9593,23.8699,3.7615
13295.0,3.8705,49.8125,1.0242,108.6271,23.6716,3.7764
13300.0,3.8748,49.4304,1.0428,109.0311,23.5429,3.7945
13305.0,3.8801,49.8019,1.0274,108.9914,23.8494,3.83
13310.0,3.8833,50.4076,1.0485,108.9869,23.5011,3.8495
13315.0,3.8874,50.01,1.0254,108.3826,23.9868,3.9049
13320.0,3.8897,50.0991,1.0761,111.3564,23.9465,3.9001
13325.0,3.8901,49.453,1.0483,110.1249,23.7815,3.8926
13330.0,3.8887,49.8979,1.0529,109.7013,23.6483,3.9012
13335.0,3.8866,49.7319,1.0287,109.1416,23.6218,3.8851
13340.0,3.8847,50.4044,1.0629,110.9859,23.951,3.8429
13345.0,3.8808,50.3645,1.0458,110.0616,24.0898,3.823
13350.0,3.8749,49.5847,1.0469,112.0598,23.584,3.7968
13355.0,3.8708,49.8476,1.0256,108.3941,23.8188,3.7814
13360.0,3.865,49.7036,1.0359,108.4991,23.148,3.7379
13365.0,3.8629,49.5306,1.0318,109.3637,23.4978,3.7136
13370.0,3.861,49.411,1.0247,108.3411,23.6223,3.7082
13375.0,3.8593,49.5294,1.0361,108.6427,23.4029,3.7257
13380.0,3.86,49.3596,1.0511,109.0388,23.4112,3.7315
13385.0,3.8618,49.3374,1.0306,108.7377,23.5074,3.7833
13390.0,3.8662,49.9881,1.0517,109.627,23.7884,3.7879
13395.0,3.8699,50.0278,1.0395,110.3514,23.7182,3.8204
13400.0,3.8733,49.6673,1.046,110.3281,23.2598,3.8286
13405.0,3.8777,50.3552,1.0161,108.9601,23.3436,3.8789
13410.0,3.8827,49.9957,1.0278,110.0132,23.772,3.9331
13415.0,3.8869,50.1237,1.0355,110.8268,24.0795,3.9558
13420.0,3.8867,50.2751,1.0336,108.7302,23.3078,3.9567
13425.0,3.8893,50.1085,1.0641,109.635,23.8855,3.964
13430.0,3.8888,49.9399,1.0211,108.3978,23.8799,3.9463
13435.0,3.8877,49.9959,1.0615,110.6046,24.3458,3.9553
13440.0,3.8832,49.8002,1.036,109.3188,23.8779,3.9293
13445.0,3.879,49.8294,1.0247,108.3058,24.0367,3.9355
13450.0,3.8743,50.1377,1.043,109.7124,23.9387,3.8998
13455.0,3.8678,49.7017,1.0418,110.0089,23.3332,3.8714
13460.0,3.8663,50.0293,1.053,109.4083,24.025,3.8263
13465.0,3.8624,49.8,1.0586,109.148,23.8626,3.8127
13470.0,3.8605,49.7863,1.0313,110.5734,23.9235,3.8015
13475.0,3.8621,49.2425,1.0343,108.3232,24.7798,3.7929
13480.0,3.8592,49.2621,1.0225,108.2891,23.2938,3.7599
13485.0,3.864,49.8891,1.0478,109.1916,24.2765,3.7836
13490.0,3.8658,49.6931,1.0451,109.6818,23.816,3.8128
13495.0,3.8705,49.4048,1.0285,108.4862,24.0109,3.8364
13500.0,3.8747,49.5711,1.0443,108.7349,23.9836,3.8852
13505.0,3.8792,50.0306,1.0487,108.9105,23.9448,3.9083
13510.0,3.8835,49.8338,1.0531,109.9395,23.9598,3.9207
13515.0,3.8874,49.7911,1.0448,109.1203,24.2275,3.9533
13520.0,3.8882,49.8781,1.0374,109.6882,23.7969,3.9615
13525.0,3.8906,49.7152,1.0383,108.7057,24.381,3.9703
13530.0,3.8891,49.603,1.0402,110.3102,24.0919,3.9647
13535.0,3.8868,50.305,1.0262,110.5129,23.9021,3.9328
13540.0,3.8846,49.944,1.0422,109.3068,24.0489,3.8706
13545.0,3.8811,49.7966,1.0502,110.3448,24.444,3.8727
13550.0,3.8755,49.6891,1.0424,108.8719,23.9597,3.8305
13555.0,3.8712,49.8905,1.0484,108.9132,24.147,3.8179
13560.0,3.8663,49.5234,1.02,109.1247,23.8431,3.7859
13565.0,3.8644,49.427,1.0181,109.0879,24.1925,3.7434
13570.0,3.8619,49.567,1.0339,109.4248,24.1635,3.7528
13575.0,3.8615,50.0801,1.0343,108.174,24.4574,3.7769
13580.0,3.861,49.4351,1.0252,109.6369,23.9692,3.7744
13585.0,3.8634,50.0801,1.0345,109.1316,24.2122,3.8145
13590.0,3.8668,49.1426,1.0524,109.8668,24.1134,3.8095
13595.0,3.872,50.2095,1.0436,110.2337,24.4653,3.8211
13600.0,3.8756,50.1623,1.02,107.8509,24.0188,3.8329
13605.0,3.8814,50.0661,1.0546,109.8998,24.4419,3.8512
13610.0,3.8847,50.248,1.0295,110.3812,24.2597,3.8979
13615.0,3.8881,50.4204,1.0523,109.952,24.3364,3.9231
13620.0,3.8901,49.8952,1.0342,109.6926,24.4077,3.9579
13625.0,3.8908,50.1737,1.0388,108.9913,24.4662,3.9765
13630.0,3.8895,49.8726,1.0388,109.9869,24.3779,3.9942
13635.0,3.8877,50.0715,1.0301,108.9034,24.4504,3.9757
13640.0,3.885,50.5184,1.0535,109.7275,24.7693,3.9701
13645.0,3.8811,49.8064,1.0328,108.1416,24.5906,3.902
13650.0,3.8763,49.5669,1.0484,109.7182,24.5264,3.8785
13655.0,3.8709,49.4739,1.0676,110.7975,24.1603,3.8383
13660.0,3.8662,49.4647,1.0358,109.1858,24.0214,3.8312
13665.0,3.8641,49.5726,1.0273,108.4062,24.4608,3.8086
13670.0,3.8626,49.529,1.0295,108.5309,24.4312,3.7508
13675.0,3.8622,49.4378,1.035,108.6928,24.5846,3.747
13680.0,3.8616,49.6239,1.0259,107.3491,24.0843,3.76
13685.0,3.8643,49.6826,1.0385,108.44,24.2109,3.7519
13690.0,3.8667,49.7322,1.0442,109.6807,23.9032,3.7714
13695.0,3.872,49.5244,1.0589,110.5983,24.2685,3.7791
13700.0,3.8774,49.9514,1.0313,108.8454,24.6739,3.8153
13705.0,3.8812,50.0824,1.0405,109.7264,24.3663,3.8503
13710.0,3.8863,50.2161,1.0457,109.5965,24.6967,3.8607
13715.0,3.8891,49.4622,1.0418,109.795,24.534,3.8823
13720.0,3.8916,50.4746,1.0339,109.5216,24.6959,3.8993
13725.0,3.8916,49.9278,1.0443,109.8501,24.3472,3.8916
13730.0,3.8914,50.3156,1.039,109.1993,24.6601,3.905
13735.0,3.887,50.1549,1.0496,109.6272,23.8818,3.9108
13740.0,3.8858,50.1784,1.0547,109.1011,24.5617,3.8729
13745.0,3.8809,49.7132,1.0452,110.3763,24.1711,3.8389
13750.0,3.8779,50.1972,1.0519,110.2444,24.846,3.8054
13755.0,3.8731,49.3539,1.0181,110.1558,24.7046,3.7722
13760.0,3.8685,49.779,1.0471,109.3212,24.5973,3.7656
13765.0,3.8659,49.9139,1.0295,109.461,24.84,3.733
13770.0,3.8626,49.9265,1.0137,108.4258,24.2134,3.7055
13775.0,3.8637,50.0155,1.0283,108.5215,24.8925,3.6724
13780.0,3.8638,49.4871,1.0276,110.0228,24.7083,3.6994
13785.0,3.8652,50.0085,1.022,109.207,24.4498,3.7198
13790.0,3.8697,49.8543,1.0478,109.8804,24.8384,3.713
13795.0,3.8728,49.6152,1.0298,109.3497,24.3321,3.7315
13800.0,3.8775,50.1069,1.0572,111.1046,24.4613,3.7663
13805.0,3.8821,49.4045,1.0489,110.2782,24.5741,3.814
13810.0,3.8863,49.6419,1.0407,110.4143,24.6483,3.8458
13815.0,3.8889,49.8992,1.0356,110.2345,24.562,3.9023
13820.0,3.8925,49.2398,1.0425,110.5974,25.1658,3.9031
13825.0,3.8922,50.7836,1.0379,109.5037,24.8151,3.9309
13830.0,3.8917,50.793,1.0531,110.8374,24.9732,3.9375
13835.0,3.8894,50.4445,1.0327,109.2178,24.7337,3.9019
13840.0,3.8858,49.2694,1.0406,109.5107,24.4005,3.8458
13845.0,3.8827,50.1543,1.0348,108.8866,24.894,3.8251
13850.0,3.8773,49.7172,1.0328,109.7788,24.3146,3.7603
13855.0,3.8738,50.1484,1.0411,110.4656,24.7418,3.7216
13860.0,3.869,49.8114,1.0428,109.4255,24.3877,3.6843
13865.0,3.8671,49.7408,1.0217,108.5822,25.2061,3.6854
13870.0,3.8643,49.6211,1.021,107.8799,24.9284,3.6967
13875.0,3.8628,49.5792,1.0445,109.4355,24.7324,3.7216
13880.0,3.8637,49.5755,1.037,108.5286,25.0419,3.7658
13885.0,3.8649,49.4261,1.0334,109.6735,24.5483,3.7663
13890.0,3.869,49.984,1.0267,108.2642,24.9417,3.7896
13895.0,3.8732,49.6982,1.0256,108.0708,24.9102,3.8
13900.0,3.8777,50.2566,1.0495,109.8122,24.9853,3.8524
13905.0,3.883,49.4782,1.0529,110.6459,25.2965,3.874
13910.0,3.8871,49.8897,1.0535,109.0187,25.216,3.8889
13915.0,3.8901,50.1656,1.0502,110.1468,25.151,3.9199
13920.0,3.8912,50.0208,1.0393,110.6276,24.6991,3.9268
13925.0,3.8923,50.1743,1.0354,110.4064,24.8929,3.9356
13930.0,3.892,50.3904,1.0358,109.673,25.1075,3.9409
13935.0,3.8897,49.8693,1.0568,110.8332,25.153,3.9527
13940.0,3.8857,50.0035,1.0248,110.7068,24.8266,3.9338
13945.0,3.8834,50.153,1.0447,109.748,25.6829,3.906
13950.0,3.8785,49.9014,1.0242,109.1075,25.4255,3.8579
13955.0,3.8734,49.4346,1.0442,110.0765,25.1632,3.8297
13960.0,3.869,49.5334,1.0334,109.5203,25.0016,3.798
13965.0,3.8656,49.3299,1.0262,108.4742,24.91,3.7745
13970.0,3.8631,49.5589,1.0445,108.8589,24.7164,3.7611
13975.0,3.8629,49.4974,1.0483,108.7869,24.9791,3.7598
13980.0,3.8637,49.9356,1.0165,108.3573,25.0441,3.7675
13985.0,3.8652,49.5143,1.0455,110.1025,24.7032,3.7701
13990.0,3.8695,49.6904,1.037,109.6651,25.1429,3.7838
13995.0,3.8735,49.9614,1.0399,109.4278,25.075,3.8049
14000.0,3.8772,50.0691,1.0488,110.7225,24.6958,3.8373
14005.0,3.8822,49.191,1.0338,109.9631,25.0166,3.8858
14010.0,3.8866,50.2029,1.0533,110.3407,25.1826,3.9208
14015.0,3.891,49.7239,1.0544,110.6233,25.8037,3.945
14020.0,3.8924,50.4433,1.0481,110.5677,25.5047,3.9766
14025.0,3.8921,49.4521,1.0462,110.2237,25.0515,3.9847
14030.0,3.8924,50.4238,1.0574,111.3186,25.512,3.9739
14035.0,3.8894,50.1753,1.0597,110.6225,24.9948,3.9499
14040.0,3.8872,50.1357,1.0568,110.3531,25.6316,3.9463
14045.0,3.8824,49.9434,1.0372,109.8929,25.2137,3.9124
14050.0,3.8781,50.2335,1.0606,109.5521,25.2741,3.8721
14055.0,3.8741,50.1612,1.0306,108.6773,25.595,3.8434
14060.0,3.8687,50.5352,1.0284,109.177,24.9122,3.812
14065.0,3.8657,49.9043,1.0305,108.7168,24.8639,3.762
14070.0,3.8638,50.0775,1.032,109.5289,25.0582,3.7622
14075.0,3.864,49.9986,1.0201,108.6596,25.4686,3.7473
14080.0,3.8633,49.6857,1.014,108.0279,24.8487,3.7672
14085.0,3.8649,49.6872,1.042,109.4571,24.554,3.7665
14090.0,3.8698,49.315,1.0222,109.4766,25.1945,3.7657
14095.0,3.8746,49.5583,1.0275,109.3094,25.4992,3.7725
14100.0,3.8797,49.935,1.0297,110.9079,25.7197,3.7927
14105.0,3.8834,49.9121,1.0531,109.379,25.3623,3.8392
14110.0,3.8875,50.1813,1.0825,111.7545,25.429,3.8829
14115.0,3.8919,50.0573,1.0419,108.4485,25.8655,3.8631
14120.0,3.8926,50.0341,1.056,110.4562,25.1428,3.8896
14125.0,3.8942,50.2367,1.0519,108.853,25.5323,3.8843
14130.0,3.894,49.5255,1.0444,110.32,25.6816,3.8486
14135.0,3.8922,50.1571,1.0565,110.627,25.7367,3.8108
14140.0,3.8888,50.4091,1.0252,109.9249,25.4756,3.7595
14145.0,3.8848,50.9878,1.0382,109.9895,25.5815,3.7317
14150.0,3.8793,50.0879,1.0344,109.4731,24.9161,3.6837
14155.0,3.8754,49.8305,1.0333,109.388,25.3389,3.6513
14160.0,3.8713,49.9806,1.0401,108.9175,25.5866,3.6702
14165.0,3.8675,50.1155,1.0257,108.4044,25.206,3.6419
14170.0,3.8659,50.4147,1.0271,109.1566,25.4565,3.6209
14175.0,3.8653,49.7894,1.0341,108.4476,25.5576,3.6124
14180.0,3.8659,50.0659,1.0274,109.3033,25.3789,3.5982
14185.0,3.8681,49.7365,1.046,109.5495,25.5398,3.6319
14190.0,3.8711,49.566,1.0327,108.8619,25.301,3.6453
14195.0,3.8754,49.7363,1.0332,110.247,25.543,3.6902
14200.0,3.8803,50.5201,1.0352,108.8835,25.8048,3.7251
14205.0,3.8852,49.5621,1.054,110.5727,25.7489,3.7094
14210.0,3.8892,50.1793,1.0609,111.1219,25.6159,3.7306
14215.0,3.8927,49.5957,1.0424,109.2438,25.8628,3.7672
14220.0,3.8951,50.6469,1.0566,110.5829,26.0176,3.7657
14225.0,3.8948,50.2545,1.0571,110.4205,25.3447,3.7799
14230.0,3.8953,50.5601,1.0598,110.5152,26.1504,3.7621
14235.0,3.893,50.0651,1.0496,110.6265,25.7661,3.7036
14240.0,3.8901,49.9263,1.0394,109.8589,25.934,3.6622
14245.0,3.8865,49.7724,1.0239,109.265,26.0958,3.5702
14250.0,3.8812,49.9702,1.0512,109.0475,25.4178,3.5277
14255.0,3.8768,50.6026,1.0261,109.5172,25.5475,3.4991
14260.0,3.8729,49.2522,1.0387,110.0311,25.6214,3.4488
14265.0,3.8692,49.1251,1.041,108.0557,25.4748,3.4599
14270.0,3.8678,49.7032,1.0298,109.8171,26.0934,3.4396
14275.0,3.8664,49.5888,1.0312,110.0539,25.4484,3.4382
14280.0,3.8672,49.8001,1.0314,108.2155,25.5413,3.4395
14285.0,3.8696,50.2753,1.0386,108.6578,25.7627,3.4422
14290.0,3.8726,49.7859,1.0315,108.7989,25.4543,3.4541
14295.0,3.8768,49.8595,1.0466,109.6618,25.7077,3.5244
14300.0,3.8818,49.7095,1.0487,110.1259,25.9422,3.5324
14305.0,3.8863,49.9373,1.0461,109.0313,25.8358,3.5579
14310.0,3.8905,49.9234,1.0368,109.9575,25.9472,3.5995
14315.0,3.8937,49.9663,1.0519,110.2067,25.8811,3.6171
14320.0,3.8955,50.4229,1.0431,110.7915,25.6658,3.6423
14325.0,3.8967,50.1761,1.0268,108.82,26.1417,3.6478
14330.0,3.8966,49.9655,1.0303,109.9017,26.5021,3.5905
14335.0,3.894,50.3526,1.0549,110.0258,26.056,3.5877
14340.0,3.891,50.1861,1.0525,110.6198,26.0839,3.5326
14345.0,3.887,49.9368,1.044,109.9004,26.1682,3.4864
14350.0,3.8819,50.0155,1.0254,108.8586,25.6404,3.4431
14355.0,3.878,50.0801,1.0501,109.5323,26.3461,3.4155
14360.0,3.8735,49.9096,1.0392,110.1331,25.9382,3.3875
14365.0,3.8704,49.9975,1.0261,109.3868,26.2713,3.3771
14370.0,3.8678,49.9171,1.031,108.1629,25.6676,3.3566
14375.0,3.8676,50.1111,1.0375,109.7957,26.3068,3.3603
14380.0,3.8682,49.8794,1.0443,109.5165,26.0621,3.3547
14385.0,3.8703,49.7799,1.0322,108.3192,26.0364,3.3568
14390.0,3.8736,49.8403,1.0517,109.9141,25.9984,3.3816
14395.0,3.8777,49.0367,1.0534,110.9117,25.928,3.4064
14400.0,3.8825,49.9527,1.0389,109.8635,26.3449,3.4509
14405.0,3.8869,50.0275,1.0262,109.5419,26.1344,3.4982
14410.0,3.8906,49.7785,1.0322,110.2788,25.6575,3.52
14415.0,3.8942,50.6114,1.0499,111.1298,25.9112,3.531
14420.0,3.8967,50.2611,1.042,111.5203,26.1734,3.5165
14425.0,3.8974,50.5567,1.0485,110.0159,26.3125,3.5371
14430.0,3.8966,50.0484,1.0495,110.3479,26.2213,3.5384
14435.0,3.8948,50.3039,1.0407,108.9892,26.5266,3.5129
14440.0,3.8908,50.2255,1.0462,110.2888,25.7085,3.4841
14445.0,3.8872,49.6367,1.0411,110.3395,26.1979,3.4375
14450.0,3.8821,50.1702,1.0589,110.0504,25.6686,3.4209
14455.0,3.8778,49.5847,1.0418,110.1862,26.274,3.4295
14460.0,3.8735,49.7945,1.0106,108.4226,26.0259,3.3934
14465.0,3.8702,49.4875,1.0356,110.202,26.1284,3.3927
14470.0,3.8677,49.4611,1.0429,109.3924,25.7932,3.3974
14475.0,3.8675,49.4788,1.0379,110.0964,26.3287,3.3827
14480.0,3.8682,49.2035,1.0412,109.6499,26.2834,3.3849
14485.0,3.8703,50.2277,1.0391,109.8438,26.197,3.3929
14490.0,3.8734,49.9441,1.0388,110.1437,26.0586,3.4207
14495.0,3.8778,49.9241,1.0503,109.7961,26.2843,3.438
14500.0,3.8822,50.3477,1.0545,110.9071,26.0154,3.461
14505.0,3.8873,50.4876,1.0446,109.1503,26.4588,3.4765
14510.0,3.8916,50.1383,1.052,110.094,26.7053,3.4962
14515.0,3.8948,50.4454,1.0442,109.8445,26.6,3.5153
14520.0,3.8965,50.5201,1.0319,109.6233,26.1773,3.5478
14525.0,3.8976,50.3177,1.049,111.8941,26.4634,3.5394
14530.0,3.8966,49.9065,1.0432,110.9178,26.0483,3.5171
14535.0,3.8948,49.4525,1.0389,109.3111,26.4991,3.5007
14540.0,3.8913,49.7966,1.0538,111.1448,26.4412,3.5112
14545.0,3.8866,50.042,1.0442,109.041,25.8248,3.5008
14550.0,3.8819,49.6926,1.0443,110.0893,25.961,3.5027
14555.0,3.8777,49.8955,1.035,110.946,26.1396,3.4413
14560.0,3.8736,49.9468,1.0564,109.6549,26.0987,3.4019
14565.0,3.87,50.0106,1.0296,109.6497,25.8435,3.3823
14570.0,3.8683,49.5935,1.0479,109.453,26.2268,3.3638
14575.0,3.8676,49.2287,1.0394,109.5204,26.1901,3.3375
14580.0,3.8682,49.7632,1.0447,109.3035,26.0908,3.3501
14585.0,3.8703,50.0062,1.0214,108.7928,25.9765,3.3489
14590.0,3.874,50.136,1.0268,108.8552,26.4655,3.3555
14595.0,3.8783,49.8308,1.0198,109.6802,26.6635,3.3893
14600.0,3.8827,50.3462,1.0425,110.7328,26.1795,3.3797
14605.0,3.8873,49.9305,1.04,110.2722,26.198,3.4053
14610.0,3.8917,50.6238,1.0597,109.6209,26.5199,3.4469
14615.0,3.8949,50.3432,1.0477,112.2114,26.3449,3.4633
14620.0,3.897,50.3318,1.0412,110.0799,26.4249,3.4744
14625.0,3.8979,50.5939,1.0399,109.5934,26.6559,3.4842
14630.0,3.8966,50.3863,1.0396,110.2599,25.9901,3.4984
14635.0,3.895,50.004,1.0434,110.6417,26.7793,3.4978
14640.0,3.8915,49.8265,1.0476,110.8726,26.4383,3.4785
14645.0,3.8871,50.3919,1.0332,109.4837,26.2789,3.4672
14650.0,3.8826,49.5587,1.0377,109.3912,26.3165,3.4339
14655.0,3.878,49.5935,1.0253,109.4319,26.2863,3.4021
14660.0,3.8735,49.8534,1.0407,109.4403,25.8242,3.3574
14665.0,3.8707,49.9177,1.0382,108.884,26.6006,3.3686
14670.0,3.8682,49.6947,1.031,107.4941,26.2188,3.3689
14675.0,3.8674,49.8376,1.0303,109.6131,26.3147,3.4012
14680.0,3.8682,49.5311,1.0467,108.3584,26.4519,3.4129
14685.0,3.8698,50.211,1.0226,108.4261,25.9826,3.4525
14690.0,3.8734,49.6447,1.0362,109.2045,26.3919,3.4863
14695.0,3.8776,49.6267,1.0452,110.9175,26.2508,3.4865
14700.0,3.8823,50.1101,1.0567,111.352,26.578,3.5509
14705.0,3.8861,50.0069,1.0358,109.1629,25.8831,3.6015
14710.0,3.8908,50.3384,1.0358,110.8374,26.4339,3.6352
14715.0,3.8941,50.4686,1.0328,109.2335,26.3431,3.6311
14720.0,3.8965,50.0576,1.038,111.1245,26.625,3.6479
14725.0,3.8972,50.3032,1.0418,109.2221,26.6435,3.6487
14730.0,3.8963,50.3883,1.0368,109.1135,26.3434,3.6291
14735.0,3.894,49.8623,1.0515,110.5174,26.3224,3.6502
14740.0,3.8907,49.6563,1.0526,110.4141,26.441,3.6515
14745.0,3.8863,49.9418,1.0595,111.5163,26.2039,3.631
14750.0,3.882,49.6069,1.0248,108.3962,26.5934,3.6074
14755.0,3.877,50.1755,1.0519,109.5251,26.2453,3.5932
14760.0,3.8721,49.3803,1.0538,109.4279,25.57,3.5583
14765.0,3.8693,49.6268,1.0243,107.9141,26.1706,3.5671
14770.0,3.867,49.8345,1.0351,107.1193,25.9841,3.5655
14775.0,3.8659,49.3758,1.0334,109.2096,25.8292,3.5836
14780.0,3.8668,50.1559,1.0214,107.992,25.9355,3.5769
14785.0,3.8693,49.1058,1.0435,108.8318,26.2939,3.5987
14790.0,3.8728,50.079,1.0439,109.5968,26.6321,3.6354
14795.0,3.8769,49.5932,1.0158,108.8891,26.4203,3.6359
14800.0,3.8811,49.7019,1.0612,109.4275,26.2367,3.6967
14805.0,3.8859,49.7357,1.0574,111.0459,26.5486,3.753
14810.0,3.8899,50.1507,1.0445,109.7005,26.3615,3.7653
14815.0,3.8932,50.4069,1.0606,110.3493,26.3355,3.7812
14820.0,3.8952,50.3711,1.0605,110.8326,26.2415,3.7942
14825.0,3.8957,50.3487,1.0423,110.5899,26.099,3.802
14830.0,3.8957,50.6877,1.061,111.055,26.4315,3.7606
14835.0,3.8936,50.1528,1.0502,110.4994,26.5465,3.7615
14840.0,3.8903,49.7122,1.0405,109.3524,26.4488,3.7169
14845.0,3.8861,50.5683,1.0438,109.899,26.3262,3.6852
14850.0,3.8813,49.9969,1.0485,111.6728,26.1464,3.6556
14855.0,3.8771,49.8756,1.0518,109.5548,26.4874,3.6169
14860.0,3.8724,49.9234,1.0471,108.295,25.9629,3.5935
14865.0,3.8694,50.3192,1.0289,109.0878,26.4517,3.6112
14870.0,3.8668,49.3733,1.0255,108.4825,25.9843,3.587
14875.0,3.8665,49.9558,1.0362,110.4462,26.0378,3.5266
14880.0,3.8671,49.0079,1.0194,108.6047,25.8649,3.5249
14885.0,3.8695,49.7102,1.0428,109.8119,26.1257,3.5312
14890.0,3.8731,49.6942,1.0205,109.4144,26.5262,3.5705
14895.0,3.8772,49.8786,1.0505,109.9814,26.4511,3.5902
14900.0,3.8819,50.0877,1.0447,109.9753,26.611,3.6291
14905.0,3.8865,49.7385,1.0424,109.5294,26.541,3.6458
14910.0,3.8903,50.2939,1.0438,110.2177,26.1741,3.6734
14915.0,3.8936,49.7977,1.0432,109.932,26.398,3.7354
14920.0,3.8955,49.7999,1.0494,108.9799,26.3044,3.758
14925.0,3.8966,50.26,1.0416,109.2766,26.8368,3.7958
14930.0,3.8953,50.039,1.047,109.801,26.1949,3.7715
14935.0,3.8939,50.1712,1.0429,110.5846,26.6933,3.7342
14940.0,3.8906,50.2136,1.0537,109.7654,26.657,3.7004
14945.0,3.8868,50.0908,1.0382,110.1236,26.8463,3.6445
14950.0,3.8817,49.6628,1.0146,108.8431,26.2369,3.6094
14955.0,3.8772,49.5291,1.0165,108.5325,26.4678,3.6018
14960.0,3.8734,49.6726,1.0579,111.7759,26.8149,3.5588
14965.0,3.8695,50.0841,1.0382,109.0771,26.0535,3.5281
14970.0,3.867,49.4803,1.043,109.958,25.7992,3.5286
14975.0,3.866,49.7058,1.0419,109.7211,25.702,3.5378
14980.0,3.8674,49.4725,1.0268,109.2231,26.3537,3.5554
14985.0,3.8688,50.0892,1.0138,108.3681,25.7221,3.5721
14990.0,3.8724,49.5819,1.0319,109.3575,26.1291,3.6186
14995.0,3.8768,50.0458,1.0451,108.8904,26.3692,3.6448
15000.0,3.8816,50.0848,1.0572,110.0205,26.3483,3.6476
15005.0,3.8865,49.6512,1.0369,108.3697,26.4505,3.6403
15010.0,3.8906,50.044,1.0388,109.5505,26.4371,3.6727
15015.0,3.8941,50.1491,1.0592,110.048,26.73,3.7009
15020.0,3.8958,50.504,1.0345,108.72,26.1889,3.6899
15025.0,3.8964,50.2218,1.0317,110.7332,26.2604,3.7253
15030.0,3.8957,49.5945,1.0391,109.4555,26.2244,3.716
15035.0,3.894,50.5401,1.03,109.4662,26.5989,3.6947
15040.0,3.8907,50.6103,1.0234,109.9603,26.5784,3.6777
15045.0,3.8864,50.6631,1.0577,110.1868,26.4192,3.6504
15050.0,3.882,49.9084,1.044,110.424,26.5508,3.6081
15055.0,3.8767,49.829,1.0515,111.2381,25.9088,3.5857
15060.0,3.8731,49.522,1.0259,109.2052,26.573,3.5729
15065.0,3.8699,49.0611,1.0208,109.6263,26.4984,3.5334
15070.0,3.8675,49.7992,1.0547,109.5628,26.2747,3.5338
15075.0,3.8668,49.6579,1.0149,108.7731,26.5233,3.5551
15080.0,3.8666,49.5192,1.0327,108.6012,25.6653,3.5649
15085.0,3.8691,49.6096,1.0355,108.9677,25.9639,3.5723
15090.0,3.8723,49.5751,1.0417,109.339,25.9385,3.5923
15095.0,3.8769,49.9138,1.0337,109.0767,26.3385,3.6217
15100.0,3.881,49.4337,1.0568,110.0857,25.9359,3.6543
15105.0,3.8862,50.1845,1.036,111.6303,26.4281,3.6895
15110.0,3.8906,50.5341,1.0339,109.6209,26.6169,3.6925
15115.0,3.8937,50.3333,1.0159,110.3036,26.475,3.7252
15120.0,3.8957,50.3714,1.0388,109.4121,26.387,3.7403
15125.0,3.8962,50.2337,1.044,111.4774,26.07,3.733
15130.0,3.8954,50.1489,1.0652,111.2394,26.0913,3.7322
15135.0,3.8938,50.3134,1.0628,109.6888,26.5875,3.7366
15140.0,3.8902,50.1969,1.0326,108.7665,26.43,3.7261
15145.0,3.8859,49.4669,1.0533,112.4271,26.1768,3.6839
15150.0,3.8813,50.0112,1.0553,110.6683,26.0288,3.6374
15155.0,3.876,50.001,1.0309,108.7903,25.5736,3.6234
15160.0,3.8721,49.9326,1.0496,110.1668,25.7634,3.5932
15165.0,3.8698,50.0288,1.0283,109.6029,26.4687,3.551
15170.0,3.8668,49.6584,1.0415,109.6571,25.6422,3.5327
15175.0,3.8666,49.8253,1.0371,109.9187,25.9951,3.5084
15180.0,3.8675,49.9367,1.0478,109.097,26.1996,3.5055
15185.0,3.8691,49.535,1.05,108.5221,25.6478,3.5135
15190.0,3.8726,49.6307,1.0537,110.4501,26.0334,3.5643
15195.0,3.8768,49.4266,1.035,108.6494,26.256,3.6223
15200.0,3.8814,49.6033,1.0564,109.5568,26.0633,3.6277
15205.0,3.8868,50.0699,1.0274,110.0038,26.8159,3.6463
15210.0,3.8896,50.1603,1.0568,111.8474,25.7157,3.69
15215.0,3.8937,49.7468,1.054,110.1255,26.4228,3.7199
15220.0,3.8955,50.2713,1.0398,110.5742,26.1283,3.7239
15225.0,3.8965,50.5715,1.0458,108.8368,26.3638,3.7381
15230.0,3.8956,49.9793,1.049,110.0101,26.2658,3.7372
15235.0,3.893,49.6531,1.0395,111.6391,25.9427,3.7332
15240.0,3.89,50.164,1.0575,112.094,26.1418,3.7117
15245.0,3.8854,50.2737,1.0441,108.2315,25.57,3.6479
15250.0,3.8816,50.0999,1.0483,110.1492,26.1306,3.5997
15255.0,3.8769,49.3558,1.0443,110.3004,25.9996,3.5583
15260.0,3.8727,49.8041,1.0364,109.8132,26.0344,3.5496
15265.0,3.8696,49.484,1.0207,109.2211,26.0976,3.508
15270.0,3.8674,49.6649,1.0271,108.8598,25.8951,3.4753
15275.0,3.8666,49.9989,1.0534,109.729,25.8242,3.4667
15280.0,3.8671,50.1297,1.0395,109.3236,25.5655,3.4662
15285.0,3.8691,49.4892,1.0293,109.167,25.6203,3.4984
15290.0,3.8729,49.9669,1.0321,110.2486,26.1194,3.5347
15295.0,3.8771,50.354,1.0306,110.4438,26.2147,3.5727
15300.0,3.8813,50.756,1.0413,109.548,25.8335,3.596
15305.0,3.886,49.8807,1.0251,108.8559,25.9419,3.6307
15310.0,3.8899,49.6544,1.0405,109.2735,25.737,3.6565
15315.0,3.8938,50.6176,1.039,109.4661,26.2804,3.6825
15320.0,3.8958,50.1865,1.0414,110.769,26.1657,3.693
15325.0,3.8969,50.0515,1.0501,111.4034,26.4828,3.6858
15330.0,3.8954,49.9127,1.053,110.6842,25.7613,3.6781
15335.0,3.8933,50.1072,1.0556,110.8973,25.8558,3.6707
15340.0,3.8903,50.0665,1.0416,109.2595,25.9656,3.6316
15345.0,3.8861,49.8856,1.069,110.3496,26.0181,3.6212
15350.0,3.8813,50.1018,1.026,110.6598,25.7468,3.583
15355.0,3.8761,49.344,1.0346,108.9437,25.5266,3.5969
15360.0,3.8725,50.8612,1.0264,108.7206,25.9138,3.5594
15365.0,3.869,49.4724,1.0587,110.056,25.831,3.5613
15370.0,3.8664,49.688,1.0324,109.099,25.3907,3.5394
15375.0,3.8665,49.5171,1.0361,109.825,25.9416,3.5087
15380.0,3.8674,49.7694,1.0457,110.4722,25.8929,3.4758
15385.0,3.8691,50.0391,1.0422,109.4857,25.6455,3.5065
15390.0,3.8724,49.5574,1.0207,109.9892,25.6552,3.53
15395.0,3.8769,50.0822,1.0318,110.1297,25.8057,3.5353
15400.0,3.8811,49.8523,1.0448,109.7454,25.4883,3.5657
15405.0,3.886,50.3819,1.0791,110.7854,25.7477,3.5908
15410.0,3.8896,49.4908,1.0453,109.7863,25.2339,3.6071
15415.0,3.8937,50.2764,1.055,111.0071,26.0143,3.6369
15420.0,3.8952,50.159,1.0498,110.6286,25.4161,3.6353
15425.0,3.8967,49.4072,1.0566,111.118,26.1796,3.6617
15430.0,3.8954,49.5411,1.0291,110.2512,25.7038,3.6653
15435.0,3.8934,50.5319,1.0346,109.1032,25.702,3.6404
15440.0,3.8899,49.6679,1.0478,110.335,25.5547,3.6238
15445.0,3.8857,49.6336,1.0324,111.4025,25.5876,3.6054
15450.0,3.8814,49.7866,1.0249,109.0004,25.9577,3.5971
15455.0,3.8754,49.7533,1.0212,108.5574,24.9245,3.5785
15460.0,3.8725,49.7366,1.0531,109.263,25.8137,3.5511
15465.0,3.8686,49.627,1.0331,109.007,25.5355,3.5663
15470.0,3.866,49.6724,1.0323,108.9369,25.1176,3.5434
15475.0,3.8651,50.1874,1.0416,109.5339,25.1328,3.5582
15480.0,3.8667,49.6181,1.042,109.911,25.8178,3.5707
15485.0,3.8679,49.9731,1.029,108.0178,25.1732,3.5846
15490.0,3.8714,49.9642,1.0575,110.5171,25.1441,3.5752
15495.0,3.8764,49.9768,1.0494,111.0271,25.7481,3.597
15500.0,3.8806,49.3301,1.0533,110.6354,25.5844,3.6476
15505.0,3.8848,50.4295,1.033,109.414,25.3012,3.683
15510.0,3.8892,50.1886,1.0499,109.8064,25.6211,3.7232
15515.0,3.8921,50.2334,1.0651,110.6908,25.3333,3.7426
15520.0,3.8947,50.3657,1.0451,110.051,25.8757,3.7924
15525.0,3.8954,50.1944,1.0372,110.1005,25.8627,3.7994
15530.0,3.8947,50.6257,1.0497,109.0546,25.7125,3.7698
15535.0,3.8926,49.9973,1.0471,110.803,25.6381,3.7414
15540.0,3.8898,49.9236,1.0609,109.5694,25.9442,3.7109
15545.0,3.8848,49.9074,1.0413,110.5735,25.4515,3.7057
15550.0,3.8792,49.7241,1.0361,109.0027,25.0992,3.725
15555.0,3.8752,49.498,1.0253,108.1325,25.4501,3.696
15560.0,3.8716,49.9102,1.0546,109.6639,25.8069,3.6685
15565.0,3.8667,50.5039,1.0284,108.997,24.988,3.6861
15570.0,3.8651,49.6387,1.0234,107.7995,25.1194,3.652
15575.0,3.8648,49.7466,1.0352,109.4724,25.296,3.6324
15580.0,3.8654,49.9561,1.0351,109.5349,25.1751,3.6252
15585.0,3.8673,49.5617,1.0352,108.7898,24.9538,3.623
15590.0,3.8716,50.2259,1.0382,109.2373,25.5024,3.6213
15595.0,3.8762,49.6472,1.0123,108.5906,25.8332,3.6488
15600.0,3.8799,50.2816,1.0326,109.5159,25.338,3.6985
15605.0,3.884,49.8327,1.0392,109.3786,25.0987,3.7319
15610.0,3.888,49.5423,1.0463,109.8252,24.9687,3.7489
15615.0,3.8919,49.5465,1.0413,109.5569,25.4431,3.792
15620.0,3.8946,49.693,1.0449,110.8799,25.6653,3.7778
15625.0,3.8948,50.4227,1.051,110.4394,25.5049,3.8067
15630.0,3.8937,50.1919,1.0509,111.2927,25.3676,3.8224
15635.0,3.8915,49.8814,1.047,111.1366,25.1891,3.7861
15640.0,3.8881,49.8949,1.0331,110.1193,25.0196,3.751
15645.0,3.8849,50.4286,1.0376,109.9834,25.449,3.6968
15650.0,3.8805,49.2229,1.0323,111.0362,25.4119,3.6399
15655.0,3.8748,49.8763,1.0303,108.6391,24.7402,3.6138
15660.0,3.8717,49.6666,1.0299,108.7393,25.4718,3.6046
15665.0,3.8682,50.0934,1.0226,108.3375,25.1742,3.549
15670.0,3.8665,49.9212,1.0339,108.783,25.3488,3.5189
15675.0,3.8646,49.6094,1.0403,108.1096,24.6456,3.5263
15680.0,3.8655,49.9106,1.0149,109.6825,24.6366,3.5155
15685.0,3.868,50.1902,1.03,108.5212,24.9518,3.5306
15690.0,3.8718,49.7873,1.0294,108.0095,25.1375,3.5287
15695.0,3.8761,49.5475,1.0442,110.6949,25.4924,3.5968
15700.0,3.8802,50.2067,1.0628,109.5291,25.2558,3.6458
15705.0,3.8843,49.6696,1.0444,109.8302,25.0547,3.6877
15710.0,3.8879,50.0221,1.0459,109.9793,24.8903,3.7468
15715.0,3.8918,49.9305,1.0522,109.3315,25.4773,3.8058
15720.0,3.8928,49.9979,1.0459,111.0199,24.9397,3.8315
15725.0,3.8948,50.2899,1.0409,110.1936,25.5851,3.8257
15730.0,3.8934,49.9551,1.0537,109.9298,25.0893,3.8057
15735.0,3.892,49.7465,1.0417,109.6685,25.5266,3.7887
15740.0,3.888,49.6018,1.0584,110.0788,25.2554,3.799
15745.0,3.8833,49.9293,1.0257,108.8756,24.9995,3.7898
15750.0,3.8785,50.5329,1.0296,108.0433,24.8475,3.7561
15755.0,3.8739,49.4916,1.0416,109.2752,24.8357,3.7258
15760.0,3.87,49.8338,1.0302,109.2687,24.9762,3.7046
15765.0,3.8663,49.6151,1.0152,108.4725,24.8452,3.7014
15770.0,3.8644,49.6022,1.029,108.6881,24.6462,3.6379
15775.0,3.8636,49.6967,1.0569,110.4035,24.736,3.6466
15780.0,3.8646,49.7121,1.0262,107.8106,24.7946,3.6411
15785.0,3.8658,50.1043,1.0264,108.2666,24.2542,3.6378
15790.0,3.8701,49.9933,1.0543,110.5275,24.9243,3.6878
15795.0,3.8731,49.9523,1.0342,109.8471,24.5969,3.7499
15800.0,3.8774,49.3807,1.0305,109.5097,24.5901,3.806
15805.0,3.8823,49.8083,1.0376,110.2681,24.4933,3.7848
15810.0,3.8863,50.4127,1.0478,110.5189,24.4988,3.8238
15815.0,3.8899,50.3936,1.0421,110.1422,24.632,3.8407
15820.0,3.8927,50.0323,1.0394,110.6932,24.8054,3.8242
15825.0,3.8945,50.455,1.0528,110.1008,25.4688,3.838
15830.0,3.8925,50.1193,1.0595,109.8879,24.8322,3.8413
15835.0,3.8909,50.4354,1.0549,111.5588,24.9774,3.8105
15840.0,3.8877,49.9771,1.0627,110.0472,24.9905,3.7854
15845.0,3.8833,50.2397,1.0355,109.2294,24.872,3.7592
15850.0,3.8787,49.4621,1.0491,109.4304,24.7643,3.7224
15855.0,3.8734,49.9471,1.0043,108.4605,24.4292,3.6945
15860.0,3.8705,49.6913,1.0092,108.7711,25.0398,3.6618
15865.0,3.8674,49.4964,1.0261,110.2376,25.0865,3.6277
15870.0,3.8635,49.454,1.0437,109.0668,24.1837,3.6282
15875.0,3.8635,49.7737,1.0439,108.045,24.3319,3.5845
15880.0,3.8644,49.6034,1.024,108.6265,24.5164,3.6074
15885.0,3.8661,49.5099,1.0302,108.9626,24.3576,3.6287
15890.0,3.8703,49.8481,1.0396,110.561,24.7495,3.629
15895.0,3.874,49.8284,1.0268,108.9828,24.4739,3.6431
15900.0,3.8803,49.9697,1.0362,111.541,25.2349,3.6257
15905.0,3.8848,50.1755,1.0362,109.841,25.0289,3.625
15910.0,3.8887,49.7722,1.0411,109.4879,24.8175,3.6399
15915.0,3.8925,50.0349,1.0451,109.7856,25.0457,3.645
15920.0,3.8946,49.7423,1.0643,110.7473,25.0782,3.6618
15925.0,3.895,50.0831,1.0696,110.7709,24.6596,3.6211
15930.0,3.8942,50.0808,1.0431,107.9567,24.5808,3.6106
15935.0,3.8924,50.298,1.0298,110.113,24.7747,3.5932
15940.0,3.8897,49.5012,1.0361,109.8517,24.9291,3.5317
15945.0,3.8854,49.6444,1.0474,109.4004,24.6984,3.473
15950.0,3.8804,49.7739,1.064,110.2561,24.2149,3.4056
15955.0,3.8764,49.6616,1.0462,109.2529,24.354,3.3274
15960.0,3.8723,49.8508,1.0205,109.4903,24.4863,3.3144
15965.0,3.8692,49.4142,1.0325,109.7232,24.4447,3.2635
15970.0,3.8679,49.7819,1.0546,110.6358,24.9276,3.1956
15975.0,3.8666,49.5029,1.0294,109.0949,24.0727,3.1251
15980.0,3.868,49.9762,1.0261,109.368,24.5452,3.0883
15985.0,3.8704,49.6503,1.0357,109.4037,24.8046,3.0784
15990.0,3.8739,50.0339,1.0389,110.887,25.0258,3.0953
15995.0,3.8777,49.7849,1.0337,110.1493,24.391,3.0762
16000.0,3.8826,49.6677,1.056,110.6585,24.6538,3.0929
16005.0,3.8874,50.0577,1.0315,109.1309,24.7123,3.0821
16010.0,3.8916,49.9733,1.0589,110.1417,24.6532,3.0716
16015.0,3.8948,49.9912,1.0612,109.5836,24.6055,3.0997
16020.0,3.8972,50.6962,1.0429,110.3795,24.7532,3.0764
16025.0,3.8972,50.0981,1.0469,111.4997,24.0113,3.1086
16030.0,3.8972,50.4128,1.0332,109.1277,24.8005,3.1018
16035.0,3.8951,49.8844,1.023,110.8101,24.6332,3.0328
16040.0,3.8918,50.4175,1.049,110.8753,24.5059,2.9962
16045.0,3.8878,49.9587,1.0437,109.8934,25.0245,3.0103
16050.0,3.8827,49.7196,1.0392,109.4283,24.2909,2.967
16055.0,3.8782,50.2362,1.031,110.6438,24.3058,2.9277
16060.0,3.8745,49.8049,1.0566,111.0816,24.856,2.873
16065.0,3.8708,49.8658,1.0402,110.1078,24.1103,2.821
16070.0,3.8688,50.0373,1.0288,109.4283,24.153,2.7882
16075.0,3.8682,49.6466,1.0183,106.9666,24.24,2.7521
16080.0,3.8692,49.9491,1.0485,109.2961,24.4879,2.7107
16085.0,3.8712,49.6469,1.0296,108.5008,24.3447,2.7405
16090.0,3.8744,49.7514,1.0179,109.6342,23.9966,2.7114
16095.0,3.8788,49.9844,1.0326,109.0467,24.2224,2.6999
16100.0,3.8835,50.5102,1.0609,111.8825,24.2439,2.7057
16105.0,3.8883,49.9649,1.0199,110.3016,24.4168,2.704
16110.0,3.8925,50.0936,1.0222,109.0363,24.5785,2.7232
16115.0,3.8958,50.0554,1.031,108.754,24.604,2.7519
16120.0,3.8977,50.6655,1.0663,110.7816,24.071,2.7458
16125.0,3.8988,50.38,1.0503,110.0231,24.7827,2.7441
16130.0,3.898,50.3744,1.0371,109.5159,24.567,2.7305
16135.0,3.8959,50.2318,1.0569,110.1166,24.8232,2.7392
16140.0,3.8925,50.0329,1.0517,110.4753,24.5495,2.7052
16145.0,3.8884,50.2215,1.0565,110.4537,24.6666,2.6753
16150.0,3.8837,50.1496,1.0268,109.6127,24.4564,2.6294
16155.0,3.8792,50.7155,1.0369,109.3372,24.6248,2.6189
16160.0,3.8749,50.0712,1.0362,110.5808,24.3719,2.6045
16165.0,3.8716,49.9443,1.042,109.0305,24.1787,2.5349
16170.0,3.8697,49.6597,1.0194,107.5168,24.745,2.4906
16175.0,3.8688,50.2961,1.0167,108.9281,24.387,2.4991
16180.0,3.8695,50.4019,1.0325,109.2547,24.3108,2.5057
16185.0,3.8714,49.9386,1.0347,110.1278,23.8649,2.5111
16190.0,3.8748,50.0684,1.023,110.6501,23.8905,2.5226
16195.0,3.8792,49.8914,1.0517,109.558,24.3231,2.5375
16200.0,3.8838,49.848,1.0494,111.0329,24.3283,2.5619
16205.0,3.8884,50.0017,1.0293,109.4195,24.1804,2.5655
16210.0,3.8926,50.2827,1.0325,110.7231,24.4068,2.6103
16215.0,3.8961,50.6934,1.0536,111.5022,24.7977,2.6411
16220.0,3.8982,50.0386,1.0402,109.5773,24.5916,2.64
16225.0,3.8987,49.989,1.0698,111.7516,24.1359,2.631
16230.0,3.8981,50.4663,1.0395,111.3893,24.382,2.614
16235.0,3.8959,50.4931,1.0528,110.7991,24.1836,2.5783
16240.0,3.8927,50.2849,1.022,108.9648,24.251,2.5587
16245.0,3.8885,50.746,1.0467,111.0094,24.1991,2.4998
16250.0,3.8839,50.3348,1.0402,109.2146,24.1332,2.4744
16255.0,3.8791,49.8519,1.0548,110.4635,23.889,2.4461
16260.0,3.8752,50.242,1.0331,109.9842,24.1256,2.37
16265.0,3.8719,49.6096,1.0298,108.6148,23.9809,2.3219
16270.0,3.8696,50.2965,1.03,109.0507,23.3642,2.24
16275.0,3.8693,49.8447,1.0396,109.7145,24.5994,2.2496
16280.0,3.87,49.7773,1.0382,109.6603,24.3626,2.2367
16285.0,3.872,49.6135,1.0372,108.6065,24.0147,2.2597
16290.0,3.8753,50.1974,1.0227,108.4959,24.1439,2.2683
16295.0,3.8794,50.0171,1.0177,108.4853,23.8853,2.2849
16300.0,3.8843,50.2005,1.0279,109.8033,24.6458,2.3101
16305.0,3.8889,50.3355,1.0636,110.7009,24.74,2.3511
16310.0,3.893,50.2957,1.0585,111.1791,24.3441,2.3741
16315.0,3.8964,50.5878,1.051,110.5838,24.5916,2.3896
16320.0,3.8985,50.3311,1.0573,110.3092,24.3985,2.3629
16325.0,3.8991,49.7553,1.0392,109.422,24.0256,2.3809
16330.0,3.8985,50.409,1.0647,112.4791,24.2474,2.3478
16335.0,3.8964,49.7006,1.0637,110.6379,24.3599,2.3387
16340.0,3.893,50.5748,1.0419,110.9527,24.1782,2.3114
16345.0,3.8889,50.2109,1.0536,110.4156,24.1934,2.2718
16350.0,3.8842,49.9598,1.0295,109.3205,24.1771,2.2384
16355.0,3.8796,49.5801,1.0406,110.983,24.1317,2.2013
16360.0,3.8754,49.6551,1.0164,107.1667,24.1215,2.179
16365.0,3.872,50.016,1.034,110.8011,23.8086,2.1531
16370.0,3.8699,50.0925,1.017,108.5223,23.8717,2.1272
16375.0,3.8691,50.0432,1.0356,109.1862,23.7211,2.1466
16380.0,3.8701,49.4359,1.0301,109.7746,24.2928,2.1347
16385.0,3.872,49.8646,1.0441,109.179,23.542,2.1079
16390.0,3.8756,49.8777,1.0313,109.7268,24.3889,2.1233
16395.0,3.8798,50.046,1.0471,109.3278,24.4879,2.1487
16400.0,3.8843,49.3197,1.0399,110.4424,24.1112,2.1537
16405.0,3.8888,50.0511,1.0507,109.7996,23.5814,2.162
16410.0,3.8931,50.3841,1.0532,111.3493,24.1829,2.197
16415.0,3.8965,49.9001,1.0532,110.6424,24.2897,2.2298
16420.0,3.8985,50.0063,1.052,110.3445,24.0738,2.2502
16425.0,3.8993,50.1144,1.0606,109.8859,24.2045,2.2294
16430.0,3.8987,50.1812,1.0482,112.0321,24.7081,2.2195
16435.0,3.8966,50.3672,1.0416,110.7196,24.4702,2.1598
16440.0,3.8932,50.0864,1.0314,109.4773,24.0394,2.1085
16445.0,3.889,50.2572,1.063,112.2525,23.8291,2.066
16450.0,3.8844,50.2034,1.0254,108.5385,24.1003,2.0306
16455.0,3.8798,49.8045,1.0455,109.3652,24.0824,1.9929
16460.0,3.8757,50.1768,1.0295,109.1993,24.2181,1.9589
16465.0,3.8723,49.8053,1.0362,109.7471,23.9272,1.9371
16470.0,3.8702,49.7646,1.0303,109.5932,24.1678,1.9086
16475.0,3.8696,49.9665,1.0558,110.1666,24.5167,1.8896
16480.0,3.8703,49.6332,1.0229,108.2887,24.2446,1.8908
16485.0,3.8724,49.8672,1.0579,111.2039,24.0505,1.8953
16490.0,3.8757,49.6836,1.0329,109.1114,24.0505,1.9064
16495.0,3.8799,50.2319,1.0348,110.0621,24.0496,1.9271
16500.0,3.8845,49.7722,1.0656,110.693,24.481,1.9843
16505.0,3.8891,49.597,1.0393,110.7496,24.0762,1.9923
16510.0,3.8933,50.1649,1.0335,109.6856,24.2871,2.002
16515.0,3.8966,50.2357,1.0586,110.816,24.3227,2.0411
16520.0,3.8987,50.0139,1.0557,110.812,24.2069,2.0535
16525.0,3.8994,50.6223,1.0614,112.2115,23.9977,2.0573
16530.0,3.8988,50.4007,1.0442,110.1085,24.4154,2.0576
16535.0,3.8967,49.6134,1.0586,110.0516,24.2995,2.0189
16540.0,3.8934,49.8469,1.0589,112.1267,24.408,1.9741
16545.0,3.8892,50.4056,1.0329,109.7415,24.1092,1.8765
16550.0,3.8846,49.1379,1.0572,111.3776,24.503,1.8585
16555.0,3.8799,49.8205,1.0484,109.7171,23.9338,1.8437
16560.0,3.8758,49.3765,1.0289,110.6095,24.5409,1.7985
16565.0,3.8724,49.6179,1.0242,109.4228,23.6446,1.7767
16570.0,3.8704,50.1167,1.0408,110.2386,24.1707,1.7368
16575.0,3.8696,50.1446,1.0446,109.9495,24.1755,1.7607
16580.0,3.8703,49.6963,1.0331,108.6367,23.8671,1.7606
16585.0,3.8725,50.3097,1.0392,110.2437,24.1955,1.7204
16590.0,3.8759,49.5185,1.0434,109.7256,24.4446,1.7452
16595.0,3.8799,50.1026,1.0357,110.3869,23.6145,1.7615
16600.0,3.8847,50.2447,1.054,110.5702,24.3431,1.781
16605.0,3.8891,50.2937,1.0468,111.3992,23.6428,1.8095
16610.0,3.8934,50.0249,1.0496,111.272,24.069,1.83
16615.0,3.8968,50.2498,1.0467,110.3571,24.7534,1.864
16620.0,3.8989,49.9147,1.0654,110.7281,24.2245,1.8718
16625.0,3.8996,49.8098,1.0556,109.9602,24.0865,1.8613
16630.0,3.8989,50.2815,1.0425,109.1095,24.3259,1.8629
16635.0,3.8969,50.3839,1.0695,111.537,24.8738,1.7833
16640.0,3.8934,50.4646,1.0399,110.2828,23.8686,1.7716
16645.0,3.8893,49.9354,1.0514,110.7939,24.0248,1.7254
16650.0,3.8847,50.087,1.0458,109.6305,24.6187,1.7247
16655.0,3.8801,50.0449,1.0538,110.5666,24.6655,1.6463
16660.0,3.8759,49.1769,1.0498,110.7665,24.1365,1.6106
16665.0,3.8725,49.9018,1.0343,108.5492,23.8226,1.5627
16670.0,3.8705,49.9692,1.0297,108.9359,24.6383,1.5455
16675.0,3.8698,49.7026,1.0277,110.3344,24.509,1.5099
16680.0,3.8705,50.1621,1.0269,108.8146,24.2908,1.5116
16685.0,3.8726,49.9059,1.0188,108.0535,23.9428,1.488
16690.0,3.8759,50.2179,1.0441,109.5914,24.1703,1.4499
16695.0,3.8801,49.9482,1.0343,110.1064,24.1879,1.4483
16700.0,3.8848,49.4911,1.0434,109.3763,24.3607,1.4592
16705.0,3.8895,50.1753,1.0257,109.189,24.6908,1.4832
16710.0,3.8936,50.3421,1.0388,109.9716,24.5935,1.505
16715.0,3.8969,49.8219,1.0392,111.0086,24.1414,1.5167
16720.0,3.8991,50.0251,1.0499,110.2117,24.78,1.516
16725.0,3.8998,49.9552,1.0384,110.5943,24.5255,1.4848
16730.0,3.8991,49.7867,1.0315,110.1444,24.6156,1.4774
16735.0,3.897,50.1502,1.0424,110.3103,24.7933,1.4666
16740.0,3.8936,50.4592,1.0346,110.0073,24.1197,1.4297
16745.0,3.8895,49.9396,1.0349,109.7021,24.351,1.3809
16750.0,3.8848,50.4208,1.0133,109.0397,24.185,1.3329
16755.0,3.8802,49.7896,1.0222,108.92,23.8839,1.2698
16760.0,3.876,50.0704,1.0437,109.3466,24.325,1.2063
16765.0,3.8728,49.403,1.0192,109.3055,24.8375,1.1478
16770.0,3.8706,48.8492,1.0405,109.4831,23.7327,1.0748
16775.0,3.8699,49.6407,1.0392,108.5957,24.1819,1.0484
16780.0,3.8706,50.0351,1.0561,111.14,24.362,1.0511
16785.0,3.8727,49.8016,1.039,109.8432,24.2585,1.0704
16790.0,3.8761,50.3967,1.0377,110.2068,24.2373,1.0851
16795.0,3.8802,50.2828,1.0427,109.3923,23.9874,1.1206
16800.0,3.8849,49.4089,1.0685,110.2213,24.4215,1.1375
16805.0,3.8895,49.9933,1.0479,111.6447,24.2253,1.1457
16810.0,3.8937,49.8933,1.0482,111.3221,23.9137,1.1557
16815.0,3.897,50.0375,1.0325,110.0379,24.7979,1.191
16820.0,3.8992,50.5404,1.0325,108.9636,24.7651,1.1645
16825.0,3.8999,50.3831,1.0313,109.8418,24.5508,1.154
16830.0,3.8992,50.5254,1.0339,110.4363,24.5928,1.1234
16835.0,3.897,49.557,1.0453,110.3664,24.7879,1.1148
16840.0,3.8937,50.6947,1.0437,110.0394,24.5474,1.0903
16845.0,3.8896,49.9179,1.0609,111.34,24.6807,1.0073
16850.0,3.8849,49.9494,1.0435,109.6159,24.3392,0.9636
16855.0,3.8803,49.4533,1.0672,109.9475,24.7004,0.907
16860.0,3.8761,49.4728,1.0397,110.8183,24.4161,0.8676
16865.0,3.8728,49.9588,1.0307,109.9285,24.3566,0.8171
16870.0,3.8706,49.6432,1.0311,109.5824,23.9747,0.8262
16875.0,3.8699,49.4324,1.0372,109.73,24.362,0.8177
16880.0,3.8706,49.3339,1.0378,109.334,24.0951,0.788
16885.0,3.8728,49.7105,1.0395,110.2745,24.1703,0.7844
16890.0,3.8761,49.9141,1.0289,109.7139,24.1647,0.7894
16895.0,3.8803,50.335,1.0522,110.4548,24.1494,0.8458
16900.0,3.8849,49.945,1.0545,111.6798,24.9991,0.861
16905.0,3.8896,50.2025,1.0358,108.9543,24.8527,0.8762
16910.0,3.8938,50.2586,1.0465,110.0702,25.0474,0.8929
16915.0,3.897,49.7498,1.0561,109.0773,24.3005,0.9136
16920.0,3.8992,49.7353,1.0372,110.9092,24.6511,0.9417
16925.0,3.8999,50.4606,1.0438,110.0747,24.323,0.913
16930.0,3.8992,50.1268,1.0514,110.4579,24.4709,0.9157
16935.0,3.8971,50.701,1.0498,110.3562,24.3998,0.8556
16940.0,3.8938,50.6495,1.0398,109.7458,24.9119,0.8542
16945.0,3.8896,50.4462,1.0375,110.3337,24.467,0.7904
16950.0,3.8849,50.5415,1.0487,110.8907,24.7927,0.7451
16955.0,3.8803,50.1909,1.0565,111.7808,24.6362,0.7321
16960.0,3.8761,49.5243,1.0191,107.9082,25.0252,0.6985
16965.0,3.8728,49.8934,1.0337,109.5097,24.0522,0.67
16970.0,3.8707,49.8187,1.0248,109.1748,24.7216,0.648
16975.0,3.87,49.7829,1.0549,111.1992,24.692,0.6056
16980.0,3.8707,49.4373,1.0321,108.2937,24.1755,0.5978
16985.0,3.8728,50.0738,1.0268,109.1763,24.698,0.5964
16990.0,3.8761,50.3408,1.0415,109.7359,24.5695,0.5708
16995.0,3.8803,50.4721,1.0542,110.0653,24.4765,0.6002
17000.0,3.8849,49.8251,1.0532,110.061,24.3798,0.6367
17005.0,3.8896,49.8885,1.0404,110.237,24.4585,0.6383
17010.0,3.8938,49.6879,1.061,111.515,25.1987,0.668
17015.0,3.8971,49.9778,1.0396,108.5806,24.7258,0.6773
17020.0,3.8992,50.2978,1.0644,110.3248,24.9486,0.6821
17025.0,3.8999,50.7407,1.0755,112.6651,24.5689,0.7172
17030.0,3.8992,50.2703,1.0648,112.257,24.5705,0.7165
17035.0,3.8971,49.832,1.0607,111.6647,25.0209,0.7084
17040.0,3.8938,50.1292,1.0256,109.7601,24.3861,0.6729
17045.0,3.8896,50.0599,1.0592,111.0321,24.5841,0.6697
17050.0,3.885,49.77,1.0626,111.6841,24.6563,0.6428
17055.0,3.8803,50.1211,1.0227,108.3336,24.6356,0.5798
17060.0,3.8761,50.0855,1.0465,109.4518,24.5274,0.5309
17065.0,3.8728,48.9747,1.0363,109.3308,24.6442,0.48
17070.0,3.8707,49.8512,1.0156,107.8127,24.7035,0.4734
17075.0,3.87,49.8609,1.0255,107.7119,24.7129,0.4447
17080.0,3.8707,49.8004,1.0321,110.1337,24.2964,0.4597
17085.0,3.8728,49.6469,1.0337,107.6455,24.4994,0.475
17090.0,3.8761,50.2159,1.0393,110.3432,24.9086,0.4956
17095.0,3.8803,49.7118,1.0448,109.1758,24.8817,0.5062
17100.0,3.885,49.9963,1.047,110.315,24.3675,0.5095
17105.0,3.8896,49.7839,1.0379,109.431,24.8513,0.5518
17110.0,3.8938,49.8584,1.0404,111.7251,24.317,0.5838
17115.0,3.8971,50.4438,1.0313,110.3736,24.8628,0.6073
17120.0,3.8992,50.6038,1.0306,110.0013,25.3531,0.585
17125.0,3.9,49.9907,1.0501,111.8351,24.6553,0.5695
17130.0,3.8992,50.3441,1.0391,111.5356,24.6827,0.599
17135.0,3.8971,50.0138,1.0632,110.2896,25.0673,0.5936
17140.0,3.8938,50.2912,1.0435,109.927,24.4637,0.5477
17145.0,3.8896,50.1856,1.0312,108.7929,24.6557,0.5096
17150.0,3.885,49.8162,1.0391,110.6074,24.9229,0.4905
17155.0,3.8803,50.4044,1.0371,111.5843,24.5752,0.461
17160.0,3.8761,49.6274,1.0468,109.331,24.6392,0.4477
17165.0,3.8728,49.7609,1.0186,109.6063,24.8573,0.4658
17170.0,3.8707,50.149,1.0067,109.4397,24.7616,0.455
17175.0,3.87,50.0548,1.0476,109.8226,24.7218,0.4508
17180.0,3.8707,49.6622,1.0428,110.4931,24.5839,0.4577
17185.0,3.8728,49.709,1.0284,108.4189,24.7888,0.4728
17190.0,3.8761,49.6752,1.0374,107.6817,24.7047,0.4874
17195.0,3.8803,50.0342,1.0267,109.0052,24.8981,0.5269
17200.0,3.885,49.8836,1.0355,109.2837,24.712,0.5336
17205.0,3.8896,49.9541,1.0654,111.0611,24.8431,0.5372
17210.0,3.8938,50.3707,1.0403,110.5873,24.6893,0.5895
17215.0,3.8971,50.3629,1.049,111.555,24.9673,0.587
17220.0,3.8992,50.3027,1.0602,111.3922,24.8008,0.6027
17225.0,3.9,50.2491,1.0629,110.7644,24.7385,0.651
17230.0,3.8992,50.1815,1.0575,110.2782,25.0804,0.6444
17235.0,3.8971,50.4576,1.0516,110.372,25.0537,0.5948
17240.0,3.8938,50.0276,1.0476,110.6248,25.1691,0.538
17245.0,3.8896,50.3126,1.0478,108.8786,24.8298,0.5055
17250.0,3.885,49.9446,1.0792,110.2857,24.9993,0.4649
17255.0,3.8803,49.6306,1.0397,108.6371,24.9946,0.4368
17260.0,3.8762,49.7399,1.0405,110.4426,24.9323,0.3548
17265.0,3.8728,49.5992,1.0308,108.2366,24.5874,0.3077
17270.0,3.8707,49.5034,1.0509,109.757,24.8158,0.302
17275.0,3.87,49.9494,1.0407,109.8484,24.8681,0.347
17280.0,3.8707,49.8697,1.041,109.0852,24.7921,0.3597
17285.0,3.8728,49.6065,1.0212,109.5114,24.2958,0.3457
17290.0,3.8762,50.0489,1.052,109.3933,24.8966,0.3629
17295.0,3.8803,50.0145,1.0407,109.9565,25.4572,0.3812
17300.0,3.885,49.8193,1.0202,109.4148,24.8662,0.4403
17305.0,3.8896,50.0629,1.0473,109.7235,24.8263,0.4619
17310.0,3.8938,50.1613,1.029,108.8733,25.1492,0.4961
17315.0,3.8971,50.6278,1.0237,109.5678,25.1728,0.5223
17320.0,3.8992,50.1075,1.0564,110.2998,25.4199,0.5646
17325.0,3.9,50.1111,1.0621,110.5451,24.8202,0.584
17330.0,3.8992,49.8079,1.0661,110.8134,25.3158,0.5817
17335.0,3.8971,50.0898,1.0635,110.7883,25.2648,0.5522
17340.0,3.8938,50.0577,1.0235,110.0305,25.054,0.521
17345.0,3.8896,50.4045,1.0582,109.848,25.1379,0.4727
17350.0,3.885,49.8522,1.0212,108.866,25.2697,0.4551
17355.0,3.8803,49.9525,1.0214,109.9625,25.1895,0.43
17360.0,3.8761,49.883,1.0269,109.2877,24.6492,0.3888
17365.0,3.8728,50.1956,1.046,108.6833,25.1122,0.4214
17370.0,3.8707,50.0798,1.0384,109.5273,24.875,0.398
17375.0,3.87,50.0016,1.0163,108.9274,24.9074,0.3775
17380.0,3.8707,50.0324,1.0281,109.4245,24.9201,0.3846
17385.0,3.8728,49.6355,1.0518,109.43,24.8907,0.4111
17390.0,3.8762,50.2433,1.0251,108.8695,25.2646,0.4216
17395.0,3.8803,50.0423,1.0322,109.5114,24.9927,0.4541
17400.0,3.885,49.9691,1.0326,110.3882,24.7852,0.4939
17405.0,3.8896,49.4532,1.0545,109.8532,25.0181,0.5249
17410.0,3.8938,50.1177,1.0425,110.0472,25.208,0.539
17415.0,3.8971,49.8364,1.0643,110.5996,25.5088,0.5853
17420.0,3.8992,50.7809,1.043,109.1079,25.3785,0.5962
17425.0,3.9,50.387,1.0505,110.5851,25.0273,0.5854
17430.0,3.8992,50.1415,1.0603,111.5144,25.8588,0.5799
17435.0,3.8971,50.5957,1.0508,110.4025,25.2872,0.5811
17440.0,3.8938,50.7321,1.0454,111.2212,25.5114,0.5839
17445.0,3.8896,50.2088,1.0366,110.6701,25.1176,0.5776
17450.0,3.885,50.0425,1.0519,111.5442,25.2472,0.5899
17455.0,3.8803,49.9649,1.034,110.0856,25.282,0.5523
17460.0,3.8762,49.8106,1.016,108.2736,25.3394,0.5208
17465.0,3.8728,49.2481,1.0422,109.795,25.2706,0.5359
17470.0,3.8707,49.5346,1.0368,110.2424,25.2075,0.5376
17475.0,3.87,49.864,1.0255,108.1304,24.9078,0.5317
17480.0,3.8707,50.1112,1.0453,109.688,24.8554,0.5343
17485.0,3.8728,50.0825,1.046,108.6154,25.1071,0.5828
17490.0,3.8761,50.7106,1.0457,109.6507,25.2947,0.6182
17495.0,3.8803,49.4921,1.0375,111.1898,25.0519,0.6474
17500.0,3.885,49.6934,1.0467,109.5341,25.4244,0.6891
17505.0,3.8896,50.0742,1.0286,109.3244,25.5718,0.7058
17510.0,3.8938,49.985,1.044,110.4537,25.0255,0.7421
17515.0,3.8971,50.2549,1.0516,110.2969,25.0826,0.8193
17520.0,3.8992,49.9389,1.052,109.7092,25.282,0.8304
17525.0,3.9,50.1012,1.0497,110.5401,25.4053,0.8549
17530.0,3.8992,50.5289,1.0237,108.4006,25.1939,0.8214
17535.0,3.8971,49.4695,1.0308,109.8145,25.6456,0.8145
17540.0,3.8938,50.1138,1.0159,109.3363,25.3842,0.8111
17545.0,3.8896,49.7652,1.0587,110.4795,25.25,0.7903
17550.0,3.8849,50.0445,1.0513,110.568,24.8385,0.7939
17555.0,3.8803,50.0352,1.0426,109.6921,24.8258,0.7698
17560.0,3.8761,50.2101,1.0479,110.741,25.1868,0.7444
17565.0,3.8728,49.691,1.0397,109.1685,24.5538,0.712
17570.0,3.8707,50.0639,1.0291,109.9313,25.3223,0.6999
17575.0,3.87,50.6129,1.047,110.4532,25.0257,0.7135
17580.0,3.8707,49.7482,1.0375,110.7208,25.8867,0.7301
17585.0,3.8728,49.2472,1.0237,109.5686,25.6776,0.7429
17590.0,3.8761,50.135,1.0277,109.3838,25.0917,0.8107
17595.0,3.8803,49.5805,1.0665,111.3866,25.1555,0.8718
17600.0,3.8849,50.2088,1.0588,110.2444,25.4805,0.9188
17605.0,3.8896,50.0926,1.0348,111.0132,25.7069,0.9617
17610.0,3.8937,50.3642,1.0346,110.2364,24.9165,0.9943
17615.0,3.8971,50.1156,1.0554,109.9807,24.9156,1.0414
17620.0,3.8992,50.4736,1.0411,109.7338,25.2309,1.0891
17625.0,3.8999,50.1999,1.0545,110.2273,25.5424,1.0963
17630.0,3.8992,50.6135,1.0484,110.4291,25.5164,1.0875
17635.0,3.8971,50.2954,1.0619,109.6521,25.6411,1.0731
17640.0,3.8937,49.7913,1.0489,109.3621,25.0433,1.0823
17645.0,3.8895,50.0161,1.0253,108.8074,24.725,1.0755
17650.0,3.8849,49.8159,1.0519,110.6415,25.4748,1.024
17655.0,3.8803,50.4493,1.0281,109.6617,25.0095,1.0197
17660.0,3.8761,49.2225,1.0315,109.5242,24.6726,0.9855
17665.0,3.8728,48.7971,1.0248,109.3761,25.1827,0.9266
17670.0,3.8707,49.8796,1.0425,110.1208,25.3258,0.9177
17675.0,3.8699,49.6839,1.0359,109.4051,25.092,0.9103
17680.0,3.8707,49.929,1.0119,107.5895,25.0177,0.9497
17685.0,3.8728,49.9991,1.0584,111.2402,25.1158,0.9942
17690.0,3.8761,50.2195,1.0375,108.9655,25.0983,1.0277
17695.0,3.8803,49.69,1.0352,109.6977,24.8979,1.0738
17700.0,3.8849,50.4813,1.0457,109.9564,25.1046,1.1481
17705.0,3.8896,49.5926,1.0448,110.4599,25.4619,1.1899
17710.0,3.8937,49.8234,1.055,111.5898,25.4558,1.2348
17715.0,3.897,50.3282,1.0358,110.4754,25.4524,1.2771
17720.0,3.8992,49.5328,1.0435,110.6574,25.1847,1.2814
17725.0,3.8999,50.1524,1.0413,109.8573,25.3972,1.2839
17730.0,3.8992,50.1776,1.0503,110.2393,24.8927,1.2796
17735.0,3.8971,50.3461,1.0498,110.9021,25.4619,1.2426
17740.0,3.8937,50.3832,1.0547,110.4076,25.7429,1.244
17745.0,3.8895,50.2832,1.0435,110.5698,24.9769,1.2295
17750.0,3.8849,49.7579,1.0507,109.1225,25.154,1.2309
17755.0,3.8803,50.2436,1.0622,111.4894,25.3378,1.1695
17760.0,3.8761,49.7588,1.0464,110.8697,25.5283,1.1426
17765.0,3.8728,48.978,1.0297,108.2965,25.0711,1.1536
17770.0,3.8706,49.6438,1.0248,108.7846,24.99,1.1385
17775.0,3.8699,49.3656,1.0401,109.2764,24.6647,1.1562
17780.0,3.8706,49.9381,1.0263,109.2046,25.1913,1.2046
17785.0,3.8728,49.651,1.0396,108.5086,25.6983,1.2204
17790.0,3.8761,50.0206,1.0327,111.2363,25.2913,1.2309
17795.0,3.8803,50.0717,1.0438,110.4571,25.2591,1.285
17800.0,3.8849,49.8854,1.0299,110.3142,25.3925,1.3258
17805.0,3.8895,50.4063,1.0586,110.1305,25.3564,1.3673
17810.0,3.8937,50.029,1.0535,110.2715,25.1985,1.4011
17815.0,3.897,50.2255,1.067,110.3656,25.6414,1.4419
17820.0,3.8992,50.1339,1.0447,110.292,25.514,1.4191
17825.0,3.8999,50.16,1.056,111.6171,25.4699,1.4107
17830.0,3.8992,49.9978,1.0384,108.5164,25.2149,1.3943
17835.0,3.8971,50.3501,1.0558,110.1068,25.7638,1.3626
17840.0,3.8937,50.0784,1.0564,110.6713,25.5714,1.3442
17845.0,3.8895,50.0578,1.0578,109.267,25.2255,1.3512
17850.0,3.8849,49.9765,1.0339,110.0229,25.5682,1.3338
17855.0,3.8802,48.9929,1.0492,110.7347,25.1473,1.3492
17860.0,3.8761,49.5614,1.0238,109.9898,25.0346,1.3154
17865.0,3.8727,50.2264,1.0264,108.1961,25.0071,1.3209
17870.0,3.8706,49.2694,1.0449,108.5369,24.7331,1.3078
17875.0,3.8699,49.9101,1.0475,108.0644,25.2865,1.357
17880.0,3.8706,49.8639,1.0517,110.8558,24.7181,1.3515
17885.0,3.8727,49.6466,1.0318,109.8908,24.8901,1.3618
17890.0,3.876,50.4245,1.0516,110.0201,24.7113,1.3858
17895.0,3.8802,49.9653,1.0582,110.654,25.2504,1.4508
17900.0,3.8849,49.5303,1.065,111.1962,25.2805,1.5011
17905.0,3.8895,49.9841,1.0396,110.2737,25.2825,1.5593
17910.0,3.8936,49.7611,1.0425,110.4696,25.145,1.6132
17915.0,3.897,50.5591,1.0517,110.9142,25.1454,1.6291
17920.0,3.8991,50.6548,1.051,111.1923,25.5754,1.6875
17925.0,3.8998,50.0048,1.0724,111.5096,25.3286,1.7253
17930.0,3.8991,51.189,1.0481,110.0935,25.5375,1.7196
17935.0,3.8969,50.4058,1.0588,110.2136,25.2152,1.763
17940.0,3.8936,50.4052,1.0513,110.3891,25.448,1.7656
17945.0,3.8895,49.683,1.0619,111.3388,25.686,1.7535
17950.0,3.8848,49.5363,1.0145,107.4522,25.4597,1.7312
17955.0,3.8802,49.8336,1.0248,108.7415,25.1629,1.6914
17960.0,3.876,49.6662,1.0268,110.0955,25.2877,1.6706
17965.0,3.8726,49.7205,1.045,109.2874,25.1292,1.6575
17970.0,3.8705,49.531,1.0381,108.6864,25.1691,1.6609
17975.0,3.8698,49.4358,1.0314,108.3267,25.0774,1.6645
17980.0,3.8705,49.9517,1.0433,109.7007,25.1241,1.6844
17985.0,3.8726,49.1232,1.0402,109.923,25.2385,1.6922
17990.0,3.8759,50.2772,1.0217,108.6111,24.9692,1.7291
17995.0,3.8801,49.4457,1.0368,109.0711,25.0042,1.7585
18000.0,3.8847,50.6396,1.0424,109.8642,24.9562,1.7827
18005.0,3.8894,49.6691,1.0551,111.0293,24.9484,1.805
18010.0,3.8935,50.3585,1.0447,109.516,25.0847,1.8594
18015.0,3.8969,50.1254,1.0324,109.5209,25.4608,1.8966
18020.0,3.899,49.4446,1.0738,111.7,25.2177,1.9253
18025.0,3.8998,50.1602,1.0474,110.7051,25.5752,1.9413
18030.0,3.899,50.2772,1.0557,111.5299,25.4467,1.9259
18035.0,3.8968,50.1487,1.0554,110.5681,24.9231,1.9343
18040.0,3.8936,50.0171,1.0449,110.8271,25.5443,1.9227
18045.0,3.8894,50.5053,1.0598,109.8886,25.5399,1.8859
18050.0,3.8847,50.0325,1.031,109.0645,25.0407,1.8529
18055.0,3.8801,50.1264,1.0367,109.9586,25.3463,1.8327
18060.0,3.8759,49.7747,1.0487,110.361,24.9836,1.7883
18065.0,3.8726,49.5166,1.038,109.5,25.1872,1.7558
18070.0,3.8704,49.9729,1.0107,108.0814,24.8236,1.7771
18075.0,3.8697,49.8899,1.0344,109.8855,24.6823,1.7599
18080.0,3.8705,50.0036,1.0402,109.56,25.0404,1.7517
18085.0,3.8726,49.6969,1.0267,109.7898,25.1246,1.8
18090.0,3.8759,50.3536,1.0567,110.015,25.0874,1.8674
18095.0,3.88,49.5629,1.0243,110.2665,24.9307,1.9036
18100.0,3.8847,49.8127,1.061,112.3083,25.1711,1.9578
18105.0,3.8893,50.2041,1.0475,110.4248,25.3828,1.978
18110.0,3.8935,50.5262,1.0633,111.1572,25.344,1.9952
18115.0,3.8968,50.0086,1.0395,110.8133,25.432,2.021
18120.0,3.8989,50.6209,1.0622,113.2252,25.2381,2.0407
18125.0,3.8997,50.1309,1.053,111.1877,25.7037,2.0451
18130.0,3.8989,49.9331,1.0458,111.5918,25.1073,2.0405
18135.0,3.8968,50.4153,1.0469,111.5186,25.4997,2.0627
18140.0,3.8935,50.1437,1.0337,109.0705,25.6379,2.0431
18145.0,3.8893,49.8865,1.0454,110.4673,25.4186,2.0215
18150.0,3.8847,49.5629,1.04,109.6428,25.1991,1.9789
18155.0,3.88,50.0018,1.0267,110.7247,25.069,1.9869
18160.0,3.8759,49.9623,1.0369,109.645,25.416,2.0141
18165.0,3.8724,49.7231,1.0233,108.7647,24.7657,2.0079
18170.0,3.8703,49.2696,1.0386,110.1993,24.8552,1.9978
18175.0,3.8696,50.0373,1.0244,109.8038,24.9886,1.9887
18180.0,3.8704,49.3008,1.0199,108.078,25.4023,2.0268
18185.0,3.8725,49.9006,1.0344,109.2484,25.2067,2.0531
18190.0,3.8757,49.4733,1.043,109.6396,24.9005,2.0704
18195.0,3.8799,50.0166,1.0248,110.3397,25.1042,2.1199
18200.0,3.8845,50.222,1.0416,109.5907,25.0721,2.1537
18205.0,3.8892,50.001,1.042,109.5579,25.092,2.2139
18210.0,3.8934,49.7245,1.037,110.1399,25.5535,2.263
18215.0,3.8966,49.7467,1.0289,109.2781,24.9965,2.2963
18220.0,3.8989,49.9423,1.0439,110.7531,25.7603,2.3326
18225.0,3.8995,49.5499,1.0488,110.0213,25.5699,2.3678
18230.0,3.8988,50.2221,1.0452,110.2682,25.6256,2.3711
18235.0,3.8966,49.7932,1.0526,109.5561,25.2132,2.371
18240.0,3.8933,49.5772,1.0584,110.0446,25.2557,2.336
18245.0,3.889,50.2799,1.0413,109.3845,24.8904,2.3389
18250.0,3.8844,49.8134,1.0445,109.9071,25.0685,2.301
18255.0,3.8798,49.8795,1.0469,109.6943,25.274,2.311
18260.0,3.8757,49.8407,1.0389,109.0906,25.4301,2.2895
18265.0,3.8722,49.5398,1.0157,109.4466,24.7935,2.2693
18270.0,3.8701,49.4271,1.0373,109.055,24.9548,2.2579
18275.0,3.8694,49.5654,1.0286,108.7114,24.9983,2.2782
18280.0,3.87,49.7938,1.0383,108.9402,24.6918,2.2913
18285.0,3.8723,50.1803,1.0105,107.619,25.2072,2.2913
18290.0,3.8755,49.2998,1.0555,110.7287,24.9088,2.3263
18295.0,3.8797,49.7327,1.0092,108.0073,25.08,2.3855
18300.0,3.8843,50.2436,1.0573,111.5205,25.0595,2.4131
18305.0,3.8889,50.0303,1.0524,110.4767,25.0187,2.452
18310.0,3.8931,49.8803,1.06,111.1106,25.2534,2.4836
18315.0,3.8964,50.2811,1.064,112.0978,25.2316,2.5174
18320.0,3.8985,49.8574,1.0691,111.3104,25.2111,2.5415
18325.0,3.8992,49.9655,1.036,109.955,25.1266,2.5667
18330.0,3.8986,50.755,1.0463,109.4456,25.3785,2.5645
18335.0,3.8965,49.9598,1.0582,110.0415,25.6879,2.534
18340.0,3.8931,50.4888,1.0543,111.0367,25.2735,2.5109
18345.0,3.889,50.325,1.0593,111.3051,25.443,2.4659
18350.0,3.8842,49.8274,1.0371,108.8159,24.7973,2.4363
18355.0,3.8796,50.1906,1.0342,109.7491,25.1352,2.4387
18360.0,3.8754,49.985,1.0351,109.1807,24.7769,2.4105
18365.0,3.872,50.2879,1.0474,110.1154,24.6461,2.3828
18370.0,3.8699,49.9254,1.0265,109.2819,24.8064,2.3845
18375.0,3.8693,49.8332,1.0137,108.0873,25.2792,2.3969
18380.0,3.87,49.8372,1.0247,109.3527,25.2233,2.4232
18385.0,3.8721,49.5495,1.0358,109.4247,25.0652,2.4572
18390.0,3.8752,50.0344,1.0431,110.9011,24.6518,2.4842
18395.0,3.8795,49.782,1.041,109.9876,25.025,2.5499
18400.0,3.8841,50.0727,1.0399,109.8971,25.1932,2.5756
18405.0,3.8887,50.459,1.0546,110.5093,25.2053,2.6337
18410.0,3.8927,49.7629,1.0359,109.3157,24.7397,2.6717
18415.0,3.8961,50.1054,1.0505,109.4571,25.0086,2.7011
18420.0,3.8983,50.5191,1.0546,109.2503,25.2339,2.7122
18425.0,3.8991,49.8062,1.0583,111.0476,25.3887,2.7255
18430.0,3.8981,50.2854,1.0389,110.1726,24.6957,2.7249
18435.0,3.8961,50.1403,1.0554,110.0743,25.1803,2.7444
18440.0,3.8928,50.1805,1.034,109.0204,25.2209,2.7237
18445.0,3.8887,49.8677,1.0423,109.2554,25.3532,2.6871
18450.0,3.884,49.8395,1.0312,109.7225,25.2652,2.676
18455.0,3.8794,49.1305,1.0251,108.8682,25.1888,2.6443
18460.0,3.875,49.8556,1.03,109.5856,24.7989,2.6411
18465.0,3.8715,49.7898,1.0422,110.2929,24.4862,2.6219
18470.0,3.8696,49.7838,1.0498,109.2133,24.8413,2.5966
18475.0,3.869,49.9322,1.0348,110.1239,25.1802,2.5988
18480.0,3.8698,49.7592,1.0182,108.9304,25.2831,2.5918
18485.0,3.8718,49.9685,1.056,109.9274,25.1314,2.6336
18490.0,3.8751,49.5731,1.0498,109.5482,25.092,2.6692
18495.0,3.8792,50.6756,1.0283,109.2217,25.1191,2.6975
18500.0,3.8838,50.0903,1.0293,109.392,24.9293,2.7174
18505.0,3.8885,49.7189,1.0579,111.7375,25.0799,2.7269
18510.0,3.8929,50.6291,1.0428,110.4208,25.5694,2.7662
18515.0,3.8958,50.2428,1.0307,110.1104,24.9475,2.8214
18520.0,3.8982,49.8493,1.0419,109.9002,25.606,2.8391
18525.0,3.8988,49.7022,1.0447,111.0205,25.1271,2.8416
18530.0,3.8981,50.0704,1.0226,109.3661,25.5296,2.8873
18535.0,3.8956,50.5323,1.0462,110.4931,24.8232,2.915
18540.0,3.8925,49.75,1.0592,109.6187,25.2862,2.8893
18545.0,3.8882,49.849,1.0598,109.5197,24.9118,2.8497
18550.0,3.8834,50.1766,1.0477,109.3491,24.6939,2.8446
18555.0,3.8789,49.9256,1.043,110.9662,25.0542,2.8387
18560.0,3.8748,49.8741,1.0356,110.1487,25.2083,2.8128
18565.0,3.8713,49.7021,1.0409,108.6198,24.7097,2.778
18570.0,3.869,50.0224,1.0525,109.4395,24.5231,2.7745
18575.0,3.8685,49.3536,1.0283,109.9498,24.8659,2.7706
18580.0,3.8692,49.4863,1.0288,107.9489,24.8727,2.7881
18585.0,3.8714,49.5554,1.0127,107.7416,25.0513,2.8253
18590.0,3.8747,49.8785,1.0281,109.9835,25.1833,2.8677
18595.0,3.8787,49.9584,1.0434,110.4591,24.9713,2.9111
18600.0,3.8835,49.7769,1.0401,111.2055,25.495,2.9631
18605.0,3.888,49.6533,1.0401,110.3477,25.1321,2.9809
18610.0,3.8921,50.251,1.0435,110.0824,25.0299,3.0055
18615.0,3.8951,50.2473,1.0726,110.4702,24.7454,3.0538
18620.0,3.8974,49.9234,1.0575,111.439,25.1027,3.0955
18625.0,3.898,49.9779,1.0533,109.8482,25.0904,3.1248
18630.0,3.8975,49.9583,1.038,109.3243,25.4061,3.1117
18635.0,3.8953,50.4428,1.0593,110.2689,25.2592,3.1001
18640.0,3.8918,50.4177,1.0405,110.563,24.8145,3.059
18645.0,3.8878,50.1863,1.0506,110.9609,25.1096,3.0351
18650.0,3.8832,50.1678,1.0457,109.9598,25.1871,3.0201
18655.0,3.8787,49.1743,1.0331,110.76,25.354,2.9795
18660.0,3.8744,49.8576,1.0385,109.1414,25.1512,2.9577
18665.0,3.8711,49.7063,1.0494,109.151,25.0856,2.9531
18670.0,3.8688,50.0576,1.0466,109.8855,24.8884,2.9303
18675.0,3.8681,49.4958,1.0429,111.2784,24.9624,2.9314
18680.0,3.869,49.414,1.0309,108.953,25.1845,2.936
18685.0,3.8708,50.2905,1.0673,110.2175,24.5597,2.9322
18690.0,3.8743,50.2003,1.0527,110.5636,24.8382,2.9492
18695.0,3.8783,49.7831,1.0372,110.5351,24.7738,2.9996
18700.0,3.8831,49.5355,1.0592,110.0996,25.1078,3.0497
18705.0,3.8879,50.1272,1.0257,109.7551,25.3666,3.0772
18710.0,3.8918,49.8223,1.0513,109.687,24.9514,3.0977
18715.0,3.8947,49.8026,1.0505,110.788,24.5361,3.1274
18720.0,3.8971,50.2808,1.0504,109.6496,25.0519,3.1714
18725.0,3.8981,50.3631,1.037,109.6787,25.3906,3.1834
18730.0,3.8972,50.9013,1.035,110.1942,25.2893,3.1864
18735.0,3.8951,50.3678,1.0556,111.7556,25.2408,3.1614
18740.0,3.8917,49.9535,1.0564,110.2175,25.0308,3.1269
18745.0,3.8873,49.9329,1.0342,110.1389,24.7394,3.1028
18750.0,3.883,50.2925,1.0363,107.8621,25.142,3.0778
18755.0,3.8781,49.8832,1.0364,110.1066,24.7586,3.0618
18760.0,3.8743,49.4261,1.0474,110.5964,25.4719,3.0619
18765.0,3.8708,49.391,1.0437,109.8477,25.0359,3.0286
18770.0,3.8684,49.8068,1.0377,109.3031,24.7274,3.0248
18775.0,3.8675,49.6751,1.0273,108.0014,24.7131,3.0611
18780.0,3.8683,49.3323,1.0271,108.6798,24.8508,3.0642
18785.0,3.8704,50.1273,1.0502,111.0526,24.8363,3.0982
18790.0,3.874,50.1497,1.0532,109.629,25.2095,3.1226
18795.0,3.878,49.8433,1.04,110.4357,25.0197,3.1372
18800.0,3.8823,49.8568,1.0668,110.3587,24.8376,3.2062
18805.0,3.8873,50.2127,1.0409,110.2653,25.5406,3.275
18810.0,3.8911,49.6782,1.0511,110.1834,25.1234,3.2996
18815.0,3.8945,50.5547,1.0443,109.7055,25.3378,3.3456
18820.0,3.8963,50.2648,1.0613,111.5545,25.0162,3.3571
18825.0,3.8972,50.3485,1.0358,110.1772,25.2679,3.3738
18830.0,3.8965,50.3226,1.0453,109.9882,25.2491,3.3748
18835.0,3.8938,49.909,1.0316,110.4413,24.6792,3.3557
18840.0,3.8913,49.8277,1.034,109.9123,25.624,3.3652
18845.0,3.8869,49.4864,1.0594,109.8411,25.4028,3.3412
18850.0,3.8818,50.2995,1.0456,110.8235,24.9364,3.3342
18855.0,3.8769,49.4883,1.0526,109.6712,24.7158,3.3138
18860.0,3.873,50.1473,1.0167,109.0016,25.0385,3.3085
18865.0,3.8696,49.3508,1.0572,110.6144,24.9422,3.2952
18870.0,3.8674,49.8386,1.0385,108.766,24.9904,3.2985
18875.0,3.8666,49.4988,1.0288,109.5791,24.9443,3.3014
18880.0,3.8673,49.3177,1.0327,109.4848,25.0328,3.323
18885.0,3.8695,50.244,1.0501,110.2637,25.2918,3.3682
18890.0,3.8726,49.6945,1.0454,109.259,25.1078,3.3865
18895.0,3.8763,50.4321,1.0545,110.8864,24.7479,3.4119
18900.0,3.8816,49.6865,1.047,110.5461,25.4,3.455
18905.0,3.8864,49.7276,1.0396,110.2459,25.5188,3.4715
18910.0,3.8909,49.5288,1.0485,111.7503,25.9414,3.5201
18915.0,3.8931,50.1231,1.0337,110.6587,24.9087,3.5214
18920.0,3.8956,50.3002,1.0577,109.5044,25.2748,3.5454
18925.0,3.8957,50.5805,1.0436,109.1593,24.7041,3.5361
18930.0,3.8959,49.6986,1.0454,111.1125,25.3589,3.516
18935.0,3.8934,49.7031,1.0595,110.6225,25.0656,3.5035
18940.0,3.8907,49.9208,1.0598,110.1751,25.6539,3.5051
18945.0,3.8857,50.3894,1.041,110.6857,24.9411,3.4767
18950.0,3.8805,50.1203,1.0454,110.368,24.6698,3.4799
18955.0,3.8764,49.9917,1.0492,110.3661,24.9318,3.4396
18960.0,3.8717,49.6763,1.0426,109.7479,24.5178,3.4141
18965.0,3.8692,49.8026,1.0187,108.7141,25.1702,3.3994
18970.0,3.8659,49.5831,1.0447,109.9745,24.449,3.4215
18975.0,3.8658,49.9901,1.0312,108.8093,24.9692,3.4408
18980.0,3.8656,50.1695,1.0457,108.9293,24.4542,3.4568
18985.0,3.8682,49.7363,1.0233,108.663,24.9193,3.5063
18990.0,3.8719,49.6605,1.0255,109.0463,25.4479,3.5623
18995.0,3.8747,50.0953,1.0361,108.8997,25.1736,3.7057
19000.0,3.8778,50.1485,1.0481,108.8213,24.9186,3.827
19005.0,3.8821,49.8595,1.0593,110.763,25.1778,3.9212
19010.0,3.8849,49.9829,1.0407,110.686,25.2367,4.054
19015.0,3.8868,49.9746,1.0626,111.6746,25.3886,4.1871
19020.0,3.8853,50.3444,1.0493,110.6517,24.9551,4.3159
19025.0,3.8852,50.1996,1.0555,110.2103,25.4574,4.4338
19030.0,3.8776,49.7837,1.0448,108.9716,24.6311,4.5398
19035.0,3.8757,49.704,1.0384,108.7037,25.1338,4.5985
19040.0,3.8676,49.2005,1.0332,109.1198,25.1415,4.7042
19045.0,3.8604,48.944,1.0203,107.9159,25.3857,4.7818
19050.0,3.849,49.1442,1.0234,107.8658,25.1923,4.8602
19055.0,3.8342,49.4785,1.0142,106.403,24.7947,4.9389
19060.0,3.8243,48.9808,1.0133,107.3232,24.8639,4.998
19065.0,3.8159,48.8976,1.005,105.3003,25.1327,5.0679
19070.0,3.8037,48.6169,1.0193,105.9911,25.048,5.1472
19075.0,3.7904,48.1361,0.9885,103.8739,24.9219,5.2361
19080.0,3.7755,48.0821,0.9791,102.917,24.9601,5.3554
19085.0,3.7709,48.1472,0.9813,102.1303,25.282,5.4422
19090.0,3.7517,47.6764,1.0005,103.28,25.0183,5.5613
19095.0,3.7402,47.4832,0.9867,102.2838,25.1741,5.6747
19100.0,3.7396,47.3142,0.9666,99.041,25.7917,5.7757
19105.0,3.7071,47.34,0.9645,99.6165,24.9465,5.8812
19110.0,3.6814,47.0176,0.9675,97.9844,24.8882,6.0015
19115.0,3.6682,45.8564,0.9439,96.6558,25.5872,6.1208
19120.0,3.6333,45.4282,0.9396,94.8339,25.2501,6.2124
19125.0,3.602,45.4115,0.9084,93.1519,25.3548,6.3018
19130.0,3.5663,44.9052,0.8971,89.132,25.2391,6.3692
19135.0,3.5388,44.311,0.8964,88.6193,25.3556,6.4161
19140.0,3.5007,43.0354,0.9037,87.2274,25.7946,6.4853
19145.0,3.4678,42.2254,0.8652,86.0372,25.5613,6.5016
19150.0,3.4262,42.2776,0.8463,81.5773,25.5378,6.5349
19155.0,3.359,40.853,0.8329,79.1381,24.9297,6.5795
19160.0,3.3079,39.9252,0.808,75.7904,24.9621,6.6272
19165.0,3.2465,39.3752,0.7831,73.4943,24.5151,6.6745
19170.0,3.2185,37.9701,0.8023,71.5622,25.0094,6.7171
19175.0,3.1886,37.4554,0.7867,70.9377,25.4519,6.7678
19180.0,3.1343,36.2707,0.7736,68.01,25.3577,6.842
19185.0,3.0457,35.1172,0.7183,63.007,25.2029,6.9607
19190.0,2.9917,34.4201,0.7411,60.5266,25.2945,7.043
19195.0,2.9379,33.3322,0.7274,57.794,25.1784,7.1177
19200.0,2.866,32.4297,0.6854,54.8748,25.457,7.2129
19205.0,2.7912,30.5504,0.6661,49.3109,25.6526,7.2997
19210.0,2.7055,29.2063,0.6599,46.7206,25.108,7.3808
19215.0,2.6034,27.8336,0.6406,42.901,25.6293,7.4695
19220.0,2.4758,25.4521,0.6135,36.8556,25.8181,7.5643
19225.0,2.3709,23.4198,0.5945,33.4882,25.4979,7.6225
19230.0,2.278,20.893,0.558,28.4365,25.779,7.6448
19235.0,2.18,20.1366,0.5688,26.3509,26.2958,7.6534
19240.0,2.1122,19.124,0.5531,22.9933,25.5425,7.6476
19245.0,2.0147,17.1617,0.5411,20.0566,25.6349,7.6544
19250.0,1.928,14.993,0.5229,16.6506,25.3156,7.6628
19255.0,1.835,14.0448,0.5109,14.1239,25.5091,7.6681
19260.0,1.7629,12.9356,0.5107,13.6936,25.5472,7.6577
19265.0,1.6884,11.3732,0.4937,10.2202,25.4579,7.6783
19270.0,1.6632,10.7989,0.5161,9.9855,25.1433,7.6878
19275.0,1.6502,10.907,0.4854,8.7056,25.4529,7.6934
19280.0,1.6354,10.1975,0.4747,8.2489,25.7847,7.7172
19285.0,1.6446,10.4515,0.4965,8.8264,25.5633,7.7305
19290.0,1.651,10.8825,0.4961,9.5785,25.7355,7.7347
19295.0,1.6599,11.0892,0.5098,9.8828,25.4885,7.7697
19300.0,1.6601,10.8014,0.5014,9.3277,25.7925,7.7944
19305.0,1.6685,11.3203,0.4986,9.9786,25.7323,7.8226
19310.0,1.6758,10.9736,0.4825,10.4095,25.4777,7.8632
19315.0,1.6697,11.2716,0.4937,10.4727,25.8395,7.8875
19320.0,1.674,11.293,0.5154,9.9392,25.5446,7.9187
19325.0,1.662,10.4844,0.5211,10.2197,25.6532,7.9517
19330.0,1.6509,10.2913,0.5219,10.2194,25.863,7.9613
19335.0,1.6462,10.2548,0.5098,10.9411,25.8803,7.9521
19340.0,1.6476,10.1116,0.4997,9.5555,25.4873,7.9438
19345.0,1.6348,10.0951,0.5026,9.0235,26.0182,7.8984
19350.0,1.6386,10.1061,0.4995,10.1005,25.8633,7.851
19355.0,1.6421,10.383,0.4977,8.5809,25.5099,7.8189
19360.0,1.6323,10.6504,0.5004,9.3065,25.2721,7.8216
19365.0,1.6196,10.3528,0.497,9.3407,25.5993,7.8006
19370.0,1.6185,10.1555,0.5043,8.1835,25.5152,7.7881
19375.0,1.6099,9.8435,0.4912,8.8615,25.6601,7.7948
19380.0,1.6062,9.7492,0.509,9.8412,25.561,7.8214
19385.0,1.6121,9.8484,0.4916,7.6638,25.1839,7.8563
19390.0,1.5985,9.5128,0.4875,8.2134,25.6347,7.8983
19395.0,1.601,10.4471,0.5034,7.9227,25.7101,7.9299
19400.0,1.5935,10.4062,0.4907,9.0476,26.0042,7.9797
19405.0,1.6142,9.7262,0.4897,7.5971,25.7307,7.9861
19410.0,1.601,9.9485,0.4942,10.2477,26.3799,8.0199
19415.0,1.6257,9.8861,0.5168,9.1351,25.5288,8.045
19420.0,1.6115,10.091,0.5014,9.339,26.3692,8.0458
19425.0,1.6168,9.7411,0.4967,9.2702,26.0062,8.0646
19430.0,1.6017,9.7192,0.4972,8.8853,26.2834,8.0838
19435.0,1.6016,9.5721,0.4902,7.8574,26.0808,8.0788
19440.0,1.5995,9.6429,0.5077,8.7055,26.3263,8.0311
19445.0,1.6033,9.7948,0.5175,9.0031,25.9166,8.0053
19450.0,1.6017,9.8709,0.5063,8.6894,25.7064,7.978
19455.0,1.5798,9.3212,0.4998,8.4177,26.3039,7.952
19460.0,1.5749,9.1047,0.5083,7.5262,25.8927,7.9557
19465.0,1.5646,9.4269,0.509,6.5723,25.9575,7.9511
19470.0,1.5545,8.9554,0.4697,6.2192,26.2038,7.9433
19475.0,1.5661,9.4,0.4916,7.9522,25.6442,7.9415
19480.0,1.551,9.3923,0.496,7.5463,26.0729,7.9665
19485.0,1.5631,9.1522,0.4533,6.7211,25.8125,7.9702
19490.0,1.5585,9.7736,0.4789,6.2936,25.9748,8.0088
19495.0,1.5668,8.2669,0.5075,9.2269,26.0825,8.0176
19500.0,1.5852,9.5985,0.4887,7.5239,25.7506,8.0318
19505.0,1.5811,9.2932,0.5026,8.8356,25.9923,8.0755
19510.0,1.566,8.9049,0.5029,8.3719,26.5816,8.1265
19515.0,1.5724,9.4131,0.4974,8.4161,26.5137,8.1471
19520.0,1.5705,8.9373,0.488,7.1619,26.313,8.1942
19525.0,1.5678,9.1895,0.4966,8.7063,26.4121,8.2059
19530.0,1.563,8.9178,0.4923,7.0237,26.2858,8.2266
19535.0,1.5478,8.2484,0.5014,8.3917,26.6926,8.2275
19540.0,1.5507,8.8456,0.49,6.7349,26.2858,8.2138
19545.0,1.5389,8.2192,0.4804,7.0942,26.3676,8.2055
19550.0,1.5255,8.7662,0.4941,5.7363,26.5655,8.1898
19555.0,1.535,8.7194,0.4986,8.5266,26.0541,8.1436
19560.0,1.5101,8.7024,0.4966,6.8538,26.6122,8.1467
19565.0,1.5236,8.6857,0.4769,5.5598,25.8227,8.1241
19570.0,1.5057,8.3092,0.4914,5.8135,26.6075,8.1035
19575.0,1.5154,8.0918,0.4807,6.1741,26.1157,8.0974
19580.0,1.5023,8.1002,0.4792,6.1545,26.1717,8.1561
19585.0,1.5167,7.6493,0.4823,6.4892,25.7974,8.157
19590.0,1.5077,7.9616,0.4792,7.2251,26.2058,8.1967
19595.0,1.5134,8.6791,0.4941,6.9029,26.1178,8.2307
19600.0,1.5123,7.8134,0.4892,6.5411,26.2887,8.2757
19605.0,1.5151,8.7015,0.4996,6.7794,26.4692,8.3031
19610.0,1.5066,7.856,0.4937,7.7962,26.8014,8.3622
19615.0,1.5144,8.24,0.5054,7.7744,26.6638,8.3807
19620.0,1.5163,8.2824,0.5012,7.6701,26.7269,8.3919
19625.0,1.5197,8.2482,0.5109,6.5923,26.4003,8.4152
19630.0,1.5151,8.566,0.5077,7.0903,26.4636,8.4226
19635.0,1.5033,7.7879,0.4865,7.3943,27.1291,8.3915
19640.0,1.504,8.377,0.4999,8.1788,26.4795,8.4062
19645.0,1.4901,7.9633,0.4961,6.8547,27.0527,8.3706
19650.0,1.4917,8.1584,0.4962,6.0347,26.5488,8.351
19655.0,1.484,8.0692,0.4809,7.6798,26.581,8.3287
19660.0,1.4747,7.2393,0.4939,5.8075,26.8236,8.3
19665.0,1.4714,7.8341,0.4887,4.8532,26.8582,8.2715
19670.0,1.4737,7.6488,0.488,6.1211,26.5087,8.2654
19675.0,1.4733,7.6454,0.475,6.3762,26.4495,8.264
19680.0,1.4733,7.5928,0.4806,4.7412,26.5575,8.2635
19685.0,1.4725,7.8764,0.4865,6.326,26.695,8.281
19690.0,1.4662,7.4504,0.488,6.7599,26.8842,8.3383
19695.0,1.4759,8.0183,0.4878,5.7382,26.722,8.3583
19700.0,1.4747,7.5533,0.4719,5.1995,26.9399,8.403
19705.0,1.4819,7.5312,0.495,6.9817,27.259,8.396
19710.0,1.4846,7.6766,0.4913,7.5976,27.0045,8.4574
19715.0,1.4906,8.0091,0.4969,7.6852,27.0383,8.4672
19720.0,1.5014,7.9346,0.4815,6.8121,26.62,8.4781
19725.0,1.5008,8.2727,0.4966,8.0276,26.3675,8.515
19730.0,1.4842,8.3297,0.5111,8.8126,27.1331,8.5205
19735.0,1.4819,7.8708,0.4907,7.0997,27.0092,8.5174
19740.0,1.4794,7.8693,0.4898,6.8342,26.8893,8.5001
19745.0,1.4707,7.0467,0.4993,7.1904,27.0554,8.4772
19750.0,1.4697,7.8183,0.4754,5.639,26.9515,8.4319
19755.0,1.4591,7.6029,0.4854,5.9486,27.2206,8.4031
19760.0,1.4586,6.952,0.4793,5.2763,26.9368,8.3782
19765.0,1.4537,6.8235,0.4947,5.9293,26.7139,8.3832
19770.0,1.4392,7.4678,0.4831,4.8411,27.1454,8.3986
19775.0,1.4383,7.4993,0.4777,4.0532,26.8549,8.4239
19780.0,1.4353,6.5131,0.4952,5.5072,27.0668,8.4329
19785.0,1.4418,7.6058,0.4836,6.1766,26.8558,8.4438
19790.0,1.4441,7.2585,0.4572,6.2858,26.8646,8.4746
19795.0,1.4449,7.4028,0.4749,6.0803,27.1087,8.5036
19800.0,1.4511,6.9238,0.4948,7.033,27.1561,8.5244
19805.0,1.4532,6.9963,0.4803,5.3516,27.338,8.5575
19810.0,1.4557,6.9696,0.5077,6.6832,27.2116,8.6128
19815.0,1.461,7.4364,0.5034,6.7216,26.8718,8.6618
19820.0,1.46,7.2362,0.4976,6.019,27.263,8.6594
19825.0,1.4527,7.8144,0.5147,5.3244,27.596,8.684
19830.0,1.4517,6.7585,0.4979,6.1555,27.3349,8.7073
19835.0,1.4481,7.236,0.491,5.7142,27.3454,8.7017
19840.0,1.4387,7.0798,0.4968,6.7704,27.6395,8.6895
19845.0,1.442,7.3458,0.4986,6.4122,27.1922,8.651
19850.0,1.44,7.2082,0.4742,4.4524,26.9574,8.6213
19855.0,1.4261,6.4974,0.4648,4.5318,27.2757,8.6169
19860.0,1.421,5.912,0.4778,6.2548,27.1723,8.604
19865.0,1.417,6.7311,0.4888,5.1092,27.0378,8.5981
19870.0,1.4083,6.0373,0.4845,5.0521,27.2335,8.6115
19875.0,1.4075,6.2376,0.4904,5.2851,27.4122,8.5891
19880.0,1.4085,6.4384,0.4696,4.6702,27.3137,8.602
19885.0,1.4095,6.4896,0.4812,7.37,27.4334,8.6154
19890.0,1.4092,6.6199,0.4943,4.5497,27.8626,8.6243
19895.0,1.4183,7.0488,0.4896,5.8022,27.3847,8.6671
19900.0,1.4205,6.7362,0.4961,6.1713,27.6058,8.6995
19905.0,1.4264,6.7171,0.5025,6.1254,27.4747,8.7394
19910.0,1.4314,6.8101,0.4958,6.8037,27.4516,8.7677
19915.0,1.4336,6.7313,0.5212,6.0271,27.5697,8.7897
19920.0,1.4351,7.1843,0.4888,7.0367,27.637,8.804
19925.0,1.4318,6.8012,0.4759,6.5525,27.8734,8.8172
19930.0,1.4232,7.0289,0.5019,5.2179,28.383,8.8249
19935.0,1.4279,6.5617,0.4842,6.8734,27.6149,8.8319
19940.0,1.4239,7.1029,0.4808,5.6463,27.6761,8.8069
19945.0,1.4161,6.5312,0.4823,5.9238,27.7422,8.7974
19950.0,1.4109,6.4754,0.4978,4.5365,27.8302,8.7582
19955.0,1.408,6.8679,0.4896,5.3718,27.7703,8.7137
19960.0,1.401,6.133,0.4996,3.7499,28.0032,8.68
19965.0,1.4101,6.9994,0.4729,3.9848,27.062,8.6518
19970.0,1.4064,6.3183,0.4694,4.6951,27.0701,8.647
19975.0,1.4021,6.38,0.4827,5.769,27.5551,8.6187
19980.0,1.3951,6.5717,0.5002,5.4828,27.9803,8.6431
19985.0,1.4033,6.4091,0.4727,5.0475,27.3555,8.6755
19990.0,1.4119,6.71,0.469,5.765,27.0478,8.6926
19995.0,1.4029,6.1033,0.4858,5.7921,28.0039,8.7327
20000.0,1.4055,7.008,0.4889,6.6129,27.988,8.7892
20005.0,1.4153,6.8537,0.4976,7.3877,27.7204,8.8088
20010.0,1.4164,6.4071,0.5132,5.7191,27.808,8.8583
20015.0,1.4188,6.6302,0.486,6.2759,27.8647,8.8872
20020.0,1.4154,6.7852,0.4802,6.2929,28.1757,8.9218
20025.0,1.417,6.6775,0.5004,4.8496,28.0184,8.9376
20030.0,1.4081,6.7442,0.4973,6.4408,28.3107,8.9822
20035.0,1.4138,6.1902,0.4896,5.8971,27.4718,8.9829
20040.0,1.4068,6.0588,0.5035,6.5744,27.9576,8.9399
20045.0,1.4028,6.3716,0.5031,5.1104,27.868,8.9139
20050.0,1.3964,5.9245,0.4766,6.1289,28.0586,8.8754
20055.0,1.3919,6.1146,0.4841,5.2451,27.9613,8.848
20060.0,1.3838,6.1257,0.4796,5.8521,28.273,8.8224
20065.0,1.3869,6.7667,0.4784,3.9046,27.595,8.8052
20070.0,1.3806,5.7869,0.4638,3.7241,28.0693,8.779
20075.0,1.3783,6.9474,0.4838,4.3061,28.2096,8.7735
20080.0,1.3723,5.6676,0.4766,4.27,28.561,8.8145
20085.0,1.379,5.7674,0.5009,5.6561,28.0171,8.8417
20090.0,1.3793,6.145,0.4763,4.6988,28.2712,8.8732
20095.0,1.3876,6.4044,0.4932,6.4978,27.8003,8.9134
20100.0,1.393,5.8732,0.4741,4.2731,27.719,8.9517
20105.0,1.3871,6.2873,0.4788,5.1881,28.5939,9.0103
20110.0,1.3912,6.7293,0.498,6.7017,28.4424,9.0623
20115.0,1.3923,6.8225,0.4968,5.2306,28.7909,9.0779
20120.0,1.4011,6.1039,0.4995,5.1472,28.1934,9.0811
20125.0,1.3977,6.08,0.4907,6.4273,28.6933,9.0784
20130.0,1.3915,6.1476,0.4822,5.877,29.0424,9.1028
20135.0,1.3917,5.5487,0.4934,6.5541,28.678,9.0987
20140.0,1.3883,6.2806,0.4899,5.874,28.6281,9.079
20145.0,1.3858,6.9818,0.4948,5.4864,28.5384,9.0356
20150.0,1.3812,5.9673,0.5093,4.5081,28.1163,9.046
20155.0,1.3693,5.8011,0.4715,4.5462,28.8206,9.0295
20160.0,1.3694,6.0924,0.4745,4.4775,28.3061,8.9976
20165.0,1.363,5.8052,0.4751,6.4722,28.5707,8.9832
20170.0,1.3648,5.788,0.4871,5.5207,28.0515,8.9728
20175.0,1.3625,5.4812,0.4736,4.8813,28.1589,8.9759
20180.0,1.3578,5.1032,0.4867,4.5653,28.8387,8.9799
20185.0,1.3655,5.833,0.4752,3.3271,28.4333,8.9661
20190.0,1.3628,5.438,0.4791,3.5056,28.9353,9.0159
20195.0,1.3695,5.5443,0.4778,5.824,28.613,9.0507
20200.0,1.3763,6.0775,0.4718,5.5782,28.2371,9.1012
20205.0,1.3749,6.0021,0.5137,5.2728,28.9856,9.1392
20210.0,1.38,6.2029,0.5139,6.0084,28.6755,9.193
20215.0,1.3815,5.9064,0.4997,5.9648,29.0494,9.2047
20220.0,1.3849,5.8943,0.4756,5.3738,28.9208,9.2164
20225.0,1.3902,5.932,0.5163,6.1114,28.5545,9.1994
20230.0,1.3849,5.9926,0.4964,7.2738,28.9925,9.2073
20235.0,1.3781,6.1417,0.4815,5.7843,29.4975,9.2065
20240.0,1.3777,5.5124,0.5076,5.8759,29.0568,9.1854
20245.0,1.3748,5.5989,0.4908,5.3478,28.8956,9.1517
20250.0,1.3667,5.9433,0.491,4.8865,29.1507,9.1402
20255.0,1.3633,6.2265,0.4818,5.3809,28.9063,9.1137
20260.0,1.3599,5.3853,0.4672,3.4786,28.8823,9.0716
20265.0,1.3587,5.6398,0.4773,5.7442,28.5418,9.0523
20270.0,1.3539,5.9855,0.4824,5.196,28.8699,9.0375
20275.0,1.3515,5.4539,0.4754,4.2603,29.0809,9.0354
20280.0,1.3546,5.2114,0.4964,2.9793,28.6382,9.0533
20285.0,1.3527,5.4931,0.4683,4.6598,29.2424,9.0669
20290.0,1.3568,5.6995,0.4912,4.2479,28.9143,9.1171
20295.0,1.3625,6.1445,0.4798,3.5711,28.7748,9.1432
20300.0,1.3625,5.7931,0.4866,4.5117,29.3101,9.1959
20305.0,1.3686,6.1241,0.4868,5.0069,29.0529,9.2365
20310.0,1.3707,5.5703,0.4772,4.6766,29.3738,9.2703
20315.0,1.3774,5.801,0.484,6.919,29.1616,9.2621
20320.0,1.3781,5.5772,0.4929,5.4745,29.2583,9.2904
20325.0,1.3777,5.8868,0.4943,5.8539,29.4213,9.2982
20330.0,1.3771,6.1007,0.5003,7.3337,29.3805,9.2943
20335.0,1.3788,6.373,0.4866,5.9443,28.8048,9.2801
20340.0,1.3734,5.963,0.4919,6.2124,29.0072,9.265
20345.0,1.3674,5.4841,0.4676,4.6295,29.4951,9.2077
20350.0,1.3645,5.7279,0.4935,5.7762,29.2003,9.1734
20355.0,1.3583,5.4614,0.4675,4.3871,29.073,9.1784
20360.0,1.3552,5.8051,0.4963,5.3514,28.8393,9.1576
20365.0,1.3505,5.1795,0.4788,4.3012,28.8925,9.1493
20370.0,1.3494,5.4677,0.4777,5.5578,28.6524,9.1428
20375.0,1.3461,5.6611,0.4783,4.9901,29.1418,9.1259
20380.0,1.346,5.7494,0.4756,5.6649,29.0413,9.1578
20385.0,1.3484,5.1434,0.4817,5.0846,28.987,9.1782
20390.0,1.3495,5.0292,0.4836,4.0347,29.2612,9.2154
20395.0,1.3517,5.3003,0.5011,5.1302,29.4273,9.2686
20400.0,1.3537,5.5748,0.4715,6.2452,29.9222,9.3052
20405.0,1.3633,5.1204,0.4717,4.4119,29.0834,9.337
20410.0,1.3626,6.0993,0.5071,7.7294,29.8091,9.3868
20415.0,1.367,5.1954,0.4937,5.2216,29.8117,9.3891
20420.0,1.371,5.7603,0.49,5.2419,29.4109,9.4121
20425.0,1.3697,5.8843,0.4816,7.0542,29.6796,9.4303
20430.0,1.3689,5.8785,0.4883,6.6212,29.5228,9.4457
20435.0,1.366,6.0137,0.4974,5.835,29.6779,9.428
20440.0,1.3608,5.7969,0.4943,5.3217,29.9912,9.4082
20445.0,1.3574,5.9526,0.4828,5.6147,29.7389,9.3862
20450.0,1.3528,5.3215,0.4791,5.1964,29.6837,9.3578
20455.0,1.349,5.383,0.515,3.7108,29.4179,9.3323
20460.0,1.3459,5.0197,0.469,3.8801,29.1279,9.3124
20465.0,1.3405,4.9526,0.4912,5.7822,29.4287,9.2963
20470.0,1.3363,6.149,0.4774,3.6647,29.7763,9.2889
20475.0,1.3381,5.031,0.4755,3.6777,29.1004,9.3036
20480.0,1.3386,5.6542,0.4973,5.261,29.2406,9.2988
20485.0,1.3391,4.5682,0.474,3.2434,29.5721,9.3149
20490.0,1.3429,5.0331,0.4778,5.0993,29.3422,9.3573
20495.0,1.346,5.5912,0.4834,4.554,29.4466,9.405
20500.0,1.3494,5.3801,0.4713,4.8418,29.5997,9.4542
20505.0,1.3561,5.6877,0.4889,6.3845,29.425,9.4627
20510.0,1.3591,5.428,0.5209,4.9744,29.579,9.5033
20515.0,1.3609,5.3376,0.4721,5.299,30.0458,9.5139
20520.0,1.3652,5.4602,0.5072,6.0389,29.5785,9.5313
20525.0,1.3662,5.6515,0.5058,5.1683,29.5272,9.5378
20530.0,1.3644,5.1565,0.5215,7.072,29.7758,9.526
20535.0,1.3616,5.9127,0.4982,5.2395,30.1088,9.4869
20540.0,1.358,5.9052,0.5089,4.0744,29.8572,9.4959
20545.0,1.3534,5.1086,0.489,6.2353,29.7621,9.4877
20550.0,1.3481,5.4157,0.4827,5.5195,29.8565,9.4597
20555.0,1.3461,5.3639,0.4833,3.8896,29.3761,9.4137
20560.0,1.3395,5.1296,0.4799,5.568,29.9077,9.3776
20565.0,1.3357,5.1113,0.4763,3.7228,29.86,9.3688
20570.0,1.3347,5.336,0.4694,3.4415,29.6537,9.3479
20575.0,1.3314,5.1317,0.4729,4.587,30.0132,9.3683
20580.0,1.336,4.9401,0.4729,5.4472,29.5001,9.3351
20585.0,1.3352,5.076,0.4787,4.0214,30.0981,9.3533
20590.0,1.3384,5.2382,0.4851,5.0433,29.9007,9.408
20595.0,1.343,5.2927,0.484,6.2566,29.8324,9.4402
20600.0,1.3459,5.7625,0.503,5.3641,29.9705,9.5092
20605.0,1.3507,5.5276,0.4969,5.414,30.0074,9.5388
20610.0,1.3526,5.7765,0.5063,6.1822,30.3935,9.5952
20615.0,1.3578,5.7926,0.488,5.3247,29.8647,9.6286
20620.0,1.3595,5.2948,0.505,7.379,29.9766,9.6466
20625.0,1.3587,6.0614,0.4879,6.0921,30.4457,9.6431
20630.0,1.3591,5.5372,0.4996,7.5254,30.0424,9.6496
20635.0,1.3553,5.7556,0.492,5.4671,30.4069,9.6408
20640.0,1.3515,5.1987,0.4899,5.014,30.5851,9.61
20645.0,1.3496,5.2868,0.4795,6.096,30.0296,9.5724
20650.0,1.3434,5.7653,0.4911,4.7723,30.2656,9.5534
20655.0,1.3398,5.4582,0.4794,3.4978,29.7719,9.5467
20660.0,1.3337,4.9985,0.5026,5.9971,30.2184,9.5245
20665.0,1.331,4.9104,0.4854,4.9339,30.0576,9.4976
20670.0,1.3289,5.4178,0.4666,5.3028,30.1158,9.4709
20675.0,1.3292,5.444,0.4708,4.9956,29.8398,9.4645
20680.0,1.3319,4.8939,0.4748,5.0022,29.6041,9.4389
20685.0,1.3321,5.2776,0.4869,5.2575,30.1773,9.4437
20690.0,1.3385,4.9042,0.4758,5.6846,29.5794,9.4486
20695.0,1.3404,5.5299,0.4655,4.0966,30.0683,9.4884
20700.0,1.3441,5.6101,0.4857,4.1843,30.4397,9.5094
20705.0,1.3495,4.9734,0.4711,5.2812,30.3091,9.5377
20710.0,1.3517,5.3968,0.49,3.8119,30.8002,9.5733
20715.0,1.3557,5.869,0.4932,5.3487,30.6127,9.6003
20720.0,1.3589,5.6519,0.477,4.7371,30.2242,9.633
20725.0,1.3587,5.5667,0.5029,5.7209,30.4118,9.6458
20730.0,1.3578,5.6772,0.5036,5.6079,30.3955,9.6464
20735.0,1.3578,5.4924,0.4988,5.2167,30.0002,9.612
20740.0,1.3541,5.4948,0.4831,5.3117,30.137,9.5812
20745.0,1.3491,5.3486,0.4888,3.7561,30.1996,9.5634
20750.0,1.3456,5.5006,0.4835,4.8109,29.7937,9.5421
20755.0,1.3389,4.6758,0.5033,4.5278,30.2775,9.5119
20760.0,1.3345,5.1696,0.4667,4.3073,30.1706,9.4985
20765.0,1.3331,5.3059,0.4818,4.1499,29.7905,9.4606
20770.0,1.329,4.7247,0.4802,3.5739,30.2974,9.4421
20775.0,1.3277,4.8289,0.4771,3.3133,30.3767,9.4466
20780.0,1.3287,5.7361,0.4807,3.6781,30.2705,9.4575
20785.0,1.3307,4.9622,0.4774,3.9899,30.1626,9.4905
20790.0,1.3339,5.3912,0.4728,4.2183,30.4331,9.4912
20795.0,1.3379,5.3755,0.4944,5.6862,30.5055,9.5194
20800.0,1.3423,5.1981,0.4917,3.3955,30.4669,9.5697
20805.0,1.3476,5.6431,0.4871,6.7871,30.2383,9.612
20810.0,1.3502,5.2939,0.4906,5.6763,30.5634,9.6596
20815.0,1.3525,5.4237,0.4752,5.6287,30.8342,9.6924
20820.0,1.3567,5.8394,0.4699,5.768,30.4153,9.6847
20825.0,1.3547,5.9883,0.4937,5.7959,31.104,9.707
20830.0,1.3566,5.3763,0.5017,6.9181,30.4483,9.6847
20835.0,1.3537,5.9257,0.478,4.0532,30.5739,9.6808
20840.0,1.3503,5.685,0.5025,5.1243,30.3719,9.6824
20845.0,1.3455,5.2013,0.4916,4.7553,30.5612,9.6489
20850.0,1.3425,5.5518,0.4911,4.5098,30.0306,9.6179
20855.0,1.3369,5.0233,0.4808,5.264,30.2903,9.5843
20860.0,1.3337,4.8968,0.4608,3.8841,30.1189,9.5386
20865.0,1.3299,5.4882,0.4893,4.4635,30.3994,9.493
20870.0,1.3271,4.9345,0.4848,4.6095,30.5995,9.4734
20875.0,1.3275,4.9551,0.4879,5.7362,30.5116,9.4402
20880.0,1.3315,5.6046,0.4955,3.8094,29.771,9.4287
20885.0,1.3296,4.9948,0.4966,5.0423,30.9021,9.4371
20890.0,1.3347,5.4619,0.4689,3.8972,30.5048,9.4521
20895.0,1.3399,5.2147,0.4777,4.4706,30.2848,9.4791
20900.0,1.3428,5.2064,0.4734,5.1376,30.5706,9.5353
20905.0,1.3477,5.4577,0.5027,5.2033,30.6276,9.5584
20910.0,1.3528,5.5576,0.4889,5.2625,30.4644,9.5811
20915.0,1.3546,6.0503,0.4932,6.187,30.7195,9.6248
20920.0,1.3588,5.7176,0.5054,5.3008,30.545,9.5974
20925.0,1.3592,5.5564,0.4957,6.2065,30.6086,9.6023
20930.0,1.3589,5.9542,0.4976,5.798,30.5362,9.592
20935.0,1.3569,5.7065,0.4791,6.237,30.3335,9.5964
20940.0,1.3528,5.6924,0.4902,6.3661,30.7001,9.5529
20945.0,1.3474,5.6221,0.4955,5.6736,30.7732,9.5489
20950.0,1.3433,5.3305,0.48,5.5053,30.7142,9.5013
20955.0,1.3391,5.4383,0.4698,5.6262,30.7489,9.4463
20960.0,1.3349,5.4443,0.4773,4.5665,30.5879,9.4316
20965.0,1.3331,5.0401,0.4808,3.8371,30.3451,9.3901
20970.0,1.3298,4.9014,0.4953,4.0886,30.6714,9.3683
20975.0,1.331,5.1745,0.487,2.7956,30.1191,9.3686
20980.0,1.331,5.2942,0.4617,4.0472,30.245,9.3823
20985.0,1.334,5.692,0.4829,5.5311,30.2546,9.3716
20990.0,1.3357,5.1962,0.4736,4.24,30.8029,9.3823
20995.0,1.3408,5.4323,0.474,4.6059,30.8144,9.3844
21000.0,1.346,5.2344,0.4787,5.3599,30.7507,9.411
21005.0,1.3505,5.9607,0.4849,4.9353,30.947,9.4267
21010.0,1.3566,5.4204,0.5116,6.2598,30.5047,9.4576
21015.0,1.3574,5.6605,0.4841,5.5405,30.8484,9.5133
21020.0,1.3601,5.5625,0.4965,5.571,30.7547,9.5277
21025.0,1.3595,5.3173,0.4928,6.6806,31.0085,9.5416
21030.0,1.36,5.5589,0.5056,5.4791,30.7638,9.5276
21035.0,1.3589,5.428,0.5005,5.4553,30.6783,9.4918
21040.0,1.3553,5.6192,0.4967,4.6362,30.8796,9.4498
21045.0,1.3497,5.7332,0.4892,5.3458,30.9245,9.4513
21050.0,1.3464,5.161,0.491,4.8258,30.4949,9.4278
21055.0,1.3402,4.6468,0.4827,4.9399,30.6031,9.4263
21060.0,1.3367,5.2264,0.4614,4.8578,30.3146,9.4086
21065.0,1.3346,5.2927,0.4721,4.7035,29.9241,9.3945
21070.0,1.3296,4.9161,0.4893,4.6119,30.5799,9.3874
21075.0,1.3281,4.9602,0.4817,5.0306,30.677,9.3945
21080.0,1.3295,4.9069,0.4801,4.4038,30.5999,9.3884
21085.0,1.3346,5.2348,0.4797,4.3667,30.0704,9.378
21090.0,1.3364,5.146,0.4886,3.7418,30.5054,9.3938
21095.0,1.3422,5.1396,0.4926,6.7052,30.0823,9.4316
21100.0,1.3436,5.3533,0.4828,5.4157,31.0275,9.4529
21105.0,1.3502,5.6599,0.4776,4.0628,30.4617,9.4941
21110.0,1.3518,5.3924,0.4743,3.3176,31.0906,9.5345
21115.0,1.355,5.5527,0.4886,6.2315,31.048,9.5713
21120.0,1.3585,5.1349,0.4896,4.6991,30.6092,9.5947
21125.0,1.3597,5.1142,0.492,6.3091,30.5599,9.5949
21130.0,1.3582,5.4735,0.4733,4.2984,30.9246,9.5685
21135.0,1.3574,5.5763,0.4906,5.2908,30.6059,9.5454
21140.0,1.3537,5.652,0.4827,5.0904,30.8105,9.5065
21145.0,1.3497,5.4154,0.4686,4.5211,30.6234,9.4888
21150.0,1.3469,5.286,0.511,5.6215,30.2534,9.4461
21155.0,1.3427,5.43,0.4839,6.0645,30.0956,9.4147
21160.0,1.3356,5.1469,0.4806,4.1392,30.6688,9.3996
21165.0,1.3329,5.0591,0.4848,4.8311,30.4393,9.3811
21170.0,1.3303,5.1794,0.4845,4.2117,30.4207,9.382
21175.0,1.3286,5.3419,0.4794,5.7614,30.7261,9.3701
21180.0,1.328,5.4204,0.5112,5.8871,30.8533,9.405
21185.0,1.3308,4.8602,0.4905,5.2268,30.5134,9.4433
21190.0,1.3334,5.3657,0.4896,5.302,30.5298,9.4928
21195.0,1.3373,5.1292,0.4744,5.1348,30.782,9.5046
21200.0,1.3431,6.0079,0.4959,5.0424,30.3642,9.5516
21205.0,1.3463,4.9518,0.4923,5.4769,30.8055,9.5848
21210.0,1.3497,5.6016,0.4988,6.0078,30.9295,9.6314
21215.0,1.3534,5.4977,0.494,6.92,30.9946,9.6394
21220.0,1.3573,5.5385,0.5018,6.6136,30.3614,9.6679
21225.0,1.3562,5.7884,0.4945,4.5504,30.6622,9.7039
21230.0,1.3557,5.8487,0.5026,5.5685,30.6253,9.694
21235.0,1.3527,5.6279,0.4925,3.5311,30.848,9.6847
21240.0,1.3491,5.8765,0.4961,4.814,30.9095,9.6611
21245.0,1.3442,5.3668,0.5098,6.3483,31.121,9.6317
21250.0,1.341,4.8958,0.478,3.915,30.5761,9.6035
21255.0,1.3373,5.4626,0.4619,4.2677,30.5283,9.5412
21260.0,1.3312,5.0827,0.4666,5.4264,30.8974,9.5319
21265.0,1.328,5.1193,0.5,5.3351,30.65,9.5312
21270.0,1.3242,5.0929,0.4678,3.3424,30.8704,9.5565
21275.0,1.3247,4.8968,0.4749,5.3724,30.6173,9.5323
21280.0,1.3267,4.8479,0.4969,4.9073,30.262,9.5343
21285.0,1.3289,4.8514,0.4767,4.1808,30.2381,9.5522
21290.0,1.3324,5.3403,0.4957,4.2786,30.2154,9.5748
21295.0,1.335,5.1515,0.4911,5.0278,30.8092,9.5953
21300.0,1.339,4.9636,0.4628,4.496,30.9858,9.6351
21305.0,1.343,5.3001,0.4744,4.7719,31.1958,9.6733
21310.0,1.3474,5.6686,0.4739,5.8371,30.9845,9.724
21315.0,1.3506,5.5542,0.4808,4.7378,31.096,9.7423
21320.0,1.3538,5.8979,0.5007,5.6921,30.6798,9.7636
21325.0,1.3553,5.8911,0.4957,5.9745,30.5413,9.7592
21330.0,1.3529,6.5059,0.5108,6.2706,31.0338,9.7568
21335.0,1.3511,5.0189,0.4915,4.9401,30.9025,9.7446
21340.0,1.3488,5.8169,0.4872,4.7627,30.7897,9.6917
21345.0,1.3441,5.3921,0.5093,5.7093,30.8159,9.6737
21350.0,1.34,4.6743,0.4748,4.24,30.7514,9.6255
21355.0,1.3349,4.7516,0.4955,4.906,30.9431,9.5815
21360.0,1.3304,4.8341,0.4784,5.6606,30.9018,9.5639
21365.0,1.3275,5.0762,0.4735,4.8301,30.6787,9.5494
21370.0,1.3256,5.0648,0.4944,4.2001,30.7305,9.5172
21375.0,1.3252,4.6532,0.4802,4.1003,30.6378,9.5085
21380.0,1.3275,5.0008,0.468,2.8665,30.3989,9.4857
21385.0,1.3281,4.6988,0.4544,3.3194,30.7221,9.5181
21390.0,1.3329,5.1869,0.4879,5.7055,30.215,9.5548
21395.0,1.3351,4.8129,0.4903,5.291,30.8663,9.58
21400.0,1.3416,4.9523,0.495,5.4964,30.3479,9.6122
21405.0,1.3444,5.6253,0.4907,4.5276,30.7617,9.6683
21410.0,1.3502,5.4369,0.4981,6.0887,30.518,9.6695
21415.0,1.3525,5.6454,0.4981,6.5491,30.898,9.6851
21420.0,1.355,5.4386,0.4934,5.0518,30.7696,9.7028
21425.0,1.3579,5.2287,0.5125,5.2601,30.3838,9.6794
21430.0,1.3553,5.8768,0.4989,5.0953,30.8774,9.6791
21435.0,1.3541,5.4589,0.5067,6.3892,30.6034,9.6614
21440.0,1.3496,6.0361,0.4833,5.6972,30.932,9.6359
21445.0,1.3463,5.3704,0.4977,4.7414,30.6671,9.6032
21450.0,1.3415,5.275,0.4818,6.1126,30.7162,9.5681
21455.0,1.3377,5.0384,0.4844,5.7081,30.3284,9.5502
21460.0,1.3337,5.3569,0.5,5.4813,30.3754,9.5024
21465.0,1.3308,5.7535,0.4914,5.6274,30.3716,9.4645
21470.0,1.3285,4.4369,0.4762,3.0103,30.6759,9.4139
21475.0,1.3267,4.9312,0.4774,2.7153,30.8703,9.4219
21480.0,1.3296,5.0094,0.485,3.5359,30.2537,9.4274
21485.0,1.3299,5.7109,0.5027,5.9986,30.7421,9.4457
21490.0,1.335,5.3642,0.4754,3.764,29.9601,9.5099
21495.0,1.3383,5.1314,0.4802,5.1437,30.2423,9.5396
21500.0,1.3427,5.7725,0.4875,4.5723,30.344,9.5701
21505.0,1.347,5.0788,0.5101,5.4515,30.2884,9.6242
21510.0,1.3519,5.8346,0.476,5.0962,30.2688,9.637
21515.0,1.3537,5.5624,0.4878,5.4801,30.7975,9.653
21520.0,1.3564,6.1644,0.5078,5.0325,30.6584,9.6657
21525.0,1.356,5.3454,0.4856,6.471,30.8104,9.6936
21530.0,1.3545,5.6609,0.4896,6.6678,30.8771,9.7099
21535.0,1.3531,5.6852,0.485,6.2396,30.7458,9.6804
21540.0,1.3493,5.8566,0.4879,4.9113,30.8069,9.6642
21545.0,1.3451,5.4225,0.4677,5.1659,30.5795,9.6613
21550.0,1.3414,5.4445,0.4812,4.6896,30.2499,9.6327
21555.0,1.3343,5.1706,0.4895,5.4429,30.7609,9.6269
21560.0,1.3315,5.201,0.4988,5.6968,30.3035,9.5971
21565.0,1.3285,5.0441,0.4892,5.2552,30.1797,9.5739
21570.0,1.3255,4.7238,0.4705,2.8447,30.3439,9.5728
21575.0,1.3252,5.2865,0.4556,4.1439,30.1489,9.5733
21580.0,1.3261,5.327,0.4797,6.1629,30.2761,9.5593
21585.0,1.3269,5.1467,0.4786,3.9836,30.4838,9.6009
21590.0,1.3301,5.1551,0.495,5.2506,30.514,9.6305
21595.0,1.3349,5.5188,0.4692,3.9246,30.2402,9.6722
21600.0,1.3389,5.0774,0.492,5.5501,30.3851,9.7202
21605.0,1.342,5.0741,0.4624,4.5172,30.8179,9.7701
21610.0,1.3469,5.2352,0.4875,4.0395,30.7111,9.7864
21615.0,1.349,5.6576,0.4859,6.5754,31.1349,9.8113
21620.0,1.3518,5.9197,0.4995,6.0003,30.9283,9.8248
21625.0,1.352,5.262,0.4969,4.3501,30.9226,9.8552
21630.0,1.3531,5.3342,0.5037,5.2654,30.278,9.8502
21635.0,1.3489,5.6848,0.5061,5.0189,30.7905,9.8653
21640.0,1.3458,5.6223,0.506,6.3228,30.5489,9.861
21645.0,1.3418,5.4723,0.4832,5.7005,30.3784,9.8416
21650.0,1.3365,5.2369,0.4913,5.452,30.5076,9.8205
21655.0,1.3313,4.6962,0.4957,4.302,30.6514,9.7961
21660.0,1.3274,4.7671,0.4792,4.6793,30.4943,9.7691
21665.0,1.3249,5.1336,0.4771,4.9649,30.1121,9.7484
21670.0,1.3213,5.0839,0.4844,5.1847,30.4918,9.7577
21675.0,1.3221,4.6511,0.4749,4.3584,30.1352,9.7217
21680.0,1.322,5.1218,0.4554,3.4135,30.3519,9.7417
21685.0,1.3243,4.5803,0.4837,6.0692,30.2389,9.7658
21690.0,1.3278,4.957,0.4745,6.4191,30.289,9.773
21695.0,1.3312,5.0277,0.4788,4.5591,30.5729,9.8122
21700.0,1.3366,5.3011,0.4873,5.0887,30.1634,9.8616
21705.0,1.3397,4.9718,0.4904,4.96,30.9519,9.8771
21710.0,1.3459,4.7363,0.4925,5.1416,30.0479,9.9237
21715.0,1.3487,5.3578,0.4923,4.9311,30.3827,9.9352
21720.0,1.35,5.3778,0.505,5.4386,30.6417,9.9566
21725.0,1.3504,6.1808,0.5035,6.3819,30.6984,9.9759
21730.0,1.3504,5.3395,0.4894,5.9019,30.5156,9.9564
21735.0,1.3482,5.4391,0.4807,3.4823,30.5008,9.941
21740.0,1.3448,5.5794,0.4834,4.157,30.5804,9.9112
21745.0,1.341,5.5611,0.4908,4.9452,30.374,9.8848
21750.0,1.3351,5.1683,0.4919,5.4398,30.7295,9.8683
21755.0,1.3311,4.8418,0.498,5.4846,30.5405,9.823
21760.0,1.3269,4.3918,0.49,3.7174,30.5029,9.7956
21765.0,1.3248,4.763,0.496,4.4088,30.0058,9.7723
21770.0,1.3221,4.5505,0.483,4.3254,30.202,9.7583
21775.0,1.3213,4.4933,0.4813,3.7852,30.1352,9.761
21780.0,1.3221,4.8149,0.4595,3.3481,29.9622,9.7866
21785.0,1.3235,5.1647,0.4795,5.1307,30.3208,9.7959
21790.0,1.327,5.0711,0.4705,3.8356,30.1254,9.8386
21795.0,1.3305,4.9547,0.4791,4.4035,30.4614,9.8654
21800.0,1.336,5.2558,0.4894,5.6772,30.0723,9.9105
21805.0,1.3387,5.3052,0.4916,6.1629,30.8118,9.9604
21810.0,1.3445,4.9464,0.4957,6.06,30.1958,9.9819
21815.0,1.3473,5.4457,0.4903,4.3075,30.5038,9.9947
21820.0,1.349,4.8623,0.5021,5.3782,30.6643,10.0138
21825.0,1.3511,5.6339,0.4945,5.4531,30.327,9.9932
21830.0,1.3497,5.3699,0.4954,5.5671,30.6714,9.9748
21835.0,1.3485,5.483,0.4888,5.82,30.1258,9.9791
21840.0,1.3437,5.1596,0.4789,5.7837,30.759,9.9497
21845.0,1.3404,4.4275,0.4923,6.1514,30.3537,9.9222
21850.0,1.336,5.6919,0.498,4.9658,30.1508,9.9007
21855.0,1.3312,5.2733,0.4845,5.1174,30.1749,9.8698
21860.0,1.3262,5.2815,0.4941,5.9229,30.4063,9.8453
21865.0,1.3235,5.0807,0.4926,4.9064,30.0209,9.8375
21870.0,1.3214,5.1756,0.4804,4.3649,29.9546,9.8291
21875.0,1.3206,4.4582,0.4629,5.2633,30.0754,9.8142
21880.0,1.3218,5.0603,0.4747,3.737,29.8402,9.8242
21885.0,1.3227,5.1591,0.4716,3.7658,30.6072,9.8089
21890.0,1.3273,5.027,0.4923,4.3469,30.0399,9.8372
21895.0,1.3304,5.0541,0.4846,6.0206,30.4276,9.8748
21900.0,1.3357,5.609,0.4773,4.202,30.3147,9.8937
21905.0,1.3409,5.4141,0.4903,5.6325,30.059,9.9325
21910.0,1.3446,5.2624,0.4823,6.3846,30.3419,9.9564
21915.0,1.3472,5.561,0.508,6.5968,30.569,9.9899
21920.0,1.3495,5.7664,0.4937,5.5177,30.3437,10.0316
21925.0,1.3495,4.8293,0.4985,5.1288,30.6929,10.0316
21930.0,1.3491,4.9962,0.5067,6.3031,30.6392,10.0168
21935.0,1.3468,4.841,0.4818,4.5697,30.5889,10.014
21940.0,1.345,5.9643,0.4937,6.0709,30.2077,9.9547
21945.0,1.3411,4.8333,0.4923,5.9386,30.0074,9.9288
21950.0,1.3357,5.665,0.5039,4.8006,30.0743,9.9272
21955.0,1.3302,5.5688,0.4804,5.5205,30.2272,9.9201
21960.0,1.326,4.685,0.4727,3.8629,30.2695,9.8804
21965.0,1.3246,5.1073,0.4658,4.6763,29.5538,9.8465
21970.0,1.321,4.9677,0.4781,3.65,30.0701,9.8397
21975.0,1.32,4.9569,0.4708,5.0838,30.1012,9.8413
21980.0,1.3211,4.2734,0.4824,5.4941,29.9966,9.8405
21985.0,1.3224,5.2563,0.4754,3.4426,30.407,9.8541
21990.0,1.3262,5.055,0.4762,4.9368,30.2198,9.8731
21995.0,1.3299,5.1428,0.4945,6.2998,30.4808,9.899
22000.0,1.3352,4.6928,0.4923,6.1263,30.1426,9.9444
22005.0,1.3389,5.3445,0.4831,3.782,30.4744,9.9935
22010.0,1.3427,5.278,0.5053,6.0536,30.6878,10.0232
22015.0,1.3461,5.1411,0.4937,7.0564,30.6373,10.0489
22020.0,1.3496,5.2581,0.5164,5.7621,30.0549,10.0695
22025.0,1.3498,5.4722,0.5026,5.9072,30.2691,10.0722
22030.0,1.3494,5.2142,0.4953,5.8953,30.2362,10.0557
22035.0,1.3466,4.8052,0.4754,4.5427,30.4209,10.0524
22040.0,1.3431,5.4124,0.4761,3.247,30.4344,10.0345
22045.0,1.3401,5.251,0.4658,5.2617,30.0087,9.9889
22050.0,1.3345,4.6729,0.4777,5.1492,30.1865,9.9811
22055.0,1.3312,5.881,0.4874,5.7117,29.6158,9.9505
22060.0,1.3251,5.1346,0.4998,3.8811,30.437,9.9145
22065.0,1.323,5.0365,0.4606,3.433,29.9128,9.8886
22070.0,1.3208,4.9075,0.4943,5.2995,30.0313,9.8588
22075.0,1.3202,5.1384,0.4912,4.9257,29.9303,9.8586
22080.0,1.3202,5.0199,0.4481,3.5298,30.2993,9.8517
22085.0,1.3252,5.3395,0.4617,4.5381,29.3225,9.8519
22090.0,1.3264,4.9659,0.4892,5.0089,30.0588,9.8884
22095.0,1.3306,5.1546,0.4722,4.6855,30.0762,9.9148
22100.0,1.3361,4.4486,0.4849,4.4302,30.0336,9.9105
22105.0,1.3394,5.5571,0.4707,4.6915,30.6229,9.9401
22110.0,1.3454,5.9155,0.495,4.1637,30.0094,9.9607
22115.0,1.3472,5.4344,0.4932,6.7318,30.4554,10.0095
22120.0,1.3498,5.227,0.4929,5.067,30.371,10.0084
22125.0,1.3495,5.4216,0.4965,6.2819,30.6029,10.0405
22130.0,1.3496,6.171,0.4862,3.4688,30.1116,10.0589
22135.0,1.3475,5.3416,0.4773,5.5684,30.0722,10.0461
22140.0,1.3434,5.6645,0.4913,4.8042,30.4946,10.0064
22145.0,1.3402,5.4951,0.4835,4.571,30.2835,9.9447
22150.0,1.3366,4.9009,0.4823,5.534,29.743,9.9258
22155.0,1.3312,5.1436,0.491,4.869,29.9466,9.9012
22160.0,1.3264,5.2107,0.4829,4.9414,30.1347,9.8753
22165.0,1.3231,4.8959,0.486,5.0578,30.213,9.838
22170.0,1.3213,5.0449,0.5071,4.4292,29.8111,9.8537
22175.0,1.322,4.8757,0.4739,3.4012,29.2437,9.8529
22180.0,1.3204,5.0072,0.4797,4.5053,30.1092,9.8681
22185.0,1.3232,5.4074,0.4942,6.0497,29.6935,9.9019
22190.0,1.3273,4.8105,0.4763,4.0952,29.5263,9.9131
22195.0,1.332,5.3937,0.4909,4.8752,29.3632,9.9402
22200.0,1.3343,5.269,0.4944,4.7114,30.3202,9.9783
22205.0,1.339,4.9925,0.4732,5.1473,30.1942,10.03
22210.0,1.3431,5.1895,0.486,5.2221,30.1465,10.0763
22215.0,1.3459,5.3055,0.4938,5.1252,30.5825,10.0731
22220.0,1.3489,5.2588,0.5148,5.7039,30.4151,10.0576
22225.0,1.3494,5.5143,0.4799,4.8007,30.6664,10.0456
22230.0,1.3502,5.489,0.4839,4.2971,29.9061,10.0557
22235.0,1.3472,5.1087,0.4933,6.6337,30.2237,10.0401
22240.0,1.3451,5.3376,0.5041,5.2976,29.7944,10.0063
22245.0,1.34,5.6349,0.4943,4.0835,30.0989,9.9783
22250.0,1.3351,4.5724,0.4798,3.0017,30.0472,9.9648
22255.0,1.3305,4.9707,0.4644,4.6593,30.2192,9.9031
22260.0,1.3268,5.2791,0.4774,5.0632,30.0318,9.8671
22265.0,1.3228,4.8509,0.4792,4.6987,30.1427,9.8644
22270.0,1.3209,5.0649,0.4845,4.9503,30.1412,9.8328
22275.0,1.3197,4.8711,0.4689,3.9894,30.4965,9.8049
22280.0,1.3215,4.5732,0.4874,4.3801,29.8861,9.8335
22285.0,1.324,4.7626,0.4877,4.6125,29.7509,9.8509
22290.0,1.326,5.4101,0.4812,5.7968,30.0808,9.9049
22295.0,1.3306,4.9751,0.49,4.8111,29.8605,9.945
22300.0,1.3341,5.804,0.472,4.3375,30.478,9.9693
22305.0,1.339,5.5554,0.4919,5.8348,30.0832,10.0436
22310.0,1.3431,5.3428,0.4949,4.3962,30.0546,10.0898
22315.0,1.3465,5.4591,0.4844,4.4622,30.1115,10.1041
22320.0,1.3479,5.4512,0.4855,4.841,30.4305,10.122
22325.0,1.3489,5.4525,0.5016,5.7896,30.2192,10.1416
22330.0,1.3482,5.0348,0.5022,5.3988,30.0912,10.1522
22335.0,1.3445,5.8299,0.4811,5.4658,30.6471,10.1628
22340.0,1.3426,5.6291,0.4779,5.4002,29.984,10.1371
22345.0,1.3377,4.5519,0.4687,5.5603,30.1657,10.1259
22350.0,1.3328,4.677,0.4994,5.867,30.2741,10.094
22355.0,1.3292,4.9077,0.4988,6.6684,29.6575,10.0722
22360.0,1.3239,4.8499,0.4752,4.9471,30.1443,10.0467
22365.0,1.3213,5.3577,0.4831,2.2097,29.728,10.0292
22370.0,1.3182,4.9262,0.4625,5.0618,30.177,10.0155
22375.0,1.3183,5.1103,0.4894,6.031,29.7242,10.017
22380.0,1.3179,4.5979,0.482,6.0421,30.1463,10.0458
22385.0,1.3195,5.0784,0.4835,4.2497,30.2718,10.0815
22390.0,1.3231,5.0583,0.4717,3.8671,30.2449,10.0948
22395.0,1.3279,4.684,0.4947,4.5819,30.1353,10.0958
22400.0,1.3327,5.1196,0.491,4.9509,30.0621,10.1303
22405.0,1.3376,5.3284,0.4805,3.7236,30.0234,10.1548
22410.0,1.3403,4.7913,0.4847,5.6873,30.5783,10.2232
22415.0,1.3444,4.9926,0.495,4.7486,30.0701,10.2611
22420.0,1.3468,5.8041,0.4903,5.4321,30.0083,10.2666
22425.0,1.3465,5.3018,0.4898,4.4589,30.4427,10.2936
22430.0,1.3467,5.2383,0.5031,6.0494,30.0714,10.2652
22435.0,1.3449,5.39,0.4772,6.0897,30.0131,10.2313
22440.0,1.3418,5.1355,0.5002,5.2192,29.858,10.2144
22445.0,1.3372,4.9096,0.4816,4.9724,30.058,10.179
22450.0,1.3328,5.226,0.4813,5.5549,30.1133,10.1154
22455.0,1.3278,5.1881,0.4828,5.4643,30.1501,10.0974
22460.0,1.3233,5.1266,0.4931,3.6851,30.2871,10.0673
22465.0,1.32,5.1477,0.4788,3.8782,30.1495,10.0583
22470.0,1.3184,4.4338,0.4789,5.0553,29.9506,10.0326
22475.0,1.3174,4.5968,0.4633,4.4017,29.9433,10.0483
22480.0,1.3176,5.2484,0.4719,4.9517,30.1297,10.0675
22485.0,1.3195,5.1043,0.4753,4.3766,30.3436,10.0776
22490.0,1.3235,5.1227,0.4909,5.8802,30.0922,10.0832
22495.0,1.3278,4.406,0.4949,4.5818,29.9872,10.1219
22500.0,1.333,4.9201,0.4927,4.3859,29.9047,10.1317
22505.0,1.3377,5.1622,0.5099,6.1981,29.8402,10.174
22510.0,1.3409,5.0185,0.4949,5.0822,30.412,10.1976
22515.0,1.3444,5.9419,0.4866,5.8864,30.4254,10.2104
22520.0,1.3466,5.2396,0.4854,5.9516,30.4488,10.2175
22525.0,1.3476,5.431,0.495,5.2326,30.282,10.2251
22530.0,1.3462,5.0621,0.4829,4.9088,30.6609,10.2211
22535.0,1.3454,5.5648,0.4807,6.0689,30.1693,10.1726
22540.0,1.3417,5.0666,0.4857,5.7963,30.4984,10.1262
22545.0,1.3378,5.4056,0.4862,4.7352,30.2106,10.1111
22550.0,1.3332,4.967,0.485,5.0382,30.0244,10.0976
22555.0,1.3278,5.3435,0.4863,4.2243,30.2808,10.081
22560.0,1.3236,4.8058,0.4722,5.0626,30.1959,10.0575
22565.0,1.3205,4.9541,0.4587,4.9031,30.1523,10.0227
22570.0,1.3183,5.3204,0.4667,4.0076,30.0647,10.0257
22575.0,1.3176,4.4827,0.4625,4.6092,30.0304,10.0231
22580.0,1.3172,4.9314,0.4921,4.7111,30.6471,10.0277
22585.0,1.3196,4.9961,0.4825,5.725,30.3702,10.0623
22590.0,1.3228,4.9171,0.4788,3.4244,30.2909,10.1112
22595.0,1.3271,4.6932,0.4798,4.7055,30.1828,10.1491
22600.0,1.3311,4.5355,0.4794,4.2544,30.4559,10.201
22605.0,1.336,5.2634,0.4667,4.1438,30.383,10.2323
22610.0,1.3403,5.6103,0.4686,5.8978,30.3049,10.2626
22615.0,1.3437,5.1724,0.5047,6.0512,30.2587,10.2958
22620.0,1.3458,5.3348,0.5018,5.5727,30.3387,10.3027
22625.0,1.3481,5.8109,0.4965,4.7047,29.5768,10.2983
22630.0,1.3462,5.4032,0.5115,5.7186,30.4179,10.2603
22635.0,1.3446,5.0772,0.5046,5.221,30.225,10.2226
22640.0,1.3405,5.6407,0.4878,5.6076,30.7153,10.1883
22645.0,1.3368,5.5932,0.505,6.6227,30.2834,10.1735
22650.0,1.3326,5.2811,0.4924,5.3479,29.9383,10.1587
22655.0,1.3276,5.1514,0.4751,5.6528,30.18,10.1159
22660.0,1.3239,4.5778,0.4846,4.7867,29.8925,10.0803
22665.0,1.3201,4.498,0.4549,3.6368,30.2425,10.0429
22670.0,1.3183,4.8137,0.4753,4.6231,30.179,10.0091
22675.0,1.3172,4.9734,0.4869,3.8326,30.3418,10.006
22680.0,1.3189,5.0554,0.5006,3.6828,29.9155,9.9989
22685.0,1.3205,4.9942,0.4773,4.8831,30.1465,10.0228
22690.0,1.3248,4.984,0.483,4.6047,29.8334,10.0264
22695.0,1.3278,5.194,0.4745,4.6187,30.3954,10.0638
22700.0,1.3328,4.6376,0.4866,5.0259,30.3997,10.0714
22705.0,1.3374,4.8349,0.492,5.4906,30.4438,10.106
22710.0,1.3418,5.0937,0.49,6.2214,30.3657,10.1354
22715.0,1.3449,5.6126,0.4661,3.9546,30.5058,10.1585
22720.0,1.3464,5.5672,0.5031,4.7815,30.8282,10.1777
22725.0,1.3479,5.7861,0.5049,5.4883,30.3669,10.1881
22730.0,1.3469,5.5979,0.4792,5.2168,30.4692,10.1918
22735.0,1.3455,5.3033,0.5045,6.4324,30.1454,10.1709
22740.0,1.3421,4.6482,0.5017,5.8069,30.1704,10.1416
22745.0,1.3375,5.066,0.4774,4.5045,30.3739,10.1069
22750.0,1.3326,5.4975,0.5027,5.3643,30.5829,10.0636
22755.0,1.3281,5.2918,0.4713,4.7161,30.2003,10.067
22760.0,1.324,5.3027,0.4832,3.92,30.1674,10.0367
22765.0,1.3208,4.4312,0.4895,4.3616,30.0953,10.0099
22770.0,1.3187,4.3746,0.4783,4.9713,30.0458,9.9957
22775.0,1.3177,4.8586,0.4733,4.3807,30.2498,9.9813
22780.0,1.319,4.6779,0.4691,3.6362,29.813,10.0107
22785.0,1.3198,5.3795,0.4801,3.8746,30.5327,10.0253
22790.0,1.3243,4.8112,0.4721,4.6834,30.0832,10.0265
22795.0,1.3279,5.211,0.4827,5.0323,30.4758,10.0464
22800.0,1.3334,5.2207,0.485,4.7548,30.0281,10.0817
22805.0,1.3369,5.0484,0.4988,3.57,30.5631,10.125
22810.0,1.3412,4.9772,0.4776,3.6547,30.6097,10.1441
22815.0,1.3443,5.2459,0.4785,5.3647,30.5749,10.1956
22820.0,1.3468,4.7456,0.4869,5.4754,30.2555,10.2267
22825.0,1.3474,4.9566,0.4898,6.3385,30.5778,10.1977
22830.0,1.3472,5.2517,0.4906,5.7774,30.2163,10.2072
22835.0,1.3447,5.6381,0.5057,7.8739,30.4316,10.1836
22840.0,1.3407,5.7751,0.492,5.4725,30.723,10.1685
22845.0,1.3366,5.0372,0.4867,5.3145,30.627,10.1382
22850.0,1.3325,4.769,0.4965,4.4937,30.3893,10.0939
22855.0,1.3287,5.3863,0.4838,5.1403,30.0994,10.0421
22860.0,1.3237,4.4944,0.4774,4.1156,30.4667,10.0136
22865.0,1.3205,5.1358,0.4875,3.1195,30.281,9.9995
22870.0,1.3197,4.4726,0.4753,4.0929,29.6788,9.9803
22875.0,1.3174,5.0165,0.4578,3.622,30.4512,9.9721
22880.0,1.3186,4.449,0.4712,4.0467,30.2609,9.9696
22885.0,1.3201,4.6372,0.4998,3.9214,30.5929,9.9852
22890.0,1.325,4.5221,0.4773,3.8266,30.0556,9.9761
22895.0,1.3301,5.4683,0.4822,5.301,29.5811,10.0213
22900.0,1.3328,5.0343,0.5008,6.0367,30.4954,10.0538
22905.0,1.3371,4.8725,0.4958,5.8535,30.5489,10.1096
22910.0,1.3422,5.3608,0.4892,6.0739,30.0992,10.1471
22915.0,1.3451,5.2501,0.4879,5.4997,30.3144,10.1689
22920.0,1.3454,5.5326,0.4812,4.6583,31.2731,10.1938
22925.0,1.3471,5.5298,0.4943,7.16,30.5192,10.2275
22930.0,1.3461,5.1554,0.486,5.2964,30.775,10.2122
22935.0,1.3446,5.2789,0.5009,6.4734,30.4123,10.1985
22940.0,1.342,4.362,0.4887,4.8052,30.0231,10.1712
22945.0,1.337,5.2369,0.5003,4.761,30.4653,10.1378
22950.0,1.3322,5.8814,0.489,6.1968,30.399,10.1176
22955.0,1.3276,4.9414,0.4797,5.36,30.323,10.0865
22960.0,1.3234,4.9966,0.4899,4.3865,30.3564,10.0531
22965.0,1.3196,5.0358,0.4769,3.5463,30.4219,10.0509
22970.0,1.3175,4.9632,0.4673,4.1812,30.3009,10.0488
22975.0,1.3172,5.1331,0.474,3.6518,30.0189,10.0522
22980.0,1.3173,4.7677,0.4765,5.1783,30.4677,10.0487
22985.0,1.3203,5.5024,0.4867,4.1668,29.8839,10.0793
22990.0,1.3233,4.7928,0.4612,4.211,29.8957,10.1256
22995.0,1.3261,4.6963,0.4826,5.0486,30.6387,10.1765
23000.0,1.3308,6.0005,0.4893,5.529,30.6308,10.208
23005.0,1.3356,4.7677,0.4858,4.6598,30.5398,10.2443
23010.0,1.3405,5.0454,0.4872,4.3426,30.2508,10.2612
23015.0,1.3438,6.0341,0.4857,6.5899,30.4596,10.2542
23020.0,1.3458,5.2304,0.4861,7.0006,30.5959,10.2622
23025.0,1.3468,5.5673,0.492,6.1363,30.2736,10.2962
23030.0,1.3459,4.9214,0.4902,4.517,30.4841,10.2733
23035.0,1.3434,5.6436,0.513,6.7105,30.8143,10.2393
23040.0,1.3396,4.9174,0.4939,4.3052,30.9784,10.2302
23045.0,1.336,5.4083,0.483,5.0461,30.4785,10.214
23050.0,1.3306,5.0922,0.4917,5.6085,30.7297,10.2109
23055.0,1.3274,5.8168,0.4828,4.2185,30.0192,10.1582
23060.0,1.3221,4.9748,0.4884,4.9196,30.6242,10.1284
23065.0,1.3192,4.4502,0.4787,5.7439,30.2287,10.1159
23070.0,1.3167,4.723,0.4896,4.2165,30.4886,10.0969
23075.0,1.3164,4.9933,0.4894,3.9985,30.3459,10.0779
23080.0,1.317,4.8416,0.485,3.7848,30.7486,10.0359
23085.0,1.3197,4.7801,0.4939,4.418,30.2245,10.0784
23090.0,1.3226,4.8937,0.4871,5.6221,30.6365,10.0791
23095.0,1.3274,5.2271,0.4788,4.8846,30.4548,10.0879
23100.0,1.3322,5.3129,0.4924,5.92,30.5347,10.1031
23105.0,1.3373,5.6086,0.4774,5.5839,30.5779,10.099
23110.0,1.3416,5.2715,0.4816,2.6351,30.4574,10.1378
23115.0,1.3447,5.1578,0.4873,5.6879,30.7016,10.1458
23120.0,1.3472,5.3558,0.4912,5.8435,30.7138,10.136
23125.0,1.3475,5.4622,0.5049,6.2778,30.8001,10.1531
23130.0,1.3467,5.5893,0.4916,5.1052,30.7566,10.1622
23135.0,1.3443,4.7614,0.4963,5.7733,30.9166,10.1469
23140.0,1.3408,5.6997,0.4867,5.4782,30.9178,10.1309
23145.0,1.3376,4.5701,0.5027,4.7484,30.3853,10.0962
23150.0,1.3318,4.986,0.5042,4.9681,30.8216,10.0917
23155.0,1.3278,5.6098,0.5041,4.9497,30.2643,10.0847
23160.0,1.3227,4.8423,0.4883,4.7094,30.6687,10.0642
23165.0,1.319,5.0141,0.468,4.8057,30.6462,10.0689
23170.0,1.318,5.3699,0.4746,4.2175,29.9948,10.0582
23175.0,1.3165,4.9505,0.4872,4.7639,30.4911,10.0429
23180.0,1.3174,5.1973,0.4921,3.9569,30.3607,10.049
23185.0,1.3192,4.7775,0.4766,6.064,30.3119,10.1012
23190.0,1.3219,5.52,0.4777,4.502,30.875,10.1089
23195.0,1.3269,5.2568,0.4954,5.8289,30.4181,10.1347
23200.0,1.3314,4.9818,0.498,3.641,30.4286,10.1807
23205.0,1.3357,5.0141,0.4648,3.3342,30.6978,10.2131
23210.0,1.3397,5.6849,0.4992,5.6653,30.8943,10.2326
23215.0,1.3432,5.303,0.4814,4.6022,30.7229,10.2661
23220.0,1.345,5.4135,0.506,5.6632,31.0734,10.2678
23225.0,1.3457,5.1943,0.4979,7.9108,30.924,10.2929
23230.0,1.3462,5.2083,0.4936,4.3119,30.2414,10.2865
23235.0,1.3431,5.0464,0.4943,4.5933,30.6342,10.2903
23240.0,1.3399,5.2127,0.4873,4.2838,30.5949,10.2555
23245.0,1.3352,5.2027,0.4829,6.1009,30.8153,10.2413
23250.0,1.3318,5.2679,0.4997,5.4436,29.9947,10.2163
23255.0,1.325,4.9048,0.4857,3.4828,31.2436,10.2018
23260.0,1.3213,5.4775,0.479,3.6355,30.6989,10.1971
23265.0,1.318,4.6738,0.4807,4.0557,30.5719,10.184
23270.0,1.3156,4.3347,0.4846,4.2273,30.8103,10.159
23275.0,1.3143,4.9816,0.4843,2.8581,31.095,10.1737
23280.0,1.3156,4.6302,0.4713,4.9319,30.7356,10.1728
23285.0,1.318,4.8351,0.4863,3.8467,30.7778,10.1586
23290.0,1.3214,5.0028,0.4544,4.4222,30.6078,10.1936
23295.0,1.3257,5.1339,0.4712,4.6406,30.5829,10.2213
23300.0,1.3304,5.1163,0.5035,6.2123,30.5469,10.2604
23305.0,1.3349,4.9824,0.4907,5.1293,30.5068,10.315
23310.0,1.3388,5.7179,0.5096,5.6597,30.5845,10.3706
23315.0,1.3424,5.3835,0.4953,4.8176,30.4528,10.3936
23320.0,1.344,5.6242,0.4956,4.949,30.7937,10.4086
23325.0,1.3453,5.2602,0.4796,5.5849,30.3997,10.4153
23330.0,1.3438,4.8821,0.5026,5.7349,30.8621,10.4263
23335.0,1.3417,5.0769,0.4928,5.6478,30.7847,10.4159
23340.0,1.3382,5.3591,0.4989,6.1603,30.7981,10.4112
23345.0,1.3342,5.0731,0.4879,4.1549,30.5896,10.3815
23350.0,1.3283,5.0644,0.4763,3.9296,31.4435,10.3736
23355.0,1.3242,5.1226,0.4919,6.408,30.9685,10.3419
23360.0,1.3208,5.067,0.4824,5.8727,30.2759,10.3217
23365.0,1.3169,4.89,0.4805,4.8011,30.6124,10.3095
23370.0,1.3149,4.8048,0.4817,4.6357,30.3811,10.3071
23375.0,1.3145,4.5316,0.4748,4.481,30.2724,10.2819
23380.0,1.3152,5.0594,0.4757,4.8627,30.1984,10.2996
23385.0,1.3166,4.9118,0.4955,4.5904,30.6629,10.3436
23390.0,1.3202,5.0804,0.4746,4.2476,30.4176,10.3718
23395.0,1.324,4.8173,0.4949,4.5996,30.8716,10.392
23400.0,1.3287,5.6014,0.4814,5.8597,30.9243,10.4115
23405.0,1.3331,4.9915,0.5014,5.9432,31.0654,10.4534
23410.0,1.3379,5.5386,0.4851,4.1546,30.5503,10.4912
23415.0,1.3409,5.2416,0.4952,6.0056,30.915,10.5016
23420.0,1.3429,5.5119,0.5159,6.0498,30.9751,10.5206
23425.0,1.3439,5.538,0.5079,4.295,30.7053,10.536
23430.0,1.3433,5.554,0.4874,5.0164,30.6229,10.5235
23435.0,1.3406,5.6988,0.4883,5.6732,31.1962,10.4985
23440.0,1.3376,5.3195,0.4863,4.9338,30.8167,10.4784
23445.0,1.3336,4.8909,0.4964,5.614,30.8761,10.4176
23450.0,1.3296,5.4879,0.496,6.1276,30.4643,10.3681
23455.0,1.3251,4.5018,0.4738,5.2292,30.3176,10.3288
23460.0,1.3206,4.9335,0.4731,4.724,30.4372,10.318
23465.0,1.3171,4.8491,0.485,4.6386,30.5141,10.2967
23470.0,1.3152,4.8055,0.4599,5.2356,30.2565,10.2941
23475.0,1.3142,4.8047,0.4706,3.2467,30.5114,10.2832
23480.0,1.3154,5.1525,0.4806,4.3355,30.0977,10.2936
23485.0,1.3173,5.0615,0.4663,3.7345,30.2596,10.3128
23490.0,1.3199,5.2334,0.4795,4.4715,30.7389,10.3591
23495.0,1.3241,4.7141,0.4767,3.6397,30.7622,10.3933
23500.0,1.329,5.0457,0.4818,5.0715,30.5579,10.423
23505.0,1.3337,5.1163,0.4935,4.2798,30.4459,10.4668
23510.0,1.338,5.0125,0.5023,4.6138,30.4834,10.4862
23515.0,1.3414,5.0564,0.4957,4.1046,30.6781,10.4778
23520.0,1.343,4.9231,0.4884,6.1525,30.9518,10.5149
23525.0,1.3436,5.3057,0.471,5.06,31.0279,10.5243
23530.0,1.3434,5.1689,0.4945,4.993,30.6621,10.5073
23535.0,1.3415,4.8398,0.4702,5.29,30.4742,10.4967
23540.0,1.3375,5.4749,0.493,5.601,30.7939,10.4951
23545.0,1.3335,4.9174,0.4982,5.9841,30.4767,10.4859
23550.0,1.3288,5.0532,0.472,6.2799,30.504,10.4621
23555.0,1.3236,5.1691,0.474,4.5986,30.9159,10.4427
23560.0,1.3195,4.9337,0.4802,4.9311,30.7467,10.4222
23565.0,1.3162,4.8435,0.4827,4.6021,30.5434,10.4219
23570.0,1.3143,4.9183,0.4837,4.9686,30.1617,10.4271
23575.0,1.313,4.6153,0.4835,4.1665,30.5221,10.4441
23580.0,1.3136,4.8773,0.481,3.9398,30.7391,10.4458
23585.0,1.3161,5.026,0.4872,5.6656,30.3977,10.4578
23590.0,1.319,4.2308,0.4852,4.7479,30.8592,10.4847
23595.0,1.3235,5.0733,0.4705,4.8527,30.883,10.4633
23600.0,1.3281,4.8596,0.4878,5.9322,31.0187,10.4844
23605.0,1.333,5.3304,0.4776,5.5978,30.7218,10.5189
23610.0,1.3371,5.6004,0.4803,5.6793,30.8305,10.5535
23615.0,1.3404,5.4496,0.4743,5.023,31.0667,10.5547
23620.0,1.3426,5.8494,0.488,6.8445,30.8424,10.5829
23625.0,1.3435,5.4024,0.514,5.5647,30.6087,10.607
23630.0,1.3429,5.4136,0.483,6.5046,30.6105,10.589
23635.0,1.3405,4.9084,0.4847,5.1707,30.7569,10.5769
23640.0,1.3375,5.7179,0.493,5.3132,30.3372,10.5703
23645.0,1.333,5.5522,0.4794,5.4859,30.578,10.5422
23650.0,1.328,5.1631,0.4824,3.5409,30.8372,10.5174
23655.0,1.3246,5.143,0.496,4.3736,29.9644,10.4581
23660.0,1.3194,5.3072,0.4623,6.0333,30.8495,10.4115
23665.0,1.3163,5.2124,0.4635,5.1036,30.7087,10.3844
23670.0,1.3146,4.9986,0.4856,5.341,30.2871,10.3738
23675.0,1.3135,4.5313,0.493,5.3565,30.5257,10.3752
23680.0,1.3144,4.7886,0.4955,4.273,30.3931,10.3778
23685.0,1.3163,4.8077,0.4684,3.6699,30.7161,10.3741
23690.0,1.32,5.2351,0.4841,3.722,30.6824,10.3605
23695.0,1.3248,4.7724,0.4949,5.9568,30.1234,10.3941
23700.0,1.3288,5.1121,0.497,5.2771,30.6613,10.435
23705.0,1.3338,5.5382,0.4842,4.3864,30.5041,10.4566
23710.0,1.338,5.0954,0.5138,6.2104,30.6126,10.471
23715.0,1.3413,4.9006,0.4801,5.1485,30.4375,10.5165
23720.0,1.343,5.1591,0.4644,5.5193,31.0722,10.5031
23725.0,1.3438,5.335,0.5038,5.6207,30.8968,10.5164
23730.0,1.3439,5.2658,0.4626,4.5222,30.4388,10.4876
23735.0,1.3419,5.4127,0.4869,5.4798,30.2629,10.4762
23740.0,1.3381,4.9753,0.5018,5.7868,30.4609,10.4781
23745.0,1.3338,5.2579,0.4776,4.6904,30.6181,10.4353
23750.0,1.3293,5.1003,0.4764,4.6543,30.517,10.3944
23755.0,1.3244,4.9174,0.4937,5.9313,30.7177,10.3527
23760.0,1.3203,4.914,0.4927,5.2336,30.5537,10.3315
23765.0,1.3167,5.1943,0.4778,5.4884,30.559,10.3489
23770.0,1.3148,4.5831,0.475,5.3553,30.3705,10.3284
23775.0,1.3144,5.4293,0.473,5.72,29.9276,10.3528
23780.0,1.3147,5.1995,0.4618,5.0719,30.2266,10.3697
23785.0,1.3164,5.1593,0.4902,4.136,30.5551,10.3933
23790.0,1.3201,4.6917,0.4723,6.1427,30.3036,10.4086
23795.0,1.3241,5.2562,0.4777,4.8874,30.4771,10.4402
23800.0,1.3289,4.9647,0.4872,5.4133,30.311,10.4796
23805.0,1.3337,5.7085,0.4908,5.0629,30.1724,10.514
23810.0,1.3376,5.4946,0.4995,7.2015,30.4337,10.5487
23815.0,1.3406,5.5975,0.5018,4.6136,30.5677,10.5975
23820.0,1.3432,5.6155,0.4902,4.3683,30.3404,10.5843
23825.0,1.3438,4.871,0.5025,5.8187,30.4453,10.5966
23830.0,1.3431,5.2925,0.5002,6.6819,30.2545,10.6193
23835.0,1.3404,5.0895,0.5117,6.8319,30.7402,10.6001
23840.0,1.3374,5.2156,0.5079,6.7317,30.3459,10.5906
23845.0,1.3326,5.0895,0.4843,4.5771,30.7331,10.5824
23850.0,1.3279,5.2361,0.4941,4.9726,30.6978,10.5587
23855.0,1.3238,5.1649,0.4703,4.5627,30.2411,10.5195
23860.0,1.3199,4.462,0.4918,3.4284,29.9594,10.488
23865.0,1.3168,4.9293,0.4839,4.2524,29.6487,10.4785
23870.0,1.3143,5.0421,0.4479,3.9026,29.7726,10.4886
23875.0,1.3137,5.041,0.4752,4.9242,29.7816,10.471
23880.0,1.3137,4.9912,0.4787,4.9874,30.4686,10.4747
23885.0,1.3162,5.3268,0.4788,4.5989,30.1658,10.4798
23890.0,1.3195,4.9536,0.4872,5.8765,30.2589,10.4993
23895.0,1.3242,5.3688,0.4911,3.7158,29.6395,10.5534
23900.0,1.3288,5.3114,0.4789,4.5457,29.9328,10.5587
23905.0,1.3326,5.1937,0.4798,5.9153,30.4916,10.6243
23910.0,1.337,5.1578,0.4771,5.5971,30.3745,10.6514
23915.0,1.3405,5.2329,0.4981,5.1265,30.2903,10.6672
23920.0,1.3425,5.3303,0.5015,5.8501,30.4806,10.6687
23925.0,1.343,5.0995,0.4865,3.2863,30.7465,10.6711
23930.0,1.3427,5.1585,0.4984,6.2825,30.2658,10.6647
23935.0,1.3406,4.9498,0.4967,5.8843,30.3079,10.6476
23940.0,1.3372,5.2729,0.4834,5.6604,30.2961,10.635
23945.0,1.3325,4.9465,0.4809,5.128,30.7948,10.6007
23950.0,1.3291,5.463,0.487,4.6122,29.6161,10.5691
23955.0,1.3237,4.9885,0.4947,6.7458,30.2558,10.5322
23960.0,1.3198,4.8148,0.4744,3.5557,30.0049,10.4942
23965.0,1.3165,5.1262,0.4752,4.122,30.1324,10.4402
23970.0,1.3149,4.865,0.4828,4.329,29.7952,10.4119
23975.0,1.3139,4.5511,0.4714,3.0464,29.9301,10.4109
23980.0,1.3145,4.8097,0.4877,6.1026,30.1176,10.4159
23985.0,1.316,4.6896,0.471,4.3494,30.7293,10.424
23990.0,1.32,4.9819,0.4694,4.6649,30.1762,10.4383
23995.0,1.3247,5.1143,0.4976,4.6601,29.7938,10.472
24000.0,1.3292,5.2543,0.4895,5.4226,29.9361,10.5016
24005.0,1.3338,5.0539,0.4749,4.2781,29.9647,10.5328
24010.0,1.3384,5.2012,0.4957,5.3153,29.6606,10.5734
24015.0,1.3411,4.9742,0.5039,6.5245,30.0497,10.6071
24020.0,1.3429,5.5902,0.4921,4.7304,30.3263,10.6311
24025.0,1.3443,5.1418,0.4807,5.4724,29.8213,10.6375
24030.0,1.3427,5.0874,0.492,4.8926,30.384,10.6435
24035.0,1.3407,5.274,0.4849,5.92,30.2118,10.6367
24040.0,1.3378,5.1854,0.4985,5.443,29.8624,10.6204
24045.0,1.3333,5.1317,0.5047,5.5769,29.9579,10.6041
24050.0,1.3282,4.9474,0.4827,5.8518,30.3356,10.5828
24055.0,1.3237,4.7942,0.4819,4.5399,30.0621,10.5599
24060.0,1.32,5.248,0.4842,5.2165,29.8281,10.5007
24065.0,1.3166,5.0277,0.4948,5.1831,29.7222,10.4973
24070.0,1.3145,4.6055,0.4819,4.3091,29.7683,10.4734
24075.0,1.314,4.7731,0.4865,4.188,29.6027,10.4525
24080.0,1.3152,5.4909,0.467,4.7933,29.2005,10.4706
24085.0,1.3162,4.6265,0.4802,6.6911,30.2472,10.4707
24090.0,1.32,5.006,0.4807,4.6617,29.7973,10.502
24095.0,1.3241,5.0167,0.4871,4.9625,29.8884,10.5332
24100.0,1.3289,5.8443,0.4829,5.659,29.8092,10.5567
24105.0,1.3339,5.2058,0.4906,5.6106,29.6747,10.5737
24110.0,1.338,5.7219,0.4861,6.3585,29.8422,10.5942
24115.0,1.3419,5.4056,0.4845,5.1789,29.5103,10.6082
24120.0,1.3427,5.4083,0.4913,6.0809,30.489,10.6345
24125.0,1.3446,5.3099,0.5105,7.7886,29.6067,10.6362
24130.0,1.3436,5.3339,0.4927,4.8722,29.6382,10.6571
24135.0,1.3412,4.9564,0.4937,6.091,29.7529,10.6512
24140.0,1.3373,5.1586,0.4868,5.7025,30.1398,10.6347
24145.0,1.3335,4.8023,0.4926,5.5154,29.7676,10.612
24150.0,1.3293,5.3236,0.4887,6.2133,29.3966,10.5835
24155.0,1.3239,5.3254,0.4742,3.385,29.9608,10.5535
24160.0,1.32,4.8571,0.4743,4.7611,29.776,10.5127
24165.0,1.3168,4.3673,0.4702,4.5609,29.6825,10.4803
24170.0,1.3145,4.8449,0.4753,5.1677,29.6933,10.4797
24175.0,1.3133,4.4221,0.4678,3.6496,30.0933,10.4694
24180.0,1.3143,4.8813,0.4554,3.5626,30.036,10.4558
24185.0,1.3173,4.9828,0.4835,5.0896,29.327,10.4718
24190.0,1.32,5.286,0.4903,3.4275,29.9254,10.4797
24195.0,1.3245,4.8697,0.4678,5.3243,29.6446,10.5147
24200.0,1.3292,5.1197,0.4728,4.8258,29.7074,10.5407
24205.0,1.3346,5.2329,0.4825,4.3667,29.1934,10.5685
24210.0,1.3382,5.016,0.4744,5.4659,29.6031,10.6051
24215.0,1.3416,5.4503,0.4896,4.7508,29.463,10.6439
24220.0,1.3434,5.1223,0.5023,4.2383,29.8819,10.6387
24225.0,1.3442,5.0153,0.4867,5.7614,29.9373,10.628
24230.0,1.3444,5.1292,0.4872,5.3719,29.1308,10.6392
24235.0,1.3416,5.2596,0.4996,5.0084,29.6099,10.628
24240.0,1.3379,5.3896,0.4782,4.7712,29.8499,10.6051
24245.0,1.334,5.5253,0.4942,4.9476,29.4681,10.5977
24250.0,1.3289,4.9358,0.4863,4.5238,29.6378,10.5886
24255.0,1.3245,4.9709,0.4769,4.0688,29.4841,10.5534
24260.0,1.3203,4.8233,0.4687,4.3239,29.4269,10.5202
24265.0,1.3172,4.8578,0.4797,3.9298,29.2275,10.498
24270.0,1.3152,4.7757,0.4945,5.0119,28.9569,10.5102
24275.0,1.3142,4.9458,0.4918,4.5193,28.9603,10.5357
24280.0,1.3145,4.2939,0.4772,4.4703,29.4123,10.5276
24285.0,1.3168,4.8644,0.4615,4.6523,29.2481,10.5526
24290.0,1.3201,5.2058,0.4854,4.4239,29.2287,10.5806
24295.0,1.3244,4.7999,0.4669,3.6932,29.186,10.6163
24300.0,1.3289,5.2187,0.5045,6.4888,29.2489,10.6641
24305.0,1.3331,5.5315,0.4967,5.2035,29.6201,10.7026
24310.0,1.3378,4.6561,0.4906,5.906,29.3031,10.7103
24315.0,1.3414,5.4054,0.4942,6.0339,29.0717,10.7492
24320.0,1.3425,5.2254,0.5008,5.15,29.6009,10.8119
24325.0,1.3435,5.0171,0.505,6.4118,29.3578,10.8265
24330.0,1.3428,4.7598,0.4943,7.0271,29.3963,10.8157
24335.0,1.3404,5.0781,0.4994,6.4228,29.7557,10.7698
24340.0,1.3375,5.3954,0.4874,5.8834,29.3022,10.7533
24345.0,1.3333,5.1486,0.4997,3.4904,29.3245,10.721
24350.0,1.3293,4.9906,0.4854,5.0596,28.8978,10.6759
24355.0,1.3243,4.692,0.4827,4.0571,29.0779,10.6512
24360.0,1.32,5.2758,0.4866,4.8854,29.23,10.6037
24365.0,1.3174,4.7728,0.4625,4.5068,28.6422,10.5813
24370.0,1.3147,4.6994,0.4812,3.8435,29.0466,10.5658
24375.0,1.3141,4.9682,0.4798,2.9748,29.0008,10.5462
24380.0,1.315,4.809,0.4839,5.134,28.9799,10.5435
24385.0,1.3167,4.9331,0.4744,4.8617,29.2367,10.5623
24390.0,1.3203,5.0005,0.4842,5.2956,29.0808,10.5801
24395.0,1.3242,5.8312,0.4864,3.622,29.3951,10.6102
24400.0,1.3296,5.6759,0.5076,5.2914,28.8101,10.6471
24405.0,1.3337,5.0575,0.4959,5.1401,29.1254,10.6995
24410.0,1.338,4.9255,0.4857,3.6145,29.1409,10.7128
24415.0,1.3417,5.1332,0.4863,5.5578,28.8722,10.7442
24420.0,1.3432,5.4407,0.4897,5.2364,29.3864,10.7496
24425.0,1.3435,5.4646,0.4855,5.179,29.7224,10.7642
24430.0,1.3434,5.2638,0.4913,5.5828,29.1162,10.7701
24435.0,1.341,4.9146,0.4817,6.751,29.212,10.769
24440.0,1.3379,5.6928,0.4934,5.297,29.0602,10.7427
24445.0,1.334,5.2143,0.4862,5.0786,28.8055,10.719
24450.0,1.3297,5.3769,0.4916,5.7462,28.4689,10.6915
24455.0,1.3246,4.5325,0.4949,4.1982,28.6879,10.6808
24460.0,1.3207,4.6724,0.4763,5.8508,28.4611,10.6453
24465.0,1.3163,4.9669,0.4859,4.3184,29.1885,10.6384
24470.0,1.3146,5.2067,0.496,3.929,28.699,10.6377
24475.0,1.3139,4.8961,0.4823,4.2664,28.6206,10.6416
24480.0,1.3143,5.1372,0.4841,3.5687,28.9233,10.6501
24485.0,1.3173,4.7353,0.4838,4.8383,28.4285,10.6398
24490.0,1.3206,5.216,0.4756,4.0076,28.5371,10.6487
24495.0,1.3245,5.2013,0.4814,5.4223,28.7743,10.6703
24500.0,1.3288,5.4457,0.4811,4.342,29.0475,10.7089
24505.0,1.3338,4.8005,0.4751,3.8931,28.9488,10.7235
24510.0,1.3381,5.9375,0.4703,5.2081,28.914,10.7411
24515.0,1.3414,5.1548,0.4881,5.1792,28.8913,10.7792
24520.0,1.3433,5.6547,0.4721,5.5824,28.9799,10.8077
24525.0,1.3439,5.4594,0.4974,6.0078,28.9244,10.8442
24530.0,1.3437,5.0378,0.5056,5.4385,28.5959,10.8315
24535.0,1.3413,5.4675,0.4821,5.3747,28.8305,10.8054
24540.0,1.3385,5.6104,0.4976,6.6021,28.5042,10.7696
24545.0,1.334,5.0109,0.5062,6.7144,28.7379,10.7266
24550.0,1.3295,5.2361,0.4684,4.8804,28.538,10.7058
24555.0,1.324,4.759,0.4912,5.9619,29.2336,10.6701
24560.0,1.3207,4.9827,0.4809,4.5302,28.5339,10.6308
24565.0,1.3181,4.9637,0.4818,5.7656,28.1466,10.5845
24570.0,1.3154,4.7321,0.4783,4.4381,28.4298,10.5885
24575.0,1.3146,4.2313,0.4586,5.6114,28.5729,10.5581
24580.0,1.3149,4.7927,0.4899,6.0476,28.8558,10.5771
24585.0,1.3177,4.8441,0.4659,3.1019,28.2985,10.6113
24590.0,1.3213,5.1825,0.4844,6.1459,28.0705,10.6394
24595.0,1.3249,4.9608,0.4785,5.0955,28.6993,10.6385
24600.0,1.3304,5.0227,0.4937,6.1269,28.1835,10.6629
24605.0,1.3346,5.5961,0.4767,4.673,28.4532,10.7033
24610.0,1.3388,4.9858,0.4866,5.2198,28.5269,10.7244
24615.0,1.3423,4.8888,0.4862,5.4377,28.5944,10.7191
24620.0,1.3444,6.0401,0.4918,4.2239,28.7928,10.7025
24625.0,1.3457,5.4211,0.5023,5.8554,28.4443,10.709
24630.0,1.3449,5.2833,0.4933,5.0964,28.5269,10.6985
24635.0,1.3425,6.0661,0.4966,5.3503,28.5579,10.7053
24640.0,1.339,5.5554,0.488,6.3896,28.5532,10.6931
24645.0,1.3349,5.4795,0.4998,5.6596,28.486,10.6615
24650.0,1.3301,4.9847,0.4764,3.7092,28.5118,10.6362
24655.0,1.3252,4.6255,0.4712,5.0804,28.555,10.6282
24660.0,1.3212,5.4009,0.4709,3.9624,28.3881,10.5985
24665.0,1.3178,5.4811,0.4886,5.534,28.3579,10.5855
24670.0,1.3166,4.7464,0.4705,3.8812,27.8154,10.5635
24675.0,1.315,4.4852,0.4757,4.8631,28.2041,10.5792
24680.0,1.3155,4.746,0.4908,4.7008,28.3066,10.5947
24685.0,1.3176,4.9942,0.4896,4.7805,28.3782,10.6105
24690.0,1.3216,4.8034,0.483,4.8541,28.0441,10.6155
24695.0,1.3257,4.8758,0.468,5.054,28.0823,10.6484
24700.0,1.3303,5.1442,0.4889,4.5065,28.1379,10.6804
24705.0,1.3346,5.0163,0.5005,4.4457,28.4501,10.7041
24710.0,1.3387,5.6853,0.4798,4.7545,28.6045,10.7211
24715.0,1.3424,5.5712,0.5127,5.8322,28.2656,10.7695
24720.0,1.3441,5.1074,0.4891,5.5777,28.6041,10.777
24725.0,1.3451,5.3518,0.4871,4.7575,28.4037,10.7873
24730.0,1.3444,5.3978,0.469,4.525,28.3229,10.7919
24735.0,1.3422,5.4401,0.4831,4.7678,28.2683,10.7956
24740.0,1.3385,5.1013,0.4907,6.2215,28.4632,10.78
24745.0,1.3346,4.9339,0.4925,5.5986,28.3047,10.7356
24750.0,1.3294,5.3115,0.4917,6.0396,28.7346,10.6826
24755.0,1.3259,5.4544,0.4865,3.1014,27.895,10.6688
24760.0,1.3211,5.206,0.4813,5.324,28.1846,10.6469
24765.0,1.318,5.6001,0.4699,4.0614,27.8785,10.6458
24770.0,1.3163,5.25,0.4715,5.4005,27.7611,10.6035
24775.0,1.3153,4.5084,0.4896,5.0982,27.9574,10.5914
24780.0,1.316,4.803,0.4747,4.0913,27.9909,10.6006
24785.0,1.3171,5.1643,0.4821,4.9875,28.6965,10.6057
24790.0,1.3216,4.9925,0.4771,5.5683,27.9434,10.6333
24795.0,1.3266,5.0672,0.471,4.6964,27.738,10.6227
24800.0,1.3309,5.0248,0.4875,5.0177,28.1245,10.6227
24805.0,1.3368,5.0038,0.4809,4.821,27.5734,10.6388
24810.0,1.3401,5.4506,0.4782,5.7216,28.1004,10.658
24815.0,1.3435,5.5707,0.5063,5.0946,28.1501,10.6775
24820.0,1.3452,4.9193,0.4832,4.9727,28.3557,10.7
24825.0,1.3457,5.2518,0.4853,6.6004,28.3976,10.7171
24830.0,1.3456,5.1224,0.4751,6.2757,28.0108,10.7171
24835.0,1.3434,5.6422,0.4882,6.1237,28.0676,10.6966
24840.0,1.3401,4.9504,0.4727,5.1174,27.8705,10.6994
24845.0,1.3361,5.2092,0.4744,4.8406,27.7282,10.6785
24850.0,1.3309,4.761,0.4894,6.2121,28.0315,10.6402
24855.0,1.3267,5.1484,0.47,4.7481,27.5795,10.6347
24860.0,1.3225,5.0745,0.4558,4.7606,27.7427,10.5809
24865.0,1.3196,5.206,0.4817,4.398,27.5547,10.54
24870.0,1.3166,4.8487,0.4828,4.9334,27.9101,10.5452
24875.0,1.3153,4.987,0.4627,4.1283,28.2062,10.5482
24880.0,1.3175,5.0849,0.4717,4.7496,27.4284,10.5485
24885.0,1.3199,4.4862,0.5051,6.0049,27.3026,10.5651
24890.0,1.3222,5.0506,0.4791,4.2639,27.7586,10.5994
24895.0,1.3266,4.6331,0.4917,4.9258,27.8264,10.6043
24900.0,1.3312,4.7195,0.4931,4.1333,27.9144,10.6326
24905.0,1.3361,5.269,0.4711,4.5351,27.7856,10.6637
24910.0,1.3407,4.7621,0.5018,5.9921,27.88,10.6501
24915.0,1.3436,4.9284,0.4887,6.4234,28.0464,10.678
24920.0,1.3455,5.5355,0.487,5.6241,28.2272,10.6927
24925.0,1.3474,5.5263,0.4908,5.3875,27.4771,10.7211
24930.0,1.3462,5.8888,0.5048,4.7997,27.8578,10.696
24935.0,1.3437,5.6896,0.4994,6.3499,27.9737,10.6845
24940.0,1.3407,5.3673,0.4846,5.4748,27.6493,10.6849
24945.0,1.3352,5.1009,0.4931,5.4314,28.2615,10.6701
24950.0,1.3316,4.9497,0.4909,4.556,27.6154,10.6439
24955.0,1.3265,4.7809,0.4797,5.3137,27.7095,10.6395
24960.0,1.322,4.8996,0.4669,4.849,27.809,10.6138
24965.0,1.3194,4.919,0.4799,4.2032,27.4812,10.5737
24970.0,1.3175,4.6049,0.4754,5.2469,27.1383,10.5955
24975.0,1.3161,4.8849,0.4777,4.7243,27.4777,10.5996
24980.0,1.316,4.8578,0.4749,4.3576,27.842,10.625
24985.0,1.3188,4.9837,0.4827,4.3917,27.5143,10.633
24990.0,1.3228,5.2078,0.4966,4.7323,27.4127,10.6092
24995.0,1.3262,5.0083,0.5045,5.2684,27.8902,10.6388
25000.0,1.3312,5.5696,0.4849,4.4915,27.6153,10.6896
25005.0,1.3358,5.2469,0.5007,6.6413,27.6097,10.7304
25010.0,1.3399,4.9259,0.5018,7.0265,27.8094,10.7385
25015.0,1.3428,4.7694,0.5067,6.2829,27.991,10.7765
25020.0,1.3446,5.7283,0.501,7.7428,28.4083,10.7568
25025.0,1.346,5.3181,0.4762,4.7536,28.0203,10.7601
25030.0,1.3452,5.4839,0.4969,6.2314,28.0895,10.7433
25035.0,1.3442,4.8676,0.4779,5.4448,27.6453,10.7044
25040.0,1.3409,5.7004,0.4972,4.4499,27.4757,10.6983
25045.0,1.3362,5.7151,0.5038,6.479,27.6996,10.6697
25050.0,1.3314,5.5385,0.4883,5.1013,27.6583,10.6575
25055.0,1.3275,5.6991,0.4913,5.7101,27.3095,10.6156
25060.0,1.3225,4.8282,0.4578,3.6706,27.4875,10.6229
25065.0,1.319,5.1993,0.4616,2.9018,27.5921,10.5986
25070.0,1.317,5.1917,0.4758,4.398,27.5552,10.573
25075.0,1.3161,5.5282,0.4717,4.5121,27.5782,10.5799
25080.0,1.317,5.1422,0.4957,6.2289,27.5267,10.5741
25085.0,1.3194,4.6328,0.5003,4.6522,27.343,10.6007
25090.0,1.3227,5.5037,0.4876,3.495,27.3691,10.6228
25095.0,1.3272,4.9819,0.479,5.1502,27.2344,10.6593
25100.0,1.3302,4.6108,0.4727,3.8531,28.0216,10.7129
25105.0,1.3359,5.2644,0.4793,4.4748,27.6201,10.7238
25110.0,1.34,5.7541,0.4847,5.4092,27.5974,10.7677
25115.0,1.3437,4.7617,0.5052,6.0098,27.4497,10.7859
25120.0,1.3442,5.7448,0.5015,4.9643,28.4324,10.7927
25125.0,1.3466,4.8726,0.4936,5.4663,27.4329,10.8141
25130.0,1.3453,6.2843,0.5019,4.9934,27.5822,10.828
25135.0,1.343,5.2816,0.5052,4.6704,27.7677,10.8038
25140.0,1.3395,5.676,0.5112,6.6328,27.7763,10.7895
25145.0,1.3351,5.3688,0.4869,4.0961,27.8198,10.7633
25150.0,1.3299,4.6682,0.4968,4.1883,27.9818,10.7634
25155.0,1.3258,4.6552,0.4706,5.0162,27.6061,10.7361
25160.0,1.322,4.9759,0.4756,4.9928,27.1699,10.7356
25165.0,1.3185,5.0565,0.4767,5.4402,27.3327,10.7055
25170.0,1.316,4.6202,0.4821,5.2595,27.449,10.7041
25175.0,1.3146,5.0681,0.4805,5.5675,27.8782,10.6905
25180.0,1.3169,5.1546,0.4742,3.8841,27.0156,10.6898
25185.0,1.3179,4.8888,0.5011,5.7662,27.6837,10.7068
25190.0,1.3215,4.605,0.4802,4.1691,27.4581,10.7435
25195.0,1.3255,4.5446,0.4916,4.4537,27.6613,10.7566
25200.0,1.3307,5.2943,0.4798,4.5762,27.4697,10.7717
25205.0,1.3355,5.0114,0.4932,5.4529,27.3281,10.8162
25210.0,1.3393,5.0736,0.4965,6.3028,27.7655,10.8094
25215.0,1.3429,5.2259,0.4878,5.2543,27.7719,10.8058
25220.0,1.3449,4.983,0.4892,5.681,27.8701,10.8257
25225.0,1.346,5.5572,0.5006,5.8918,27.6287,10.8363
25230.0,1.3454,5.9079,0.4999,4.649,27.4724,10.8431
25235.0,1.3438,5.5316,0.4809,5.0256,27.2092,10.8241
25240.0,1.3393,5.9636,0.493,5.9618,27.7685,10.8092
25245.0,1.3356,4.4851,0.4801,5.1261,27.6258,10.7545
25250.0,1.3315,5.6203,0.4854,5.8576,27.2302,10.736
25255.0,1.3268,4.8732,0.4744,4.8278,27.2889,10.6922
25260.0,1.3228,4.7698,0.4962,4.004,27.2634,10.6411
25265.0,1.32,4.7937,0.486,5.1786,26.9746,10.6199
25270.0,1.3174,4.4563,0.4662,4.2443,27.1182,10.6178
25275.0,1.3169,4.9279,0.472,3.5573,27.0306,10.6033
25280.0,1.3173,4.4071,0.4877,5.8048,27.217,10.605
25285.0,1.3193,4.3842,0.493,5.0072,27.1557,10.6511
25290.0,1.3228,5.3003,0.4901,5.4086,26.9658,10.6998
25295.0,1.3252,5.3163,0.4987,6.8204,27.9192,10.7415
25300.0,1.3301,5.2582,0.4793,3.1603,27.7723,10.7796
25305.0,1.3355,5.1201,0.4826,4.9153,27.3101,10.8226
25310.0,1.3394,5.4472,0.462,5.7562,27.6143,10.8359
25315.0,1.3426,5.4624,0.5001,5.8634,27.6833,10.8565
25320.0,1.3445,5.3135,0.4731,4.2088,27.8977,10.867
25325.0,1.3462,4.9916,0.4884,6.7003,27.4024,10.8621
25330.0,1.3445,5.8039,0.4884,4.9984,27.8727,10.8673
25335.0,1.3429,5.0596,0.4875,4.4452,27.4414,10.8717
25340.0,1.3398,5.0591,0.4776,6.3791,27.2113,10.8664
25345.0,1.3346,5.0308,0.4835,5.072,27.6848,10.8494
25350.0,1.3299,5.4943,0.4872,5.5197,27.7804,10.8082
25355.0,1.3247,5.1991,0.4753,4.9113,28.0588,10.7837
25360.0,1.3218,5.0229,0.4728,4.869,27.0707,10.7781
25365.0,1.3177,4.4375,0.4828,4.6038,27.5128,10.7552
25370.0,1.3159,4.5766,0.4867,5.0478,27.2151,10.7572
25375.0,1.3149,5.1471,0.4757,3.5069,27.507,10.7312
25380.0,1.3168,4.7194,0.4708,3.29,26.9518,10.7077
25385.0,1.3187,4.8301,0.4715,3.3908,27.0262,10.7328
25390.0,1.322,4.6578,0.4916,5.3547,27.1823,10.7367
25395.0,1.326,4.8123,0.4893,4.802,27.4392,10.7457
25400.0,1.3306,5.5028,0.5082,4.9639,27.3069,10.8151
25405.0,1.3347,5.068,0.4831,4.5415,27.6799,10.8417
25410.0,1.3388,5.2596,0.4849,3.8603,27.8153,10.8641
25415.0,1.3423,5.3251,0.4972,6.1369,27.7434,10.8799
25420.0,1.344,5.6592,0.5196,6.8416,28.0214,10.8949
25425.0,1.3451,5.1361,0.5083,6.1272,27.7299,10.914
25430.0,1.3451,5.2753,0.4983,5.8558,27.3165,10.9064
25435.0,1.3419,5.5645,0.4947,5.7959,27.9424,10.899
25440.0,1.3393,5.1805,0.4979,5.0811,27.4194,10.8763
25445.0,1.3344,5.2062,0.4912,5.4446,27.7588,10.8697
25450.0,1.3294,5.1225,0.4752,4.4378,27.8808,10.8438
25455.0,1.3253,5.4761,0.4862,5.7766,27.5578,10.8021
25460.0,1.3219,5.0083,0.4984,3.9463,27.0304,10.7767
25465.0,1.3183,4.8412,0.4831,4.4616,27.1445,10.7549
25470.0,1.3153,4.5707,0.4861,4.9054,27.6863,10.7466
25475.0,1.3151,4.6953,0.4722,4.5845,27.309,10.7436
25480.0,1.3156,5.0104,0.4796,3.5944,27.3816,10.761
25485.0,1.3175,5.0797,0.4877,4.6182,27.576,10.7757
25490.0,1.3207,5.0899,0.4845,5.9562,27.5968,10.8069
25495.0,1.3253,4.9499,0.4791,5.125,27.5377,10.8128
25500.0,1.33,4.9875,0.5061,5.2805,27.4656,10.8536
25505.0,1.3347,4.8685,0.4883,5.0215,27.4896,10.8847
25510.0,1.3381,5.4097,0.4868,5.2845,27.8277,10.9512
25515.0,1.3414,5.3774,0.4945,5.0726,27.7886,10.9849
25520.0,1.3439,5.1467,0.5039,5.7243,27.6111,10.9944
25525.0,1.3442,5.095,0.4863,4.8624,27.9573,10.9981
25530.0,1.3439,5.7689,0.4938,6.2602,27.6513,10.987
25535.0,1.3422,5.3401,0.4771,5.6742,27.4535,10.9607
25540.0,1.339,5.6176,0.486,5.9526,27.4477,10.9085
25545.0,1.3348,5.7304,0.4689,4.2671,27.3553,10.8992
25550.0,1.3299,5.3905,0.4685,5.3218,27.49,10.8669
25555.0,1.3247,4.5546,0.4766,4.1454,27.8248,10.828
25560.0,1.3214,4.7452,0.4908,4.7236,27.2779,10.7921
25565.0,1.3176,4.7488,0.4972,4.0001,27.4979,10.7714
25570.0,1.3158,5.0787,0.4768,4.3263,27.2701,10.7558
25575.0,1.3148,5.0561,0.4921,4.9594,27.3668,10.7685
25580.0,1.3159,5.0485,0.4663,3.5778,27.0667,10.791
25585.0,1.3176,5.1151,0.484,4.1876,27.4155,10.7896
25590.0,1.3209,5.2146,0.4683,5.0636,27.4606,10.8133
25595.0,1.3248,4.7163,0.4723,4.5619,27.6912,10.8402
25600.0,1.3295,5.1757,0.4722,5.2794,27.6636,10.8729
25605.0,1.3345,5.0496,0.4975,6.0861,27.36,10.9307
25610.0,1.338,5.7406,0.5125,5.9495,27.978,10.939
25615.0,1.3415,5.1588,0.503,5.1119,27.7984,10.9746
25620.0,1.3436,5.2978,0.4882,7.2038,27.8224,10.9897
25625.0,1.3444,5.3377,0.5138,4.997,27.7837,11.0042
25630.0,1.3438,5.3856,0.5064,5.3976,27.6551,10.9955
25635.0,1.3413,5.751,0.5089,5.2868,27.8236,10.9937
25640.0,1.3379,5.0209,0.4914,6.2444,27.861,10.974
25645.0,1.3344,5.0014,0.4945,4.7066,27.2697,10.9587
25650.0,1.3294,5.2547,0.4951,4.3509,27.5315,10.915
25655.0,1.325,5.2891,0.468,4.5455,27.5624,10.8476
25660.0,1.3205,5.0656,0.4806,4.735,27.6548,10.832
25665.0,1.317,5.1401,0.4885,5.2729,27.8623,10.7879
25670.0,1.3156,4.3521,0.4692,4.486,27.3563,10.7727
25675.0,1.3148,5.0749,0.4957,4.3416,27.424,10.7596
25680.0,1.3156,4.6711,0.4915,5.1791,27.4344,10.7562
25685.0,1.3178,5.427,0.4779,4.3445,27.3902,10.7722
25690.0,1.3211,5.0226,0.4538,5.2887,27.5438,10.7765
25695.0,1.3249,4.8768,0.4694,3.7724,27.8721,10.7962
25700.0,1.3302,5.3369,0.4809,5.6267,27.4692,10.8326
25705.0,1.334,5.3405,0.4749,3.6222,27.8931,10.8908
25710.0,1.339,5.5754,0.4932,5.6849,27.4096,10.9158
25715.0,1.3417,4.9131,0.4818,6.3567,27.7351,10.9593
25720.0,1.3437,5.4527,0.5056,6.2924,27.8217,10.9824
25725.0,1.3436,5.4017,0.4955,6.4695,28.3374,10.9992
25730.0,1.3434,5.6692,0.4903,5.3732,27.8501,11.0123
25735.0,1.342,5.4831,0.4957,6.1488,27.3547,10.9941
25740.0,1.3386,5.657,0.5022,5.4641,27.3796,10.9764
25745.0,1.3337,5.6759,0.4987,5.5963,27.8536,10.941
25750.0,1.3288,5.1782,0.5044,4.4708,27.9599,10.9165
25755.0,1.3242,4.9132,0.4775,5.8545,27.8617,10.8877
25760.0,1.32,4.8706,0.5,4.6138,27.7757,10.8844
25765.0,1.3165,5.204,0.4705,3.5195,27.9991,10.8333
25770.0,1.3149,4.5738,0.4889,4.5217,27.5603,10.8159
25775.0,1.3138,5.1416,0.4732,3.6048,27.9196,10.8031
25780.0,1.3152,4.5021,0.4728,5.0921,27.3032,10.832
25785.0,1.3171,4.6654,0.4798,6.7844,27.5144,10.8475
25790.0,1.3207,4.9768,0.5001,5.4923,27.3302,10.8619
25795.0,1.3242,4.4665,0.4812,4.5478,27.7633,10.9118
25800.0,1.3288,4.9724,0.4846,4.7554,27.8751,10.9323
25805.0,1.3336,5.4667,0.4911,6.2097,27.9699,10.9379
25810.0,1.3379,5.2897,0.4904,4.9274,28.0071,10.9422
25815.0,1.3415,5.1658,0.4768,3.9905,27.8014,10.9727
25820.0,1.3433,5.412,0.4969,4.5812,28.0155,10.9906
25825.0,1.3443,5.1649,0.512,5.4469,27.7046,11.0204
25830.0,1.3428,5.0154,0.4901,5.2501,28.4211,10.9902
25835.0,1.3412,5.1968,0.4754,5.2817,27.9917,10.98
25840.0,1.3378,5.0612,0.472,6.3701,27.9209,10.9713
25845.0,1.3328,4.9353,0.4809,4.7073,28.4073,10.9674
25850.0,1.3291,5.0308,0.4907,3.3932,27.662,10.9396
25855.0,1.3244,4.5508,0.4875,5.6709,27.6536,10.91
25860.0,1.3201,4.4009,0.4822,4.18,27.6281,10.8957
25865.0,1.3165,5.2924,0.4874,3.8855,27.8609,10.866
25870.0,1.3143,5.0242,0.472,3.366,27.9735,10.8337
25875.0,1.3134,4.4526,0.4732,4.6971,28.0522,10.8276
25880.0,1.3136,4.7674,0.4765,5.1149,28.5267,10.8406
25885.0,1.317,4.8983,0.468,4.3682,27.3518,10.8857
25890.0,1.3194,5.2619,0.4671,4.3515,28.1086,10.9038
25895.0,1.324,5.4089,0.4908,5.0266,27.8682,10.9296
25900.0,1.3286,4.9512,0.4707,5.7284,27.9164,10.9649
25905.0,1.3331,5.0755,0.4792,4.2625,27.9637,11.0144
25910.0,1.3375,5.3738,0.4896,5.1261,27.9426,11.0254
25915.0,1.34,5.1452,0.4916,5.7574,28.6335,11.0533
25920.0,1.3424,5.8598,0.4975,5.6166,28.4536,11.0555
25925.0,1.3434,5.672,0.5005,6.1739,28.2656,11.0539
25930.0,1.3422,5.1301,0.4996,5.6772,28.5996,11.0569
25935.0,1.341,5.0722,0.4902,6.0938,27.8719,11.0274
25940.0,1.3376,5.2523,0.4859,5.939,27.8937,11.0195
25945.0,1.3337,5.0291,0.4738,4.7817,27.6496,10.9894
25950.0,1.3283,5.483,0.4884,4.6892,27.9824,10.9898
25955.0,1.3235,5.0982,0.502,4.0154,28.161,10.9459
25960.0,1.3193,5.4361,0.4879,4.5204,28.1141,10.9187
25965.0,1.316,4.6515,0.4936,4.7112,28.1021,10.8999
25970.0,1.3144,4.8681,0.4713,4.8981,27.7004,10.8719
25975.0,1.3131,4.8532,0.4784,4.3378,28.2563,10.8515
25980.0,1.3141,4.6484,0.4768,3.9342,28.1325,10.8295
25985.0,1.3163,5.0738,0.4732,5.1948,28.2869,10.8127
25990.0,1.3203,5.045,0.4721,3.575,27.6734,10.8526
25995.0,1.324,4.728,0.495,5.1118,28.276,10.8446
26000.0,1.3291,5.601,0.4922,3.7239,27.9574,10.8792
26005.0,1.3334,5.6351,0.4794,5.0988,28.2111,10.9085
26010.0,1.3373,4.96,0.4891,4.3289,28.4957,10.9398
26015.0,1.3408,4.9742,0.4843,4.8138,28.4279,10.9598
26020.0,1.3431,5.5265,0.4965,5.2366,28.2234,10.9785
26025.0,1.3435,4.9527,0.4885,5.0365,28.4551,10.9911
26030.0,1.3433,4.9711,0.4788,5.3499,28.0732,10.9887
26035.0,1.3403,5.6219,0.4771,4.4335,28.7322,10.9785
26040.0,1.3374,5.1849,0.493,4.9746,28.3701,10.9463
26045.0,1.3327,5.0979,0.4743,5.2802,28.6691,10.9372
26050.0,1.3284,5.4219,0.4993,5.2494,28.2214,10.9263
26055.0,1.3239,4.7954,0.4923,4.1282,28.1858,10.8839
26060.0,1.3197,5.2535,0.4812,5.3408,28.0937,10.858
26065.0,1.3161,4.402,0.4757,5.0163,28.4806,10.812
26070.0,1.3144,4.8579,0.4648,3.9266,28.0728,10.7925
26075.0,1.3132,4.5219,0.4821,7.0972,28.414,10.7957
26080.0,1.3141,4.6901,0.4697,6.6352,28.1745,10.8216
26085.0,1.3167,4.6837,0.4833,3.7253,27.8074,10.8436
26090.0,1.3197,5.7224,0.4944,4.1225,28.2019,10.8468
26095.0,1.3241,4.1229,0.4762,5.5382,28.1015,10.8563
26100.0,1.3284,4.9527,0.4772,5.0197,28.4611,10.8811
26105.0,1.3333,5.1682,0.4935,5.8593,28.2113,10.9339
26110.0,1.3367,5.5451,0.493,4.5382,28.7922,10.9886
26115.0,1.3403,5.3969,0.4823,4.5856,28.581,11.0027
26120.0,1.3423,5.2238,0.4962,5.5887,28.5907,11.0404
26125.0,1.3427,5.269,0.5041,7.1835,28.8163,11.059
26130.0,1.3419,6.0133,0.4999,6.4029,28.8959,11.0602
26135.0,1.34,5.2829,0.4916,4.6831,28.6385,11.0526
26140.0,1.3368,5.099,0.5031,5.7952,28.4275,11.0431
26145.0,1.3327,4.9558,0.495,5.4803,28.1449,11.0379
26150.0,1.3278,5.1085,0.4858,4.7524,28.3804,11.0078
26155.0,1.323,4.685,0.4738,5.2106,28.3611,10.9987
26160.0,1.3188,4.1091,0.4849,5.4189,28.5103,10.9435
26165.0,1.3156,4.7967,0.4688,4.5961,28.3739,10.9156
26170.0,1.3132,5.0663,0.4943,4.1265,28.6207,10.8924
26175.0,1.3129,4.3061,0.4742,2.8285,28.2979,10.8763
26180.0,1.3134,5.226,0.4707,4.0416,28.4541,10.8936
26185.0,1.3152,4.5205,0.4694,4.8925,28.7954,10.903
26190.0,1.3187,4.5445,0.4789,5.2266,28.6278,10.9382
26195.0,1.3229,4.354,0.4884,4.3905,28.5789,10.9837
26200.0,1.3276,5.0303,0.4835,4.0641,28.4995,11.0186
26205.0,1.3321,5.2084,0.4821,6.0515,28.5478,11.0734
26210.0,1.3364,4.9547,0.4899,5.2727,28.5449,11.0985
26215.0,1.3396,4.8812,0.5198,5.9408,28.6652,11.1201
26220.0,1.3413,5.2448,0.4924,5.7918,29.0203,11.1537
26225.0,1.3423,5.6432,0.5073,4.9779,28.7929,11.1521
26230.0,1.3419,4.7218,0.512,6.1559,28.5131,11.1347
26235.0,1.3391,5.4878,0.4936,6.621,29.2809,11.1144
26240.0,1.336,4.9957,0.4938,5.392,28.8952,11.1048
26245.0,1.3323,4.9262,0.4957,4.4831,28.4311,11.0652
26250.0,1.3274,4.8502,0.4824,5.5501,28.6355,11.0352
26255.0,1.3225,5.0623,0.4803,4.5322,28.7368,11.0271
26260.0,1.3179,4.5752,0.487,4.566,29.1028,11.0127
26265.0,1.3152,4.7032,0.4808,3.1132,28.3758,10.9858
26270.0,1.3126,5.1013,0.4732,5.3501,28.8849,10.9718
26275.0,1.3118,4.7382,0.4724,4.2061,28.9927,10.9651
26280.0,1.3129,4.9339,0.4646,5.3641,28.5023,10.981
26285.0,1.315,5.1063,0.4905,4.6212,28.6207,10.9959
26290.0,1.3186,5.4078,0.4758,4.9688,28.4733,10.9971
26295.0,1.3225,4.9852,0.5008,4.983,28.7325,11.0432
26300.0,1.3271,5.6626,0.4787,5.9339,28.8297,11.0612
26305.0,1.3315,4.9283,0.5033,5.9278,29.0592,11.108
26310.0,1.3356,4.7875,0.4926,5.3185,29.2177,11.1314
26315.0,1.3394,5.3565,0.4997,7.6622,28.8004,11.1381
26320.0,1.3419,5.1258,0.4817,4.9215,28.5258,11.1342
26325.0,1.3422,4.756,0.494,5.3011,29.0286,11.1293
26330.0,1.3415,4.9613,0.4817,5.8765,29.1088,11.1094
26335.0,1.3393,5.0961,0.502,4.914,29.0853,11.0995
26340.0,1.336,4.7487,0.4934,4.5093,28.9169,11.1036
26345.0,1.3317,5.0969,0.4801,6.8543,28.9967,11.0851
26350.0,1.3267,5.489,0.4577,3.8768,29.3067,11.0691
26355.0,1.3222,5.1423,0.4869,4.4181,28.9856,11.0545
26360.0,1.3182,5.1529,0.5093,6.7655,28.7636,11.0154
26365.0,1.3149,4.6853,0.4816,4.8553,28.7073,10.9908
26370.0,1.3128,4.756,0.4794,3.4087,28.777,10.9633
26375.0,1.3117,4.7333,0.4644,3.8115,29.2298,10.9629
26380.0,1.3127,4.6568,0.4539,4.3033,28.7905,10.9781
26385.0,1.3148,5.1287,0.4972,4.7772,28.8611,10.9831
26390.0,1.3183,4.9315,0.4722,5.2366,28.7869,10.9995
26395.0,1.3222,4.5868,0.4852,4.9747,29.2323,11.0088
26400.0,1.3267,5.3403,0.4915,5.7666,29.502,11.0235
26405.0,1.3316,5.4885,0.4923,4.5034,29.1792,11.0584
26410.0,1.3359,5.602,0.4938,4.9245,29.1371,11.0743
26415.0,1.3392,5.2326,0.4991,3.8432,29.1668,11.1003
26420.0,1.342,5.1435,0.4887,5.4074,28.5908,11.0996
26425.0,1.342,5.0548,0.4907,5.3411,29.3885,11.1074
26430.0,1.3414,5.0672,0.4878,5.0887,29.2362,11.1057
26435.0,1.3392,5.4092,0.466,4.7162,29.2962,11.0855
26440.0,1.3361,5.1779,0.5041,6.0624,28.9858,11.0724
26445.0,1.3317,4.8911,0.5259,7.0233,29.0334,11.0586
26450.0,1.327,4.9064,0.4783,3.9852,28.988,11.0512
26455.0,1.322,5.1783,0.4732,4.7861,29.3074,11.0289
26460.0,1.3181,4.696,0.4886,6.0811,28.923,10.9992
26465.0,1.3144,4.4623,0.4795,4.2071,29.5125,10.961
26470.0,1.3127,4.8576,0.4862,4.4877,29.0856,10.9243
26475.0,1.3122,4.8096,0.4881,4.7229,28.6589,10.9351
26480.0,1.3127,4.8023,0.4891,4.2679,28.9603,10.9329
26485.0,1.3149,4.5736,0.4735,5.4424,28.858,10.9603
26490.0,1.3186,4.8706,0.4675,4.5346,28.5126,10.9852
26495.0,1.322,5.5054,0.4828,4.7501,29.5099,11.0119
26500.0,1.3268,5.1361,0.4742,5.8724,29.3391,11.0305
26505.0,1.3315,5.0577,0.4762,4.1518,29.3499,11.0638
26510.0,1.3357,4.781,0.4952,3.8042,29.3065,11.0852
26515.0,1.3394,5.3352,0.4917,4.6485,28.9596,11.0989
26520.0,1.3414,5.624,0.4864,4.5578,29.2122,11.1133
26525.0,1.3418,5.0308,0.4824,6.7808,29.5575,11.1251
26530.0,1.3414,5.6686,0.4963,5.8525,29.0835,11.1311
26535.0,1.3396,5.3618,0.5048,7.0616,28.6985,11.1131
26540.0,1.3358,4.6773,0.4913,5.0377,29.2479,11.0797
26545.0,1.3316,5.4444,0.4904,4.9773,29.2337,11.054
26550.0,1.3269,5.0953,0.4817,5.298,29.2629,11.0181
26555.0,1.322,4.8642,0.4803,4.5335,29.371,11.0171
26560.0,1.3178,4.8732,0.4938,5.0966,29.3126,10.9985
26565.0,1.3146,4.7144,0.4769,3.542,29.1907,10.9652
26570.0,1.3124,4.6019,0.4776,5.3207,29.4095,10.9426
26575.0,1.3121,5.0329,0.456,3.4454,28.7294,10.9438
26580.0,1.3125,4.4283,0.4685,4.152,29.2485,10.9269
26585.0,1.3146,4.9516,0.4902,4.6937,29.306,10.9586
26590.0,1.3183,4.606,0.4786,4.467,28.8783,10.9736
26595.0,1.3225,5.3038,0.4768,4.1149,28.8599,11.0064
26600.0,1.3269,4.936,0.5018,5.2253,29.1009,11.0562
26605.0,1.3316,4.9259,0.5021,4.3022,29.1738,11.074
26610.0,1.3354,5.5264,0.4944,5.5172,29.5747,11.1116
26615.0,1.339,5.1332,0.4843,5.3312,29.2712,11.1344
26620.0,1.3412,4.8016,0.4887,5.4448,29.2372,11.1332
26625.0,1.3419,4.6301,0.5098,5.8357,29.3108,11.1428
26630.0,1.3408,5.3553,0.4751,2.833,29.7411,11.1422
26635.0,1.3389,5.4707,0.499,4.8674,29.4483,11.1323
26640.0,1.3356,4.7865,0.4714,4.622,29.3719,11.1169
26645.0,1.3314,5.1084,0.4927,5.6941,29.3522,11.0903
26650.0,1.3264,5.3143,0.4744,5.4133,29.661,11.0647
26655.0,1.3222,4.9319,0.4891,3.4935,29.109,11.0228
26660.0,1.3176,5.1779,0.486,4.9657,29.5879,11.0177
26665.0,1.3144,4.7718,0.4924,4.5598,29.2829,11.0053
26670.0,1.3124,4.469,0.4796,5.0563,29.1732,10.9894
26675.0,1.3112,4.4432,0.477,5.0777,29.8355,10.977
26680.0,1.3125,4.9808,0.4853,4.7205,28.9579,10.9858
26685.0,1.3145,4.8291,0.486,5.2493,29.1589,11.0168
26690.0,1.318,5.383,0.4782,4.8812,28.9764,11.0342
26695.0,1.3218,5.1326,0.4843,4.4099,29.5684,11.0583
26700.0,1.3262,5.016,0.4842,4.2179,29.8028,11.0944
26705.0,1.3308,4.7975,0.4862,4.2869,29.8481,11.1493
26710.0,1.335,4.8305,0.4779,5.4815,29.7821,11.1877
26715.0,1.3386,5.1914,0.4809,4.9291,29.4636,11.2029
26720.0,1.3408,4.8628,0.4772,5.1136,29.4465,11.201
26725.0,1.3417,5.4908,0.492,6.5026,29.1308,11.2209
26730.0,1.3403,4.7117,0.4956,5.9036,30.0536,11.2273
26735.0,1.3385,5.8756,0.5073,6.2018,29.6438,11.2076
26740.0,1.3352,5.0747,0.4872,5.8896,29.3736,11.203
26745.0,1.3307,5.2369,0.4976,5.5729,29.7899,11.2075
26750.0,1.3263,4.8098,0.4872,5.334,29.1714,11.1887
26755.0,1.3214,5.2159,0.4808,5.1183,29.4728,11.1706
26760.0,1.3173,4.9184,0.469,3.3868,29.289,11.166
26765.0,1.3139,4.5943,0.4825,6.0462,29.4614,11.1284
26770.0,1.3118,4.6126,0.47,3.7724,29.2672,11.119
26775.0,1.3113,4.7263,0.4977,5.6309,28.9157,11.1221
26780.0,1.3118,4.9589,0.4659,3.9261,29.3071,11.1263
26785.0,1.3138,5.003,0.4824,4.8178,29.5742,11.1398
26790.0,1.3173,5.024,0.4735,4.6596,29.3402,11.1467
26795.0,1.3214,5.2226,0.4849,5.5618,29.5853,11.174
26800.0,1.3263,4.6697,0.4788,5.3882,29.1787,11.2076
26805.0,1.3308,4.921,0.4828,5.7702,29.4819,11.2175
26810.0,1.3351,4.9394,0.4933,6.655,29.3762,11.2561
26815.0,1.3382,5.2022,0.4967,6.2615,29.7541,11.2801
26820.0,1.3404,5.135,0.4966,4.8964,29.5984,11.2897
26825.0,1.3411,5.1507,0.514,6.0682,29.7721,11.2629
26830.0,1.3403,4.7256,0.4862,5.4432,29.8658,11.2618
26835.0,1.3383,5.3307,0.4744,5.0665,29.747,11.2357
26840.0,1.335,5.04,0.4985,5.3354,29.6107,11.2338
26845.0,1.331,5.5584,0.4811,5.0051,29.2524,11.1981
26850.0,1.3262,5.1569,0.4715,3.3144,29.4562,11.1771
26855.0,1.3217,4.8385,0.4871,4.0896,29.2785,11.1417
26860.0,1.3175,4.8502,0.4784,4.5331,29.285,11.1069
26865.0,1.3141,4.6016,0.4851,4.3038,29.2453,11.0913
26870.0,1.312,4.9527,0.4787,4.2992,29.0736,11.095
26875.0,1.3115,5.0093,0.4942,4.1344,28.8227,11.0878
26880.0,1.312,4.2801,0.4751,2.8563,29.1532,11.0903
26885.0,1.314,4.7484,0.4846,4.8755,29.3905,11.0989
26890.0,1.3176,4.8893,0.4776,4.5451,29.0389,11.1227
26895.0,1.3216,5.2775,0.4709,4.0683,29.4222,11.1435
26900.0,1.3259,5.4009,0.4901,5.4585,29.9402,11.1692
26905.0,1.3306,4.6958,0.4762,4.9729,29.7676,11.2231
26910.0,1.3347,4.9126,0.4958,4.9749,29.9648,11.2646
26915.0,1.3382,5.3912,0.4904,5.5078,29.685,11.2802
26920.0,1.3402,5.4676,0.4934,4.4802,29.9005,11.2865
26925.0,1.3412,4.8422,0.4795,4.3432,29.435,11.3063
26930.0,1.3405,5.204,0.4858,5.1821,29.4475,11.2834
26935.0,1.3388,5.5166,0.4963,6.7259,28.9023,11.2664
26940.0,1.3348,5.1772,0.4762,4.6023,29.8502,11.2402
26945.0,1.3305,4.7,0.4796,4.1509,29.8966,11.2297
26950.0,1.3262,5.2244,0.4861,4.4004,29.3265,11.2069
26955.0,1.3215,5.2021,0.492,5.0212,29.3545,11.1742
26960.0,1.3174,5.0145,0.4691,4.1584,29.1871,11.1381
26965.0,1.314,3.7328,0.4773,2.8276,29.4374,11.0986
26970.0,1.3117,5.2325,0.4754,4.2787,29.6009,11.091
26975.0,1.3114,4.9181,0.4723,4.4959,28.8758,11.104
26980.0,1.3118,4.8426,0.4871,3.7346,29.4203,11.1036
26985.0,1.314,4.6637,0.4835,4.1332,29.2691,11.1343
26990.0,1.3172,4.6365,0.4748,5.1479,29.3987,11.1765
26995.0,1.3213,5.0899,0.4834,4.6853,29.5258,11.2116
27000.0,1.326,4.6493,0.4746,3.8584,29.4091,11.2538
27005.0,1.3306,4.7805,0.4704,4.5034,29.4753,11.2759
27010.0,1.3348,5.0394,0.5086,5.5066,29.4882,11.3065
27015.0,1.338,5.3558,0.4787,3.7186,29.8159,11.3106
27020.0,1.3403,5.022,0.4997,4.5983,29.6978,11.3044
27025.0,1.3411,5.1624,0.5002,5.7112,29.654,11.3114
27030.0,1.3406,5.6143,0.4752,4.3794,29.272,11.3038
27035.0,1.3383,5.611,0.4835,4.9562,29.4721,11.3008
27040.0,1.3348,5.3785,0.4835,5.8377,29.7563,11.2743
27045.0,1.3308,5.099,0.4756,5.187,29.4973,11.233
27050.0,1.3261,5.163,0.495,5.0997,29.6044,11.1911
27055.0,1.3213,5.268,0.4648,4.7588,29.8327,11.1381
27060.0,1.3172,4.6377,0.4714,4.8043,29.6067,11.1334
27065.0,1.314,4.7466,0.4915,5.8101,29.335,11.1185
27070.0,1.312,5.0239,0.4783,4.0907,29.1603,11.1008
27075.0,1.3116,5.1141,0.4662,5.4178,28.6399,11.088
27080.0,1.3119,4.5634,0.4655,3.5529,29.2411,11.0935
27085.0,1.3141,5.0461,0.4722,4.3625,29.2204,11.0941
27090.0,1.3173,4.8116,0.4926,4.398,29.4301,11.1407
27095.0,1.3216,4.8082,0.4846,5.5621,29.3332,11.1578
27100.0,1.3263,5.1545,0.4964,6.2126,29.3351,11.1698
27105.0,1.3312,5.6473,0.4738,4.7698,29.0139,11.2069
27110.0,1.3353,5.2404,0.483,5.6696,29.2627,11.2169
27115.0,1.3384,5.1007,0.5092,5.6727,29.647,11.234
27120.0,1.3403,5.4336,0.5063,6.1362,29.9751,11.2436
27125.0,1.3413,5.1683,0.4854,6.5186,29.526,11.2624
27130.0,1.3405,5.412,0.4858,5.7454,29.6218,11.2566
27135.0,1.3382,5.5076,0.4938,4.8644,29.7534,11.2513
27140.0,1.3352,5.1997,0.4903,5.4657,29.276,11.239
27145.0,1.3308,5.421,0.5008,6.3161,29.5252,11.2147
27150.0,1.3263,5.0959,0.4877,4.2979,29.1986,11.2038
27155.0,1.3214,5.319,0.4856,4.6749,29.55,11.1851
27160.0,1.3173,4.5413,0.472,5.0184,29.3263,11.1538
27165.0,1.3139,4.716,0.4755,3.6219,29.3262,11.1384
27170.0,1.3119,4.5459,0.4672,5.0525,29.0309,11.1362
27175.0,1.3109,4.9956,0.4816,5.3338,29.3922,11.1475
27180.0,1.3115,4.577,0.4767,5.8585,29.7401,11.1606
27185.0,1.3141,4.6232,0.4598,4.5256,28.9843,11.1609
27190.0,1.3173,4.6198,0.4768,3.2591,29.1806,11.1705
27195.0,1.3214,4.8849,0.4846,4.175,29.3612,11.1952
27200.0,1.326,4.8887,0.4782,6.0339,29.5421,11.2344
27205.0,1.3309,4.6778,0.4904,5.1174,29.2478,11.2381
27210.0,1.3354,4.8551,0.491,4.8436,28.7171,11.279
27215.0,1.3381,5.3526,0.484,4.6947,29.794,11.3017
27220.0,1.3403,5.5764,0.5044,6.3914,29.6613,11.3054
27225.0,1.3415,4.6074,0.5018,6.6098,29.0384,11.3034
27230.0,1.3405,5.0176,0.4941,4.9136,29.3104,11.3122
27235.0,1.3381,5.0816,0.4786,6.1703,29.8286,11.2984
27240.0,1.3348,5.2665,0.4859,4.9659,29.7607,11.2565
27245.0,1.3308,4.9236,0.4796,4.9574,29.587,11.2106
27250.0,1.3263,4.6974,0.4784,4.5486,29.2572,11.184
27255.0,1.3216,4.7636,0.4707,5.5267,29.2709,11.1563
27260.0,1.3174,5.1055,0.4491,3.5665,29.1708,11.1367
27265.0,1.314,5.1073,0.4829,6.7376,29.4476,11.0999
27270.0,1.3122,4.32,0.4879,4.0799,28.9204,11.0908
27275.0,1.3114,4.6276,0.4792,5.0432,28.9256,11.0978
27280.0,1.3119,4.9103,0.4667,4.3547,29.382,11.0925
27285.0,1.3142,4.5596,0.4734,4.6646,29.1346,11.1065
27290.0,1.3173,4.8702,0.4883,5.6061,29.5184,11.116
27295.0,1.3217,4.7158,0.4961,5.1363,29.0425,11.1667
27300.0,1.3263,4.8465,0.4719,5.5448,29.2379,11.2011
27305.0,1.331,4.5646,0.4943,5.8496,29.0621,11.251
27310.0,1.335,5.0335,0.5051,5.0865,29.331,11.2833
27315.0,1.3385,5.2377,0.4903,4.9746,28.9874,11.3179
27320.0,1.3406,5.2997,0.5006,5.3676,29.2511,11.3163
27325.0,1.3414,5.4697,0.4915,4.4629,29.0158,11.3447
27330.0,1.3403,4.8123,0.4928,5.056,29.5356,11.3317
27335.0,1.3382,4.6074,0.4898,5.9529,29.5144,11.3034
27340.0,1.3354,5.0398,0.4964,5.3838,28.864,11.2666
27345.0,1.3307,5.1524,0.4848,3.6448,29.5826,11.2447
27350.0,1.3259,5.0423,0.4922,5.1887,29.8215,11.1948
27355.0,1.3216,4.744,0.4755,3.7431,29.1566,11.1702
27360.0,1.3176,5.1136,0.4666,4.4966,28.9373,11.1395
27365.0,1.3138,5.4098,0.4813,4.8182,29.7647,11.0943
27370.0,1.3124,5.1648,0.4886,6.3025,28.7018,11.0781
27375.0,1.3114,4.4578,0.4744,4.4034,29.0234,11.0776
27380.0,1.3121,4.9571,0.4743,3.6108,29.0647,11.084
27385.0,1.314,4.5968,0.5019,5.4944,29.3715,11.1093
27390.0,1.3175,5.0616,0.4782,4.7945,29.1524,11.1142
27395.0,1.3219,4.6614,0.4685,4.2943,28.9736,11.1409
27400.0,1.3266,5.5562,0.4849,5.0021,28.9009,11.1626
27405.0,1.3311,5.2426,0.4922,6.5909,29.0935,11.2117
27410.0,1.3355,4.6173,0.4937,6.7782,28.963,11.2251
27415.0,1.3386,5.4907,0.4847,4.8941,29.2538,11.2419
27420.0,1.3408,5.5478,0.4917,5.5118,29.1159,11.2726
27425.0,1.3417,5.5351,0.4854,5.3633,28.8846,11.2817
27430.0,1.3405,4.9834,0.5074,5.5539,29.5584,11.2605
27435.0,1.3387,5.5326,0.4824,5.9073,29.0927,11.2488
27440.0,1.3355,5.8156,0.4839,5.739,28.8606,11.2341
27445.0,1.3311,4.4872,0.4948,6.773,29.0875,11.2103
27450.0,1.3264,5.0035,0.4815,4.7032,29.094,11.1945
27455.0,1.3222,4.7294,0.4857,5.7226,28.5877,11.1389
27460.0,1.3177,4.74,0.4957,5.2943,29.059,11.0923
27465.0,1.3146,4.9242,0.4857,4.7694,28.6748,11.0722
27470.0,1.312,5.0996,0.4848,5.4563,29.3366,11.0552
27475.0,1.3114,4.958,0.4619,3.5943,29.0261,11.0645
27480.0,1.3122,4.5843,0.4651,3.2502,28.7961,11.0962
27485.0,1.3144,4.8463,0.4687,3.7876,28.7246,11.112
27490.0,1.3176,4.8749,0.4915,5.8443,28.9114,11.1496
27495.0,1.3217,4.804,0.4918,6.3837,29.1261,11.1595
27500.0,1.3265,5.4634,0.4699,5.9694,29.0064,11.1843
27505.0,1.3312,5.2554,0.4812,5.4501,28.9983,11.2072
27510.0,1.3353,5.4728,0.4822,5.1414,29.1025,11.2268
27515.0,1.3388,5.352,0.4809,6.3573,28.9636,11.2567
27520.0,1.3409,5.187,0.4936,5.3816,29.0435,11.2557
27525.0,1.3419,5.1105,0.503,5.4435,28.6086,11.282
27530.0,1.3406,5.2347,0.5046,6.2159,29.3596,11.2872
27535.0,1.3385,4.9263,0.4887,4.8804,29.1629,11.2999
27540.0,1.3354,5.3519,0.4988,5.1771,28.8551,11.2698
27545.0,1.3307,4.8556,0.4946,5.3304,29.4747,11.2469
27550.0,1.3264,5.0049,0.4919,5.2785,28.9688,11.2188
27555.0,1.3219,4.5065,0.4953,4.2532,28.635,11.1964
27560.0,1.3174,4.9204,0.48,4.2811,29.0597,11.1837
27565.0,1.3142,4.4189,0.4802,4.6746,28.9052,11.148
27570.0,1.312,4.8455,0.4582,4.2451,28.8764,11.143
27575.0,1.3114,5.1984,0.485,4.4891,28.6573,11.1352
27580.0,1.3121,4.0048,0.4629,4.7128,28.877,11.1339
27585.0,1.3143,5.146,0.4642,4.3522,28.7136,11.1473
27590.0,1.3175,5.1568,0.4794,4.8812,28.9445,11.1621
27595.0,1.3222,4.843,0.4878,6.5669,28.3644,11.1841
27600.0,1.3265,4.4385,0.4904,5.1903,28.7719,11.2193
27605.0,1.3307,4.7281,0.4902,3.9072,29.3506,11.2794
27610.0,1.3354,5.4386,0.4817,4.507,28.7634,11.2801
27615.0,1.3387,5.018,0.4961,5.9527,28.8307,11.291
27620.0,1.3408,5.2562,0.4745,5.5185,28.8843,11.3153
27625.0,1.3417,5.4374,0.5097,6.2645,28.6933,11.3202
27630.0,1.3411,5.5888,0.5002,5.2131,28.4309,11.321
27635.0,1.3386,5.291,0.4912,5.7397,28.8973,11.3179
27640.0,1.3352,5.3028,0.4942,3.7455,28.9491,11.3115
27645.0,1.3311,5.5405,0.4848,5.1992,28.8535,11.2704
27650.0,1.3265,4.8434,0.4865,5.1678,28.7775,11.2347
27655.0,1.3218,4.9902,0.4862,4.0605,28.7714,11.2045
27660.0,1.3174,4.389,0.4708,6.1393,28.9679,11.1926
27665.0,1.3143,4.9897,0.4917,4.0137,28.6248,11.1736
27670.0,1.3122,4.3282,0.4858,4.9709,28.501,11.1633
27675.0,1.3114,4.7682,0.4832,3.634,28.5603,11.1584
27680.0,1.312,4.4763,0.4761,5.2692,28.7761,11.1795
27685.0,1.3139,5.0561,0.4713,3.8728,28.999,11.2195
27690.0,1.3176,4.9856,0.4912,3.5836,28.5156,11.2368
27695.0,1.3216,4.3093,0.4573,4.3504,28.7327,11.2621
27700.0,1.3261,4.7718,0.4826,4.2673,28.8323,11.3206
27705.0,1.331,5.251,0.4905,4.1567,28.5394,11.3475
27710.0,1.3351,5.1018,0.493,6.4063,28.828,11.3708
27715.0,1.3386,5.4493,0.5013,6.1013,28.4831,11.3977
27720.0,1.3408,5.2426,0.5082,6.1778,28.4221,11.4146
27725.0,1.3412,5.2832,0.5127,5.9295,28.957,11.3982
27730.0,1.3406,5.2232,0.4943,5.1554,28.7555,11.3916
27735.0,1.3384,5.2668,0.4871,5.7829,28.8743,11.3753
27740.0,1.3353,5.1712,0.4975,4.1644,28.7797,11.3201
27745.0,1.3313,5.0517,0.4825,4.3647,28.4919,11.2807
27750.0,1.3265,5.2866,0.4908,5.0436,28.672,11.2507
27755.0,1.3221,4.8305,0.4818,4.1908,28.3223,11.2231
27760.0,1.3174,4.8826,0.4655,2.9243,28.9302,11.1978
27765.0,1.3145,4.4431,0.4893,4.9864,28.204,11.1963
27770.0,1.3122,4.3364,0.4702,5.1237,28.4665,11.1728
27775.0,1.3116,4.4761,0.4906,4.834,28.2413,11.1897
27780.0,1.312,5.3068,0.4797,5.3477,28.6456,11.1911
27785.0,1.3143,5.2823,0.4847,5.9405,28.4352,11.2133
27790.0,1.3176,4.8473,0.4892,4.1221,28.4155,11.2451
27795.0,1.3216,4.7502,0.4955,5.259,28.7941,11.2528
27800.0,1.3264,4.9038,0.4727,3.8784,28.6284,11.2897
27805.0,1.331,4.7234,0.4804,6.1426,28.7905,11.3128
27810.0,1.3354,4.5829,0.499,4.1007,28.4518,11.3341
27815.0,1.3389,5.4588,0.5012,5.7895,28.3731,11.3485
27820.0,1.3407,5.4013,0.5082,6.1012,28.7664,11.3712
27825.0,1.3414,5.1559,0.4836,6.9585,28.6613,11.398
27830.0,1.3405,5.1247,0.4809,3.9861,28.8843,11.418
27835.0,1.3385,5.1003,0.5016,5.3178,28.6805,11.395
27840.0,1.3351,5.4802,0.5102,5.517,28.7128,11.3654
27845.0,1.3314,5.187,0.4677,4.7533,28.208,11.3252
27850.0,1.3261,4.9472,0.4887,5.6592,29.0338,11.2864
27855.0,1.3218,5.2691,0.4824,5.155,28.4686,11.2665
27860.0,1.3176,4.3118,0.4685,4.2932,28.6365,11.2165
27865.0,1.3146,5.3637,0.4841,3.1939,28.2142,11.1797
27870.0,1.3122,4.6767,0.486,4.0982,28.4733,11.1614
27875.0,1.3118,4.9278,0.4894,5.3178,28.0576,11.1597
27880.0,1.3122,4.9631,0.4657,4.3259,28.4981,11.1677
27885.0,1.3145,5.277,0.4665,4.0257,28.3119,11.1898
27890.0,1.3177,4.8258,0.4802,4.009,28.4359,11.2032
27895.0,1.3217,4.9241,0.4775,5.2874,28.6394,11.252
27900.0,1.3267,4.9315,0.4882,5.3989,28.1978,11.2913
27905.0,1.3312,4.6455,0.4842,6.0813,28.3758,11.3255
27910.0,1.3352,5.0161,0.4969,4.907,28.6977,11.3403
27915.0,1.3383,5.3711,0.4744,5.9069,29.1358,11.3658
27920.0,1.3408,5.4621,0.4859,5.8743,28.5928,11.3725
27925.0,1.3414,5.8118,0.5018,5.4408,28.7773,11.3835
27930.0,1.3408,5.2801,0.4923,6.5724,28.5902,11.3812
27935.0,1.3382,4.8102,0.4879,5.7711,29.0761,11.3872
27940.0,1.3356,4.8705,0.4987,5.2635,28.1155,11.3758
27945.0,1.3311,5.6373,0.4836,6.2843,28.5291,11.3424
27950.0,1.3268,5.3474,0.4904,4.4644,28.0478,11.3069
27955.0,1.3223,5.1276,0.4852,4.8834,27.7762,11.2853
27960.0,1.3176,4.9019,0.4934,4.769,28.4305,11.2352
27965.0,1.3144,5.207,0.4687,4.2728,28.353,11.2116
27970.0,1.3124,5.1614,0.4812,4.7955,28.2208,11.1686
27975.0,1.3117,4.2272,0.487,3.9786,28.2534,11.158
27980.0,1.3119,4.7518,0.4775,3.4204,29.0572,11.1467
27985.0,1.3146,5.1351,0.4807,3.9449,28.2347,11.177
27990.0,1.3177,5.0851,0.4779,3.9141,28.4554,11.1985
27995.0,1.3222,5.6524,0.4828,5.5585,28.2028,11.2035
28000.0,1.3266,5.1436,0.4999,5.0878,28.4808,11.2462
28005.0,1.3313,5.2749,0.501,4.5352,28.3893,11.294
28010.0,1.3355,5.1003,0.496,5.4738,28.3837,11.3303
28015.0,1.3384,5.4436,0.4758,6.572,28.9699,11.3492
28020.0,1.3408,5.102,0.4857,6.0638,28.8264,11.3264
28025.0,1.3418,4.9524,0.4946,5.4152,28.5694,11.3289
28030.0,1.3416,5.1829,0.4864,5.9572,27.9477,11.3239
28035.0,1.339,5.0068,0.4937,5.1951,28.408,11.3126
28040.0,1.335,5.4463,0.4892,4.8188,29.1368,11.3083
28045.0,1.3315,5.3589,0.4668,4.6459,28.3575,11.2591
28050.0,1.3266,5.0054,0.4773,4.7201,28.6406,11.2265
28055.0,1.3219,4.5799,0.4941,3.8335,28.675,11.1925
28060.0,1.3181,5.3577,0.4717,3.4107,28.3236,11.1422
28065.0,1.3151,5.1269,0.4743,3.7604,28.0214,11.0985
28070.0,1.3134,4.561,0.4833,4.8794,27.5979,11.0666
28075.0,1.312,5.0325,0.4895,3.4816,28.3668,11.0391
28080.0,1.3132,5.0495,0.4765,5.793,27.9957,11.0275
28085.0,1.315,4.1331,0.4686,3.8428,28.2611,11.0558
28090.0,1.3187,5.4295,0.484,4.3527,27.9343,11.0745
28095.0,1.3227,4.9317,0.4898,5.5549,28.2188,11.0851
28100.0,1.3273,4.9256,0.4787,6.9136,28.3364,11.1216
28105.0,1.3318,4.9994,0.4847,5.4729,28.4381,11.1555
28110.0,1.3363,5.3141,0.494,5.1703,28.1308,11.2027
28115.0,1.3391,5.461,0.4821,3.6171,28.7386,11.224
28120.0,1.3415,4.9418,0.4961,5.9186,28.3083,11.259
28125.0,1.3426,5.4387,0.5003,6.1704,28.043,11.255
28130.0,1.3414,5.9023,0.4981,5.2634,28.424,11.2696
28135.0,1.3393,5.8233,0.4999,4.9757,28.4355,11.2405
28140.0,1.3359,5.5703,0.4909,6.9474,28.4309,11.2225
28145.0,1.3315,4.8991,0.5062,4.5658,28.6865,11.1962
28150.0,1.3272,4.7403,0.4878,5.6632,28.2377,11.1645
28155.0,1.3224,4.9051,0.4738,4.2927,28.2177,11.1535
28160.0,1.3184,4.8841,0.4979,5.0149,27.9273,11.1432
28165.0,1.3147,4.7093,0.4777,4.7131,28.3723,11.1148
28170.0,1.3128,4.8359,0.4657,2.8541,28.1893,11.0841
28175.0,1.3122,4.7029,0.4862,5.2702,28.0283,11.0766
28180.0,1.3133,4.4688,0.4791,4.7635,27.662,11.0821
28185.0,1.3147,4.6244,0.4796,4.0917,28.5181,11.0754
28190.0,1.3188,5.2211,0.4908,6.4015,27.8809,11.0766
28195.0,1.3228,5.3197,0.5015,5.2693,28.0795,11.0965
28200.0,1.3273,5.0151,0.4769,5.3901,28.3609,11.1186
28205.0,1.3323,5.7366,0.4893,5.335,28.0163,11.1407
28210.0,1.3366,5.3852,0.5106,5.61,27.9818,11.1635
28215.0,1.3403,5.6831,0.4891,5.264,27.8552,11.159
28220.0,1.3416,5.3268,0.4878,6.2225,28.5857,11.1855
28225.0,1.3425,5.2689,0.4784,5.7074,28.2745,11.2104
28230.0,1.3411,5.3972,0.4991,5.6161,29.1334,11.1995
28235.0,1.3398,5.2734,0.501,4.3661,28.1298,11.1861
28240.0,1.3364,5.0651,0.4928,5.9406,28.113,11.1734
28245.0,1.3321,5.3924,0.4727,6.0113,28.1585,11.1557
28250.0,1.3275,5.6151,0.4941,5.0484,28.3126,11.0744
28255.0,1.323,4.3303,0.4962,5.1527,28.0863,11.0606
28260.0,1.3186,5.1663,0.4802,4.3553,28.3135,11.0243
28265.0,1.3157,4.3454,0.4826,5.6077,27.8811,11.0045
28270.0,1.3136,4.8923,0.4779,5.5565,27.7576,11.0002
28275.0,1.313,4.453,0.4747,3.8916,27.6447,10.9861
28280.0,1.314,5.1979,0.4826,4.1009,27.5443,10.9626
28285.0,1.3156,4.8791,0.4729,5.2665,27.9907,10.9946
28290.0,1.3189,4.9912,0.4829,5.0403,28.077,11.0098
28295.0,1.3231,4.8922,0.4817,4.9431,28.035,11.0412
28300.0,1.3275,4.6644,0.4861,3.9202,28.549,11.0437
28305.0,1.3322,5.3103,0.4726,4.5706,28.5904,11.0495
28310.0,1.3368,4.9376,0.4941,5.1657,28.2405,11.0697
28315.0,1.3408,5.7354,0.4964,4.5955,27.908,11.0537
28320.0,1.3426,5.0776,0.4836,4.1215,28.2352,11.0637
28325.0,1.3433,5.185,0.4908,5.3655,28.2335,11.0739
28330.0,1.3426,5.4456,0.5094,5.8806,28.2111,11.0689
28335.0,1.3404,5.2281,0.4939,6.0797,28.1789,11.0626
28340.0,1.337,5.5949,0.51,5.9156,28.1561,11.0609
28345.0,1.3329,4.6325,0.5197,4.2922,28.1804,11.0069
28350.0,1.3282,4.8306,0.4736,5.108,28.0713,10.9934
28355.0,1.3235,4.8256,0.4757,5.447,28.2354,10.9293
28360.0,1.3191,4.7165,0.4951,5.6405,28.2312,10.9293
28365.0,1.3161,4.2867,0.4765,4.5218,27.8799,10.916
28370.0,1.3135,5.2001,0.4744,4.1415,28.4037,10.8905
28375.0,1.3133,5.2004,0.4854,4.1254,27.8333,10.8883
28380.0,1.3142,4.8461,0.4737,3.5157,27.681,10.8989
28385.0,1.3159,5.3519,0.4858,3.5522,28.2018,10.9006
28390.0,1.3196,4.8362,0.4736,3.0562,27.9354,10.9035
28395.0,1.3236,4.8536,0.4896,5.0066,28.2618,10.9195
28400.0,1.3289,4.8592,0.489,6.093,27.627,10.9709
28405.0,1.3323,4.8368,0.5055,5.4189,28.6224,11.0194
28410.0,1.3368,4.8459,0.4927,4.8017,28.4843,11.0361
28415.0,1.3405,5.103,0.4857,4.649,27.9745,11.0842
28420.0,1.3426,5.7289,0.4998,6.4785,28.0014,11.1047
28425.0,1.3426,5.3646,0.4918,5.2231,28.7968,11.0939
28430.0,1.3426,5.3181,0.4913,4.5244,28.1874,11.0709
28435.0,1.3405,5.3967,0.4821,5.4988,28.1423,11.0575
28440.0,1.3378,5.1863,0.5046,5.7421,27.7515,11.018
28445.0,1.3329,5.1929,0.4881,6.3822,28.189,10.9986
28450.0,1.3283,5.3013,0.4747,4.1753,28.174,10.9619
28455.0,1.3234,5.0507,0.4969,4.9291,28.364,10.9249
28460.0,1.3198,4.8395,0.4913,5.9446,27.7942,10.9085
28465.0,1.3165,4.6988,0.4764,4.8624,27.7314,10.89
28470.0,1.3137,4.5748,0.4856,2.8606,28.2036,10.887
28475.0,1.3127,5.4147,0.4911,4.7071,28.336,10.8964
28480.0,1.3143,4.6292,0.4836,4.9375,27.6997,10.8897
28485.0,1.3157,5.2439,0.4885,4.3692,28.385,10.8925
28490.0,1.3194,4.4997,0.473,5.1806,28.1581,10.9009
28495.0,1.3234,4.9777,0.4904,6.2136,28.4645,10.9098
28500.0,1.3282,5.4016,0.4775,5.2806,28.2213,10.9704
28505.0,1.3335,5.4333,0.4879,4.1052,27.6557,11.014
28510.0,1.3369,5.2256,0.4864,6.6506,28.2912,11.0435
28515.0,1.34,5.0727,0.4879,4.7652,28.6286,11.0466
28520.0,1.3426,5.2633,0.4908,4.868,28.1626,11.0721
28525.0,1.3431,5.3684,0.4807,5.9652,28.2976,11.0888
28530.0,1.3425,5.2146,0.4927,4.6034,28.3445,11.0604
28535.0,1.3415,5.131,0.4852,5.0496,27.6437,11.0095
28540.0,1.3369,5.5907,0.4988,4.6073,28.7545,10.9662
28545.0,1.3335,4.7342,0.493,6.5972,28.071,10.925
28550.0,1.3283,4.9081,0.4786,3.7189,28.3778,10.9168
28555.0,1.3238,4.2091,0.4844,5.1198,28.1848,10.8879
28560.0,1.3193,5.2133,0.4925,5.2374,28.4806,10.8492
28565.0,1.3162,5.1508,0.4756,4.3871,28.2361,10.8291
28570.0,1.3143,5.2155,0.4719,4.2167,28.0562,10.8162
28575.0,1.3139,4.6599,0.4722,4.2827,27.8858,10.7947
28580.0,1.3141,5.1659,0.469,5.6804,28.3177,10.7945
28585.0,1.3172,4.688,0.4778,2.6534,27.6729,10.7999
28590.0,1.3197,5.352,0.4885,4.9744,28.3376,10.8188
28595.0,1.3244,5.1039,0.4892,3.8841,27.945,10.8447
28600.0,1.3283,4.954,0.492,5.5529,28.581,10.8778
28605.0,1.3332,5.2822,0.4921,5.325,28.3564,10.917
28610.0,1.3372,5.2825,0.5117,7.1193,28.5208,10.9491
28615.0,1.3409,5.1337,0.5049,4.2327,28.4154,10.9463
28620.0,1.3435,5.4057,0.4921,6.4946,27.9801,10.9726
28625.0,1.3441,5.3367,0.4899,4.8376,28.2123,10.9525
28630.0,1.3429,5.3696,0.4969,7.022,28.5903,10.9421
28635.0,1.341,4.2787,0.4921,6.3425,28.4446,10.925
28640.0,1.3376,5.5336,0.4981,5.405,28.667,10.8684
28645.0,1.3335,4.9859,0.4921,4.4594,28.4329,10.8607
28650.0,1.3291,4.6769,0.4819,4.6181,28.0462,10.851
28655.0,1.3244,4.9502,0.4983,6.4216,28.0447,10.8306
28660.0,1.32,4.5835,0.4898,5.7188,28.2298,10.7873
28665.0,1.3176,4.7008,0.4819,4.4642,27.5946,10.7527
28670.0,1.3142,5.2962,0.4681,4.2871,28.5724,10.7354
28675.0,1.3139,4.5614,0.4618,3.6355,28.2594,10.7148
28680.0,1.3143,5.5628,0.4837,4.3979,28.4653,10.733
28685.0,1.317,4.4874,0.4708,3.5526,27.787,10.8006
28690.0,1.3195,4.8948,0.4681,4.3253,28.5288,10.8175
28695.0,1.3233,5.0309,0.4953,5.4405,28.8197,10.8554
28700.0,1.3289,4.9992,0.4897,4.3836,27.9804,10.8943
28705.0,1.333,5.3259,0.4996,5.5318,28.5522,10.9186
28710.0,1.3373,5.1254,0.4887,4.899,28.4038,10.9507
28715.0,1.3413,4.9705,0.4892,4.5834,28.0531,10.9564
28720.0,1.3427,5.2343,0.4922,5.1676,28.5862,10.9775
28725.0,1.3433,5.4395,0.5042,5.2689,28.6812,10.9922
28730.0,1.3429,5.0565,0.4801,3.9326,28.3176,11.001
28735.0,1.3401,5.3893,0.4931,4.2631,28.7406,11.0017
28740.0,1.3378,4.8209,0.484,6.6407,28.0018,10.9681
28745.0,1.3334,4.6974,0.4783,5.1402,28.0055,10.9502
28750.0,1.3283,4.6312,0.4797,4.5824,28.3695,10.9149
28755.0,1.3238,4.7966,0.4907,2.7319,28.2979,10.8733
28760.0,1.3198,5.136,0.4858,4.2094,28.0732,10.8546
28765.0,1.3161,4.7518,0.4747,6.3087,28.4242,10.8156
28770.0,1.314,4.4763,0.4816,4.2266,28.3358,10.814
28775.0,1.3134,4.6998,0.4815,1.8529,28.4128,10.7656
28780.0,1.3142,4.9851,0.4806,4.5716,28.1775,10.8027
28785.0,1.3162,5.1131,0.4896,4.2422,28.3828,10.8015
28790.0,1.3199,5.0024,0.5035,4.851,28.1566,10.8169
28795.0,1.3234,5.5659,0.4866,4.6565,28.8259,10.8409
28800.0,1.3288,5.5445,0.4962,4.9003,28.1583,10.8733
28805.0,1.3325,4.5294,0.489,5.7826,28.9368,10.9264
28810.0,1.3372,5.6033,0.5067,6.1057,28.4637,10.9589
28815.0,1.341,5.5418,0.488,5.9439,28.1469,10.9803
28820.0,1.3423,4.8869,0.5094,6.8045,28.8568,10.9958
28825.0,1.3434,5.1646,0.5021,6.608,28.5562,11.0
28830.0,1.3425,5.4394,0.5098,6.758,28.7329,10.9851
28835.0,1.3404,5.0893,0.4848,4.6742,28.8074,10.9405
28840.0,1.3373,5.3388,0.4957,5.8507,28.5554,10.924
28845.0,1.3335,4.7372,0.4945,5.5456,28.2837,10.8917
28850.0,1.3283,5.5454,0.4573,6.2128,28.632,10.8645
28855.0,1.3241,4.8075,0.4929,4.8482,28.3446,10.8211
28860.0,1.3197,4.973,0.4529,4.0283,28.4767,10.7831
28865.0,1.3174,4.9297,0.4807,5.4131,27.7362,10.751
28870.0,1.3144,4.8454,0.4767,5.2851,28.3677,10.7317
28875.0,1.3143,4.954,0.4825,4.3149,28.0916,10.7009
28880.0,1.3142,4.7853,0.4662,3.7134,28.6746,10.7167
28885.0,1.3168,4.5559,0.4736,2.9746,28.441,10.7039
28890.0,1.32,4.8911,0.4746,2.9956,28.3809,10.7506
28895.0,1.3243,5.1116,0.4736,4.1995,28.487,10.764
28900.0,1.3295,4.9168,0.5001,4.8383,28.1647,10.7838
28905.0,1.3332,5.125,0.4936,4.2065,28.8691,10.8202
28910.0,1.3375,4.9844,0.4856,6.4505,29.0055,10.8155
28915.0,1.3415,5.2635,0.4923,4.1492,28.6416,10.816
28920.0,1.3432,5.6494,0.4956,5.0894,28.9648,10.8309
28925.0,1.3448,5.4621,0.5055,7.1359,28.4348,10.814
28930.0,1.3443,5.4374,0.4847,3.9032,28.3729,10.7919
28935.0,1.3419,5.3747,0.4918,4.5977,28.5636,10.7734
28940.0,1.3384,5.3795,0.5005,5.3319,28.6314,10.7552
28945.0,1.3346,5.3507,0.4859,4.1794,28.3848,10.7164
28950.0,1.3295,5.2064,0.4985,4.5735,28.5738,10.6969
28955.0,1.3249,5.6581,0.4769,4.9762,28.472,10.675
28960.0,1.3213,4.8242,0.4854,4.5888,28.1064,10.6399
28965.0,1.3174,4.3495,0.4919,4.968,28.4549,10.6181
28970.0,1.3151,4.973,0.4772,4.7733,28.5221,10.6105
28975.0,1.3147,4.746,0.492,4.7583,28.3441,10.5985
28980.0,1.315,4.7213,0.4639,3.5204,28.599,10.601
28985.0,1.3182,5.1969,0.4713,4.1008,28.0301,10.5987
28990.0,1.3208,4.6225,0.4875,4.6492,28.4868,10.6285
28995.0,1.3254,5.5075,0.4763,5.2891,28.1213,10.6789
29000.0,1.3298,5.0142,0.4825,4.9201,28.1839,10.7321
29005.0,1.3344,4.7513,0.4953,6.9068,28.3532,10.7451
29010.0,1.3387,4.7311,0.491,4.7261,28.3193,10.7725
29015.0,1.342,5.4583,0.4895,4.8993,28.4531,10.785
29020.0,1.344,5.1015,0.5017,5.5863,28.5599,10.802
29025.0,1.3441,5.0844,0.4845,3.4078,28.8321,10.8349
29030.0,1.3438,5.3248,0.4933,4.9726,28.5372,10.8238
29035.0,1.3422,5.1559,0.4839,4.5069,28.2017,10.8096
29040.0,1.3378,5.2137,0.4866,5.485,28.8519,10.7941
29045.0,1.3343,5.3893,0.4837,6.0007,28.3177,10.7719
29050.0,1.3292,5.5058,0.4785,6.2388,28.4678,10.7648
29055.0,1.3244,5.4221,0.4802,4.4495,28.5495,10.7297
29060.0,1.3205,4.5906,0.497,4.8294,28.4478,10.6712
29065.0,1.3168,5.2636,0.4854,4.7201,28.6399,10.6598
29070.0,1.3151,4.7934,0.4534,2.8787,28.4665,10.6233
29075.0,1.3148,4.4687,0.4766,4.2909,28.1258,10.6198
29080.0,1.3145,4.9951,0.4646,3.894,28.8947,10.6285
29085.0,1.3174,4.6661,0.4956,6.0658,28.4215,10.6287
29090.0,1.3207,5.1041,0.4868,4.5877,28.3708,10.6617
29095.0,1.3243,5.2341,0.5001,5.5198,28.6919,10.71
29100.0,1.3293,5.178,0.4916,6.1727,28.561,10.7361
29105.0,1.3338,5.3502,0.4975,6.095,28.6462,10.7674
29110.0,1.3374,5.8349,0.4832,4.3848,29.2126,10.7856
29115.0,1.3416,4.945,0.4823,5.1061,28.5553,10.8181
29120.0,1.3437,5.0943,0.4914,5.619,28.5671,10.8335
29125.0,1.3442,5.4428,0.4923,6.1654,28.6842,10.8519
29130.0,1.3432,5.628,0.4875,5.717,28.9168,10.8374
29135.0,1.3421,5.2705,0.479,6.3599,28.252,10.8083
29140.0,1.339,5.4425,0.4783,4.9524,28.1051,10.7781
29145.0,1.3342,4.8256,0.4849,4.5632,28.4089,10.763
29150.0,1.3299,5.0225,0.4942,4.9593,28.1018,10.7364
29155.0,1.3249,5.8277,0.4788,6.0624,28.3586,10.7023
29160.0,1.3202,5.4736,0.4888,5.226,28.5494,10.6955
29165.0,1.3174,4.707,0.4706,4.0618,28.1686,10.6732
29170.0,1.3154,4.3666,0.4842,2.6277,28.014,10.6594
29175.0,1.3142,5.2024,0.4613,4.6678,28.3814,10.649
29180.0,1.3148,5.3468,0.4819,5.4931,28.5876,10.6355
29185.0,1.3178,4.9061,0.4672,4.4528,27.97,10.6563
29190.0,1.3202,4.6557,0.4763,5.1689,28.6325,10.6831
29195.0,1.3244,5.3622,0.4854,4.9949,28.6739,10.7044
29200.0,1.3289,5.1169,0.4822,4.5362,28.7548,10.7547
29205.0,1.3334,5.1441,0.4908,5.6171,28.8676,10.7936
29210.0,1.3371,5.0097,0.4955,4.9767,29.1555,10.8486
29215.0,1.3412,5.3669,0.4965,5.0945,28.5493,10.8767
29220.0,1.3432,5.9017,0.4886,4.5904,28.6871,10.8753
29225.0,1.344,5.7991,0.5019,6.6657,28.5629,10.8994
29230.0,1.3432,5.3627,0.5033,5.8507,28.6601,10.8816
29235.0,1.3406,5.41,0.4955,5.5072,29.0214,10.8659
29240.0,1.3382,5.8302,0.5048,6.503,28.2686,10.8557
29245.0,1.3338,4.9817,0.5096,5.8251,28.3475,10.8273
29250.0,1.3283,4.7354,0.4862,5.063,28.8604,10.815
29255.0,1.3238,5.1832,0.4776,3.9338,28.7243,10.7916
29260.0,1.3201,4.9727,0.4903,3.7722,28.3363,10.7517
29265.0,1.3163,4.2546,0.4762,4.5748,28.6069,10.7428
29270.0,1.3143,5.0038,0.4821,3.7464,28.4567,10.7284
29275.0,1.3133,4.554,0.4755,3.4255,28.7384,10.7245
29280.0,1.3145,3.9036,0.5044,5.354,28.3886,10.7183
29285.0,1.3163,5.0011,0.4741,4.2254,28.6468,10.7424
29290.0,1.3191,4.9969,0.4739,4.2972,29.0832,10.7666
29295.0,1.3239,5.0465,0.511,6.3842,28.613,10.7996
29300.0,1.3286,5.0167,0.4941,4.3177,28.5211,10.8392
29305.0,1.3332,5.1348,0.4992,5.1754,28.7346,10.8533
29310.0,1.3375,5.0827,0.4954,6.0112,28.5033,10.8994
29315.0,1.3401,5.1684,0.5019,3.8702,29.2235,10.9202
29320.0,1.3429,5.6315,0.4804,5.0176,28.6914,10.9325
29325.0,1.3438,4.9356,0.4767,5.8487,28.5841,10.9293
29330.0,1.3433,5.7034,0.4748,5.8112,28.4345,10.9144
29335.0,1.3405,5.4565,0.5059,5.367,28.8948,10.9077
29340.0,1.3373,5.2961,0.4991,5.8366,28.8024,10.885
29345.0,1.3333,5.7282,0.484,5.1625,28.4177,10.8892
29350.0,1.3284,5.0098,0.4867,5.1644,28.6379,10.8473
29355.0,1.3244,4.388,0.4721,4.9892,28.0683,10.818
29360.0,1.3197,4.7898,0.4792,5.1057,28.4479,10.7929
29365.0,1.3163,4.8149,0.485,4.9644,28.4795,10.7749
29370.0,1.3139,4.7729,0.4764,3.1849,28.7696,10.7507
29375.0,1.3139,4.6511,0.4669,3.903,28.1405,10.7355
29380.0,1.3148,4.7477,0.4799,6.4456,28.0185,10.7442
29385.0,1.3167,5.1245,0.4718,3.5021,28.1331,10.7732
29390.0,1.32,4.7703,0.4865,6.4429,28.0534,10.8146
29395.0,1.3235,4.3628,0.4894,4.7001,28.7609,10.8311
29400.0,1.328,4.5467,0.4933,5.2564,28.8575,10.8676
29405.0,1.3331,5.4716,0.4913,5.101,28.594,10.8952
29410.0,1.3368,5.2619,0.4802,5.6832,28.8581,10.9574
29415.0,1.3405,5.4659,0.4907,5.2536,28.6165,10.9676
29420.0,1.3428,5.6191,0.487,4.6366,28.5774,10.9703
29425.0,1.3437,5.4696,0.4936,4.3579,28.5221,10.9608
29430.0,1.3428,5.3563,0.4897,5.0832,28.5171,10.9672
29435.0,1.3413,5.7335,0.4773,5.1251,28.1831,10.9353
29440.0,1.3372,6.0583,0.4838,5.467,28.5995,10.9284
29445.0,1.3331,5.1376,0.4861,5.8974,28.478,10.9096
29450.0,1.3282,4.9215,0.4855,5.6794,28.6244,10.882
29455.0,1.3238,4.9287,0.4965,5.2142,28.4113,10.851
29460.0,1.3197,5.248,0.4948,4.9395,28.3016,10.8149
29465.0,1.3167,5.3817,0.4869,5.8653,28.0874,10.7813
29470.0,1.3143,4.7002,0.485,4.2069,28.2979,10.768
29475.0,1.3133,5.0101,0.4662,2.7919,28.4529,10.7693
29480.0,1.3147,5.8174,0.4738,4.2705,27.9856,10.7734
29485.0,1.3164,4.8995,0.4655,4.8322,28.3103,10.7814
29490.0,1.3198,4.7029,0.4799,3.7015,28.3755,10.7971
29495.0,1.3242,4.9455,0.473,7.4271,28.175,10.8335
29500.0,1.329,5.5873,0.493,4.8727,28.2493,10.8398
29505.0,1.3335,4.9642,0.4978,7.0211,28.4956,10.8503
29510.0,1.3381,4.8285,0.4959,7.0814,28.1916,10.8788
29515.0,1.341,5.7303,0.5145,5.6106,28.5907,10.8871
29520.0,1.3435,5.1934,0.5002,5.0831,28.2956,10.918
29525.0,1.3436,5.4367,0.4896,6.8736,28.7874,10.9231
29530.0,1.3425,5.6205,0.4822,4.6491,29.0936,10.9161
29535.0,1.3414,5.7282,0.4924,4.5265,28.2674,10.8928
29540.0,1.3377,5.1586,0.5016,6.5109,28.5775,10.8581
29545.0,1.334,4.8801,0.4852,4.5575,28.2149,10.8274
29550.0,1.3287,5.1328,0.4795,4.8455,28.6049,10.807
29555.0,1.325,4.8078,0.4837,5.8763,27.9763,10.7657
29560.0,1.3201,4.9337,0.4708,5.7787,28.3651,10.7451
29565.0,1.3174,4.8508,0.4651,3.553,27.9876,10.7055
29570.0,1.315,4.8226,0.4651,4.6991,28.1268,10.6919
29575.0,1.3147,4.6737,0.4611,5.206,27.9073,10.6789
29580.0,1.3147,4.4736,0.4717,3.9358,28.3718,10.6972
29585.0,1.3174,4.9884,0.4904,5.9466,27.9719,10.7111
29590.0,1.3204,4.5517,0.4761,5.5421,28.3459,10.7097
29595.0,1.3249,5.4854,0.4694,4.0915,28.1572,10.7434
29600.0,1.3294,4.604,0.4958,5.285,28.2543,10.7786
29605.0,1.334,4.6891,0.4961,6.3274,28.3594,10.8068
29610.0,1.3383,5.3068,0.5111,6.5715,28.167,10.8535
29615.0,1.3415,5.3998,0.474,3.4736,28.4363,10.8516
29620.0,1.3431,5.136,0.5116,5.66,28.7805,10.8778
29625.0,1.3447,5.0798,0.4795,4.4216,28.2036,10.8797
29630.0,1.3433,5.2038,0.4649,3.8374,28.6765,10.8749
29635.0,1.3409,5.2127,0.4985,4.4355,28.7294,10.8729
29640.0,1.3385,5.0721,0.4834,6.0456,28.1101,10.8466
29645.0,1.3347,5.3438,0.4758,5.367,27.901,10.806
29650.0,1.3292,5.2454,0.4735,4.1609,28.2862,10.8007
29655.0,1.325,5.1951,0.4929,5.0072,28.0198,10.7461
29660.0,1.3199,5.3327,0.4772,4.5978,28.574,10.7306
29665.0,1.3171,4.8754,0.4839,4.0722,28.0744,10.7248
29670.0,1.3152,4.8163,0.4899,4.6164,27.8357,10.7224
29675.0,1.3146,4.8529,0.488,4.8303,27.734,10.72
29680.0,1.3146,4.7909,0.4709,3.7807,28.2922,10.7291
29685.0,1.3172,4.8521,0.4831,4.3871,27.8899,10.747
29690.0,1.3205,5.3183,0.4947,4.5195,28.0683,10.7429
29695.0,1.3246,4.7178,0.4575,4.1122,28.3294,10.7489
29700.0,1.3298,5.347,0.5006,6.2424,28.007,10.7699
29705.0,1.3341,5.2835,0.489,6.7691,28.1541,10.8296
29710.0,1.3381,5.1769,0.4862,5.8524,28.1943,10.8735
29715.0,1.3414,5.4818,0.4882,4.7411,28.3934,10.8707
29720.0,1.3436,5.1223,0.4809,4.4547,28.3824,10.8843
29725.0,1.3447,5.1127,0.4837,4.8274,28.1778,10.8759
29730.0,1.3438,5.2123,0.4722,4.8184,28.232,10.8791
29735.0,1.3419,5.9331,0.487,4.7519,28.0924,10.867
29740.0,1.339,5.31,0.4822,4.4509,27.7731,10.8515
29745.0,1.334,5.4797,0.4887,4.9864,28.1554,10.834
29750.0,1.3288,5.8306,0.4833,5.738,28.5079,10.8058
29755.0,1.3252,5.1315,0.4873,4.5948,27.7577,10.7731
29760.0,1.3209,4.6794,0.4738,4.9635,27.7336,10.7623
29765.0,1.3175,4.4361,0.4871,3.9763,27.6659,10.7538
29770.0,1.315,4.7879,0.4832,4.9018,28.0332,10.7137
29775.0,1.3144,5.2385,0.4784,5.3741,27.9465,10.7045
29780.0,1.3155,4.6905,0.4947,3.7713,27.7917,10.693
29785.0,1.3179,4.7531,0.4806,4.4458,27.6126,10.7199
29790.0,1.3209,4.6861,0.4953,4.6488,27.8877,10.7358
29795.0,1.3256,5.0187,0.4712,3.3559,27.5046,10.771
29800.0,1.33,5.4806,0.4795,4.8992,27.9671,10.7592
29805.0,1.3344,5.5245,0.4886,5.395,28.1845,10.778
29810.0,1.3396,5.6144,0.5038,5.8893,27.6846,10.7973
29815.0,1.343,5.3025,0.5009,6.1431,27.6363,10.8185
29820.0,1.3438,5.9559,0.487,6.2294,28.4244,10.8447
29825.0,1.3453,5.1939,0.4962,5.5693,27.8726,10.8695
29830.0,1.3439,5.3688,0.4804,4.42,28.2907,10.8571
29835.0,1.3423,5.03,0.4852,4.7594,27.9354,10.8402
29840.0,1.3391,5.5355,0.4907,5.2537,27.8885,10.808
29845.0,1.3347,5.1496,0.464,3.954,27.9851,10.7856
29850.0,1.3307,4.4747,0.4751,4.0984,27.5962,10.7477
29855.0,1.3256,4.8801,0.4848,3.7837,27.7921,10.719
29860.0,1.3217,4.5155,0.4961,4.2169,27.6097,10.686
29865.0,1.3188,4.8357,0.493,4.4517,27.3296,10.6698
29870.0,1.3157,4.5972,0.4828,3.9464,27.7105,10.6791
29875.0,1.3154,5.423,0.4686,5.0661,27.5406,10.6627
29880.0,1.3159,5.1862,0.4924,5.9768,27.5621,10.6856
29885.0,1.3186,4.7483,0.4869,4.856,27.3076,10.6893
29890.0,1.3206,4.7731,0.4938,4.0878,28.0285,10.7389
29895.0,1.3251,5.1572,0.504,5.4443,27.8789,10.7637
29900.0,1.3298,5.0426,0.4865,4.4491,27.9343,10.7835
29905.0,1.3349,5.1711,0.4956,5.6027,27.6503,10.826
29910.0,1.3397,5.4972,0.5181,5.8117,27.3231,10.859
29915.0,1.3415,5.2229,0.491,5.58,28.2637,10.8772
29920.0,1.3444,5.2061,0.5031,4.2248,27.7683,10.9033
29925.0,1.3453,5.0366,0.4731,5.0554,27.5904,10.9186
29930.0,1.3442,5.1735,0.4877,4.8172,27.861,10.9129
29935.0,1.342,5.358,0.4875,6.1758,28.0138,10.8721
29940.0,1.3393,5.0642,0.4924,6.2501,27.6694,10.8312
29945.0,1.3346,4.8429,0.4681,4.7203,27.9393,10.8049
29950.0,1.3301,5.5528,0.4916,5.4709,27.8303,10.7643
29955.0,1.3265,5.2443,0.4908,4.083,27.2302,10.7288
29960.0,1.322,4.639,0.4913,5.6294,27.275,10.7162
29965.0,1.318,4.8822,0.477,3.6467,27.6356,10.6991
29970.0,1.3177,5.1919,0.5011,5.1212,26.6826,10.6756
29975.0,1.3158,5.1856,0.4838,5.1822,27.3018,10.6618
29980.0,1.317,4.6288,0.485,4.5365,26.9745,10.6783
29985.0,1.3186,4.4015,0.4726,5.7117,27.2199,10.7095
29990.0,1.3217,4.9509,0.4715,4.7471,27.283,10.7549
29995.0,1.3262,5.1074,0.4797,4.6593,27.2954,10.7539
30000.0,1.3311,5.1982,0.4818,5.1156,27.2785,10.766
30005.0,1.3361,5.0932,0.4921,5.3973,27.1739,10.7921
30010.0,1.339,5.2491,0.4811,5.2399,28.0481,10.7907
30015.0,1.3424,5.258,0.4818,4.1409,27.9602,10.8228
30020.0,1.3462,5.6623,0.4963,5.5561,27.2091,10.8173
30025.0,1.3457,5.2628,0.486,4.6794,27.8874,10.8212
30030.0,1.3458,5.013,0.4722,4.3249,27.3694,10.8284
30035.0,1.3435,5.3831,0.4919,5.7891,27.465,10.804
30040.0,1.3404,5.5696,0.4822,5.8006,27.3683,10.7724
30045.0,1.3366,4.9897,0.4908,4.5264,27.1619,10.7409
30050.0,1.3311,5.0414,0.511,3.2283,27.511,10.7168
30055.0,1.3268,4.8001,0.4743,5.4595,27.2345,10.6947
30060.0,1.323,5.2169,0.4743,5.2379,27.0264,10.667
30065.0,1.3201,5.1417,0.4865,5.2003,26.7704,10.651
30070.0,1.3177,5.1545,0.4795,5.8622,26.836,10.6447
30075.0,1.3176,4.4705,0.4853,3.778,26.6258,10.6159
30080.0,1.3175,5.1459,0.4897,3.4438,27.0305,10.6216
30085.0,1.3203,5.1789,0.4882,3.8425,26.7335,10.636
30090.0,1.3232,4.9161,0.467,4.7007,26.9833,10.6534
30095.0,1.3269,5.2497,0.4717,4.2199,27.4178,10.6541
30100.0,1.332,5.6792,0.5073,5.5638,27.4052,10.6478
30105.0,1.3374,5.3571,0.4821,5.212,27.1273,10.6718
30110.0,1.3418,5.3013,0.4976,4.4801,27.1389,10.6929
30115.0,1.3439,5.4921,0.4964,7.2838,27.6473,10.7314
30120.0,1.3469,5.466,0.4909,3.8515,27.3123,10.7317
30125.0,1.3482,5.3552,0.4868,5.6389,27.0908,10.7323
30130.0,1.3482,5.2376,0.4883,5.2699,26.7922,10.7288
30135.0,1.345,5.4893,0.4923,5.8333,27.209,10.7099
30140.0,1.3415,5.2893,0.4887,4.5831,27.2678,10.6916
30145.0,1.338,5.3932,0.4646,3.7153,26.8438,10.678
30150.0,1.3329,4.7915,0.4909,6.5561,27.0112,10.6416
30155.0,1.3287,5.2837,0.482,6.0106,26.7841,10.6097
30160.0,1.3247,4.9329,0.4788,3.2609,26.77,10.5638
30165.0,1.3227,5.1084,0.4844,5.2216,26.1437,10.5608
30170.0,1.3191,4.9043,0.4779,3.9564,26.6716,10.5453
30175.0,1.3176,5.6785,0.4663,5.8018,26.9448,10.5524
30180.0,1.3192,5.1131,0.4705,4.0059,26.5345,10.5661
30185.0,1.3211,4.8913,0.4664,3.7214,26.7094,10.5723
30190.0,1.3249,5.1586,0.4841,4.8423,26.5229,10.5952
30195.0,1.3283,5.2032,0.4844,5.5854,26.8263,10.6369
30200.0,1.3334,5.6521,0.4711,4.0996,26.7108,10.6611
30205.0,1.3387,5.1309,0.4943,5.2135,26.5588,10.6824
30210.0,1.3415,5.3639,0.4914,6.4655,27.1508,10.7151
30215.0,1.3454,5.7458,0.4983,6.8687,27.0653,10.7057
30220.0,1.3486,5.6651,0.4865,5.8813,26.6853,10.7198
30225.0,1.3487,5.7164,0.5078,6.0544,26.9504,10.7206
30230.0,1.3479,5.935,0.5034,5.6708,26.935,10.7211
30235.0,1.3458,5.8286,0.4865,4.3848,26.922,10.7031
30240.0,1.3445,5.2868,0.4892,5.6808,26.2866,10.6547
30245.0,1.3383,5.1166,0.4823,6.9157,26.9019,10.6447
30250.0,1.3346,4.7891,0.4748,4.2523,26.4433,10.6212
30255.0,1.3299,5.033,0.501,5.9277,26.4317,10.586
30260.0,1.3243,5.3868,0.481,4.8605,27.1206,10.5273
30265.0,1.3227,4.7973,0.4781,4.727,26.4851,10.4925
30270.0,1.3211,4.9473,0.4757,4.4065,26.2734,10.4739
30275.0,1.3219,4.9445,0.4607,3.8532,25.793,10.4656
30280.0,1.32,5.1313,0.4718,3.5687,26.6807,10.4754
30285.0,1.3238,5.199,0.4711,5.6209,25.9998,10.5122
30290.0,1.327,4.7667,0.4883,5.3789,26.0999,10.5286
30295.0,1.3308,5.2739,0.4751,5.9933,26.2912,10.5489
30300.0,1.3343,5.1709,0.4814,5.3422,26.7559,10.5833
30305.0,1.3394,4.9611,0.4768,5.3029,26.6228,10.6163
30310.0,1.3441,5.3183,0.4837,5.2502,26.4132,10.6506
30315.0,1.3476,5.0766,0.4885,5.9921,26.5442,10.6474
30320.0,1.3504,5.4711,0.4833,5.5991,26.3196,10.6614
30325.0,1.3505,5.4934,0.499,6.1877,26.4932,10.6749
30330.0,1.3496,5.8986,0.4829,6.2077,26.4505,10.6863
30335.0,1.3471,5.3843,0.4882,6.5599,26.6342,10.6645
30340.0,1.344,4.904,0.4851,5.6482,26.5818,10.6297
30345.0,1.3406,5.236,0.4738,5.2396,26.4028,10.5736
30350.0,1.3368,5.0667,0.5015,4.7968,26.1234,10.5348
30355.0,1.3317,5.3062,0.4837,4.1792,26.3342,10.4813
30360.0,1.3283,4.5238,0.478,4.8895,26.0649,10.4535
30365.0,1.326,5.2108,0.4821,5.0129,25.7653,10.4243
30370.0,1.3229,4.8577,0.4815,3.6249,25.8946,10.4311
30375.0,1.3218,4.4021,0.4825,4.7197,25.9902,10.431
30380.0,1.3217,5.1099,0.4834,6.5904,26.1848,10.4548
30385.0,1.3243,4.9909,0.4697,4.175,25.9136,10.4947
30390.0,1.3283,5.1814,0.4827,4.2987,25.6713,10.5285
30395.0,1.3315,5.556,0.4738,4.2651,26.0104,10.5634
30400.0,1.3362,5.8929,0.4759,5.008,26.0518,10.5906
30405.0,1.341,5.3167,0.4958,5.9091,26.0971,10.6113
30410.0,1.3442,5.1581,0.4844,4.0347,26.3032,10.6654
30415.0,1.3479,5.793,0.4914,5.6186,26.342,10.6687
30420.0,1.3513,5.8149,0.4989,5.5869,25.9408,10.683
30425.0,1.3519,5.294,0.496,4.89,25.9234,10.6994
30430.0,1.3518,5.1874,0.5,4.986,25.7908,10.6799
30435.0,1.3483,5.7201,0.4983,5.2448,26.185,10.6682
30440.0,1.3446,5.7612,0.5032,4.7741,26.32,10.6359
30445.0,1.3418,5.9623,0.4715,4.3997,25.818,10.6138
30450.0,1.3375,4.514,0.478,5.3907,25.7707,10.5638
30455.0,1.3315,5.0639,0.4951,4.5738,26.1322,10.5329
30460.0,1.3282,4.5403,0.4825,5.0403,25.8307,10.5032
30465.0,1.3248,5.3329,0.4766,4.1143,25.7609,10.4969
30470.0,1.3242,4.8201,0.4812,5.7333,25.3135,10.4771
30475.0,1.3224,5.0701,0.4919,3.7864,25.7543,10.4444
30480.0,1.3245,5.1416,0.4583,5.3366,25.3403,10.4532
30485.0,1.3276,5.1743,0.4756,4.8742,25.2911,10.4335
30490.0,1.3303,5.2284,0.4867,4.3365,25.5018,10.4518
30495.0,1.335,5.1663,0.486,4.9621,25.4645,10.4672
30500.0,1.3396,5.3755,0.4794,3.1761,25.5826,10.4842
30505.0,1.3455,5.1697,0.4917,5.5688,25.3048,10.5137
30510.0,1.3471,5.1502,0.5007,5.1911,25.9273,10.5598
30515.0,1.3502,5.9645,0.4972,6.1104,25.9834,10.5897
30520.0,1.3556,5.6587,0.4925,5.2917,25.2167,10.5933
30525.0,1.3538,5.4025,0.4876,4.2753,25.9362,10.5872
30530.0,1.3552,5.6922,0.4851,7.1572,25.4623,10.5643
30535.0,1.3516,5.227,0.4894,6.2139,25.8386,10.5469
30540.0,1.3489,5.4376,0.4827,5.2678,25.5548,10.5417
30545.0,1.3442,5.5308,0.5055,5.561,25.5181,10.539
30550.0,1.3398,5.0101,0.4794,5.3346,25.399,10.5078
30555.0,1.3343,4.8666,0.4771,4.6789,25.6828,10.4591
30560.0,1.3324,5.3758,0.4848,5.3614,25.0088,10.4434
30565.0,1.3273,4.7441,0.4858,3.9808,25.4183,10.4193
30570.0,1.3245,5.0964,0.4866,4.3147,25.5012,10.4179
30575.0,1.3246,5.0646,0.4885,5.419,25.3785,10.3966
30580.0,1.3234,5.3406,0.4787,3.4804,25.7688,10.4295
30585.0,1.3279,5.1831,0.4854,5.1384,25.0576,10.4614
30590.0,1.3302,5.5848,0.4875,5.2116,25.4432,10.4695
30595.0,1.3352,5.424,0.4803,3.8106,25.2001,10.5087
30600.0,1.3382,5.199,0.5005,5.5252,25.5623,10.562
30605.0,1.3443,5.7113,0.4924,5.1017,25.2794,10.586
30610.0,1.3494,5.641,0.4571,3.5534,25.2071,10.5888
30615.0,1.3509,5.1837,0.4903,6.509,25.6448,10.6205
30620.0,1.3548,5.2377,0.4989,5.5789,25.1978,10.6395
30625.0,1.3563,5.8212,0.4759,4.8253,24.956,10.6572
30630.0,1.3551,5.8804,0.4983,4.5705,25.1537,10.6353
30635.0,1.3512,5.4969,0.4924,5.9452,25.3975,10.6564
30640.0,1.3468,5.5612,0.5002,5.4384,25.5388,10.6586
30645.0,1.344,5.3698,0.4862,5.7926,25.1579,10.6229
30650.0,1.3379,4.8338,0.4835,4.2874,25.3946,10.6156
30655.0,1.3363,5.5144,0.4728,3.944,24.6604,10.5688
30660.0,1.3313,4.9996,0.492,5.6302,24.8287,10.5371
30665.0,1.3275,5.2625,0.4707,5.4089,24.8155,10.5326
30670.0,1.3252,4.9399,0.4858,4.0089,24.8191,10.525
30675.0,1.3242,4.9621,0.4615,3.9853,24.8429,10.5258
30680.0,1.3243,5.2449,0.4596,5.1897,24.9834,10.5397
30685.0,1.3278,5.5196,0.4796,4.6571,24.7023,10.5462
30690.0,1.3306,4.9767,0.4891,4.8523,24.863,10.5656
30695.0,1.3347,5.1926,0.4765,4.2123,24.8404,10.6133
30700.0,1.3403,5.4872,0.504,6.3178,24.6482,10.6446
30705.0,1.3444,5.3405,0.4925,6.4427,24.8793,10.6646
30710.0,1.3487,5.6026,0.4863,4.1344,24.8953,10.69
30715.0,1.3526,5.448,0.4961,6.55,24.9049,10.6894
30720.0,1.3549,5.0292,0.487,5.8032,24.9573,10.6859
30725.0,1.356,5.5037,0.5047,6.334,24.9575,10.6735
30730.0,1.3559,5.9649,0.4867,5.2186,24.8051,10.6691
30735.0,1.3519,5.0241,0.5033,6.2443,25.192,10.6592
30740.0,1.3515,5.1904,0.4976,5.523,24.5303,10.6307
30745.0,1.3469,4.9351,0.4904,5.0371,24.5827,10.5993
30750.0,1.3389,5.8198,0.4738,4.8627,25.3937,10.5632
30755.0,1.3389,5.071,0.475,4.4789,24.3751,10.5065
30760.0,1.3348,5.2136,0.4824,4.0581,24.2366,10.4958
30765.0,1.3292,4.4185,0.4957,4.8352,24.7077,10.4713
30770.0,1.3303,5.6172,0.483,5.2197,23.9659,10.4648
30775.0,1.3274,4.9347,0.476,4.2572,24.4014,10.4604
30780.0,1.3255,4.5456,0.4729,4.7082,24.9865,10.4725
30785.0,1.3314,5.7413,0.4944,3.2886,24.0677,10.5043
30790.0,1.3349,4.9436,0.4781,5.138,23.9742,10.5481
30795.0,1.3388,5.2086,0.5021,7.5269,24.1194,10.566
30800.0,1.3403,5.3799,0.4975,5.6095,24.7478,10.6193
30805.0,1.3452,5.344,0.4814,5.2726,24.8336,10.6304
30810.0,1.3507,5.5352,0.5049,6.349,24.4489,10.6823
30815.0,1.3526,5.6805,0.4946,6.5953,24.7639,10.7172
30820.0,1.3545,5.7765,0.5018,7.2488,24.945,10.7089
30825.0,1.3551,5.6433,0.4848,6.4182,25.0347,10.706
30830.0,1.3566,5.578,0.5057,6.0477,24.502,10.6991
30835.0,1.3564,5.7947,0.4943,3.8861,23.9501,10.7163
30840.0,1.351,5.5818,0.474,6.3769,24.2703,10.7085
30845.0,1.3462,5.7982,0.5062,6.6573,24.3104,10.6932
30850.0,1.3417,5.0337,0.4837,3.4963,24.2894,10.6549
30855.0,1.3371,4.4332,0.4966,6.0908,24.2443,10.6207
30860.0,1.331,5.4253,0.4849,4.8912,24.5127,10.6213
30865.0,1.3277,4.9335,0.4714,3.4383,24.502,10.5948
30870.0,1.3272,5.3359,0.4822,3.1591,24.1028,10.5802
30875.0,1.3252,5.0001,0.4901,5.6025,24.3968,10.5709
30880.0,1.3268,5.3069,0.4808,6.2029,24.2028,10.5757
30885.0,1.3293,4.9244,0.4787,4.6071,24.1347,10.5941
30890.0,1.3323,5.616,0.4899,4.6103,24.3624,10.5907
30895.0,1.3374,5.1371,0.4763,4.8261,24.1797,10.6213
30900.0,1.3396,4.8566,0.4859,4.8593,24.7066,10.6664
30905.0,1.3479,5.7138,0.4875,6.1116,23.8632,10.7128
30910.0,1.3506,6.1,0.502,5.919,24.1201,10.7633
30915.0,1.3532,5.3029,0.4899,4.8566,24.2348,10.806
30920.0,1.3545,4.9837,0.4864,6.3675,24.3821,10.8354
30925.0,1.3545,5.4888,0.4878,6.1783,24.5811,10.8348
30930.0,1.355,5.3617,0.4979,6.1889,24.2354,10.8422
30935.0,1.3547,5.9277,0.4939,5.731,23.8493,10.8207
30940.0,1.3488,5.5159,0.4698,3.9215,24.3671,10.8048
30945.0,1.345,5.0385,0.4812,4.9608,24.2883,10.7661
30950.0,1.343,5.3649,0.5019,5.4455,23.5528,10.7601
30955.0,1.336,5.183,0.477,3.5209,23.976,10.7376
30960.0,1.3341,5.9951,0.47,4.4744,23.5228,10.6946
30965.0,1.3295,5.6834,0.4601,5.0516,23.7062,10.6785
30970.0,1.328,4.9399,0.4752,4.7962,23.6107,10.6532
30975.0,1.3258,5.052,0.4727,4.5353,24.0168,10.6266
30980.0,1.3272,5.179,0.4724,3.9949,23.8366,10.6374
30985.0,1.3311,4.9797,0.4835,4.9618,23.4929,10.6549
30990.0,1.3316,5.0126,0.4785,4.5354,24.0532,10.6916
30995.0,1.338,5.104,0.4979,5.3008,23.5023,10.7441
31000.0,1.3401,5.3352,0.481,4.9849,23.9755,10.8053
31005.0,1.3466,5.109,0.4854,6.3544,23.7218,10.8157
31010.0,1.3501,5.6823,0.4965,4.9863,23.8618,10.8491
31015.0,1.3528,5.4723,0.4979,5.8934,24.0986,10.8604
31020.0,1.3549,5.933,0.4859,5.4674,24.1105,10.8766
31025.0,1.3548,5.1574,0.4718,4.4441,24.3081,10.8808
31030.0,1.3561,5.1776,0.4827,6.1756,23.9324,10.8596
31035.0,1.3535,5.4171,0.5032,4.9867,23.9948,10.8465
31040.0,1.3507,5.8325,0.4877,6.2187,23.7622,10.8438
31045.0,1.3457,5.5403,0.4838,4.5805,23.8621,10.8267
31050.0,1.3408,5.2499,0.4856,5.3517,23.867,10.7959
31055.0,1.3372,5.1673,0.499,4.7729,23.6731,10.7472
31060.0,1.3349,5.5362,0.4799,5.0316,23.192,10.7339
31065.0,1.3288,4.6039,0.4814,4.7644,23.6798,10.7257
31070.0,1.3262,4.8442,0.4805,4.5307,23.654,10.733
31075.0,1.3271,4.7805,0.494,4.8401,23.3728,10.714
31080.0,1.3281,5.0699,0.4841,6.3124,23.2165,10.7438
31085.0,1.3269,5.6747,0.487,5.6488,23.9154,10.7744
31090.0,1.3311,4.7186,0.4609,4.8305,23.6902,10.8059
31095.0,1.3364,4.9055,0.4947,4.715,23.5396,10.8214
31100.0,1.3423,5.1535,0.4747,4.0885,23.3468,10.8459
31105.0,1.3466,5.353,0.4985,5.4805,23.4599,10.8769
31110.0,1.3481,4.9841,0.4728,6.2294,24.0209,10.9241
31115.0,1.353,5.1806,0.4985,6.3325,23.751,10.9343
31120.0,1.3556,5.7671,0.484,5.208,23.5886,10.9663
31125.0,1.3554,5.4182,0.4642,5.4815,23.8494,10.962
31130.0,1.3561,5.2461,0.5,5.4723,23.4995,10.9612
31135.0,1.3515,5.3264,0.4971,6.3067,24.0456,10.9438
31140.0,1.348,5.5561,0.4657,5.073,23.9641,10.9406
31145.0,1.3456,5.3896,0.4918,5.3308,23.4562,10.9266
31150.0,1.3411,5.0628,0.4803,4.6042,23.3582,10.9031
31155.0,1.3395,5.7236,0.4734,5.2511,22.8035,10.8498
31160.0,1.3336,5.355,0.4986,4.6819,23.035,10.8353
31165.0,1.3301,5.1761,0.5037,4.597,23.0266,10.8172
31170.0,1.3256,5.0885,0.4647,4.0138,23.3633,10.8397
31175.0,1.3257,5.2072,0.475,5.158,23.23,10.8241
31180.0,1.3281,4.8166,0.4816,3.6485,22.9721,10.8062
31185.0,1.3282,4.7744,0.4713,4.7289,23.2491,10.8585
31190.0,1.3308,5.2988,0.4952,3.8676,23.4687,10.8815
31195.0,1.3348,5.1202,0.4781,3.8677,23.506,10.9176
31200.0,1.3425,5.1163,0.4787,4.0022,22.9355,10.9383
31205.0,1.3444,5.5892,0.4916,5.5986,23.4148,11.0042
31210.0,1.35,5.493,0.4889,6.3811,23.1331,11.0388
31215.0,1.3506,5.3943,0.508,5.5047,23.7279,11.0787
31220.0,1.3528,5.4592,0.4884,3.5155,23.7102,11.0934
31225.0,1.355,5.4732,0.4699,5.6047,23.2875,11.1212
31230.0,1.3543,5.6202,0.501,3.9656,23.3038,11.1091
31235.0,1.3515,5.429,0.4868,6.792,23.3495,11.1167
31240.0,1.3504,5.768,0.4656,3.6374,22.8593,11.0915
31245.0,1.3433,5.4906,0.5009,5.214,23.4557,11.062
31250.0,1.3391,4.8373,0.4969,7.2614,23.2482,11.0458
31255.0,1.3331,4.8494,0.4821,4.3658,23.5038,11.0274
31260.0,1.3312,5.225,0.4834,5.5871,22.9362,10.9958
31265.0,1.3279,5.1409,0.4626,4.9159,23.0142,10.9433
31270.0,1.3265,5.1283,0.4809,3.5977,22.7626,10.9412
31275.0,1.3254,4.8785,0.4508,3.8404,22.8725,10.9283
31280.0,1.3263,4.8989,0.4865,3.6917,22.8272,10.9404
31285.0,1.3262,5.1962,0.4838,3.3504,23.3849,10.9484
31290.0,1.3313,5.1578,0.4526,4.4325,22.9865,10.971
31295.0,1.3348,5.441,0.4974,5.6094,23.226,10.9937
31300.0,1.3406,4.7272,0.472,5.3211,23.1383,10.9923
31305.0,1.3456,5.7043,0.4751,4.9568,22.9549,11.0583
31310.0,1.3485,5.1407,0.4864,4.2694,23.2644,11.0926
31315.0,1.3507,5.6851,0.4968,6.8078,23.482,11.1342
31320.0,1.354,5.8706,0.4856,6.0898,23.0442,11.1942
31325.0,1.3524,5.8077,0.5027,6.4172,23.5486,11.2173
31330.0,1.3533,5.3517,0.4809,4.4299,23.1194,11.2187
31335.0,1.3508,6.2214,0.4865,5.3899,23.1828,11.2036
31340.0,1.3465,5.5064,0.5074,6.0901,23.3961,11.1819
31345.0,1.3438,5.824,0.4977,6.3649,23.049,11.142
31350.0,1.3385,5.4824,0.4874,4.0557,23.1712,11.1083
31355.0,1.3341,5.3558,0.4965,6.1474,23.0303,11.0841
31360.0,1.3294,4.7597,0.4751,4.4244,23.093,11.0611
31365.0,1.329,4.6941,0.4765,4.585,22.426,11.0323
31370.0,1.3262,4.9994,0.4684,4.6142,22.5362,11.0215
31375.0,1.323,5.7433,0.4718,4.8129,23.1342,11.0086
31380.0,1.3234,4.7827,0.4667,3.6271,23.2408,11.0129
31385.0,1.3274,4.883,0.4715,4.1667,22.7693,11.0316
31390.0,1.3301,5.3071,0.4625,5.027,22.9634,11.0528
31395.0,1.3337,5.4524,0.4848,5.1274,23.1342,11.0832
31400.0,1.338,4.6139,0.4824,4.8142,23.2746,11.1145
31405.0,1.3458,4.8941,0.4897,5.4114,22.6353,11.1323
31410.0,1.3488,5.6012,0.4973,5.9854,22.9572,11.1519
31415.0,1.3516,5.4247,0.4767,5.0543,23.1235,11.1698
31420.0,1.3526,5.4807,0.511,5.3201,23.3987,11.1921
31425.0,1.3514,5.7745,0.4928,5.1687,23.8498,11.2094
31430.0,1.3533,5.5457,0.4895,6.4534,23.156,11.2105
31435.0,1.3522,5.2664,0.4892,6.2961,22.8351,11.2124
31440.0,1.347,5.6231,0.4819,5.1717,23.2496,11.1868
31445.0,1.3418,5.4357,0.4844,5.5588,23.4329,11.166
31450.0,1.3385,5.7457,0.4819,4.144,23.0788,11.129
31455.0,1.3351,5.2236,0.4911,5.3846,22.7745,11.0916
31460.0,1.3286,4.7923,0.4724,4.3479,23.1946,11.0874
31465.0,1.3253,5.2018,0.4973,4.6462,23.0836,11.0832
31470.0,1.325,4.8,0.4785,4.9819,22.6359,11.0657
31475.0,1.323,4.369,0.4591,3.5329,22.9765,11.0538
31480.0,1.3232,5.0731,0.4779,3.2821,23.134,11.0522
31485.0,1.3252,5.1154,0.4817,4.9598,23.1977,11.0624
31490.0,1.3303,5.3011,0.4733,3.7736,22.9152,11.0574
31495.0,1.3343,5.074,0.4802,5.9361,22.8806,11.1089
31500.0,1.3374,5.1574,0.5,5.9792,23.3199,11.1377
31505.0,1.3446,5.9591,0.5057,4.8802,22.7536,11.168
31510.0,1.3468,5.4128,0.4918,4.0244,23.2045,11.21
31515.0,1.3525,5.2172,0.4972,6.6704,22.7824,11.2125
31520.0,1.3519,5.2884,0.4927,5.8187,23.4096,11.2334
31525.0,1.3539,5.5186,0.4906,6.2289,23.0832,11.2432
31530.0,1.3518,5.2498,0.4903,5.6861,23.4547,11.2275
31535.0,1.3505,5.4108,0.4998,6.7565,23.2365,11.2105
31540.0,1.3488,5.5632,0.4957,5.4454,22.7721,11.201
31545.0,1.3419,5.3827,0.4977,5.6245,23.3898,11.1718
31550.0,1.3376,5.0931,0.4726,4.7794,23.3727,11.1121
31555.0,1.3338,4.8854,0.4807,4.2678,23.1568,11.0687
31560.0,1.3316,5.1984,0.4713,4.6173,22.7019,11.0307
31565.0,1.3275,5.1702,0.4834,4.5294,22.7805,11.0238
31570.0,1.3247,5.1099,0.483,4.8433,22.8701,11.0205
31575.0,1.3255,4.7192,0.4792,4.8944,22.6486,10.9861
31580.0,1.3238,5.0929,0.4685,1.9198,23.2532,10.9817
31585.0,1.3278,4.4334,0.4769,5.9124,22.8859,10.9822
31590.0,1.335,4.8779,0.4705,4.7946,22.2056,10.985
31595.0,1.3355,5.3032,0.489,5.7534,23.0066,11.0043
31600.0,1.3411,5.5633,0.4808,5.9109,22.8797,11.0258
31605.0,1.3452,5.3134,0.4818,5.8979,22.9931,11.0718
31610.0,1.3496,5.2467,0.4855,3.0336,22.9603,11.1055
31615.0,1.3515,5.6138,0.4875,6.6253,23.2863,11.1352
31620.0,1.3532,6.3006,0.4767,3.9001,23.3847,11.1542
31625.0,1.3553,5.8361,0.486,5.4814,23.182,11.1327
31630.0,1.3551,5.2208,0.5009,5.3702,23.0183,11.1382
31635.0,1.3525,5.5794,0.4876,6.5343,23.0708,11.1289
31640.0,1.3488,5.3655,0.5085,5.7161,23.0522,11.1253
31645.0,1.3451,5.1577,0.5079,4.1608,22.8043,11.1236
31650.0,1.3391,5.0553,0.4776,4.1904,23.1029,11.085
31655.0,1.3344,4.6724,0.4722,7.013,23.0264,11.0644
31660.0,1.3292,5.0736,0.4719,5.0059,23.2545,11.0313
31665.0,1.3262,5.3196,0.4569,4.5289,23.1498,11.0096
31670.0,1.3258,5.812,0.4693,3.5723,22.6432,11.0144
31675.0,1.3232,4.4948,0.4771,5.2471,23.0123,11.0263
31680.0,1.3261,5.4045,0.4825,3.9482,22.5769,11.0194
31685.0,1.3265,5.0235,0.4711,4.8745,23.0101,11.0274
31690.0,1.3312,5.3813,0.4691,3.0832,22.7404,11.0471
31695.0,1.3361,5.1119,0.4852,5.0636,22.656,11.0675
31700.0,1.3393,5.1543,0.4768,4.7653,23.0286,11.0937
31705.0,1.3479,5.4134,0.4779,3.274,22.3368,11.1057
31710.0,1.3508,5.2704,0.4874,5.9187,22.6101,11.1327
31715.0,1.3522,5.5603,0.4865,4.8216,23.0373,11.1591
31720.0,1.3543,5.6547,0.4998,5.5198,23.1244,11.1596
31725.0,1.3558,6.059,0.4879,4.8071,23.0196,11.146
31730.0,1.3569,5.7775,0.4953,5.5695,22.7107,11.1246
31735.0,1.3532,5.3046,0.4966,6.2331,22.8807,11.1381
31740.0,1.3486,5.5781,0.4963,6.167,23.1509,11.1118
31745.0,1.344,5.5121,0.5039,5.3177,23.1579,11.0974
31750.0,1.34,5.6874,0.4822,4.7335,22.9633,11.0662
31755.0,1.334,5.1052,0.494,5.6633,23.2115,11.0454
31760.0,1.3304,5.0276,0.4815,3.7659,22.9812,11.0269
31765.0,1.3285,4.8194,0.4735,4.1497,22.6633,10.9978
31770.0,1.3257,5.487,0.4702,4.2031,22.7602,10.9905
31775.0,1.3262,4.7832,0.4746,3.787,22.4739,10.9919
31780.0,1.3258,5.2351,0.4958,4.805,22.8066,10.9761
31785.0,1.3264,5.0606,0.4758,4.2232,23.1348,10.998
31790.0,1.3304,5.3182,0.4776,5.0189,23.0631,11.0081
31795.0,1.3337,5.1556,0.4669,4.0059,23.286,11.0422
31800.0,1.3401,5.6705,0.503,6.0509,22.9081,11.0778
31805.0,1.3431,4.7672,0.479,4.7388,23.3687,11.0979
31810.0,1.3487,5.3653,0.4829,4.9365,23.0278,11.1415
31815.0,1.3502,5.9953,0.4809,5.2243,23.4793,11.1636
31820.0,1.3537,5.6023,0.4765,4.5474,23.1295,11.1883
31825.0,1.3532,5.5068,0.4901,6.1712,23.3215,11.2228
31830.0,1.3519,5.8555,0.5069,5.7455,23.5085,11.2108
31835.0,1.3514,5.2192,0.4903,5.3244,23.0725,11.1975
31840.0,1.3476,5.6396,0.4959,5.3109,23.1447,11.1772
31845.0,1.3421,5.3843,0.4741,5.6216,23.3731,11.1627
31850.0,1.339,5.5456,0.492,6.2496,22.9739,11.1282
31855.0,1.3355,5.5777,0.4998,4.452,22.6333,11.1063
31860.0,1.3277,5.3943,0.4861,4.5361,23.4602,11.0818
31865.0,1.3269,5.1599,0.4749,4.6194,22.7766,11.0662
31870.0,1.3241,5.032,0.4778,4.9669,22.9153,11.0485
31875.0,1.3224,5.0457,0.4957,4.9155,23.1602,11.045
31880.0,1.325,5.1959,0.4877,2.596,22.7294,11.0427
31885.0,1.3271,4.3763,0.4705,3.9361,22.6539,11.0805
31890.0,1.3294,5.1229,0.4743,4.8274,23.0055,11.0883
31895.0,1.3361,5.4528,0.4667,4.0546,22.5388,11.0985
31900.0,1.3388,5.3667,0.4851,4.713,22.9646,11.1396
31905.0,1.3432,5.3207,0.5065,4.8512,23.1475,11.1536
31910.0,1.348,5.7729,0.4823,4.6598,23.0639,11.1739
31915.0,1.3522,5.5068,0.4944,6.8104,22.782,11.2232
31920.0,1.351,5.624,0.4948,5.8271,23.5911,11.2444
31925.0,1.3532,5.5729,0.4822,5.8408,23.2293,11.2489
31930.0,1.3513,5.6885,0.4782,4.5538,23.5573,11.2388
31935.0,1.3509,5.6679,0.4765,4.4358,23.1168,11.2149
31940.0,1.3481,5.3411,0.4832,5.5117,22.9322,11.2008
31945.0,1.3433,5.1482,0.4902,3.8745,23.1813,11.1407
31950.0,1.3386,5.7443,0.4994,5.684,23.0174,11.1359
31955.0,1.3345,4.7942,0.4711,5.3008,22.7343,11.1355
31960.0,1.3275,5.5982,0.4809,4.7177,23.3582,11.1219
31965.0,1.3261,5.2515,0.4888,5.3565,22.8058,11.1098
31970.0,1.325,4.9634,0.4823,6.5522,22.4838,11.1105
31975.0,1.3212,4.9092,0.4913,4.6059,23.2725,11.0973
31980.0,1.3236,4.9325,0.4788,2.9426,22.8257,11.1089
31985.0,1.326,5.0391,0.4737,4.554,22.8251,11.1096
31990.0,1.3305,4.7307,0.4795,4.3763,22.5729,11.1309
31995.0,1.3313,4.8175,0.4915,6.1007,23.4953,11.1538
32000.0,1.3394,5.3074,0.4865,5.3588,22.7882,11.1542
32005.0,1.3428,5.4003,0.4706,4.4589,23.1756,11.1733
32010.0,1.3464,4.939,0.5004,5.5467,23.4352,11.1794
32015.0,1.3504,5.0481,0.4981,5.5334,23.3498,11.1909
32020.0,1.3531,5.8986,0.5067,5.9028,23.255,11.1985
32025.0,1.3559,5.6281,0.4787,5.2832,22.8561,11.187
32030.0,1.3542,5.189,0.4892,4.1215,23.076,11.1751
32035.0,1.3513,5.8178,0.5113,6.0584,23.3084,11.1426
32040.0,1.3487,5.7008,0.4824,5.8183,23.0359,11.1345
32045.0,1.3432,5.6654,0.4833,5.2604,23.2461,11.126
32050.0,1.3381,4.6008,0.472,5.4494,23.3237,11.0932
32055.0,1.3332,5.7957,0.492,4.203,23.352,11.0611
32060.0,1.3319,5.1057,0.4627,3.8958,22.7675,10.9972
32065.0,1.3247,5.107,0.4783,5.6413,23.5945,10.9951
32070.0,1.3241,5.0827,0.4553,4.2118,23.2204,10.9721
32075.0,1.3239,4.6816,0.4649,4.1565,23.0253,10.9816
32080.0,1.3235,5.6875,0.4624,2.7858,23.31,10.9863
32085.0,1.3241,4.9273,0.476,4.9582,23.6548,11.0194
32090.0,1.3312,4.7018,0.4819,5.5921,22.7416,11.0456
32095.0,1.3342,5.5275,0.4668,3.0935,23.0914,11.0652
32100.0,1.341,5.1454,0.4845,4.5667,22.6041,11.1058
32105.0,1.3427,5.508,0.4813,4.7556,23.2978,11.146
32110.0,1.3466,5.0806,0.4728,5.5582,23.3875,11.1801
32115.0,1.3503,5.5636,0.5087,5.2402,23.3242,11.2026
32120.0,1.3532,5.5983,0.4903,5.0261,23.1964,11.2045
32125.0,1.355,5.8399,0.4984,5.6399,22.8597,11.2344
32130.0,1.3516,5.9247,0.4788,5.7772,23.4628,11.2413
32135.0,1.3484,5.6263,0.4923,4.8636,23.7168,11.2265
32140.0,1.3475,5.4636,0.4965,6.2087,23.1767,11.174
32145.0,1.3425,5.1066,0.4799,3.0064,23.3974,11.1308
32150.0,1.3398,5.304,0.4984,5.8112,22.8538,11.1088
32155.0,1.3328,4.9662,0.4835,5.1541,23.3186,11.0936
32160.0,1.3294,5.7046,0.482,4.7373,23.0689,11.0711
32165.0,1.327,4.9578,0.4652,3.8122,22.9482,11.0141
32170.0,1.3252,5.1879,0.4707,4.7877,22.9323,10.9761
32175.0,1.3238,4.8772,0.452,3.8632,23.0214,10.9849
32180.0,1.3238,4.7693,0.4854,4.0038,23.2276,10.9878
32185.0,1.3279,4.9256,0.4792,3.9234,22.8301,10.9901
32190.0,1.3303,5.1573,0.4684,2.9991,23.0968,11.0045
32195.0,1.3339,5.4518,0.498,5.218,23.2324,11.0447
32200.0,1.3395,5.1456,0.4755,4.1183,23.0192,11.0834
32205.0,1.3412,5.6189,0.4524,4.7486,23.7943,11.1168
32210.0,1.3477,5.0107,0.4931,5.7044,23.1784,11.1623
32215.0,1.3507,5.0274,0.4936,6.2355,23.2624,11.19
32220.0,1.3529,5.4967,0.4742,4.1524,23.2113,11.2202
32225.0,1.3511,5.7848,0.4984,5.3919,23.9177,11.2169
32230.0,1.3512,5.8411,0.4787,5.7066,23.6037,11.2312
32235.0,1.3501,5.2706,0.4859,6.2292,23.2149,11.24
32240.0,1.3449,5.2344,0.4841,5.0072,23.6972,11.2211
32245.0,1.3416,5.3589,0.4775,5.6072,23.4338,11.1844
32250.0,1.3368,5.3973,0.4832,4.3074,23.4064,11.1614
32255.0,1.3323,5.6111,0.4852,5.196,23.2144,11.1526
32260.0,1.3288,5.4905,0.4793,5.7867,23.0761,11.1112
32265.0,1.3245,5.0387,0.4504,3.8653,23.3195,11.0805
32270.0,1.3228,5.1005,0.4834,4.1073,23.0823,11.0912
32275.0,1.3204,4.5365,0.4721,4.1221,23.6701,11.0622
32280.0,1.3239,4.9248,0.4593,4.007,22.9107,11.0625
32285.0,1.3233,4.9964,0.4774,4.1995,23.6381,11.0906
32290.0,1.3276,4.3403,0.4845,4.9067,23.2641,11.1429
32295.0,1.3315,5.1242,0.4851,4.9892,23.4132,11.1663
32300.0,1.3354,5.4957,0.4862,4.7599,23.5978,11.2113
32305.0,1.3415,4.8946,0.4919,5.025,23.283,11.2329
32310.0,1.3444,5.5372,0.4893,4.3398,23.7031,11.2569
32315.0,1.3511,5.6972,0.5012,5.9996,22.848,11.278
32320.0,1.3513,6.1914,0.4993,5.1578,23.3708,11.286
32325.0,1.3523,5.1358,0.5033,6.6339,23.3317,11.2866
32330.0,1.3521,5.7695,0.4886,5.5522,23.2466,11.2632
32335.0,1.3485,5.7591,0.511,5.9777,23.4895,11.2812
32340.0,1.3447,5.7266,0.5003,5.6905,23.611,11.2579
32345.0,1.3405,5.7949,0.4851,5.8,23.653,11.2054
32350.0,1.3361,4.9844,0.4806,5.1513,23.4957,11.1858
32355.0,1.3323,4.9043,0.5017,6.0593,23.2272,11.1551
32360.0,1.327,4.6973,0.471,4.1354,23.4485,11.1409
32365.0,1.3242,4.7969,0.4901,4.2034,23.3585,11.0981
32370.0,1.3212,4.6163,0.4788,5.2834,23.5446,11.0881
32375.0,1.3204,5.3929,0.4601,4.684,23.5019,11.1019
32380.0,1.3214,5.3119,0.4822,4.612,23.327,11.1313
32385.0,1.3245,5.2034,0.4717,4.4836,23.1207,11.1332
32390.0,1.3275,5.2906,0.4769,4.8135,23.2192,11.1602
32395.0,1.3318,5.297,0.484,3.5964,23.2911,11.1763
32400.0,1.3361,5.7022,0.4806,4.2709,23.4004,11.2117
32405.0,1.3401,5.4273,0.4865,4.9782,23.5968,11.2555
32410.0,1.3437,5.7865,0.4844,5.7985,23.7546,11.2953
32415.0,1.3476,5.456,0.5009,4.6872,23.6003,11.3227
32420.0,1.3499,5.7194,0.4946,5.936,23.6426,11.3169
32425.0,1.3499,5.4696,0.4865,5.8047,23.6858,11.3692
32430.0,1.3498,5.7332,0.5059,6.0846,23.5177,11.3625
32435.0,1.348,5.1601,0.5061,6.1253,23.3981,11.3452
32440.0,1.3453,5.2723,0.484,4.8739,23.1614,11.3338
32445.0,1.3399,5.5472,0.4891,5.9731,23.3886,11.3246
32450.0,1.334,5.2853,0.4704,3.3566,23.6383,11.3231
32455.0,1.3303,5.4132,0.4811,4.2155,23.3018,11.2876
32460.0,1.3258,5.3195,0.4731,3.8306,23.3802,11.2584
32465.0,1.3219,5.5132,0.4866,4.9159,23.5269,11.2334
32470.0,1.3193,4.9682,0.4988,3.5134,23.5229,11.2621
32475.0,1.3194,5.3781,0.4683,3.1299,23.1193,11.286
32480.0,1.3186,4.9089,0.4738,4.2383,23.6495,11.2966
32485.0,1.3209,5.3566,0.4823,5.0435,23.7071,11.2833
32490.0,1.3257,4.8726,0.4656,4.4692,23.1796,11.3186
32495.0,1.3295,5.274,0.4914,5.7231,23.3015,11.3561
32500.0,1.3327,5.0453,0.4927,4.1668,23.8552,11.3897
32505.0,1.3381,5.5119,0.4752,4.2926,23.5706,11.4326
32510.0,1.3437,5.3057,0.5003,4.143,23.0976,11.4764
32515.0,1.3465,5.2442,0.5097,6.134,23.3393,11.4914
32520.0,1.3477,5.4286,0.4878,5.8904,23.6516,11.5023
32525.0,1.349,4.7624,0.4835,5.3063,23.4339,11.5218
32530.0,1.3488,5.247,0.4889,6.0671,23.6173,11.4206
32535.0,1.3466,5.2394,0.4804,5.3046,23.7107,11.3746
32540.0,1.3426,5.3567,0.4931,5.0043,24.0382,11.3203
32545.0,1.3402,5.6454,0.4819,4.2133,23.5614,11.2592
32550.0,1.3342,4.791,0.5005,6.5654,23.8589,11.2471
32555.0,1.3297,4.2851,0.4638,4.4038,23.9047,11.179
32560.0,1.3258,5.1414,0.4821,5.1316,23.8674,11.1281
32565.0,1.3231,4.9374,0.4822,5.317,23.5498,11.123
32570.0,1.3235,4.6906,0.4937,4.9456,22.9695,11.0795
32575.0,1.3212,4.3396,0.4737,5.2348,23.5711,11.0263
32580.0,1.3221,4.8381,0.4692,4.0927,23.7282,10.977
32585.0,1.3262,4.2036,0.4793,3.0031,23.47,10.9337
32590.0,1.3287,4.6178,0.482,5.4637,23.9623,10.8937
32595.0,1.334,5.4744,0.4801,4.6937,23.7857,10.8975
32600.0,1.3409,4.9261,0.4976,4.5214,23.7618,10.8222
32605.0,1.3469,5.3009,0.4934,4.0097,23.9404,10.7527
32610.0,1.3532,5.5393,0.4912,5.0628,23.7965,10.7219
32615.0,1.3616,5.8864,0.4978,5.2486,23.1257,10.7022
32620.0,1.3614,5.182,0.488,5.4367,23.6479,10.6889
32625.0,1.3619,5.5143,0.5014,5.1735,24.0818,10.6077
32630.0,1.3663,5.4793,0.497,6.2081,23.5756,10.5286
32635.0,1.3659,5.5881,0.5106,5.8651,23.7027,10.4262
32640.0,1.367,5.9601,0.4881,5.5679,23.4665,10.321
32645.0,1.3605,6.4175,0.4851,5.0546,24.1341,10.2089
32650.0,1.3575,5.8187,0.4949,6.4982,24.0643,10.1347
32655.0,1.3615,5.7751,0.4928,4.2891,23.3788,10.0244
32660.0,1.3577,5.4306,0.492,5.8606,23.5968,9.9358
32665.0,1.3585,6.0065,0.4748,5.9779,23.3588,9.8677
32670.0,1.3592,4.9762,0.4552,4.8013,23.6633,9.7382
32675.0,1.3657,5.666,0.4738,5.051,23.6316,9.6122
32680.0,1.3697,5.5332,0.4715,3.5802,23.7163,9.5478
32685.0,1.3783,5.7252,0.4827,4.4624,23.6195,9.4877
32690.0,1.3825,5.4676,0.496,4.5654,24.3053,9.39
32695.0,1.4123,6.8841,0.4675,5.8813,23.3581,9.2794
32700.0,1.429,6.6415,0.4673,4.921,23.2354,9.217
32705.0,1.4416,7.2512,0.4817,7.4566,23.6128,9.1252
32710.0,1.4627,7.2279,0.5083,5.9237,23.3624,9.0585
32715.0,1.484,7.1662,0.5097,5.9461,23.416,8.9501
32720.0,1.5036,7.7109,0.4941,7.6029,23.5616,8.8336
32725.0,1.5302,8.955,0.4981,7.1786,23.5901,8.6893
32730.0,1.5494,9.3636,0.4831,8.0568,23.576,8.5812
32735.0,1.5724,9.1097,0.5017,8.734,23.9242,8.411
32740.0,1.6126,9.5946,0.5055,9.192,23.6362,8.2414
32745.0,1.6466,10.3062,0.491,9.6994,23.6772,8.07
32750.0,1.6887,11.4859,0.5051,10.3975,23.9005,7.8717
32755.0,1.7329,12.1356,0.5089,11.4333,23.4401,7.7383
32760.0,1.7867,13.1312,0.5088,12.2962,23.5247,7.5614
32765.0,1.813,13.5031,0.5217,13.8115,23.6501,7.4598
32770.0,1.9095,15.5729,0.5162,15.8678,23.0529,7.2872
32775.0,1.98,15.917,0.5384,17.6514,22.9356,7.1594
32780.0,2.0646,18.3189,0.5272,21.1663,23.6265,7.0047
32785.0,2.1962,20.5193,0.5526,25.0311,23.6851,6.8503
32790.0,2.3271,22.7737,0.5755,29.2859,24.112,6.7361
32795.0,2.4684,24.7611,0.6151,36.5946,23.678,6.6549
32800.0,2.5985,27.3944,0.631,40.7975,23.8903,6.5992
32805.0,2.6774,28.4584,0.6424,44.5079,23.6834,6.6025
32810.0,2.8916,32.7672,0.7141,55.6476,23.8489,6.4801
32815.0,3.1343,36.5423,0.766,67.3491,24.2251,6.329
32820.0,3.263,38.9529,0.8119,74.0173,23.2989,6.246
32825.0,3.3869,40.4617,0.8497,81.8624,23.941,6.2031
32830.0,3.5512,44.5471,0.8955,88.9002,24.3645,6.053
32835.0,3.6476,45.5514,0.9554,97.0804,23.88,5.9078
32840.0,3.7041,46.6486,0.9621,98.3876,24.1891,5.8621
32845.0,3.7201,47.0363,0.9527,99.0025,23.5775,5.7209
32850.0,3.735,47.87,0.9566,100.2716,23.6805,5.6174
32855.0,3.7394,47.4017,0.969,101.0224,23.6506,5.5441
32860.0,3.7381,47.5193,0.9837,101.3433,23.0459,5.4458
32865.0,3.7625,47.8722,1.0019,102.2087,23.275,5.2983
32870.0,3.7737,48.1678,1.0028,103.7399,23.2714,5.1962
32875.0,3.7856,48.3394,0.9995,104.2055,23.7436,5.1504
32880.0,3.7958,48.3247,0.9956,104.2798,23.7632,5.0794
32885.0,3.8014,48.1391,0.9923,104.2539,23.6472,5.0444
32890.0,3.8133,48.9697,0.9977,105.9245,23.8051,4.998
32895.0,3.8238,48.8736,1.0155,105.0702,23.5994,4.9251
32900.0,3.8411,49.1803,1.0394,106.7017,23.9868,4.836
32905.0,3.8468,48.7247,1.0073,106.8042,23.7344,4.806
32910.0,3.8564,49.4408,1.0068,106.8561,23.7879,4.748
32915.0,3.8643,49.303,1.0371,109.7999,23.7396,4.6711
32920.0,3.8739,49.6469,1.0327,108.2929,23.9978,4.5528
32925.0,3.8772,49.893,1.0225,108.2135,23.728,4.4409
32930.0,3.8822,48.8788,1.0473,108.7671,24.0693,4.3033
32935.0,3.882,49.927,1.043,109.5729,23.5201,4.1191
32940.0,3.8796,50.3034,1.0367,109.778,23.4943,4.051
32945.0,3.8791,49.9636,1.0333,109.9995,23.8982,3.9117
32950.0,3.8761,49.547,1.0277,108.5303,23.6569,3.7325
32955.0,3.8717,48.9426,1.0257,108.1693,23.5182,3.6617
32960.0,3.8696,49.4872,1.0251,109.8234,23.8114,3.5215
32965.0,3.8665,49.7751,1.017,108.4428,23.4027,3.399
32970.0,3.865,49.7835,1.0236,107.9983,23.4821,3.3301
32975.0,3.8658,49.5688,1.0343,108.5905,23.8734,3.207
32980.0,3.8672,49.7422,1.0098,107.2031,23.9145,3.111
32985.0,3.8697,49.3453,1.0536,109.8141,23.9428,3.0541
32990.0,3.8728,50.0488,1.035,109.0825,23.511,3.0066
32995.0,3.8779,50.0861,1.0511,110.442,23.9297,2.926
33000.0,3.8825,49.7338,1.0399,109.4843,23.4297,2.8181
33005.0,3.8873,49.9486,1.038,108.9544,23.4851,2.8022
33010.0,3.8911,49.4055,1.07,111.0713,23.1645,2.8395
33015.0,3.8956,49.9762,1.032,109.399,24.2019,2.7473
33020.0,3.8977,50.1627,1.0605,110.6867,23.5874,2.6237
33025.0,3.8988,50.3975,1.0578,109.6491,23.7775,2.5151
33030.0,3.8981,50.262,1.022,108.9077,23.5725,2.4361
33035.0,3.8962,50.5029,1.0583,109.2741,23.9508,2.3735
33040.0,3.8929,50.1899,1.0673,109.6277,23.6482,2.2315
33045.0,3.8888,49.9407,1.0622,110.0975,23.3722,2.079
33050.0,3.8844,49.6453,1.0569,110.7645,23.7606,1.9825
33055.0,3.8797,49.765,1.05,111.289,23.2435,1.8544
33060.0,3.8756,49.7507,1.0361,109.8648,23.3489,1.778
33065.0,3.8723,49.8903,1.0218,108.9683,22.9963,1.6388
33070.0,3.8702,50.4222,1.0409,109.4581,23.1437,1.593
33075.0,3.8697,49.6803,1.0335,107.4497,23.535,1.4632
33080.0,3.8703,49.4969,1.051,110.7211,23.0044,1.3941
33085.0,3.8726,49.4471,1.0166,109.1226,23.1444,1.262
33090.0,3.876,49.859,1.0243,110.0869,23.5451,1.1984
33095.0,3.8802,49.7815,1.0475,111.4143,23.4494,1.1228
33100.0,3.8849,49.6482,1.0455,109.9166,24.1275,1.0995
33105.0,3.8895,49.7132,1.0402,109.7107,24.132,1.047
33110.0,3.8937,50.1495,1.0598,110.2746,23.496,0.9984
33115.0,3.897,50.5091,1.0397,112.512,23.8831,0.9465
33120.0,3.8992,50.3496,1.0495,110.5994,23.9501,0.8872
33125.0,3.8999,49.5444,1.0654,110.2634,23.6183,0.7928
33130.0,3.8992,50.616,1.0566,110.5919,23.384,0.7524
33135.0,3.8971,49.9832,1.0573,111.1741,23.731,0.6544
33140.0,3.8937,49.9554,1.0367,111.2619,23.6551,0.5184
33145.0,3.8896,50.7088,1.052,110.4489,23.545,0.4527
33150.0,3.885,50.2688,1.0487,111.5471,23.7156,0.2729
33155.0,3.8803,50.1323,1.034,110.0317,23.3684,0.1711
33160.0,3.8761,49.8725,1.0294,108.6762,23.2236,0.1064
33165.0,3.8728,50.0471,1.0337,109.1017,23.503,0.0
33170.0,3.8707,48.9547,1.0486,108.9015,23.5482,0.0
33175.0,3.87,49.7924,1.0343,109.1829,23.1475,0.0
33180.0,3.8707,49.4441,1.0425,109.7791,23.6783,0.0
33185.0,3.8728,49.6569,1.0474,108.6594,23.0221,0.0
33190.0,3.8761,49.6407,1.0531,110.1897,23.3506,0.0
33195.0,3.8803,50.1528,1.0582,111.4003,23.4696,0.0
33200.0,3.885,50.1666,1.0367,109.6104,23.4185,0.0
33205.0,3.8896,50.1935,1.0411,110.2289,23.4798,0.0309
33210.0,3.8938,49.8702,1.0303,109.9987,24.1277,0.0588
33215.0,3.8971,50.4212,1.0533,111.1608,23.4775,0.0809
33220.0,3.8992,50.3141,1.0436,111.0832,24.3188,0.0951
33225.0,3.9,50.023,1.0412,110.8234,23.8222,0.1
33230.0,3.8992,50.1349,1.0425,110.0291,23.7255,0.0951
33235.0,3.8971,50.3228,1.0074,108.4543,23.7973,0.0809
33240.0,3.8938,50.2531,1.055,110.2897,24.2745,0.0588
33245.0,3.8896,49.8438,1.0331,108.7464,23.3487,0.0309
33250.0,3.885,49.748,1.0521,110.6638,23.2676,0.0
33255.0,3.8803,50.1248,1.0523,110.3764,23.3095,0.0
33260.0,3.8761,50.0354,1.0338,108.9205,23.4613,0.0
33265.0,3.8728,49.52,1.0114,108.1638,22.9855,0.0
33270.0,3.8707,50.2853,1.0478,111.3551,23.3981,0.0
33275.0,3.87,49.8396,1.0459,110.8928,23.8054,0.0
33280.0,3.8707,49.6537,1.0477,109.3956,23.424,0.0
33285.0,3.8728,49.4594,1.0272,109.1764,23.3311,0.0
33290.0,3.8761,50.2858,1.0295,109.8973,23.2797,0.0
33295.0,3.8803,50.0059,1.0473,110.0033,23.6975,0.0
33300.0,3.885,49.7938,1.0319,109.2633,23.3095,0.0
33305.0,3.8896,50.3242,1.0383,110.4567,24.0207,0.0309
33310.0,3.8938,49.9553,1.0233,108.9843,24.081,0.0588
33315.0,3.8971,50.5974,1.0545,109.94,23.6918,0.0809
33320.0,3.8992,50.7462,1.0391,110.1513,23.6427,0.0951
33325.0,3.9,49.9993,1.0558,109.3117,23.9073,0.1
33330.0,3.8992,50.663,1.0589,112.7516,23.9127,0.0951
33335.0,3.8971,50.3723,1.0477,109.9452,23.413,0.0809
33340.0,3.8938,49.876,1.0471,110.6131,23.4463,0.0588
33345.0,3.8896,50.0733,1.0635,110.7517,23.2023,0.0309
33350.0,3.885,50.0778,1.0439,109.8543,23.5855,0.0
33355.0,3.8803,49.5681,1.046,109.9997,23.6002,0.0
33360.0,3.8761,49.1409,1.0153,109.3946,23.0509,0.0
33365.0,3.8728,48.9804,1.0262,108.8619,23.2381,0.0
33370.0,3.8707,50.5657,1.0279,109.162,22.9905,0.0
33375.0,3.87,50.1593,1.0603,110.5259,23.092,0.0
33380.0,3.8707,49.7221,1.0134,107.9025,23.4584,0.0
33385.0,3.8728,49.9232,1.0288,108.157,23.1553,0.0
33390.0,3.8761,49.7079,1.0328,109.773,23.2933,0.0
33395.0,3.8803,50.0337,1.0559,110.1937,23.0002,0.0
33400.0,3.885,50.2503,1.0447,110.0182,23.4969,0.0
33405.0,3.8896,50.1822,1.0556,110.5247,23.4821,0.0309
33410.0,3.8938,50.3204,1.0427,111.0215,23.3495,0.0588
33415.0,3.8971,50.5862,1.0578,110.3437,23.5143,0.0809
33420.0,3.8992,49.4706,1.0476,110.2227,23.6247,0.0951
33425.0,3.9,50.0554,1.0615,111.5401,23.38,0.1
33430.0,3.8992,50.4451,1.0497,111.4205,23.204,0.0951
33435.0,3.8971,50.1247,1.0487,110.3775,23.9999,0.0809
33440.0,3.8938,50.1074,1.0402,110.133,23.3538,0.0588
33445.0,3.8896,49.8317,1.0288,109.5892,23.4429,0.0309
33450.0,3.885,49.9171,1.0387,110.5122,23.6702,0.0
33455.0,3.8803,50.4231,1.0121,108.7713,24.2502,0.0
33460.0,3.8761,49.9052,1.0487,109.2588,23.0118,0.0
33465.0,3.8728,50.0641,1.0602,111.2223,23.399,0.0
33470.0,3.8707,49.8301,1.051,109.8676,23.0852,0.0
33475.0,3.87,49.7599,1.0389,110.0872,23.1169,0.0
33480.0,3.8707,50.0364,1.0122,108.1332,23.0758,0.0
33485.0,3.8728,49.9134,1.0458,110.4625,22.9926,0.0
33490.0,3.8761,49.4367,1.0549,111.5723,23.2938,0.0
33495.0,3.8803,50.4425,1.0413,109.7284,22.9742,0.0
33500.0,3.885,49.8478,1.0417,110.1075,23.6228,0.0
33505.0,3.8896,50.3873,1.0356,110.0226,23.4432,0.0309
33510.0,3.8938,50.434,1.0461,109.26,23.5738,0.0588
33515.0,3.8971,50.9172,1.0498,111.7232,23.3819,0.0809
33520.0,3.8992,50.1831,1.0272,109.9659,23.4249,0.0951
33525.0,3.9,50.4335,1.0535,110.4362,23.593,0.1
33530.0,3.8992,50.1973,1.0495,110.9545,23.2199,0.0951
33535.0,3.8971,50.0707,1.0457,110.8729,23.3972,0.0809
33540.0,3.8938,50.3666,1.0331,110.8571,23.2357,0.0588
33545.0,3.8896,50.5087,1.0276,109.2556,23.1833,0.0309
33550.0,3.8849,49.7044,1.019,109.2807,22.8293,0.0
33555.0,3.8803,49.7201,1.0102,109.2716,23.6425,0.0
33560.0,3.8761,50.0947,1.0249,109.0391,23.0914,0.0
33565.0,3.8728,49.6503,1.0361,109.4787,23.518,0.0
33570.0,3.8707,49.8501,1.0126,109.3526,23.4703,0.0
33575.0,3.87,50.0154,1.024,109.3638,22.8716,0.0
33580.0,3.8707,50.1537,1.0414,110.1022,22.9257,0.0
33585.0,3.8728,49.8577,1.0529,109.7613,23.8566,0.0
33590.0,3.8762,49.7047,1.0352,108.025,23.6849,0.0
33595.0,3.8803,50.2204,1.028,109.9829,23.2785,0.0
33600.0,3.885,49.8461,1.0437,110.2962,23.3946,0.0
33605.0,3.8896,50.3355,1.0446,109.6215,23.2164,0.0309
33610.0,3.8938,49.6907,1.0524,112.2766,23.5216,0.0588
33615.0,3.8971,49.8426,1.0543,110.8678,23.265,0.0809
33620.0,3.8992,50.325,1.0603,110.9096,22.9552,0.0951
33625.0,3.9,50.5151,1.0714,110.9179,23.1379,0.1
33630.0,3.8992,50.2272,1.0465,110.452,23.464,0.0951
33635.0,3.8971,49.7168,1.056,111.513,23.1524,0.0809
33640.0,3.8938,50.1075,1.0401,109.7021,23.383,0.0588
33645.0,3.8896,50.0122,1.0544,111.0182,23.0872,0.0309
33650.0,3.885,50.1044,1.0334,109.9327,23.1118,0.0
33655.0,3.8803,50.2192,1.0202,109.6111,23.4723,0.0
33660.0,3.8761,50.3476,1.031,109.9736,23.277,0.0
33665.0,3.8728,49.9688,1.0409,109.1885,23.1776,0.0
33670.0,3.8707,49.6286,1.0205,108.4893,23.3765,0.0
33675.0,3.87,50.0355,1.0348,109.5641,23.2677,0.0
33680.0,3.8707,49.4313,1.0197,109.1021,23.5147,0.0
33685.0,3.8728,50.2433,1.0346,110.3182,23.0576,0.0
33690.0,3.8761,50.3835,1.0435,109.3089,23.0966,0.0
33695.0,3.8803,49.8037,1.0567,110.9846,22.9189,0.0
33700.0,3.885,50.003,1.043,110.241,23.1816,0.0
33705.0,3.8896,50.2775,1.0512,110.9844,23.5748,0.0309
33710.0,3.8938,50.0653,1.0291,109.4592,23.6989,0.0588
33715.0,3.8971,50.1822,1.0458,109.2747,23.6457,0.0809
33720.0,3.8992,50.9259,1.0525,110.6697,22.977,0.0951
33725.0,3.9,50.2972,1.058,111.1636,23.7023,0.1
33730.0,3.8992,50.2109,1.0367,109.5667,22.9632,0.0951
33735.0,3.8971,49.6364,1.0596,110.8002,23.6248,0.0809
33740.0,3.8938,49.7573,1.0616,110.4564,23.2739,0.0588
33745.0,3.8896,50.199,1.0407,109.2824,23.4985,0.0309
33750.0,3.8849,49.4447,1.0198,108.508,22.9424,0.0
33755.0,3.8803,49.6944,1.042,110.6534,23.5209,0.0
33760.0,3.8761,50.147,1.0567,109.6563,22.819,0.0
33765.0,3.8728,49.4074,1.0692,111.2408,22.9841,0.0
33770.0,3.8707,49.3863,1.0229,108.5347,22.8795,0.0
33775.0,3.8699,49.5801,1.04,109.5938,22.6823,0.0
33780.0,3.8707,49.811,1.0274,108.9623,23.1511,0.0
33785.0,3.8728,49.2605,1.0481,112.4192,23.5997,0.0
33790.0,3.8762,50.2705,1.0401,109.9555,23.8474,0.0
33795.0,3.8803,49.7156,1.0374,109.7123,23.2463,0.0
33800.0,3.885,50.1027,1.021,109.3638,23.547,0.0
33805.0,3.8896,49.2957,1.05,110.6426,23.3718,0.0309
33810.0,3.8938,49.7044,1.0308,110.4819,23.48,0.0588
33815.0,3.8971,50.6954,1.0292,111.1388,23.3026,0.0809
33820.0,3.8992,49.9875,1.0584,111.2406,23.458,0.0951
33825.0,3.9,50.6304,1.0531,111.1225,23.5508,0.1
33830.0,3.8992,50.6453,1.0632,111.141,23.2644,0.0951
33835.0,3.8971,50.1598,1.0338,110.7516,23.3683,0.0809
33840.0,3.8938,50.439,1.0488,110.8843,23.3399,0.0588
33845.0,3.8896,50.1984,1.0219,109.9615,23.5194,0.0309
33850.0,3.885,50.5145,1.0509,110.416,23.0002,0.0
33855.0,3.8803,49.6658,1.0241,109.5595,23.2077,0.0
33860.0,3.8762,50.1902,1.0341,108.5119,23.6571,0.0
33865.0,3.8728,49.8009,1.0231,109.6749,23.4373,0.0
33870.0,3.8707,49.3731,1.0424,108.6857,23.4628,0.0
33875.0,3.87,49.1149,1.0276,109.7752,23.1248,0.0
33880.0,3.8707,49.6314,1.0441,109.297,23.2069,0.0
33885.0,3.8728,50.1797,1.072,111.6608,23.3992,0.0
33890.0,3.8762,50.1722,1.0245,109.6347,23.5726,0.0
33895.0,3.8803,49.9815,1.0507,110.3436,22.7373,0.0
33900.0,3.8849,49.8633,1.044,110.1937,22.9436,0.0
33905.0,3.8896,50.3084,1.0247,108.9001,23.6472,0.0309
33910.0,3.8938,49.6554,1.0433,109.3924,23.2935,0.0588
33915.0,3.8971,49.8767,1.0379,110.9186,23.2291,0.0809
33920.0,3.8992,49.6264,1.0554,109.9908,23.106,0.0951
33925.0,3.9,50.5154,1.047,110.547,23.2895,0.1
33930.0,3.8992,50.1255,1.046,110.7772,23.0717,0.0951
33935.0,3.8971,50.1615,1.0565,110.8051,23.9252,0.0809
33940.0,3.8938,50.1384,1.019,110.6576,23.3651,0.0588
33945.0,3.8896,49.1494,1.0455,110.0533,23.316,0.0309
33950.0,3.885,49.7844,1.0562,109.7768,23.4329,0.0
33955.0,3.8803,50.3141,1.0455,111.3302,23.4819,0.0
33960.0,3.8761,49.4162,1.0459,109.9012,23.4378,0.0
33965.0,3.8728,49.7938,1.0438,109.7728,23.4385,0.0
33970.0,3.8707,50.2734,1.046,110.2484,22.993,0.0
33975.0,3.87,49.8789,1.0264,109.788,23.071,0.0
33980.0,3.8707,49.7878,1.0333,109.1985,23.3473,0.0
33985.0,3.8728,49.7978,1.017,109.4795,23.0467,0.0
33990.0,3.8761,50.0902,1.0194,108.3798,23.2128,0.0
33995.0,3.8803,49.2828,1.0242,110.005,23.358,0.0
34000.0,3.885,50.4112,1.0301,109.2592,23.5035,0.0
34005.0,3.8896,50.0462,1.0429,110.3753,22.9117,0.0309
34010.0,3.8938,50.2301,1.0481,110.5441,23.5793,0.0588
34015.0,3.8971,50.3207,1.0564,110.7139,23.3781,0.0809
34020.0,3.8992,50.5846,1.0437,111.0036,23.6375,0.0951
34025.0,3.9,49.8739,1.0509,111.6079,23.6652,0.1
34030.0,3.8992,50.1708,1.0561,110.9225,23.8686,0.0951
34035.0,3.8971,50.2156,1.0594,111.6391,23.7868,0.0809
34040.0,3.8938,50.0735,1.0527,110.806,23.755,0.0588
34045.0,3.8896,49.6559,1.0429,109.7962,23.7408,0.0309
34050.0,3.885,49.871,1.036,108.8148,23.4097,0.0
34055.0,3.8803,49.807,1.0431,111.6491,23.302,0.0
34060.0,3.8761,50.3713,1.0576,110.4708,23.4738,0.0
34065.0,3.8728,49.9279,1.0534,111.0152,23.4091,0.0
34070.0,3.8707,49.3778,1.0449,110.7871,23.1312,0.0
34075.0,3.87,49.5923,1.0345,108.4821,23.3061,0.0
34080.0,3.8707,49.8124,1.0393,107.903,23.2073,0.0
34085.0,3.8728,50.1101,1.0469,109.4778,23.0279,0.0
34090.0,3.8762,49.8546,1.0284,110.1432,23.6012,0.0
34095.0,3.8803,49.5415,1.0552,109.5047,23.3383,0.0
34100.0,3.885,50.0189,1.0555,110.1595,23.8873,0.0312
34105.0,3.8896,50.4804,1.0457,111.0096,23.0194,0.0521
34110.0,3.8938,50.3031,1.0401,110.2537,23.3328,0.0904
34115.0,3.8971,50.4853,1.0506,110.9364,23.5178,0.1257
34120.0,3.8992,50.8772,1.0332,110.2579,23.8199,0.0992
34125.0,3.9,50.3259,1.0484,111.8574,23.6474,0.1
34130.0,3.8992,50.4206,1.0429,110.2516,23.6225,0.1014
34135.0,3.8971,50.0478,1.0427,109.7628,23.2466,0.1067
34140.0,3.8938,50.0826,1.0422,110.598,23.211,0.1177
34145.0,3.8896,49.4658,1.0513,110.6374,23.544,0.0934
34150.0,3.8849,49.8505,1.038,110.8141,23.0811,0.051
34155.0,3.8803,50.075,1.0557,109.5409,23.248,0.0391
34160.0,3.8761,49.8163,1.0453,109.6309,23.4697,0.026
34165.0,3.8728,49.807,1.0318,108.9364,23.0711,0.0
34170.0,3.8707,49.7874,1.0217,109.8684,23.7022,0.0
34175.0,3.87,49.1502,1.0392,109.1498,23.605,0.0
34180.0,3.8707,49.9166,1.0403,109.2252,22.9192,0.0
34185.0,3.8728,49.5388,1.0369,108.7785,23.106,0.0198
34190.0,3.8761,49.8262,1.0357,108.9851,22.8066,0.0293
34195.0,3.8803,49.2044,1.0417,109.834,23.2301,0.0546
34200.0,3.885,49.9757,1.029,109.0899,23.6697,0.0683
34205.0,3.8896,50.0537,1.0344,110.4053,23.4271,0.1067
34210.0,3.8938,49.915,1.0472,109.209,23.6938,0.124
34215.0,3.8971,50.021,1.0533,112.1964,23.2374,0.1204
34220.0,3.8992,50.4035,1.0403,110.1562,23.8452,0.1334
34225.0,3.9,49.8005,1.0455,110.5751,23.5207,0.1065
34230.0,3.8992,50.897,1.0486,111.7687,23.6617,0.0951
34235.0,3.8971,49.638,1.0457,110.9849,23.6208,0.0809
34240.0,3.8938,49.675,1.0561,110.5761,23.2996,0.0588
34245.0,3.8896,49.9836,1.047,110.1538,23.2942,0.0309
34250.0,3.885,49.7581,1.0305,108.8333,23.785,0.023
34255.0,3.8803,49.8184,1.0505,110.9527,23.6034,0.0
34260.0,3.8762,49.7719,1.0298,109.471,23.7314,0.0
34265.0,3.8728,49.7234,1.0386,110.0279,23.524,0.0
34270.0,3.8707,49.5643,1.0279,109.075,23.4646,0.0
34275.0,3.87,49.4582,1.0251,109.5641,22.9973,0.0
34280.0,3.8707,49.6279,1.0365,109.6068,23.376,0.0
34285.0,3.8728,49.7668,1.0342,109.7626,23.4655,0.0
34290.0,3.8762,50.0662,1.0317,111.4343,24.0014,0.0
34295.0,3.8803,50.0164,1.0476,110.6461,23.7344,0.0
34300.0,3.885,50.7497,1.0382,110.0441,24.0008,0.0102
34305.0,3.8896,49.6163,1.0214,108.7979,23.8203,0.0309
34310.0,3.8938,50.1194,1.0338,109.5492,23.5429,0.0588
34315.0,3.8971,50.0164,1.0529,111.6244,23.7912,0.0809
34320.0,3.8992,50.4321,1.0377,110.506,23.8504,0.1245
34325.0,3.9,50.4382,1.0233,109.7445,23.5721,0.1
34330.0,3.8992,50.1591,1.0568,110.8599,23.7117,0.0951
34335.0,3.8971,50.143,1.0383,109.9354,23.7434,0.0809
34340.0,3.8938,50.2145,1.048,111.2454,24.1715,0.0588
34345.0,3.8896,50.176,1.0372,109.6591,23.2167,0.0518
34350.0,3.885,49.7467,1.0387,108.9136,24.0006,0.0402
34355.0,3.8803,49.9088,1.0208,108.1777,23.4273,0.0
34360.0,3.8761,49.691,1.0436,111.046,23.2854,0.0
34365.0,3.8728,49.7926,1.0414,109.7433,23.8991,0.0
34370.0,3.8707,49.7813,1.0428,110.4236,23.7748,0.0
34375.0,3.87,49.6343,1.0443,110.9405,23.9071,0.0
34380.0,3.8707,49.126,1.0402,109.8087,23.8101,0.0
34385.0,3.8728,49.6203,1.0187,108.4073,24.1554,0.0
34390.0,3.8762,49.5249,1.0281,109.7852,23.8226,0.0
34395.0,3.8803,49.9527,1.0502,109.2123,23.695,0.0
34400.0,3.885,49.94,1.0555,109.6837,23.8756,0.0
34405.0,3.8896,49.9524,1.0343,110.4373,24.1566,0.0616
34410.0,3.8938,50.0585,1.0619,111.2198,23.7023,0.1197
34415.0,3.8971,50.2943,1.0562,110.3677,23.7771,0.1575
34420.0,3.8992,50.0258,1.0601,110.0936,23.8939,0.1736
34425.0,3.9,50.4132,1.0378,109.8487,23.4621,0.1474
34430.0,3.8992,50.4788,1.0405,109.504,24.0254,0.1251
34435.0,3.8971,50.0235,1.0417,110.4638,23.508,0.1269
34440.0,3.8938,49.7085,1.0185,109.1222,23.9697,0.0658
34445.0,3.8896,49.7993,1.0255,109.0762,24.1411,0.0309
34450.0,3.885,50.1437,1.0283,109.5165,23.7694,0.0
34455.0,3.8803,49.491,1.025,109.8994,24.2719,0.0
34460.0,3.8761,49.6097,1.0376,110.8132,23.456,0.0
34465.0,3.8728,49.3904,1.0305,110.2794,24.0962,0.0
34470.0,3.8707,49.9728,1.0322,109.1298,23.9564,0.0
34475.0,3.87,49.9631,1.0303,108.443,23.3619,0.0
34480.0,3.8707,49.8769,1.0059,107.8165,24.4866,0.0
34485.0,3.8728,49.7882,1.0173,108.0044,23.825,0.0
34490.0,3.8762,50.1435,1.032,109.3696,23.6656,0.0
34495.0,3.8803,50.1541,1.0675,111.4461,23.5859,0.0
34500.0,3.885,50.0505,1.0132,108.8098,23.9399,0.0631
34505.0,3.8896,49.8969,1.0561,110.5143,24.0205,0.1086
34510.0,3.8938,49.8928,1.052,110.7215,24.1309,0.1226
34515.0,3.8971,50.195,1.0471,110.0839,24.0751,0.1572
34520.0,3.8992,50.3482,1.0559,110.5387,24.3404,0.143
34525.0,3.9,49.9961,1.0468,110.3229,24.1039,0.1177
34530.0,3.8992,50.0515,1.0729,112.0325,23.721,0.0951
34535.0,3.8971,50.2952,1.0355,109.5819,24.1576,0.0894
34540.0,3.8938,50.0478,1.0207,109.2219,23.5814,0.0942
34545.0,3.8896,50.2237,1.0404,110.0454,24.2314,0.0309
34550.0,3.885,50.0684,1.0557,110.9706,23.8634,0.0
34555.0,3.8803,50.2799,1.0238,109.54,24.1144,0.0
34560.0,3.8762,49.4263,1.0314,109.0898,24.3721,0.0
34565.0,3.8728,50.3751,1.0349,109.6773,23.785,0.0
34570.0,3.8707,49.6212,1.0315,110.3833,24.2781,0.0
34575.0,3.87,49.3016,1.0378,109.9623,23.909,0.0
34580.0,3.8707,50.5573,1.0422,110.1574,24.475,0.0
34585.0,3.8728,50.1323,1.0248,107.5923,23.9788,0.0
34590.0,3.8762,49.2355,1.0276,109.9645,23.9053,0.0
34595.0,3.8803,50.1265,1.041,110.1789,24.3412,0.0
34600.0,3.885,49.7059,1.044,109.613,24.119,0.0
34605.0,3.8896,50.0388,1.039,110.4916,24.0763,0.0309
34610.0,3.8938,49.6151,1.0522,111.0055,24.2213,0.0588
34615.0,3.8971,50.0351,1.0352,111.666,24.3752,0.081
34620.0,3.8992,49.6456,1.0519,110.9368,24.7557,0.0951
34625.0,3.9,50.3484,1.0502,110.2638,23.9565,0.1
34630.0,3.8992,49.8866,1.0652,110.4848,24.451,0.1096
34635.0,3.8971,50.1752,1.031,110.1714,24.5928,0.0926
34640.0,3.8938,50.516,1.0568,109.6411,24.4644,0.0588
34645.0,3.8896,49.9418,1.0396,110.4757,24.7144,0.0309
34650.0,3.885,50.303,1.0337,109.5253,24.3348,0.0
34655.0,3.8803,50.0082,1.0283,109.8976,24.2737,0.0
34660.0,3.8762,49.9889,1.0524,110.6176,24.439,0.0
34665.0,3.8728,49.3337,1.0251,109.3232,24.2955,0.0
34670.0,3.8707,49.6754,1.0283,110.1144,24.1647,0.0
34675.0,3.87,49.8324,1.0381,108.4374,24.397,0.0
34680.0,3.8707,50.3261,1.045,109.514,24.1252,0.0
34685.0,3.8728,49.9538,1.0219,109.9617,24.17,0.0
34690.0,3.8762,49.7589,1.0537,109.5294,24.2371,0.0
34695.0,3.8803,49.9907,1.0363,110.4512,24.7624,0.0
34700.0,3.885,50.3192,1.0449,109.6293,23.6784,0.0105
34705.0,3.8896,49.7408,1.0384,109.5977,24.6422,0.0401
34710.0,3.8938,50.2058,1.0552,111.2977,24.607,0.0601
34715.0,3.8971,50.2295,1.0428,110.4305,24.2248,0.0809
34720.0,3.8992,50.4073,1.0593,111.1916,24.7571,0.0951
34725.0,3.9,50.3629,1.0508,111.2018,24.8194,0.1
34730.0,3.8992,50.4726,1.0629,111.7009,24.854,0.0951
34735.0,3.8971,50.5572,1.0455,110.7454,24.0358,0.0809
34740.0,3.8938,50.0058,1.0412,109.4251,25.0207,0.0588
34745.0,3.8896,50.5142,1.0506,110.1837,24.4664,0.0699
34750.0,3.885,50.0208,1.0437,109.6331,24.7898,0.0756
34755.0,3.8803,49.5554,1.0522,109.6446,24.7707,0.037
34760.0,3.8762,50.3262,1.0332,109.9289,24.3381,0.0
34765.0,3.8728,49.6095,1.0182,111.0304,24.7029,0.0
34770.0,3.8707,49.4196,1.0203,108.3145,24.4338,0.0
34775.0,3.87,49.5034,1.0321,110.0,24.0188,0.0
34780.0,3.8707,49.2315,1.0591,109.6747,24.8497,0.0
34785.0,3.8728,49.7364,1.0417,110.6543,24.3991,0.0
34790.0,3.8762,49.9039,1.0345,110.1628,24.4262,0.0072
34795.0,3.8803,49.9822,1.0276,109.8651,24.5948,0.0101
34800.0,3.885,49.7324,1.0112,109.0278,24.8238,0.0233
34805.0,3.8896,50.1874,1.0491,112.0065,24.8017,0.0309
34810.0,3.8938,49.829,1.0621,110.6176,25.0088,0.0862
34815.0,3.8971,50.4458,1.0609,111.3873,24.584,0.089
34820.0,3.8992,50.2782,1.0394,110.393,24.7686,0.1108
34825.0,3.9,50.2611,1.0479,110.1583,24.9465,0.1472
34830.0,3.8993,49.9947,1.0545,111.591,25.4566,0.1444
34835.0,3.8971,49.9095,1.056,110.6205,24.9464,0.1132
34840.0,3.8938,50.0159,1.0498,110.7214,25.2271,0.0711
34845.0,3.8896,50.1658,1.049,110.074,24.9376,0.0309
34850.0,3.885,50.0675,1.0489,110.6384,24.7748,0.0
34855.0,3.8803,50.1424,1.0227,108.5688,24.8018,0.0
34860.0,3.8762,49.8653,1.0512,109.8446,24.7936,0.0
34865.0,3.8729,49.8123,1.0386,110.0268,24.9676,0.0
34870.0,3.8707,49.7331,1.0232,108.1363,25.1531,0.0
34875.0,3.87,49.317,1.0569,109.4042,24.9062,0.0
34880.0,3.8707,49.7633,1.0277,109.3546,25.1345,0.0
34885.0,3.8728,49.4873,1.0486,109.3474,24.632,0.0
34890.0,3.8762,50.4776,1.0209,109.6563,24.8168,0.0
34895.0,3.8803,49.2221,1.0357,109.7216,24.7954,0.008
34900.0,3.885,50.3431,1.0365,108.4816,25.1156,0.018
34905.0,3.8896,49.6505,1.0301,109.0397,25.0078,0.0309
34910.0,3.8938,49.9039,1.0518,110.2751,25.3359,0.0588
34915.0,3.8971,50.0796,1.059,111.9349,24.9681,0.0809
34920.0,3.8993,50.3755,1.0332,110.7617,25.2471,0.0951
34925.0,3.9,50.1306,1.0174,109.4714,25.4295,0.1267
34930.0,3.8992,50.4891,1.0388,110.9421,24.7483,0.0951
34935.0,3.8971,50.2578,1.0368,109.4639,25.7879,0.1066
34940.0,3.8938,49.6647,1.0439,110.3247,25.1677,0.0588
34945.0,3.8896,49.9359,1.0473,110.578,24.7045,0.0692
34950.0,3.885,49.9706,1.0364,109.9466,25.2181,0.0359
34955.0,3.8804,50.143,1.0349,108.8705,25.1548,0.0245
34960.0,3.8762,50.0691,1.0343,109.7072,25.0982,0.0
34965.0,3.8729,49.5146,1.02,106.859,25.3475,0.0
34970.0,3.8707,49.7729,1.0123,108.6893,25.2793,0.0
34975.0,3.87,49.4614,1.0269,109.2305,25.1737,0.0
34980.0,3.8707,49.9442,1.0345,109.1366,25.2332,0.0
34985.0,3.8729,49.5675,1.0483,110.6205,25.13,0.0
34990.0,3.8762,49.63,1.0298,109.1931,25.6472,0.0
34995.0,3.8803,49.9105,1.0381,109.7801,24.8894,0.0011
35000.0,3.885,50.5905,1.0286,109.5099,25.3545,0.0006
35005.0,3.8896,50.0677,1.0296,109.209,25.3962,0.0309
35010.0,3.8938,50.2995,1.0255,108.7859,25.6391,0.0588
35015.0,3.8971,50.1872,1.0583,111.4917,25.272,0.0809
35020.0,3.8993,50.0557,1.0632,110.9202,25.0823,0.0951
35025.0,3.9,50.2832,1.0361,109.0908,25.5787,0.1
35030.0,3.8993,50.5117,1.0332,109.6476,25.6164,0.1369
35035.0,3.8971,49.6375,1.0493,109.8081,25.9111,0.1146
35040.0,3.8938,50.4958,1.0314,109.4109,25.2018,0.06
35045.0,3.8896,50.0078,1.0677,110.3421,25.7801,0.0309
35050.0,3.885,50.3179,1.0447,110.0993,26.0507,0.0
35055.0,3.8804,49.7868,1.04,109.7556,25.3319,0.0
35060.0,3.8762,50.5089,1.0211,108.3797,25.0756,0.0
35065.0,3.8729,49.6981,1.0388,109.8837,25.2771,0.0
35070.0,3.8707,49.5727,1.0496,108.7114,25.3748,0.0
35075.0,3.87,49.7406,1.0434,109.5818,25.5186,0.0
35080.0,3.8707,49.768,1.0271,109.0366,25.2508,0.0
35085.0,3.8729,49.6807,1.0465,108.6447,25.8223,0.0
35090.0,3.8762,49.6985,1.0346,109.7231,25.2017,0.0
35095.0,3.8804,49.7394,1.0489,110.3669,25.1009,0.0
35100.0,3.885,49.9299,1.0431,108.161,25.8722,0.0092
35105.0,3.8896,49.7987,1.0494,109.4764,25.0867,0.035
35110.0,3.8938,50.332,1.0543,111.2299,25.6596,0.101
35115.0,3.8971,50.0002,1.0618,111.154,26.5366,0.1047
35120.0,3.8993,49.8183,1.0468,110.6213,25.7889,0.1267
35125.0,3.9,50.0024,1.0706,111.2568,25.5324,0.1247
35130.0,3.8993,50.4813,1.0441,109.7563,25.8042,0.1465
35135.0,3.8971,50.0945,1.0418,110.193,25.7977,0.1149
35140.0,3.8938,50.327,1.0475,110.3365,25.8306,0.0728
35145.0,3.8896,50.0895,1.0398,109.9828,25.9274,0.0494
35150.0,3.885,49.8549,1.0283,110.3798,25.4688,0.0
35155.0,3.8804,50.1484,1.0471,109.7669,26.1172,0.0
35160.0,3.8762,49.7623,1.0541,109.6332,25.7277,0.0
35165.0,3.8729,49.6019,1.0459,110.3909,25.8279,0.0
35170.0,3.8707,49.9141,1.0477,110.1277,25.4808,0.0
35175.0,3.87,50.0756,1.0302,109.08,25.965,0.0
35180.0,3.8707,49.3307,1.0431,109.2664,25.5993,0.0
35185.0,3.8729,49.5627,1.0373,109.205,25.767,0.0
35190.0,3.8762,49.7327,1.011,109.795,25.5102,0.0
35195.0,3.8804,49.8414,1.0389,108.7123,25.5488,0.0
35200.0,3.885,50.0194,1.0429,109.8748,26.029,0.0056
35205.0,3.8896,50.6386,1.0782,111.1237,25.805,0.0448
35210.0,3.8938,50.1833,1.0481,110.5452,25.7567,0.0704
35215.0,3.8971,50.393,1.0605,111.4755,25.855,0.089
35220.0,3.8993,50.4759,1.0537,110.8769,26.2242,0.1021
35225.0,3.9,49.9769,1.0618,111.7479,25.9119,0.1
35230.0,3.8993,50.9016,1.0398,109.4638,26.0446,0.0951
35235.0,3.8971,50.2445,1.0404,110.1436,26.0687,0.0809
35240.0,3.8938,50.6272,1.0554,110.682,25.5646,0.0588
35245.0,3.8896,50.5533,1.0369,110.638,25.6464,0.0446
35250.0,3.885,49.5059,1.0352,109.1531,26.0639,0.0
35255.0,3.8804,49.9352,1.0461,109.9578,25.7612,0.0
35260.0,3.8762,49.4391,1.0211,110.3029,26.1797,0.0
35265.0,3.8729,49.8964,1.0475,109.462,26.1358,0.0
35270.0,3.8707,50.0879,1.0333,108.8377,26.0643,0.0
35275.0,3.87,49.9017,1.0515,110.1814,26.3438,0.0
35280.0,3.8707,49.2757,1.0428,109.6274,25.8871,0.0
35285.0,3.8729,49.3985,1.0414,109.5553,26.1029,0.0
35290.0,3.8762,49.9258,1.0325,109.8878,25.8393,0.0
35295.0,3.8804,49.8655,1.0263,109.7773,26.6517,0.0
35300.0,3.885,50.2018,1.0687,109.8265,26.5922,0.0248
35305.0,3.8896,49.8975,1.0323,109.2907,26.1568,0.0309
35310.0,3.8938,49.6761,1.0553,110.0165,26.3035,0.0588
35315.0,3.8971,50.0784,1.0459,109.6715,26.591,0.0809
35320.0,3.8993,50.206,1.041,110.9965,26.2467,0.0951
35325.0,3.9,50.3439,1.0477,111.47,26.1377,0.1
35330.0,3.8993,49.6559,1.0469,109.3781,26.5238,0.0954
35335.0,3.8971,50.5462,1.0447,111.1278,26.3145,0.0809
35340.0,3.8938,50.0477,1.0612,110.6029,26.3181,0.06
35345.0,3.8896,49.9533,1.0562,111.5376,26.0327,0.039
35350.0,3.885,49.9392,1.0523,109.2208,25.776,0.0
35355.0,3.8804,50.4031,1.0424,109.3772,26.2286,0.0
35360.0,3.8762,49.8772,1.0425,109.5795,26.3644,0.0
35365.0,3.8729,50.0799,1.0373,109.5352,26.0589,0.0
35370.0,3.8707,49.4671,1.0246,109.936,26.4634,0.0
35375.0,3.87,49.7169,1.0445,108.9765,25.9311,0.0
35380.0,3.8707,49.4496,1.0126,108.9706,25.8608,0.0
35385.0,3.8729,49.6524,1.0374,109.1563,26.139,0.0
35390.0,3.8762,49.9863,1.0283,109.8516,26.1782,0.0
35395.0,3.8804,50.1167,1.0463,110.357,26.443,0.0
35400.0,3.885,50.5688,1.0269,109.8015,26.1129,0.0
35405.0,3.8896,49.6073,1.0454,110.2262,26.7046,0.0309
35410.0,3.8938,50.2618,1.0619,111.5099,26.9057,0.0588
35415.0,3.8971,49.9935,1.0621,110.5599,26.4469,0.0809
35420.0,3.8993,50.1394,1.0587,110.0215,26.7998,0.0951
35425.0,3.9,50.1927,1.0387,109.1426,26.2399,0.1
35430.0,3.8993,50.4433,1.0453,110.9102,26.7746,0.0951
35435.0,3.8971,50.3752,1.0395,109.0973,26.7555,0.0809
35440.0,3.8938,50.3869,1.0852,111.3327,26.6853,0.0588
35445.0,3.8896,49.7998,1.0428,109.5869,26.4327,0.0309
35450.0,3.885,50.4045,1.0256,110.1293,25.6605,0.0
35455.0,3.8804,49.755,1.0381,108.3033,26.201,0.0
35460.0,3.8762,50.2258,1.0527,109.6583,26.1718,0.0
35465.0,3.8729,50.0051,1.0319,109.9365,26.0591,0.0
35470.0,3.8707,49.6167,1.0277,109.9827,26.3214,0.0
35475.0,3.87,49.6747,1.0279,108.5959,26.1871,0.0
35480.0,3.8707,50.275,1.0395,111.4738,26.1013,0.0
35485.0,3.8729,49.8554,1.0309,108.2192,26.0722,0.0
35490.0,3.8762,49.3077,1.0325,108.1333,26.1993,0.0
35495.0,3.8804,49.829,1.0287,109.035,26.7083,0.0
35500.0,3.885,50.0441,1.0441,109.171,26.3169,0.0
35505.0,3.8896,50.118,1.0458,110.4929,26.4076,0.0309
35510.0,3.8938,50.3583,1.0421,110.0418,26.4716,0.0588
35515.0,3.8971,50.009,1.0503,111.5611,26.7113,0.0809
35520.0,3.8993,51.0911,1.0401,110.6433,26.7694,0.0951
35525.0,3.9,50.5545,1.0337,110.5309,25.9089,0.1
35530.0,3.8993,49.8221,1.0103,107.8313,26.9254,0.0951
35535.0,3.8971,50.2404,1.0475,109.3069,27.015,0.0809
35540.0,3.8938,50.3193,1.032,110.5246,26.3672,0.0588
35545.0,3.8896,50.7633,1.0521,110.1386,26.3518,0.0309
35550.0,3.885,49.6232,1.0371,109.7536,26.4429,0.0
35555.0,3.8804,50.5372,1.0569,109.8278,26.3268,0.0
35560.0,3.8762,49.9505,1.0595,110.364,26.5367,0.0
35565.0,3.8729,49.7286,1.0365,111.0818,25.9674,0.0
35570.0,3.8707,49.8121,1.0507,109.3624,26.1597,0.0
35575.0,3.87,49.5238,1.0407,110.3506,26.823,0.0
35580.0,3.8707,49.6826,0.9951,108.9928,26.2197,0.0
35585.0,3.8729,50.0122,1.027,108.1095,26.7901,0.0
35590.0,3.8762,49.4516,1.0305,109.5045,26.6073,0.0
35595.0,3.8804,50.1324,1.0309,109.85,26.1139,0.0
35600.0,3.885,49.7593,1.0683,110.4931,26.7772,0.0
35605.0,3.8896,49.6215,1.0376,109.8446,26.641,0.0309
35610.0,3.8938,50.1996,1.0686,111.6272,26.604,0.0588
35615.0,3.8971,50.4633,1.0588,110.8092,26.8177,0.0809
35620.0,3.8993,50.7289,1.0234,108.8185,26.9019,0.0951
35625.0,3.9,50.2211,1.0356,110.7248,26.9727,0.1
35630.0,3.8993,51.0182,1.0476,110.0744,27.0882,0.0951
35635.0,3.8971,49.8864,1.0406,110.9376,26.8794,0.0809
35640.0,3.8938,49.5658,1.0721,112.0711,26.4053,0.0588
35645.0,3.8896,49.6777,1.0518,110.5538,26.5938,0.0309
35650.0,3.885,49.735,1.0506,109.7405,27.4063,0.0
35655.0,3.8804,50.2865,1.048,110.9568,26.81,0.0
35660.0,3.8762,49.4254,1.039,109.6401,27.1839,0.0
35665.0,3.8729,50.3949,1.0425,110.8672,26.9116,0.0
35670.0,3.8707,49.2515,1.0452,108.8709,26.6062,0.0
35675.0,3.87,49.7563,1.0403,110.0306,26.618,0.0
35680.0,3.8707,50.329,1.035,110.4504,26.5449,0.0
35685.0,3.8729,49.6582,1.0224,108.4526,26.1448,0.0
35690.0,3.8762,50.2602,1.0589,110.0874,26.6209,0.0
35695.0,3.8804,50.166,1.0287,109.1281,26.9646,0.0
35700.0,3.885,49.7899,1.0377,110.2365,26.562,0.0
35705.0,3.8896,49.8401,1.0361,109.5816,26.8647,0.0309
35710.0,3.8938,49.9907,1.0557,111.5175,27.0199,0.0588
35715.0,3.8971,50.2798,1.0595,110.4843,26.616,0.0809
35720.0,3.8993,50.0733,1.0279,109.8893,26.7551,0.0951
35725.0,3.9,50.4737,1.0476,110.1665,26.6239,0.1
35730.0,3.8993,50.0281,1.0653,110.9445,26.6685,0.0951
35735.0,3.8971,50.3016,1.0498,110.488,26.5336,0.0809
35740.0,3.8938,50.5457,1.0513,110.2004,26.6,0.0588
35745.0,3.8896,50.3032,1.0583,110.6319,27.1408,0.0309
35750.0,3.885,49.9776,1.0338,109.4008,26.5132,0.0
35755.0,3.8804,49.7664,1.0341,109.2397,26.7297,0.0
35760.0,3.8762,49.8883,1.0306,109.6353,26.5329,0.0
35765.0,3.8729,49.8317,1.0426,108.184,26.9223,0.0
35770.0,3.8707,49.2243,1.0248,108.1515,26.9362,0.0
35775.0,3.87,50.2912,1.0432,109.6892,26.819,0.0
35780.0,3.8707,49.3677,1.0413,109.3421,26.6887,0.0
35785.0,3.8729,49.5925,1.063,110.7576,26.5775,0.0
35790.0,3.8762,50.1698,1.0581,111.1515,26.3721,0.0
35795.0,3.8804,50.2448,1.0313,110.6367,27.1993,0.0
35800.0,3.885,49.8528,1.0536,109.04,26.5712,0.0
35805.0,3.8896,49.1827,1.039,109.8074,26.9747,0.0309
35810.0,3.8938,49.6968,1.0379,110.5531,27.1167,0.0588
35815.0,3.8971,50.3933,1.0503,110.7002,26.7472,0.0809
35820.0,3.8993,50.3589,1.0278,109.7246,27.1678,0.0951
35825.0,3.9,50.5807,1.0488,110.4801,27.1075,0.1
35830.0,3.8993,50.3659,1.0478,109.3967,27.3419,0.0951
35835.0,3.8971,50.4197,1.0544,110.4388,26.7719,0.0809
35840.0,3.8938,50.4387,1.0522,109.7595,26.5351,0.0588
35845.0,3.8896,49.904,1.0449,112.2643,26.6887,0.0309
35850.0,3.885,49.8015,1.0213,108.8385,26.8213,0.0
35855.0,3.8804,49.8221,1.0455,110.0709,26.7374,0.0
35860.0,3.8762,49.6767,1.0288,110.6571,26.5828,0.0
35865.0,3.8729,49.5881,1.0295,109.8066,26.1706,0.0
35870.0,3.8707,49.7757,1.0245,108.6872,26.7441,0.0
35875.0,3.87,49.4393,1.0505,109.9465,27.112,0.0
35880.0,3.8707,49.8293,1.0411,110.8755,26.7419,0.0
35885.0,3.8729,49.6758,1.0296,109.921,26.799,0.0
35890.0,3.8762,49.651,1.0313,108.694,26.8224,0.0
35895.0,3.8804,49.7738,1.0253,108.8858,26.8197,0.0
35900.0,3.885,49.9263,1.0368,109.0237,26.9989,0.0
35905.0,3.8896,50.2898,1.0313,110.3824,26.9103,0.0309
35910.0,3.8938,50.0707,1.0502,109.5951,26.7741,0.0588
35915.0,3.8971,49.6978,1.0572,111.7,26.6854,0.0809
35920.0,3.8993,50.5324,1.0528,110.3722,26.8422,0.0951
35925.0,3.9,50.0847,1.0505,110.425,26.989,0.1
35930.0,3.8993,49.8607,1.043,109.7192,26.8227,0.0951
35935.0,3.8971,50.5361,1.0527,111.3299,26.9574,0.0809
35940.0,3.8938,50.1072,1.0337,109.1015,26.9538,0.0588
35945.0,3.8896,49.7801,1.0708,111.0672,27.0088,0.0309
35950.0,3.885,49.9313,1.0235,110.3284,27.073,0.0
35955.0,3.8804,49.6276,1.0452,109.9822,26.7235,0.0
35960.0,3.8762,49.7396,1.0414,109.5968,26.3332,0.0
35965.0,3.8729,50.2609,1.0349,108.638,26.5385,0.0
35970.0,3.8707,49.7456,1.0473,109.4776,26.6122,0.0
35975.0,3.87,49.4179,1.0316,109.8486,26.1326,0.0
35980.0,3.8707,49.3801,1.0393,109.7299,26.9435,0.0
35985.0,3.8729,49.68,1.0461,109.7512,26.6507,0.0
35990.0,3.8762,49.9911,1.029,109.0551,26.741,0.0
35995.0,3.8804,49.3772,1.0441,110.2032,27.0261,0.0
36000.0,3.885,50.5056,1.0589,110.7109,26.5706,0.0
36005.0,3.8896,49.7807,1.0662,111.615,26.9151,0.0309
36010.0,3.8938,50.5067,1.047,110.6932,26.7828,0.0588
36015.0,3.8971,50.628,1.0415,110.2403,26.7943,0.0809
36020.0,3.8993,50.3236,1.0579,110.6443,26.6653,0.0951
36025.0,3.9,49.835,1.0634,111.4911,27.2787,0.1
36030.0,3.8993,50.0344,1.0578,110.6123,26.7577,0.0951
36035.0,3.8971,50.593,1.0523,109.9542,27.0016,0.0809
36040.0,3.8938,49.8513,1.0591,111.445,26.3211,0.0588
36045.0,3.8896,49.7842,1.0522,109.2792,27.0393,0.0309
36050.0,3.885,49.8561,1.0369,108.2101,26.9572,0.0
36055.0,3.8804,49.3362,1.048,110.364,26.6682,0.0
36060.0,3.8762,49.8488,1.0457,109.679,26.5412,0.0
36065.0,3.8729,49.556,1.0462,111.1404,26.6607,0.0
36070.0,3.8707,49.711,1.0326,109.2558,27.1074,0.0
36075.0,3.87,49.5435,1.0363,109.6296,26.0827,0.0
36080.0,3.8707,49.8639,1.0386,109.2088,26.722,0.0
36085.0,3.8729,50.0294,1.0277,109.132,26.3154,0.0
36090.0,3.8762,49.6986,1.049,110.6101,26.5669,0.0
36095.0,3.8804,50.3987,1.0499,111.281,26.5471,0.0
36100.0,3.885,49.4865,1.038,109.8876,26.5436,0.0
36105.0,3.8896,49.8874,1.0434,111.9376,26.6895,0.0309
36110.0,3.8938,49.6149,1.0521,111.7443,26.4455,0.0588
36115.0,3.8971,50.0229,1.0582,111.1713,27.0145,0.0809
36120.0,3.8993,49.636,1.058,111.6695,26.3249,0.0951
36125.0,3.9,49.9082,1.0518,111.5003,26.9105,0.1
36130.0,3.8993,49.956,1.0866,111.173,26.6813,0.0951
36135.0,3.8971,50.1191,1.0556,111.2253,26.4436,0.0809
36140.0,3.8938,50.3323,1.0445,109.3455,26.7483,0.0588
36145.0,3.8896,49.8393,1.0422,109.1607,26.2611,0.0309
36150.0,3.885,49.8424,1.0442,110.9114,26.6083,0.0
36155.0,3.8804,50.3052,1.0435,109.9114,26.1906,0.0
36160.0,3.8762,49.9621,1.0462,108.4911,26.6141,0.0
36165.0,3.8729,50.0848,1.0453,109.6245,26.2286,0.0
36170.0,3.8707,49.5927,1.0139,109.018,26.3197,0.0
36175.0,3.87,50.2168,1.0366,109.264,26.4926,0.0
36180.0,3.8707,49.9497,1.0481,110.3168,26.2273,0.0
36185.0,3.8729,49.4601,1.0354,109.9814,26.4211,0.0
36190.0,3.8762,50.1585,1.0404,109.8249,26.084,0.0
36195.0,3.8804,50.3432,1.0243,109.444,26.6557,0.0
36200.0,3.885,49.8971,1.0459,110.5595,26.9792,0.0
36205.0,3.8896,50.5147,1.0425,111.1526,27.2759,0.0309
36210.0,3.8938,49.9825,1.0459,109.6902,26.636,0.0588
36215.0,3.8971,50.1245,1.0522,110.1292,26.8368,0.0809
36220.0,3.8993,50.5048,1.0549,111.8171,26.2092,0.0951
36225.0,3.9,50.289,1.0547,111.0899,27.0307,0.1
36230.0,3.8993,50.379,1.0696,111.5534,26.8349,0.0951
36235.0,3.8971,49.9898,1.0273,109.3833,26.4917,0.0809
36240.0,3.8938,50.7996,1.0562,111.4751,26.8818,0.0588
36245.0,3.8896,49.8767,1.0437,110.1288,26.4601,0.0309
36250.0,3.885,50.0339,1.0434,110.0938,26.3557,0.0
36255.0,3.8804,49.6057,1.0457,110.6458,26.5356,0.0
36260.0,3.8762,49.339,1.0565,109.8812,26.1019,0.0
36265.0,3.8729,49.3401,1.0381,110.1385,26.5827,0.0
36270.0,3.8707,49.5304,1.0356,109.503,26.0346,0.0
36275.0,3.87,50.1069,1.0389,109.3014,26.0213,0.0
36280.0,3.8707,49.1988,1.0434,109.6634,26.0563,0.0
36285.0,3.8729,49.9003,1.0326,109.5424,26.4874,0.0
36290.0,3.8762,49.7321,1.0219,108.3108,26.1689,0.0
36295.0,3.8804,49.7574,1.0271,109.7867,26.0203,0.0
36300.0,3.885,50.1599,1.0541,110.115,26.2445,0.0
36305.0,3.8896,50.2265,1.043,111.6418,26.4265,0.0309
36310.0,3.8938,50.0438,1.0429,109.2627,26.1733,0.0588
36315.0,3.8971,49.9632,1.0436,109.9341,26.2059,0.0809
36320.0,3.8993,49.4349,1.039,110.3126,27.0351,0.0951
36325.0,3.9,50.8067,1.0458,110.0974,26.2915,0.1
36330.0,3.8993,50.4751,1.045,110.419,26.4105,0.0951
36335.0,3.8971,50.3172,1.0456,109.4815,26.3701,0.0809
36340.0,3.8938,49.9898,1.0538,110.1887,26.3152,0.0588
36345.0,3.8896,50.1075,1.0738,112.0576,26.5259,0.0309
36350.0,3.885,49.5378,1.0311,109.3936,26.553,0.0
36355.0,3.8804,49.8224,1.0368,110.2367,26.1849,0.0
36360.0,3.8762,50.2878,1.0454,109.4053,25.9021,0.0
36365.0,3.8729,49.8428,1.0345,110.1475,26.4883,0.0
36370.0,3.8707,49.1324,1.008,109.7004,26.1161,0.0
36375.0,3.87,50.3101,1.0378,109.3418,26.5568,0.0
36380.0,3.8707,49.5702,1.0145,108.4386,25.5616,0.0
36385.0,3.8729,49.8676,1.0182,109.9785,26.1846,0.0
36390.0,3.8762,49.6717,1.0341,109.7066,26.64,0.0
36395.0,3.8804,49.93,1.048,110.9423,26.1053,0.0
36400.0,3.885,50.0337,1.0516,110.4653,26.1749,0.0
36405.0,3.8896,50.1281,1.055,111.6525,26.3428,0.0309
36410.0,3.8938,50.6528,1.0424,110.7644,26.1623,0.0588
36415.0,3.8971,49.8036,1.0421,110.2689,26.2484,0.0809
36420.0,3.8993,50.5432,1.0486,111.0841,26.2545,0.0951
36425.0,3.9,50.2598,1.0373,109.8159,26.1806,0.1
36430.0,3.8993,49.8018,1.0511,111.9848,26.6284,0.0951
36435.0,3.8971,49.9924,1.0398,109.7671,26.4063,0.0809
36440.0,3.8938,50.0174,1.0388,110.2622,26.3116,0.0588
36445.0,3.8896,50.0254,1.0315,110.404,26.4003,0.0309
36450.0,3.885,49.9119,1.0506,110.7183,26.0767,0.0
36455.0,3.8804,49.7613,1.0462,109.3683,25.8938,0.0
36460.0,3.8762,49.3266,1.0527,110.8667,25.8859,0.0
36465.0,3.8729,50.4764,1.0661,110.9235,25.9947,0.0
36470.0,3.8707,50.0507,1.0234,109.9006,25.6991,0.0
36475.0,3.87,49.7516,1.0308,109.1606,25.8223,0.0
36480.0,3.8707,49.8081,1.0434,109.6663,25.8166,0.0
36485.0,3.8729,50.0969,1.0229,110.6467,26.4889,0.0
36490.0,3.8762,50.1738,1.039,109.0655,25.2883,0.0
36495.0,3.8804,50.2885,1.0562,109.8486,25.9694,0.0
36500.0,3.885,49.6557,1.0234,110.3206,26.4829,0.0
36505.0,3.8896,50.2539,1.0354,109.5221,26.119,0.0309
36510.0,3.8938,49.9078,1.0439,111.1551,26.3094,0.0588
36515.0,3.8971,50.5244,1.0452,111.4883,26.1699,0.0809
36520.0,3.8993,49.8148,1.07,110.8897,25.9901,0.0951
36525.0,3.9,50.287,1.0628,110.506,25.5945,0.1
36530.0,3.8993,50.5896,1.0466,110.3518,26.1897,0.0951
36535.0,3.8971,50.281,1.0507,110.2457,25.9138,0.0809
36540.0,3.8938,49.9064,1.064,111.1245,25.8651,0.0588
36545.0,3.8896,50.4939,1.0623,109.8925,25.8892,0.0309
36550.0,3.885,49.7273,1.0465,109.1842,26.3945,0.0
36555.0,3.8804,49.7278,1.0277,110.0834,26.5037,0.0
36560.0,3.8762,49.9442,1.0453,110.7414,25.9056,0.0
36565.0,3.8729,49.7225,1.0242,108.9974,25.6925,0.0
36570.0,3.8707,49.6968,1.0321,108.8766,25.4837,0.0
36575.0,3.87,50.3573,1.0302,109.3506,25.8784,0.0
36580.0,3.8707,49.5554,1.0585,109.9692,26.2049,0.0
36585.0,3.8729,50.5492,1.0247,109.7492,25.7093,0.0
36590.0,3.8762,49.776,1.0263,108.0613,25.2001,0.0
36595.0,3.8804,49.5314,1.0173,109.1426,25.9948,0.0
36600.0,3.885,49.7625,1.0414,110.0095,26.1106,0.0
36605.0,3.8896,49.511,1.0513,110.498,25.5047,0.0309
36610.0,3.8938,50.2991,1.0429,110.1829,25.9777,0.0588
36615.0,3.8971,50.3714,1.0501,110.5653,26.0702,0.0809
36620.0,3.8993,49.9701,1.0411,109.4359,25.951,0.0951
36625.0,3.9,50.3774,1.0226,109.2926,25.7695,0.1
36630.0,3.8993,50.4095,1.0541,111.8713,26.2045,0.0951
36635.0,3.8971,50.1673,1.0632,110.7483,25.8189,0.0809
36640.0,3.8938,50.5789,1.0268,108.7688,25.5059,0.0588
36645.0,3.8896,50.4342,1.0516,109.5836,25.3137,0.0309
36650.0,3.885,49.6701,1.0408,109.5263,26.0856,0.0
36655.0,3.8804,49.494,1.0431,109.0244,25.8688,0.0
36660.0,3.8762,49.7181,1.0248,110.4202,25.6855,0.0
36665.0,3.8729,49.7243,1.0316,109.8057,25.5109,0.0
36670.0,3.8707,49.5267,1.0439,109.3702,25.4581,0.0
36675.0,3.87,50.2487,1.0214,109.1563,25.3048,0.0
36680.0,3.8707,49.5596,1.0274,109.4891,25.464,0.0
36685.0,3.8729,50.296,1.0478,109.8747,25.0539,0.0
36690.0,3.8762,49.9438,1.0437,111.1574,25.4238,0.0
36695.0,3.8804,50.4212,1.0329,110.3319,25.5627,0.0
36700.0,3.885,49.6964,1.0617,110.3934,25.8301,0.0
36705.0,3.8896,49.4847,1.0466,110.0483,25.7048,0.0309
36710.0,3.8938,50.7193,1.06,110.2935,25.9461,0.0588
36715.0,3.8971,50.2045,1.0627,110.7644,26.1088,0.0809
36720.0,3.8993,50.2881,1.0407,109.9135,26.0482,0.0951
36725.0,3.9,50.9901,1.0595,110.0363,25.8995,0.1
36730.0,3.8993,49.6301,1.0465,109.741,25.7685,0.0951
36735.0,3.8971,49.67,1.0814,110.8265,25.49,0.0809
36740.0,3.8938,50.4522,1.0497,109.7259,25.878,0.0588
36745.0,3.8896,50.1903,1.0528,110.4497,26.0621,0.0309
36750.0,3.885,49.4748,1.0495,109.7578,25.6724,0.0
36755.0,3.8804,50.0702,1.0433,109.5076,26.0109,0.0
36760.0,3.8762,49.736,1.0337,108.2372,25.0995,0.0
36765.0,3.8729,49.6108,1.03,110.8485,25.1503,0.0
36770.0,3.8707,49.5624,1.0473,109.4131,25.6225,0.0
36775.0,3.87,49.7494,1.0239,109.2588,25.4587,0.0
36780.0,3.8707,49.7347,1.0204,106.873,25.7196,0.0
36785.0,3.8729,50.1622,1.0203,108.4679,25.3999,0.0
36790.0,3.8762,49.7235,1.0192,108.8982,25.2113,0.0
36795.0,3.8804,50.6669,1.0424,109.8535,25.408,0.0
36800.0,3.885,49.993,1.0556,110.3493,25.116,0.0
36805.0,3.8896,50.216,1.0508,109.4423,25.2548,0.0309
36810.0,3.8938,50.6679,1.057,110.3622,25.8133,0.0588
36815.0,3.8971,50.7332,1.0524,110.8572,25.8131,0.0809
36820.0,3.8993,50.0075,1.0537,111.3291,25.6985,0.0951
36825.0,3.9,50.4835,1.0659,110.5356,25.1764,0.1
36830.0,3.8993,50.5936,1.0483,109.9038,25.5014,0.0951
36835.0,3.8971,49.7951,1.0666,111.3951,25.2551,0.0809
36840.0,3.8938,49.8085,1.0442,110.4812,25.814,0.0588
36845.0,3.8896,49.5678,1.039,110.4825,25.3239,0.0309
36850.0,3.885,50.6242,1.0652,110.9797,25.1439,0.0
36855.0,3.8804,50.4229,1.0274,109.9108,25.3683,0.0
36860.0,3.8762,50.1618,1.0482,109.8413,25.1509,0.0
36865.0,3.8729,49.8423,1.0239,109.462,25.6406,0.0
36870.0,3.8707,49.8349,1.0246,109.1804,25.0567,0.0
36875.0,3.87,49.8308,1.0606,110.5445,24.8753,0.0
36880.0,3.8707,49.9054,1.023,108.2561,24.6863,0.0
36885.0,3.8729,49.4738,1.0125,109.5938,25.2303,0.0
36890.0,3.8762,49.903,1.0365,108.4052,25.1229,0.0
36895.0,3.8803,49.5391,1.0244,109.1556,24.9402,0.0
36900.0,3.885,50.3164,1.0711,111.4726,25.6334,0.0
36905.0,3.8896,50.0849,1.0449,109.0852,25.5416,0.0309
36910.0,3.8938,50.4691,1.0308,109.4678,25.402,0.0588
36915.0,3.8971,50.462,1.0605,110.1537,25.7758,0.0809
36920.0,3.8993,50.2994,1.0389,110.4592,25.6142,0.0951
36925.0,3.9,50.4009,1.0523,109.7344,25.2428,0.1
36930.0,3.8993,50.1068,1.0636,111.3981,25.174,0.0951
36935.0,3.8971,49.9117,1.0327,110.6782,25.6097,0.0809
36940.0,3.8938,50.573,1.0626,111.2178,25.4639,0.0588
36945.0,3.8896,50.0388,1.0472,109.9136,25.3582,0.0309
36950.0,3.885,50.5706,1.0525,110.0387,25.0507,0.0
36955.0,3.8804,49.9666,1.0369,110.5644,25.3609,0.0
36960.0,3.8762,49.7239,1.0253,109.7506,24.9712,0.0
36965.0,3.8729,49.6041,1.0198,109.1113,25.0945,0.0
36970.0,3.8707,49.7782,1.0301,108.7034,25.4536,0.0
36975.0,3.87,49.822,1.0294,108.8453,24.9125,0.0
36980.0,3.8707,49.9291,1.0434,110.141,24.685,0.0
36985.0,3.8728,50.1717,1.04,108.6336,24.8298,0.0
36990.0,3.8762,49.6099,1.0409,110.9335,25.3681,0.0
36995.0,3.8804,49.7741,1.0456,109.8568,25.2185,0.0
37000.0,3.885,50.3598,1.0491,110.884,25.1624,0.0
37005.0,3.8896,49.6898,1.0473,111.8311,25.1073,0.0309
37010.0,3.8938,50.163,1.0379,110.1649,25.3914,0.0588
37015.0,3.8971,50.3686,1.0475,109.6869,25.0847,0.0809
37020.0,3.8993,50.4048,1.0444,110.5288,25.3885,0.0951
37025.0,3.9,50.2017,1.0489,111.3806,25.1305,0.1
37030.0,3.8993,49.8707,1.0563,111.0201,25.0755,0.0951
37035.0,3.8971,50.487,1.0653,111.8815,25.1132,0.0809
37040.0,3.8938,50.2293,1.0638,110.4183,25.1396,0.0588
37045.0,3.8896,49.8724,1.0493,110.2069,25.1736,0.0309
37050.0,3.885,49.8955,1.0482,110.9985,25.1925,0.0
37055.0,3.8803,49.7673,1.0488,110.1784,24.1595,0.0
37060.0,3.8762,49.8118,1.0181,109.5658,24.8323,0.0
37065.0,3.8729,50.1577,1.0406,108.5151,24.8975,0.0
37070.0,3.8707,49.4523,1.0318,109.199,25.3449,0.0
37075.0,3.87,49.287,1.0175,108.813,24.6859,0.0
37080.0,3.8707,49.575,1.0226,109.1158,24.9986,0.0
37085.0,3.8729,49.4424,1.0322,109.7158,25.3477,0.0
37090.0,3.8762,49.6833,1.0554,109.7244,24.6737,0.0
37095.0,3.8804,50.216,1.0426,110.8603,25.1371,0.0
37100.0,3.885,49.4549,1.0286,110.0856,24.8794,0.0
37105.0,3.8896,49.9313,1.0375,109.1394,24.9952,0.0309
37110.0,3.8938,50.4419,1.0409,110.5879,24.9575,0.0588
37115.0,3.8971,50.4467,1.0648,111.0118,25.0037,0.0809
37120.0,3.8993,50.2182,1.0641,111.1904,25.8837,0.0951
37125.0,3.9,49.9497,1.046,110.2592,25.4171,0.1
37130.0,3.8993,50.6171,1.0659,111.5877,25.4695,0.0951
37135.0,3.8971,50.6003,1.0229,111.4404,25.2913,0.0809
37140.0,3.8938,50.3355,1.0309,109.6843,24.7291,0.0588
37145.0,3.8896,50.0097,1.0442,110.7368,25.1833,0.0309
37150.0,3.885,49.7888,1.0395,110.8178,25.3022,0.0
37155.0,3.8803,49.7675,1.0286,109.7474,24.7701,0.0
37160.0,3.8762,50.3653,1.029,109.4555,25.1789,0.0
37165.0,3.8729,49.8985,1.0546,110.4013,25.0764,0.0
37170.0,3.8707,49.2982,1.025,108.787,25.3381,0.0
37175.0,3.87,49.701,1.0519,110.3796,24.7595,0.0
37180.0,3.8707,50.3179,1.0178,109.1005,24.5931,0.0
37185.0,3.8728,50.2868,1.0413,109.6275,24.7947,0.0
37190.0,3.8762,50.079,1.0572,110.7403,25.2736,0.0
37195.0,3.8803,49.7204,1.0463,110.065,24.4959,0.0
37200.0,3.885,49.6831,1.048,111.3069,24.4789,0.0
37205.0,3.8896,49.9426,1.0408,109.3793,25.0613,0.0309
37210.0,3.8938,49.3697,1.0549,110.018,24.9669,0.0588
37215.0,3.8971,50.2676,1.0556,111.1288,25.1095,0.0809
37220.0,3.8993,50.3601,1.0453,110.0718,25.3621,0.0951
37225.0,3.9,50.6028,1.0354,108.4987,24.9919,0.1
37230.0,3.8992,49.9118,1.0538,110.2516,24.6516,0.0951
37235.0,3.8971,49.7387,1.063,111.3442,25.6068,0.0809
37240.0,3.8938,50.5643,1.0373,110.3102,24.8104,0.0588
37245.0,3.8896,49.9682,1.0448,108.7315,24.7505,0.0309
37250.0,3.885,49.8071,1.0259,110.0368,25.2422,0.0
37255.0,3.8803,49.3961,1.0232,108.7125,24.8213,0.0
37260.0,3.8762,49.7124,1.0406,109.5801,24.8573,0.0
37265.0,3.8729,49.4021,1.0286,109.504,24.9584,0.0
37270.0,3.8707,50.0244,1.0216,110.4124,25.085,0.0
37275.0,3.87,49.1259,1.0154,107.8711,24.7213,0.0
37280.0,3.8707,50.2627,1.0343,108.5426,25.1899,0.0
37285.0,3.8728,49.725,1.0445,111.0124,24.2953,0.0
37290.0,3.8762,49.6495,1.0453,109.6027,25.0504,0.0
37295.0,3.8803,49.4791,1.0534,109.6016,24.6906,0.0
37300.0,3.885,50.2511,1.0584,110.2255,25.2882,0.0
37305.0,3.8896,50.0188,1.007,108.3237,25.0253,0.0309
37310.0,3.8938,50.0773,1.0625,111.4932,24.8618,0.0588
37315.0,3.8971,50.2737,1.0492,111.2418,25.2275,0.0809
37320.0,3.8993,49.8695,1.0389,109.7,25.305,0.0951
37325.0,3.9,50.1368,1.0511,110.3911,25.2482,0.1
37330.0,3.8992,50.5106,1.0335,108.9856,24.8217,0.0951
37335.0,3.8971,49.8006,1.0513,110.4305,24.9357,0.0815
37340.0,3.8938,50.2972,1.0466,110.7851,25.0214,0.0588
37345.0,3.8896,50.0587,1.0338,110.4345,24.9694,0.0309
37350.0,3.885,49.8214,1.0476,111.3214,25.1199,0.0
37355.0,3.8803,50.12,1.0369,109.7848,24.3816,0.0
37360.0,3.8762,49.5165,1.016,108.4738,24.9264,0.0
37365.0,3.8728,49.962,1.0278,109.1186,24.7365,0.0
37370.0,3.8707,50.1654,1.0615,110.6728,24.5775,0.0
37375.0,3.87,49.9666,1.0216,108.9886,24.5937,0.0
37380.0,3.8707,49.6448,1.0346,109.3551,24.7327,0.0
37385.0,3.8728,50.193,1.0351,109.5094,23.9071,0.0
37390.0,3.8762,50.3517,1.024,108.8864,24.665,0.0
37395.0,3.8803,49.0162,1.0448,109.5126,24.6631,0.0
37400.0,3.885,49.8111,1.0476,110.2239,25.0615,0.0
37405.0,3.8896,50.3738,1.0487,111.0957,24.7734,0.0309
37410.0,3.8938,49.9504,1.0581,110.4165,24.9629,0.0588
37415.0,3.8971,49.5171,1.0406,108.5317,25.4357,0.0809
37420.0,3.8993,50.5944,1.0555,111.4857,25.3203,0.0951
37425.0,3.9,50.3049,1.0616,111.5304,25.305,0.1
37430.0,3.8992,50.0106,1.05,109.5259,24.9476,0.0951
37435.0,3.8971,50.2004,1.0442,108.5075,25.1876,0.0809
37440.0,3.8938,50.0265,1.0378,109.7797,24.9608,0.0588
37445.0,3.8896,49.7214,1.0409,110.582,24.9292,0.0309
37450.0,3.885,49.8866,1.0413,110.1763,25.0351,0.0
37455.0,3.8803,50.2099,1.045,110.829,24.738,0.0
37460.0,3.8762,50.2865,1.0481,109.9573,25.2196,0.0
37465.0,3.8728,49.5734,1.021,109.4593,24.7742,0.0
37470.0,3.8707,49.3234,1.0352,109.5875,24.9486,0.0
37475.0,3.87,49.6699,1.0475,109.9689,25.1518,0.0
37480.0,3.8707,49.8504,1.0332,109.4926,25.0545,0.0
37485.0,3.8728,49.8136,1.0428,109.3414,24.467,0.0
37490.0,3.8762,49.8112,1.0211,109.2275,24.9651,0.0
37495.0,3.8804,50.1489,1.0484,111.1706,25.1099,0.0
37500.0,3.885,50.2358,1.0539,110.8531,25.1682,0.0
37505.0,3.8896,50.128,1.0231,109.1756,24.7149,0.0309
37510.0,3.8938,50.1234,1.0474,110.3222,24.8726,0.0588
37515.0,3.8971,50.2186,1.044,110.3649,25.3205,0.0809
37520.0,3.8992,50.1285,1.0317,109.0395,24.9047,0.0951
37525.0,3.9,50.3739,1.0539,110.4184,25.0295,0.1
37530.0,3.8993,50.3446,1.0616,110.9212,25.4932,0.0951
37535.0,3.8971,50.0755,1.0482,111.1593,25.0681,0.0809
37540.0,3.8938,50.7419,1.0399,110.4507,24.8674,0.0588
37545.0,3.8896,50.2517,1.0291,109.6555,24.7902,0.0309
37550.0,3.885,49.5662,1.017,109.0638,25.0489,0.0
37555.0,3.8803,49.3858,1.0335,110.6641,24.5885,0.0
37560.0,3.8762,49.7814,1.0335,109.7359,24.8207,0.0
37565.0,3.8729,49.1847,1.022,108.9553,24.9353,0.0
37570.0,3.8707,50.2532,1.0512,109.6921,25.1581,0.0
37575.0,3.87,49.5134,1.0436,110.08,24.9956,0.0
37580.0,3.8707,50.0483,1.0272,109.6108,24.6604,0.0
37585.0,3.8729,50.0262,1.0278,109.9476,25.1578,0.0
37590.0,3.8762,49.7421,1.0405,110.534,24.8245,0.0
37595.0,3.8803,50.2373,1.0517,109.5909,24.6353,0.0
37600.0,3.885,49.9949,1.0426,109.5071,24.9507,0.0
37605.0,3.8896,50.1019,1.0466,109.8991,25.4028,0.0309
37610.0,3.8938,49.8902,1.0652,111.7434,25.1296,0.0588
37615.0,3.8971,50.1997,1.0513,110.388,25.128,0.0809
37620.0,3.8993,50.6541,1.0406,110.5338,25.5589,0.0951
37625.0,3.9,50.2032,1.0501,111.1671,24.8025,0.1
37630.0,3.8992,50.4025,1.0392,110.5319,24.8352,0.0951
37635.0,3.8971,50.4256,1.0381,109.7239,24.7349,0.0809
37640.0,3.8938,50.5609,1.0466,110.2108,25.2026,0.0588
37645.0,3.8896,50.4028,1.0614,110.1206,25.113,0.0309
37650.0,3.885,50.0741,1.0449,109.6673,25.4145,0.0
37655.0,3.8804,50.3119,1.0203,108.9577,25.0472,0.0
37660.0,3.8762,49.8868,1.0336,109.7359,24.8474,0.0
37665.0,3.8729,49.732,1.0344,109.8363,24.9197,0.0
37670.0,3.8707,49.8912,1.0305,107.7205,24.9315,0.0
37675.0,3.87,49.1586,1.0288,108.6845,24.4809,0.0
37680.0,3.8707,49.7891,1.0599,111.4316,25.588,0.0
37685.0,3.8729,49.8411,1.0528,110.3228,25.0659,0.0
37690.0,3.8762,49.8096,1.0506,110.2425,25.026,0.0
37695.0,3.8804,49.9173,1.0397,109.4253,25.1735,0.0
37700.0,3.885,49.6457,1.0289,109.3723,25.2478,0.0
37705.0,3.8896,50.1798,1.0513,110.6766,25.0862,0.0309
37710.0,3.8938,50.2845,1.0444,109.2191,25.0099,0.0588
37715.0,3.8971,50.4226,1.0352,110.4425,25.3554,0.0809
37720.0,3.8993,49.6105,1.0527,111.2179,25.328,0.0951
37725.0,3.9,50.161,1.0396,110.1753,25.0411,0.1
37730.0,3.8993,50.1873,1.051,111.5263,25.5958,0.0951
37735.0,3.8971,50.1332,1.0334,109.9873,25.298,0.0809
37740.0,3.8938,50.3109,1.0645,110.8101,25.3788,0.0588
37745.0,3.8896,50.1099,1.0459,109.7612,25.5075,0.0309
37750.0,3.885,50.4361,1.044,110.7568,25.1236,0.0
37755.0,3.8804,49.993,1.0349,109.39,25.1561,0.0
37760.0,3.8762,49.4308,1.0273,109.4748,25.2427,0.0
37765.0,3.8728,49.6072,1.0236,108.8415,24.831,0.0
37770.0,3.8707,49.8355,1.059,110.7022,25.0096,0.0
37775.0,3.87,49.9559,1.0412,109.2171,25.0254,0.0
37780.0,3.8707,49.4276,1.0421,109.0109,24.7677,0.0
37785.0,3.8729,49.7003,1.0435,109.768,25.6128,0.0
37790.0,3.8762,49.5159,1.0386,108.9451,24.7202,0.0
37795.0,3.8803,49.5846,1.0428,110.3913,24.7948,0.0
37800.0,3.885,49.9647,1.0428,109.4081,25.4997,0.0
37805.0,3.8896,50.6584,1.0486,110.7418,25.4014,0.0309
37810.0,3.8938,50.1337,1.0432,109.1382,25.014,0.0588
37815.0,3.8971,49.7482,1.0517,111.2127,25.4612,0.0809
37820.0,3.8993,49.8791,1.03,109.0179,25.7033,0.0951
37825.0,3.9,50.4365,1.0526,109.7638,25.3419,0.1
37830.0,3.8993,50.77,1.0438,111.2934,25.9976,0.0951
37835.0,3.8971,50.3122,1.0481,110.8622,24.9014,0.0809
37840.0,3.8938,49.6921,1.0461,109.8356,25.4786,0.0588
37845.0,3.8896,49.4284,1.0558,110.1601,25.5609,0.0309
37850.0,3.885,50.0272,1.0476,110.045,25.4517,0.0
37855.0,3.8804,49.5849,1.0203,109.6352,25.1374,0.0
37860.0,3.8762,50.2446,1.0356,109.4582,25.0801,0.0
37865.0,3.8729,49.4057,1.0089,109.0724,25.2366,0.0
37870.0,3.8707,49.4738,1.0307,109.0806,25.3143,0.0
37875.0,3.87,49.6875,1.0526,109.8353,25.2598,0.0
37880.0,3.8707,50.005,1.0378,109.1851,25.3827,0.0
37885.0,3.8729,49.4462,1.0432,108.4485,24.8955,0.0
37890.0,3.8762,49.8538,1.0519,110.2199,25.1327,0.0
37895.0,3.8804,49.1517,1.0205,109.4154,25.0027,0.0
37900.0,3.885,50.1245,1.0323,109.2486,25.1939,0.0
37905.0,3.8896,50.0358,1.0523,110.8341,25.5969,0.0309
37910.0,3.8938,49.7559,1.025,108.7248,25.4183,0.0588
37915.0,3.8971,50.2075,1.0201,108.6911,26.0826,0.0809
37920.0,3.8993,50.3582,1.0572,109.401,25.5069,0.0951
37925.0,3.9,50.0639,1.0545,110.7916,25.4873,0.1
37930.0,3.8993,50.0736,1.0405,111.0289,25.4981,0.0951
37935.0,3.8971,50.3496,1.0534,111.7119,25.2973,0.0809
37940.0,3.8938,49.9707,1.0386,111.5218,25.4156,0.0588
37945.0,3.8896,49.7663,1.0451,110.922,25.6768,0.0309
37950.0,3.885,50.1895,1.0432,111.2672,25.3836,0.0
37955.0,3.8804,49.8474,1.0576,111.219,25.117,0.0
37960.0,3.8762,49.7237,1.0428,109.5398,25.0489,0.0
37965.0,3.8729,49.561,1.0483,109.7913,25.1411,0.0
37970.0,3.8707,49.7983,1.0479,110.8125,25.2575,0.0
37975.0,3.87,49.6871,1.06,110.0316,25.5368,0.0
37980.0,3.8707,50.0168,1.0425,109.7867,24.9173,0.0
37985.0,3.8729,49.85,1.0258,109.7332,25.2005,0.0
37990.0,3.8762,50.3589,1.0236,109.6682,25.3565,0.0
37995.0,3.8803,49.6317,1.0392,110.9724,24.9106,0.0
38000.0,3.885,49.7473,1.0325,109.255,25.2137,0.0
38005.0,3.8896,49.9171,1.0525,110.6328,25.3053,0.0309
38010.0,3.8938,50.2403,1.0706,111.1226,25.3249,0.0588
38015.0,3.8971,49.8056,1.0602,111.1332,25.6119,0.0809
38020.0,3.8993,49.8816,1.0466,110.5868,25.5519,0.0951
38025.0,3.9,50.2054,1.0568,110.8391,25.4674,0.1
38030.0,3.8993,49.9841,1.065,111.054,25.7128,0.0951
38035.0,3.8971,50.1114,1.0698,110.678,26.0221,0.0809
38040.0,3.8938,49.6656,1.0473,110.0353,25.9749,0.0588
38045.0,3.8896,50.2251,1.0387,108.8137,25.0495,0.0309
38050.0,3.885,49.676,1.0571,110.8156,25.635,0.0
38055.0,3.8804,49.8689,1.0426,110.0192,25.4068,0.0
38060.0,3.8762,49.5057,1.0267,109.513,25.4551,0.0
38065.0,3.8729,50.1716,1.0377,109.5524,25.2905,0.0
38070.0,3.8707,49.3175,1.0358,109.7611,25.4051,0.0
38075.0,3.87,50.3337,1.0407,109.6197,25.4132,0.0
38080.0,3.8707,49.6206,1.0232,110.6154,25.2449,0.0
38085.0,3.8729,49.5691,1.0373,109.0913,25.1937,0.0
38090.0,3.8762,49.3004,1.029,109.5681,25.3458,0.0
38095.0,3.8804,50.555,1.0449,110.422,25.5653,0.0
38100.0,3.885,50.5673,1.0513,109.8534,25.7098,0.0
38105.0,3.8896,50.2786,1.0237,108.2311,25.8266,0.0309
38110.0,3.8938,49.8573,1.0425,109.5396,25.5385,0.0588
38115.0,3.8971,50.2847,1.0375,109.6331,25.7731,0.0809
38120.0,3.8993,50.488,1.0479,110.149,25.971,0.0951
38125.0,3.9,50.1053,1.0541,110.2705,26.0361,0.1
38130.0,3.8993,50.2284,1.0298,111.075,25.7296,0.0951
38135.0,3.8971,50.0826,1.0413,109.5799,25.6747,0.0809
38140.0,3.8938,50.0758,1.0485,111.0882,25.7514,0.0588
38145.0,3.8896,50.153,1.0245,108.2139,25.3813,0.0309
38150.0,3.885,49.8037,1.0264,109.2028,25.5808,0.0
38155.0,3.8804,49.9752,1.0469,110.3333,25.7759,0.0
38160.0,3.8762,49.9837,1.0438,111.3794,25.7153,0.0
38165.0,3.8729,49.6288,1.044,110.4981,25.461,0.0
38170.0,3.8707,49.6239,1.0145,107.7893,25.5685,0.0
38175.0,3.87,49.1189,1.0371,110.1115,25.3074,0.0
38180.0,3.8707,49.6523,1.0493,110.0574,25.7037,0.0
38185.0,3.8729,49.123,1.0451,109.2935,25.5365,0.0
38190.0,3.8762,49.3148,1.0187,110.607,25.5269,0.0
38195.0,3.8804,49.7745,1.0403,109.8188,25.5541,0.0
38200.0,3.885,49.9046,1.0687,111.37,25.6819,0.0
38205.0,3.8896,49.6895,1.0498,109.2037,25.6388,0.0309
38210.0,3.8938,50.4839,1.034,110.9446,25.9639,0.0588
38215.0,3.8971,50.1834,1.0373,111.2938,25.7404,0.0809
38220.0,3.8993,50.2117,1.0564,110.1742,26.2655,0.0951
38225.0,3.9,50.1826,1.0607,110.7797,26.2476,0.1
38230.0,3.8993,49.863,1.0542,111.5822,25.6577,0.0951
38235.0,3.8971,49.9239,1.0348,111.2527,25.8834,0.0809
38240.0,3.8938,49.8149,1.0559,111.3075,25.6767,0.0588
38245.0,3.8896,49.9897,1.0411,110.5596,25.7225,0.0309
38250.0,3.885,49.6868,1.0329,110.427,26.265,0.0
38255.0,3.8804,49.8646,1.0362,109.3058,25.6477,0.0
38260.0,3.8762,49.834,1.0372,110.8898,25.7794,0.0
38265.0,3.8729,50.0155,1.021,109.1546,25.798,0.0
38270.0,3.8707,49.9463,1.0491,110.085,25.3977,0.0
38275.0,3.87,49.9269,1.0341,109.145,25.4332,0.0
38280.0,3.8707,49.9255,1.0414,109.9017,25.3593,0.0
38285.0,3.8729,49.5609,1.023,109.3666,25.467,0.0
38290.0,3.8762,49.8024,1.0489,109.8279,25.0155,0.0
38295.0,3.8804,50.1204,1.022,108.9724,25.9124,0.0
38300.0,3.885,49.3303,1.0563,111.562,26.3424,0.0
38305.0,3.8896,50.5475,1.0632,111.8495,25.9185,0.0309
38310.0,3.8938,50.2982,1.024,109.6149,25.5755,0.0588
38315.0,3.8971,50.3471,1.0381,109.6187,25.8083,0.0809
38320.0,3.8993,50.1502,1.052,110.1514,25.8818,0.0951
38325.0,3.9,49.8021,1.0477,111.4096,25.7556,0.1
38330.0,3.8993,49.8733,1.0438,110.2391,26.2239,0.0951
38335.0,3.8971,50.7168,1.0629,110.3597,26.1962,0.0809
38340.0,3.8938,49.708,1.0595,110.9718,25.6776,0.0588
38345.0,3.8896,49.9072,1.0551,110.2697,26.112,0.0309
38350.0,3.885,50.1088,1.0496,110.0709,26.2721,0.0
38355.0,3.8804,49.4564,1.0498,111.0317,26.3256,0.0
38360.0,3.8762,49.8628,1.0624,111.0307,26.5304,0.0
38365.0,3.8729,49.7942,1.0387,108.3628,25.5613,0.0
38370.0,3.8707,49.4753,1.0106,109.6335,26.4773,0.0
38375.0,3.87,49.8353,1.0344,108.4294,25.6812,0.0
38380.0,3.8707,49.7545,1.0377,109.1395,25.6347,0.0
38385.0,3.8729,49.7754,1.0202,110.6097,25.8917,0.0
38390.0,3.8762,49.5109,1.0318,109.0732,25.7032,0.0
38395.0,3.8804,50.454,1.0424,109.0672,25.996,0.0
38400.0,3.885,50.1437,1.0523,109.9134,25.6182,0.0
38405.0,3.8896,50.1593,1.0408,110.3728,25.9404,0.0309
38410.0,3.8938,50.1415,1.0158,109.0339,26.3688,0.0588
38415.0,3.8971,50.3321,1.0373,109.6694,26.0718,0.0809
38420.0,3.8993,50.5444,1.0392,110.7373,26.1482,0.0951
38425.0,3.9,50.6295,1.054,110.4915,26.2444,0.1
38430.0,3.8993,50.5568,1.0549,110.459,26.4162,0.0951
38435.0,3.8971,49.5258,1.0542,110.1522,25.6937,0.0809
38440.0,3.8938,50.4856,1.0526,110.55,26.2258,0.0588
38445.0,3.8896,50.0805,1.0529,110.5742,25.976,0.0309
38450.0,3.885,50.3642,1.0526,110.9066,26.0435,0.0
38455.0,3.8804,49.9075,1.0385,109.4781,26.2256,0.0
38460.0,3.8762,49.8499,1.0176,108.5658,25.6253,0.0
38465.0,3.8729,49.8495,1.0391,110.6788,25.6425,0.0
38470.0,3.8707,49.3158,1.0406,110.6418,25.3955,0.0
38475.0,3.87,49.4392,1.0294,108.6534,25.7396,0.0
38480.0,3.8707,49.9077,1.0425,109.1307,26.2217,0.0
38485.0,3.8729,49.5596,1.0458,109.0111,25.8851,0.0
38490.0,3.8762,49.7712,1.0488,111.685,25.6182,0.0
38495.0,3.8804,49.7247,1.0288,109.389,25.8783,0.0
38500.0,3.885,49.969,1.03,109.4412,25.6788,0.0
38505.0,3.8896,49.6673,1.0495,109.9384,25.8204,0.0309
38510.0,3.8938,50.0084,1.047,110.5192,26.2453,0.0588
38515.0,3.8971,50.1488,1.0453,109.6365,25.8924,0.0809
38520.0,3.8993,50.0395,1.0347,108.9047,26.4898,0.0951
38525.0,3.9,50.3586,1.0483,111.2552,26.2056,0.1
38530.0,3.8993,50.3593,1.0482,111.2501,26.2418,0.0951
38535.0,3.8971,49.8585,1.0413,110.7147,26.1338,0.0809
38540.0,3.8938,50.3595,1.0355,110.7754,26.3676,0.0588
38545.0,3.8896,50.0105,1.0462,110.8399,26.3326,0.0309
38550.0,3.885,49.8696,1.0467,109.8405,26.1784,0.0
38555.0,3.8804,50.0616,1.0258,108.9394,26.1935,0.0
38560.0,3.8762,49.9815,1.0673,110.0014,25.9615,0.0
38565.0,3.8729,49.7151,1.028,108.9831,26.1209,0.0
38570.0,3.8707,50.2692,1.041,109.0995,25.8835,0.0
38575.0,3.87,49.6839,1.0216,107.8801,25.9651,0.0
38580.0,3.8707,49.6475,1.0272,108.9179,25.907,0.0
38585.0,3.8729,49.761,1.0089,108.5751,25.8864,0.0
38590.0,3.8762,49.5109,1.029,109.0005,25.8653,0.0
38595.0,3.8804,49.3642,1.0439,109.9184,26.2,0.0
38600.0,3.885,50.3623,1.0367,109.0638,26.4606,0.0
38605.0,3.8896,50.3016,1.0704,110.0744,26.4756,0.0309
38610.0,3.8938,49.8085,1.049,110.8683,25.914,0.0588
38615.0,3.8971,50.0491,1.0512,111.3902,26.587,0.0809
38620.0,3.8993,50.1925,1.039,109.6983,26.2099,0.0951
38625.0,3.9,50.0491,1.0525,109.7365,26.4502,0.1
38630.0,3.8993,50.0534,1.0502,112.5626,26.0694,0.0951
38635.0,3.8971,50.479,1.024,109.8077,26.3133,0.0809
38640.0,3.8938,49.8101,1.0566,111.2423,26.3262,0.0588
38645.0,3.8896,49.8386,1.0481,109.7834,25.8378,0.0309
38650.0,3.885,49.9457,1.0423,110.0987,26.3177,0.0
38655.0,3.8804,49.9067,1.0517,109.0099,26.4587,0.0
38660.0,3.8762,49.93,1.0236,108.9422,26.0396,0.0
38665.0,3.8729,49.5579,1.0311,110.3726,26.393,0.0
38670.0,3.8707,49.9974,1.0326,110.0037,25.987,0.0
38675.0,3.87,49.4723,1.0175,109.1207,26.2422,0.0
38680.0,3.8707,50.3757,1.0299,110.2437,25.4851,0.0
38685.0,3.8729,49.9899,1.0432,110.4792,26.6683,0.0
38690.0,3.8762,50.0476,1.0529,110.3956,26.4732,0.0
38695.0,3.8804,49.5587,1.0568,110.4008,26.0725,0.0
38700.0,3.885,50.0849,1.0572,108.9925,25.6994,0.0
38705.0,3.8896,50.1003,1.0529,109.9942,26.3131,0.0309
38710.0,3.8938,49.891,1.0492,110.2128,25.9242,0.0588
38715.0,3.8971,50.5135,1.0509,110.4883,26.4318,0.0809
38720.0,3.8993,50.2921,1.0302,110.1708,26.447,0.0951
38725.0,3.9,50.3351,1.0338,109.5273,26.1182,0.1
38730.0,3.8993,50.6316,1.0533,111.5103,26.6285,0.0951
38735.0,3.8971,49.8284,1.0462,108.8439,26.5303,0.0809
38740.0,3.8938,50.3229,1.0442,109.6654,26.5416,0.0588
38745.0,3.8896,50.2456,1.0611,110.3827,26.2599,0.0309
38750.0,3.885,49.5692,1.031,109.764,25.8593,0.0
38755.0,3.8804,49.6897,1.0298,108.9232,26.413,0.0
38760.0,3.8762,49.5083,1.0312,110.4229,26.0608,0.0
38765.0,3.8729,50.0319,1.0146,108.4244,25.7494,0.0
38770.0,3.8707,49.9087,1.0608,111.7793,26.4151,0.0
38775.0,3.87,50.2682,1.0211,109.0865,26.5962,0.0
38780.0,3.8707,50.0576,1.0171,108.3631,26.0698,0.0
38785.0,3.8729,49.9886,1.0371,108.3079,26.6426,0.0
38790.0,3.8762,49.7365,1.0308,108.7946,26.1601,0.0
38795.0,3.8804,49.2793,1.0429,110.7412,26.0853,0.0
38800.0,3.885,50.2301,1.0531,111.1293,26.0703,0.0
38805.0,3.8896,50.0034,1.0468,109.9326,26.6847,0.0309
38810.0,3.8938,49.8235,1.0482,110.5225,26.1233,0.0588
38815.0,3.8971,49.7143,1.047,110.7966,26.5364,0.0809
38820.0,3.8993,50.1213,1.0474,110.7797,26.2351,0.0951
38825.0,3.9,50.8258,1.0379,109.6268,26.2681,0.1
38830.0,3.8993,50.0179,1.0331,110.8138,26.6342,0.0951
38835.0,3.8971,50.376,1.0365,110.0965,26.2611,0.0809
38840.0,3.8938,50.2871,1.0555,111.7582,26.2225,0.0588
38845.0,3.8896,50.0923,1.0405,110.964,26.5658,0.0309
38850.0,3.885,49.7986,1.0633,109.3446,26.6362,0.0
38855.0,3.8804,50.6825,1.0495,109.5274,26.3522,0.0
38860.0,3.8762,50.3548,1.0179,108.9249,25.9861,0.0
38865.0,3.8729,49.3397,1.0536,111.2553,25.9894,0.0
38870.0,3.8707,50.2094,1.0364,109.6591,26.1161,0.0
38875.0,3.87,49.6001,1.0423,109.2614,26.1694,0.0
38880.0,3.8707,50.0787,1.0441,109.431,25.8498,0.0
38885.0,3.8729,50.0316,1.0462,110.5458,26.2991,0.0
38890.0,3.8762,50.2801,1.0211,108.3053,26.173,0.0
38895.0,3.8804,49.316,1.029,110.015,25.7647,0.0
38900.0,3.885,49.9128,1.0402,110.3219,26.0078,0.0
38905.0,3.8896,50.3021,1.0374,109.0604,26.1604,0.0309
38910.0,3.8938,49.848,1.0471,110.4227,26.31,0.0588
38915.0,3.8971,50.2246,1.0427,109.9986,26.8336,0.0809
38920.0,3.8993,50.533,1.0426,109.9348,26.442,0.0951
38925.0,3.9,49.8193,1.0556,112.1623,26.1794,0.1
38930.0,3.8993,51.0005,1.0363,111.1702,26.4371,0.0951
38935.0,3.8971,49.8565,1.0538,110.8225,26.2723,0.0809
38940.0,3.8938,50.2526,1.0521,110.3589,26.408,0.0588
38945.0,3.8896,50.3756,1.0497,110.3457,26.4297,0.0309
38950.0,3.885,49.975,1.0387,109.9104,26.5401,0.0
38955.0,3.8804,49.7759,1.022,108.525,26.1848,0.0
38960.0,3.8762,49.7526,1.0293,109.2825,26.5583,0.0
38965.0,3.8729,49.7038,1.0545,110.1875,26.3417,0.0
38970.0,3.8707,49.8277,1.038,109.9419,25.9159,0.0
38975.0,3.87,49.5321,1.0378,109.4011,26.6372,0.0
38980.0,3.8707,50.1723,1.0369,108.7681,26.173,0.0
38985.0,3.8729,49.9959,1.0232,109.9948,25.903,0.0
38990.0,3.8762,50.3385,1.0327,109.0668,26.5573,0.0
38995.0,3.8804,49.9382,1.0314,109.25,26.7045,0.0
39000.0,3.885,50.0232,1.0455,110.6652,26.2222,0.0
39005.0,3.8896,50.3653,1.0258,110.084,26.1499,0.0309
39010.0,3.8938,50.2178,1.0523,109.183,26.2735,0.0588
39015.0,3.8971,50.3598,1.044,111.1269,26.5273,0.0809
39020.0,3.8993,50.3606,1.0661,111.6156,26.6883,0.0951
39025.0,3.9,50.0229,1.0573,111.3204,26.5176,0.1
39030.0,3.8993,50.1003,1.0345,110.4902,26.3919,0.0951
39035.0,3.8971,50.038,1.05,110.7062,26.7184,0.0809
39040.0,3.8938,50.0348,1.0445,109.959,26.2311,0.0588
39045.0,3.8896,49.758,1.0401,110.261,26.5239,0.0309
39050.0,3.885,50.2021,1.0472,110.4352,26.1464,0.0
39055.0,3.8804,50.0927,1.0227,109.4945,26.2784,0.0
39060.0,3.8762,50.2884,1.0587,109.9645,26.099,0.0
39065.0,3.8729,50.5228,1.0247,108.8312,26.0787,0.0
39070.0,3.8707,49.85,1.0244,107.8699,25.9755,0.0
39075.0,3.87,49.8198,1.0469,110.153,26.3971,0.0
39080.0,3.8707,49.8468,1.0177,108.8964,25.8833,0.0
39085.0,3.8729,50.408,1.013,107.8389,25.9011,0.0
39090.0,3.8762,49.2659,1.0495,109.7799,26.6479,0.0
39095.0,3.8804,49.7562,1.0382,110.6002,26.4022,0.0
39100.0,3.885,49.7219,1.0428,110.1207,25.606,0.0
39105.0,3.8896,50.0301,1.0365,110.7729,26.1055,0.0309
39110.0,3.8938,50.2918,1.0487,110.6161,25.8338,0.0588
39115.0,3.8971,49.5875,1.0331,109.3756,26.0804,0.0809
39120.0,3.8993,50.1755,1.0587,110.9173,25.5529,0.0951
39125.0,3.9,50.2773,1.0595,110.0109,26.3086,0.1
39130.0,3.8993,50.3651,1.0553,111.4695,26.0481,0.0951
39135.0,3.8971,50.0155,1.0214,109.5828,26.3252,0.0809
39140.0,3.8938,50.1887,1.0594,111.2204,25.8687,0.0588
39145.0,3.8896,50.0474,1.0527,110.9877,26.2519,0.0309
39150.0,3.885,49.6032,1.0476,110.6324,26.0789,0.0
39155.0,3.8804,50.0879,1.0235,109.7873,26.5097,0.0
39160.0,3.8762,50.3359,1.047,111.4515,26.443,0.0
39165.0,3.8729,49.8575,1.0057,108.6242,26.2512,0.0
39170.0,3.8707,49.638,1.0326,109.8062,25.9496,0.0
39175.0,3.87,49.9222,1.0196,108.2977,26.518,0.0
39180.0,3.8707,50.1411,1.0403,110.0661,25.6385,0.0
39185.0,3.8729,50.0246,1.0349,108.9992,25.6949,0.0
39190.0,3.8762,50.0971,1.0279,108.7995,26.0557,0.0
39195.0,3.8804,50.1929,1.0595,109.6507,26.6796,0.0
39200.0,3.885,49.9175,1.0388,109.3252,26.1095,0.0
39205.0,3.8896,50.2352,1.0567,111.0824,26.1583,0.0309
39210.0,3.8938,50.1581,1.0433,110.2275,25.883,0.0588
39215.0,3.8971,50.1638,1.0702,111.2076,26.5107,0.0809
39220.0,3.8993,50.138,1.0456,110.2006,26.5314,0.0951
39225.0,3.9,50.8756,1.0431,110.3422,26.4952,0.1
39230.0,3.8993,50.1355,1.0557,110.7003,26.1308,0.0951
39235.0,3.8971,50.4455,1.0309,109.7115,26.0877,0.0809
39240.0,3.8938,49.464,1.0524,110.0824,25.9053,0.0588
39245.0,3.8896,50.7262,1.058,110.126,26.2052,0.0309
39250.0,3.885,50.3919,1.0421,109.6918,25.8653,0.0
39255.0,3.8804,49.7649,1.0347,110.5392,25.7921,0.0
39260.0,3.8762,49.3657,1.0343,108.4461,25.9361,0.0
39265.0,3.8729,49.9881,1.0408,109.64,25.884,0.0
39270.0,3.8707,49.9529,1.0196,108.9764,25.8479,0.0
39275.0,3.87,49.2239,1.0043,107.9839,26.089,0.0
39280.0,3.8707,49.9598,1.0401,110.4278,25.9969,0.0
39285.0,3.8729,49.7598,1.0503,110.1292,25.9238,0.0
39290.0,3.8762,50.0718,1.0476,109.3242,26.0721,0.0
39295.0,3.8804,50.2616,1.0468,109.3093,25.8176,0.0
39300.0,3.885,49.7648,1.0444,109.6117,26.1355,0.0
39305.0,3.8896,50.0085,1.0253,110.1359,26.1906,0.0309
39310.0,3.8938,49.8955,1.0423,109.7742,25.8163,0.0588
39315.0,3.8971,50.4242,1.0559,110.487,26.4715,0.0809
39320.0,3.8993,50.0275,1.0432,111.3563,26.0208,0.0951
39325.0,3.9,50.4911,1.0634,110.0612,26.2684,0.1
39330.0,3.8993,50.4273,1.06,111.6927,26.5269,0.0951
39335.0,3.8971,50.1834,1.039,111.7336,26.4433,0.0809
39340.0,3.8938,50.7987,1.0354,110.4031,26.1846,0.0588
39345.0,3.8896,50.1426,1.0242,110.0992,26.0409,0.0309
39350.0,3.885,49.6818,1.0417,109.8469,26.3193,0.0
39355.0,3.8804,49.5316,1.0686,110.5011,26.2021,0.0
39360.0,3.8762,49.8994,1.047,109.7624,25.8343,0.0
39365.0,3.8729,49.7594,1.0322,108.377,25.7544,0.0
39370.0,3.8707,50.2252,1.0379,110.0818,25.411,0.0
39375.0,3.87,49.9487,1.033,109.1121,25.9576,0.0
39380.0,3.8707,49.6717,1.034,110.1185,25.9031,0.0
39385.0,3.8729,49.6384,1.0457,110.3296,26.2265,0.0
39390.0,3.8762,49.1987,1.0501,110.7775,26.0628,0.0
39395.0,3.8804,49.9328,1.0425,109.5326,26.3457,0.0
39400.0,3.885,49.9273,1.0457,111.2822,25.8816,0.0
39405.0,3.8896,50.2512,1.0596,109.5803,26.3842,0.0309
39410.0,3.8938,50.4988,1.0525,111.1075,26.0066,0.0588
39415.0,3.8971,50.0349,1.045,109.2961,26.3639,0.0809
39420.0,3.8993,49.8633,1.0501,110.2339,25.8235,0.0951
39425.0,3.9,50.4856,1.0587,111.0254,26.2518,0.1
39430.0,3.8993,50.2666,1.0539,110.9874,25.6869,0.0951
39435.0,3.8971,50.2777,1.0272,110.0156,26.0925,0.0809
39440.0,3.8938,50.0415,1.0573,110.0323,26.2337,0.0588
39445.0,3.8896,50.1174,1.0432,109.2502,25.949,0.0309
39450.0,3.885,49.9595,1.0395,110.8512,25.7678,0.0
39455.0,3.8804,50.1451,1.0216,110.7446,26.1932,0.0
39460.0,3.8762,49.7303,1.0233,109.0735,25.9115,0.0
39465.0,3.8729,49.5934,1.0427,110.8031,25.7794,0.0
39470.0,3.8707,50.0433,1.0374,109.2858,25.8886,0.0
39475.0,3.87,49.35,1.0101,109.077,26.5275,0.0
39480.0,3.8707,49.536,1.0365,108.4784,26.1617,0.0
39485.0,3.8729,49.3413,1.0174,108.7512,26.183,0.0
39490.0,3.8762,50.1237,1.0279,109.5115,26.0321,0.0
39495.0,3.8804,49.7676,1.0499,109.6186,26.0044,0.0
39500.0,3.885,50.2006,1.0561,110.9514,25.4079,0.0
39505.0,3.8896,50.3745,1.06,111.3459,25.8813,0.0309
39510.0,3.8938,50.4444,1.0544,110.368,25.9705,0.0588
39515.0,3.8971,50.4815,1.0574,110.575,25.653,0.0809
39520.0,3.8993,50.4317,1.0149,109.327,25.8516,0.0951
39525.0,3.9,50.6173,1.054,110.4311,25.6509,0.1
39530.0,3.8993,49.9932,1.0563,111.2502,26.1272,0.0951
39535.0,3.8971,50.0902,1.0426,110.9025,26.3181,0.0809
39540.0,3.8938,50.4188,1.0424,109.2388,26.355,0.0588
39545.0,3.8896,50.2191,1.0588,110.6685,26.1382,0.0309
39550.0,3.885,49.9979,1.0241,109.9424,25.7454,0.0
39555.0,3.8804,49.3017,1.0179,109.7684,25.455,0.0
39560.0,3.8762,49.8566,1.0383,109.7791,25.4551,0.0
39565.0,3.8729,49.7416,1.0392,109.083,25.5421,0.0
39570.0,3.8707,49.7084,1.0256,107.9569,25.6141,0.0
39575.0,3.87,49.6385,1.0272,108.8855,25.7873,0.0
39580.0,3.8707,48.8597,1.0327,108.9766,25.5793,0.0
39585.0,3.8729,49.5734,1.0287,109.8466,25.9373,0.0
39590.0,3.8762,49.637,1.0413,110.4139,25.8261,0.0
39595.0,3.8804,49.6216,1.0178,109.1036,25.927,0.0
39600.0,3.885,50.2821,1.046,110.4293,26.2543,0.0
39605.0,3.8896,50.4233,1.0424,109.3312,25.7191,0.0309
39610.0,3.8938,50.3705,1.0397,109.0776,26.1592,0.0588
39615.0,3.8971,50.6256,1.0695,110.9767,26.0828,0.0809
39620.0,3.8993,50.0755,1.0635,111.1369,26.0229,0.0951
39625.0,3.9,50.0232,1.0564,110.156,26.3337,0.1
39630.0,3.8993,49.9186,1.0395,110.9592,26.3236,0.0951
39635.0,3.8971,50.1501,1.0497,110.744,25.8447,0.0809
39640.0,3.8938,50.5223,1.0442,110.0553,26.0015,0.0588
39645.0,3.8896,50.1793,1.0775,110.778,26.0745,0.0309
39650.0,3.885,49.93,1.0626,109.3171,25.8885,0.0
39655.0,3.8804,49.7889,1.0333,108.0808,26.0557,0.0
39660.0,3.8762,49.6317,1.043,109.9588,25.9371,0.0
39665.0,3.8729,49.6826,1.0573,110.5528,26.2909,0.0
39670.0,3.8707,49.5658,1.0338,109.7971,25.4281,0.0
39675.0,3.87,49.6495,1.0476,109.6568,25.7719,0.0
39680.0,3.8707,49.474,1.0434,108.8566,25.5821,0.0
39685.0,3.8729,49.494,1.0446,109.6511,25.9809,0.0
39690.0,3.8762,49.9779,1.0548,109.1086,25.4582,0.0
39695.0,3.8804,50.3396,1.0265,107.7555,25.9904,0.0
39700.0,3.885,50.3706,1.0382,109.9795,25.7922,0.0
39705.0,3.8896,50.2527,1.0389,109.8567,25.8122,0.0309
39710.0,3.8938,50.5284,1.0507,110.7171,25.6756,0.0588
39715.0,3.8971,50.5451,1.0351,111.1183,25.9539,0.0809
39720.0,3.8993,50.2472,1.0467,110.1938,26.3624,0.0951
39725.0,3.9,50.4134,1.0448,110.1479,26.0922,0.1
39730.0,3.8993,49.9273,1.0408,109.8794,26.248,0.0951
39735.0,3.8971,49.8543,1.0339,110.856,26.486,0.0809
39740.0,3.8938,49.9727,1.0456,109.3059,26.1026,0.0588
39745.0,3.8896,50.3102,1.0379,109.7039,25.8553,0.0309
39750.0,3.885,50.0497,1.0361,110.3266,26.0657,0.0
39755.0,3.8804,50.0515,1.0477,109.8112,25.7667,0.0
39760.0,3.8762,49.3939,1.0156,108.71,25.7352,0.0
39765.0,3.8729,50.0173,1.036,108.4986,25.4486,0.0
39770.0,3.8707,49.8147,1.0311,110.2541,26.0393,0.0
39775.0,3.87,49.8079,1.0416,109.2533,25.7045,0.0
39780.0,3.8707,50.372,1.0341,108.9155,25.8545,0.0
39785.0,3.8729,49.9864,1.0339,109.491,25.572,0.0
39790.0,3.8762,50.0048,1.0284,108.2163,25.974,0.0
39795.0,3.8804,49.4306,1.0377,109.7709,25.7172,0.0
39800.0,3.885,50.1813,1.0429,109.8483,25.9195,0.0
39805.0,3.8896,50.2472,1.0414,108.941,26.2218,0.0309
39810.0,3.8938,50.6044,1.0471,109.6265,26.2429,0.0588
39815.0,3.8971,50.4653,1.0291,111.1643,26.0741,0.0809
39820.0,3.8993,50.338,1.0539,110.7701,25.6601,0.0951
39825.0,3.9,49.8268,1.0442,109.9959,26.859,0.1
39830.0,3.8993,50.1825,1.0422,109.2274,26.5413,0.0951
39835.0,3.8971,50.3464,1.0324,109.3968,26.2657,0.0809
39840.0,3.8938,50.1315,1.0438,109.5057,25.8651,0.0588
39845.0,3.8896,50.1492,1.0264,109.3922,25.9849,0.0309
39850.0,3.885,49.9055,1.0583,110.0843,25.8328,0.0
39855.0,3.8804,49.8461,1.0267,110.1765,26.2401,0.0
39860.0,3.8762,49.6504,1.0295,110.3338,25.9498,0.0
39865.0,3.8729,49.9784,1.041,111.1211,25.6569,0.0
39870.0,3.8707,49.3296,1.0198,109.627,25.7161,0.0
39875.0,3.87,49.5168,1.0236,108.6419,26.1088,0.0
39880.0,3.8707,49.6617,1.0189,109.7152,26.2382,0.0
39885.0,3.8729,49.9305,1.0395,108.8217,26.2438,0.0
39890.0,3.8762,50.1611,1.0475,110.7664,26.0866,0.0
39895.0,3.8804,50.2101,1.0381,110.0403,25.8785,0.0
39900.0,3.885,50.3845,1.0449,111.2493,25.1802,0.0
39905.0,3.8896,50.1638,1.0434,110.6873,26.1139,0.0309
39910.0,3.8938,50.7127,1.0431,110.0476,26.0837,0.0588
39915.0,3.8971,50.4511,1.0244,109.567,26.1552,0.0809
39920.0,3.8993,50.554,1.0584,110.9296,26.158,0.0951
39925.0,3.9,49.9061,1.0417,110.5174,25.8233,0.1
39930.0,3.8993,50.2885,1.0563,112.3071,26.29,0.0951
39935.0,3.8971,50.5166,1.0715,111.1219,26.2906,0.0809
39940.0,3.8938,50.3054,1.0436,109.4409,26.2732,0.0588
39945.0,3.8896,50.2227,1.0421,110.4387,26.3009,0.0309
39950.0,3.885,48.8777,1.0354,110.6556,26.1724,0.0
39955.0,3.8804,49.538,1.0254,108.2235,25.8761,0.0
39960.0,3.8762,49.6886,1.0238,109.8903,25.9228,0.0
39965.0,3.8729,49.4216,1.0468,110.2868,25.9338,0.0
39970.0,3.8707,49.79,1.0279,108.6022,25.9205,0.0
39975.0,3.87,49.5008,1.0268,108.6753,26.1398,0.0
39980.0,3.8707,49.1638,1.0165,109.4343,26.0626,0.0
39985.0,3.8729,49.8963,1.0238,109.4604,26.4464,0.0
39990.0,3.8762,50.2119,1.0411,109.3235,26.5161,0.0
39995.0,3.8804,49.7809,1.0426,109.3584,26.0306,0.0
40000.0,3.885,49.6037,1.0391,109.4758,25.1023,0.0
40005.0,3.8896,50.0599,1.0462,110.8096,26.4216,0.0309
40010.0,3.8938,50.1192,1.0332,110.3043,26.0237,0.0588
40015.0,3.8971,50.8285,1.0571,110.1806,25.9964,0.0809
40020.0,3.8993,50.3025,1.0295,110.2698,26.1233,0.0951
40025.0,3.9,49.9586,1.036,110.3547,26.1235,0.1
40030.0,3.8993,50.2174,1.0594,110.7492,26.3859,0.0951
40035.0,3.8971,49.8256,1.0506,110.9076,25.8268,0.0809
40040.0,3.8938,50.7435,1.0487,110.0359,25.9193,0.0588
40045.0,3.8896,50.3798,1.0614,111.5762,26.238,0.0309
40050.0,3.885,50.4148,1.0498,111.0728,26.267,0.0
40055.0,3.8804,50.3984,1.0381,109.6459,26.2309,0.0
40060.0,3.8762,49.5214,1.0456,109.3696,25.8375,0.0
40065.0,3.8729,49.3144,1.0318,109.7784,25.7623,0.0
40070.0,3.8707,49.3449,1.0218,109.4106,25.8647,0.0
40075.0,3.87,49.7342,1.0469,110.3225,26.0499,0.0
40080.0,3.8707,49.7296,1.0276,109.1338,26.3747,0.0
40085.0,3.8729,49.3886,1.0434,109.037,25.5189,0.0
40090.0,3.8762,50.0089,1.0374,109.5974,26.015,0.0
40095.0,3.8804,49.6948,1.0423,110.5828,25.7852,0.0
40100.0,3.885,49.482,1.0396,110.0109,25.7581,0.0
40105.0,3.8896,50.0368,1.0397,110.5446,26.4658,0.0309
40110.0,3.8938,50.0682,1.0399,109.307,26.4087,0.0588
40115.0,3.8971,50.1751,1.0634,110.8759,26.4248,0.0809
40120.0,3.8993,50.1229,1.0404,111.2228,26.5709,0.0951
40125.0,3.9,50.2919,1.0597,110.638,26.235,0.1
40130.0,3.8993,50.5952,1.0372,110.7679,26.2465,0.0951
40135.0,3.8971,50.3611,1.0482,111.9257,26.887,0.0809
40140.0,3.8938,49.6442,1.037,110.6272,26.253,0.0588
40145.0,3.8896,49.7988,1.0473,110.2236,26.464,0.0309
40150.0,3.885,50.0733,1.0314,109.1216,26.2429,0.0
40155.0,3.8804,50.0034,1.0423,110.8959,25.7405,0.0
40160.0,3.8762,50.3282,1.0616,110.8473,25.6573,0.0
40165.0,3.8729,49.3671,1.0453,110.5338,25.9983,0.0
40170.0,3.8707,49.8221,1.0385,109.8568,26.3936,0.0
40175.0,3.87,49.8835,1.0459,109.7155,26.3273,0.0
40180.0,3.8707,49.788,1.0381,109.8348,26.3742,0.0
40185.0,3.8729,49.6959,1.0042,107.4858,25.9285,0.0
40190.0,3.8762,49.8198,1.0369,109.7052,26.6207,0.0
40195.0,3.8804,49.9878,1.0383,109.341,26.0257,0.0
40200.0,3.885,49.7735,1.0334,109.2664,26.3751,0.0
40205.0,3.8896,49.7199,1.0565,110.5669,26.3742,0.0309
40210.0,3.8938,49.8301,1.0396,110.6904,26.3839,0.0588
40215.0,3.8971,50.5414,1.0605,110.5114,26.804,0.0809
40220.0,3.8993,49.9862,1.0477,111.1027,26.3234,0.0951
40225.0,3.9,50.9568,1.0644,110.4576,26.1786,0.1
40230.0,3.8993,49.7783,1.0474,111.0582,26.5228,0.0951
40235.0,3.8971,50.2591,1.0584,111.0139,26.4058,0.0809
40240.0,3.8938,50.0869,1.0551,110.5441,27.3263,0.0588
40245.0,3.8896,50.3768,1.02,109.0001,26.6187,0.0309
40250.0,3.885,50.0327,1.0545,109.6726,26.3105,0.0
40255.0,3.8804,49.517,1.039,110.5331,26.1121,0.0
40260.0,3.8762,49.8755,1.0449,110.2288,25.874,0.0
40265.0,3.8729,49.3159,1.0377,108.7516,26.0645,0.0
40270.0,3.8707,49.8412,1.0468,109.5706,26.3382,0.0
40275.0,3.87,50.2113,1.0418,108.884,26.669,0.0
40280.0,3.8707,50.0904,1.0352,108.9778,26.6101,0.0
40285.0,3.8729,50.0136,1.0301,109.8902,26.4186,0.0
40290.0,3.8762,49.883,1.0438,109.9784,26.3241,0.0
40295.0,3.8804,49.424,1.0305,109.1668,26.5244,0.0
40300.0,3.885,50.1581,1.0535,110.352,26.3845,0.0
40305.0,3.8896,50.5569,1.0392,110.5819,27.0008,0.0309
40310.0,3.8938,50.1421,1.0615,109.9503,26.5765,0.0588
40315.0,3.8971,50.615,1.0489,110.7162,26.6463,0.0809
40320.0,3.8993,49.8878,1.0415,110.7715,26.1463,0.0951
40325.0,3.9,50.3289,1.0423,109.3164,26.6698,0.1
40330.0,3.8993,49.9517,1.0578,110.6187,26.9316,0.0951
40335.0,3.8971,50.2795,1.0466,109.3772,26.4456,0.0809
40340.0,3.8938,49.9727,1.041,111.4584,26.5031,0.0588
40345.0,3.8896,49.9237,1.0123,109.2273,26.8586,0.0309
40350.0,3.885,49.4821,1.0481,110.2227,26.2565,0.0
40355.0,3.8804,50.1564,1.0479,110.9568,26.8555,0.0
40360.0,3.8762,49.5965,1.0371,108.5753,26.428,0.0
40365.0,3.8729,50.1586,1.0285,109.0282,26.4426,0.0
40370.0,3.8707,49.5601,1.0386,109.5624,26.2495,0.0
40375.0,3.87,49.8288,1.0412,110.4556,26.6297,0.0
40380.0,3.8707,49.7438,1.0517,109.7602,27.1697,0.0
40385.0,3.8729,49.8064,1.044,109.1056,26.7837,0.0
40390.0,3.8762,49.5087,1.0502,109.5736,26.4178,0.0
40395.0,3.8804,49.8311,1.0364,110.9018,26.9721,0.0
40400.0,3.885,49.861,1.0333,111.3657,26.668,0.0
40405.0,3.8896,50.3455,1.0333,110.4109,27.1498,0.0309
40410.0,3.8938,50.2353,1.0455,110.1572,27.0624,0.0588
40415.0,3.8971,49.8773,1.0612,110.3106,26.171,0.0809
40420.0,3.8993,50.0956,1.0677,111.9858,26.6901,0.0951
40425.0,3.9,50.1857,1.0593,111.1445,27.1976,0.1
40430.0,3.8993,50.1104,1.0485,109.2045,27.0052,0.0951
40435.0,3.8971,50.3983,1.0507,110.9555,26.7033,0.0809
40440.0,3.8938,50.1439,1.0478,110.3652,26.781,0.0588
40445.0,3.8896,49.799,1.0491,111.0786,26.4344,0.0309
40450.0,3.885,49.8394,1.037,110.7003,26.8561,0.0
40455.0,3.8804,50.3874,1.0281,109.824,27.3981,0.0
40460.0,3.8762,50.3896,1.0401,109.6543,27.0186,0.0
40465.0,3.8729,49.9811,1.0437,109.4686,27.3455,0.0
40470.0,3.8707,49.5253,1.0196,109.3981,27.0111,0.0
40475.0,3.87,49.7569,1.0357,108.6354,27.054,0.0
40480.0,3.8707,49.5722,1.0551,110.0942,27.3121,0.0
40485.0,3.8729,49.7265,1.0338,109.1424,26.9483,0.0
40490.0,3.8762,49.673,1.0185,108.5913,26.8546,0.0
40495.0,3.8804,50.2908,1.0278,109.2015,27.2157,0.0
40500.0,3.885,50.295,1.0429,110.4625,27.3818,0.0
40505.0,3.8896,49.9895,1.0658,110.9067,26.9592,0.0309
40510.0,3.8938,49.8833,1.0515,110.8327,26.9552,0.0588
40515.0,3.8971,50.2652,1.048,110.6293,27.2181,0.0809
40520.0,3.8993,49.8954,1.043,109.8074,27.4273,0.0951
40525.0,3.9,49.9586,1.0675,111.1843,27.4412,0.1
40530.0,3.8993,50.1893,1.0538,110.9306,26.8932,0.0951
40535.0,3.8971,49.5072,1.0396,109.7696,27.7208,0.0809
40540.0,3.8938,50.0254,1.0298,109.1017,27.0645,0.0588
40545.0,3.8896,50.4231,1.0382,109.8302,27.1319,0.0309
40550.0,3.885,49.9664,1.0252,108.5757,26.9414,0.0
40555.0,3.8804,49.8909,1.0514,110.2548,27.8106,0.0
40560.0,3.8762,49.759,1.0495,110.1587,27.1701,0.0
40565.0,3.8729,49.6565,1.0426,109.5217,26.8791,0.0
40570.0,3.8707,50.1144,1.0364,110.0668,27.3021,0.0
40575.0,3.87,50.1686,1.0294,109.2721,27.2867,0.0
40580.0,3.8707,49.997,1.0197,109.3194,27.0705,0.0
40585.0,3.8729,49.9363,1.0337,109.239,27.3647,0.0
40590.0,3.8762,49.8853,1.0358,108.7056,26.9973,0.0
40595.0,3.8804,49.8676,1.0356,110.201,27.1381,0.0
40600.0,3.885,49.4121,1.0571,110.0083,26.8211,0.0
40605.0,3.8896,50.0645,1.0521,111.2778,27.0551,0.0309
40610.0,3.8938,49.7659,1.0595,111.485,27.896,0.0588
40615.0,3.8971,49.7241,1.0655,109.6962,27.9038,0.0809
40620.0,3.8993,50.0547,1.0536,110.9941,27.5475,0.0951
40625.0,3.9,50.7732,1.0415,109.6223,27.9705,0.1
40630.0,3.8993,50.2395,1.0736,111.8777,27.5238,0.0951
40635.0,3.8971,49.8445,1.0629,110.671,27.4982,0.0809
40640.0,3.8938,50.2595,1.0426,110.3448,27.5565,0.0588
40645.0,3.8896,50.3986,1.0369,109.9777,27.486,0.0309
40650.0,3.885,50.0803,1.0387,109.718,27.4337,0.0
40655.0,3.8804,50.1237,1.0413,110.526,27.7438,0.0
40660.0,3.8762,49.3106,1.0375,109.262,27.4705,0.0
40665.0,3.8729,49.5558,1.0331,110.9706,27.5948,0.0
40670.0,3.8707,49.8054,1.0307,109.1634,27.6701,0.0
40675.0,3.87,49.5079,1.0365,108.5218,27.519,0.0
40680.0,3.8707,50.0205,1.0489,109.5001,27.2038,0.0
40685.0,3.8729,50.0545,1.0251,108.7273,27.1466,0.0
40690.0,3.8762,50.077,1.0342,109.5605,27.5723,0.0
40695.0,3.8804,50.1048,1.0357,109.4407,27.5514,0.0
40700.0,3.885,49.9534,1.0376,110.2821,27.6797,0.0
40705.0,3.8896,49.589,1.0405,109.9046,27.7175,0.0309
40710.0,3.8938,50.3405,1.0465,110.4843,28.4267,0.0588
40715.0,3.8971,50.0753,1.0343,109.1191,27.4989,0.0809
40720.0,3.8993,50.155,1.0357,110.6578,27.3727,0.0951
40725.0,3.9,50.7063,1.0552,111.4778,27.9782,0.1
40730.0,3.8993,49.9825,1.0591,111.0081,27.8113,0.0951
40735.0,3.8971,50.1596,1.0534,110.3297,27.9808,0.0809
40740.0,3.8938,49.8919,1.0529,111.8472,28.0323,0.0588
40745.0,3.8896,49.9104,1.0438,110.8598,28.1833,0.0309
40750.0,3.885,50.1716,1.0691,110.9016,27.4569,0.0
40755.0,3.8804,50.1148,1.0392,111.3534,27.666,0.0
40760.0,3.8762,49.6317,1.0429,109.5036,27.8885,0.0
40765.0,3.8729,50.2009,1.0336,111.1899,27.9587,0.0
40770.0,3.8707,50.0751,1.0518,110.0546,28.3111,0.0
40775.0,3.87,50.0788,1.0504,109.9154,28.0124,0.0
40780.0,3.8707,49.5355,1.0468,110.178,27.7847,0.0
40785.0,3.8729,49.7236,1.0385,108.8246,27.6157,0.0
40790.0,3.8762,50.2106,1.0338,109.2628,27.7486,0.0
40795.0,3.8804,49.4962,1.0248,108.5866,27.8015,0.0
40800.0,3.885,49.6004,1.0613,111.5268,28.1781,0.0
40805.0,3.8896,49.6962,1.0294,109.9677,28.1431,0.0309
40810.0,3.8938,50.336,1.0341,109.8999,27.8081,0.0588
40815.0,3.8971,50.2371,1.0272,109.8975,28.0816,0.0809
40820.0,3.8993,49.8654,1.0608,110.1859,28.4496,0.0951
40825.0,3.9,50.2378,1.039,109.493,28.3439,0.1
40830.0,3.8993,50.2303,1.0302,109.9447,28.4092,0.0951
40835.0,3.8971,50.5496,1.0527,109.3414,28.36,0.0809
40840.0,3.8938,50.1356,1.031,109.5404,28.6562,0.0588
40845.0,3.8896,49.9832,1.0233,110.8449,28.2853,0.0309
40850.0,3.885,49.5374,1.0489,110.0932,28.102,0.0
40855.0,3.8804,50.0814,1.0435,109.8447,27.9418,0.0
40860.0,3.8762,49.3265,1.0288,110.5197,28.2099,0.0
40865.0,3.8729,50.0751,1.0461,110.2319,27.5228,0.0
40870.0,3.8707,49.9669,1.0488,110.1441,28.0843,0.0
40875.0,3.87,49.4644,1.0424,110.2619,28.0902,0.0
40880.0,3.8707,49.6793,1.0331,109.29,27.8266,0.0
40885.0,3.8729,49.9908,1.0359,109.9441,27.9757,0.0
40890.0,3.8762,50.4397,1.0401,109.6621,28.4621,0.0
40895.0,3.8804,49.8606,1.0467,109.8249,28.378,0.0
40900.0,3.885,50.5075,1.0411,109.8935,28.4109,0.0
40905.0,3.8896,50.6856,1.0471,110.469,28.5272,0.0309
40910.0,3.8938,50.6381,1.0374,108.3774,28.5344,0.0588
40915.0,3.8971,50.1977,1.0545,110.3422,28.874,0.0809
40920.0,3.8993,50.249,1.0545,109.9768,28.6343,0.0951
40925.0,3.9,49.9448,1.0538,110.5168,28.2651,0.1
40930.0,3.8993,50.1724,1.0474,111.5599,29.0487,0.0951
40935.0,3.8971,49.9373,1.0473,109.7715,28.7313,0.0809
40940.0,3.8938,50.5742,1.0395,109.9487,28.4771,0.0588
40945.0,3.8896,49.8553,1.061,110.7469,28.2882,0.0309
40950.0,3.885,49.6395,1.0403,109.169,28.6731,0.0
40955.0,3.8804,49.685,1.0485,109.8037,28.5174,0.0
40960.0,3.8762,49.8676,1.0356,109.5478,28.9173,0.0
40965.0,3.8729,50.219,1.0028,107.8333,28.423,0.0
40970.0,3.8707,49.7147,1.0369,109.8636,28.2978,0.0
40975.0,3.87,49.3697,1.0032,108.8151,28.7427,0.0
40980.0,3.8707,50.2687,1.027,108.0884,28.7763,0.0
40985.0,3.8729,49.5977,1.0186,109.2963,28.6274,0.0
40990.0,3.8762,50.1341,1.0319,109.3695,28.8064,0.0
40995.0,3.8804,50.311,1.0459,110.6015,28.6887,0.0
41000.0,3.885,49.8544,1.0467,110.458,28.8218,0.0
41005.0,3.8896,50.227,1.0487,110.636,29.1199,0.0309
41010.0,3.8938,50.4018,1.0698,111.5806,29.0457,0.0588
41015.0,3.8971,50.0438,1.0494,108.3687,28.8991,0.0809
41020.0,3.8993,49.9834,1.0553,112.5113,29.3197,0.0951
41025.0,3.9,50.4032,1.031,109.5969,28.4167,0.1
41030.0,3.8993,50.16,1.0257,110.134,29.5324,0.0951
41035.0,3.8971,50.6635,1.0436,109.6292,28.5905,0.0809
41040.0,3.8938,49.8867,1.0315,108.8137,28.8459,0.0588
41045.0,3.8896,49.7181,1.0353,108.5621,28.9695,0.0309
41050.0,3.885,49.9008,1.0312,109.0744,28.9156,0.0
41055.0,3.8804,50.2669,1.03,110.9017,29.1762,0.0
41060.0,3.8762,49.8107,1.0593,111.103,28.6372,0.0
41065.0,3.8729,49.384,1.0529,111.6055,28.9524,0.0
41070.0,3.8707,50.1474,1.0331,108.794,28.7401,0.0
41075.0,3.87,49.448,1.0458,109.683,28.9699,0.0
41080.0,3.8707,49.7515,1.0338,109.2095,28.906,0.0
41085.0,3.8729,49.9223,1.0226,108.4725,28.9854,0.0
41090.0,3.8762,49.4904,1.037,109.0152,28.8766,0.0
41095.0,3.8804,49.8336,1.0294,109.4856,28.947,0.0
41100.0,3.885,50.0118,1.0317,108.473,29.2113,0.0
41105.0,3.8896,50.3962,1.0464,110.1624,29.4404,0.0309
41110.0,3.8938,50.1459,1.0505,110.3849,29.1153,0.0588
41115.0,3.8971,49.9418,1.0525,109.3148,29.0994,0.0809
41120.0,3.8993,50.3882,1.0547,110.6754,29.5098,0.0951
41125.0,3.9,50.2109,1.0454,109.9782,29.3742,0.1
41130.0,3.8993,49.9595,1.0427,109.8649,29.601,0.0951
41135.0,3.8971,50.7934,1.0632,110.4666,29.1641,0.0809
41140.0,3.8938,50.5483,1.0381,110.6567,28.9309,0.0588
41145.0,3.8896,50.3732,1.0294,109.5656,29.2191,0.0309
41150.0,3.885,50.1404,1.0247,109.3755,29.1327,0.0
41155.0,3.8804,50.5638,1.0507,109.1444,29.2765,0.0
41160.0,3.8762,49.6184,1.0468,109.297,29.1135,0.0
41165.0,3.8729,49.1016,1.0422,109.3067,29.443,0.0
41170.0,3.8707,49.812,1.0447,109.8067,29.1826,0.0
41175.0,3.87,50.4289,1.0258,108.3524,29.303,0.0
41180.0,3.8707,49.4319,1.0247,109.3235,29.3303,0.0
41185.0,3.8729,49.9803,1.0295,110.128,29.379,0.0
41190.0,3.8762,50.1191,1.0435,109.6967,29.3754,0.0
41195.0,3.8804,49.9457,1.0582,110.9316,29.5689,0.0
41200.0,3.885,49.6995,1.0333,109.7489,29.3066,0.0
41205.0,3.8896,50.4394,1.0237,110.2151,29.9196,0.0309
41210.0,3.8938,50.2032,1.052,111.0751,29.5703,0.0588
41215.0,3.8971,50.7712,1.0257,110.4645,29.3525,0.0809
41220.0,3.8993,50.0398,1.0584,109.6418,29.7664,0.0951
41225.0,3.9,50.3511,1.0437,110.3988,29.5316,0.1
41230.0,3.8993,50.3548,1.0414,110.4881,29.9211,0.0951
41235.0,3.8971,50.5985,1.0456,109.0719,30.3034,0.0809
41240.0,3.8938,49.5009,1.035,109.7809,29.5387,0.0588
41245.0,3.8896,49.9624,1.033,110.2178,29.7941,0.0309
41250.0,3.885,49.5435,1.0432,110.4151,29.2432,0.0
41255.0,3.8804,49.8213,1.0529,110.6875,29.7666,0.0
41260.0,3.8762,49.9,1.027,109.3969,29.4072,0.0
41265.0,3.8729,49.3753,1.0322,109.6906,29.4565,0.0
41270.0,3.8707,50.0799,1.042,110.0304,29.3333,0.0
41275.0,3.87,50.2228,1.0263,108.5555,29.8015,0.0
41280.0,3.8707,49.7486,1.0428,108.861,29.8947,0.0
41285.0,3.8729,49.3854,1.0444,108.9519,29.687,0.0
41290.0,3.8762,49.8425,1.0328,109.9922,29.5152,0.0
41295.0,3.8804,49.6363,1.0345,111.5673,30.1874,0.0
41300.0,3.885,49.8163,1.0236,109.1901,29.6656,0.0
41305.0,3.8896,49.8037,1.0483,109.9012,29.3758,0.0309
41310.0,3.8938,50.4069,1.0404,110.642,30.0895,0.0588
41315.0,3.8971,49.601,1.076,112.0535,29.7485,0.0809
41320.0,3.8993,50.0724,1.0512,109.5164,30.3097,0.0951
41325.0,3.9,50.1125,1.0362,110.5244,29.9911,0.1
41330.0,3.8993,49.8403,1.0448,110.2543,30.2464,0.0951
41335.0,3.8971,49.7298,1.0466,110.6119,30.4409,0.0809
41340.0,3.8938,49.9974,1.0289,108.7551,29.7714,0.0588
41345.0,3.8896,50.1648,1.0812,111.7089,29.9066,0.0309
41350.0,3.885,50.289,1.055,110.7598,29.9989,0.0
41355.0,3.8804,50.2447,1.0438,109.6382,30.372,0.0
41360.0,3.8762,49.6835,1.0546,109.2338,29.7972,0.0
41365.0,3.8729,49.8823,1.0351,109.6388,29.7959,0.0
41370.0,3.8707,49.528,1.016,108.8998,30.0586,0.0
41375.0,3.87,49.6121,1.0214,109.408,29.8032,0.0
41380.0,3.8707,49.2122,1.0317,109.2285,30.0087,0.0
41385.0,3.8729,50.158,1.0459,110.2617,29.6196,0.0
41390.0,3.8762,50.1978,1.0353,110.0268,30.6098,0.0
41395.0,3.8804,50.3129,1.0372,109.5468,29.7766,0.0
41400.0,3.885,50.4423,1.0303,109.817,30.0948,0.0
41405.0,3.8896,49.7886,1.0312,109.1251,30.2288,0.0309
41410.0,3.8938,49.8442,1.0489,111.3646,30.7721,0.0588
41415.0,3.8971,49.903,1.0727,111.7869,30.011,0.0809
41420.0,3.8993,50.3253,1.0531,110.5729,30.8745,0.0951
41425.0,3.9,50.5192,1.0416,110.4657,30.5902,0.1
41430.0,3.8993,50.414,1.0588,111.3976,30.5127,0.0951
41435.0,3.8971,50.8887,1.0599,111.6859,30.1558,0.0809
41440.0,3.8938,50.0367,1.0695,111.3673,30.5263,0.0588
41445.0,3.8896,50.3155,1.0437,110.9889,30.1754,0.0309
41450.0,3.885,50.1793,1.0361,110.0267,30.6412,0.0
41455.0,3.8804,50.4893,1.0467,109.421,30.0498,0.0
41460.0,3.8762,49.9596,1.0335,109.7111,30.2369,0.0
41465.0,3.8729,49.6714,1.0196,109.3082,30.1074,0.0
41470.0,3.8707,50.0576,1.0011,108.5904,29.9922,0.0
41475.0,3.87,49.3368,1.0544,110.2771,30.4312,0.0
41480.0,3.8707,49.836,1.0358,110.0102,30.4011,0.0
41485.0,3.8729,49.6278,1.0449,110.1317,30.6047,0.0
41490.0,3.8762,49.5049,1.0434,108.8207,29.9045,0.0
41495.0,3.8804,50.5616,1.0342,110.1874,30.671,0.0
41500.0,3.885,49.6935,1.042,110.2527,31.0913,0.0
41505.0,3.8896,50.2815,1.0441,111.6657,30.4119,0.0309
41510.0,3.8938,50.4784,1.0329,108.6793,31.0539,0.0588
41515.0,3.8971,49.6045,1.0517,111.1217,30.5609,0.0994
41520.0,3.8993,50.4216,1.0658,110.5279,30.3181,0.0951
41525.0,3.9,50.4021,1.0516,110.7901,30.6053,0.1
41530.0,3.8993,50.1449,1.0423,109.3704,30.9495,0.0951
41535.0,3.8971,49.8562,1.0561,111.5893,30.4695,0.0809
41540.0,3.8938,50.2507,1.0216,109.7553,30.5087,0.0688
41545.0,3.8896,50.2597,1.0514,110.7146,30.7781,0.0309
41550.0,3.885,49.5232,1.0591,110.8394,30.5968,0.0
41555.0,3.8804,49.7783,1.0233,109.2876,30.7084,0.0
41560.0,3.8762,49.3174,1.0543,110.7247,30.5923,0.0
41565.0,3.8729,49.5259,1.0396,109.1892,30.632,0.0
41570.0,3.8707,50.2208,1.046,110.322,30.3949,0.0
41575.0,3.87,49.2926,1.0364,110.033,30.5658,0.0
41580.0,3.8707,49.6859,1.0253,107.54,30.2954,0.0
41585.0,3.8729,49.0959,1.0377,109.8149,30.8826,0.0
41590.0,3.8762,50.5078,1.0502,110.4453,30.447,0.0
41595.0,3.8804,49.9905,1.0284,109.4106,30.9413,0.0
41600.0,3.885,50.1495,1.0557,111.2063,30.6587,0.0228
41605.0,3.8896,49.7533,1.0424,110.072,30.8255,0.0478
41610.0,3.8938,49.9522,1.0165,109.9504,30.7045,0.0588
41615.0,3.8971,50.7266,1.053,110.2661,30.6188,0.0809
41620.0,3.8993,50.4824,1.0429,110.5488,30.4691,0.0973
41625.0,3.9,50.2043,1.0292,111.1193,30.6599,0.1256
41630.0,3.8993,50.1335,1.0316,109.9813,30.8465,0.1247
41635.0,3.8971,50.278,1.0351,110.9137,30.97,0.0871
41640.0,3.8938,50.3901,1.0317,109.0227,31.1472,0.0743
41645.0,3.8896,49.3455,1.0403,109.7612,30.7521,0.0435
41650.0,3.885,49.6123,1.0423,110.1459,30.6073,0.0124
41655.0,3.8804,50.1246,1.0547,110.5853,30.4312,0.0
41660.0,3.8762,50.3598,1.0371,110.8016,30.8805,0.0
41665.0,3.8729,49.4385,1.0431,109.1107,31.0833,0.0
41670.0,3.8707,49.8489,1.0343,109.6093,31.0429,0.0
41675.0,3.87,50.1265,1.0656,110.02,30.9065,0.0
41680.0,3.8707,49.4287,1.0263,108.6039,30.906,0.0
41685.0,3.8729,49.8974,1.0374,109.5291,31.2019,0.0
41690.0,3.8762,49.9367,1.0536,109.4796,30.9034,0.0
41695.0,3.8804,49.512,1.0292,109.2111,31.0333,0.0
41700.0,3.885,49.5107,1.0501,111.1912,30.8474,0.0
41705.0,3.8896,50.2686,1.0459,110.1174,30.6429,0.0309
41710.0,3.8938,49.5678,1.046,108.7079,30.8635,0.0588
41715.0,3.8971,50.4788,1.0479,110.3572,31.0745,0.0846
41720.0,3.8993,50.0247,1.0269,109.2301,31.1224,0.0951
41725.0,3.9,49.9777,1.0397,109.6801,31.605,0.1076
41730.0,3.8993,49.9262,1.0724,112.2644,31.1452,0.0951
41735.0,3.8971,50.0331,1.0413,110.627,31.407,0.0809
41740.0,3.8938,50.7512,1.0475,110.6079,30.979,0.0588
41745.0,3.8896,50.0371,1.0452,109.9047,30.9765,0.0309
41750.0,3.885,50.4522,1.0385,108.8909,30.6842,0.0374
41755.0,3.8804,50.1542,1.0649,109.9298,30.7928,0.0
41760.0,3.8762,49.7411,1.0241,109.7229,31.0765,0.0
41765.0,3.8729,49.3698,1.0272,108.4314,30.9215,0.0
41770.0,3.8707,49.3628,1.0282,110.3555,31.1419,0.0
41775.0,3.87,49.4898,1.0413,109.4874,30.952,0.0
41780.0,3.8707,49.3913,1.0405,109.0884,30.8336,0.0
41785.0,3.8729,50.0237,1.0564,110.9562,31.4877,0.0
41790.0,3.8762,49.842,1.0243,110.2512,30.9678,0.0
41795.0,3.8804,49.4309,1.0521,109.354,31.3312,0.0
41800.0,3.885,49.9537,1.0296,109.7116,30.9938,0.0308
41805.0,3.8896,50.141,1.0591,110.0735,31.325,0.0911
41810.0,3.8938,49.8063,1.0481,111.8969,31.4284,0.0928
41815.0,3.8971,49.9485,1.0558,110.9916,31.2886,0.099
41820.0,3.8993,50.4578,1.0668,111.3767,30.676,0.1378
41825.0,3.9,50.5116,1.0521,109.5212,31.2832,0.1529
41830.0,3.8993,50.1764,1.0393,110.5321,31.5855,0.1423
41835.0,3.8971,50.0428,1.0438,110.8709,31.3949,0.158
41840.0,3.8938,50.0813,1.0408,109.1001,31.3477,0.139
41845.0,3.8896,50.1855,1.0325,109.8322,30.7701,0.1253
41850.0,3.885,50.1663,1.0462,110.7671,30.9803,0.1254
41855.0,3.8804,49.6878,1.0338,110.0413,31.2229,0.1045
41860.0,3.8762,49.6016,1.0537,110.5473,31.1867,0.1032
41865.0,3.8729,49.9317,1.0373,109.7153,31.3604,0.0774
41870.0,3.8707,50.3414,1.0293,109.376,31.0049,0.0536
41875.0,3.87,49.4016,1.044,109.9919,31.1408,0.0787
41880.0,3.8707,49.5818,1.0428,109.6788,31.0562,0.1025
41885.0,3.8729,49.3506,1.0288,109.5752,30.8321,0.1421
41890.0,3.8762,50.4407,1.0367,109.2349,30.5533,0.1788
41895.0,3.8804,50.0445,1.0267,108.4799,31.2719,0.2104
41900.0,3.885,49.9959,1.0554,110.6933,31.259,0.2718
41905.0,3.8896,50.1768,1.0438,110.9772,31.1122,0.3292
41910.0,3.8938,50.0474,1.0324,109.4007,30.9086,0.3963
41915.0,3.8971,50.3352,1.0331,109.9541,31.5086,0.4281
41920.0,3.8993,49.8954,1.0712,110.426,31.3106,0.4603
41925.0,3.9,50.1118,1.047,109.7557,31.5281,0.4686
41930.0,3.8993,50.5899,1.0349,110.5168,31.8519,0.479
41935.0,3.8971,49.6958,1.0588,110.8467,30.8334,0.4892
41940.0,3.8938,50.1194,1.0411,109.8691,31.1648,0.4576
41945.0,3.8896,50.8891,1.0316,110.9151,31.2496,0.4405
41950.0,3.885,49.9409,1.0373,109.6138,31.6232,0.4102
41955.0,3.8804,49.6507,1.0386,110.9934,30.8078,0.3948
41960.0,3.8762,50.282,1.0355,108.247,31.6628,0.364
41965.0,3.8729,49.4394,1.0384,108.8343,31.1832,0.3463
41970.0,3.8707,50.1778,1.0332,110.7575,31.1074,0.3527
41975.0,3.87,49.4807,1.0549,111.2055,31.0779,0.3428
41980.0,3.8707,49.5147,1.0249,107.7586,31.0289,0.3563
41985.0,3.8729,49.6018,1.0372,108.8573,31.4245,0.3924
41990.0,3.8762,49.8042,1.0519,110.744,30.9316,0.4279
41995.0,3.8804,50.141,1.0411,109.4445,31.3298,0.4891
42000.0,3.885,50.0603,1.0349,109.7785,31.1966,0.5537
42005.0,3.8896,50.1816,1.0382,109.2791,31.1512,0.5711
42010.0,3.8938,50.1433,1.039,109.1606,32.0326,0.6207
42015.0,3.8971,50.4158,1.0604,109.5961,31.5266,0.6615
42020.0,3.8993,50.4966,1.0332,109.1183,31.5989,0.7023
42025.0,3.9,50.4403,1.0438,110.242,31.7396,0.7213
42030.0,3.8993,50.2855,1.0532,110.6308,31.0947,0.7095
42035.0,3.8971,50.6488,1.0369,108.5207,31.8689,0.7365
42040.0,3.8938,49.4874,1.0499,109.3085,30.7724,0.7173
42045.0,3.8896,49.9818,1.0373,109.8204,31.1676,0.7284
42050.0,3.885,49.6405,1.0546,109.7474,31.2004,0.6961
42055.0,3.8804,49.9873,1.0312,110.5525,31.416,0.674
42060.0,3.8762,49.9857,1.0302,109.1257,31.285,0.6754
42065.0,3.8729,49.4102,1.0437,109.3166,31.1569,0.6464
42070.0,3.8707,49.4103,1.0457,109.9247,31.1757,0.6403
42075.0,3.87,49.6002,1.0319,110.3818,30.9281,0.6598
42080.0,3.8707,49.5934,1.0364,109.2827,30.8069,0.6475
42085.0,3.8729,50.0683,1.0552,110.0236,31.3852,0.6657
42090.0,3.8762,49.8823,1.0371,110.3355,31.4112,0.7028
42095.0,3.8804,50.7246,1.0378,109.5516,31.6766,0.7349
42100.0,3.885,50.2001,1.0191,108.271,31.1301,0.8005
42105.0,3.8896,50.3508,1.0464,111.3668,31.5479,0.8395
42110.0,3.8938,50.0517,1.0549,110.7765,31.3462,0.8963
42115.0,3.8971,50.2054,1.0511,109.5655,31.7484,0.9485
42120.0,3.8993,50.3597,1.0598,111.2602,31.728,0.9533
42125.0,3.9,50.2623,1.046,110.4037,31.533,0.9823
42130.0,3.8993,50.4004,1.0563,110.5951,31.3882,1.0089
42135.0,3.8971,50.3061,1.0424,109.9819,31.6921,1.0036
42140.0,3.8938,50.2576,1.0562,110.2096,31.5805,1.006
42145.0,3.8896,50.1038,1.0673,111.869,31.2058,1.0163
42150.0,3.885,50.1518,1.0691,111.3109,30.9985,1.0522
42155.0,3.8804,49.5753,1.0379,108.7221,31.2117,1.0506
42160.0,3.8762,49.9788,1.0474,110.2292,31.6205,1.0582
42165.0,3.8729,49.9491,1.0334,110.1811,31.4947,1.0778
42170.0,3.8707,49.635,1.034,109.1558,30.9082,1.0698
42175.0,3.87,49.8562,1.0246,108.5842,30.8864,1.1101
42180.0,3.8707,49.7865,1.0299,109.6392,31.5037,1.1348
42185.0,3.8729,49.8414,1.0317,109.2332,30.9216,1.1798
42190.0,3.8762,49.6893,1.0469,110.4807,31.3652,1.221
42195.0,3.8804,49.6073,1.0363,109.3639,31.1248,1.2693
42200.0,3.885,50.1044,1.053,111.0123,31.7284,1.3245
42205.0,3.8896,49.9754,1.0569,111.8242,31.1767,1.4049
42210.0,3.8938,50.9185,1.0384,110.5213,31.6958,1.4768
42215.0,3.8971,49.9782,1.0581,112.7261,31.4881,1.5469
42220.0,3.8993,50.0648,1.0507,110.2522,31.5249,1.5736
42225.0,3.9,49.8861,1.0523,111.3201,30.9752,1.6159
42230.0,3.8993,50.472,1.037,109.9451,30.9082,1.6352
42235.0,3.8971,50.5101,1.0478,110.6276,31.3808,1.6672
42240.0,3.8938,50.6307,1.053,110.5273,31.4629,1.704
42245.0,3.8896,49.8992,1.0321,108.5565,31.0763,1.717
42250.0,3.885,50.0251,1.0259,108.8027,31.0372,1.703
42255.0,3.8804,49.8264,1.0303,109.8341,31.4015,1.6765
42260.0,3.8762,49.6808,1.036,110.2041,31.358,1.6603
42265.0,3.8729,49.9419,1.0518,110.5064,31.1476,1.65
42270.0,3.8707,49.0919,1.0297,109.6617,31.3537,1.6458
42275.0,3.87,49.8941,1.0387,110.0907,30.8555,1.6571
42280.0,3.8707,49.4908,1.0293,110.1831,31.0651,1.7009
42285.0,3.8729,49.551,1.0421,110.4639,31.585,1.7421
42290.0,3.8762,49.5492,1.0394,110.1012,31.2209,1.7928
42295.0,3.8803,49.5673,1.0515,109.9955,31.2747,1.8563
42300.0,3.885,49.5815,1.0241,109.074,31.8634,1.9157
42305.0,3.8896,50.454,1.06,110.8375,30.9808,1.9681
42310.0,3.8938,50.7526,1.0398,111.1833,31.5688,2.009
42315.0,3.8971,50.0435,1.0548,110.8622,31.8161,2.073
42320.0,3.8992,50.0379,1.0477,109.5297,31.3374,2.146
42325.0,3.9,50.4193,1.0517,110.4273,31.6379,2.1888
42330.0,3.8992,50.3519,1.0382,110.3859,31.1672,2.2176
42335.0,3.8971,50.2089,1.0408,110.0294,31.2166,2.2554
42340.0,3.8938,49.8675,1.0475,108.907,31.4483,2.2705
42345.0,3.8896,50.126,1.0406,110.9507,31.5067,2.2435
42350.0,3.885,50.0383,1.0404,109.9432,31.5377,2.2316
42355.0,3.8803,49.7559,1.0353,110.5613,31.6002,2.2331
42360.0,3.8761,50.4359,1.0306,109.6535,31.1458,2.2336
42365.0,3.8728,49.8394,1.044,110.0484,31.4244,2.2551
42370.0,3.8707,50.0314,0.9962,107.5181,31.0157,2.2807
42375.0,3.87,50.2399,1.04,110.0987,31.3159,2.2955
42380.0,3.8707,49.3391,1.0192,109.7085,31.146,2.3243
42385.0,3.8728,50.2997,1.0161,107.7726,31.2232,2.3579
42390.0,3.8761,49.7287,1.031,108.5053,31.2471,2.3947
42395.0,3.8803,49.7688,1.0617,110.2029,30.7781,2.4385
42400.0,3.8849,49.9939,1.0355,109.8519,30.9408,2.5
42405.0,3.8896,50.0814,1.0431,110.6466,31.29,2.5825
42410.0,3.8937,49.5767,1.0602,110.0589,30.8804,2.6359
42415.0,3.8971,50.1908,1.0473,110.4081,31.5392,2.6697
42420.0,3.8992,50.1264,1.0281,109.2691,31.5666,2.7184
42425.0,3.8999,50.6606,1.0508,110.4148,31.4338,2.7673
42430.0,3.8992,50.4219,1.0496,110.576,31.0602,2.7825
42435.0,3.897,50.3726,1.0444,109.5368,31.6601,2.7896
42440.0,3.8937,49.6659,1.0349,108.2285,31.7869,2.7976
42445.0,3.8895,50.0904,1.0377,110.212,31.2683,2.8069
42450.0,3.8849,50.102,1.0477,111.3231,31.3085,2.8042
42455.0,3.8802,49.8105,1.0317,108.7541,31.1806,2.7964
42460.0,3.876,49.9839,1.053,110.2643,31.2165,2.7883
42465.0,3.8727,49.7633,1.0285,109.117,31.0164,2.8201
42470.0,3.8706,50.1007,1.0205,109.4374,31.0119,2.8148
42475.0,3.8698,49.5803,1.031,108.7326,31.2351,2.8582
42480.0,3.8706,49.214,1.0476,110.1137,31.5978,2.9037
42485.0,3.8726,49.5905,1.0517,110.2641,30.6781,2.9241
42490.0,3.876,49.5581,1.0524,109.2547,31.0307,2.9823
42495.0,3.8801,49.4692,1.0416,110.2633,30.7987,3.0472
42500.0,3.8848,50.0589,1.0298,110.1077,31.5334,3.0948
42505.0,3.8894,50.0753,1.0507,111.0606,31.0301,3.1611
42510.0,3.8935,50.2519,1.0608,111.0015,30.8532,3.2141
42515.0,3.8969,50.129,1.0545,110.7134,31.4019,3.2622
42520.0,3.899,49.7934,1.0722,110.867,31.6949,3.3018
42525.0,3.8997,50.3674,1.0462,110.7535,31.4272,3.3357
42530.0,3.8989,50.4845,1.0516,111.527,31.3002,3.3694
42535.0,3.8968,50.3407,1.0546,110.4122,31.325,3.3849
42540.0,3.8934,50.4206,1.0428,110.2666,31.5383,3.4004
42545.0,3.8891,50.0396,1.0124,109.9261,30.9192,3.4356
42550.0,3.8845,50.1481,1.047,109.6343,31.0584,3.4216
42555.0,3.8798,49.4901,1.031,108.6965,30.9218,3.4027
42560.0,3.8756,49.2797,1.0393,110.5567,30.6961,3.4256
42565.0,3.8722,49.5545,1.0349,107.4418,30.8676,3.4446
42570.0,3.8701,49.5715,1.0434,109.9322,31.2002,3.465
42575.0,3.8693,49.4232,1.0381,108.7943,31.0524,3.5116
42580.0,3.8699,49.571,1.0242,108.3829,31.074,3.5659
42585.0,3.872,50.2774,1.0202,108.915,30.9656,3.6258
42590.0,3.8752,49.5033,1.0328,108.7788,31.0878,3.6936
42595.0,3.8792,50.1032,1.0295,110.4407,30.7934,3.7735
42600.0,3.8837,49.7601,1.0475,109.1947,30.9572,3.8424
42605.0,3.8883,50.2164,1.0263,108.703,31.1236,3.9071
42610.0,3.8925,50.3992,1.0504,110.9283,31.1815,3.9477
42615.0,3.8957,50.1475,1.0492,110.8582,31.22,3.9982
42620.0,3.8977,50.5022,1.0601,111.0238,31.1214,4.0442
42625.0,3.8983,50.1945,1.056,110.3778,31.0636,4.0802
42630.0,3.8978,50.3491,1.0436,110.7788,31.9347,4.1121
42635.0,3.8954,50.5161,1.0512,109.8685,31.3452,4.1257
42640.0,3.8918,50.0447,1.033,108.2545,31.1832,4.1493
42645.0,3.8874,50.2272,1.0508,109.8148,30.9744,4.1454
42650.0,3.8826,50.0561,1.0252,108.7574,30.8682,4.1308
42655.0,3.8778,49.8691,1.0526,110.9976,30.8965,4.1468
42660.0,3.8734,50.5229,1.04,110.3557,30.9551,4.1659
42665.0,3.8695,50.0567,1.0491,111.0831,30.3732,4.1703
42670.0,3.8671,49.7598,1.0375,110.2424,30.4242,4.2092
42675.0,3.8662,49.3076,1.0295,108.5398,30.6445,4.244
42680.0,3.8668,49.9813,1.0303,107.9593,30.8574,4.2896
42685.0,3.8686,50.0033,0.9982,107.8986,30.7616,4.335
42690.0,3.872,50.1342,1.0356,109.689,31.2187,4.3917
42695.0,3.875,49.7061,1.0473,110.3289,30.5149,4.4554
42700.0,3.8795,50.0172,1.037,109.6347,30.7385,4.5153
42705.0,3.885,50.0843,1.0089,108.6942,31.3473,4.5359
42710.0,3.8883,50.058,1.0453,110.3001,31.0364,4.6065
42715.0,3.8911,49.8783,1.0419,111.1587,31.2525,4.6838
42720.0,3.893,49.7616,1.0399,109.0359,31.5599,4.7514
42725.0,3.8921,49.6618,1.0357,109.0311,30.8755,4.7907
42730.0,3.8915,50.736,1.0471,110.7837,31.0113,4.7943
42735.0,3.8887,50.3757,1.0421,110.4963,30.9413,4.8113
42740.0,3.8834,50.2468,1.0433,110.9954,30.4821,4.844
42745.0,3.8793,49.8065,1.0359,110.0171,30.8458,4.8578
42750.0,3.8742,50.2211,1.0386,108.3078,31.0919,4.8737
42755.0,3.8682,50.0598,1.0206,108.1832,30.955,4.8925
42760.0,3.8633,49.7146,1.0132,107.4161,30.9274,4.8915
42765.0,3.8583,49.8722,1.0505,109.6271,30.6401,4.9056
42770.0,3.8546,49.6761,1.0199,108.2802,30.5432,4.931
42775.0,3.8542,49.2709,1.0282,108.9942,31.0118,4.9595
42780.0,3.8518,49.3138,1.017,109.5276,30.5721,5.011
42785.0,3.8524,49.3085,1.0336,108.8239,30.7859,5.0769
42790.0,3.8541,49.6332,1.0414,108.8179,30.781,5.1332
42795.0,3.8596,49.8356,1.0287,108.1734,31.142,5.1618
42800.0,3.8622,50.0612,1.0468,110.1574,31.0604,5.2239
42805.0,3.8625,49.8662,1.0367,109.621,30.5348,5.2882
42810.0,3.8655,49.8146,1.0144,108.6308,30.5982,5.3402
42815.0,3.8674,50.0551,1.0559,108.4724,31.0677,5.4194
42820.0,3.8661,49.6202,1.0422,108.4578,30.9229,5.4731
42825.0,3.864,49.926,1.0347,107.8719,30.8273,5.5089
42830.0,3.8618,50.1957,1.0503,108.7925,31.1824,5.5498
42835.0,3.8565,49.102,1.0452,109.1492,30.9488,5.5596
42840.0,3.8514,49.1433,1.0414,108.6621,30.8766,5.5549
42845.0,3.8468,49.3683,1.0204,107.8601,31.0115,5.5446
42850.0,3.8349,49.9114,1.0203,108.4439,30.6712,5.5664
42855.0,3.8308,49.0178,1.0215,106.8335,31.1056,5.5654
42860.0,3.819,48.9038,0.9899,104.193,30.4695,5.5642
42865.0,3.8146,48.8749,1.02,105.5188,30.7925,5.5759
42870.0,3.8079,48.6585,1.0181,106.9568,30.9603,5.6096
42875.0,3.7936,48.6776,0.9876,105.2715,30.2451,5.6527
42880.0,3.7923,48.1801,1.0164,105.0508,30.5059,5.6877
42885.0,3.7891,48.9615,0.9738,104.0946,30.8936,5.7557
42890.0,3.7839,48.1118,1.0116,104.8272,30.9256,5.8248
42895.0,3.7796,48.3514,0.9821,103.746,30.6303,5.8767
42900.0,3.7721,48.4084,0.9969,102.3562,30.5309,5.9551
42905.0,3.7677,47.7137,0.989,102.1097,30.995,6.0473
42910.0,3.7564,47.7595,0.9755,100.5459,31.0888,6.1374
42915.0,3.7338,47.3652,0.9688,100.8646,30.5301,6.217
42920.0,3.7229,46.5888,0.9829,100.0053,30.5368,6.2713
42925.0,3.7146,47.0938,0.9521,99.2614,30.8967,6.3192
42930.0,3.7033,46.6121,0.9635,99.4325,30.9856,6.3481
42935.0,3.6767,46.7932,0.945,97.7009,30.7275,6.3848
42940.0,3.6586,46.0789,0.9613,96.6254,30.9342,6.4084
42945.0,3.6361,45.5797,0.9383,93.6962,30.5404,6.4069
42950.0,3.6043,44.5496,0.9225,93.1405,30.1383,6.4172
42955.0,3.5953,45.1538,0.9196,91.6022,30.51,6.413
42960.0,3.5706,44.1126,0.8907,91.1616,30.5854,6.4284
42965.0,3.5408,43.6609,0.909,90.116,30.463,6.4507
42970.0,3.4963,42.9965,0.8768,88.1805,30.2165,6.4988
42975.0,3.495,43.0339,0.8814,87.4682,30.0405,6.4912
42980.0,3.4916,42.8909,0.8792,86.7754,30.3688,6.5135
42985.0,3.4767,42.5652,0.8817,86.0834,30.7387,6.5654
42990.0,3.4663,43.436,0.8653,85.986,30.8572,6.6116
42995.0,3.4474,42.2639,0.8674,84.2292,30.8776,6.6721
43000.0,3.4062,40.9971,0.8707,82.8622,30.4188,6.7508
43005.0,3.3861,41.7208,0.8611,80.8712,30.3765,6.8129
43010.0,3.3587,41.392,0.8286,78.4492,30.8267,6.8927
43015.0,3.346,39.8048,0.8277,78.2324,30.8904,6.9367
43020.0,3.3201,39.7395,0.8225,76.6304,30.8488,6.9832
43025.0,3.2711,39.4207,0.8132,72.7917,30.2486,7.0315
43030.0,3.2364,38.5901,0.8005,73.4295,30.524,7.0728
43035.0,3.2024,37.8132,0.7886,71.357,30.7081,7.0969
43040.0,3.1612,37.7277,0.7829,67.265,30.8002,7.1113
43045.0,3.1267,36.6113,0.7586,66.4872,30.8245,7.1065
43050.0,3.0883,36.2351,0.7612,65.2718,30.6186,7.0944
43055.0,3.0182,34.7627,0.737,61.4376,30.615,7.1094
43060.0,2.9438,34.1687,0.7092,58.9871,30.508,7.1236
43065.0,2.8853,32.5951,0.691,54.1238,30.6213,7.1264
43070.0,2.8565,32.0755,0.6957,55.3795,30.5031,7.1076
43075.0,2.7614,30.1288,0.6544,48.2707,30.4304,7.1515
43080.0,2.6872,28.3623,0.6374,47.606,30.3507,7.1848
43085.0,2.6304,28.0707,0.6457,45.1942,30.4559,7.2106
43090.0,2.5431,26.2786,0.6162,39.37,30.5864,7.2667
43095.0,2.4486,24.6328,0.5989,35.4595,30.5705,7.3321
43100.0,2.3677,23.3936,0.5973,32.922,30.6418,7.3865
43105.0,2.2816,21.4563,0.5689,28.7268,30.9253,7.4412
43110.0,2.2202,20.3836,0.5584,27.3302,30.6945,7.476
43115.0,2.1196,18.7385,0.5347,21.9632,30.4959,7.5422
43120.0,2.0492,17.3485,0.5451,21.9741,30.8971,7.5612
43125.0,1.9901,16.1382,0.5455,19.9769,30.3389,7.5786
43130.0,1.9213,15.6297,0.5466,16.9368,30.3997,7.5855
43135.0,1.8572,14.2547,0.5112,15.0698,30.7296,7.572
43140.0,1.8064,13.4479,0.5202,14.2189,30.7386,7.5449
43145.0,1.783,12.668,0.5087,11.4211,30.2535,7.4926
43150.0,1.7264,12.2888,0.5142,12.3188,30.4198,7.4688
43155.0,1.7108,11.3483,0.5088,11.9589,30.3148,7.3955
43160.0,1.7118,12.5356,0.5082,10.2864,30.3,7.3444
43165.0,1.6985,11.7986,0.5048,11.3083,30.6217,7.325
43170.0,1.7079,11.292,0.4968,10.4486,30.5384,7.293
43175.0,1.7161,11.7275,0.504,10.8404,30.347,7.2791
43180.0,1.7163,11.9579,0.4905,10.8563,30.2201,7.2897
43185.0,1.7195,11.7566,0.4968,11.046,30.0379,7.3102
43190.0,1.698,11.527,0.4892,10.0659,30.7611,7.3493
43195.0,1.7089,10.9764,0.5161,11.0954,30.5935,7.3741
43200.0,1.7254,12.3699,0.512,10.8405,30.3128,7.3969
43205.0,1.7236,12.3173,0.5148,10.5284,30.7134,7.4249
43210.0,1.7224,11.7232,0.5149,12.5372,30.5554,7.47
43215.0,1.7195,11.7547,0.5252,12.8563,30.5322,7.5063
43220.0,1.7292,12.6411,0.5297,12.1282,30.7319,7.5005
43225.0,1.7443,12.4159,0.5188,11.3193,30.443,7.4908
43230.0,1.7458,12.22,0.504,11.6841,30.533,7.4777
43235.0,1.7482,11.8943,0.5205,12.6952,30.626,7.4511
43240.0,1.7423,12.5162,0.5083,11.1031,30.4356,7.4387
43245.0,1.7297,12.2852,0.5094,9.9516,30.684,7.4146
43250.0,1.7177,12.3426,0.5058,11.2166,30.9358,7.3853
43255.0,1.7225,12.4963,0.4874,12.2889,30.2318,7.3634
43260.0,1.7279,12.4346,0.5149,13.135,29.9606,7.3283
43265.0,1.7224,11.5418,0.5047,11.7002,29.8416,7.3132
43270.0,1.7061,11.6238,0.4827,9.6468,30.2814,7.3057
43275.0,1.6997,11.2457,0.5006,11.3942,30.1443,7.3164
43280.0,1.6913,11.5324,0.5022,10.9029,30.3679,7.3298
43285.0,1.7038,11.962,0.4718,9.3953,30.3689,7.3265
43290.0,1.7083,12.1139,0.5081,10.656,29.9667,7.3633
43295.0,1.7195,11.96,0.5079,11.3042,29.9543,7.3814
43300.0,1.7101,11.6989,0.5175,11.8468,30.527,7.4159
43305.0,1.7249,11.8346,0.5083,11.8889,30.532,7.4304
43310.0,1.7281,12.2557,0.5125,12.3277,30.4323,7.4649
43315.0,1.7425,12.2245,0.5048,13.5333,30.1565,7.4802
43320.0,1.7429,11.9156,0.5041,11.6897,30.7088,7.4762
43325.0,1.7293,11.4528,0.526,10.6774,30.9152,7.4976
43330.0,1.7486,11.9623,0.5186,12.304,30.6584,7.4684
43335.0,1.7669,12.674,0.5211,14.3929,30.3548,7.4296
43340.0,1.7689,13.0814,0.5215,13.5541,30.5437,7.3896
43345.0,1.7729,13.1176,0.5258,14.0118,30.1484,7.3607
43350.0,1.7538,11.5636,0.5039,11.6883,30.7073,7.3311
43355.0,1.7665,13.3375,0.4995,12.6357,30.4162,7.2815
43360.0,1.7616,12.6284,0.5082,13.0979,29.9112,7.2706
43365.0,1.7446,11.9905,0.5171,11.4189,30.2443,7.2579
43370.0,1.7554,11.8147,0.5059,12.1291,30.4134,7.2165
43375.0,1.7589,12.2063,0.5123,12.5542,30.2064,7.2109
43380.0,1.767,13.1829,0.5031,12.2988,30.2276,7.2039
43385.0,1.7823,12.911,0.5171,11.9213,30.0114,7.2056
43390.0,1.7699,13.0283,0.4908,11.6831,30.4919,7.2358
43395.0,1.7706,13.0246,0.528,11.9541,30.2297,7.2801
43400.0,1.7783,13.5506,0.5257,13.302,29.8988,7.3204
43405.0,1.7725,12.8726,0.5084,13.1904,30.3912,7.3522
43410.0,1.7592,12.2821,0.5158,13.3692,30.771,7.396
43415.0,1.7744,12.6227,0.5305,12.7177,30.462,7.412
43420.0,1.7688,13.1369,0.4986,12.8559,31.0145,7.4193
43425.0,1.7727,12.6634,0.5071,12.0051,30.6946,7.4305
43430.0,1.7697,13.1423,0.5271,12.0779,30.6647,7.4303
43435.0,1.7762,13.0113,0.5217,12.4312,30.5267,7.4067
43440.0,1.7729,12.8923,0.5198,13.2033,30.5087,7.3835
43445.0,1.7469,12.9925,0.5256,11.0246,30.4183,7.3932
43450.0,1.727,12.2472,0.4909,12.1584,30.3624,7.3903
43455.0,1.7239,12.2813,0.4958,11.0215,30.5247,7.3499
43460.0,1.73,11.8313,0.4948,10.6937,30.1165,7.3181
43465.0,1.7276,11.3487,0.5005,11.4946,30.0487,7.2955
43470.0,1.7248,11.7216,0.4895,11.1862,30.016,7.2829
43475.0,1.7148,12.144,0.503,10.432,30.8013,7.2638
43480.0,1.7175,11.8633,0.4971,10.5845,30.4304,7.279
43485.0,1.7172,11.7796,0.5067,10.951,30.3958,7.2999
43490.0,1.7124,12.0084,0.4825,10.9526,30.0891,7.3498
43495.0,1.7099,12.032,0.4942,11.0544,30.5518,7.3741
43500.0,1.7086,11.7606,0.5056,11.7382,30.4138,7.4228
43505.0,1.7129,11.9386,0.5211,11.3069,30.5436,7.4517
43510.0,1.7322,12.2649,0.4917,10.8296,30.2886,7.4643
43515.0,1.739,12.051,0.517,10.7678,30.6068,7.4684
43520.0,1.7663,13.3335,0.5098,13.4117,30.483,7.4449
43525.0,1.7686,12.8924,0.5266,12.1203,30.4058,7.4489
43530.0,1.75,12.3518,0.5148,12.2112,30.7743,7.4596
43535.0,1.7459,12.3155,0.5312,10.6661,30.1861,7.4712
43540.0,1.7306,12.5353,0.5321,10.1361,30.6796,7.4504
43545.0,1.7201,11.9395,0.5041,10.915,30.6688,7.4325
43550.0,1.7185,12.0556,0.4989,11.5871,30.2326,7.4122
43555.0,1.7008,11.8714,0.498,10.3663,30.2022,7.4048
43560.0,1.6962,11.2342,0.509,11.1575,30.3109,7.3725
43565.0,1.7019,11.6085,0.4857,10.1934,30.4053,7.3287
43570.0,1.7116,11.692,0.5098,10.3406,30.2766,7.2969
43575.0,1.6973,11.5858,0.4993,9.325,30.4172,7.3095
43580.0,1.7027,12.051,0.5063,10.7039,30.7582,7.2939
43585.0,1.7296,12.0627,0.4975,11.9589,30.2133,7.2864
43590.0,1.7422,12.6223,0.5032,11.7244,29.946,7.3035
43595.0,1.7261,11.9361,0.5068,9.985,30.6246,7.3411
43600.0,1.7411,11.8355,0.5243,12.832,30.8868,7.347
43605.0,1.7618,12.8699,0.5008,12.5741,30.6121,7.3624
43610.0,1.7846,13.0196,0.5295,12.9256,30.2854,7.3733
43615.0,1.7862,13.3553,0.5157,13.4817,30.5612,7.3887
43620.0,1.7844,13.2652,0.4949,12.6016,30.3355,7.4177
43625.0,1.7713,12.8802,0.5329,13.2652,30.7849,7.4293
43630.0,1.7764,12.9786,0.5352,14.2371,30.2808,7.4335
43635.0,1.7742,12.8257,0.5265,13.181,30.524,7.4101
43640.0,1.7852,13.0542,0.515,12.8605,30.3166,7.3711
43645.0,1.7648,12.8752,0.5153,13.539,30.5594,7.3581
43650.0,1.773,12.3313,0.5277,12.8058,30.3916,7.3118
43655.0,1.7545,12.1959,0.4994,11.383,30.4829,7.2973
43660.0,1.7563,12.4859,0.5139,11.7124,30.4044,7.2619
43665.0,1.7564,12.2639,0.5134,11.6637,30.1209,7.243
43670.0,1.7461,12.1059,0.5064,11.2999,30.505,7.2274
43675.0,1.7417,12.4344,0.483,10.4204,30.3307,7.2343
43680.0,1.7423,12.2922,0.5157,12.4161,30.1052,7.2485
43685.0,1.7398,12.6811,0.5083,11.7725,30.9359,7.2413
43690.0,1.7559,12.7302,0.5018,10.8916,30.5301,7.2577
43695.0,1.7701,12.6113,0.5014,13.0757,30.4166,7.2752
43700.0,1.7462,12.7071,0.5058,11.2522,30.8572,7.337
43705.0,1.7417,12.1751,0.51,12.2021,31.0123,7.3803
43710.0,1.7461,12.5561,0.4931,10.5848,30.5595,7.4268
43715.0,1.7543,12.5671,0.5107,12.5988,30.7181,7.4367
43720.0,1.7677,12.2371,0.5045,12.7696,30.4078,7.4442
43725.0,1.7736,12.6074,0.5172,12.149,30.6276,7.4325
43730.0,1.7617,13.087,0.5154,12.0851,30.6096,7.4455
43735.0,1.7571,12.8155,0.5112,12.5806,30.6865,7.4325
43740.0,1.7616,12.5953,0.5109,13.3055,30.6927,7.3962
43745.0,1.7418,11.9185,0.5161,12.1167,30.7099,7.3914
43750.0,1.7534,12.9226,0.5272,13.4325,30.5854,7.3375
43755.0,1.7637,13.0702,0.5099,12.103,30.1793,7.2945
43760.0,1.7614,12.5305,0.4918,12.6536,30.208,7.2607
43765.0,1.7454,12.7246,0.5109,12.9865,30.2752,7.255
43770.0,1.7294,12.1782,0.4852,12.0857,30.3223,7.2617
43775.0,1.7272,11.8299,0.4794,10.8413,30.6507,7.2478
43780.0,1.7401,12.5227,0.5003,11.5578,30.1071,7.2525
43785.0,1.7325,12.2673,0.509,11.2018,30.3322,7.2753
43790.0,1.7328,12.061,0.5131,12.2402,30.6955,7.2906
43795.0,1.7484,12.5362,0.5063,11.1764,30.4265,7.3108
43800.0,1.7454,12.0588,0.5059,11.8509,30.6655,7.3468
43805.0,1.7605,12.0963,0.5322,12.925,30.5643,7.3662
43810.0,1.7569,12.2982,0.507,12.9178,30.7078,7.4025
43815.0,1.7778,13.1118,0.5212,13.807,30.6222,7.401
43820.0,1.7732,12.6351,0.5084,13.9148,30.8699,7.4169
43825.0,1.7872,12.9207,0.5342,14.087,30.3267,7.4205
43830.0,1.7765,12.9843,0.5095,12.0642,30.6174,7.4207
43835.0,1.764,12.7235,0.4914,10.3026,30.7636,7.4174
43840.0,1.7711,12.3561,0.502,12.6338,30.7923,7.3767
43845.0,1.7505,12.2784,0.5006,11.9083,30.9928,7.3657
43850.0,1.7421,12.0536,0.514,10.3565,30.478,7.359
43855.0,1.7166,11.4977,0.485,10.5369,30.9019,7.3467
43860.0,1.7225,11.8836,0.5074,11.1015,30.328,7.3225
43865.0,1.7064,12.4274,0.487,11.0989,30.7943,7.3035
43870.0,1.7185,12.8195,0.4953,11.8865,30.6478,7.27
43875.0,1.7232,11.397,0.5015,11.8059,30.2103,7.2712
43880.0,1.7179,11.635,0.5016,11.3622,30.5254,7.275
43885.0,1.7278,12.2296,0.4973,11.5764,30.4597,7.2794
43890.0,1.7367,12.451,0.5001,11.992,30.6646,7.2854
43895.0,1.7572,11.9756,0.5067,12.2773,30.4968,7.2939
43900.0,1.7739,12.7081,0.5058,12.4196,30.5247,7.3056
43905.0,1.7593,12.4734,0.5087,14.8573,30.9927,7.3512
43910.0,1.7636,12.049,0.5107,12.1894,30.6701,7.3924
43915.0,1.7438,12.175,0.4994,12.0211,30.9372,7.4447
43920.0,1.7366,12.2188,0.5198,12.6812,30.6981,7.4861
43925.0,1.7148,11.4424,0.5369,11.897,31.1809,7.5135
43930.0,1.73,12.2322,0.5307,11.6408,30.5899,7.5041
43935.0,1.7327,12.174,0.5156,12.7197,30.5871,7.4805
43940.0,1.7162,11.6916,0.503,11.3062,31.0911,7.4603
43945.0,1.7221,11.9878,0.5105,10.6238,30.5594,7.4337
43950.0,1.7093,12.0557,0.5154,10.787,31.0271,7.3973
43955.0,1.7148,12.627,0.514,12.5622,30.8059,7.355
43960.0,1.719,11.9509,0.4948,11.3664,30.5049,7.3222
43965.0,1.7339,12.3424,0.5179,12.4793,30.0595,7.2846
43970.0,1.7249,11.6601,0.5045,11.093,30.4891,7.2642
43975.0,1.731,12.4025,0.5014,10.1162,30.5144,7.2465
43980.0,1.737,12.8538,0.4985,11.593,30.7906,7.2327
43985.0,1.7389,12.6161,0.514,11.8811,30.9196,7.2427
43990.0,1.7555,12.6837,0.5087,12.3798,30.3867,7.2635
43995.0,1.7711,12.7792,0.4953,12.664,30.8024,7.2605
44000.0,1.7689,12.6456,0.497,13.5755,30.8422,7.3009
44005.0,1.7854,13.3902,0.5179,13.4843,30.9678,7.3115
44010.0,1.8016,13.5098,0.5257,13.0677,30.8682,7.3252
44015.0,1.8242,13.6848,0.515,14.1092,30.2934,7.3384
44020.0,1.8096,13.6251,0.5238,14.2561,30.7637,7.362
44025.0,1.8259,13.7591,0.5305,14.247,30.5232,7.3527
44030.0,1.8207,13.4662,0.5172,13.3075,30.7563,7.3459
44035.0,1.7992,13.0771,0.5229,12.6668,31.0328,7.3502
44040.0,1.8066,13.1828,0.5212,14.2396,30.8331,7.3186
44045.0,1.8117,13.5701,0.5361,14.7054,31.0041,7.27
44050.0,1.8168,13.3668,0.5188,15.0727,30.7582,7.2308
44055.0,1.7962,13.595,0.5174,13.2159,30.3039,7.2358
44060.0,1.813,13.8324,0.4954,13.4063,29.9585,7.1887
44065.0,1.7755,12.6645,0.4905,13.0177,30.5947,7.1939
44070.0,1.7806,12.8392,0.5242,13.4414,30.4847,7.1731
44075.0,1.7953,12.9646,0.4779,13.4363,30.2885,7.1514
44080.0,1.7913,12.9157,0.5071,13.0582,30.1168,7.1685
44085.0,1.7953,13.0167,0.5104,13.9646,30.3815,7.1724
44090.0,1.7943,13.4343,0.5202,12.8057,30.5516,7.1959
44095.0,1.7944,13.1131,0.5008,12.734,30.8103,7.2228
44100.0,1.799,13.2529,0.4982,12.9813,30.7391,7.2576
44105.0,1.8051,14.0196,0.524,13.1225,31.142,7.2751
44110.0,1.8138,13.4693,0.5159,13.3449,30.5246,7.3171
44115.0,1.7901,12.9998,0.518,13.2115,31.0386,7.3641
44120.0,1.7995,13.3351,0.509,13.5321,30.8531,7.3752
44125.0,1.7768,13.1572,0.523,14.4224,31.0238,7.4104
44130.0,1.7872,12.662,0.5052,11.6985,30.7352,7.3992
44135.0,1.7923,13.7524,0.5219,13.4124,31.0925,7.3609
44140.0,1.7926,13.1085,0.5157,13.5239,30.8666,7.3386
44145.0,1.8023,13.4754,0.5254,13.1832,30.5825,7.2981
44150.0,1.7996,13.1084,0.5001,13.3945,30.7044,7.2583
44155.0,1.8092,13.6973,0.5156,13.7577,30.6025,7.2082
44160.0,1.79,13.0032,0.5143,13.5364,30.7441,7.1954
44165.0,1.801,13.3624,0.5112,13.2308,30.2949,7.1666
44170.0,1.7718,12.8969,0.5189,12.6198,30.5624,7.1825
44175.0,1.7804,13.1654,0.5067,14.7656,30.6624,7.1614
44180.0,1.792,13.4849,0.5078,13.8775,30.5802,7.1527
44185.0,1.7769,12.8102,0.5288,12.7049,30.9311,7.1808
44190.0,1.7998,13.5432,0.5133,13.0398,30.822,7.1797
44195.0,1.8178,13.9985,0.5076,13.7891,30.6694,7.1931
44200.0,1.8257,13.8879,0.5003,15.2727,30.7727,7.2172
44205.0,1.8461,14.5852,0.5187,13.7934,30.8396,7.2256
44210.0,1.839,13.8744,0.5197,14.4295,30.9092,7.2671
44215.0,1.8586,14.4235,0.5272,14.9586,30.3858,7.2844
44220.0,1.8523,14.1229,0.5129,14.5771,30.7889,7.2983
44225.0,1.8581,15.049,0.522,15.2599,30.5011,7.3053
44230.0,1.8574,14.5022,0.5071,13.8984,31.185,7.2798
44235.0,1.8674,14.2452,0.5167,15.2321,30.8294,7.2583
44240.0,1.8638,14.8406,0.5169,14.1745,30.7636,7.2372
44245.0,1.8527,14.6922,0.5174,14.5451,30.9947,7.2106
44250.0,1.8658,14.2745,0.5333,16.7721,30.8301,7.16
44255.0,1.8454,14.5077,0.5305,14.8825,30.3963,7.1604
44260.0,1.8285,13.794,0.5234,13.1592,30.6192,7.1431
44265.0,1.8404,13.8417,0.5104,15.1821,30.5201,7.1028
44270.0,1.8615,14.4206,0.5004,14.1916,30.1466,7.0675
44275.0,1.8418,13.8904,0.5055,13.9993,30.4028,7.0791
44280.0,1.8094,13.2117,0.5221,13.9289,30.5369,7.126
44285.0,1.8111,13.9651,0.5275,14.0179,30.5752,7.1419
44290.0,1.807,13.456,0.5266,14.2019,30.2665,7.1855
44295.0,1.8205,13.9056,0.504,12.8386,30.9666,7.1806
44300.0,1.8453,14.2297,0.5207,14.0864,30.6992,7.1921
44305.0,1.8514,15.0545,0.5264,15.2824,30.7802,7.2192
44310.0,1.8646,14.6992,0.5153,15.0901,30.9124,7.2324
44315.0,1.8849,15.0455,0.5198,15.0946,30.6479,7.2402
44320.0,1.8725,15.3026,0.5181,14.359,30.9798,7.2639
44325.0,1.8694,14.9009,0.5506,16.7626,30.7807,7.2802
44330.0,1.8705,14.8419,0.5123,15.0866,30.6403,7.2772
44335.0,1.8667,14.4885,0.5391,14.5859,30.9858,7.2547
44340.0,1.8528,14.7048,0.5026,14.3401,31.1814,7.2396
44345.0,1.8518,14.5403,0.5235,14.4767,30.947,7.2134
44350.0,1.8483,14.6248,0.5217,14.4597,30.9493,7.1796
44355.0,1.8431,13.7946,0.5239,14.4122,30.541,7.16
44360.0,1.8557,14.2992,0.5086,15.3948,30.2289,7.1181
44365.0,1.8377,14.581,0.5025,12.5691,30.9665,7.0924
44370.0,1.8351,13.5089,0.5047,13.8932,31.0851,7.0748
44375.0,1.8446,14.2744,0.5023,14.8292,30.9485,7.0601
44380.0,1.852,14.5641,0.5008,13.9078,30.4849,7.0692
44385.0,1.8291,14.0242,0.5105,13.786,30.3,7.1233
44390.0,1.8354,13.9939,0.5068,14.1817,30.354,7.1422
44395.0,1.8477,14.6171,0.538,16.065,30.2397,7.1636
44400.0,1.8457,13.6438,0.5,14.54,30.6785,7.1915
44405.0,1.8549,14.7006,0.5227,14.523,31.1514,7.2038
44410.0,1.8601,14.6009,0.5344,15.9089,30.7545,7.2424
44415.0,1.8704,15.1284,0.5359,16.9416,30.8968,7.2524
44420.0,1.8621,14.2404,0.5419,14.3433,31.1845,7.2722
44425.0,1.8846,14.5874,0.5397,14.3011,30.7449,7.2617
44430.0,1.8627,14.9121,0.5328,16.1534,31.3454,7.2665
44435.0,1.8707,14.6417,0.5318,16.9946,31.311,7.2398
44440.0,1.8884,14.9219,0.5168,15.0077,30.7447,7.2051
44445.0,1.8778,14.5707,0.4961,15.331,30.589,7.1882
44450.0,1.8744,14.8799,0.4919,14.2276,30.8589,7.1473
44455.0,1.9088,15.1367,0.5287,16.5693,30.5488,7.0745
44460.0,1.8972,15.1449,0.5124,15.0071,30.3022,7.0596
44465.0,1.8748,14.7844,0.5186,15.3815,30.8758,7.0453
44470.0,1.8829,15.1003,0.5308,15.7471,30.8355,7.0194
44475.0,1.862,14.3026,0.5149,14.971,30.5601,7.0465
44480.0,1.8749,13.9369,0.4957,14.7771,30.21,7.047
44485.0,1.8878,14.9359,0.5211,16.512,30.2366,7.0473
44490.0,1.8923,14.7018,0.5403,15.7247,30.6009,7.0585
44495.0,1.8796,14.8065,0.5361,14.9344,30.4878,7.1114
44500.0,1.8986,15.1258,0.5406,15.5329,30.5706,7.1241
44505.0,1.8832,13.9062,0.5222,16.0151,30.9544,7.1703
44510.0,1.8951,15.0883,0.5231,15.6647,30.9206,7.191
44515.0,1.8959,14.8187,0.5205,16.4895,31.1116,7.2118
44520.0,1.9079,15.3091,0.5231,16.0566,30.5371,7.2298
44525.0,1.903,15.217,0.5389,17.1476,30.7026,7.2376
44530.0,1.8781,14.5148,0.5349,15.8458,30.9671,7.2561
44535.0,1.8835,14.6181,0.5155,16.5994,30.8642,7.2354
44540.0,1.8877,15.2763,0.5108,15.4636,31.0982,7.1961
44545.0,1.8886,15.0502,0.5245,16.2493,30.7744,7.1689
44550.0,1.8943,15.0827,0.5339,16.2509,31.0809,7.1157
44555.0,1.9112,15.1316,0.5205,16.6454,30.7033,7.0664
44560.0,1.9167,15.5129,0.5298,16.4194,30.7878,7.0231
44565.0,1.9358,16.0422,0.5051,16.3613,30.4039,6.9829
44570.0,1.9355,15.394,0.5302,16.1396,30.4626,6.9639
44575.0,1.9372,15.857,0.5368,16.7124,30.6749,6.9509
44580.0,1.9608,16.8472,0.5281,18.0484,30.8531,6.926
44585.0,1.9882,16.4423,0.5429,20.3902,30.6488,6.9169
44590.0,1.9791,16.9208,0.53,19.8322,30.4741,6.956
44595.0,1.9875,16.8996,0.5304,18.933,30.8762,6.9719
44600.0,1.9858,17.1355,0.5403,19.5926,30.0253,7.0295
44605.0,1.9898,17.2105,0.5154,19.122,30.259,7.0577
44610.0,1.9932,16.5644,0.5341,18.7583,30.8216,7.0746
44615.0,2.0318,17.3254,0.534,20.2114,30.6827,7.0642
44620.0,1.9977,16.647,0.5326,17.4383,30.8466,7.1112
44625.0,2.0035,17.0712,0.5221,18.3588,30.7133,7.1147
44630.0,2.0049,17.5889,0.5498,19.1461,30.8271,7.1048
44635.0,2.0068,17.7575,0.5331,18.5729,30.4538,7.0937
44640.0,2.0026,17.1306,0.5398,18.7516,30.7612,7.0652
44645.0,2.0134,17.1395,0.539,20.4292,30.8196,7.0203
44650.0,2.0359,17.7568,0.5484,19.5163,30.824,6.9643
44655.0,2.0015,16.654,0.5343,21.1777,30.9699,6.9608
44660.0,1.9959,17.1989,0.518,18.6228,30.4797,6.9444
44665.0,1.9754,16.5505,0.5066,17.2541,30.4479,6.9387
44670.0,1.9789,16.6912,0.518,18.498,29.9711,6.9262
44675.0,1.9875,16.4772,0.5195,17.6188,30.2054,6.9049
44680.0,1.9844,16.9615,0.5342,18.5203,30.291,6.911
44685.0,1.9836,16.8913,0.5244,19.7226,30.6167,6.9218
44690.0,1.9997,17.5652,0.5483,18.8632,30.228,6.9393
44695.0,2.0043,17.4325,0.5282,18.8862,30.615,6.9604
44700.0,1.9958,17.0742,0.5509,19.6341,30.4551,7.0085
44705.0,1.9931,16.808,0.546,19.1431,30.4508,7.049
44710.0,2.0109,16.8506,0.5494,19.0375,30.5922,7.06
44715.0,2.0304,17.4661,0.5397,19.4812,30.4584,7.0693
44720.0,2.0366,17.3065,0.5268,19.8816,30.4631,7.0809
44725.0,2.046,18.2359,0.5693,21.4837,30.1443,7.0854
44730.0,2.0113,16.9273,0.5319,19.6517,30.4939,7.1079
44735.0,2.006,17.0864,0.5381,19.2619,30.4073,7.0973
44740.0,2.0058,17.076,0.5412,20.1695,30.3577,7.0708
44745.0,1.9919,16.8128,0.5398,18.3514,30.5415,7.0483
44750.0,1.9943,16.4358,0.5319,19.1826,30.548,7.0087
44755.0,2.012,16.9511,0.5087,18.0474,30.3873,6.9574
44760.0,1.9761,16.3854,0.5471,19.8617,30.5285,6.9577
44765.0,1.9772,16.5308,0.5191,18.6735,30.3825,6.9343
44770.0,1.9653,16.6196,0.5127,17.7285,30.1355,6.936
44775.0,1.9773,16.3262,0.5263,17.5294,30.0782,6.9186
44780.0,1.9809,17.067,0.5142,19.5718,30.2713,6.9156
44785.0,1.9642,16.2008,0.5233,17.6384,30.3496,6.9492
44790.0,1.9477,15.7512,0.528,18.4778,30.5805,6.9898
44795.0,1.9351,15.6663,0.5429,18.2366,30.5622,7.0391
44800.0,1.9536,16.0566,0.5083,18.1524,30.1669,7.0655
44805.0,1.9574,16.5133,0.526,17.717,30.3146,7.0947
44810.0,1.9603,16.7494,0.5548,19.4291,30.541,7.1196
44815.0,1.9513,15.5042,0.5415,17.8821,30.6647,7.1537
44820.0,1.9595,16.5536,0.5327,17.3391,30.6449,7.1622
44825.0,1.942,16.1084,0.5473,18.9669,30.3926,7.1952
44830.0,1.9539,16.061,0.5251,16.8376,30.0787,7.184
44835.0,1.9415,15.383,0.5482,17.486,30.1121,7.1805
44840.0,1.9423,15.85,0.5263,18.8692,30.3876,7.1458
44845.0,1.9404,15.8843,0.5293,17.9039,30.3539,7.1146
44850.0,1.9398,16.0715,0.5393,17.1111,29.938,7.0882
44855.0,1.9395,15.8686,0.5547,18.5799,30.168,7.0452
44860.0,1.9404,15.8074,0.5204,18.5043,30.2634,7.0076
44865.0,1.9396,16.2154,0.529,17.3549,29.775,6.9934
44870.0,1.9477,15.8596,0.5157,17.8331,30.308,6.954
44875.0,1.9428,16.0702,0.5244,17.6791,29.9203,6.9622
44880.0,1.9239,15.6137,0.5263,17.3362,30.3266,6.9808
44885.0,1.9225,15.6786,0.5252,16.5546,29.8902,7.0114
44890.0,1.941,16.0765,0.5317,17.2868,29.7901,7.0193
44895.0,1.9198,15.4077,0.5428,18.4353,29.9639,7.0739
44900.0,1.938,15.7389,0.5274,17.4039,30.0909,7.0872
44905.0,1.942,16.1198,0.5172,17.3631,30.0537,7.1204
44910.0,1.9386,15.9469,0.5153,17.3041,30.1283,7.1567
44915.0,1.9383,15.9453,0.5402,18.0903,30.2885,7.1802
44920.0,1.9323,16.072,0.5363,17.6208,30.1731,7.208
44925.0,1.9326,15.7177,0.5296,17.1954,30.1961,7.2136
44930.0,1.9158,15.339,0.5331,17.4644,29.7674,7.2408
44935.0,1.8897,14.8559,0.5303,16.0847,30.2606,7.2441
44940.0,1.8856,15.0488,0.5383,16.2599,30.0964,7.2274
44945.0,1.8683,14.406,0.5238,14.4706,30.4685,7.205
44950.0,1.8864,14.8866,0.5234,16.5301,29.7738,7.1634
44955.0,1.8915,14.8381,0.5319,15.8669,29.4992,7.126
44960.0,1.8863,14.9597,0.514,16.4927,30.0529,7.082
44965.0,1.8916,15.2805,0.5245,16.0445,29.9407,7.0506
44970.0,1.8989,15.5701,0.5215,16.4191,29.5694,7.0339
44975.0,1.8977,15.2032,0.5173,15.8828,29.4204,7.0335
44980.0,1.8795,15.158,0.5298,15.5631,30.1831,7.0415
44985.0,1.8654,14.7682,0.5383,15.8641,30.1622,7.0778
44990.0,1.8835,15.5144,0.5174,15.8454,29.2084,7.1104
44995.0,1.8639,14.4534,0.5106,15.0941,29.7459,7.1556
45000.0,1.8445,14.2224,0.5358,15.6226,30.3112,7.204
45005.0,1.8752,14.9939,0.5328,16.5269,29.8108,7.2167
45010.0,1.8678,14.5289,0.5243,15.7064,29.8371,7.2602
45015.0,1.8781,14.5276,0.5257,17.381,29.9104,7.2721
45020.0,1.87,14.7497,0.5229,16.5421,29.7102,7.307
45025.0,1.8565,14.2552,0.5315,13.8002,29.5596,7.3381
45030.0,1.8479,13.9589,0.5303,14.1533,30.2295,7.3233
45035.0,1.8705,14.4649,0.5296,14.1571,29.4721,7.2976
45040.0,1.8333,14.2669,0.5211,14.3624,29.9493,7.3065
45045.0,1.8157,13.8843,0.5193,15.7811,30.055,7.2947
45050.0,1.8217,13.7077,0.515,13.2731,29.4119,7.2691
45055.0,1.8188,13.8395,0.4963,12.7243,29.4848,7.2318
45060.0,1.7941,13.1892,0.5161,12.8003,29.9649,7.2162
45065.0,1.7982,13.2476,0.5145,12.9379,29.7491,7.1897
45070.0,1.8106,13.2847,0.5215,14.1956,29.4277,7.1641
45075.0,1.8205,14.1258,0.5101,12.682,29.8626,7.1287
45080.0,1.8246,14.5045,0.5217,13.8653,29.8582,7.128
45085.0,1.8171,13.4826,0.4991,15.3286,29.6324,7.1638
45090.0,1.8329,14.0056,0.503,14.0519,29.3604,7.179
45095.0,1.832,13.8982,0.515,14.1734,29.511,7.2102
45100.0,1.8327,14.3544,0.5165,15.214,29.7194,7.2415
45105.0,1.8531,13.8738,0.5222,14.5023,29.634,7.2544
45110.0,1.8452,14.0222,0.531,13.7096,29.9446,7.2898
45115.0,1.8826,13.9281,0.5227,16.0073,29.3475,7.2848
45120.0,1.8916,14.8238,0.5186,15.6612,29.3645,7.2887
45125.0,1.874,14.4628,0.5226,15.207,29.7774,7.3055
45130.0,1.8921,14.7154,0.5267,15.7132,29.5887,7.281
45135.0,1.8857,14.623,0.524,15.0558,29.5202,7.2734
45140.0,1.8978,14.8709,0.5216,15.5024,29.1884,7.2399
45145.0,1.8791,14.8362,0.531,14.9649,29.58,7.2177
45150.0,1.8941,14.6542,0.5268,16.08,29.5021,7.1618
45155.0,1.9015,15.2786,0.5174,16.5894,29.6188,7.1096
45160.0,1.9019,15.169,0.512,15.5713,29.4172,7.0796
45165.0,1.897,15.1815,0.5127,15.2776,29.32,7.0612
45170.0,1.8673,14.5431,0.51,16.4354,29.6125,7.074
45175.0,1.904,15.1913,0.5065,15.7028,28.969,7.0399
45180.0,1.9117,14.7289,0.5106,16.1341,29.4248,7.0221
45185.0,1.9372,15.7264,0.5143,17.161,28.8804,7.022
45190.0,1.9258,16.0881,0.5456,18.3463,29.108,7.0566
45195.0,1.9236,15.3268,0.5273,16.5395,29.0423,7.0961
45200.0,1.9234,15.7525,0.5304,16.32,29.5734,7.1198
45205.0,1.931,15.7269,0.5158,15.9713,29.3939,7.153
45210.0,1.9431,15.9143,0.5243,16.6365,29.4347,7.1711
45215.0,1.9488,15.8334,0.5417,17.6737,29.1805,7.1979
45220.0,1.9355,15.4925,0.5279,18.3414,29.3895,7.2265
45225.0,1.9225,15.6363,0.5231,16.7309,29.2667,7.2535
45230.0,1.9094,15.1881,0.5224,17.4223,29.5319,7.2575
45235.0,1.9125,15.3588,0.5345,16.9389,29.1528,7.2476
45240.0,1.8991,14.6183,0.5357,15.8036,29.6856,7.222
45245.0,1.9253,16.1139,0.5255,17.0678,28.8782,7.177
45250.0,1.9115,14.7753,0.5077,16.5224,29.0348,7.1513
45255.0,1.8773,15.3084,0.5105,15.8416,29.595,7.1414
45260.0,1.8787,14.9382,0.5109,14.8711,29.0107,7.1235
45265.0,1.8824,14.6823,0.5187,15.1048,28.7432,7.0996
45270.0,1.8688,14.9373,0.4919,15.6372,29.091,7.0893
45275.0,1.8515,14.4248,0.5223,16.3923,28.8956,7.1134
45280.0,1.8579,14.4061,0.5268,15.719,28.7983,7.115
45285.0,1.8683,14.0089,0.5082,12.503,28.7401,7.1202
45290.0,1.8677,14.4226,0.511,14.9352,29.7248,7.1176
45295.0,1.8807,14.8883,0.5189,13.8257,28.9971,7.1562
45300.0,1.8937,15.3836,0.5246,16.2492,28.6104,7.1899
45305.0,1.8921,14.6493,0.5193,15.2549,29.4969,7.2031
45310.0,1.9013,15.0845,0.5447,17.4877,29.3034,7.2308
45315.0,1.916,15.6167,0.5436,16.0499,28.9776,7.2487
45320.0,1.9185,15.454,0.5258,17.0578,28.9426,7.2641
45325.0,1.9131,15.819,0.5172,15.8113,29.3369,7.2653
45330.0,1.9076,15.4615,0.5273,16.0126,29.0847,7.2742
45335.0,1.9313,15.8673,0.533,16.8628,28.6289,7.2393
45340.0,1.884,15.002,0.5519,15.9903,29.5093,7.2472
45345.0,1.8826,14.3717,0.5177,15.6346,28.8975,7.2348
45350.0,1.8863,14.8123,0.5118,14.6931,29.3187,7.1784
45355.0,1.8827,14.5751,0.4939,15.9088,29.2033,7.1471
45360.0,1.8903,15.1653,0.5171,15.2396,28.5768,7.1217
45365.0,1.861,14.4093,0.4957,14.9507,29.0374,7.1195
45370.0,1.8869,15.0704,0.5122,15.9177,28.5801,7.0816
45375.0,1.88,14.9091,0.5114,16.0399,28.2541,7.0945
45380.0,1.8828,14.7859,0.5315,16.7384,28.6072,7.0861
45385.0,1.9008,15.0697,0.5245,15.2133,28.8192,7.0727
45390.0,1.8921,15.0021,0.5181,16.6557,28.6225,7.1168
45395.0,1.8853,14.5662,0.506,15.8447,28.6884,7.1597
45400.0,1.8812,15.1844,0.5152,16.7144,29.0825,7.1921
45405.0,1.8903,14.9277,0.521,16.2719,28.8547,7.2257
45410.0,1.8966,15.5239,0.535,16.0607,28.6443,7.259
45415.0,1.8768,14.9246,0.5351,15.734,29.0489,7.3015
45420.0,1.8889,15.3766,0.5411,15.6792,28.9293,7.3071
45425.0,1.8993,15.2843,0.5185,15.867,28.2419,7.3214
45430.0,1.8923,14.9247,0.5229,14.7123,28.9572,7.3014
45435.0,1.8747,15.1823,0.5364,15.5799,28.9119,7.3094
45440.0,1.8735,14.566,0.5392,14.5343,28.771,7.2888
45445.0,1.8747,14.6165,0.5223,14.3243,28.9322,7.2465
45450.0,1.8635,14.4036,0.5256,14.561,28.48,7.2381
45455.0,1.8569,14.8214,0.5083,14.3912,28.671,7.2027
45460.0,1.8736,14.1408,0.5252,15.522,28.1385,7.1616
45465.0,1.8577,14.459,0.5205,14.4036,28.5841,7.1406
45470.0,1.8375,14.1822,0.5073,13.4205,28.9344,7.1397
45475.0,1.8412,13.8128,0.5222,14.7771,28.1753,7.155
45480.0,1.8274,13.9384,0.5002,13.7739,28.2266,7.1809
45485.0,1.8519,14.181,0.5243,13.6607,28.2456,7.1629
45490.0,1.8493,14.036,0.5108,14.5782,28.4741,7.1855
45495.0,1.8662,14.4534,0.5115,15.7353,28.2029,7.2057
45500.0,1.8591,14.6979,0.5186,14.3416,28.6056,7.2409
45505.0,1.8515,13.793,0.5107,13.8597,28.7436,7.2867
45510.0,1.8619,15.066,0.5032,15.4689,28.6926,7.3094
45515.0,1.8764,14.5631,0.5355,14.7712,28.1355,7.3358
45520.0,1.8764,14.0661,0.5259,16.7856,28.833,7.3295
45525.0,1.8593,14.6781,0.516,15.4157,28.8113,7.3608
45530.0,1.8635,14.3188,0.5079,15.5147,28.7625,7.351
45535.0,1.8568,14.368,0.5187,15.2743,28.6123,7.348
45540.0,1.8623,14.4451,0.5382,16.5004,28.5264,7.3151
45545.0,1.8454,14.4132,0.5311,14.8146,28.6731,7.299
45550.0,1.8255,14.3923,0.5237,14.1417,28.835,7.2841
45555.0,1.8492,13.6018,0.5206,14.7772,28.0551,7.2378
45560.0,1.8307,13.8402,0.5085,15.1556,28.5066,7.2129
45565.0,1.8206,13.3022,0.5079,13.4694,28.1679,7.2125
45570.0,1.8263,14.1829,0.5179,12.7673,28.1213,7.1881
45575.0,1.8339,13.7538,0.5189,14.9933,27.7479,7.1837
45580.0,1.8178,13.8577,0.5227,14.5364,28.0539,7.2033
45585.0,1.8148,13.4882,0.5089,13.914,27.8827,7.2338
45590.0,1.8177,13.665,0.5161,14.506,28.035,7.2524
45595.0,1.8426,14.1735,0.4987,14.6813,27.904,7.2546
45600.0,1.8458,14.1211,0.5172,14.1469,28.0985,7.2811
45605.0,1.8499,13.862,0.5133,14.6126,28.1414,7.3127
45610.0,1.8438,14.2646,0.518,14.6318,28.2948,7.3523
45615.0,1.8616,14.1462,0.5375,16.9965,27.886,7.3693
45620.0,1.8713,14.6701,0.5466,16.3115,27.9356,7.3706
45625.0,1.8558,14.2837,0.5292,16.0931,28.3808,7.3833
45630.0,1.8597,14.2577,0.534,14.9464,28.0697,7.3831
45635.0,1.8561,13.8986,0.5325,15.3867,28.5025,7.3544
45640.0,1.849,13.9385,0.5394,14.8193,28.2431,7.3458
45645.0,1.8433,14.2795,0.5247,14.797,28.2828,7.3178
45650.0,1.8322,14.1113,0.5244,14.5594,28.4237,7.2897
45655.0,1.8304,13.5267,0.5026,14.829,27.9335,7.2715
45660.0,1.845,14.4973,0.5177,16.123,27.8118,7.2183
45665.0,1.8299,13.9216,0.5119,15.0555,28.1265,7.2
45670.0,1.8341,13.7667,0.5165,13.0939,28.0011,7.1802
45675.0,1.8589,14.7722,0.5273,15.6489,27.806,7.1438
45680.0,1.8469,14.0757,0.5127,15.209,28.1946,7.1526
45685.0,1.868,14.5298,0.5105,15.4214,27.8015,7.1538
45690.0,1.8528,14.3082,0.5126,14.4111,27.8826,7.2011
45695.0,1.859,14.385,0.5228,15.3258,27.9082,7.2275
45700.0,1.8678,14.2319,0.546,16.1616,27.7023,7.2614
45705.0,1.872,14.4831,0.515,15.0319,27.9885,7.2842
45710.0,1.8634,14.2832,0.5249,15.1171,28.3469,7.3194
45715.0,1.8704,14.5196,0.5384,16.0688,28.1291,7.3455
45720.0,1.8835,15.0965,0.528,16.5522,28.0339,7.3478
45725.0,1.9003,14.9104,0.5182,15.7153,27.98,7.3307
45730.0,1.881,14.4442,0.538,15.8823,28.0829,7.3483
45735.0,1.8738,14.6476,0.5179,14.9668,28.1535,7.3392
45740.0,1.8742,14.4115,0.5088,15.6447,28.0723,7.3134
45745.0,1.8764,15.0722,0.5318,16.4823,27.7825,7.285
45750.0,1.8604,14.6553,0.5184,15.3324,27.8877,7.2656
45755.0,1.8436,14.3512,0.5017,14.4971,27.8675,7.2526
45760.0,1.8506,14.5672,0.504,13.4533,27.4414,7.2229
45765.0,1.8486,13.9983,0.5202,13.3521,27.6896,7.188
45770.0,1.8466,14.3069,0.5189,14.3369,27.0735,7.1959
45775.0,1.8158,13.2813,0.5038,13.6579,27.7147,7.2136
45780.0,1.82,14.3538,0.4998,14.1875,27.7543,7.2127
45785.0,1.8218,13.6593,0.516,15.0632,27.7852,7.2268
45790.0,1.8293,13.7437,0.5102,14.9262,27.5206,7.254
45795.0,1.8215,13.6298,0.5092,12.6321,27.7264,7.2948
45800.0,1.8373,13.7323,0.5036,14.4863,28.0395,7.298
45805.0,1.8374,14.1636,0.4933,13.9089,28.0713,7.3354
45810.0,1.8456,14.1659,0.5367,15.7578,27.7406,7.3719
45815.0,1.8467,14.1741,0.5362,14.0116,27.8041,7.3966
45820.0,1.8396,13.9853,0.5377,15.0431,28.0566,7.4166
45825.0,1.8636,15.0093,0.5102,15.6551,27.3995,7.4112
45830.0,1.8635,14.5789,0.5303,15.6925,27.675,7.3937
45835.0,1.8539,14.8084,0.5381,15.1253,28.0569,7.3749
45840.0,1.8334,13.6804,0.5208,13.7659,27.9223,7.3837
45845.0,1.8289,13.6149,0.5264,13.4619,27.7177,7.3643
45850.0,1.8462,14.439,0.5247,15.9687,27.1913,7.3178
45855.0,1.8264,13.2974,0.5138,15.3562,27.4978,7.2964
45860.0,1.8325,13.6961,0.5034,13.7083,27.3099,7.2583
45865.0,1.7945,13.5175,0.5095,13.2516,27.496,7.2834
45870.0,1.8099,13.3488,0.4972,13.3919,27.1787,7.2546
45875.0,1.81,13.0898,0.5062,13.3032,27.1065,7.2505
45880.0,1.8021,12.9829,0.5252,12.6792,26.8433,7.2817
45885.0,1.7934,13.1741,0.5162,13.1191,27.6756,7.2803
45890.0,1.7982,13.4025,0.5085,12.0072,27.2929,7.3169
45895.0,1.7789,13.4914,0.4997,13.918,27.4635,7.3807
45900.0,1.7916,13.2873,0.5155,12.8399,27.4596,7.401
45905.0,1.8016,13.0992,0.5247,13.7775,27.2293,7.4346
45910.0,1.8019,12.8782,0.5266,13.5268,27.213,7.4722
45915.0,1.7914,13.0418,0.4893,12.1885,27.2996,7.5169
45920.0,1.793,13.0997,0.5245,13.0621,27.3814,7.5303
45925.0,1.788,13.1417,0.5294,14.4732,27.6512,7.5334
45930.0,1.7947,12.4939,0.5109,12.1977,27.3435,7.5289
45935.0,1.7687,12.9442,0.5113,12.6169,27.948,7.5293
45940.0,1.7694,12.4798,0.5024,12.3065,27.7253,7.5091
45945.0,1.7728,12.8356,0.5273,12.7577,27.6192,7.4703
45950.0,1.7839,13.153,0.5306,12.6221,27.3314,7.4217
45955.0,1.751,12.3027,0.4994,11.2778,27.6841,7.4231
45960.0,1.7515,12.0805,0.5137,12.3491,27.2,7.409
45965.0,1.7654,13.0395,0.5132,11.9605,27.2043,7.3538
45970.0,1.7636,12.5851,0.5045,12.4783,27.2242,7.3356
45975.0,1.7626,12.5869,0.4876,11.4855,27.3408,7.3254
45980.0,1.7695,11.9551,0.5033,12.3434,27.323,7.3201
45985.0,1.7797,13.5966,0.5179,12.9127,27.0575,7.3326
45990.0,1.79,13.067,0.4959,12.7384,27.0675,7.3434
45995.0,1.7932,13.5579,0.5173,13.736,27.394,7.3598
46000.0,1.7978,13.3104,0.5239,13.4089,27.4506,7.3899
46005.0,1.8107,13.4101,0.5267,14.076,27.2114,7.419
46010.0,1.8222,14.2686,0.5206,14.2908,26.9465,7.4479
46015.0,1.8083,13.1946,0.5218,13.2386,27.3164,7.4849
46020.0,1.799,13.7556,0.5316,12.9669,27.5374,7.5108
46025.0,1.7886,13.5861,0.5286,14.1721,27.8322,7.5231
46030.0,1.7974,13.5779,0.5082,12.956,27.0661,7.5366
46035.0,1.7823,13.0883,0.5118,13.6043,27.2298,7.5384
46040.0,1.7797,12.6687,0.5208,13.2831,27.1982,7.5155
46045.0,1.7601,12.8418,0.5035,11.3595,27.5851,7.4957
46050.0,1.756,12.9088,0.5039,12.2188,27.1836,7.4816
46055.0,1.7693,12.1529,0.4933,12.5124,26.9118,7.4286
46060.0,1.758,12.237,0.5006,11.9148,27.2292,7.3956
46065.0,1.7794,13.404,0.5006,14.2599,26.948,7.3399
46070.0,1.7899,12.8885,0.4941,11.9168,26.7146,7.3116
46075.0,1.7794,12.5414,0.5106,11.8296,26.7832,7.3199
46080.0,1.7556,12.258,0.5099,11.4899,27.4404,7.3394
46085.0,1.7569,12.4958,0.5048,13.2379,27.1175,7.372
46090.0,1.7523,12.2405,0.5034,12.6283,27.0749,7.4135
46095.0,1.7727,12.9807,0.5043,12.0556,27.0208,7.4166
46100.0,1.7583,12.4145,0.5107,12.404,27.1962,7.4758
46105.0,1.76,12.922,0.5179,13.2993,27.2333,7.5139
46110.0,1.7559,12.7199,0.4933,11.1351,27.2719,7.5583
46115.0,1.7741,12.7898,0.5062,12.8463,27.2546,7.555
46120.0,1.7547,12.8086,0.5151,12.569,27.4584,7.6007
46125.0,1.7487,11.8659,0.52,12.8409,27.2484,7.6315
46130.0,1.7546,12.3805,0.5177,13.3508,26.985,7.6278
46135.0,1.7482,12.1276,0.5208,12.797,27.0494,7.6179
46140.0,1.7465,12.7721,0.4983,12.1374,26.669,7.6112
46145.0,1.716,12.0665,0.5214,12.5144,27.6232,7.5853
46150.0,1.7178,12.0709,0.5212,11.8674,27.2805,7.5569
46155.0,1.7213,11.7991,0.5094,12.4131,26.8057,7.5321
46160.0,1.7081,11.1823,0.4972,11.001,26.8958,7.5162
46165.0,1.7126,11.2481,0.5138,12.2794,26.7689,7.4833
46170.0,1.7007,11.9114,0.4918,10.0448,27.2875,7.4601
46175.0,1.7308,11.9412,0.5002,11.2272,26.5348,7.4311
46180.0,1.7316,12.3905,0.5038,12.0427,26.921,7.4152
46185.0,1.738,12.2879,0.4824,12.6519,26.882,7.423
46190.0,1.7291,12.0129,0.5164,11.1134,27.1446,7.4572
46195.0,1.7368,12.6432,0.5036,11.4108,26.9493,7.491
46200.0,1.7424,12.093,0.5095,12.9286,26.5779,7.5423
46205.0,1.7217,12.0392,0.5243,12.6558,26.9969,7.6066
46210.0,1.7185,12.3895,0.5065,11.4482,26.8544,7.6622
46215.0,1.7266,12.2086,0.5166,11.6097,27.1466,7.6607
46220.0,1.7272,11.4684,0.5243,11.9407,27.5028,7.659
46225.0,1.7509,12.6597,0.5199,12.3516,26.7131,7.6584
46230.0,1.7354,12.1576,0.508,12.2082,26.937,7.6715
46235.0,1.7356,13.0004,0.5041,11.4768,26.9741,7.6499
46240.0,1.7241,12.3892,0.5038,10.409,26.9803,7.6426
46245.0,1.7269,12.4835,0.5121,12.3906,27.2157,7.5857
46250.0,1.7163,12.0941,0.5136,11.4501,26.9378,7.5786
46255.0,1.722,12.1705,0.4929,11.3219,27.0358,7.5193
46260.0,1.7151,12.1681,0.5126,11.4002,26.7307,7.5099
46265.0,1.701,11.5232,0.4938,10.8891,26.9087,7.5
46270.0,1.6971,10.87,0.5096,11.3809,27.0217,7.4827
46275.0,1.7189,11.8061,0.4984,11.879,26.6342,7.4511
46280.0,1.7134,12.0226,0.508,10.1675,27.0176,7.4476
46285.0,1.7087,11.7579,0.5011,12.0593,26.8543,7.4855
46290.0,1.707,11.2613,0.5038,11.178,27.1335,7.5059
46295.0,1.7247,11.8567,0.4973,10.8031,26.8615,7.5225
46300.0,1.7291,12.311,0.4956,11.0033,27.0515,7.5455
46305.0,1.7319,12.0337,0.5142,10.6348,26.9905,7.5857
46310.0,1.7438,12.5717,0.5139,11.5153,27.0167,7.5989
46315.0,1.7394,12.3802,0.5188,12.7542,27.137,7.6316
46320.0,1.7279,11.9446,0.5107,11.7998,27.2262,7.671
46325.0,1.7446,12.575,0.5134,12.0862,26.7855,7.6681
46330.0,1.723,11.503,0.5182,11.6354,27.4477,7.6702
46335.0,1.7408,12.2381,0.5088,11.2904,26.6018,7.6596
46340.0,1.7336,11.5071,0.5219,11.8209,26.8613,7.6296
46345.0,1.7338,12.8824,0.5097,10.8221,26.9661,7.5841
46350.0,1.7276,12.036,0.5093,11.9422,27.0455,7.549
46355.0,1.7104,11.4497,0.5134,11.6935,27.2893,7.5284
46360.0,1.7272,11.8104,0.5145,11.473,26.3882,7.504
46365.0,1.7143,12.2583,0.4961,10.6478,26.6922,7.4835
46370.0,1.7303,12.1247,0.4931,11.6242,26.2656,7.454
46375.0,1.7263,11.9609,0.5038,10.8024,26.7976,7.426
46380.0,1.7196,11.4666,0.5184,10.4676,26.8647,7.4419
46385.0,1.7104,11.6644,0.4982,9.5732,27.2157,7.4623
46390.0,1.7296,12.1362,0.4968,10.4942,26.8813,7.4718
46395.0,1.7332,11.7624,0.5156,11.9235,27.1541,7.4883
46400.0,1.7526,12.5708,0.4992,10.2313,27.0856,7.4955
46405.0,1.7581,12.6389,0.5055,12.8039,26.8775,7.5365
46410.0,1.7735,13.029,0.5118,13.7501,26.6763,7.5554
46415.0,1.7669,12.7707,0.5024,12.1874,27.131,7.5749
46420.0,1.7859,13.454,0.5075,12.5831,26.7112,7.5788
46425.0,1.7848,13.1147,0.5064,11.7774,27.4161,7.5523
46430.0,1.7845,13.1139,0.5248,13.6541,27.0453,7.5629
46435.0,1.7649,12.7702,0.5134,11.7394,27.3643,7.5658
46440.0,1.7624,12.6335,0.5131,11.8294,26.9133,7.564
46445.0,1.7698,12.5951,0.4982,12.1244,27.0599,7.5052
46450.0,1.7678,12.5618,0.518,11.4299,27.0,7.4686
46455.0,1.7587,12.7569,0.5102,11.9403,26.8914,7.4491
46460.0,1.7598,12.5245,0.4939,12.77,26.7542,7.4164
46465.0,1.7459,12.8974,0.5044,11.4135,26.9289,7.4039
46470.0,1.7535,12.2443,0.5105,13.3218,26.5796,7.3879
46475.0,1.7459,12.0498,0.5023,12.5048,26.5032,7.3996
46480.0,1.7196,12.012,0.5003,11.8104,27.1255,7.427
46485.0,1.7189,11.8659,0.5216,11.9136,27.0199,7.4545
46490.0,1.7231,12.0638,0.5077,11.425,26.8899,7.4842
46495.0,1.7271,11.8755,0.5026,11.6049,27.3337,7.4918
46500.0,1.7339,12.4137,0.5026,12.209,26.8992,7.5424
46505.0,1.7336,11.9462,0.5207,12.2467,27.3455,7.5634
46510.0,1.7392,12.5113,0.5095,11.5762,27.1031,7.6027
46515.0,1.7481,12.2564,0.5016,12.6679,26.8388,7.6298
46520.0,1.7326,11.714,0.5106,11.0201,27.581,7.6423
46525.0,1.7448,12.1331,0.5137,11.719,27.3768,7.6346
46530.0,1.7578,12.818,0.5254,13.0627,27.0944,7.6159
46535.0,1.747,12.3018,0.5057,11.1758,27.2882,7.6072
46540.0,1.7523,12.4638,0.5209,12.4876,26.9754,7.5826
46545.0,1.7254,12.0343,0.5091,11.3394,27.2449,7.5846
46550.0,1.746,12.6935,0.5095,12.4262,26.3968,7.5462
46555.0,1.7323,12.4691,0.5272,12.2876,26.6967,7.5148
46560.0,1.6983,11.7552,0.4997,10.6858,27.1581,7.5219
46565.0,1.7077,11.999,0.496,10.6403,26.8212,7.491
46570.0,1.7149,11.7407,0.5057,11.6502,26.9179,7.4506
46575.0,1.7352,12.0553,0.5144,12.4249,26.5257,7.4225
46580.0,1.7168,12.6452,0.4986,11.8224,27.3356,7.4231
46585.0,1.7107,12.7731,0.4995,10.8615,27.1965,7.4618
46590.0,1.727,12.2676,0.5011,11.5664,26.8859,7.4768
46595.0,1.7368,12.7844,0.5042,11.2864,26.8808,7.4955
46600.0,1.7294,11.7718,0.5194,12.0267,27.2899,7.5313
46605.0,1.7275,12.2685,0.4959,10.9056,27.5788,7.5632
46610.0,1.7528,12.3146,0.5099,12.6253,27.3678,7.5617
46615.0,1.7419,12.6186,0.5247,12.4905,27.71,7.5952
46620.0,1.7776,13.0477,0.4982,12.9265,26.9623,7.583
46625.0,1.7786,13.0535,0.53,12.5506,27.0,7.5846
46630.0,1.7941,12.7622,0.5238,13.4434,26.905,7.5532
46635.0,1.7876,13.9418,0.5077,13.3163,27.2962,7.5261
46640.0,1.7807,13.0113,0.5034,14.0912,27.2014,7.513
46645.0,1.7649,13.04,0.5138,12.0797,27.0827,7.5112
46650.0,1.7552,12.6733,0.5006,11.1393,27.2817,7.4789
46655.0,1.742,12.3609,0.5059,11.4449,27.3463,7.4589
46660.0,1.7517,12.3948,0.4992,11.9513,26.6202,7.4391
46665.0,1.7369,12.2388,0.5003,10.8255,26.8245,7.4275
46670.0,1.729,12.4382,0.4912,11.1314,27.1628,7.407
46675.0,1.7406,12.6379,0.5112,11.51,26.839,7.3936
46680.0,1.7367,11.9349,0.5057,10.9267,26.7693,7.4111
46685.0,1.7243,11.9241,0.4949,11.513,27.2504,7.4311
46690.0,1.7448,12.5308,0.4903,10.1669,26.7122,7.4489
46695.0,1.7469,12.6469,0.5166,12.6796,27.0068,7.4677
46700.0,1.7587,12.7653,0.4962,12.5583,27.2166,7.4762
46705.0,1.7692,12.6209,0.5246,11.5203,27.0432,7.5058
46710.0,1.7757,13.0794,0.5225,12.4334,27.4303,7.5125
46715.0,1.7843,12.8242,0.5189,14.078,27.1315,7.5399
46720.0,1.7756,12.475,0.4971,11.3703,27.6534,7.5504
46725.0,1.7873,13.3535,0.5228,11.901,27.2833,7.5528
46730.0,1.7832,13.3043,0.5374,15.2812,27.4815,7.5443
46735.0,1.7905,13.0552,0.511,12.366,27.4853,7.5115
46740.0,1.7997,13.5881,0.5324,14.1673,27.1151,7.4818
46745.0,1.8049,13.584,0.5075,13.6958,26.7233,7.453
46750.0,1.7925,13.6791,0.5028,13.1625,27.2871,7.4076
46755.0,1.802,13.3909,0.5145,12.9832,27.1752,7.3546
46760.0,1.7936,13.5575,0.5084,12.7336,27.261,7.3273
46765.0,1.7921,13.0256,0.5133,12.8599,27.039,7.3105
46770.0,1.7901,12.7434,0.5198,13.6502,26.9735,7.2983
46775.0,1.7822,12.7619,0.5019,12.7089,27.5828,7.2786
46780.0,1.795,13.0535,0.5036,14.0859,26.7269,7.3003
46785.0,1.789,13.189,0.5086,12.2805,27.3068,7.3043
46790.0,1.794,13.0272,0.4946,13.4497,27.0199,7.3374
46795.0,1.7892,13.0621,0.502,13.8272,27.1285,7.3784
46800.0,1.8074,13.6476,0.5108,12.8494,27.1867,7.3857
46805.0,1.8096,13.7182,0.5202,14.8286,27.1187,7.4249
46810.0,1.8114,13.7568,0.5259,13.5009,27.5115,7.4416
46815.0,1.8004,13.9089,0.5316,15.5427,27.7569,7.4788
46820.0,1.8207,13.3233,0.5229,14.8363,27.5555,7.4721
46825.0,1.8157,13.7141,0.5119,14.331,27.4786,7.4896
46830.0,1.8195,13.8068,0.5209,14.1146,27.2063,7.4892
46835.0,1.8137,13.3685,0.5418,14.092,27.5684,7.4645
46840.0,1.8133,14.5916,0.5088,13.0674,27.9527,7.4191
46845.0,1.812,13.5764,0.5228,14.4564,27.2843,7.4122
46850.0,1.8057,13.4239,0.5172,14.0471,27.2468,7.3847
46855.0,1.8015,13.5402,0.5083,13.2857,27.162,7.355
46860.0,1.7914,13.3879,0.5051,12.8394,27.1459,7.3363
46865.0,1.8109,13.1132,0.5299,12.9575,26.5566,7.3
46870.0,1.7908,13.1205,0.4928,12.534,27.3308,7.2808
46875.0,1.7955,13.1599,0.5165,14.6269,27.0188,7.2797
46880.0,1.81,13.2213,0.5168,12.0874,26.8429,7.2694
46885.0,1.7845,13.3783,0.5101,12.8964,27.4631,7.3038
46890.0,1.8085,13.949,0.5242,14.0237,27.0456,7.3113
46895.0,1.8263,13.7218,0.5222,16.2749,27.2814,7.3076
46900.0,1.8202,13.7722,0.512,15.5836,27.7871,7.3357
46905.0,1.8454,14.3677,0.5124,14.091,27.1228,7.3625
46910.0,1.8542,14.5007,0.516,15.6682,27.142,7.3835
46915.0,1.8345,14.0352,0.5361,14.3894,27.6339,7.4239
46920.0,1.8287,14.219,0.5227,13.8378,27.8836,7.4424
46925.0,1.8647,14.0759,0.5205,14.7444,27.2183,7.4179
46930.0,1.8394,14.2646,0.5206,14.8551,27.7149,7.4307
46935.0,1.8262,14.5269,0.5356,15.0168,27.7453,7.4333
46940.0,1.8389,13.5317,0.5249,14.3579,27.0605,7.413
46945.0,1.8176,13.6265,0.5065,14.2331,27.7416,7.3831
46950.0,1.8191,13.7455,0.5067,13.7627,27.7233,7.3407
46955.0,1.8387,14.2462,0.5123,13.6216,27.3883,7.2821
46960.0,1.8223,14.4746,0.5209,14.9751,27.7461,7.2564
46965.0,1.8395,13.2548,0.5081,13.8479,27.6926,7.2031
46970.0,1.8349,14.5404,0.5019,13.8914,27.4215,7.2012
46975.0,1.8218,13.1944,0.5047,13.5047,27.2842,7.2215
46980.0,1.8208,13.814,0.5053,12.5164,27.1699,7.2352
46985.0,1.8208,13.7923,0.5256,13.8264,27.4337,7.2433
46990.0,1.8295,13.7183,0.5273,14.2075,27.6274,7.2503
46995.0,1.8486,13.8597,0.523,13.8279,27.4545,7.2626
47000.0,1.8847,15.531,0.5391,16.9021,27.0412,7.2623
47005.0,1.8772,14.6447,0.5127,14.4304,27.9629,7.2775
47010.0,1.8749,14.8265,0.5148,13.7281,27.7439,7.324
47015.0,1.888,14.4852,0.5229,16.0567,27.6434,7.3371
47020.0,1.8918,14.9807,0.5312,15.486,27.9828,7.337
47025.0,1.8839,14.9535,0.543,16.0032,28.1658,7.3476
47030.0,1.9294,15.5667,0.5259,17.4054,27.0857,7.3142
47035.0,1.9292,15.2662,0.5527,17.742,27.8823,7.2677
47040.0,1.9355,15.5162,0.525,16.3262,27.3927,7.2462
47045.0,1.9145,15.5653,0.5239,16.9242,27.8413,7.2253
47050.0,1.907,15.1328,0.5298,16.5546,27.711,7.2015
47055.0,1.9052,15.0991,0.5225,16.1604,27.8005,7.1624
47060.0,1.9177,15.0129,0.5332,15.8109,27.4839,7.1202
47065.0,1.9259,15.1006,0.5238,18.3938,27.1161,7.0928
47070.0,1.8974,14.285,0.5192,16.9478,27.4595,7.1029
47075.0,1.9115,14.9809,0.5189,16.4589,27.6754,7.0709
47080.0,1.8997,15.6558,0.5315,16.7047,27.8438,7.0866
47085.0,1.9266,15.4581,0.5168,17.1412,27.3272,7.085
47090.0,1.9102,15.6735,0.515,15.8556,27.9191,7.1152
47095.0,1.9245,15.3975,0.529,17.602,27.5511,7.1429
47100.0,1.9323,15.6195,0.5261,16.1607,27.859,7.1611
47105.0,1.9581,15.8973,0.5179,17.3742,27.6962,7.1698
47110.0,1.9529,15.5936,0.5208,17.6422,27.92,7.2036
47115.0,1.9562,16.1723,0.5267,16.7579,28.1395,7.2202
47120.0,1.9603,16.0962,0.5373,18.1994,27.6401,7.2479
47125.0,1.943,15.7976,0.5274,17.83,27.7931,7.273
47130.0,1.9306,15.3479,0.5341,16.1519,28.0109,7.2776
47135.0,1.9157,15.265,0.4845,15.3563,28.5527,7.2629
47140.0,1.9187,15.6856,0.5219,17.4586,27.7122,7.2588
47145.0,1.8985,14.732,0.5329,16.0882,28.4052,7.2293
47150.0,1.9023,14.9914,0.5241,17.0143,28.3588,7.1867
47155.0,1.9064,14.7954,0.5223,15.2559,27.7959,7.1603
47160.0,1.9067,15.2486,0.5191,15.1751,27.7127,7.1278
47165.0,1.9371,15.8098,0.5423,17.2482,27.59,7.0626
47170.0,1.9205,15.5395,0.5282,17.3987,27.7335,7.061
47175.0,1.9143,15.3198,0.5345,17.9975,27.4003,7.0744
47180.0,1.9,15.1885,0.5321,17.0156,27.7491,7.0895
47185.0,1.8903,15.1051,0.5068,14.8932,28.1725,7.1072
47190.0,1.9042,15.6584,0.5309,17.1849,27.6875,7.1319
47195.0,1.9105,15.8844,0.5267,16.7613,27.8307,7.1537
47200.0,1.9176,15.9012,0.5439,16.7198,27.5207,7.1928
47205.0,1.9221,15.8696,0.5299,17.7973,28.0946,7.2067
47210.0,1.9254,15.4933,0.5307,15.8376,28.1177,7.2358
47215.0,1.9483,16.477,0.5406,17.7613,28.1094,7.2328
47220.0,1.9362,15.5556,0.537,18.0351,28.0692,7.2672
47225.0,1.9309,15.6892,0.5409,16.9617,28.0662,7.2815
47230.0,1.9289,15.2683,0.5487,17.1389,28.2662,7.2719
47235.0,1.924,15.3684,0.5346,16.3203,28.1208,7.2653
47240.0,1.9155,15.4734,0.5243,15.8705,28.1821,7.2475
47245.0,1.9193,15.4497,0.5085,16.5192,28.1238,7.2095
47250.0,1.8946,15.2963,0.5298,14.7864,28.3131,7.1981
47255.0,1.8911,14.1188,0.5097,16.2106,28.1636,7.1698
47260.0,1.8938,15.4203,0.5143,16.1586,28.0093,7.1362
47265.0,1.8973,15.1379,0.523,15.6775,28.3159,7.0934
47270.0,1.8918,14.8953,0.5204,16.0056,28.0284,7.0916
47275.0,1.8693,14.9413,0.5335,15.0649,28.2506,7.1099
47280.0,1.8893,14.3606,0.5149,15.0027,28.0918,7.0944
47285.0,1.8899,15.316,0.5371,15.7346,27.5092,7.1302
47290.0,1.875,14.9481,0.5312,14.8324,28.3373,7.1519
47295.0,1.8752,14.4561,0.5004,16.0856,28.0949,7.1952
47300.0,1.8833,14.6532,0.5277,15.2199,28.1027,7.223
47305.0,1.8887,15.1796,0.52,15.3469,28.2405,7.2496
47310.0,1.9015,15.0831,0.5271,15.3381,28.1339,7.2701
47315.0,1.8965,14.5464,0.5233,15.3297,28.3181,7.2986
47320.0,1.9218,15.6485,0.5218,15.5864,28.1427,7.2871
47325.0,1.8966,14.8224,0.5214,17.2368,28.6246,7.3115
47330.0,1.9149,14.9839,0.5298,16.7132,28.2782,7.2919
47335.0,1.9199,15.572,0.5349,16.5809,28.1976,7.2693
47340.0,1.9162,15.7493,0.5372,16.8446,28.0367,7.2516
47345.0,1.8976,14.991,0.5403,17.21,28.3011,7.2338
47350.0,1.8798,14.428,0.5195,15.7246,28.2421,7.2224
47355.0,1.8656,14.6494,0.5348,15.2121,28.2538,7.2039
47360.0,1.8891,15.1279,0.5172,15.5949,27.8658,7.149
47365.0,1.8898,15.2609,0.5148,16.4984,27.6967,7.1247
47370.0,1.8912,14.8186,0.5212,15.4723,28.2397,7.0867
47375.0,1.8548,14.0423,0.5069,14.3412,28.4547,7.1234
47380.0,1.9029,15.0788,0.515,14.8096,27.8417,7.0843
47385.0,1.8973,14.8445,0.5175,15.8494,28.5244,7.0863
47390.0,1.8899,14.9775,0.5169,14.6052,28.2386,7.1327
47395.0,1.8908,14.7474,0.5507,17.7615,28.215,7.1682
47400.0,1.9089,15.0655,0.5328,16.9389,28.171,7.1838
47405.0,1.9139,15.5358,0.5397,16.5041,27.9779,7.2215
47410.0,1.9171,15.1536,0.5258,17.0131,28.6199,7.2316
47415.0,1.9444,16.1632,0.5266,18.3311,28.2194,7.2344
47420.0,1.9148,15.164,0.5334,16.4717,28.2467,7.2909
47425.0,1.9108,15.1602,0.5394,15.9615,28.704,7.2892
47430.0,1.9217,15.6517,0.5421,17.7382,27.9849,7.2914
47435.0,1.9223,15.436,0.5237,17.0171,28.0603,7.2704
47440.0,1.9126,15.5996,0.5246,16.36,28.4103,7.2443
47445.0,1.9196,15.1774,0.5278,16.5837,28.4532,7.1984
47450.0,1.9099,14.8858,0.5293,17.2939,28.4614,7.1719
47455.0,1.9309,15.9661,0.5334,17.2804,28.2251,7.1129
47460.0,1.8875,14.802,0.5123,16.4063,28.8979,7.114
47465.0,1.8998,14.9189,0.512,15.7834,28.1817,7.0935
47470.0,1.9173,15.5279,0.5225,15.7192,28.1661,7.0528
47475.0,1.9036,14.8814,0.5185,15.8617,28.0236,7.0685
47480.0,1.9135,15.7856,0.5198,16.0531,28.2675,7.0545
47485.0,1.9214,15.3692,0.531,16.5818,28.4179,7.0566
47490.0,1.9241,15.8789,0.5175,17.9116,28.6045,7.0745
47495.0,1.9518,16.0384,0.5366,19.9747,27.9792,7.0916
47500.0,1.9551,16.1236,0.5478,18.8375,28.3425,7.1145
47505.0,1.961,16.0585,0.5295,17.2168,28.568,7.1383
47510.0,1.9586,16.1131,0.5424,18.2392,28.6509,7.1731
47515.0,1.9608,16.8449,0.5329,18.5421,28.5448,7.201
47520.0,1.959,16.5952,0.5336,17.8279,28.7059,7.2163
47525.0,1.9718,16.6831,0.5456,18.3996,28.3812,7.2155
47530.0,1.9703,15.7946,0.542,19.3385,28.9712,7.1944
47535.0,1.9673,16.3713,0.5344,18.6409,28.8142,7.1844
47540.0,1.9772,16.2338,0.5302,19.9519,28.2022,7.1623
47545.0,1.9787,16.8306,0.5372,18.799,28.2333,7.1252
47550.0,1.9803,16.9278,0.529,18.6303,28.1994,7.0858
47555.0,1.9667,16.2658,0.5298,16.8863,28.5896,7.0537
47560.0,1.9785,16.6287,0.5454,18.7629,28.0624,7.0194
47565.0,1.971,16.9326,0.529,18.2241,28.2728,6.9955
47570.0,1.9538,16.2032,0.5325,17.1664,28.453,6.9943
47575.0,1.9908,16.1127,0.548,20.0757,28.3205,6.9474
47580.0,1.9952,16.9584,0.5313,19.6065,28.4141,6.9443
47585.0,2.0085,17.2851,0.5337,18.1558,28.1091,6.9534
47590.0,2.0133,17.3439,0.5251,18.3858,28.5623,6.9632
47595.0,2.0288,17.5945,0.5298,20.2569,28.3068,6.9847
47600.0,2.0527,17.82,0.5339,20.8088,28.43,6.9926
47605.0,2.0655,18.6471,0.5409,21.1936,28.6215,7.0128
47610.0,2.0726,17.4917,0.5605,21.323,28.6342,7.0403
47615.0,2.0823,18.5756,0.5542,21.9071,28.652,7.0587
47620.0,2.1087,18.5362,0.5425,22.8993,28.484,7.0557
47625.0,2.1276,19.3213,0.5704,22.8421,28.6084,7.0455
47630.0,2.1271,18.9138,0.558,22.5629,28.6807,7.0451
47635.0,2.1218,18.7535,0.5683,24.2017,28.3192,7.0461
47640.0,2.1321,19.8329,0.5564,23.1016,28.5182,7.0117
47645.0,2.1438,19.3292,0.5589,24.3689,28.6929,6.9708
47650.0,2.1686,19.7595,0.5724,23.6413,28.2342,6.9265
47655.0,2.1528,19.4288,0.5694,24.0302,28.8001,6.9046
47660.0,2.1749,20.339,0.5331,24.2229,28.7903,6.861
47665.0,2.2043,20.7834,0.5701,27.0659,28.1321,6.828
47670.0,2.19,20.6256,0.5551,26.6207,28.765,6.826
47675.0,2.2089,20.6421,0.5458,26.4613,28.3859,6.8188
47680.0,2.2045,20.8173,0.5694,25.9551,28.5372,6.8359
47685.0,2.2361,21.2116,0.5721,28.0374,28.333,6.8362
47690.0,2.2912,22.4584,0.5676,29.7669,28.7244,6.8202
47695.0,2.3027,21.8855,0.5895,31.0553,28.6401,6.8565
47700.0,2.3361,22.7561,0.5897,31.3848,28.3845,6.8801
47705.0,2.345,23.2787,0.5923,31.222,28.3461,6.9222
47710.0,2.3431,23.1866,0.5736,31.8199,28.317,6.969
47715.0,2.3239,22.6251,0.596,31.2169,28.7651,7.0173
47720.0,2.32,22.5916,0.6078,31.9186,28.8853,7.0439
47725.0,2.3151,22.2295,0.5796,30.3942,28.9149,7.0598
47730.0,2.3194,22.7949,0.5913,29.747,28.7179,7.0578
47735.0,2.3155,22.5516,0.5888,29.7825,28.4394,7.0524
47740.0,2.3101,22.1868,0.6037,30.065,28.5273,7.0345
47745.0,2.3003,22.7405,0.5777,29.4264,28.9465,7.0095
47750.0,2.3229,22.61,0.5933,31.3009,28.4931,6.9625
47755.0,2.2958,21.9812,0.5792,29.5333,28.6059,6.953
47760.0,2.3171,22.4991,0.5718,30.0161,28.2614,6.9093
47765.0,2.3006,22.0807,0.5879,30.826,28.5833,6.8981
47770.0,2.3388,23.1659,0.5863,30.1299,28.3654,6.855
47775.0,2.3236,22.598,0.5703,29.8206,28.7359,6.8638
47780.0,2.3181,22.2741,0.567,31.3041,28.6767,6.8792
47785.0,2.3201,22.6165,0.5767,30.5865,28.3824,6.8999
47790.0,2.3317,22.7242,0.5863,32.1342,28.5094,6.9167
47795.0,2.3063,22.6049,0.5841,29.8721,28.4466,6.9734
47800.0,2.2946,21.6264,0.5882,28.9788,28.2773,7.0209
47805.0,2.2753,21.6168,0.5945,28.2123,28.4655,7.069
47810.0,2.2634,22.0583,0.5708,27.4396,28.7724,7.1036
47815.0,2.2565,21.7412,0.5561,27.3958,28.8385,7.129
47820.0,2.2744,21.7297,0.5748,29.1826,28.8167,7.1242
47825.0,2.2753,21.4594,0.5813,28.761,28.7125,7.1261
47830.0,2.2449,20.8679,0.5738,26.4325,29.0148,7.14
47835.0,2.2371,21.7126,0.5848,28.6216,28.7769,7.1287
47840.0,2.2465,21.7401,0.5746,28.8566,28.9044,7.0876
47845.0,2.2317,21.2939,0.545,27.8937,28.2439,7.0731
47850.0,2.2107,20.3023,0.5559,26.5668,27.661,7.0603
47855.0,2.1737,19.9581,0.5682,23.9329,28.6667,7.0364
47860.0,2.1248,18.9798,0.5534,23.0694,28.1981,7.0492
47865.0,2.0876,18.0869,0.5374,21.4131,28.4683,7.0423
47870.0,2.0447,17.6363,0.5253,20.179,28.4248,7.0541
47875.0,1.9834,16.2625,0.5271,19.2436,28.89,7.0836
47880.0,1.9558,16.3419,0.5265,19.9737,28.6005,7.1039
47885.0,1.9304,14.935,0.5167,17.831,28.5633,7.1258
47890.0,1.8996,15.1628,0.5225,17.0768,28.7641,7.1571
47895.0,1.8999,15.4727,0.5408,15.1283,28.6886,7.1657
47900.0,1.8726,14.9268,0.5196,15.2299,28.5282,7.2227
47905.0,1.8647,14.3033,0.539,15.9605,28.9565,7.2595
47910.0,1.8949,14.8513,0.5212,15.988,28.4525,7.2691
47915.0,1.8875,14.8216,0.5347,15.3946,28.8434,7.2936
47920.0,1.8874,15.005,0.5439,16.1936,28.3964,7.3271
47925.0,1.8562,14.3079,0.5091,13.6602,28.841,7.3642
47930.0,1.8678,14.4379,0.5389,15.6787,28.8301,7.3425
47935.0,1.8609,14.5024,0.531,16.5141,29.1788,7.3217
47940.0,1.8896,14.9569,0.5099,15.5294,28.3343,7.2811
47945.0,1.8822,15.1,0.5292,17.0785,28.5325,7.2489
47950.0,1.8673,14.3814,0.5589,16.2116,28.841,7.2204
47955.0,1.8672,14.5962,0.5145,15.3677,28.6716,7.1873
47960.0,1.8753,14.8302,0.5248,14.8874,28.5898,7.1435
47965.0,1.86,14.0282,0.5031,13.944,28.2711,7.1473
47970.0,1.8541,14.2701,0.5167,14.6136,28.3397,7.1364
47975.0,1.8437,14.4291,0.4923,14.1816,28.7898,7.13
47980.0,1.8593,13.9054,0.5011,14.7448,28.4715,7.1246
47985.0,1.8669,14.2072,0.5255,15.1192,28.5978,7.1271
47990.0,1.8823,14.7869,0.5118,16.3834,28.5066,7.136
47995.0,1.888,14.7951,0.5024,16.16,28.2796,7.1701
48000.0,1.8859,15.1123,0.5444,17.1818,28.8533,7.1933
48005.0,1.8916,14.7054,0.515,15.9549,28.7901,7.2261
48010.0,1.8789,15.0015,0.5414,15.2744,29.2804,7.2629
48015.0,1.8918,14.746,0.5283,16.2032,28.4812,7.2995
48020.0,1.872,13.8951,0.5221,15.3848,28.9598,7.33
48025.0,1.8852,14.6294,0.5094,14.44,28.4313,7.336
48030.0,1.8489,13.8859,0.5181,15.7338,28.7888,7.371
48035.0,1.8568,14.3694,0.5218,14.4256,28.9699,7.3361
48040.0,1.869,15.1961,0.5108,15.078,28.172,7.3174
48045.0,1.8543,13.8592,0.5106,14.5601,28.5944,7.2886
48050.0,1.8532,14.1946,0.5183,14.0584,28.4558,7.2557
48055.0,1.865,14.4509,0.5287,15.0696,28.372,7.2021
48060.0,1.8427,14.267,0.5207,15.1368,28.5992,7.1902
48065.0,1.8455,14.0611,0.5154,15.5953,28.747,7.1537
48070.0,1.8391,14.0629,0.5075,14.2166,28.4092,7.156
48075.0,1.8356,14.1898,0.5002,13.6978,28.4836,7.153
48080.0,1.8234,13.6707,0.5066,12.1483,28.465,7.1783
48085.0,1.8441,14.4526,0.5119,14.4649,28.455,7.1668
48090.0,1.8567,14.3254,0.5034,15.1045,28.2122,7.184
48095.0,1.8471,13.8778,0.5047,13.4211,28.8001,7.2127
48100.0,1.851,14.2808,0.5094,13.9063,28.6397,7.252
48105.0,1.8615,13.9726,0.5248,14.4649,28.7076,7.2738
48110.0,1.8504,14.3235,0.5279,15.1941,28.4455,7.3349
48115.0,1.8657,14.6948,0.5253,15.027,28.5619,7.3373
48120.0,1.8564,14.584,0.5281,16.0603,28.6503,7.3654
48125.0,1.8796,14.7611,0.5301,16.6476,28.3144,7.3499
48130.0,1.8817,15.0844,0.524,15.8003,28.2648,7.3414
48135.0,1.866,14.8813,0.5134,15.5103,28.5114,7.3375
48140.0,1.8723,14.7768,0.5202,15.1113,28.7551,7.292
48145.0,1.882,14.8825,0.5214,15.5357,28.4154,7.2536
48150.0,1.8601,14.2771,0.5373,15.584,28.2736,7.2506
48155.0,1.8493,14.7293,0.5317,14.8296,28.2741,7.2283
48160.0,1.8667,14.5124,0.5043,15.002,28.3179,7.1663
48165.0,1.8618,14.3614,0.5004,15.9958,28.3059,7.1444
48170.0,1.8312,13.4788,0.5005,14.7885,28.9101,7.1498
48175.0,1.8553,13.8411,0.5078,15.9476,28.6206,7.1196
48180.0,1.8432,13.959,0.5169,14.6075,28.6161,7.1423
48185.0,1.8484,14.0396,0.5023,14.544,28.6688,7.1517
48190.0,1.8737,14.9437,0.5043,14.5327,28.1556,7.1608
48195.0,1.881,14.9201,0.527,15.5748,28.1369,7.1858
48200.0,1.8828,14.6261,0.5246,15.6913,28.2074,7.2198
48205.0,1.8534,14.2761,0.5225,15.221,28.8594,7.2791
48210.0,1.8606,14.9438,0.5328,15.9358,28.4259,7.3206
48215.0,1.8528,14.2941,0.5119,13.7445,28.2782,7.3667
48220.0,1.8533,14.3871,0.5338,16.2678,28.4997,7.3769
48225.0,1.8588,14.5811,0.5182,14.7565,28.5502,7.3728
48230.0,1.8613,14.5059,0.5213,14.9993,28.6646,7.3582
48235.0,1.8592,14.4907,0.54,15.3591,28.6338,7.344
48240.0,1.8681,14.3517,0.5214,15.0485,28.3257,7.3136
48245.0,1.8483,14.1612,0.5005,15.6672,28.6571,7.2952
48250.0,1.8406,14.3026,0.5152,14.0816,28.2743,7.2816
48255.0,1.8411,14.1379,0.5199,13.4398,28.3434,7.2393
48260.0,1.8155,13.5275,0.5167,13.9193,28.507,7.2361
48265.0,1.8212,13.8373,0.5067,13.4976,28.1363,7.2137
48270.0,1.8369,14.2755,0.5227,14.7842,28.1276,7.1719
48275.0,1.8288,13.837,0.4975,14.3073,28.405,7.1665
48280.0,1.8486,13.925,0.5036,14.3642,28.0445,7.1564
48285.0,1.8432,14.2734,0.5221,14.3786,28.1784,7.177
48290.0,1.843,14.2416,0.5303,14.9067,28.4411,7.1964
48295.0,1.8231,13.9437,0.521,13.2103,28.8518,7.247
48300.0,1.8385,13.7779,0.5176,15.7791,28.5302,7.2759
48305.0,1.8399,14.3574,0.5089,14.7991,28.5376,7.313
48310.0,1.8503,14.2164,0.5186,15.0871,28.5881,7.3314
48315.0,1.8559,14.1883,0.5186,15.8304,28.2144,7.3648
48320.0,1.8626,14.1737,0.5192,15.3151,28.527,7.3617
48325.0,1.8859,14.2112,0.5394,17.9379,28.4921,7.3343
48330.0,1.8774,14.4898,0.5211,15.8255,28.5666,7.3364
48335.0,1.8703,14.686,0.5222,15.1197,28.4879,7.3319
48340.0,1.8517,14.3721,0.5139,15.0879,28.5145,7.3307
48345.0,1.8478,13.907,0.5189,13.2358,28.2937,7.3099
48350.0,1.8441,13.7641,0.5109,14.7751,28.3338,7.2746
48355.0,1.8443,13.9925,0.5143,13.4247,27.9596,7.2484
48360.0,1.8184,13.3583,0.4914,13.9084,28.1385,7.2459
48365.0,1.8187,13.4925,0.5113,14.2837,28.5268,7.2034
48370.0,1.821,13.4899,0.5182,14.4297,28.2311,7.1917
48375.0,1.8182,13.82,0.5224,13.9177,28.1325,7.1936
48380.0,1.8174,14.1094,0.5038,13.6888,28.6127,7.1836
48385.0,1.8304,14.2612,0.5065,13.5558,27.8134,7.2111
48390.0,1.8393,14.1589,0.5076,15.1461,27.903,7.2231
48395.0,1.8254,14.181,0.5089,14.6528,28.6439,7.2521
48400.0,1.8532,14.4476,0.5159,14.926,28.267,7.2635
48405.0,1.8636,14.507,0.5327,16.01,28.2347,7.2879
48410.0,1.8669,14.662,0.5319,15.982,28.0308,7.3259
48415.0,1.8751,15.2418,0.5166,14.2993,28.4691,7.3265
48420.0,1.8883,14.642,0.5125,16.4041,28.508,7.3231
48425.0,1.8956,15.3875,0.5403,16.758,28.0989,7.3324
48430.0,1.8952,14.849,0.5306,17.0191,28.3235,7.3191
48435.0,1.8709,14.6141,0.5267,16.0669,28.2467,7.3389
48440.0,1.8645,14.2446,0.5265,15.7922,28.3546,7.3176
48445.0,1.873,14.5565,0.5077,14.9405,27.9623,7.2836
48450.0,1.8329,13.8274,0.5196,15.6771,28.5019,7.2843
48455.0,1.8411,13.7895,0.5135,13.7163,28.3648,7.2387
48460.0,1.8468,13.5496,0.5094,14.887,27.9964,7.2072
48465.0,1.856,13.7442,0.5221,15.9042,27.993,7.1653
48470.0,1.8557,13.7458,0.5058,15.3976,27.9849,7.1472
48475.0,1.8708,14.6065,0.52,15.4994,27.8102,7.125
48480.0,1.8601,14.2978,0.5191,15.1693,27.8944,7.1431
48485.0,1.866,14.2728,0.5022,15.8714,27.952,7.1511
48490.0,1.8641,13.9835,0.5328,16.7862,28.4491,7.1644
48495.0,1.8818,14.9173,0.534,16.615,28.3174,7.1787
48500.0,1.8888,14.9343,0.5275,15.6605,28.3538,7.206
48505.0,1.8991,15.3193,0.5186,15.5187,28.252,7.2339
48510.0,1.9043,14.9127,0.531,17.0734,27.915,7.273
48515.0,1.904,15.0895,0.5292,16.1513,28.2101,7.2917
48520.0,1.9048,15.1575,0.529,17.1934,28.4774,7.2995
48525.0,1.9198,14.5956,0.5443,15.6977,27.9206,7.303
48530.0,1.9118,15.0419,0.5229,17.4209,28.3799,7.2925
48535.0,1.8932,15.022,0.5333,15.9296,28.7731,7.2874
48540.0,1.9234,14.8179,0.5258,16.8996,28.4176,7.23
48545.0,1.9171,15.3916,0.5544,18.4862,28.4568,7.2011
48550.0,1.9379,15.9597,0.5283,16.0091,28.1045,7.1457
48555.0,1.9218,16.0001,0.5426,18.0472,28.2384,7.1235
48560.0,1.9394,15.771,0.5166,17.9411,27.7681,7.0805
48565.0,1.9267,15.4104,0.5239,17.3761,28.1063,7.0587
48570.0,1.9347,15.5741,0.5306,15.7008,28.0425,7.0326
48575.0,1.9128,16.3939,0.5425,16.9084,27.937,7.058
48580.0,1.9097,15.9849,0.5083,16.3411,28.1937,7.0615
48585.0,1.9468,16.0224,0.5243,17.6532,27.7442,7.0441
48590.0,1.9473,15.9716,0.5482,17.8828,27.8583,7.0662
48595.0,1.9507,15.662,0.5296,16.4022,27.9636,7.0932
48600.0,1.9362,15.2278,0.5286,17.0539,27.7216,7.1583
48605.0,1.9184,15.1299,0.5357,16.2668,28.075,7.211
48610.0,1.9328,15.48,0.521,17.8172,27.6233,7.242
48615.0,1.9152,15.8196,0.5369,16.8286,28.3409,7.2705
48620.0,1.9357,15.6315,0.5205,17.0767,28.105,7.2681
48625.0,1.9414,15.8391,0.5301,17.2431,27.9634,7.2705
48630.0,1.9608,16.3724,0.538,17.6657,27.8706,7.241
48635.0,1.9474,15.9307,0.5456,17.8009,27.9922,7.2366
48640.0,1.9195,15.1079,0.5285,17.3263,28.1827,7.2409
48645.0,1.9187,15.5129,0.5313,18.2132,28.0987,7.2109
48650.0,1.9333,15.4941,0.5238,17.5896,27.732,7.164
48655.0,1.9343,15.4002,0.5433,16.84,27.6434,7.1262
48660.0,1.9162,15.6343,0.5076,15.5688,27.9703,7.1051
48665.0,1.9279,15.8399,0.5194,16.3271,27.5853,7.0743
48670.0,1.9263,15.4439,0.5173,15.8743,27.7526,7.053
48675.0,1.9204,15.5762,0.5231,16.9567,27.7542,7.0545
48680.0,1.9411,15.7905,0.5387,16.9883,27.8017,7.0321
48685.0,1.9563,16.0272,0.5229,15.7474,27.9526,7.0246
48690.0,1.9834,16.6655,0.5256,18.0455,27.4485,7.0313
48695.0,1.9922,16.5642,0.5417,19.7626,27.3214,7.0577
48700.0,1.9833,16.8502,0.5228,18.4274,27.6968,7.0962
48705.0,1.9754,16.4905,0.5298,19.2973,28.3285,7.1264
48710.0,1.9714,16.768,0.5448,17.5574,28.4186,7.1631
48715.0,1.9841,16.3819,0.5361,17.805,28.3971,7.1754
48720.0,2.0049,17.1851,0.5319,19.2384,27.9056,7.1803
48725.0,2.0125,17.0492,0.5394,19.7043,27.5088,7.1878
48730.0,2.0102,17.4959,0.5388,19.9853,27.3545,7.1893
48735.0,1.9942,16.6921,0.5387,18.7712,27.7586,7.1805
48740.0,1.9922,16.1898,0.5206,18.1334,27.8227,7.1541
48745.0,1.9618,16.229,0.535,16.7942,28.1488,7.1488
48750.0,1.9683,16.3484,0.5425,18.758,27.9876,7.1078
48755.0,1.9625,16.4253,0.5459,18.2478,27.7744,7.0829
48760.0,1.9664,15.9874,0.5085,18.2161,27.4467,7.0534
48765.0,1.9802,16.0441,0.5203,18.0509,27.3891,7.01
48770.0,1.9791,16.8493,0.5298,18.108,27.6649,6.9853
48775.0,1.9748,16.564,0.5317,18.8615,27.7617,6.9816
48780.0,1.977,16.6064,0.5195,18.2687,27.6863,6.9871
48785.0,1.9783,16.7948,0.5392,18.8304,27.3444,7.0127
48790.0,1.9548,16.0075,0.529,18.2371,27.7924,7.0574
48795.0,1.9649,16.0467,0.5373,18.685,27.7716,7.0802
48800.0,1.9639,16.1299,0.5305,19.0478,27.4374,7.1298
48805.0,1.9721,16.3254,0.5583,18.179,27.5489,7.1548
48810.0,1.976,16.3476,0.5421,18.4785,27.9526,7.1718
48815.0,1.9746,16.1109,0.5452,19.8263,27.7487,7.2068
48820.0,1.9708,16.2956,0.5478,19.2825,28.2196,7.2157
48825.0,1.984,16.7267,0.5364,19.305,27.9487,7.2126
48830.0,1.9783,16.8318,0.538,19.9026,27.6882,7.2214
48835.0,1.9718,16.4546,0.5445,18.8287,27.7798,7.21
48840.0,1.947,15.9451,0.5453,18.4666,27.7588,7.2162
48845.0,1.9503,15.5253,0.5336,16.9231,27.5129,7.1859
48850.0,1.9313,15.5828,0.5459,18.6459,27.4145,7.1761
48855.0,1.9251,15.9855,0.5215,17.7454,27.7656,7.1352
48860.0,1.933,15.2973,0.5342,17.7477,27.7537,7.0898
48865.0,1.9022,14.6624,0.5264,14.046,27.6542,7.1064
48870.0,1.8998,15.2782,0.5274,15.5272,27.8548,7.0868
48875.0,1.8999,15.1134,0.5064,15.8909,27.3273,7.0979
48880.0,1.8711,14.2828,0.4923,15.2952,27.8828,7.1265
48885.0,1.9015,15.6102,0.5044,15.5702,27.2545,7.1238
48890.0,1.9051,15.5119,0.5114,14.5706,27.254,7.1461
48895.0,1.9452,15.6271,0.5142,18.3571,27.1033,7.1305
48900.0,1.9558,16.2025,0.512,18.4978,27.4725,7.1413
48905.0,1.9637,16.1028,0.5137,17.264,27.4987,7.1677
48910.0,1.9621,16.2281,0.5424,19.5242,27.7923,7.1953
48915.0,1.9629,16.7379,0.5324,18.274,27.7494,7.2231
48920.0,1.9841,16.852,0.5225,17.8995,27.406,7.2237
48925.0,1.9581,16.2926,0.5399,17.6649,27.608,7.2576
48930.0,1.9512,16.4206,0.5321,17.6451,27.6005,7.2622
48935.0,1.9604,15.8434,0.5524,18.366,27.2227,7.2446
48940.0,1.9626,16.1937,0.542,19.5835,27.383,7.2085
48945.0,1.9582,16.32,0.5408,18.8646,27.3884,7.179
48950.0,1.9501,15.4176,0.5225,18.2463,27.8879,7.1354
48955.0,1.9414,16.1639,0.5295,16.8793,27.5258,7.1194
48960.0,1.9236,15.5666,0.5113,17.1936,27.5966,7.1068
48965.0,1.9359,15.5955,0.5144,15.9089,27.0181,7.0818
48970.0,1.8974,15.1959,0.5249,16.0455,27.665,7.0954
48975.0,1.8842,15.0509,0.5107,15.2198,27.6794,7.1084
48980.0,1.9036,15.3558,0.5331,16.9087,26.8569,7.1164
48985.0,1.9046,14.9405,0.5322,16.2561,27.1966,7.1212
48990.0,1.8941,14.6834,0.5046,14.8314,27.5252,7.1523
48995.0,1.9245,15.4854,0.5316,14.9636,27.5994,7.1428
49000.0,1.9359,16.0278,0.5298,17.1221,27.3103,7.174
49005.0,1.9464,15.5496,0.541,17.5784,27.4452,7.1939
49010.0,1.9785,16.2767,0.5267,18.4803,27.4094,7.1865
49015.0,1.9483,16.0311,0.5281,17.3992,27.615,7.2467
49020.0,1.9518,16.3311,0.535,17.5969,27.9035,7.2519
49025.0,1.9448,15.9819,0.5404,18.5697,27.4143,7.2833
49030.0,1.9258,15.7189,0.5252,16.1071,27.8455,7.2902
49035.0,1.9374,16.2434,0.5246,16.1037,27.3742,7.2725
49040.0,1.9404,15.4714,0.5488,17.81,27.3203,7.2421
49045.0,1.935,16.3828,0.5303,15.9458,27.6908,7.2019
49050.0,1.9343,15.9922,0.5086,16.3196,27.6661,7.1644
49055.0,1.9215,15.3004,0.5292,17.8987,27.5979,7.1451
49060.0,1.9098,15.2899,0.5187,16.8538,27.0102,7.1468
49065.0,1.8976,15.5169,0.5177,16.4715,27.1855,7.1313
49070.0,1.89,15.2251,0.5139,15.9517,27.4825,7.114
49075.0,1.8857,14.6813,0.522,16.0034,27.2758,7.1211
49080.0,1.8935,15.1293,0.5134,16.0181,27.0005,7.1263
49085.0,1.9025,15.1332,0.5197,16.0055,27.401,7.1174
49090.0,1.903,15.4124,0.5319,15.4011,27.1372,7.153
49095.0,1.8809,15.1599,0.531,15.0646,27.8027,7.1972
49100.0,1.8916,14.6107,0.5145,16.843,27.783,7.2224
49105.0,1.9025,15.1646,0.522,15.8918,27.5906,7.2524
49110.0,1.921,14.9446,0.5321,16.5403,27.8181,7.2535
49115.0,1.9308,15.6721,0.5354,17.202,27.5238,7.2767
49120.0,1.9356,16.0896,0.5544,18.0462,27.7169,7.2814
49125.0,1.9222,15.4434,0.5495,17.5678,27.899,7.2997
49130.0,1.9383,15.9378,0.5545,18.7516,27.5803,7.2824
49135.0,1.9212,15.2417,0.5133,15.8639,27.4307,7.2931
49140.0,1.9195,15.6059,0.5329,16.5334,27.032,7.2829
49145.0,1.9077,15.5682,0.5305,17.8426,27.3924,7.252
49150.0,1.8851,14.8041,0.5264,15.5852,27.5697,7.2391
49155.0,1.8965,15.9199,0.5003,14.5225,27.5509,7.1847
49160.0,1.8977,15.5868,0.5246,16.764,27.3959,7.1521
49165.0,1.883,14.6856,0.5223,16.294,27.0984,7.1557
49170.0,1.8919,15.2288,0.5214,14.4414,26.7155,7.1397
49175.0,1.8789,14.773,0.5296,15.6523,27.0758,7.1393
49180.0,1.8791,14.7254,0.539,15.5845,27.1282,7.1435
49185.0,1.8906,14.5704,0.5046,15.9642,27.1448,7.1442
49190.0,1.8745,14.328,0.5174,14.8404,27.4083,7.1857
49195.0,1.8735,14.571,0.5268,16.0744,27.7894,7.2097
49200.0,1.891,15.547,0.5208,14.6492,27.3678,7.2386
49205.0,1.8986,15.1357,0.5061,14.762,27.3267,7.2682
49210.0,1.9069,15.1811,0.5179,16.8807,27.3556,7.2905
49215.0,1.8902,15.1379,0.5318,16.4823,27.4825,7.3386
49220.0,1.8975,15.3422,0.5256,16.0653,27.2634,7.3551
49225.0,1.8863,14.3658,0.5343,16.1606,27.5058,7.3692
49230.0,1.888,14.8093,0.5155,16.6146,27.579,7.358
49235.0,1.8828,14.3789,0.5352,16.9498,27.4955,7.3505
49240.0,1.879,14.8268,0.5286,16.4386,27.5223,7.3271
49245.0,1.8779,14.6479,0.5136,14.2019,27.4727,7.2948
49250.0,1.8898,15.0068,0.519,15.8481,26.8731,7.2599
49255.0,1.8879,14.3918,0.5499,15.6088,27.4272,7.2023
49260.0,1.893,15.2495,0.5127,14.7804,27.0567,7.1717
49265.0,1.9091,15.5817,0.512,15.6175,26.9157,7.1252
49270.0,1.9177,15.3903,0.525,18.0239,26.8907,7.0951
49275.0,1.9089,15.3509,0.5021,16.2877,27.2663,7.0877
49280.0,1.9293,15.4183,0.5371,16.0967,27.1082,7.071
49285.0,1.9332,15.7029,0.5192,17.1314,26.7633,7.0941
49290.0,1.921,15.4467,0.5219,16.358,27.3352,7.1199
49295.0,1.9375,15.6795,0.52,18.0656,26.8963,7.1471
49300.0,1.902,15.0567,0.5387,16.313,27.3363,7.2212
49305.0,1.8922,14.6774,0.5369,16.1222,27.4062,7.2741
49310.0,1.8943,14.8573,0.534,16.271,27.6087,7.3
49315.0,1.8926,15.1701,0.5322,16.018,27.8649,7.3214
49320.0,1.9245,15.5144,0.524,16.1867,27.0986,7.3205
49325.0,1.909,15.5436,0.5278,17.5212,27.4331,7.3367
49330.0,1.9003,15.2104,0.5326,16.6835,27.369,7.3461
49335.0,1.8863,15.122,0.5327,15.3747,27.5244,7.3437
49340.0,1.8871,15.3531,0.5153,16.057,27.436,7.3179
49345.0,1.8816,14.6726,0.5241,16.4713,27.2515,7.2972
49350.0,1.8691,14.3962,0.5174,16.0895,27.1824,7.2795
49355.0,1.8658,14.7292,0.5311,15.3615,26.9666,7.2538
49360.0,1.8546,14.6228,0.5149,14.8561,27.4504,7.2166
49365.0,1.8632,14.382,0.5069,14.3481,27.2846,7.181
49370.0,1.8627,14.6725,0.5244,13.9565,27.3776,7.1595
49375.0,1.8643,14.1536,0.5132,15.5825,27.0629,7.1623
49380.0,1.8721,14.3383,0.5062,14.8698,26.9833,7.1602
49385.0,1.8873,15.1448,0.5229,15.7349,26.8991,7.1586
49390.0,1.8906,14.5273,0.4943,15.0332,27.2914,7.167
49395.0,1.9208,15.5399,0.5245,16.566,26.9835,7.1694
49400.0,1.8851,15.3002,0.527,16.205,27.7519,7.2317
49405.0,1.8925,15.3596,0.5241,15.9964,27.0092,7.2888
49410.0,1.9017,14.8417,0.5317,15.336,27.4464,7.2957
49415.0,1.8831,14.8048,0.5118,16.1481,27.803,7.3375
49420.0,1.8932,14.6749,0.5426,15.9296,27.5826,7.3495
49425.0,1.9116,15.4362,0.5256,16.9203,27.4843,7.3322
49430.0,1.93,15.2616,0.5206,16.4804,27.1912,7.3088
49435.0,1.9303,15.5904,0.5378,16.6944,27.067,7.2941
49440.0,1.9054,15.436,0.5323,16.193,27.5721,7.2839
49445.0,1.9014,15.1059,0.5312,18.0853,27.7148,7.2498
49450.0,1.8999,15.6289,0.5331,16.777,27.1827,7.2314
49455.0,1.9041,14.8096,0.5314,16.4568,26.9618,7.1944
49460.0,1.9098,15.7271,0.5287,17.5039,26.5909,7.164
49465.0,1.886,14.7967,0.5161,17.0088,26.9277,7.1581
49470.0,1.8933,14.6369,0.5214,15.887,27.1239,7.1229
49475.0,1.8699,14.5374,0.5173,15.507,27.5455,7.1347
49480.0,1.8692,14.2835,0.5058,14.8045,27.3221,7.1508
49485.0,1.8686,14.3389,0.5137,14.2038,27.2523,7.1728
49490.0,1.8614,14.2285,0.5116,14.0243,27.1101,7.2179
49495.0,1.8785,14.7221,0.5198,16.0038,27.1071,7.2288
49500.0,1.8582,14.3325,0.5349,14.5055,27.6517,7.278
49505.0,1.8686,14.2756,0.5158,14.8391,27.3979,7.3123
49510.0,1.8923,14.848,0.5165,16.5533,26.8649,7.3327
49515.0,1.8831,14.2158,0.5389,17.2816,27.2565,7.3597
49520.0,1.8702,14.808,0.5355,15.6192,27.2329,7.3993
49525.0,1.8754,14.4881,0.5174,15.6337,27.3195,7.3951
49530.0,1.8589,14.6693,0.5136,16.1697,27.5907,7.4036
49535.0,1.8558,14.8639,0.5216,14.3044,27.4031,7.3981
49540.0,1.8593,14.7513,0.5292,16.167,27.379,7.3652
49545.0,1.8391,14.29,0.5147,14.8118,27.6862,7.3484
49550.0,1.8604,14.6311,0.5207,14.1723,27.1388,7.2968
49555.0,1.8425,14.5078,0.5036,14.7152,27.7341,7.2607
49560.0,1.8542,13.9702,0.5095,15.4298,27.06,7.2326
49565.0,1.8356,13.8021,0.5102,13.9872,27.2185,7.2268
49570.0,1.8272,13.9116,0.5091,13.6004,27.1062,7.2269
49575.0,1.8324,13.782,0.5195,12.7829,27.2017,7.209
49580.0,1.827,14.2712,0.5128,14.6654,27.291,7.2198
49585.0,1.8367,14.324,0.5141,14.6696,27.3114,7.2224
49590.0,1.8502,14.2594,0.5234,13.8921,27.0496,7.2397
49595.0,1.8556,14.2111,0.515,13.85,27.0008,7.2692
49600.0,1.8287,13.7695,0.5177,13.6568,27.9556,7.3138
49605.0,1.8615,14.4905,0.5225,16.3504,27.257,7.3303
49610.0,1.852,14.0552,0.515,14.6174,27.5966,7.3673
49615.0,1.8775,14.5657,0.5091,15.5351,27.055,7.3778
49620.0,1.8778,15.1305,0.5082,14.6196,27.4103,7.3811
49625.0,1.8616,14.3306,0.5331,14.2784,27.4578,7.4105
49630.0,1.8674,14.6518,0.5252,14.4003,27.6025,7.3904
49635.0,1.8932,15.0283,0.5145,16.1847,26.7845,7.3636
49640.0,1.865,14.2034,0.5497,15.9302,27.4756,7.351
49645.0,1.8718,14.6229,0.5092,14.5997,27.107,7.3193
49650.0,1.8551,13.846,0.5253,15.4129,27.4314,7.2923
49655.0,1.8647,14.5435,0.5319,15.1849,27.0471,7.2529
49660.0,1.8664,14.4717,0.5274,15.7193,27.0527,7.2137
49665.0,1.8666,14.269,0.5062,15.3582,27.1673,7.1801
49670.0,1.861,13.8676,0.5009,15.1959,26.9536,7.1781
49675.0,1.8534,13.925,0.5123,14.3404,27.0928,7.1786
49680.0,1.8421,14.2654,0.4946,14.2645,26.9231,7.2094
49685.0,1.84,14.2422,0.5057,13.6287,26.7869,7.2379
49690.0,1.8182,14.0872,0.5123,12.9638,27.5352,7.2718
49695.0,1.8433,14.136,0.5144,13.6087,27.001,7.2899
49700.0,1.8579,14.1574,0.5145,14.4202,27.3292,7.2934
49705.0,1.8471,14.1753,0.511,14.0283,27.6109,7.3381
49710.0,1.8552,14.2415,0.5166,15.5281,27.3133,7.3738
49715.0,1.852,14.1656,0.5316,15.2804,27.2964,7.409
49720.0,1.8386,13.7728,0.5195,14.4232,27.5831,7.4379
49725.0,1.8325,13.7277,0.5318,14.753,27.816,7.4453
49730.0,1.8438,14.374,0.5358,15.456,27.2394,7.4446
49735.0,1.8369,14.2867,0.5391,14.406,27.4755,7.4276
49740.0,1.8427,13.4949,0.5241,15.4609,27.0494,7.407
49745.0,1.8258,14.057,0.5162,13.6413,27.3451,7.3859
49750.0,1.7998,13.249,0.5119,15.5043,27.4082,7.3867
49755.0,1.8068,13.7112,0.5042,13.0901,27.1423,7.3468
49760.0,1.7982,14.0468,0.5037,12.2969,27.2026,7.3217
49765.0,1.7938,12.9572,0.5046,11.7025,26.9343,7.312
49770.0,1.788,13.4741,0.4966,11.3072,27.2871,7.2881
49775.0,1.7999,13.2458,0.5126,13.5895,27.5271,7.2509
49780.0,1.7993,13.702,0.5038,12.6473,26.999,7.2795
49785.0,1.8125,13.9124,0.503,13.6038,27.1417,7.2709
49790.0,1.8105,13.7177,0.5117,11.5078,27.4589,7.2889
49795.0,1.8026,13.4688,0.5229,13.4675,27.6809,7.3291
49800.0,1.8243,14.1666,0.5138,14.0696,27.0537,7.3608
49805.0,1.8083,13.8782,0.5225,13.9491,27.434,7.412
49810.0,1.8078,13.4112,0.5242,13.8432,27.5916,7.4438
49815.0,1.809,13.4947,0.5134,14.3825,27.5313,7.4738
49820.0,1.8179,13.52,0.5397,14.9288,26.9617,7.5034
49825.0,1.8005,13.5572,0.5251,13.033,27.7163,7.5068
49830.0,1.796,13.6139,0.5105,14.0497,27.9663,7.4971
49835.0,1.8039,13.889,0.5272,12.9031,27.5972,7.4805
49840.0,1.8037,13.3435,0.5018,13.1658,27.2799,7.4657
49845.0,1.804,13.2799,0.5188,13.7592,27.3704,7.4244
49850.0,1.7794,12.9903,0.5184,14.0991,27.8976,7.4022
49855.0,1.7827,12.9703,0.4967,11.3593,27.6391,7.3672
49860.0,1.7799,12.8177,0.5009,12.0322,27.5326,7.3397
49865.0,1.7769,13.2995,0.5076,11.7445,27.4313,7.32
49870.0,1.7869,13.3892,0.5237,13.1596,27.1584,7.2959
49875.0,1.7816,13.3502,0.5105,13.6106,27.269,7.2934
49880.0,1.7791,13.5244,0.5129,12.4433,27.3099,7.3025
49885.0,1.7917,13.6573,0.5246,13.6526,27.4908,7.2918
49890.0,1.7897,13.5835,0.5006,13.2609,27.7666,7.3115
49895.0,1.7886,13.0673,0.5166,13.7616,27.7136,7.3523
49900.0,1.8018,12.5693,0.5266,12.9401,27.1283,7.3969
49905.0,1.7915,12.8069,0.5063,12.9195,27.5882,7.436
49910.0,1.8027,13.4269,0.5122,11.9435,27.761,7.4462
49915.0,1.7999,14.2594,0.5185,12.1805,27.7674,7.4794
49920.0,1.8213,13.7629,0.5359,12.9497,27.4794,7.4744
49925.0,1.811,13.234,0.5097,13.667,28.3753,7.4593
49930.0,1.8397,13.7257,0.5226,14.4951,27.3229,7.4485
49935.0,1.8571,14.0524,0.5385,15.9533,27.3528,7.4
49940.0,1.8235,13.9892,0.5213,14.3451,27.6514,7.4121
49945.0,1.7978,13.2614,0.5365,13.5965,28.0831,7.4018
49950.0,1.8248,13.6329,0.5089,14.4224,27.3011,7.3498
49955.0,1.8186,13.6629,0.5063,14.4738,27.4,7.3144
49960.0,1.8208,14.1622,0.4933,13.9738,27.6965,7.2622
49965.0,1.8154,13.1658,0.5102,13.1684,27.3921,7.2534
49970.0,1.803,13.9905,0.5156,14.8712,27.2942,7.2599
49975.0,1.8073,13.1606,0.5097,11.8798,27.5144,7.2381
49980.0,1.8085,13.6476,0.5054,14.0691,27.451,7.2444
49985.0,1.8099,13.814,0.508,11.3891,27.6643,7.252
49990.0,1.8168,14.0247,0.5036,13.5037,27.7652,7.2653
49995.0,1.8211,13.6079,0.513,14.4142,27.5633,7.3025
