timestamp,dac,voltage,current,rpm,temperature,do
0.0,1.3466,5.4071,0.4883,5.319,29.3888,9.5703
5.0,1.3457,5.6289,0.4883,4.2723,29.7578,9.543
10.0,1.3468,5.5054,0.4883,4.0013,29.7096,9.5156
15.0,1.3485,5.77,0.4785,4.3413,29.5953,9.4883
20.0,1.3491,5.8347,0.4785,4.4303,29.685,9.4609
25.0,1.3483,5.3188,0.4688,5.8051,30.0066,9.4336
30.0,1.3498,6.0279,0.5078,5.0467,29.8635,9.4199
35.0,1.3524,5.4386,0.4883,5.158,29.6639,9.3652
40.0,1.3551,5.6637,0.4883,4.828,29.5219,9.3242
45.0,1.3517,5.8024,0.498,5.5031,30.0252,9.3379
50.0,1.3543,5.7906,0.498,4.4177,29.7804,9.3105
55.0,1.3552,5.2956,0.498,5.8512,29.8635,9.2832
60.0,1.3561,5.807,0.4883,4.5156,30.0377,9.2422
65.0,1.3572,5.8343,0.4883,5.1913,30.0629,9.2148
70.0,1.3586,5.4314,0.5078,5.1331,29.8591,9.2012
75.0,1.3614,5.9499,0.4883,5.2515,29.83,9.1602
80.0,1.3657,5.9495,0.4785,5.118,29.5646,9.1055
85.0,1.3695,6.0087,0.4785,5.6098,29.4021,9.0645
90.0,1.364,5.8772,0.498,5.894,30.001,9.0918
95.0,1.3662,5.4138,0.4785,5.7839,30.042,9.0508
100.0,1.3672,5.7903,0.4883,4.4778,30.008,9.0371
105.0,1.3707,5.8777,0.4883,6.5606,29.7626,9.0098
110.0,1.3711,6.3514,0.4785,6.6881,29.8235,8.9961
115.0,1.3744,5.8898,0.498,5.6251,29.7903,8.9551
120.0,1.3807,5.609,0.4785,4.9942,29.4384,8.9004
125.0,1.3792,5.9912,0.4785,4.8225,29.865,8.873
130.0,1.3758,5.5029,0.5078,5.868,30.4589,8.8594
135.0,1.3834,5.4291,0.4883,5.5172,29.5813,8.8594
140.0,1.3859,6.1409,0.4785,5.8615,29.6956,8.8184
145.0,1.3855,6.8607,0.4883,4.0963,29.8516,8.8047
150.0,1.3872,6.7826,0.4785,5.8172,29.8507,8.7773
155.0,1.3917,6.0938,0.4883,5.9081,29.4926,8.7637
160.0,1.3898,6.1173,0.4883,5.5354,29.7873,8.7637
165.0,1.3921,6.0268,0.4883,4.9241,29.8244,8.7363
170.0,1.3971,6.5114,0.4785,5.9626,29.4406,8.7227
175.0,1.3995,6.1566,0.4785,4.6734,29.4395,8.6953
180.0,1.3962,6.646,0.5078,5.363,30.093,8.668
185.0,1.4027,6.5582,0.4785,5.2738,29.8335,8.627
190.0,1.4058,6.5457,0.4785,6.5732,29.8388,8.5996
195.0,1.4122,6.755,0.498,4.6971,29.9024,8.5449
200.0,1.4175,6.7186,0.4883,6.2347,29.7047,8.5176
205.0,1.4248,7.1366,0.4883,5.6898,29.5336,8.4766
210.0,1.4278,6.7848,0.498,6.3632,29.6816,8.4355
215.0,1.4271,7.1121,0.4883,6.5512,30.1314,8.4082
220.0,1.4324,6.4956,0.498,6.6034,29.9194,8.3809
225.0,1.4355,7.3652,0.498,5.2572,29.5879,8.3945
230.0,1.4274,6.9705,0.4688,4.8855,30.4463,8.3672
235.0,1.4396,7.493,0.4785,6.6874,29.6877,8.3535
240.0,1.4474,6.2693,0.4883,5.9302,29.7158,8.3125
245.0,1.448,7.0052,0.5078,6.0609,30.0669,8.2715
250.0,1.4491,7.0557,0.4785,5.6672,30.0264,8.2715
255.0,1.447,7.3312,0.4785,6.021,30.5709,8.2441
260.0,1.4622,7.8015,0.4883,7.8553,30.0316,8.2031
265.0,1.466,7.5199,0.4883,5.2262,30.0794,8.1758
270.0,1.4759,7.5123,0.498,6.8963,29.5823,8.1621
275.0,1.47,7.7438,0.4883,7.3535,29.9249,8.1621
280.0,1.4756,7.1083,0.498,6.4957,29.8387,8.1484
285.0,1.48,7.1813,0.4785,5.5752,29.6718,8.1348
290.0,1.4799,7.2618,0.4785,6.6687,29.8859,8.1211
295.0,1.4864,7.909,0.5078,6.9889,29.949,8.0801
300.0,1.4879,7.7451,0.4883,7.3998,30.3853,8.0527
305.0,1.494,7.7996,0.4883,5.5689,30.2606,8.0254
310.0,1.504,8.7044,0.498,6.4897,30.0283,7.998
315.0,1.5176,8.5633,0.5078,8.0106,29.823,7.9707
320.0,1.5225,8.4315,0.4785,7.7586,30.0145,7.9297
325.0,1.5209,8.273,0.5078,7.3947,30.2685,7.916
330.0,1.5412,8.7013,0.498,6.138,29.608,7.8887
335.0,1.5437,9.1677,0.4883,6.9392,29.8573,7.8613
340.0,1.5704,9.0068,0.5078,8.8772,29.3954,7.8066
345.0,1.5624,9.2789,0.4785,5.383,30.133,7.793
350.0,1.5702,9.7021,0.4785,8.493,29.9773,7.7793
355.0,1.5708,8.6161,0.5176,9.5576,30.1586,7.7656
360.0,1.5896,9.2161,0.5078,9.1499,29.8703,7.7246
365.0,1.5978,9.6956,0.5176,8.1344,29.9117,7.6973
370.0,1.6036,10.5228,0.4883,8.8442,29.7751,7.6973
375.0,1.6094,9.9207,0.4883,9.0955,29.7311,7.6836
380.0,1.6108,9.5894,0.498,9.4025,29.7905,7.6699
385.0,1.6136,9.8643,0.4883,6.9717,30.0892,7.6426
390.0,1.6391,11.4194,0.4688,10.1484,29.3514,7.6289
395.0,1.6461,10.7767,0.5078,8.8447,29.6848,7.5879
400.0,1.6507,10.7367,0.4883,9.1127,29.9354,7.5605
405.0,1.6752,11.2774,0.498,11.1964,29.9556,7.5195
410.0,1.7069,12.0059,0.5273,12.9188,29.4922,7.4648
415.0,1.7058,11.5887,0.498,10.6294,29.8871,7.4512
420.0,1.7324,11.9635,0.5176,13.4046,29.6372,7.4102
425.0,1.7363,11.9219,0.5273,11.9862,29.9169,7.3965
430.0,1.7322,11.8184,0.5176,10.7936,30.5344,7.3828
435.0,1.7688,13.1825,0.5078,12.6962,29.7484,7.3418
440.0,1.7906,13.2632,0.5176,13.0088,29.2644,7.3281
445.0,1.8019,13.3183,0.5176,12.4267,29.958,7.2871
450.0,1.8058,13.3432,0.498,14.2093,29.8739,7.2734
455.0,1.8349,13.8413,0.5371,13.2579,29.6947,7.2461
460.0,1.8394,13.9144,0.5176,14.6426,30.0244,7.2188
465.0,1.8508,14.1584,0.5176,14.6499,29.5366,7.2188
470.0,1.8661,14.4048,0.5371,14.9548,29.6647,7.1914
475.0,1.8557,14.3532,0.5078,14.8379,30.4845,7.1777
480.0,1.8648,14.4472,0.5078,13.5382,29.8977,7.1914
485.0,1.8433,14.7324,0.5176,14.5293,30.1571,7.2051
490.0,1.8478,14.4498,0.5078,14.2866,30.1109,7.2051
495.0,1.8575,14.0248,0.5273,14.4196,30.2261,7.1914
500.0,1.8862,15.3238,0.5273,16.3416,29.405,7.1777
505.0,1.8937,14.8577,0.5176,16.4482,29.5041,7.1641
510.0,1.921,15.2776,0.5273,16.8591,29.792,7.123
515.0,1.9321,15.9684,0.5273,16.6784,29.7269,7.1094
520.0,1.9344,15.8424,0.5176,17.7244,29.9547,7.0957
525.0,1.9566,16.059,0.5371,18.4871,29.8586,7.0684
530.0,2.0069,17.2901,0.5371,18.8682,29.6853,7.0137
535.0,2.0046,16.774,0.5469,19.7424,29.3974,7.0273
540.0,2.0012,17.0323,0.5371,19.3067,29.831,7.0137
545.0,2.0104,17.1814,0.5371,19.5935,29.9498,7.0
550.0,2.0215,17.3145,0.5273,19.452,29.8618,7.0
555.0,2.0401,18.0033,0.5371,21.2518,29.3673,6.9863
560.0,2.062,17.9968,0.5371,21.0412,29.6265,6.959
565.0,2.1052,18.4949,0.5371,23.1187,30.0313,6.918
570.0,2.1554,20.0295,0.5371,24.0782,29.3524,6.8906
575.0,2.2161,20.5036,0.5566,27.3392,29.6924,6.8496
580.0,2.2204,20.6837,0.5664,27.7824,30.0133,6.8633
585.0,2.2753,22.0886,0.5664,29.0756,29.6848,6.8359
590.0,2.3348,22.9719,0.5957,31.5259,29.4455,6.8086
595.0,2.344,23.4451,0.5859,32.0119,29.8503,6.8223
600.0,2.3755,23.1535,0.5859,32.6995,29.6519,6.8223
605.0,2.425,24.085,0.5957,34.0514,29.6705,6.8086
610.0,2.4947,25.0213,0.5957,37.7286,29.6634,6.7676
615.0,2.5774,27.5509,0.625,42.0386,30.1048,6.7402
620.0,2.6395,27.9386,0.6445,45.3195,29.6337,6.7266
625.0,2.6887,28.6945,0.6445,46.3621,30.1267,6.7129
630.0,2.7435,29.7943,0.6543,48.2905,29.8902,6.7129
635.0,2.827,31.3065,0.6836,51.7585,29.8398,6.6855
640.0,2.8624,31.4187,0.7031,53.4601,29.7676,6.6855
645.0,2.9466,32.9457,0.7227,57.1872,29.8502,6.6582
650.0,3.0131,34.9808,0.7227,59.9395,29.7378,6.6445
655.0,3.0647,36.0261,0.7422,63.2805,30.0096,6.6445
660.0,3.1358,36.9,0.752,66.2818,29.7534,6.6309
665.0,3.1938,38.308,0.7715,70.0282,30.1258,6.6172
670.0,3.2354,38.3743,0.791,73.1319,29.9972,6.6309
675.0,3.2888,39.5132,0.8301,75.9909,29.8498,6.6172
680.0,3.3176,39.9232,0.8105,76.2852,29.8326,6.6309
685.0,3.3606,40.7192,0.8008,78.8862,30.0673,6.6309
690.0,3.3932,41.0847,0.8496,81.1722,29.7283,6.6309
695.0,3.4106,41.5616,0.8301,80.6992,29.7566,6.6445
700.0,3.4443,42.4041,0.8691,84.6079,29.2384,6.6309
705.0,3.474,42.3819,0.8594,85.1003,29.7651,6.6309
710.0,3.4873,42.9784,0.8789,86.3441,29.7728,6.6172
715.0,3.4822,43.274,0.8789,85.4727,29.3258,6.6035
720.0,3.4931,42.8499,0.8887,87.5586,30.1435,6.6172
725.0,3.483,43.3447,0.8887,85.9293,29.7325,6.6172
730.0,3.4756,42.784,0.8887,86.748,29.4391,6.6172
735.0,3.4931,43.1058,0.8887,85.9067,29.5323,6.5898
740.0,3.4997,43.92,0.8984,87.0141,29.3474,6.5762
745.0,3.5256,43.4321,0.8887,89.204,30.0586,6.5625
750.0,3.5263,43.8112,0.9082,89.0011,30.23,6.5625
755.0,3.5052,43.1614,0.8789,85.9587,29.7082,6.5762
760.0,3.4995,43.2732,0.8887,87.5111,29.3253,6.5762
765.0,3.5013,42.8746,0.8887,88.0342,29.5432,6.5762
770.0,3.5105,43.6389,0.8887,87.6575,29.8696,6.5762
775.0,3.5137,43.1932,0.8789,88.8497,29.7395,6.5625
780.0,3.497,43.5591,0.8789,87.5016,29.6817,6.5898
785.0,3.4979,43.4931,0.8789,87.4819,29.9356,6.6035
790.0,3.4915,42.7434,0.8789,87.4096,29.3431,6.5898
795.0,3.4984,43.1899,0.8691,86.0529,29.6539,6.5898
800.0,3.5071,43.391,0.8789,87.2264,29.688,6.5762
805.0,3.4799,42.3609,0.8594,85.6252,29.4579,6.6172
810.0,3.4591,42.6226,0.8691,84.5329,29.5912,6.6445
815.0,3.4605,42.5218,0.8789,85.0607,29.7836,6.6582
820.0,3.4579,42.9042,0.8789,85.9008,29.6492,6.6582
825.0,3.4566,42.878,0.8594,84.5637,29.7552,6.6582
830.0,3.4494,42.3693,0.8691,85.5969,29.7702,6.6719
835.0,3.4283,41.7532,0.8691,83.4494,29.626,6.6992
840.0,3.4129,42.2562,0.8594,83.5007,29.5716,6.7129
845.0,3.3983,41.3948,0.8789,81.9318,29.9226,6.7402
850.0,3.3932,40.9569,0.8301,80.0466,29.5163,6.7402
855.0,3.4056,41.5605,0.8496,82.9092,29.3827,6.7266
860.0,3.3946,41.5924,0.8496,81.0661,29.6617,6.7402
865.0,3.4158,41.1605,0.8496,82.0321,29.6501,6.7129
870.0,3.4123,41.9809,0.8691,81.6536,29.1913,6.6992
875.0,3.4129,41.3197,0.8398,82.8252,29.6412,6.7129
880.0,3.4023,41.3054,0.8301,80.7317,29.7826,6.7402
885.0,3.3995,41.2509,0.8496,80.7228,29.8197,6.7402
890.0,3.3822,40.6733,0.8105,80.4153,29.4585,6.7539
895.0,3.3916,41.0931,0.8496,81.5978,29.6076,6.7539
900.0,3.3921,40.8948,0.8594,81.6547,29.7941,6.7539
905.0,3.3844,41.404,0.8496,81.0543,29.3349,6.7539
910.0,3.4017,41.2989,0.8691,82.6881,29.813,6.7402
915.0,3.4114,41.7656,0.8496,82.707,29.353,6.7129
920.0,3.3991,41.3628,0.8691,81.4035,28.9807,6.7129
925.0,3.4371,42.699,0.8398,82.2975,29.9958,6.6992
930.0,3.4425,41.8949,0.8789,83.821,29.4259,6.6719
935.0,3.4565,42.9591,0.8691,84.1648,29.8104,6.6582
940.0,3.4389,42.4752,0.8691,83.7857,29.8011,6.6855
945.0,3.4432,42.1407,0.8789,84.0948,29.3372,6.6719
950.0,3.4616,42.1715,0.8594,83.3775,29.9207,6.6582
955.0,3.4319,41.8909,0.8691,83.0138,29.5519,6.6855
960.0,3.4291,42.4653,0.8789,84.0803,29.1758,6.6855
965.0,3.4339,42.2061,0.8691,83.5443,29.3379,6.6719
970.0,3.4266,41.7554,0.8789,83.7045,29.5499,6.6992
975.0,3.4207,42.0766,0.8594,82.6098,29.3878,6.6992
980.0,3.4174,41.7188,0.8594,81.6753,29.5324,6.7129
985.0,3.4217,41.8351,0.8691,83.4229,29.4228,6.6992
990.0,3.4134,41.2439,0.8691,83.2303,29.1458,6.6992
995.0,3.4473,42.6872,0.8691,84.063,29.8644,6.6719
1000.0,3.4382,42.396,0.8496,83.9174,29.5626,6.6855
1005.0,3.4369,42.3954,0.8594,83.6573,29.8643,6.6855
1010.0,3.4211,42.5338,0.8594,85.0569,29.6295,6.6992
1015.0,3.432,41.8661,0.8887,83.9337,29.3283,6.6855
1020.0,3.4301,41.602,0.8887,85.039,29.5832,6.6855
1025.0,3.4312,42.5228,0.8496,83.6458,29.7714,6.6992
1030.0,3.4259,41.9677,0.8691,86.5128,29.3618,6.6855
1035.0,3.4147,42.3652,0.8887,83.7888,29.4891,6.7129
1040.0,3.4058,41.4979,0.8496,82.8038,29.5104,6.7266
1045.0,3.4053,41.5744,0.8691,83.236,29.5678,6.7266
1050.0,3.3973,41.0782,0.8691,82.5529,29.2204,6.7266
1055.0,3.407,41.4678,0.8789,84.0806,29.1582,6.7129
1060.0,3.4301,42.1961,0.8496,82.0379,29.5532,6.6855
1065.0,3.4138,41.8002,0.8691,83.666,29.4075,6.7129
1070.0,3.4149,42.1384,0.8496,83.2423,29.6582,6.7129
1075.0,3.4187,42.0602,0.8594,83.0311,29.2544,6.6992
1080.0,3.422,42.0476,0.8398,82.2411,29.6861,6.7129
1085.0,3.4341,42.0508,0.8594,84.438,29.7154,6.6855
1090.0,3.4442,42.2904,0.8887,85.2258,29.8615,6.6855
1095.0,3.4284,41.4709,0.8691,83.2791,29.6805,6.6992
1100.0,3.4233,41.2976,0.8691,83.264,29.5887,6.6992
1105.0,3.4455,41.7527,0.8691,83.6749,29.4234,6.6719
1110.0,3.4178,41.7595,0.8496,81.6076,29.2382,6.6992
1115.0,3.4185,41.7431,0.8496,82.2043,29.7357,6.7129
1120.0,3.424,42.1773,0.8398,82.643,29.5042,6.6992
1125.0,3.4224,42.1898,0.8301,83.1491,29.1213,6.6855
1130.0,3.4237,42.457,0.8496,82.322,29.6851,6.6992
1135.0,3.4229,42.0709,0.8496,82.5422,29.7717,6.7129
1140.0,3.4184,41.8722,0.8496,81.8097,29.2301,6.6992
1145.0,3.4074,41.3335,0.8398,82.6288,29.4783,6.7266
1150.0,3.3926,41.9945,0.8203,80.9906,29.3205,6.7402
1155.0,3.405,41.6079,0.8691,82.3245,29.735,6.7266
1160.0,3.4025,41.508,0.8496,82.3903,29.3015,6.7266
1165.0,3.3942,41.3567,0.8496,82.3171,29.816,6.7539
1170.0,3.3982,41.3706,0.8398,81.3449,29.5401,6.7402
1175.0,3.3876,41.3975,0.8203,79.0178,29.4388,6.7402
1180.0,3.3841,41.2078,0.8398,80.9162,29.2863,6.7539
1185.0,3.4002,41.216,0.8496,80.3288,29.5916,6.7402
1190.0,3.3995,40.986,0.8398,82.6581,29.2203,6.7266
1195.0,3.4146,41.8969,0.8691,81.4388,29.4926,6.7129
1200.0,3.4117,42.1019,0.8594,82.5366,29.4183,6.7129
1205.0,3.4026,41.5794,0.8594,82.468,29.6619,6.7266
1210.0,3.399,41.3912,0.8496,81.6105,29.859,6.7402
1215.0,3.3847,41.0812,0.8301,80.7548,29.3177,6.7539
1220.0,3.3851,41.033,0.8301,80.6077,29.8013,6.7676
1225.0,3.3983,41.7287,0.8496,81.3556,29.6578,6.7402
1230.0,3.407,41.4658,0.8691,82.7585,29.6262,6.7266
1235.0,3.4086,41.4938,0.8496,82.8549,29.5522,6.7266
1240.0,3.4318,42.1867,0.8594,83.2274,29.496,6.6855
1245.0,3.4287,42.0316,0.8398,82.0365,29.9477,6.6992
1250.0,3.4177,41.9707,0.8594,82.7782,29.4473,6.6992
1255.0,3.3994,41.3789,0.8203,81.7185,28.7094,6.7129
1260.0,3.4153,42.476,0.8496,81.7555,29.5854,6.7129
1265.0,3.4292,42.2174,0.8398,81.0893,29.5794,6.6992
1270.0,3.4374,42.5542,0.8691,83.4449,29.7392,6.6855
1275.0,3.4402,41.8967,0.8496,83.197,29.3387,6.6719
1280.0,3.4296,42.2177,0.8789,83.7247,29.7741,6.6992
1285.0,3.3972,41.5339,0.8496,80.5196,29.4549,6.7266
1290.0,3.3985,41.3602,0.8398,81.5617,29.77,6.7402
1295.0,3.4024,41.0452,0.8594,81.4923,29.9089,6.7402
1300.0,3.3873,41.3915,0.8301,81.2378,29.2657,6.7402
1305.0,3.4254,41.8605,0.8594,83.294,29.5196,6.6992
1310.0,3.4255,42.0084,0.8496,83.2476,29.8546,6.7129
1315.0,3.4208,41.879,0.8496,83.08,29.9199,6.7129
1320.0,3.4352,41.5888,0.8691,85.0331,29.367,6.6719
1325.0,3.4355,42.1017,0.8789,85.1514,29.4518,6.6855
1330.0,3.4562,41.9562,0.8789,85.5075,29.7317,6.6582
1335.0,3.4463,42.0585,0.8594,84.1897,29.2875,6.6582
1340.0,3.4704,42.6016,0.8691,86.1053,29.3946,6.6309
1345.0,3.4825,42.929,0.8594,84.5098,29.6084,6.6172
1350.0,3.4847,42.7971,0.8887,87.3494,29.4991,6.6035
1355.0,3.4915,42.7285,0.8887,85.7088,29.6135,6.6035
1360.0,3.4803,42.611,0.8887,86.7683,29.35,6.6035
1365.0,3.4749,42.7854,0.8887,87.2719,29.41,6.6172
1370.0,3.477,43.0648,0.8789,86.0087,29.7161,6.6309
1375.0,3.4792,42.6133,0.8984,86.9505,29.3373,6.6035
1380.0,3.4827,42.6557,0.8691,84.7625,29.4531,6.6035
1385.0,3.4992,43.4074,0.8887,88.1934,29.5231,6.5898
1390.0,3.4867,43.3353,0.8496,86.4083,29.4103,6.6035
1395.0,3.505,43.1601,0.8887,86.4829,29.4899,6.5762
1400.0,3.492,42.6306,0.8887,87.6206,29.4775,6.5898
1405.0,3.4884,42.8029,0.8789,86.614,29.8302,6.6172
1410.0,3.4905,43.2683,0.8789,87.1948,29.5318,6.6035
1415.0,3.506,43.4836,0.8789,86.1922,29.7697,6.5762
1420.0,3.5254,43.7438,0.8887,89.3966,29.8819,6.5488
1425.0,3.5381,43.8496,0.8789,88.4708,30.0884,6.5352
1430.0,3.5324,44.4661,0.9082,88.6917,29.57,6.5352
1435.0,3.5238,43.534,0.9082,87.6774,29.8601,6.5488
1440.0,3.5319,43.9372,0.8789,88.2205,29.8311,6.5352
1445.0,3.5146,43.1401,0.9082,88.8591,29.4282,6.5488
1450.0,3.5121,43.9256,0.8887,87.9601,29.6112,6.5625
1455.0,3.5038,43.4118,0.8789,87.3493,29.3837,6.5762
1460.0,3.4947,43.1579,0.8984,87.9907,29.4607,6.5898
1465.0,3.5007,43.1461,0.8887,87.6279,29.2473,6.5762
1470.0,3.5153,44.1331,0.8887,87.7124,30.003,6.5762
1475.0,3.5101,43.4514,0.8789,87.75,29.5216,6.5625
1480.0,3.5159,43.627,0.9082,87.0544,29.7042,6.5625
1485.0,3.5125,42.9976,0.8594,86.8324,29.4344,6.5625
1490.0,3.5154,44.009,0.8887,87.8748,29.7061,6.5625
1495.0,3.4967,43.9185,0.8789,87.0884,29.2573,6.5762
1500.0,3.5008,43.553,0.9082,87.4024,29.2099,6.5762
1505.0,3.499,43.4749,0.8789,87.1475,28.9909,6.5625
1510.0,3.5319,43.7468,0.9277,91.0332,29.5604,6.5352
1515.0,3.5301,43.8373,0.9082,89.4977,29.8105,6.5488
1520.0,3.5201,42.7507,0.9082,88.7265,29.6308,6.5488
1525.0,3.5196,43.1695,0.8887,88.0533,29.5365,6.5488
1530.0,3.5172,43.8189,0.8984,88.7009,29.4578,6.5488
1535.0,3.5231,43.2554,0.918,90.1029,29.7804,6.5488
1540.0,3.5363,44.1678,0.8887,89.3134,29.8972,6.5352
1545.0,3.5228,43.7575,0.8691,87.6543,29.6803,6.5488
1550.0,3.5201,44.0482,0.8789,87.5817,29.6772,6.5488
1555.0,3.5181,43.287,0.8887,88.1965,29.8678,6.5625
1560.0,3.5243,43.7726,0.8887,87.5181,29.4676,6.5352
1565.0,3.4985,43.4254,0.9082,89.0038,29.0997,6.5625
1570.0,3.5073,43.0887,0.8887,87.8396,29.4403,6.5625
1575.0,3.5082,43.3842,0.8789,87.1707,29.6456,6.5762
1580.0,3.4968,43.0524,0.8789,87.0849,29.5434,6.5898
1585.0,3.5128,43.0722,0.8887,88.5701,29.6213,6.5625
1590.0,3.5173,43.5443,0.8887,88.1044,30.0951,6.5762
1595.0,3.5019,43.6767,0.8789,86.5998,29.4417,6.5762
1600.0,3.4958,43.6692,0.8691,85.3424,29.5641,6.5898
1605.0,3.4996,42.7609,0.8887,87.71,29.8436,6.5898
1610.0,3.4894,42.7262,0.8691,86.0003,29.4571,6.6035
1615.0,3.4957,42.6105,0.8789,87.3654,29.5699,6.5898
1620.0,3.467,42.1306,0.8887,85.9588,29.0656,6.6172
1625.0,3.4927,44.0168,0.8887,86.5819,29.7089,6.6035
1630.0,3.5071,42.8952,0.8691,87.7744,29.8288,6.5898
1635.0,3.5001,43.92,0.8887,87.4361,29.9492,6.6035
1640.0,3.4992,43.1608,0.9082,87.5315,30.0204,6.6035
1645.0,3.4876,42.7796,0.8691,85.3511,29.7471,6.6172
1650.0,3.5031,43.2647,0.8789,86.7873,30.0048,6.5898
1655.0,3.5093,43.3224,0.8984,87.5115,29.6778,6.5762
1660.0,3.5275,43.6493,0.8887,88.9204,30.1076,6.5625
1665.0,3.5183,43.7973,0.8887,89.5017,29.7233,6.5625
1670.0,3.5031,43.4128,0.8887,86.69,29.7849,6.5898
1675.0,3.5055,42.9588,0.8887,87.933,30.206,6.6035
1680.0,3.4927,42.651,0.9082,87.0521,29.5908,6.6035
1685.0,3.493,43.1388,0.8984,86.7824,29.6022,6.6035
1690.0,3.5065,42.9703,0.9082,87.9347,29.7142,6.5762
1695.0,3.4955,43.2458,0.8594,86.3312,29.5176,6.5898
1700.0,3.5249,43.8312,0.8984,88.7852,29.7137,6.5488
1705.0,3.5184,43.1182,0.8887,87.1798,29.445,6.5488
1710.0,3.5053,42.8395,0.8789,86.9179,29.9305,6.5898
1715.0,3.4856,42.8321,0.8789,87.1452,29.5895,6.6035
1720.0,3.5075,43.0607,0.8789,87.2599,29.9363,6.5898
1725.0,3.5076,43.2935,0.8789,87.614,29.9419,6.5898
1730.0,3.4993,43.1761,0.8887,86.448,29.7912,6.5898
1735.0,3.4947,43.219,0.8984,86.1575,29.9326,6.6035
1740.0,3.4961,43.6847,0.8789,86.4594,30.0075,6.6035
1745.0,3.4782,43.2094,0.8691,87.0181,29.2407,6.6035
1750.0,3.5011,42.9068,0.8691,86.9735,29.5993,6.5898
1755.0,3.5172,43.2909,0.8887,87.4795,29.8781,6.5625
1760.0,3.5088,43.5444,0.8984,87.9534,30.2251,6.5898
1765.0,3.4922,43.1135,0.8887,87.5719,29.3514,6.5898
1770.0,3.5133,43.3026,0.8984,89.194,30.3798,6.5898
1775.0,3.4986,43.2161,0.8789,86.352,29.7282,6.5898
1780.0,3.491,43.1235,0.8887,87.7613,29.308,6.5898
1785.0,3.4862,43.4817,0.8691,87.205,29.5343,6.6035
1790.0,3.4814,43.0737,0.8789,85.8762,29.5546,6.6172
1795.0,3.4794,43.5729,0.8789,85.7328,29.6484,6.6172
1800.0,3.4797,42.2619,0.8691,85.4931,29.4677,6.6172
1805.0,3.4871,43.0204,0.8789,86.8194,29.9719,6.6172
1810.0,3.485,43.0619,0.8691,86.8427,29.7963,6.6172
1815.0,3.4668,42.5824,0.8789,85.2489,30.2015,6.6582
1820.0,3.4645,42.3447,0.8496,84.9244,29.8131,6.6445
1825.0,3.4639,42.8546,0.8887,85.4215,29.8435,6.6445
1830.0,3.4728,42.2536,0.8789,84.8328,29.8202,6.6309
1835.0,3.461,42.2401,0.8789,84.994,30.0463,6.6582
1840.0,3.4564,42.5028,0.8691,84.7855,30.1649,6.6719
1845.0,3.4599,42.4927,0.8691,85.6417,30.0954,6.6719
1850.0,3.4552,42.6995,0.8594,85.4516,29.5139,6.6582
1855.0,3.48,43.3978,0.8594,86.6543,30.3006,6.6445
1860.0,3.4728,43.3195,0.8594,85.8552,29.9236,6.6445
1865.0,3.4862,42.8922,0.8887,87.1295,30.0806,6.6309
1870.0,3.4893,43.1192,0.8691,85.7777,29.9363,6.6172
1875.0,3.4841,43.0053,0.8691,86.1104,30.1921,6.6309
1880.0,3.4585,42.6657,0.8789,86.0205,29.9795,6.6582
1885.0,3.4564,41.9856,0.8691,84.5991,30.1357,6.6719
1890.0,3.438,41.9834,0.8789,84.6344,29.7027,6.6855
1895.0,3.4422,42.3246,0.8496,83.6843,30.0556,6.6855
1900.0,3.4455,41.9945,0.8691,83.9022,30.0495,6.6855
1905.0,3.4355,41.4892,0.8789,82.9011,30.2178,6.6992
1910.0,3.457,42.4137,0.8594,84.8036,30.194,6.6719
1915.0,3.4738,43.0316,0.8496,84.1903,29.9777,6.6445
1920.0,3.4869,43.4057,0.8691,86.2844,30.1284,6.6309
1925.0,3.4753,43.0913,0.8691,85.9298,30.068,6.6445
1930.0,3.5011,43.0163,0.8789,87.9913,30.2384,6.6035
1935.0,3.5077,43.4068,0.8691,86.4251,30.1125,6.5898
1940.0,3.5135,43.5997,0.8984,88.4507,30.1271,6.5898
1945.0,3.5314,43.6684,0.8887,87.4828,30.3884,6.5625
1950.0,3.4982,43.4041,0.8984,88.1551,29.6694,6.5898
1955.0,3.4963,43.6331,0.8789,85.6692,29.7576,6.6035
1960.0,3.4958,43.7951,0.8691,86.3093,29.6525,6.5898
1965.0,3.5118,43.0675,0.8789,88.1476,30.0135,6.5762
1970.0,3.5298,43.7336,0.8789,88.6394,30.2513,6.5625
1975.0,3.5133,43.9883,0.8691,86.3534,30.0558,6.5762
1980.0,3.5292,44.0074,0.8887,87.5647,29.8318,6.5488
1985.0,3.5452,44.0551,0.8984,90.2784,30.0034,6.5215
1990.0,3.5477,44.7593,0.8984,89.2635,30.0799,6.5215
1995.0,3.557,44.3654,0.9082,90.5876,30.1714,6.5078
2000.0,3.5606,43.9717,0.918,91.9345,30.3134,6.5078
2005.0,3.5419,43.9857,0.8887,89.2614,29.8648,6.5215
2010.0,3.5448,43.7002,0.9082,89.7027,30.0695,6.5215
2015.0,3.5622,44.6448,0.8984,91.2222,30.359,6.5078
2020.0,3.5592,43.8693,0.9082,89.3566,30.3652,6.5078
2025.0,3.5663,43.8407,0.8984,89.2088,30.1787,6.4941
2030.0,3.5706,45.256,0.918,90.8885,30.0843,6.4805
2035.0,3.5631,44.7206,0.9082,91.7304,30.39,6.5078
2040.0,3.5626,43.9508,0.9082,90.8648,30.3936,6.5078
2045.0,3.5694,44.1623,0.8984,89.6661,30.2192,6.4941
2050.0,3.5669,44.3402,0.8887,90.5572,30.0101,6.4805
2055.0,3.5753,44.7015,0.9082,91.2051,30.2638,6.4805
2060.0,3.5652,44.5612,0.9082,90.7794,29.7498,6.4805
2065.0,3.5612,44.1176,0.9082,91.5757,29.7293,6.4805
2070.0,3.5675,44.4222,0.9082,91.8922,30.4435,6.5078
2075.0,3.5676,44.3746,0.8984,91.4083,30.0748,6.4941
2080.0,3.5718,44.0978,0.918,92.114,30.3108,6.4941
2085.0,3.5856,44.8186,0.8984,92.2791,29.9419,6.4531
2090.0,3.6113,44.9912,0.918,92.9553,30.4545,6.4258
2095.0,3.6022,45.5168,0.9277,92.8982,30.0737,6.4258
2100.0,3.5898,45.1074,0.9277,93.7709,29.6769,6.4258
2105.0,3.6106,45.5035,0.918,93.4225,30.3434,6.4121
2110.0,3.6241,45.4543,0.9277,96.1967,30.5132,6.3984
2115.0,3.6201,45.7288,0.9375,94.7234,30.1294,6.3848
2120.0,3.6198,45.1035,0.9473,95.3025,30.1043,6.3848
2125.0,3.6026,44.9335,0.918,93.6226,30.0642,6.4121
2130.0,3.5983,45.0476,0.918,92.865,30.0343,6.4258
2135.0,3.6005,44.3471,0.9082,93.0381,30.0088,6.4258
2140.0,3.5914,45.1324,0.9082,92.6861,30.0485,6.4395
2145.0,3.5681,44.2591,0.9082,92.0094,30.1999,6.4941
2150.0,3.5706,45.0891,0.9082,91.2577,30.3459,6.4941
2155.0,3.5663,44.4394,0.918,91.3863,30.1778,6.4941
2160.0,3.5584,44.1428,0.9082,91.0487,29.9262,6.4941
2165.0,3.5532,44.7499,0.8789,89.8986,30.2304,6.5215
2170.0,3.5593,44.2856,0.8887,91.3518,30.4346,6.5215
2175.0,3.5589,44.0644,0.9082,89.9205,30.3393,6.5078
2180.0,3.5572,44.5635,0.8984,90.5889,30.4299,6.5215
2185.0,3.5406,44.1449,0.8887,87.723,30.2543,6.5352
2190.0,3.5556,43.715,0.8984,90.4667,30.1794,6.5078
2195.0,3.5704,43.882,0.9277,91.8706,30.067,6.4805
2200.0,3.5586,44.2083,0.918,91.1951,30.0947,6.5078
2205.0,3.5746,44.4807,0.9082,91.8759,30.136,6.4805
2210.0,3.6,45.3878,0.9277,93.0149,30.4253,6.4395
2215.0,3.5898,45.3726,0.9082,91.9131,30.0915,6.4395
2220.0,3.6133,45.5596,0.9375,93.3517,30.733,6.4258
2225.0,3.6038,45.7221,0.918,93.034,30.2782,6.4258
2230.0,3.6128,45.3562,0.918,92.4207,30.61,6.4258
2235.0,3.6109,45.3525,0.9277,92.6623,30.152,6.4121
2240.0,3.6211,45.2498,0.918,94.4198,30.4557,6.3984
2245.0,3.5996,45.009,0.918,93.2443,30.4061,6.4395
2250.0,3.5892,44.5147,0.9082,92.0483,30.3804,6.4531
2255.0,3.5942,45.1707,0.918,90.779,30.6264,6.4531
2260.0,3.5653,44.4281,0.9082,91.1929,30.0174,6.4941
2265.0,3.5717,44.3637,0.8887,90.4169,29.966,6.4805
2270.0,3.5755,44.4336,0.8984,90.0073,30.7728,6.4941
2275.0,3.574,44.5837,0.9082,91.1227,30.1599,6.4805
2280.0,3.5884,44.7324,0.9277,92.7564,30.5023,6.4668
2285.0,3.5722,44.4935,0.918,91.6103,30.3154,6.4941
2290.0,3.5778,44.5661,0.9082,92.0712,30.6006,6.4941
2295.0,3.5792,44.9544,0.918,93.304,30.3715,6.4805
2300.0,3.5697,44.5002,0.9082,91.4712,29.9012,6.4805
2305.0,3.5807,44.6741,0.9082,91.1646,30.2629,6.4668
2310.0,3.5827,44.4551,0.8984,90.9092,30.1499,6.4668
2315.0,3.5999,45.2629,0.9277,93.97,30.4822,6.4395
2320.0,3.5807,44.5311,0.918,92.3444,30.103,6.4668
2325.0,3.598,44.8413,0.9277,92.8054,30.2895,6.4395
2330.0,3.6127,45.2981,0.918,92.5591,30.7687,6.4258
2335.0,3.6014,44.6625,0.918,93.6047,30.4923,6.4395
2340.0,3.6146,44.8595,0.918,93.8466,30.3435,6.4121
2345.0,3.612,45.1287,0.9375,93.7255,30.4811,6.4121
2350.0,3.6079,44.9077,0.9375,94.16,30.4047,6.4258
2355.0,3.6168,45.1058,0.9375,94.5352,30.4255,6.4121
2360.0,3.6073,45.3865,0.9082,92.8171,29.8943,6.3984
2365.0,3.6072,44.9709,0.9082,92.8571,30.2255,6.4121
2370.0,3.6209,45.4003,0.9473,93.5144,30.4752,6.3984
2375.0,3.6116,44.8827,0.918,93.7098,30.1366,6.3984
2380.0,3.6253,45.2634,0.9473,94.4325,30.6882,6.3984
2385.0,3.6347,45.657,0.918,93.0592,30.8939,6.3848
2390.0,3.6107,45.058,0.918,92.5791,29.5334,6.3848
2395.0,3.6216,45.56,0.9473,94.067,30.2106,6.3848
2400.0,3.625,45.473,0.918,93.7866,30.3464,6.3848
2405.0,3.6177,45.5765,0.9277,93.949,29.9394,6.3848
2410.0,3.6287,45.5041,0.9277,95.6851,30.5099,6.3848
2415.0,3.6362,45.6641,0.9277,94.9347,30.4439,6.3711
2420.0,3.6415,45.7063,0.9375,95.2186,30.6529,6.3574
2425.0,3.6334,45.2612,0.9375,94.5253,30.1337,6.3574
2430.0,3.6216,45.1507,0.918,93.9757,29.9406,6.3711
2435.0,3.6432,45.8606,0.9473,95.5945,30.5589,6.3574
2440.0,3.6448,45.4621,0.9473,95.9089,30.7708,6.3574
2445.0,3.6372,45.9564,0.918,94.1025,30.1876,6.3574
2450.0,3.6424,45.7254,0.918,94.8868,30.4018,6.3438
2455.0,3.6462,44.9938,0.9375,94.0758,30.1223,6.3301
2460.0,3.6355,45.8813,0.9082,94.3532,30.3009,6.3574
2465.0,3.6402,45.1901,0.9473,95.8073,30.5048,6.3574
2470.0,3.6387,45.7666,0.9473,95.3943,30.3327,6.3574
2475.0,3.6415,46.232,0.9375,95.2967,29.9797,6.3301
2480.0,3.6452,46.2187,0.9473,96.1717,30.2526,6.3301
2485.0,3.6571,45.8656,0.9473,96.48,30.6336,6.3301
2490.0,3.6526,45.5085,0.957,95.3708,30.2942,6.3164
2495.0,3.6623,46.1278,0.957,96.1236,30.4302,6.3027
2500.0,3.6696,45.9391,0.9668,97.9863,30.3614,6.2891
2505.0,3.6439,46.0016,0.957,97.4716,30.2125,6.3301
2510.0,3.6645,46.3159,0.957,98.6091,30.7614,6.3164
2515.0,3.6509,45.6524,0.957,96.5168,30.0679,6.3164
2520.0,3.6478,45.6299,0.9473,95.65,30.2055,6.3301
2525.0,3.6667,46.2652,0.957,97.3378,30.9788,6.3164
2530.0,3.6534,46.0874,0.9375,95.7071,29.7153,6.2891
2535.0,3.6732,46.648,0.9473,97.9182,30.2983,6.2754
2540.0,3.6741,45.7008,0.9473,97.8377,30.216,6.2617
2545.0,3.6835,45.6706,0.9473,96.4669,30.278,6.248
2550.0,3.6923,46.7898,0.9668,98.3389,30.44,6.2207
2555.0,3.6857,47.0546,0.957,97.3632,30.4475,6.248
2560.0,3.6704,46.5952,0.9473,97.1919,30.6865,6.2891
2565.0,3.6715,46.2173,0.9473,96.3692,30.5745,6.2891
2570.0,3.6724,46.7828,0.9473,96.3657,30.464,6.2754
2575.0,3.6816,46.4397,0.9473,97.636,30.4371,6.2617
2580.0,3.6772,45.9028,0.9473,96.7176,30.173,6.248
2585.0,3.6847,46.1656,0.957,98.7192,30.1406,6.2344
2590.0,3.6805,46.144,0.9668,97.2405,30.378,6.248
2595.0,3.6889,47.2456,0.957,98.2791,30.4364,6.2344
2600.0,3.6893,46.6993,0.9766,99.4602,30.6147,6.248
2605.0,3.6897,46.3516,0.957,97.9574,30.5484,6.2344
2610.0,3.6777,46.3099,0.9668,98.6063,30.4018,6.2617
2615.0,3.6795,46.3993,0.957,98.1226,30.4712,6.2617
2620.0,3.6845,46.2734,0.9473,97.6438,30.2221,6.2344
2625.0,3.6871,46.4744,0.9473,97.3604,30.4098,6.2344
2630.0,3.6844,46.5706,0.9473,96.5183,30.6595,6.2617
2635.0,3.6737,46.5961,0.957,97.3236,30.3044,6.2754
2640.0,3.6627,45.7493,0.9473,97.4058,30.4177,6.3027
2645.0,3.6661,46.1878,0.9473,98.0585,30.3277,6.2891
2650.0,3.6716,46.8647,0.9473,97.7559,30.2876,6.2754
2655.0,3.6762,46.3934,0.9473,98.4252,30.4399,6.2754
2660.0,3.6882,46.8469,0.957,98.2373,30.6583,6.248
2665.0,3.6827,46.5601,0.9375,96.7419,30.2651,6.248
2670.0,3.6737,46.1297,0.9473,97.7127,30.1487,6.2617
2675.0,3.6939,46.3267,0.957,98.6025,30.2935,6.2207
2680.0,3.6936,46.321,0.9668,98.8447,30.6466,6.2344
2685.0,3.6911,46.6745,0.9668,97.8936,30.3802,6.2207
2690.0,3.6891,46.451,0.957,98.2252,30.0934,6.2207
2695.0,3.6835,46.9564,0.957,97.4596,30.0272,6.2344
2700.0,3.6913,46.9795,0.957,98.8598,30.0079,6.207
2705.0,3.6858,46.923,0.9668,97.7681,29.9457,6.2207
2710.0,3.6895,46.4923,0.957,97.6715,30.1978,6.2207
2715.0,3.6954,47.1158,0.9473,98.8747,30.1257,6.207
2720.0,3.6991,46.9213,0.957,97.6748,30.0868,6.1934
2725.0,3.7064,46.7432,0.9668,99.0695,30.428,6.1797
2730.0,3.7169,46.9232,0.9766,100.3771,30.2015,6.1387
2735.0,3.7274,46.7752,0.9961,100.3371,30.4534,6.125
2740.0,3.7237,46.8501,0.9668,100.4955,30.0014,6.1113
2745.0,3.7252,47.2334,0.9668,100.1381,30.1709,6.1113
2750.0,3.7171,47.0371,0.957,99.157,30.0427,6.1387
2755.0,3.7148,47.5357,0.9766,100.335,29.9106,6.1387
2760.0,3.7274,47.4222,0.9863,101.1676,30.5408,6.125
2765.0,3.716,46.9346,0.9863,100.4838,30.0288,6.1387
2770.0,3.7201,47.0096,0.9766,100.0804,29.9517,6.125
2775.0,3.7373,47.4295,0.9766,101.1686,30.6233,6.0977
2780.0,3.7272,47.0244,0.9863,100.7402,30.0248,6.0977
2785.0,3.7311,47.3672,0.9668,100.5391,30.6301,6.125
2790.0,3.7179,46.9511,0.957,99.8344,30.3482,6.1523
2795.0,3.7129,46.9141,0.9766,100.2065,29.9896,6.1387
2800.0,3.7055,46.2931,0.9766,98.9529,30.1945,6.1797
2805.0,3.7212,47.0757,0.9766,100.0882,30.3719,6.1387
2810.0,3.7143,46.7596,0.9668,100.4927,30.1868,6.1523
2815.0,3.7263,47.2679,0.9766,100.0395,30.4359,6.125
2820.0,3.7185,47.0358,0.9766,100.1514,30.0691,6.125
2825.0,3.7108,46.4596,0.957,97.661,29.993,6.1523
2830.0,3.702,46.9043,0.9375,98.3891,30.0612,6.1797
2835.0,3.6956,46.7117,0.9668,98.7695,30.037,6.1934
2840.0,3.6986,46.6722,0.9668,98.602,30.1483,6.1934
2845.0,3.6992,46.6915,0.9668,98.635,30.4092,6.207
2850.0,3.6934,46.7807,0.9668,98.5007,29.9361,6.1934
2855.0,3.6999,47.0578,0.957,99.144,30.5354,6.207
2860.0,3.6915,46.7345,0.9375,97.7333,30.1274,6.207
2865.0,3.6935,46.7024,0.9766,98.5102,29.8076,6.1934
2870.0,3.7018,46.2386,0.957,98.7363,30.0249,6.1797
2875.0,3.7015,46.8742,0.9766,100.0912,30.1007,6.1797
2880.0,3.6975,46.3295,0.957,98.4411,29.9746,6.1934
2885.0,3.6953,46.1464,0.9863,98.632,30.2795,6.207
2890.0,3.7041,47.1608,0.957,98.8521,30.1902,6.1797
2895.0,3.7151,46.5942,0.9863,101.8112,30.118,6.1387
2900.0,3.7038,46.6643,0.9766,99.4504,29.6932,6.1523
2905.0,3.7032,47.1296,0.957,99.5466,30.0445,6.1797
2910.0,3.7129,46.9079,0.9766,100.4764,30.5191,6.166
2915.0,3.6976,46.0829,0.9473,98.3964,29.8394,6.1797
2920.0,3.6905,46.8075,0.957,97.3135,29.4871,6.1797
2925.0,3.6954,46.4509,0.9766,98.9745,29.6746,6.1797
2930.0,3.7069,46.7725,0.9473,98.0662,30.2773,6.1797
2935.0,3.6957,46.8378,0.9668,98.4493,29.4621,6.166
2940.0,3.7164,47.0436,0.9668,99.6497,30.401,6.1523
2945.0,3.7086,46.879,0.957,99.243,29.8543,6.1523
2950.0,3.7027,46.8021,0.957,98.2408,29.8254,6.166
2955.0,3.7129,46.9251,0.9766,99.8368,30.5039,6.166
2960.0,3.7099,46.8803,0.9668,99.209,30.4164,6.1797
2965.0,3.696,46.7007,0.9668,98.5134,30.0775,6.1934
2970.0,3.6822,46.0882,0.9375,97.0815,29.5141,6.207
2975.0,3.6816,46.171,0.9668,98.4403,29.835,6.2207
2980.0,3.6827,46.0418,0.9668,97.7366,30.1242,6.2344
2985.0,3.6797,46.4364,0.9668,96.8759,29.9548,6.2344
2990.0,3.683,46.6461,0.9668,97.4332,29.9081,6.2207
2995.0,3.6748,46.7523,0.957,97.4079,29.6872,6.2344
3000.0,3.6703,45.9251,0.9668,96.4934,30.1007,6.2617
3005.0,3.6652,46.4684,0.9375,96.0992,29.8598,6.2754
3010.0,3.6735,46.2693,0.9375,96.4143,30.2645,6.2617
3015.0,3.6582,46.197,0.9277,96.1747,29.8726,6.2891
3020.0,3.6532,45.5447,0.9277,97.2994,29.4864,6.2754
3025.0,3.6752,46.3706,0.957,97.3157,30.3066,6.2617
3030.0,3.6634,45.9792,0.957,96.8122,29.8864,6.2754
3035.0,3.6672,45.7548,0.957,97.4088,29.7352,6.2617
3040.0,3.6709,45.9996,0.9473,96.5885,30.0123,6.2617
3045.0,3.6714,46.7827,0.9668,97.4902,29.9504,6.2617
3050.0,3.6696,46.8354,0.9766,97.7782,29.8634,6.2617
3055.0,3.6728,45.9144,0.957,97.8276,29.8903,6.248
3060.0,3.6617,46.1668,0.9277,97.1271,29.3338,6.248
3065.0,3.6803,46.8963,0.957,98.4372,29.8778,6.2344
3070.0,3.6721,46.7037,0.957,97.1476,28.9818,6.207
3075.0,3.6848,46.4537,0.9766,99.2064,29.5522,6.207
3080.0,3.6831,46.5111,0.9473,97.7815,29.5764,6.207
3085.0,3.6885,46.5043,0.957,97.7657,29.5843,6.1934
3090.0,3.6933,46.6207,0.9668,99.2882,29.7925,6.1934
3095.0,3.69,45.8259,0.9766,97.812,29.784,6.1934
3100.0,3.6861,46.5099,0.9766,96.8733,29.8358,6.207
3105.0,3.684,46.7702,0.957,96.9184,29.643,6.207
3110.0,3.676,45.9883,0.957,96.7017,29.1969,6.207
3115.0,3.6867,46.4984,0.9668,97.7631,30.1425,6.2207
3120.0,3.6722,46.5022,0.957,97.4651,29.2676,6.2207
3125.0,3.6704,45.921,0.9473,95.9711,29.3833,6.2344
3130.0,3.6609,45.8733,0.9473,96.1898,29.24,6.248
3135.0,3.6678,46.1342,0.9277,96.1998,29.2605,6.2344
3140.0,3.6665,46.1255,0.9473,97.2166,29.6305,6.248
3145.0,3.6602,46.0383,0.957,97.2885,29.6184,6.2754
3150.0,3.6633,46.2376,0.9375,95.7014,29.7898,6.2754
3155.0,3.6514,45.7314,0.918,94.8092,29.6403,6.2891
3160.0,3.6471,45.996,0.9375,97.732,29.5534,6.3027
3165.0,3.6551,45.6334,0.957,97.3621,30.0351,6.3027
3170.0,3.6439,46.1556,0.9375,95.5673,29.5347,6.3027
3175.0,3.6377,45.3752,0.9277,94.1775,29.5203,6.3164
3180.0,3.659,46.3365,0.957,97.3075,30.1024,6.3027
3185.0,3.6485,46.3341,0.9473,95.1148,29.3239,6.2891
3190.0,3.6504,45.8862,0.9277,94.3215,29.4568,6.2891
3195.0,3.6523,45.9933,0.9473,95.0359,29.7111,6.2891
3200.0,3.6493,45.8553,0.9473,97.5471,29.6871,6.3027
3205.0,3.6447,46.0147,0.9277,95.7205,29.3707,6.3027
3210.0,3.6413,45.6763,0.9375,95.2517,29.1279,6.2891
3215.0,3.6373,45.4512,0.9375,95.226,29.4728,6.3164
3220.0,3.6511,45.942,0.9375,95.5719,29.5975,6.2891
3225.0,3.6592,46.1849,0.9473,97.3922,29.5762,6.2754
3230.0,3.6535,46.0686,0.9375,95.9869,29.1413,6.2617
3235.0,3.6599,45.9707,0.9473,95.6,29.57,6.2754
3240.0,3.652,46.2385,0.9277,95.1949,29.3564,6.2754
3245.0,3.6505,45.8626,0.918,93.6459,29.3376,6.2754
3250.0,3.6324,45.5302,0.9375,95.196,28.86,6.3027
3255.0,3.6273,45.8329,0.918,93.9737,29.0989,6.3164
3260.0,3.6352,46.2501,0.9375,95.5476,29.3047,6.3164
3265.0,3.6325,45.1941,0.9375,93.8511,29.6603,6.3301
3270.0,3.6376,46.0732,0.9473,96.5757,30.0828,6.3438
3275.0,3.6236,45.1393,0.9473,95.7024,29.8298,6.3711
3280.0,3.6078,45.6899,0.9277,92.4698,29.4577,6.3848
3285.0,3.5958,44.8345,0.9473,94.5945,29.358,6.3984
3290.0,3.595,44.9524,0.9375,93.7674,29.5823,6.4121
3295.0,3.5859,44.4867,0.918,93.4476,29.5768,6.4258
3300.0,3.5748,45.0197,0.8887,92.4139,29.145,6.4395
3305.0,3.5699,44.8582,0.918,91.4598,28.9008,6.4395
3310.0,3.586,45.0476,0.918,92.191,29.4476,6.4258
3315.0,3.5625,44.1732,0.9082,90.3672,29.1149,6.4531
3320.0,3.5782,44.4116,0.918,91.5276,29.5623,6.4531
3325.0,3.5761,44.6812,0.8984,92.0588,29.3118,6.4395
3330.0,3.5775,45.0436,0.918,90.8491,29.4808,6.4395
3335.0,3.5844,44.3042,0.9375,92.0206,29.5255,6.4395
3340.0,3.5808,44.7504,0.918,91.4418,29.2196,6.4258
3345.0,3.5897,45.1822,0.9277,93.3908,29.2345,6.4121
3350.0,3.5905,44.2037,0.9277,92.5003,29.0584,6.3984
3355.0,3.5783,45.2371,0.9277,92.1516,28.7083,6.4121
3360.0,3.5753,44.8688,0.9082,91.549,29.4547,6.4395
3365.0,3.5783,44.5995,0.9082,91.3639,28.9886,6.4258
3370.0,3.6023,44.9538,0.8984,91.8681,29.4449,6.3984
3375.0,3.6109,45.1873,0.9375,93.9054,29.6357,6.3848
3380.0,3.5902,45.2455,0.918,93.659,28.7462,6.3848
3385.0,3.6141,44.9727,0.8984,92.2305,29.424,6.3711
3390.0,3.6074,45.0892,0.9375,92.3844,29.074,6.3711
3395.0,3.6067,45.0379,0.918,93.5871,29.1904,6.3711
3400.0,3.5821,44.1263,0.918,91.9672,28.7998,6.3984
3405.0,3.5774,44.8739,0.9277,91.5613,28.7925,6.4121
3410.0,3.5715,44.1179,0.9082,92.4538,28.599,6.4121
3415.0,3.5868,44.8301,0.9082,90.9736,29.0624,6.4121
3420.0,3.5914,45.0854,0.9082,92.5867,29.0444,6.3984
3425.0,3.586,44.5265,0.9277,93.3816,28.8492,6.3984
3430.0,3.5991,45.3099,0.918,93.1897,28.9967,6.3848
3435.0,3.5765,44.3865,0.9277,92.5198,28.6011,6.4121
3440.0,3.5948,44.8119,0.918,92.6586,28.9232,6.3848
3445.0,3.5994,44.5568,0.9375,94.0629,29.1046,6.3848
3450.0,3.6119,45.395,0.9277,92.523,29.154,6.3574
3455.0,3.6106,44.6694,0.9277,94.3196,29.0336,6.3574
3460.0,3.6094,45.4733,0.9082,93.0851,29.2037,6.3711
3465.0,3.6135,44.6389,0.9473,94.2118,29.3414,6.3711
3470.0,3.5944,44.8581,0.9082,91.9105,29.3448,6.3984
3475.0,3.5886,44.6186,0.9277,92.4058,28.7089,6.3848
3480.0,3.5975,45.2433,0.918,92.476,28.8183,6.3711
3485.0,3.5921,44.7328,0.918,93.5974,28.4148,6.3711
3490.0,3.6034,44.3867,0.9277,93.6222,28.6506,6.3574
3495.0,3.613,45.1683,0.957,93.8922,28.9722,6.3438
3500.0,3.5907,44.8656,0.8887,92.4329,28.6005,6.3711
3505.0,3.5928,45.6415,0.9082,92.5469,28.7071,6.3848
3510.0,3.6044,44.8205,0.9082,92.9403,28.7817,6.3574
3515.0,3.6116,45.128,0.9277,94.5567,29.0708,6.3574
3520.0,3.6155,45.5952,0.9375,96.0137,28.8788,6.3438
3525.0,3.6039,45.3639,0.918,93.5363,28.7688,6.3574
3530.0,3.6123,44.7996,0.9277,93.053,28.9744,6.3574
3535.0,3.6131,45.0106,0.9277,92.8643,28.602,6.3301
3540.0,3.6284,45.0448,0.9277,95.1391,29.1041,6.3164
3545.0,3.6312,46.1302,0.9277,93.9069,28.958,6.3027
3550.0,3.6272,45.3733,0.9277,94.0742,28.927,6.3164
3555.0,3.6346,45.6667,0.9277,93.5947,28.6383,6.2891
3560.0,3.6388,46.1498,0.918,94.5066,28.9844,6.2891
3565.0,3.626,45.6003,0.9277,93.2181,28.9586,6.3164
3570.0,3.6181,45.6579,0.9375,94.649,28.7481,6.3301
3575.0,3.597,44.8586,0.9277,93.8342,28.7373,6.3711
3580.0,3.5945,44.6982,0.918,92.3477,28.7535,6.3711
3585.0,3.598,44.739,0.9375,93.5926,28.7291,6.3711
3590.0,3.5757,44.6804,0.918,91.0755,28.472,6.3984
3595.0,3.5826,45.1582,0.9277,92.2792,28.3975,6.3848
3600.0,3.5964,44.9074,0.8984,91.0806,28.851,6.3848
3605.0,3.5882,44.5485,0.9082,90.5737,28.6442,6.3848
3610.0,3.5944,45.5943,0.918,93.5705,28.6543,6.3711
3615.0,3.5848,44.9136,0.918,92.7244,28.0618,6.3711
3620.0,3.6035,44.9278,0.918,92.1038,28.588,6.3574
3625.0,3.6014,44.7313,0.9277,94.3611,28.293,6.3438
3630.0,3.5971,44.785,0.9082,92.4386,28.4273,6.3574
3635.0,3.5995,44.773,0.9375,93.0945,28.7789,6.3711
3640.0,3.5756,44.851,0.8984,90.5895,28.4254,6.3984
3645.0,3.5674,44.0767,0.918,90.8145,28.2369,6.4121
3650.0,3.5427,44.6483,0.8984,88.7962,28.1952,6.4531
3655.0,3.564,44.1696,0.918,90.7011,28.8464,6.4395
3660.0,3.5485,44.6866,0.9082,90.3834,28.7641,6.4668
3665.0,3.5419,44.0401,0.8984,89.4932,28.2886,6.4531
3670.0,3.5505,44.2766,0.9082,89.5673,28.3739,6.4531
3675.0,3.5431,43.5999,0.8887,90.2236,28.3279,6.4531
3680.0,3.5517,43.9475,0.9082,91.5068,28.8033,6.4668
3685.0,3.5657,44.1172,0.918,91.8687,28.4399,6.4258
3690.0,3.5657,44.2564,0.8984,91.1301,28.541,6.4258
3695.0,3.5524,44.0937,0.918,91.0993,28.4778,6.4531
3700.0,3.5642,44.5772,0.8984,90.7553,28.4874,6.4258
3705.0,3.5707,44.1234,0.9277,91.5676,28.5124,6.4121
3710.0,3.577,44.3993,0.918,93.0547,28.3123,6.3984
3715.0,3.5616,44.3803,0.918,91.9715,28.1941,6.4121
3720.0,3.5573,44.0331,0.9375,91.7806,27.9505,6.4121
3725.0,3.5601,44.4347,0.9082,90.0842,27.914,6.4121
3730.0,3.5755,44.9035,0.918,90.9207,28.3906,6.3984
3735.0,3.5577,44.2503,0.8984,92.0671,28.3135,6.4258
3740.0,3.5443,44.012,0.8691,88.5488,28.2086,6.4531
3745.0,3.5443,43.9025,0.8984,90.2081,28.1277,6.4531
3750.0,3.5508,43.3153,0.8984,88.6105,28.179,6.4395
3755.0,3.5334,43.8981,0.8691,88.6109,27.6396,6.4395
3760.0,3.5746,44.4521,0.9277,92.307,28.6981,6.4121
3765.0,3.5594,44.2292,0.918,90.6612,28.3691,6.4258
3770.0,3.5613,44.464,0.8984,90.3236,28.2331,6.4258
3775.0,3.5571,44.2155,0.8691,91.0179,28.1743,6.4258
3780.0,3.5483,44.7128,0.8984,90.2304,28.2425,6.4395
3785.0,3.5416,43.6391,0.8789,88.4428,28.1348,6.4531
3790.0,3.5398,44.0888,0.918,90.7158,28.065,6.4531
3795.0,3.5493,44.1477,0.9082,90.8196,28.149,6.4395
3800.0,3.5443,44.1664,0.918,89.818,27.9212,6.4395
3805.0,3.5451,44.0785,0.8984,89.8481,28.2898,6.4531
3810.0,3.5525,43.9033,0.8887,89.909,28.4769,6.4531
3815.0,3.5396,43.4478,0.8984,90.4387,27.974,6.4531
3820.0,3.5384,43.9658,0.8984,89.2289,28.126,6.4531
3825.0,3.5262,43.9894,0.8887,87.769,27.6277,6.4531
3830.0,3.5279,43.8342,0.8789,88.3287,27.9586,6.4668
3835.0,3.5271,44.0413,0.8691,87.9495,27.7919,6.4668
3840.0,3.5397,44.1686,0.8984,89.365,27.8832,6.4531
3845.0,3.5325,43.2112,0.9082,89.3185,28.4016,6.4805
3850.0,3.5183,43.8759,0.8789,87.7554,27.7474,6.4805
3855.0,3.5364,43.3802,0.8789,89.1081,27.9702,6.4531
3860.0,3.5577,44.2713,0.8984,90.694,28.3416,6.4395
3865.0,3.5419,44.2634,0.8984,88.5908,28.0064,6.4531
3870.0,3.5561,44.4093,0.9082,90.6396,27.9437,6.4121
3875.0,3.5633,44.6334,0.9082,91.0315,28.215,6.4121
3880.0,3.5493,44.6379,0.8887,90.046,27.6749,6.4121
3885.0,3.551,44.0714,0.8887,89.4944,28.2599,6.4395
3890.0,3.5573,44.0829,0.8984,89.8363,28.2854,6.4258
3895.0,3.5499,44.2379,0.9082,89.9218,27.9238,6.4258
3900.0,3.547,44.0745,0.918,90.6865,27.9562,6.4395
3905.0,3.5559,43.9694,0.8984,91.7139,28.1247,6.4258
3910.0,3.5565,44.5291,0.918,91.3212,28.3527,6.4395
3915.0,3.5451,44.1576,0.8887,89.3563,27.4552,6.4121
3920.0,3.5573,43.625,0.9082,89.3782,27.7618,6.4121
3925.0,3.5539,44.191,0.8887,89.5126,28.0655,6.4258
3930.0,3.5395,44.3216,0.9082,88.817,27.4315,6.4258
3935.0,3.5504,43.7896,0.9082,89.7023,27.8616,6.4258
3940.0,3.5271,44.087,0.8887,88.7832,27.5975,6.4531
3945.0,3.5355,43.6814,0.9082,90.0907,28.0373,6.4668
3950.0,3.5491,44.6118,0.8984,89.2871,28.0643,6.4395
3955.0,3.527,43.9784,0.8984,88.3393,27.704,6.4668
3960.0,3.5328,43.7315,0.9082,90.2816,28.0632,6.4668
3965.0,3.511,43.3442,0.8887,87.0339,27.4583,6.4805
3970.0,3.5199,43.8293,0.8887,87.2625,27.4121,6.4668
3975.0,3.5175,43.5321,0.8887,87.6972,27.6338,6.4805
3980.0,3.513,43.6432,0.8887,88.1711,27.5693,6.4805
3985.0,3.5148,43.643,0.8984,88.8315,27.8289,6.4941
3990.0,3.5075,43.412,0.8984,86.6801,27.8693,6.5078
3995.0,3.5089,43.6613,0.8984,88.1291,28.0424,6.5078
4000.0,3.4879,42.5775,0.8789,87.2917,27.7743,6.5352
4005.0,3.4815,43.3022,0.8594,85.353,27.5151,6.5352
4010.0,3.49,43.3829,0.8594,84.2081,27.8841,6.5352
4015.0,3.4934,43.2091,0.8887,86.0693,27.8393,6.5215
4020.0,3.5045,43.3819,0.8691,87.1787,27.4627,6.4941
4025.0,3.5022,43.4987,0.8691,87.3584,27.5248,6.4941
4030.0,3.5025,43.4066,0.8887,88.0971,27.8171,6.5078
4035.0,3.4846,43.1754,0.8594,86.2374,27.7313,6.5352
4040.0,3.4827,43.2246,0.8984,87.562,28.0763,6.5488
4045.0,3.4694,42.6636,0.8789,85.1191,27.7723,6.5625
4050.0,3.4542,42.9167,0.8594,84.5766,27.3052,6.5625
4055.0,3.452,41.9619,0.8594,83.1821,27.8365,6.5898
4060.0,3.4497,42.822,0.8691,83.5154,27.6334,6.5898
4065.0,3.4469,42.939,0.8691,83.6646,27.7429,6.6035
4070.0,3.4452,42.9274,0.8594,83.3974,28.1656,6.6172
4075.0,3.4371,42.029,0.8496,82.7543,27.5886,6.6035
4080.0,3.444,41.9933,0.8789,84.732,27.7078,6.6035
4085.0,3.4422,41.7764,0.8496,83.0583,27.5641,6.6035
4090.0,3.4392,42.2469,0.8594,84.3428,27.849,6.6172
4095.0,3.4464,41.7666,0.8789,83.7201,27.9296,6.6035
4100.0,3.4307,42.3848,0.8594,83.6227,27.6593,6.6172
4105.0,3.4347,41.8705,0.8691,83.7061,27.7284,6.6172
4110.0,3.4466,42.1259,0.8594,83.9267,27.6901,6.6035
4115.0,3.4432,42.5189,0.8496,83.3756,27.5955,6.6035
4120.0,3.4326,41.3998,0.8496,83.6627,28.0941,6.6309
4125.0,3.4155,41.6418,0.8398,81.7839,27.5747,6.6445
4130.0,3.4068,41.6977,0.8398,81.6808,27.5896,6.6582
4135.0,3.4013,41.7386,0.8398,82.0766,27.6062,6.6582
4140.0,3.4043,41.3689,0.8496,81.2708,27.9488,6.6719
4145.0,3.4036,41.6361,0.8301,80.8618,27.6899,6.6582
4150.0,3.3942,41.5014,0.8496,81.3096,27.3652,6.6719
4155.0,3.387,41.7225,0.8398,81.2644,27.483,6.6855
4160.0,3.3801,40.9489,0.8496,80.8521,27.8443,6.6992
4165.0,3.3747,41.1668,0.8594,80.66,27.7847,6.7129
4170.0,3.3905,41.2368,0.8496,81.4776,27.8453,6.6855
4175.0,3.3665,40.8548,0.8105,79.4246,27.8484,6.7266
4180.0,3.37,40.9124,0.8496,81.4737,27.842,6.7129
4185.0,3.3621,41.2934,0.8301,78.8977,27.3888,6.7129
4190.0,3.3641,41.0267,0.8301,79.5304,27.7874,6.7266
4195.0,3.3714,40.5426,0.8398,79.1008,27.5699,6.7129
4200.0,3.3694,41.865,0.8301,80.7054,27.5146,6.7129
4205.0,3.3589,41.0428,0.8301,79.5269,27.8656,6.7402
4210.0,3.3295,40.5566,0.8301,79.1873,27.5349,6.7676
4215.0,3.322,40.3092,0.8301,78.0923,27.3313,6.7676
4220.0,3.3264,40.5301,0.8398,77.3938,27.7235,6.7812
4225.0,3.308,39.7891,0.8203,77.3503,27.928,6.8086
4230.0,3.3132,40.3397,0.8105,76.969,28.0712,6.8086
4235.0,3.3036,39.5472,0.791,76.3369,27.7517,6.8086
4240.0,3.2856,39.5705,0.8105,75.472,27.5095,6.8223
4245.0,3.262,39.0606,0.8105,74.0822,27.3936,6.8496
4250.0,3.2581,38.5255,0.8105,73.7214,27.7149,6.8633
4255.0,3.2505,38.8214,0.791,73.8621,27.6794,6.877
4260.0,3.2717,39.24,0.8105,75.0572,27.5947,6.8496
4265.0,3.2514,39.0607,0.8203,73.7984,27.4921,6.8633
4270.0,3.2502,38.4437,0.7812,72.652,27.6499,6.877
4275.0,3.2389,38.62,0.791,72.2579,27.9465,6.8906
4280.0,3.257,39.0428,0.8203,74.7925,27.6804,6.8633
4285.0,3.2342,38.9387,0.8105,73.9706,27.4194,6.8906
4290.0,3.2427,38.451,0.791,73.935,27.8522,6.8906
4295.0,3.2458,39.116,0.8008,73.1264,28.0243,6.8906
4300.0,3.2444,38.5352,0.8008,72.8229,28.1157,6.8906
4305.0,3.2354,38.3696,0.7812,71.3191,27.4902,6.8906
4310.0,3.2319,38.638,0.8008,72.4217,27.5602,6.8906
4315.0,3.2455,38.7277,0.7715,72.4477,28.2505,6.8906
4320.0,3.2443,38.8101,0.8008,73.0798,27.2757,6.877
4325.0,3.2537,38.5269,0.8008,73.627,27.9073,6.877
4330.0,3.2579,38.5988,0.8008,73.2102,27.3135,6.8496
4335.0,3.2766,39.5966,0.8105,74.2903,27.9267,6.8496
4340.0,3.2693,38.8345,0.8008,74.3055,27.7577,6.8496
4345.0,3.2538,38.7194,0.8008,73.1724,27.1896,6.8496
4350.0,3.2708,39.1914,0.8008,74.3318,27.8263,6.8496
4355.0,3.2641,38.9182,0.7812,73.3511,27.8798,6.8633
4360.0,3.2492,38.6366,0.7812,73.0357,27.5958,6.877
4365.0,3.2516,38.6168,0.8105,74.5063,27.6389,6.877
4370.0,3.2206,38.1828,0.8008,72.4684,27.5912,6.9043
4375.0,3.2184,38.4314,0.8008,71.6528,27.5708,6.9043
4380.0,3.1792,37.14,0.7715,68.7476,27.5885,6.959
4385.0,3.1615,37.0468,0.752,67.5125,27.6549,6.9863
4390.0,3.1559,37.1751,0.752,69.085,27.4981,6.9863
4395.0,3.1876,37.736,0.7812,70.2586,27.4127,6.9453
4400.0,3.1975,38.2036,0.791,69.9935,27.7559,6.9453
4405.0,3.1896,37.7269,0.8008,71.4172,27.7256,6.9453
4410.0,3.1958,38.1786,0.791,70.4372,27.6423,6.9453
4415.0,3.2032,38.3082,0.8008,71.3765,28.0319,6.9453
4420.0,3.2218,38.077,0.791,72.0879,28.1601,6.918
4425.0,3.211,37.987,0.791,71.5484,27.6766,6.918
4430.0,3.2105,37.5877,0.7715,70.6195,27.8607,6.9316
4435.0,3.2022,37.8866,0.7812,71.277,27.7349,6.9316
4440.0,3.2393,38.4822,0.8008,71.8989,28.1074,6.9043
4445.0,3.2352,38.6749,0.791,71.8306,28.0025,6.9043
4450.0,3.238,38.3708,0.791,71.1668,27.6358,6.8906
4455.0,3.2219,38.5168,0.791,72.0407,27.5766,6.9043
4460.0,3.2274,38.2412,0.8008,71.2901,28.0144,6.918
4465.0,3.2374,39.0806,0.791,72.5639,28.15,6.9043
4470.0,3.2294,38.4212,0.791,71.9002,27.9656,6.9043
4475.0,3.2256,38.4661,0.8008,71.707,27.8675,6.9043
4480.0,3.224,38.2988,0.7812,72.5006,27.8627,6.918
4485.0,3.2259,38.8125,0.7812,70.364,27.8032,6.9043
4490.0,3.2176,38.5988,0.791,72.2902,28.0713,6.9316
4495.0,3.2085,38.9005,0.791,72.0491,28.1045,6.9316
4500.0,3.1995,37.74,0.7812,69.707,28.139,6.9453
4505.0,3.2005,37.7802,0.7812,70.0548,28.0276,6.9453
4510.0,3.198,37.5079,0.7715,71.305,27.6386,6.9453
4515.0,3.2228,38.438,0.7715,71.6908,27.6291,6.9043
4520.0,3.2247,38.1985,0.7812,73.3446,27.7922,6.9043
4525.0,3.1874,37.6721,0.791,70.0764,27.6783,6.9453
4530.0,3.1838,37.5971,0.752,68.7069,27.8841,6.959
4535.0,3.1763,37.7286,0.7715,69.82,27.4949,6.959
4540.0,3.2024,38.0495,0.791,71.1523,27.8083,6.9453
4545.0,3.2015,38.1887,0.7617,71.002,28.3047,6.9453
4550.0,3.1819,37.2837,0.791,71.014,27.539,6.959
4555.0,3.1909,37.2268,0.7812,69.7104,27.6103,6.9453
4560.0,3.2138,38.3355,0.7715,70.6392,27.9611,6.9316
4565.0,3.1991,37.8441,0.7715,70.5856,28.0009,6.9453
4570.0,3.1946,37.9439,0.8105,71.2885,27.8936,6.9453
4575.0,3.197,37.0981,0.791,69.8772,27.8422,6.9453
4580.0,3.2045,37.5526,0.7812,71.034,28.253,6.9453
4585.0,3.2289,38.3051,0.7812,71.092,27.8882,6.9043
4590.0,3.2213,38.8779,0.7812,73.2034,27.7461,6.918
4595.0,3.2061,37.7997,0.7812,70.7389,27.669,6.9316
4600.0,3.2152,38.609,0.7715,71.0666,27.5325,6.918
4605.0,3.2455,38.9071,0.8105,73.4713,28.142,6.8906
4610.0,3.2451,38.4809,0.8203,73.9431,28.2483,6.8906
4615.0,3.2328,38.8389,0.791,71.7601,27.9863,6.9043
4620.0,3.2161,37.9475,0.7715,69.9563,27.6095,6.918
4625.0,3.2336,38.6266,0.791,72.7062,27.7709,6.9043
4630.0,3.238,38.7289,0.7812,72.7241,27.8546,6.8906
4635.0,3.2604,38.7145,0.791,74.1996,28.1484,6.877
4640.0,3.2397,38.7676,0.791,73.4547,28.0196,6.8906
4645.0,3.2356,38.605,0.791,73.1417,27.9484,6.9043
4650.0,3.2342,38.3748,0.791,72.5768,27.9897,6.9043
4655.0,3.2484,38.9436,0.8008,72.8592,28.2855,6.8906
4660.0,3.2294,38.3286,0.8008,72.9506,27.8863,6.9043
4665.0,3.2261,38.439,0.791,73.2647,27.8962,6.9043
4670.0,3.2102,38.5814,0.7715,70.8112,28.2209,6.9316
4675.0,3.2164,38.7686,0.791,71.3153,27.889,6.918
4680.0,3.2209,37.5961,0.7812,72.0747,27.7265,6.918
4685.0,3.1917,37.6897,0.791,71.3851,27.8393,6.9453
4690.0,3.2078,38.2878,0.791,70.7354,28.1429,6.9453
4695.0,3.2069,38.4559,0.7812,71.4294,27.8047,6.9316
4700.0,3.239,38.7317,0.7812,71.6071,28.0963,6.9043
4705.0,3.2244,38.3887,0.8105,71.8753,27.6168,6.9043
4710.0,3.2301,38.8959,0.8008,73.3375,28.5672,6.918
4715.0,3.2338,38.5928,0.7812,72.4267,28.1592,6.9043
4720.0,3.2186,37.7949,0.791,72.4819,27.984,6.918
4725.0,3.2147,37.91,0.7812,71.0846,28.1994,6.9316
4730.0,3.1892,38.2278,0.7617,70.8599,27.9268,6.959
4735.0,3.2043,38.0405,0.7715,70.8606,28.2491,6.9453
4740.0,3.2084,37.7858,0.7715,70.1288,27.9699,6.9316
4745.0,3.1992,38.0607,0.7812,71.6675,27.9705,6.9453
4750.0,3.1758,37.6562,0.7715,69.7685,27.8754,6.9727
4755.0,3.2029,37.86,0.7715,71.6084,28.3246,6.9453
4760.0,3.2027,38.1233,0.7812,70.5672,28.0374,6.9453
4765.0,3.1941,37.1421,0.7812,70.2958,28.135,6.959
4770.0,3.1984,38.216,0.7812,71.5763,28.5068,6.959
4775.0,3.2028,37.7158,0.7812,73.0295,28.1988,6.9453
4780.0,3.2138,38.7562,0.791,71.7348,28.3436,6.9453
4785.0,3.2116,38.3572,0.8105,70.4928,28.2555,6.9453
4790.0,3.2269,37.909,0.7812,72.6663,28.5092,6.9316
4795.0,3.2152,37.9911,0.7715,71.4201,28.3695,6.9316
4800.0,3.2108,37.4057,0.7715,71.4486,28.1247,6.9316
4805.0,3.2093,38.1932,0.8008,72.1231,28.1515,6.9453
4810.0,3.2235,38.328,0.791,72.4438,28.1513,6.918
4815.0,3.2363,38.4341,0.791,73.5065,28.0222,6.9043
4820.0,3.2579,38.7728,0.8008,74.79,28.217,6.877
4825.0,3.2661,39.3708,0.8203,73.9763,28.3959,6.877
4830.0,3.2587,38.7853,0.7812,72.8607,28.2808,6.877
4835.0,3.2219,38.1626,0.7812,73.3683,27.8727,6.918
4840.0,3.2347,38.6339,0.7715,72.1468,27.9471,6.9043
4845.0,3.2479,39.2881,0.8008,74.5009,28.6332,6.9043
4850.0,3.2124,38.1203,0.791,71.1691,28.018,6.9316
4855.0,3.2214,38.3441,0.791,72.5717,28.5685,6.9316
4860.0,3.2199,38.1273,0.8008,72.4044,28.5294,6.9316
4865.0,3.2171,38.4323,0.7715,71.2159,28.8679,6.9453
4870.0,3.2069,37.7459,0.8105,72.2452,28.6154,6.959
4875.0,3.193,37.6011,0.791,70.7429,28.5706,6.9727
4880.0,3.1678,37.1306,0.7812,69.5226,28.2853,6.9863
4885.0,3.153,37.3631,0.752,67.6455,28.5266,7.0137
4890.0,3.1411,37.5137,0.7715,68.5016,28.6988,7.0273
4895.0,3.1508,37.1289,0.7812,68.5057,28.5726,7.0137
4900.0,3.1527,37.0106,0.7715,68.9068,28.3414,7.0
4905.0,3.1556,36.7953,0.7812,69.0248,28.3533,7.0
4910.0,3.1572,36.6676,0.7715,69.4367,28.9418,7.0137
4915.0,3.1654,37.3675,0.7617,67.2835,28.8639,7.0
4920.0,3.1594,37.5105,0.7812,68.6723,28.5144,7.0
4925.0,3.1653,36.8759,0.7715,69.8016,28.637,7.0
4930.0,3.142,36.7168,0.7812,69.8349,28.615,7.0137
4935.0,3.14,37.2493,0.7422,67.1492,28.4607,7.0137
4940.0,3.15,37.3754,0.7715,68.6808,28.6684,7.0137
4945.0,3.1533,37.024,0.7812,67.4977,28.9532,7.0137
4950.0,3.1616,37.5148,0.7812,69.3396,28.551,6.9863
4955.0,3.1585,36.7884,0.7812,69.6906,28.7668,7.0
4960.0,3.1654,37.21,0.7715,68.3557,28.9061,7.0
4965.0,3.1417,37.4642,0.7617,69.559,28.3931,7.0137
4970.0,3.1656,37.3489,0.7617,68.3488,28.9567,7.0
4975.0,3.1813,37.7544,0.7715,69.7675,28.6076,6.9727
4980.0,3.1967,38.0783,0.7715,69.5488,28.3689,6.959
4985.0,3.2198,37.8973,0.791,71.8254,28.9798,6.9453
4990.0,3.2453,38.7056,0.8008,73.4395,29.1049,6.918
4995.0,3.2405,39.01,0.8105,73.6935,28.5078,6.9043
5000.0,3.2273,38.4146,0.791,72.0919,28.9342,6.9316
5005.0,3.2044,37.6513,0.7812,71.9497,28.3092,6.9453
5010.0,3.224,38.6255,0.791,71.3214,28.4991,6.9316
5015.0,3.2322,38.5803,0.7812,72.8604,29.1542,6.9316
5020.0,3.2254,38.648,0.791,72.506,28.6535,6.9316
5025.0,3.2102,37.9066,0.8008,72.7559,28.944,6.959
5030.0,3.2136,38.1915,0.7812,71.592,28.8253,6.9453
5035.0,3.2178,38.487,0.791,70.2597,28.492,6.9316
5040.0,3.2142,38.3809,0.791,73.0592,28.8599,6.9453
5045.0,3.2185,38.0028,0.7812,71.9785,28.6796,6.9453
5050.0,3.2055,38.0436,0.7715,69.3767,28.4375,6.9453
5055.0,3.2154,37.6848,0.791,72.6534,28.4472,6.9453
5060.0,3.2463,39.1099,0.7812,73.7497,29.1468,6.918
5065.0,3.2336,38.5323,0.7715,72.3467,28.7478,6.9316
5070.0,3.224,38.4861,0.791,71.5877,28.9827,6.9453
5075.0,3.2251,38.148,0.8105,72.9746,29.2824,6.9453
5080.0,3.1926,37.2788,0.791,70.402,29.0526,6.9863
5085.0,3.1825,37.6752,0.791,72.0299,28.7618,6.9863
5090.0,3.1918,37.522,0.7812,70.1504,28.765,6.9727
5095.0,3.1838,37.7975,0.7715,70.5112,28.6925,6.9863
5100.0,3.188,37.5229,0.7715,69.2463,28.6706,6.9727
5105.0,3.2075,38.2591,0.7715,70.5901,28.8955,6.959
5110.0,3.2163,38.1012,0.791,71.9901,28.8259,6.9453
5115.0,3.2519,38.7717,0.791,74.0168,29.0034,6.9043
5120.0,3.2253,38.099,0.791,72.739,28.7349,6.9316
5125.0,3.2412,38.6029,0.8105,73.7821,29.0589,6.918
5130.0,3.2457,37.7835,0.791,73.0952,28.6676,6.9043
5135.0,3.2527,38.5917,0.8008,74.1093,28.9405,6.9043
5140.0,3.2465,39.7169,0.791,72.3469,28.7403,6.9043
5145.0,3.2747,39.1718,0.8105,74.9013,29.236,6.8906
5150.0,3.2542,38.8872,0.7812,73.1213,29.0339,6.9043
5155.0,3.2623,39.0751,0.8008,74.207,29.4267,6.9043
5160.0,3.2617,38.7551,0.8203,76.676,29.5449,6.918
5165.0,3.2343,38.017,0.8105,74.0524,28.5986,6.918
5170.0,3.2526,39.1584,0.8008,73.8356,29.3838,6.918
5175.0,3.2383,38.9156,0.8008,72.875,28.6429,6.918
5180.0,3.2736,38.8455,0.8008,74.8161,29.319,6.8906
5185.0,3.2883,39.6765,0.8203,76.347,29.2916,6.877
5190.0,3.2975,39.8473,0.8203,77.4712,29.2218,6.8633
5195.0,3.2929,39.146,0.8008,76.1716,28.9393,6.8633
5200.0,3.3124,40.4043,0.8203,76.1247,29.4152,6.8496
5205.0,3.314,39.6063,0.8301,77.337,29.1864,6.8359
5210.0,3.2934,39.3861,0.8203,76.9664,29.0372,6.8633
5215.0,3.2881,39.718,0.8008,75.2779,28.7124,6.8633
5220.0,3.334,40.0331,0.8398,78.0039,29.2824,6.8223
5225.0,3.3612,40.1641,0.8496,80.5291,29.4959,6.7812
5230.0,3.375,40.8469,0.8398,80.0453,29.3701,6.7676
5235.0,3.358,40.5778,0.8496,80.6237,29.5899,6.7949
5240.0,3.3686,41.5367,0.8398,81.0633,29.6867,6.7812
5245.0,3.3238,40.1093,0.8301,78.246,28.937,6.8223
5250.0,3.3446,40.4,0.8203,78.5816,29.1379,6.7949
5255.0,3.3718,41.3324,0.8301,79.0942,29.4699,6.7676
5260.0,3.3569,40.7914,0.8301,80.7171,29.0408,6.7812
5265.0,3.36,40.7831,0.8398,80.0909,29.0044,6.7676
5270.0,3.4072,41.5689,0.8398,82.1251,29.6113,6.7266
5275.0,3.428,41.9316,0.8594,84.0074,29.2974,6.6855
5280.0,3.4395,42.2599,0.8789,84.1445,29.2251,6.6719
5285.0,3.44,42.2675,0.8594,82.8045,29.4413,6.6719
5290.0,3.4239,41.5904,0.8691,82.7087,29.0601,6.6855
5295.0,3.4339,42.3516,0.8594,83.0135,29.4799,6.6855
5300.0,3.4416,42.27,0.8398,82.7901,29.4272,6.6719
5305.0,3.4563,42.3502,0.8691,84.7667,29.2829,6.6445
5310.0,3.4736,43.6112,0.8691,87.3494,29.5186,6.6309
5315.0,3.4631,42.731,0.8691,84.4863,29.3421,6.6309
5320.0,3.4736,43.2055,0.8691,85.5687,29.1262,6.6172
5325.0,3.4877,43.0534,0.8887,87.1137,29.2317,6.5898
5330.0,3.503,42.7019,0.8691,87.2475,29.6389,6.5762
5335.0,3.504,43.7408,0.8984,86.6313,29.4998,6.5762
5340.0,3.486,42.8496,0.8789,85.5108,28.9473,6.5898
5345.0,3.5114,43.5406,0.8789,87.145,29.6763,6.5762
5350.0,3.5052,43.6328,0.8887,87.4061,29.7087,6.5762
5355.0,3.5055,43.3647,0.8984,87.5094,29.5387,6.5762
5360.0,3.4859,43.3355,0.8691,86.1727,29.0665,6.5898
5365.0,3.5091,43.3301,0.8789,87.5087,29.5068,6.5625
5370.0,3.5158,42.7791,0.8984,88.936,29.6403,6.5625
5375.0,3.5262,43.9514,0.8887,88.4617,29.922,6.5488
5380.0,3.5125,43.8034,0.8594,87.352,29.5679,6.5625
5385.0,3.5098,43.3425,0.8887,87.8376,29.7115,6.5762
5390.0,3.5137,42.8206,0.8789,87.0962,29.3914,6.5488
5395.0,3.5122,43.1689,0.8887,87.283,29.6542,6.5625
5400.0,3.5148,43.3014,0.8789,86.4478,29.7811,6.5625
5405.0,3.5225,43.5219,0.8984,88.9933,29.6421,6.5488
5410.0,3.5203,43.4871,0.8789,88.2504,29.6223,6.5488
5415.0,3.5205,43.1989,0.8984,89.1809,29.2169,6.5352
5420.0,3.5254,43.853,0.8887,88.1566,29.425,6.5352
5425.0,3.548,43.6929,0.8984,90.0103,29.4748,6.4941
5430.0,3.5586,44.3612,0.9082,91.2104,29.4287,6.4805
5435.0,3.5716,44.1747,0.8984,91.1341,29.7124,6.4668
5440.0,3.577,44.5179,0.9277,92.518,30.0038,6.4668
5445.0,3.5702,44.6524,0.8887,89.9189,29.7363,6.4668
5450.0,3.5628,44.1258,0.918,92.0592,29.0412,6.4531
5455.0,3.5651,44.3168,0.9082,90.3026,29.5486,6.4668
5460.0,3.5543,44.2606,0.9082,90.3036,29.0642,6.4668
5465.0,3.5677,44.1464,0.8887,89.7308,29.9996,6.4805
5470.0,3.555,44.0249,0.8887,89.9147,30.0408,6.5078
5475.0,3.5527,43.9719,0.9082,91.2166,29.5134,6.4941
5480.0,3.5532,44.517,0.8984,90.9054,29.4695,6.4941
5485.0,3.5678,44.1923,0.918,89.7286,29.9986,6.4805
5490.0,3.5588,43.9,0.8984,90.3345,29.8417,6.4941
5495.0,3.5684,44.3647,0.9082,90.6986,30.2279,6.4941
5500.0,3.5611,44.3141,0.9277,91.2381,29.5414,6.4805
5505.0,3.5723,44.6739,0.918,91.6929,29.5208,6.4531
5510.0,3.5566,44.221,0.8887,90.2034,29.4159,6.4805
5515.0,3.5759,44.7101,0.918,90.8162,29.8645,6.4668
5520.0,3.5657,44.1992,0.9082,91.2181,29.7953,6.4805
5525.0,3.5506,43.9952,0.8789,90.1719,29.565,6.4941
5530.0,3.5416,43.418,0.8984,89.5731,29.3603,6.5078
5535.0,3.5543,44.4133,0.918,90.6199,29.7234,6.4941
5540.0,3.5688,44.6515,0.9082,91.1092,29.8703,6.4805
5545.0,3.553,44.4906,0.9082,90.9457,29.5138,6.4941
5550.0,3.5682,44.7418,0.918,90.8368,30.0293,6.4805
5555.0,3.5793,44.8968,0.9277,92.2338,30.3584,6.4805
5560.0,3.5908,45.2427,0.918,91.2376,30.1428,6.4531
5565.0,3.5778,44.453,0.918,92.1259,29.7396,6.4531
5570.0,3.5795,44.5428,0.9082,90.9826,30.0986,6.4668
5575.0,3.5546,43.7637,0.9082,90.9757,29.7391,6.4941
5580.0,3.5611,44.7724,0.918,91.4189,29.7197,6.4805
5585.0,3.5655,44.7532,0.918,90.0542,30.0634,6.4941
5590.0,3.5619,44.0443,0.9082,91.0366,29.6384,6.4805
5595.0,3.5719,44.5022,0.918,91.4581,29.3182,6.4531
5600.0,3.5732,44.6247,0.8984,90.2943,29.6141,6.4531
5605.0,3.5773,44.5425,0.918,90.7065,29.7837,6.4531
5610.0,3.5756,44.9067,0.9082,91.3647,29.85,6.4668
5615.0,3.5879,45.0958,0.9375,91.9295,29.964,6.4395
5620.0,3.5892,44.6558,0.918,91.6086,30.2135,6.4531
5625.0,3.5769,45.1418,0.8984,91.0406,29.9688,6.4668
5630.0,3.5784,44.523,0.9277,90.6422,29.9105,6.4668
5635.0,3.5819,44.7109,0.918,92.7978,30.0606,6.4531
5640.0,3.6039,44.9873,0.9277,93.5469,30.2561,6.4258
5645.0,3.5972,44.9976,0.9082,91.8836,29.7517,6.4121
5650.0,3.5996,45.0398,0.918,93.2699,30.0546,6.4258
5655.0,3.5902,45.5882,0.9082,92.5419,29.7223,6.4258
5660.0,3.5888,44.7457,0.9277,92.9687,29.2647,6.4121
5665.0,3.5936,45.0138,0.918,92.2199,29.7094,6.4258
5670.0,3.5966,45.3218,0.9082,92.5232,29.9472,6.4258
5675.0,3.6049,45.098,0.918,93.4751,30.2852,6.4258
5680.0,3.6034,45.3881,0.9082,91.5891,29.7569,6.3984
5685.0,3.613,45.3518,0.918,93.4515,29.8855,6.3848
5690.0,3.6126,44.9911,0.918,93.9007,29.7896,6.3848
5695.0,3.6198,45.1546,0.957,94.4401,30.0035,6.3848
5700.0,3.6001,45.1181,0.9277,93.6167,29.757,6.4121
5705.0,3.5837,44.4968,0.9277,92.519,29.9964,6.4531
5710.0,3.596,44.9202,0.918,93.5764,30.2681,6.4395
5715.0,3.5825,44.2848,0.9082,91.5418,29.6817,6.4395
5720.0,3.5907,44.8332,0.918,91.629,30.4193,6.4531
5725.0,3.5896,44.9018,0.8984,91.4132,29.9532,6.4395
5730.0,3.5915,44.8445,0.918,92.1072,30.3443,6.4531
5735.0,3.5887,44.5013,0.8984,93.1231,29.6821,6.4258
5740.0,3.5981,45.5684,0.9277,93.023,30.138,6.4258
5745.0,3.6009,44.908,0.9375,92.9758,30.4024,6.4395
5750.0,3.5712,44.775,0.918,90.9909,29.7713,6.4668
5755.0,3.5733,44.4585,0.8984,90.3676,29.4105,6.4531
5760.0,3.5775,44.4805,0.9277,92.2485,30.0032,6.4668
5765.0,3.5788,44.5748,0.918,91.5572,29.9265,6.4668
5770.0,3.5782,44.7738,0.8984,91.6272,29.9859,6.4668
5775.0,3.5676,44.5895,0.8984,90.7524,29.8286,6.4805
5780.0,3.5876,45.1861,0.9277,92.9149,30.1713,6.4531
5785.0,3.5897,44.4296,0.918,92.1247,30.2635,6.4531
5790.0,3.5856,44.4327,0.9375,92.4232,29.9806,6.4531
5795.0,3.5914,44.9682,0.9277,93.1247,29.8214,6.4258
5800.0,3.6032,44.8108,0.918,92.609,30.0482,6.4121
5805.0,3.5955,45.6665,0.8887,92.3873,29.9048,6.4258
5810.0,3.5952,44.8835,0.9277,95.1829,30.0924,6.4395
5815.0,3.6094,45.3276,0.9277,93.5144,30.2935,6.4121
5820.0,3.6091,45.7519,0.9277,93.3292,30.3974,6.4258
5825.0,3.6179,44.3286,0.9277,94.4096,30.5464,6.4121
5830.0,3.6003,44.9536,0.9082,92.5002,30.0539,6.4258
5835.0,3.5998,45.3299,0.918,93.3973,30.2835,6.4395
5840.0,3.5903,44.7914,0.9277,92.2988,30.0188,6.4395
5845.0,3.5784,44.237,0.918,91.8955,30.0984,6.4668
5850.0,3.5809,44.2535,0.8887,91.4897,29.9601,6.4531
5855.0,3.5687,44.0053,0.9082,91.4265,29.8466,6.4805
5860.0,3.5644,44.6663,0.9082,90.9506,29.8786,6.4805
5865.0,3.5628,44.6893,0.918,91.4058,29.8184,6.4805
5870.0,3.5603,44.6178,0.918,90.2408,29.839,6.4941
5875.0,3.5407,44.4952,0.8984,89.4083,29.9466,6.5352
5880.0,3.563,44.521,0.8984,90.9096,30.1618,6.4941
5885.0,3.5658,44.7053,0.9082,91.3069,30.1959,6.4941
5890.0,3.564,43.9807,0.9082,90.8714,30.2506,6.4941
5895.0,3.5641,44.4738,0.8984,90.5083,30.255,6.4941
5900.0,3.5556,44.1106,0.9277,90.962,30.0404,6.5078
5905.0,3.5658,44.3999,0.9082,91.0956,30.4453,6.5078
5910.0,3.5738,44.5357,0.9082,91.7488,30.4474,6.4941
5915.0,3.5648,44.2015,0.9082,90.9841,30.1254,6.4941
5920.0,3.5619,44.1055,0.8984,91.1634,30.1599,6.4941
5925.0,3.5617,44.7738,0.9082,90.5233,30.3419,6.5078
5930.0,3.5659,44.2851,0.918,90.741,30.2092,6.4941
5935.0,3.56,44.0557,0.9082,90.3171,29.8065,6.4941
5940.0,3.5574,43.8681,0.8887,90.2981,29.9178,6.4941
5945.0,3.5733,44.7348,0.918,91.6161,30.1551,6.4805
5950.0,3.5693,44.7658,0.9082,91.5916,30.142,6.4805
5955.0,3.5775,45.0487,0.9082,91.8776,30.2046,6.4805
5960.0,3.5677,44.3666,0.9082,90.9342,29.6903,6.4668
5965.0,3.5865,44.652,0.9082,89.9957,30.4738,6.4668
5970.0,3.5658,44.4147,0.918,91.4505,29.9137,6.4805
5975.0,3.5709,44.7966,0.9082,91.4083,30.2405,6.4941
5980.0,3.5647,43.8438,0.9082,91.405,30.0776,6.4941
5985.0,3.5561,44.4949,0.9082,91.1697,29.6957,6.4941
5990.0,3.5728,44.929,0.8984,90.5505,30.6892,6.5078
5995.0,3.575,44.5712,0.918,92.0704,30.3962,6.4805
6000.0,3.5927,43.9782,0.8984,91.205,30.7468,6.4668
6005.0,3.5732,44.6461,0.8984,89.9402,29.988,6.4668
6010.0,3.5793,45.024,0.8984,91.1339,30.2281,6.4668
6015.0,3.5691,44.2277,0.9082,90.5373,29.7712,6.4668
6020.0,3.5899,45.0231,0.9082,92.1166,30.2962,6.4531
6025.0,3.6042,45.1659,0.918,92.9509,30.5217,6.4395
6030.0,3.5923,44.4702,0.9082,92.9285,30.1412,6.4395
6035.0,3.6037,45.5418,0.9277,92.0842,30.5398,6.4395
6040.0,3.6,44.8798,0.918,92.246,30.227,6.4258
6045.0,3.5883,44.6847,0.9277,92.6594,29.8437,6.4395
6050.0,3.6012,45.6742,0.9082,93.4605,30.1649,6.4258
6055.0,3.594,45.8653,0.9277,92.3701,30.015,6.4395
6060.0,3.5957,45.3032,0.8984,92.1899,30.3428,6.4395
6065.0,3.6021,45.4846,0.918,93.6156,30.1496,6.4258
6070.0,3.6194,45.2642,0.9277,94.4192,29.9775,6.3848
6075.0,3.6322,45.514,0.9375,95.3496,30.2115,6.3574
6080.0,3.6384,45.1701,0.9277,95.0326,30.4951,6.3574
6085.0,3.6078,45.2285,0.957,95.3163,29.6879,6.3848
6090.0,3.5959,44.9731,0.9277,93.713,29.9472,6.4258
6095.0,3.5997,44.6094,0.9082,92.9884,30.2149,6.4258
6100.0,3.5982,44.4512,0.918,92.2329,30.3086,6.4395
6105.0,3.605,45.0832,0.918,93.4045,29.8989,6.4121
6110.0,3.5981,45.2318,0.9277,92.7934,29.6278,6.4121
6115.0,3.6123,45.2149,0.9277,93.5108,30.1833,6.3984
6120.0,3.5928,45.3158,0.918,93.7544,29.6246,6.4258
6125.0,3.5969,44.6074,0.918,93.4374,30.421,6.4395
6130.0,3.6145,44.8373,0.9277,94.3951,30.4039,6.4121
6135.0,3.5946,44.8226,0.9277,92.7202,30.0352,6.4395
6140.0,3.5973,44.4509,0.9375,94.4735,30.0045,6.4258
6145.0,3.6009,44.9998,0.9375,93.2663,30.3306,6.4395
6150.0,3.5971,45.221,0.9277,93.35,30.1946,6.4395
6155.0,3.5707,44.5853,0.918,91.5241,30.021,6.4805
6160.0,3.5612,44.0291,0.9277,92.1063,30.402,6.5078
6165.0,3.5625,44.4143,0.918,90.7117,29.9696,6.4941
6170.0,3.5651,44.5015,0.9082,90.1993,30.1708,6.4941
6175.0,3.5502,44.2275,0.8887,90.6187,30.1219,6.5215
6180.0,3.5525,44.0783,0.8887,90.4485,30.3113,6.5215
6185.0,3.5433,44.2053,0.8789,88.7178,30.4498,6.5488
6190.0,3.5306,43.9567,0.8887,89.0003,30.3195,6.5625
6195.0,3.507,43.4794,0.8887,88.2977,29.6657,6.5762
6200.0,3.4919,42.5848,0.8887,86.6759,29.5024,6.5898
6205.0,3.5197,43.7471,0.8887,88.6286,30.1287,6.5762
6210.0,3.5187,43.5023,0.8594,87.4637,30.2185,6.5762
6215.0,3.5099,43.3544,0.8789,88.0935,30.1939,6.5898
6220.0,3.5042,43.603,0.8691,88.3945,29.8785,6.5898
6225.0,3.4888,42.8652,0.8887,87.9999,29.4605,6.6035
6230.0,3.5135,43.7804,0.8887,88.294,29.9381,6.5762
6235.0,3.492,43.114,0.8594,87.2206,30.0023,6.6172
6240.0,3.4903,43.7063,0.8789,86.4268,30.0255,6.6172
6245.0,3.4898,42.8227,0.8887,87.1151,29.9016,6.6172
6250.0,3.4988,43.1908,0.8789,86.7871,30.247,6.6172
6255.0,3.5065,43.3233,0.8789,88.3053,30.1042,6.5898
6260.0,3.4868,43.0388,0.8887,87.0917,29.863,6.6172
6265.0,3.5066,43.2421,0.8789,87.0047,30.165,6.5898
6270.0,3.4888,43.1165,0.8691,86.791,29.5711,6.6035
6275.0,3.4861,42.7284,0.8887,86.3809,29.9597,6.6172
6280.0,3.4882,42.8328,0.8691,86.2142,30.3636,6.6309
6285.0,3.498,43.4404,0.8789,88.2153,30.0266,6.6035
6290.0,3.4913,42.4368,0.8789,86.1382,29.843,6.6035
6295.0,3.4995,43.6376,0.8887,87.1343,30.184,6.6035
6300.0,3.494,43.3752,0.8594,84.9949,30.1077,6.6172
6305.0,3.4939,42.8012,0.8789,87.6043,30.4096,6.6309
6310.0,3.4848,43.1905,0.8789,84.7576,29.9976,6.6309
6315.0,3.4941,43.1454,0.8984,87.4533,29.9109,6.6035
6320.0,3.4889,43.1425,0.8887,86.2653,30.0359,6.6172
6325.0,3.4813,43.0191,0.8887,87.151,29.92,6.6309
6330.0,3.4672,42.9461,0.8887,86.4307,29.6869,6.6445
6335.0,3.464,42.3974,0.8789,86.5846,29.8763,6.6582
6340.0,3.463,43.0051,0.8789,85.4196,29.6589,6.6445
6345.0,3.4647,42.3877,0.8496,84.4867,30.0506,6.6582
6350.0,3.4695,42.6994,0.8789,85.5626,30.0415,6.6445
6355.0,3.4493,42.6498,0.8789,85.3086,29.8789,6.6719
6360.0,3.4518,42.2473,0.8594,84.1003,29.8092,6.6719
6365.0,3.4338,41.4715,0.8691,84.0566,29.9257,6.6992
6370.0,3.413,41.4065,0.8691,82.4126,29.8131,6.7266
6375.0,3.4324,42.0248,0.8496,83.1532,29.7476,6.6992
6380.0,3.4601,42.5374,0.8691,83.8998,30.2947,6.6719
6385.0,3.4608,42.3937,0.8789,85.5867,30.1979,6.6719
6390.0,3.4383,41.9974,0.8594,83.3282,30.0999,6.6992
6395.0,3.4168,41.9236,0.8594,83.8988,29.7007,6.7129
6400.0,3.4239,42.0174,0.8398,81.4259,30.1743,6.7266
6405.0,3.4092,41.2231,0.8594,82.1616,29.7338,6.7266
6410.0,3.3991,41.5398,0.8496,81.9052,30.071,6.7539
6415.0,3.3642,40.9313,0.8398,79.9842,29.4133,6.7812
6420.0,3.3481,40.5091,0.8105,78.7606,29.9705,6.8086
6425.0,3.3535,40.0943,0.8203,79.0716,29.888,6.8086
6430.0,3.3459,40.0157,0.8301,79.9864,29.7563,6.8086
6435.0,3.3372,40.6253,0.8398,78.5901,30.0424,6.8359
6440.0,3.3394,40.531,0.8301,77.3444,30.0884,6.8359
6445.0,3.309,40.4033,0.8398,76.6837,29.7552,6.8633
6450.0,3.2967,39.3227,0.8301,76.2553,29.8266,6.877
6455.0,3.2774,39.7457,0.8301,74.3629,29.815,6.9043
6460.0,3.2636,38.9514,0.8203,74.8032,29.7705,6.918
6465.0,3.2683,38.9558,0.8008,72.232,29.3917,6.9043
6470.0,3.2562,39.3362,0.7812,73.6471,29.3514,6.918
6475.0,3.2803,39.351,0.8203,75.483,30.1598,6.9043
6480.0,3.2675,39.1318,0.8008,74.091,29.875,6.918
6485.0,3.2593,38.994,0.791,74.0419,29.9849,6.9316
6490.0,3.2508,39.1677,0.791,73.0668,30.0757,6.9316
6495.0,3.2051,38.3306,0.7812,70.3087,29.5806,6.9727
6500.0,3.21,38.1803,0.7812,71.3814,29.9117,6.9863
6505.0,3.1997,38.0442,0.791,70.2372,29.6021,6.9863
6510.0,3.1754,37.4222,0.791,70.3527,29.3516,7.0137
6515.0,3.1883,37.5454,0.791,69.4537,30.1182,7.0137
6520.0,3.2083,37.7661,0.7715,71.2188,29.9011,6.9863
6525.0,3.2137,39.0473,0.7812,72.5334,30.014,6.9863
6530.0,3.1743,37.3524,0.7812,70.4382,29.6217,7.0137
6535.0,3.1474,36.8148,0.7812,67.8801,29.2023,7.0273
6540.0,3.1574,36.9505,0.7812,69.4414,29.8077,7.0273
6545.0,3.1425,37.4651,0.7715,67.8814,30.2297,7.041
6550.0,3.1234,37.1167,0.752,68.2943,30.3222,7.0547
6555.0,3.0905,35.8604,0.7422,64.3888,29.4924,7.0684
6560.0,3.0554,35.3932,0.7422,63.5879,29.7585,7.0957
6565.0,3.0403,34.9449,0.7422,62.5439,29.9456,7.0957
6570.0,3.0459,35.6918,0.752,63.1613,30.4261,7.0957
6575.0,3.0134,34.66,0.7324,59.5387,29.8097,7.0957
6580.0,2.9797,33.8569,0.7324,60.8862,29.637,7.1094
6585.0,2.987,34.1069,0.7324,60.2087,29.7006,7.0957
6590.0,3.0142,34.4853,0.7422,61.8553,29.7104,7.0547
6595.0,2.9879,34.4531,0.7227,59.4198,29.9036,7.082
6600.0,2.9718,34.2721,0.7031,58.9263,30.1769,7.082
6605.0,2.9506,33.8622,0.7031,59.6643,29.6235,7.082
6610.0,2.9344,33.579,0.7324,58.7272,29.4246,7.082
6615.0,2.926,33.2236,0.6934,57.2875,29.3705,7.082
6620.0,2.8932,33.115,0.6836,55.9536,29.4537,7.0957
6625.0,2.8768,32.3423,0.6836,53.0606,29.7419,7.1094
6630.0,2.8614,31.8656,0.6836,52.9355,29.6031,7.1094
6635.0,2.8355,30.9806,0.6836,52.7112,29.2831,7.1094
6640.0,2.8437,31.2907,0.6836,51.8919,29.6992,7.0957
6645.0,2.8206,31.2758,0.6543,52.7468,29.504,7.0957
6650.0,2.7907,30.9783,0.6738,49.9805,29.4304,7.1094
6655.0,2.7728,30.0739,0.6641,49.3931,29.9548,7.1094
6660.0,2.7914,30.9599,0.6641,50.3526,29.7197,7.082
6665.0,2.7734,30.3697,0.6738,49.3772,29.4922,7.082
6670.0,2.7653,30.114,0.6641,50.1856,29.1467,7.082
6675.0,2.7565,29.7899,0.6738,49.614,29.9825,7.082
6680.0,2.7454,29.4603,0.6445,47.8474,29.2323,7.082
6685.0,2.733,29.7179,0.6543,46.7936,29.5212,7.082
6690.0,2.7077,29.4514,0.6543,46.3507,29.9415,7.0957
6695.0,2.6966,29.1229,0.6543,45.6182,29.5506,7.082
6700.0,2.6948,29.135,0.6445,45.6322,29.6847,7.082
6705.0,2.6741,28.44,0.6543,45.2595,29.1923,7.082
6710.0,2.6901,28.4472,0.6738,45.6373,29.3556,7.0547
6715.0,2.7028,28.6569,0.6543,45.781,29.6239,7.041
6720.0,2.6809,29.505,0.6543,46.4914,29.3104,7.0547
6725.0,2.6771,28.6606,0.6543,45.0535,29.385,7.0547
6730.0,2.6758,28.8816,0.6445,45.6517,29.0886,7.041
6735.0,2.6524,28.62,0.6348,44.5326,29.2884,7.0547
6740.0,2.6633,28.9003,0.6445,46.6833,29.3993,7.041
6745.0,2.654,28.4129,0.625,42.8652,29.5643,7.041
6750.0,2.6417,28.2943,0.6445,44.5292,29.3566,7.0547
6755.0,2.6178,27.6223,0.6543,42.0846,29.7054,7.0684
6760.0,2.619,28.1632,0.6445,43.0288,28.943,7.0547
6765.0,2.5875,26.7611,0.6152,41.5399,29.683,7.0684
6770.0,2.5879,27.1451,0.6348,41.2634,29.7123,7.0684
6775.0,2.5893,27.0207,0.6348,40.3889,29.5901,7.0547
6780.0,2.5918,27.5047,0.625,41.5406,29.6413,7.041
6785.0,2.5882,27.3806,0.6348,41.1225,29.509,7.041
6790.0,2.5794,27.2289,0.6152,39.6624,29.6537,7.041
6795.0,2.5798,26.6092,0.6152,40.565,29.5924,7.041
6800.0,2.5893,28.0768,0.6152,41.2466,29.739,7.0273
6805.0,2.5835,27.2178,0.625,40.4544,29.3614,7.0273
6810.0,2.5528,26.463,0.6348,39.8916,29.1872,7.0547
6815.0,2.5443,26.5164,0.6348,40.2966,29.4915,7.0547
6820.0,2.5183,25.7094,0.6152,38.8889,29.2317,7.0684
6825.0,2.5309,26.5559,0.625,37.5404,29.2056,7.041
6830.0,2.5343,26.3584,0.6152,40.0145,29.6317,7.041
6835.0,2.545,26.6793,0.625,39.6348,29.7363,7.0273
6840.0,2.5191,25.7638,0.6055,38.1902,29.2939,7.041
6845.0,2.5299,25.5498,0.625,38.9952,29.032,7.0273
6850.0,2.5368,26.4351,0.6152,39.7971,29.4069,7.0137
6855.0,2.5842,27.5152,0.625,39.5814,28.8607,6.9863
6860.0,2.5679,27.1502,0.6348,41.7319,29.391,7.0
6865.0,2.5711,26.7766,0.6543,42.6661,29.3814,6.9863
6870.0,2.5727,27.0385,0.625,40.8009,29.6544,6.9863
6875.0,2.5969,27.624,0.6445,42.8709,29.9143,6.9727
6880.0,2.6136,27.609,0.6445,43.2614,29.2836,6.959
6885.0,2.6555,28.4126,0.6738,45.6324,29.4577,6.9316
6890.0,2.6895,28.5841,0.6543,46.1442,29.2659,6.918
6895.0,2.7015,28.9583,0.6445,46.6628,29.6053,6.918
6900.0,2.7041,28.804,0.6641,46.4959,29.3244,6.918
6905.0,2.6947,29.4767,0.6445,46.1293,29.3002,6.9453
6910.0,2.6767,28.9184,0.6641,45.4463,28.9403,6.959
6915.0,2.6839,28.7802,0.6543,46.6262,29.6531,6.959
6920.0,2.7189,29.6163,0.6348,46.9082,29.2485,6.9453
6925.0,2.7226,29.6059,0.6641,48.1247,29.6538,6.9453
6930.0,2.7396,29.8974,0.6445,47.3626,29.2926,6.9316
6935.0,2.7523,30.0731,0.6738,49.1369,29.4663,6.9316
6940.0,2.796,31.1243,0.6738,51.2217,29.5886,6.9043
6945.0,2.7891,30.7791,0.6738,50.7435,28.9547,6.918
6950.0,2.7779,30.6712,0.6934,51.8428,29.1041,6.9453
6955.0,2.7828,29.9671,0.6738,50.0246,28.907,6.9453
6960.0,2.7977,30.942,0.6641,49.7781,29.0208,6.9453
6965.0,2.786,31.2305,0.6836,49.8949,29.2855,6.959
6970.0,2.7647,30.1593,0.6445,49.004,28.8235,6.9727
6975.0,2.7679,30.3408,0.6738,49.0759,29.0074,6.9727
6980.0,2.7902,31.3511,0.6738,50.9625,29.0574,6.959
6985.0,2.7668,29.7782,0.6543,50.2018,29.9443,6.9863
6990.0,2.7474,29.9125,0.6738,49.3689,29.1427,7.0
6995.0,2.7456,30.4022,0.6641,48.0479,29.203,7.0
7000.0,2.7266,29.5805,0.6543,47.3998,29.2956,7.0273
7005.0,2.7226,30.1848,0.6348,46.978,29.5876,7.0273
7010.0,2.7222,29.8214,0.6543,45.8084,29.206,7.0137
7015.0,2.7115,29.3518,0.6738,47.8197,29.5769,7.0273
7020.0,2.7127,29.6766,0.6641,46.5758,29.0182,7.0137
7025.0,2.7079,28.7875,0.6543,46.1939,29.4956,7.0273
7030.0,2.7052,29.3263,0.6445,43.9673,29.0764,7.0273
7035.0,2.6801,28.9731,0.6348,43.5174,28.8793,7.041
7040.0,2.7009,29.3103,0.6445,46.6126,29.4369,7.0137
7045.0,2.7249,29.0472,0.6445,47.2462,29.0143,7.0
7050.0,2.7053,29.3024,0.6445,46.7797,29.2775,7.0137
7055.0,2.6961,28.882,0.6641,46.5575,29.1266,7.0137
7060.0,2.7091,29.4915,0.6543,47.5123,29.1881,7.0
7065.0,2.7395,29.2912,0.6641,47.2947,29.354,6.9863
7070.0,2.7459,29.0381,0.6641,47.6887,29.345,6.9727
7075.0,2.7311,30.0082,0.6738,47.6403,29.0749,6.9863
7080.0,2.7449,29.7117,0.6543,48.8453,29.2831,6.9863
7085.0,2.7594,30.453,0.6738,49.1259,29.7255,6.9727
7090.0,2.7455,29.7314,0.6641,49.195,29.2828,6.9863
7095.0,2.7235,29.4835,0.6543,47.9945,29.0827,7.0
7100.0,2.7129,29.1499,0.6641,46.7417,28.8472,7.0137
7105.0,2.735,30.2722,0.6445,48.1936,29.3191,7.0
7110.0,2.7486,29.9685,0.6641,47.5739,29.0636,6.9863
7115.0,2.7169,29.7466,0.6445,45.9579,28.7031,7.0137
7120.0,2.7285,29.7524,0.6543,48.0787,28.926,7.0
7125.0,2.7066,29.6858,0.6445,46.2923,29.3245,7.0137
7130.0,2.6992,29.0813,0.6445,45.7569,29.0148,7.0273
7135.0,2.6872,28.795,0.6445,45.328,29.1141,7.0273
7140.0,2.6883,28.7641,0.6641,46.5471,29.3613,7.0273
7145.0,2.6947,29.8683,0.6543,46.9324,29.1395,7.0137
7150.0,2.6941,29.2593,0.6543,46.0659,29.4056,7.0137
7155.0,2.6668,28.7534,0.6445,44.1774,29.5538,7.041
7160.0,2.6754,28.9346,0.6445,43.9457,28.9531,7.0273
7165.0,2.664,28.3193,0.6445,45.283,29.2118,7.0273
7170.0,2.6274,27.5985,0.6348,43.4292,29.0279,7.0547
7175.0,2.6418,28.3306,0.6348,43.5112,29.1339,7.041
7180.0,2.6432,28.702,0.6348,44.1646,29.3978,7.0273
7185.0,2.6192,28.1092,0.625,41.4749,29.2819,7.041
7190.0,2.5943,27.3507,0.6543,43.3036,28.9625,7.0547
7195.0,2.5636,26.6866,0.6055,40.6439,29.1013,7.082
7200.0,2.5814,26.8834,0.625,40.2799,29.0732,7.0547
7205.0,2.5872,27.8797,0.6152,41.231,29.2041,7.041
7210.0,2.5824,26.6472,0.6348,40.116,29.2639,7.041
7215.0,2.5935,27.8758,0.6152,41.3121,28.8822,7.0273
7220.0,2.5942,27.1726,0.6348,42.0601,28.7589,7.0273
7225.0,2.56,27.0479,0.6152,41.1336,28.7849,7.041
7230.0,2.5484,26.6914,0.625,39.9251,28.9746,7.0547
7235.0,2.5303,26.1645,0.6152,38.4548,29.2404,7.0547
7240.0,2.5067,26.0838,0.6152,37.5207,29.4262,7.0684
7245.0,2.525,26.2598,0.625,38.6893,28.7237,7.0547
7250.0,2.4834,25.366,0.6055,35.9094,28.9072,7.082
7255.0,2.4833,25.0155,0.6152,38.1647,29.4754,7.0684
7260.0,2.4725,25.2109,0.6055,37.0957,29.1888,7.0684
7265.0,2.4846,25.5677,0.5957,35.8671,29.169,7.0547
7270.0,2.4848,25.4932,0.6152,37.3962,29.2977,7.041
7275.0,2.4551,24.9416,0.5957,35.5264,28.8706,7.0684
7280.0,2.4237,23.8481,0.5957,35.1485,29.341,7.082
7285.0,2.432,24.4262,0.5957,33.9793,28.9145,7.0684
7290.0,2.4252,24.9313,0.5859,36.4209,29.4535,7.0547
7295.0,2.4359,23.8006,0.6055,34.9201,28.8569,7.041
7300.0,2.4252,24.3204,0.6055,35.3866,29.3404,7.041
7305.0,2.4207,24.5432,0.5957,34.1744,28.9792,7.041
7310.0,2.4214,24.5508,0.5859,34.6217,29.2245,7.041
7315.0,2.4032,23.7491,0.6152,34.8104,29.0463,7.0547
7320.0,2.4315,24.7992,0.5762,35.6007,28.8777,7.0273
7325.0,2.4148,24.02,0.5957,32.9065,29.1666,7.0273
7330.0,2.4188,24.1024,0.6152,33.8993,29.106,7.0273
7335.0,2.4121,24.2946,0.6055,33.4309,29.2059,7.0273
7340.0,2.4222,24.5944,0.6055,34.0845,29.0739,7.0137
7345.0,2.4411,24.6744,0.5859,35.2471,29.456,7.0
7350.0,2.4722,25.1218,0.6152,35.778,29.4113,6.9727
7355.0,2.5063,25.7621,0.6152,38.123,29.1929,6.9453
7360.0,2.521,26.1394,0.6152,40.2696,29.2996,6.9453
7365.0,2.5193,25.8156,0.6152,39.7596,28.6606,6.9453
7370.0,2.4988,25.7917,0.5957,36.6163,29.2984,6.9727
7375.0,2.555,26.473,0.625,40.2773,28.9436,6.9316
7380.0,2.5615,26.3983,0.6348,40.2734,29.205,6.9316
7385.0,2.55,26.2129,0.6055,38.7414,29.3329,6.9453
7390.0,2.5445,26.8856,0.6152,39.5208,29.0036,6.959
7395.0,2.5674,27.0461,0.625,39.4505,28.9158,6.9453
7400.0,2.5828,26.8895,0.6152,41.2547,28.8671,6.9453
7405.0,2.5986,27.2271,0.6348,41.6387,28.753,6.9316
7410.0,2.6141,27.3139,0.6445,43.0376,29.2505,6.9316
7415.0,2.5897,26.9635,0.625,41.8242,28.8812,6.959
7420.0,2.6262,28.5915,0.6445,43.0226,28.9417,6.9316
7425.0,2.6385,28.38,0.6543,44.4182,29.104,6.9316
7430.0,2.6598,28.4728,0.6445,44.3178,29.3185,6.9316
7435.0,2.7042,29.9292,0.6445,46.4016,29.4267,6.9043
7440.0,2.7294,30.0068,0.6641,47.5918,29.0534,6.8906
7445.0,2.7389,29.6301,0.6738,48.5177,29.5454,6.9043
7450.0,2.7535,30.2594,0.6445,47.5926,29.2981,6.9043
7455.0,2.7995,30.864,0.6641,50.744,29.1831,6.877
7460.0,2.8585,31.9374,0.7031,54.9597,29.1028,6.8359
7465.0,2.8788,32.4448,0.6738,53.9587,29.473,6.8496
7470.0,2.8702,31.6427,0.6836,53.7629,29.0661,6.8633
7475.0,2.8783,32.1086,0.7129,54.7896,28.69,6.877
7480.0,2.8914,32.6542,0.7031,56.8665,28.691,6.877
7485.0,2.9052,32.1055,0.7031,56.4301,28.7556,6.877
7490.0,2.9245,33.2887,0.7227,57.1621,29.3462,6.8906
7495.0,2.938,33.0085,0.6934,58.1172,29.0177,6.8906
7500.0,2.9574,33.8188,0.7031,58.182,28.9988,6.877
7505.0,2.9634,33.8033,0.7129,58.2758,29.241,6.8906
7510.0,2.9664,33.1192,0.7227,60.0775,29.4439,6.9043
7515.0,2.9588,33.1027,0.7129,58.2079,29.0202,6.918
7520.0,2.9894,34.1396,0.7227,59.6041,28.934,6.9043
7525.0,3.0013,34.8455,0.7129,60.8502,29.093,6.9043
7530.0,2.9924,34.4022,0.7227,59.3907,29.2687,6.9316
7535.0,2.9958,33.889,0.7129,61.023,29.1894,6.9316
7540.0,2.9931,34.0004,0.7422,60.2408,28.5929,6.9316
7545.0,2.9779,33.8478,0.7227,59.1682,29.6662,6.9727
7550.0,2.9535,33.0644,0.7031,56.9814,29.4562,6.9863
7555.0,2.8976,32.4907,0.6738,54.0968,28.9208,7.041
7560.0,2.9135,33.6877,0.6934,54.8992,29.1241,7.0273
7565.0,2.891,32.7667,0.6934,55.4076,29.0014,7.041
7570.0,2.8753,32.6187,0.6934,54.829,29.1618,7.041
7575.0,2.8712,32.0845,0.6934,53.9852,29.2109,7.041
7580.0,2.8803,32.2253,0.7031,56.9822,29.5866,7.041
7585.0,2.8676,32.0926,0.7129,53.7725,29.3945,7.041
7590.0,2.8439,31.7186,0.6641,53.241,29.279,7.0547
7595.0,2.8261,31.2265,0.6738,52.4138,28.7781,7.0547
7600.0,2.7811,30.8773,0.6738,49.6435,29.1766,7.0957
7605.0,2.7641,30.0247,0.6738,49.5465,29.08,7.0957
7610.0,2.7249,29.2182,0.6543,46.9764,29.4397,7.1094
7615.0,2.7327,29.7213,0.6348,47.1649,28.9577,7.0957
7620.0,2.7486,30.1523,0.6543,48.6233,29.0302,7.0684
7625.0,2.7384,29.2837,0.6543,48.8913,29.0981,7.0684
7630.0,2.7245,29.3376,0.6445,47.9295,29.2848,7.0684
7635.0,2.6855,29.1678,0.6641,46.6818,29.3718,7.0957
7640.0,2.677,28.7627,0.6543,44.9754,29.0809,7.0957
7645.0,2.6715,29.0315,0.6543,46.2739,29.0607,7.082
7650.0,2.6422,28.5904,0.6445,43.4946,28.9549,7.0957
7655.0,2.6043,27.3094,0.6445,42.6615,28.912,7.1094
7660.0,2.5988,27.8709,0.6348,42.8033,29.3541,7.1094
7665.0,2.5821,27.5899,0.6445,41.7617,29.5613,7.1094
7670.0,2.5512,26.3218,0.6055,38.7433,28.9767,7.123
7675.0,2.529,25.9375,0.625,40.0682,28.8685,7.123
7680.0,2.5117,25.5936,0.6152,37.2146,29.2761,7.123
7685.0,2.4453,24.6174,0.5957,36.0955,29.2119,7.1641
7690.0,2.4011,24.1758,0.5957,33.5841,29.4184,7.1777
7695.0,2.3498,23.2711,0.5859,32.8412,29.0931,7.2051
7700.0,2.3276,22.8468,0.5957,30.9975,29.3712,7.1914
7705.0,2.2894,21.9234,0.5762,28.7907,29.4767,7.2051
7710.0,2.2667,21.2747,0.5664,28.4366,28.899,7.2051
7715.0,2.2261,21.166,0.5859,28.4073,29.0734,7.2051
7720.0,2.1917,20.5906,0.5664,25.79,29.1698,7.2188
7725.0,2.1897,20.6802,0.5859,25.5038,29.5213,7.1777
7730.0,2.1717,19.7591,0.5566,24.5568,29.6754,7.1777
7735.0,2.1934,20.5802,0.5664,24.8758,29.2417,7.1367
7740.0,2.1758,20.228,0.5566,26.0219,29.307,7.1367
7745.0,2.1608,19.6902,0.5664,25.2899,29.4438,7.123
7750.0,2.1188,19.574,0.5469,23.1527,29.4159,7.1504
7755.0,2.1299,19.6173,0.5469,23.7923,29.3592,7.123
7760.0,2.129,18.9744,0.5469,23.1093,29.6178,7.1094
7765.0,2.1564,19.4182,0.5664,24.2887,29.1659,7.0684
7770.0,2.1577,19.9631,0.5664,24.6154,28.978,7.0684
7775.0,2.1274,18.8301,0.5469,23.837,29.2542,7.082
7780.0,2.1211,19.2387,0.5566,22.8928,28.8082,7.082
7785.0,2.1231,18.9568,0.5469,23.501,29.2613,7.0684
7790.0,2.1513,19.7142,0.5469,22.8162,29.1132,7.0273
7795.0,2.1682,19.9071,0.5664,24.7506,29.3942,7.0137
7800.0,2.1715,20.1472,0.5664,25.3617,28.8527,7.0137
7805.0,2.2035,20.4948,0.5469,26.1483,29.1724,6.9727
7810.0,2.1839,19.7725,0.5566,26.6451,29.9459,6.9863
7815.0,2.2215,21.3961,0.5664,25.8495,28.9181,6.9727
7820.0,2.2622,21.4466,0.5664,28.2482,29.4145,6.9316
7825.0,2.2577,21.5927,0.5566,27.6956,29.0877,6.9453
7830.0,2.247,20.962,0.5762,27.2333,29.8786,6.959
7835.0,2.2695,22.3072,0.5664,28.8058,29.3751,6.9453
7840.0,2.3235,23.0733,0.5762,30.6205,29.0909,6.9043
7845.0,2.3393,22.3104,0.5664,30.4215,29.6354,6.9043
7850.0,2.378,23.5704,0.5957,33.4753,29.4051,6.8906
7855.0,2.3712,23.6416,0.5957,33.6957,29.5085,6.9043
7860.0,2.3866,23.2605,0.5957,33.4651,29.4352,6.9043
7865.0,2.4097,24.5031,0.6152,34.1379,29.2193,6.9043
7870.0,2.4197,23.8856,0.6055,35.0215,29.2732,6.9043
7875.0,2.4188,23.9854,0.5957,34.2606,29.1661,6.918
7880.0,2.418,24.3064,0.6055,33.6492,29.4145,6.9316
7885.0,2.4267,24.2031,0.5957,33.891,29.516,6.9316
7890.0,2.4219,24.488,0.5762,34.418,29.2416,6.9453
7895.0,2.414,24.0225,0.5859,34.195,28.8782,6.959
7900.0,2.4013,24.7481,0.6152,35.0602,29.4735,6.9727
7905.0,2.4259,24.3501,0.5957,35.5564,29.4562,6.959
7910.0,2.4332,24.7966,0.5957,34.8016,29.2379,6.959
7915.0,2.4378,24.5112,0.5957,35.3699,29.806,6.959
7920.0,2.4176,24.5153,0.5957,34.3992,29.3913,6.9727
7925.0,2.4218,24.6993,0.6055,36.0616,29.5176,6.9727
7930.0,2.4327,24.5605,0.6055,35.0962,28.8623,6.9727
7935.0,2.432,24.9008,0.5957,34.9904,29.1382,6.9727
7940.0,2.4398,24.3835,0.5957,35.296,29.4928,6.9727
7945.0,2.4627,24.4716,0.6152,38.5167,29.4075,6.959
7950.0,2.4738,25.1914,0.6055,36.0998,29.5917,6.959
7955.0,2.4717,24.6416,0.6152,37.1648,29.0845,6.959
7960.0,2.442,24.4305,0.625,35.1946,29.3549,6.9863
7965.0,2.4596,25.3399,0.6152,34.2848,29.0812,6.9727
7970.0,2.4661,24.7438,0.6055,36.4582,29.2097,6.9727
7975.0,2.4728,25.54,0.5957,35.8599,29.4275,6.9727
7980.0,2.4532,24.5298,0.5957,35.8728,29.6186,6.9863
7985.0,2.4515,24.5933,0.625,36.248,29.097,7.0
7990.0,2.4516,24.9097,0.6055,36.1552,29.4067,7.0
7995.0,2.4258,24.3816,0.6055,35.4523,29.1048,7.0137
8000.0,2.3775,23.6128,0.5664,32.4508,29.5335,7.0547
8005.0,2.3853,23.231,0.5957,33.5689,29.1461,7.041
8010.0,2.4089,24.1693,0.5957,34.0899,28.8682,7.0137
8015.0,2.4056,23.9057,0.6055,34.2608,29.6103,7.0137
8020.0,2.3882,24.0108,0.5957,33.444,29.5256,7.0273
8025.0,2.3557,23.0156,0.5859,32.0949,29.8899,7.041
8030.0,2.3819,23.624,0.5957,32.2248,29.1811,7.0273
8035.0,2.3778,23.3417,0.6055,33.514,29.6704,7.0273
8040.0,2.4129,24.2894,0.6055,33.9579,28.9758,7.0
8045.0,2.4196,24.3573,0.5762,33.5659,29.2608,6.9863
8050.0,2.4364,24.9778,0.6152,36.7452,29.2127,6.9727
8055.0,2.4218,24.4316,0.5957,32.9507,29.7008,6.9863
8060.0,2.4306,24.2281,0.6055,34.7573,29.6497,6.9863
8065.0,2.4253,24.2391,0.6055,35.9524,29.8987,6.9863
8070.0,2.4176,23.9026,0.5859,34.6262,29.2937,7.0
8075.0,2.4027,23.89,0.5957,34.1575,29.4475,7.0137
8080.0,2.3954,24.0074,0.5859,33.7741,29.4497,7.0137
8085.0,2.3839,23.0929,0.5762,33.1442,29.3928,7.0273
8090.0,2.3734,23.1122,0.5957,32.4356,29.8443,7.0273
8095.0,2.3931,23.7841,0.5957,32.6275,29.5207,7.0137
8100.0,2.3954,23.4718,0.5957,34.3714,29.7366,7.0
8105.0,2.4115,23.79,0.5957,34.2692,29.31,7.0
8110.0,2.3581,23.1031,0.5957,33.3031,29.4623,7.041
8115.0,2.3712,23.6139,0.5957,32.2076,28.8853,7.0273
8120.0,2.3509,22.8663,0.5664,30.7916,29.5881,7.0273
8125.0,2.3693,23.3382,0.5957,32.2309,29.3526,7.0137
8130.0,2.3667,23.1639,0.5859,33.9744,29.7074,7.0137
8135.0,2.3677,23.5014,0.5664,32.3775,29.6479,7.0137
8140.0,2.3564,22.6113,0.5957,31.756,29.9797,7.0137
8145.0,2.3701,23.6396,0.5957,33.7581,29.591,7.0137
8150.0,2.3579,23.1176,0.5957,33.0073,29.658,7.0137
8155.0,2.354,22.8842,0.5859,31.0178,29.5701,7.0137
8160.0,2.3357,23.4494,0.5762,30.5898,29.4167,7.0273
8165.0,2.354,23.703,0.5859,32.7435,29.0118,7.0137
8170.0,2.3611,23.3399,0.5957,31.3775,29.1657,7.0137
8175.0,2.3865,23.615,0.5859,32.4312,29.4999,6.9863
8180.0,2.3789,23.081,0.5762,33.1326,29.3056,6.9863
8185.0,2.3898,24.2009,0.5762,33.2712,29.4956,6.9863
8190.0,2.3957,24.1402,0.5957,32.7178,29.5517,6.9863
8195.0,2.4007,23.9289,0.5859,32.5383,29.2725,6.9863
8200.0,2.3987,24.0135,0.5957,33.8746,29.3546,6.9863
8205.0,2.4323,24.6456,0.5957,34.1837,29.2538,6.959
8210.0,2.3946,23.9194,0.5859,33.9503,29.741,6.9863
8215.0,2.387,24.1922,0.5762,33.3574,29.4042,7.0
8220.0,2.3628,23.3249,0.5762,30.9902,29.8827,7.0137
8225.0,2.3804,23.7925,0.5957,33.7985,29.6053,7.0
8230.0,2.3762,23.9081,0.5957,32.6975,29.6613,7.0
8235.0,2.4061,24.4692,0.5859,33.3603,29.4862,6.9863
8240.0,2.4258,23.901,0.6055,33.8421,29.336,6.9727
8245.0,2.4128,24.0087,0.5957,33.1056,28.9898,6.9863
8250.0,2.4355,24.539,0.5957,35.1402,29.6725,6.959
8255.0,2.4547,24.8317,0.6055,35.8628,29.4151,6.959
8260.0,2.4965,25.4286,0.6152,38.4003,29.3934,6.9316
8265.0,2.4935,25.3301,0.6055,36.489,29.4528,6.9316
8270.0,2.4755,24.9995,0.6055,36.8379,29.0883,6.959
8275.0,2.4298,24.6353,0.6152,35.2788,29.3057,7.0
8280.0,2.4243,24.8091,0.5957,34.5268,29.541,7.0
8285.0,2.4249,23.8576,0.5859,33.6612,29.0835,7.0137
8290.0,2.4491,25.0073,0.6055,34.9351,29.457,6.9863
8295.0,2.4554,24.8034,0.5957,36.4246,30.2806,6.9727
8300.0,2.4688,25.0382,0.6152,36.7916,29.4507,6.9727
8305.0,2.4901,25.8078,0.625,38.0674,29.5663,6.959
8310.0,2.465,24.9046,0.6055,36.0531,29.173,6.9863
8315.0,2.4528,25.5044,0.6055,34.9074,29.6912,7.0
8320.0,2.4822,25.0904,0.6152,37.5191,29.0973,6.9727
8325.0,2.4812,26.0189,0.6055,36.1712,29.8172,6.9727
8330.0,2.4729,25.3634,0.625,35.9544,29.3842,6.9863
8335.0,2.4713,24.9632,0.5957,36.0099,29.5404,6.9863
8340.0,2.4637,25.2053,0.6055,36.1298,29.3891,7.0
8345.0,2.4781,25.2775,0.5957,37.3255,29.417,6.9863
8350.0,2.4863,25.668,0.5957,36.8194,29.6735,6.9863
8355.0,2.48,25.6183,0.625,37.6156,29.0245,6.9863
8360.0,2.4699,24.6879,0.5957,36.2968,29.5012,7.0
8365.0,2.4608,25.4226,0.6055,36.806,29.4007,7.0
8370.0,2.4525,24.7306,0.6055,34.588,29.5549,7.0137
8375.0,2.4404,25.156,0.5859,33.9589,29.623,7.0137
8380.0,2.4414,24.8492,0.5957,36.4741,29.6071,7.0137
8385.0,2.4084,23.7621,0.625,34.9179,29.4131,7.041
8390.0,2.3992,23.3117,0.5957,33.91,29.8238,7.041
8395.0,2.3928,23.6907,0.5762,31.7599,29.3003,7.041
8400.0,2.3764,23.1704,0.5762,31.6845,29.309,7.0547
8405.0,2.4228,24.7036,0.6055,34.3262,28.8762,7.0137
8410.0,2.4068,24.6627,0.5957,33.0034,29.7813,7.0137
8415.0,2.3799,24.0959,0.5762,33.4158,29.7079,7.041
8420.0,2.3819,23.778,0.5859,33.8931,29.3993,7.0273
8425.0,2.3621,23.2181,0.5957,32.5438,29.4932,7.041
8430.0,2.3874,23.4542,0.5957,32.6053,28.9241,7.0273
8435.0,2.3506,22.9656,0.5859,31.9103,29.4539,7.041
8440.0,2.3441,23.2114,0.5762,30.8146,29.2994,7.041
8445.0,2.3501,22.8839,0.5957,31.0664,29.3191,7.041
8450.0,2.3472,22.7633,0.5859,31.3031,29.7688,7.0273
8455.0,2.3287,22.9196,0.5664,30.0801,29.1941,7.041
8460.0,2.3499,22.9116,0.5859,32.3073,29.3976,7.0273
8465.0,2.3423,23.3467,0.5859,32.4799,29.3127,7.0273
8470.0,2.3147,22.3946,0.5859,30.6486,29.1782,7.041
8475.0,2.3188,22.8707,0.5664,29.4742,29.4935,7.041
8480.0,2.3005,22.5657,0.5762,29.1091,29.3742,7.041
8485.0,2.3174,22.4387,0.5664,28.1653,29.4897,7.0273
8490.0,2.3169,21.9428,0.5859,29.6978,28.6335,7.0273
8495.0,2.2903,21.7686,0.5859,29.6063,29.1694,7.041
8500.0,2.259,21.743,0.5664,28.2035,28.8244,7.0684
8505.0,2.2279,21.1417,0.5664,27.579,29.773,7.082
8510.0,2.261,21.5435,0.5762,28.9865,28.7778,7.0547
8515.0,2.2407,21.5221,0.5859,28.168,29.3607,7.0547
8520.0,2.2365,21.6238,0.5762,27.2569,28.8378,7.0547
8525.0,2.2214,20.8838,0.5566,26.8763,28.8141,7.0684
8530.0,2.2061,20.7657,0.5469,26.3585,28.7103,7.0684
8535.0,2.1899,19.8916,0.5469,25.425,29.36,7.0684
8540.0,2.1552,20.0196,0.5566,24.8674,29.3522,7.0957
8545.0,2.1595,19.2491,0.5664,23.458,28.9266,7.082
8550.0,2.176,19.7628,0.5664,25.7658,29.1837,7.0547
8555.0,2.1626,19.635,0.5371,23.7242,29.3361,7.0547
8560.0,2.1585,19.3045,0.5762,24.6683,29.444,7.0547
8565.0,2.1385,20.0039,0.5566,24.3574,29.4499,7.0684
8570.0,2.1241,19.0934,0.5566,22.6238,29.3543,7.0684
8575.0,2.1294,18.7643,0.5469,23.8319,29.2226,7.0547
8580.0,2.1462,19.963,0.5469,23.1459,28.9337,7.041
8585.0,2.147,19.6853,0.5566,23.9669,29.1933,7.0273
8590.0,2.1232,18.5618,0.5664,23.8023,28.8974,7.0547
8595.0,2.0931,19.274,0.5371,21.2895,29.1627,7.0684
8600.0,2.0849,18.8316,0.5371,22.4087,29.4408,7.0684
8605.0,2.0952,19.1636,0.5469,21.9082,29.4876,7.041
8610.0,2.1085,18.6753,0.5176,21.8806,28.868,7.041
8615.0,2.0758,18.0736,0.5371,21.2606,29.5206,7.0547
8620.0,2.093,18.4368,0.5469,21.7271,28.5598,7.0547
8625.0,2.0859,18.4339,0.5469,22.6385,29.1073,7.041
8630.0,2.0786,18.082,0.5566,21.251,28.5643,7.0547
8635.0,2.0464,17.5778,0.5371,20.8112,29.0992,7.0684
8640.0,2.0409,17.7597,0.5566,20.6142,29.3781,7.0547
8645.0,2.0475,17.8073,0.5078,20.7124,29.2978,7.041
8650.0,2.0557,17.2977,0.5273,21.0235,29.1264,7.041
8655.0,2.0486,17.7712,0.5371,21.1914,29.3645,7.0273
8660.0,2.0238,17.4855,0.5469,19.5996,29.4828,7.0547
8665.0,2.0613,17.9679,0.5664,21.5808,28.8755,7.0137
8670.0,2.0753,18.227,0.5371,20.7908,29.3117,7.0
8675.0,2.0935,18.3897,0.5566,22.9471,29.4437,6.9727
8680.0,2.1061,18.7345,0.5273,20.384,29.4113,6.9727
8685.0,2.112,19.0729,0.5566,22.94,28.9251,6.9727
8690.0,2.125,19.8021,0.5566,24.1202,29.1489,6.959
8695.0,2.1318,19.1377,0.5664,23.983,28.9925,6.959
8700.0,2.16,19.7517,0.5664,24.5607,29.3662,6.9316
8705.0,2.1796,20.1041,0.5664,25.7073,29.1294,6.9316
8710.0,2.2056,21.3557,0.5762,25.1985,29.0773,6.918
8715.0,2.2507,21.4105,0.5566,29.534,29.2331,6.8906
8720.0,2.2806,21.6711,0.5762,28.9545,28.7008,6.877
8725.0,2.3354,22.7153,0.5859,31.0995,28.9043,6.8496
8730.0,2.3881,23.545,0.5664,33.7474,28.9692,6.8223
8735.0,2.4037,23.8663,0.5859,33.648,29.6501,6.8223
8740.0,2.4293,24.0676,0.5859,34.3537,28.9659,6.8359
8745.0,2.4305,24.3515,0.6152,35.3717,28.8962,6.8496
8750.0,2.4493,24.7102,0.5957,36.6348,29.2875,6.8496
8755.0,2.4649,25.0577,0.5859,35.6252,28.971,6.8633
8760.0,2.461,25.1813,0.6152,37.3141,29.2198,6.877
8765.0,2.4965,26.0943,0.5762,38.0204,28.8227,6.8633
8770.0,2.5011,25.7996,0.6055,37.1647,28.9358,6.877
8775.0,2.5133,25.9079,0.625,38.7505,28.978,6.877
8780.0,2.5067,25.5122,0.6055,37.6966,29.0568,6.9043
8785.0,2.5434,26.0921,0.6348,39.3767,28.7883,6.8906
8790.0,2.5477,26.1072,0.625,39.7823,28.7644,6.8906
8795.0,2.5446,26.3727,0.6152,38.7776,28.8032,6.9043
8800.0,2.5501,26.5385,0.6152,39.551,29.0912,6.918
8805.0,2.5763,27.5063,0.625,40.5864,29.3018,6.9043
8810.0,2.5837,26.9101,0.625,40.5122,29.0979,6.918
8815.0,2.571,26.8443,0.625,41.0334,28.8558,6.9316
8820.0,2.5545,26.3852,0.5957,39.26,28.8775,6.959
8825.0,2.536,26.5737,0.6055,40.0405,28.8898,6.9727
8830.0,2.514,25.6506,0.6152,39.3087,28.7619,7.0
8835.0,2.5077,25.6888,0.625,38.6394,29.0049,7.0
8840.0,2.5171,25.8723,0.625,36.6772,28.7696,7.0
8845.0,2.5326,26.2974,0.6055,37.7514,28.5102,6.9863
8850.0,2.5194,25.7579,0.6152,37.4949,28.6726,7.0
8855.0,2.4861,25.3937,0.6152,37.4939,29.2683,7.0273
8860.0,2.524,26.1978,0.6055,37.3777,28.9123,6.9863
8865.0,2.5121,26.8706,0.6152,38.7314,28.4489,7.0
8870.0,2.5099,25.7683,0.6152,38.2917,28.9376,7.0
8875.0,2.5087,25.677,0.6055,37.8118,28.383,7.0
8880.0,2.5264,26.408,0.6348,40.0785,28.3994,6.9863
8885.0,2.5651,27.0851,0.625,41.3043,29.0142,6.959
8890.0,2.5676,26.8264,0.6348,41.3617,28.865,6.959
8895.0,2.5592,26.6674,0.6348,39.8654,28.6599,6.9727
8900.0,2.545,26.4531,0.6152,38.0534,28.4128,6.9863
8905.0,2.5518,26.8267,0.625,40.1199,28.8726,6.9863
8910.0,2.5915,27.4019,0.6152,39.8005,28.7479,6.959
8915.0,2.5668,26.7687,0.6152,40.0649,28.5707,6.9727
8920.0,2.5477,26.3128,0.6152,39.6145,28.7079,7.0
8925.0,2.5318,26.3021,0.6152,39.3135,28.727,7.0137
8930.0,2.5402,26.6267,0.6152,41.09,28.4845,7.0
8935.0,2.5068,25.6057,0.6055,37.2225,28.3176,7.0273
8940.0,2.5107,26.097,0.6152,37.4436,28.8209,7.0273
8945.0,2.5333,26.9923,0.6152,38.9105,28.392,7.0
8950.0,2.5211,26.1513,0.6055,38.4962,28.7148,7.0137
8955.0,2.5429,26.5019,0.625,39.0969,28.2882,6.9863
8960.0,2.5334,26.1241,0.6348,38.7423,28.4191,7.0
8965.0,2.5463,26.392,0.6152,38.3573,28.9591,6.9863
8970.0,2.5428,26.6025,0.6152,39.5417,28.2905,7.0
8975.0,2.5215,26.3816,0.5957,40.2152,28.2746,7.0137
8980.0,2.5287,26.3166,0.6055,38.7161,28.3317,7.0
8985.0,2.5397,25.8133,0.625,40.0167,28.3571,7.0
8990.0,2.5238,26.2642,0.6348,39.4219,28.3111,7.0137
8995.0,2.5153,26.3157,0.6152,38.3301,28.8481,7.0137
9000.0,2.5271,26.0709,0.625,37.8427,28.5549,7.0
9005.0,2.5601,27.1384,0.6445,39.8613,28.878,6.9727
9010.0,2.5603,27.1162,0.6348,40.7719,28.3666,6.9727
9015.0,2.584,27.3752,0.6348,41.9158,28.3642,6.959
9020.0,2.5912,26.7796,0.6445,41.6442,28.5031,6.959
9025.0,2.5251,26.1037,0.6152,38.6127,28.1578,7.0137
9030.0,2.5229,26.039,0.6445,38.0048,27.9779,7.0273
9035.0,2.5377,26.6326,0.625,39.3484,27.9691,7.0
9040.0,2.5204,26.4461,0.625,39.0595,27.9953,7.0137
9045.0,2.5054,25.6532,0.6055,38.5881,28.3581,7.0273
9050.0,2.498,25.3177,0.625,39.665,27.9748,7.0273
9055.0,2.5027,26.2007,0.5859,36.8872,28.1924,7.0273
9060.0,2.5013,26.1287,0.6152,37.6715,28.6091,7.0273
9065.0,2.519,26.501,0.6152,39.5024,27.7727,7.0
9070.0,2.517,26.4319,0.6055,38.1815,27.9637,7.0
9075.0,2.51,25.9778,0.625,38.5377,27.8289,7.0137
9080.0,2.4667,24.8317,0.5957,36.3149,27.9831,7.041
9085.0,2.4611,24.8591,0.6152,35.5024,27.7971,7.041
9090.0,2.4456,24.7294,0.5859,35.5156,27.9297,7.0547
9095.0,2.459,24.6055,0.6055,36.9665,27.7647,7.041
9100.0,2.4388,25.0962,0.5859,34.3181,28.3656,7.041
9105.0,2.4197,24.3886,0.5957,35.1736,28.0655,7.0547
9110.0,2.3802,23.6484,0.5859,32.7743,27.9017,7.082
9115.0,2.354,23.239,0.5859,30.7167,27.9444,7.0957
9120.0,2.3271,22.5451,0.5859,30.134,27.9205,7.1094
9125.0,2.3095,21.9253,0.5762,30.4939,28.0886,7.1094
9130.0,2.3065,22.1117,0.5859,29.1305,27.7643,7.1094
9135.0,2.2679,21.3701,0.5859,28.3709,28.0862,7.123
9140.0,2.2854,21.9965,0.5762,30.4617,28.0347,7.0957
9145.0,2.2688,21.9621,0.5664,29.1984,28.3467,7.0957
9150.0,2.2263,20.2721,0.5859,26.3753,27.9018,7.123
9155.0,2.213,20.4965,0.5664,26.5966,27.7243,7.123
9160.0,2.1913,20.4745,0.5664,26.1755,27.7382,7.123
9165.0,2.1914,20.2823,0.5664,25.6494,27.8087,7.1094
9170.0,2.1754,19.9181,0.5469,25.0614,27.9803,7.1094
9175.0,2.1997,19.8966,0.5664,26.5256,27.675,7.082
9180.0,2.1663,19.6999,0.5371,24.0668,27.7911,7.0957
9185.0,2.154,19.9487,0.5664,24.9584,28.1351,7.0957
9190.0,2.1158,18.5735,0.5566,23.452,28.0532,7.123
9195.0,2.1155,18.8013,0.5566,22.2543,27.5363,7.1094
9200.0,2.1004,18.7213,0.5371,22.3614,27.6543,7.1094
9205.0,2.0887,18.8624,0.5566,21.8986,27.6624,7.1094
9210.0,2.0821,18.0851,0.5273,21.5367,28.0738,7.0957
9215.0,2.083,18.1627,0.5664,22.5101,27.6383,7.0957
9220.0,2.0486,17.5576,0.5371,20.7937,27.698,7.1094
9225.0,2.0404,17.5103,0.5566,21.7145,27.7344,7.1094
9230.0,2.0374,17.0615,0.5469,20.5236,27.5088,7.1094
9235.0,2.0401,17.5694,0.5371,21.4023,27.5098,7.082
9240.0,2.0295,17.8019,0.5371,20.2521,27.5331,7.082
9245.0,2.0297,17.3675,0.5176,20.2355,27.6002,7.0684
9250.0,2.0248,16.774,0.5469,21.3758,27.6153,7.0684
9255.0,2.0388,18.033,0.5273,20.2585,27.589,7.041
9260.0,2.0357,17.6507,0.5469,21.2785,27.6949,7.041
9265.0,2.028,17.4528,0.5273,19.5764,27.4125,7.0547
9270.0,2.0376,17.8504,0.5371,21.4563,27.112,7.041
9275.0,2.0448,17.3724,0.5469,21.7941,27.2875,7.0273
9280.0,2.0657,17.5912,0.5566,23.548,27.3292,7.0
9285.0,2.0961,18.505,0.5566,22.3447,27.2995,6.9727
9290.0,2.0711,18.4031,0.5566,22.2899,27.3997,7.0
9295.0,2.0935,18.1802,0.5469,23.466,26.9558,6.9863
9300.0,2.0991,18.4731,0.5371,22.0309,26.7642,6.9863
9305.0,2.0895,18.5352,0.5371,21.1493,27.8649,6.9727
9310.0,2.1045,18.6398,0.5469,23.0602,27.2447,6.9727
9315.0,2.1126,18.7546,0.5469,24.0791,27.2614,6.9727
9320.0,2.101,18.6045,0.5273,21.6708,27.5669,6.9727
9325.0,2.141,19.823,0.5371,24.1246,26.982,6.959
9330.0,2.162,19.9412,0.5469,24.7163,26.9315,6.9316
9335.0,2.2187,20.4987,0.5371,25.7439,26.7435,6.8906
9340.0,2.2096,20.646,0.5566,25.457,26.9376,6.9043
9345.0,2.2441,21.4591,0.5664,27.4406,27.1332,6.8906
9350.0,2.29,22.252,0.5957,30.0703,27.1809,6.8633
9355.0,2.2999,22.2694,0.5664,30.5597,26.8566,6.8633
9360.0,2.3353,22.4014,0.5957,31.8098,27.2567,6.8496
9365.0,2.3705,23.6651,0.5859,33.4078,27.0172,6.8359
9370.0,2.3689,23.8621,0.5762,31.673,26.9041,6.8633
9375.0,2.3809,23.7685,0.5957,32.8128,27.076,6.8633
9380.0,2.3663,23.1059,0.6152,32.8778,27.2843,6.8906
9385.0,2.35,23.4658,0.5957,32.0982,26.9622,6.918
9390.0,2.3556,23.1089,0.5859,31.1128,26.9548,6.9316
9395.0,2.3845,23.9126,0.5957,34.5818,26.4604,6.918
9400.0,2.4045,23.9701,0.6152,33.7071,26.5965,6.9043
9405.0,2.4006,23.9695,0.6055,34.0695,27.0899,6.918
9410.0,2.4163,24.1287,0.5762,35.7007,27.2571,6.918
9415.0,2.4456,25.2301,0.5957,34.2291,26.8326,6.9043
9420.0,2.437,25.1103,0.5957,35.2322,26.7745,6.918
9425.0,2.4488,24.7375,0.5957,35.8219,26.8657,6.918
9430.0,2.4801,25.5198,0.5859,36.0124,26.5202,6.9043
9435.0,2.4624,24.9118,0.6152,34.9025,26.7392,6.9316
9440.0,2.4847,25.2767,0.5957,37.5666,26.4592,6.918
9445.0,2.5081,26.0865,0.5762,37.5988,26.1865,6.9043
9450.0,2.5079,25.4343,0.6445,38.08,26.5892,6.918
9455.0,2.5074,26.0708,0.6445,39.7732,26.6238,6.9316
9460.0,2.5496,26.7504,0.6152,40.35,26.8368,6.9043
9465.0,2.5651,26.1516,0.6152,40.7931,26.9309,6.9043
9470.0,2.574,26.6946,0.6445,40.4126,26.4354,6.9043
9475.0,2.5832,26.8511,0.6348,42.3541,26.1514,6.9043
9480.0,2.5805,27.0649,0.6348,40.6104,26.8735,6.918
9485.0,2.6001,27.8359,0.625,41.5539,26.6635,6.918
9490.0,2.6066,27.2108,0.6152,41.5131,26.0791,6.918
9495.0,2.6071,28.0896,0.625,41.6209,26.7936,6.9316
9500.0,2.6296,27.4908,0.625,43.771,26.3437,6.918
9505.0,2.6367,28.423,0.6348,44.1238,26.6614,6.918
9510.0,2.6526,28.138,0.6543,43.7171,26.4377,6.918
9515.0,2.6487,27.9886,0.6348,43.632,26.081,6.9316
9520.0,2.6468,28.3005,0.6445,44.8602,26.1332,6.9453
9525.0,2.6148,27.1487,0.625,42.6899,26.36,6.9727
9530.0,2.6472,28.5542,0.6348,42.9835,26.8044,6.9453
9535.0,2.5988,27.4702,0.6348,43.2015,26.4344,7.0
9540.0,2.6023,27.3275,0.6348,41.6473,26.5131,7.0
9545.0,2.6117,27.7671,0.625,43.0242,26.1041,6.9863
9550.0,2.6177,28.0089,0.6348,43.0053,26.7023,6.9863
9555.0,2.5907,27.7597,0.6445,41.4738,26.2552,7.0137
9560.0,2.5724,26.8673,0.625,41.7281,26.4418,7.0273
9565.0,2.5911,27.2003,0.6348,42.9179,26.5766,7.0137
9570.0,2.5812,26.4094,0.5957,40.422,26.6854,7.0137
9575.0,2.5806,27.3042,0.6152,41.8041,26.6751,7.0137
9580.0,2.5805,27.0496,0.625,42.1561,26.2919,7.0137
9585.0,2.59,26.6899,0.6152,41.1805,26.6505,7.0
9590.0,2.5676,26.9109,0.6152,39.3875,25.6003,7.0273
9595.0,2.5888,27.1366,0.6445,42.7011,26.2934,7.0
9600.0,2.5646,26.2869,0.6348,41.816,26.0016,7.0273
9605.0,2.5743,27.2826,0.6152,39.8995,25.8333,7.0137
9610.0,2.601,27.4281,0.6348,41.9011,25.6223,6.9863
9615.0,2.5923,27.084,0.625,41.1519,25.973,7.0
9620.0,2.6122,27.926,0.625,42.9784,25.8612,6.9727
9625.0,2.6372,28.009,0.6348,42.9555,26.4082,6.959
9630.0,2.6515,28.5087,0.6348,44.4333,25.6471,6.9453
9635.0,2.683,29.1391,0.6543,44.7883,25.9177,6.9316
9640.0,2.7001,29.2865,0.6641,46.5054,26.1388,6.918
9645.0,2.7193,29.2981,0.6445,46.7338,26.2213,6.918
9650.0,2.7014,29.22,0.6445,46.6604,25.9042,6.9316
9655.0,2.681,29.2665,0.6543,45.9396,25.9425,6.959
9660.0,2.6793,29.0981,0.6348,44.1967,25.9844,6.9727
9665.0,2.6913,29.165,0.6445,46.7105,26.0676,6.959
9670.0,2.6927,29.0923,0.6445,45.6248,25.9069,6.9727
9675.0,2.6922,28.7344,0.6543,45.6958,25.6544,6.9727
9680.0,2.6845,29.0047,0.6543,45.861,26.0692,6.9863
9685.0,2.6613,28.358,0.6348,42.9388,26.0435,7.0
9690.0,2.6432,28.4393,0.6348,43.5963,25.975,7.0273
9695.0,2.6319,27.8306,0.6348,43.2917,25.772,7.0273
9700.0,2.6235,27.6657,0.625,43.015,26.1412,7.041
9705.0,2.5998,27.597,0.6348,41.9703,25.7348,7.0547
9710.0,2.6065,27.7894,0.6152,41.3156,26.101,7.041
9715.0,2.5948,27.2583,0.6348,41.822,25.3806,7.041
9720.0,2.5804,27.0151,0.6445,41.8278,25.5592,7.0547
9725.0,2.5646,27.2903,0.6152,41.3373,25.6737,7.0684
9730.0,2.5481,26.5504,0.6055,38.0969,25.9478,7.0684
9735.0,2.5382,26.4978,0.6348,40.6515,25.5876,7.0684
9740.0,2.5352,26.0519,0.6055,39.9125,25.4684,7.0684
9745.0,2.5095,26.1073,0.6055,39.3172,25.7427,7.082
9750.0,2.5077,25.6947,0.6055,37.8898,25.4363,7.0684
9755.0,2.5021,26.0061,0.6055,37.8849,25.4489,7.0684
9760.0,2.4915,26.129,0.6152,36.5959,25.6818,7.0684
9765.0,2.4785,25.1553,0.6348,37.6247,25.4981,7.0684
9770.0,2.4725,24.7045,0.5859,37.3117,25.4777,7.0684
9775.0,2.4496,25.0794,0.6055,34.3245,25.654,7.082
9780.0,2.4644,24.6158,0.5957,35.8361,25.4556,7.0547
9785.0,2.4288,24.7546,0.5957,34.4141,25.6237,7.082
9790.0,2.4266,24.7259,0.5859,35.2713,25.4722,7.082
9795.0,2.418,24.2787,0.6055,33.6347,25.3546,7.082
9800.0,2.4118,24.1367,0.5957,34.4574,25.2542,7.082
9805.0,2.4215,24.5007,0.5957,34.0682,25.5253,7.0547
9810.0,2.4251,24.6174,0.5859,33.8729,25.1077,7.041
9815.0,2.4214,23.8543,0.6055,34.7457,25.3566,7.041
9820.0,2.4278,24.2514,0.6055,34.4484,25.4721,7.0273
9825.0,2.4523,24.8158,0.6055,37.1462,25.3225,7.0
9830.0,2.4571,24.9488,0.6152,36.2457,24.936,7.0
9835.0,2.4502,24.901,0.5957,36.3057,25.4444,7.0
9840.0,2.5061,25.7385,0.6055,36.8667,25.0095,6.959
9845.0,2.506,25.6494,0.6152,36.8641,25.1996,6.959
9850.0,2.5006,25.9397,0.6152,37.6459,25.1334,6.9727
9855.0,2.4842,25.5177,0.625,36.9512,24.9774,6.9863
9860.0,2.4596,24.8487,0.6055,36.7784,24.7916,7.0137
9865.0,2.456,25.1375,0.5957,36.798,25.0704,7.0137
9870.0,2.4415,24.7831,0.6152,36.2806,25.4967,7.0273
9875.0,2.4494,24.8999,0.6055,35.5325,24.5886,7.0273
9880.0,2.4714,24.8127,0.5957,36.5106,25.07,7.0
9885.0,2.4864,25.6553,0.6152,37.563,25.086,6.9727
9890.0,2.4777,25.6461,0.5859,37.2977,25.0743,6.9863
9895.0,2.4505,25.0181,0.5957,35.6919,24.6282,7.0137
9900.0,2.4391,24.3084,0.6152,36.2441,24.9427,7.0273
9905.0,2.4364,24.5553,0.5957,34.7429,25.0094,7.0273
9910.0,2.4272,24.4751,0.5957,34.6929,24.7604,7.041
9915.0,2.4044,24.622,0.5957,32.5397,24.6812,7.0547
9920.0,2.4083,23.8522,0.5957,33.2919,25.0707,7.041
9925.0,2.3977,24.0231,0.5957,32.5798,25.0175,7.041
9930.0,2.407,24.215,0.5859,33.538,25.2387,7.0273
9935.0,2.4056,23.8181,0.5957,33.4692,24.8577,7.0273
9940.0,2.4043,23.7817,0.5957,33.9511,24.8775,7.0273
9945.0,2.3653,22.9563,0.5859,31.9869,24.9271,7.0684
9950.0,2.3764,23.4242,0.5957,32.5231,24.7728,7.041
9955.0,2.3516,23.0847,0.5762,31.1748,24.757,7.0684
9960.0,2.3501,23.2075,0.5859,32.8673,24.6278,7.0547
9965.0,2.3499,23.5494,0.5859,31.6541,24.4084,7.0547
9970.0,2.3822,23.4129,0.5762,32.7106,24.7507,7.0137
9975.0,2.3824,24.0542,0.5859,32.5842,24.5101,7.0137
9980.0,2.3796,23.7015,0.6055,32.9537,24.341,7.0137
9985.0,2.3632,23.4607,0.5762,31.9553,25.113,7.0273
9990.0,2.3852,23.5502,0.6055,33.8294,24.9673,7.0
9995.0,2.3826,22.3655,0.5957,34.4716,24.6193,7.0
10000.0,2.3934,23.2999,0.6055,32.1218,24.942,6.9863
10005.0,2.401,23.967,0.6055,33.3575,25.0624,6.9863
10010.0,2.3897,23.7564,0.5762,32.793,24.9942,7.0
10015.0,2.3968,24.205,0.5762,33.3003,24.3793,7.0
10020.0,2.4054,24.1007,0.5957,34.0566,24.5916,6.9863
10025.0,2.3995,23.9853,0.5859,32.5717,24.4606,7.0
10030.0,2.398,23.8498,0.5957,35.3534,24.5746,7.0
10035.0,2.4116,24.1692,0.5957,33.114,24.5855,6.9863
10040.0,2.4082,23.8667,0.5859,32.257,24.5374,6.9863
10045.0,2.3756,23.2633,0.6055,34.1803,24.56,7.0273
10050.0,2.3598,23.2935,0.5859,31.0228,24.8437,7.0273
10055.0,2.3745,23.5123,0.5957,31.7666,24.5029,7.0137
10060.0,2.3894,23.4588,0.5859,32.4242,24.5602,7.0
10065.0,2.3884,23.9039,0.5762,32.6931,25.0782,7.0
10070.0,2.4475,24.6569,0.5859,35.2274,24.3028,6.9453
10075.0,2.462,25.181,0.5957,35.3847,24.7816,6.9316
10080.0,2.4671,25.0489,0.625,36.993,24.4496,6.9316
10085.0,2.4869,25.5415,0.6152,37.588,24.329,6.9316
10090.0,2.4991,25.1784,0.5957,36.3705,24.7416,6.918
10095.0,2.4951,25.7727,0.5957,36.8158,24.5392,6.9316
10100.0,2.5281,26.0601,0.6348,38.6879,24.5054,6.918
10105.0,2.5281,26.0408,0.6055,38.0929,23.9443,6.918
10110.0,2.5249,26.2698,0.6348,38.1235,24.1341,6.9316
10115.0,2.4875,25.6612,0.6152,36.5726,24.4585,6.9727
10120.0,2.499,25.7961,0.625,39.0167,24.8062,6.9727
10125.0,2.4836,25.2651,0.5957,36.1635,24.1965,6.9863
10130.0,2.5069,25.4544,0.625,38.1312,24.2814,6.9727
10135.0,2.516,25.7611,0.6152,38.6509,24.0828,6.959
10140.0,2.4989,25.738,0.6152,37.6183,23.9697,6.9863
10145.0,2.4788,24.7037,0.5957,34.8925,24.2299,7.0137
10150.0,2.4462,24.506,0.625,35.8185,24.1793,7.041
10155.0,2.4388,25.0503,0.6055,36.2308,24.2659,7.041
10160.0,2.4442,24.4494,0.6152,36.9199,24.5606,7.0273
10165.0,2.4207,24.3051,0.6152,33.8191,24.2765,7.0547
10170.0,2.4418,24.518,0.6055,34.5437,24.3197,7.0273
10175.0,2.4506,25.0615,0.5957,35.0495,24.3496,7.0137
10180.0,2.4855,25.3711,0.5957,37.0494,24.1786,6.9727
10185.0,2.5112,26.0255,0.6152,37.8453,24.7894,6.9453
10190.0,2.5178,26.0924,0.6055,38.351,23.9316,6.959
10195.0,2.5213,25.5458,0.625,39.2646,24.4018,6.959
10200.0,2.5408,26.3809,0.6152,38.8031,23.8944,6.9453
10205.0,2.545,25.9502,0.6348,39.5944,23.9529,6.9453
10210.0,2.5513,26.6265,0.625,39.6296,23.9378,6.9453
10215.0,2.5469,26.2292,0.625,40.3966,24.0632,6.959
10220.0,2.5256,26.179,0.6055,39.7278,24.2409,6.9863
10225.0,2.5072,25.6978,0.6152,37.9189,23.9902,7.0
10230.0,2.4903,25.4242,0.625,37.2889,24.1857,7.0137
10235.0,2.4947,25.5581,0.6055,36.528,24.1994,7.0137
10240.0,2.4989,25.5285,0.6055,38.6682,24.4296,7.0
10245.0,2.4998,26.0979,0.625,37.5273,24.3416,7.0
10250.0,2.482,25.1007,0.6055,37.4289,24.4379,7.0273
10255.0,2.4976,25.4417,0.5957,36.5166,24.2905,7.0
10260.0,2.5086,25.7796,0.6152,37.8726,24.3598,6.9863
10265.0,2.5042,25.8473,0.6055,36.2775,24.2744,7.0
10270.0,2.5031,25.2319,0.6152,37.9673,23.7578,7.0
10275.0,2.4989,25.5843,0.6055,36.6322,23.947,7.0
10280.0,2.5163,25.9187,0.6055,37.059,23.8131,6.9863
10285.0,2.5127,25.9221,0.6152,39.5618,24.042,6.9863
10290.0,2.5177,25.9784,0.6152,37.6984,23.7918,6.9863
10295.0,2.5132,26.1922,0.625,39.444,24.2069,6.9863
10300.0,2.527,26.2178,0.625,37.9391,23.5026,6.9863
10305.0,2.537,25.7857,0.5957,38.1621,24.2627,6.9727
10310.0,2.5229,26.211,0.6348,38.3001,23.3727,6.9863
10315.0,2.5244,25.9178,0.6152,38.4246,23.8984,6.9863
10320.0,2.5538,26.0435,0.625,39.6836,23.9252,6.959
10325.0,2.5478,26.327,0.6445,39.0447,24.3048,6.9727
10330.0,2.5649,26.2253,0.625,39.5735,24.3069,6.959
10335.0,2.5677,27.0843,0.6152,40.1123,23.905,6.959
10340.0,2.5679,27.1084,0.6152,39.3748,24.0084,6.959
10345.0,2.5469,26.2121,0.625,38.4892,23.7642,6.9863
10350.0,2.5572,26.1906,0.6152,39.0363,23.6099,6.9863
10355.0,2.5756,27.0049,0.625,41.4979,23.9734,6.959
10360.0,2.5629,27.2428,0.625,39.1657,24.146,6.9863
10365.0,2.5559,26.858,0.6445,40.0564,23.7294,6.9863
10370.0,2.5532,26.9126,0.625,40.1239,24.3387,7.0
10375.0,2.581,27.3293,0.6348,40.7987,23.5296,6.9727
10380.0,2.5684,26.6482,0.6348,41.1992,24.012,6.9863
10385.0,2.5865,26.3571,0.6152,40.0585,23.947,6.9727
10390.0,2.583,27.1912,0.625,40.4936,24.0417,6.9727
10395.0,2.6064,27.7814,0.6445,42.2,24.3965,6.959
10400.0,2.6322,27.8797,0.6445,41.2875,24.1227,6.9316
10405.0,2.6377,28.2422,0.6348,43.731,23.8565,6.9316
10410.0,2.6365,27.451,0.6445,43.8333,24.2518,6.9453
10415.0,2.6476,28.2779,0.6543,44.3415,24.0489,6.9453
10420.0,2.6408,28.0538,0.6445,44.4135,23.7149,6.959
10425.0,2.6396,28.3117,0.6543,44.3679,23.636,6.959
10430.0,2.6683,28.9182,0.6836,45.7867,23.7859,6.9316
10435.0,2.6725,28.2997,0.6348,44.1129,23.8724,6.9453
10440.0,2.6595,27.673,0.6445,43.24,23.8965,6.959
10445.0,2.6587,28.216,0.6348,44.6601,23.751,6.9727
10450.0,2.6742,28.8475,0.6445,44.7992,23.4482,6.959
10455.0,2.6996,28.9838,0.6543,46.1389,23.8339,6.9316
10460.0,2.6941,29.6837,0.6445,46.3055,24.0993,6.9453
10465.0,2.7156,29.8372,0.6445,47.0392,23.6638,6.9316
10470.0,2.7495,29.7196,0.6641,48.4898,23.7968,6.9043
10475.0,2.7428,30.0602,0.6641,48.6205,23.5045,6.918
10480.0,2.7628,30.0832,0.6738,49.4105,23.7488,6.918
10485.0,2.7709,30.5173,0.6641,49.636,23.7499,6.918
10490.0,2.7721,30.724,0.6348,48.7772,24.293,6.9316
10495.0,2.7795,30.2065,0.6738,49.3273,23.9015,6.9316
10500.0,2.8271,31.5843,0.6641,49.1111,23.8719,6.8906
10505.0,2.853,31.7978,0.6836,52.9893,23.8919,6.877
10510.0,2.871,32.6659,0.7031,54.6669,23.6909,6.8633
10515.0,2.8807,32.0791,0.7031,54.3842,23.3582,6.8633
10520.0,2.9163,32.7261,0.7031,56.8184,23.2694,6.8496
10525.0,2.902,33.1258,0.7227,54.9889,24.0461,6.8906
10530.0,2.9244,33.2613,0.6934,56.7551,23.5128,6.877
10535.0,2.9452,33.5015,0.7227,58.8218,23.7234,6.8633
10540.0,2.9627,33.9959,0.7129,58.3073,23.8005,6.8633
10545.0,2.9646,33.636,0.7129,58.2292,23.7233,6.877
10550.0,2.9696,33.9017,0.7031,58.7543,23.9155,6.8906
10555.0,2.97,33.8184,0.7227,59.0696,23.417,6.8906
10560.0,2.9491,33.686,0.7129,58.8757,23.7407,6.9316
10565.0,2.9562,33.7681,0.7129,58.4658,23.6304,6.9316
10570.0,2.9454,33.4096,0.7129,57.499,24.0401,6.959
10575.0,2.9381,33.5827,0.6934,55.9193,23.758,6.9727
10580.0,2.9553,33.7088,0.7129,60.4858,23.9617,6.959
10585.0,2.9506,33.7002,0.7031,56.3797,23.8693,6.9727
10590.0,2.9492,33.7585,0.6934,58.0478,23.5403,6.9727
10595.0,2.9669,33.5338,0.7129,58.937,23.6363,6.959
10600.0,3.0068,34.2504,0.7227,60.0391,23.9519,6.918
10605.0,2.9823,34.8244,0.7227,59.3367,23.1857,6.9453
10610.0,3.0073,34.6202,0.7227,60.8589,23.5781,6.9316
10615.0,3.034,35.0876,0.7324,61.1661,23.7405,6.9043
10620.0,3.0299,35.227,0.7324,62.6591,23.461,6.918
10625.0,3.0726,35.6896,0.7422,64.3685,23.5154,6.877
10630.0,3.0593,35.1739,0.752,64.4598,23.5744,6.9043
10635.0,3.0494,35.5871,0.7324,62.6143,23.4383,6.9316
10640.0,3.0539,35.2505,0.7324,62.7769,23.5937,6.9316
10645.0,3.045,35.3013,0.7422,61.6605,23.7132,6.959
10650.0,3.072,35.5084,0.752,64.0589,24.048,6.9453
10655.0,3.0479,35.5145,0.752,63.0325,23.9413,6.9727
10660.0,3.0091,34.7048,0.7227,61.0123,23.7509,7.0137
10665.0,2.985,34.4669,0.6934,60.33,23.36,7.041
10670.0,2.9694,34.4559,0.7129,59.2055,23.7608,7.0547
10675.0,2.9419,33.2378,0.6934,57.8702,23.4291,7.0684
10680.0,2.9218,32.8249,0.7031,58.2717,23.4863,7.0957
10685.0,2.9048,32.8562,0.7031,55.978,23.8133,7.1094
10690.0,2.8775,32.1787,0.6934,55.3057,23.6997,7.123
10695.0,2.8633,31.8215,0.6934,53.6009,23.539,7.123
10700.0,2.8212,31.5536,0.6934,51.9719,23.6669,7.1504
10705.0,2.8188,31.11,0.6934,52.6056,23.6394,7.1367
10710.0,2.8002,30.5164,0.6738,50.8386,23.9897,7.1367
10715.0,2.7535,30.1824,0.6641,49.6238,23.7396,7.1641
10720.0,2.7574,30.3516,0.6641,49.8905,23.6873,7.1504
10725.0,2.7609,30.3846,0.6348,47.8046,24.0457,7.123
10730.0,2.761,30.0741,0.6641,50.0907,23.8668,7.1094
10735.0,2.7599,30.7137,0.6543,48.8717,23.8082,7.0957
10740.0,2.7824,30.8069,0.6641,50.2756,23.8222,7.0547
10745.0,2.7912,30.7748,0.6836,50.9627,23.322,7.041
10750.0,2.7622,30.3436,0.6836,49.6878,23.293,7.0684
10755.0,2.7664,30.3756,0.6836,50.6985,23.4877,7.0547
10760.0,2.7933,30.9322,0.6641,49.3689,23.8687,7.0273
10765.0,2.8074,30.9294,0.6641,50.1703,23.6075,7.0
10770.0,2.8382,31.9759,0.6836,52.6567,23.6876,6.9727
10775.0,2.8375,31.2444,0.7031,53.2771,23.5653,6.9727
10780.0,2.8495,31.5278,0.6738,52.2541,23.7471,6.959
10785.0,2.8568,32.3641,0.6934,53.2335,23.9029,6.959
10790.0,2.831,31.0115,0.6934,53.936,23.0194,6.9863
10795.0,2.829,31.8096,0.6836,52.9455,23.7389,7.0
10800.0,2.8453,31.2665,0.7031,53.3979,23.8462,6.9863
10805.0,2.8693,31.9816,0.6836,55.175,23.4606,6.959
10810.0,2.8735,32.2568,0.7031,53.6162,23.8272,6.959
10815.0,2.8824,32.7082,0.7031,55.9186,23.5843,6.9453
10820.0,2.9054,32.7825,0.7129,55.2056,23.3661,6.9316
10825.0,2.9042,33.524,0.7031,54.6687,23.7495,6.9453
10830.0,2.918,33.1107,0.6836,55.0375,23.6707,6.9316
10835.0,2.9414,33.6398,0.7031,58.4408,23.5978,6.918
10840.0,2.958,33.4353,0.7129,60.0458,23.9583,6.918
10845.0,2.9292,33.2387,0.7129,58.4385,23.4337,6.9453
10850.0,2.9705,34.3303,0.7129,59.9266,23.3572,6.9043
10855.0,2.9583,33.8755,0.7227,59.008,23.8159,6.9453
10860.0,2.9766,34.0818,0.7129,59.4097,24.2705,6.9316
10865.0,3.0034,34.8116,0.7129,60.9292,23.9383,6.9043
10870.0,3.031,34.9559,0.7324,60.5099,23.5647,6.877
10875.0,3.0525,35.7381,0.7227,61.6726,23.6187,6.877
10880.0,3.0813,36.0639,0.7422,64.3733,23.6307,6.8496
10885.0,3.1006,35.8854,0.7324,64.9255,23.6787,6.8496
10890.0,3.1027,35.8964,0.791,67.3356,23.3898,6.8496
10895.0,3.1108,35.8393,0.752,65.3575,23.4527,6.8633
10900.0,3.1566,37.1809,0.7617,68.7037,24.1224,6.8496
10905.0,3.1746,37.2003,0.7715,68.7286,23.7774,6.8359
10910.0,3.1906,37.6841,0.7812,71.634,23.9904,6.8359
10915.0,3.1742,37.7629,0.791,69.8748,23.6379,6.8359
10920.0,3.1637,37.5353,0.7812,69.9869,23.8898,6.8633
10925.0,3.1773,37.8424,0.7617,68.7845,23.7947,6.8496
10930.0,3.1848,37.9201,0.7812,69.9809,23.9052,6.8359
10935.0,3.1785,37.4038,0.7715,69.3816,23.7523,6.8359
10940.0,3.1738,37.5082,0.752,69.2701,23.5583,6.8359
10945.0,3.1791,37.4515,0.791,70.1924,23.883,6.8496
10950.0,3.1776,37.4514,0.7715,69.5392,23.3887,6.8223
10955.0,3.1892,37.6609,0.7715,69.3261,23.7287,6.8223
10960.0,3.1994,37.784,0.791,71.097,23.7844,6.8086
10965.0,3.2184,38.091,0.7812,72.9712,24.1517,6.7949
10970.0,3.2006,37.5256,0.7812,71.828,23.7926,6.8086
10975.0,3.1829,37.9324,0.7617,69.6189,23.3246,6.8223
10980.0,3.1859,37.3833,0.7812,70.3436,23.6254,6.8223
10985.0,3.1746,37.408,0.7715,67.4639,23.7178,6.8496
10990.0,3.1762,37.5195,0.791,69.5995,23.9585,6.8496
10995.0,3.1714,37.6067,0.7715,68.7531,24.1456,6.8633
11000.0,3.1269,36.941,0.752,65.2634,23.2774,6.8906
11005.0,3.1276,36.8356,0.752,67.2929,23.6469,6.9043
11010.0,3.13,36.7934,0.7422,66.2335,23.7161,6.9043
11015.0,3.1175,36.5159,0.752,66.828,24.1053,6.9316
11020.0,3.1087,35.7758,0.7617,67.1332,23.425,6.9316
11025.0,3.1228,36.5509,0.7617,67.5055,23.805,6.918
11030.0,3.1101,35.896,0.7422,65.7034,23.3089,6.918
11035.0,3.1114,36.3853,0.7715,68.2625,23.9565,6.9453
11040.0,3.0776,36.016,0.7617,65.2329,23.7416,6.9727
11045.0,3.1004,35.9704,0.7715,65.3882,24.0349,6.959
11050.0,3.0939,36.335,0.7617,66.3168,24.1205,6.9727
11055.0,3.08,35.8906,0.7617,66.1011,23.8174,6.9727
11060.0,3.0648,35.8177,0.752,64.5592,23.5895,6.9863
11065.0,3.0637,35.9351,0.752,62.4039,23.716,7.0
11070.0,3.055,35.1537,0.7324,62.725,23.1908,7.0
11075.0,3.0479,34.8634,0.7324,63.76,23.6184,7.0137
11080.0,3.0612,35.3227,0.7422,64.2419,23.8113,7.0
11085.0,3.0635,35.7278,0.7422,64.5374,23.853,7.0
11090.0,3.0849,36.2003,0.752,63.9772,24.0351,6.9863
11095.0,3.1037,36.4573,0.752,64.8798,23.6329,6.9453
11100.0,3.0932,36.0919,0.7617,64.9383,23.5633,6.959
11105.0,3.1296,36.1156,0.752,65.3581,23.9569,6.918
11110.0,3.1133,36.2611,0.752,66.1224,23.6043,6.9316
11115.0,3.1181,36.1501,0.7812,67.7187,24.3563,6.9453
11120.0,3.0976,36.4063,0.7422,65.3675,23.357,6.9453
11125.0,3.1002,36.4049,0.7324,64.4989,23.9362,6.959
11130.0,3.0827,35.387,0.7422,64.8477,23.7377,6.9727
11135.0,3.0845,36.3188,0.7422,64.2407,23.8949,6.9727
11140.0,3.0827,35.8756,0.752,63.6784,24.1103,6.9863
11145.0,3.0817,35.5207,0.7422,63.8264,23.966,6.9863
11150.0,3.0837,35.5228,0.7324,63.3634,24.2974,6.9863
11155.0,3.0864,36.5129,0.7617,64.9576,23.7754,6.9727
11160.0,3.0681,35.781,0.7422,64.6576,23.5522,6.9863
11165.0,3.0896,36.015,0.7617,66.3635,24.0778,6.9727
11170.0,3.1173,36.2622,0.752,65.7021,24.2984,6.9453
11175.0,3.1417,37.2683,0.7715,67.9217,23.8909,6.9043
11180.0,3.1349,36.8261,0.7617,66.8364,23.9495,6.9043
11185.0,3.1572,38.0693,0.7617,67.0974,24.2391,6.8906
11190.0,3.1444,36.9254,0.7715,67.9085,23.555,6.877
11195.0,3.1551,37.4901,0.7812,69.2064,23.8462,6.877
11200.0,3.1466,37.7404,0.7715,67.1028,24.0826,6.8906
11205.0,3.1538,37.1537,0.7715,67.9433,24.0012,6.8906
11210.0,3.1432,36.9677,0.7715,67.0034,23.7429,6.8906
11215.0,3.1744,37.737,0.7812,69.9053,23.9235,6.8496
11220.0,3.1673,37.6855,0.7617,68.2681,23.5657,6.8496
11225.0,3.1888,37.4659,0.8105,71.25,24.0604,6.8359
11230.0,3.1692,37.805,0.7715,67.9793,23.8232,6.8496
11235.0,3.1605,37.4686,0.7617,69.7035,24.2896,6.877
11240.0,3.1497,37.0107,0.7812,68.14,24.0077,6.8906
11245.0,3.1596,37.3851,0.7812,69.6012,24.0261,6.877
11250.0,3.175,37.8607,0.791,68.7168,24.0463,6.8496
11255.0,3.1858,37.6036,0.752,69.5566,24.1004,6.8359
11260.0,3.1596,37.0109,0.7715,68.6516,23.6311,6.8633
11265.0,3.1727,37.054,0.7617,68.7371,23.888,6.8496
11270.0,3.188,38.1948,0.7812,68.9688,23.8677,6.8359
11275.0,3.203,37.7177,0.7812,69.2783,24.0693,6.8223
11280.0,3.1966,37.6002,0.7715,72.0438,24.0851,6.8223
11285.0,3.182,37.4312,0.7715,71.223,23.4503,6.8223
11290.0,3.2005,37.9481,0.7812,70.3282,24.0265,6.8223
11295.0,3.1955,38.0595,0.791,69.9752,23.8839,6.8223
11300.0,3.1901,37.5493,0.7715,69.8492,24.3752,6.8496
11305.0,3.169,37.1122,0.752,68.6225,24.1657,6.8633
11310.0,3.1842,37.6931,0.7617,69.3024,24.1843,6.8496
11315.0,3.1737,37.1181,0.7715,69.4615,23.6454,6.8359
11320.0,3.196,37.1666,0.7812,70.7455,24.4705,6.8359
11325.0,3.187,38.1924,0.7617,69.239,23.7455,6.8223
11330.0,3.2092,38.1357,0.7812,70.816,24.3501,6.8223
11335.0,3.1928,37.8691,0.791,71.3096,23.8203,6.8223
11340.0,3.194,38.0249,0.7812,70.3875,23.5713,6.8086
11345.0,3.188,37.3345,0.791,70.6335,23.7688,6.8223
11350.0,3.1925,37.9546,0.791,72.5542,24.0129,6.8223
11355.0,3.182,37.9291,0.7617,68.2557,23.6163,6.8223
11360.0,3.1832,38.4911,0.7812,71.0286,23.8028,6.8359
11365.0,3.1798,37.5056,0.7715,69.6318,23.6997,6.8359
11370.0,3.1734,37.4686,0.7617,69.0272,23.9674,6.8496
11375.0,3.1688,37.2006,0.7617,70.2444,23.8902,6.8633
11380.0,3.1901,37.717,0.791,71.3526,24.2062,6.8359
11385.0,3.1773,37.4021,0.791,69.9799,23.838,6.8496
11390.0,3.1694,37.6514,0.7617,68.3093,24.2581,6.8633
11395.0,3.1914,37.8945,0.7812,71.4517,24.5723,6.8496
11400.0,3.1612,37.0955,0.7715,68.9205,23.8874,6.8633
11405.0,3.1725,37.8537,0.7812,70.0628,24.0123,6.8633
11410.0,3.1879,38.0986,0.7617,70.9072,24.0979,6.8359
11415.0,3.1965,38.0027,0.791,73.1526,24.3005,6.8359
11420.0,3.2098,38.0444,0.7617,70.2253,24.0898,6.8086
11425.0,3.199,38.3076,0.7812,70.094,24.1436,6.8223
11430.0,3.208,38.3849,0.7812,72.5121,23.7227,6.7949
11435.0,3.2361,38.9326,0.7812,72.6559,24.1198,6.7676
11440.0,3.2495,39.1702,0.7812,71.9689,24.171,6.7539
11445.0,3.2495,39.1947,0.791,73.0832,23.9517,6.7402
11450.0,3.2835,39.5142,0.8008,73.8603,24.0051,6.6992
11455.0,3.2786,39.4679,0.791,76.0326,23.8606,6.6992
11460.0,3.2869,39.6487,0.8008,74.9071,24.0596,6.6855
11465.0,3.2918,39.24,0.8105,74.9943,24.1213,6.6855
11470.0,3.2844,39.0305,0.8105,75.9062,23.6776,6.6855
11475.0,3.2909,39.6272,0.8301,76.1758,23.7291,6.6719
11480.0,3.2958,39.3839,0.8203,76.1154,24.2528,6.6855
11485.0,3.3006,39.6381,0.8105,76.6931,24.2029,6.6719
11490.0,3.3251,40.9617,0.8203,76.7511,24.3743,6.6445
11495.0,3.3096,39.8915,0.8301,77.2877,23.6773,6.6445
11500.0,3.3441,40.4316,0.8203,77.4832,24.3819,6.6172
11505.0,3.358,40.7087,0.8398,78.5769,24.2792,6.5898
11510.0,3.3733,41.0069,0.8496,80.6723,24.457,6.5762
11515.0,3.3677,40.6227,0.8301,80.2129,24.1376,6.5625
11520.0,3.3736,41.272,0.8398,78.8084,23.8784,6.5488
11525.0,3.4006,41.4924,0.8691,82.4625,24.3029,6.5215
11530.0,3.3924,41.3789,0.8496,81.2869,24.3649,6.5352
11535.0,3.3867,41.5234,0.8398,80.5044,23.9097,6.5215
11540.0,3.401,42.0098,0.8398,80.5288,23.951,6.5078
11545.0,3.4068,42.0354,0.8594,82.0851,24.2739,6.5078
11550.0,3.4253,41.3377,0.8496,81.5901,24.1973,6.4668
11555.0,3.433,41.612,0.8887,85.5841,23.951,6.4395
11560.0,3.4476,41.8615,0.8789,83.9529,24.0607,6.4258
11565.0,3.4216,41.3673,0.8789,84.2067,23.3766,6.4395
11570.0,3.449,42.4097,0.8691,84.0627,24.6068,6.4531
11575.0,3.437,41.8973,0.8594,83.6445,24.1242,6.4531
11580.0,3.4438,42.0465,0.8398,82.1243,23.6088,6.4121
11585.0,3.4435,41.5644,0.8594,84.4277,23.8995,6.4258
11590.0,3.4537,42.3838,0.8691,85.2973,24.0128,6.4121
11595.0,3.4413,42.1705,0.8691,84.695,23.8674,6.4258
11600.0,3.4466,42.0088,0.8789,83.3433,24.2511,6.4395
11605.0,3.464,42.4752,0.8496,83.7578,24.1733,6.3984
11610.0,3.4414,42.0871,0.8594,82.8199,23.876,6.4258
11615.0,3.4377,42.8124,0.8496,83.7222,23.9422,6.4395
11620.0,3.4414,42.0302,0.8789,84.3455,24.3158,6.4531
11625.0,3.4591,42.391,0.8594,85.371,24.5953,6.4395
11630.0,3.4301,41.7943,0.8789,84.4187,24.0047,6.4531
11635.0,3.4368,42.1098,0.8789,84.4461,24.0398,6.4395
11640.0,3.4445,42.1849,0.8789,84.3834,24.614,6.4531
11645.0,3.4371,42.0479,0.8594,84.3249,24.1999,6.4531
11650.0,3.4279,41.5836,0.8496,83.3635,24.0564,6.4531
11655.0,3.4111,41.6067,0.8594,82.5047,23.6418,6.4668
11660.0,3.4166,41.5043,0.8398,81.2901,24.2843,6.4941
11665.0,3.405,41.785,0.8594,81.5666,24.1151,6.5078
11670.0,3.416,41.8096,0.8301,80.1957,24.3008,6.4941
11675.0,3.4091,41.1103,0.8789,83.1943,23.8718,6.4805
11680.0,3.4069,41.6422,0.8594,82.4437,24.318,6.5078
11685.0,3.4068,41.8802,0.8496,81.4336,24.2735,6.5078
11690.0,3.4152,42.1564,0.8594,83.6678,24.4827,6.5078
11695.0,3.4097,41.8486,0.8594,81.4955,24.1097,6.4941
11700.0,3.4238,41.8641,0.8594,83.5154,24.0936,6.4668
11705.0,3.4177,42.1532,0.8594,84.0917,24.1626,6.4805
11710.0,3.4432,42.6269,0.8789,84.0588,24.6333,6.4668
11715.0,3.423,41.9148,0.8691,84.3407,24.5768,6.4941
11720.0,3.4251,41.6084,0.8496,83.106,24.0007,6.4668
11725.0,3.4182,42.1071,0.8691,82.1321,24.1324,6.4805
11730.0,3.4097,41.471,0.8398,82.689,23.8144,6.4805
11735.0,3.424,42.2813,0.8496,84.0265,24.3104,6.4805
11740.0,3.4315,42.2539,0.8496,82.7656,24.2945,6.4668
11745.0,3.3982,41.957,0.8398,80.4729,23.5533,6.4805
11750.0,3.4073,41.5946,0.8301,81.2202,23.9814,6.4941
11755.0,3.4261,41.8214,0.8691,83.4065,24.5286,6.4941
11760.0,3.4388,41.7073,0.8594,83.8509,24.1258,6.4395
11765.0,3.452,41.8712,0.8594,85.0889,24.2303,6.4258
11770.0,3.4603,42.5276,0.8789,84.4961,23.9775,6.3984
11775.0,3.4879,43.1878,0.8691,85.2134,24.2332,6.3574
11780.0,3.467,42.8603,0.8691,85.7034,23.9965,6.3848
11785.0,3.4806,43.0336,0.8789,85.7739,24.3704,6.3848
11790.0,3.4719,42.9723,0.8691,85.9083,23.7186,6.3574
11795.0,3.4864,43.1885,0.8789,86.5044,23.8108,6.3301
11800.0,3.4992,42.9891,0.8789,86.0905,23.9246,6.3164
11805.0,3.5145,43.0905,0.8691,87.2271,24.0452,6.2891
11810.0,3.5156,43.5183,0.8887,87.2999,24.1133,6.2891
11815.0,3.5098,43.4371,0.9082,88.5722,24.1341,6.3027
11820.0,3.5021,42.9837,0.8887,87.7826,23.8473,6.3027
11825.0,3.5328,43.6294,0.9082,90.2839,24.3727,6.2754
11830.0,3.5306,44.4096,0.9082,89.0258,24.1918,6.2617
11835.0,3.5345,43.4304,0.8984,88.5916,24.1275,6.2617
11840.0,3.5344,44.1914,0.8984,89.0602,24.1342,6.2617
11845.0,3.5207,43.5286,0.8691,87.6998,24.2974,6.2891
11850.0,3.5136,43.4891,0.8984,88.0978,23.8728,6.2891
11855.0,3.5155,43.6807,0.8984,88.4717,24.2523,6.3027
11860.0,3.5029,42.6419,0.8691,86.42,24.1091,6.3164
11865.0,3.5095,43.4693,0.9082,88.219,24.1832,6.3164
11870.0,3.4966,43.2596,0.8887,87.4916,23.9705,6.3301
11875.0,3.5045,43.4041,0.8984,88.2611,24.3245,6.3301
11880.0,3.5157,43.6714,0.8789,88.3487,24.4946,6.3164
11885.0,3.5176,43.349,0.8984,89.2065,24.2363,6.3027
11890.0,3.528,42.924,0.8887,89.0299,24.324,6.2754
11895.0,3.5341,43.3299,0.8984,90.1385,24.2495,6.2617
11900.0,3.5264,43.4872,0.8984,88.323,24.0401,6.2617
11905.0,3.5453,43.774,0.918,90.2693,24.503,6.2617
11910.0,3.5331,43.9628,0.8984,88.3636,24.6357,6.2891
11915.0,3.5159,43.7304,0.8789,88.3337,23.9326,6.2891
11920.0,3.5318,43.6889,0.8984,88.8216,24.118,6.2617
11925.0,3.5189,43.8889,0.8789,88.6375,24.0387,6.2891
11930.0,3.5171,44.1306,0.9082,89.8295,24.0724,6.2891
11935.0,3.5231,43.538,0.8887,89.5695,24.1004,6.2754
11940.0,3.5437,44.0402,0.8984,89.8047,24.2604,6.248
11945.0,3.5332,43.283,0.8887,89.929,24.1511,6.2617
11950.0,3.5233,43.2918,0.8887,89.4341,23.6731,6.248
11955.0,3.5369,44.4754,0.8789,89.4356,24.0922,6.248
11960.0,3.5232,43.8299,0.8984,89.0741,23.8292,6.2617
11965.0,3.5472,44.0378,0.918,90.3342,24.8056,6.2754
11970.0,3.5319,43.7372,0.8984,88.7303,24.1508,6.2617
11975.0,3.5285,43.5763,0.8984,89.0415,24.0654,6.2617
11980.0,3.5243,43.8028,0.8984,88.9684,23.9611,6.2617
11985.0,3.5247,43.845,0.8984,90.1704,23.733,6.248
11990.0,3.549,44.1028,0.9082,89.9629,24.2325,6.2344
11995.0,3.5299,44.1002,0.8984,88.3581,23.7039,6.2344
12000.0,3.5361,43.3136,0.8984,88.7661,23.8557,6.2344
12005.0,3.5357,43.6503,0.8984,89.0886,23.7435,6.2344
12010.0,3.556,44.4665,0.918,90.1353,24.0189,6.207
12015.0,3.5599,44.8623,0.918,91.8111,24.1795,6.207
12020.0,3.5573,44.3654,0.8984,89.3361,23.7829,6.1797
12025.0,3.5739,44.381,0.8984,90.8504,24.3346,6.1797
12030.0,3.5824,44.8346,0.8984,91.4284,24.22,6.1523
12035.0,3.5906,44.6228,0.9277,91.9231,24.3905,6.1387
12040.0,3.5984,45.2016,0.9375,93.1604,24.48,6.125
12045.0,3.6005,44.7966,0.9277,92.3709,24.1814,6.1113
12050.0,3.6072,44.5983,0.9277,92.8962,24.1532,6.084
12055.0,3.6177,45.4015,0.9375,94.0106,23.9592,6.043
12060.0,3.6277,45.3021,0.9375,94.1998,24.5005,6.0566
12065.0,3.6279,45.0217,0.9473,95.2474,24.2779,6.043
12070.0,3.6217,45.8466,0.9277,93.8482,23.7918,6.0156
12075.0,3.6141,45.2243,0.9375,94.1,23.7432,6.043
12080.0,3.6105,45.0852,0.9277,94.4514,23.9633,6.0566
12085.0,3.6163,45.4125,0.9277,93.9826,23.753,6.0293
12090.0,3.616,45.7501,0.9375,94.6045,24.03,6.0566
12095.0,3.6177,44.9115,0.918,93.221,23.8412,6.0293
12100.0,3.6296,45.2089,0.9375,93.6782,24.0392,6.0156
12105.0,3.6226,45.2781,0.9473,94.8376,23.977,6.0293
12110.0,3.6408,46.0727,0.957,95.9192,24.1643,6.002
12115.0,3.6419,45.6162,0.9473,94.1049,24.1394,5.9883
12120.0,3.6365,45.318,0.9277,93.567,24.0782,6.002
12125.0,3.6264,45.4451,0.9277,95.2945,23.9588,6.0156
12130.0,3.6442,45.6508,0.9375,96.1178,24.334,6.002
12135.0,3.633,45.1528,0.9473,95.6634,23.9855,6.002
12140.0,3.6489,45.5804,0.9375,94.3856,24.2658,5.9746
12145.0,3.6326,45.8664,0.9375,95.3551,23.7062,5.9883
12150.0,3.6457,45.7869,0.9277,95.187,24.0309,5.9746
12155.0,3.6432,45.7344,0.9473,94.9622,23.7519,5.9609
12160.0,3.6585,45.8177,0.9668,96.1063,24.0271,5.9336
12165.0,3.6716,46.5455,0.9473,96.4861,24.2964,5.9062
12170.0,3.6691,46.0977,0.9473,97.1532,24.3326,5.9199
12175.0,3.6623,46.3272,0.9668,96.3594,24.3339,5.9473
12180.0,3.6686,46.6203,0.918,94.9306,24.3879,5.9336
12185.0,3.6565,45.8719,0.9375,95.6618,23.6179,5.9062
12190.0,3.6749,46.3678,0.957,98.04,24.4056,5.9062
12195.0,3.6643,46.0545,0.957,96.8374,23.779,5.8926
12200.0,3.6683,45.9658,0.957,96.9091,23.9515,5.8926
12205.0,3.664,46.4946,0.9473,97.6585,23.6947,5.8926
12210.0,3.671,46.7823,0.957,97.4859,23.9047,5.8789
12215.0,3.6697,46.2382,0.9375,96.8529,23.6531,5.8652
12220.0,3.6793,46.3412,0.9473,97.4899,24.0626,5.8652
12225.0,3.6728,46.7285,0.9473,98.244,23.8762,5.8789
12230.0,3.666,46.0884,0.9375,97.1051,23.9055,5.8926
12235.0,3.661,46.7017,0.957,98.3973,24.0223,5.9199
12240.0,3.6503,45.9605,0.957,96.7567,23.9354,5.9473
12245.0,3.6578,46.0512,0.9277,94.905,24.0438,5.9336
12250.0,3.6454,46.0761,0.9375,94.4282,23.8492,5.9609
12255.0,3.6307,46.1431,0.9375,94.9379,23.5494,5.9746
12260.0,3.6448,45.5083,0.9375,96.3852,23.9995,5.9746
12265.0,3.6397,45.7847,0.9375,93.7404,23.5938,5.9609
12270.0,3.6526,45.7331,0.9375,96.3754,23.8718,5.9336
12275.0,3.6505,46.4482,0.9375,95.9838,23.759,5.9336
12280.0,3.6441,45.6892,0.9375,94.8976,23.0265,5.8926
12285.0,3.6679,46.3106,0.9277,97.3729,24.122,5.9062
12290.0,3.6695,46.3219,0.9473,96.8249,24.0581,5.8926
12295.0,3.6528,45.6031,0.9277,95.238,23.8088,5.9336
12300.0,3.6558,45.7165,0.918,95.932,23.81,5.9199
12305.0,3.642,45.5526,0.9473,96.2018,23.2553,5.9199
12310.0,3.6522,45.6632,0.957,96.2168,23.4281,5.9062
12315.0,3.6668,45.9319,0.9473,97.5144,24.22,5.9199
12320.0,3.6557,46.0732,0.957,96.4222,24.0609,5.9473
12325.0,3.6444,46.4405,0.9473,94.8838,23.7335,5.9473
12330.0,3.6522,46.1555,0.9473,97.6932,24.0236,5.9473
12335.0,3.6627,46.2731,0.9375,95.1189,23.9437,5.9062
12340.0,3.6653,46.0781,0.9375,96.8979,24.0408,5.9062
12345.0,3.6586,45.9901,0.9473,97.2215,23.8063,5.9199
12350.0,3.654,45.944,0.9473,95.4653,23.6501,5.9199
12355.0,3.6511,46.0001,0.957,96.9203,23.5218,5.9199
12360.0,3.6482,45.4476,0.9277,95.4331,23.5543,5.9199
12365.0,3.6567,46.1698,0.957,95.8011,23.7485,5.9199
12370.0,3.6561,46.302,0.9375,96.0723,23.5989,5.9062
12375.0,3.6461,45.9228,0.9473,95.4094,23.4021,5.9199
12380.0,3.6574,46.4007,0.9473,96.8067,23.5134,5.8926
12385.0,3.6764,46.6907,0.957,97.037,24.0251,5.8789
12390.0,3.6724,46.376,0.957,97.3202,24.0724,5.8926
12395.0,3.6691,46.4837,0.9473,96.4198,23.729,5.8789
12400.0,3.6663,46.5957,0.957,96.2823,23.9464,5.8926
12405.0,3.6432,46.2081,0.9375,96.3114,23.3357,5.9199
12410.0,3.656,45.7095,0.957,96.4613,23.6689,5.9062
12415.0,3.6657,46.3894,0.9375,96.7956,24.0004,5.9062
12420.0,3.6666,46.1405,0.9668,97.4776,24.0991,5.9062
12425.0,3.6656,46.4174,0.9473,97.0868,23.9694,5.9062
12430.0,3.6592,45.9123,0.9473,97.7342,23.5584,5.8926
12435.0,3.6573,45.9751,0.9277,96.4135,23.5907,5.9062
12440.0,3.6544,46.1197,0.957,96.0931,23.6325,5.9062
12445.0,3.656,45.9231,0.9473,95.5095,23.6958,5.9062
12450.0,3.6653,46.1831,0.9473,96.4166,24.0174,5.9062
12455.0,3.6492,45.8307,0.9277,96.7775,23.3801,5.9062
12460.0,3.6465,46.0124,0.9473,95.2133,23.4303,5.9199
12465.0,3.6483,45.7778,0.9375,95.2028,23.3837,5.9062
12470.0,3.6425,45.6376,0.9375,96.3087,23.3117,5.9199
12475.0,3.6641,46.4658,0.9668,97.0119,23.7495,5.8926
12480.0,3.6502,46.2061,0.957,95.4901,23.4548,5.9062
12485.0,3.6493,45.3515,0.9375,96.0833,23.3385,5.9062
12490.0,3.6598,46.1364,0.9473,96.3416,23.6832,5.9062
12495.0,3.6504,45.9117,0.9375,95.0154,23.605,5.9199
12500.0,3.6496,45.796,0.9375,96.1864,23.3459,5.9062
12505.0,3.6572,46.0475,0.9473,96.3407,23.8272,5.9199
12510.0,3.6572,45.5505,0.9375,95.1431,24.06,5.9336
12515.0,3.6337,45.4257,0.9375,95.7015,23.1477,5.9336
12520.0,3.6508,45.7121,0.9473,97.5144,23.4655,5.9062
12525.0,3.6395,45.3766,0.9277,95.9281,23.3469,5.9336
12530.0,3.6541,45.7834,0.9375,95.1313,23.8288,5.9336
12535.0,3.657,46.0268,0.957,96.3736,23.5829,5.9062
12540.0,3.6574,46.086,0.9473,95.6924,23.3582,5.8789
12545.0,3.6694,46.7687,0.957,97.9998,23.6891,5.8652
12550.0,3.6789,46.6544,0.957,99.3184,24.123,5.8789
12555.0,3.6631,46.5543,0.9473,95.4257,23.7228,5.8926
12560.0,3.6753,45.9167,0.957,97.8364,24.2566,5.8926
12565.0,3.676,46.375,0.9375,96.9481,24.0861,5.8789
12570.0,3.6628,46.0631,0.9277,95.8015,23.3084,5.8652
12575.0,3.6737,46.4198,0.9473,98.1822,23.5582,5.8379
12580.0,3.6807,46.3817,0.9473,97.6528,23.6042,5.8242
12585.0,3.6889,46.7827,0.9668,98.4011,23.8233,5.8105
12590.0,3.679,46.3406,0.9473,97.2486,23.6356,5.8379
12595.0,3.6748,46.0797,0.9668,97.336,23.6399,5.8516
12600.0,3.6772,46.5923,0.957,97.866,23.6403,5.8379
12605.0,3.6763,46.0957,0.9668,99.8903,23.5004,5.8242
12610.0,3.6809,46.5761,0.9473,97.4253,23.4731,5.8105
12615.0,3.6864,46.2629,0.9473,97.1683,23.493,5.7969
12620.0,3.6851,46.5142,0.957,97.4875,23.2517,5.7832
12625.0,3.6843,46.4997,0.9375,97.5085,23.2221,5.7832
12630.0,3.6966,46.5969,0.9766,99.4884,23.3939,5.7422
12635.0,3.6964,46.6948,0.9668,101.0415,23.2413,5.7285
12640.0,3.7034,47.2143,0.9668,99.1552,23.572,5.7422
12645.0,3.7012,46.4927,0.9668,98.781,23.473,5.7422
12650.0,3.6979,47.1703,0.957,97.8404,23.7091,5.7695
12655.0,3.6954,46.6273,0.9766,99.3676,23.8338,5.7969
12660.0,3.6743,46.4909,0.9375,96.9109,23.283,5.8105
12665.0,3.6852,46.7959,0.9473,97.8754,23.8325,5.8242
12670.0,3.664,46.4221,0.9473,96.0785,23.0264,5.8242
12675.0,3.6639,46.4265,0.9473,96.307,23.2557,5.8516
12680.0,3.6818,46.6743,0.9375,97.2883,23.8235,5.8379
12685.0,3.679,46.6471,0.957,97.7466,23.5142,5.8242
12690.0,3.6878,45.7599,0.957,97.9177,23.7834,5.8105
12695.0,3.6975,46.7404,0.957,98.5934,23.9147,5.7969
12700.0,3.6916,46.5956,0.9277,97.8356,23.4861,5.7695
12705.0,3.6792,46.5326,0.9473,96.4802,23.0699,5.7832
12710.0,3.6937,46.6494,0.957,98.7742,23.7309,5.7832
12715.0,3.6838,46.7799,0.957,98.4999,23.4835,5.7969
12720.0,3.6864,47.0414,0.9668,98.4257,23.326,5.7832
12725.0,3.6929,46.6922,0.9473,98.4353,23.5008,5.7695
12730.0,3.7045,46.8385,0.957,99.1485,23.8796,5.7559
12735.0,3.693,46.618,0.9668,98.6551,23.4294,5.7695
12740.0,3.6995,46.6068,0.957,98.6006,23.3813,5.7422
12745.0,3.7191,46.8993,0.9766,100.7429,24.0919,5.7285
12750.0,3.6926,46.4383,0.9668,98.1268,23.3069,5.7559
12755.0,3.7069,47.1493,0.9766,98.5264,23.975,5.7559
12760.0,3.7033,46.7816,0.957,99.3906,23.657,5.7422
12765.0,3.6965,47.002,0.957,98.3645,23.1534,5.7285
12770.0,3.708,46.803,0.957,99.3639,23.4152,5.7012
12775.0,3.7004,46.8274,0.9863,98.8796,22.9793,5.7012
12780.0,3.7176,46.5898,0.957,100.2628,23.8324,5.7012
12785.0,3.701,46.6719,0.957,96.9699,23.5504,5.7422
12790.0,3.6993,46.8051,0.957,97.5693,23.3775,5.7422
12795.0,3.7078,47.0734,0.9766,99.974,23.7191,5.7285
12800.0,3.7226,47.1349,0.9766,100.3505,24.2517,5.7285
12805.0,3.7035,46.6147,0.9668,98.3814,23.2014,5.7012
12810.0,3.7015,46.9747,0.9863,100.0016,23.2953,5.7148
12815.0,3.71,47.0341,0.9668,98.5969,23.7149,5.7285
12820.0,3.7035,46.6991,0.9668,99.6299,23.409,5.7285
12825.0,3.7006,47.2889,0.957,98.8971,23.318,5.7285
12830.0,3.7082,46.9557,0.9766,99.8519,23.7145,5.7285
12835.0,3.6999,47.3606,0.957,98.6699,23.6058,5.7559
12840.0,3.7041,46.4802,0.9375,98.7134,23.53,5.7285
12845.0,3.7003,46.1467,0.9766,98.8609,23.5386,5.7422
12850.0,3.7086,46.6866,0.9766,100.6456,23.7389,5.7285
12855.0,3.6995,46.7117,0.9668,100.0795,23.4036,5.7422
12860.0,3.7162,47.3781,0.957,99.8282,23.7506,5.7012
12865.0,3.705,47.0472,0.957,98.4072,23.7092,5.7422
12870.0,3.7069,47.0272,0.9766,100.0214,23.8613,5.7559
12875.0,3.7014,46.7555,0.9766,98.6461,23.5447,5.7422
12880.0,3.6922,46.2931,0.957,98.788,22.9765,5.7285
12885.0,3.7089,46.3897,0.957,98.1163,23.4096,5.7012
12890.0,3.7118,46.6304,0.9766,100.3514,23.6242,5.7148
12895.0,3.7091,46.6556,0.957,99.1102,23.5011,5.7148
12900.0,3.7044,46.8425,0.9473,99.8996,23.4033,5.7148
12905.0,3.7132,46.7791,0.9668,99.2234,23.6823,5.7148
12910.0,3.7209,47.4308,0.9668,100.2383,23.7623,5.6875
12915.0,3.7257,47.2343,0.9766,100.9067,23.876,5.6738
12920.0,3.7122,46.6342,0.9668,100.3777,23.2773,5.6738
12925.0,3.7139,47.1194,0.957,99.8286,23.3901,5.6738
12930.0,3.7264,46.8907,0.9668,100.728,23.9902,5.6875
12935.0,3.7211,47.454,0.9668,99.5517,23.7553,5.6875
12940.0,3.7103,46.9752,0.9668,99.3065,23.4221,5.7012
12945.0,3.7074,46.9092,0.9863,98.9986,23.5996,5.7285
12950.0,3.7041,46.6639,0.957,99.1763,23.3375,5.7148
12955.0,3.7122,47.0043,0.957,98.8684,23.7541,5.7148
12960.0,3.7134,46.8712,0.9668,99.4811,23.4668,5.6875
12965.0,3.7175,47.067,0.9668,100.104,23.4373,5.6738
12970.0,3.7156,46.4889,0.9766,100.1047,23.3498,5.6738
12975.0,3.723,46.6759,0.9668,100.838,23.7755,5.6738
12980.0,3.7028,46.3792,0.9766,98.4858,23.1003,5.7012
12985.0,3.715,46.4891,0.9766,99.4354,23.5028,5.6875
12990.0,3.7289,47.2718,0.9473,99.2874,23.748,5.6465
12995.0,3.7274,46.9494,0.9668,100.0854,23.5256,5.6328
13000.0,3.7327,46.9197,0.9766,102.1105,23.5664,5.6191
13005.0,3.7189,46.991,0.9766,100.1115,22.8947,5.6055
13010.0,3.7224,47.6907,0.9668,99.5204,23.1638,5.6191
13015.0,3.7337,47.1448,0.9766,101.3734,23.6843,5.6191
13020.0,3.7299,47.5421,0.9668,100.9039,23.5116,5.6191
13025.0,3.741,47.6181,0.9961,101.0575,23.9732,5.6191
13030.0,3.7311,46.8955,0.9766,100.9838,23.2951,5.5918
13035.0,3.7432,46.7882,0.9961,102.7975,23.751,5.5781
13040.0,3.7328,47.1741,0.9863,101.9271,23.292,5.5918
13045.0,3.7356,47.3901,0.9766,101.0948,23.3586,5.5781
13050.0,3.734,48.0439,0.9668,101.567,23.4336,5.5918
13055.0,3.7202,46.9577,0.9668,100.0301,22.9884,5.6055
13060.0,3.7335,47.6525,0.9863,101.2712,23.4606,5.6055
13065.0,3.7273,47.0664,0.957,100.2578,23.2299,5.6055
13070.0,3.725,46.6564,0.9668,100.5337,23.3843,5.6328
13075.0,3.7206,46.9189,0.9766,100.0902,23.3824,5.6465
13080.0,3.7212,47.3417,0.9668,100.0621,23.4689,5.6602
13085.0,3.7145,47.0613,0.957,99.3458,23.5021,5.6875
13090.0,3.7099,46.7259,0.957,98.9012,23.5218,5.7012
13095.0,3.7035,46.5369,0.9473,98.6898,23.6868,5.7422
13100.0,3.7001,47.0633,0.9277,98.8103,23.4449,5.7422
13105.0,3.7073,46.7053,0.9668,99.2254,23.6096,5.7285
13110.0,3.7085,46.8904,0.9766,99.0154,23.5169,5.7148
13115.0,3.7085,46.7855,0.9473,98.5959,23.4494,5.7012
13120.0,3.7181,46.9642,0.957,99.1964,23.5842,5.6738
13125.0,3.7136,46.7197,0.9668,98.8547,23.6025,5.7012
13130.0,3.7115,46.7022,0.9668,99.4247,23.6062,5.7148
13135.0,3.7013,47.292,0.957,99.5216,23.1117,5.7012
13140.0,3.7084,46.4477,0.957,99.1196,23.5155,5.7148
13145.0,3.705,46.9271,0.9668,99.2318,23.2267,5.7012
13150.0,3.7114,47.0106,0.9375,98.165,23.4544,5.7012
13155.0,3.7226,47.0589,0.9766,98.3957,23.7644,5.6738
13160.0,3.7117,46.4291,0.9668,98.9116,23.396,5.6875
13165.0,3.7108,46.6972,0.9863,101.3125,23.4176,5.6875
13170.0,3.7159,46.8346,0.9668,99.7386,23.7037,5.7012
13175.0,3.7138,46.8926,0.9668,100.6391,23.6912,5.7012
13180.0,3.7039,47.3388,0.9766,99.3887,23.0698,5.6875
13185.0,3.7191,47.5802,0.9766,100.1468,23.7216,5.6875
13190.0,3.716,47.4038,0.9668,99.6447,23.5393,5.6875
13195.0,3.7331,47.4138,0.9863,99.5268,23.9867,5.6465
13200.0,3.7191,47.1161,0.9668,100.9068,23.4173,5.6602
13205.0,3.7211,47.1863,0.9863,99.208,23.8321,5.6875
13210.0,3.7151,46.8659,0.9863,99.9087,23.4985,5.6875
13215.0,3.7226,47.3441,0.9766,100.5916,23.7909,5.6738
13220.0,3.7257,47.2099,0.957,99.022,23.8826,5.6738
13225.0,3.7285,47.4523,0.957,100.391,23.7005,5.6465
13230.0,3.7287,48.0465,0.9766,99.9792,23.6645,5.6465
13235.0,3.7214,47.342,0.9668,98.2944,23.5433,5.6602
13240.0,3.7308,47.5356,0.9766,102.1404,23.8884,5.6602
13245.0,3.7269,47.6087,0.957,100.4693,23.9512,5.6738
13250.0,3.7164,47.1179,0.9863,100.8303,23.4081,5.6738
13255.0,3.736,47.8965,0.957,100.8371,24.1236,5.6465
13260.0,3.7194,47.0994,0.9863,100.416,23.3905,5.6602
13265.0,3.7289,47.4037,0.9863,101.2229,23.4837,5.6191
13270.0,3.7248,47.0314,0.9668,100.491,23.5052,5.6465
13275.0,3.7112,47.1727,0.9473,98.5358,23.0653,5.6602
13280.0,3.724,47.4789,0.9668,100.5993,23.8428,5.6738
13285.0,3.724,47.0657,0.9668,100.7008,23.6372,5.6602
13290.0,3.7224,47.2906,0.9863,100.9213,23.552,5.6602
13295.0,3.7114,46.9512,0.9766,100.279,23.4248,5.6875
13300.0,3.729,46.8846,0.9668,100.0391,24.0058,5.6738
13305.0,3.717,46.8734,0.9473,98.9831,23.6358,5.6875
13310.0,3.7049,47.1185,0.9668,97.545,23.5564,5.7285
13315.0,3.6963,46.9478,0.957,97.8044,23.1913,5.7285
13320.0,3.6987,46.9929,0.9473,98.2819,23.339,5.7285
13325.0,3.7009,47.1432,0.9668,98.0177,23.7123,5.7559
13330.0,3.7014,46.4116,0.9473,99.4722,23.7557,5.7559
13335.0,3.6926,46.6968,0.957,99.166,23.7962,5.7969
13340.0,3.6879,45.994,0.957,98.0239,23.2769,5.7695
13345.0,3.7066,47.1909,0.9668,100.0608,24.0529,5.7695
13350.0,3.703,46.6563,0.957,97.974,23.8149,5.7559
13355.0,3.6936,46.2982,0.9766,98.3048,23.4342,5.7559
13360.0,3.6945,46.3523,0.957,98.6448,23.7313,5.7832
13365.0,3.7033,47.0648,0.9766,98.9976,23.8078,5.7559
13370.0,3.7069,46.9396,0.957,99.257,24.1417,5.7695
13375.0,3.6806,46.8492,0.957,97.0379,23.2743,5.7969
13380.0,3.7025,46.7946,0.957,97.9209,24.0607,5.7832
13385.0,3.6998,46.26,0.957,97.7072,23.9408,5.7832
13390.0,3.7019,46.9502,0.9766,98.0097,23.6229,5.7559
13395.0,3.6993,46.7809,0.9473,99.3719,23.5685,5.7559
13400.0,3.7001,46.4461,0.957,98.6315,23.7599,5.7695
13405.0,3.7127,46.9575,0.9766,99.6201,24.1505,5.7559
13410.0,3.7041,47.584,0.957,99.1559,24.1533,5.7832
13415.0,3.7149,46.5862,0.9668,99.238,24.3597,5.7695
13420.0,3.6966,46.9525,0.9668,98.4227,23.8604,5.7832
13425.0,3.6852,46.0698,0.957,98.8814,23.4595,5.7969
13430.0,3.6892,46.5438,0.9668,99.0028,23.6691,5.7969
13435.0,3.6962,46.7179,0.9473,97.546,23.8985,5.7969
13440.0,3.6923,46.5925,0.957,98.864,23.8612,5.8105
13445.0,3.6972,46.7711,0.9473,98.0361,24.0741,5.8105
13450.0,3.6982,47.1473,0.957,97.2402,24.1219,5.8105
13455.0,3.6976,47.256,0.9668,98.1287,23.9935,5.7969
13460.0,3.6939,46.4512,0.9668,99.1962,23.778,5.7969
13465.0,3.693,47.217,0.9668,98.4247,23.8,5.7969
13470.0,3.6944,46.9704,0.9473,98.8171,23.7125,5.7832
13475.0,3.6817,46.7686,0.9473,97.8657,23.508,5.8105
13480.0,3.7042,46.7927,0.9473,99.6239,24.4396,5.8105
13485.0,3.6987,46.9863,0.957,100.334,24.1029,5.7969
13490.0,3.7071,46.3811,0.9668,97.8052,24.2286,5.7832
13495.0,3.6967,46.6296,0.9668,97.9188,23.722,5.7832
13500.0,3.6896,46.7484,0.957,98.8899,23.8231,5.8105
13505.0,3.6982,46.6663,0.9668,99.4068,23.9312,5.7832
13510.0,3.7023,46.4037,0.957,98.2075,24.0637,5.7832
13515.0,3.6981,46.6546,0.957,99.1461,23.8323,5.7832
13520.0,3.7009,46.4529,0.9668,98.1991,24.098,5.7969
13525.0,3.7114,46.7319,0.957,99.8225,24.604,5.7969
13530.0,3.7048,47.2741,0.957,98.9907,24.3022,5.7969
13535.0,3.7003,46.4881,0.9668,99.0413,24.2156,5.8105
13540.0,3.691,46.3229,0.957,98.8511,23.8074,5.8105
13545.0,3.6937,46.4979,0.9473,97.8595,23.9279,5.8105
13550.0,3.6902,46.4172,0.9473,98.2428,23.8145,5.8105
13555.0,3.6995,46.2886,0.9668,100.2624,24.0453,5.7969
13560.0,3.7031,46.9013,0.9668,99.3289,24.2725,5.7969
13565.0,3.7056,47.3522,0.9668,99.6425,24.003,5.7695
13570.0,3.6988,46.8397,0.9766,100.1975,23.6966,5.7695
13575.0,3.7179,47.3133,0.9668,99.7476,24.4654,5.7559
13580.0,3.7137,47.135,0.9766,101.3263,24.2447,5.7559
13585.0,3.7096,46.8597,0.9473,99.2221,24.2935,5.7695
13590.0,3.7106,47.4302,0.957,99.0726,24.505,5.7969
13595.0,3.7131,46.9863,0.9766,100.2386,24.438,5.7695
13600.0,3.7087,47.147,0.9668,98.8334,24.0331,5.7559
13605.0,3.7113,47.6222,0.957,98.7704,24.3868,5.7832
13610.0,3.6906,46.7771,0.9473,97.2385,23.7306,5.7969
13615.0,3.6935,46.632,0.9668,98.7333,24.0125,5.8105
13620.0,3.6905,46.3198,0.9668,100.4069,23.7829,5.8105
13625.0,3.7088,47.1579,0.9473,99.4069,24.5444,5.7969
13630.0,3.699,46.3749,0.9473,98.0005,24.2246,5.8105
13635.0,3.7146,47.174,0.957,99.6323,24.7106,5.7969
13640.0,3.7095,46.8007,0.9863,99.9997,24.1542,5.7695
13645.0,3.7133,47.013,0.957,98.9161,24.4575,5.7695
13650.0,3.7105,47.1232,0.9668,100.0674,23.8428,5.7422
13655.0,3.7251,47.5371,0.9766,101.5144,24.4229,5.7285
13660.0,3.7166,47.1238,0.9863,101.3754,24.0745,5.7285
13665.0,3.7171,47.0054,0.9766,101.7209,24.0509,5.7285
13670.0,3.7236,47.3204,0.9766,99.3268,24.3882,5.7285
13675.0,3.7205,46.9876,0.9766,99.9437,24.1172,5.7148
13680.0,3.715,47.5585,0.957,98.6219,23.8258,5.7148
13685.0,3.7316,46.9352,0.9766,100.5653,24.6752,5.7148
13690.0,3.7305,47.0251,0.9668,100.057,24.5374,5.7148
13695.0,3.735,46.8815,0.9668,100.4224,24.4094,5.6875
13700.0,3.7291,47.6194,0.9863,102.2848,24.1778,5.6875
13705.0,3.7422,47.5441,0.9766,101.7255,24.6461,5.6738
13710.0,3.7482,47.5032,0.9961,102.4633,24.631,5.6465
13715.0,3.7502,47.6335,0.9863,102.2943,24.4643,5.6191
13720.0,3.7501,47.4976,0.9766,101.9561,24.4779,5.6191
13725.0,3.7433,47.5729,0.9961,102.208,24.3149,5.6328
13730.0,3.7389,47.4363,0.9863,101.4573,24.2451,5.6465
13735.0,3.7383,47.1633,0.9863,102.1949,24.4324,5.6738
13740.0,3.7394,46.8222,0.9766,99.6053,24.381,5.6602
13745.0,3.7349,47.5386,0.9668,101.199,24.6712,5.7012
13750.0,3.7365,47.3181,0.9863,100.3412,24.386,5.6738
13755.0,3.7417,47.3837,0.9766,101.5226,24.5007,5.6602
13760.0,3.7397,47.3288,0.9766,100.6957,24.6031,5.6738
13765.0,3.7361,47.6553,0.9863,101.3543,24.3734,5.6738
13770.0,3.7348,47.612,0.9766,100.9896,24.496,5.6875
13775.0,3.7345,47.482,0.9766,100.5127,24.6501,5.7012
13780.0,3.7405,47.1988,0.9668,101.1884,24.704,5.6875
13785.0,3.7454,48.094,0.9766,100.5335,24.7242,5.6602
13790.0,3.7522,47.254,0.9766,100.9577,24.8806,5.6465
13795.0,3.7399,47.2336,0.9766,100.4337,24.7115,5.6875
13800.0,3.7397,47.5309,0.9668,100.7302,24.7915,5.7012
13805.0,3.7432,47.8602,0.9766,100.9706,24.6408,5.6602
13810.0,3.7424,47.1641,0.9766,101.3125,24.5773,5.6602
13815.0,3.7413,47.4861,0.9766,100.7115,24.4435,5.6602
13820.0,3.7592,48.0487,0.9766,101.9578,25.0957,5.6328
13825.0,3.7551,47.4811,0.9668,102.9824,24.6708,5.6191
13830.0,3.7542,47.4325,0.9961,102.5599,24.7813,5.6191
13835.0,3.761,47.9984,0.9863,102.4982,25.0513,5.6191
13840.0,3.7436,47.8873,0.9766,102.1731,24.6391,5.6602
13845.0,3.753,47.6248,0.9863,102.7457,25.1942,5.6738
13850.0,3.7355,47.3803,0.9766,101.4262,24.5691,5.6875
13855.0,3.7343,47.1051,0.957,99.5676,24.6865,5.7148
13860.0,3.7385,47.2338,0.9668,101.2078,24.5384,5.6738
13865.0,3.7423,47.5831,0.957,101.3219,24.7282,5.6738
13870.0,3.7423,47.5618,0.9863,102.8074,24.7087,5.6738
13875.0,3.752,47.4785,0.9766,100.7237,24.6856,5.6328
13880.0,3.7628,48.0109,0.9863,101.5898,25.3161,5.6328
13885.0,3.7692,48.0433,0.9766,102.7211,25.9757,5.6465
13890.0,3.7525,47.8186,0.9766,102.3655,24.8155,5.6328
13895.0,3.7603,47.9362,0.9668,100.4646,24.9009,5.6055
13900.0,3.7654,47.7782,0.9961,102.2292,25.0732,5.5918
13905.0,3.7509,47.4977,0.9668,101.5348,24.4034,5.6055
13910.0,3.7679,48.2908,0.9961,103.7716,24.8759,5.5645
13915.0,3.7668,47.911,0.9961,103.6772,24.6539,5.5508
13920.0,3.7635,47.7408,0.9863,102.74,24.439,5.5508
13925.0,3.7752,48.3497,0.9863,104.2065,24.878,5.5234
13930.0,3.7729,48.2214,1.0059,103.6994,24.87,5.5371
13935.0,3.7795,47.949,0.9766,103.3279,25.1818,5.5234
13940.0,3.779,48.5699,0.9961,103.2607,25.2475,5.5371
13945.0,3.7731,48.2752,0.9961,104.4588,24.6758,5.5098
13950.0,3.7876,47.9219,1.0059,104.2613,25.1385,5.4688
13955.0,3.7963,48.494,1.0059,103.7497,25.2847,5.4277
13960.0,3.7894,48.0956,1.0059,104.6868,24.7575,5.4277
13965.0,3.7981,48.3859,1.0156,104.4487,25.193,5.4141
13970.0,3.8,47.9654,1.0254,105.9056,25.1617,5.3867
13975.0,3.804,49.0721,1.0156,104.9179,25.2002,5.3594
13980.0,3.8033,48.7455,0.9766,103.896,25.138,5.3594
13985.0,3.797,48.5443,1.0059,104.2693,24.9091,5.3867
13990.0,3.8115,48.5755,1.0059,105.3369,25.6385,5.3457
13995.0,3.8071,48.6358,1.0156,104.9234,25.2242,5.3457
14000.0,3.8062,48.2352,1.0059,104.32,24.957,5.3184
14005.0,3.8104,48.2287,1.0059,104.4524,25.2068,5.3184
14010.0,3.8151,49.0962,1.0059,106.3315,25.4738,5.3047
14015.0,3.8108,48.3216,1.0059,106.1241,25.1067,5.3047
14020.0,3.8108,48.3168,1.0254,106.8543,25.1416,5.3047
14025.0,3.8147,48.5541,1.0059,106.2677,25.2846,5.291
14030.0,3.8126,48.6338,1.0156,106.297,25.0869,5.2773
14035.0,3.8173,48.6817,1.0156,106.0371,25.2545,5.2637
14040.0,3.8151,48.8652,1.0156,106.486,24.9716,5.25
14045.0,3.8254,49.1097,1.0352,107.104,25.5275,5.209
14050.0,3.8267,48.8335,1.0352,107.2492,25.6681,5.209
14055.0,3.8274,48.8351,0.9961,105.8645,25.2993,5.168
14060.0,3.8258,48.9622,1.0059,105.7955,25.3591,5.1816
14065.0,3.8234,49.0141,1.0156,105.9195,25.0107,5.168
14070.0,3.8277,48.1784,1.0352,107.0182,25.2594,5.1543
14075.0,3.8337,49.1522,1.0254,105.5427,25.5879,5.127
14080.0,3.8309,48.8813,1.0156,106.1987,25.5973,5.1543
14085.0,3.8238,48.7585,0.9961,105.2852,24.9642,5.168
14090.0,3.8292,49.1532,1.0254,106.3235,25.255,5.1406
14095.0,3.8282,49.2927,1.0156,106.05,25.3792,5.168
14100.0,3.8323,48.7214,1.0352,107.0643,25.7614,5.168
14105.0,3.8308,48.6341,1.0254,106.357,25.6492,5.168
14110.0,3.8317,48.9218,1.0547,106.9407,25.8252,5.1816
14115.0,3.8263,49.0583,1.0059,105.1761,25.1337,5.1543
14120.0,3.8286,48.8986,1.0156,104.6578,25.2348,5.1406
14125.0,3.8386,49.0042,1.0254,107.6307,26.0122,5.1133
14130.0,3.8414,49.0437,1.0254,108.308,25.9838,5.0723
14135.0,3.8357,49.8374,1.0059,105.5041,25.2355,5.0586
14140.0,3.8376,49.0183,1.0156,106.5253,25.2823,5.0449
14145.0,3.8469,49.6444,1.0352,108.1948,26.0653,5.0039
14150.0,3.8417,49.469,1.0254,108.6434,25.4014,5.0039
14155.0,3.8436,49.0597,1.0254,106.3529,25.5082,4.9902
14160.0,3.8461,49.3384,1.0352,108.5495,25.4069,4.9355
14165.0,3.8466,49.4807,1.0254,107.6766,25.4612,4.9355
14170.0,3.8493,49.3993,1.0547,107.4121,25.4813,4.8945
14175.0,3.8528,49.7023,1.0254,107.4675,26.0273,4.8945
14180.0,3.8491,49.688,1.0449,107.3192,25.517,4.9082
14185.0,3.8481,49.124,1.0449,108.2864,25.433,4.9082
14190.0,3.8478,49.5847,1.0156,106.0037,25.388,4.9082
14195.0,3.8494,48.9943,1.0352,108.008,25.4045,4.8809
14200.0,3.8485,49.6432,1.0254,107.7889,25.5578,4.9219
14205.0,3.8491,49.4786,1.0059,107.5714,25.5614,4.9082
14210.0,3.8505,49.4087,1.0059,108.7884,25.635,4.8945
14215.0,3.8522,49.0453,1.0156,107.1216,25.9337,4.8945
14220.0,3.8498,48.9632,1.0254,108.0593,25.3761,4.8809
14225.0,3.8479,49.3633,1.0254,107.735,25.2359,4.8945
14230.0,3.8485,49.1238,1.0156,108.105,25.192,4.8672
14235.0,3.855,49.4699,1.0059,107.5852,26.0376,4.8672
14240.0,3.8554,49.7594,1.0352,108.9356,25.994,4.8535
14245.0,3.8541,49.398,1.0254,108.2851,25.818,4.8535
14250.0,3.8543,49.3695,1.0352,109.1858,25.6333,4.8262
14255.0,3.855,49.5868,1.0156,107.3884,25.9116,4.8398
14260.0,3.8556,49.6674,1.0254,108.874,25.941,4.8398
14265.0,3.857,49.3568,1.0352,107.8459,26.1628,4.8398
14270.0,3.8519,49.2333,1.0156,107.9049,25.4908,4.8535
14275.0,3.8573,49.3596,1.0156,108.4116,26.204,4.8398
14280.0,3.8578,50.4025,1.0156,107.319,25.8421,4.7852
14285.0,3.8593,50.1586,1.0254,106.5356,25.8306,4.7441
14290.0,3.8596,49.3668,1.0547,108.6864,25.6877,4.7168
14295.0,3.8612,49.8453,1.0156,108.9691,25.8375,4.7031
14300.0,3.8604,49.1076,1.0254,109.1315,25.6068,4.6895
14305.0,3.8623,49.5882,1.0352,109.1508,25.7559,4.6621
14310.0,3.8643,49.7098,1.0352,109.7183,26.0184,4.6348
14315.0,3.8631,49.6738,1.0449,109.2302,25.5092,4.6074
14320.0,3.8632,49.757,1.0547,110.6031,25.6492,4.6211
14325.0,3.8645,49.983,1.0449,109.2569,26.0191,4.6348
14330.0,3.8639,49.7211,1.0352,108.4262,25.8353,4.6348
14335.0,3.8641,49.499,1.0254,109.6088,26.0164,4.6484
14340.0,3.8628,49.9765,1.0449,109.3814,25.9051,4.6621
14345.0,3.8656,49.1393,1.0352,109.0068,26.3336,4.6484
14350.0,3.8652,49.3101,1.0352,108.7911,26.411,4.6621
14355.0,3.8638,49.8394,1.0449,110.2289,26.0873,4.6621
14360.0,3.8638,49.4783,1.0352,109.6832,25.9809,4.6484
14365.0,3.8642,50.0066,1.0449,110.0194,26.033,4.6484
14370.0,3.8632,49.6508,1.0254,107.6666,25.8814,4.6484
14375.0,3.8637,49.7571,1.0156,108.4119,25.9289,4.6484
14380.0,3.8661,49.74,1.0547,109.9807,26.2852,4.6211
14385.0,3.8654,49.7852,1.0352,107.5207,26.1602,4.6348
14390.0,3.8655,49.6098,1.0156,109.2269,25.8604,4.5801
14395.0,3.8671,49.0904,1.0645,110.0669,26.1837,4.5801
14400.0,3.8673,49.8507,1.0352,109.2243,26.2,4.5664
14405.0,3.867,49.6245,1.0352,109.0943,25.9802,4.5527
14410.0,3.8678,49.0231,1.0352,108.5825,26.317,4.5664
14415.0,3.867,49.7025,1.0254,108.4732,26.1322,4.5664
14420.0,3.8664,49.6891,1.0449,108.6949,26.1279,4.5938
14425.0,3.8674,49.1987,1.0254,109.0062,26.0968,4.5527
14430.0,3.8671,49.6025,1.0254,109.0478,25.7765,4.5254
14435.0,3.8687,49.3202,1.0254,108.9657,26.2546,4.5254
14440.0,3.8693,50.1087,1.0156,108.5851,26.1345,4.498
14445.0,3.8707,49.7596,1.0352,109.1242,26.4086,4.4844
14450.0,3.8692,49.9438,1.0449,109.2614,25.9978,4.4844
14455.0,3.8687,49.8645,1.0352,109.3166,25.8307,4.4707
14460.0,3.8705,49.6071,1.0352,109.689,26.0948,4.4434
14465.0,3.8706,49.6781,1.0449,109.2691,26.0551,4.4297
14470.0,3.8728,49.5704,1.0352,108.4153,26.5728,4.416
14475.0,3.8718,49.4856,1.0254,108.6857,26.2282,4.4023
14480.0,3.8702,49.3193,1.0352,109.6646,25.8512,4.416
14485.0,3.8727,50.061,1.0254,108.9352,26.6499,4.4297
14490.0,3.8723,50.0818,1.0547,109.7953,26.3062,4.4023
14495.0,3.8731,49.3349,1.0254,109.3872,26.1759,4.334
14500.0,3.8729,50.0787,1.0449,109.7381,26.1168,4.3477
14505.0,3.8724,49.0296,1.0254,108.0434,26.1709,4.375
14510.0,3.8743,49.9598,1.0352,109.2995,26.7779,4.3613
14515.0,3.8742,49.8692,1.0547,111.3714,26.4261,4.3203
14520.0,3.8735,49.9158,1.0254,108.8521,26.1527,4.3203
14525.0,3.8733,50.2743,1.0449,108.8631,26.1525,4.3203
14530.0,3.8742,49.8553,1.0449,109.6954,26.2059,4.293
14535.0,3.8754,49.8987,1.0352,109.9431,26.3719,4.252
14540.0,3.8755,49.7704,1.0547,109.927,26.1398,4.1973
14545.0,3.8755,49.3439,1.0547,108.5212,26.0369,4.1836
14550.0,3.8764,49.862,1.0449,110.482,26.3841,4.1836
14555.0,3.8765,49.7159,1.0352,109.2852,26.4359,4.1836
14560.0,3.8746,49.581,1.0254,108.8338,25.635,4.1836
14565.0,3.876,49.9622,1.0449,109.3266,26.0959,4.1699
14570.0,3.8775,49.9907,1.0352,109.2562,26.8534,4.1836
14575.0,3.8764,49.9558,1.0449,109.334,26.0962,4.1426
14580.0,3.8764,49.7781,1.0254,108.5952,25.9972,4.1289
14585.0,3.8764,49.5734,1.0352,110.3219,25.7944,4.0879
14590.0,3.8782,50.1427,1.0352,108.5717,26.3017,4.0332
14595.0,3.879,50.2915,1.0547,109.6918,26.6122,4.0195
14600.0,3.8777,50.3364,1.0352,108.9799,25.8356,4.0059
14605.0,3.8782,49.8847,1.0449,110.9191,26.0693,3.9922
14610.0,3.8777,49.479,1.0254,109.7401,25.7608,3.9922
14615.0,3.8796,49.8617,1.0352,109.3593,26.8009,3.9785
14620.0,3.8793,50.0734,1.0254,108.5174,26.6456,3.9785
14625.0,3.8795,49.4995,1.0547,110.4465,26.6005,3.9648
14630.0,3.8789,50.2312,1.0645,110.1302,26.1911,3.9512
14635.0,3.8796,49.5197,1.0547,110.222,26.3813,3.9102
14640.0,3.8802,49.6106,1.0449,110.1714,26.6699,3.8965
14645.0,3.8803,49.598,1.0352,108.8131,26.452,3.8555
14650.0,3.8795,49.375,1.0352,110.2984,25.7524,3.8145
14655.0,3.8806,49.2428,1.0645,110.6519,26.7078,3.8418
14660.0,3.8799,49.7472,1.0352,108.7882,26.005,3.8281
14665.0,3.8802,49.8103,1.0254,108.3949,26.3812,3.8418
14670.0,3.881,50.247,1.0449,108.9651,26.6012,3.7871
14675.0,3.8808,49.8775,1.0254,108.6981,26.5076,3.7871
14680.0,3.8804,49.1664,1.0449,109.8889,26.2205,3.7871
14685.0,3.8812,49.8507,1.0449,110.0403,26.6432,3.7598
14690.0,3.8807,49.8773,1.0352,109.1191,26.2455,3.7598
14695.0,3.8811,49.8957,1.0059,108.4737,26.4333,3.7324
14700.0,3.8815,49.6079,1.0742,110.6067,26.7227,3.7188
14705.0,3.881,49.4274,1.0449,109.5888,26.3494,3.7324
14710.0,3.8812,50.1118,1.0449,110.8198,26.6119,3.7461
14715.0,3.8813,49.9555,1.0547,109.6731,26.593,3.7324
14720.0,3.8816,49.9447,1.0547,110.2585,26.8399,3.7324
14725.0,3.8811,50.4302,1.0352,110.0213,26.4306,3.7324
14730.0,3.8805,49.3854,1.0352,108.7232,26.1103,3.7598
14735.0,3.881,50.384,1.0352,108.8873,26.2303,3.7188
14740.0,3.8817,49.8276,1.0547,110.2532,26.8792,3.7188
14745.0,3.8815,49.9252,1.0352,109.7677,26.6195,3.7051
14750.0,3.8809,50.4562,1.0254,109.1182,26.1241,3.7051
14755.0,3.8813,49.5337,1.0449,110.946,26.3,3.6777
14760.0,3.8815,49.9246,1.0254,109.4411,26.3632,3.6641
14765.0,3.8813,49.9237,1.0449,111.1213,26.5548,3.7188
14770.0,3.8816,49.8031,1.0449,110.8452,26.7226,3.7051
14775.0,3.8817,49.8057,1.0449,111.0462,26.6516,3.6641
14780.0,3.8818,49.8513,1.0352,109.4685,26.7333,3.6777
14785.0,3.8817,49.4163,1.0645,109.527,26.5634,3.6641
14790.0,3.881,50.6629,1.0449,110.3503,25.8565,3.6504
14795.0,3.8817,49.2286,1.0254,109.9849,26.5584,3.6504
14800.0,3.8817,50.0154,1.0254,110.5645,26.3931,3.623
14805.0,3.8817,49.9439,1.0352,109.4924,26.4313,3.6367
14810.0,3.8818,49.9268,1.0352,109.0442,26.4529,3.623
14815.0,3.8818,49.6547,1.0449,109.5467,26.3495,3.6094
14820.0,3.8816,49.8919,1.0156,108.7692,26.1749,3.6094
14825.0,3.8816,50.4865,1.0352,109.3831,25.8963,3.5547
14830.0,3.8825,50.1691,1.0547,109.3745,26.5924,3.5137
14835.0,3.8825,50.0693,1.0547,111.1236,26.3276,3.4453
14840.0,3.8824,50.009,1.0449,110.1819,26.1339,3.459
14845.0,3.8825,49.9842,1.0449,110.2375,26.3193,3.459
14850.0,3.8823,49.6723,1.0352,110.2071,26.0101,3.4316
14855.0,3.8827,50.1739,1.0254,109.2664,26.3737,3.418
14860.0,3.8828,50.0229,1.0449,110.5204,26.5158,3.418
14865.0,3.8828,50.0755,1.0449,109.4264,26.5441,3.418
14870.0,3.883,50.2005,1.0449,109.4257,26.603,3.377
14875.0,3.8828,49.7195,1.0352,110.3421,26.135,3.3633
14880.0,3.8829,49.7479,1.0449,109.3002,26.4028,3.3633
14885.0,3.883,50.2727,1.0352,110.6206,26.5908,3.377
14890.0,3.8827,50.5141,1.0254,110.0125,26.213,3.3906
14895.0,3.8832,49.5595,1.0352,109.9972,26.7553,3.3496
14900.0,3.8833,50.4221,1.0547,112.1598,26.8687,3.3359
14905.0,3.8832,49.6595,1.0449,110.6401,26.6426,3.3359
14910.0,3.8832,50.0168,1.0352,109.3423,26.3602,3.2812
14915.0,3.8833,49.5032,1.0547,109.9769,26.459,3.2676
14920.0,3.883,49.7908,1.0449,109.8391,26.0448,3.2676
14925.0,3.8833,50.167,1.0547,109.1835,26.2927,3.2402
14930.0,3.8834,50.182,1.0449,110.4335,26.4077,3.2129
14935.0,3.8834,49.9108,1.0254,108.7416,26.1577,3.1719
14940.0,3.8835,50.1577,1.0352,109.4652,26.4181,3.1719
14945.0,3.8836,50.0501,1.0352,110.2125,26.3958,3.1445
14950.0,3.8833,50.8346,1.0449,109.693,25.9952,3.1719
14955.0,3.8836,49.7701,1.0547,109.8332,26.6566,3.1719
14960.0,3.8837,49.9366,1.0547,110.2834,26.7744,3.1719
14965.0,3.8834,49.7733,1.0352,110.355,26.2762,3.1719
14970.0,3.8834,50.292,1.0254,109.257,26.1161,3.1445
14975.0,3.8837,50.3832,1.0352,110.1978,26.5696,3.1309
14980.0,3.8836,49.856,1.0352,109.1414,26.2737,3.1035
14985.0,3.8837,49.9525,1.0352,109.1065,26.2975,3.0898
14990.0,3.8834,50.0819,1.0645,110.9615,25.7786,3.0898
14995.0,3.8838,50.3132,1.0352,109.4029,26.8059,3.1172
15000.0,3.8834,49.9321,1.0449,110.8657,26.0494,3.1309
15005.0,3.8836,49.6239,1.0547,111.3216,26.4123,3.1309
15010.0,3.8836,50.2273,1.0352,108.4234,26.3055,3.1172
15015.0,3.8835,49.8032,1.0449,109.4502,26.1393,3.1445
15020.0,3.8836,50.1522,1.0645,112.7499,26.2867,3.1035
15025.0,3.8837,50.0057,1.0547,109.7769,26.5437,3.1172
15030.0,3.8838,49.6021,1.0547,109.7486,26.5418,3.0762
15035.0,3.8839,50.7502,1.0449,111.2364,26.7334,3.0762
15040.0,3.8837,49.9016,1.0352,109.3091,26.2703,3.0625
15045.0,3.8838,50.491,1.0645,111.8428,26.3268,3.0488
15050.0,3.8839,49.9807,1.0352,109.7278,26.6621,3.0488
15055.0,3.8836,50.2474,1.0352,109.6362,25.7505,3.0215
15060.0,3.8837,49.8466,1.0449,109.409,26.0971,3.0078
15065.0,3.8839,49.864,1.0547,109.4238,26.4733,3.0078
15070.0,3.8839,49.7777,1.0352,109.1598,26.3566,3.0078
15075.0,3.8839,50.2225,1.0352,108.7331,26.295,2.9941
15080.0,3.8839,49.8733,1.0352,110.7909,26.5087,3.0215
15085.0,3.884,50.0383,1.0352,111.0053,26.7369,3.0215
15090.0,3.8837,49.4689,1.0547,110.1474,26.1098,3.0215
15095.0,3.8837,49.7716,1.0254,108.5401,26.1952,3.0352
15100.0,3.8837,50.0233,1.0352,109.7898,26.1488,3.0488
15105.0,3.8836,50.2008,1.0449,110.6011,25.8699,3.0215
15110.0,3.8837,50.2474,1.0352,109.3998,26.097,3.0352
15115.0,3.8837,50.1386,1.0156,108.3666,26.1178,3.0215
15120.0,3.8838,50.4003,1.0547,111.1874,26.282,3.0078
15125.0,3.8837,49.4042,1.0352,109.656,25.9506,2.9941
15130.0,3.8837,50.2423,1.0254,109.2346,25.7869,2.9531
15135.0,3.8839,50.1097,1.0449,108.7314,26.2625,2.9531
15140.0,3.8838,50.2513,1.0352,108.7547,25.9665,2.9531
15145.0,3.8838,50.3246,1.0449,109.7086,26.0384,2.9668
15150.0,3.8838,50.4931,1.0547,109.7332,25.9716,2.9668
15155.0,3.884,50.2353,1.0449,111.3341,26.3782,2.9258
15160.0,3.8839,50.263,1.0352,110.2972,26.1627,2.9395
15165.0,3.8839,49.4516,1.0352,110.4471,25.9573,2.8848
15170.0,3.884,49.7342,1.0449,108.8142,26.1723,2.8711
15175.0,3.884,50.8395,1.0156,109.4233,26.1922,2.8848
15180.0,3.884,49.8605,1.0449,109.7768,26.2548,2.9121
15185.0,3.884,50.3509,1.0449,110.6318,26.1927,2.8711
15190.0,3.8841,49.7215,1.0449,110.6218,26.418,2.8848
15195.0,3.8841,49.9616,1.0547,110.252,26.2485,2.8438
15200.0,3.8839,49.7387,1.0254,109.6851,25.7232,2.8301
15205.0,3.8841,49.5849,1.0352,109.3717,26.1171,2.8164
15210.0,3.8841,50.2972,1.0449,109.2026,26.1556,2.8027
15215.0,3.8842,49.8484,1.0645,110.0158,26.414,2.7891
15220.0,3.8842,50.0247,1.0449,109.7403,26.2928,2.7891
15225.0,3.8841,49.9774,1.0352,109.1966,25.9814,2.7617
15230.0,3.8843,50.0453,1.0352,111.0109,26.4739,2.7344
15235.0,3.8842,50.0731,1.0254,109.6038,26.1426,2.7207
15240.0,3.8843,49.5352,1.0547,109.3434,26.2535,2.7207
15245.0,3.8841,50.3935,1.0547,110.821,25.7036,2.707
15250.0,3.8843,49.6968,1.0352,109.1585,26.3049,2.6934
15255.0,3.8841,50.2521,1.0742,112.356,25.4777,2.6934
15260.0,3.8843,49.8662,1.0254,109.7053,26.5336,2.7207
15265.0,3.8843,49.9585,1.0645,111.1139,26.1255,2.6934
15270.0,3.8842,49.7232,1.0352,109.477,26.0688,2.7344
15275.0,3.8841,49.8702,1.0352,108.6712,25.8942,2.7344
15280.0,3.8842,49.7918,1.0352,110.5544,26.2233,2.7617
15285.0,3.8842,50.0171,1.0449,109.3713,26.0456,2.7617
15290.0,3.8841,49.4768,1.0254,109.7729,25.7353,2.7617
15295.0,3.8843,50.1311,1.0254,110.3604,26.3445,2.748
15300.0,3.884,49.7623,1.0449,110.2461,25.6048,2.7754
15305.0,3.8841,49.753,1.0449,109.9535,25.9915,2.7754
15310.0,3.8841,49.9534,1.0352,110.0994,25.8423,2.7617
15315.0,3.8842,49.7644,1.0352,109.8644,26.1894,2.7617
15320.0,3.8841,49.9573,1.0352,109.3766,25.8382,2.7344
15325.0,3.884,49.5281,1.0449,110.5605,25.7519,2.7617
15330.0,3.884,49.6523,1.0547,109.532,25.6846,2.7754
15335.0,3.884,50.1836,1.0449,110.8234,25.6352,2.748
15340.0,3.884,49.8216,1.0352,109.6164,25.7324,2.7754
15345.0,3.8837,50.1332,1.0254,109.4761,25.2507,2.8301
15350.0,3.8839,49.99,1.0254,109.6336,25.4906,2.8164
15355.0,3.8839,50.0061,1.0547,111.0741,25.6148,2.8164
15360.0,3.884,49.7376,1.0547,110.6556,25.873,2.8301
15365.0,3.8839,50.7238,1.0645,110.3306,25.4475,2.8164
15370.0,3.8839,49.9809,1.0352,110.0935,25.4209,2.7891
15375.0,3.884,49.9023,1.0352,109.1584,25.8765,2.8438
15380.0,3.8837,50.3151,1.0449,110.6051,25.3356,2.8848
15385.0,3.8838,50.4064,1.0352,110.2963,25.6704,2.8984
15390.0,3.8838,49.7127,1.0547,110.9948,25.962,2.9395
15395.0,3.8838,50.1926,1.0352,110.2152,25.8916,2.9395
15400.0,3.8836,50.1824,1.0547,110.2064,25.5705,2.9531
15405.0,3.8838,50.0832,1.0547,110.595,25.9692,2.9395
15410.0,3.8837,49.1075,1.0352,109.9885,25.6321,2.9258
15415.0,3.8836,50.006,1.0449,109.122,25.6036,2.9531
15420.0,3.8837,49.8783,1.0449,109.433,25.7191,2.9668
15425.0,3.8837,50.4395,1.0645,109.1561,25.6869,2.9668
15430.0,3.8838,49.1924,1.0352,109.2869,25.9728,2.9668
15435.0,3.8834,49.879,1.0547,111.0208,25.4404,3.0078
15440.0,3.8835,50.1444,1.0254,110.4575,25.7627,3.0352
15445.0,3.8832,50.0724,1.0547,110.3728,25.3125,3.0625
15450.0,3.8832,49.8322,1.0547,110.505,25.3627,3.0625
15455.0,3.8835,50.0023,1.0254,109.247,25.9112,3.0898
15460.0,3.8832,50.4892,1.0352,109.4441,25.5022,3.1035
15465.0,3.883,49.7688,1.0352,109.4132,25.174,3.0898
15470.0,3.8833,50.2789,1.0449,110.3618,25.5641,3.0762
15475.0,3.8831,49.3987,1.0156,108.5748,25.3001,3.0762
15480.0,3.8829,50.3269,1.0547,110.424,24.956,3.0762
15485.0,3.8831,49.5899,1.0352,108.2371,25.2903,3.0898
15490.0,3.8833,50.4978,1.0547,111.0525,25.4663,3.0625
15495.0,3.8833,50.0302,1.0449,110.4746,25.5786,3.0625
15500.0,3.8834,50.0567,1.0254,110.315,25.6805,3.0762
15505.0,3.883,50.1766,1.0254,110.1787,25.3327,3.1172
15510.0,3.8831,49.9281,1.0254,109.8185,25.5992,3.1309
15515.0,3.8829,49.8334,1.0059,107.8636,25.2374,3.1445
15520.0,3.8831,49.9482,1.0352,109.3213,25.5307,3.1445
15525.0,3.8832,49.5058,1.0547,110.2548,25.7775,3.1445
15530.0,3.8832,50.0602,1.0547,110.4708,25.9221,3.1719
15535.0,3.8827,49.7102,1.0352,109.0789,25.1022,3.1582
15540.0,3.8828,49.4055,1.0449,110.6114,25.1962,3.1582
15545.0,3.883,49.669,1.0352,109.4488,25.5058,3.1445
15550.0,3.8828,50.0342,1.0254,109.3151,25.2912,3.1719
15555.0,3.8831,50.0465,1.0449,109.8421,25.6976,3.1719
15560.0,3.8828,50.1204,1.0645,110.5844,25.349,3.1855
15565.0,3.8827,49.5126,1.0547,110.9034,25.301,3.2129
15570.0,3.8823,49.6953,1.0547,108.7313,24.978,3.2266
15575.0,3.8828,49.8285,1.0352,110.5096,25.5734,3.2402
15580.0,3.8827,49.9556,1.0156,109.4462,25.4636,3.2402
15585.0,3.8828,49.6146,1.0645,110.6071,25.5099,3.2266
15590.0,3.8823,49.6299,1.0449,110.7987,25.0722,3.2539
15595.0,3.8824,49.7991,1.0254,109.4031,25.3907,3.2949
15600.0,3.8822,49.5727,1.0449,109.3491,25.1286,3.2949
15605.0,3.8822,49.6783,1.0352,109.9202,25.2515,3.3086
15610.0,3.8817,49.4228,1.0449,109.7831,24.7962,3.3086
15615.0,3.8819,50.2196,1.0547,109.7977,24.9655,3.3223
15620.0,3.8822,50.0143,1.0449,110.3922,25.3167,3.3223
15625.0,3.8823,50.3059,1.0254,109.4012,25.4616,3.3359
15630.0,3.8819,49.82,1.0156,109.8186,25.0223,3.3359
15635.0,3.8822,49.4384,1.0254,109.3858,25.4356,3.3496
15640.0,3.8821,50.1236,1.0352,109.5455,25.3032,3.3496
15645.0,3.8818,50.0695,1.0254,108.8897,25.0586,3.3633
15650.0,3.8817,50.1585,1.0449,110.0701,25.1756,3.3906
15655.0,3.8815,50.3228,1.0352,109.8473,24.8465,3.3633
15660.0,3.8813,50.437,1.0547,110.0167,24.8479,3.3906
15665.0,3.8816,49.9349,1.0449,109.5985,24.966,3.377
15670.0,3.882,50.0916,1.0547,110.6422,25.6258,3.418
15675.0,3.8811,49.3925,1.0059,107.2807,24.9145,3.4453
15680.0,3.8812,50.7874,1.0352,109.5515,25.1543,3.4727
15685.0,3.8812,49.888,1.0645,111.0664,25.0732,3.4727
15690.0,3.8807,50.1259,1.0352,110.0699,24.9193,3.5137
15695.0,3.8809,49.5041,1.0449,110.6716,25.2216,3.541
15700.0,3.8808,50.2273,1.0352,108.5194,25.1247,3.541
15705.0,3.8802,49.765,1.0254,109.8918,24.7262,3.541
15710.0,3.8807,48.9596,1.0449,110.0327,25.0482,3.541
15715.0,3.8814,49.8173,1.0449,110.0171,25.4817,3.5137
15720.0,3.8802,49.9663,1.0352,110.0442,24.6338,3.5137
15725.0,3.8806,49.656,1.0352,109.0933,24.9549,3.5273
15730.0,3.8803,50.2204,1.0352,109.7536,24.8231,3.5547
15735.0,3.8801,49.821,1.0547,111.0183,24.8966,3.582
15740.0,3.8799,50.1176,1.0352,109.1127,25.1169,3.6504
15745.0,3.8788,49.3099,1.0352,110.3744,24.6869,3.6914
15750.0,3.8794,49.9354,1.0449,109.5895,24.9683,3.6777
15755.0,3.8792,49.4947,1.0254,110.2432,24.8214,3.6777
15760.0,3.88,50.4433,1.0449,109.6511,25.297,3.6777
15765.0,3.8787,49.5906,1.0352,109.8358,24.6862,3.7051
15770.0,3.8799,50.1728,1.0352,109.0968,25.2019,3.6641
15775.0,3.8792,50.3753,1.0547,111.2553,24.8248,3.6777
15780.0,3.8794,49.9164,1.0547,110.4155,25.1563,3.7188
15785.0,3.8794,49.8208,1.0156,108.3681,25.2248,3.7324
15790.0,3.8796,49.9509,1.0254,109.0669,25.2612,3.7188
15795.0,3.8786,49.7091,1.0254,108.4975,24.7708,3.7188
15800.0,3.879,49.9542,1.0352,110.7575,25.0973,3.7461
15805.0,3.8795,50.0059,1.0352,108.0492,25.4777,3.7598
15810.0,3.8792,49.9974,1.0449,109.7824,25.3012,3.7598
15815.0,3.8786,49.4945,1.0449,109.6073,25.0269,3.7734
15820.0,3.8769,49.4542,1.0254,109.2592,24.3663,3.8008
15825.0,3.8776,50.3432,1.0352,109.5826,24.646,3.8008
15830.0,3.878,50.2367,1.0449,110.1462,24.9724,3.8281
15835.0,3.8774,49.5703,1.0254,109.7063,24.6653,3.8145
15840.0,3.8786,50.3543,1.0547,110.7281,25.2364,3.8145
15845.0,3.8776,49.5532,1.0449,110.0706,24.7129,3.8145
15850.0,3.8776,49.6868,1.0645,110.4213,24.5972,3.7871
15855.0,3.8782,49.9307,1.0449,110.6642,24.8675,3.7871
15860.0,3.8781,50.4984,1.0352,110.2443,24.6413,3.7598
15865.0,3.8769,49.2924,1.0352,109.7933,24.1939,3.7734
15870.0,3.8787,49.9841,1.0254,108.7657,25.1451,3.7871
15875.0,3.8786,50.0164,1.0449,109.6534,25.1097,3.7871
15880.0,3.8778,50.0988,1.0352,110.1553,24.6057,3.7734
15885.0,3.8767,49.7184,1.0547,110.8687,24.3054,3.8008
15890.0,3.8769,49.8888,1.0352,108.9922,24.4932,3.8281
15895.0,3.8776,49.9104,1.0254,109.4628,24.8303,3.8281
15900.0,3.8774,49.8308,1.0352,110.0498,24.7197,3.8281
15905.0,3.8778,49.6901,1.0449,109.3785,24.8533,3.8145
15910.0,3.8779,50.1027,1.0254,108.1819,24.8566,3.8145
15915.0,3.8778,50.0066,1.0352,109.9748,24.782,3.8008
15920.0,3.8766,49.6805,1.0254,108.7877,24.335,3.8145
15925.0,3.8773,49.8362,1.0547,111.0561,24.5377,3.8008
15930.0,3.878,49.4309,1.0449,109.2692,24.8828,3.8008
15935.0,3.8778,49.5472,1.0059,108.0972,24.9477,3.8281
15940.0,3.8765,49.5359,1.0449,109.1781,24.4123,3.8418
15945.0,3.8767,50.0065,1.0449,110.3397,24.5166,3.8418
15950.0,3.8762,50.1543,1.0254,109.2943,24.3573,3.8555
15955.0,3.8765,49.7845,1.0449,109.9413,24.4359,3.8418
15960.0,3.8778,49.5355,1.0254,109.1359,24.97,3.8418
15965.0,3.877,50.4405,1.0449,109.1605,24.5695,3.8281
15970.0,3.8781,50.0332,1.0352,109.135,24.9838,3.8145
15975.0,3.877,49.8635,1.0547,110.199,24.4804,3.8145
15980.0,3.8778,49.9877,1.0449,109.3903,24.8111,3.8008
15985.0,3.8774,49.9118,1.0449,109.7958,24.6391,3.8145
15990.0,3.8772,49.7709,1.0449,109.226,24.5563,3.8145
15995.0,3.878,49.9524,1.0449,110.2104,24.7468,3.7871
16000.0,3.8772,50.0165,1.0254,108.1284,24.2279,3.7461
16005.0,3.8782,49.5732,1.0059,108.248,24.7731,3.7598
16010.0,3.8763,49.6078,1.0645,109.1186,24.0789,3.7871
16015.0,3.8767,50.1862,1.0352,109.7113,24.2599,3.8008
16020.0,3.878,49.89,1.0254,109.2036,24.8097,3.7871
16025.0,3.8775,49.6438,1.0547,110.3077,24.5343,3.7871
16030.0,3.8781,49.8313,1.0156,108.307,24.7264,3.7734
16035.0,3.8775,49.7919,1.0156,109.6458,24.4334,3.7734
16040.0,3.8779,49.6193,1.0449,109.4744,24.6581,3.7734
16045.0,3.8775,50.4938,1.0156,108.0475,24.5761,3.8008
16050.0,3.8768,50.2707,1.0254,108.3845,24.2733,3.7871
16055.0,3.8778,50.1252,1.0352,109.5224,24.7762,3.8008
16060.0,3.8778,49.4419,1.0449,110.9508,24.8149,3.8145
16065.0,3.8771,49.0832,1.0547,109.3197,24.6433,3.8418
16070.0,3.8762,49.6646,1.0352,110.6153,24.3484,3.8555
16075.0,3.8761,50.0228,1.0449,110.7199,24.4112,3.8691
16080.0,3.8746,49.4793,1.0449,109.8032,23.9225,3.8828
16085.0,3.8767,50.0762,1.0449,109.4828,24.8072,3.8965
16090.0,3.8756,50.2583,1.0352,108.6674,24.5274,3.9238
16095.0,3.8737,49.7086,1.0156,108.2513,23.9006,3.9238
16100.0,3.8738,50.0012,1.0352,110.1897,23.933,3.9238
16105.0,3.8754,49.8342,1.0156,109.3582,24.3381,3.9102
16110.0,3.8746,49.9349,1.0352,109.6467,24.1553,3.9238
16115.0,3.8761,50.2103,1.0742,111.076,24.8016,3.9375
16120.0,3.8751,49.862,1.0254,109.7309,24.3922,3.9375
16125.0,3.8752,50.1942,1.0352,109.2014,24.3598,3.9238
16130.0,3.8761,50.4662,1.0352,108.9607,24.6818,3.9238
16135.0,3.8745,49.7952,1.0352,110.9153,24.1992,3.9375
16140.0,3.876,49.7116,1.0352,108.4218,24.8723,3.9648
16145.0,3.8743,50.2106,1.0254,108.9521,24.2616,3.9648
16150.0,3.8748,50.0229,1.0449,109.511,24.5671,3.9785
16155.0,3.8745,50.0823,1.0352,109.7878,24.4438,3.9785
16160.0,3.8743,49.5458,1.0449,109.3011,24.4772,3.9922
16165.0,3.8731,50.0282,1.0352,109.2954,24.1137,4.0059
16170.0,3.8724,49.5856,1.0449,109.7047,23.9935,4.0195
16175.0,3.8734,50.2751,1.0547,110.6776,24.3147,4.0195
16180.0,3.8725,49.2851,1.0547,109.5823,24.1524,4.0469
16185.0,3.8734,50.0515,1.0547,109.4541,24.4486,4.0469
16190.0,3.8733,49.6705,1.0156,107.837,24.4338,4.0469
16195.0,3.8731,49.1832,1.0352,109.5587,24.4627,4.0605
16200.0,3.8728,49.7928,1.0352,109.9455,24.2581,4.0469
16205.0,3.8704,50.3933,1.0449,110.3723,23.7831,4.0742
16210.0,3.8725,49.7598,1.0352,109.5067,24.5665,4.1152
16215.0,3.8707,50.1781,1.0254,109.8894,24.0034,4.1016
16220.0,3.8706,49.9044,1.0156,108.42,24.0238,4.1152
16225.0,3.8716,49.2983,1.0547,110.5768,24.2735,4.1152
16230.0,3.8694,49.8138,1.0352,108.9447,23.8036,4.1152
16235.0,3.872,49.8794,1.0449,109.0408,24.4901,4.1289
16240.0,3.8707,49.665,1.0352,109.1688,24.1755,4.1289
16245.0,3.8686,49.3884,1.0254,109.2288,23.7646,4.1562
16250.0,3.87,49.6185,1.0254,108.2673,24.2743,4.1836
16255.0,3.8701,50.2342,1.0352,109.8702,24.254,4.1699
16260.0,3.8675,49.4838,1.0156,108.0767,23.8252,4.1973
16265.0,3.8676,49.8349,1.0352,109.2472,23.8125,4.1973
16270.0,3.87,49.5143,1.0352,108.772,24.6417,4.2383
16275.0,3.8688,49.7568,1.0254,109.6241,24.3343,4.2383
16280.0,3.8682,49.9255,1.0352,109.6703,24.3411,4.2656
16285.0,3.8677,50.1568,1.0254,108.5965,24.1964,4.2656
16290.0,3.8673,49.8136,1.0254,108.8834,24.2038,4.2793
16295.0,3.8684,50.0124,1.0254,109.2302,24.3819,4.2656
16300.0,3.8682,50.0765,1.0156,108.5085,24.1249,4.2246
16305.0,3.867,49.5615,1.0254,108.5758,23.8844,4.2383
16310.0,3.8665,49.7916,1.0449,108.2886,23.6876,4.2246
16315.0,3.8687,49.3727,1.0352,109.406,24.2363,4.2246
16320.0,3.8687,49.4588,1.0254,109.2276,24.3392,4.2383
16325.0,3.8685,50.2604,1.0059,108.2945,24.4217,4.2656
16330.0,3.87,49.8022,1.0254,109.0035,24.7111,4.252
16335.0,3.8674,49.9024,1.0449,108.433,24.1617,4.2656
16340.0,3.8674,49.6062,1.0352,108.4257,24.2536,4.2793
16345.0,3.8645,49.4847,1.0156,107.6431,23.8191,4.3066
16350.0,3.8656,49.2229,1.0352,108.3969,24.0858,4.3203
16355.0,3.8648,50.3243,1.0352,109.1526,23.9515,4.3203
16360.0,3.8649,49.4635,1.0449,108.1016,23.9398,4.3203
16365.0,3.8655,49.6838,1.0449,109.1879,24.1283,4.3203
16370.0,3.8624,50.0719,1.0059,108.5306,23.9974,4.4023
16375.0,3.8636,49.7628,1.0449,109.3942,24.0995,4.375
16380.0,3.8661,49.3555,1.0254,108.3583,24.6257,4.3887
16385.0,3.8621,49.7441,1.0449,108.4161,23.8925,4.3887
16390.0,3.8639,49.384,1.0352,107.9995,24.345,4.4023
16395.0,3.8637,49.7435,1.0254,108.4786,24.2957,4.416
16400.0,3.8614,49.8959,1.0352,108.2103,24.1281,4.4434
16405.0,3.8604,49.8146,1.0156,108.2119,23.98,4.457
16410.0,3.8611,50.0824,1.0254,108.0758,24.1766,4.457
16415.0,3.8617,49.957,1.0449,110.7251,24.145,4.4434
16420.0,3.8603,49.0224,1.0352,108.1548,24.0637,4.4707
16425.0,3.8629,49.5393,1.0547,108.976,24.3609,4.4434
16430.0,3.8615,49.0863,1.0254,109.0963,24.1423,4.4434
16435.0,3.8621,49.7174,1.0254,107.2381,24.2515,4.4434
16440.0,3.862,49.8846,1.0156,107.2957,24.3343,4.457
16445.0,3.8605,49.4809,1.0254,106.8937,24.2873,4.498
16450.0,3.8594,49.1519,1.0254,107.9924,24.1053,4.498
16455.0,3.8628,49.6583,1.0352,107.3476,24.5848,4.4844
16460.0,3.8606,49.2278,1.0156,108.0256,24.283,4.498
16465.0,3.8573,49.2953,1.0254,108.0846,23.779,4.498
16470.0,3.8607,49.3803,1.0449,109.3482,24.2709,4.4844
16475.0,3.8616,49.9015,1.0156,106.7163,24.517,4.498
16480.0,3.8567,49.7548,1.0156,108.9903,23.7313,4.498
16485.0,3.8568,49.604,1.0254,108.0752,23.865,4.5254
16490.0,3.8596,49.286,1.0156,109.0278,24.3121,4.5254
16495.0,3.8625,49.6357,1.0254,107.9821,24.5866,4.4844
16500.0,3.8605,50.0764,1.0254,108.4568,24.3028,4.498
16505.0,3.8549,49.8029,1.0449,108.9206,23.3624,4.4844
16510.0,3.8579,49.6456,1.0254,108.3638,23.9898,4.5117
16515.0,3.8583,49.5338,1.0254,108.4116,24.0827,4.5254
16520.0,3.8608,49.5535,1.0254,107.5208,24.4973,4.5254
16525.0,3.859,50.029,1.0352,108.4361,24.258,4.5254
16530.0,3.8613,49.07,1.0352,108.3013,24.6446,4.5254
16535.0,3.8599,49.4344,1.0156,108.1589,24.4316,4.5391
16540.0,3.8576,49.509,1.0059,107.7646,24.2486,4.5664
16545.0,3.8563,49.9542,1.0352,109.1779,24.0824,4.5664
16550.0,3.8583,49.9507,1.0352,108.9539,24.1502,4.5391
16555.0,3.8612,50.0143,1.0254,109.2008,24.6458,4.5254
16560.0,3.8535,48.8988,1.0156,108.115,23.5759,4.5527
16565.0,3.8616,49.6917,1.0254,107.9026,24.7208,4.5391
16570.0,3.8591,49.4685,1.0254,107.3992,24.2532,4.5254
16575.0,3.8609,49.552,1.0352,108.2682,24.5192,4.5254
16580.0,3.8602,49.741,1.0254,108.4721,24.3648,4.5117
16585.0,3.861,49.2041,1.0254,108.3971,24.4918,4.5117
16590.0,3.8595,49.6153,1.0254,107.7446,24.424,4.5391
16595.0,3.8579,49.5678,1.0254,107.1129,24.3948,4.5801
16600.0,3.8552,49.0725,1.0254,108.3662,23.9636,4.5801
16605.0,3.8586,50.1271,1.0156,108.0982,24.6474,4.5938
16610.0,3.8565,49.6313,1.0156,108.3287,24.4422,4.6211
16615.0,3.8525,49.1442,1.0352,109.5072,23.7149,4.5938
16620.0,3.8512,49.5292,1.0254,106.9308,23.5245,4.5938
16625.0,3.8561,49.6081,1.0352,108.6954,24.3738,4.6074
16630.0,3.8541,49.3251,1.0254,107.924,24.19,4.6348
16635.0,3.8549,49.9546,1.0449,107.7983,24.5487,4.6621
16640.0,3.8529,49.6399,1.0352,109.1311,24.2057,4.6621
16645.0,3.8532,49.1234,0.9961,106.1549,24.2444,4.6621
16650.0,3.854,49.2124,1.0352,108.9037,24.4164,4.6621
16655.0,3.8549,49.4159,1.0352,108.7554,24.5419,4.6621
16660.0,3.8523,49.3125,1.0254,107.8521,24.3332,4.6895
16665.0,3.852,49.1387,1.0449,109.0632,24.4068,4.7031
16670.0,3.8511,49.0775,1.0449,108.5535,24.2395,4.7031
16675.0,3.8537,49.7488,1.0352,107.7198,24.4533,4.6758
16680.0,3.8543,49.4687,1.0156,107.3421,24.6824,4.7031
16685.0,3.8467,49.0474,1.0059,107.3056,23.6549,4.6895
16690.0,3.8521,49.4025,1.0449,109.1081,24.4581,4.7168
16695.0,3.8504,49.9897,1.0352,107.8622,24.0834,4.6895
16700.0,3.854,49.6974,1.0352,107.8394,24.6659,4.7031
16705.0,3.8525,49.4707,1.0254,107.5143,24.3438,4.6895
16710.0,3.8501,49.0488,1.0352,109.4268,24.0091,4.6895
16715.0,3.8488,48.9627,1.0254,108.4221,23.6058,4.6484
16720.0,3.8549,49.4996,1.0449,109.7024,24.1862,4.6211
16725.0,3.8592,49.3402,1.0449,109.2371,24.5258,4.5664
16730.0,3.8585,49.8861,1.0352,108.8485,24.1341,4.5254
16735.0,3.8602,50.007,1.0449,108.9278,24.1384,4.4844
16740.0,3.8636,50.044,1.0449,108.4675,24.4379,4.4434
16745.0,3.8642,50.0245,1.0352,108.2969,24.1408,4.375
16750.0,3.8659,49.7185,1.0254,109.1816,24.1824,4.3203
16755.0,3.8672,50.3405,1.0352,108.0954,24.1944,4.2793
16760.0,3.8705,49.6898,1.0449,109.8709,24.4791,4.1973
16765.0,3.8724,49.4799,1.0547,109.3547,24.9076,4.1699
16770.0,3.8719,49.4877,1.0352,108.1403,24.6636,4.1562
16775.0,3.8733,50.0425,1.0352,109.0723,24.6661,4.0879
16780.0,3.8732,49.7523,1.0156,108.014,24.3246,4.0332
16785.0,3.8752,50.4574,1.0449,109.9358,24.7686,3.9922
16790.0,3.8733,49.6574,1.0547,109.6168,23.9496,3.9648
16795.0,3.8763,50.2067,1.0352,108.388,24.6802,3.9102
16800.0,3.8755,50.0096,1.0547,110.6015,24.1721,3.8691
16805.0,3.8771,50.2636,1.0352,109.1122,24.6365,3.8418
16810.0,3.8767,49.9115,1.0254,109.556,24.1769,3.7871
16815.0,3.8776,49.6341,1.0254,108.5652,24.4258,3.7598
16820.0,3.8782,50.1198,1.0449,110.2505,24.54,3.7188
16825.0,3.8783,49.9981,1.0449,110.3923,24.654,3.7324
16830.0,3.8788,50.0998,1.0449,109.8366,24.6164,3.6777
16835.0,3.8795,50.2979,1.0449,109.6488,24.744,3.623
16840.0,3.879,49.7148,1.0449,109.5364,24.3602,3.6094
16845.0,3.8797,50.1261,1.0254,109.4521,24.407,3.541
16850.0,3.8808,49.6115,1.0352,108.4324,24.6731,3.459
16855.0,3.8802,49.6077,1.0449,109.5187,24.1523,3.418
16860.0,3.8804,49.7182,1.0156,108.8283,24.1313,3.3906
16865.0,3.8811,49.7021,1.0547,109.0871,24.41,3.3496
16870.0,3.8813,49.8498,1.0352,108.9181,24.3787,3.3086
16875.0,3.8809,49.8184,1.0547,111.0693,23.9437,3.2676
16880.0,3.8817,49.752,1.0449,109.8122,24.4017,3.2402
16885.0,3.8822,50.3858,1.0547,110.743,24.6982,3.1992
16890.0,3.8822,50.0243,1.0547,111.4571,24.5787,3.1582
16895.0,3.8824,50.217,1.0254,108.7085,24.6488,3.1445
16900.0,3.8826,49.4181,1.0352,110.8752,24.8856,3.1309
16905.0,3.8827,49.8989,1.0254,109.4063,24.646,3.0625
16910.0,3.8825,49.9837,1.0547,110.1186,24.3444,3.0488
16915.0,3.8824,50.2304,1.0352,108.8863,24.1826,3.0352
16920.0,3.8828,50.2219,1.0547,110.4453,24.4789,3.0078
16925.0,3.8829,49.9678,1.0547,110.6109,24.6492,2.9941
16930.0,3.8826,49.9835,1.0449,110.3739,24.1275,2.9531
16935.0,3.8832,49.7493,1.0254,109.7698,24.7383,2.9258
16940.0,3.883,50.2875,1.0547,110.6323,24.2883,2.8984
16945.0,3.8835,49.8276,1.0449,109.029,24.7271,2.8301
16950.0,3.8836,50.2627,1.0449,110.4119,24.7501,2.7617
16955.0,3.8834,50.0333,1.0547,111.2314,24.2463,2.7207
16960.0,3.8835,49.1862,1.0449,109.531,24.3956,2.707
16965.0,3.8838,49.7803,1.0547,110.463,24.856,2.6797
16970.0,3.8838,49.578,1.0449,110.062,24.6738,2.666
16975.0,3.884,50.2755,1.0449,110.6577,25.1505,2.666
16980.0,3.8838,50.352,1.0449,109.7677,24.71,2.666
16985.0,3.8838,49.9012,1.0449,111.2494,24.6419,2.6523
16990.0,3.8838,50.2592,1.0449,110.5976,24.4848,2.625
16995.0,3.8838,50.1412,1.0547,110.7906,24.4654,2.625
17000.0,3.8839,49.6149,1.0645,110.5316,24.5201,2.584
17005.0,3.884,49.9704,1.0547,110.8303,24.9031,2.5703
17010.0,3.884,50.1834,1.0352,110.0832,24.5817,2.543
17015.0,3.884,50.3929,1.0156,108.8341,24.4855,2.502
17020.0,3.8842,50.0558,1.0449,110.3264,24.8001,2.4746
17025.0,3.8841,50.1313,1.0547,111.1137,24.6147,2.4746
17030.0,3.8842,49.8301,1.0449,110.597,24.6527,2.4336
17035.0,3.8842,50.0981,1.0352,110.3148,24.7402,2.4062
17040.0,3.8842,50.2147,1.0449,109.7865,24.711,2.4062
17045.0,3.8843,49.5701,1.0352,110.4286,25.0458,2.3652
17050.0,3.8842,49.7439,1.0645,109.7899,24.4345,2.3379
17055.0,3.8843,49.7931,1.0352,109.5981,24.7821,2.3242
17060.0,3.8843,49.1871,1.0449,109.3082,24.7234,2.2969
17065.0,3.8843,50.2739,1.0547,110.3134,24.7445,2.3242
17070.0,3.8843,49.7176,1.0352,110.1715,24.7712,2.3242
17075.0,3.8842,50.024,1.0449,110.8472,24.3717,2.3105
17080.0,3.8845,50.1561,1.0352,110.666,25.012,2.2422
17085.0,3.8845,49.6776,1.0352,109.9911,25.0943,2.2422
17090.0,3.8843,49.8041,1.0352,109.8704,24.3103,2.2422
17095.0,3.8844,49.7569,1.0352,110.5513,24.6856,2.2012
17100.0,3.8845,50.2171,1.0547,109.5177,24.7591,2.1738
17105.0,3.8844,49.5121,1.0254,108.741,24.4719,2.1465
17110.0,3.8844,49.7381,1.0352,111.1091,24.2915,2.1328
17115.0,3.8846,50.2074,1.0352,108.8055,25.1753,2.0918
17120.0,3.8845,49.9643,1.0254,109.4031,24.6567,2.0645
17125.0,3.8845,50.1011,1.0449,108.8766,24.8249,2.0918
17130.0,3.8845,49.989,1.0254,108.7381,24.655,2.0645
17135.0,3.8845,50.1714,1.0449,110.5744,24.5324,2.0508
17140.0,3.8847,49.6083,1.0352,110.3933,25.3543,2.0508
17145.0,3.8846,49.7782,1.0449,110.3148,25.208,2.0645
17150.0,3.8846,49.8564,1.0156,107.6684,24.8478,2.0645
17155.0,3.8846,50.4119,1.0547,111.4332,25.0423,2.0371
17160.0,3.8845,49.922,1.0449,109.3142,24.7274,2.0508
17165.0,3.8845,49.7704,1.0254,109.1903,24.5949,2.0645
17170.0,3.8846,50.6116,1.0352,110.0237,25.0453,2.0371
17175.0,3.8845,50.2971,1.0352,108.0348,24.5641,2.0098
17180.0,3.8845,49.8787,1.0547,109.3997,24.2585,1.9961
17185.0,3.8846,49.6246,1.0352,110.3284,24.7428,2.0098
17190.0,3.8846,49.7072,1.0449,110.2065,24.5532,1.9688
17195.0,3.8846,49.9965,1.0352,108.4845,24.806,1.9551
17200.0,3.8846,50.1219,1.0254,108.0577,24.9748,1.9824
17205.0,3.8847,49.8894,1.0645,111.5256,25.185,1.9688
17210.0,3.8846,49.6232,1.0449,109.6328,24.7395,1.9414
17215.0,3.8847,50.0575,1.0352,109.7116,24.8184,1.8867
17220.0,3.8847,49.4893,1.0156,109.654,24.9607,1.873
17225.0,3.8847,50.3398,1.0547,110.9712,24.8565,1.873
17230.0,3.8847,49.9109,1.0352,110.8341,24.6548,1.873
17235.0,3.8847,50.0025,1.0352,109.4621,25.0573,1.873
17240.0,3.8847,49.4008,1.0254,109.8536,24.6766,1.8457
17245.0,3.8847,49.8986,1.0449,109.6007,24.8663,1.8457
17250.0,3.8847,49.975,1.0449,110.54,25.1841,1.873
17255.0,3.8846,50.3867,1.0352,110.6434,24.4662,1.832
17260.0,3.8847,49.8145,1.0352,109.5654,24.8288,1.791
17265.0,3.8847,50.3616,1.0254,108.3729,24.8578,1.8184
17270.0,3.8847,50.6654,1.0449,109.7673,24.9666,1.8047
17275.0,3.8847,50.1672,1.0449,110.2334,24.8263,1.791
17280.0,3.8848,49.444,1.0449,108.9248,25.1057,1.7773
17285.0,3.8847,49.5603,1.0352,109.0151,24.7097,1.7637
17290.0,3.8847,49.9123,1.0449,109.1418,24.8521,1.7363
17295.0,3.8847,49.9029,1.0156,109.1756,24.4337,1.75
17300.0,3.8847,49.9385,1.0254,109.0144,24.592,1.7227
17305.0,3.8848,49.6438,1.0547,109.397,25.1417,1.709
17310.0,3.8848,49.8618,1.0254,109.7182,25.1689,1.7227
17315.0,3.8848,50.3789,1.0449,109.9576,25.0415,1.6953
17320.0,3.8848,50.1683,1.0352,109.3045,25.0952,1.6953
17325.0,3.8848,49.4615,1.0449,109.7281,25.2302,1.709
17330.0,3.8848,50.234,1.0547,109.4,25.3541,1.709
17335.0,3.8848,50.0026,1.0449,109.8292,24.8897,1.709
17340.0,3.8848,49.9146,1.0449,110.0359,25.1623,1.6816
17345.0,3.8848,50.2972,1.0449,110.0083,24.8583,1.6406
17350.0,3.8848,49.6048,1.0645,109.6866,24.7614,1.627
17355.0,3.8848,50.0583,1.0352,110.4437,24.6901,1.5859
17360.0,3.8848,49.8586,1.0254,109.9596,24.8839,1.5996
17365.0,3.8848,49.5696,1.0352,109.2406,24.9654,1.5859
17370.0,3.8848,50.1997,1.0352,109.8611,25.0861,1.5586
17375.0,3.8848,49.8454,1.0254,109.3489,24.8238,1.5586
17380.0,3.8848,49.9748,1.0352,109.7738,25.1909,1.5449
17385.0,3.8848,49.8264,1.0449,108.8389,24.94,1.5176
17390.0,3.8848,50.2424,1.0547,110.2687,24.7433,1.5312
17395.0,3.8848,50.0662,1.0742,111.3248,25.0089,1.5449
17400.0,3.8849,50.2734,1.0547,111.1148,25.2933,1.5176
17405.0,3.8849,49.9754,1.0742,110.5424,25.447,1.5039
17410.0,3.8849,50.3119,1.0547,109.3804,25.4077,1.4766
17415.0,3.8848,49.7003,1.0254,109.7551,24.79,1.4766
17420.0,3.8848,50.3047,1.0352,109.7093,24.9366,1.4355
17425.0,3.8848,50.044,1.0449,110.6276,25.0169,1.4492
17430.0,3.8849,50.1146,1.0449,110.6179,25.1634,1.4219
17435.0,3.8848,50.0279,1.0449,111.1761,24.8804,1.4219
17440.0,3.8848,49.7238,1.0352,109.7723,24.7262,1.4492
17445.0,3.8849,49.9412,1.0449,110.5395,25.3829,1.4355
17450.0,3.8849,50.2734,1.0645,110.2277,25.3417,1.4629
17455.0,3.8849,50.4517,1.0352,110.5835,25.0124,1.3945
17460.0,3.8849,49.7524,1.0254,108.5781,25.5927,1.3945
17465.0,3.8849,49.8526,1.0449,109.219,24.8425,1.3945
17470.0,3.8849,50.3103,1.0352,108.6805,25.0414,1.3672
17475.0,3.8849,50.1572,1.0547,109.3645,25.0645,1.3809
17480.0,3.8849,50.1611,1.0449,110.7592,25.5869,1.3945
17485.0,3.8849,50.0877,1.0449,112.1496,25.2233,1.3672
17490.0,3.8849,49.8545,1.0547,109.2613,24.8175,1.3672
17495.0,3.8849,50.2727,1.0449,110.4209,25.2453,1.3809
17500.0,3.8848,49.5298,1.0449,109.7699,24.5413,1.3672
17505.0,3.8849,50.6131,1.0352,110.8763,25.9758,1.3262
17510.0,3.8849,50.2689,1.0254,109.4351,25.0396,1.3262
17515.0,3.8849,50.1262,1.0645,111.2066,25.309,1.2988
17520.0,3.8849,49.4315,1.0254,109.3864,25.3685,1.2578
17525.0,3.8849,49.9853,1.0547,111.6356,25.4247,1.2168
17530.0,3.8849,50.2451,1.0547,111.1023,25.0155,1.1895
17535.0,3.8849,50.6168,1.0352,109.2579,25.0294,1.2031
17540.0,3.8849,50.0188,1.0352,109.3546,24.8631,1.2031
17545.0,3.8849,49.7441,1.0449,108.2527,25.0405,1.2168
17550.0,3.8849,50.7291,1.0547,111.4281,25.148,1.2031
17555.0,3.8849,50.353,1.0254,109.3106,25.2673,1.1895
17560.0,3.8849,49.9431,1.0449,109.9294,25.1935,1.1895
17565.0,3.8849,50.0491,1.0352,110.5135,24.8347,1.1895
17570.0,3.8849,49.8235,1.0156,109.0103,25.3724,1.1758
17575.0,3.8849,49.9901,1.0352,109.7815,25.1761,1.1348
17580.0,3.8849,49.9467,1.0449,110.4532,24.9728,1.1348
17585.0,3.8849,49.6931,1.0449,110.1347,25.2105,1.1348
17590.0,3.8849,49.9293,1.0449,110.084,25.1419,1.1484
17595.0,3.8849,50.0112,1.0352,109.82,24.9136,1.1621
17600.0,3.8849,49.8658,1.0352,109.8916,25.4206,1.1895
17605.0,3.8849,50.4848,1.0449,111.1077,25.3056,1.1758
17610.0,3.8849,50.2934,1.0547,110.4787,25.094,1.1621
17615.0,3.8849,49.7918,1.0449,108.8202,25.5064,1.1348
17620.0,3.8849,49.7559,1.0352,110.5217,25.2786,1.0801
17625.0,3.8849,49.9891,1.0352,110.321,25.4651,1.0664
17630.0,3.8849,51.0447,1.0547,110.1441,25.261,1.0527
17635.0,3.8849,50.0445,1.0352,109.5509,25.0173,1.0527
17640.0,3.8849,50.1625,1.0449,110.9871,24.9513,1.0527
17645.0,3.8849,49.3273,1.0449,109.9247,25.402,1.0391
17650.0,3.8849,50.103,1.0449,110.1984,25.7873,1.0391
17655.0,3.8849,49.7791,1.0547,110.9484,24.9979,1.0664
17660.0,3.8849,49.8723,1.0547,110.8904,25.5509,1.0527
17665.0,3.8849,50.0333,1.0254,109.7085,25.0725,1.0664
17670.0,3.8849,49.9376,1.0547,109.9747,25.5128,1.0664
17675.0,3.8849,49.6202,1.0352,109.7615,24.8593,1.0664
17680.0,3.8849,49.7324,1.0352,110.5167,25.3559,1.0801
17685.0,3.8849,50.3201,1.0352,110.1227,24.9623,1.0664
17690.0,3.8849,50.4136,1.0352,109.8662,25.6369,1.0664
17695.0,3.8849,49.6218,1.0352,109.6713,25.2071,1.0664
17700.0,3.8849,50.0727,1.0254,108.5153,25.5319,1.0391
17705.0,3.8849,50.286,1.0449,110.4936,25.2316,1.0391
17710.0,3.8849,49.9611,1.0254,111.3545,25.0552,0.9707
17715.0,3.8849,50.2335,1.0547,110.6676,25.2934,0.9434
17720.0,3.8849,50.134,1.0352,111.5577,24.9913,0.916
17725.0,3.8849,49.9841,1.0352,109.6465,25.2579,0.875
17730.0,3.8849,49.6004,1.0547,110.2488,25.1472,0.8613
17735.0,3.8849,49.7538,1.0449,110.9887,25.066,0.8613
17740.0,3.8849,50.1189,1.0352,110.9673,25.0594,0.8203
17745.0,3.885,49.8635,1.0254,109.4499,25.8296,0.8203
17750.0,3.885,49.6978,1.0449,110.4791,25.6412,0.8203
17755.0,3.8849,49.6277,1.0449,110.2799,25.0664,0.8203
17760.0,3.885,50.0402,1.0449,109.7262,25.2249,0.834
17765.0,3.8849,49.73,1.0352,110.1745,25.1374,0.834
17770.0,3.885,49.9497,1.0352,110.6946,25.252,0.834
17775.0,3.8849,50.098,1.0254,109.09,25.0195,0.8203
17780.0,3.885,50.3653,1.0352,109.7621,25.3778,0.8477
17785.0,3.885,50.1974,1.0449,110.3205,25.1497,0.8066
17790.0,3.885,49.599,1.0352,109.7014,25.5789,0.793
17795.0,3.885,49.4269,1.0449,110.0207,25.2634,0.8066
17800.0,3.885,50.2379,1.0449,110.0671,25.4331,0.8066
17805.0,3.885,50.0468,1.0449,110.6258,25.784,0.8066
17810.0,3.8849,50.4863,1.0449,109.2315,25.0542,0.8477
17815.0,3.885,49.6325,1.0547,111.1167,25.5344,0.834
17820.0,3.885,49.1258,1.0547,110.8498,25.5362,0.8203
17825.0,3.8849,49.6313,1.0645,110.6047,25.1178,0.834
17830.0,3.8849,49.9547,1.0449,109.8005,25.0019,0.8613
17835.0,3.885,49.5774,1.0352,109.7282,25.6374,0.8477
17840.0,3.8849,49.5865,1.0449,109.3615,25.3637,0.875
17845.0,3.8849,50.4022,1.0352,110.2071,25.1409,0.875
17850.0,3.8849,50.4152,1.0352,109.217,25.2347,0.8477
17855.0,3.8849,50.2355,1.0449,111.5143,25.2876,0.8613
17860.0,3.885,49.8692,1.0254,109.8398,25.4366,0.8613
17865.0,3.8849,50.0562,1.0352,110.131,25.0693,0.8477
17870.0,3.8849,49.9867,1.0352,110.1792,24.9841,0.834
17875.0,3.885,49.8481,1.0352,109.7853,25.4796,0.8066
17880.0,3.885,49.8284,1.0352,111.1056,25.2091,0.8066
17885.0,3.885,49.5944,1.0449,110.6339,25.5496,0.793
17890.0,3.885,49.96,1.0352,109.6543,25.624,0.793
17895.0,3.885,49.7162,1.0254,108.9899,25.4796,0.752
17900.0,3.885,50.3379,1.0547,109.8188,25.4687,0.7656
17905.0,3.8849,49.7136,1.0352,110.0523,24.7956,0.7656
17910.0,3.885,49.7076,1.0352,109.4857,25.5839,0.7656
17915.0,3.885,50.6754,1.0352,109.3578,25.5143,0.7656
17920.0,3.885,50.0625,1.0645,111.374,25.1308,0.7656
17925.0,3.885,49.714,1.0449,109.848,25.1485,0.7383
17930.0,3.885,49.6894,1.0449,110.3453,25.3373,0.6973
17935.0,3.885,49.9675,1.0547,110.2235,25.183,0.6836
17940.0,3.885,50.1861,1.0449,110.4658,25.3106,0.6836
17945.0,3.885,50.4705,1.0352,110.5109,25.0108,0.6836
17950.0,3.885,50.3253,1.0645,110.3745,24.9408,0.7109
17955.0,3.885,50.4294,1.0352,109.4089,24.987,0.6973
17960.0,3.885,49.5094,1.0352,110.5792,25.9038,0.6699
17965.0,3.885,50.0577,1.0547,109.7873,24.9855,0.752
17970.0,3.885,49.6751,1.0547,108.8006,25.7976,0.8203
17975.0,3.8849,50.2728,1.0352,108.7228,25.0431,0.8887
17980.0,3.8849,50.3758,1.0449,108.7713,25.4475,0.9844
17985.0,3.8849,50.2042,1.0254,108.6519,25.5427,1.0527
17990.0,3.8849,49.6684,1.0449,110.1362,25.3132,1.1074
17995.0,3.8849,50.2056,1.0449,111.4855,25.2672,1.1758
18000.0,3.8849,50.1985,1.0547,110.4151,25.6618,1.2578
18005.0,3.8849,50.0136,1.0352,110.2452,25.3797,1.3125
18010.0,3.8849,49.6127,1.0449,109.991,25.5708,1.3262
18015.0,3.8849,49.7907,1.0449,111.5827,25.2337,1.3945
18020.0,3.8848,50.1286,1.0547,111.0616,25.1161,1.4766
18025.0,3.8848,50.0452,1.0352,109.76,25.1925,1.5176
18030.0,3.8849,49.9881,1.0254,109.2176,26.2896,1.5996
18035.0,3.8848,49.9976,1.0449,110.3375,25.4009,1.627
18040.0,3.8848,50.1422,1.0449,109.1174,25.3548,1.709
18045.0,3.8848,50.0137,1.0449,110.2977,24.9669,1.7363
18050.0,3.8848,49.1691,1.0547,109.975,25.224,1.7637
18055.0,3.8848,50.3684,1.0449,111.0619,25.2336,1.8184
18060.0,3.8848,50.2205,1.0352,110.395,25.8063,1.9004
18065.0,3.8847,49.9981,1.0547,110.2944,25.3705,1.9414
18070.0,3.8846,49.9775,1.0352,109.5074,24.9952,1.9688
18075.0,3.8847,49.4107,1.0352,109.6023,25.3423,2.0371
18080.0,3.8847,49.6531,1.0449,109.8909,25.5516,2.1055
18085.0,3.8846,50.1464,1.0352,109.3624,25.3126,2.1602
18090.0,3.8845,49.8627,1.0449,109.7116,25.2894,2.2012
18095.0,3.8845,49.7925,1.0449,108.3703,25.1352,2.2422
18100.0,3.8845,50.4709,1.0547,109.7615,25.2938,2.2832
18105.0,3.8845,50.1452,1.0156,108.6316,25.557,2.3242
18110.0,3.8844,49.8361,1.0352,109.4624,25.4169,2.3789
18115.0,3.8843,49.7857,1.0547,109.9966,25.1234,2.4199
18120.0,3.8843,49.9788,1.0547,111.197,25.2793,2.4473
18125.0,3.8842,50.0768,1.0449,110.2433,25.2098,2.502
18130.0,3.8841,50.0576,1.0547,110.0005,24.9196,2.5293
18135.0,3.8843,50.0963,1.0449,109.5154,25.4769,2.543
18140.0,3.8842,50.0293,1.0645,110.908,25.2591,2.5703
18145.0,3.8841,50.1876,1.0449,111.8531,25.1241,2.5977
18150.0,3.884,50.1327,1.0547,110.3483,24.8247,2.5977
18155.0,3.8841,49.9605,1.0547,110.0945,25.2637,2.6387
18160.0,3.8842,49.5374,1.0352,109.7028,25.9466,2.6934
18165.0,3.8838,49.997,1.0352,109.5333,25.0144,2.707
18170.0,3.8837,50.0628,1.0254,110.4937,25.0647,2.7754
18175.0,3.8835,49.9328,1.0254,109.6527,24.8747,2.8301
18180.0,3.8837,50.6154,1.0352,109.0212,25.2947,2.8574
18185.0,3.8838,49.9122,1.0449,108.5708,25.6591,2.8848
18190.0,3.8834,50.274,1.0645,112.2219,25.161,2.9531
18195.0,3.8834,50.3169,1.0547,110.0066,25.5339,3.0078
18200.0,3.8829,50.3823,1.0449,110.3738,24.9792,3.0625
18205.0,3.883,49.581,1.0352,109.3835,25.3412,3.1172
18210.0,3.8828,49.7946,1.0449,110.4845,25.2721,3.1582
18215.0,3.8824,50.3693,1.0547,109.9804,24.7611,3.1582
18220.0,3.8828,50.076,1.0449,109.802,25.3677,3.1992
18225.0,3.8827,50.1906,1.0449,109.4552,25.4083,3.2129
18230.0,3.8827,50.1755,1.0352,110.6135,25.497,3.2402
18235.0,3.8824,49.8348,1.0352,110.2098,25.3635,3.2949
18240.0,3.8822,49.5611,1.0449,109.3568,25.258,3.3086
18245.0,3.8825,50.1955,1.0449,110.2005,25.7462,3.3496
18250.0,3.8809,50.0822,1.0254,108.394,24.6326,3.418
18255.0,3.8817,50.1305,1.0449,111.1035,25.5869,3.4727
18260.0,3.8811,49.3912,1.0547,108.4981,25.2484,3.5137
18265.0,3.8808,49.8718,1.0352,110.4506,25.2078,3.5547
18270.0,3.8808,49.4675,1.0547,110.5006,25.3431,3.5684
18275.0,3.8793,50.33,1.0352,110.1643,24.5075,3.6094
18280.0,3.8799,49.48,1.0352,107.5574,25.0494,3.6367
18285.0,3.8794,49.9699,1.0352,110.0503,24.9225,3.6777
18290.0,3.8791,50.3718,1.0547,110.5828,25.0504,3.7188
18295.0,3.8795,49.672,1.0352,109.8718,25.3004,3.7324
18300.0,3.8798,49.6943,1.0547,110.2193,25.5952,3.7461
18305.0,3.8778,49.4688,1.0449,109.4322,24.8624,3.8145
18310.0,3.8776,50.0674,1.0352,109.3388,24.8208,3.8281
18315.0,3.8782,50.1237,1.0449,109.437,25.4383,3.8828
18320.0,3.8774,50.1753,1.0254,107.7241,25.2746,3.9238
18325.0,3.8768,49.7332,1.0449,109.7726,25.2695,3.9785
18330.0,3.8767,49.8659,1.0547,110.694,25.2576,3.9785
18335.0,3.8765,49.1396,1.0254,109.0751,25.1531,3.9785
18340.0,3.8759,49.9525,1.0352,108.7044,25.1239,4.0059
18345.0,3.8762,50.047,1.0547,108.7498,25.3428,4.0195
18350.0,3.8756,49.9199,1.0352,109.1962,25.2093,4.0469
18355.0,3.8757,49.901,1.0449,109.4799,25.3397,4.0605
18360.0,3.8735,49.5267,1.0352,109.4328,24.7286,4.0879
18365.0,3.8757,50.5333,1.0547,109.7819,25.5971,4.1016
18370.0,3.8743,49.2906,1.0352,108.9959,25.2989,4.1426
18375.0,3.8761,49.1117,1.0352,109.1075,26.0655,4.1562
18380.0,3.8727,50.0297,1.0254,108.7815,24.855,4.1562
18385.0,3.8735,49.8699,1.0254,109.3003,25.2407,4.1699
18390.0,3.8735,50.4814,1.0352,110.4526,25.2144,4.1699
18395.0,3.8733,50.2801,1.0449,108.8352,25.312,4.1973
18400.0,3.8702,50.0659,1.0254,108.8344,24.6312,4.2246
18405.0,3.8696,50.1034,1.0352,108.7898,24.8031,4.2793
18410.0,3.8685,50.3051,1.0352,108.7786,24.5569,4.293
18415.0,3.8716,49.9204,1.0352,109.0437,25.3115,4.2793
18420.0,3.87,49.5074,1.0254,108.3261,25.0908,4.3066
18425.0,3.8683,49.9393,1.0352,109.6644,24.7233,4.3203
18430.0,3.866,49.7233,1.0547,110.3281,24.5239,4.3613
18435.0,3.8676,49.6489,1.0254,108.5899,25.0267,4.3887
18440.0,3.866,49.6809,1.0352,109.7998,24.8025,4.416
18445.0,3.8665,49.6428,1.0449,109.2888,25.0795,4.4434
18450.0,3.8673,49.6408,1.0352,109.7134,25.2592,4.4434
18455.0,3.8665,49.5666,1.0254,108.5856,25.2843,4.4707
18460.0,3.8659,49.6019,1.0449,109.6181,25.3075,4.498
18465.0,3.8636,49.7809,1.0352,109.0266,25.1293,4.5391
18470.0,3.8613,49.8929,1.0449,108.5501,24.9071,4.5664
18475.0,3.8611,49.6476,1.0352,108.2223,24.9245,4.5801
18480.0,3.8622,50.0543,1.0059,107.3449,25.2659,4.5938
18485.0,3.8594,49.5771,1.0254,108.8677,24.8554,4.6074
18490.0,3.8616,49.2055,1.0449,107.5087,25.4339,4.6348
18495.0,3.856,49.8289,1.0156,107.9333,24.5657,4.6484
18500.0,3.8571,49.2566,1.0254,108.1589,25.0702,4.6895
18505.0,3.8562,49.007,1.0352,108.8646,25.0253,4.7031
18510.0,3.8564,49.3854,1.0352,108.664,25.0726,4.7031
18515.0,3.8564,49.9862,1.0352,108.8049,25.0814,4.7031
18520.0,3.855,49.9846,1.0449,108.3642,24.9121,4.7168
18525.0,3.8558,49.4601,1.0254,108.5179,25.2714,4.7441
18530.0,3.8566,49.2201,1.0254,107.1046,25.478,4.7578
18535.0,3.8516,49.3236,1.0352,109.4096,24.9099,4.7852
18540.0,3.8478,48.8639,1.0352,107.3555,24.7341,4.8262
18545.0,3.8517,49.6444,1.0449,108.8993,25.4329,4.8398
18550.0,3.8468,49.4857,1.0059,106.137,24.8229,4.8535
18555.0,3.8499,49.7903,1.0352,108.2716,25.4043,4.8672
18560.0,3.8499,49.3022,1.0352,107.4251,25.6039,4.8945
18565.0,3.846,50.2335,1.0352,107.6742,25.0701,4.8945
18570.0,3.8472,49.3502,1.0254,106.7192,25.5625,4.9355
18575.0,3.8418,49.5687,1.0449,106.537,24.9722,4.9492
18580.0,3.8452,49.3948,1.0156,108.0556,25.6088,4.9766
18585.0,3.8391,49.0472,1.0254,106.7023,25.002,4.9902
18590.0,3.8337,49.0157,1.0254,106.1568,24.5558,5.0039
18595.0,3.8377,49.307,1.0352,108.9954,25.0653,5.0176
18600.0,3.832,49.3003,1.0254,106.8994,24.8335,5.0586
18605.0,3.835,48.9009,1.0254,107.7579,25.4282,5.0859
18610.0,3.8342,49.2235,1.0156,106.2303,25.2409,5.0859
18615.0,3.8316,49.1911,1.0254,107.5908,25.2743,5.1133
18620.0,3.8293,48.75,1.0254,106.7114,25.1261,5.127
18625.0,3.8345,49.481,1.0156,106.2938,25.5138,5.1133
18630.0,3.8267,48.9375,1.0156,106.7931,25.0926,5.1543
18635.0,3.8216,48.8847,1.0156,106.8627,24.9596,5.1816
18640.0,3.8263,48.432,1.0254,106.1552,25.4021,5.1816
18645.0,3.8229,49.1755,1.0156,106.9612,25.295,5.209
18650.0,3.8182,49.1122,1.0254,105.955,24.8344,5.209
18655.0,3.8167,48.6919,1.0254,106.2415,25.0754,5.25
18660.0,3.818,48.753,1.0156,105.6363,25.1462,5.2363
18665.0,3.8132,48.7142,1.0156,105.2929,24.7998,5.25
18670.0,3.8141,49.1872,1.0156,105.0599,25.0884,5.2637
18675.0,3.8041,48.4937,1.0156,104.5655,24.4512,5.2773
18680.0,3.8034,48.4491,1.0059,105.2182,24.8126,5.332
18685.0,3.8049,48.7238,1.0059,104.2497,25.2459,5.3594
18690.0,3.7957,48.1072,1.0156,104.8329,24.7112,5.373
18695.0,3.7954,48.0738,1.0156,104.4588,24.7798,5.3867
18700.0,3.7919,48.4218,0.9961,104.2884,24.6829,5.4004
18705.0,3.7916,48.7627,0.9863,104.0189,24.5992,5.3867
18710.0,3.7951,48.4135,1.0059,104.7927,25.0638,5.4141
18715.0,3.7931,48.0083,0.9961,104.5515,25.0539,5.4277
18720.0,3.7897,48.9827,0.9863,103.6616,25.136,5.4551
18725.0,3.7929,48.4538,0.9961,104.864,25.1933,5.4414
18730.0,3.7858,47.9514,0.9961,103.7107,24.9661,5.4688
18735.0,3.787,48.6582,1.0059,104.7181,24.9318,5.4551
18740.0,3.7962,48.3623,0.9961,104.5856,25.408,5.4414
18745.0,3.7862,48.4344,1.0059,104.6599,24.9725,5.4688
18750.0,3.7811,48.189,1.0059,102.8619,24.6572,5.4688
18755.0,3.7867,48.2209,1.0059,103.8199,24.8846,5.4551
18760.0,3.7822,48.2129,0.9961,103.9265,24.5767,5.4551
18765.0,3.7885,48.4037,1.0059,103.8614,25.2819,5.4824
18770.0,3.7828,48.156,0.9961,103.2342,24.9077,5.4824
18775.0,3.7831,47.632,1.0059,104.5088,25.095,5.4961
18780.0,3.7764,47.9011,0.9961,104.2372,25.1329,5.5371
18785.0,3.7756,48.3036,0.9863,101.8555,25.0126,5.5371
18790.0,3.7671,47.9285,0.9766,102.9761,24.9624,5.5781
18795.0,3.767,48.305,0.9863,104.2142,24.9434,5.5781
18800.0,3.7641,47.4493,0.9863,103.3403,24.9517,5.5918
18805.0,3.775,48.1273,1.0156,103.9218,25.565,5.5918
18810.0,3.7634,47.9574,0.9961,103.8796,25.14,5.6055
18815.0,3.7584,48.3269,0.9766,102.2183,24.8485,5.6055
18820.0,3.7565,47.8522,0.9668,100.7393,24.9812,5.6328
18825.0,3.7487,47.0724,0.9863,101.837,24.7658,5.6465
18830.0,3.7585,47.7822,0.9961,104.0399,25.0394,5.6328
18835.0,3.765,47.5935,0.9961,103.9161,25.3853,5.6191
18840.0,3.7548,48.1213,0.9766,102.325,25.047,5.6465
18845.0,3.7638,48.0216,0.9863,102.6183,25.5068,5.6465
18850.0,3.7535,47.8112,0.9863,103.6147,25.2194,5.6738
18855.0,3.7451,47.6578,0.9961,102.3179,24.9879,5.6875
18860.0,3.7426,47.2792,0.9668,100.7394,25.0167,5.7012
18865.0,3.7487,47.8385,0.9863,102.5024,25.1896,5.6875
18870.0,3.7381,47.4295,0.9863,99.9146,25.0477,5.7285
18875.0,3.7308,47.6076,0.957,100.3814,24.719,5.7285
18880.0,3.7291,47.043,0.9961,99.6097,25.0074,5.7559
18885.0,3.7244,47.0377,0.9668,99.1734,24.9414,5.7695
18890.0,3.7198,46.4603,0.957,99.2407,25.1111,5.8105
18895.0,3.7159,47.4257,0.9863,100.8113,24.8925,5.7969
18900.0,3.7208,46.9078,0.9668,99.5043,24.9326,5.7832
18905.0,3.723,47.2373,0.9863,101.3282,25.1808,5.7969
18910.0,3.7343,46.7829,0.9668,99.8074,25.4984,5.7832
18915.0,3.7179,46.89,0.957,98.89,25.0938,5.8105
18920.0,3.7088,46.9521,0.9766,99.3453,24.9205,5.8242
18925.0,3.7187,46.9366,0.9668,102.3118,25.3667,5.8242
18930.0,3.7134,47.5266,0.9473,99.5333,25.0479,5.8242
18935.0,3.7044,46.8452,0.957,98.5866,24.7575,5.8379
18940.0,3.7225,46.6421,0.9668,99.7625,25.5008,5.8242
18945.0,3.7028,46.3602,0.9668,98.7275,25.1086,5.8652
18950.0,3.7024,46.8518,0.9668,99.5097,25.0369,5.8652
18955.0,3.7003,46.8081,0.9473,99.4342,24.8073,5.8516
18960.0,3.7108,47.2257,0.957,99.1214,25.3767,5.8652
18965.0,3.7008,47.0734,0.9668,97.2883,24.8624,5.8516
18970.0,3.718,47.0448,0.957,99.4321,25.1298,5.8105
18975.0,3.7124,47.4225,0.957,100.201,25.0646,5.8242
18980.0,3.7059,46.6319,0.9668,98.8745,24.9419,5.8379
18985.0,3.705,46.9818,0.9668,99.914,25.038,5.8516
18990.0,3.7053,46.8325,0.9668,99.174,25.2872,5.8789
18995.0,3.6854,46.7335,0.9668,98.9103,25.4455,5.9473
19000.0,3.6474,46.1255,0.957,96.4142,24.7692,6.0156
19005.0,3.6321,45.4417,0.918,93.9196,25.3074,6.0977
19010.0,3.6113,45.0097,0.918,93.3259,24.9882,6.125
19015.0,3.5944,44.7402,0.918,92.8777,25.6094,6.207
19020.0,3.5508,44.3846,0.8789,88.8512,24.9841,6.2754
19025.0,3.5191,43.3225,0.8887,87.9126,25.0891,6.3438
19030.0,3.4947,42.9962,0.8887,86.7945,25.5049,6.4121
19035.0,3.4663,42.7112,0.8789,85.203,24.9482,6.4395
19040.0,3.4276,41.6613,0.8594,83.0867,25.1515,6.5078
19045.0,3.3968,41.8368,0.8398,81.1478,25.3311,6.5762
19050.0,3.3491,40.7904,0.8398,79.7617,25.0977,6.6445
19055.0,3.3033,39.7586,0.8008,74.9991,25.3319,6.7129
19060.0,3.2736,39.3533,0.8105,73.7193,24.947,6.7539
19065.0,3.2394,38.5593,0.8203,74.0208,25.5252,6.8223
19070.0,3.1951,37.8547,0.7812,68.8787,25.4684,6.877
19075.0,3.1471,36.8917,0.752,68.1554,24.9573,6.918
19080.0,3.1146,36.0459,0.752,66.2237,25.3158,6.9727
19085.0,3.0949,35.9556,0.7324,63.4699,25.4735,7.0
19090.0,3.0434,35.1112,0.7324,61.6997,25.3947,7.0547
19095.0,2.9953,33.8259,0.7129,59.8782,25.1054,7.0957
19100.0,2.9579,33.71,0.7324,59.4556,25.2832,7.1367
19105.0,2.9086,32.426,0.6836,55.5904,25.4173,7.1641
19110.0,2.8588,31.9288,0.6836,52.5791,25.1202,7.1914
19115.0,2.8154,30.9328,0.6934,52.3671,25.3077,7.2188
19120.0,2.7531,30.1469,0.6641,49.876,25.4648,7.2598
19125.0,2.6976,29.2406,0.6641,45.4965,24.8657,7.2734
19130.0,2.6537,28.2917,0.6152,44.7639,25.4688,7.2871
19135.0,2.5931,26.703,0.6543,42.0702,25.4636,7.3145
19140.0,2.532,26.4071,0.6152,39.9309,25.3278,7.3281
19145.0,2.4627,24.7939,0.5957,36.0584,24.9781,7.3555
19150.0,2.3965,23.8977,0.6055,32.6602,25.1359,7.3828
19155.0,2.3183,22.307,0.5859,30.8801,25.31,7.4102
19160.0,2.2447,21.8782,0.5664,27.4951,25.2914,7.4375
19165.0,2.176,19.9588,0.5469,25.3592,24.8989,7.4648
19170.0,2.1053,18.7768,0.5273,22.3686,24.953,7.4922
19175.0,2.0335,17.9094,0.5371,19.906,25.4791,7.5059
19180.0,1.9836,16.89,0.5371,19.2497,25.3764,7.5059
19185.0,1.9326,15.7432,0.5371,15.0528,25.1516,7.5195
19190.0,1.8749,14.9796,0.498,16.9497,25.3952,7.5195
19195.0,1.8237,13.5655,0.5078,14.0011,25.3143,7.5332
19200.0,1.7779,12.822,0.5078,13.0237,24.9161,7.5605
19205.0,1.7485,12.9745,0.5078,12.2556,25.4566,7.6016
19210.0,1.7595,13.0453,0.5273,12.1536,25.3524,7.5742
19215.0,1.7315,12.181,0.498,10.9623,26.2323,7.5879
19220.0,1.7619,12.1991,0.5078,12.8893,25.3402,7.5742
19225.0,1.7368,12.2124,0.5078,12.0455,25.7276,7.6016
19230.0,1.7483,12.4673,0.5273,10.8116,25.1344,7.6152
19235.0,1.7258,12.2918,0.498,9.6506,25.9624,7.6152
19240.0,1.7453,12.2676,0.5176,10.428,25.3226,7.6152
19245.0,1.7374,12.7111,0.5078,12.187,25.6534,7.6152
19250.0,1.735,12.1272,0.5078,12.7799,25.5087,7.6289
19255.0,1.7212,11.6878,0.5078,11.1778,25.7056,7.6426
19260.0,1.7332,12.3397,0.5078,12.5617,25.1425,7.6562
19265.0,1.705,11.4177,0.5176,11.0744,26.0295,7.6562
19270.0,1.6935,11.7823,0.5078,11.2269,26.0475,7.6836
19275.0,1.7073,12.0721,0.498,11.1066,25.3946,7.6973
19280.0,1.7117,11.3065,0.498,10.7609,25.4564,7.6836
19285.0,1.6962,11.3802,0.4883,11.5453,25.8605,7.6973
19290.0,1.7138,12.1009,0.498,11.833,25.4535,7.6836
19295.0,1.7015,11.7933,0.5078,11.2988,26.0077,7.6699
19300.0,1.7142,12.0787,0.5078,10.397,25.7246,7.6562
19305.0,1.7018,11.9955,0.5078,11.9471,25.9696,7.6699
19310.0,1.7063,11.6202,0.5078,12.5039,25.7539,7.6699
19315.0,1.7254,12.2595,0.498,11.103,25.364,7.6562
19320.0,1.7171,11.7646,0.5078,13.0722,25.2246,7.6836
19325.0,1.7001,11.2967,0.5078,10.8477,25.9877,7.6836
19330.0,1.702,11.4395,0.4785,11.3225,25.661,7.6973
19335.0,1.7004,11.4999,0.498,10.3751,25.5924,7.6973
19340.0,1.6897,11.6847,0.498,10.2601,25.9607,7.6973
19345.0,1.692,11.7998,0.5078,10.3625,25.7795,7.7109
19350.0,1.7088,12.1369,0.4883,11.4646,25.2683,7.6973
19355.0,1.7095,11.7052,0.498,12.2809,25.2711,7.6973
19360.0,1.6917,11.4277,0.5078,9.6215,25.9825,7.6973
19365.0,1.6987,11.5674,0.4785,9.3208,25.7294,7.6973
19370.0,1.6922,11.2085,0.5078,10.7819,26.1453,7.6836
19375.0,1.6911,11.2749,0.5176,9.9896,26.0694,7.6973
19380.0,1.7016,11.8681,0.5273,12.1903,25.628,7.6973
19385.0,1.6825,11.134,0.498,10.6184,26.0729,7.7109
19390.0,1.6994,11.7646,0.4883,11.3007,25.6623,7.6973
19395.0,1.6822,10.7709,0.498,10.7399,26.1511,7.7109
19400.0,1.684,11.4466,0.498,11.1582,25.8607,7.7246
19405.0,1.6762,10.6376,0.498,10.4434,26.2871,7.7109
19410.0,1.6924,11.1506,0.5078,10.4233,25.9231,7.6973
19415.0,1.6719,11.5667,0.498,10.2403,26.0595,7.7383
19420.0,1.6763,11.0935,0.5078,11.8969,25.9667,7.7383
19425.0,1.6809,11.131,0.5078,11.5987,25.7406,7.7383
19430.0,1.6735,11.1982,0.5078,9.1842,26.1941,7.7246
19435.0,1.6632,11.2533,0.4883,10.0802,26.4066,7.7383
19440.0,1.6746,11.4086,0.498,12.0519,26.0838,7.7383
19445.0,1.6712,11.0784,0.498,9.9957,26.146,7.7383
19450.0,1.6849,10.863,0.5078,11.3255,25.8306,7.7246
19455.0,1.6879,11.5329,0.498,12.0247,25.4346,7.7383
19460.0,1.6589,11.1369,0.5176,9.8897,26.2982,7.7656
19465.0,1.6544,10.6111,0.5078,10.0297,26.3179,7.7656
19470.0,1.674,11.6035,0.5078,10.9253,25.8693,7.752
19475.0,1.6741,11.3556,0.498,9.6537,25.9399,7.752
19480.0,1.6871,11.7446,0.498,11.5943,25.708,7.7246
19485.0,1.665,10.9403,0.5078,10.3581,26.0982,7.752
19490.0,1.6605,11.1875,0.498,11.7381,26.3744,7.752
19495.0,1.6546,11.1419,0.5078,9.394,26.2131,7.7793
19500.0,1.6584,10.8453,0.4883,9.6944,26.0981,7.7793
19505.0,1.6602,11.0008,0.5078,10.4595,26.158,7.7656
19510.0,1.6681,11.0197,0.4883,9.0907,25.8137,7.7656
19515.0,1.6565,10.619,0.5078,8.4257,26.2637,7.7656
19520.0,1.6494,10.5411,0.498,10.2742,25.9801,7.8066
19525.0,1.6458,10.5193,0.4785,9.533,26.4633,7.793
19530.0,1.6476,10.8633,0.498,10.1342,26.3817,7.793
19535.0,1.6491,10.7083,0.5078,9.8766,26.3896,7.7793
19540.0,1.627,10.5751,0.498,8.7072,26.6911,7.8203
19545.0,1.6506,10.3472,0.498,9.8542,25.6903,7.834
19550.0,1.6447,10.5719,0.5078,10.3917,26.1452,7.8066
19555.0,1.6295,10.1893,0.5078,9.3089,26.5958,7.8203
19560.0,1.6284,10.5892,0.4883,8.9103,26.5159,7.834
19565.0,1.6362,10.337,0.5078,8.8827,26.1265,7.834
19570.0,1.6321,10.1988,0.4883,9.1691,26.3564,7.834
19575.0,1.6182,10.6343,0.5176,7.6557,26.924,7.834
19580.0,1.6303,10.49,0.5078,10.0818,26.4404,7.834
19585.0,1.6207,9.9451,0.498,7.9688,26.4224,7.8613
19590.0,1.6251,10.517,0.498,8.9314,26.3547,7.8477
19595.0,1.6262,10.0327,0.498,8.9629,26.4605,7.8477
19600.0,1.6252,9.9669,0.498,8.9889,26.5581,7.834
19605.0,1.6532,10.5983,0.498,8.7896,26.1336,7.793
19610.0,1.6448,10.0232,0.4883,9.3298,26.4237,7.793
19615.0,1.6422,10.3523,0.498,9.6355,26.409,7.793
19620.0,1.6363,10.5833,0.5078,10.1202,26.5833,7.8066
19625.0,1.6428,10.4958,0.4883,8.766,26.29,7.8066
19630.0,1.6251,10.4559,0.4883,8.9275,26.9614,7.8066
19635.0,1.6262,10.5258,0.5078,8.3648,26.7035,7.8203
19640.0,1.6283,10.3642,0.5176,11.0051,26.5289,7.834
19645.0,1.6378,10.0874,0.4883,9.8289,26.2501,7.8203
19650.0,1.6376,10.0515,0.4785,8.4288,26.5385,7.8066
19655.0,1.6394,10.6049,0.498,9.7014,26.681,7.793
19660.0,1.6455,10.7403,0.498,9.4726,26.6546,7.7793
19665.0,1.6562,10.6839,0.5078,9.9356,26.5432,7.752
19670.0,1.6585,10.6705,0.5078,11.9729,26.2901,7.7656
19675.0,1.6457,10.9557,0.498,9.4514,26.6816,7.7656
19680.0,1.6402,10.4905,0.498,9.7645,26.9526,7.7656
19685.0,1.6572,10.5181,0.5078,9.8126,26.1628,7.7793
19690.0,1.6385,10.8323,0.5078,9.6915,26.9747,7.7656
19695.0,1.6497,11.0767,0.498,9.5445,26.6451,7.7656
19700.0,1.6424,10.8104,0.4883,10.0775,27.0583,7.752
19705.0,1.6537,10.6469,0.4883,8.5143,26.8739,7.7383
19710.0,1.6505,11.0193,0.498,10.8774,26.6699,7.752
19715.0,1.6395,10.5967,0.5078,9.5283,26.6486,7.793
19720.0,1.6148,9.7046,0.4883,8.8619,27.3984,7.8066
19725.0,1.612,9.7213,0.5078,9.3602,26.9888,7.8477
19730.0,1.6204,10.1207,0.4883,9.4233,26.9669,7.8203
19735.0,1.6191,9.9208,0.498,9.1366,26.7172,7.8477
19740.0,1.6078,10.4075,0.5078,9.3897,26.949,7.8613
19745.0,1.6018,9.8373,0.498,7.9558,27.1264,7.8613
19750.0,1.616,10.0788,0.5078,8.8344,26.7058,7.8613
19755.0,1.5936,9.0926,0.498,8.0172,27.4559,7.8613
19760.0,1.6065,10.1612,0.5078,9.909,27.219,7.8477
19765.0,1.6047,9.846,0.4688,9.4066,27.0045,7.8613
19770.0,1.6124,10.0814,0.498,9.0708,26.4734,7.875
19775.0,1.6067,9.7098,0.4883,9.5458,26.6756,7.8887
19780.0,1.5891,9.8175,0.498,8.6993,27.2165,7.9023
19785.0,1.6033,10.3573,0.4883,8.7617,26.5243,7.9023
19790.0,1.5915,9.149,0.5078,8.4167,27.0403,7.9023
19795.0,1.5861,9.1977,0.4883,7.453,27.0921,7.916
19800.0,1.5762,9.7329,0.498,8.3714,27.4093,7.9297
19805.0,1.5715,9.3564,0.498,6.9675,27.6185,7.9297
19810.0,1.5753,9.467,0.5078,8.6534,27.5052,7.9297
19815.0,1.5822,9.5715,0.4883,9.3544,27.1396,7.9297
19820.0,1.5778,9.599,0.4883,8.1995,27.4019,7.9297
19825.0,1.5826,9.4662,0.498,7.5562,27.0369,7.9297
19830.0,1.5819,9.5275,0.4883,8.3344,27.1269,7.9297
19835.0,1.5849,9.3743,0.498,10.0256,27.2286,7.916
19840.0,1.5768,9.2909,0.4883,8.7347,27.3742,7.9297
19845.0,1.5743,9.0616,0.4883,7.2866,27.302,7.9434
19850.0,1.5621,9.1916,0.498,9.0331,27.6409,7.957
19855.0,1.5612,8.8816,0.498,7.5765,27.583,7.9707
19860.0,1.5786,9.2761,0.4883,7.4769,27.0554,7.9434
19865.0,1.5748,9.5064,0.5176,7.9756,27.2156,7.9434
19870.0,1.5679,9.2418,0.498,7.1111,27.3353,7.957
19875.0,1.5649,8.6814,0.5176,7.5651,27.7588,7.9434
19880.0,1.5732,9.3825,0.4883,7.911,27.4462,7.9297
19885.0,1.5783,9.3815,0.498,8.0508,27.426,7.916
19890.0,1.5679,9.4956,0.498,7.3926,27.7023,7.9297
19895.0,1.5703,9.6795,0.498,8.7292,27.63,7.9297
19900.0,1.5771,9.4466,0.498,8.0206,27.1742,7.9434
19905.0,1.5583,9.0076,0.4883,8.4826,28.0208,7.9434
19910.0,1.5678,9.0509,0.498,7.8638,27.3814,7.957
19915.0,1.5542,9.0611,0.4785,8.4379,28.0012,7.957
19920.0,1.5586,9.1854,0.498,8.9003,27.8314,7.957
19925.0,1.5662,8.6374,0.5078,7.0757,27.6342,7.9434
19930.0,1.5643,9.4272,0.5078,6.7052,27.863,7.9297
19935.0,1.5664,9.4806,0.5078,8.9788,27.7096,7.9434
19940.0,1.5797,9.2412,0.4883,8.5395,27.2291,7.9297
19945.0,1.5781,9.0609,0.5078,9.4158,27.3154,7.9297
19950.0,1.5791,9.5843,0.5078,8.8992,27.0339,7.9434
19955.0,1.5697,9.1998,0.4883,8.7984,27.3457,7.957
19960.0,1.5637,9.4886,0.498,7.8814,27.8032,7.9434
19965.0,1.5639,8.338,0.5078,9.1688,27.725,7.9434
19970.0,1.5747,9.4157,0.4883,7.0024,27.5033,7.9297
19975.0,1.5681,9.27,0.498,8.8103,27.6584,7.9297
19980.0,1.5698,9.9812,0.498,7.4078,27.5827,7.9297
19985.0,1.562,9.2862,0.498,7.7924,27.8355,7.9434
19990.0,1.5582,9.4867,0.4785,7.6712,27.7565,7.957
19995.0,1.5615,9.6253,0.5176,9.1281,27.9609,7.9434
20000.0,1.5702,9.41,0.498,7.8643,27.6224,7.9297
20005.0,1.5712,9.4919,0.498,8.0283,27.5516,7.9297
20010.0,1.5603,9.0321,0.498,7.6715,28.0427,7.9297
20015.0,1.5604,9.596,0.498,7.1963,28.0242,7.9297
20020.0,1.5666,9.6021,0.4688,8.05,27.623,7.9434
20025.0,1.5642,9.1657,0.4883,8.6595,27.8115,7.9434
20030.0,1.5719,9.1236,0.4883,7.8027,27.5873,7.9297
20035.0,1.5534,8.8081,0.498,9.2594,28.3314,7.9434
20040.0,1.5581,8.7874,0.5078,9.5513,28.6093,7.9023
20045.0,1.5653,9.2122,0.498,8.5733,28.3926,7.8887
20050.0,1.5757,9.6508,0.498,8.1068,28.1257,7.875
20055.0,1.5682,9.4857,0.4883,7.5406,28.3606,7.8887
20060.0,1.5722,9.0477,0.5078,7.4612,28.2836,7.875
20065.0,1.568,9.4067,0.498,9.5696,28.3484,7.8887
20070.0,1.5887,9.0771,0.498,9.7151,27.7272,7.8613
20075.0,1.5688,9.6082,0.5078,10.2415,28.5507,7.875
20080.0,1.585,9.4417,0.4883,8.9826,28.0377,7.8613
20085.0,1.5828,9.8387,0.498,7.4136,28.0774,7.8613
20090.0,1.5732,9.3329,0.4883,7.6843,28.6176,7.8477
20095.0,1.573,9.4349,0.5078,8.6671,28.6835,7.8477
20100.0,1.5725,9.4057,0.5078,8.0377,27.9627,7.9023
20105.0,1.5614,9.0746,0.5078,9.4673,28.7955,7.875
20110.0,1.5613,9.6971,0.498,7.9577,28.627,7.8887
20115.0,1.5634,9.4203,0.5078,6.9823,28.1182,7.916
20120.0,1.5613,9.3623,0.4883,7.3067,28.1006,7.9297
20125.0,1.5623,9.4692,0.498,7.7233,28.5259,7.8887
20130.0,1.5782,10.0285,0.4785,7.761,28.1061,7.875
20135.0,1.5638,9.1592,0.5078,8.7247,29.0489,7.8477
20140.0,1.5732,9.1253,0.498,7.1321,28.6782,7.8477
20145.0,1.5681,9.3379,0.498,7.9517,28.8038,7.8613
20150.0,1.5729,8.6872,0.4883,7.291,28.4648,7.8613
20155.0,1.5714,9.6509,0.4883,8.4549,28.5514,7.8613
20160.0,1.5795,9.6557,0.5176,7.3614,28.564,7.834
20165.0,1.5802,9.3887,0.4785,9.0216,28.7456,7.8203
20170.0,1.5877,10.1162,0.498,8.7275,28.5904,7.8066
20175.0,1.5915,9.6292,0.4883,6.8143,28.2954,7.8203
20180.0,1.5843,9.1373,0.498,9.1819,28.6904,7.8066
20185.0,1.5841,9.7781,0.498,7.354,28.8798,7.8066
20190.0,1.5863,9.8955,0.5078,8.9531,28.6049,7.8066
20195.0,1.5836,9.7526,0.5078,8.9785,28.5893,7.8203
20200.0,1.5835,9.7945,0.4785,6.3867,28.7221,7.8066
20205.0,1.5832,9.8541,0.498,7.8566,29.0103,7.793
20210.0,1.5959,9.5414,0.4785,9.5784,28.6777,7.7793
20215.0,1.5813,9.5288,0.498,8.3714,29.088,7.793
20220.0,1.5869,9.3729,0.4883,10.4816,28.7334,7.8066
20225.0,1.5923,10.1194,0.4883,9.3882,28.5773,7.793
20230.0,1.5875,9.2938,0.498,8.9577,28.7301,7.8066
20235.0,1.5978,9.2946,0.4785,9.534,28.9432,7.752
20240.0,1.6031,9.7254,0.4883,8.5523,28.8944,7.7383
20245.0,1.6026,9.7663,0.5176,7.7525,28.8612,7.752
20250.0,1.5978,9.6481,0.4883,8.6564,29.06,7.752
20255.0,1.6043,10.6411,0.5078,9.47,28.8056,7.752
20260.0,1.6088,10.4677,0.5078,8.5107,28.6258,7.752
20265.0,1.599,10.1383,0.498,8.8137,29.1251,7.7383
20270.0,1.6136,10.1703,0.498,9.6449,28.7864,7.7246
20275.0,1.6131,9.6933,0.498,8.6875,29.0509,7.7109
20280.0,1.6213,9.9586,0.4785,7.7091,28.6906,7.7109
20285.0,1.6162,10.2958,0.498,10.1689,29.056,7.6973
20290.0,1.6359,10.8018,0.5176,9.3683,28.819,7.6699
20295.0,1.6241,10.131,0.498,8.8976,29.1171,7.6699
20300.0,1.6285,10.3253,0.5078,7.0145,28.9728,7.6699
20305.0,1.6246,10.1699,0.5078,8.5915,29.1177,7.6699
20310.0,1.6165,10.4869,0.5078,9.2695,29.0164,7.6973
20315.0,1.6203,11.2908,0.5176,9.2372,28.881,7.6973
20320.0,1.617,9.4607,0.5078,9.3389,29.0499,7.6973
20325.0,1.6163,9.3571,0.4883,8.404,29.0553,7.6973
20330.0,1.6146,10.1251,0.498,8.6942,29.2086,7.6973
20335.0,1.6295,10.0775,0.498,8.5806,28.6627,7.6836
20340.0,1.6227,10.1565,0.5078,8.6837,28.8479,7.6973
20345.0,1.6141,9.6996,0.4883,8.7365,29.2865,7.6973
20350.0,1.6142,10.0998,0.4883,8.7509,29.1205,7.6973
20355.0,1.6282,10.5187,0.5078,8.9318,28.6394,7.6973
20360.0,1.6062,10.5324,0.5176,8.7503,29.3009,7.7109
20365.0,1.6032,10.0417,0.4883,7.8915,29.4078,7.7109
20370.0,1.5999,10.2915,0.5176,9.2399,29.4094,7.7246
20375.0,1.6017,9.2537,0.5078,9.5758,29.1131,7.7383
20380.0,1.5864,9.3069,0.498,8.9361,29.582,7.752
20385.0,1.5999,9.593,0.4785,8.6619,28.914,7.752
20390.0,1.5942,9.6556,0.5078,9.1405,29.3829,7.7383
20395.0,1.5863,9.7563,0.4883,7.4448,29.5754,7.752
20400.0,1.6032,9.9766,0.4883,9.5034,29.2165,7.7246
20405.0,1.5963,10.098,0.4785,9.3017,29.2667,7.7383
20410.0,1.6067,10.0308,0.498,9.8349,28.8926,7.7383
20415.0,1.5866,9.4806,0.498,8.7123,29.4961,7.752
20420.0,1.5813,9.6457,0.498,8.5716,29.4024,7.7793
20425.0,1.5767,8.9347,0.4883,7.513,29.7506,7.7656
20430.0,1.5746,9.7468,0.4883,8.7483,29.809,7.7656
20435.0,1.576,9.4622,0.4785,7.8748,29.6322,7.7793
20440.0,1.5782,9.4676,0.4883,6.6967,29.6748,7.7656
20445.0,1.5813,9.8032,0.5078,9.2109,29.5048,7.7656
20450.0,1.5733,9.4538,0.5078,7.3409,29.6826,7.7793
20455.0,1.5761,9.348,0.498,8.9164,29.4937,7.7793
20460.0,1.5693,9.4389,0.498,6.435,29.7404,7.793
20465.0,1.5767,9.5088,0.498,7.7247,29.6439,7.7793
20470.0,1.5856,9.4906,0.5176,8.4969,29.5487,7.752
20475.0,1.5829,8.7823,0.5078,8.5864,29.7783,7.752
20480.0,1.5824,9.9369,0.5176,8.6312,29.6527,7.752
20485.0,1.5983,9.7515,0.4883,7.7447,29.3641,7.7246
20490.0,1.5972,9.0808,0.5078,8.36,29.1876,7.7383
20495.0,1.5808,9.4242,0.4883,7.7518,29.7737,7.752
20500.0,1.581,9.768,0.4883,8.7339,29.6255,7.7656
20505.0,1.5666,8.9256,0.4883,6.5248,30.2003,7.7656
20510.0,1.5639,9.6802,0.5078,8.6777,30.4628,7.7656
20515.0,1.5732,9.1622,0.498,7.268,30.1069,7.752
20520.0,1.5708,9.3844,0.5078,9.6099,30.008,7.7656
20525.0,1.5799,9.4464,0.4688,7.7789,29.5373,7.7656
20530.0,1.5755,9.5346,0.4883,8.8634,29.9608,7.7656
20535.0,1.5855,9.6434,0.4883,8.3832,29.7321,7.7383
20540.0,1.576,9.4547,0.498,9.7981,29.8989,7.7656
20545.0,1.5941,9.7948,0.4883,7.8692,29.3214,7.7383
20550.0,1.5997,10.0491,0.4883,8.8303,29.4083,7.7246
20555.0,1.6036,10.1339,0.5078,11.1907,29.4841,7.7109
20560.0,1.5975,9.328,0.4883,8.5666,29.9077,7.6973
20565.0,1.6016,9.8427,0.498,8.2627,29.6797,7.6973
20570.0,1.5952,9.2027,0.5176,10.3189,29.8178,7.7109
20575.0,1.6074,10.2768,0.4883,8.064,29.5552,7.6973
20580.0,1.6111,9.973,0.498,8.8166,29.4965,7.6836
20585.0,1.6151,9.8269,0.498,9.8,29.796,7.6562
20590.0,1.6196,10.0609,0.498,8.1036,29.2515,7.6836
20595.0,1.6077,9.4198,0.498,10.1273,29.9725,7.6699
20600.0,1.6183,9.8797,0.4785,8.0611,29.9192,7.6426
20605.0,1.6267,9.9409,0.498,9.1299,30.0562,7.6152
20610.0,1.6131,9.9446,0.5078,9.1264,30.2141,7.6426
20615.0,1.6001,9.3096,0.4883,8.6135,30.5725,7.6562
20620.0,1.6282,9.9971,0.4785,10.7838,29.8775,7.6289
20625.0,1.6286,10.036,0.5078,9.2875,29.755,7.6289
20630.0,1.631,10.3428,0.5078,9.6395,29.6115,7.6289
20635.0,1.6298,10.306,0.5176,10.2167,29.6779,7.6289
20640.0,1.6347,10.1378,0.498,9.7424,29.889,7.6016
20645.0,1.6327,10.557,0.4883,8.1385,29.9202,7.6152
20650.0,1.634,10.6275,0.498,10.1793,29.9606,7.6016
20655.0,1.6407,10.5439,0.498,9.244,29.8792,7.5879
20660.0,1.6329,10.0707,0.498,9.8209,30.3787,7.5879
20665.0,1.6376,10.9318,0.498,9.9443,30.2864,7.5742
20670.0,1.6472,10.965,0.498,8.8199,30.0981,7.5605
20675.0,1.634,9.9188,0.4883,9.1689,30.4606,7.5742
20680.0,1.6485,10.4065,0.5078,8.7882,30.1523,7.5605
20685.0,1.6475,10.8034,0.498,10.9174,30.0117,7.5742
20690.0,1.6465,11.2123,0.4883,9.557,29.9722,7.5742
20695.0,1.6323,10.0517,0.498,9.8035,30.4504,7.5879
20700.0,1.6459,10.1448,0.5078,10.3834,29.9223,7.5742
20705.0,1.6667,11.5509,0.498,9.98,29.5387,7.5469
20710.0,1.6731,11.6536,0.5176,11.2686,29.9814,7.5195
20715.0,1.6546,11.0155,0.498,10.1868,30.3657,7.5332
20720.0,1.6547,10.8066,0.5273,10.6756,30.0246,7.5469
20725.0,1.6503,10.7671,0.498,10.2717,30.0806,7.5605
20730.0,1.6432,11.1357,0.4785,9.4107,30.1242,7.5742
20735.0,1.6443,10.0144,0.498,9.4624,30.6919,7.5469
20740.0,1.6551,10.6954,0.5273,10.1302,30.1541,7.5469
20745.0,1.6538,10.7523,0.5176,10.4468,30.2208,7.5469
20750.0,1.6468,10.8589,0.5078,8.8139,30.4843,7.5469
20755.0,1.663,11.0271,0.498,10.1684,29.8449,7.5469
20760.0,1.6684,11.3847,0.4785,9.9564,29.809,7.5332
20765.0,1.6486,10.7073,0.5078,9.5853,30.0369,7.5605
20770.0,1.6571,10.5521,0.5078,9.765,30.0793,7.5469
20775.0,1.6383,10.6502,0.498,8.042,30.9123,7.5469
20780.0,1.6536,10.879,0.5078,9.2975,30.0792,7.5469
20785.0,1.6649,11.0189,0.498,10.438,30.276,7.5195
20790.0,1.6555,10.7782,0.498,8.9922,30.5845,7.5195
20795.0,1.661,10.7448,0.5078,10.59,30.4062,7.5195
20800.0,1.6573,10.6502,0.498,10.3404,30.4443,7.5195
20805.0,1.68,11.056,0.498,10.5004,29.8096,7.5059
20810.0,1.6569,11.0944,0.498,10.1698,30.6695,7.5195
20815.0,1.6659,10.8897,0.5176,10.9721,30.0364,7.5332
20820.0,1.6643,10.5391,0.5078,10.7686,30.3651,7.5195
20825.0,1.6579,11.1096,0.5078,9.6698,30.2715,7.5332
20830.0,1.6489,10.8763,0.5176,10.0678,30.4684,7.5469
20835.0,1.6528,10.6177,0.4883,11.2697,30.314,7.5469
20840.0,1.6568,10.716,0.5078,11.2158,30.133,7.5469
20845.0,1.6437,11.0401,0.498,9.2774,30.7597,7.5469
20850.0,1.6409,10.4695,0.498,9.0205,30.4952,7.5605
20855.0,1.6372,10.5775,0.498,10.0626,30.6575,7.5605
20860.0,1.6586,10.9866,0.498,10.3906,30.0796,7.5469
20865.0,1.6509,10.165,0.498,9.5424,30.7154,7.5332
20870.0,1.6526,10.9033,0.498,9.3114,30.3867,7.5332
20875.0,1.6556,11.2823,0.4883,9.3238,30.5909,7.5195
20880.0,1.6496,10.4716,0.4688,8.9506,30.4874,7.5469
20885.0,1.6527,10.6644,0.5078,10.2666,30.3504,7.5469
20890.0,1.6571,10.3264,0.4785,9.9024,30.5872,7.5195
20895.0,1.6606,10.5126,0.4883,9.5726,30.2494,7.5332
20900.0,1.6726,10.5245,0.4883,9.7152,30.3395,7.5059
20905.0,1.6797,11.0761,0.4883,9.9881,30.6623,7.4648
20910.0,1.6838,10.8031,0.498,10.5666,30.5879,7.4648
20915.0,1.6841,11.5673,0.5078,10.2566,30.8397,7.4512
20920.0,1.6823,11.5412,0.498,9.6255,30.6012,7.4648
20925.0,1.6821,11.515,0.5078,9.9159,30.626,7.4648
20930.0,1.6629,10.8948,0.498,10.3411,30.5504,7.5059
20935.0,1.6683,10.8397,0.498,10.6017,30.2094,7.5195
20940.0,1.6666,11.4029,0.498,9.5669,30.5846,7.5059
20945.0,1.6789,10.9636,0.498,9.2494,30.4322,7.4785
20950.0,1.6929,11.329,0.5176,13.0452,30.2501,7.4648
20955.0,1.668,10.8758,0.5078,9.6158,30.5576,7.4922
20960.0,1.6648,11.151,0.5078,9.6494,30.9801,7.4922
20965.0,1.6757,10.9423,0.5078,12.1177,30.6406,7.4785
20970.0,1.685,11.3711,0.498,10.9596,30.3979,7.4648
20975.0,1.6718,11.1412,0.498,10.2825,30.2382,7.5059
20980.0,1.6802,11.4692,0.5078,9.5991,30.5205,7.4785
20985.0,1.6763,11.0662,0.498,11.5465,30.6098,7.4785
20990.0,1.6752,11.1417,0.4883,10.6761,30.5672,7.4785
20995.0,1.6797,11.4753,0.5176,10.858,30.3307,7.4785
21000.0,1.6876,10.9011,0.5078,10.2706,30.187,7.4785
21005.0,1.6745,11.0098,0.5078,10.833,30.9,7.4648
21010.0,1.6706,11.6621,0.5273,10.92,30.5546,7.4922
21015.0,1.6658,10.3094,0.5078,9.8782,30.6405,7.4922
21020.0,1.6728,10.7917,0.4883,10.5928,30.1255,7.5059
21025.0,1.6714,11.5269,0.498,9.2328,30.1466,7.5059
21030.0,1.672,11.0571,0.5078,9.9082,30.8498,7.4785
21035.0,1.6781,11.2753,0.498,11.8572,30.6021,7.4785
21040.0,1.6892,11.2764,0.5078,10.2972,30.395,7.4648
21045.0,1.6906,11.5023,0.498,10.7613,30.3824,7.4648
21050.0,1.6943,11.661,0.5469,11.3294,30.2778,7.4512
21055.0,1.6813,11.6572,0.5078,11.181,30.4879,7.4785
21060.0,1.6687,11.6254,0.5078,9.8485,31.2028,7.4648
21065.0,1.6881,10.9995,0.498,10.9661,30.5523,7.4512
21070.0,1.6859,11.2314,0.5078,10.5227,30.7174,7.4512
21075.0,1.7037,12.0281,0.5078,10.8349,30.4574,7.4375
21080.0,1.6897,11.315,0.5078,10.6285,30.6984,7.4512
21085.0,1.7056,12.1772,0.4883,9.9792,30.5734,7.4238
21090.0,1.6956,11.8763,0.5078,10.8273,30.7319,7.4375
21095.0,1.7056,11.2976,0.5078,10.1572,30.8008,7.4102
21100.0,1.7241,12.0853,0.5176,9.7276,30.1924,7.4102
21105.0,1.7183,11.7913,0.498,10.9243,30.8103,7.3965
21110.0,1.7297,11.7496,0.498,11.7942,30.5547,7.3828
21115.0,1.7229,11.7766,0.5176,10.6106,30.9631,7.3691
21120.0,1.7315,12.0806,0.5078,12.2268,30.7804,7.3691
21125.0,1.7251,11.8124,0.5176,10.0862,30.8318,7.3691
21130.0,1.7324,11.8758,0.5078,11.3558,30.6283,7.3691
21135.0,1.7487,12.921,0.5078,10.4659,30.477,7.3555
21140.0,1.7581,12.4578,0.5176,12.5321,30.413,7.3418
21145.0,1.7376,12.3822,0.5176,12.3959,31.1296,7.3418
21150.0,1.7433,12.4238,0.5176,12.1728,30.8588,7.3418
21155.0,1.7391,12.3755,0.5176,11.9329,30.6107,7.3555
21160.0,1.7465,12.4377,0.498,12.5064,30.692,7.3418
21165.0,1.7474,12.3421,0.498,10.9134,30.6433,7.3418
21170.0,1.7491,12.2185,0.498,11.3839,30.6568,7.3418
21175.0,1.7553,12.1353,0.5176,11.9593,30.6652,7.3281
21180.0,1.753,12.5099,0.5078,11.3703,30.8578,7.3281
21185.0,1.744,12.1146,0.5176,12.6823,30.7393,7.3418
21190.0,1.7512,12.2673,0.5078,10.4905,30.357,7.3555
21195.0,1.7494,12.7042,0.498,11.8482,30.8126,7.3418
21200.0,1.7549,12.5202,0.498,12.5169,30.8048,7.3281
21205.0,1.7529,12.3481,0.498,10.3428,30.6128,7.3418
21210.0,1.748,12.9547,0.498,11.0868,31.08,7.3281
21215.0,1.7744,13.1086,0.5176,13.0232,30.5774,7.3008
21220.0,1.763,13.0469,0.5176,13.943,31.0157,7.3008
21225.0,1.7757,12.8706,0.5078,12.061,30.5806,7.3008
21230.0,1.7752,12.5766,0.5176,13.4693,30.9239,7.2871
21235.0,1.7653,12.9756,0.498,12.1328,30.8434,7.3008
21240.0,1.7922,12.8758,0.5176,13.0554,29.9017,7.3008
21245.0,1.7766,12.8702,0.5078,13.3754,31.1773,7.2734
21250.0,1.7879,13.4464,0.5176,15.33,30.6929,7.2734
21255.0,1.7909,12.9209,0.5078,12.6828,30.3562,7.2871
21260.0,1.7995,13.3489,0.5273,14.6285,30.323,7.2734
21265.0,1.794,13.2455,0.5176,12.5696,30.6816,7.2734
21270.0,1.8223,13.9104,0.5273,13.0989,30.5525,7.2324
21275.0,1.8324,14.0106,0.5273,14.0712,30.68,7.2051
21280.0,1.833,13.9654,0.5078,14.7645,30.9685,7.2051
21285.0,1.8334,13.5948,0.5469,15.2933,30.6347,7.2051
21290.0,1.8014,13.0402,0.498,13.3366,31.2132,7.2324
21295.0,1.8184,13.7245,0.5078,14.6857,30.4547,7.2324
21300.0,1.7858,12.6269,0.5176,13.2387,30.9997,7.2734
21305.0,1.7911,13.6054,0.498,12.7531,30.5074,7.2734
21310.0,1.7988,13.3623,0.498,12.8816,30.6832,7.2598
21315.0,1.8197,13.3722,0.5078,14.0949,30.793,7.2324
21320.0,1.812,13.8933,0.5176,13.6962,30.5141,7.2461
21325.0,1.8174,14.4667,0.5273,14.2598,30.8822,7.2324
21330.0,1.8193,13.4455,0.5078,14.1248,30.4767,7.2324
21335.0,1.8105,13.411,0.5078,14.3847,30.7368,7.2461
21340.0,1.8309,13.8377,0.5176,14.7448,30.7765,7.2051
21345.0,1.8364,13.9855,0.498,13.664,30.6407,7.2051
21350.0,1.8525,14.7332,0.5273,15.3831,30.1974,7.1914
21355.0,1.8463,14.0827,0.5371,14.7146,30.7517,7.1914
21360.0,1.8616,14.5181,0.5273,15.4381,30.4476,7.1777
21365.0,1.8507,14.256,0.5273,15.5376,30.7726,7.1777
21370.0,1.8747,14.03,0.5078,15.1257,30.881,7.1504
21375.0,1.8747,14.1634,0.5273,15.8074,30.4262,7.1641
21380.0,1.8743,15.1021,0.5078,15.6549,30.7335,7.1504
21385.0,1.8821,15.2398,0.5176,14.1215,30.2915,7.1504
21390.0,1.8653,14.9714,0.5273,16.4324,30.3284,7.1777
21395.0,1.8423,13.7793,0.5176,13.919,30.9358,7.1914
21400.0,1.8721,14.507,0.5176,16.367,30.2638,7.1641
21405.0,1.8582,14.3292,0.5371,13.9722,30.8379,7.1641
21410.0,1.8762,14.9845,0.5273,14.3813,30.3018,7.1641
21415.0,1.8763,14.4447,0.5371,15.7862,30.9216,7.1367
21420.0,1.9087,15.1982,0.5371,15.9458,29.9453,7.123
21425.0,1.8883,15.3524,0.5176,16.4576,30.3923,7.1367
21430.0,1.8974,15.025,0.5176,15.5223,30.7266,7.123
21435.0,1.8757,15.2129,0.5273,14.7739,30.7281,7.1504
21440.0,1.8635,14.9596,0.5273,16.2466,30.6878,7.1641
21445.0,1.862,14.2264,0.5078,15.917,30.6969,7.1641
21450.0,1.8765,14.9008,0.5078,15.9637,30.3163,7.1641
21455.0,1.872,14.685,0.5176,15.2575,30.552,7.1641
21460.0,1.8663,15.0056,0.5078,14.5228,30.7395,7.1641
21465.0,1.8741,14.3107,0.5176,15.3614,30.7759,7.1504
21470.0,1.8784,14.4567,0.5176,13.8096,30.3676,7.1504
21475.0,1.8837,14.9713,0.498,15.3492,30.3248,7.1504
21480.0,1.8812,15.3488,0.5176,15.1676,30.4509,7.1504
21485.0,1.872,14.4983,0.5176,16.001,30.3661,7.1641
21490.0,1.8676,14.6472,0.5176,15.03,30.584,7.1641
21495.0,1.8711,14.6259,0.5273,13.94,30.2896,7.1641
21500.0,1.8837,14.5835,0.5176,16.4317,30.3065,7.1504
21505.0,1.9047,15.3251,0.5273,18.4255,30.0797,7.1367
21510.0,1.9381,15.2714,0.5176,15.8599,30.1395,7.082
21515.0,1.9376,15.8749,0.5273,17.3553,30.7811,7.0684
21520.0,1.9589,15.9609,0.5273,17.9762,30.2525,7.0547
21525.0,1.9546,16.1865,0.5469,18.7568,30.4168,7.0547
21530.0,1.94,15.8075,0.5273,17.8756,30.8458,7.0684
21535.0,1.9523,16.0242,0.5078,18.4656,29.9776,7.0684
21540.0,1.9261,15.8193,0.5371,16.4312,30.3784,7.0957
21545.0,1.9181,15.3739,0.5176,16.4481,30.7219,7.0957
21550.0,1.9395,15.8421,0.5176,16.7987,30.5989,7.0684
21555.0,1.9405,15.7115,0.5176,16.2435,30.3442,7.082
21560.0,1.9591,15.5995,0.5078,17.8068,30.5116,7.0547
21565.0,1.9626,16.147,0.5469,19.6671,30.4079,7.0547
21570.0,1.9573,16.2796,0.5176,19.9383,30.3168,7.0547
21575.0,1.9529,16.2012,0.5371,18.2187,30.4899,7.0547
21580.0,1.9483,16.3203,0.5273,17.8347,30.7061,7.0547
21585.0,1.9376,15.7047,0.5371,16.7639,30.8569,7.0684
21590.0,1.957,16.2177,0.5176,17.3068,30.2411,7.0547
21595.0,1.9447,16.3762,0.5469,18.6274,30.5409,7.0684
21600.0,1.9538,16.2726,0.5078,17.4151,30.5011,7.0547
21605.0,1.9746,15.8462,0.5273,17.2142,30.435,7.041
21610.0,1.9659,16.263,0.5371,18.5521,30.3381,7.041
21615.0,1.9375,16.376,0.5371,18.0797,30.4816,7.082
21620.0,1.9644,15.9117,0.5371,17.3747,30.2787,7.0547
21625.0,1.958,16.1393,0.5371,18.4844,30.4734,7.0547
21630.0,1.9482,15.5011,0.5469,18.0059,30.7173,7.0547
21635.0,1.9869,16.1452,0.5273,18.0624,30.2578,7.0273
21640.0,1.9948,17.2348,0.5273,18.5134,30.2379,7.0137
21645.0,1.9954,16.9479,0.5371,19.1339,30.3595,7.0137
21650.0,1.9902,16.982,0.5469,19.5349,30.3811,7.0137
21655.0,1.9656,16.2558,0.5469,18.8221,30.5833,7.041
21660.0,1.9867,17.0616,0.5176,18.9559,30.1941,7.0273
21665.0,1.9713,16.2642,0.5273,18.5121,30.5869,7.0273
21670.0,1.976,16.5968,0.5371,18.8625,30.4716,7.0273
21675.0,2.0038,16.4031,0.5371,19.1672,30.1879,7.0
21680.0,1.9951,17.1584,0.5371,18.8331,30.7903,7.0
21685.0,2.0097,17.0274,0.5176,18.5991,30.3987,7.0
21690.0,2.0212,17.5675,0.5566,20.9731,30.2873,6.9863
21695.0,2.0272,17.1044,0.5371,20.1274,30.5688,6.9727
21700.0,2.0192,17.1194,0.5371,19.2004,30.5268,6.9863
21705.0,2.0334,17.5446,0.5469,20.4321,30.7992,6.9727
21710.0,2.0519,17.9587,0.5566,19.5999,30.5377,6.959
21715.0,2.0591,18.3637,0.5371,20.6064,30.6364,6.959
21720.0,2.0763,18.4806,0.5371,22.5847,30.5423,6.9453
21725.0,2.0835,18.3535,0.5566,21.9659,30.157,6.959
21730.0,2.0736,18.585,0.5273,21.0378,30.2837,6.9727
21735.0,2.0654,17.5454,0.5371,22.4313,30.4112,6.9727
21740.0,2.0609,17.5746,0.5371,20.5959,29.8767,7.0
21745.0,2.033,17.2688,0.5469,21.6984,30.219,7.0137
21750.0,2.0302,16.8813,0.5371,20.7928,30.3267,7.0137
21755.0,2.0399,17.7741,0.5371,19.9617,30.07,7.0137
21760.0,2.0159,17.4976,0.5566,20.0482,30.4229,7.0273
21765.0,2.0058,16.7735,0.5371,18.6167,30.6235,7.0273
21770.0,2.0144,17.6462,0.5273,17.7781,30.3272,7.0273
21775.0,1.9906,16.8686,0.5371,19.075,30.6703,7.041
21780.0,2.0009,16.8741,0.5371,19.163,30.5019,7.0273
21785.0,2.0171,16.918,0.5469,20.2568,30.5119,7.0
21790.0,2.0179,17.0264,0.5566,21.0477,30.5046,7.0
21795.0,1.9937,17.0444,0.5273,19.6843,30.6029,7.0273
21800.0,2.0288,17.4163,0.5371,19.7723,30.3511,6.9863
21805.0,2.0208,17.42,0.5273,19.6607,30.8327,6.9863
21810.0,2.0605,17.8092,0.5371,20.201,30.4306,6.959
21815.0,2.0537,17.692,0.5566,20.7745,30.4705,6.9727
21820.0,2.0522,17.4974,0.5566,21.5425,30.2858,6.9863
21825.0,2.0197,17.7286,0.5273,20.0132,30.3442,7.0137
21830.0,2.0149,16.9453,0.5273,19.4516,30.0977,7.0273
21835.0,1.998,17.0899,0.5273,19.4712,30.4353,7.0273
21840.0,1.9822,16.8868,0.5176,18.016,30.3057,7.041
21845.0,1.9863,16.867,0.5371,19.9171,30.7829,7.0273
21850.0,2.0192,17.493,0.5371,19.7333,29.9428,7.0
21855.0,2.0201,17.1575,0.5371,20.2614,30.0699,7.0
21860.0,1.9893,16.3746,0.5371,20.8583,30.9245,7.0137
21865.0,1.9934,16.9049,0.5469,19.8728,30.2111,7.0273
21870.0,1.9854,17.0049,0.5469,20.6837,30.3556,7.0273
21875.0,1.9819,16.3397,0.5469,17.7464,30.2281,7.0273
21880.0,1.9968,16.936,0.5469,20.3456,30.1924,7.0137
21885.0,1.9929,17.6371,0.5273,17.531,30.4341,7.0137
21890.0,1.9906,16.891,0.5176,19.4072,30.3513,7.0137
21895.0,1.9888,16.9255,0.5273,19.0748,30.4478,7.0137
21900.0,1.9832,16.8422,0.5469,19.0999,30.1876,7.0273
21905.0,1.9959,16.2073,0.5371,20.3701,30.2003,7.0137
21910.0,1.9775,16.5618,0.5469,18.9716,30.4543,7.0273
21915.0,1.9837,16.5817,0.5273,19.4196,30.6132,7.0137
21920.0,1.9912,16.9563,0.5273,19.188,30.1887,7.0137
21925.0,1.9885,16.3568,0.5273,17.8241,29.9486,7.0273
21930.0,1.997,16.8926,0.5371,18.4248,30.4724,7.0137
21935.0,2.0084,17.2356,0.5273,19.549,30.0451,7.0
21940.0,2.027,17.5642,0.5371,20.1043,30.0379,6.9863
21945.0,2.0142,17.1014,0.5469,20.1248,30.6647,6.9863
21950.0,2.0298,17.4929,0.5371,20.8972,30.2069,6.9863
21955.0,2.0405,17.7564,0.5371,20.2475,29.7603,6.9863
21960.0,2.0253,17.3382,0.5273,19.1495,29.8869,7.0
21965.0,2.0158,17.2656,0.5566,20.3986,30.4462,7.0
21970.0,2.0252,17.4361,0.5566,19.524,29.8199,7.0
21975.0,2.0425,17.7602,0.5176,20.6083,29.7041,6.9863
21980.0,2.0327,17.4837,0.5371,20.3557,30.0088,6.9863
21985.0,2.0203,17.0679,0.5273,19.8236,30.6878,6.9863
21990.0,2.0359,17.4494,0.5371,20.5159,30.2596,6.9863
21995.0,2.0641,18.0112,0.5371,21.5153,30.2845,6.959
22000.0,2.0601,17.9052,0.5273,22.9013,30.1127,6.9727
22005.0,2.0409,16.7384,0.5469,21.2609,30.3508,6.9863
22010.0,2.0403,17.675,0.5273,20.0992,29.6273,7.0
22015.0,2.0118,17.1495,0.5371,17.8823,30.275,7.0137
22020.0,2.0035,16.4991,0.5371,19.3983,30.2997,7.0273
22025.0,2.01,17.3391,0.5273,18.0942,30.0041,7.0273
22030.0,2.0117,16.9199,0.5469,20.4132,30.4345,7.0137
22035.0,1.9935,16.5224,0.5371,19.2131,30.6237,7.0273
22040.0,2.0323,17.0988,0.5566,20.2122,29.8004,7.0
22045.0,2.045,18.0889,0.5469,22.5448,30.0201,6.9863
22050.0,2.0473,17.4918,0.5371,20.3344,30.2286,6.9727
22055.0,2.0635,18.4306,0.5566,20.5905,29.7984,6.9727
22060.0,2.069,18.554,0.5566,21.4186,30.3125,6.959
22065.0,2.0759,18.2937,0.5469,22.6886,30.1817,6.959
22070.0,2.0939,18.4693,0.5469,22.0364,29.841,6.959
22075.0,2.0814,17.991,0.5371,21.1601,30.0821,6.9727
22080.0,2.0847,18.696,0.5469,22.7788,30.2157,6.9727
22085.0,2.0926,18.5901,0.5664,23.4784,30.2867,6.959
22090.0,2.1297,19.2186,0.5664,23.9374,29.9415,6.9453
22095.0,2.1394,19.1799,0.5566,25.0717,29.7812,6.9453
22100.0,2.1314,19.11,0.5664,23.111,30.6044,6.9453
22105.0,2.1568,19.3687,0.5371,23.7721,30.0337,6.9316
22110.0,2.1521,19.9878,0.5566,24.7375,30.3681,6.9453
22115.0,2.1428,19.478,0.5371,22.5426,30.452,6.959
22120.0,2.1819,19.9386,0.5371,25.4225,30.4912,6.9316
22125.0,2.1693,19.3832,0.5566,25.5148,30.1776,6.9453
22130.0,2.1787,19.6091,0.5566,24.3218,30.4975,6.9453
22135.0,2.1566,19.6543,0.5469,24.6224,30.3194,6.9727
22140.0,2.1423,19.2731,0.5566,23.5849,30.1716,6.9863
22145.0,2.1425,19.3991,0.5469,23.5712,30.309,6.9863
22150.0,2.1448,18.714,0.5566,24.7074,30.3671,6.9863
22155.0,2.1738,20.017,0.5273,23.5797,30.0441,6.9727
22160.0,2.1428,19.3423,0.5566,24.8829,30.0889,7.0
22165.0,2.1574,19.7312,0.5664,25.1606,30.4684,6.9863
22170.0,2.1525,19.0,0.5469,25.352,30.4011,6.9863
22175.0,2.1557,19.3664,0.5664,24.8446,29.9169,7.0
22180.0,2.1454,19.0953,0.5469,25.7819,30.5597,7.0
22185.0,2.1597,19.577,0.5469,25.055,30.3689,6.9863
22190.0,2.1851,19.8715,0.5566,25.3878,30.3612,6.9727
22195.0,2.1948,20.4228,0.5566,24.8932,30.1658,6.959
22200.0,2.1802,20.5484,0.5469,24.8729,30.1524,6.9863
22205.0,2.1778,19.5238,0.5664,25.8349,30.0679,6.9863
22210.0,2.1871,20.3899,0.5664,25.926,29.9894,6.9863
22215.0,2.15,19.261,0.5664,24.2913,29.9062,7.0137
22220.0,2.1508,19.5227,0.5469,24.3559,30.4516,7.0137
22225.0,2.0997,18.9484,0.5469,22.2543,30.4095,7.0547
22230.0,2.1322,18.7609,0.5371,23.9217,29.5599,7.0273
22235.0,2.1154,19.1714,0.5469,22.2412,30.4659,7.0273
22240.0,2.1185,18.9727,0.5566,21.8594,29.9956,7.0273
22245.0,2.1336,19.9261,0.5664,23.026,29.7662,7.0137
22250.0,2.0984,18.7127,0.5371,21.6149,30.2799,7.041
22255.0,2.1035,18.7376,0.5273,22.5746,29.9676,7.0273
22260.0,2.1049,19.0069,0.5371,22.5871,30.0833,7.0273
22265.0,2.1163,18.6841,0.5566,21.8834,30.2062,7.0137
22270.0,2.1159,18.9821,0.5469,22.5238,29.8013,7.0137
22275.0,2.0834,18.4437,0.5469,21.4536,30.3407,7.0273
22280.0,2.0738,18.0592,0.5469,21.3839,30.678,7.0273
22285.0,2.0866,18.4175,0.5371,20.8494,29.4448,7.041
22290.0,2.0943,18.4502,0.5664,22.7214,30.0448,7.0137
22295.0,2.0849,18.6273,0.5371,21.7127,30.5058,7.0137
22300.0,2.1154,18.9759,0.5469,22.6472,30.3492,6.9863
22305.0,2.1396,19.5727,0.5469,23.9704,29.8629,6.9727
22310.0,2.1371,19.1741,0.5469,24.3552,29.7589,6.9863
22315.0,2.1092,19.2294,0.5371,22.324,30.5381,7.0
22320.0,2.1286,18.9586,0.5469,23.7693,29.8533,6.9863
22325.0,2.0992,18.2084,0.5371,22.5206,30.2739,7.0137
22330.0,2.0973,18.6714,0.5273,23.6918,30.3188,7.0137
22335.0,2.077,17.8897,0.5273,23.3749,29.923,7.041
22340.0,2.0699,18.3401,0.5273,22.0998,29.9144,7.041
22345.0,2.0402,17.6031,0.5371,20.2032,30.0469,7.0547
22350.0,2.0549,17.617,0.5469,21.6671,29.7964,7.041
22355.0,2.039,17.592,0.5566,20.3945,30.131,7.041
22360.0,2.0484,17.176,0.5469,19.8463,30.1926,7.0273
22365.0,2.0272,16.9547,0.5273,20.273,30.1453,7.041
22370.0,2.012,17.4328,0.5469,20.215,30.1634,7.0547
22375.0,2.0122,16.5224,0.5664,19.9366,30.3128,7.041
22380.0,2.0114,17.0375,0.5469,19.5561,29.9455,7.0547
22385.0,2.0051,16.647,0.5371,18.8456,29.8327,7.0547
22390.0,2.0122,16.7512,0.5371,20.1613,30.1571,7.0273
22395.0,1.986,16.8664,0.5273,19.5484,30.5291,7.041
22400.0,2.0224,16.8005,0.5273,20.2011,29.6177,7.0273
22405.0,2.0111,16.7985,0.5371,19.4421,30.2092,7.0137
22410.0,2.0082,16.9649,0.5371,18.2855,30.2742,7.0137
22415.0,2.0212,16.7589,0.5469,19.9727,30.1639,7.0
22420.0,2.0211,17.0388,0.5762,20.4723,30.2939,7.0
22425.0,2.067,17.8613,0.5371,20.567,30.0477,6.959
22430.0,2.0511,18.0401,0.5371,19.9202,29.9574,6.9863
22435.0,2.0658,17.5704,0.5469,21.0103,29.944,6.9727
22440.0,2.0722,18.0299,0.5469,20.128,30.0539,6.9727
22445.0,2.0719,18.4698,0.5566,20.32,30.5203,6.959
22450.0,2.1068,18.8058,0.5469,22.8072,30.149,6.9453
22455.0,2.1188,18.9191,0.5664,23.1798,30.4978,6.9316
22460.0,2.1257,18.8589,0.5664,24.417,30.2314,6.9453
22465.0,2.1377,19.6586,0.5566,24.5253,29.5418,6.9453
22470.0,2.1533,19.6557,0.5566,23.3862,29.7325,6.9316
22475.0,2.1628,20.0856,0.5664,24.4175,30.1833,6.9316
22480.0,2.1596,19.5963,0.5566,25.0568,30.1187,6.9453
22485.0,2.1433,19.6039,0.5566,23.1463,29.7934,6.9727
22490.0,2.1491,19.716,0.5469,22.6753,30.1153,6.959
22495.0,2.1659,20.053,0.5664,25.6883,29.8549,6.959
22500.0,2.1672,20.1294,0.5664,24.7447,30.2645,6.959
22505.0,2.1909,20.5923,0.5566,25.0063,30.1801,6.9453
22510.0,2.1983,20.2632,0.5566,24.9807,29.9142,6.9453
22515.0,2.2128,21.0991,0.5664,25.8561,30.6831,6.9316
22520.0,2.1889,20.1437,0.5566,25.7772,30.1328,6.959
22525.0,2.2245,20.6008,0.5762,26.1412,30.0285,6.9453
22530.0,2.2507,21.3989,0.5762,29.451,30.0851,6.9316
22535.0,2.2525,21.4125,0.5762,28.6998,30.3493,6.9316
22540.0,2.261,21.2353,0.5859,27.8339,29.8372,6.9316
22545.0,2.2837,21.4281,0.5762,28.6546,30.6135,6.918
22550.0,2.2763,21.599,0.5664,28.4374,30.4401,6.9316
22555.0,2.292,21.6488,0.5957,29.8738,30.1533,6.9316
22560.0,2.2769,21.9579,0.5664,28.4513,30.5865,6.9453
22565.0,2.2953,21.3672,0.5664,29.2019,29.9553,6.9453
22570.0,2.2934,21.7465,0.5762,29.7502,30.2888,6.959
22575.0,2.3163,22.0344,0.5859,31.3187,30.2657,6.9453
22580.0,2.3234,23.0839,0.5859,30.4698,29.8294,6.9453
22585.0,2.3224,21.7562,0.5762,30.4426,30.3273,6.9453
22590.0,2.3185,22.7926,0.5566,29.0963,29.7571,6.959
22595.0,2.2759,21.5643,0.5664,29.1588,30.6564,7.0
22600.0,2.2915,22.1895,0.5566,29.9048,29.8506,6.9863
22605.0,2.303,22.0777,0.5859,30.3288,30.0657,6.9863
22610.0,2.2775,21.3856,0.5762,29.0394,30.6233,7.0
22615.0,2.2867,22.1415,0.5566,28.219,30.4316,6.9863
22620.0,2.2994,22.3342,0.5859,30.7318,29.7256,6.9863
22625.0,2.2934,22.1226,0.5566,29.0444,30.313,6.9863
22630.0,2.3062,23.1173,0.5762,28.6899,30.3388,6.9863
22635.0,2.3058,22.0191,0.5566,29.6902,30.2674,6.9863
22640.0,2.3021,22.1116,0.5859,29.5873,30.2332,6.9863
22645.0,2.282,21.7976,0.6055,29.3219,30.0864,7.0137
22650.0,2.2953,22.1231,0.5762,30.5424,30.5462,6.9863
22655.0,2.2947,21.9144,0.5762,29.2913,30.436,7.0
22660.0,2.3094,21.9904,0.5859,30.4884,30.2027,6.9863
22665.0,2.3274,22.84,0.5859,30.7434,30.3596,6.9727
22670.0,2.3546,23.0875,0.5957,30.7788,29.7655,6.959
22675.0,2.3495,22.8256,0.5859,31.9939,30.029,6.959
22680.0,2.3474,22.9334,0.5859,32.3499,30.3515,6.9727
22685.0,2.3355,22.6928,0.5957,30.3755,30.3445,6.9863
22690.0,2.3332,22.1751,0.5859,32.2134,30.3795,6.9863
22695.0,2.3286,22.7413,0.5664,30.863,30.31,6.9863
22700.0,2.2934,22.0778,0.5762,29.4673,30.5493,7.0137
22705.0,2.2984,22.2138,0.5859,29.34,29.9927,7.0137
22710.0,2.2672,21.642,0.5664,27.5245,30.1391,7.041
22715.0,2.2637,21.6463,0.5762,28.1863,30.1592,7.041
22720.0,2.2227,21.4641,0.5566,27.4315,30.3493,7.0684
22725.0,2.2294,20.7004,0.5762,26.1376,30.087,7.0547
22730.0,2.2134,20.7601,0.5859,27.1443,30.2502,7.0547
22735.0,2.2071,20.7335,0.5469,25.3816,30.4791,7.0547
22740.0,2.2033,20.0405,0.5664,25.9826,30.4474,7.0547
22745.0,2.1851,20.3741,0.5664,26.9214,30.2363,7.0684
22750.0,2.1526,19.5113,0.5371,23.7923,30.8827,7.0684
22755.0,2.1662,19.9642,0.5469,25.5256,30.167,7.0684
22760.0,2.1541,19.2227,0.5371,23.6211,30.1269,7.0684
22765.0,2.1254,19.4627,0.5371,22.3676,30.2489,7.082
22770.0,2.1412,19.3226,0.5469,23.5435,30.0243,7.0684
22775.0,2.1314,19.5318,0.5664,24.1618,30.6808,7.0547
22780.0,2.103,18.871,0.5469,23.4171,30.41,7.0684
22785.0,2.0739,18.4345,0.5371,22.9237,30.5956,7.0957
22790.0,2.0749,18.3676,0.5469,22.6123,30.6087,7.082
22795.0,2.0921,18.3942,0.5469,23.3708,29.8891,7.0684
22800.0,2.039,17.9272,0.5469,21.1408,30.335,7.0957
22805.0,2.0469,17.4919,0.5273,20.1074,29.7243,7.0957
22810.0,2.0194,17.5385,0.5371,21.5013,30.329,7.0957
22815.0,1.9893,16.2803,0.5273,18.1504,30.1474,7.1094
22820.0,1.9746,16.625,0.5469,20.4151,30.0376,7.123
22825.0,1.9236,15.7825,0.5273,15.7498,30.3296,7.1504
22830.0,1.9087,15.4389,0.5371,18.0218,30.3623,7.1504
22835.0,1.8949,14.8383,0.5273,17.5052,30.3607,7.1504
22840.0,1.8747,14.1077,0.5273,14.5125,30.9565,7.1504
22845.0,1.8896,14.6046,0.5176,16.9785,30.6304,7.1367
22850.0,1.8938,15.0567,0.498,16.8223,30.5579,7.1367
22855.0,1.8909,15.4444,0.5273,17.2204,30.5384,7.1367
22860.0,1.8874,14.7863,0.5371,17.1795,30.3252,7.1504
22865.0,1.8732,15.0504,0.5273,16.2984,30.4109,7.1641
22870.0,1.8656,14.3518,0.5176,15.6776,30.4976,7.1641
22875.0,1.8599,14.5478,0.5273,15.2901,30.6404,7.1777
22880.0,1.8581,14.1778,0.5176,14.9063,30.6741,7.1777
22885.0,1.8885,14.6336,0.5176,16.1666,30.19,7.1504
22890.0,1.8767,14.3857,0.5078,13.8525,30.9972,7.1367
22895.0,1.8949,15.0563,0.5273,16.8714,30.5666,7.123
22900.0,1.8985,14.7718,0.5176,14.9926,30.9156,7.1094
22905.0,1.922,15.1606,0.5371,17.4522,30.4373,7.0957
22910.0,1.9129,15.4551,0.5176,16.4475,30.1009,7.123
22915.0,1.9048,15.6504,0.5078,16.359,30.3592,7.123
22920.0,1.9184,15.1567,0.5273,16.0954,30.0382,7.1094
22925.0,1.9196,15.5357,0.5273,15.2955,30.5015,7.0957
22930.0,1.9234,15.7183,0.498,17.0268,30.6008,7.0957
22935.0,1.9392,16.5354,0.5273,16.6046,30.5457,7.0684
22940.0,1.9062,14.9668,0.5273,18.4249,30.9162,7.1094
22945.0,1.9129,14.9945,0.5469,15.9546,30.4771,7.1094
22950.0,1.9325,15.2049,0.5371,19.4355,30.5933,7.082
22955.0,1.9505,15.8388,0.5078,17.6728,30.2914,7.0684
22960.0,1.9681,16.476,0.5371,16.3275,29.9978,7.0547
22965.0,1.9737,16.3335,0.5371,17.8411,29.9126,7.041
22970.0,1.9747,16.415,0.5273,18.3589,30.1882,7.041
22975.0,1.9836,16.7027,0.5469,20.8875,30.4291,7.0273
22980.0,1.9944,16.719,0.5566,19.0497,30.209,7.0137
22985.0,2.0242,16.876,0.5273,19.2349,29.8897,6.9863
22990.0,2.0258,17.2248,0.5371,19.4045,30.4611,6.9863
22995.0,2.0485,18.1181,0.5469,19.692,30.3512,6.959
23000.0,2.0746,18.0671,0.5469,22.1815,30.4622,6.9453
23005.0,2.07,17.901,0.5273,22.3941,30.7282,6.9453
23010.0,2.0993,18.9185,0.5371,21.4887,30.126,6.9316
23015.0,2.101,18.3471,0.5469,22.4196,30.157,6.9453
23020.0,2.0875,18.0167,0.5566,21.4971,30.4427,6.959
23025.0,2.1147,19.4027,0.5469,23.2907,30.4291,6.9453
23030.0,2.0989,18.1872,0.5469,22.6834,30.7265,6.959
23035.0,2.1415,19.1304,0.5469,24.7348,30.9185,6.918
23040.0,2.1322,18.6457,0.5469,23.048,30.7164,6.9453
23045.0,2.1886,20.542,0.5566,24.3078,30.236,6.9043
23050.0,2.2175,20.7325,0.5566,24.295,30.5225,6.8906
23055.0,2.2457,21.3331,0.5957,28.7572,30.5493,6.877
23060.0,2.3101,22.1232,0.5957,30.5026,30.2892,6.8496
23065.0,2.3339,23.3241,0.5859,30.8716,30.6403,6.8496
23070.0,2.342,23.3274,0.5664,30.5758,30.4498,6.8633
23075.0,2.3228,22.1214,0.5762,30.4847,30.1456,6.8906
23080.0,2.3217,22.4119,0.5859,29.9226,30.4857,6.9043
23085.0,2.3463,22.8862,0.5762,31.3845,30.5908,6.8906
23090.0,2.3538,23.2584,0.5762,31.8346,30.6449,6.9043
23095.0,2.3915,23.9492,0.5859,31.9071,30.588,6.8906
23100.0,2.4207,23.9004,0.5957,34.616,30.1377,6.877
23105.0,2.4536,25.1371,0.5957,35.8515,30.1566,6.8633
23110.0,2.431,24.948,0.5957,34.8109,30.3604,6.9043
23115.0,2.4387,24.1574,0.5957,34.9275,30.5796,6.9043
23120.0,2.4604,25.0395,0.6055,36.8471,30.6326,6.9043
23125.0,2.4853,25.7353,0.6055,35.3436,30.4702,6.8906
23130.0,2.4572,24.6863,0.6152,35.6789,31.3782,6.918
23135.0,2.5027,26.0133,0.6152,39.2201,31.0099,6.9043
23140.0,2.5048,26.2703,0.6055,38.1986,30.6032,6.918
23145.0,2.4939,25.6125,0.6348,38.331,30.6153,6.9316
23150.0,2.5066,25.8093,0.5957,37.9139,30.2539,6.9316
23155.0,2.4767,25.2114,0.6055,35.5223,30.9756,6.959
23160.0,2.5064,25.8745,0.6152,38.4807,30.8212,6.9453
23165.0,2.4939,25.1424,0.5957,37.0773,31.0636,6.959
23170.0,2.4981,26.4207,0.625,38.0723,30.6413,6.959
23175.0,2.5299,25.8969,0.5957,37.7333,30.5183,6.9453
23180.0,2.5067,25.8359,0.6152,37.1981,30.7278,6.9727
23185.0,2.5229,25.6283,0.6445,38.8553,30.6107,6.959
23190.0,2.5212,26.1183,0.6152,37.4924,30.3522,6.9727
23195.0,2.5111,26.3064,0.6055,37.7791,30.6988,6.9727
23200.0,2.473,25.2143,0.6152,36.3721,30.4078,7.0137
23205.0,2.4737,25.2609,0.6055,36.792,30.861,7.0137
23210.0,2.4253,24.6247,0.5957,34.8551,30.2985,7.041
23215.0,2.3999,24.0134,0.6152,33.3455,30.5361,7.0547
23220.0,2.3547,23.0939,0.5957,32.1503,30.6915,7.082
23225.0,2.3476,23.0076,0.5859,30.8239,30.4201,7.082
23230.0,2.3375,22.9708,0.5859,31.2045,30.4912,7.082
23235.0,2.3079,21.9068,0.5859,30.6917,30.4996,7.0957
23240.0,2.2757,21.9017,0.5664,28.7439,30.8822,7.1094
23245.0,2.2559,21.6905,0.5664,28.3538,30.9152,7.1094
23250.0,2.2173,20.6545,0.5762,26.8601,30.7592,7.123
23255.0,2.191,20.1547,0.5566,25.941,30.348,7.1367
23260.0,2.185,20.5251,0.5664,24.9016,30.8036,7.123
23265.0,2.1764,20.1045,0.5566,24.5936,30.8592,7.1094
23270.0,2.1527,19.4447,0.5469,24.595,30.9397,7.123
23275.0,2.151,19.1651,0.5371,23.0093,30.7806,7.1094
23280.0,2.1298,18.9669,0.5469,23.2814,30.7915,7.1094
23285.0,2.1175,19.0706,0.5469,23.2216,30.3029,7.1094
23290.0,2.0914,18.7268,0.5566,23.4786,29.8955,7.1367
23295.0,2.0434,17.6241,0.5371,21.4066,30.3295,7.1504
23300.0,2.006,16.7154,0.5273,18.7933,31.2004,7.1504
23305.0,2.0099,17.6812,0.5469,20.2225,30.2161,7.1504
23310.0,1.9928,17.0679,0.5371,19.1998,30.6459,7.1367
23315.0,1.9753,16.5097,0.5566,18.3038,30.6343,7.1367
23320.0,1.9656,16.4765,0.5371,17.6476,30.8664,7.123
23325.0,1.9655,16.4164,0.5273,20.55,30.9797,7.1094
23330.0,1.9651,16.3079,0.5371,17.8359,30.9713,7.0957
23335.0,1.9775,16.6143,0.5273,17.653,30.7096,7.082
23340.0,1.9674,16.3022,0.5176,18.919,30.7958,7.0684
23345.0,1.948,16.0136,0.5273,17.6308,30.9712,7.082
23350.0,1.9727,16.1361,0.5273,18.2454,30.2515,7.0547
23355.0,2.0092,17.3364,0.5273,19.0625,30.5602,7.0137
23360.0,1.9711,15.943,0.5371,19.1312,30.868,7.041
23365.0,1.9755,16.059,0.5371,19.8529,30.6764,7.041
23370.0,1.9782,16.4019,0.5371,18.4542,30.5506,7.0273
23375.0,1.9804,16.4807,0.5469,19.1301,30.7796,7.0137
23380.0,1.9901,16.7039,0.5273,17.8041,30.4499,7.0137
23385.0,1.9773,16.2503,0.5273,17.8633,31.0485,7.0137
23390.0,1.9919,16.9296,0.5273,18.5768,30.5993,7.0137
23395.0,1.986,16.5411,0.5273,17.922,30.5943,7.0137
23400.0,2.0167,17.7116,0.5371,19.178,30.3904,6.9863
23405.0,2.0052,16.459,0.5371,19.3206,30.6476,7.0
23410.0,2.0258,17.7026,0.5469,20.2659,30.6406,6.9727
23415.0,2.0419,17.3739,0.5469,21.9117,30.5834,6.9727
23420.0,2.0583,17.6234,0.5566,21.4727,30.3418,6.959
23425.0,2.0664,17.9086,0.5469,21.5609,30.894,6.9453
23430.0,2.0627,18.1607,0.5273,20.0831,30.9927,6.959
23435.0,2.0916,18.2956,0.5664,23.5952,31.1608,6.9316
23440.0,2.0978,18.046,0.5469,23.5285,31.0471,6.9316
23445.0,2.1076,18.4466,0.5469,22.9186,30.1565,6.9453
23450.0,2.1231,18.787,0.5371,23.7394,30.5707,6.9316
23455.0,2.1062,18.5727,0.5371,22.2996,30.6555,6.959
23460.0,2.0988,18.6127,0.5566,23.3985,30.9674,6.959
23465.0,2.0927,18.7723,0.5273,22.7835,31.0356,6.9727
23470.0,2.0878,18.6473,0.5371,23.3507,30.6406,6.9863
23475.0,2.1459,19.2033,0.5469,23.2127,30.5373,6.9453
23480.0,2.1784,20.2655,0.5762,25.8231,30.4551,6.918
23485.0,2.1645,19.1951,0.5566,24.7202,30.3426,6.9453
23490.0,2.1752,20.0143,0.5371,24.4406,30.3056,6.9453
23495.0,2.1619,19.7938,0.5566,24.4529,30.8959,6.9453
23500.0,2.1411,19.9836,0.5371,23.8052,30.4453,6.9863
23505.0,2.1093,18.9279,0.5664,23.8558,30.7768,7.0137
23510.0,2.1222,18.8811,0.5469,23.4206,30.8842,7.0
23515.0,2.1045,18.9762,0.5566,23.288,30.6279,7.0137
23520.0,2.1012,18.0606,0.5566,22.9938,30.9506,7.0137
23525.0,2.101,18.3794,0.5469,23.5797,30.5864,7.0137
23530.0,2.1222,18.7737,0.5371,22.9018,30.7974,6.9863
23535.0,2.1304,19.0498,0.5762,25.1621,30.8617,6.9863
23540.0,2.1776,19.857,0.5469,23.9639,30.3545,6.959
23545.0,2.2017,20.0264,0.5566,26.5276,30.5542,6.9316
23550.0,2.1918,20.2667,0.5566,25.0641,30.9388,6.9453
23555.0,2.2391,21.1819,0.5664,26.8591,31.0294,6.918
23560.0,2.2363,21.1107,0.5859,27.9916,30.6367,6.9316
23565.0,2.2658,21.4038,0.5566,28.2338,31.0257,6.918
23570.0,2.2502,20.6979,0.5859,28.4026,30.315,6.9453
23575.0,2.2537,20.9185,0.5664,27.1585,30.7786,6.9453
23580.0,2.2408,20.8869,0.5762,27.8747,30.7743,6.959
23585.0,2.2089,20.3057,0.5566,27.4962,30.6322,6.9863
23590.0,2.2084,20.8008,0.5762,27.4454,30.6347,7.0
23595.0,2.2271,20.6222,0.5566,27.7269,30.1796,6.9863
23600.0,2.2457,20.5966,0.5664,26.6493,30.6782,6.959
23605.0,2.2625,21.3052,0.5957,29.1054,30.5288,6.959
23610.0,2.3026,22.5578,0.5859,29.7561,30.0456,6.9316
23615.0,2.3143,22.2552,0.5957,29.5984,30.23,6.9316
23620.0,2.335,22.9526,0.5859,31.4129,30.4292,6.918
23625.0,2.3046,22.1077,0.5566,29.595,30.245,6.959
23630.0,2.3078,22.3005,0.5957,30.7545,30.8445,6.959
23635.0,2.3313,22.7101,0.5957,31.6342,30.4586,6.9453
23640.0,2.3705,23.5333,0.6055,32.4285,30.5531,6.918
23645.0,2.3622,23.7287,0.5664,31.1701,30.5997,6.9316
23650.0,2.3436,23.1619,0.5859,33.3821,30.4019,6.959
23655.0,2.3158,22.7815,0.5859,29.9164,30.1947,6.9863
23660.0,2.3036,21.888,0.5762,30.9398,30.6952,7.0
23665.0,2.303,22.1126,0.5664,29.0387,30.169,7.0
23670.0,2.2867,21.564,0.6055,30.0509,30.8756,7.0137
23675.0,2.2753,21.5903,0.5664,28.9222,30.4255,7.0273
23680.0,2.2523,21.3411,0.5762,27.6697,30.3146,7.041
23685.0,2.257,21.2555,0.5859,28.5571,30.4444,7.0273
23690.0,2.2527,21.2233,0.5859,26.8995,30.5485,7.0273
23695.0,2.2261,20.1917,0.5566,25.7722,30.8545,7.041
23700.0,2.2158,20.5591,0.5664,26.5945,30.5566,7.0547
23705.0,2.2431,21.2894,0.5566,26.802,30.2072,7.0273
23710.0,2.2585,21.0426,0.5566,28.2653,30.0067,7.0137
23715.0,2.2483,20.9077,0.5664,27.912,30.8336,7.0137
23720.0,2.2517,21.1553,0.5762,27.8268,30.7877,7.0
23725.0,2.228,20.652,0.5664,27.5109,30.4795,7.0273
23730.0,2.1944,20.2577,0.5566,26.1311,30.6611,7.0547
23735.0,2.1586,19.4578,0.5664,24.4919,30.8917,7.0684
23740.0,2.1737,20.3311,0.5566,24.9483,30.3176,7.0547
23745.0,2.1615,19.7484,0.5371,23.5987,30.6254,7.0547
23750.0,2.1484,19.7174,0.5566,22.5124,30.9988,7.0547
23755.0,2.1134,18.5719,0.5469,23.2283,30.7078,7.082
23760.0,2.1169,19.0551,0.5566,22.1238,30.6616,7.0684
23765.0,2.0851,18.226,0.5469,22.8396,30.2964,7.0957
23770.0,2.0897,18.3702,0.5469,20.4276,29.9349,7.082
23775.0,2.0672,17.5172,0.5566,21.9604,30.2321,7.0957
23780.0,2.033,17.4241,0.5469,21.1219,30.0531,7.123
23785.0,1.9948,16.4163,0.5469,19.3146,30.5475,7.1367
23790.0,1.9889,17.2951,0.5469,20.6026,30.3034,7.123
23795.0,1.9467,16.0728,0.5371,17.285,30.0932,7.1641
23800.0,1.902,14.7799,0.5371,16.6953,30.4729,7.1777
23805.0,1.9117,15.1585,0.5078,15.4059,30.1067,7.1504
23810.0,1.9122,15.4021,0.5273,15.5952,30.1763,7.1367
23815.0,1.8963,15.0945,0.5469,17.7856,30.6458,7.123
23820.0,1.9106,15.0442,0.5371,16.0129,30.4651,7.1094
23825.0,1.9226,14.7633,0.5273,16.5933,30.0856,7.1094
23830.0,1.9336,15.271,0.5371,18.4166,29.7495,7.0957
23835.0,1.9303,15.3682,0.5469,16.7806,30.1866,7.0957
23840.0,1.9437,15.8985,0.5273,16.3314,30.2254,7.082
23845.0,1.9419,15.8288,0.5371,17.3587,30.1796,7.082
23850.0,1.9459,16.1025,0.5371,17.593,30.2149,7.0684
23855.0,1.9517,15.6554,0.5371,18.5567,30.2762,7.0684
23860.0,1.9584,16.3232,0.5176,17.7769,29.8465,7.0684
23865.0,1.9481,16.1042,0.5371,18.3292,30.4646,7.0684
23870.0,1.9548,16.219,0.5176,18.535,29.6645,7.082
23875.0,1.9461,15.5103,0.5273,17.4378,30.4259,7.0684
23880.0,1.9779,16.8409,0.5469,19.6183,30.0985,7.041
23885.0,1.9584,16.0673,0.5371,17.0293,30.1871,7.0547
23890.0,1.9564,15.9798,0.5176,17.0071,29.8919,7.0684
23895.0,1.9466,15.7548,0.5273,17.959,29.919,7.082
23900.0,1.9301,15.9274,0.5273,15.682,30.3338,7.0957
23905.0,1.9359,15.9238,0.5371,18.7649,30.672,7.0684
23910.0,1.9621,16.2179,0.5371,17.5678,30.4057,7.0547
23915.0,1.9538,15.6014,0.5273,18.3096,30.5603,7.0547
23920.0,1.9812,16.724,0.5371,20.7619,30.0029,7.041
23925.0,1.963,16.6543,0.5469,19.2324,30.4676,7.041
23930.0,1.9672,16.1806,0.5273,18.0418,29.963,7.0547
23935.0,1.9429,15.9168,0.5371,16.8363,29.9107,7.082
23940.0,1.9367,16.1735,0.5273,16.5253,30.0375,7.0957
23945.0,1.9405,16.0885,0.5371,16.9295,29.9268,7.082
23950.0,1.9533,16.1166,0.5371,17.3797,29.6468,7.082
23955.0,1.9381,15.7565,0.5371,17.1144,29.8512,7.0957
23960.0,1.9295,15.072,0.5371,17.0331,30.2019,7.0957
23965.0,1.9162,15.3326,0.498,16.1433,30.4673,7.1094
23970.0,1.9423,15.8741,0.5371,18.3574,30.5874,7.0684
23975.0,1.9201,15.0874,0.5273,17.422,30.6039,7.0957
23980.0,1.9353,15.7822,0.5176,17.3083,29.9793,7.0957
23985.0,1.9238,15.9414,0.5371,17.0016,30.1836,7.0957
23990.0,1.9398,15.7067,0.5273,16.9068,30.0845,7.082
23995.0,1.9555,15.9326,0.5273,17.2129,29.7422,7.0684
24000.0,1.9629,16.5113,0.5176,16.7036,30.3292,7.0547
24005.0,1.9984,16.8424,0.5469,18.8072,29.4915,7.0273
24010.0,1.9916,16.75,0.5566,19.2358,30.0854,7.0273
24015.0,1.9995,16.7325,0.5273,18.3803,30.0996,7.0137
24020.0,1.9987,17.2335,0.5566,19.7974,30.0095,7.0137
24025.0,1.9822,16.044,0.5273,17.4626,29.983,7.041
24030.0,1.9705,16.3823,0.5371,19.2099,30.1904,7.041
24035.0,1.9976,16.6806,0.5176,19.18,30.1336,7.0137
24040.0,1.9834,16.4096,0.5273,19.1734,29.8771,7.041
24045.0,1.9726,16.44,0.5371,17.0679,29.9008,7.0547
24050.0,1.9699,15.9863,0.498,16.7497,30.0886,7.041
24055.0,1.9858,16.733,0.5176,19.7781,29.9473,7.0273
24060.0,1.9743,16.2337,0.5273,18.5582,29.808,7.0547
24065.0,1.9676,16.9681,0.5078,17.5829,29.6313,7.0684
24070.0,1.9473,16.1627,0.5371,16.8949,29.7894,7.082
24075.0,1.9476,16.4226,0.5371,18.4548,30.1253,7.0684
24080.0,1.9388,15.7011,0.5273,18.3421,29.9252,7.0957
24085.0,1.9546,15.9551,0.5469,17.6096,29.9029,7.0684
24090.0,1.9678,16.2027,0.5371,18.6507,29.4691,7.0684
24095.0,1.9591,15.7745,0.5273,17.0697,30.0077,7.0684
24100.0,1.9772,16.6773,0.5371,18.6114,29.8667,7.041
24105.0,1.9659,15.8518,0.5371,18.4767,29.8803,7.0547
24110.0,1.9444,16.3497,0.5273,16.3958,30.2999,7.0684
24115.0,1.9763,16.1783,0.5371,18.3406,29.4172,7.0547
24120.0,1.971,16.319,0.5371,17.5805,29.3673,7.0684
24125.0,1.9366,15.8276,0.5469,18.3659,29.8004,7.0957
24130.0,1.9533,15.9953,0.5273,17.8098,29.3753,7.082
24135.0,1.9366,15.6034,0.5371,17.3276,30.0471,7.0957
24140.0,1.9179,15.4521,0.5273,18.0085,29.889,7.123
24145.0,1.9296,15.437,0.5469,17.4562,29.9237,7.0957
24150.0,1.914,15.5752,0.5273,16.5252,30.2662,7.1094
24155.0,1.9531,16.1291,0.5273,17.4211,29.3482,7.082
24160.0,1.9563,15.9189,0.5371,17.587,29.8029,7.0684
24165.0,1.9699,16.3312,0.5371,18.0631,29.6652,7.0547
24170.0,1.9715,17.0411,0.5371,19.4262,29.8434,7.0547
24175.0,1.9566,16.2019,0.5469,19.5153,29.8392,7.0684
24180.0,1.9515,16.0385,0.5176,18.2047,29.6704,7.082
24185.0,1.9402,16.0833,0.5371,17.238,29.7691,7.0957
24190.0,1.938,15.893,0.5273,17.3697,29.38,7.1094
24195.0,1.9441,15.656,0.5371,19.395,29.6276,7.0957
24200.0,1.954,15.9772,0.5078,17.7715,29.6463,7.082
24205.0,1.9379,16.1607,0.5273,17.2013,29.508,7.0957
24210.0,1.9291,15.5929,0.5176,15.4491,29.8777,7.1094
24215.0,1.9379,15.7356,0.5273,17.8312,29.8727,7.0957
24220.0,1.9377,15.575,0.5371,17.7469,29.4242,7.1094
24225.0,1.9382,15.5293,0.5273,19.0628,29.7312,7.0957
24230.0,1.9445,15.8644,0.5273,16.7094,29.3901,7.0957
24235.0,1.9595,16.3057,0.5371,16.9042,29.4541,7.082
24240.0,1.9944,16.8239,0.5273,19.1297,29.3386,7.041
24245.0,2.0006,16.71,0.5566,20.0391,29.2073,7.0273
24250.0,1.9967,16.7037,0.5176,18.1103,29.3447,7.041
24255.0,2.0185,17.285,0.5371,19.2837,29.2573,7.0137
24260.0,2.0352,17.3283,0.5469,20.8526,29.7077,6.9863
24265.0,2.0468,18.2592,0.5371,19.7958,29.5389,6.9727
24270.0,2.0742,18.6994,0.5566,23.0664,29.2962,6.959
24275.0,2.0824,18.2492,0.5371,20.8808,29.1624,6.959
24280.0,2.0582,17.8922,0.5469,21.1424,30.0481,6.9727
24285.0,2.0858,18.2297,0.5371,22.8172,29.3258,6.959
24290.0,2.0914,18.3289,0.5371,21.579,29.5448,6.959
24295.0,2.0805,17.5027,0.5469,22.6315,29.0347,6.9863
24300.0,2.0652,18.3299,0.5371,20.1177,29.6415,6.9863
24305.0,2.0588,18.1485,0.5371,20.2059,29.3323,7.0
24310.0,2.052,17.7175,0.5469,19.4028,28.9497,7.0137
24315.0,2.055,17.3689,0.5566,21.0968,29.2488,7.0
24320.0,2.0592,18.129,0.5371,21.8059,29.3755,7.0
24325.0,2.0815,18.4486,0.5469,21.0332,29.0087,6.9863
24330.0,2.0893,18.7012,0.5664,22.8076,28.9446,6.9727
24335.0,2.0778,17.7633,0.5566,22.4611,29.6894,6.9727
24340.0,2.0731,18.1389,0.5273,21.0594,29.1003,7.0
24345.0,2.0649,18.319,0.5469,22.6216,29.2268,7.0
24350.0,2.0421,17.5508,0.5273,20.6687,29.3331,7.0273
24355.0,2.0754,17.8537,0.5273,20.9745,29.2025,6.9863
24360.0,2.0735,18.0931,0.5469,22.9944,28.7427,7.0
24365.0,2.0389,17.5534,0.5566,21.956,29.1849,7.0273
24370.0,2.0081,17.4346,0.5469,19.3738,29.1388,7.0547
24375.0,1.9992,16.9288,0.5371,18.4427,29.4479,7.0547
24380.0,1.9849,16.5563,0.5273,19.1559,29.108,7.0684
24385.0,1.9843,16.4969,0.5469,19.8687,29.0976,7.0547
24390.0,1.9921,16.822,0.5371,20.1941,28.839,7.0547
24395.0,1.9738,15.9694,0.5273,17.8889,29.3088,7.0684
24400.0,1.9757,16.5229,0.5273,18.9176,28.8208,7.0684
24405.0,1.9509,15.7545,0.5176,17.9325,29.1432,7.0957
24410.0,1.9668,15.7683,0.5176,17.8295,29.3035,7.0684
24415.0,1.98,16.1386,0.5371,19.1599,29.0564,7.0684
24420.0,1.9714,16.5413,0.5273,17.406,29.3211,7.0684
24425.0,1.9787,16.2295,0.5078,16.9791,28.8387,7.0684
24430.0,1.9883,16.1337,0.5469,20.7145,28.7774,7.0547
24435.0,1.9887,16.788,0.5371,19.0702,28.6594,7.0684
24440.0,1.9743,16.1253,0.5371,19.0814,29.2776,7.0684
24445.0,1.9817,16.1667,0.5273,19.1034,28.9957,7.0684
24450.0,1.978,16.7736,0.5273,18.4595,29.2897,7.0547
24455.0,1.9928,16.8752,0.5371,19.1881,28.8779,7.0547
24460.0,2.0091,16.8887,0.5566,20.043,28.952,7.0273
24465.0,2.0163,17.6693,0.5469,18.7001,28.9814,7.0273
24470.0,2.0232,17.2125,0.5371,20.2734,28.6112,7.0273
24475.0,2.0386,16.9431,0.5566,20.2028,28.6241,7.0
24480.0,2.0602,18.2266,0.5469,21.5419,28.7657,6.9727
24485.0,2.0474,17.1105,0.5273,19.3555,28.7503,6.9863
24490.0,2.0495,17.7874,0.5371,20.6273,29.1342,6.9863
24495.0,2.0539,17.7415,0.5371,20.3666,29.0283,6.9863
24500.0,2.0222,17.5022,0.5566,20.3681,28.9103,7.0137
24505.0,2.0107,16.6782,0.5273,19.4354,28.8377,7.0273
24510.0,2.0214,17.1894,0.5176,19.7326,28.8478,7.0137
24515.0,1.998,17.0788,0.5371,19.1969,28.8405,7.041
24520.0,1.9937,16.5245,0.5469,19.3536,28.951,7.0547
24525.0,2.0063,17.2188,0.5371,19.27,28.8596,7.041
24530.0,2.0214,17.3125,0.5176,20.0257,28.522,7.0273
24535.0,2.0206,17.1559,0.5371,20.295,28.6419,7.0273
24540.0,2.0063,17.8171,0.5273,18.5633,29.1053,7.0273
24545.0,2.0381,17.259,0.5371,20.8586,28.5775,7.0
24550.0,2.0348,17.7426,0.5469,20.5393,28.2014,7.0137
24555.0,2.035,17.434,0.5371,20.8446,28.5953,7.0137
24560.0,2.0212,16.7551,0.5371,19.5103,28.6206,7.0273
24565.0,2.0267,17.5268,0.5371,19.7892,28.6549,7.0137
24570.0,2.0253,17.3761,0.5469,20.8574,28.5343,7.0137
24575.0,2.0238,16.8875,0.5273,18.7031,28.6583,7.0137
24580.0,2.0152,17.0673,0.5176,19.5319,28.7936,7.0273
24585.0,2.0175,17.7646,0.5371,19.4614,28.8295,7.0273
24590.0,2.0517,17.4441,0.5371,20.2566,28.5397,6.9863
24595.0,2.0762,18.3436,0.5469,21.331,28.3882,6.9727
24600.0,2.0862,19.0782,0.5371,21.5841,28.5425,6.959
24605.0,2.0619,18.2574,0.5273,22.624,28.7964,6.9863
24610.0,2.0763,18.2435,0.5273,22.0475,28.545,6.9727
24615.0,2.0905,18.1188,0.5469,22.7961,28.6146,6.959
24620.0,2.1084,18.9475,0.5273,22.9821,28.4521,6.959
24625.0,2.111,18.8765,0.5469,20.6931,28.5111,6.959
24630.0,2.0926,18.3787,0.5469,21.5627,28.7208,6.9727
24635.0,2.1085,18.9511,0.5566,22.7971,28.1282,6.9727
24640.0,2.0976,18.8183,0.5371,23.0247,28.4462,6.9863
24645.0,2.1081,18.6754,0.5371,22.2622,28.4001,6.9727
24650.0,2.11,18.5854,0.5371,22.6935,28.2196,6.9863
24655.0,2.1306,19.7239,0.5566,25.0717,27.8606,6.9727
24660.0,2.1249,19.6482,0.5371,23.0381,28.1703,6.9727
24665.0,2.1239,19.1822,0.5566,22.9864,28.6696,6.9727
24670.0,2.1461,19.2084,0.5762,23.465,28.3943,6.959
24675.0,2.1549,19.5119,0.5566,24.5497,28.7707,6.9453
24680.0,2.1712,19.9148,0.5566,25.1022,28.5193,6.9453
24685.0,2.1545,19.701,0.5664,25.0081,28.4582,6.959
24690.0,2.1351,18.9375,0.5469,23.2405,28.1352,7.0
24695.0,2.108,18.419,0.5371,23.1203,28.7852,7.0137
24700.0,2.1365,19.1298,0.5664,25.031,27.8604,7.0
24705.0,2.1544,19.3121,0.5664,24.4887,27.6389,6.9863
24710.0,2.1463,19.3111,0.5469,22.8397,28.4596,6.9863
24715.0,2.1738,20.054,0.5566,25.4479,28.5415,6.959
24720.0,2.1834,19.7591,0.5566,26.087,28.0779,6.959
24725.0,2.17,19.8216,0.5664,25.4956,27.3551,6.9863
24730.0,2.1928,19.8866,0.5469,25.1588,28.2334,6.959
24735.0,2.2132,20.4403,0.5664,26.1574,28.0382,6.9453
24740.0,2.2201,20.5226,0.5566,26.7471,28.3443,6.9453
24745.0,2.231,21.3983,0.5469,26.5872,27.5678,6.9453
24750.0,2.2112,20.4685,0.5762,26.2847,28.1084,6.959
24755.0,2.2077,20.226,0.5664,28.4513,28.2168,6.9727
24760.0,2.1969,19.8007,0.5664,26.9469,28.3946,6.9863
24765.0,2.2169,20.9075,0.5664,27.4697,28.0025,6.9727
24770.0,2.2091,20.3324,0.5566,25.2639,27.8931,6.9863
24775.0,2.2209,20.4706,0.5664,26.8685,28.0769,6.9727
24780.0,2.2381,20.8596,0.5664,27.4027,28.1161,6.959
24785.0,2.2268,20.8726,0.5371,27.0006,28.2599,6.9727
24790.0,2.2428,21.1495,0.5859,28.1384,28.0905,6.959
24795.0,2.2208,21.0949,0.5469,27.2526,28.1668,6.9863
24800.0,2.2414,20.7492,0.5762,26.8826,28.142,6.9727
24805.0,2.2577,21.7094,0.5762,27.6855,28.0876,6.959
24810.0,2.2543,20.8125,0.5664,28.9563,28.3322,6.959
24815.0,2.2813,22.1057,0.5762,27.8648,27.6123,6.959
24820.0,2.2599,20.9305,0.5859,29.3749,27.8747,6.9727
24825.0,2.2348,21.0257,0.5664,26.775,28.5666,6.9863
24830.0,2.2643,21.2603,0.5566,26.7526,27.7648,6.9727
24835.0,2.2797,21.4946,0.5762,28.6664,27.8267,6.959
24840.0,2.254,21.5056,0.5664,28.0358,28.2239,6.9863
24845.0,2.2763,22.0244,0.5859,29.2755,27.7271,6.9727
24850.0,2.248,21.2489,0.5762,28.0707,28.1615,7.0
24855.0,2.2672,21.9529,0.5664,27.5317,27.9208,6.9863
24860.0,2.2582,21.6598,0.5859,27.3849,27.8336,7.0
24865.0,2.2422,21.0881,0.5762,27.4061,28.2176,7.0
24870.0,2.2131,20.2922,0.5762,26.2024,27.7831,7.041
24875.0,2.2045,20.8168,0.5566,25.2687,27.5139,7.041
24880.0,2.1736,19.8045,0.5566,23.9374,27.6724,7.0684
24885.0,2.184,20.0785,0.5176,24.995,28.1683,7.041
24890.0,2.184,20.4273,0.5566,24.6276,28.388,7.0273
24895.0,2.1889,20.1078,0.5566,25.5822,27.9476,7.0273
24900.0,2.154,19.9191,0.5664,22.7127,28.262,7.0547
24905.0,2.1354,19.615,0.5566,23.9632,28.0386,7.0684
24910.0,2.1642,19.6,0.5762,23.7408,27.2421,7.0547
24915.0,2.1463,19.6994,0.5566,24.8836,28.0276,7.041
24920.0,2.1326,19.6269,0.5566,24.6636,28.0656,7.0547
24925.0,2.0883,18.7479,0.5371,21.8925,27.827,7.0957
24930.0,2.0703,18.1121,0.5469,21.2241,27.5759,7.1094
24935.0,2.0749,18.3575,0.5371,22.961,27.7153,7.082
24940.0,2.0563,17.9573,0.5469,21.4888,27.8513,7.0957
24945.0,2.0454,17.8753,0.5371,19.7058,27.6806,7.0957
24950.0,2.0502,18.1578,0.5273,21.0429,27.5712,7.082
24955.0,2.0446,17.4949,0.5176,18.7694,27.4052,7.082
24960.0,2.0071,16.9391,0.5469,20.6569,27.5276,7.1094
24965.0,1.9736,16.5453,0.5371,17.6207,27.9084,7.123
24970.0,1.98,16.4891,0.5273,17.2568,27.7735,7.1094
24975.0,1.9784,16.9909,0.5469,18.2624,27.6892,7.1094
24980.0,1.9713,16.1871,0.5469,19.4921,28.0935,7.0957
24985.0,1.982,16.818,0.5273,18.8032,27.5984,7.0957
24990.0,1.9828,16.3483,0.5469,20.6427,27.6634,7.0957
24995.0,1.9733,16.3471,0.5176,17.2678,27.5056,7.1094
25000.0,1.9759,16.4385,0.5273,18.0426,27.5605,7.1094
25005.0,1.9698,16.5404,0.5176,18.9806,27.6114,7.123
25010.0,1.9499,16.2511,0.5371,18.4724,27.7671,7.1367
25015.0,1.9469,15.6083,0.5273,17.0097,27.8937,7.1367
25020.0,1.9507,16.3359,0.5273,17.5413,27.6729,7.1367
25025.0,1.9591,16.2511,0.5273,17.1514,27.5982,7.1367
25030.0,1.9694,16.682,0.5469,19.382,27.2633,7.123
25035.0,1.9782,16.1352,0.5273,19.3479,27.7534,7.0957
25040.0,1.9771,16.4575,0.5469,20.5079,27.7596,7.1094
25045.0,1.9772,16.1964,0.5273,18.3948,26.943,7.123
25050.0,1.9498,16.752,0.5371,18.7295,27.4924,7.1504
25055.0,1.9615,15.8111,0.5273,19.0331,27.3663,7.1367
25060.0,1.9537,15.7405,0.5371,17.9109,27.6735,7.1367
25065.0,1.9682,16.6461,0.5273,16.8637,27.3078,7.123
25070.0,1.9412,16.1799,0.5371,18.4606,27.7389,7.1504
25075.0,1.9506,16.1698,0.5273,17.9985,27.4423,7.1504
25080.0,1.9549,16.2398,0.5273,19.3435,27.4449,7.1367
25085.0,1.959,16.4687,0.5078,17.0049,27.8527,7.123
25090.0,1.9825,16.5114,0.5273,19.1321,28.0081,7.0957
25095.0,1.9938,16.5131,0.5371,18.2862,27.4729,7.0957
25100.0,1.9987,16.5669,0.5273,17.9383,27.3035,7.082
25105.0,1.9893,16.8414,0.5371,19.8331,27.9809,7.082
25110.0,2.0114,17.2428,0.5371,19.8462,26.971,7.082
25115.0,1.9792,16.3106,0.5371,19.8805,27.6109,7.1094
25120.0,1.9666,16.6705,0.5273,17.1299,27.5943,7.123
25125.0,1.9735,16.322,0.5176,18.7826,27.2333,7.123
25130.0,1.9696,16.5389,0.5176,19.0867,27.5211,7.123
25135.0,1.9655,15.8112,0.5273,18.9875,27.2766,7.1367
25140.0,1.9613,15.9836,0.5176,19.4411,27.5743,7.123
25145.0,1.984,16.8378,0.5273,18.2445,27.1572,7.1094
25150.0,1.9805,16.5568,0.5371,18.6944,27.551,7.1094
25155.0,1.985,17.0342,0.5273,18.0718,27.2623,7.1094
25160.0,1.9695,16.3884,0.5273,16.419,27.8664,7.1094
25165.0,1.9825,16.1093,0.5273,19.3775,27.4633,7.1094
25170.0,1.9664,16.4951,0.5371,18.8969,27.5253,7.123
25175.0,1.9665,16.3556,0.5371,18.876,27.3825,7.123
25180.0,1.9655,16.6074,0.5176,16.8829,27.7377,7.123
25185.0,1.9667,17.1259,0.5371,18.5202,27.6568,7.123
25190.0,1.9464,16.469,0.5371,17.5734,27.6165,7.1504
25195.0,1.9564,16.2775,0.5273,18.3576,27.4225,7.1367
25200.0,1.9706,16.1617,0.5273,19.3042,27.5906,7.123
25205.0,1.9688,15.9621,0.5371,18.8761,27.6232,7.123
25210.0,1.9606,15.5688,0.5371,18.1542,27.4263,7.1367
25215.0,1.9589,16.4683,0.5273,17.3538,27.2318,7.1504
25220.0,1.9315,15.2898,0.5371,17.8595,27.6445,7.1641
25225.0,1.9223,15.7697,0.5273,16.7377,27.6215,7.1777
25230.0,1.9307,15.4503,0.5371,16.9374,26.9496,7.1914
25235.0,1.93,15.7087,0.5371,16.7184,27.4652,7.1777
25240.0,1.9316,15.488,0.5371,17.6344,27.5307,7.1777
25245.0,1.9109,15.2805,0.5176,17.4016,27.5181,7.2051
25250.0,1.8976,14.8357,0.5371,16.2975,27.3506,7.2324
25255.0,1.8861,15.1927,0.5176,14.6614,27.4023,7.2461
25260.0,1.9055,14.8151,0.5176,17.2867,27.5562,7.2051
25265.0,1.8961,15.7539,0.5176,16.7755,27.9739,7.2051
25270.0,1.913,15.2372,0.5273,17.5124,27.2418,7.2051
25275.0,1.9005,15.6188,0.5176,15.3541,27.5656,7.2188
25280.0,1.8955,15.101,0.5273,17.1526,27.1477,7.2324
25285.0,1.8722,14.2934,0.5176,15.7608,27.4953,7.2598
25290.0,1.8802,14.5588,0.5078,15.607,27.4101,7.2598
25295.0,1.8695,14.3805,0.5176,14.6819,28.1129,7.2461
25300.0,1.8711,14.6374,0.5176,15.3439,27.6803,7.2598
25305.0,1.8806,15.1158,0.5176,14.831,27.4971,7.2461
25310.0,1.8932,15.0907,0.5273,14.5821,27.0807,7.2461
25315.0,1.8867,15.5393,0.5176,15.7606,27.3671,7.2461
25320.0,1.8815,15.2177,0.5273,14.572,27.5329,7.2461
25325.0,1.8877,14.6641,0.498,15.5175,27.1625,7.2461
25330.0,1.8656,14.4707,0.5078,14.5356,27.4162,7.2734
25335.0,1.8627,14.4629,0.5176,15.408,27.2048,7.2871
25340.0,1.8738,14.6501,0.5176,14.8508,27.0587,7.2734
25345.0,1.8763,14.5109,0.5078,15.0955,27.1561,7.2734
25350.0,1.8624,14.0726,0.5273,15.2803,27.466,7.2734
25355.0,1.85,14.3038,0.5078,13.9244,27.8641,7.2871
25360.0,1.8698,14.2783,0.5078,13.336,27.283,7.2734
25365.0,1.8626,14.1211,0.498,14.1305,27.19,7.2871
25370.0,1.8489,14.5236,0.5078,13.5601,27.6683,7.2871
25375.0,1.8657,14.5564,0.5176,14.807,27.5926,7.2734
25380.0,1.9004,14.9089,0.5371,16.7653,27.2838,7.2324
25385.0,1.8857,15.0161,0.5371,14.7843,27.6349,7.2324
25390.0,1.9059,14.8807,0.5273,16.4831,27.6364,7.2051
25395.0,1.9001,14.8276,0.5273,15.7124,27.547,7.2188
25400.0,1.9246,15.0906,0.5273,17.2486,27.0724,7.2051
25405.0,1.9195,15.5967,0.5273,17.3745,26.9915,7.2051
25410.0,1.8853,14.8128,0.5371,15.9874,27.9646,7.2188
25415.0,1.9313,15.5279,0.5273,17.8269,27.0085,7.1914
25420.0,1.9108,15.001,0.5273,16.7981,27.4978,7.2051
25425.0,1.9118,15.1898,0.5176,18.5356,27.6489,7.1914
25430.0,1.9397,16.19,0.5273,17.2208,27.1419,7.1777
25435.0,1.9426,15.7306,0.5176,18.3964,27.3167,7.1641
25440.0,1.9269,15.8119,0.5566,17.1499,27.2204,7.1914
25445.0,1.9155,15.2267,0.5273,16.6049,27.5562,7.1914
25450.0,1.9451,15.8212,0.5371,17.6842,27.0056,7.1777
25455.0,1.9484,16.0056,0.5176,18.2917,27.4834,7.1504
25460.0,1.9492,16.5726,0.5176,16.5605,27.427,7.1504
25465.0,1.9408,15.6419,0.5176,16.9626,27.5941,7.1504
25470.0,1.956,16.4806,0.5273,19.9597,27.365,7.1504
25475.0,1.926,15.6295,0.5273,17.2674,27.9403,7.1641
25480.0,1.9307,16.2449,0.5176,17.7429,27.9349,7.1641
25485.0,1.9352,15.7336,0.5273,16.0619,27.7665,7.1641
25490.0,1.949,16.2506,0.5273,18.0319,28.0169,7.1367
25495.0,1.9424,15.6838,0.5176,17.6239,27.8844,7.1504
25500.0,1.9626,16.5406,0.5273,17.598,27.4527,7.1367
25505.0,1.9381,16.1547,0.5273,17.0273,27.8401,7.1504
25510.0,1.94,15.8489,0.5176,18.7723,27.9942,7.1504
25515.0,1.9532,16.635,0.5371,16.4803,27.1689,7.1504
25520.0,1.9162,15.2729,0.5371,16.7576,27.6047,7.1914
25525.0,1.9124,14.9265,0.5176,16.6119,27.4611,7.2051
25530.0,1.9207,15.0843,0.5566,18.6342,27.4274,7.1914
25535.0,1.9216,15.7652,0.5273,17.6216,27.2214,7.1914
25540.0,1.9084,14.8807,0.5273,16.4909,27.0602,7.2188
25545.0,1.8966,14.8785,0.5371,15.3602,27.9481,7.2051
25550.0,1.8987,14.9357,0.5078,15.911,27.7468,7.2188
25555.0,1.8928,15.2732,0.5176,15.9987,27.7558,7.2188
25560.0,1.9022,15.1683,0.5273,16.3787,27.3377,7.2188
25565.0,1.9059,14.8959,0.5371,17.4619,27.6767,7.2051
25570.0,1.9217,15.4974,0.5273,16.4286,27.3842,7.1914
25575.0,1.9275,15.8914,0.5273,16.1947,27.5836,7.1777
25580.0,1.9277,15.7188,0.5273,16.183,27.6618,7.1777
25585.0,1.932,15.2062,0.5273,17.887,27.4417,7.1777
25590.0,1.9328,15.71,0.5176,15.9033,27.5538,7.1641
25595.0,1.9403,15.5466,0.5273,17.2259,27.7083,7.1504
25600.0,1.9564,16.3748,0.5371,18.2326,27.3879,7.1367
25605.0,1.9596,16.5448,0.5273,19.2985,27.5976,7.1367
25610.0,1.9615,16.1381,0.5078,19.015,27.5121,7.1367
25615.0,1.9645,16.3777,0.5371,19.0913,27.4057,7.1367
25620.0,1.972,16.6359,0.5469,18.1363,27.8111,7.1094
25625.0,1.9691,16.4542,0.5273,18.0534,27.5677,7.123
25630.0,1.9617,15.6583,0.5371,18.1679,27.4447,7.1367
25635.0,1.9642,16.0131,0.5469,18.4645,27.1901,7.1367
25640.0,1.9285,14.9488,0.5469,18.2445,27.6184,7.1777
25645.0,1.9193,15.3025,0.5176,16.2962,27.6809,7.1914
25650.0,1.9325,15.5794,0.5273,18.0597,27.3912,7.1777
25655.0,1.9244,15.939,0.5371,17.5743,27.4657,7.1914
25660.0,1.9319,15.4993,0.5176,17.0208,27.7552,7.1641
25665.0,1.9637,15.7741,0.5371,18.1769,27.2387,7.1367
25670.0,1.9385,15.938,0.5176,17.7282,27.8081,7.1504
25675.0,1.92,14.9631,0.5273,16.8047,27.9017,7.1777
25680.0,1.9172,15.2932,0.5273,15.6548,27.4545,7.1914
25685.0,1.9114,14.7459,0.5273,16.4896,27.4576,7.2051
25690.0,1.8922,14.5631,0.5273,15.853,27.9363,7.2188
25695.0,1.9218,15.4703,0.5273,16.9586,27.4345,7.1914
25700.0,1.9041,14.7717,0.5176,16.1523,28.1239,7.1914
25705.0,1.9114,15.6305,0.5371,18.4301,27.5889,7.2051
25710.0,1.9046,15.3345,0.5273,16.7636,27.7653,7.2051
25715.0,1.9117,15.2254,0.5273,17.3613,27.6229,7.2051
25720.0,1.9149,15.9214,0.5371,16.3504,27.5287,7.1914
25725.0,1.9149,15.5519,0.5273,16.4476,27.7924,7.1914
25730.0,1.9243,16.1701,0.5176,16.1355,27.513,7.1777
25735.0,1.9074,15.1191,0.5371,16.4534,27.9255,7.1914
25740.0,1.9063,15.1065,0.4883,14.6336,27.5946,7.2051
25745.0,1.9143,15.5956,0.5176,14.893,27.9087,7.1914
25750.0,1.9151,15.2035,0.5371,16.4653,27.758,7.1914
25755.0,1.9059,15.3935,0.498,16.436,28.0298,7.1914
25760.0,1.8998,14.9801,0.5371,18.0912,28.1169,7.1914
25765.0,1.9011,15.2532,0.5176,17.1833,28.116,7.1914
25770.0,1.9121,15.6392,0.5273,18.0949,27.8286,7.1914
25775.0,1.9222,15.7148,0.5273,16.5746,28.0603,7.1641
25780.0,1.9252,15.6859,0.5273,16.3867,28.0215,7.1641
25785.0,1.9182,15.3166,0.5273,16.314,27.6546,7.1914
25790.0,1.9051,15.237,0.5176,16.7878,28.2047,7.1914
25795.0,1.9317,15.2857,0.5371,17.0432,27.6597,7.1641
25800.0,1.922,15.6701,0.5273,17.9956,27.9203,7.1777
25805.0,1.9226,15.6861,0.5273,15.5611,27.8083,7.1777
25810.0,1.9278,15.6173,0.5273,17.7616,27.8599,7.1641
25815.0,1.9408,15.7681,0.5273,18.2434,27.8871,7.1504
25820.0,1.9227,15.8799,0.5273,16.4977,28.2414,7.1641
25825.0,1.9031,15.6599,0.5273,17.1146,28.1448,7.1914
25830.0,1.8962,15.3534,0.5469,17.4659,28.08,7.2051
25835.0,1.896,14.9419,0.5273,15.6096,28.1283,7.2051
25840.0,1.8896,14.9925,0.5176,14.4618,28.2571,7.2051
25845.0,1.9042,14.8653,0.5078,15.6902,27.7852,7.2051
25850.0,1.9096,15.0399,0.5176,15.6041,27.8355,7.1914
25855.0,1.8968,14.9371,0.5176,15.3948,28.1293,7.2051
25860.0,1.908,15.1762,0.5273,15.7377,27.7687,7.2051
25865.0,1.9152,15.2833,0.5273,17.5167,27.9236,7.1777
25870.0,1.9055,15.0597,0.5273,17.383,28.2445,7.1914
25875.0,1.9311,16.0255,0.5273,17.3036,27.9483,7.1641
25880.0,1.9355,15.3546,0.5469,17.7136,27.6434,7.1641
25885.0,1.9075,15.3856,0.5273,16.3435,28.3215,7.1777
25890.0,1.9053,15.4555,0.5176,16.9431,28.0359,7.1914
25895.0,1.9193,15.116,0.5176,17.4981,27.8805,7.1777
25900.0,1.8966,14.8462,0.5371,16.5484,28.6114,7.1914
25905.0,1.9024,14.8828,0.5371,14.9763,28.3259,7.1914
25910.0,1.9077,15.1036,0.5176,15.775,28.3717,7.1777
25915.0,1.9124,15.7276,0.5176,14.9759,28.0657,7.1777
25920.0,1.9219,15.5354,0.5273,17.1026,28.3732,7.1641
25925.0,1.9398,15.5621,0.5273,18.8604,27.9312,7.1504
25930.0,1.9324,15.2356,0.5469,17.3134,28.1524,7.1504
25935.0,1.9282,15.6059,0.5273,17.3794,28.2895,7.1504
25940.0,1.9366,15.3649,0.5273,16.4984,28.1378,7.1504
25945.0,1.9377,16.2649,0.5176,16.7435,28.167,7.1367
25950.0,1.933,15.3661,0.5469,18.1049,28.3515,7.1504
25955.0,1.9406,16.1612,0.5176,17.2692,28.3994,7.1367
25960.0,1.9373,16.1868,0.5273,16.5803,28.2967,7.1367
25965.0,1.9268,15.8869,0.5078,16.4114,28.381,7.1504
25970.0,1.926,15.3204,0.5273,16.6321,28.2579,7.1504
25975.0,1.9282,15.6242,0.5371,17.747,28.2004,7.1504
25980.0,1.9294,15.6443,0.5176,18.1155,28.1545,7.1504
25985.0,1.9375,15.3376,0.5176,17.4049,27.9189,7.1504
25990.0,1.9487,15.6992,0.5273,16.7467,28.0858,7.1367
25995.0,1.9661,16.4245,0.5371,19.071,27.8707,7.1094
26000.0,1.9377,15.7786,0.5176,17.3423,28.3955,7.1367
26005.0,1.9502,15.8688,0.5371,18.0939,27.9855,7.1367
26010.0,1.9315,16.0744,0.5078,15.6718,28.5081,7.1367
26015.0,1.9374,15.4492,0.5371,17.1399,28.3131,7.1367
26020.0,1.9376,15.8616,0.5371,17.2685,28.3108,7.1367
26025.0,1.9514,15.7999,0.5469,18.4354,28.4277,7.123
26030.0,1.9534,15.8859,0.5371,17.4905,28.3643,7.1094
26035.0,1.9582,15.5901,0.5566,17.8767,28.3338,7.1094
26040.0,1.9572,16.4184,0.5273,18.6866,28.2783,7.1094
26045.0,1.9604,16.1343,0.5371,17.9869,27.6291,7.123
26050.0,1.9379,15.9279,0.5176,18.1039,28.6571,7.123
26055.0,1.9459,16.068,0.5176,17.8195,28.2444,7.123
26060.0,1.9697,16.631,0.5371,18.3717,27.9427,7.1094
26065.0,1.9438,16.291,0.5371,16.8878,28.4529,7.123
26070.0,1.9518,15.7123,0.5273,17.2519,28.3507,7.123
26075.0,1.9709,16.4665,0.5273,17.6562,28.4246,7.0957
26080.0,1.9696,16.487,0.5371,18.7991,28.2226,7.0957
26085.0,1.9544,16.527,0.5176,18.0546,28.23,7.123
26090.0,1.9582,16.5465,0.5371,17.2034,28.124,7.123
26095.0,1.9552,15.6321,0.5078,17.1628,28.5067,7.1094
26100.0,1.9675,16.0757,0.5371,18.2296,28.4199,7.0957
26105.0,1.9499,16.4241,0.5273,17.9893,28.8529,7.1094
26110.0,1.9787,16.5001,0.5176,18.4963,28.503,7.082
26115.0,1.9637,16.5423,0.5176,16.5787,28.5148,7.0957
26120.0,2.001,16.9528,0.5469,19.4411,28.1433,7.0684
26125.0,2.0025,16.5506,0.5273,19.3513,28.4463,7.0547
26130.0,1.9611,16.3687,0.5273,18.4229,28.8277,7.0957
26135.0,1.9576,15.9039,0.5371,18.5158,28.5097,7.1094
26140.0,1.9416,15.8854,0.5176,18.4408,27.8271,7.1504
26145.0,1.9078,14.9405,0.5176,16.5895,28.3989,7.1777
26150.0,1.8814,14.9902,0.5176,14.6937,28.5196,7.2051
26155.0,1.8694,14.2875,0.5273,15.5748,28.3943,7.2324
26160.0,1.8914,14.3336,0.5176,16.1893,28.2537,7.2051
26165.0,1.8653,14.7047,0.5371,16.3406,28.6402,7.2324
26170.0,1.8601,14.6812,0.498,15.0205,28.4373,7.2461
26175.0,1.8588,15.0688,0.5176,12.9464,28.6782,7.2461
26180.0,1.8876,14.7912,0.5176,15.0623,28.6468,7.2051
26185.0,1.9078,15.3289,0.5371,15.7099,28.6391,7.1641
26190.0,1.9067,15.2469,0.5176,15.9217,28.5973,7.1777
26195.0,1.9148,16.0382,0.5176,17.2186,28.814,7.1504
26200.0,1.945,16.2171,0.5176,16.9834,28.2625,7.1367
26205.0,1.9325,15.6806,0.5176,17.5266,28.1963,7.1504
26210.0,1.9452,16.1201,0.5469,18.2295,28.6023,7.123
26215.0,1.9508,15.6057,0.5469,18.159,28.5037,7.1094
26220.0,1.9294,15.042,0.5273,16.8155,28.4071,7.1504
26225.0,1.9382,15.7031,0.498,14.929,28.4008,7.1367
26230.0,1.9224,14.8865,0.5273,18.3125,28.7951,7.1504
26235.0,1.954,15.8394,0.5469,18.0515,28.4759,7.1094
26240.0,1.9518,16.0635,0.5371,17.5733,28.7167,7.1094
26245.0,1.9439,15.4423,0.5273,15.9781,28.7643,7.1094
26250.0,1.9476,16.0563,0.5371,16.2893,29.0128,7.1094
26255.0,1.9294,15.628,0.5371,17.697,28.9781,7.123
26260.0,1.9416,15.7301,0.5273,17.7929,28.956,7.1094
26265.0,1.9389,15.636,0.5176,18.0766,28.8393,7.123
26270.0,1.9691,15.9895,0.5371,19.2785,28.4874,7.0957
26275.0,1.9371,15.7866,0.5273,17.8895,28.8056,7.123
26280.0,1.9459,16.269,0.5176,17.8839,28.6507,7.123
26285.0,1.9445,15.5853,0.5371,16.5459,28.5541,7.123
26290.0,1.928,15.0603,0.5176,17.4403,28.6117,7.1367
26295.0,1.9219,15.856,0.5273,16.4681,29.0103,7.1367
26300.0,1.9326,15.5131,0.5273,18.7832,28.4476,7.1367
26305.0,1.9298,15.0774,0.5176,16.7841,28.4563,7.1504
26310.0,1.9302,15.9162,0.5273,16.5272,29.1944,7.123
26315.0,1.9449,16.543,0.5273,15.1544,29.0773,7.1094
26320.0,1.931,15.1894,0.5273,17.3261,29.3091,7.123
26325.0,1.9313,15.4903,0.5176,17.3558,28.7975,7.1367
26330.0,1.9392,16.1406,0.5371,16.9156,28.3772,7.1367
26335.0,1.9286,16.1179,0.5176,16.6544,28.8354,7.1367
26340.0,1.9384,15.3954,0.5176,16.2867,28.7933,7.123
26345.0,1.9297,15.5701,0.5371,17.7599,29.3019,7.123
26350.0,1.9375,15.7607,0.5273,16.4313,29.0312,7.123
26355.0,1.9303,15.6963,0.5371,18.3084,28.9654,7.123
26360.0,1.9272,15.5275,0.5371,16.4737,29.1074,7.123
26365.0,1.9338,15.7799,0.498,16.6121,28.9615,7.123
26370.0,1.9161,15.2275,0.5078,15.6779,28.7794,7.1504
26375.0,1.8986,14.9928,0.5273,16.699,29.0434,7.1641
26380.0,1.9385,15.1569,0.5469,17.8087,28.5547,7.1367
26385.0,1.9295,15.5987,0.5469,17.4777,29.087,7.123
26390.0,1.9424,15.7803,0.5371,18.4226,28.5889,7.123
26395.0,1.9424,15.7372,0.5273,17.8207,28.9034,7.1094
26400.0,1.9354,15.1897,0.5176,18.1644,28.6889,7.123
26405.0,1.926,15.5017,0.5176,17.1989,29.1763,7.123
26410.0,1.9412,15.867,0.5273,18.1009,28.87,7.123
26415.0,1.9389,15.5859,0.5273,17.7036,29.1459,7.1094
26420.0,1.9546,16.4013,0.5176,18.4103,29.4585,7.082
26425.0,1.9608,15.8145,0.5469,17.0109,28.6952,7.0957
26430.0,1.9564,16.0452,0.5273,18.2723,29.1981,7.082
26435.0,1.9603,15.9009,0.5273,17.4966,29.5263,7.0684
26440.0,1.9689,17.0003,0.5273,18.1261,28.6379,7.082
26445.0,1.9536,15.8708,0.5273,16.6097,29.0414,7.0957
26450.0,1.9532,15.9616,0.5176,16.9165,28.9112,7.0957
26455.0,1.9431,16.3306,0.5078,17.2375,29.0934,7.1094
26460.0,1.9637,16.1758,0.5273,18.9605,28.9893,7.082
26465.0,1.9749,16.5594,0.5273,18.9802,29.2972,7.0684
26470.0,1.9573,16.1867,0.5273,17.3162,29.1732,7.082
26475.0,1.9781,16.3521,0.5469,20.3851,28.9625,7.0684
26480.0,1.9791,16.4651,0.5273,18.7672,29.1294,7.0547
26485.0,1.9904,16.7069,0.5371,19.9144,29.3504,7.041
26490.0,2.0119,16.7264,0.5371,19.4227,29.1009,7.0273
26495.0,2.0141,16.6894,0.5371,18.5015,28.9579,7.0273
26500.0,1.9989,16.7598,0.5273,17.8279,29.1508,7.041
26505.0,2.0002,17.098,0.5273,18.5878,28.9635,7.041
26510.0,1.9874,16.8586,0.5273,18.4536,28.9877,7.0547
26515.0,2.0004,17.0746,0.5371,18.5854,29.0282,7.041
26520.0,2.0032,17.6971,0.5273,20.1082,28.6872,7.041
26525.0,1.9832,16.3907,0.5469,20.8032,29.3957,7.0547
26530.0,1.9958,16.6217,0.5273,18.3453,28.9992,7.041
26535.0,1.9857,16.9971,0.5273,18.4199,29.2459,7.0547
26540.0,1.9796,16.3644,0.5176,19.0102,29.0689,7.0684
26545.0,1.9773,16.4704,0.5371,19.1759,28.9613,7.0684
26550.0,1.95,15.9338,0.5273,17.6347,29.67,7.082
26555.0,1.9892,16.9739,0.5371,18.4565,29.5837,7.041
26560.0,2.019,17.3824,0.5469,20.0953,29.5592,7.0
26565.0,2.0219,17.197,0.5371,19.1646,29.3393,7.0
26570.0,2.0199,17.7413,0.5371,20.511,29.0904,7.0137
26575.0,2.0105,16.8652,0.5469,19.8571,29.3838,7.0137
26580.0,2.0178,16.907,0.5273,19.7329,29.6301,7.0
26585.0,2.0129,16.9205,0.5273,19.424,29.6077,7.0137
26590.0,2.0015,16.8075,0.5469,19.4082,28.897,7.041
26595.0,1.9741,16.6916,0.5371,18.426,29.2552,7.0684
26600.0,1.9719,16.4182,0.5371,17.7264,29.0089,7.0684
26605.0,1.9514,15.5145,0.5176,16.7406,29.3583,7.0957
26610.0,1.9673,16.7522,0.5273,18.7528,28.947,7.082
26615.0,1.9583,16.637,0.5469,17.5147,29.7789,7.0684
26620.0,1.9739,16.7665,0.5371,19.7476,29.2729,7.0684
26625.0,1.9757,16.399,0.5273,18.1325,29.3579,7.0547
26630.0,1.9749,16.5544,0.5273,18.2523,29.5727,7.0547
26635.0,2.0021,16.6939,0.5371,18.5586,29.3972,7.0273
26640.0,2.0075,17.3511,0.5273,19.3574,29.4159,7.0137
26645.0,1.9968,16.4092,0.5371,20.1021,29.3051,7.041
26650.0,1.9599,15.9744,0.5371,18.0189,29.4204,7.082
26655.0,1.9564,15.9252,0.5273,18.3813,29.1486,7.082
26660.0,1.9551,15.4781,0.5273,16.8477,29.3887,7.082
26665.0,1.9602,15.9979,0.5078,17.6787,29.7708,7.0684
26670.0,1.9767,16.8327,0.5273,18.3673,29.5603,7.0547
26675.0,1.9544,16.503,0.5176,17.4904,29.8845,7.0684
26680.0,1.9631,16.0807,0.5176,17.9245,29.4147,7.0684
26685.0,1.9735,16.8784,0.5176,17.9654,29.2798,7.0684
26690.0,1.9645,16.9639,0.5176,17.4733,28.9235,7.082
26695.0,1.9478,15.8939,0.5176,18.582,29.276,7.0957
26700.0,1.9653,16.5623,0.5371,18.3908,28.5429,7.0957
26705.0,1.9586,16.2154,0.5273,17.3677,29.0865,7.082
26710.0,1.9421,15.6578,0.5469,17.7903,29.3904,7.0957
26715.0,1.925,15.5689,0.5371,17.0582,29.4931,7.123
26720.0,1.9351,15.4103,0.5371,17.2975,29.1424,7.123
26725.0,1.9351,16.5768,0.5469,17.8144,29.8549,7.0957
26730.0,1.9503,16.6438,0.5273,17.6579,29.7101,7.082
26735.0,1.9612,16.3842,0.5176,15.9829,29.2222,7.082
26740.0,1.9682,17.1256,0.5176,17.7733,29.3085,7.0684
26745.0,1.9609,16.8751,0.5371,18.3816,29.4562,7.0684
26750.0,1.9376,15.9704,0.5273,17.1097,29.4377,7.1094
26755.0,1.9462,15.7929,0.5371,16.8355,29.2246,7.0957
26760.0,1.9352,16.6095,0.5371,17.0315,29.3541,7.1094
26765.0,1.9252,15.533,0.5078,15.8029,29.557,7.123
26770.0,1.9124,15.308,0.5273,16.892,29.761,7.123
26775.0,1.9553,15.9186,0.5078,17.6413,28.6844,7.1094
26780.0,1.9384,16.0815,0.5371,17.0408,29.5853,7.0957
26785.0,1.9363,15.344,0.5176,18.0351,28.9051,7.123
26790.0,1.8942,14.8531,0.5078,16.5053,29.7302,7.1504
26795.0,1.9137,14.8709,0.5176,17.3991,29.1379,7.1504
26800.0,1.9018,15.7276,0.5273,16.9525,29.7568,7.1367
26805.0,1.9248,15.1003,0.498,15.6394,29.0756,7.1367
26810.0,1.9329,16.2815,0.5176,17.104,29.3393,7.1094
26815.0,1.9402,16.4532,0.5273,16.691,29.5457,7.0957
26820.0,1.9411,16.1446,0.5176,16.2631,29.5952,7.0957
26825.0,1.9676,16.3129,0.5176,17.3463,29.4541,7.0684
26830.0,1.9409,15.3389,0.5078,17.2295,29.5379,7.0957
26835.0,1.9541,16.229,0.5176,19.2907,29.2687,7.0957
26840.0,1.94,15.5159,0.5469,17.6471,29.3451,7.1094
26845.0,1.9402,15.6399,0.5273,15.2908,29.907,7.0957
26850.0,1.9506,15.9367,0.5273,16.7967,29.3215,7.0957
26855.0,1.9473,16.0499,0.5371,18.2544,29.2074,7.0957
26860.0,1.9505,15.6407,0.5273,17.5425,29.5289,7.082
26865.0,1.9472,16.3087,0.5273,17.7719,29.7068,7.082
26870.0,1.9383,15.7638,0.5273,17.8371,29.2287,7.1094
26875.0,1.9332,15.7944,0.5176,16.3401,29.796,7.0957
26880.0,1.9432,15.6288,0.5469,18.4832,29.4028,7.0957
26885.0,1.9308,16.0307,0.5273,18.4368,29.3363,7.1094
26890.0,1.9257,15.1442,0.5273,17.1349,29.584,7.1094
26895.0,1.9139,15.2536,0.5273,15.8768,29.8442,7.123
26900.0,1.9025,15.4159,0.5273,16.7188,29.8225,7.1367
26905.0,1.9081,15.3954,0.5273,17.4773,29.3623,7.1504
26910.0,1.9025,15.3807,0.498,15.1652,29.8868,7.1367
26915.0,1.8981,14.7079,0.5371,16.962,29.8808,7.1504
26920.0,1.8969,14.6047,0.5273,16.7162,29.6509,7.1504
26925.0,1.8915,15.4072,0.5273,16.7662,29.4087,7.1641
26930.0,1.8948,14.6784,0.5371,17.0111,29.335,7.1641
26935.0,1.9072,15.6937,0.5273,17.1184,29.3023,7.1504
26940.0,1.9318,15.7204,0.5176,16.64,29.0055,7.123
26945.0,1.9334,16.0476,0.5273,17.0485,29.3085,7.1094
26950.0,1.9273,15.8598,0.5371,17.5971,29.4129,7.123
26955.0,1.9177,15.4087,0.5469,17.1,29.419,7.1367
26960.0,1.9015,15.194,0.5176,16.4072,29.3456,7.1504
26965.0,1.9076,15.4166,0.5176,16.4519,29.6626,7.1367
26970.0,1.8897,14.6822,0.5371,16.1761,30.0393,7.1504
26975.0,1.9207,15.5907,0.5078,15.5625,28.8759,7.1504
26980.0,1.9195,15.7869,0.5273,16.24,29.4591,7.123
26985.0,1.9234,15.3285,0.5273,18.383,29.4514,7.123
26990.0,1.9219,15.5299,0.5273,16.8614,29.4544,7.123
26995.0,1.9234,16.0514,0.5273,15.8576,29.6775,7.123
27000.0,1.9215,15.4287,0.5078,16.638,29.8529,7.1094
27005.0,1.9454,15.8579,0.5371,17.8078,29.1473,7.1094
27010.0,1.943,15.7539,0.5273,16.2248,29.4186,7.0957
27015.0,1.926,15.752,0.5273,17.3193,29.4657,7.123
27020.0,1.9309,14.997,0.5176,18.4093,29.5244,7.1094
27025.0,1.9248,15.735,0.5273,17.0745,29.475,7.123
27030.0,1.9235,16.2741,0.5371,16.7968,29.3537,7.123
27035.0,1.9152,15.9299,0.5176,17.0009,29.5182,7.1367
27040.0,1.8903,14.5491,0.5273,16.2925,30.1491,7.1504
27045.0,1.9311,15.5301,0.5371,18.0803,29.3129,7.123
27050.0,1.9148,15.5299,0.5469,16.5,29.2818,7.1367
27055.0,1.8992,15.3117,0.5078,13.4942,29.7149,7.1504
27060.0,1.9133,14.9736,0.5176,16.0081,29.5237,7.1367
27065.0,1.9136,15.3072,0.5176,16.9578,29.7546,7.123
27070.0,1.915,15.6843,0.5176,15.1977,29.29,7.1367
27075.0,1.9008,15.1629,0.5078,15.6622,29.6377,7.1504
27080.0,1.9039,15.5992,0.5176,15.6231,29.3825,7.1504
27085.0,1.9297,15.5011,0.5176,16.9986,29.0304,7.123
27090.0,1.9293,15.21,0.5273,17.7927,29.3886,7.123
27095.0,1.9133,14.9718,0.5176,17.7726,29.2383,7.1367
27100.0,1.9499,15.8668,0.5176,17.8409,28.8059,7.1094
27105.0,1.9306,16.2367,0.5273,17.1352,29.4346,7.1094
27110.0,1.9409,16.2717,0.5176,16.3771,29.4463,7.0957
27115.0,1.9337,16.1962,0.5176,17.1624,29.6269,7.1094
27120.0,1.9668,15.7475,0.5273,17.5575,29.2931,7.0684
27125.0,1.9539,15.9668,0.5273,18.6326,29.6505,7.082
27130.0,1.9663,16.4775,0.5273,17.5857,29.4209,7.0684
27135.0,1.939,15.6482,0.5273,17.3771,29.6276,7.0957
27140.0,1.9531,16.1572,0.5371,19.0574,29.0637,7.0957
27145.0,1.9458,16.0408,0.5273,19.0207,29.4177,7.0957
27150.0,1.9779,16.2343,0.5273,19.3958,29.1992,7.0684
27155.0,1.9744,16.2087,0.5371,18.2678,28.8236,7.0684
27160.0,1.965,16.3507,0.5371,17.9768,29.5071,7.0684
27165.0,1.9912,16.4604,0.5371,18.2721,29.3935,7.041
27170.0,1.9851,16.2853,0.5469,17.8435,29.5158,7.041
27175.0,2.0165,17.1895,0.5469,19.3369,29.1788,7.0137
27180.0,2.0527,18.0907,0.5371,20.3433,28.8077,6.9863
27185.0,2.0224,17.2334,0.5566,20.9307,29.6325,7.0
27190.0,2.0297,17.363,0.5469,20.7784,29.0876,7.0
27195.0,2.025,17.4419,0.5273,20.7568,29.2503,7.0
27200.0,2.0344,17.9515,0.5469,21.6222,29.4158,6.9863
27205.0,2.0474,17.4446,0.5566,20.3256,29.5522,6.9727
27210.0,2.0195,17.6364,0.5566,19.4164,29.5459,7.0
27215.0,2.0423,17.6978,0.5566,21.4876,29.2961,6.9863
27220.0,2.0498,17.6007,0.5371,20.0681,29.3616,6.9863
27225.0,2.0443,17.8153,0.5371,21.5103,28.8819,7.0
27230.0,2.0165,16.9427,0.5371,20.5049,29.5806,7.0137
27235.0,2.0213,16.8277,0.5371,20.2134,29.712,7.0
27240.0,2.0083,17.2077,0.5273,18.2592,29.6016,7.0137
27245.0,2.041,17.2895,0.5469,20.3142,29.1153,7.0
27250.0,2.0234,17.462,0.5371,19.4909,29.475,7.0
27255.0,2.0358,17.341,0.5469,19.7883,29.144,7.0
27260.0,2.0329,17.0589,0.5469,20.6721,29.1468,7.0
27265.0,2.0484,18.1967,0.5469,20.8816,29.2858,6.9863
27270.0,2.0703,18.3743,0.5469,21.9826,28.9713,6.9727
27275.0,2.0776,18.0182,0.5566,21.2786,29.3147,6.959
27280.0,2.0844,17.9754,0.5371,20.7491,28.9512,6.959
27285.0,2.0662,17.8512,0.5273,20.2798,29.6378,6.9727
27290.0,2.065,18.2885,0.5469,22.2178,28.8979,6.9863
27295.0,2.054,17.8258,0.5664,21.1322,29.5331,6.9863
27300.0,2.068,18.0617,0.5371,21.1275,29.1555,6.9863
27305.0,2.0944,18.5972,0.5469,22.1531,29.0901,6.959
27310.0,2.0705,17.6228,0.5371,20.6412,29.5698,6.9863
27315.0,2.0885,18.7382,0.5469,22.8916,28.9912,6.9727
27320.0,2.0876,18.1316,0.5371,22.0937,29.3925,6.9727
27325.0,2.1129,19.5128,0.5469,22.5346,28.9416,6.959
27330.0,2.0966,18.6116,0.5566,21.7437,29.5905,6.9727
27335.0,2.0772,18.6742,0.5469,22.3086,29.014,7.0
27340.0,2.0647,18.2437,0.5566,21.1713,29.4093,7.0137
27345.0,2.0673,18.0989,0.5469,21.4964,28.9014,7.0137
27350.0,2.0455,17.4395,0.5371,20.0982,29.2948,7.0273
27355.0,2.0304,16.8279,0.5371,20.521,29.2103,7.041
27360.0,1.9808,16.313,0.5566,19.0414,29.1989,7.082
27365.0,2.0051,17.0299,0.5371,18.84,29.2181,7.0547
27370.0,1.9943,16.5628,0.5273,18.4557,29.2902,7.0547
27375.0,1.9832,16.2061,0.5176,19.5615,28.9029,7.0684
27380.0,1.9692,16.6446,0.5273,17.918,29.5059,7.0684
27385.0,1.9832,16.2302,0.5176,18.9324,29.0478,7.0547
27390.0,1.986,16.2586,0.5371,19.5312,28.9897,7.0547
27395.0,1.9775,17.0896,0.5371,17.4904,29.0636,7.0684
27400.0,1.9768,16.5131,0.5371,18.5396,29.0208,7.0684
27405.0,1.9483,16.4435,0.5273,17.9298,29.2016,7.0957
27410.0,1.9505,16.0791,0.5273,17.605,29.4809,7.082
27415.0,1.9364,15.746,0.5469,17.366,29.039,7.123
27420.0,1.9433,15.7262,0.5273,17.6053,28.8912,7.1094
27425.0,1.9283,15.674,0.5273,16.8404,29.4415,7.123
27430.0,1.9358,16.121,0.5273,18.0881,29.2396,7.1094
27435.0,1.925,15.975,0.5371,18.2013,29.2662,7.123
27440.0,1.9372,15.964,0.5469,17.8632,29.0293,7.123
27445.0,1.9247,15.1988,0.5273,17.803,29.473,7.123
27450.0,1.9393,15.9299,0.5469,18.8344,28.8755,7.123
27455.0,1.936,15.8611,0.5273,17.5062,29.2992,7.1094
27460.0,1.921,15.3903,0.5176,17.0218,29.1544,7.1367
27465.0,1.903,15.253,0.5078,16.9289,28.8247,7.1641
27470.0,1.9088,14.8948,0.5273,17.2121,29.0507,7.1504
27475.0,1.896,14.9711,0.498,13.1744,29.303,7.1641
27480.0,1.9315,15.6138,0.5273,16.7096,29.3694,7.123
27485.0,1.911,15.5929,0.5078,16.045,28.6506,7.1641
27490.0,1.9113,15.7658,0.5078,16.2804,29.2223,7.1504
27495.0,1.933,15.4475,0.5176,17.662,29.1464,7.123
27500.0,1.9357,15.4782,0.5273,16.8807,29.1374,7.123
27505.0,1.9485,15.7741,0.5273,18.0549,28.5924,7.1094
27510.0,1.9399,15.8018,0.5078,17.326,28.308,7.1367
27515.0,1.923,15.5013,0.5176,16.1215,29.3437,7.123
27520.0,1.9286,15.5077,0.5273,17.8587,28.9636,7.1367
27525.0,1.9366,15.4088,0.5273,16.7198,28.4096,7.1367
27530.0,1.913,15.62,0.5078,15.5972,29.3562,7.1367
27535.0,1.8872,14.5977,0.5176,15.0422,29.4028,7.1777
27540.0,1.9141,15.5951,0.5273,15.8176,29.0515,7.1504
27545.0,1.9236,16.1222,0.5273,16.4007,29.1229,7.1367
27550.0,1.9191,15.1726,0.5273,16.194,28.8196,7.1504
27555.0,1.9058,15.6495,0.5371,16.3343,28.6004,7.1777
27560.0,1.8744,14.3324,0.5273,16.3894,28.8277,7.2051
27565.0,1.8812,15.1619,0.5273,16.5089,28.9688,7.1914
27570.0,1.8857,14.8422,0.5469,16.736,28.8494,7.1914
27575.0,1.878,14.9261,0.5078,15.1437,29.074,7.1914
27580.0,1.8702,14.1323,0.5273,15.1924,28.8346,7.2188
27585.0,1.8558,13.831,0.5176,14.1798,29.2039,7.2188
27590.0,1.8607,14.3,0.5469,16.9369,28.9377,7.2324
27595.0,1.8452,14.2379,0.5176,14.6968,28.9738,7.2461
27600.0,1.838,14.2565,0.5273,14.7684,28.8491,7.2598
27605.0,1.839,13.763,0.5273,14.8125,28.3521,7.2871
27610.0,1.8156,13.5766,0.5176,13.6594,29.1218,7.2871
27615.0,1.8284,13.5219,0.5273,14.8797,28.8684,7.2734
27620.0,1.8264,13.7569,0.5078,13.9285,28.9116,7.2871
27625.0,1.8262,13.5534,0.5273,13.241,29.1179,7.2734
27630.0,1.8459,14.3121,0.5176,14.7367,29.0307,7.2461
27635.0,1.8506,14.1038,0.5176,15.7009,28.6698,7.2461
27640.0,1.8386,13.4586,0.5176,15.9449,28.5838,7.2734
27645.0,1.8382,14.4664,0.5273,14.0459,28.6431,7.2734
27650.0,1.8349,14.0841,0.5176,14.9564,28.8817,7.2734
27655.0,1.834,13.2649,0.5078,14.1543,28.7245,7.2734
27660.0,1.8321,14.0977,0.5176,15.4369,28.8757,7.2734
27665.0,1.8511,14.2264,0.5176,15.3345,28.6365,7.2598
27670.0,1.8394,14.0039,0.5273,14.6011,28.7434,7.2598
27675.0,1.8472,13.7226,0.5176,14.381,29.1236,7.2461
27680.0,1.8838,14.399,0.5371,16.6511,28.627,7.2051
27685.0,1.8587,14.2751,0.5078,15.7756,28.7392,7.2324
27690.0,1.8584,14.6391,0.5273,15.6663,28.9386,7.2324
27695.0,1.8518,13.9515,0.5078,15.0917,28.5231,7.2598
27700.0,1.841,13.9634,0.5176,14.2875,29.0699,7.2461
27705.0,1.8525,14.4154,0.5176,13.7128,28.489,7.2598
27710.0,1.8387,14.3943,0.5176,13.8996,28.6445,7.2734
27715.0,1.8473,14.2728,0.5078,16.2591,28.246,7.2734
27720.0,1.8466,14.344,0.5176,14.4091,28.7269,7.2598
27725.0,1.8506,14.2909,0.498,13.5326,29.1408,7.2324
27730.0,1.8618,14.609,0.5273,15.0547,28.5418,7.2324
27735.0,1.8699,14.326,0.5176,15.3759,28.0974,7.2461
27740.0,1.8585,15.1918,0.5273,15.842,28.6421,7.2461
27745.0,1.8525,14.3229,0.5273,15.3802,28.8123,7.2461
27750.0,1.8396,14.1406,0.5273,15.6842,28.7252,7.2598
27755.0,1.8384,14.1956,0.5078,13.0775,28.9255,7.2598
27760.0,1.8598,13.9586,0.5273,14.7565,28.6902,7.2324
27765.0,1.8634,14.5922,0.5176,15.7733,28.8098,7.2324
27770.0,1.8606,14.6814,0.5078,15.9952,28.7909,7.2324
27775.0,1.8621,14.2071,0.5078,16.0302,29.1438,7.2188
27780.0,1.8644,14.3314,0.5273,14.1199,28.7981,7.2324
27785.0,1.8701,14.0035,0.5176,16.4908,28.6572,7.2188
27790.0,1.865,15.022,0.5176,14.9713,28.6316,7.2324
27795.0,1.8523,14.2932,0.5273,13.6711,28.6422,7.2461
27800.0,1.8449,14.1738,0.5273,13.7715,28.8775,7.2461
27805.0,1.8341,14.1215,0.498,13.3932,29.0118,7.2598
27810.0,1.8459,13.6661,0.5176,14.4189,28.3968,7.2734
27815.0,1.8286,13.8192,0.5273,14.6965,28.7087,7.2871
27820.0,1.8388,14.3814,0.5078,13.9919,28.4919,7.2734
27825.0,1.8487,14.6448,0.5371,16.0424,28.2416,7.2734
27830.0,1.8381,14.0878,0.5078,13.8909,28.915,7.2598
27835.0,1.8341,13.9024,0.5371,15.9251,28.5188,7.2871
27840.0,1.8561,14.1968,0.5176,14.2965,28.4396,7.2598
27845.0,1.8459,14.1264,0.5273,14.0922,28.6318,7.2598
27850.0,1.8688,14.601,0.5176,15.3984,28.4198,7.2324
27855.0,1.8805,14.7587,0.5078,15.1615,28.5556,7.2188
27860.0,1.8805,14.6941,0.5273,15.0691,28.7665,7.2051
27865.0,1.8981,14.8434,0.5176,15.1808,28.4154,7.1914
27870.0,1.8838,14.6123,0.5273,15.0184,28.6828,7.2051
27875.0,1.8798,14.7606,0.5078,15.877,28.4949,7.2188
27880.0,1.8864,15.2202,0.5176,16.3841,28.5256,7.2051
27885.0,1.9036,15.1966,0.5176,15.5111,28.4434,7.1777
27890.0,1.8816,14.1718,0.498,15.1452,28.6231,7.2051
27895.0,1.902,14.8464,0.5078,16.4086,28.1843,7.1914
27900.0,1.9063,14.988,0.5273,16.7911,27.8596,7.1914
27905.0,1.8818,14.8484,0.5371,16.1165,28.706,7.2051
27910.0,1.8932,15.0332,0.5176,16.3498,28.6892,7.1914
27915.0,1.8827,15.3135,0.5371,15.8128,28.8369,7.1914
27920.0,1.8919,14.8133,0.5371,16.1025,28.3201,7.2051
27925.0,1.9071,15.1084,0.5176,16.7122,28.5621,7.1777
27930.0,1.8901,14.8841,0.5176,15.2622,28.5702,7.1914
27935.0,1.9061,15.2868,0.5371,16.4113,28.0792,7.1914
27940.0,1.9088,15.6225,0.5273,16.9583,28.3413,7.1777
27945.0,1.9009,15.1218,0.5273,16.4983,28.7105,7.1777
27950.0,1.892,14.4292,0.5273,15.5549,27.9943,7.2188
27955.0,1.8714,15.149,0.5273,16.1993,28.0732,7.2461
27960.0,1.8812,14.8053,0.5273,16.73,27.9125,7.2324
27965.0,1.8634,14.2252,0.5371,15.2487,28.3103,7.2461
27970.0,1.8328,14.0104,0.5176,14.7232,28.5914,7.2871
27975.0,1.8346,13.7814,0.5078,13.8,28.2692,7.2871
27980.0,1.8355,13.9847,0.5273,14.7927,28.7388,7.2734
27985.0,1.8297,14.1345,0.5176,13.1342,28.6265,7.2871
27990.0,1.8396,13.8397,0.5078,14.2595,28.463,7.2734
27995.0,1.8427,14.1062,0.5176,13.6901,28.3315,7.2734
28000.0,1.8542,14.7374,0.5273,14.7234,28.1455,7.2598
28005.0,1.8369,13.9698,0.5273,14.2497,28.193,7.2871
28010.0,1.8467,13.9868,0.5176,14.9092,28.1815,7.2734
28015.0,1.8241,13.4914,0.5273,13.7888,28.3009,7.3008
28020.0,1.8336,14.0494,0.5176,13.3135,28.2985,7.2871
28025.0,1.8218,13.5716,0.5371,12.325,28.3304,7.3145
28030.0,1.8095,13.0637,0.5176,12.5889,28.5912,7.3145
28035.0,1.8154,13.7077,0.5371,13.459,28.3091,7.3281
28040.0,1.8132,13.7674,0.5176,14.0562,28.427,7.3145
28045.0,1.8013,13.2495,0.5273,14.0144,28.5084,7.3418
28050.0,1.8076,12.9337,0.5078,13.3575,28.2637,7.3418
28055.0,1.7783,13.0685,0.5078,13.6104,28.6065,7.3691
28060.0,1.7768,12.618,0.498,13.0691,28.204,7.3965
28065.0,1.7715,13.4343,0.5078,12.2189,28.745,7.3828
28070.0,1.7847,12.6083,0.5176,11.4518,28.5752,7.3691
28075.0,1.7807,12.4522,0.5273,14.2423,28.6222,7.3691
28080.0,1.7739,13.2075,0.5078,13.3133,28.7963,7.3691
28085.0,1.7867,12.8218,0.5273,14.0552,28.1256,7.3828
28090.0,1.7938,13.4953,0.5078,13.637,28.2087,7.3691
28095.0,1.7995,13.2244,0.498,12.3714,27.9764,7.3691
28100.0,1.8109,13.6286,0.5078,14.3668,28.2009,7.3418
28105.0,1.8107,13.3339,0.5176,14.6734,28.156,7.3418
28110.0,1.8041,13.3895,0.5273,13.3532,28.8197,7.3145
28115.0,1.787,13.0671,0.5273,13.0827,28.6523,7.3555
28120.0,1.7993,13.2349,0.5078,13.5802,28.447,7.3418
28125.0,1.8141,13.6034,0.5176,12.7728,28.3279,7.3281
28130.0,1.8432,14.2305,0.5176,14.3356,28.0414,7.2871
28135.0,1.8395,14.3534,0.5273,14.0639,28.0549,7.2871
28140.0,1.8292,13.5398,0.5078,13.2424,28.3258,7.3008
28145.0,1.8384,13.5862,0.5078,15.3092,27.8825,7.3008
28150.0,1.8208,13.9885,0.5078,14.0592,28.4884,7.3008
28155.0,1.8211,13.9733,0.5176,15.641,28.2612,7.3145
28160.0,1.8053,13.2695,0.5176,13.2292,28.3095,7.3418
28165.0,1.803,13.7432,0.5078,13.0713,28.6459,7.3281
28170.0,1.8163,13.4982,0.498,13.5388,28.0278,7.3281
28175.0,1.8306,13.8887,0.5078,13.6459,28.2302,7.3008
28180.0,1.8352,14.2336,0.5273,14.0284,28.0928,7.3008
28185.0,1.8251,14.006,0.498,14.3585,28.3442,7.3008
28190.0,1.8224,14.2838,0.5176,14.5704,28.3536,7.3145
28195.0,1.8367,13.6421,0.5078,13.3366,28.5341,7.2734
28200.0,1.8565,14.1465,0.5469,14.7452,28.1506,7.2598
28205.0,1.852,14.6377,0.5078,14.2352,28.4644,7.2598
28210.0,1.8768,14.5429,0.5176,15.7767,28.0561,7.2324
28215.0,1.8611,14.3696,0.5176,15.6729,28.7277,7.2324
28220.0,1.8616,14.463,0.5273,15.2887,28.4163,7.2461
28225.0,1.8753,14.9648,0.5469,16.2841,28.3973,7.2188
28230.0,1.8629,14.7252,0.5078,14.6375,28.5907,7.2324
28235.0,1.8914,14.6836,0.5078,15.2281,28.2074,7.2051
28240.0,1.8874,14.8571,0.5176,15.2467,28.5121,7.2051
28245.0,1.8986,14.7043,0.5176,16.3436,28.1042,7.2051
28250.0,1.9023,14.6475,0.5371,16.7502,28.1219,7.1914
28255.0,1.8778,14.4641,0.5078,16.1884,28.3185,7.2188
28260.0,1.8827,14.5748,0.5273,15.6106,28.5458,7.2051
28265.0,1.8837,15.0373,0.5371,16.5651,28.4269,7.2051
28270.0,1.8761,14.5636,0.5273,16.5482,27.9503,7.2324
28275.0,1.8812,14.8073,0.5176,16.25,27.9002,7.2324
28280.0,1.8626,15.0668,0.5273,15.689,28.0657,7.2598
28285.0,1.8459,14.4027,0.5176,16.6006,28.5496,7.2598
28290.0,1.8728,14.649,0.5176,16.8873,28.1817,7.2324
28295.0,1.8543,13.9554,0.5078,14.4107,28.3214,7.2598
28300.0,1.8735,14.8549,0.5176,17.1553,27.9564,7.2461
28305.0,1.8507,13.8013,0.5176,14.6618,28.507,7.2598
28310.0,1.8645,13.7538,0.5371,14.9452,28.301,7.2461
28315.0,1.8648,14.4345,0.5273,15.784,28.0918,7.2461
28320.0,1.8506,14.5913,0.5273,13.8081,28.4932,7.2598
28325.0,1.858,14.4698,0.5176,13.9822,28.4636,7.2461
28330.0,1.8585,14.6765,0.5273,14.0648,28.2709,7.2598
28335.0,1.8707,14.7657,0.5078,15.133,27.8908,7.2461
28340.0,1.8665,14.1115,0.5273,14.8338,28.5033,7.2324
28345.0,1.8679,14.4907,0.5273,14.8375,28.176,7.2461
28350.0,1.8509,14.4176,0.5176,14.0893,28.7638,7.2461
28355.0,1.8829,15.0019,0.5371,17.947,28.07,7.2324
28360.0,1.8773,15.3188,0.5273,14.7811,28.1212,7.2324
28365.0,1.8731,14.3284,0.5176,14.8319,28.5831,7.2188
28370.0,1.8835,15.2475,0.5176,16.1459,28.3358,7.2188
28375.0,1.8621,14.7962,0.5176,16.3982,28.4103,7.2461
28380.0,1.8782,14.5481,0.5273,15.8732,28.2223,7.2324
28385.0,1.8769,14.555,0.5078,16.2252,28.0144,7.2324
28390.0,1.8701,14.7713,0.5176,14.626,28.3413,7.2324
28395.0,1.8649,14.8651,0.5176,13.5186,28.2358,7.2461
28400.0,1.894,14.8395,0.5078,16.5499,27.7292,7.2188
28405.0,1.8689,15.0692,0.5371,15.5357,28.4809,7.2324
28410.0,1.8897,14.8888,0.5176,16.302,28.1481,7.2188
28415.0,1.9066,15.0996,0.5273,17.6552,27.8321,7.2051
28420.0,1.8982,14.415,0.5176,16.7157,28.1214,7.2051
28425.0,1.9035,14.9271,0.5078,15.8806,28.2322,7.1914
28430.0,1.8738,14.9393,0.5078,14.8696,28.3412,7.2324
28435.0,1.8842,15.2215,0.5078,15.7764,28.2667,7.2188
28440.0,1.9025,15.6235,0.5371,16.0748,28.4667,7.1777
28445.0,1.9096,15.0666,0.5078,16.8484,28.4045,7.1777
28450.0,1.9004,15.2965,0.5273,16.505,28.2534,7.1914
28455.0,1.9018,15.3585,0.5273,15.4026,28.1092,7.1914
28460.0,1.9259,15.8488,0.5176,16.4074,27.6038,7.1777
28465.0,1.8813,14.6083,0.5176,17.3405,28.5065,7.2051
28470.0,1.8869,15.045,0.5273,16.1988,27.9624,7.2188
28475.0,1.8965,15.4798,0.5371,16.4131,27.996,7.2051
28480.0,1.8667,13.9401,0.5176,14.659,28.7427,7.2188
28485.0,1.8772,15.2134,0.5273,15.4052,28.2319,7.2324
28490.0,1.8813,14.5031,0.5176,15.8752,28.4581,7.2188
28495.0,1.9103,15.4069,0.5273,17.2773,28.1498,7.1777
28500.0,1.921,15.7117,0.5176,16.0471,27.6776,7.1777
28505.0,1.9175,15.6848,0.5273,17.2931,28.3319,7.1641
28510.0,1.9107,15.4464,0.5078,18.2441,28.22,7.1777
28515.0,1.9102,15.7554,0.5371,15.9303,28.4338,7.1777
28520.0,1.8902,14.7075,0.5371,14.2176,28.3692,7.2051
28525.0,1.9114,15.4849,0.5371,16.7596,28.2845,7.1777
28530.0,1.9058,15.149,0.5371,16.2116,28.4204,7.1777
28535.0,1.9054,15.127,0.5273,16.489,28.5727,7.1777
28540.0,1.9047,15.3568,0.5273,15.4201,28.6691,7.1777
28545.0,1.9111,14.9431,0.5176,16.3495,28.1758,7.1777
28550.0,1.9073,15.4643,0.5371,16.5557,28.316,7.1777
28555.0,1.9134,15.3703,0.5469,17.364,28.2189,7.1777
28560.0,1.8849,15.0661,0.5469,15.548,28.606,7.2051
28565.0,1.9231,15.5752,0.498,16.5414,27.7962,7.1777
28570.0,1.904,14.6115,0.5176,15.7095,28.1854,7.1914
28575.0,1.886,14.2439,0.5371,15.8775,28.292,7.2051
28580.0,1.8911,14.8514,0.5078,16.2027,27.9891,7.2188
28585.0,1.8893,14.6788,0.5176,16.4568,28.5367,7.2051
28590.0,1.9007,15.3575,0.5273,16.9413,28.2544,7.1914
28595.0,1.8964,14.6479,0.5273,16.1721,28.2412,7.2051
28600.0,1.8774,14.7528,0.5078,16.2476,28.3409,7.2188
28605.0,1.8824,15.1338,0.5273,16.9128,28.0224,7.2324
28610.0,1.8611,14.4738,0.5371,14.181,28.3086,7.2461
28615.0,1.8618,14.1226,0.5176,15.2573,28.2684,7.2461
28620.0,1.854,14.3865,0.5176,13.5056,28.1699,7.2598
28625.0,1.8487,13.755,0.5176,15.25,28.1932,7.2734
28630.0,1.8485,13.994,0.5273,15.0715,28.4489,7.2598
28635.0,1.839,13.9463,0.5176,13.8049,28.3658,7.2871
28640.0,1.8577,14.3553,0.5176,16.896,28.1095,7.2598
28645.0,1.8536,14.2704,0.5176,14.3376,28.3631,7.2598
28650.0,1.848,14.7518,0.5176,15.0107,28.4523,7.2598
28655.0,1.8816,14.6843,0.5273,14.2398,27.6681,7.2461
28660.0,1.8728,15.045,0.498,14.1801,28.2012,7.2324
28665.0,1.8465,13.8439,0.5273,14.6014,28.3562,7.2734
28670.0,1.8617,14.0892,0.5273,15.287,28.0011,7.2598
28675.0,1.8354,13.3692,0.5176,15.176,28.2471,7.2871
28680.0,1.8291,14.3233,0.5273,14.4034,28.2229,7.3008
28685.0,1.8213,14.0203,0.5176,15.0055,28.3326,7.3145
28690.0,1.8219,13.9257,0.498,14.2665,28.4784,7.3008
28695.0,1.8015,13.2848,0.498,14.5709,28.7515,7.3281
28700.0,1.8159,13.8694,0.5273,13.6432,28.6071,7.3145
28705.0,1.8326,14.2299,0.5273,15.1789,28.1084,7.3008
28710.0,1.8456,13.9995,0.5176,15.3317,28.0026,7.2871
28715.0,1.8215,13.2619,0.5273,14.3301,28.5078,7.3008
28720.0,1.8248,13.5775,0.5176,14.0809,28.4173,7.3008
28725.0,1.8297,13.8153,0.5273,15.5863,27.8857,7.3145
28730.0,1.8198,14.1788,0.5176,13.4816,28.145,7.3145
28735.0,1.8213,13.7636,0.5078,14.1174,28.4149,7.3145
28740.0,1.8182,13.5045,0.498,13.4859,28.5779,7.3008
28745.0,1.8102,13.7321,0.5273,13.0158,28.6165,7.3145
28750.0,1.848,13.9729,0.5273,15.6406,28.1189,7.2734
28755.0,1.8501,14.4013,0.5273,14.6733,28.6642,7.2598
28760.0,1.8695,14.4091,0.5078,14.1652,28.1475,7.2461
28765.0,1.862,14.816,0.498,13.4289,28.4821,7.2461
28770.0,1.8479,14.2055,0.5273,15.9736,28.6153,7.2598
28775.0,1.8631,14.5662,0.5078,15.4438,28.0296,7.2598
28780.0,1.8478,14.6497,0.5176,13.7191,28.4117,7.2598
28785.0,1.8653,14.8332,0.5176,15.2554,28.2771,7.2461
28790.0,1.8472,13.9496,0.5176,13.9045,28.4482,7.2598
28795.0,1.8494,13.909,0.5469,14.8903,28.1462,7.2734
28800.0,1.8511,14.0735,0.5273,16.1774,28.4192,7.2598
28805.0,1.8549,14.4778,0.5078,14.9109,28.2563,7.2598
28810.0,1.8443,14.6668,0.5176,15.0749,28.3321,7.2734
28815.0,1.8348,14.0651,0.5176,13.5637,29.0518,7.2598
28820.0,1.8447,14.7619,0.5078,14.5248,28.2997,7.2734
28825.0,1.8519,13.9275,0.5371,15.0301,28.3809,7.2598
28830.0,1.8786,14.3451,0.5176,15.901,28.1678,7.2324
28835.0,1.8764,14.8832,0.5176,15.4205,28.2087,7.2324
28840.0,1.8703,14.4376,0.5469,15.3516,28.483,7.2324
28845.0,1.8817,14.7577,0.5371,15.8535,28.4506,7.2188
28850.0,1.8919,15.5845,0.5176,16.7192,28.5761,7.1914
28855.0,1.8915,15.1696,0.5078,15.7636,28.4631,7.1914
28860.0,1.8752,14.8489,0.5273,16.2245,28.7164,7.2188
28865.0,1.8744,14.4816,0.5078,15.2911,28.4998,7.2188
28870.0,1.8919,14.3095,0.5176,16.8822,28.3523,7.2051
28875.0,1.8934,15.2013,0.5176,16.4148,28.0524,7.2051
28880.0,1.8896,14.9944,0.5078,15.1652,28.607,7.1914
28885.0,1.8902,15.1799,0.5273,16.6684,28.4799,7.2051
28890.0,1.8814,15.1503,0.5176,16.2649,28.6437,7.2051
28895.0,1.8792,14.0878,0.5371,16.5501,28.155,7.2324
28900.0,1.8871,15.1045,0.5176,16.1912,28.1998,7.2188
28905.0,1.8719,14.8884,0.5078,15.3136,28.3146,7.2324
28910.0,1.8639,14.3106,0.5078,13.2781,28.6981,7.2324
28915.0,1.8735,14.429,0.498,15.0491,28.3323,7.2324
28920.0,1.8856,15.0833,0.5176,15.3636,27.7305,7.2324
28925.0,1.8585,14.2397,0.5273,14.2893,28.3495,7.2461
28930.0,1.854,13.9155,0.5078,13.5934,28.4352,7.2598
28935.0,1.8394,13.8229,0.5078,16.6544,28.0785,7.2871
28940.0,1.834,14.0877,0.5176,14.1269,28.2561,7.2871
28945.0,1.8312,14.1104,0.5176,13.6842,28.4523,7.2871
28950.0,1.8291,13.7,0.5273,14.3796,28.9124,7.2734
28955.0,1.8462,13.7918,0.5273,15.913,28.1218,7.2734
28960.0,1.8697,14.1223,0.5273,15.09,28.2149,7.2461
28965.0,1.884,14.5225,0.5176,15.8086,28.2663,7.2188
28970.0,1.8746,14.3056,0.5273,15.1202,28.6633,7.2188
28975.0,1.88,14.8391,0.5078,14.9159,28.3647,7.2188
28980.0,1.8822,14.4995,0.5176,14.8133,28.443,7.2188
28985.0,1.8829,14.4923,0.5176,16.5103,28.8003,7.2051
28990.0,1.8814,15.1189,0.5078,15.4491,28.7708,7.2051
28995.0,1.8954,15.0251,0.5273,14.789,28.461,7.1914
29000.0,1.8873,15.1417,0.5371,15.7443,28.8056,7.1914
29005.0,1.906,15.1538,0.5371,17.6245,27.8056,7.2051
29010.0,1.8847,15.3801,0.5078,16.4668,29.0352,7.1914
29015.0,1.8877,14.9804,0.5176,15.884,28.4125,7.2051
29020.0,1.9035,14.8197,0.5469,17.227,28.3917,7.1777
29025.0,1.8975,15.0382,0.5176,16.3497,28.5914,7.1914
29030.0,1.9176,16.004,0.5176,14.5967,28.0828,7.1777
29035.0,1.9058,14.8876,0.5078,15.5921,28.6656,7.1777
29040.0,1.8919,14.6048,0.5078,15.285,28.485,7.1914
29045.0,1.9084,15.224,0.5078,15.857,28.4768,7.1777
29050.0,1.8925,15.0211,0.5176,15.988,28.6917,7.1914
29055.0,1.8902,14.9323,0.5078,15.1729,28.4621,7.2051
29060.0,1.8819,14.51,0.4883,15.482,28.3484,7.2188
29065.0,1.8757,14.7939,0.5176,16.615,28.5086,7.2188
29070.0,1.8571,14.5144,0.5176,15.3773,28.5835,7.2461
29075.0,1.8527,14.5038,0.5469,14.5811,28.221,7.2598
29080.0,1.8295,14.0785,0.5176,15.0745,28.6114,7.2871
29085.0,1.8176,13.568,0.5371,13.637,28.7017,7.3008
29090.0,1.8157,13.4833,0.5176,14.0989,28.845,7.3008
29095.0,1.8154,14.0733,0.498,12.452,28.494,7.3145
29100.0,1.8127,13.8289,0.5176,13.4346,28.3929,7.3281
29105.0,1.8142,13.274,0.5176,14.0561,28.6313,7.3145
29110.0,1.8257,14.0771,0.5078,14.1833,28.3178,7.3008
29115.0,1.8355,14.2339,0.5078,14.3475,28.2376,7.2871
29120.0,1.8169,13.93,0.5176,13.2789,28.8162,7.3008
29125.0,1.8277,13.9951,0.5176,15.0408,28.509,7.3008
29130.0,1.8133,13.2286,0.5176,14.8233,28.275,7.3281
29135.0,1.8027,13.6084,0.5273,14.6921,28.5678,7.3281
29140.0,1.7947,12.787,0.5176,13.4436,28.5121,7.3418
29145.0,1.7904,13.1803,0.5078,13.987,28.3442,7.3691
29150.0,1.8049,13.4822,0.498,12.5017,28.4324,7.3418
29155.0,1.8008,13.4542,0.5078,13.7326,28.404,7.3418
29160.0,1.7942,12.9092,0.4883,14.5916,28.4881,7.3555
29165.0,1.7803,13.2253,0.5078,13.1449,28.771,7.3555
29170.0,1.7705,12.7424,0.5078,13.1583,28.3564,7.3965
29175.0,1.7757,12.8404,0.5078,13.381,28.2473,7.3965
29180.0,1.7621,12.975,0.5078,11.4561,28.4333,7.4102
29185.0,1.7649,13.0257,0.5176,12.1376,28.0676,7.4238
29190.0,1.7382,12.376,0.5176,11.853,28.5219,7.4512
29195.0,1.7328,11.9274,0.498,11.4634,28.7218,7.4512
29200.0,1.7373,12.7622,0.498,11.5745,28.4756,7.4512
29205.0,1.7353,12.3958,0.4883,11.3447,28.3304,7.4648
29210.0,1.7393,12.3599,0.5273,13.4078,28.4185,7.4512
29215.0,1.7387,11.9427,0.498,11.8483,28.6181,7.4512
29220.0,1.7293,11.5973,0.5176,12.8184,28.5096,7.4648
29225.0,1.7317,11.7894,0.5176,12.139,28.4759,7.4648
29230.0,1.7324,12.0579,0.5176,12.6922,28.9526,7.4375
29235.0,1.7499,12.1494,0.5078,11.1878,28.2792,7.4375
29240.0,1.7362,12.4801,0.5078,12.8277,28.4524,7.4512
29245.0,1.722,12.0618,0.498,12.8429,28.8345,7.4648
29250.0,1.7245,12.0094,0.5078,10.2011,28.4907,7.4785
29255.0,1.7459,12.5298,0.5176,10.7588,28.4518,7.4375
29260.0,1.7491,11.8804,0.4883,11.9948,27.7713,7.4648
29265.0,1.7348,12.0284,0.5078,11.8228,28.1852,7.4785
29270.0,1.7229,11.6318,0.5176,11.7253,28.4597,7.4785
29275.0,1.7124,12.2835,0.5078,12.0735,28.7662,7.4922
29280.0,1.7275,11.5561,0.4883,11.6917,28.2089,7.4922
29285.0,1.7317,11.8617,0.5273,12.244,28.334,7.4785
29290.0,1.7307,12.4174,0.498,11.5286,29.1255,7.4375
29295.0,1.7205,11.7623,0.498,11.1715,29.0549,7.4648
29300.0,1.7261,12.5557,0.5078,10.1812,28.2746,7.4922
29305.0,1.7145,12.0958,0.5078,12.0005,28.1944,7.5195
29310.0,1.7111,11.7322,0.498,10.4597,28.457,7.5059
29315.0,1.7153,12.2205,0.498,12.1615,28.562,7.4922
29320.0,1.693,11.0192,0.5078,8.9092,28.5541,7.5469
29325.0,1.7015,11.9115,0.5078,12.1665,28.3433,7.5332
29330.0,1.6901,11.6773,0.4883,10.305,28.5733,7.5469
29335.0,1.6956,11.6269,0.5078,11.0029,28.6675,7.5332
29340.0,1.7049,11.7744,0.5078,10.6058,28.4291,7.5195
29345.0,1.7151,11.5962,0.498,9.631,28.4448,7.5059
29350.0,1.7048,11.3729,0.5176,11.4992,28.8388,7.5059
29355.0,1.7037,11.6287,0.498,10.9741,28.1084,7.5469
29360.0,1.7126,11.7057,0.498,11.3074,27.9763,7.5332
29365.0,1.6958,11.6526,0.5176,10.7902,28.3462,7.5469
29370.0,1.6867,11.5154,0.498,10.611,28.3377,7.5605
29375.0,1.6771,10.9161,0.5078,11.0294,28.5468,7.5742
29380.0,1.6727,11.0089,0.5078,10.0674,28.2119,7.6016
29385.0,1.6704,11.1441,0.5176,11.1854,28.4321,7.6016
29390.0,1.6574,10.3712,0.5078,10.3183,28.9392,7.6016
29395.0,1.6763,11.3404,0.5078,9.5716,28.2265,7.6016
29400.0,1.6715,10.9932,0.498,9.334,28.5258,7.5879
29405.0,1.6853,10.6981,0.5371,11.1118,28.3404,7.5742
29410.0,1.6797,11.2469,0.498,10.2775,28.6844,7.5605
29415.0,1.6858,10.9483,0.5078,11.476,28.3876,7.5605
29420.0,1.6878,11.6751,0.5078,11.193,28.4016,7.5605
29425.0,1.6916,11.2395,0.5078,10.92,28.0593,7.5742
29430.0,1.6953,11.7237,0.5078,10.545,28.0392,7.5605
29435.0,1.6847,11.3025,0.5176,10.7755,28.1404,7.5879
29440.0,1.6632,10.6393,0.5176,8.6957,28.8337,7.5879
29445.0,1.6605,10.9224,0.498,10.3548,29.0206,7.5879
29450.0,1.6762,11.8425,0.4883,10.2331,28.5885,7.5742
29455.0,1.6806,11.4489,0.4785,10.6767,28.3043,7.5879
29460.0,1.679,11.3814,0.5176,11.2782,28.6392,7.5742
29465.0,1.6915,11.8136,0.5078,11.1781,27.9513,7.5742
29470.0,1.6808,10.935,0.498,11.1127,28.5878,7.5742
29475.0,1.664,10.9762,0.5078,10.7202,29.0214,7.5879
29480.0,1.6797,11.3526,0.498,9.3888,28.159,7.5879
29485.0,1.6724,11.4251,0.498,9.8983,28.4014,7.6016
29490.0,1.6753,11.049,0.5078,11.1665,28.0671,7.6016
29495.0,1.6702,10.8104,0.4883,10.0597,28.3317,7.6016
29500.0,1.6713,11.4251,0.498,9.5779,28.3377,7.6016
29505.0,1.6779,11.4872,0.5078,9.5415,28.2879,7.5879
29510.0,1.65,10.1657,0.498,8.2977,29.0572,7.6152
29515.0,1.6652,10.5542,0.5176,9.1126,28.3919,7.6152
29520.0,1.6706,11.1442,0.4883,10.3531,28.4315,7.6016
29525.0,1.6703,11.3963,0.5078,9.9222,28.4095,7.6016
29530.0,1.67,10.8931,0.5176,10.7811,28.5085,7.6016
29535.0,1.6621,10.4509,0.5176,10.8224,28.6948,7.6016
29540.0,1.6764,11.3477,0.4883,11.0624,28.4585,7.5879
29545.0,1.6829,10.8504,0.4883,10.6974,28.0432,7.5879
29550.0,1.6687,11.0951,0.498,9.9369,28.5772,7.6016
29555.0,1.6587,10.4342,0.498,10.0919,28.4292,7.6289
29560.0,1.6577,10.7419,0.4883,10.4271,28.3513,7.6289
29565.0,1.6615,11.3509,0.4883,9.9284,28.1816,7.6289
29570.0,1.647,10.7687,0.5176,10.3239,28.3204,7.6562
29575.0,1.6529,10.6912,0.498,9.6045,28.1544,7.6562
29580.0,1.6467,10.8708,0.5078,11.1013,28.3898,7.6562
29585.0,1.6591,11.6206,0.4883,11.1577,28.0606,7.6426
29590.0,1.6528,10.484,0.5078,10.1065,28.2262,7.6562
29595.0,1.6486,10.9617,0.5176,9.5692,28.4131,7.6562
29600.0,1.6519,11.0294,0.5078,9.5343,28.1359,7.6562
29605.0,1.6239,10.6481,0.4883,10.2944,28.9608,7.6836
29610.0,1.6477,10.9432,0.498,8.1544,27.764,7.6973
29615.0,1.6326,10.6426,0.498,9.8922,28.301,7.6973
29620.0,1.6335,9.7401,0.5078,8.7551,28.0368,7.7109
29625.0,1.6089,10.0484,0.4883,8.6887,28.5747,7.752
29630.0,1.6159,10.4491,0.4883,7.9197,28.1547,7.752
29635.0,1.618,10.4255,0.498,9.4625,28.0157,7.752
29640.0,1.6195,9.8896,0.5078,9.9773,28.0713,7.752
29645.0,1.6186,10.1539,0.5078,10.7553,28.262,7.7383
29650.0,1.6332,10.4169,0.5176,8.6547,27.9482,7.7246
29655.0,1.6164,10.4237,0.4883,8.5667,28.4406,7.7383
29660.0,1.6319,10.2231,0.498,9.8099,28.3954,7.6973
29665.0,1.6289,10.5368,0.4785,8.2104,28.3231,7.7109
29670.0,1.6416,10.1822,0.5078,9.7477,28.1241,7.6836
29675.0,1.6317,10.398,0.5078,9.9767,28.649,7.6836
29680.0,1.6416,10.5452,0.5176,10.1152,28.2987,7.6836
29685.0,1.6297,11.0032,0.5078,9.3542,28.2128,7.7109
29690.0,1.6139,10.0522,0.498,7.5062,28.1895,7.752
29695.0,1.6143,10.4026,0.5078,8.8085,28.4272,7.7383
29700.0,1.6178,10.4782,0.498,10.1,27.6834,7.7793
29705.0,1.6064,9.9967,0.4883,7.6657,27.9827,7.793
29710.0,1.6148,10.4261,0.5078,8.4609,27.9236,7.7793
29715.0,1.6086,9.9722,0.5078,8.9975,27.9379,7.793
29720.0,1.5984,10.0937,0.498,8.7656,28.3021,7.793
29725.0,1.6017,9.8269,0.5078,8.2772,28.0005,7.8066
29730.0,1.5992,9.6718,0.5078,8.4768,28.1731,7.8066
29735.0,1.5944,9.6906,0.498,8.4516,28.202,7.8203
29740.0,1.6027,9.7855,0.5078,9.9261,28.1155,7.793
29745.0,1.5969,9.8922,0.5078,8.9401,28.1737,7.8066
29750.0,1.6019,9.824,0.498,8.4829,27.5623,7.834
29755.0,1.5972,9.8391,0.4883,8.7967,27.6827,7.834
29760.0,1.5722,9.1276,0.5078,8.7924,28.3964,7.875
29765.0,1.5708,9.3527,0.4785,7.8838,28.1662,7.8887
29770.0,1.5675,9.6642,0.4883,8.8194,27.895,7.916
29775.0,1.5612,9.5899,0.498,7.1279,28.2616,7.916
29780.0,1.5652,8.8631,0.4883,7.8632,27.9215,7.9297
29785.0,1.5559,9.0321,0.498,7.3672,28.0892,7.9434
29790.0,1.5515,9.158,0.4883,6.7764,28.3836,7.9434
29795.0,1.5525,9.3699,0.4883,7.2373,28.002,7.9707
29800.0,1.5477,8.7614,0.4688,5.8423,27.9657,7.9844
29805.0,1.5366,8.8819,0.5078,8.5365,28.2164,8.0117
29810.0,1.5363,8.7831,0.5078,6.8808,27.9697,8.0254
29815.0,1.5477,8.8617,0.498,7.3147,27.4406,8.0254
29820.0,1.5312,8.4529,0.498,7.7136,27.876,8.0527
29825.0,1.541,8.8469,0.4883,7.9869,27.592,8.0391
29830.0,1.5337,8.6448,0.4883,5.7967,27.5541,8.0664
29835.0,1.5277,8.52,0.5176,6.1517,27.8776,8.0664
29840.0,1.5317,8.3909,0.4883,7.0847,27.5283,8.0801
29845.0,1.5239,8.0044,0.4883,5.943,27.891,8.0801
29850.0,1.5175,8.7669,0.5078,7.6715,27.9592,8.1074
29855.0,1.5228,8.6333,0.4883,5.9427,27.7665,8.0938
29860.0,1.5325,8.7804,0.5176,6.6938,27.537,8.0801
29865.0,1.5335,8.4794,0.5078,7.0362,27.7486,8.0527
29870.0,1.5389,8.378,0.4883,8.5222,27.4374,8.0664
29875.0,1.5354,8.2129,0.498,6.67,27.5209,8.0664
29880.0,1.531,8.9978,0.4883,8.0279,28.0717,8.0391
29885.0,1.5323,8.1247,0.498,6.2975,27.8871,8.0527
29890.0,1.5321,9.3317,0.498,7.3179,27.6876,8.0664
29895.0,1.5272,8.0883,0.498,7.1826,27.8144,8.0801
29900.0,1.5265,8.6119,0.4883,6.2769,27.798,8.0801
29905.0,1.5129,8.4844,0.4785,6.9254,28.3363,8.0938
29910.0,1.5351,8.792,0.5176,6.6089,27.2373,8.0938
29915.0,1.5351,8.6157,0.498,7.5773,27.2773,8.0938
29920.0,1.5229,7.9484,0.5176,10.3503,27.7277,8.0938
29925.0,1.5245,8.2955,0.4883,8.0195,27.6363,8.1074
29930.0,1.5229,8.3969,0.4883,7.1186,27.307,8.1348
29935.0,1.513,8.5847,0.4785,5.5481,27.5988,8.1484
29940.0,1.5123,8.143,0.4785,7.7347,27.4735,8.1621
29945.0,1.5119,8.556,0.4785,6.4465,27.547,8.1621
29950.0,1.5081,8.0407,0.4883,7.1914,27.8933,8.1484
29955.0,1.5245,8.8613,0.5078,8.6665,27.2725,8.1348
29960.0,1.5177,8.8084,0.4883,6.1026,27.7338,8.1211
29965.0,1.5266,9.3253,0.4883,7.2904,27.2255,8.1211
29970.0,1.5356,8.6437,0.4883,6.7461,27.1084,8.1074
29975.0,1.5283,8.5915,0.4883,8.6339,27.0856,8.1348
29980.0,1.516,8.4638,0.498,6.9359,27.5888,8.1348
29985.0,1.5191,8.9669,0.5078,8.3849,27.4525,8.1348
29990.0,1.5152,8.2591,0.5078,7.9138,27.5853,8.1484
29995.0,1.5148,8.176,0.4785,6.762,27.5219,8.1484
30000.0,1.5166,8.0328,0.5273,6.8887,27.2427,8.1621
30005.0,1.5142,8.1795,0.4785,6.5769,27.1896,8.1895
30010.0,1.5117,8.0856,0.5078,7.8091,27.3527,8.1758
30015.0,1.5031,8.5478,0.5078,5.9125,27.4425,8.2168
30020.0,1.4959,8.5574,0.4785,6.6133,27.5752,8.2305
30025.0,1.5003,7.88,0.4785,6.4622,27.5601,8.2168
30030.0,1.5065,7.8719,0.498,6.9792,27.0978,8.2305
30035.0,1.4952,8.3434,0.4883,5.9844,27.3258,8.2578
30040.0,1.487,7.5365,0.4785,6.0875,27.7445,8.2578
30045.0,1.498,8.2432,0.498,7.4823,27.0725,8.2715
30050.0,1.4898,8.076,0.4883,6.2104,27.4579,8.2715
30055.0,1.4927,7.8277,0.4785,7.3194,27.1857,8.2852
30060.0,1.4805,8.5486,0.4785,5.6982,27.7175,8.2988
30065.0,1.4933,7.8454,0.4785,6.1489,27.1031,8.2852
30070.0,1.4949,8.4768,0.5078,7.4888,27.1919,8.2715
30075.0,1.5035,7.7968,0.5078,5.8641,26.9306,8.2578
30080.0,1.5039,8.2005,0.4785,6.4013,26.8689,8.2578
30085.0,1.4949,7.8085,0.498,6.351,27.1705,8.2715
30090.0,1.4869,8.2337,0.4785,5.5058,27.3537,8.2988
30095.0,1.4927,8.5249,0.4883,7.3337,27.0133,8.2988
30100.0,1.4844,8.2066,0.5078,7.6136,27.2763,8.3125
30105.0,1.4829,7.2893,0.5078,5.5862,27.2205,8.3262
30110.0,1.4829,7.6995,0.5078,6.698,27.0876,8.3398
30115.0,1.4693,7.2795,0.5078,6.6823,27.4093,8.3809
30120.0,1.4796,7.816,0.5176,7.2385,26.726,8.3945
30125.0,1.4708,7.6338,0.4688,6.1911,27.2664,8.3945
30130.0,1.4714,7.9408,0.498,5.5594,27.1014,8.4082
30135.0,1.4791,7.7971,0.4785,5.5938,26.7431,8.3945
30140.0,1.4788,7.3771,0.4883,6.564,26.8093,8.3945
30145.0,1.4811,8.2473,0.4883,5.1748,26.9378,8.3672
30150.0,1.476,7.7599,0.4883,5.5194,27.1292,8.3809
30155.0,1.4731,7.2019,0.4883,5.2829,27.4658,8.3672
30160.0,1.4739,7.8336,0.4785,6.8252,27.3414,8.3672
30165.0,1.4782,7.6454,0.5078,6.7764,26.8944,8.3945
30170.0,1.4716,7.4092,0.4883,5.7027,27.1237,8.4082
30175.0,1.4686,7.0574,0.5078,6.2411,26.8765,8.4492
30180.0,1.4735,7.851,0.498,7.8626,26.5766,8.4492
30185.0,1.468,6.8969,0.4883,6.4081,26.6595,8.4766
30190.0,1.4619,6.8922,0.498,7.3182,26.9548,8.4766
30195.0,1.4626,6.9868,0.4883,6.7543,26.8083,8.4902
30200.0,1.463,7.3539,0.4688,6.2596,26.6945,8.5039
30205.0,1.4573,7.4719,0.498,6.6498,26.7735,8.5176
30210.0,1.4552,7.4093,0.4688,4.6932,27.1127,8.5039
30215.0,1.4595,8.0788,0.4688,5.3774,26.6352,8.5176
30220.0,1.4615,8.0615,0.4883,6.7408,26.671,8.5039
30225.0,1.4553,7.3063,0.4883,6.8374,27.1108,8.5039
30230.0,1.4578,7.1296,0.4883,5.9736,26.798,8.5176
30235.0,1.4662,7.4704,0.4785,6.4525,26.3518,8.5176
30240.0,1.4633,7.6046,0.498,7.1166,26.6414,8.5039
30245.0,1.4712,7.6281,0.498,7.3507,26.4675,8.4766
30250.0,1.463,6.8951,0.4883,6.4964,26.8597,8.4766
30255.0,1.4661,7.083,0.4883,5.3493,26.5699,8.4902
30260.0,1.4698,7.4276,0.498,7.0059,26.4309,8.4902
30265.0,1.4695,7.4894,0.4785,5.4444,26.4402,8.4902
30270.0,1.4585,7.0739,0.498,7.7073,26.6931,8.5176
30275.0,1.4649,7.7519,0.4883,6.4587,26.3621,8.5176
30280.0,1.4683,7.4765,0.5078,6.7757,26.2776,8.5039
30285.0,1.4609,7.6339,0.4883,6.038,26.6691,8.5176
30290.0,1.4641,7.6431,0.4785,5.9988,26.3974,8.5176
30295.0,1.4585,7.8439,0.5078,5.0119,26.6009,8.5312
30300.0,1.4583,6.7375,0.4883,4.9065,26.6928,8.5312
30305.0,1.4623,7.1638,0.498,7.4235,26.4755,8.5312
30310.0,1.4598,8.0418,0.498,6.5268,26.471,8.5449
30315.0,1.4694,7.7631,0.4785,6.5356,26.1048,8.5176
30320.0,1.4684,7.7684,0.5078,8.655,26.1765,8.5176
30325.0,1.4565,7.7101,0.4688,4.8849,26.7476,8.5312
30330.0,1.4677,7.7698,0.4785,5.851,26.2296,8.5176
30335.0,1.4703,7.7191,0.498,6.454,26.0469,8.5176
30340.0,1.4604,7.4732,0.498,6.801,26.4389,8.5449
30345.0,1.4537,7.2394,0.4785,6.3062,26.7596,8.5449
30350.0,1.4609,7.4216,0.4883,6.0405,26.1388,8.5723
30355.0,1.457,6.4778,0.4785,6.5586,26.5635,8.5449
30360.0,1.4682,8.083,0.4785,6.4935,25.5926,8.5859
30365.0,1.458,7.5973,0.4883,6.3608,26.0466,8.5996
30370.0,1.4548,7.1432,0.4785,6.5094,26.313,8.5859
30375.0,1.4564,7.3894,0.4883,5.25,26.3259,8.5859
30380.0,1.4474,7.1866,0.498,5.4794,26.5858,8.6133
30385.0,1.4592,8.1024,0.459,6.2248,25.8183,8.6133
30390.0,1.4487,7.8199,0.498,6.5677,26.1807,8.6406
30395.0,1.4527,7.7237,0.498,6.6185,25.9233,8.6543
30400.0,1.4462,7.6283,0.4883,5.5347,26.1615,8.668
30405.0,1.4548,7.5002,0.5078,7.8205,25.725,8.6543
30410.0,1.4606,7.7504,0.4883,6.0313,25.172,8.6816
30415.0,1.4443,7.26,0.498,6.3164,25.9196,8.709
30420.0,1.4438,7.2389,0.4688,5.0501,25.9678,8.709
30425.0,1.4382,6.9768,0.4785,4.6804,26.2982,8.709
30430.0,1.4374,7.001,0.5078,6.1884,26.3019,8.709
30435.0,1.4404,6.8366,0.498,6.1805,25.9114,8.7363
30440.0,1.4465,6.9336,0.4688,5.8473,25.6072,8.7363
30445.0,1.4311,6.1715,0.498,5.8576,26.3888,8.75
30450.0,1.4341,6.6946,0.4785,5.9023,26.2857,8.7363
30455.0,1.4408,7.0204,0.498,6.727,25.5812,8.7773
30460.0,1.4333,7.0052,0.4883,5.4488,25.8314,8.8047
30465.0,1.4351,6.1076,0.5078,8.4546,25.9462,8.7773
30470.0,1.4408,7.3835,0.498,5.1098,25.3974,8.8047
30475.0,1.4306,6.8417,0.4883,6.7568,25.8135,8.832
30480.0,1.4287,6.848,0.4688,3.8488,25.8658,8.832
30485.0,1.431,6.9339,0.4883,7.3953,25.694,8.8457
30490.0,1.4288,6.6152,0.5176,5.8609,25.8296,8.8457
30495.0,1.4293,6.4652,0.5078,6.7704,25.9061,8.832
30500.0,1.4349,7.5592,0.498,6.0603,25.6035,8.8184
30505.0,1.4325,6.5207,0.4883,6.4271,25.6932,8.832
30510.0,1.4284,6.7627,0.498,5.5592,25.9112,8.832
30515.0,1.4353,7.5379,0.4883,5.9799,25.6766,8.8047
30520.0,1.4452,7.2572,0.4883,5.5414,25.1044,8.8047
30525.0,1.4333,6.4256,0.4883,4.6007,25.645,8.832
30530.0,1.4395,7.0827,0.4883,5.6951,25.3708,8.8184
30535.0,1.4352,7.161,0.4883,6.1967,25.5633,8.8184
30540.0,1.4369,6.781,0.4883,6.7065,25.6647,8.791
30545.0,1.4343,6.9343,0.4785,6.162,25.516,8.832
30550.0,1.431,6.5617,0.5078,5.1516,25.7236,8.832
30555.0,1.4329,6.6414,0.498,5.8929,25.7501,8.8184
30560.0,1.436,6.5831,0.4688,6.0266,25.4325,8.832
30565.0,1.4367,6.6947,0.4883,4.5941,25.4597,8.8184
30570.0,1.4377,7.0911,0.4785,5.5982,25.3196,8.832
30575.0,1.4347,7.082,0.4883,6.1591,25.6507,8.8184
30580.0,1.4337,6.731,0.4785,4.7238,25.5389,8.832
30585.0,1.4406,7.1433,0.498,7.1159,25.3413,8.8047
30590.0,1.435,6.9046,0.4883,5.921,25.4897,8.832
30595.0,1.4315,7.005,0.5078,5.4978,25.583,8.8457
30600.0,1.436,6.9935,0.4785,5.4841,25.3173,8.8457
30605.0,1.4451,7.7431,0.4883,7.6657,25.0406,8.8184
30610.0,1.4486,7.693,0.4883,6.3032,24.8043,8.8184
30615.0,1.4422,7.4063,0.4688,6.0097,25.2151,8.8184
30620.0,1.4385,6.9014,0.4785,6.9586,25.6787,8.7773
30625.0,1.4434,7.3013,0.4688,4.3829,25.3522,8.791
30630.0,1.4423,7.0442,0.4883,5.2257,25.2863,8.8047
30635.0,1.4392,7.3531,0.4785,5.2148,25.2852,8.8184
30640.0,1.4416,7.0647,0.4883,5.4406,25.167,8.8184
30645.0,1.4395,6.7748,0.498,6.0053,25.1574,8.8457
30650.0,1.4419,7.4612,0.4688,5.2137,24.9909,8.8457
30655.0,1.4316,6.5636,0.4785,4.1315,25.4175,8.873
30660.0,1.4428,6.6581,0.4688,5.4549,24.6663,8.873
30665.0,1.4422,6.999,0.4785,6.5412,24.7564,8.873
30670.0,1.44,6.6463,0.4688,5.3891,24.9734,8.8594
30675.0,1.4417,7.7431,0.4883,6.7264,24.7538,8.873
30680.0,1.4296,6.5691,0.4883,6.0199,25.3113,8.9004
30685.0,1.4447,6.97,0.498,6.8532,24.5163,8.8867
30690.0,1.4293,7.0286,0.4883,6.3,25.3825,8.8867
30695.0,1.4317,6.9404,0.4688,5.3248,25.0378,8.9141
30700.0,1.4327,6.8571,0.4883,5.6801,24.9521,8.9277
30705.0,1.4372,6.8762,0.4785,6.1741,24.5874,8.9414
30710.0,1.4395,7.0519,0.5078,7.1162,24.5596,8.9277
30715.0,1.4323,7.0005,0.5078,6.7538,24.8604,8.9414
30720.0,1.434,6.5139,0.4883,6.1416,24.8981,8.9141
30725.0,1.4338,6.7737,0.498,5.6857,24.85,8.9277
30730.0,1.4366,6.9392,0.4883,5.7584,24.6589,8.9277
30735.0,1.4348,6.6244,0.4785,7.519,24.6172,8.9551
30740.0,1.4399,6.7063,0.4883,5.8454,24.2381,8.9688
30745.0,1.4262,7.0305,0.4883,6.0956,24.943,8.9824
30750.0,1.4295,7.3761,0.4785,5.0818,24.576,8.9961
30755.0,1.4275,6.6019,0.4785,4.7584,24.4044,9.0371
30760.0,1.4229,6.7726,0.5176,5.5842,24.7233,9.0371
30765.0,1.4212,6.8619,0.4883,5.1202,24.6262,9.0645
30770.0,1.4233,7.2663,0.4688,5.0725,24.4444,9.0781
30775.0,1.4197,6.4784,0.4785,5.323,24.7102,9.0781
30780.0,1.4169,6.6472,0.5078,6.5726,24.6876,9.1055
30785.0,1.421,6.3044,0.4883,6.0678,24.3739,9.1055
30790.0,1.4152,6.2983,0.498,5.5839,24.6828,9.1191
30795.0,1.4165,6.7458,0.4688,4.8584,24.4057,9.1465
30800.0,1.4097,6.5598,0.4785,6.267,24.839,9.1602
30805.0,1.4108,6.6618,0.498,5.0946,24.6033,9.1738
30810.0,1.4144,6.5482,0.4785,6.9219,24.1746,9.2012
30815.0,1.4113,6.7401,0.498,6.2204,24.3575,9.2148
30820.0,1.4094,6.5779,0.4785,5.9312,24.4008,9.2285
30825.0,1.4126,7.0595,0.4785,6.4415,24.1327,9.2285
30830.0,1.4081,6.4794,0.5078,5.5955,24.6249,9.2012
30835.0,1.4055,5.5517,0.498,4.3228,24.8065,9.2012
30840.0,1.4085,6.5491,0.498,5.7829,24.5009,9.2148
30845.0,1.4083,6.5268,0.4785,5.5951,24.4194,9.2285
30850.0,1.4074,6.605,0.4688,5.8758,24.3081,9.2559
30855.0,1.4117,6.8742,0.4883,6.7675,23.8646,9.2832
30860.0,1.4119,6.8582,0.4883,6.5422,23.8212,9.2832
30865.0,1.4065,6.3403,0.4785,5.8243,24.297,9.2695
30870.0,1.4072,6.1667,0.4785,4.5069,24.1903,9.2832
30875.0,1.4049,6.41,0.5078,7.0121,24.3332,9.2832
30880.0,1.4086,6.3502,0.498,5.6944,24.1844,9.2695
30885.0,1.4054,6.3583,0.498,5.3807,24.1981,9.2969
30890.0,1.4069,6.352,0.4688,3.8495,24.1581,9.2832
30895.0,1.4103,6.2979,0.4688,5.5819,23.9905,9.2832
30900.0,1.4123,6.783,0.4883,4.1621,23.8896,9.2695
30905.0,1.4121,6.5493,0.4883,6.3588,23.9058,9.2695
30910.0,1.408,6.2249,0.5078,6.902,24.1758,9.2695
30915.0,1.4085,7.5297,0.4883,5.6006,24.1008,9.2832
30920.0,1.412,6.7212,0.4688,7.3514,24.0031,9.2559
30925.0,1.4147,6.6916,0.4883,5.4402,23.7983,9.2559
30930.0,1.4114,6.851,0.4785,5.4482,24.0653,9.2559
30935.0,1.4082,6.1467,0.4883,5.7895,24.2144,9.2695
30940.0,1.4084,6.4832,0.4883,5.2711,24.114,9.2832
30945.0,1.4052,6.3618,0.4883,5.4575,24.1215,9.3105
30950.0,1.4047,6.2243,0.498,7.0115,24.0081,9.3379
30955.0,1.4116,6.3913,0.4883,6.9439,23.4824,9.3516
30960.0,1.4014,6.5108,0.4883,4.7302,24.0374,9.3652
30965.0,1.4024,6.7532,0.4785,5.1181,23.9546,9.3789
30970.0,1.3985,6.2501,0.5078,5.7499,24.146,9.3926
30975.0,1.4053,6.6773,0.459,6.2549,23.6777,9.3789
30980.0,1.4092,6.865,0.5078,5.6826,23.374,9.3926
30985.0,1.399,6.2747,0.4883,4.723,24.1036,9.3926
30990.0,1.4028,6.3454,0.498,5.6545,23.9702,9.3652
30995.0,1.4038,6.0969,0.4883,4.4907,23.9695,9.3516
31000.0,1.4032,6.7213,0.4883,5.5932,23.9825,9.3652
31005.0,1.4028,6.1513,0.4785,5.6962,23.9701,9.3652
31010.0,1.3989,6.4915,0.5078,4.1406,24.1847,9.3789
31015.0,1.4005,6.4866,0.5078,5.6394,23.9658,9.3926
31020.0,1.3996,6.0311,0.4785,4.3227,23.9989,9.3926
31025.0,1.4064,5.8519,0.498,4.9706,23.6566,9.3789
31030.0,1.3963,6.3437,0.4785,5.5288,24.3372,9.3789
31035.0,1.405,7.0688,0.4883,6.846,23.691,9.3926
31040.0,1.4024,6.7231,0.4883,6.4326,23.9068,9.3789
31045.0,1.4018,6.4103,0.4883,5.2774,23.736,9.4199
31050.0,1.4075,6.2759,0.5078,6.5455,23.4572,9.3926
31055.0,1.404,6.1373,0.4883,5.7706,23.639,9.4062
31060.0,1.4014,6.3317,0.4785,6.7275,23.7189,9.4199
31065.0,1.3954,6.0957,0.4688,4.1638,23.9761,9.4609
31070.0,1.3963,6.682,0.498,5.4,23.9516,9.4473
31075.0,1.4011,6.1847,0.4883,5.9681,23.5522,9.4609
31080.0,1.4039,6.752,0.4785,4.6797,23.3315,9.4609
31085.0,1.3985,6.4262,0.4785,5.1673,23.6042,9.4746
31090.0,1.3994,5.6856,0.4883,4.2379,23.6212,9.4609
31095.0,1.4024,6.4432,0.498,6.9951,23.4667,9.4609
31100.0,1.4044,5.973,0.498,6.2683,23.1797,9.4746
31105.0,1.3943,5.7517,0.4785,4.9726,24.0107,9.4609
31110.0,1.3932,6.6432,0.4883,5.2496,24.066,9.4746
31115.0,1.3989,6.7687,0.498,5.0206,23.5429,9.4883
31120.0,1.3938,6.2511,0.498,6.3806,23.9285,9.4883
31125.0,1.4032,6.8585,0.498,5.2028,23.1721,9.502
31130.0,1.3939,6.8027,0.4883,5.8691,23.8991,9.4883
31135.0,1.3984,5.8046,0.4883,5.7825,23.5917,9.4883
31140.0,1.3986,5.9678,0.4883,6.8449,23.4261,9.5156
31145.0,1.4043,6.016,0.4883,5.1675,22.9821,9.5156
31150.0,1.3924,6.4226,0.5176,5.5004,23.892,9.5156
31155.0,1.3994,6.383,0.498,5.6326,23.3947,9.502
31160.0,1.3942,6.4983,0.4785,5.3391,23.6507,9.5293
31165.0,1.3885,6.3496,0.4785,6.0319,23.9338,9.5566
31170.0,1.4001,6.4553,0.4883,5.5365,23.2376,9.5293
31175.0,1.3993,6.2921,0.4883,6.293,23.2531,9.5293
31180.0,1.4012,6.8155,0.4883,6.3043,23.13,9.5293
31185.0,1.3926,6.2352,0.4883,6.7066,23.6168,9.5566
31190.0,1.3954,6.468,0.4785,5.5438,23.3163,9.5703
31195.0,1.4012,6.9799,0.4883,6.2874,22.819,9.584
31200.0,1.396,5.9178,0.498,6.4286,23.2889,9.5703
31205.0,1.3954,6.449,0.498,5.5379,23.3939,9.5566
31210.0,1.3948,5.9301,0.4688,5.662,23.4105,9.5566
31215.0,1.3872,6.2325,0.498,7.3284,24.0408,9.5566
31220.0,1.3898,6.3686,0.5078,5.8285,23.7563,9.5703
31225.0,1.3976,6.5435,0.4883,5.952,23.1435,9.5703
31230.0,1.3952,5.9776,0.4883,4.1955,23.2693,9.584
31235.0,1.3928,6.3201,0.4883,6.3579,23.2783,9.6113
31240.0,1.3932,6.0354,0.4883,5.1503,23.2198,9.625
31245.0,1.3869,6.2421,0.4883,4.7102,23.5643,9.6523
31250.0,1.3908,6.2227,0.4883,5.9977,23.1381,9.666
31255.0,1.3881,5.8338,0.459,4.5237,23.2923,9.6797
31260.0,1.3894,6.3326,0.4883,5.6528,23.2012,9.6797
31265.0,1.387,6.2214,0.4785,4.8126,23.3775,9.6797
31270.0,1.385,6.1175,0.498,5.0371,23.4095,9.707
31275.0,1.382,5.7335,0.4688,5.2528,23.4911,9.7344
31280.0,1.3794,5.6855,0.4883,6.0205,23.5204,9.7754
31285.0,1.378,6.0231,0.4883,5.2738,23.6566,9.7754
31290.0,1.3856,6.0809,0.498,6.4287,22.9156,9.7891
31295.0,1.3787,5.8453,0.4688,4.625,23.4598,9.8027
31300.0,1.3827,6.5174,0.4883,6.0241,23.0509,9.8164
31305.0,1.3796,6.107,0.4785,4.7473,23.3798,9.8027
31310.0,1.3894,5.9864,0.498,5.0633,22.7162,9.7754
31315.0,1.3855,5.6599,0.498,3.981,23.1042,9.7617
31320.0,1.3817,6.1489,0.4785,5.5397,23.2532,9.7891
31325.0,1.3814,5.8832,0.4688,4.8182,23.2019,9.8027
31330.0,1.3791,5.8594,0.4883,5.3339,23.341,9.8164
31335.0,1.381,6.0968,0.498,5.148,23.1236,9.8301
31340.0,1.381,5.5295,0.4688,5.2779,23.1192,9.8301
31345.0,1.3797,5.9907,0.498,5.4402,23.1174,9.8438
31350.0,1.3777,6.5299,0.498,5.1846,23.1746,9.8711
31355.0,1.38,5.4758,0.498,5.5711,22.8256,9.8984
31360.0,1.3797,6.1716,0.4785,5.6159,22.8684,9.8984
31365.0,1.3793,5.8813,0.4883,5.7111,22.9032,9.8984
31370.0,1.3732,6.3327,0.4785,3.9259,23.5496,9.8848
31375.0,1.3755,5.4306,0.4785,5.8031,23.2991,9.8848
31380.0,1.378,6.0926,0.4883,3.8778,23.1502,9.8711
31385.0,1.3799,5.3165,0.4785,5.2391,23.0274,9.8574
31390.0,1.3772,5.7041,0.498,6.6121,23.2865,9.8574
31395.0,1.3788,6.1383,0.4688,6.1849,23.124,9.8574
31400.0,1.3771,6.3458,0.4785,3.6407,23.2209,9.8711
31405.0,1.3783,5.9939,0.4883,6.8536,23.1758,9.8574
31410.0,1.3782,6.0674,0.4688,5.5963,23.2874,9.8438
31415.0,1.3811,5.9575,0.498,5.4382,22.9911,9.8438
31420.0,1.3814,5.5589,0.498,4.7876,22.9666,9.8438
31425.0,1.3742,5.8537,0.498,5.8471,23.5084,9.8711
31430.0,1.38,6.4729,0.4785,4.9308,23.0185,9.8574
31435.0,1.3798,6.2433,0.498,6.4778,22.9425,9.8848
31440.0,1.3842,6.3826,0.4883,4.5455,22.5522,9.8848
31445.0,1.3787,5.9726,0.4688,5.353,22.8722,9.9121
31450.0,1.3767,6.007,0.4883,5.8507,23.0301,9.9121
31455.0,1.3728,5.7833,0.4785,6.4527,23.3358,9.9258
31460.0,1.3763,6.3701,0.4688,5.6721,23.0634,9.9258
31465.0,1.3767,5.8711,0.4785,4.7584,23.0984,9.9121
31470.0,1.383,5.9376,0.4785,4.0957,22.615,9.8984
31475.0,1.3791,5.6901,0.4883,5.6403,22.825,9.9121
31480.0,1.3783,5.8185,0.4883,6.0059,22.9522,9.9121
31485.0,1.3781,6.0972,0.5078,5.8674,23.0094,9.8984
31490.0,1.3721,5.6967,0.498,5.945,23.4472,9.9258
31495.0,1.3793,5.6874,0.4785,5.7317,22.7067,9.9395
31500.0,1.3759,6.1551,0.4785,5.2294,23.1288,9.9121
31505.0,1.3762,5.8803,0.4785,4.0834,22.9516,9.9395
31510.0,1.3765,6.4572,0.4883,5.507,22.8492,9.9531
31515.0,1.3737,6.1299,0.4688,6.4069,23.0732,9.9668
31520.0,1.3775,5.8744,0.4785,5.0412,22.76,9.9531
31525.0,1.3721,5.8783,0.4883,5.6702,23.123,9.9805
31530.0,1.3739,6.1353,0.4785,5.1826,23.0364,9.9668
31535.0,1.3732,5.4046,0.4883,5.0021,23.1442,9.9668
31540.0,1.3703,5.6964,0.4785,6.1634,23.3971,9.9668
31545.0,1.3747,5.5236,0.4688,4.3505,22.8369,9.9941
31550.0,1.3714,6.3829,0.5078,6.9803,23.0027,10.0215
31555.0,1.3741,5.8898,0.4883,6.8834,22.7584,10.0215
31560.0,1.3702,5.5001,0.4883,4.783,23.1191,10.0215
31565.0,1.3752,6.4762,0.498,6.4573,22.6906,10.0215
31570.0,1.3722,5.8739,0.498,5.5247,22.85,10.0352
31575.0,1.3678,5.4039,0.498,5.5962,23.1031,10.0762
31580.0,1.3664,5.7918,0.5078,6.081,23.1432,10.1035
31585.0,1.3655,5.8714,0.4688,4.0742,23.1281,10.1309
31590.0,1.367,5.7851,0.4688,3.9541,23.1154,10.1035
31595.0,1.3639,6.2071,0.4883,5.3681,23.3874,10.1035
31600.0,1.3649,5.1333,0.4883,4.0291,23.2443,10.1172
31605.0,1.3663,6.5409,0.4688,5.1922,23.0647,10.1172
31610.0,1.3657,5.99,0.4883,4.8886,23.0935,10.1309
31615.0,1.3667,5.2872,0.4883,5.6343,22.9539,10.1309
31620.0,1.3657,6.1397,0.4883,5.3042,23.087,10.1309
31625.0,1.3626,5.7954,0.4785,4.6678,23.3784,10.1445
31630.0,1.3674,5.8536,0.4883,3.7739,22.9783,10.1172
31635.0,1.3685,5.3763,0.5078,4.6876,22.833,10.1172
31640.0,1.3618,5.4482,0.4785,6.0919,23.4791,10.1445
31645.0,1.3619,5.1843,0.498,5.2242,23.3433,10.1719
31650.0,1.3675,5.9317,0.4785,5.3455,22.6535,10.1855
31655.0,1.3646,5.54,0.4688,5.0233,23.0382,10.1719
31660.0,1.3653,5.6132,0.4688,6.185,22.9615,10.1719
31665.0,1.3661,5.6276,0.4883,5.3075,22.7916,10.1855
31670.0,1.3663,6.0158,0.4785,6.0407,22.9196,10.1582
31675.0,1.3648,5.5754,0.4883,5.2819,23.157,10.1445
31680.0,1.3655,5.6564,0.4883,5.6115,23.1054,10.1309
31685.0,1.3659,5.9772,0.4785,5.0659,23.0808,10.1309
31690.0,1.369,6.1897,0.4785,2.7251,22.8597,10.1035
31695.0,1.3653,5.4635,0.4785,4.5721,23.1704,10.1172
31700.0,1.3695,5.5732,0.4785,4.8347,22.6708,10.1309
31705.0,1.3667,4.9471,0.4785,5.642,22.8846,10.1445
31710.0,1.3652,5.9963,0.4883,5.6821,23.0812,10.1445
31715.0,1.3663,5.9109,0.4785,3.8668,22.9351,10.1445
31720.0,1.3625,5.6858,0.4883,5.2046,23.2149,10.1719
31725.0,1.3677,6.0314,0.4785,4.8439,22.774,10.1582
31730.0,1.3677,5.6033,0.498,3.6453,22.8556,10.1309
31735.0,1.3661,5.9695,0.4883,5.0802,23.0087,10.1445
31740.0,1.3635,5.948,0.4785,5.2885,23.2924,10.1445
31745.0,1.3657,5.5729,0.4785,4.1505,22.9983,10.1445
31750.0,1.3629,5.6761,0.4785,5.223,23.3208,10.1445
31755.0,1.3638,5.8793,0.4883,5.0399,23.104,10.1719
31760.0,1.3679,5.1135,0.4785,5.1919,22.7042,10.1582
31765.0,1.3679,5.8795,0.4883,4.9185,22.7145,10.1582
31770.0,1.361,5.7595,0.498,4.7613,23.4747,10.1582
31775.0,1.3641,5.853,0.4785,4.8957,23.0591,10.1719
31780.0,1.3627,5.2821,0.4883,5.3525,23.1256,10.1992
31785.0,1.3633,5.478,0.4883,5.9854,23.0218,10.1992
31790.0,1.3646,5.4506,0.4883,5.8135,22.9175,10.1992
31795.0,1.3597,5.4272,0.4785,4.4893,23.39,10.2129
31800.0,1.3597,5.5715,0.4883,5.4955,23.2226,10.2539
31805.0,1.3636,5.1664,0.498,4.4175,22.9021,10.2266
31810.0,1.3618,5.7678,0.4883,4.7968,23.1567,10.2129
31815.0,1.3627,5.8205,0.4883,4.8409,23.0119,10.2129
31820.0,1.3679,5.3031,0.4883,5.1297,22.4761,10.2129
31825.0,1.3639,5.6283,0.4688,4.4568,22.8564,10.2266
31830.0,1.3603,5.7988,0.4785,4.3108,23.1675,10.2402
31835.0,1.3603,5.6644,0.4883,6.105,23.1099,10.2539
31840.0,1.3589,5.3572,0.5078,6.4321,23.2902,10.2539
31845.0,1.3627,5.4931,0.4883,6.0731,22.9491,10.2402
31850.0,1.3641,6.2843,0.4883,6.0685,22.804,10.2266
31855.0,1.3628,5.9705,0.4883,4.8049,22.957,10.2266
31860.0,1.3621,5.7716,0.4688,5.7451,23.0292,10.2266
31865.0,1.3636,5.7619,0.4785,7.0434,22.7549,10.2539
31870.0,1.3568,5.5706,0.4785,5.3491,23.668,10.2402
31875.0,1.3588,5.5413,0.4883,5.7059,23.3842,10.2402
31880.0,1.3604,5.2004,0.4688,4.2149,23.1865,10.2402
31885.0,1.3565,5.8618,0.498,5.0067,23.5542,10.2676
31890.0,1.3621,5.6865,0.459,3.7917,22.9522,10.2539
31895.0,1.3619,6.1207,0.4785,4.5595,22.9117,10.2539
31900.0,1.3627,6.1067,0.4785,4.6187,22.7914,10.2676
31905.0,1.3596,5.6824,0.4785,4.4629,23.0104,10.2949
31910.0,1.362,5.3539,0.4785,4.8938,22.7631,10.2949
31915.0,1.3613,5.5119,0.5078,6.3502,23.0051,10.2539
31920.0,1.3571,5.7071,0.4688,5.6263,23.3563,10.2949
31925.0,1.3617,6.1329,0.498,4.7286,22.9193,10.2676
31930.0,1.3633,5.6343,0.4785,4.0239,22.6938,10.2812
31935.0,1.3561,5.7687,0.4883,4.9588,23.6583,10.2539
31940.0,1.3569,5.3736,0.5176,6.9291,23.5604,10.2539
31945.0,1.3587,5.6391,0.4883,5.9273,23.3821,10.2402
31950.0,1.3581,5.6404,0.4883,5.4403,23.3422,10.2676
31955.0,1.3607,5.6395,0.4883,5.606,23.0045,10.2676
31960.0,1.3568,5.5997,0.498,4.5728,23.4656,10.2812
31965.0,1.3567,5.5769,0.4785,4.5572,23.4195,10.2949
31970.0,1.3587,5.4698,0.4883,3.9493,23.1822,10.2812
31975.0,1.3592,6.0239,0.4785,5.2682,23.2129,10.2676
31980.0,1.3585,6.0927,0.4688,3.2648,23.2604,10.2676
31985.0,1.3583,4.8772,0.4883,4.7248,23.1838,10.2949
31990.0,1.3582,5.884,0.459,4.91,23.0666,10.3223
31995.0,1.357,5.9929,0.4883,5.2093,23.2636,10.3223
32000.0,1.3592,5.2968,0.4688,4.6736,22.9656,10.3223
32005.0,1.3614,5.3237,0.4883,6.5246,22.6456,10.3359
32010.0,1.3551,5.5487,0.4785,4.4208,23.2538,10.377
32015.0,1.3531,5.8775,0.4688,5.3979,23.6289,10.3496
32020.0,1.357,5.6248,0.4883,5.2033,23.0922,10.3496
32025.0,1.3555,5.4037,0.4785,5.8264,23.3327,10.3496
32030.0,1.3595,5.9236,0.4785,5.3585,22.7902,10.3496
32035.0,1.3547,5.2458,0.4785,3.8951,23.3741,10.3633
32040.0,1.3583,5.9999,0.4883,5.9434,22.9086,10.3633
32045.0,1.3574,4.9236,0.4785,4.5802,23.2054,10.3223
32050.0,1.3588,5.3846,0.4883,3.7866,23.0618,10.3086
32055.0,1.3613,5.9239,0.5176,6.9939,22.7539,10.3086
32060.0,1.3539,5.5096,0.4785,4.2446,23.5752,10.3359
32065.0,1.3577,5.4907,0.4785,5.6122,23.178,10.3086
32070.0,1.3584,5.4113,0.498,5.5559,23.1782,10.2949
32075.0,1.3558,5.2897,0.4883,6.2556,23.5261,10.2949
32080.0,1.3587,5.6938,0.4883,4.8709,23.2143,10.2812
32085.0,1.3636,5.7872,0.4883,3.3924,22.5713,10.2949
32090.0,1.358,5.2837,0.5078,3.6922,23.2206,10.2949
32095.0,1.3574,6.1608,0.4785,4.4669,23.1101,10.3359
32100.0,1.3586,5.1581,0.4883,6.7097,22.9914,10.3359
32105.0,1.3562,5.5668,0.4688,4.3169,23.1693,10.3496
32110.0,1.3563,5.7294,0.4688,2.5351,23.2039,10.3496
32115.0,1.3547,5.6084,0.498,4.6652,23.4056,10.3496
32120.0,1.3549,5.4757,0.4785,5.0669,23.3542,10.3496
32125.0,1.3557,5.3382,0.4883,4.4991,23.2821,10.3496
32130.0,1.3572,5.1143,0.4883,6.6706,23.0318,10.3633
32135.0,1.3576,5.6503,0.4883,4.2596,22.9059,10.377
32140.0,1.3533,5.3696,0.4883,4.8803,23.4477,10.377
32145.0,1.3534,5.9659,0.498,5.4511,23.4567,10.377
32150.0,1.3569,5.2089,0.498,4.534,22.8407,10.4043
32155.0,1.3556,5.546,0.4785,5.6901,22.998,10.418
32160.0,1.3543,5.8336,0.4883,5.2225,23.1443,10.418
32165.0,1.3564,5.9137,0.4785,5.1143,22.9596,10.4043
32170.0,1.3547,5.5606,0.5078,5.4925,23.1375,10.4043
32175.0,1.3538,5.5813,0.5078,5.0702,23.2278,10.418
32180.0,1.3554,5.9739,0.4688,5.5746,23.0119,10.418
32185.0,1.3541,5.3689,0.4785,5.1006,23.1221,10.4316
32190.0,1.3569,5.1937,0.4785,5.6187,22.7641,10.4316
32195.0,1.3525,5.3885,0.5078,5.6377,23.409,10.418
32200.0,1.3518,5.0679,0.498,5.5779,23.4668,10.4316
32205.0,1.3506,5.4417,0.4785,5.5732,23.6301,10.4316
32210.0,1.3505,5.4217,0.4785,5.11,23.5398,10.459
32215.0,1.35,5.4852,0.4688,3.8043,23.745,10.4316
32220.0,1.3547,5.6063,0.4883,6.1592,23.1279,10.418
32225.0,1.3544,5.8197,0.4785,5.1906,23.1298,10.418
32230.0,1.3548,5.8904,0.4785,5.2989,23.0902,10.418
32235.0,1.3536,5.796,0.5078,6.0695,23.2587,10.418
32240.0,1.3532,5.6644,0.4785,4.4641,23.3502,10.4043
32245.0,1.3536,5.4206,0.4883,3.4775,23.3708,10.3906
32250.0,1.3546,5.5252,0.4785,4.4453,23.3742,10.3633
32255.0,1.3535,5.5286,0.4785,4.9402,23.541,10.3633
32260.0,1.3525,6.0906,0.4688,5.4885,23.69,10.3633
32265.0,1.3581,5.4578,0.4785,4.6718,22.9711,10.3496
32270.0,1.3589,5.8221,0.498,6.1646,22.9089,10.3359
32275.0,1.355,5.4182,0.459,5.7318,23.3506,10.3496
32280.0,1.3544,5.8236,0.4688,5.1973,23.468,10.3496
32285.0,1.3548,5.1913,0.4883,4.4844,23.3308,10.3633
32290.0,1.3558,4.9161,0.498,6.0852,23.1747,10.3633
32295.0,1.3549,5.7392,0.498,5.2196,23.1539,10.4043
32300.0,1.3552,5.673,0.498,5.391,23.1144,10.4043
32305.0,1.3517,5.8011,0.4688,4.7521,23.6583,10.3906
32310.0,1.3498,5.2355,0.498,5.0782,23.9232,10.4043
32315.0,1.3547,5.6356,0.498,4.2136,23.2765,10.377
32320.0,1.3554,5.7992,0.4785,4.5634,23.1339,10.3906
32325.0,1.3554,5.4599,0.4688,5.0726,23.1391,10.3906
32330.0,1.3526,5.7547,0.498,6.0633,23.4423,10.4043
32335.0,1.3553,5.3402,0.498,4.2665,23.1142,10.4043
32340.0,1.3524,5.529,0.498,4.8236,23.5004,10.4043
32345.0,1.3528,5.479,0.459,4.8126,23.4808,10.3906
32350.0,1.3525,5.3385,0.4785,4.9032,23.5149,10.3906
32355.0,1.3534,5.8043,0.4883,5.644,23.4214,10.3906
32360.0,1.3567,5.5024,0.4785,4.9196,22.9807,10.3906
32365.0,1.352,5.3677,0.4883,5.5927,23.5751,10.4043
32370.0,1.3554,5.4444,0.4883,5.2841,23.0097,10.418
32375.0,1.3506,5.5961,0.498,5.2044,23.6895,10.418
32380.0,1.3519,5.2673,0.4883,4.8538,23.5686,10.4043
32385.0,1.3513,5.3985,0.4883,4.9972,23.7536,10.3906
32390.0,1.3524,5.4002,0.4785,5.8342,23.5278,10.3906
32395.0,1.3557,6.3535,0.4785,4.3466,23.0926,10.3906
32400.0,1.3507,5.6784,0.498,5.833,23.7646,10.4043
32405.0,1.3505,5.5736,0.5078,5.7215,23.6898,10.418
32410.0,1.3556,5.3782,0.498,4.6298,23.1198,10.3906
32415.0,1.3517,5.4345,0.4883,5.1062,23.6524,10.3906
32420.0,1.3539,5.36,0.498,4.8134,23.4003,10.377
32425.0,1.3507,5.7835,0.4883,4.2348,23.8715,10.377
32430.0,1.3544,5.0559,0.4688,5.3566,23.3345,10.377
32435.0,1.3549,5.7378,0.4785,5.783,23.2901,10.377
32440.0,1.3544,6.144,0.4785,6.428,23.3235,10.377
32445.0,1.3528,5.4913,0.4785,4.5166,23.5958,10.3633
32450.0,1.3533,6.0919,0.4785,5.3103,23.5309,10.3633
32455.0,1.3558,5.7735,0.4688,4.8113,23.0926,10.3906
32460.0,1.3563,5.5338,0.4883,4.1633,23.0351,10.3906
32465.0,1.3547,5.5036,0.4883,5.0768,23.34,10.3633
32470.0,1.3513,5.8834,0.4785,4.3297,23.859,10.3633
32475.0,1.3529,5.7457,0.498,6.3833,23.6074,10.3633
32480.0,1.3545,5.3838,0.4785,4.5871,23.5061,10.3359
32485.0,1.3565,5.5593,0.498,6.053,23.3933,10.3086
32490.0,1.3547,5.275,0.4688,5.2236,23.6379,10.2949
32495.0,1.357,6.1046,0.4785,5.3765,23.354,10.2949
32500.0,1.355,5.4611,0.4785,4.9314,23.4668,10.3223
32505.0,1.3579,5.7913,0.4785,4.1434,23.1681,10.3086
32510.0,1.3567,5.9866,0.4688,4.9803,23.337,10.3086
32515.0,1.3552,5.2307,0.4688,4.3845,23.5371,10.3086
32520.0,1.3548,5.7752,0.4688,5.1689,23.5651,10.3086
32525.0,1.3544,5.577,0.4785,5.4885,23.5349,10.3359
32530.0,1.3556,6.3302,0.4883,5.8161,23.4115,10.3223
32535.0,1.3545,5.7837,0.4785,4.4577,23.5629,10.3223
32540.0,1.3526,5.6677,0.4883,5.8869,23.7309,10.3496
32545.0,1.3544,5.3605,0.4785,4.8,23.4495,10.3496
32550.0,1.3531,5.0029,0.4883,4.5791,23.6605,10.3496
32555.0,1.3537,5.5658,0.4883,6.1098,23.5681,10.3496
32560.0,1.3549,5.2392,0.498,5.6516,23.4881,10.3223
32565.0,1.3552,5.7801,0.498,4.9443,23.4697,10.3223
32570.0,1.3528,5.2787,0.4883,6.1247,23.7186,10.3359
32575.0,1.3545,5.5505,0.4785,5.5843,23.5763,10.3223
32580.0,1.3535,6.142,0.4883,5.3473,23.7609,10.3086
32585.0,1.3533,5.7097,0.4883,4.3031,23.8022,10.3086
32590.0,1.3564,5.6543,0.4883,6.4375,23.3209,10.3223
32595.0,1.3565,5.5108,0.4785,5.364,23.2892,10.3223
32600.0,1.3545,5.6247,0.4785,4.8013,23.4578,10.3496
32605.0,1.352,6.1865,0.4785,6.7091,23.8035,10.3496
32610.0,1.352,5.81,0.4785,5.9829,23.6939,10.377
32615.0,1.3496,5.7595,0.4785,5.8418,24.0222,10.377
32620.0,1.3513,5.6179,0.4883,4.7365,23.742,10.3906
32625.0,1.3511,5.6132,0.4785,5.1022,23.8156,10.377
32630.0,1.3518,5.6914,0.4883,5.1517,23.7139,10.377
32635.0,1.3531,5.3365,0.4883,4.2386,23.4943,10.377
32640.0,1.3522,5.8951,0.4883,4.4776,23.5588,10.3906
32645.0,1.3521,5.1721,0.4883,6.1396,23.5718,10.3906
32650.0,1.3499,5.6038,0.4883,4.8334,23.8631,10.4043
32655.0,1.3509,5.1369,0.4785,5.685,23.5204,10.4453
32660.0,1.3493,5.4481,0.4883,4.0098,23.8867,10.4316
32665.0,1.3479,5.222,0.5078,6.5091,24.1429,10.418
32670.0,1.3527,5.8869,0.4785,5.0417,23.4632,10.4043
32675.0,1.3502,5.1722,0.4785,4.1073,23.7977,10.4043
32680.0,1.3514,5.7426,0.4785,4.3484,23.596,10.418
32685.0,1.3518,5.3283,0.4688,6.0787,23.5034,10.418
32690.0,1.3519,5.2653,0.5176,5.5887,23.519,10.418
32695.0,1.3509,5.3261,0.498,5.8857,23.5288,10.4453
32700.0,1.3491,5.2917,0.4688,4.4654,23.7634,10.459
32705.0,1.3499,4.8402,0.498,5.2606,23.7274,10.4316
32710.0,1.3497,5.1341,0.4883,5.389,23.8551,10.418
32715.0,1.35,5.05,0.5078,4.764,23.6826,10.4453
32720.0,1.3508,5.4226,0.5078,7.639,23.5538,10.4453
32725.0,1.3495,5.2669,0.498,5.0745,23.6733,10.459
32730.0,1.3508,5.9685,0.459,5.105,23.4956,10.459
32735.0,1.3496,5.572,0.4688,4.7146,23.6187,10.4727
32740.0,1.3499,5.3147,0.4883,4.9941,23.6389,10.459
32745.0,1.3479,6.0069,0.4883,4.4599,23.8173,10.4863
32750.0,1.3499,5.4006,0.4883,5.3964,23.4697,10.5
32755.0,1.3485,5.3463,0.498,5.3087,23.6892,10.5
32760.0,1.3492,4.992,0.4785,5.5521,23.5013,10.5137
32765.0,1.3479,5.2303,0.4688,4.0751,23.6402,10.5273
32770.0,1.3481,4.8354,0.498,7.1198,23.8049,10.4863
32775.0,1.3492,5.0093,0.4785,4.287,23.5118,10.5137
32780.0,1.3478,5.0713,0.4883,5.2486,23.7866,10.5
32785.0,1.3496,5.9583,0.4883,5.3738,23.552,10.4863
32790.0,1.348,4.569,0.4688,6.0854,23.9084,10.4727
32795.0,1.3511,5.7113,0.459,4.8431,23.3623,10.4727
32800.0,1.3471,5.9438,0.498,3.5793,23.9234,10.5
32805.0,1.3476,5.733,0.459,3.9605,23.8876,10.4863
32810.0,1.3509,5.5853,0.498,5.9903,23.3572,10.4863
32815.0,1.3481,5.3054,0.4883,5.6143,23.877,10.4727
32820.0,1.3513,5.6712,0.4688,4.821,23.5026,10.4453
32825.0,1.3505,5.8007,0.4688,4.4348,23.6222,10.4316
32830.0,1.3504,4.8502,0.4883,4.8228,23.6619,10.4316
32835.0,1.3481,5.4644,0.4688,5.7701,24.0696,10.4316
32840.0,1.3529,5.6249,0.4688,4.5049,23.274,10.4316
32845.0,1.3507,5.5199,0.4883,5.4207,23.528,10.4453
32850.0,1.3493,5.4467,0.4785,4.8264,23.7143,10.459
32855.0,1.3478,5.423,0.4785,3.5126,23.938,10.459
32860.0,1.3518,5.4894,0.4883,4.124,23.3979,10.4453
32865.0,1.35,5.1561,0.4785,4.5413,23.7335,10.4316
32870.0,1.3512,5.6319,0.498,4.7102,23.4391,10.459
32875.0,1.3495,5.3072,0.4883,5.4303,23.7452,10.4453
32880.0,1.3517,5.2664,0.4883,6.6377,23.3322,10.459
32885.0,1.3483,5.361,0.498,4.5379,23.8032,10.4727
32890.0,1.3481,5.6698,0.498,6.2957,23.7534,10.5
32895.0,1.3484,5.0525,0.4883,4.1961,23.6847,10.5
32900.0,1.3487,5.3242,0.498,4.2328,23.6345,10.5
32905.0,1.3477,5.3082,0.4688,3.4295,23.7642,10.5137
32910.0,1.3467,5.5038,0.4785,4.2801,23.9015,10.5137
32915.0,1.3476,5.556,0.5078,5.8666,23.7067,10.5273
32920.0,1.3482,5.2231,0.5078,5.4615,23.429,10.5684
32925.0,1.3481,5.4668,0.498,4.8351,23.4633,10.5684
32930.0,1.3466,5.0842,0.4688,5.6203,23.6776,10.5684
32935.0,1.3457,5.8574,0.4883,5.9956,23.8171,10.582
32940.0,1.3488,5.4406,0.4883,4.7708,23.241,10.582
32945.0,1.3448,5.9047,0.5078,5.1084,23.9768,10.582
32950.0,1.3476,5.062,0.498,5.0327,23.6312,10.541
32955.0,1.3451,5.2097,0.4883,5.3559,24.0213,10.5547
32960.0,1.3456,5.8153,0.4883,5.37,24.0736,10.5273
32965.0,1.3482,5.8819,0.4785,5.4137,23.6559,10.5137
32970.0,1.3485,5.7617,0.4883,4.8807,23.5954,10.5137
32975.0,1.3484,4.6509,0.4785,5.0862,23.7198,10.5
32980.0,1.3483,5.1913,0.4688,4.4907,23.6773,10.5
32985.0,1.3472,6.004,0.4785,5.0526,23.8346,10.5137
32990.0,1.3497,5.7751,0.4883,4.0675,23.3962,10.5137
32995.0,1.3497,5.5498,0.4883,4.5885,23.3336,10.5273
33000.0,1.3472,5.2621,0.4883,5.2974,23.7751,10.5273
33005.0,1.3479,5.3472,0.4883,5.4722,23.6503,10.5273
33010.0,1.3496,5.3423,0.4688,4.4512,23.283,10.541
33015.0,1.3459,5.3258,0.4883,3.4107,23.8497,10.5547
33020.0,1.3459,5.2206,0.4883,4.9578,23.8781,10.5547
33025.0,1.3469,5.2302,0.4883,5.866,23.6161,10.5684
33030.0,1.3474,5.2544,0.4785,4.7211,23.4236,10.5957
33035.0,1.3454,5.7777,0.4785,5.3013,23.7453,10.6094
33040.0,1.3455,5.4121,0.4785,5.1302,23.7755,10.5957
33045.0,1.3467,5.2289,0.498,7.6624,23.4814,10.6094
33050.0,1.3458,5.8763,0.498,4.8899,23.6419,10.6094
33055.0,1.3478,5.4242,0.459,4.0575,23.4117,10.5957
33060.0,1.347,5.5012,0.4883,3.84,23.4118,10.6094
33065.0,1.3442,5.0364,0.4883,5.6228,23.8202,10.6367
33070.0,1.3448,4.8673,0.4785,3.3995,23.7372,10.6367
33075.0,1.3454,5.2835,0.4688,4.9966,23.6232,10.6367
33080.0,1.3449,5.2003,0.4785,5.3619,23.7085,10.6367
33085.0,1.3455,5.0945,0.4785,5.3535,23.5887,10.6367
33090.0,1.3448,5.9159,0.4785,5.1301,23.6944,10.6367
33095.0,1.3462,5.6952,0.4883,4.0741,23.472,10.6367
33100.0,1.3426,4.6676,0.4785,4.2042,24.1029,10.6504
33105.0,1.3467,5.431,0.498,5.9886,23.4213,10.623
33110.0,1.344,5.3724,0.4688,5.4453,23.8008,10.6504
33115.0,1.3449,4.9754,0.498,5.8922,23.6236,10.6504
33120.0,1.3435,5.499,0.5078,5.7254,23.939,10.6504
33125.0,1.3428,5.3911,0.498,5.4024,23.889,10.6914
33130.0,1.343,5.5269,0.498,4.5261,23.7589,10.7051
33135.0,1.3476,5.2427,0.4785,5.6635,22.9126,10.7051
33140.0,1.3435,5.7445,0.5078,6.7699,23.5646,10.7324
33145.0,1.3422,5.4393,0.4688,4.4492,23.9323,10.7051
33150.0,1.3439,5.0883,0.498,5.4931,23.6111,10.7051
33155.0,1.3443,5.5392,0.4785,4.6063,23.6092,10.6914
33160.0,1.3454,5.6111,0.498,6.0592,23.4882,10.6641
33165.0,1.3451,5.0109,0.498,5.8154,23.5947,10.6504
33170.0,1.3445,5.1928,0.4883,4.9884,23.595,10.6777
33175.0,1.3438,4.9478,0.4883,5.5321,23.7727,10.6641
33180.0,1.3442,5.2563,0.4883,4.6375,23.6769,10.6777
33185.0,1.3482,4.7569,0.4883,5.3666,23.0606,10.6504
33190.0,1.3488,5.1605,0.498,5.0607,22.9679,10.6504
33195.0,1.3469,6.2814,0.4785,6.0469,23.2704,10.6504
33200.0,1.3444,5.4464,0.4883,6.8047,23.822,10.6367
33205.0,1.3467,5.4109,0.498,4.8979,23.4666,10.623
33210.0,1.3446,5.1185,0.4785,3.4264,23.7839,10.623
33215.0,1.3469,5.2336,0.4883,5.0994,23.3101,10.6504
33220.0,1.3451,5.3855,0.4785,5.1339,23.5776,10.6641
33225.0,1.3453,5.5496,0.498,5.588,23.4717,10.6777
33230.0,1.3456,5.565,0.4883,5.5813,23.4742,10.6641
33235.0,1.3453,4.5006,0.4883,4.6082,23.534,10.6641
33240.0,1.3445,5.9611,0.5078,6.0979,23.7464,10.6504
33245.0,1.3465,5.3137,0.498,4.1249,23.4225,10.6367
33250.0,1.3443,5.1332,0.4883,5.2833,23.7887,10.6367
33255.0,1.3453,5.6993,0.498,4.9532,23.682,10.623
33260.0,1.3477,5.2078,0.4785,4.8098,23.2932,10.623
33265.0,1.3469,5.5209,0.4883,4.383,23.3903,10.623
33270.0,1.3468,5.571,0.4883,5.255,23.4334,10.623
33275.0,1.345,5.6713,0.4785,5.2195,23.724,10.623
33280.0,1.3438,4.8582,0.4883,4.8723,23.9102,10.6367
33285.0,1.3444,5.0942,0.459,5.1619,23.7531,10.6504
33290.0,1.3462,5.7303,0.498,6.0268,23.3627,10.6641
33295.0,1.3459,5.5998,0.4785,5.6426,23.5868,10.623
33300.0,1.3453,5.1637,0.4785,4.5967,23.6183,10.6367
33305.0,1.3442,5.2039,0.4883,3.7533,23.896,10.623
33310.0,1.3456,5.2085,0.4785,5.6986,23.5106,10.6504
33315.0,1.3462,5.6336,0.4688,4.8005,23.3016,10.6777
33320.0,1.3445,5.623,0.4883,5.2746,23.5358,10.6914
33325.0,1.3451,5.6534,0.4785,6.5924,23.4121,10.6914
33330.0,1.3463,5.6655,0.4688,4.5732,23.2046,10.6914
33335.0,1.3443,5.1276,0.4883,5.9148,23.4963,10.7188
33340.0,1.341,4.9211,0.4785,5.4024,24.0696,10.7324
33345.0,1.3425,5.8711,0.4785,6.4821,23.7039,10.7461
33350.0,1.3462,5.6905,0.4785,6.1801,23.0036,10.7461
33355.0,1.3426,5.5891,0.4883,5.1779,23.6529,10.7598
33360.0,1.344,5.0899,0.498,4.4359,23.4121,10.7461
33365.0,1.3447,5.1079,0.498,4.7845,23.3112,10.7461
33370.0,1.3457,5.4272,0.4785,4.0193,23.1606,10.7324
33375.0,1.3423,5.2028,0.4785,5.064,23.7922,10.7324
33380.0,1.3456,4.7793,0.4883,6.2041,23.2083,10.7188
33385.0,1.3453,5.1148,0.4785,5.0754,23.313,10.7188
33390.0,1.3448,4.9563,0.498,5.5011,23.4137,10.7051
33395.0,1.3463,5.3446,0.4785,5.9206,23.0826,10.7188
33400.0,1.343,5.4178,0.5078,5.0816,23.7136,10.7188
33405.0,1.346,5.5315,0.4883,4.7133,23.2401,10.7051
33410.0,1.3449,5.7415,0.498,5.7468,23.3929,10.7051
33415.0,1.3436,5.0899,0.4883,5.6243,23.6056,10.7188
33420.0,1.3439,5.2486,0.4785,5.1538,23.5257,10.7188
33425.0,1.3423,5.5847,0.5078,5.1785,23.8185,10.7324
33430.0,1.3447,5.2111,0.4883,6.4249,23.3962,10.7188
33435.0,1.3444,4.826,0.4883,5.6206,23.3854,10.7324
33440.0,1.3435,5.4304,0.4883,5.7182,23.5189,10.7461
33445.0,1.3421,5.1084,0.5078,4.1564,23.7466,10.7598
33450.0,1.3438,4.9891,0.4688,6.0898,23.3478,10.7734
33455.0,1.343,5.7862,0.4785,3.2709,23.5722,10.7598
33460.0,1.3437,5.4894,0.4883,5.1389,23.4436,10.7461
33465.0,1.3451,5.0968,0.4785,3.5656,23.193,10.7461
33470.0,1.3425,5.5998,0.4883,4.5171,23.659,10.7598
33475.0,1.3437,5.0026,0.4883,5.4643,23.3959,10.7598
33480.0,1.3431,5.0881,0.4688,4.9429,23.5754,10.7461
33485.0,1.3433,5.3143,0.4785,5.9078,23.5641,10.7461
33490.0,1.3425,5.3964,0.4883,4.3538,23.6932,10.7461
33495.0,1.3471,5.1026,0.4785,4.5363,22.8002,10.7598
33500.0,1.3434,5.79,0.5176,4.7484,23.4937,10.7598
33505.0,1.3427,5.2642,0.4785,6.2778,23.5571,10.7734
33510.0,1.3454,5.3224,0.4883,3.9066,23.0843,10.7598
33515.0,1.3466,5.4288,0.498,6.1044,22.9067,10.7598
33520.0,1.3442,5.3495,0.4883,5.3264,23.332,10.7598
33525.0,1.3427,5.0475,0.4785,3.2621,23.5539,10.7734
33530.0,1.3428,5.0053,0.4785,5.457,23.5322,10.7734
33535.0,1.3439,4.9816,0.4688,5.34,23.3776,10.7598
33540.0,1.3442,5.403,0.4785,4.1654,23.322,10.7598
33545.0,1.3439,5.4628,0.498,5.2633,23.3323,10.7734
33550.0,1.3441,5.3801,0.5078,6.0063,23.2552,10.7734
33555.0,1.3427,5.2797,0.4785,4.2053,23.6182,10.7598
33560.0,1.345,4.885,0.4688,4.8143,23.1645,10.7598
33565.0,1.3465,5.5532,0.4785,5.059,22.9815,10.7461
33570.0,1.3457,5.3563,0.4883,4.2783,23.0642,10.7598
33575.0,1.3467,4.6052,0.4785,4.3974,22.9214,10.7461
33580.0,1.3439,5.0927,0.4688,3.8385,23.4164,10.7461
33585.0,1.3429,5.4221,0.4883,3.9029,23.6726,10.7324
33590.0,1.3442,5.2346,0.4785,5.1106,23.4461,10.7324
33595.0,1.3465,5.358,0.4785,5.9234,23.1,10.7188
33600.0,1.3439,6.0494,0.4883,5.6346,23.6194,10.7051
33605.0,1.3447,5.6581,0.498,5.6304,23.41,10.7188
33610.0,1.3449,5.1044,0.4688,4.2161,23.3462,10.7188
33615.0,1.3477,5.4496,0.4785,5.548,22.9197,10.7051
33620.0,1.3462,5.4432,0.4785,5.5561,23.035,10.7324
33625.0,1.3458,5.6584,0.498,4.6811,23.1431,10.7324
33630.0,1.344,5.5948,0.4688,5.2536,23.3748,10.7461
33635.0,1.3465,5.5995,0.4785,3.9322,22.898,10.7598
33640.0,1.3441,5.3892,0.4883,3.5517,23.2732,10.7734
33645.0,1.3437,4.8466,0.4688,4.6248,23.3392,10.7734
33650.0,1.3446,5.4811,0.4688,3.1786,23.1395,10.7871
33655.0,1.3441,5.1821,0.4785,3.9434,23.2158,10.7871
33660.0,1.3433,5.54,0.4883,4.7664,23.3326,10.8008
33665.0,1.3427,5.1196,0.4883,3.9873,23.424,10.8008
33670.0,1.3423,5.0601,0.4883,4.5459,23.5315,10.8008
33675.0,1.3441,5.4952,0.4883,4.2314,23.2199,10.7871
33680.0,1.3432,5.072,0.4785,6.0254,23.4752,10.7734
33685.0,1.3451,5.3124,0.4688,4.5308,23.0671,10.7871
33690.0,1.3423,5.0836,0.4883,4.8347,23.486,10.8008
33695.0,1.344,5.1955,0.4883,5.3011,23.1131,10.8145
33700.0,1.3421,5.52,0.4688,5.6159,23.4746,10.8145
33705.0,1.3431,5.3663,0.498,4.6684,23.2733,10.8281
33710.0,1.3411,5.3438,0.4883,5.3929,23.6627,10.8281
33715.0,1.3444,5.6967,0.498,6.1984,23.1289,10.8008
33720.0,1.343,5.2797,0.4883,5.1439,23.3079,10.8145
33725.0,1.3435,4.8107,0.4785,3.6959,23.2383,10.8145
33730.0,1.3425,5.1695,0.4688,5.4382,23.3474,10.8281
33735.0,1.3421,5.3764,0.5078,6.334,23.424,10.8281
33740.0,1.3431,4.8422,0.4883,4.3031,23.2575,10.8281
33745.0,1.3434,5.0816,0.4688,4.4175,23.238,10.8145
33750.0,1.3441,4.8991,0.4785,5.5162,23.0663,10.8281
33755.0,1.3428,5.717,0.4785,4.2779,23.3849,10.8145
33760.0,1.3417,4.9112,0.498,5.8333,23.616,10.8145
33765.0,1.3444,5.5656,0.5078,6.2577,23.0528,10.8145
33770.0,1.3438,5.5688,0.498,5.3892,23.16,10.8145
33775.0,1.3418,5.0589,0.4883,5.0669,23.5103,10.8281
33780.0,1.3434,5.4677,0.4883,5.7799,23.2132,10.8281
33785.0,1.3409,5.0164,0.4883,6.3335,23.6467,10.8418
33790.0,1.3415,5.4475,0.4785,5.7286,23.5339,10.8418
33795.0,1.3422,5.4321,0.4688,3.3637,23.4963,10.8145
33800.0,1.3424,5.1653,0.4785,5.2344,23.4302,10.8145
33805.0,1.3439,5.209,0.4883,6.0479,23.2101,10.8008
33810.0,1.3441,5.2973,0.4883,4.547,23.1951,10.8008
33815.0,1.343,5.5883,0.459,5.4398,23.2902,10.8281
33820.0,1.3431,5.0734,0.4785,4.8035,23.3109,10.8145
33825.0,1.3445,5.8374,0.4883,4.6948,23.0687,10.8145
33830.0,1.3455,5.0632,0.4883,4.9687,22.9187,10.8008
33835.0,1.3434,5.1465,0.4883,5.3142,23.2604,10.8145
33840.0,1.342,4.9337,0.4785,5.5277,23.4868,10.8281
33845.0,1.3411,5.2923,0.4688,5.4761,23.7443,10.8145
33850.0,1.346,5.5802,0.4785,4.2299,22.8934,10.7871
33855.0,1.3451,5.128,0.498,6.7391,23.1325,10.7598
33860.0,1.3432,5.2936,0.4883,6.0275,23.4232,10.7734
33865.0,1.3436,4.8466,0.4785,3.9637,23.431,10.7598
33870.0,1.3447,5.7815,0.4883,6.3338,23.3831,10.7188
33875.0,1.3467,5.7929,0.4883,6.2949,22.9139,10.7461
33880.0,1.3435,5.3302,0.4688,4.5365,23.5881,10.7324
33885.0,1.3435,4.7235,0.4883,5.7096,23.5778,10.7324
33890.0,1.3464,5.5448,0.4785,5.1037,23.0143,10.7324
33895.0,1.3432,5.2959,0.498,6.0688,23.5539,10.7461
33900.0,1.3457,5.3718,0.4785,4.1593,23.0889,10.7461
33905.0,1.3451,5.7898,0.4883,5.0587,23.2967,10.7188
33910.0,1.3438,5.583,0.4688,5.6089,23.5251,10.7324
33915.0,1.3463,5.3645,0.4883,4.7729,23.0376,10.7324
33920.0,1.3439,5.2669,0.498,5.4237,23.395,10.7461
33925.0,1.3436,5.304,0.4883,5.8197,23.4111,10.7598
33930.0,1.3431,5.0032,0.4785,4.3377,23.4559,10.7734
33935.0,1.3457,5.739,0.4883,6.3,22.9664,10.7734
33940.0,1.3434,4.9068,0.498,6.9374,23.3036,10.8008
33945.0,1.3424,5.6531,0.4785,5.5498,23.5734,10.7871
33950.0,1.3443,5.6631,0.498,4.356,23.3141,10.7598
33955.0,1.3458,5.7545,0.4688,5.1456,22.9818,10.7734
33960.0,1.3461,5.3725,0.5078,5.345,23.0968,10.7324
33965.0,1.3453,5.423,0.4883,5.7287,23.1278,10.7598
33970.0,1.3433,5.1386,0.4883,5.3533,23.4568,10.7734
33975.0,1.3436,5.7439,0.4785,3.7803,23.4347,10.7598
33980.0,1.3427,5.6716,0.4883,5.9512,23.7149,10.7324
33985.0,1.3438,5.2598,0.4883,5.0458,23.5367,10.7324
33990.0,1.3456,5.5532,0.498,4.6145,23.1447,10.7324
33995.0,1.344,5.5733,0.4785,3.7924,23.5135,10.7188
34000.0,1.3436,4.831,0.498,5.0812,23.7006,10.6914
34005.0,1.3434,5.6115,0.498,4.7335,23.6883,10.7051
34010.0,1.3453,4.9118,0.5078,6.8313,23.3399,10.7051
34015.0,1.3464,5.2995,0.5078,4.952,23.1162,10.7188
34020.0,1.3452,5.6156,0.4785,3.8044,23.2321,10.7324
34025.0,1.3462,4.7101,0.4883,4.8588,23.1382,10.7188
34030.0,1.3421,5.2221,0.4883,4.7767,23.8017,10.7461
34035.0,1.3451,5.1801,0.4785,4.9472,23.1907,10.7461
34040.0,1.3462,5.3331,0.4785,4.397,22.9448,10.7598
34045.0,1.3453,4.9838,0.4883,5.0738,23.0489,10.7734
34050.0,1.344,5.2266,0.4883,6.1034,23.2737,10.7734
34055.0,1.3436,5.0471,0.4883,4.7711,23.4148,10.7734
34060.0,1.3444,5.1881,0.498,5.4255,23.1789,10.7871
34065.0,1.3461,5.7058,0.4883,4.7716,22.8849,10.7871
34070.0,1.3432,5.0859,0.4883,4.8312,23.3732,10.7871
34075.0,1.3421,5.3851,0.4688,4.1661,23.5527,10.8008
34080.0,1.3432,5.3128,0.4883,4.8953,23.4336,10.7871
34085.0,1.3457,5.5544,0.498,5.7655,23.0192,10.7734
34090.0,1.3438,4.7308,0.498,4.8412,23.42,10.7598
34095.0,1.3438,5.8337,0.498,5.1265,23.3448,10.7734
34100.0,1.3445,5.9909,0.4883,5.8215,23.2903,10.7598
34105.0,1.3432,5.4322,0.4785,4.7993,23.4529,10.7734
34110.0,1.3431,5.4375,0.4785,5.274,23.4529,10.7734
34115.0,1.3453,5.2455,0.4883,5.6192,23.1579,10.7461
34120.0,1.3448,5.2543,0.4688,6.0156,23.2174,10.7598
34125.0,1.3427,5.65,0.4688,4.0598,23.6009,10.7598
34130.0,1.3438,5.6701,0.498,5.7574,23.4954,10.7324
34135.0,1.3458,5.2034,0.4883,6.1503,23.1153,10.7324
34140.0,1.344,5.2432,0.498,5.105,23.3916,10.7461
34145.0,1.3455,5.0912,0.4883,4.9311,23.1116,10.7598
34150.0,1.3412,5.2573,0.4785,5.6916,23.8734,10.7734
34155.0,1.3426,5.2593,0.4883,3.6167,23.6161,10.7598
34160.0,1.343,5.4593,0.4785,4.0902,23.5262,10.7598
34165.0,1.344,5.3227,0.498,6.1296,23.4093,10.7461
34170.0,1.3432,4.3949,0.4883,5.8901,23.4755,10.7734
34175.0,1.344,6.1868,0.4883,4.8285,23.1357,10.8145
34180.0,1.3423,5.2759,0.4785,5.8958,23.4501,10.8145
34185.0,1.3421,4.859,0.4785,4.2149,23.4836,10.8145
34190.0,1.3438,5.0317,0.4688,4.3889,23.1133,10.8281
34195.0,1.3418,5.3557,0.498,5.6748,23.5591,10.8145
34200.0,1.3435,5.3684,0.4883,5.2532,23.1851,10.8281
34205.0,1.3435,4.7252,0.4785,4.7021,23.3409,10.7871
34210.0,1.3414,5.0586,0.4883,4.3438,23.7036,10.8008
34215.0,1.3433,5.4157,0.4785,5.3193,23.2103,10.8281
34220.0,1.3416,5.3118,0.4688,3.8411,23.5528,10.8281
34225.0,1.3424,5.3707,0.4785,4.0239,23.4537,10.8145
34230.0,1.3413,4.9319,0.4883,4.6701,23.6699,10.8145
34235.0,1.3432,4.9908,0.498,6.592,23.3442,10.8008
34240.0,1.3401,4.964,0.4883,5.1673,23.9203,10.8281
34245.0,1.3416,5.0608,0.4883,3.8459,23.4875,10.8418
34250.0,1.3395,4.5377,0.4785,5.0749,23.9327,10.8555
34255.0,1.3415,5.5848,0.4883,5.7172,23.4556,10.8555
34260.0,1.34,5.1311,0.4883,4.636,23.7487,10.8691
34265.0,1.3405,4.8388,0.4785,4.553,23.6471,10.8691
34270.0,1.3405,5.1863,0.4883,3.8737,23.6667,10.8691
34275.0,1.3409,5.8254,0.4883,4.2496,23.5938,10.8555
34280.0,1.3408,5.3774,0.498,4.6043,23.6683,10.8418
34285.0,1.3414,5.4599,0.4785,3.9888,23.5068,10.8555
34290.0,1.3418,5.3079,0.4785,4.3232,23.4492,10.8418
34295.0,1.3416,5.6485,0.498,6.6379,23.5329,10.8418
34300.0,1.3402,5.0848,0.498,4.8206,23.7373,10.8555
34305.0,1.3409,5.4614,0.4883,4.6577,23.4926,10.8828
34310.0,1.3397,5.5886,0.4785,5.9714,23.6874,10.8965
34315.0,1.3396,5.0009,0.4785,5.039,23.6877,10.9102
34320.0,1.3387,5.2328,0.498,5.5454,23.9755,10.8965
34325.0,1.3414,5.365,0.4883,6.243,23.3465,10.8965
34330.0,1.3393,5.234,0.4883,4.7482,23.7188,10.9238
34335.0,1.3399,5.2057,0.4883,4.2401,23.6374,10.9102
34340.0,1.3382,5.303,0.4883,6.4923,23.9887,10.9102
34345.0,1.3396,4.8757,0.5078,5.7391,23.7452,10.8965
34350.0,1.3395,5.3936,0.4785,6.3063,23.6733,10.9102
34355.0,1.3384,5.4833,0.498,5.1782,23.9012,10.9238
34360.0,1.3398,5.4707,0.4688,4.113,23.5242,10.9375
34365.0,1.3387,5.6251,0.4883,6.5505,23.7204,10.9512
34370.0,1.3384,4.8144,0.4785,3.7686,23.7143,10.9785
34375.0,1.3378,5.0452,0.4883,5.6036,23.8308,10.9785
34380.0,1.3372,4.8826,0.4785,3.8481,23.9615,10.9922
34385.0,1.3377,4.9706,0.4883,3.2646,23.8912,10.9785
34390.0,1.337,4.9539,0.4883,5.6109,24.0558,10.9785
34395.0,1.3396,5.3952,0.5078,5.6557,23.3381,10.9922
34400.0,1.337,5.3117,0.4883,4.6109,23.9216,11.0195
34405.0,1.3386,5.5001,0.4883,6.2192,23.6144,10.9922
34410.0,1.3379,5.6999,0.498,4.0774,23.7262,11.0059
34415.0,1.3377,5.3532,0.498,3.804,23.7716,11.0059
34420.0,1.3382,4.459,0.4785,4.7383,23.6479,11.0059
34425.0,1.3386,5.0279,0.498,6.1382,23.5444,11.0059
34430.0,1.3389,4.9715,0.4883,6.1786,23.3976,11.0195
34435.0,1.3369,4.5291,0.4785,5.7455,23.8441,11.0469
34440.0,1.3367,5.4107,0.4785,6.5693,23.8533,11.0469
34445.0,1.3365,5.0049,0.4883,6.1789,23.856,11.0605
34450.0,1.3367,4.7392,0.4883,4.508,23.8756,11.0469
34455.0,1.3379,5.131,0.498,4.8741,23.4745,11.0605
34460.0,1.3357,5.2522,0.4883,6.145,24.1509,11.0469
34465.0,1.3368,5.1072,0.498,4.6085,23.8088,11.0605
34470.0,1.3358,5.4944,0.4883,4.771,24.0929,11.0605
34475.0,1.3345,5.5521,0.4883,5.2981,24.4216,11.0742
34480.0,1.3357,5.4635,0.4688,6.0405,24.0723,11.0742
34485.0,1.336,5.6646,0.4883,5.4586,23.9864,11.0742
34490.0,1.3371,5.324,0.498,4.5582,23.6606,11.0742
34495.0,1.3357,5.342,0.4883,5.5495,24.095,11.0605
34500.0,1.3366,5.4991,0.4785,3.723,23.911,11.0469
34505.0,1.3352,4.8149,0.5078,5.2599,24.1794,11.0742
34510.0,1.3369,5.5548,0.5078,4.9761,23.7132,11.0742
34515.0,1.3358,4.9506,0.4785,4.846,24.1204,11.0469
34520.0,1.3358,4.9982,0.4785,5.4812,24.1855,11.0332
34525.0,1.3374,4.852,0.4883,5.1867,23.6632,11.0469
34530.0,1.3358,5.3865,0.4785,4.1372,24.1728,11.0332
34535.0,1.336,5.6126,0.4883,5.6934,24.0369,11.0469
34540.0,1.3361,5.378,0.4785,6.6723,24.0426,11.0469
34545.0,1.3355,4.9754,0.498,4.2244,24.1244,11.0742
34550.0,1.3362,5.3785,0.498,4.9771,23.9691,11.0605
34555.0,1.336,4.6528,0.4883,4.738,24.0286,11.0605
34560.0,1.3343,4.7397,0.4785,4.4163,24.5139,11.0742
34565.0,1.3362,4.8479,0.4785,5.4995,23.9429,11.0605
34570.0,1.3352,5.3775,0.4785,5.6036,24.1853,11.0742
34575.0,1.3342,5.3316,0.4688,4.8141,24.4664,11.0879
34580.0,1.3359,5.4343,0.498,5.9841,24.0231,11.0742
34585.0,1.334,5.3547,0.4883,4.9431,24.6603,11.0605
34590.0,1.3351,5.4112,0.4785,4.8487,24.2342,11.0742
34595.0,1.3345,4.885,0.4785,5.4895,24.5136,11.0605
34600.0,1.335,5.4357,0.4785,5.0869,24.3823,11.0469
34605.0,1.3361,5.0952,0.4688,4.1894,23.9734,11.0605
34610.0,1.3353,5.2275,0.498,6.3584,24.1303,11.0879
34615.0,1.3346,5.0927,0.4785,5.5412,24.3966,11.0742
34620.0,1.3346,5.5197,0.4688,5.2636,24.3386,11.0879
34625.0,1.3361,4.5442,0.4785,5.5897,23.8927,11.0879
34630.0,1.3349,5.0606,0.498,3.934,24.2888,11.0742
34635.0,1.3349,4.6594,0.4785,5.2229,24.3226,11.0742
34640.0,1.3355,5.0281,0.4785,3.6546,24.0586,11.0879
34645.0,1.3349,5.2214,0.498,4.3621,24.263,11.0879
34650.0,1.335,5.0612,0.4785,3.7135,24.183,11.1016
34655.0,1.3356,5.096,0.4883,4.91,24.1133,11.0742
34660.0,1.3347,5.6852,0.498,5.2885,24.3846,11.0742
34665.0,1.3342,5.1057,0.4785,4.2689,24.4642,11.0879
34670.0,1.3353,5.3659,0.4785,4.6564,24.1229,11.0879
34675.0,1.3343,5.5959,0.4883,4.6648,24.5331,11.0742
34680.0,1.3354,4.9479,0.4883,4.3387,24.2038,11.0605
34685.0,1.3349,4.9949,0.498,5.7376,24.2727,11.0742
34690.0,1.3352,5.4395,0.4785,4.9319,24.1103,11.1016
34695.0,1.3338,5.6231,0.5176,5.5661,24.576,11.1016
34700.0,1.3339,4.9265,0.498,5.8714,24.5141,11.1016
34705.0,1.3339,5.1021,0.498,6.2686,24.6046,11.0879
34710.0,1.3352,4.9557,0.498,5.8805,24.1014,11.1016
34715.0,1.3331,4.8198,0.4688,5.168,24.8159,11.1152
34720.0,1.3336,5.122,0.4785,4.3235,24.7564,11.0742
34725.0,1.3359,4.9649,0.4785,6.2205,24.0079,11.0742
34730.0,1.3331,4.4076,0.498,6.3278,24.9507,11.0742
34735.0,1.3345,5.1296,0.4785,4.6393,24.4724,11.0742
34740.0,1.3341,5.3865,0.5078,5.3371,24.585,11.0742
34745.0,1.3343,5.1209,0.4883,4.3475,24.5149,11.0742
34750.0,1.3353,5.0722,0.4785,4.237,24.2137,11.0742
34755.0,1.3333,5.3604,0.4688,5.5154,24.7394,11.1016
34760.0,1.3337,4.9308,0.5078,4.0485,24.6398,11.1016
34765.0,1.3339,5.4392,0.4883,4.6432,24.5871,11.0879
34770.0,1.3332,5.3898,0.4688,4.9388,24.8267,11.0879
34775.0,1.3336,5.3442,0.498,6.3964,24.7791,11.0742
34780.0,1.3346,4.9212,0.498,4.4738,24.3442,11.0879
34785.0,1.3345,5.0949,0.4785,4.9768,24.392,11.0879
34790.0,1.3341,5.4796,0.4785,5.9371,24.4837,11.1016
34795.0,1.3324,4.685,0.4688,4.4251,25.1689,11.0879
34800.0,1.3332,4.7018,0.4785,5.5866,24.8982,11.0879
34805.0,1.3341,4.8702,0.5078,4.9526,24.4178,11.1152
34810.0,1.3334,5.1181,0.4785,4.7284,24.6134,11.1289
34815.0,1.3329,5.7105,0.4688,3.9952,24.7638,11.1289
34820.0,1.3338,5.1744,0.4688,4.9472,24.4487,11.1289
34825.0,1.3326,5.2601,0.498,4.0731,25.0269,11.1016
34830.0,1.3321,5.1914,0.498,5.5211,25.243,11.1016
34835.0,1.3332,5.1373,0.4883,5.1082,24.9169,11.0742
34840.0,1.334,5.1443,0.4883,5.1436,24.7037,11.0605
34845.0,1.3336,5.4047,0.498,6.8371,24.8299,11.0469
34850.0,1.3329,4.7209,0.4883,5.1591,25.2557,11.0332
34855.0,1.3339,5.2417,0.4883,4.9199,24.9301,11.0059
34860.0,1.3337,5.0093,0.4883,4.0335,25.088,10.9922
34865.0,1.3355,5.4063,0.498,6.016,24.5224,10.9785
34870.0,1.3339,5.6596,0.4883,6.2591,25.0757,10.9785
34875.0,1.3338,4.7514,0.4688,6.1067,25.0822,10.9785
34880.0,1.3339,4.9912,0.4785,5.7111,25.1922,10.9512
34885.0,1.3337,4.8004,0.4785,5.6725,25.3684,10.9238
34890.0,1.334,4.5666,0.4785,5.0047,25.2627,10.9238
34895.0,1.3342,5.1664,0.4883,4.5071,25.1088,10.9375
34900.0,1.3331,5.0508,0.4785,5.9307,25.4768,10.9512
34905.0,1.3343,5.0406,0.4785,5.6658,25.0663,10.9512
34910.0,1.3344,4.9868,0.4883,4.2873,25.0345,10.9375
34915.0,1.3346,4.8757,0.4785,5.3499,24.9432,10.9375
34920.0,1.3343,5.5601,0.4785,4.1147,25.0081,10.9512
34925.0,1.3341,4.9284,0.4688,4.3348,25.1321,10.9512
34930.0,1.3338,5.841,0.4785,5.2875,25.0693,10.9785
34935.0,1.3337,4.8517,0.4785,4.7092,25.0817,10.9922
34940.0,1.3338,5.2321,0.498,4.1053,25.123,10.9785
34945.0,1.3334,5.203,0.498,4.8552,25.1314,11.0059
34950.0,1.3335,5.579,0.498,3.607,25.0649,11.0059
34955.0,1.3344,4.933,0.4883,5.7693,24.6592,11.0195
34960.0,1.3322,5.3031,0.4883,5.3774,25.4706,11.0332
34965.0,1.3324,4.7891,0.4883,4.7762,25.3561,11.0469
34970.0,1.3331,5.3244,0.4785,5.3495,25.0704,11.0469
34975.0,1.3333,5.2029,0.5078,4.4561,24.9431,11.0469
34980.0,1.3336,5.7901,0.4883,5.0482,24.8577,11.0605
34985.0,1.3327,5.1139,0.4785,4.8694,25.1092,11.0742
34990.0,1.3319,5.2957,0.4883,4.1184,25.3264,11.1016
34995.0,1.3316,4.8508,0.4785,5.1906,25.5039,11.0879
35000.0,1.3319,4.9596,0.498,4.0467,25.4531,11.0742
35005.0,1.3327,5.5405,0.4785,4.882,25.22,11.0469
35010.0,1.332,4.686,0.4785,6.0217,25.4136,11.0742
35015.0,1.3325,4.7894,0.4785,5.2239,25.1687,11.0742
35020.0,1.3322,4.8828,0.498,5.8487,25.2285,11.0879
35025.0,1.3319,5.3219,0.4785,4.7509,25.3729,11.1016
35030.0,1.3319,5.0036,0.4883,5.1896,25.4072,11.0879
35035.0,1.3318,4.6605,0.4883,3.7369,25.3789,11.1016
35040.0,1.3324,5.0797,0.498,4.9097,24.9954,11.1289
35045.0,1.3311,4.9977,0.4688,5.4928,25.595,11.1289
35050.0,1.3312,5.3305,0.4883,4.4119,25.5422,11.1289
35055.0,1.3328,4.6665,0.4785,5.8831,24.9627,11.1016
35060.0,1.3313,4.8597,0.4785,4.6044,25.5936,11.1152
35065.0,1.333,5.5209,0.459,3.7677,24.8894,11.1016
35070.0,1.3311,4.6419,0.498,5.7004,25.6409,11.1152
35075.0,1.3315,4.6794,0.4785,5.0163,25.3928,11.1289
35080.0,1.3311,5.1444,0.498,5.4421,25.6705,11.1152
35085.0,1.3318,4.8366,0.4785,3.3877,25.2588,11.1289
35090.0,1.3314,5.1709,0.498,4.4828,25.4076,11.1426
35095.0,1.331,5.3499,0.4688,5.5462,25.5431,11.1562
35100.0,1.3307,4.631,0.4883,5.0717,25.7972,11.1289
35105.0,1.3311,5.1713,0.498,5.7366,25.6738,11.1152
35110.0,1.3311,5.0733,0.4883,5.075,25.5953,11.1289
35115.0,1.3309,5.6244,0.498,4.9151,25.5906,11.1562
35120.0,1.3311,5.3369,0.4785,4.8708,25.5101,11.1426
35125.0,1.3302,5.3535,0.4688,4.5617,26.0721,11.1289
35130.0,1.3301,5.0666,0.4785,3.7271,26.1051,11.1289
35135.0,1.3322,4.9568,0.4883,4.6618,25.0432,11.1426
35140.0,1.3301,5.2027,0.4883,4.5886,25.9834,11.1562
35145.0,1.3304,5.0637,0.4883,4.689,25.812,11.1562
35150.0,1.331,5.1404,0.498,4.5951,25.3854,11.1836
35155.0,1.3309,5.0123,0.4785,4.2972,25.5149,11.1699
35160.0,1.3293,4.8195,0.4785,4.5318,26.5289,11.1562
35165.0,1.3306,4.9025,0.5078,4.6462,25.6778,11.1699
35170.0,1.3304,5.1642,0.5078,5.8664,25.7447,11.1836
35175.0,1.3303,5.3215,0.4688,5.1598,25.7063,11.1973
35180.0,1.3306,4.7845,0.4883,3.1541,25.5597,11.1973
35185.0,1.3293,5.064,0.4883,5.2609,26.2573,11.2109
35190.0,1.3294,5.3224,0.4785,4.8754,26.1529,11.2246
35195.0,1.3302,5.2921,0.4883,4.608,25.762,11.1973
35200.0,1.33,4.9358,0.4883,5.9787,25.9563,11.1836
35205.0,1.3296,5.3894,0.498,6.3019,26.163,11.1836
35210.0,1.3303,5.5007,0.4883,5.7576,25.9619,11.1426
35215.0,1.3309,4.7171,0.4688,5.3691,25.6269,11.1426
35220.0,1.3311,4.426,0.4688,4.0121,25.5614,11.1289
35225.0,1.3294,5.2034,0.4785,6.3695,26.4822,11.1426
35230.0,1.3303,5.3314,0.4883,5.9633,25.9435,11.1426
35235.0,1.3304,5.8663,0.4883,6.0984,25.9882,11.1289
35240.0,1.3296,4.7443,0.4883,5.0947,26.3709,11.1426
35245.0,1.3304,5.5185,0.4688,4.7584,25.8462,11.1426
35250.0,1.3301,5.4329,0.4688,3.5391,26.0283,11.1426
35255.0,1.3307,4.5849,0.4785,5.6491,25.8004,11.1289
35260.0,1.3301,4.8435,0.4883,4.2556,26.2156,11.1152
35265.0,1.3297,4.8905,0.498,4.0611,26.4467,11.1016
35270.0,1.3309,5.0003,0.498,5.7445,25.7531,11.1152
35275.0,1.3299,4.8313,0.4883,4.5888,26.1177,11.1562
35280.0,1.3304,4.7778,0.4785,5.6605,25.9103,11.1289
35285.0,1.3299,4.8532,0.4883,4.928,26.2926,11.1289
35290.0,1.3303,5.0457,0.498,5.008,25.9819,11.1289
35295.0,1.3301,5.112,0.4785,4.8135,26.1375,11.1289
35300.0,1.3289,5.5769,0.4883,4.7131,26.8702,11.1289
35305.0,1.3309,5.063,0.4883,5.7411,25.7608,11.1152
35310.0,1.3317,5.281,0.498,6.7807,25.4241,11.1016
35315.0,1.3302,4.9398,0.4883,4.1211,26.1293,11.1152
35320.0,1.3304,5.4987,0.4785,3.7707,26.0242,11.1152
35325.0,1.3298,4.635,0.4883,5.3702,26.3547,11.1152
35330.0,1.3305,5.5965,0.4785,3.9105,26.0063,11.1016
35335.0,1.3299,4.8382,0.4883,4.9845,26.41,11.1016
35340.0,1.3299,4.9197,0.4883,6.2014,26.2932,11.1152
35345.0,1.3312,5.1747,0.4883,3.6112,25.6694,11.1016
35350.0,1.33,4.8245,0.4883,5.4374,26.1136,11.1426
35355.0,1.3305,4.8081,0.4688,4.3396,25.8358,11.1426
35360.0,1.3299,5.4974,0.4883,4.1642,26.2253,11.1426
35365.0,1.3302,5.6477,0.4883,5.4649,26.087,11.1152
35370.0,1.3302,5.3167,0.4785,4.1478,26.0007,11.1426
35375.0,1.3287,5.0087,0.459,5.9996,26.8972,11.1562
35380.0,1.3299,5.4096,0.498,5.3843,26.2058,11.1426
35385.0,1.3299,5.0631,0.4785,5.7293,26.0719,11.1699
35390.0,1.3302,5.1121,0.498,4.8725,25.9515,11.1562
35395.0,1.3295,5.1263,0.4688,5.9101,26.4992,11.1289
35400.0,1.3296,4.8269,0.4785,3.7787,26.3181,11.1562
35405.0,1.3295,5.2115,0.4785,5.2947,26.3031,11.1699
35410.0,1.3292,4.8893,0.4883,4.0588,26.4748,11.1699
35415.0,1.3295,5.3099,0.4883,4.5205,26.253,11.1836
35420.0,1.3297,5.262,0.4883,4.5556,26.2507,11.1562
35425.0,1.3299,4.8034,0.498,6.1969,26.1651,11.1562
35430.0,1.3297,4.9128,0.498,5.364,26.2975,11.1426
35435.0,1.33,5.1718,0.4883,3.7242,26.2375,11.1289
35440.0,1.3292,5.5222,0.498,4.7784,26.6251,11.1289
35445.0,1.3292,5.3159,0.5078,4.2954,26.6772,11.1289
35450.0,1.3301,4.9219,0.4883,5.2527,26.2041,11.1152
35455.0,1.3297,5.5027,0.4785,5.1324,26.4173,11.1152
35460.0,1.3297,5.0387,0.4785,5.0817,26.3912,11.1289
35465.0,1.3304,4.9316,0.498,4.6061,26.0918,11.1016
35470.0,1.3295,5.1999,0.4883,5.9041,26.7232,11.0742
35475.0,1.3292,4.7257,0.4688,4.3012,26.8357,11.0879
35480.0,1.33,5.3451,0.4688,4.5308,26.3138,11.1016
35485.0,1.3307,5.6831,0.498,5.5181,25.9389,11.1016
35490.0,1.3306,4.6103,0.4785,4.4347,25.9738,11.1016
35495.0,1.3296,4.9047,0.4883,4.0712,26.4597,11.1152
35500.0,1.3291,5.0453,0.498,5.3179,26.7817,11.1152
35505.0,1.3295,4.7572,0.4883,4.8072,26.4878,11.1289
35510.0,1.3289,5.0424,0.498,5.5166,26.9227,11.1289
35515.0,1.3304,4.9477,0.4785,4.1938,26.0272,11.1152
35520.0,1.3291,5.0311,0.4883,4.6486,26.7281,11.1289
35525.0,1.3291,5.2879,0.4785,6.2415,26.6176,11.1562
35530.0,1.3296,4.7597,0.4883,4.945,26.2699,11.1562
35535.0,1.3288,5.2935,0.4785,4.0844,26.8273,11.1562
35540.0,1.3288,4.6777,0.4688,4.3977,26.7719,11.1699
35545.0,1.3294,4.8618,0.4785,4.2374,26.4281,11.1562
35550.0,1.3289,5.0841,0.4883,4.4431,26.7785,11.1562
35555.0,1.329,5.659,0.4883,4.7645,26.5979,11.1699
35560.0,1.3289,5.2202,0.4785,4.6898,26.5702,11.1973
35565.0,1.3288,5.2308,0.4883,5.9421,26.7005,11.1836
35570.0,1.329,5.0197,0.4785,5.6232,26.4862,11.2109
35575.0,1.3289,5.0706,0.498,4.7708,26.6208,11.1973
35580.0,1.3286,5.1964,0.4883,4.1861,26.804,11.1973
35585.0,1.3286,5.3236,0.4883,6.237,26.85,11.1836
35590.0,1.3296,6.1307,0.4883,4.9068,26.182,11.1836
35595.0,1.3289,4.9199,0.4883,5.239,26.6928,11.1699
35600.0,1.329,4.7639,0.4883,5.759,26.5962,11.1836
35605.0,1.3295,4.9163,0.498,3.515,26.3285,11.1562
35610.0,1.329,4.9215,0.4785,5.3807,26.8168,11.1289
35615.0,1.3296,5.0962,0.4785,4.5501,26.2817,11.1562
35620.0,1.3291,5.5981,0.4883,4.1721,26.7585,11.1426
35625.0,1.3288,4.5334,0.498,5.1214,26.894,11.1562
35630.0,1.3284,5.226,0.4785,5.7171,27.0835,11.1562
35635.0,1.3294,4.9587,0.498,5.97,26.5015,11.1426
35640.0,1.3293,5.0638,0.4883,3.9669,26.6673,11.1152
35645.0,1.3293,4.9599,0.498,7.651,26.7892,11.0879
35650.0,1.3291,5.5477,0.498,6.0365,26.7854,11.1152
35655.0,1.3294,5.0263,0.4883,4.9096,26.5084,11.1426
35660.0,1.3302,5.1742,0.4883,3.877,26.1472,11.1152
35665.0,1.3287,5.1351,0.498,4.5409,27.0732,11.1152
35670.0,1.3288,4.9414,0.4785,5.3304,27.0345,11.1152
35675.0,1.3295,5.1737,0.4785,5.0741,26.5648,11.1152
35680.0,1.3295,5.137,0.4785,5.5878,26.5869,11.1016
35685.0,1.3285,5.6175,0.4883,5.2564,27.1879,11.1289
35690.0,1.3292,5.4957,0.4883,6.4563,26.8614,11.0879
35695.0,1.3292,5.4453,0.5176,6.287,26.9562,11.0742
35700.0,1.33,4.7218,0.4785,5.4087,26.5257,11.0605
35705.0,1.3293,4.9498,0.4883,4.4788,26.9344,11.0605
35710.0,1.3302,5.3275,0.4883,6.3421,26.4503,11.0469
35715.0,1.3305,4.8927,0.498,4.3832,26.2998,11.0469
35720.0,1.3291,4.7785,0.4883,5.5942,27.1689,11.0469
35725.0,1.3296,4.8496,0.4785,4.6225,26.7295,11.0605
35730.0,1.3293,4.7268,0.4883,5.2917,26.8794,11.0742
35735.0,1.329,5.1712,0.4785,3.9861,27.0378,11.0742
35740.0,1.3298,5.2809,0.4883,5.2648,26.5345,11.0879
35745.0,1.33,5.2192,0.4785,5.1171,26.4703,11.0742
35750.0,1.3291,4.9469,0.4883,2.5062,27.1992,11.0332
35755.0,1.3292,4.9323,0.4785,4.9273,27.1604,11.0332
35760.0,1.3297,4.875,0.4785,4.1959,26.8341,11.0332
35765.0,1.33,5.4059,0.498,5.3043,26.5307,11.0469
35770.0,1.3292,5.2188,0.4883,3.8987,26.9437,11.0742
35775.0,1.3289,5.125,0.498,5.495,27.1104,11.0742
35780.0,1.3294,4.581,0.5078,5.3044,26.6013,11.1152
35785.0,1.329,5.3888,0.4785,4.7411,26.93,11.1016
35790.0,1.3294,5.3951,0.4785,4.7103,26.6386,11.1152
35795.0,1.3289,5.1595,0.4785,3.9863,26.9841,11.1152
35800.0,1.3291,5.3124,0.5078,5.6965,26.787,11.1152
35805.0,1.3296,5.4851,0.4883,4.9957,26.3716,11.1289
35810.0,1.3292,5.4506,0.4785,5.7188,26.7169,11.1152
35815.0,1.3293,4.3045,0.4688,4.6752,26.666,11.1152
35820.0,1.3297,5.6936,0.4785,6.1258,26.4209,11.1152
35825.0,1.3293,5.043,0.4883,4.8555,26.6225,11.1289
35830.0,1.3289,5.1179,0.4883,4.8882,26.8198,11.1426
35835.0,1.3283,5.0705,0.4883,2.7641,27.2376,11.1426
35840.0,1.3281,5.192,0.4688,5.176,27.3002,11.1699
35845.0,1.3293,5.5935,0.4688,4.2529,26.4435,11.1699
35850.0,1.3286,4.6167,0.4785,4.9764,27.0077,11.1562
35855.0,1.3291,5.0803,0.498,5.8386,26.8845,11.1016
35860.0,1.3293,5.3127,0.498,4.9355,26.7431,11.1016
35865.0,1.3289,5.3871,0.4688,4.0473,27.0762,11.0879
35870.0,1.3293,4.88,0.4883,4.6968,26.8668,11.0742
35875.0,1.3294,4.5984,0.4883,2.8536,26.8722,11.0605
35880.0,1.3285,4.4128,0.498,6.0998,27.3727,11.0879
35885.0,1.33,4.9334,0.5078,5.75,26.4211,11.0742
35890.0,1.3295,5.8621,0.498,3.4963,26.8395,11.0469
35895.0,1.3292,5.4838,0.4883,5.3219,27.139,11.0332
35900.0,1.3294,5.3364,0.4883,6.1026,26.969,11.0469
35905.0,1.3294,4.7413,0.4883,4.8816,27.0169,11.0195
35910.0,1.3301,5.4843,0.4785,4.9085,26.701,11.0059
35915.0,1.3295,5.2177,0.498,5.9167,26.995,11.0195
35920.0,1.3296,5.0331,0.4883,4.3194,27.0536,10.9922
35925.0,1.3301,4.9863,0.4785,5.1258,26.7346,10.9922
35930.0,1.3309,5.0777,0.4785,5.331,26.28,10.9922
35935.0,1.3298,4.9413,0.4785,5.4356,26.9618,10.9922
35940.0,1.3301,5.2804,0.4883,4.7269,26.8165,10.9785
35945.0,1.3299,5.2441,0.4785,5.8255,26.9387,10.9785
35950.0,1.3307,5.2015,0.4883,6.0664,26.5892,10.9512
35955.0,1.3307,4.807,0.4883,5.4182,26.711,10.9375
35960.0,1.3302,4.5594,0.498,6.0283,26.8579,10.9512
35965.0,1.3308,5.4523,0.4883,5.1263,26.5597,10.9375
35970.0,1.3307,5.4393,0.4883,5.5949,26.6378,10.9375
35975.0,1.331,4.8071,0.4785,5.0392,26.649,10.9102
35980.0,1.3306,5.1326,0.4785,4.6254,26.9281,10.8965
35985.0,1.3308,4.5202,0.4883,5.9641,26.8184,10.8965
35990.0,1.3303,5.105,0.4688,3.0506,27.0486,10.8965
35995.0,1.3315,5.1508,0.459,3.1631,26.5912,10.8691
36000.0,1.3313,5.2818,0.498,3.3563,26.6529,10.8691
36005.0,1.3306,4.8288,0.4785,4.2528,27.0659,10.8691
36010.0,1.3318,5.0929,0.4688,4.2128,26.4972,10.8555
36015.0,1.3319,4.5431,0.4883,4.1536,26.5126,10.8418
36020.0,1.3318,4.4442,0.459,4.2042,26.4922,10.8555
36025.0,1.3301,5.4682,0.498,3.2347,27.2217,10.8828
36030.0,1.3309,5.1727,0.4785,4.2744,26.7238,10.8965
36035.0,1.3305,5.2414,0.4883,5.3202,27.0061,10.8828
36040.0,1.3302,5.1908,0.4883,4.7305,27.1252,10.8965
36045.0,1.3312,5.342,0.4883,6.0023,26.6317,10.8828
36050.0,1.3315,5.1362,0.4883,4.8057,26.4848,10.8828
36055.0,1.3315,4.8174,0.498,6.5154,26.4175,10.8965
36060.0,1.3318,5.1498,0.498,4.8256,26.2735,10.8965
36065.0,1.3308,4.8538,0.4883,4.8419,26.7418,10.9102
36070.0,1.3311,4.9766,0.4688,5.8832,26.4724,10.9375
36075.0,1.3299,4.5349,0.4785,5.2434,27.0714,10.9512
36080.0,1.3301,5.3624,0.4883,4.7885,26.7692,10.9922
36085.0,1.3299,5.1451,0.4688,5.0443,26.8786,10.9922
36090.0,1.3299,5.199,0.4785,4.1927,26.8304,10.9922
36095.0,1.3309,5.0456,0.4883,4.8792,26.2971,10.9922
36100.0,1.3306,5.2058,0.4785,6.3813,26.5934,10.9648
36105.0,1.3303,5.1872,0.4688,4.2059,26.8812,10.9375
36110.0,1.3311,4.8633,0.4883,2.8312,26.4933,10.9238
36115.0,1.3315,4.9971,0.4688,5.9274,26.3465,10.9102
36120.0,1.3315,5.3014,0.4785,4.9331,26.3804,10.9102
36125.0,1.3299,5.2301,0.4883,4.7054,27.1527,10.9238
36130.0,1.3308,5.0928,0.4785,6.6792,26.723,10.9102
36135.0,1.3311,5.0347,0.4883,6.6774,26.7512,10.8691
36140.0,1.3314,5.325,0.498,3.0827,26.6684,10.8691
36145.0,1.3315,5.1386,0.498,5.0626,26.6319,10.8555
36150.0,1.3301,4.8301,0.4883,6.0707,27.2917,10.8691
36155.0,1.3322,4.7312,0.498,5.4197,26.3278,10.8418
36160.0,1.3318,5.539,0.4785,4.3889,26.5908,10.8281
36165.0,1.3319,4.8908,0.4883,5.2873,26.6575,10.8145
36170.0,1.3328,5.144,0.4883,6.4886,26.2838,10.8008
36175.0,1.333,5.3686,0.4688,4.411,26.1604,10.8145
36180.0,1.3319,4.808,0.4883,5.0839,26.7524,10.7871
36185.0,1.3325,5.4071,0.4883,5.3913,26.4053,10.8008
36190.0,1.3318,5.2906,0.4785,4.5142,26.688,10.8145
36195.0,1.3314,5.0436,0.498,4.3868,26.7751,10.8281
36200.0,1.3323,5.4068,0.498,5.6578,26.4568,10.8145
36205.0,1.3319,4.5046,0.4883,4.7804,26.5578,10.8281
36210.0,1.3318,5.3446,0.4883,4.6628,26.6146,10.8281
36215.0,1.3319,5.09,0.4688,4.6616,26.5793,10.8281
36220.0,1.3328,5.0557,0.4785,4.8117,26.2417,10.8145
36225.0,1.3312,5.3956,0.4883,3.8198,26.8891,10.8281
36230.0,1.3329,4.7863,0.4785,4.5171,26.0927,10.8281
36235.0,1.3316,5.3316,0.4785,4.6923,26.8134,10.8145
36240.0,1.333,5.3793,0.4883,5.922,26.164,10.8008
36245.0,1.3325,5.1593,0.4883,4.9893,26.2546,10.8281
36250.0,1.3313,4.812,0.4883,7.0445,26.7486,10.8418
36255.0,1.3317,5.0018,0.4785,4.7855,26.6331,10.8418
36260.0,1.3329,4.7686,0.498,4.3694,25.9667,10.8555
36265.0,1.3322,5.1177,0.4883,5.3591,26.2252,10.8691
36270.0,1.3318,4.8093,0.4883,5.6843,26.3847,10.8828
36275.0,1.3318,5.3943,0.4785,4.923,26.3514,10.8828
36280.0,1.3316,5.2832,0.4785,4.2617,26.3057,10.9102
36285.0,1.3313,5.0487,0.498,6.157,26.4321,10.9102
36290.0,1.3322,5.7301,0.4688,4.6059,26.0049,10.9102
36295.0,1.3304,4.9836,0.498,3.9897,26.8363,10.9375
36300.0,1.3317,4.7059,0.4688,5.2208,26.1876,10.9375
36305.0,1.3307,4.9222,0.4785,4.3756,26.5698,10.9512
36310.0,1.3315,5.6063,0.4785,5.5974,26.1555,10.9512
36315.0,1.3309,5.3453,0.498,4.2156,26.4344,10.9648
36320.0,1.331,5.1984,0.4688,3.341,26.4438,10.9512
36325.0,1.3305,5.306,0.4883,4.8108,26.7567,10.9375
36330.0,1.3309,5.0663,0.498,4.6209,26.4778,10.9512
36335.0,1.3312,5.0491,0.4785,4.1693,26.1875,10.9785
36340.0,1.3308,4.9757,0.4785,5.9104,26.3844,10.9785
36345.0,1.3304,5.2059,0.4883,3.8263,26.5411,10.9922
36350.0,1.3313,5.3899,0.498,4.3769,26.1229,10.9785
36355.0,1.3314,5.2157,0.4883,5.0272,26.1622,10.9648
36360.0,1.3306,5.4108,0.4883,4.8125,26.5564,10.9785
36365.0,1.3316,5.2102,0.4785,4.5925,26.116,10.9512
36370.0,1.3312,4.8279,0.4883,3.2083,26.3466,10.9512
36375.0,1.3321,5.2522,0.5176,4.5952,26.0203,10.9238
36380.0,1.3316,4.9273,0.4883,4.7161,26.2088,10.9238
36385.0,1.3317,5.8252,0.4785,3.7504,26.1654,10.9238
36390.0,1.3317,4.9927,0.4883,4.4721,26.212,10.9238
36395.0,1.3315,5.0958,0.4785,5.3869,26.1754,10.9512
36400.0,1.3308,5.072,0.4883,4.8223,26.6353,10.9375
36405.0,1.3318,5.1188,0.498,4.4336,26.1234,10.9375
36410.0,1.3316,4.756,0.4883,3.3901,26.1952,10.9375
36415.0,1.331,4.7124,0.4688,3.1005,26.5248,10.9238
36420.0,1.3309,4.8991,0.5078,4.8771,26.4662,10.9512
36425.0,1.3315,5.4158,0.5078,5.0365,26.0895,10.9648
36430.0,1.331,5.4833,0.4883,4.6053,26.3667,10.9648
36435.0,1.3317,4.9583,0.4785,4.5109,26.1524,10.9375
36440.0,1.3319,4.942,0.4883,4.1177,26.0602,10.9375
36445.0,1.3315,5.1657,0.4785,5.3652,26.2144,10.9375
36450.0,1.3327,5.1588,0.4785,6.3542,25.8702,10.8965
36455.0,1.3328,5.0534,0.4883,4.0323,25.8891,10.8965
36460.0,1.3325,5.0241,0.498,6.487,25.9364,10.9102
36465.0,1.3322,4.8728,0.498,5.279,26.0164,10.9238
36470.0,1.3324,5.1136,0.4883,5.1308,25.8902,10.9238
36475.0,1.3313,5.1797,0.5078,5.6289,26.3288,10.9375
36480.0,1.3317,5.6232,0.4785,5.5754,26.0827,10.9512
36485.0,1.3315,5.4734,0.498,6.2009,26.2004,10.9512
36490.0,1.3303,4.7637,0.4785,5.6818,26.7036,10.9648
36495.0,1.3316,4.9473,0.4688,5.3675,26.076,10.9648
36500.0,1.3311,5.0136,0.4785,6.0636,26.3643,10.9512
36505.0,1.3321,5.1308,0.4785,5.6555,25.9683,10.9375
36510.0,1.3315,5.541,0.4785,4.4417,26.2588,10.9375
36515.0,1.3316,4.9907,0.4785,4.9308,26.1229,10.9512
36520.0,1.3312,4.9628,0.4883,3.0639,26.2609,10.9648
36525.0,1.3327,5.6831,0.4785,5.7614,25.6782,10.9512
36530.0,1.3332,5.6137,0.4785,4.7689,25.5012,10.9375
36535.0,1.3324,5.0513,0.4785,6.4437,25.9539,10.9102
36540.0,1.3337,5.3296,0.4785,3.698,25.4453,10.9102
36545.0,1.3322,5.3667,0.459,5.3971,26.1332,10.8965
36550.0,1.3329,5.4356,0.4883,4.8614,25.6502,10.9238
36555.0,1.3308,4.7201,0.498,4.9729,26.6271,10.9375
36560.0,1.3329,4.7655,0.498,5.5575,25.6326,10.9375
36565.0,1.3335,4.9302,0.4785,4.0067,25.4638,10.9238
36570.0,1.3324,5.2209,0.4883,4.6989,25.8837,10.9238
36575.0,1.3314,5.0388,0.4883,5.9182,26.2773,10.9375
36580.0,1.3321,5.6877,0.4883,4.6028,25.7959,10.9785
36585.0,1.3315,5.3674,0.4785,5.0558,26.0614,10.9785
36590.0,1.3323,4.6792,0.4883,5.3023,25.815,10.9512
36595.0,1.3312,5.1737,0.4785,6.0191,26.2111,10.9648
36600.0,1.3317,4.997,0.4883,5.5728,25.9896,10.9648
36605.0,1.3314,5.2525,0.4785,5.0493,26.0438,10.9922
36610.0,1.3325,5.6012,0.4883,4.5766,25.5576,10.9922
36615.0,1.332,5.1366,0.4883,5.1525,25.789,10.9922
36620.0,1.3314,5.9399,0.498,6.0148,25.8374,11.0332
36625.0,1.332,5.1777,0.5078,5.1202,25.6144,11.0195
36630.0,1.3308,5.0257,0.4785,4.3942,25.9964,11.0605
36635.0,1.3311,5.1836,0.4688,4.1867,25.8762,11.0605
36640.0,1.3316,5.4055,0.4883,5.9282,25.6502,11.0605
36645.0,1.331,5.4176,0.4688,4.3912,25.9283,11.0605
36650.0,1.3307,5.1311,0.498,4.8299,26.0693,11.0742
36655.0,1.331,5.0241,0.4883,5.3893,25.8751,11.0742
36660.0,1.3305,5.3764,0.4785,5.3089,25.9926,11.1016
36665.0,1.3307,4.6519,0.498,4.1416,26.0425,11.0742
36670.0,1.3308,4.7632,0.4785,4.1252,26.0735,11.0605
36675.0,1.3322,5.1602,0.4688,4.16,25.3343,11.0742
36680.0,1.3312,4.8718,0.4883,5.704,25.662,11.1016
36685.0,1.3311,5.0599,0.498,6.126,25.7808,11.0879
36690.0,1.3318,5.1204,0.4785,3.5715,25.5492,11.0605
36695.0,1.3318,4.9734,0.5078,5.8549,25.6222,11.0469
36700.0,1.3322,5.4301,0.4785,3.1069,25.3931,11.0605
36705.0,1.3324,5.182,0.498,4.1666,25.3518,11.0469
36710.0,1.3315,5.7259,0.4883,4.8996,25.7002,11.0605
36715.0,1.3316,4.8924,0.4785,5.1031,25.6049,11.0742
36720.0,1.3302,5.2017,0.4883,4.7895,26.227,11.0879
36725.0,1.3319,4.9906,0.4883,4.5676,25.4613,11.0742
36730.0,1.3313,5.115,0.4883,4.6795,25.686,11.0879
36735.0,1.331,5.062,0.4785,4.4176,25.789,11.0879
36740.0,1.3314,5.3191,0.4785,4.457,25.5392,11.1016
36745.0,1.3313,5.2962,0.4785,4.3681,25.5931,11.1152
36750.0,1.3311,4.7426,0.4883,6.3906,25.6049,11.1289
36755.0,1.3308,5.3421,0.5078,4.5584,25.6545,11.1426
36760.0,1.331,5.104,0.4883,4.5264,25.6637,11.1152
36765.0,1.3309,4.5991,0.4688,4.2706,25.6432,11.1426
36770.0,1.3311,4.9769,0.4785,5.4985,25.4385,11.1699
36775.0,1.3307,5.2712,0.4688,4.7077,25.4804,11.1973
36780.0,1.3304,5.0072,0.4785,6.0867,25.6941,11.1973
36785.0,1.3298,4.9818,0.4785,4.8666,26.0165,11.1973
36790.0,1.3305,5.5192,0.4883,4.6167,25.6006,11.1973
36795.0,1.3317,4.802,0.4785,4.4685,25.0065,11.1973
36800.0,1.3303,5.5461,0.4785,5.5521,25.6845,11.2109
36805.0,1.3314,5.5823,0.459,4.6815,25.1578,11.1973
36810.0,1.3307,5.1261,0.498,6.1455,25.5239,11.1973
36815.0,1.3315,5.9568,0.4785,5.1564,24.9974,11.2246
36820.0,1.3304,4.3088,0.4785,5.0341,25.5142,11.2383
36825.0,1.3307,4.8523,0.498,4.0474,25.2515,11.252
36830.0,1.3303,4.8831,0.4883,5.192,25.4486,11.252
36835.0,1.3299,4.8435,0.4785,4.5228,25.7047,11.252
36840.0,1.3305,4.8517,0.4785,3.2762,25.5141,11.2246
36845.0,1.3308,4.9844,0.498,3.7641,25.4093,11.2109
36850.0,1.331,5.7257,0.4785,5.4021,25.3635,11.1973
36855.0,1.3314,5.1488,0.4785,5.0553,25.1904,11.1973
36860.0,1.3308,4.8705,0.498,5.2076,25.5541,11.1699
36865.0,1.332,4.7671,0.4688,5.6282,24.9035,11.1836
36870.0,1.3324,5.3222,0.4785,4.9181,24.813,11.1836
36875.0,1.3317,4.926,0.4883,3.4978,25.0088,11.1973
36880.0,1.3314,5.12,0.4688,3.6261,25.1876,11.1836
36885.0,1.3313,5.3539,0.498,4.9423,25.2408,11.1836
36890.0,1.3308,4.856,0.498,5.75,25.5785,11.1699
36895.0,1.3303,4.9339,0.498,5.0144,25.7671,11.1836
36900.0,1.331,5.1019,0.4688,5.5951,25.3931,11.1836
36905.0,1.3315,5.3386,0.5078,5.4288,25.2086,11.1836
36910.0,1.3322,5.4235,0.4785,5.2541,24.8678,11.1836
36915.0,1.3309,5.3608,0.4883,4.9165,25.4049,11.1973
36920.0,1.3312,5.2704,0.498,4.7884,25.1389,11.2246
36925.0,1.3307,5.287,0.4688,4.8521,25.4429,11.2109
36930.0,1.3301,5.2219,0.4883,6.0571,25.7496,11.2109
36935.0,1.3313,5.3458,0.5078,5.4727,25.1793,11.2109
36940.0,1.3306,5.8381,0.4785,5.0465,25.3902,11.2383
36945.0,1.3312,5.3414,0.4883,6.1458,25.165,11.2246
36950.0,1.3311,4.717,0.5078,3.7074,25.2836,11.2109
36955.0,1.3308,5.0319,0.4883,4.4949,25.4017,11.2109
36960.0,1.3313,5.4537,0.498,5.1688,25.1824,11.2109
36965.0,1.3305,5.3371,0.4883,5.9496,25.555,11.2109
36970.0,1.3313,5.6528,0.4883,5.5303,25.2229,11.1973
36975.0,1.332,4.9599,0.4883,4.8737,24.9134,11.1836
36980.0,1.3307,4.7401,0.4883,6.1187,25.4884,11.2109
36985.0,1.331,4.8773,0.4883,5.4282,25.2148,11.2383
36990.0,1.3311,4.8812,0.4883,5.6709,25.16,11.2246
36995.0,1.331,5.2996,0.4688,4.4283,25.1723,11.2383
37000.0,1.3307,5.2267,0.4785,5.5081,25.3677,11.2383
37005.0,1.3313,5.3427,0.4883,4.1269,25.0218,11.252
37010.0,1.33,4.8287,0.4785,4.5398,25.6154,11.252
37015.0,1.331,5.0801,0.498,6.2216,25.0512,11.2656
37020.0,1.3309,4.4709,0.4883,5.3138,25.0224,11.293
37025.0,1.3302,5.0878,0.498,6.2149,25.3419,11.3066
37030.0,1.3307,5.2466,0.4883,4.5474,24.9862,11.3203
37035.0,1.3309,4.7536,0.4883,5.1563,24.8709,11.334
37040.0,1.3309,5.0643,0.498,5.1964,24.8642,11.334
37045.0,1.3298,4.7751,0.4785,3.2864,25.481,11.3203
37050.0,1.3301,4.9728,0.4785,5.1908,25.3576,11.3066
37055.0,1.33,4.7006,0.4883,6.0497,25.4103,11.3066
37060.0,1.3306,5.1039,0.4883,5.0595,25.0658,11.3203
37065.0,1.3306,5.4002,0.4883,3.7035,25.0802,11.3203
37070.0,1.3298,4.5807,0.4785,4.192,25.4781,11.3203
37075.0,1.3303,5.1978,0.4883,5.1242,25.1854,11.334
37080.0,1.3303,5.2567,0.4688,4.7614,25.1456,11.334
37085.0,1.3303,5.2341,0.498,5.287,25.1991,11.334
37090.0,1.3309,5.804,0.459,4.9149,24.8015,11.3477
37095.0,1.3301,4.9657,0.4785,5.8695,25.2264,11.3477
37100.0,1.3309,5.3411,0.4883,4.9474,24.8598,11.334
37105.0,1.3297,4.9669,0.498,5.1251,25.3718,11.3613
37110.0,1.3304,4.9912,0.4785,4.8692,25.0536,11.3477
37115.0,1.3303,5.4814,0.498,5.6265,25.1535,11.334
37120.0,1.3311,5.5158,0.498,5.0384,24.7177,11.334
37125.0,1.3305,5.0836,0.498,5.0491,25.0953,11.3203
37130.0,1.3305,4.4892,0.4883,6.7771,25.1837,11.293
37135.0,1.3304,5.2986,0.4785,3.9738,25.2088,11.3066
37140.0,1.3314,5.5544,0.4785,5.5084,24.7495,11.293
37145.0,1.3312,4.9783,0.4785,4.5208,24.871,11.293
37150.0,1.3302,5.4491,0.4785,5.3464,25.5164,11.2656
37155.0,1.3306,4.8468,0.498,5.7011,25.2802,11.2656
37160.0,1.3315,5.0184,0.4785,4.7171,24.8548,11.2656
37165.0,1.3309,5.2119,0.4883,4.4148,25.1576,11.252
37170.0,1.3308,4.8936,0.4785,4.3156,25.2036,11.2656
37175.0,1.3311,4.7163,0.4883,5.5815,24.9833,11.2793
37180.0,1.3313,5.2868,0.4785,5.6781,24.7906,11.3066
37185.0,1.3309,5.2594,0.4785,3.5465,25.0744,11.2793
37190.0,1.331,5.4918,0.4883,4.1695,25.0192,11.2793
37195.0,1.3315,4.7906,0.4883,4.5362,24.6912,11.293
37200.0,1.3301,5.2754,0.4785,4.3525,25.359,11.3066
37205.0,1.3308,4.5743,0.4883,4.725,24.9993,11.3066
37210.0,1.33,4.9436,0.4785,5.1804,25.2298,11.3477
37215.0,1.3307,4.6714,0.4785,3.8132,24.8808,11.3477
37220.0,1.331,5.7024,0.4883,6.1149,24.6628,11.3613
37225.0,1.33,5.1253,0.4883,3.9864,25.1819,11.3613
37230.0,1.3304,5.1204,0.498,4.835,24.9363,11.375
37235.0,1.3301,5.1182,0.4883,4.5237,25.1855,11.3613
37240.0,1.3305,5.2347,0.4883,5.0005,24.9543,11.3477
37245.0,1.33,5.29,0.4883,5.0607,25.1567,11.375
37250.0,1.3299,5.0012,0.4883,3.0508,25.1338,11.4023
37255.0,1.3299,5.0789,0.4883,4.7832,25.168,11.3887
37260.0,1.3307,4.742,0.5078,5.292,24.7144,11.3887
37265.0,1.33,5.3343,0.498,4.7518,25.1787,11.3613
37270.0,1.3307,5.0999,0.4883,4.3705,24.8967,11.3477
37275.0,1.331,5.4139,0.4883,4.6239,24.7728,11.3477
37280.0,1.3311,5.1337,0.4883,5.1557,24.8443,11.3203
37285.0,1.3315,5.1182,0.498,4.6669,24.7235,11.293
37290.0,1.3298,4.8911,0.4785,5.3492,25.5605,11.293
37295.0,1.3308,4.7018,0.4688,4.0317,25.0839,11.2793
37300.0,1.3311,5.7313,0.4785,6.2426,24.8855,11.293
37305.0,1.3312,5.0327,0.4883,5.7845,24.9518,11.2793
37310.0,1.3305,4.9209,0.4688,3.2982,25.2299,11.2793
37315.0,1.3311,5.3922,0.498,4.6084,24.9467,11.2793
37320.0,1.3307,5.3567,0.4883,5.4894,25.1566,11.2793
37325.0,1.331,4.7384,0.5078,6.3587,24.9494,11.293
37330.0,1.3308,5.4891,0.4883,5.776,25.0899,11.2793
37335.0,1.3303,5.513,0.4883,3.4797,25.2409,11.3066
37340.0,1.3305,5.7506,0.4688,4.4363,25.0669,11.334
37345.0,1.331,4.8447,0.498,5.7568,24.8579,11.3203
37350.0,1.3314,5.3428,0.4883,4.6817,24.6745,11.3203
37355.0,1.3309,4.8855,0.498,4.3206,25.0544,11.293
37360.0,1.3315,5.1611,0.4883,5.4724,24.7904,11.2793
37365.0,1.3313,4.9062,0.498,5.7836,24.8468,11.2793
37370.0,1.3305,4.7966,0.4785,5.4673,25.2895,11.2793
37375.0,1.3315,5.0969,0.4883,5.9473,24.7887,11.2793
37380.0,1.3316,5.7099,0.4883,5.1243,24.7614,11.2656
37385.0,1.3312,5.1212,0.4883,4.51,24.9739,11.2656
37390.0,1.3303,5.4979,0.4785,5.4933,25.4125,11.2656
37395.0,1.3315,5.6177,0.4883,6.9252,24.8207,11.2793
37400.0,1.331,4.8904,0.4688,5.836,25.0601,11.2793
37405.0,1.3318,4.7919,0.4883,4.9295,24.784,11.252
37410.0,1.3309,4.9642,0.498,5.7018,25.2507,11.2383
37415.0,1.3305,4.9887,0.4785,4.6203,25.3415,11.252
37420.0,1.3319,5.1474,0.4883,5.3021,24.8849,11.2109
37425.0,1.3316,4.9631,0.4785,3.9504,25.075,11.1973
37430.0,1.3325,5.2033,0.4688,5.9092,24.8198,11.1699
37435.0,1.333,4.7051,0.4688,5.1917,24.7139,11.1426
37440.0,1.3319,5.1667,0.4883,4.8512,25.037,11.1699
37445.0,1.332,5.3183,0.4688,5.3302,24.9821,11.1699
37450.0,1.3322,5.2343,0.4785,4.1764,25.0596,11.1426
37455.0,1.3326,5.0673,0.4688,5.1408,24.8588,11.1426
37460.0,1.333,5.2492,0.4883,4.6458,24.7555,11.1289
37465.0,1.3328,4.728,0.498,5.6872,24.9059,11.1152
37470.0,1.3326,5.7478,0.4785,4.2313,24.9225,11.1289
37475.0,1.3329,5.3473,0.4688,6.0342,24.9033,11.1152
37480.0,1.333,4.926,0.4785,5.2616,24.7376,11.1426
37485.0,1.3324,5.1521,0.4688,5.8594,25.0296,11.1289
37490.0,1.3322,5.1372,0.4785,4.3924,25.1137,11.1152
37495.0,1.3323,4.4138,0.4785,5.1098,25.1046,11.1152
37500.0,1.3325,5.0593,0.498,4.4028,24.9262,11.1426
37505.0,1.3323,5.0934,0.4883,3.6639,24.8593,11.1699
37510.0,1.3322,5.2087,0.5078,5.4846,24.9626,11.1562
37515.0,1.3321,5.1404,0.4883,5.4339,24.9106,11.1836
37520.0,1.3318,5.499,0.4785,4.1124,25.04,11.1836
37525.0,1.3322,5.2432,0.4883,3.4828,24.8719,11.1836
37530.0,1.3315,5.3353,0.4883,5.7393,25.2051,11.1699
37535.0,1.3321,4.7561,0.4883,5.9022,24.9636,11.1699
37540.0,1.3322,5.518,0.459,4.3834,24.9389,11.1699
37545.0,1.3316,4.9644,0.4883,4.033,25.1776,11.1699
37550.0,1.3336,5.1331,0.4883,5.7394,24.3514,11.1699
37555.0,1.3315,5.2805,0.4785,5.6941,25.1346,11.1836
37560.0,1.3325,4.8529,0.4688,5.8793,24.6916,11.1973
37565.0,1.3313,4.7617,0.4883,5.7833,25.1969,11.1973
37570.0,1.3315,5.0371,0.4688,5.703,25.0251,11.2246
37575.0,1.3314,5.0944,0.4688,4.6369,25.2072,11.1836
37580.0,1.3312,4.7782,0.4688,5.8702,25.2696,11.1836
37585.0,1.332,5.1588,0.4883,4.07,24.8954,11.1973
37590.0,1.3317,5.2113,0.4785,4.7513,24.9616,11.2109
37595.0,1.3308,5.1838,0.4883,6.7237,25.3038,11.2383
37600.0,1.3304,5.419,0.4785,6.5471,25.449,11.2383
37605.0,1.3325,5.3032,0.4883,5.5667,24.5063,11.252
37610.0,1.331,5.0297,0.498,5.5065,25.1058,11.252
37615.0,1.3311,5.1838,0.498,4.9578,24.9493,11.2793
37620.0,1.3292,5.3513,0.4688,5.0312,25.9474,11.293
37625.0,1.331,6.0042,0.4785,5.3319,24.9228,11.3066
37630.0,1.3307,5.4763,0.4785,5.0994,25.0218,11.3066
37635.0,1.3307,5.3817,0.4883,5.1337,25.0933,11.293
37640.0,1.3313,5.3981,0.498,5.8936,24.8566,11.2793
37645.0,1.3298,5.351,0.4785,5.1881,25.627,11.2793
37650.0,1.331,4.9145,0.4688,4.6393,24.9603,11.293
37655.0,1.3313,4.7847,0.4883,3.9396,24.8083,11.293
37660.0,1.3303,5.5524,0.4883,4.8876,25.3485,11.2793
37665.0,1.3309,5.1743,0.4785,4.8735,25.1134,11.2656
37670.0,1.3309,5.4274,0.4883,6.297,25.0368,11.2793
37675.0,1.3321,4.7063,0.4883,5.2812,24.5027,11.293
37680.0,1.3307,4.6746,0.498,3.4329,25.1065,11.293
37685.0,1.3309,5.0638,0.4883,4.152,24.9717,11.3066
37690.0,1.3307,4.7598,0.4785,4.3385,25.1083,11.293
37695.0,1.3307,5.4669,0.498,5.8578,25.0093,11.3203
37700.0,1.3311,5.3306,0.5078,6.1552,24.8595,11.3066
37705.0,1.3305,5.2632,0.4688,4.5536,25.1593,11.3066
37710.0,1.3304,5.563,0.4785,4.1278,25.2699,11.293
37715.0,1.3303,5.2844,0.4883,5.2217,25.3646,11.293
37720.0,1.3316,4.7417,0.4883,5.5784,24.5932,11.3066
37725.0,1.3308,5.485,0.4883,5.3389,24.9684,11.3066
37730.0,1.3308,4.9451,0.4785,4.6382,24.9963,11.3066
37735.0,1.3295,5.3578,0.4785,5.4457,25.657,11.3203
37740.0,1.3298,5.2145,0.4688,4.6173,25.318,11.3477
37745.0,1.3304,4.985,0.4688,4.2192,24.989,11.3613
37750.0,1.3302,5.0531,0.4688,5.482,25.0843,11.3613
37755.0,1.3312,4.5449,0.4883,4.7392,24.6849,11.3477
37760.0,1.3298,5.3478,0.4883,4.6035,25.3935,11.3477
37765.0,1.33,4.8885,0.4785,4.3333,25.2602,11.3477
37770.0,1.3306,4.8204,0.4883,6.6072,24.9172,11.3477
37775.0,1.3303,5.1835,0.4785,3.7174,25.1362,11.334
37780.0,1.3307,4.9925,0.4688,5.35,24.9504,11.334
37785.0,1.3301,4.8041,0.498,5.5802,25.2307,11.3477
37790.0,1.3308,4.935,0.4785,5.3167,24.9319,11.3203
37795.0,1.3298,5.0086,0.4883,4.2158,25.4573,11.3203
37800.0,1.3307,5.1419,0.498,5.5969,24.959,11.334
37805.0,1.3305,5.1125,0.498,6.1284,25.1001,11.3203
37810.0,1.3296,5.4194,0.498,6.0254,25.5409,11.334
37815.0,1.3297,5.1906,0.4883,5.4284,25.4369,11.3477
37820.0,1.3314,5.0633,0.4785,4.1805,24.6328,11.334
37825.0,1.3302,5.3037,0.4883,5.723,25.1915,11.334
37830.0,1.33,4.9823,0.4883,5.6662,25.269,11.3477
37835.0,1.3301,4.9767,0.5078,4.6147,25.2669,11.334
37840.0,1.3304,4.635,0.5078,6.212,25.076,11.3477
37845.0,1.3296,5.1539,0.4883,5.7213,25.4609,11.3477
37850.0,1.3297,5.013,0.498,3.0865,25.3462,11.3613
37855.0,1.3296,5.0679,0.4883,4.6028,25.4827,11.3477
37860.0,1.3305,5.3157,0.4785,4.4349,24.9657,11.3477
37865.0,1.3303,5.5223,0.4688,5.4464,25.135,11.334
37870.0,1.33,4.6543,0.4883,6.0718,25.3806,11.3203
37875.0,1.3297,5.3374,0.4883,6.1138,25.4817,11.334
37880.0,1.3297,5.0696,0.4785,5.3062,25.3716,11.3613
37885.0,1.3293,5.5588,0.4688,4.4528,25.5087,11.3887
37890.0,1.3301,4.2393,0.4688,5.1222,24.9984,11.4023
37895.0,1.33,4.7821,0.5078,4.8693,25.0728,11.3887
37900.0,1.3299,5.4483,0.5078,4.852,25.2349,11.375
37905.0,1.329,5.2051,0.459,4.5157,25.7353,11.3887
37910.0,1.3305,5.1168,0.4883,5.0529,24.9494,11.3613
37915.0,1.3297,5.3228,0.4785,5.4375,25.3244,11.375
37920.0,1.3297,5.3439,0.4785,3.5781,25.1972,11.4023
37925.0,1.329,4.8194,0.4785,5.1077,25.704,11.3887
37930.0,1.3295,5.0106,0.4883,5.1447,25.2589,11.416
37935.0,1.3296,5.1392,0.4785,3.8861,25.1874,11.4297
37940.0,1.3294,4.8433,0.4688,4.6996,25.2425,11.4434
37945.0,1.3292,5.4362,0.4785,4.7771,25.3789,11.4297
37950.0,1.329,4.7633,0.4785,3.8184,25.4816,11.4434
37955.0,1.3291,5.0042,0.498,5.8529,25.2752,11.4707
37960.0,1.3289,4.7846,0.4883,5.2262,25.3149,11.498
37965.0,1.3281,5.2233,0.4688,4.6257,25.8775,11.498
37970.0,1.3287,5.1675,0.4883,4.9764,25.4055,11.5117
37975.0,1.3286,5.5239,0.4883,4.2072,25.6007,11.4844
37980.0,1.3291,5.1135,0.4883,4.501,25.2045,11.498
37985.0,1.3288,5.3044,0.4883,7.1264,25.2712,11.5254
37990.0,1.3284,5.2731,0.4883,4.2017,25.5697,11.5254
37995.0,1.3287,4.7666,0.4688,4.1523,25.4349,11.5117
38000.0,1.3286,4.9956,0.4688,3.7087,25.5768,11.4844
38005.0,1.3286,5.135,0.498,7.2331,25.4652,11.5254
38010.0,1.3291,5.1447,0.4785,4.6389,25.1716,11.5117
38015.0,1.3285,5.7313,0.498,4.6563,25.6091,11.498
38020.0,1.329,5.5064,0.4883,5.3778,25.2436,11.5117
38025.0,1.3286,4.9435,0.4785,3.6462,25.4973,11.498
38030.0,1.3292,5.9438,0.4883,4.3358,25.2586,11.4707
38035.0,1.3288,4.8026,0.498,5.4567,25.3492,11.498
38040.0,1.3283,4.981,0.498,4.8309,25.7235,11.5117
38045.0,1.3278,5.6826,0.498,5.4808,25.9671,11.5527
38050.0,1.3286,5.1319,0.4883,5.6898,25.2752,11.5664
38055.0,1.3279,5.1463,0.459,4.3783,25.7872,11.5664
38060.0,1.3282,5.2209,0.498,4.7582,25.461,11.5938
38065.0,1.328,5.7703,0.4883,4.7535,25.646,11.5801
38070.0,1.3281,5.2642,0.4785,4.4723,25.6131,11.5664
38075.0,1.3285,4.7357,0.4883,6.057,25.3758,11.5527
38080.0,1.3282,4.8688,0.4883,5.0135,25.5496,11.5664
38085.0,1.3281,5.14,0.4785,5.0373,25.7587,11.5391
38090.0,1.3279,5.4059,0.4883,5.3878,25.968,11.5391
38095.0,1.3283,4.7879,0.4785,4.4092,25.5822,11.5391
38100.0,1.3282,4.8144,0.4785,4.2851,25.6765,11.5391
38105.0,1.3285,5.4077,0.4785,4.9358,25.5513,11.5254
38110.0,1.328,5.3927,0.4883,3.9325,25.8028,11.5391
38115.0,1.3279,5.1607,0.4883,4.5912,25.9393,11.5254
38120.0,1.329,5.4102,0.4883,6.0451,25.2122,11.5117
38125.0,1.328,5.4286,0.498,4.6844,25.8951,11.5254
38130.0,1.3284,5.5376,0.498,5.423,25.4876,11.5391
38135.0,1.3283,5.2069,0.4785,4.6268,25.476,11.5664
38140.0,1.3276,5.2955,0.4883,3.4733,26.0336,11.5664
38145.0,1.3277,4.6206,0.4883,4.2943,25.8925,11.5801
38150.0,1.3275,5.3636,0.5078,5.7935,26.0683,11.5938
38155.0,1.3282,4.7193,0.4785,4.8912,25.4343,11.5938
38160.0,1.3271,5.3243,0.4785,4.6721,26.5062,11.5801
38165.0,1.3275,4.8514,0.498,6.7524,26.1962,11.5664
38170.0,1.3279,4.6492,0.4883,5.8931,25.7307,11.5801
38175.0,1.3277,4.6508,0.5078,6.1111,25.9575,11.5801
38180.0,1.3282,5.0636,0.4688,5.3454,25.6181,11.5664
38185.0,1.3278,4.8719,0.4883,4.968,25.8211,11.5664
38190.0,1.3276,5.2034,0.4785,4.2527,26.1069,11.5527
38195.0,1.3275,4.9333,0.4785,5.1191,26.278,11.5391
38200.0,1.3282,4.9106,0.4883,5.0673,25.4989,11.5801
38205.0,1.3276,5.5881,0.498,4.7281,26.0132,11.5801
38210.0,1.328,4.961,0.4785,4.0775,25.6343,11.5801
38215.0,1.3279,5.2222,0.5078,4.2131,25.7789,11.5664
38220.0,1.3289,4.6532,0.4883,5.0434,25.0879,11.5664
38225.0,1.3275,5.3446,0.459,5.2557,26.2591,11.5527
38230.0,1.3279,5.1387,0.4785,4.8236,25.8907,11.5527
38235.0,1.3284,5.2389,0.498,5.066,25.4797,11.5527
38240.0,1.3281,5.27,0.4785,5.2728,25.7315,11.5527
38245.0,1.3277,4.9621,0.4785,5.8516,26.0466,11.5527
38250.0,1.3286,4.8447,0.4785,4.0124,25.3512,11.5527
38255.0,1.3281,4.7503,0.4883,4.0183,25.6142,11.5664
38260.0,1.3282,5.679,0.4688,4.861,25.5422,11.5664
38265.0,1.3275,5.6569,0.4883,4.7786,26.0679,11.5801
38270.0,1.328,5.1179,0.4883,4.6645,25.7109,11.5801
38275.0,1.3279,4.9107,0.4785,6.021,25.7719,11.5664
38280.0,1.3279,4.8148,0.4883,6.6144,25.7669,11.5664
38285.0,1.328,5.062,0.4688,3.3953,25.721,11.5527
38290.0,1.3285,4.7667,0.4785,5.4926,25.3014,11.5664
38295.0,1.3284,5.1734,0.4883,4.6978,25.4636,11.5527
38300.0,1.3289,4.9877,0.498,6.0937,25.0242,11.5801
38305.0,1.3278,4.9288,0.5078,5.9211,25.7785,11.5938
38310.0,1.3281,4.9101,0.4883,4.9003,25.4661,11.6074
38315.0,1.3276,5.6229,0.4688,3.686,25.9015,11.6211
38320.0,1.3276,4.5905,0.4688,5.1336,25.8239,11.6211
38325.0,1.3276,4.9346,0.4883,5.7792,25.8561,11.6074
38330.0,1.3276,4.7676,0.4883,6.5768,25.9183,11.6074
38335.0,1.3277,4.7911,0.4785,3.9712,25.7249,11.6211
38340.0,1.3274,5.0791,0.498,5.9807,25.9227,11.6484
38345.0,1.3272,4.6365,0.4785,4.1278,26.2058,11.6348
38350.0,1.3274,5.4901,0.4883,4.652,26.0237,11.6074
38355.0,1.3278,5.7038,0.4785,5.322,25.6092,11.6211
38360.0,1.3273,4.7254,0.498,5.0112,26.0512,11.6348
38365.0,1.3272,4.8912,0.4883,5.5252,26.0606,11.6484
38370.0,1.3277,5.3646,0.4883,3.9592,25.621,11.6484
38375.0,1.3271,5.0102,0.4883,5.2249,26.1437,11.6621
38380.0,1.3278,4.7045,0.4883,6.323,25.5661,11.6621
38385.0,1.3275,5.1994,0.498,5.0059,25.7851,11.6484
38390.0,1.3274,5.4444,0.4785,3.5255,25.7485,11.6895
38395.0,1.3273,5.0259,0.4883,6.3398,25.8151,11.6895
38400.0,1.3273,5.2657,0.4883,5.1444,25.8151,11.7031
38405.0,1.3269,5.03,0.4883,4.6889,26.2123,11.7031
38410.0,1.3271,5.063,0.5078,4.8882,25.9805,11.7168
38415.0,1.3277,4.8222,0.4785,4.942,25.4733,11.7031
38420.0,1.3275,4.8525,0.4883,4.7833,25.7308,11.6621
38425.0,1.3275,5.0817,0.4785,3.8723,25.8259,11.6484
38430.0,1.3272,5.068,0.4785,5.1351,25.9767,11.6758
38435.0,1.3273,5.3001,0.4883,5.7016,25.9985,11.6621
38440.0,1.3271,5.0136,0.4688,5.0324,26.1686,11.6758
38445.0,1.3272,4.7846,0.4688,3.8421,25.8707,11.7031
38450.0,1.3274,5.4997,0.4785,5.1724,25.6758,11.7168
38455.0,1.3268,4.228,0.498,4.9247,26.2168,11.7168
38460.0,1.3269,4.8599,0.4785,7.0179,26.1952,11.7168
38465.0,1.327,5.2344,0.498,4.2855,26.0396,11.7305
38470.0,1.3273,5.5494,0.4883,5.2839,25.7878,11.7031
38475.0,1.3269,4.8277,0.498,3.8742,26.2423,11.7031
38480.0,1.327,4.8974,0.4785,4.1203,26.0942,11.6895
38485.0,1.3267,4.807,0.4883,4.2832,26.4725,11.6895
38490.0,1.3272,5.4287,0.4883,2.8718,26.0494,11.6758
38495.0,1.327,5.1246,0.498,5.7322,26.1056,11.6895
38500.0,1.3269,5.4064,0.4785,4.7745,26.2301,11.7031
38505.0,1.3271,4.6404,0.4785,5.0782,26.0385,11.6758
38510.0,1.3272,5.0004,0.4785,4.0785,25.9537,11.6758
38515.0,1.3275,5.2891,0.498,5.1844,25.8277,11.6484
38520.0,1.327,4.9627,0.4785,4.2415,26.3605,11.6348
38525.0,1.327,5.1783,0.4688,4.4795,26.456,11.6211
38530.0,1.3276,4.7596,0.498,5.2566,25.8518,11.6211
38535.0,1.3275,5.0117,0.4883,6.2365,25.9623,11.6074
38540.0,1.3269,5.0325,0.5078,5.5272,26.6488,11.5938
38545.0,1.3276,5.0038,0.4688,4.6217,25.8898,11.6074
38550.0,1.3272,4.6933,0.4883,4.4753,26.3253,11.5938
38555.0,1.3277,5.3584,0.4883,6.8082,25.847,11.6074
38560.0,1.3273,4.9613,0.4785,5.4579,26.1845,11.5938
38565.0,1.3269,5.0992,0.4785,5.3528,26.5899,11.6074
38570.0,1.3273,5.4024,0.4883,3.8621,26.1362,11.6211
38575.0,1.3271,5.2904,0.498,5.2012,26.2933,11.6211
38580.0,1.3271,4.9916,0.4883,5.1009,26.3086,11.6211
38585.0,1.3267,5.1337,0.4785,4.1567,26.8307,11.6074
38590.0,1.3272,4.706,0.5078,4.5257,26.3306,11.6074
38595.0,1.3275,5.4153,0.4785,4.9881,26.0365,11.5938
38600.0,1.3274,5.1152,0.498,6.1032,26.2265,11.5801
38605.0,1.3271,5.0865,0.459,4.5324,26.4568,11.5801
38610.0,1.3272,5.0014,0.498,5.791,26.4307,11.5801
38615.0,1.3276,4.532,0.4785,4.3118,25.9846,11.5801
38620.0,1.3274,4.7006,0.4883,4.3218,26.2295,11.5801
38625.0,1.3273,4.3669,0.4688,3.783,26.24,11.5938
38630.0,1.3272,5.3574,0.4883,4.4761,26.3467,11.5801
38635.0,1.3276,5.1877,0.498,5.7196,26.0769,11.5527
38640.0,1.3274,5.094,0.498,5.5007,26.2205,11.5664
38645.0,1.3279,5.3542,0.459,4.8988,25.8282,11.5664
38650.0,1.3277,5.2361,0.498,5.6484,25.9615,11.5664
38655.0,1.3274,4.9016,0.498,3.6241,26.1044,11.5938
38660.0,1.3277,5.1344,0.4883,4.6715,25.8141,11.5938
38665.0,1.3272,4.6416,0.4785,5.2657,26.2414,11.6074
38670.0,1.3275,4.8076,0.4883,4.9885,26.0474,11.5801
38675.0,1.3272,5.4437,0.4883,4.9888,26.3784,11.5938
38680.0,1.3277,4.4982,0.4883,6.2523,25.8038,11.5938
38685.0,1.3273,4.9281,0.498,4.8241,26.2543,11.5938
38690.0,1.3273,5.5827,0.4883,5.3688,26.1804,11.5938
38695.0,1.3276,4.5993,0.4785,4.6736,25.8611,11.6074
38700.0,1.3273,4.9605,0.459,5.5973,26.1325,11.6211
38705.0,1.3266,4.9665,0.4883,6.8046,26.8119,11.6348
38710.0,1.3273,5.1896,0.4785,5.4474,25.9755,11.6484
38715.0,1.3271,5.6307,0.498,5.3653,26.3028,11.6348
38720.0,1.3273,5.4754,0.4785,4.6109,26.1485,11.6211
38725.0,1.3277,5.2576,0.498,4.9216,25.8088,11.6074
38730.0,1.3274,4.9224,0.4785,4.1519,26.0837,11.6074
38735.0,1.3274,5.337,0.4688,4.8022,26.1219,11.5938
38740.0,1.3269,5.3692,0.498,5.1212,26.6526,11.5938
38745.0,1.3277,5.1901,0.498,4.6589,25.7967,11.5938
38750.0,1.3271,5.0186,0.4883,5.7046,26.3693,11.6074
38755.0,1.3272,4.9257,0.4785,5.1407,26.2486,11.6211
38760.0,1.3273,5.4428,0.498,4.8789,26.1562,11.6074
38765.0,1.3276,4.7431,0.4883,4.5789,25.9015,11.5938
38770.0,1.3269,5.2373,0.4883,4.5303,26.5793,11.6074
38775.0,1.327,5.2045,0.4883,5.0983,26.4009,11.6348
38780.0,1.3271,4.968,0.4785,5.87,26.1972,11.6484
38785.0,1.3269,5.6478,0.4688,3.15,26.3992,11.6484
38790.0,1.3272,5.2121,0.498,3.3348,26.1238,11.6348
38795.0,1.3269,5.3375,0.4785,4.9942,26.4544,11.6348
38800.0,1.3272,4.4355,0.4785,4.8359,26.1736,11.6211
38805.0,1.3271,5.2873,0.4883,4.4252,26.2494,11.6211
38810.0,1.3275,5.5164,0.4883,5.8166,25.945,11.6211
38815.0,1.3272,5.639,0.4883,4.4826,26.1855,11.6348
38820.0,1.327,5.0402,0.4785,5.9816,26.4047,11.6211
38825.0,1.3276,4.8336,0.4883,6.0692,25.8213,11.6211
38830.0,1.3272,5.3419,0.498,4.0756,26.356,11.5938
38835.0,1.3271,4.9862,0.4785,5.725,26.3204,11.6211
38840.0,1.3273,5.0208,0.4785,4.9004,25.951,11.6484
38845.0,1.3268,5.3154,0.4883,4.651,26.3559,11.6895
38850.0,1.3271,4.6711,0.4785,3.8093,26.0557,11.6895
38855.0,1.3268,5.0714,0.4883,6.1386,26.2967,11.7031
38860.0,1.3269,5.3604,0.4785,4.237,26.2082,11.6895
38865.0,1.327,4.8675,0.4785,5.4469,26.0751,11.7031
38870.0,1.3272,4.9693,0.5078,4.3345,25.9523,11.7031
38875.0,1.3269,5.1892,0.4883,5.9843,26.2851,11.6895
38880.0,1.3266,4.9709,0.4883,5.0151,26.5345,11.7031
38885.0,1.3272,5.2935,0.4688,2.4583,25.8813,11.7031
38890.0,1.3269,4.802,0.4785,3.9707,26.3647,11.6758
38895.0,1.327,4.8593,0.4785,5.5865,26.0762,11.7031
38900.0,1.3275,4.8313,0.4688,6.2849,25.7241,11.6895
38905.0,1.327,5.3979,0.498,5.3465,26.1009,11.7031
38910.0,1.327,5.0586,0.4785,5.1264,26.1034,11.6895
38915.0,1.3268,5.0534,0.4785,4.8495,26.3288,11.6895
38920.0,1.3266,5.1612,0.4883,6.3462,26.4935,11.7168
38925.0,1.3268,5.1449,0.4785,3.9794,26.3892,11.6895
38930.0,1.3272,5.0956,0.498,5.3527,26.0317,11.6758
38935.0,1.327,4.8894,0.498,5.3875,26.2202,11.6621
38940.0,1.3274,5.0786,0.4883,4.8274,25.9313,11.6484
38945.0,1.3274,5.2562,0.4883,5.7259,26.0191,11.6348
38950.0,1.3272,4.8817,0.4785,4.6898,26.1819,11.6348
38955.0,1.3269,5.0576,0.498,6.2337,26.2822,11.6895
38960.0,1.3269,4.7487,0.4785,5.4914,26.3357,11.6758
38965.0,1.3273,5.1357,0.498,6.7091,25.9073,11.6895
38970.0,1.3267,5.3776,0.4785,5.2222,26.4918,11.6895
38975.0,1.3265,5.2681,0.4785,5.1107,26.7165,11.7031
38980.0,1.3267,4.8166,0.4883,5.1979,26.3079,11.7168
38985.0,1.3268,4.8582,0.4785,4.7298,26.1433,11.7305
38990.0,1.3266,5.1206,0.5078,5.9231,26.2828,11.7578
38995.0,1.3267,5.2442,0.4688,4.5949,26.1762,11.7715
39000.0,1.3269,4.8153,0.5078,5.1796,25.907,11.7715
39005.0,1.3264,5.0914,0.4883,5.5821,26.4186,11.7988
39010.0,1.3266,4.9776,0.4785,4.6513,26.3154,11.7715
39015.0,1.3267,5.2934,0.4785,5.3155,26.2211,11.7715
39020.0,1.3265,5.0569,0.459,4.5891,26.3433,11.7852
39025.0,1.3267,5.2995,0.4883,6.6013,26.1892,11.7715
39030.0,1.3269,5.0209,0.498,4.8991,25.9501,11.7715
39035.0,1.3267,5.3065,0.4688,5.7841,26.0144,11.7988
39040.0,1.3263,5.0144,0.4785,3.3758,26.3869,11.8262
39045.0,1.3264,5.2163,0.498,4.126,26.4265,11.8125
39050.0,1.3262,5.5292,0.5078,5.2727,26.5103,11.8262
39055.0,1.3266,4.4754,0.4785,4.8936,25.9329,11.8535
39060.0,1.3262,5.1841,0.498,4.5382,26.4179,11.8809
39065.0,1.3264,4.9762,0.4883,5.0818,26.0878,11.8945
39070.0,1.3265,5.0443,0.4688,4.7833,25.8618,11.9082
39075.0,1.3263,4.8027,0.498,5.4437,25.9936,11.9355
39080.0,1.3262,4.6652,0.498,6.1276,26.175,11.9219
39085.0,1.3259,4.6269,0.4785,5.0813,26.496,11.9492
39090.0,1.3258,5.066,0.4785,4.9307,26.4784,11.9902
39095.0,1.326,4.7781,0.4883,4.599,26.203,11.9902
39100.0,1.3259,5.0379,0.4785,5.0676,26.2945,12.0039
39105.0,1.3258,5.0668,0.4785,5.6864,26.426,12.0176
39110.0,1.326,5.4469,0.4785,4.7949,26.1221,12.0176
39115.0,1.3259,4.7566,0.4785,5.3782,26.3339,12.0039
39120.0,1.3261,5.3833,0.5078,5.1755,26.1494,11.9766
39125.0,1.3261,4.5634,0.4883,4.7664,26.1032,11.9766
39130.0,1.326,5.5012,0.4785,5.2087,26.1569,11.9902
39135.0,1.3262,5.1763,0.4785,3.9859,25.9332,11.9902
39140.0,1.3262,5.1029,0.4883,6.0868,25.9863,11.9766
39145.0,1.3259,5.1427,0.4785,5.2244,26.3837,11.9902
39150.0,1.3263,5.2029,0.4785,4.9325,25.847,11.9902
39155.0,1.326,4.9903,0.4785,4.6339,26.292,11.9902
39160.0,1.3263,4.6162,0.4883,5.4168,25.8376,11.9902
39165.0,1.326,5.192,0.4688,6.0363,26.2743,11.9902
39170.0,1.3257,5.4473,0.4883,4.7156,26.5695,12.0039
39175.0,1.3261,5.3834,0.4785,4.2799,26.1667,11.9902
39180.0,1.326,5.2484,0.4785,5.6821,26.261,11.9902
39185.0,1.3257,4.7588,0.4785,2.8897,26.76,11.9902
39190.0,1.3262,5.1992,0.4688,4.5402,25.9924,11.9766
39195.0,1.3262,5.2005,0.498,5.0935,25.9006,12.0039
39200.0,1.3259,5.0657,0.4785,5.4503,26.2477,12.0039
39205.0,1.3262,4.5623,0.4883,5.401,25.9525,12.0039
39210.0,1.326,5.6924,0.4688,4.6585,26.0925,12.0176
39215.0,1.3259,4.944,0.4785,5.8608,26.2724,12.0176
39220.0,1.326,4.4652,0.4688,4.9009,26.1715,12.0039
39225.0,1.3262,4.8191,0.4883,3.7639,25.9565,11.9902
39230.0,1.3259,4.9655,0.4883,4.4101,26.3769,12.0039
39235.0,1.326,4.8813,0.498,3.9083,26.2684,11.9766
39240.0,1.326,5.3612,0.4883,5.936,26.3641,11.9766
39245.0,1.326,5.3238,0.4883,4.4921,26.25,11.9766
39250.0,1.326,5.3629,0.4785,5.7405,26.308,11.9766
39255.0,1.3261,4.5076,0.4883,4.8211,26.0855,11.9902
39260.0,1.3263,5.2936,0.4785,4.5784,25.8695,11.9766
39265.0,1.326,5.1564,0.4883,4.9827,26.1895,11.9902
39270.0,1.3261,5.3696,0.4883,5.2338,26.1281,11.9766
39275.0,1.3264,5.0029,0.4883,5.8946,25.697,12.0039
39280.0,1.3259,5.3272,0.498,4.9562,26.2816,12.0039
39285.0,1.3259,5.0727,0.498,6.275,26.3397,12.0176
39290.0,1.326,4.8676,0.4785,5.7663,26.0622,12.0176
39295.0,1.3258,5.1389,0.498,4.6887,26.4423,12.0176
39300.0,1.3262,4.886,0.4688,4.7234,25.9581,11.9902
39305.0,1.326,5.6119,0.5078,6.036,26.2094,12.0039
39310.0,1.326,4.9063,0.498,4.8937,26.2104,11.9766
39315.0,1.3259,4.9676,0.4883,6.1938,26.3514,11.9766
39320.0,1.3261,4.2803,0.4883,5.4673,26.1089,11.9766
39325.0,1.3262,4.8673,0.498,5.0978,26.0483,11.9766
39330.0,1.3264,4.8365,0.498,6.5848,25.6701,11.9902
39335.0,1.3265,4.9496,0.5078,6.7119,25.5998,11.9902
39340.0,1.3262,5.391,0.498,5.1237,25.9837,11.9766
39345.0,1.3263,4.7414,0.4883,5.9287,25.8406,11.9766
39350.0,1.3259,5.1117,0.498,3.5434,26.4503,11.9766
39355.0,1.3263,4.6641,0.4883,5.7842,25.8512,11.9629
39360.0,1.3265,4.9751,0.4883,4.9666,25.7099,11.9492
39365.0,1.3261,5.0023,0.4883,4.7859,26.2743,11.9629
39370.0,1.3265,4.8064,0.4785,6.3694,25.677,11.9766
39375.0,1.3261,5.3941,0.5078,5.7624,26.0927,11.9902
39380.0,1.3264,4.662,0.4883,5.5098,25.7527,11.9629
39385.0,1.3261,4.5676,0.4883,4.1798,26.1916,11.9629
39390.0,1.3258,4.8038,0.498,6.1477,26.6724,11.9629
39395.0,1.326,5.3116,0.4785,5.9591,26.1986,11.9766
39400.0,1.3261,4.5401,0.4883,5.4047,26.2018,11.9766
39405.0,1.3264,4.9871,0.4785,4.0497,25.6651,11.9902
39410.0,1.3264,5.5144,0.4883,5.2243,25.6733,11.9902
39415.0,1.3266,5.3641,0.4785,6.9121,25.5723,11.9629
39420.0,1.3262,5.6487,0.4785,4.7656,26.1171,11.9492
39425.0,1.3264,5.0451,0.498,5.0788,25.8039,11.9629
39430.0,1.3264,5.1444,0.4785,5.6382,25.8308,11.9629
39435.0,1.3261,5.058,0.4785,5.4795,26.1731,11.9629
39440.0,1.326,4.7537,0.4785,5.2789,26.2121,11.9902
39445.0,1.3262,5.0225,0.4883,5.09,26.0064,11.9766
39450.0,1.326,5.2173,0.4785,4.0547,26.3375,11.9629
39455.0,1.3266,4.8612,0.498,2.3904,25.4677,11.9766
39460.0,1.3261,4.6176,0.4883,5.056,26.2098,11.9492
39465.0,1.3263,4.8301,0.4883,3.9035,25.9309,11.9492
39470.0,1.3263,4.3539,0.5078,6.3551,25.8533,11.9629
39475.0,1.3261,5.0815,0.4688,3.7954,26.1866,11.9492
39480.0,1.3262,4.9107,0.5078,5.8429,26.1983,11.9219
39485.0,1.3264,5.1296,0.498,6.0875,25.9578,11.9355
39490.0,1.326,4.9165,0.498,4.7857,26.4629,11.9355
39495.0,1.3263,4.939,0.4688,5.4636,26.0025,11.9355
39500.0,1.3262,4.6975,0.4883,4.4524,26.0017,11.9629
39505.0,1.3265,5.2876,0.4883,5.6709,25.6886,11.9492
39510.0,1.3261,4.419,0.4883,5.0805,26.1231,11.9766
39515.0,1.3264,4.9187,0.4785,5.6508,25.7666,11.9629
39520.0,1.3261,4.8502,0.5078,6.7085,26.1312,11.9766
39525.0,1.3264,4.686,0.4785,4.6872,25.7852,11.9766
39530.0,1.3264,4.6851,0.4688,4.3246,25.8004,11.9629
39535.0,1.3265,4.9581,0.4785,5.4151,25.666,11.9629
39540.0,1.3261,5.0103,0.4785,3.413,26.2163,11.9629
39545.0,1.3261,5.0213,0.4883,5.8094,26.0652,11.9766
39550.0,1.3261,4.4378,0.4883,5.1476,26.0865,11.9766
39555.0,1.3264,5.0282,0.4785,4.4265,25.7477,11.9902
39560.0,1.3259,5.1145,0.4883,5.3806,26.3769,11.9902
39565.0,1.326,5.0129,0.4688,4.8923,26.1017,12.0039
39570.0,1.3262,4.8499,0.4785,5.0968,25.8623,12.0176
39575.0,1.326,4.8256,0.4883,4.5403,26.1579,12.0039
39580.0,1.3264,4.7939,0.4785,5.4026,25.7723,11.9766
39585.0,1.3264,5.1529,0.498,5.9173,25.7907,11.9629
39590.0,1.3261,4.5515,0.498,6.0858,26.1335,11.9629
39595.0,1.3263,5.1145,0.4883,4.6361,25.8177,11.9902
39600.0,1.3262,4.5583,0.4883,4.4924,25.9198,12.0176
39605.0,1.3259,5.5395,0.4785,3.5227,26.1595,12.0312
39610.0,1.3261,4.8403,0.4883,4.0977,25.8928,12.0312
39615.0,1.3258,4.9055,0.498,5.8341,26.3035,12.0449
39620.0,1.3261,5.2711,0.4785,5.539,25.9448,12.0312
39625.0,1.326,5.6956,0.498,5.8562,25.9153,12.0586
39630.0,1.3262,5.232,0.498,5.4665,25.7223,12.0449
39635.0,1.3259,4.8325,0.4785,4.8935,26.2058,12.0312
39640.0,1.326,4.5859,0.4785,3.9561,26.0285,12.0312
39645.0,1.3262,5.368,0.4883,6.3991,25.7126,12.0449
39650.0,1.3257,4.6042,0.4883,6.0637,26.5193,12.0176
39655.0,1.3259,4.7506,0.4883,4.6828,26.2936,12.0176
39660.0,1.326,5.1947,0.498,4.9711,26.1425,12.0039
39665.0,1.3261,5.1997,0.4785,4.8517,26.0794,11.9902
39670.0,1.3264,5.0154,0.4785,4.0313,25.6893,11.9766
39675.0,1.3262,5.2615,0.4883,5.4687,25.9811,11.9766
39680.0,1.3259,5.157,0.4883,3.6483,26.4625,11.9629
39685.0,1.3262,4.8468,0.4785,3.987,25.8791,12.0176
39690.0,1.3259,5.1879,0.5078,6.6545,26.4255,11.9902
39695.0,1.3261,4.6621,0.4883,4.8303,26.0941,11.9902
39700.0,1.3265,5.3227,0.4883,4.4044,25.5685,11.9902
39705.0,1.3259,5.4093,0.4785,5.6587,26.2011,12.0312
39710.0,1.3262,4.5491,0.4883,4.8846,25.81,12.0312
39715.0,1.3261,4.6511,0.4688,4.3895,25.9134,12.0449
39720.0,1.326,4.64,0.4883,5.8535,26.0066,12.0449
39725.0,1.3259,4.7382,0.4785,4.7364,26.2452,12.0449
39730.0,1.326,4.9784,0.4883,5.8759,26.0928,12.0449
39735.0,1.3259,4.5553,0.498,6.1475,26.2416,12.0449
39740.0,1.3261,5.2495,0.498,4.9105,25.8678,12.0449
39745.0,1.3261,4.807,0.498,4.7495,25.8834,12.0312
39750.0,1.3259,4.896,0.4883,5.1029,26.2173,12.0312
39755.0,1.3258,5.624,0.5078,6.1726,26.4171,12.0312
39760.0,1.326,4.8024,0.4688,4.8554,26.0717,12.0176
39765.0,1.3262,4.7371,0.4785,5.9427,25.8825,12.0176
39770.0,1.3261,4.5482,0.4785,5.7463,26.0825,12.0039
39775.0,1.3263,5.5676,0.459,5.3463,25.807,12.0039
39780.0,1.326,4.9828,0.498,4.1619,26.1939,12.0039
39785.0,1.3262,5.0822,0.498,4.6881,25.9729,11.9902
39790.0,1.326,5.0551,0.4883,4.4614,26.3722,11.9766
39795.0,1.3266,5.4728,0.4883,5.0113,25.5315,11.9766
39800.0,1.3263,5.1682,0.4883,4.0099,25.9204,11.9629
39805.0,1.3262,5.8758,0.5078,5.9591,26.0815,11.9492
39810.0,1.3264,5.2083,0.498,4.368,25.8485,11.9355
39815.0,1.326,4.8851,0.4883,4.8567,26.2875,11.9629
39820.0,1.3262,5.4798,0.498,5.8231,26.0624,11.9766
39825.0,1.3266,5.5234,0.498,6.9894,25.4878,11.9766
39830.0,1.3263,5.0621,0.4785,5.0025,25.9507,11.9766
39835.0,1.3263,4.7213,0.5078,4.5344,25.9412,11.9766
39840.0,1.3262,5.2192,0.4883,6.1187,26.0267,11.9492
39845.0,1.3264,5.1591,0.4883,4.3484,25.7715,11.9492
39850.0,1.3262,4.5533,0.4688,5.037,26.0283,11.9629
39855.0,1.3263,5.1354,0.498,5.2069,25.7628,11.9902
39860.0,1.326,5.3012,0.4785,4.2203,26.3286,11.9766
39865.0,1.3266,4.5771,0.4785,3.2606,25.4928,11.9766
39870.0,1.3259,5.1544,0.4883,3.9687,26.3936,11.9902
39875.0,1.3264,5.4555,0.4883,4.2089,25.6753,11.9902
39880.0,1.3263,4.9597,0.4883,4.4615,25.826,11.9902
39885.0,1.326,5.1697,0.5078,4.9651,26.1784,11.9902
39890.0,1.3262,4.9571,0.4883,4.2077,25.9901,11.9902
39895.0,1.3259,5.4091,0.4883,5.9467,26.2349,12.0176
39900.0,1.3263,5.2791,0.4883,4.2719,25.7391,12.0176
39905.0,1.3264,5.263,0.4883,5.6076,25.5786,12.0039
39910.0,1.3261,4.4645,0.4883,5.4118,25.9331,12.0176
39915.0,1.3261,5.0391,0.4785,5.5442,26.0722,11.9902
39920.0,1.3261,4.6996,0.498,5.3311,26.0652,12.0176
39925.0,1.3261,5.3735,0.4883,6.0815,25.8962,12.0312
39930.0,1.3257,5.0463,0.4785,5.4756,26.656,12.0039
39935.0,1.3262,4.8389,0.459,4.9208,25.9532,11.9902
39940.0,1.3262,4.9213,0.4883,3.4131,26.0492,11.9766
39945.0,1.3261,4.964,0.4785,3.7021,26.1038,11.9902
39950.0,1.3261,5.2219,0.498,4.8535,25.9565,12.0176
39955.0,1.3262,5.4359,0.4688,3.7139,25.8812,12.0176
39960.0,1.3258,5.2548,0.4785,6.065,26.3959,12.0176
39965.0,1.326,4.7531,0.4785,5.3766,26.0823,12.0176
39970.0,1.3261,5.2222,0.4883,6.0593,26.0337,11.9902
39975.0,1.3264,5.5902,0.498,5.2296,25.6981,11.9902
39980.0,1.3262,4.7952,0.4785,3.481,25.978,11.9902
39985.0,1.3264,4.4583,0.4785,4.813,25.7695,11.9766
39990.0,1.3262,5.5385,0.498,5.136,26.0407,11.9492
39995.0,1.326,5.1421,0.4688,5.0681,26.3664,11.9492
40000.0,1.3261,5.021,0.4883,6.4309,26.1514,11.9766
40005.0,1.3261,4.8761,0.4883,4.24,25.9412,12.0039
40010.0,1.3262,5.0297,0.4785,4.3829,25.902,12.0176
40015.0,1.3259,4.8134,0.4883,4.4801,26.2921,12.0039
40020.0,1.3261,5.2332,0.4883,5.1167,25.9216,12.0176
40025.0,1.3261,5.2961,0.4688,5.567,26.005,12.0176
40030.0,1.3259,4.4267,0.498,5.708,26.29,12.0312
40035.0,1.326,4.9874,0.4785,5.2144,26.1549,12.0312
40040.0,1.326,5.267,0.4785,3.7853,26.1704,12.0176
40045.0,1.3259,4.5632,0.498,5.8464,26.2321,12.0176
40050.0,1.3259,4.9731,0.4883,3.2637,26.2895,12.0312
40055.0,1.3263,4.9782,0.4883,3.9598,25.706,12.0312
40060.0,1.326,5.3435,0.4883,5.1438,26.0594,12.0312
40065.0,1.326,4.7186,0.4688,4.3161,26.0976,12.0449
40070.0,1.3259,4.4359,0.498,5.5324,26.1031,12.0586
40075.0,1.326,4.6042,0.4785,5.7059,26.0085,12.0449
40080.0,1.3258,5.1582,0.4785,5.1603,26.3383,12.0586
40085.0,1.3257,4.7239,0.498,5.3467,26.4818,12.0586
40090.0,1.3259,5.2193,0.4785,4.7294,26.2165,12.0586
40095.0,1.3261,5.7089,0.498,5.5608,25.8081,12.0586
40100.0,1.3262,5.0124,0.498,5.8998,25.74,12.0586
40105.0,1.3257,5.2346,0.4785,4.8192,26.469,12.0449
40110.0,1.3263,4.6334,0.4785,5.4436,25.7811,12.0039
40115.0,1.326,5.0799,0.4688,4.4917,26.2765,11.9902
40120.0,1.3262,4.9591,0.4688,4.489,26.034,11.9766
40125.0,1.3256,5.0599,0.4785,4.5664,26.7387,12.0176
40130.0,1.3259,4.8639,0.4785,3.2317,26.3222,12.0176
40135.0,1.3259,5.6923,0.4883,4.9282,26.3137,12.0039
40140.0,1.326,5.1083,0.4785,4.1999,26.1085,12.0176
40145.0,1.3259,5.1099,0.4883,5.1041,26.4199,12.0039
40150.0,1.3262,4.9658,0.4883,4.8736,25.8968,12.0039
40155.0,1.326,5.3971,0.5078,4.1968,26.1676,12.0039
40160.0,1.3257,4.9304,0.4785,5.2103,26.6465,12.0039
40165.0,1.3257,5.4412,0.498,6.0963,26.6139,12.0039
40170.0,1.3259,4.5123,0.4785,6.6852,26.4244,11.9902
40175.0,1.326,5.2181,0.4883,5.8728,26.2407,11.9766
40180.0,1.3259,5.0367,0.4883,3.9378,26.4358,11.9902
40185.0,1.3261,4.9987,0.498,6.3659,26.1239,11.9902
40190.0,1.3256,4.5032,0.4883,5.7567,26.8458,12.0039
40195.0,1.3258,4.9957,0.498,5.1971,26.4323,12.0039
40200.0,1.3257,5.1041,0.4785,4.5261,26.7152,12.0039
40205.0,1.3258,5.3239,0.4785,5.696,26.5728,12.0039
40210.0,1.3259,5.284,0.4883,4.4179,26.2559,12.0176
40215.0,1.3259,4.9522,0.4883,3.9092,26.2997,12.0176
40220.0,1.3258,5.0988,0.498,5.4912,26.51,11.9902
40225.0,1.326,4.7987,0.4883,4.8595,26.2515,11.9902
40230.0,1.326,5.1436,0.498,4.8698,26.2676,11.9902
40235.0,1.326,4.8291,0.4688,4.6667,26.218,11.9766
40240.0,1.3258,4.3075,0.4785,4.5693,26.6025,11.9902
40245.0,1.3259,5.2945,0.4883,6.0908,26.4178,11.9902
40250.0,1.326,5.3591,0.4785,5.9098,26.3746,11.9629
40255.0,1.3261,4.8573,0.4785,5.553,26.2448,11.9492
40260.0,1.326,5.5511,0.498,5.392,26.3301,11.9629
40265.0,1.3261,4.8281,0.498,4.9997,26.2199,11.9629
40270.0,1.326,4.7957,0.4785,6.3682,26.3961,11.9629
40275.0,1.326,5.245,0.4785,5.638,26.3539,11.9492
40280.0,1.3261,5.5844,0.5078,5.6926,26.36,11.9219
40285.0,1.3258,4.9207,0.498,4.8931,26.8963,11.9082
40290.0,1.3263,5.271,0.4883,5.3281,26.2712,11.8809
40295.0,1.326,4.6597,0.4785,4.7189,26.6515,11.8945
40300.0,1.3261,4.9908,0.4785,5.3021,26.3412,11.9082
40305.0,1.3259,4.7989,0.4688,4.6101,26.655,11.9355
40310.0,1.3258,4.9488,0.4785,6.7821,26.7056,11.9355
40315.0,1.3258,5.1767,0.4785,4.6061,26.7826,11.9355
40320.0,1.3257,4.8737,0.4785,5.3817,26.7855,11.9492
40325.0,1.3259,5.0428,0.498,4.8256,26.4317,11.9766
40330.0,1.3256,4.7146,0.498,4.9923,26.9117,11.9766
40335.0,1.3259,5.1234,0.498,3.6778,26.3342,11.9902
40340.0,1.3259,5.1369,0.4883,3.9953,26.4215,11.9766
40345.0,1.3257,4.8582,0.4785,5.1898,26.824,11.9629
40350.0,1.3258,4.7343,0.4785,5.6316,26.7428,11.9629
40355.0,1.3256,5.1013,0.4785,5.6655,26.9225,11.9629
40360.0,1.3256,4.8258,0.4883,4.7776,26.8594,11.9766
40365.0,1.3257,5.3601,0.4785,3.861,26.5752,12.0176
40370.0,1.3257,5.4514,0.498,5.9245,26.6476,12.0176
40375.0,1.3257,5.1997,0.498,5.3029,26.7537,12.0039
40380.0,1.3258,4.6215,0.4688,4.0252,26.6128,11.9766
40385.0,1.3259,4.7485,0.4785,5.0489,26.4698,11.9766
40390.0,1.3259,5.2491,0.498,4.1098,26.4027,11.9902
40395.0,1.3257,5.2341,0.4785,4.2147,26.7482,11.9766
40400.0,1.3257,5.0425,0.4883,5.4101,26.7922,11.9766
40405.0,1.3257,5.4346,0.4883,5.041,26.8623,11.9492
40410.0,1.3257,4.7739,0.4883,5.4948,26.7792,11.9629
40415.0,1.3257,4.9558,0.4883,4.066,26.9158,11.9629
40420.0,1.3258,4.7625,0.4883,4.5741,26.6361,11.9629
40425.0,1.3258,5.5197,0.4785,4.1487,26.6532,11.9629
40430.0,1.3255,5.212,0.4785,4.7607,27.0199,11.9902
40435.0,1.3256,5.4603,0.498,4.8943,26.8152,12.0039
40440.0,1.3257,5.1466,0.4883,2.4992,26.5261,12.0312
40445.0,1.3255,4.8033,0.4785,5.9718,26.9178,12.0449
40450.0,1.3258,5.1702,0.4785,4.2276,26.4309,12.0449
40455.0,1.3256,5.2635,0.4883,5.4787,26.7208,12.0586
40460.0,1.3254,5.139,0.4883,4.4501,26.9894,12.0586
40465.0,1.3255,5.1512,0.498,5.5167,26.9283,12.0449
40470.0,1.3253,5.3533,0.4883,5.0744,27.294,12.0586
40475.0,1.3253,5.3463,0.498,4.8032,27.1714,12.0586
40480.0,1.3254,4.7581,0.498,5.3679,27.0731,12.0449
40485.0,1.3254,5.4258,0.4785,5.1127,26.9949,12.0449
40490.0,1.3257,5.0311,0.4883,4.2594,26.429,12.0586
40495.0,1.3255,5.0016,0.4688,3.9356,26.8027,12.0449
40500.0,1.3255,4.6961,0.498,5.9258,26.8459,12.0586
40505.0,1.3255,5.0602,0.4785,6.3114,26.9263,12.0586
40510.0,1.3254,5.0951,0.498,4.9275,27.0937,12.0176
40515.0,1.3256,5.2034,0.4785,3.8374,26.6585,12.0312
40520.0,1.3255,5.0144,0.4785,3.4552,26.8053,12.0312
40525.0,1.3254,5.3339,0.4785,4.8112,27.088,12.0312
40530.0,1.3252,5.0134,0.4785,5.8218,27.5712,12.0312
40535.0,1.3255,5.4306,0.498,4.4603,26.9505,12.0449
40540.0,1.3253,5.5246,0.4883,6.0198,27.1818,12.0586
40545.0,1.3254,5.6473,0.4883,6.38,27.0675,12.0723
40550.0,1.3253,5.0302,0.4785,4.1575,27.2571,12.0859
40555.0,1.3253,5.048,0.4883,3.6764,27.096,12.0859
40560.0,1.3254,5.0947,0.4883,4.5948,26.9457,12.0859
40565.0,1.3251,4.8697,0.4883,4.14,27.6156,12.0723
40570.0,1.3253,4.7879,0.5078,6.0074,27.191,12.0586
40575.0,1.3254,4.8363,0.4785,4.753,27.068,12.0586
40580.0,1.3253,4.9957,0.4688,3.3904,27.1991,12.0449
40585.0,1.3253,4.9185,0.459,4.1692,27.2702,12.0449
40590.0,1.3251,5.1522,0.4785,5.8497,27.6945,12.0449
40595.0,1.3254,5.2853,0.4785,5.6231,27.1258,12.0312
40600.0,1.3252,5.5224,0.4785,6.2402,27.4257,12.0586
40605.0,1.3253,4.7643,0.4883,5.8593,27.3104,12.0312
40610.0,1.3254,4.9789,0.4785,4.6867,27.0708,12.0312
40615.0,1.3252,4.7106,0.4883,4.0074,27.5016,12.0449
40620.0,1.3253,5.6402,0.4883,5.2211,27.2576,12.0859
40625.0,1.325,5.3776,0.498,4.894,27.729,12.0996
40630.0,1.3252,5.5215,0.4883,4.9379,27.3576,12.127
40635.0,1.3251,5.1343,0.4688,3.6637,27.5062,12.127
40640.0,1.3253,5.0683,0.4883,4.6901,26.9807,12.1406
40645.0,1.325,5.1041,0.4883,6.3682,27.7082,12.1406
40650.0,1.3252,5.5084,0.498,6.1283,27.1235,12.1406
40655.0,1.3249,5.3224,0.4883,5.0929,27.857,12.168
40660.0,1.3251,5.1903,0.4785,5.7241,27.2389,12.1543
40665.0,1.325,5.2003,0.5078,5.3746,27.6738,12.1543
40670.0,1.3251,5.1368,0.4688,4.5713,27.2977,12.1816
40675.0,1.3249,4.9084,0.4785,4.2754,27.7206,12.1953
40680.0,1.325,4.2762,0.4883,5.0621,27.5996,12.1816
40685.0,1.3249,5.1262,0.4785,3.9296,27.6278,12.209
40690.0,1.325,5.3879,0.4883,4.2632,27.6504,12.1816
40695.0,1.3249,4.7131,0.4785,4.6567,27.8993,12.1816
40700.0,1.3251,5.085,0.4883,5.4745,27.3215,12.1953
40705.0,1.325,4.8583,0.4688,5.4312,27.6537,12.1816
40710.0,1.3248,5.0974,0.4883,6.5578,28.0761,12.1953
40715.0,1.325,4.6353,0.498,5.2126,27.4853,12.1816
40720.0,1.3249,5.4426,0.4883,4.4083,27.8827,12.209
40725.0,1.325,4.9024,0.4785,5.4864,27.5632,12.1953
40730.0,1.3251,4.925,0.498,3.9984,27.2417,12.1816
40735.0,1.3249,5.3361,0.4883,5.4557,27.8149,12.1953
40740.0,1.3248,5.0971,0.4883,4.2737,28.1502,12.1816
40745.0,1.325,4.8514,0.4883,5.677,27.5248,12.1953
40750.0,1.325,4.982,0.4785,5.7319,27.4567,12.1816
40755.0,1.3249,4.2964,0.498,4.4637,27.9511,12.1953
40760.0,1.3249,5.147,0.498,5.5859,27.7846,12.1816
40765.0,1.3247,5.2735,0.4785,3.6202,28.3526,12.1953
40770.0,1.3248,5.3334,0.498,5.5767,27.9565,12.209
40775.0,1.3248,4.6616,0.4883,6.0775,28.193,12.1953
40780.0,1.3247,4.8226,0.4688,6.6833,28.5555,12.168
40785.0,1.3248,4.5698,0.4883,3.9927,28.3949,12.1543
40790.0,1.3249,4.8997,0.4883,6.9951,27.9725,12.1543
40795.0,1.325,5.1443,0.498,4.5872,27.6557,12.1543
40800.0,1.3249,5.028,0.4785,4.2468,28.0046,12.1543
40805.0,1.3249,5.218,0.498,6.6711,28.0597,12.1543
40810.0,1.3248,5.3881,0.498,4.491,28.1057,12.168
40815.0,1.3249,5.497,0.4883,5.6786,27.9795,12.1543
40820.0,1.3249,4.6174,0.4883,5.9597,27.8893,12.1406
40825.0,1.3249,4.8723,0.4883,5.5283,28.2083,12.1133
40830.0,1.3248,5.0943,0.498,4.651,28.4773,12.0996
40835.0,1.3249,5.0449,0.498,4.5198,28.1518,12.0859
40840.0,1.325,4.9805,0.4688,4.8764,27.7206,12.0996
40845.0,1.3248,5.1176,0.4785,5.1239,28.5151,12.0723
40850.0,1.325,5.3669,0.498,5.8751,28.1664,12.0586
40855.0,1.3251,5.2587,0.498,4.7821,27.7362,12.0723
40860.0,1.3249,5.1245,0.4883,5.2416,28.1616,12.0859
40865.0,1.3247,5.3058,0.4785,5.3201,28.8865,12.0723
40870.0,1.3248,5.0214,0.4883,4.5317,28.5523,12.0723
40875.0,1.3248,5.1033,0.4785,4.7433,28.5757,12.0723
40880.0,1.3251,5.3522,0.4883,4.807,27.778,12.0859
40885.0,1.3248,5.0207,0.4785,4.0002,28.6469,12.0859
40890.0,1.325,5.0801,0.498,4.5162,27.9169,12.0723
40895.0,1.3249,5.099,0.4883,5.5835,28.273,12.0723
40900.0,1.325,4.9027,0.4883,4.3709,28.13,12.0449
40905.0,1.325,5.1137,0.4785,4.5422,28.1699,12.0312
40910.0,1.3248,5.3203,0.4688,4.6011,28.829,12.0586
40915.0,1.3249,4.7873,0.4883,6.069,28.3104,12.0449
40920.0,1.3248,4.5459,0.4785,5.8839,28.5586,12.0586
40925.0,1.3248,4.9819,0.4785,3.7963,28.7231,12.0449
40930.0,1.3249,5.1946,0.4883,5.4837,28.3451,12.0586
40935.0,1.3249,5.2852,0.4883,4.1872,28.2447,12.0449
40940.0,1.3248,5.1793,0.4883,2.7189,28.6951,12.0312
40945.0,1.3249,5.0319,0.5176,4.4642,28.457,12.0449
40950.0,1.3249,5.3235,0.4688,4.4404,28.5506,12.0449
40955.0,1.3249,4.9157,0.498,5.0864,28.498,12.0586
40960.0,1.3248,5.3841,0.4883,4.8745,28.5664,12.0449
40965.0,1.3247,5.1356,0.4785,5.3642,28.9441,12.0449
40970.0,1.3248,5.1234,0.4785,4.5536,28.8846,12.0449
40975.0,1.3248,5.4254,0.4883,5.4447,28.7632,12.0449
40980.0,1.3249,4.7804,0.4785,5.72,28.3275,12.0449
40985.0,1.3247,5.5915,0.5078,6.0214,28.9821,12.0723
40990.0,1.3248,5.3075,0.4883,5.5953,28.6412,12.0449
40995.0,1.3247,4.9906,0.4688,3.4858,28.9507,12.0449
41000.0,1.3249,5.2599,0.4883,6.7257,28.5195,12.0176
41005.0,1.3247,4.9334,0.4883,3.9367,29.0287,12.0176
41010.0,1.3248,5.1991,0.4785,4.5132,28.791,12.0039
41015.0,1.3247,4.9836,0.498,5.8462,29.1613,12.0039
41020.0,1.3249,5.0806,0.4688,3.3787,28.7048,11.9902
41025.0,1.3248,4.8451,0.5078,5.9927,28.9151,12.0176
41030.0,1.3249,5.0398,0.4688,4.1833,28.7361,12.0039
41035.0,1.3247,5.2799,0.4883,3.3218,29.4106,12.0039
41040.0,1.3249,5.3015,0.4785,5.3248,29.1442,11.8945
41045.0,1.325,4.5184,0.4785,4.4979,28.8141,11.8809
41050.0,1.3249,5.3341,0.4785,4.283,29.2349,11.8809
41055.0,1.3249,5.0647,0.4785,4.7248,28.9974,11.8672
41060.0,1.3248,5.2851,0.4785,4.1241,29.3686,11.8809
41065.0,1.3249,4.6725,0.4688,3.5645,28.9281,11.8809
41070.0,1.3248,5.3017,0.4883,5.509,29.4202,11.8809
41075.0,1.3248,5.5772,0.4785,4.3219,29.1867,11.8945
41080.0,1.3249,4.8895,0.4785,5.7567,29.0988,11.8945
41085.0,1.3249,4.7323,0.4688,5.6659,29.1897,11.8672
41090.0,1.325,4.9559,0.4883,4.8116,28.8958,11.8398
41095.0,1.3248,4.8625,0.4883,4.8585,29.4803,11.8398
41100.0,1.325,5.5166,0.4883,5.8212,28.8398,11.8398
41105.0,1.325,5.2012,0.459,4.5432,28.9208,11.8262
41110.0,1.325,4.4446,0.4883,4.6388,29.0599,11.8398
41115.0,1.3249,4.7554,0.498,6.2757,29.3489,11.8262
41120.0,1.325,5.3455,0.498,5.1616,28.9994,11.8125
41125.0,1.3251,4.6231,0.4883,5.5115,28.9481,11.7988
41130.0,1.3251,5.1279,0.5078,5.7868,28.9083,11.7988
41135.0,1.325,5.2455,0.4883,5.8242,29.108,11.8125
41140.0,1.3249,5.1764,0.4785,5.7776,29.2893,11.8125
41145.0,1.325,5.2419,0.498,5.8943,29.0414,11.8398
41150.0,1.3249,4.8809,0.4785,4.7622,29.4522,11.8262
41155.0,1.325,5.3299,0.4785,3.8184,28.9325,11.8262
41160.0,1.3249,4.9171,0.4883,6.2753,29.3387,11.8398
41165.0,1.3249,4.8352,0.4785,3.8951,29.1035,11.8398
41170.0,1.3248,5.3308,0.5078,6.0078,29.4266,11.8672
41175.0,1.325,4.8578,0.498,4.626,29.0328,11.8535
41180.0,1.3247,5.7002,0.4883,5.0069,29.7686,11.8535
41185.0,1.3249,4.7384,0.4883,4.3923,29.4758,11.7852
41190.0,1.3249,4.6428,0.4883,5.2901,29.5775,11.7578
41195.0,1.3248,4.7494,0.4883,4.1397,29.9533,11.7305
41200.0,1.3251,5.3067,0.4883,5.5239,29.1657,11.7168
41205.0,1.325,5.2542,0.4883,4.7329,29.5178,11.7031
41210.0,1.3249,4.9267,0.4883,4.8145,29.7856,11.7168
41215.0,1.325,5.0198,0.4785,5.0181,29.4837,11.6895
41220.0,1.325,4.6273,0.4688,4.0136,29.3702,11.7168
41225.0,1.325,5.0832,0.5078,5.1792,29.6191,11.7168
41230.0,1.325,5.1866,0.4883,4.3606,29.3529,11.7305
41235.0,1.3251,5.3167,0.4785,3.8429,29.1658,11.7305
41240.0,1.325,5.2195,0.459,4.9364,29.5265,11.7305
41245.0,1.3249,5.3219,0.4883,4.1507,29.8857,11.7168
41250.0,1.3249,4.985,0.4785,6.0913,29.8683,11.7305
41255.0,1.3248,5.7164,0.4688,3.9301,29.9742,11.7305
41260.0,1.3248,5.0359,0.4883,4.3828,30.0639,11.7031
41265.0,1.325,4.9418,0.498,5.7125,29.7591,11.6758
41270.0,1.3249,4.7636,0.4883,5.2332,29.7822,11.6895
41275.0,1.3249,4.9619,0.4688,5.4845,29.8948,11.6895
41280.0,1.325,4.8993,0.459,5.129,29.6321,11.6758
41285.0,1.325,4.3033,0.4785,4.7621,29.6356,11.6895
41290.0,1.3251,4.4475,0.498,6.2512,29.3071,11.6895
41295.0,1.325,4.4315,0.4883,3.2683,29.4983,11.6895
41300.0,1.3249,5.1246,0.4785,4.214,29.7848,11.7168
41305.0,1.3249,5.5099,0.4883,5.3341,29.6234,11.7305
41310.0,1.325,4.7872,0.4883,3.3461,29.4918,11.7305
41315.0,1.3248,4.8811,0.498,4.6962,29.8836,11.7441
41320.0,1.3248,4.9166,0.4883,6.3772,29.9793,11.7305
41325.0,1.3248,5.0039,0.4785,5.0393,30.0671,11.7031
41330.0,1.325,5.3273,0.4785,5.5017,29.5644,11.6758
41335.0,1.3251,5.2094,0.4883,5.7241,29.5739,11.6484
41340.0,1.325,5.2454,0.4883,3.382,29.9343,11.6074
41345.0,1.325,4.8652,0.498,5.2138,30.0501,11.6074
41350.0,1.325,4.9004,0.4785,3.8761,29.849,11.6074
41355.0,1.325,4.6848,0.4785,4.3297,29.9338,11.6211
41360.0,1.325,4.5517,0.4785,3.8957,30.0113,11.6074
41365.0,1.325,4.8225,0.4785,4.9776,30.1805,11.5801
41370.0,1.325,5.1166,0.498,4.7558,30.3796,11.5527
41375.0,1.325,5.0666,0.4883,4.4329,30.0953,11.5527
41380.0,1.325,5.2072,0.4883,5.3836,30.3449,11.5527
41385.0,1.325,4.7479,0.5078,5.5978,30.1012,11.5801
41390.0,1.325,4.802,0.4883,4.0332,29.8975,11.5938
41395.0,1.3249,5.1113,0.4883,5.7786,30.3525,11.6074
41400.0,1.325,4.7384,0.498,5.1432,30.1877,11.5801
41405.0,1.325,4.779,0.459,5.3092,30.0538,11.5801
41410.0,1.3251,4.8131,0.4785,6.2359,29.7898,11.5938
41415.0,1.325,4.9992,0.4688,4.6149,30.0316,11.5938
41420.0,1.325,4.7252,0.498,5.0213,29.9619,11.6211
41425.0,1.3249,5.2092,0.498,6.1083,30.3046,11.6074
41430.0,1.325,4.8369,0.4785,4.4158,29.925,11.5938
41435.0,1.325,4.9672,0.4883,4.7566,30.0091,11.6074
41440.0,1.325,4.9111,0.498,4.391,30.0803,11.5938
41445.0,1.3249,5.3081,0.4688,5.8485,30.4223,11.5801
41450.0,1.325,5.1309,0.4785,5.6564,30.3715,11.5527
41455.0,1.3249,5.0295,0.4883,5.8344,30.5552,11.5391
41460.0,1.325,5.2207,0.4785,3.9426,30.2969,11.5117
41465.0,1.325,5.4802,0.4785,4.172,30.5353,11.5254
41470.0,1.325,4.6306,0.5078,3.7921,30.449,11.498
41475.0,1.325,4.902,0.4883,6.455,30.4864,11.5117
41480.0,1.3252,5.5107,0.4883,5.5428,30.0031,11.498
41485.0,1.3249,5.5474,0.4785,4.8443,30.8276,11.498
41490.0,1.3251,5.1139,0.4785,5.1519,30.5554,11.416
41495.0,1.3251,5.6827,0.4883,5.3398,30.592,11.4297
41500.0,1.3251,5.2277,0.4688,5.5797,30.5643,11.4434
41505.0,1.3251,4.9508,0.4785,4.8116,30.2886,11.457
41510.0,1.3252,4.422,0.4688,5.2474,30.2408,11.457
41515.0,1.3251,4.9341,0.4785,3.7232,30.542,11.4297
41520.0,1.3252,4.5158,0.4688,4.4785,30.4058,11.4297
41525.0,1.3251,4.6345,0.4785,4.382,30.3916,11.4297
41530.0,1.325,4.4988,0.4883,5.3074,30.9837,11.416
41535.0,1.3253,4.9337,0.4883,5.8211,30.4271,11.3613
41540.0,1.3251,4.983,0.4785,4.7393,30.877,11.3477
41545.0,1.3254,4.7863,0.4883,5.9009,30.3942,11.3203
41550.0,1.3254,5.2704,0.4785,4.2451,30.2716,11.3203
41555.0,1.3251,5.1921,0.4883,5.701,31.0482,11.3203
41560.0,1.3254,4.752,0.4688,4.971,30.4122,11.3203
41565.0,1.3253,4.9877,0.4785,6.0534,30.6045,11.3066
41570.0,1.3253,4.0946,0.4688,4.796,30.5131,11.3203
41575.0,1.3252,4.6635,0.4688,4.078,30.7495,11.334
41580.0,1.3252,4.5218,0.4785,6.5543,30.6641,11.334
41585.0,1.3253,4.7293,0.4883,4.6962,30.5121,11.3203
41590.0,1.3252,5.0719,0.4883,4.1816,30.6554,11.334
41595.0,1.3252,4.7578,0.4883,5.6612,30.7504,11.3066
41600.0,1.3252,4.8936,0.4785,5.2714,30.7778,11.3066
41605.0,1.3253,4.8172,0.4883,6.104,30.5131,11.3203
41610.0,1.3252,4.9963,0.4785,5.7148,30.9163,11.293
41615.0,1.3255,5.0752,0.5273,5.6514,30.4414,11.2656
41620.0,1.3254,5.0445,0.4688,5.4335,30.4923,11.293
41625.0,1.3252,4.7945,0.4688,3.3067,30.8959,11.3066
41630.0,1.3251,5.2263,0.4883,5.6971,31.1637,11.3066
41635.0,1.3252,4.5781,0.4688,4.9937,30.9821,11.3066
41640.0,1.3252,4.5638,0.4785,4.6659,30.9456,11.293
41645.0,1.3252,4.6117,0.498,5.1403,30.8545,11.3066
41650.0,1.3252,5.0882,0.4883,5.5087,30.8703,11.293
41655.0,1.3253,4.8358,0.4688,3.6301,30.7763,11.293
41660.0,1.3252,4.4899,0.498,5.7475,30.7473,11.3066
41665.0,1.3253,4.8374,0.4785,4.3456,30.725,11.293
41670.0,1.3252,5.5262,0.498,4.6974,30.6905,11.3203
41675.0,1.3254,5.4538,0.498,4.9624,30.3703,11.3066
41680.0,1.3251,5.12,0.4883,5.8268,31.0794,11.3066
41685.0,1.3253,4.9713,0.4883,5.569,30.8261,11.2793
41690.0,1.3251,5.6711,0.5078,6.0071,31.0367,11.3066
41695.0,1.3252,4.5444,0.4688,5.4426,30.6693,11.3203
41700.0,1.325,4.4384,0.4883,4.8939,31.3366,11.3066
41705.0,1.3253,4.9243,0.4688,4.8821,30.9392,11.252
41710.0,1.3252,5.0926,0.4785,5.9137,31.2104,11.252
41715.0,1.3254,5.1141,0.498,5.6397,30.5846,11.252
41720.0,1.3254,5.2076,0.4785,3.3305,30.675,11.2246
41725.0,1.3252,4.1053,0.4883,4.1196,31.2261,11.2383
41730.0,1.3253,5.5916,0.4785,3.4038,31.0061,11.2246
41735.0,1.3255,4.6561,0.498,6.1101,30.6467,11.2246
41740.0,1.3253,4.8882,0.4688,5.7463,30.9515,11.2383
41745.0,1.3252,4.9871,0.4688,4.087,31.0049,11.2656
41750.0,1.3251,4.8524,0.5176,5.6418,31.3566,11.2656
41755.0,1.3254,4.7258,0.4883,5.9869,30.6123,11.2383
41760.0,1.3254,5.3787,0.4883,4.5802,30.7827,11.2383
41765.0,1.3252,4.9208,0.4883,3.9826,31.2673,11.2383
41770.0,1.3254,4.7102,0.498,4.6886,30.731,11.2383
41775.0,1.3252,5.0036,0.4883,5.1259,31.2677,11.2246
41780.0,1.3252,4.5768,0.459,5.1923,31.206,11.2246
41785.0,1.3254,4.7169,0.4688,4.9215,30.9675,11.2109
41790.0,1.3252,4.8191,0.498,5.9577,31.2563,11.2383
41795.0,1.3253,4.8963,0.498,4.4394,30.9808,11.2246
41800.0,1.3253,4.7459,0.4785,4.2789,31.2197,11.1973
41805.0,1.3254,5.4373,0.5078,5.852,31.101,11.1699
41810.0,1.3253,4.5772,0.4785,4.306,31.311,11.1699
41815.0,1.3252,4.6925,0.4785,4.6487,31.5422,11.1699
41820.0,1.3255,4.7246,0.4785,3.9066,30.9401,11.1426
41825.0,1.3256,5.5468,0.5176,5.2216,30.8713,11.1289
41830.0,1.3255,4.6842,0.4883,4.886,30.9863,11.1289
41835.0,1.3255,4.9244,0.4883,3.8931,31.2696,11.1016
41840.0,1.3256,4.9286,0.4688,4.4921,30.9354,11.1016
41845.0,1.3255,5.0432,0.4883,6.2983,31.2401,11.0879
41850.0,1.3256,4.9345,0.5078,6.2881,30.902,11.1016
41855.0,1.3256,4.665,0.498,5.8376,31.0914,11.0879
41860.0,1.3258,5.0845,0.4883,5.6301,30.7408,11.0742
41865.0,1.3256,5.2375,0.4688,3.5803,31.1309,11.0605
41870.0,1.3255,5.4459,0.4883,4.4681,31.4602,11.0605
41875.0,1.3255,5.3979,0.4883,4.8708,31.4297,11.0469
41880.0,1.3257,5.2777,0.498,6.08,31.0131,11.0332
41885.0,1.3255,5.9332,0.4688,3.702,31.4049,11.0469
41890.0,1.3257,4.8371,0.498,5.88,31.1992,11.0332
41895.0,1.3257,5.1929,0.498,4.4302,31.1725,11.0332
41900.0,1.3257,4.7182,0.498,5.3284,31.2268,11.0332
41905.0,1.3258,5.3075,0.4883,4.6241,31.0501,11.0195
41910.0,1.3255,4.5801,0.4883,4.8173,31.5122,11.0332
41915.0,1.3258,5.1832,0.498,5.1154,30.941,11.0195
41920.0,1.3257,4.9856,0.4883,5.4325,31.0659,11.0332
41925.0,1.3258,5.4637,0.4688,5.5523,30.8835,11.0605
41930.0,1.3258,4.3942,0.4785,5.2701,30.6313,11.0742
41935.0,1.3255,5.2835,0.498,4.1529,31.1544,11.0879
41940.0,1.3255,5.1299,0.4883,5.8854,31.2563,11.1016
41945.0,1.3252,4.6271,0.498,5.0599,31.8549,11.1289
41950.0,1.3257,5.1487,0.498,4.6305,31.0091,11.0742
41955.0,1.3256,5.0391,0.4688,6.6978,31.123,11.0879
41960.0,1.3254,5.0762,0.4785,3.9252,31.4456,11.0879
41965.0,1.3257,4.8568,0.498,4.6928,30.9846,11.0742
41970.0,1.3256,5.1928,0.4883,3.8091,31.1826,11.0742
41975.0,1.3254,5.3874,0.4883,4.8886,31.4589,11.0742
41980.0,1.3255,4.897,0.4785,6.4583,31.2355,11.0879
41985.0,1.3254,5.4315,0.4688,5.1361,31.5755,11.0879
41990.0,1.3255,5.2905,0.498,3.6868,31.2197,11.1016
41995.0,1.3254,4.6518,0.4883,6.7414,31.4432,11.1016
42000.0,1.3253,5.2306,0.498,3.6175,31.5563,11.1152
42005.0,1.3254,4.9951,0.498,5.2919,31.1621,11.1289
42010.0,1.3253,5.6471,0.4883,5.8409,31.453,11.1699
42015.0,1.3256,5.1018,0.498,6.4799,30.691,11.1562
42020.0,1.3252,4.8642,0.4785,4.3185,31.8023,11.1426
42025.0,1.3256,5.9313,0.498,4.1641,31.0716,11.0879
42030.0,1.3256,4.7888,0.4785,5.5484,30.9666,11.1152
42035.0,1.3253,5.0443,0.4785,3.4949,31.304,11.1426
42040.0,1.3253,5.066,0.4688,4.4306,31.3948,11.1289
42045.0,1.3252,4.8825,0.498,4.4374,31.5742,11.1562
42050.0,1.3252,5.3091,0.498,5.0676,31.7571,11.1426
42055.0,1.3256,5.0602,0.4785,4.7196,30.9657,11.1016
42060.0,1.3255,4.9377,0.4883,3.6786,31.0806,11.1152
42065.0,1.3256,5.3416,0.498,5.064,30.9909,11.1016
42070.0,1.3254,4.7223,0.4688,4.7163,31.3514,11.1016
42075.0,1.3253,5.2336,0.498,4.9895,31.495,11.1152
42080.0,1.3254,4.5521,0.498,5.6,31.502,11.0742
42085.0,1.3256,5.3566,0.459,4.286,31.1969,11.0742
42090.0,1.3256,5.2036,0.4688,4.8574,31.1717,11.0605
42095.0,1.3256,4.7495,0.4883,4.5809,31.2025,11.0605
42100.0,1.3257,5.4558,0.4785,4.2303,31.1518,11.0469
42105.0,1.3255,4.8074,0.4785,3.7141,31.4693,11.0469
42110.0,1.3258,4.7953,0.4883,6.394,30.9372,11.0469
42115.0,1.3255,5.0671,0.4883,4.1463,31.3251,11.0605
42120.0,1.3256,5.1373,0.4688,4.1216,31.2767,11.0605
42125.0,1.3258,5.0112,0.498,5.012,30.8096,11.0332
42130.0,1.3256,4.6967,0.4883,4.8083,31.3049,11.0332
42135.0,1.3257,5.5327,0.4883,5.1647,31.1563,11.0195
42140.0,1.3253,4.8357,0.4883,5.9424,31.9711,11.0332
42145.0,1.3256,4.8786,0.4883,6.3503,31.3686,11.0332
42150.0,1.3257,5.3539,0.4785,6.2667,31.1837,11.0195
42155.0,1.3257,4.9419,0.4883,3.6232,31.0942,11.0195
42160.0,1.3258,4.5207,0.498,3.9259,31.1517,10.9922
42165.0,1.3257,4.9689,0.4883,4.8342,31.3827,10.9922
42170.0,1.3258,5.2258,0.4883,5.1615,31.0481,10.9922
42175.0,1.3255,5.0121,0.498,5.4838,31.5882,11.0059
42180.0,1.3255,4.6488,0.4785,6.1175,31.5058,11.0332
42185.0,1.3256,5.3964,0.4883,5.5803,31.2344,11.0332
42190.0,1.3256,4.4744,0.4785,5.4215,31.4917,11.0195
42195.0,1.3256,5.0517,0.4883,6.0184,31.3247,11.0332
42200.0,1.3256,4.9452,0.4883,5.0226,31.5226,11.0195
42205.0,1.3257,5.4464,0.4785,5.4286,31.1309,11.0332
42210.0,1.3257,5.457,0.4883,4.8009,31.1037,11.0195
42215.0,1.3257,5.1784,0.4785,4.3286,31.2688,11.0059
42220.0,1.3259,4.8721,0.4785,5.5481,30.9081,11.0195
42225.0,1.3255,5.0447,0.4883,5.6651,31.818,10.9785
42230.0,1.3258,5.1333,0.4688,6.565,31.133,10.9785
42235.0,1.3258,4.8258,0.498,5.6902,31.3186,10.9785
42240.0,1.3259,4.7526,0.4883,3.5245,31.2962,10.9375
42245.0,1.3257,5.3856,0.498,3.3623,31.6425,10.9375
42250.0,1.3258,4.7354,0.4883,4.019,31.4725,10.9375
42255.0,1.3263,5.0382,0.4688,5.4458,30.7063,10.9102
42260.0,1.326,4.6848,0.4883,3.6299,31.1832,10.9238
42265.0,1.3261,5.052,0.4883,5.5328,31.0347,10.9238
42270.0,1.326,5.1785,0.4785,4.7727,31.1786,10.9238
42275.0,1.3257,5.4802,0.4785,5.5792,31.7182,10.9238
42280.0,1.3259,5.3127,0.4883,6.1723,31.2117,10.9238
42285.0,1.3256,4.9491,0.498,6.0308,31.7117,10.9512
42290.0,1.3258,5.026,0.4883,5.9302,31.3355,10.9648
42295.0,1.3258,4.9368,0.4785,4.8236,31.5786,10.9375
42300.0,1.3259,4.6664,0.498,5.904,31.1577,10.9512
42305.0,1.3257,4.9531,0.5078,5.8366,31.5177,10.9648
42310.0,1.3259,4.9063,0.498,3.8931,31.0863,10.9785
42315.0,1.3257,5.1136,0.4883,4.4616,31.4709,10.9648
42320.0,1.326,4.9467,0.4785,3.8039,30.7963,10.9922
42325.0,1.3257,5.4171,0.4785,5.6288,31.3001,11.0195
42330.0,1.3256,4.4128,0.4883,5.5581,31.4157,11.0195
42335.0,1.3257,5.1026,0.4688,3.8803,31.1747,11.0332
42340.0,1.3256,4.6977,0.4883,5.0351,31.3775,11.0195
42345.0,1.3256,4.9159,0.4883,5.1513,31.3742,11.0059
42350.0,1.3259,5.237,0.4883,4.6589,30.8732,10.9922
42355.0,1.3258,4.7827,0.498,5.7989,31.2043,10.9785
42360.0,1.3257,5.1247,0.4688,5.8196,31.4353,10.9648
42365.0,1.3259,5.1364,0.4883,5.7438,31.2233,10.9375
42370.0,1.326,5.3766,0.4883,4.0795,31.1046,10.9238
42375.0,1.3261,5.1071,0.4883,5.5227,30.9954,10.9238
42380.0,1.3259,5.3493,0.498,6.0719,31.2069,10.9375
42385.0,1.3259,4.3632,0.4785,5.4759,31.2029,10.9375
42390.0,1.3262,5.2801,0.4883,5.8127,30.787,10.9375
42395.0,1.3259,5.1133,0.4883,5.5217,31.4272,10.9238
42400.0,1.326,5.4586,0.498,5.573,31.1656,10.9238
42405.0,1.3259,4.3496,0.4883,3.9402,31.2964,10.9238
42410.0,1.3259,5.0824,0.4688,5.629,31.136,10.9512
42415.0,1.3259,4.8807,0.4883,6.9805,31.1234,10.9512
42420.0,1.3259,5.2081,0.4883,5.0071,31.1261,10.9512
42425.0,1.3258,5.6043,0.4883,4.2978,31.2681,10.9648
42430.0,1.3258,4.8059,0.4785,4.6355,31.298,10.9512
42435.0,1.3257,5.3781,0.4883,4.756,31.5638,10.9648
42440.0,1.3258,4.9928,0.4883,4.2343,31.3197,10.9648
42445.0,1.3258,4.6844,0.459,4.5572,31.1768,10.9785
42450.0,1.3257,5.1971,0.4883,4.8965,31.595,10.9648
42455.0,1.3259,5.1807,0.5078,6.532,31.2247,10.9375
42460.0,1.3259,4.51,0.4785,5.5128,31.2452,10.9375
42465.0,1.3261,5.0623,0.4883,5.7138,30.735,10.9648
42470.0,1.3259,5.2911,0.4883,5.5605,31.1509,10.9648
42475.0,1.3259,5.1365,0.4883,4.0847,31.0169,10.9785
42480.0,1.326,4.9616,0.4785,4.7799,30.7729,10.9785
42485.0,1.3258,5.2654,0.4883,5.9123,31.4056,10.9648
42490.0,1.3258,4.8274,0.498,5.1158,31.29,10.9648
42495.0,1.3258,5.1355,0.5078,5.3303,31.1251,10.9922
42500.0,1.3258,4.9912,0.4883,4.766,31.16,10.9922
42505.0,1.3257,5.5713,0.4785,4.433,31.2795,11.0195
42510.0,1.3258,4.9886,0.4785,6.8378,31.1613,11.0059
42515.0,1.3256,4.8993,0.5078,5.2572,31.3685,11.0195
42520.0,1.3258,5.1055,0.498,5.803,31.383,10.9648
42525.0,1.326,5.0362,0.498,5.9276,31.184,10.9375
42530.0,1.326,5.1561,0.498,6.2142,31.114,10.9238
42535.0,1.3258,5.022,0.4785,5.3803,31.4856,10.9238
42540.0,1.3262,5.1451,0.4883,6.4287,30.8856,10.8965
42545.0,1.326,5.0801,0.4883,5.4811,31.2859,10.8828
42550.0,1.3261,4.3613,0.4688,4.4766,31.1238,10.8828
42555.0,1.3261,4.4862,0.4785,3.3141,31.2932,10.8828
42560.0,1.3263,5.4616,0.4785,5.7423,31.3323,10.8145
42565.0,1.3266,5.298,0.4883,5.419,31.3522,10.7324
42570.0,1.3269,5.491,0.4883,6.2715,31.2599,10.6641
42575.0,1.3274,4.9246,0.4785,5.0655,31.1671,10.582
42580.0,1.3275,4.9486,0.4688,6.0026,31.0928,10.5684
42585.0,1.3277,4.8675,0.4883,4.9916,31.2827,10.5
42590.0,1.3278,4.6077,0.4785,4.7347,31.637,10.4453
42595.0,1.3281,5.355,0.5078,5.5954,31.3951,10.4316
42600.0,1.3293,4.4206,0.4785,4.6919,30.7827,10.3496
42605.0,1.3297,4.9766,0.5078,5.148,31.0144,10.2812
42610.0,1.3303,5.2792,0.4688,3.3116,31.0018,10.1992
42615.0,1.3313,4.933,0.498,5.2256,31.1145,10.0898
42620.0,1.3327,5.244,0.4785,5.8824,31.0831,9.9805
42625.0,1.3339,5.3756,0.498,5.5799,30.7238,9.9531
42630.0,1.3341,5.0699,0.498,5.3529,31.2199,9.8711
42635.0,1.3353,5.2477,0.4883,3.8259,31.0347,9.8164
42640.0,1.3373,5.2366,0.498,5.2908,30.7987,9.748
42645.0,1.3392,4.9039,0.4785,4.2584,31.0573,9.625
42650.0,1.3415,5.3865,0.4785,5.9377,31.1282,9.5156
42655.0,1.3457,5.0986,0.4785,6.0762,30.6937,9.4336
42660.0,1.3483,6.3052,0.4883,4.7259,30.7951,9.3379
42665.0,1.3529,5.9371,0.4785,5.7903,30.4101,9.2695
42670.0,1.3541,5.4049,0.4785,4.5382,31.2503,9.1465
42675.0,1.3607,5.3036,0.4883,4.8354,30.8809,9.0508
42680.0,1.3651,5.6527,0.498,6.1284,31.2432,8.9414
42685.0,1.3737,5.867,0.4883,6.1201,31.3215,8.8047
42690.0,1.3808,6.0384,0.4883,5.1706,31.3518,8.709
42695.0,1.3951,6.014,0.4785,5.4581,30.8555,8.5996
42700.0,1.4071,6.3996,0.4883,5.9466,31.237,8.4629
42705.0,1.4224,7.0747,0.4785,5.5529,30.653,8.3945
42710.0,1.4392,7.034,0.4883,5.4484,30.996,8.2578
42715.0,1.4597,7.1104,0.4785,6.5101,30.9891,8.1484
42720.0,1.4841,7.6992,0.498,6.6987,30.8095,8.0391
42725.0,1.5156,8.725,0.4883,7.0021,30.9764,7.9023
42730.0,1.5589,8.955,0.498,8.029,31.1947,7.752
42735.0,1.5909,10.3113,0.5078,7.897,30.8689,7.6699
42740.0,1.6516,10.8395,0.5078,10.3638,30.7229,7.5332
42745.0,1.7038,11.7021,0.5176,10.7792,30.6838,7.4238
42750.0,1.7781,12.9104,0.5273,13.4308,31.0039,7.2871
42755.0,1.8556,13.9832,0.5273,15.1828,30.8863,7.1777
42760.0,1.9594,16.1929,0.5371,18.1988,30.9468,7.041
42765.0,2.0607,17.6465,0.5469,21.1215,30.922,6.9453
42770.0,2.2446,20.5336,0.5566,26.2217,30.8681,6.7949
42775.0,2.4076,23.9205,0.5859,33.9681,30.8498,6.6992
42780.0,2.5916,27.4373,0.625,41.3456,30.8225,6.6035
42785.0,2.8454,31.7245,0.6836,52.1706,30.7064,6.4668
42790.0,3.1167,36.1737,0.7617,66.138,31.1707,6.3301
42795.0,3.2914,39.3126,0.8203,75.4313,30.6305,6.248
42800.0,3.4459,42.3179,0.8789,82.5138,31.0402,6.1797
42805.0,3.5723,45.2671,0.8984,92.1426,30.727,6.084
42810.0,3.6842,46.6815,0.9473,97.5824,30.7622,5.9746
42815.0,3.7554,48.0077,0.9766,102.7674,30.9967,5.9062
42820.0,3.8126,48.2706,0.9863,105.8435,30.9317,5.7695
42825.0,3.8201,49.5429,1.0059,105.5873,30.3753,5.6738
42830.0,3.8364,49.3273,1.0156,107.4272,30.8874,5.5781
42835.0,3.8476,49.4159,1.0352,108.1496,31.1597,5.4688
42840.0,3.8503,48.7908,1.0449,108.0447,31.0378,5.4277
42845.0,3.8567,49.6415,1.0352,107.002,30.9606,5.3184
42850.0,3.8606,49.7823,1.0547,109.3889,30.9542,5.25
42855.0,3.8637,49.5867,1.0059,108.7511,30.9251,5.1816
42860.0,3.8646,49.9559,1.0547,110.2204,30.936,5.168
42865.0,3.8702,50.1554,1.0547,110.1701,31.106,5.0312
42870.0,3.8721,49.7508,1.0449,110.115,30.69,4.9219
42875.0,3.8743,49.5601,1.0352,109.4038,31.0083,4.8672
42880.0,3.8763,49.8623,1.0449,110.9142,30.6727,4.7305
42885.0,3.8783,50.4,1.0254,108.4408,30.8737,4.6348
42890.0,3.8788,49.6838,1.0645,110.3103,30.596,4.5664
42895.0,3.8801,49.9238,1.0547,109.609,30.9319,4.4844
42900.0,3.8809,50.2186,1.0156,109.1805,30.9126,4.4023
42905.0,3.8816,49.8539,1.0547,110.6697,30.6347,4.2793
42910.0,3.8824,50.3234,1.0449,110.1817,30.8216,4.1699
42915.0,3.883,49.7504,1.0352,111.0591,31.0605,4.0742
42920.0,3.8831,49.9653,1.0254,108.7869,30.5676,3.9922
42925.0,3.8833,49.7838,1.0254,109.531,30.1319,3.8828
42930.0,3.8838,49.9554,1.0645,109.4413,30.463,3.7598
42935.0,3.884,49.9915,1.0449,109.7143,30.5125,3.6914
42940.0,3.8842,49.9441,1.0352,110.2927,30.7069,3.623
42945.0,3.8843,49.9979,1.0449,110.7657,30.803,3.5684
42950.0,3.8844,50.4094,1.0449,109.8394,30.7931,3.459
42955.0,3.8845,50.3518,1.0547,108.8168,30.593,3.3633
42960.0,3.8846,50.0284,1.0254,108.64,30.9571,3.2812
42965.0,3.8847,50.392,1.0449,110.3373,30.6925,3.1719
42970.0,3.8847,50.0,1.0254,109.1455,30.4834,3.0488
42975.0,3.8848,49.6693,1.0547,110.3918,30.3353,2.9668
42980.0,3.8848,49.4019,1.0449,110.3686,30.8191,2.8711
42985.0,3.8849,49.9568,1.0547,109.8917,31.0019,2.7617
42990.0,3.8849,49.271,1.0449,110.9538,30.3291,2.6387
42995.0,3.8849,49.854,1.0352,108.4757,30.8259,2.543
43000.0,3.8849,49.9794,1.0352,110.2376,31.0264,2.4609
43005.0,3.8849,49.7679,1.0352,110.3273,30.3396,2.3789
43010.0,3.8849,50.5058,1.0449,110.2782,30.5032,2.2832
43015.0,3.885,50.4992,1.0352,107.3777,30.7671,2.1875
43020.0,3.885,49.6124,1.0449,109.6515,30.5681,2.1328
43025.0,3.885,49.9307,1.0449,111.1593,31.0315,2.0645
43030.0,3.885,49.9038,1.0352,110.8454,30.8452,1.9141
43035.0,3.885,50.0568,1.0352,111.1983,30.953,1.791
43040.0,3.885,49.9514,1.0352,110.6714,31.0978,1.709
43045.0,3.885,50.1322,1.0352,110.4014,30.733,1.6406
43050.0,3.885,49.7718,1.0547,109.7447,30.6091,1.5723
43055.0,3.885,49.531,1.0645,109.9144,30.8167,1.5039
43060.0,3.885,50.0394,1.0352,110.4731,30.9822,1.4082
43065.0,3.885,50.3538,1.0449,108.5296,30.5741,1.4082
43070.0,3.885,50.0995,1.0547,111.4665,31.0349,1.3398
43075.0,3.885,49.4765,1.0742,109.6728,30.6404,1.2441
43080.0,3.885,50.1018,1.0449,108.861,30.246,1.1895
43085.0,3.885,50.1774,1.0352,110.1672,30.6002,1.0938
43090.0,3.885,49.7179,1.0547,110.6612,30.8317,0.9844
43095.0,3.885,49.7417,1.0254,109.3847,30.5235,0.916
43100.0,3.885,50.0686,1.0352,110.6148,30.5072,0.8203
43105.0,3.885,50.2499,1.0254,109.5787,30.162,0.752
43110.0,3.885,49.6494,1.0352,110.085,31.0153,0.6699
43115.0,3.885,50.1954,1.0254,110.0427,30.6776,0.6289
43120.0,3.885,49.946,1.0352,110.1288,30.5146,0.5605
43125.0,3.885,49.8983,1.0449,110.5066,30.7046,0.5059
43130.0,3.885,49.8448,1.0352,110.1834,30.5832,0.4512
43135.0,3.885,50.0383,1.0352,110.2049,30.3716,0.4102
43140.0,3.885,49.4966,1.0254,109.0953,30.7944,0.3418
43145.0,3.885,50.3319,1.0449,110.4753,30.3587,0.2324
43150.0,3.885,50.1326,1.0254,110.3439,30.5644,0.1914
43155.0,3.885,50.3654,1.0254,109.3862,30.5834,0.0957
43160.0,3.885,50.13,1.0352,109.3449,30.5175,0.0273
43165.0,3.885,50.0748,1.0449,109.5945,30.7522,0.0
43170.0,3.885,50.5853,1.0352,110.1003,29.9012,0.0
43175.0,3.885,50.3293,1.0547,110.1281,30.717,0.0
43180.0,3.885,49.7702,1.0449,109.9271,30.5998,0.0
43185.0,3.885,50.3981,1.0352,110.1567,30.7279,0.0
43190.0,3.885,49.9035,1.0449,108.2577,30.2706,0.0
43195.0,3.885,50.5629,1.0449,110.1591,30.2792,0.0
43200.0,3.885,50.191,1.0254,110.4692,30.0703,0.0
43205.0,3.885,49.9978,1.0547,110.7099,30.0688,0.0
43210.0,3.885,50.1806,1.0449,111.2953,30.8131,0.0
43215.0,3.885,49.4969,1.0449,109.418,30.4398,0.0
43220.0,3.885,49.795,1.0547,110.2305,30.7573,0.0
43225.0,3.885,49.8703,1.0352,110.2266,30.114,0.0
43230.0,3.885,50.2294,1.0547,111.5338,30.1744,0.0
43235.0,3.885,49.9884,1.0449,109.2231,30.258,0.0
43240.0,3.885,50.2575,1.0449,110.5819,30.2504,0.0
43245.0,3.885,49.996,1.0254,109.225,30.8427,0.0
43250.0,3.885,50.0227,1.0547,110.9288,30.4549,0.0
43255.0,3.885,49.9289,1.0352,109.4446,30.1372,0.0
43260.0,3.885,49.884,1.0449,110.1803,30.7859,0.0
43265.0,3.885,50.2493,1.0547,110.4937,30.2018,0.0
43270.0,3.885,50.1018,1.0352,109.867,30.6417,0.0
43275.0,3.885,50.3855,1.0254,110.457,30.3337,0.0
43280.0,3.885,49.47,1.0352,109.4109,30.5138,0.0
43285.0,3.885,49.8542,1.0645,111.401,30.4514,0.0
43290.0,3.885,50.0934,1.0449,110.9052,30.7567,0.0
43295.0,3.885,49.7088,1.0156,109.133,30.1492,0.0
43300.0,3.885,50.0003,1.0449,110.5285,30.0964,0.0
43305.0,3.885,50.2406,1.0254,109.5022,30.6069,0.0
43310.0,3.885,50.2277,1.0352,110.0162,30.5176,0.0
43315.0,3.885,49.7545,1.0352,109.8196,30.6741,0.0
43320.0,3.885,50.3982,1.0156,108.0838,30.0878,0.0
43325.0,3.885,49.9643,1.0449,110.2504,30.6619,0.0
43330.0,3.885,50.2514,1.0352,109.8539,30.1687,0.0
43335.0,3.885,50.0769,1.0547,110.6263,30.6053,0.0
43340.0,3.885,49.8734,1.0352,109.7681,30.2306,0.0
43345.0,3.885,50.4295,1.0449,108.9209,30.3004,0.0
43350.0,3.885,49.7381,1.0254,109.8062,31.0159,0.0
43355.0,3.885,49.4997,1.0449,111.1659,30.2059,0.0
43360.0,3.885,49.6871,1.0254,108.5361,30.4609,0.0
43365.0,3.885,50.0862,1.0352,110.3502,30.6948,0.0
43370.0,3.885,50.0482,1.0547,110.0804,30.3826,0.0
43375.0,3.885,49.8574,1.0547,110.4648,30.4201,0.0
43380.0,3.885,50.0991,1.0352,109.8721,29.8284,0.0
43385.0,3.885,49.7029,1.0645,110.1106,30.1739,0.0
43390.0,3.885,50.1287,1.0352,110.2225,30.1149,0.0
43395.0,3.885,50.3594,1.0254,109.5654,30.2364,0.0
43400.0,3.885,50.0235,1.0547,110.7599,30.468,0.0
43405.0,3.885,50.4552,1.0352,109.8353,30.5835,0.0
43410.0,3.885,49.8954,1.0449,109.9321,30.3215,0.0
43415.0,3.885,50.1151,1.0449,109.5984,30.7698,0.0
43420.0,3.885,50.2019,1.0156,109.8222,30.2402,0.0
43425.0,3.885,50.1103,1.0449,109.6177,30.2162,0.0
43430.0,3.885,49.8132,1.0352,109.5437,30.8081,0.0
43435.0,3.885,49.767,1.0547,111.4654,30.4514,0.0
43440.0,3.885,49.9646,1.0254,109.9453,30.7638,0.0
43445.0,3.885,49.4751,1.0449,110.095,30.1351,0.0
43450.0,3.885,49.3465,1.0352,110.2077,30.3543,0.0
43455.0,3.885,50.4143,1.0449,111.373,30.7526,0.0
43460.0,3.885,50.1421,1.0547,111.0746,30.34,0.0
43465.0,3.885,49.3832,1.0449,109.8375,30.4273,0.0
43470.0,3.885,49.9717,1.0449,109.6993,30.3031,0.0
43475.0,3.885,50.1559,1.0645,111.8551,30.0908,0.0
43480.0,3.885,49.7514,1.0254,109.5874,30.8056,0.0
43485.0,3.885,49.3468,1.0449,110.0965,30.0885,0.0
43490.0,3.885,49.9988,1.0254,108.7412,30.8101,0.0
43495.0,3.885,49.6715,1.0352,109.7785,30.8027,0.0
43500.0,3.885,49.8398,1.0449,108.983,30.5468,0.0
43505.0,3.885,50.6066,1.0352,110.136,30.1776,0.0
43510.0,3.885,49.516,1.0449,108.4729,30.379,0.0
43515.0,3.885,50.4999,1.0352,107.5066,30.5971,0.0
43520.0,3.885,49.6315,1.0156,109.7556,30.5317,0.0
43525.0,3.885,49.7588,1.0449,109.6245,30.2323,0.0
43530.0,3.885,49.936,1.0449,110.6009,30.7209,0.0
43535.0,3.885,50.1241,1.0449,110.101,30.5237,0.0
43540.0,3.885,50.5022,1.0352,109.6475,29.8229,0.0
43545.0,3.885,50.0076,1.0449,110.396,30.2992,0.0
43550.0,3.885,50.2467,1.0254,108.2803,30.2714,0.0
43555.0,3.885,50.0219,1.0352,110.4027,30.2371,0.0
43560.0,3.885,50.5758,1.0449,110.2966,29.9336,0.0
43565.0,3.885,50.2441,1.0352,109.1208,30.6843,0.0
43570.0,3.885,49.6571,1.0254,109.5152,30.5618,0.0
43575.0,3.885,49.7786,1.0449,110.7669,30.3372,0.0
43580.0,3.885,50.2382,1.0352,110.3548,30.3692,0.0
43585.0,3.885,49.9533,1.0352,109.5261,30.0949,0.0
43590.0,3.885,50.043,1.0352,111.1916,30.3643,0.0
43595.0,3.885,50.2929,1.0547,110.726,30.6299,0.0
43600.0,3.885,50.1544,1.0449,109.3673,30.2924,0.0
43605.0,3.885,49.5996,1.0352,108.8732,30.883,0.0
43610.0,3.885,50.5408,1.0547,110.7055,30.4948,0.0
43615.0,3.885,49.9136,1.0352,107.8619,30.5121,0.0
43620.0,3.885,50.1501,1.0547,110.0331,30.4868,0.0
43625.0,3.885,49.8908,1.0449,111.3,30.8533,0.0
43630.0,3.885,50.1754,1.0449,111.2593,30.2887,0.0
43635.0,3.885,50.1327,1.0645,110.5706,30.0045,0.0
43640.0,3.885,49.9127,1.0352,110.5459,30.719,0.0
43645.0,3.885,50.2561,1.0254,109.0193,30.4237,0.0
43650.0,3.885,50.2275,1.0352,109.7263,30.7861,0.0
43655.0,3.885,49.8503,1.0449,109.8355,30.3744,0.0
43660.0,3.885,50.2007,1.0449,109.9215,30.9582,0.0
43665.0,3.885,49.5714,1.0254,108.895,30.0647,0.0
43670.0,3.885,50.1596,1.0449,109.288,30.2787,0.0
43675.0,3.885,50.2386,1.0352,109.3079,30.7765,0.0
43680.0,3.885,50.3842,1.0352,110.0744,30.1485,0.0
43685.0,3.885,49.9487,1.0645,110.8257,30.4067,0.0
43690.0,3.885,49.8176,1.0449,111.0004,30.9281,0.0
43695.0,3.885,50.0014,1.0449,109.691,30.3855,0.0
43700.0,3.885,49.7529,1.0254,109.1667,30.2316,0.0
43705.0,3.885,50.4047,1.0449,109.6983,30.9704,0.0
43710.0,3.885,50.122,1.0352,110.1551,30.3876,0.0
43715.0,3.885,49.7119,1.0449,111.0377,30.684,0.0
43720.0,3.885,50.1628,1.0254,109.7439,30.728,0.0
43725.0,3.885,50.5896,1.0547,110.7634,30.665,0.0
43730.0,3.885,50.2671,1.0547,108.5608,30.5573,0.0
43735.0,3.885,49.9475,1.0352,109.7109,30.6165,0.0
43740.0,3.885,49.9215,1.0254,108.9827,30.9518,0.0
43745.0,3.885,49.4096,1.0742,110.8361,30.3319,0.0
43750.0,3.885,50.2585,1.0547,110.1447,30.3035,0.0
43755.0,3.885,50.0679,1.0547,109.8489,30.4055,0.0
43760.0,3.885,50.0338,1.0449,110.8777,30.5585,0.0
43765.0,3.885,49.8278,1.0352,109.541,30.3348,0.0
43770.0,3.885,50.1061,1.0449,110.2703,30.3382,0.0
43775.0,3.885,50.4284,1.0547,110.2487,30.4536,0.0
43780.0,3.885,49.8182,1.0449,110.3664,30.3817,0.0
43785.0,3.885,49.4308,1.0449,109.5257,30.513,0.0
43790.0,3.885,50.1015,1.0449,108.6759,30.475,0.0
43795.0,3.885,49.7517,1.0254,109.8048,30.2177,0.0
43800.0,3.885,49.9314,1.0352,108.9885,30.519,0.0
43805.0,3.885,50.3545,1.0449,109.3624,30.4839,0.0
43810.0,3.885,50.0092,1.0449,110.134,30.7009,0.0
43815.0,3.885,49.638,1.0547,109.2081,30.4518,0.0
43820.0,3.885,50.0654,1.0352,110.5275,30.9132,0.0
43825.0,3.885,50.4248,1.0449,109.4057,30.4381,0.0
43830.0,3.885,49.9535,1.0547,109.2941,30.6643,0.0
43835.0,3.885,50.536,1.0352,110.523,30.2823,0.0
43840.0,3.885,50.0785,1.0449,111.3703,30.3923,0.0
43845.0,3.885,49.0443,1.0254,108.9397,30.6665,0.0
43850.0,3.885,50.071,1.0156,109.3734,30.6928,0.0
43855.0,3.885,49.5459,1.0449,111.4894,30.8808,0.0
43860.0,3.885,50.1936,1.0352,110.2255,30.8722,0.0
43865.0,3.885,50.2544,1.0547,110.6692,30.6561,0.0
43870.0,3.885,49.7832,1.0449,110.8531,30.8056,0.0
43875.0,3.885,49.767,1.0352,110.4733,30.4056,0.0
43880.0,3.885,49.2982,1.0449,109.9058,30.6642,0.0
43885.0,3.885,50.1055,1.0449,110.1719,31.191,0.0
43890.0,3.885,50.2653,1.0254,110.3548,30.565,0.0
43895.0,3.885,49.8053,1.0352,109.2066,30.2046,0.0
43900.0,3.885,50.174,1.0645,109.8516,30.9444,0.0
43905.0,3.885,49.8694,1.0449,109.7731,30.5981,0.0
43910.0,3.885,49.6735,1.0449,109.421,30.2076,0.0
43915.0,3.885,50.2563,1.0352,110.1124,30.8253,0.0
43920.0,3.885,50.0809,1.0645,110.5426,30.4682,0.0
43925.0,3.885,50.0124,1.0547,111.6236,30.769,0.0
43930.0,3.885,50.2815,1.0156,109.3677,30.99,0.0
43935.0,3.885,50.4125,1.0352,109.3757,30.6347,0.0
43940.0,3.885,49.6267,1.0547,109.9274,30.6695,0.0
43945.0,3.885,50.2581,1.0547,109.765,30.6681,0.0
43950.0,3.885,49.667,1.0449,110.1677,30.8736,0.0
43955.0,3.885,50.0672,1.0352,110.0947,30.3389,0.0
43960.0,3.885,50.1328,1.0547,110.1512,30.746,0.0
43965.0,3.885,50.3503,1.0547,111.4311,30.3695,0.0
43970.0,3.885,49.6256,1.0547,110.5872,30.484,0.0
43975.0,3.885,49.6347,1.0352,110.4495,30.6936,0.0
43980.0,3.885,50.5128,1.0547,110.7919,30.4461,0.0
43985.0,3.885,49.7827,1.0352,110.4777,30.6512,0.0
43990.0,3.885,50.2419,1.0449,108.8937,30.8141,0.0
43995.0,3.885,50.0934,1.0352,110.8993,30.6637,0.0
44000.0,3.885,50.695,1.0645,110.6781,30.1689,0.0
44005.0,3.885,50.0018,1.0352,109.9081,30.6061,0.0
44010.0,3.885,50.147,1.0547,109.8589,30.364,0.0
44015.0,3.885,50.1116,1.0352,109.6252,30.7005,0.0
44020.0,3.885,50.5444,1.0254,110.0297,30.5706,0.0
44025.0,3.885,50.0555,1.0254,109.0127,30.7254,0.0
44030.0,3.885,49.9515,1.0352,109.6237,30.8801,0.0
44035.0,3.885,50.0723,1.0449,107.7077,30.6167,0.0
44040.0,3.885,50.1215,1.0352,108.9985,30.7288,0.0
44045.0,3.885,49.4895,1.0449,110.1217,30.1974,0.0
44050.0,3.885,49.8425,1.0449,108.3368,31.1197,0.0
44055.0,3.885,50.1656,1.0352,109.9769,30.7862,0.0
44060.0,3.885,50.1149,1.0449,109.4636,30.6774,0.0
44065.0,3.885,49.9605,1.0547,109.0155,30.3123,0.0
44070.0,3.885,49.7375,1.0449,110.1429,30.666,0.0
44075.0,3.885,50.4942,1.084,112.2449,30.6071,0.0
44080.0,3.885,50.142,1.0547,110.3999,30.6598,0.0
44085.0,3.885,49.6511,1.0449,109.7954,30.8927,0.0
44090.0,3.885,49.8535,1.0449,109.9818,30.1592,0.0
44095.0,3.885,50.1568,1.0352,109.0284,30.4919,0.0
44100.0,3.885,50.0573,1.0352,110.0696,30.8768,0.0
44105.0,3.885,50.0658,1.0449,111.5393,30.8482,0.0
44110.0,3.885,49.9693,1.0547,110.6661,30.5959,0.0
44115.0,3.885,50.1131,1.0352,109.4432,30.7893,0.0
44120.0,3.885,50.1318,1.0254,109.1264,30.9709,0.0
44125.0,3.885,49.2412,1.0352,109.894,31.1782,0.0
44130.0,3.885,49.6761,1.0352,109.0835,30.8473,0.0
44135.0,3.885,49.7798,1.0352,109.924,30.6244,0.0
44140.0,3.885,49.8348,1.0449,108.6195,30.7306,0.0
44145.0,3.885,50.0294,1.0352,108.803,30.781,0.0
44150.0,3.885,49.9818,1.0352,110.0352,31.0086,0.0
44155.0,3.885,49.8674,1.0547,110.7904,30.7384,0.0
44160.0,3.885,49.9353,1.0449,111.6724,30.8176,0.0
44165.0,3.885,50.4045,1.0352,109.2971,30.5785,0.0
44170.0,3.885,50.1123,1.0449,110.3207,30.532,0.0
44175.0,3.885,49.9224,1.0352,110.1476,30.5035,0.0
44180.0,3.885,50.4454,1.0449,111.2123,30.9528,0.0
44185.0,3.885,49.9372,1.0645,110.946,30.8415,0.0
44190.0,3.885,50.0444,1.0449,109.5948,30.6122,0.0
44195.0,3.885,50.0325,1.0352,109.844,30.4948,0.0
44200.0,3.885,49.9195,1.0352,110.5465,31.1766,0.0
44205.0,3.885,50.1392,1.0449,109.834,30.8124,0.0
44210.0,3.885,50.0933,1.0352,111.0053,30.7636,0.0
44215.0,3.885,50.1168,1.0449,110.3461,30.2481,0.0
44220.0,3.885,50.3067,1.0449,109.756,31.276,0.0
44225.0,3.885,49.7762,1.0352,109.7975,30.7819,0.0
44230.0,3.885,50.0436,1.0449,110.4928,30.5708,0.0
44235.0,3.885,50.2914,1.0449,110.6753,30.5151,0.0
44240.0,3.885,49.887,1.0352,110.2771,30.5522,0.0
44245.0,3.885,50.2622,1.0352,110.9511,30.5039,0.0
44250.0,3.885,50.1019,1.0449,108.7024,30.8022,0.0
44255.0,3.885,50.0859,1.0547,111.7357,30.7033,0.0
44260.0,3.885,49.9694,1.0449,110.0959,31.2149,0.0
44265.0,3.885,49.7011,1.0352,108.6322,30.527,0.0
44270.0,3.885,50.2114,1.0449,109.4167,31.0539,0.0
44275.0,3.885,50.3633,1.0352,109.4148,31.0451,0.0
44280.0,3.885,50.024,1.0547,110.9829,30.824,0.0
44285.0,3.885,49.8942,1.0352,110.2037,30.3219,0.0
44290.0,3.885,49.8072,1.0449,109.7707,30.7387,0.0
44295.0,3.885,49.8877,1.0449,109.8266,30.6838,0.0
44300.0,3.885,50.0476,1.0254,110.4004,31.0644,0.0
44305.0,3.885,49.812,1.0352,109.6315,30.9914,0.0
44310.0,3.885,49.8765,1.0352,109.9214,30.7086,0.0
44315.0,3.885,50.038,1.0449,109.2495,30.9807,0.0
44320.0,3.885,49.9737,1.0449,108.4013,30.5001,0.0
44325.0,3.885,50.1568,1.0547,110.7757,30.7924,0.0
44330.0,3.885,49.9095,1.0547,109.439,30.6769,0.0
44335.0,3.885,49.9666,1.0352,109.9846,30.7949,0.0
44340.0,3.885,50.3939,1.0352,108.6968,30.8739,0.0
44345.0,3.885,49.597,1.0742,110.691,31.3015,0.0
44350.0,3.885,50.6583,1.0547,110.8267,31.0878,0.0
44355.0,3.885,49.7851,1.0352,109.2295,30.5535,0.0
44360.0,3.885,50.3079,1.0449,109.5303,31.1371,0.0
44365.0,3.885,49.9345,1.0352,108.9041,30.7606,0.0
44370.0,3.885,49.8775,1.0352,109.3713,30.639,0.0
44375.0,3.885,50.1074,1.0449,109.6948,30.7213,0.0
44380.0,3.885,50.173,1.0352,110.9995,30.8802,0.0
44385.0,3.885,50.3754,1.0449,109.4705,30.8037,0.0
44390.0,3.885,49.7491,1.0254,108.8015,31.0679,0.0
44395.0,3.885,49.8957,1.0254,108.2345,30.5801,0.0
44400.0,3.885,49.7277,1.0254,110.3136,31.0916,0.0
44405.0,3.885,49.6663,1.0254,109.4797,30.7469,0.0
44410.0,3.885,50.0196,1.0254,109.4856,31.0292,0.0
44415.0,3.885,49.8877,1.0449,109.6025,30.6825,0.0
44420.0,3.885,49.9263,1.0352,110.4204,30.2904,0.0
44425.0,3.885,50.0425,1.0449,109.8784,30.6728,0.0
44430.0,3.885,49.9762,1.0449,109.392,30.9697,0.0
44435.0,3.885,50.0733,1.0547,111.0775,30.853,0.0
44440.0,3.885,50.0062,1.0254,109.4381,30.8248,0.0
44445.0,3.885,50.3691,1.0352,109.7224,31.0809,0.0
44450.0,3.885,50.0528,1.0449,109.602,30.7543,0.0
44455.0,3.885,50.1448,1.0449,110.2601,30.9684,0.0
44460.0,3.885,50.1501,1.0449,110.1655,30.6577,0.0
44465.0,3.885,49.3397,1.0449,111.4721,30.5549,0.0
44470.0,3.885,49.8361,1.0547,110.3823,30.7578,0.0
44475.0,3.885,50.0142,1.0352,109.2581,30.5278,0.0
44480.0,3.885,50.0988,1.0352,110.107,30.5084,0.0
44485.0,3.885,50.6952,1.0449,109.4462,30.6312,0.0
44490.0,3.885,50.3122,1.0352,110.2485,30.6756,0.0
44495.0,3.885,49.933,1.0449,108.5928,30.2721,0.0
44500.0,3.885,49.8325,1.0449,109.9962,30.382,0.0
44505.0,3.885,49.8708,1.0156,108.5099,30.7839,0.0
44510.0,3.885,49.781,1.0449,109.357,30.4965,0.0
44515.0,3.885,49.9298,1.0449,109.7394,30.2588,0.0
44520.0,3.885,49.3641,1.0352,110.7498,30.6923,0.0
44525.0,3.885,50.7297,1.0156,109.4897,30.5054,0.0
44530.0,3.885,50.0232,1.0352,109.6642,30.6196,0.0
44535.0,3.885,50.7027,1.0449,109.364,31.1182,0.0
44540.0,3.885,50.1994,1.0547,111.2501,30.8627,0.0
44545.0,3.885,49.8997,1.0449,110.6578,30.4501,0.0
44550.0,3.885,49.5902,1.0352,109.4539,30.3955,0.0
44555.0,3.885,49.3701,1.0449,109.3986,30.7957,0.0
44560.0,3.885,50.1287,1.0352,110.5429,30.8755,0.0
44565.0,3.885,50.2144,1.0352,109.6481,30.7555,0.0
44570.0,3.885,49.4332,1.0449,109.9998,30.4311,0.0
44575.0,3.885,49.7805,1.0352,110.0231,30.462,0.0
44580.0,3.885,49.807,1.0449,109.6809,30.9842,0.0
44585.0,3.885,50.4478,1.0449,109.7767,30.5216,0.0
44590.0,3.885,49.5321,1.0449,110.7649,30.746,0.0
44595.0,3.885,49.6424,1.0156,109.6464,31.1991,0.0
44600.0,3.885,50.591,1.0449,110.1556,30.5499,0.0
44605.0,3.885,50.0204,1.0449,109.4688,30.5875,0.0
44610.0,3.885,50.134,1.0547,110.8159,30.5526,0.0
44615.0,3.885,50.0178,1.0547,110.1914,30.7364,0.0
44620.0,3.885,50.4348,1.0254,110.1287,30.3298,0.0
44625.0,3.885,50.098,1.0352,110.3023,30.7647,0.0
44630.0,3.885,49.7133,1.0449,109.8432,30.7743,0.0
44635.0,3.885,49.811,1.0449,111.1443,30.5476,0.0
44640.0,3.885,49.5326,1.0547,110.2099,30.5481,0.0
44645.0,3.885,50.1863,1.0645,111.3319,30.5245,0.0
44650.0,3.885,50.5364,1.0449,110.6317,30.6895,0.0
44655.0,3.885,49.5687,1.0547,111.1265,30.4246,0.0
44660.0,3.885,49.8779,1.0449,109.0006,30.6298,0.0
44665.0,3.885,49.5482,1.0449,111.1411,30.3458,0.0
44670.0,3.885,50.2595,1.0352,109.1983,30.3658,0.0
44675.0,3.885,49.7275,1.0352,109.2322,31.0706,0.0
44680.0,3.885,50.1385,1.0449,110.1,30.6615,0.0
44685.0,3.885,50.2168,1.0352,108.9276,30.3754,0.0
44690.0,3.885,50.0488,1.0449,109.7286,30.7523,0.0
44695.0,3.885,50.2486,1.0254,109.3115,30.5039,0.0
44700.0,3.885,50.3514,1.0449,109.0006,30.3804,0.0
44705.0,3.885,50.115,1.0449,110.4949,30.1254,0.0
44710.0,3.885,50.504,1.0449,109.5305,30.4402,0.0
44715.0,3.885,50.3743,1.0352,109.9278,30.4333,0.0
44720.0,3.885,49.4418,1.0547,110.0326,30.406,0.0
44725.0,3.885,50.5718,1.0254,109.5923,30.4172,0.0
44730.0,3.885,50.143,1.0352,109.8511,30.9242,0.0
44735.0,3.885,49.8142,1.0547,109.6999,30.5507,0.0
44740.0,3.885,50.1787,1.0449,109.6177,29.9922,0.0
44745.0,3.885,49.7848,1.0547,110.586,30.3052,0.0
44750.0,3.885,49.6691,1.0352,108.2261,30.7281,0.0
44755.0,3.885,50.0048,1.0547,109.3479,30.1673,0.0
44760.0,3.885,49.9323,1.0352,110.0984,30.4263,0.0
44765.0,3.885,49.9728,1.0449,110.1992,30.4859,0.0
44770.0,3.885,49.8294,1.0352,109.9033,30.3686,0.0
44775.0,3.885,50.5747,1.0254,109.226,30.5765,0.0
44780.0,3.885,49.8686,1.0547,109.2444,30.5285,0.0
44785.0,3.885,50.1085,1.0352,108.7084,30.5717,0.0
44790.0,3.885,50.0761,1.0449,110.0786,29.8688,0.0
44795.0,3.885,50.3285,1.0547,111.6208,30.3663,0.0
44800.0,3.885,50.534,1.0449,111.2407,30.5698,0.0
44805.0,3.885,50.6443,1.0352,109.8856,30.4879,0.0
44810.0,3.885,50.1823,1.0352,111.3851,30.2654,0.0
44815.0,3.885,49.8487,1.0547,109.3754,30.2471,0.0
44820.0,3.885,50.2414,1.0547,110.1941,30.4699,0.0
44825.0,3.885,49.9737,1.0449,110.3112,29.9858,0.0
44830.0,3.885,49.3232,1.0449,109.529,30.11,0.0
44835.0,3.885,50.2068,1.0254,108.6872,30.0438,0.0
44840.0,3.885,49.7857,1.0645,110.7894,29.9341,0.0
44845.0,3.885,50.3712,1.0449,109.5697,30.491,0.0
44850.0,3.885,50.6145,1.0547,111.4105,30.5251,0.0
44855.0,3.885,49.9912,1.0449,109.8465,30.5912,0.0
44860.0,3.885,49.1092,1.0449,110.8941,29.5873,0.0
44865.0,3.885,50.271,1.0645,111.697,29.9354,0.0
44870.0,3.885,49.499,1.0547,110.4197,30.0748,0.0
44875.0,3.885,49.6485,1.0254,111.0034,29.8368,0.0
44880.0,3.885,49.6642,1.0254,109.7846,29.7422,0.0
44885.0,3.885,50.0401,1.0449,109.6429,30.3121,0.0
44890.0,3.885,50.3055,1.0449,109.8539,30.389,0.0
44895.0,3.885,49.932,1.0547,109.7443,30.5918,0.0
44900.0,3.885,50.0672,1.0254,109.5565,30.3631,0.0
44905.0,3.885,50.457,1.0254,110.116,30.2367,0.0
44910.0,3.885,50.1768,1.0254,109.2419,29.901,0.0
44915.0,3.885,50.3539,1.0547,111.3439,30.4181,0.0
44920.0,3.885,49.9378,1.0352,110.2238,30.0592,0.0
44925.0,3.885,49.8184,1.0352,110.8301,30.6025,0.0
44930.0,3.885,49.9023,1.0352,109.4836,30.2473,0.0
44935.0,3.885,49.6794,1.0449,109.5131,29.8131,0.0
44940.0,3.885,49.962,1.0254,109.8213,30.0526,0.0
44945.0,3.885,49.7088,1.0352,109.3566,29.8586,0.0
44950.0,3.885,49.9697,1.0352,109.647,29.5721,0.0
44955.0,3.885,49.7914,1.0547,109.6182,30.012,0.0
44960.0,3.885,50.2057,1.0156,109.3455,29.7954,0.0
44965.0,3.885,50.2013,1.0547,109.9254,30.1994,0.0
44970.0,3.885,49.9167,1.0352,109.3974,29.742,0.0
44975.0,3.885,49.2948,1.0547,111.2749,30.1422,0.0
44980.0,3.885,50.1608,1.0352,108.7832,29.9332,0.0
44985.0,3.885,50.0959,1.0352,109.2194,30.3698,0.0
44990.0,3.885,49.8313,1.0547,111.9,29.8722,0.0
44995.0,3.885,50.1724,1.0449,109.7304,30.5027,0.0
45000.0,3.885,50.3495,1.0352,109.9717,29.8914,0.0
45005.0,3.885,50.0718,1.0352,110.6161,29.8473,0.0
45010.0,3.885,50.036,1.0449,110.2913,30.2863,0.0
45015.0,3.885,50.0049,1.0059,109.5862,29.8114,0.0
45020.0,3.885,49.3783,1.0449,110.6594,29.7716,0.0
45025.0,3.885,49.8199,1.0254,110.5974,30.0389,0.0
45030.0,3.885,50.2307,1.0254,108.9507,30.0845,0.0
45035.0,3.885,49.9446,1.0352,108.9438,29.8227,0.0
45040.0,3.885,49.5575,1.0156,107.9275,30.0533,0.0
45045.0,3.885,49.9654,1.0645,109.7138,29.2449,0.0
45050.0,3.885,49.8204,1.0449,110.1039,29.9447,0.0
45055.0,3.885,50.2522,1.0449,110.4822,29.7813,0.0
45060.0,3.885,50.0757,1.0645,111.759,29.8906,0.0
45065.0,3.885,49.5126,1.0352,109.1986,29.4259,0.0
45070.0,3.885,49.8331,1.0449,109.2754,29.9188,0.0
45075.0,3.885,50.037,1.0352,109.2293,30.037,0.0
45080.0,3.885,49.7009,1.0645,111.0637,29.4168,0.0
45085.0,3.885,50.3909,1.0449,110.1352,29.0042,0.0
45090.0,3.885,50.4631,1.0449,110.5587,29.7696,0.0
45095.0,3.885,50.4164,1.0449,109.6024,29.4771,0.0
45100.0,3.885,49.904,1.0645,110.2194,29.8302,0.0
45105.0,3.885,49.4635,1.0352,110.6569,29.7389,0.0
45110.0,3.885,49.9035,1.0449,109.1843,29.7542,0.0
45115.0,3.885,49.9038,1.0449,108.9503,29.0708,0.0
45120.0,3.885,49.9885,1.0352,110.4589,29.4972,0.0
45125.0,3.885,49.7084,1.0449,110.6469,29.5398,0.0
45130.0,3.885,50.0737,1.0254,109.592,29.7183,0.0
45135.0,3.885,49.9308,1.0352,110.0578,29.6094,0.0
45140.0,3.885,50.4826,1.0449,110.4825,29.395,0.0
45145.0,3.885,50.2447,1.0352,109.1777,29.3787,0.0
45150.0,3.885,50.29,1.0547,110.767,29.3205,0.0
45155.0,3.885,50.3934,1.0254,108.7043,29.7796,0.0
45160.0,3.885,49.729,1.0449,110.8774,29.2062,0.0
45165.0,3.885,50.1592,1.0449,110.4256,29.5031,0.0
45170.0,3.885,50.4146,1.0449,109.1723,29.8191,0.0
45175.0,3.885,50.0288,1.0645,109.44,29.2019,0.0
45180.0,3.885,49.9863,1.0352,109.0166,29.2685,0.0
45185.0,3.885,49.6115,1.0352,109.4847,29.0895,0.0
45190.0,3.885,50.2479,1.0449,110.6793,29.6297,0.0
45195.0,3.885,49.2229,1.0547,110.5747,29.5496,0.0
45200.0,3.885,50.0879,1.0254,108.5536,29.3957,0.0
45205.0,3.885,49.9629,1.0449,108.9374,29.6369,0.0
45210.0,3.885,49.7623,1.0645,110.1798,29.5536,0.0
45215.0,3.885,49.3662,1.0449,109.2818,28.831,0.0
45220.0,3.885,49.8997,1.0449,109.2926,29.0306,0.0
45225.0,3.885,50.4085,1.0352,109.86,29.246,0.0
45230.0,3.885,49.5809,1.0352,109.8941,29.1639,0.0
45235.0,3.885,49.8483,1.0449,109.4799,28.8961,0.0
45240.0,3.885,50.4187,1.0449,109.0575,29.0298,0.0
45245.0,3.885,50.2949,1.0449,110.1329,29.2873,0.0
45250.0,3.885,49.7779,1.0352,109.2595,29.1498,0.0
45255.0,3.885,50.4794,1.0352,110.4074,29.5817,0.0
45260.0,3.885,49.5111,1.0352,109.8321,29.4128,0.0
45265.0,3.885,50.2681,1.0254,109.2489,29.0636,0.0
45270.0,3.885,49.8,1.0547,111.3063,29.3407,0.0
45275.0,3.885,49.5753,1.0547,110.8391,29.4304,0.0
45280.0,3.885,50.1329,1.0645,110.1447,29.4103,0.0
45285.0,3.885,50.136,1.0352,109.6155,28.7697,0.0
45290.0,3.885,49.8873,1.0547,110.4817,28.6769,0.0
45295.0,3.885,49.6509,1.0156,110.7647,28.8412,0.0
45300.0,3.885,50.0811,1.0254,108.8205,29.3462,0.0
45305.0,3.885,49.7189,1.0352,109.3237,28.9655,0.0
45310.0,3.885,49.6113,1.0449,109.6772,29.3466,0.0
45315.0,3.885,49.8454,1.0449,109.5567,28.7762,0.0
45320.0,3.885,49.5585,1.0254,109.8074,28.9306,0.0
45325.0,3.885,50.0663,1.0352,108.4011,29.1233,0.0
45330.0,3.885,50.1606,1.0449,112.0428,28.9304,0.0
45335.0,3.885,50.1074,1.0352,109.6718,29.302,0.0
45340.0,3.885,50.2863,1.0547,110.915,28.9102,0.0
45345.0,3.885,50.3354,1.0156,108.8783,29.6392,0.0
45350.0,3.885,49.6221,1.0449,110.4063,28.8797,0.0
45355.0,3.885,49.7463,1.0254,110.3959,28.5423,0.0
45360.0,3.885,50.1693,1.0352,109.9043,28.9026,0.0
45365.0,3.885,50.204,1.0449,110.8209,29.28,0.0
45370.0,3.885,50.5535,1.0449,109.5362,28.9257,0.0
45375.0,3.885,49.5412,1.0254,109.0157,29.2243,0.0
45380.0,3.885,50.4132,1.0352,109.7416,29.0103,0.0
45385.0,3.885,50.3159,1.0352,109.4706,28.8143,0.0
45390.0,3.885,50.1045,1.0547,111.5635,28.454,0.0
45395.0,3.885,49.5657,1.0352,110.5013,29.1871,0.0
45400.0,3.885,49.8089,1.0254,109.5764,29.0459,0.0
45405.0,3.885,50.2216,1.0547,110.0873,28.9161,0.0
45410.0,3.885,49.6681,1.0352,110.8699,28.7528,0.0
45415.0,3.885,49.9458,1.0059,109.8762,28.6797,0.0
45420.0,3.885,49.7914,1.0352,109.1352,28.4235,0.0
45425.0,3.885,49.7937,1.0449,109.5351,28.8911,0.0
45430.0,3.885,50.1408,1.0645,111.4982,28.6726,0.0
45435.0,3.885,49.9891,1.0352,111.1775,28.7552,0.0
45440.0,3.885,49.4503,1.0645,110.9556,28.2723,0.0
45445.0,3.885,50.3298,1.0352,109.7763,28.5006,0.0
45450.0,3.885,50.0719,1.0352,110.3906,28.6622,0.0
45455.0,3.885,49.8414,1.0449,111.2941,28.6659,0.0
45460.0,3.885,49.5499,1.0352,109.7741,28.764,0.0
45465.0,3.885,50.1108,1.0645,111.8074,28.5081,0.0
45470.0,3.885,50.0646,1.0352,109.9017,28.6462,0.0
45475.0,3.885,49.3103,1.0156,108.1606,28.4243,0.0
45480.0,3.885,49.7179,1.0645,110.1958,28.368,0.0
45485.0,3.885,49.924,1.0352,110.3912,28.6293,0.0
45490.0,3.885,50.4856,1.0645,109.4127,28.2542,0.0
45495.0,3.885,50.2392,1.0254,109.7591,28.6602,0.0
45500.0,3.885,50.1829,1.0352,111.4414,28.3711,0.0
45505.0,3.885,49.8603,1.0547,109.919,28.7119,0.0
45510.0,3.885,49.6188,1.0449,110.8186,28.5923,0.0
45515.0,3.885,49.5519,1.0352,109.7011,28.2812,0.0
45520.0,3.885,49.8865,1.0449,109.0047,28.7205,0.0
45525.0,3.885,49.9431,1.0449,109.6431,28.5928,0.0
45530.0,3.885,49.9867,1.0449,109.4696,28.4949,0.0
45535.0,3.885,49.9828,1.0449,109.7188,28.4689,0.0
45540.0,3.885,49.9905,1.0449,109.9347,28.1554,0.0
45545.0,3.885,50.249,1.0352,108.4583,28.5861,0.0
45550.0,3.885,49.8633,1.0547,109.5526,28.3628,0.0
45555.0,3.885,49.89,1.0449,109.5157,28.7579,0.0
45560.0,3.885,50.1924,1.0547,110.9118,27.9388,0.0
45565.0,3.885,49.824,1.0449,109.7315,28.418,0.0
45570.0,3.885,50.2952,1.0352,108.6968,27.7507,0.0
45575.0,3.885,49.6784,1.0254,110.5495,28.4008,0.0
45580.0,3.885,49.5415,1.0254,110.3298,28.1992,0.0
45585.0,3.885,49.9861,1.0254,108.3098,28.6568,0.0
45590.0,3.885,50.0648,1.0449,110.0635,27.9265,0.0
45595.0,3.885,49.8823,1.0547,109.1509,28.1751,0.0
45600.0,3.885,49.9661,1.0449,109.3134,28.2747,0.0
45605.0,3.885,50.3345,1.0449,110.9805,28.4679,0.0
45610.0,3.885,50.2306,1.0547,110.8101,28.2021,0.0
45615.0,3.885,49.6982,1.0449,110.1827,28.1707,0.0
45620.0,3.885,50.1898,1.0352,110.2527,27.8355,0.0
45625.0,3.885,49.6763,1.0352,111.0167,27.9205,0.0
45630.0,3.885,49.9491,1.0352,109.1829,28.5663,0.0
45635.0,3.885,49.757,1.0449,109.562,28.4333,0.0
45640.0,3.885,49.53,1.0449,110.1683,28.2144,0.0
45645.0,3.885,50.4537,1.0449,110.2041,28.2727,0.0
45650.0,3.885,50.1858,1.0352,109.9069,28.0268,0.0
45655.0,3.885,49.5498,1.0645,112.347,28.0412,0.0
45660.0,3.885,49.8681,1.0547,110.6939,27.9047,0.0
45665.0,3.885,49.4173,1.0547,109.7371,27.8452,0.0
45670.0,3.885,49.9585,1.0352,109.5313,27.7155,0.0
45675.0,3.885,50.3414,1.0547,110.2178,28.2114,0.0
45680.0,3.885,49.8992,1.0254,109.101,27.8427,0.0
45685.0,3.885,50.0175,1.0352,109.8419,27.74,0.0
45690.0,3.885,50.6027,1.0352,109.7921,27.7274,0.0
45695.0,3.885,50.1595,1.0449,109.4558,28.2891,0.0
45700.0,3.885,50.5599,1.0449,110.9316,28.1334,0.0
45705.0,3.885,50.2469,1.0547,109.0289,27.8243,0.0
45710.0,3.885,49.9137,1.0352,110.615,27.914,0.0
45715.0,3.885,49.8679,1.0547,110.4037,27.7746,0.0
45720.0,3.885,50.2289,1.0645,110.448,27.9905,0.0
45725.0,3.885,50.1961,1.0449,110.2037,27.6442,0.0
45730.0,3.885,50.1671,1.0254,110.648,28.1438,0.0
45735.0,3.885,50.7318,1.0547,111.684,28.4814,0.0
45740.0,3.885,50.0921,1.0352,111.3362,27.5323,0.0
45745.0,3.885,49.9201,1.0449,109.6603,27.8074,0.0
45750.0,3.885,50.3316,1.0352,109.5956,28.0425,0.0
45755.0,3.885,49.9194,1.0449,110.0995,28.062,0.0
45760.0,3.885,49.6842,1.0352,109.756,27.8506,0.0
45765.0,3.885,50.4071,1.0547,109.4874,27.9666,0.0
45770.0,3.885,50.1229,1.0352,109.6038,27.8614,0.0
45775.0,3.885,49.5193,1.0449,109.8097,27.6366,0.0
45780.0,3.885,49.85,1.0449,109.974,27.8721,0.0
45785.0,3.885,50.2586,1.0352,110.5678,27.874,0.0
45790.0,3.885,50.1412,1.0352,110.0552,27.4998,0.0
45795.0,3.885,50.0081,1.0547,109.2813,27.6497,0.0
45800.0,3.885,50.1227,1.0449,110.7319,27.5117,0.0
45805.0,3.885,49.8893,1.0449,111.1472,27.5345,0.0
45810.0,3.885,50.4337,1.0547,110.8116,27.9384,0.0
45815.0,3.885,50.3428,1.0449,110.2937,27.2476,0.0
45820.0,3.885,49.849,1.0547,109.7621,27.6844,0.0
45825.0,3.885,49.9945,1.0547,110.1199,27.6804,0.0
45830.0,3.885,49.3999,1.0547,110.4623,27.8233,0.0
45835.0,3.885,49.8918,1.0449,110.0224,27.7345,0.0
45840.0,3.885,50.396,1.0449,110.3203,27.3373,0.0
45845.0,3.885,50.4743,1.0352,109.8212,27.5193,0.0
45850.0,3.885,49.7145,1.0449,110.9751,27.8805,0.0
45855.0,3.885,50.7788,1.0352,108.308,27.6281,0.0
45860.0,3.885,50.1161,1.0254,110.1204,27.811,0.0
45865.0,3.885,49.8313,1.0352,109.5769,27.4455,0.0
45870.0,3.885,49.9992,1.0547,110.2155,27.1669,0.0
45875.0,3.885,49.7653,1.0352,109.8881,28.0026,0.0
45880.0,3.885,49.6075,1.0254,109.1529,27.6647,0.0
45885.0,3.885,50.0919,1.0547,110.3225,27.3973,0.0
45890.0,3.885,50.3536,1.0547,110.4747,27.554,0.0
45895.0,3.885,49.7301,1.0352,108.5496,27.5895,0.0
45900.0,3.885,50.0202,1.0449,110.3621,27.2502,0.0
45905.0,3.885,50.1976,1.0547,111.2269,27.6267,0.0
45910.0,3.885,49.7728,1.0352,110.097,27.3476,0.0
45915.0,3.885,49.8709,1.0449,110.2474,27.83,0.0
45920.0,3.885,49.6015,1.0645,108.9259,27.1085,0.0
45925.0,3.885,49.944,1.0449,110.305,27.7705,0.0
45930.0,3.885,49.9994,1.0449,110.2629,27.223,0.0
45935.0,3.885,49.9858,1.0254,108.7955,27.6288,0.0
45940.0,3.885,50.2743,1.0254,109.4644,26.6804,0.0
45945.0,3.885,49.5138,1.0352,109.0112,27.4826,0.0
45950.0,3.885,49.7219,1.0547,110.3962,27.6758,0.0
45955.0,3.885,49.4626,1.0352,110.0277,27.3369,0.0
45960.0,3.885,50.2388,1.0352,108.3138,27.1333,0.0
45965.0,3.885,49.9588,1.0352,110.0363,27.4183,0.0
45970.0,3.885,50.0793,1.0449,110.3506,27.3184,0.0
45975.0,3.885,49.693,1.0254,109.9888,26.7873,0.0
45980.0,3.885,50.3007,1.0449,109.8051,26.9515,0.0
45985.0,3.885,50.488,1.0352,109.5982,27.4506,0.0
45990.0,3.885,50.1355,1.0547,109.2837,27.3614,0.0
45995.0,3.885,49.6751,1.0449,109.7165,27.3636,0.0
46000.0,3.885,49.5338,1.0547,110.7626,27.4594,0.0
46005.0,3.885,50.2989,1.0254,110.1365,27.3553,0.0
46010.0,3.885,50.3109,1.0254,109.0715,27.3825,0.0
46015.0,3.885,50.3025,1.0449,109.2347,27.3228,0.0
46020.0,3.885,49.7341,1.0352,109.3736,27.1741,0.0
46025.0,3.885,49.5797,1.0156,108.9576,26.772,0.0
46030.0,3.885,50.3946,1.0645,110.9738,27.9873,0.0
46035.0,3.885,50.1529,1.0352,109.2041,27.1373,0.0
46040.0,3.885,49.3779,1.0547,110.2148,27.0451,0.0
46045.0,3.885,49.7231,1.0645,110.6224,27.1908,0.0
46050.0,3.885,49.9736,1.0352,109.74,26.8356,0.0
46055.0,3.885,50.2069,1.0352,109.9508,27.4117,0.0
46060.0,3.885,49.8209,1.0449,110.4824,27.0026,0.0
46065.0,3.885,50.0625,1.0254,109.8332,26.7854,0.0
46070.0,3.885,49.6085,1.0547,110.9928,27.3509,0.0
46075.0,3.885,49.9632,1.0254,109.6041,27.2229,0.0
46080.0,3.885,50.5337,1.0547,111.2617,27.557,0.0
46085.0,3.885,49.9401,1.0547,109.4225,27.1378,0.0
46090.0,3.885,49.4219,1.0449,107.7204,27.1664,0.0
46095.0,3.885,49.9289,1.0352,110.2297,26.9764,0.0
46100.0,3.885,49.8793,1.0645,110.8903,27.2678,0.0
46105.0,3.885,49.5337,1.0547,110.6397,27.3195,0.0
46110.0,3.885,49.8357,1.0449,110.4786,27.1731,0.0
46115.0,3.885,49.7731,1.0254,109.5813,27.1862,0.0
46120.0,3.885,49.7768,1.0254,109.2034,27.4088,0.0
46125.0,3.885,49.8919,1.0254,108.5281,27.1581,0.0
46130.0,3.885,50.3421,1.0645,110.6843,27.15,0.0
46135.0,3.885,50.0604,1.0254,110.1122,27.0583,0.0273
46140.0,3.885,49.9318,1.0547,110.6357,27.4193,0.0137
46145.0,3.885,49.5803,1.0449,109.0556,26.9422,0.0
46150.0,3.885,50.6976,1.0547,110.923,27.2676,0.0137
46155.0,3.885,50.39,1.0254,109.1904,27.1283,0.0
46160.0,3.885,49.9948,1.0645,110.8917,27.0829,0.0
46165.0,3.885,49.7636,1.0254,109.4595,26.7634,0.0137
46170.0,3.885,50.0618,1.0449,109.9296,26.7397,0.041
46175.0,3.885,49.0995,1.0645,111.7211,26.9186,0.0137
46180.0,3.885,50.0373,1.0352,109.4824,26.826,0.0
46185.0,3.885,50.0425,1.0547,109.9866,26.708,0.0
46190.0,3.885,49.6767,1.0547,109.9019,26.9518,0.0
46195.0,3.885,50.3333,1.0547,111.7539,27.2102,0.0
46200.0,3.885,49.8263,1.0547,110.2053,26.6121,0.0
46205.0,3.885,49.8996,1.0254,109.5444,26.8061,0.0
46210.0,3.885,50.0401,1.0352,109.4026,26.848,0.0
46215.0,3.885,49.3352,1.0254,108.5178,27.0543,0.0
46220.0,3.885,50.127,1.0449,110.5051,26.979,0.0
46225.0,3.885,50.1408,1.0449,110.2487,26.7889,0.0137
46230.0,3.885,49.8726,1.0352,109.3671,26.8461,0.0273
46235.0,3.885,50.0523,1.0254,109.1835,27.1723,0.0273
46240.0,3.885,50.0045,1.0352,108.8856,26.5646,0.0137
46245.0,3.885,49.952,1.0547,111.412,27.1473,0.0273
46250.0,3.885,49.814,1.0352,109.6403,27.2012,0.0137
46255.0,3.885,50.032,1.0352,108.6788,27.2974,0.0
46260.0,3.885,50.0492,1.0254,108.552,26.7941,0.0
46265.0,3.885,49.7387,1.0449,108.9521,26.8669,0.0
46270.0,3.885,50.2958,1.0449,110.2302,26.9476,0.0
46275.0,3.885,49.9534,1.0449,111.5194,26.4188,0.0
46280.0,3.885,49.8502,1.0547,110.7625,26.6364,0.0
46285.0,3.885,49.7468,1.0449,109.5413,26.923,0.0
46290.0,3.885,49.9469,1.0352,110.5243,26.9965,0.0
46295.0,3.885,49.8273,1.0449,110.574,27.2469,0.0
46300.0,3.885,49.7471,1.0449,110.2109,27.0429,0.0
46305.0,3.885,49.2678,1.0449,110.4814,27.0389,0.0
46310.0,3.885,50.1972,1.0352,110.6178,26.8878,0.0
46315.0,3.885,49.9991,1.0547,110.8349,26.9186,0.0
46320.0,3.885,50.2128,1.0254,109.3443,27.0425,0.0
46325.0,3.885,50.1948,1.0547,108.6475,27.1754,0.0
46330.0,3.885,50.2557,1.0449,110.314,26.4676,0.0
46335.0,3.885,49.6835,1.0449,110.9638,27.0211,0.0
46340.0,3.885,50.2888,1.0352,110.2845,27.0591,0.0
46345.0,3.885,49.1203,1.0449,109.6279,26.9487,0.0
46350.0,3.885,50.3152,1.0352,111.0161,27.2727,0.0137
46355.0,3.885,49.3393,1.0449,110.4182,26.745,0.0
46360.0,3.885,50.1475,1.0645,111.3675,27.1675,0.0137
46365.0,3.885,50.1738,1.0449,110.0758,27.0024,0.0
46370.0,3.885,50.0572,1.0254,108.673,27.1603,0.0
46375.0,3.885,50.3417,1.0547,110.4162,26.9866,0.0
46380.0,3.885,50.5497,1.0645,109.6171,26.5491,0.0
46385.0,3.885,49.8989,1.0547,110.0318,26.9487,0.0137
46390.0,3.885,50.2923,1.0645,110.523,26.6478,0.0137
46395.0,3.885,49.8439,1.0352,110.5075,27.2131,0.0
46400.0,3.885,50.1624,1.0352,109.7253,26.5243,0.0
46405.0,3.885,50.0191,1.0449,111.9391,26.9925,0.0137
46410.0,3.885,49.9984,1.0352,109.1734,26.9196,0.0
46415.0,3.885,50.1243,1.0352,109.3505,26.9546,0.0
46420.0,3.885,50.1028,1.0352,110.3951,27.0347,0.0
46425.0,3.885,50.5115,1.0449,110.1516,27.1146,0.0
46430.0,3.885,49.9918,1.0352,108.9084,26.9235,0.0
46435.0,3.885,50.3829,1.0352,110.6063,26.8763,0.0
46440.0,3.885,49.4884,1.0449,108.905,26.9457,0.0
46445.0,3.885,50.0657,1.0547,110.7419,27.0548,0.0
46450.0,3.885,50.1959,1.0547,111.3272,27.2017,0.0
46455.0,3.885,50.5052,1.0254,110.0003,26.6702,0.0
46460.0,3.885,50.0803,1.0449,110.9498,26.9832,0.0
46465.0,3.885,49.8276,1.0156,108.3708,26.7798,0.0
46470.0,3.885,50.3727,1.0352,110.2244,26.8011,0.0
46475.0,3.885,49.7273,1.0547,111.1443,27.141,0.0137
46480.0,3.885,49.9283,1.0547,110.4512,26.9014,0.0
46485.0,3.885,50.0558,1.0254,109.6258,27.0336,0.0
46490.0,3.885,49.6739,1.0352,109.6561,27.3817,0.0
46495.0,3.885,49.9097,1.0352,110.2238,26.8568,0.0137
46500.0,3.885,49.8723,1.0547,111.0212,26.9525,0.0137
46505.0,3.885,49.8648,1.0254,109.0447,27.147,0.0273
46510.0,3.885,50.2519,1.0352,109.4668,26.9016,0.0
46515.0,3.885,50.0865,1.0449,110.4833,26.9071,0.0273
46520.0,3.885,50.2394,1.0254,109.5698,27.5215,0.0137
46525.0,3.885,49.672,1.0449,110.214,27.3966,0.0
46530.0,3.885,49.8123,1.0352,109.6382,27.3979,0.0
46535.0,3.885,50.7415,1.0645,109.6999,26.8304,0.0
46540.0,3.885,50.1639,1.0254,108.29,27.0164,0.0
46545.0,3.885,49.8934,1.0449,110.1329,26.6067,0.0
46550.0,3.885,50.1006,1.0352,110.164,27.2944,0.0
46555.0,3.885,49.9602,1.0547,110.8824,27.1456,0.0
46560.0,3.885,49.7638,1.0449,109.4954,26.7345,0.0137
46565.0,3.885,50.2843,1.0449,109.8626,26.8153,0.041
46570.0,3.885,49.959,1.0547,110.0121,26.9051,0.0
46575.0,3.885,50.1601,1.0352,109.8863,27.1319,0.0
46580.0,3.885,50.2651,1.0449,110.849,26.4124,0.0
46585.0,3.885,49.9127,1.0449,109.904,26.8738,0.0
46590.0,3.885,49.9401,1.0449,111.0084,27.2085,0.0137
46595.0,3.885,49.5718,1.0547,109.3463,26.5711,0.0137
46600.0,3.885,49.6995,1.0254,109.8532,27.2859,0.0
46605.0,3.885,49.847,1.0449,110.1045,27.3155,0.0
46610.0,3.885,50.3574,1.0449,111.0065,27.1096,0.0
46615.0,3.885,49.8908,1.0352,109.6864,27.2444,0.0137
46620.0,3.885,49.5207,1.0352,109.9369,26.7788,0.0273
46625.0,3.885,50.4466,1.0547,110.7949,27.1106,0.0
46630.0,3.885,50.0993,1.0547,109.5922,27.2421,0.0
46635.0,3.885,49.7037,1.0449,110.4849,26.996,0.0
46640.0,3.885,49.8026,1.0352,108.7229,27.208,0.0
46645.0,3.885,49.7225,1.0352,109.0861,26.9172,0.0
46650.0,3.885,49.6406,1.0352,109.3189,27.3254,0.0137
46655.0,3.885,49.7416,1.0547,110.2265,27.3948,0.0137
46660.0,3.885,50.3603,1.0449,109.9948,27.1368,0.0
46665.0,3.885,49.9386,1.0254,110.7837,26.7304,0.0
46670.0,3.885,50.3667,1.0449,109.8735,27.0234,0.0
46675.0,3.885,50.1867,1.0449,109.5335,26.8567,0.0
46680.0,3.885,49.8168,1.0449,110.9788,26.7962,0.0
46685.0,3.885,49.901,1.0352,107.9521,27.4145,0.0
46690.0,3.885,49.9276,1.0352,110.9046,26.8918,0.0
46695.0,3.885,50.7095,1.0352,109.7801,26.7811,0.0
46700.0,3.885,49.7592,1.0254,109.1037,27.0741,0.0
46705.0,3.885,49.794,1.0449,109.944,27.2642,0.0
46710.0,3.885,50.3335,1.0449,110.7014,27.2401,0.0
46715.0,3.885,49.7146,1.0547,110.2611,27.2853,0.0
46720.0,3.885,50.1232,1.0547,109.7978,26.9902,0.0
46725.0,3.885,49.6792,1.0254,108.4572,27.3397,0.0
46730.0,3.885,49.9532,1.0352,110.8078,27.0544,0.0273
46735.0,3.885,49.7865,1.0352,109.1196,27.3465,0.0137
46740.0,3.885,50.0669,1.0645,111.1876,27.6349,0.0
46745.0,3.885,49.604,1.0547,110.1624,27.2838,0.0137
46750.0,3.885,49.8011,1.0547,110.3664,27.6181,0.0
46755.0,3.885,50.1205,1.0547,109.0824,27.5319,0.0
46760.0,3.885,50.1083,1.0547,110.3647,27.3299,0.0
46765.0,3.885,49.4999,1.0547,110.5432,27.3513,0.0
46770.0,3.885,50.437,1.0547,109.9909,27.1013,0.0
46775.0,3.885,50.0274,1.0254,110.6845,27.1742,0.0137
46780.0,3.885,50.417,1.0547,109.284,27.2706,0.0273
46785.0,3.885,49.6974,1.0547,109.9564,27.2615,0.041
46790.0,3.885,50.2159,1.0352,110.1973,27.2541,0.0
46795.0,3.885,50.3989,1.0547,110.2793,27.3048,0.0
46800.0,3.885,49.5831,1.0254,109.3003,27.295,0.0137
46805.0,3.885,50.0842,1.0449,110.6223,26.731,0.0
46810.0,3.885,50.5842,1.0449,109.761,27.72,0.0
46815.0,3.885,50.0244,1.0645,111.2392,27.1251,0.0137
46820.0,3.885,49.6566,1.0547,110.389,27.4426,0.0137
46825.0,3.885,50.4262,1.0449,110.0334,27.3989,0.0
46830.0,3.885,50.2811,1.0449,109.5437,27.0935,0.0
46835.0,3.885,50.2699,1.0254,108.8932,27.3718,0.0
46840.0,3.885,49.8424,1.0254,110.6758,27.5309,0.0
46845.0,3.885,49.7968,1.0254,109.2827,27.0936,0.0
46850.0,3.885,50.4413,1.0449,110.372,26.9769,0.0
46855.0,3.885,50.0311,1.0352,109.3372,27.3402,0.0
46860.0,3.885,49.9538,1.0449,109.9613,27.3607,0.0
46865.0,3.885,49.4869,1.0352,110.2359,27.7607,0.0
46870.0,3.885,49.7902,1.0449,109.4133,27.22,0.0273
46875.0,3.885,49.5375,1.0449,110.582,26.8443,0.0137
46880.0,3.885,49.9573,1.0449,109.568,27.3976,0.0
46885.0,3.885,50.2028,1.0352,108.5961,27.4682,0.0
46890.0,3.885,50.0953,1.0547,109.7532,27.4941,0.0
46895.0,3.885,50.6012,1.0254,109.4933,27.735,0.0137
46900.0,3.885,49.5936,1.0352,110.0282,27.8793,0.0
46905.0,3.885,49.9085,1.0449,110.2746,27.0519,0.0
46910.0,3.885,50.0961,1.0352,109.8924,27.4268,0.0
46915.0,3.885,50.0334,1.0254,109.1998,27.5069,0.0
46920.0,3.885,50.0417,1.0352,110.4848,27.1802,0.0
46925.0,3.885,50.2212,1.0254,110.4785,27.8544,0.0
46930.0,3.885,49.8395,1.0352,109.6863,27.8775,0.0
46935.0,3.885,50.3849,1.0547,111.1063,27.3907,0.0
46940.0,3.885,50.2764,1.0352,110.4651,28.0086,0.0
46945.0,3.885,49.9288,1.0645,111.2601,27.4898,0.0
46950.0,3.885,49.9104,1.0449,109.513,27.973,0.0
46955.0,3.885,49.4529,1.0254,110.0039,27.5812,0.0
46960.0,3.885,50.4033,1.0449,110.3231,27.282,0.0
46965.0,3.885,49.5928,1.0449,110.4994,27.7386,0.0
46970.0,3.885,49.8967,1.0449,110.4832,27.6882,0.0
46975.0,3.885,50.0542,1.0352,108.606,27.5727,0.0
46980.0,3.885,49.736,1.0352,110.5038,27.6104,0.0
46985.0,3.885,50.364,1.0352,109.4883,27.6074,0.0
46990.0,3.885,50.4539,1.0449,109.3333,27.2349,0.0
46995.0,3.885,50.0775,1.0352,110.2397,27.4588,0.0
47000.0,3.885,50.1495,1.0742,111.44,27.9943,0.0
47005.0,3.885,50.5228,1.0449,109.0757,27.5969,0.0137
47010.0,3.885,50.0593,1.0254,109.0663,27.733,0.0
47015.0,3.885,49.5473,1.0645,111.8921,27.4948,0.0137
47020.0,3.885,50.2252,1.0547,110.6392,27.4843,0.0
47025.0,3.885,50.2465,1.0547,110.5884,27.3668,0.0
47030.0,3.885,49.8704,1.0352,109.2449,28.0635,0.0
47035.0,3.885,49.6829,1.0352,111.0739,28.1214,0.0
47040.0,3.885,49.7267,1.0352,109.9255,27.4289,0.0
47045.0,3.885,50.6761,1.0352,108.1244,27.4061,0.0
47050.0,3.885,49.8917,1.0352,109.4407,28.0961,0.0
47055.0,3.885,49.6725,1.0547,110.9298,27.505,0.0
47060.0,3.885,49.5709,1.0449,109.4779,27.8257,0.0
47065.0,3.885,50.3483,1.0449,111.0194,27.6436,0.0
47070.0,3.885,50.1338,1.0449,109.9505,27.6618,0.0
47075.0,3.885,50.1087,1.0352,108.4818,27.6247,0.0
47080.0,3.885,49.6058,1.0449,109.8332,28.0975,0.0
47085.0,3.885,50.0163,1.0449,110.4247,27.6434,0.0
47090.0,3.885,50.361,1.0352,109.8981,27.5807,0.0
47095.0,3.885,50.1323,1.0547,111.2004,27.8328,0.0
47100.0,3.885,49.9337,1.0449,110.1329,27.8973,0.0
47105.0,3.885,49.7068,1.0254,109.3345,27.9745,0.0
47110.0,3.885,49.7699,1.0449,109.5973,27.9201,0.0
47115.0,3.885,49.8951,1.0352,108.3776,27.7642,0.0
47120.0,3.885,49.9593,1.0547,111.127,27.7365,0.0
47125.0,3.885,49.7813,1.0254,110.4324,28.6572,0.0
47130.0,3.885,50.1709,1.0449,110.9945,28.1576,0.0
47135.0,3.885,50.0843,1.0254,109.0103,28.17,0.0
47140.0,3.885,50.2977,1.0352,110.8847,27.4355,0.0
47145.0,3.885,50.5643,1.0449,109.4006,27.9364,0.0
47150.0,3.885,49.6618,1.0352,111.0556,28.0113,0.0
47155.0,3.885,49.7741,1.0352,110.584,27.7819,0.0
47160.0,3.885,50.1684,1.0352,111.1632,28.1596,0.0
47165.0,3.885,50.0427,1.0254,109.2278,27.9952,0.0
47170.0,3.885,49.7333,1.0547,109.3928,27.9262,0.0
47175.0,3.885,50.128,1.0254,109.3084,27.9642,0.0
47180.0,3.885,49.5763,1.0352,110.0071,28.0769,0.0
47185.0,3.885,49.7264,1.0449,110.4895,28.011,0.0
47190.0,3.885,49.9,1.0449,110.737,27.3417,0.0
47195.0,3.885,50.2517,1.0547,110.3072,28.3605,0.0
47200.0,3.885,49.9312,1.0449,110.4983,27.8969,0.0
47205.0,3.885,50.1103,1.0352,109.5487,27.7503,0.0
47210.0,3.885,49.7402,1.0254,108.9675,28.2336,0.0
47215.0,3.885,50.3165,1.0449,111.1276,28.0985,0.0
47220.0,3.885,50.0416,1.0449,111.5569,27.8235,0.0
47225.0,3.885,49.5885,1.0449,110.6008,27.887,0.0
47230.0,3.885,49.972,1.0352,109.7549,27.6163,0.0
47235.0,3.885,50.1996,1.0254,108.9136,28.3932,0.0
47240.0,3.885,49.9026,1.0254,109.4496,28.216,0.0137
47245.0,3.885,50.1575,1.0352,109.831,28.3222,0.0137
47250.0,3.885,49.5823,1.0352,110.142,28.1347,0.0
47255.0,3.885,50.0833,1.0449,109.8509,27.989,0.0
47260.0,3.885,49.8899,1.0449,109.9213,28.0563,0.0
47265.0,3.885,50.0856,1.0449,110.8054,27.7576,0.0
47270.0,3.885,50.3832,1.0449,110.0751,27.5283,0.0
47275.0,3.885,50.1207,1.0352,110.1418,28.2318,0.0137
47280.0,3.885,49.7894,1.0547,110.5382,28.2492,0.0
47285.0,3.885,50.1099,1.0254,109.0804,28.0105,0.0
47290.0,3.885,49.7123,1.0547,110.4434,28.2269,0.0
47295.0,3.885,49.6095,1.0547,110.8738,28.2166,0.0
47300.0,3.885,49.9687,1.0547,111.1837,27.9717,0.0
47305.0,3.885,50.0247,1.0449,111.0977,28.1854,0.0
47310.0,3.885,49.7179,1.0449,110.5832,28.2252,0.0
47315.0,3.885,50.4458,1.0449,109.7266,28.3638,0.0273
47320.0,3.885,50.3811,1.0352,110.2067,27.9629,0.0273
47325.0,3.885,49.7852,1.0352,111.1679,28.0719,0.0137
47330.0,3.885,50.0302,1.0449,111.197,28.1641,0.0
47335.0,3.885,49.4187,1.0645,111.3901,28.6359,0.0
47340.0,3.885,49.841,1.0449,110.9213,28.2001,0.0
47345.0,3.885,50.3767,1.0352,109.3888,27.5598,0.0
47350.0,3.885,49.2794,1.0645,110.1889,28.0108,0.0
47355.0,3.885,49.9532,1.0449,111.3159,28.1332,0.0
47360.0,3.885,50.2684,1.0352,109.4212,28.2902,0.0
47365.0,3.885,50.2202,1.0352,109.8774,28.065,0.0
47370.0,3.885,50.0737,1.0352,110.7344,28.278,0.0137
47375.0,3.885,50.6323,1.0645,109.8605,28.2423,0.0
47380.0,3.885,50.1126,1.0352,109.335,27.9848,0.0
47385.0,3.885,49.5805,1.0547,110.9791,28.7006,0.0
47390.0,3.885,49.5854,1.0449,109.6108,28.0683,0.0273
47395.0,3.885,49.4851,1.0547,110.5241,28.3317,0.041
47400.0,3.885,49.7836,1.0547,110.6653,28.6867,0.041
47405.0,3.885,50.2368,1.0352,110.1695,28.4924,0.041
47410.0,3.885,50.009,1.0352,110.3579,28.5221,0.0547
47415.0,3.885,49.8516,1.0449,109.7239,28.8523,0.041
47420.0,3.885,49.6494,1.0645,110.2182,28.3002,0.0137
47425.0,3.885,49.9308,1.0742,110.6189,28.0608,0.0
47430.0,3.885,50.5592,1.0547,110.5908,28.2223,0.0
47435.0,3.885,50.0999,1.0352,109.2888,28.4276,0.0
47440.0,3.885,50.2867,1.0547,110.5405,28.2161,0.0
47445.0,3.885,50.0907,1.0156,109.1785,27.9345,0.0
47450.0,3.885,49.3167,1.0449,111.1654,28.2765,0.0137
47455.0,3.885,49.8042,1.0352,108.8018,28.6559,0.0
47460.0,3.885,49.4403,1.0254,109.4903,27.9026,0.0
47465.0,3.885,49.8142,1.0254,108.8931,28.4851,0.0
47470.0,3.885,50.4008,1.0352,108.4181,28.5187,0.0
47475.0,3.885,50.4987,1.0449,109.7234,28.1721,0.0
47480.0,3.885,50.1382,1.0449,110.0712,28.0589,0.0137
47485.0,3.885,50.0577,1.0449,110.2104,28.7067,0.0137
47490.0,3.885,50.2671,1.0449,109.2782,28.8651,0.0
47495.0,3.885,49.9853,1.0449,109.883,28.7028,0.0
47500.0,3.885,49.8328,1.0547,110.9528,28.4572,0.0
47505.0,3.885,50.271,1.0645,110.8729,28.6475,0.0
47510.0,3.885,49.684,1.0352,109.7001,28.3068,0.0
47515.0,3.885,49.6865,1.0449,110.1262,28.7837,0.0
47520.0,3.885,49.8638,1.0449,110.656,28.2819,0.0
47525.0,3.885,50.0476,1.0547,109.7869,28.4855,0.0
47530.0,3.885,49.9584,1.0645,111.5602,28.8094,0.0
47535.0,3.885,49.5676,1.0352,110.6724,28.592,0.0
47540.0,3.885,50.0345,1.0449,108.46,28.6661,0.0
47545.0,3.885,49.5294,1.0449,110.2015,28.9589,0.0
47550.0,3.885,49.8895,1.0352,110.1506,28.7264,0.0273
47555.0,3.885,50.1192,1.0645,110.5245,28.5625,0.0273
47560.0,3.885,49.9834,1.0352,109.2784,28.6972,0.0137
47565.0,3.885,50.0621,1.0449,109.4262,28.4763,0.0273
47570.0,3.885,50.3243,1.0449,109.4124,28.5809,0.0137
47575.0,3.885,50.189,1.0547,109.913,28.5197,0.0
47580.0,3.885,49.9027,1.0352,108.9506,28.3085,0.0
47585.0,3.885,49.8281,1.0449,110.4608,28.1717,0.0
47590.0,3.885,49.7813,1.0449,109.9877,28.5479,0.0
47595.0,3.885,50.1807,1.0645,110.0559,28.4293,0.0
47600.0,3.885,50.3946,1.0352,109.6649,28.8287,0.0
47605.0,3.885,49.719,1.0352,109.5183,28.2021,0.0
47610.0,3.885,49.805,1.0547,111.7379,28.9215,0.0
47615.0,3.885,50.1519,1.0449,110.1005,28.3482,0.0
47620.0,3.885,49.9288,1.0449,109.8431,28.7933,0.0273
47625.0,3.885,50.2205,1.0449,110.4244,28.5971,0.0
47630.0,3.885,49.5504,1.0254,108.5051,28.7859,0.0
47635.0,3.885,49.9071,1.0352,109.9022,28.6243,0.0
47640.0,3.885,50.1511,1.0254,109.3991,28.4525,0.0
47645.0,3.885,49.5891,1.0547,109.5857,28.419,0.0
47650.0,3.885,50.1501,1.0449,109.1849,28.5564,0.0
47655.0,3.885,49.98,1.0449,109.5775,28.7327,0.0
47660.0,3.885,50.3288,1.0645,111.1642,29.048,0.0
47665.0,3.885,49.7435,1.0547,110.9373,28.3308,0.0
47670.0,3.885,50.0448,1.0645,110.9012,28.6119,0.0
47675.0,3.885,49.635,1.0352,110.4854,28.9289,0.0
47680.0,3.885,50.3529,1.0254,109.0015,28.256,0.0137
47685.0,3.885,49.6626,1.0547,111.0237,28.6446,0.0273
47690.0,3.885,50.0823,1.0352,109.3924,28.5754,0.0
47695.0,3.885,50.0985,1.0352,110.5706,28.6299,0.0
47700.0,3.885,49.6562,1.0547,110.7495,28.5424,0.0
47705.0,3.885,50.0562,1.0449,109.1935,28.63,0.0
47710.0,3.885,50.1566,1.0449,110.1018,28.8228,0.0
47715.0,3.885,50.0376,1.0352,110.6578,28.7184,0.0
47720.0,3.885,49.8051,1.0254,108.5545,28.5917,0.0
47725.0,3.885,50.1332,1.0352,108.8851,28.6241,0.0
47730.0,3.885,50.3732,1.0449,110.6502,28.5904,0.0
47735.0,3.885,49.493,1.0352,110.2465,28.6894,0.0
47740.0,3.885,49.7164,1.0254,107.5492,28.4687,0.0
47745.0,3.885,49.5524,1.0254,109.2855,29.0355,0.0
47750.0,3.885,49.5916,1.0449,110.1513,28.7966,0.0
47755.0,3.885,49.6024,1.0547,111.4703,28.7598,0.0
47760.0,3.885,49.6766,1.0352,111.3143,28.4649,0.0
47765.0,3.885,50.2528,1.0547,110.7062,28.5798,0.0
47770.0,3.885,49.8316,1.0547,109.7868,28.7814,0.0
47775.0,3.885,50.5597,1.0254,109.9234,28.8807,0.0
47780.0,3.885,50.1053,1.0449,109.4962,28.4946,0.0
47785.0,3.885,49.8203,1.0352,110.6395,28.2981,0.0
47790.0,3.885,49.9709,1.0449,110.1414,28.4054,0.0
47795.0,3.885,49.9483,1.0547,109.6352,28.8373,0.0
47800.0,3.885,49.7136,1.0547,110.5502,28.5552,0.0
47805.0,3.885,50.0975,1.0449,110.0257,28.2871,0.0
47810.0,3.885,49.9073,1.0547,109.5275,28.5531,0.0
47815.0,3.885,50.2308,1.0449,110.0684,28.7025,0.0
47820.0,3.885,50.0496,1.0449,109.903,28.6422,0.0137
47825.0,3.885,50.2831,1.0645,110.1893,28.5076,0.0
47830.0,3.885,49.8207,1.0449,111.5708,29.1554,0.0
47835.0,3.885,50.106,1.0352,109.4298,28.8837,0.0
47840.0,3.885,49.9816,1.0449,110.8027,28.732,0.0
47845.0,3.885,49.7529,1.0547,109.6989,28.8363,0.0
47850.0,3.885,50.3273,1.0254,109.8842,28.7203,0.0
47855.0,3.885,50.1656,1.0449,109.3704,28.113,0.0
47860.0,3.885,49.9927,1.0352,109.9591,28.7121,0.0
47865.0,3.885,50.0088,1.0352,109.3879,28.5378,0.0
47870.0,3.885,50.319,1.0254,110.2256,28.6577,0.0
47875.0,3.885,49.6449,1.0449,109.7008,28.6414,0.0
47880.0,3.885,49.9497,1.0449,110.7101,28.4033,0.0
47885.0,3.885,49.9979,1.0352,109.9581,29.0761,0.0
47890.0,3.885,50.3527,1.0352,109.1856,28.6384,0.0
47895.0,3.885,50.4328,1.0254,109.441,28.6746,0.0
47900.0,3.885,50.0339,1.0352,109.4085,28.743,0.0
47905.0,3.885,49.9951,1.0352,109.7587,28.3483,0.0
47910.0,3.885,50.1576,1.0547,110.4411,28.3594,0.0
47915.0,3.885,49.8724,1.0449,109.7908,28.7056,0.0
47920.0,3.885,50.0912,1.0449,109.8303,29.3115,0.0
47925.0,3.885,50.2307,1.0449,108.6843,28.2183,0.0
47930.0,3.885,49.9769,1.0449,107.7383,28.3375,0.0
47935.0,3.885,50.2656,1.0547,110.8759,28.7884,0.0
47940.0,3.885,49.8149,1.0352,108.8034,28.7027,0.0
47945.0,3.885,50.6506,1.0449,111.3069,28.4522,0.0
47950.0,3.885,50.1811,1.0254,110.2632,29.244,0.0
47955.0,3.885,49.5252,1.0449,109.7405,28.1351,0.0
47960.0,3.885,49.6545,1.0352,110.4687,28.565,0.0
47965.0,3.885,49.8753,1.0449,109.912,28.639,0.0
47970.0,3.885,49.7274,1.0449,109.5481,28.8215,0.0
47975.0,3.885,49.4906,1.0254,110.0061,28.2569,0.0
47980.0,3.885,49.6542,1.0449,110.8263,28.372,0.0
47985.0,3.885,50.1198,1.0352,109.0393,28.3324,0.0
47990.0,3.885,50.07,1.0254,109.58,28.5863,0.0
47995.0,3.885,50.0342,1.0352,110.0921,28.5722,0.0
48000.0,3.885,50.7604,1.0449,111.1147,28.656,0.0
48005.0,3.885,49.7221,1.0352,111.4309,28.499,0.0
48010.0,3.885,49.7443,1.0449,109.4646,28.374,0.0
48015.0,3.885,50.2591,1.0547,110.6488,28.7627,0.0
48020.0,3.885,50.0229,1.0352,109.1879,28.5059,0.0
48025.0,3.885,50.02,1.0254,110.1107,28.2803,0.0
48030.0,3.885,49.6275,1.0254,110.8516,28.3736,0.0
48035.0,3.885,50.6176,1.0449,111.0928,28.3174,0.0
48040.0,3.885,50.1138,1.0254,109.2709,28.2417,0.0
48045.0,3.885,50.2968,1.0449,109.5368,28.6354,0.0
48050.0,3.885,49.921,1.0547,108.9518,28.526,0.0
48055.0,3.885,49.9301,1.0254,109.7535,28.5832,0.0
48060.0,3.885,50.0849,1.0645,110.8758,28.4182,0.0
48065.0,3.885,49.3296,1.0254,110.2499,28.5485,0.0
48070.0,3.885,49.6659,1.0449,109.4355,28.2014,0.041
48075.0,3.885,49.8952,1.0449,111.111,28.6983,0.0273
48080.0,3.885,50.0301,1.0352,111.0834,29.0246,0.0273
48085.0,3.885,50.1438,1.0352,109.4713,28.5352,0.0
48090.0,3.885,49.9971,1.0352,109.7093,28.3481,0.0
48095.0,3.885,49.8864,1.0254,109.2438,28.1878,0.0
48100.0,3.885,49.7885,1.0352,108.8959,28.7679,0.0
48105.0,3.885,49.8292,1.0449,111.0175,28.6112,0.0
48110.0,3.885,49.895,1.0352,109.651,28.6112,0.0
48115.0,3.885,49.9707,1.0352,109.6785,28.8618,0.0
48120.0,3.885,49.9842,1.0449,110.8678,28.7503,0.0
48125.0,3.885,50.1734,1.0352,110.3835,28.4309,0.0
48130.0,3.885,50.113,1.0352,109.7225,28.5585,0.0
48135.0,3.885,49.587,1.0449,111.2463,28.5439,0.0
48140.0,3.885,50.2342,1.0449,110.4859,28.4611,0.0
48145.0,3.885,50.032,1.0449,109.0135,27.924,0.0
48150.0,3.885,50.1917,1.0449,111.4824,28.9887,0.0
48155.0,3.885,49.2791,1.0547,111.1093,28.282,0.0
48160.0,3.885,50.2241,1.0547,109.7003,28.4471,0.0
48165.0,3.885,50.1059,1.0449,110.0879,28.5128,0.0
48170.0,3.885,50.188,1.0547,111.5021,28.2814,0.0
48175.0,3.885,49.9664,1.0352,109.3571,28.5545,0.0
48180.0,3.885,50.0611,1.0449,109.5661,28.3019,0.0
48185.0,3.885,49.8834,1.0547,110.6221,28.6369,0.0
48190.0,3.885,50.7631,1.0254,109.672,28.3508,0.0
48195.0,3.885,50.1372,1.0547,109.6827,28.6985,0.0
48200.0,3.885,50.3941,1.0449,110.8329,28.156,0.0
48205.0,3.885,49.4083,1.0449,109.9899,28.8648,0.0137
48210.0,3.885,50.0012,1.0449,109.6495,28.382,0.0
48215.0,3.885,50.0185,1.0449,110.4425,28.2914,0.0
48220.0,3.885,49.8239,1.0449,109.4606,28.479,0.0
48225.0,3.885,49.8775,1.0254,108.8618,28.4409,0.0
48230.0,3.885,50.2094,1.0449,110.2578,28.6811,0.0
48235.0,3.885,50.0535,1.0352,110.0683,28.6396,0.0
48240.0,3.885,49.6694,1.0352,109.771,28.1824,0.0
48245.0,3.885,49.9973,1.0449,109.5667,28.1347,0.0
48250.0,3.885,50.4994,1.0352,110.322,28.2318,0.0
48255.0,3.885,50.2226,1.0352,109.742,28.6458,0.0
48260.0,3.885,49.9793,1.0352,110.7024,28.251,0.0
48265.0,3.885,50.3012,1.0352,108.7563,28.5365,0.0
48270.0,3.885,49.9656,1.0449,108.2255,28.3154,0.0
48275.0,3.885,50.1225,1.0254,109.1669,28.507,0.0
48280.0,3.885,50.0989,1.0156,108.8389,28.2232,0.0
48285.0,3.885,49.5211,1.0645,110.4322,28.5584,0.0
48290.0,3.885,50.8448,1.0352,109.15,28.6003,0.0
48295.0,3.885,50.1888,1.0547,109.8151,28.2692,0.0
48300.0,3.885,50.1106,1.0449,109.8065,28.7094,0.0
48305.0,3.885,50.1084,1.0645,110.283,28.5411,0.0
48310.0,3.885,49.7132,1.0352,109.7339,28.3491,0.0
48315.0,3.885,49.9504,1.0449,109.263,28.0968,0.0
48320.0,3.885,50.4287,1.0449,110.3156,28.1818,0.0
48325.0,3.885,49.9536,1.0547,110.5672,28.3868,0.0
48330.0,3.885,50.3984,1.0547,111.0997,28.5093,0.0
48335.0,3.885,50.0442,1.0547,108.6441,28.1613,0.0
48340.0,3.885,50.1342,1.0254,110.4581,28.7716,0.0
48345.0,3.885,50.1993,1.0449,110.6631,28.2921,0.0
48350.0,3.885,49.8562,1.0352,110.4206,28.5799,0.0
48355.0,3.885,49.9033,1.0449,110.2982,28.0518,0.0
48360.0,3.885,50.1239,1.0352,108.8437,28.1948,0.0547
48365.0,3.885,49.5642,1.0645,110.7276,27.8572,0.0
48370.0,3.885,50.105,1.0547,110.6862,28.355,0.0
48375.0,3.885,50.259,1.0254,109.8151,28.0222,0.0
48380.0,3.885,50.2801,1.0449,109.7329,28.4026,0.0
48385.0,3.885,50.0527,1.0645,109.3199,28.5929,0.0
48390.0,3.885,49.9808,1.0352,109.6694,28.3699,0.0
48395.0,3.885,49.9196,1.0352,110.3457,28.2494,0.0
48400.0,3.885,49.4196,1.0547,110.5376,28.6655,0.0
48405.0,3.885,50.3608,1.0352,109.0243,28.6047,0.0
48410.0,3.885,49.8813,1.0254,109.3399,28.4687,0.0
48415.0,3.885,49.4215,1.0352,109.5002,28.023,0.0
48420.0,3.885,50.3802,1.0449,110.5538,27.6933,0.0
48425.0,3.885,50.0484,1.0254,109.9839,28.5214,0.0
48430.0,3.885,50.011,1.0352,110.0451,28.1635,0.0
48435.0,3.885,50.4183,1.0449,110.2063,28.2953,0.0
48440.0,3.885,50.2056,1.0547,111.3517,28.198,0.0
48445.0,3.885,50.1375,1.0352,109.8611,28.0447,0.0
48450.0,3.885,49.9585,1.0449,110.707,28.7761,0.0137
48455.0,3.885,49.8686,1.0547,110.4521,28.2055,0.0
48460.0,3.885,49.9541,1.0547,111.4793,28.0009,0.0
48465.0,3.885,50.0064,1.0449,110.1988,28.2654,0.0
48470.0,3.885,50.7404,1.0352,109.0709,28.2611,0.0
48475.0,3.885,49.8955,1.0742,110.4289,28.0321,0.0
48480.0,3.885,49.9403,1.0449,110.547,28.161,0.0
48485.0,3.885,49.9013,1.0449,109.202,28.2897,0.0
48490.0,3.885,49.832,1.0449,110.2444,28.4231,0.0
48495.0,3.885,49.8033,1.0449,108.8771,27.968,0.0
48500.0,3.885,49.8059,1.0352,109.9905,28.4569,0.0
48505.0,3.885,49.9558,1.0352,110.4724,27.5359,0.0
48510.0,3.885,49.8981,1.0352,109.6501,27.8993,0.0
48515.0,3.885,50.0369,1.0449,108.3429,27.5672,0.0
48520.0,3.885,49.768,1.0352,109.543,28.3002,0.0
48525.0,3.885,50.2005,1.0645,110.4273,28.2421,0.0
48530.0,3.885,49.5622,1.0449,109.7476,28.2556,0.0
48535.0,3.885,49.5992,1.0449,110.8648,28.251,0.0
48540.0,3.885,49.989,1.0156,107.9859,28.2651,0.0
48545.0,3.885,49.5503,1.0645,112.5107,28.0316,0.0
48550.0,3.885,49.7577,1.0254,108.2502,28.6441,0.0
48555.0,3.885,50.1967,1.0156,108.6468,27.9853,0.0
48560.0,3.885,49.7354,1.0547,109.6812,28.4555,0.0
48565.0,3.885,49.9879,1.0547,110.3527,27.8065,0.0
48570.0,3.885,49.8491,1.0254,109.0563,28.1095,0.0
48575.0,3.885,50.1002,1.0352,107.9998,28.01,0.0
48580.0,3.885,49.866,1.0352,110.015,28.2998,0.0
48585.0,3.885,50.3014,1.0449,109.0119,27.786,0.0
48590.0,3.885,50.3443,1.0449,110.2552,27.5825,0.0
48595.0,3.885,50.1647,1.0547,111.1678,27.9467,0.0
48600.0,3.885,50.348,1.0352,108.9161,27.8417,0.0
48605.0,3.885,50.489,1.0254,107.9336,28.1236,0.0
48610.0,3.885,50.1272,1.0547,110.37,27.9359,0.0
48615.0,3.885,50.4369,1.0449,109.4971,28.163,0.0
48620.0,3.885,49.7951,1.0352,109.6813,28.032,0.0
48625.0,3.885,50.1435,1.0352,110.8243,28.0017,0.0
48630.0,3.885,49.799,1.0547,110.732,27.8571,0.0
48635.0,3.885,49.6684,1.0352,108.9021,28.0078,0.0
48640.0,3.885,49.7078,1.0547,111.5882,27.5537,0.0
48645.0,3.885,50.4032,1.0449,109.9769,27.8506,0.0
48650.0,3.885,50.049,1.0547,108.9321,27.7998,0.0
48655.0,3.885,49.7627,1.0352,111.0106,27.7994,0.0
48660.0,3.885,49.6726,1.0254,110.4165,27.6378,0.0
48665.0,3.885,49.8677,1.0449,109.633,28.2152,0.0
48670.0,3.885,49.8395,1.0156,109.9658,27.6876,0.0
48675.0,3.885,50.6317,1.0449,110.9833,27.9411,0.0
48680.0,3.885,49.9291,1.0449,111.511,27.537,0.0
48685.0,3.885,50.2054,1.0352,109.5774,27.9838,0.0
48690.0,3.885,49.7752,1.0449,110.652,27.6029,0.0
48695.0,3.885,50.329,1.0547,111.3928,27.5187,0.0
48700.0,3.885,49.6562,1.0352,110.0849,28.1411,0.0
48705.0,3.885,50.5484,1.0254,109.2424,28.6621,0.0
48710.0,3.885,50.0048,1.0352,110.4271,27.9206,0.0
48715.0,3.885,49.7942,1.0449,110.2359,27.7703,0.0
48720.0,3.885,50.5785,1.0547,110.0547,28.0932,0.0
48725.0,3.885,49.7973,1.0449,109.5271,27.8481,0.0
48730.0,3.885,50.4433,1.0449,109.94,27.9754,0.0
48735.0,3.885,49.9142,1.0352,110.4153,27.7692,0.0
48740.0,3.885,49.9022,1.0254,109.49,27.4125,0.0
48745.0,3.885,50.1522,1.0352,110.4319,28.1224,0.0
48750.0,3.885,49.7433,1.0352,110.0762,28.3159,0.0
48755.0,3.885,49.688,1.0547,111.4014,27.5174,0.0
48760.0,3.885,50.1983,1.0449,109.672,27.5552,0.0
48765.0,3.885,49.6855,1.0742,111.4041,27.5375,0.0
48770.0,3.885,49.7444,1.0449,109.0733,28.0731,0.0
48775.0,3.885,49.6365,1.0352,110.7274,27.1677,0.0
48780.0,3.885,49.8878,1.0352,111.7386,27.8418,0.0
48785.0,3.885,50.3025,1.0352,111.505,27.4643,0.0
48790.0,3.885,50.0856,1.0352,109.4765,27.6508,0.0
48795.0,3.885,50.0781,1.0449,110.6237,27.9253,0.0
48800.0,3.885,49.6673,1.0352,108.8257,28.2266,0.0
48805.0,3.885,49.5057,1.0449,109.5706,27.6088,0.0
48810.0,3.885,49.6278,1.0059,109.0372,27.6373,0.0
48815.0,3.885,49.9183,1.0449,110.7613,27.5462,0.0
48820.0,3.885,50.1784,1.0547,110.5548,27.5588,0.0
48825.0,3.885,49.8688,1.0449,110.3649,27.1559,0.0
48830.0,3.885,49.7131,1.0352,110.1067,27.5173,0.0
48835.0,3.885,49.7944,1.0352,109.8239,27.5619,0.0
48840.0,3.885,49.7215,1.0352,110.1516,28.0532,0.0
48845.0,3.885,49.6,1.0449,110.097,27.8315,0.0
48850.0,3.885,50.6424,1.0645,110.7479,27.5646,0.0
48855.0,3.885,50.3323,1.0449,109.3134,27.7746,0.0
48860.0,3.885,49.8042,1.0352,109.485,27.8784,0.0
48865.0,3.885,49.9594,1.0449,110.5808,27.4653,0.0
48870.0,3.885,50.1475,1.0547,110.8093,27.8696,0.0
48875.0,3.885,50.2711,1.0449,109.7426,27.7824,0.0
48880.0,3.885,49.8418,1.0449,110.7492,27.9984,0.0
48885.0,3.885,49.6265,1.0449,110.0476,27.4788,0.0
48890.0,3.885,50.3615,1.0449,110.1421,27.8165,0.0
48895.0,3.885,49.9163,1.0352,110.024,27.9007,0.0
48900.0,3.885,49.6803,1.0352,109.0905,27.6034,0.0
48905.0,3.885,50.3653,1.0547,111.543,27.3835,0.0
48910.0,3.885,50.4287,1.0449,110.0448,27.25,0.0
48915.0,3.885,50.3106,1.0254,110.121,27.5782,0.0
48920.0,3.885,49.6286,1.0449,110.5082,27.6294,0.0
48925.0,3.885,49.9065,1.0449,111.9099,27.3354,0.0
48930.0,3.885,49.8913,1.0547,109.9893,27.3984,0.0
48935.0,3.885,50.3451,1.0547,110.0144,27.454,0.0
48940.0,3.885,50.1766,1.0742,110.9256,27.7976,0.0
48945.0,3.885,50.0447,1.0254,108.6784,27.6038,0.0
48950.0,3.885,50.8615,1.0352,109.8276,27.7169,0.0
48955.0,3.885,49.6056,1.0547,110.422,27.8191,0.0
48960.0,3.885,49.4971,1.0449,110.3615,27.28,0.0
48965.0,3.885,49.7633,1.0449,110.0384,27.1384,0.0
48970.0,3.885,49.7114,1.0547,109.9736,28.0781,0.0
48975.0,3.885,49.9241,1.0547,109.3419,27.3135,0.0
48980.0,3.885,49.9614,1.0352,111.5803,27.818,0.0
48985.0,3.885,49.7016,1.0449,111.8699,27.7101,0.0
48990.0,3.885,49.9325,1.0352,109.3715,27.5758,0.0
48995.0,3.885,50.4003,1.0352,109.9929,27.9515,0.0
49000.0,3.885,49.7154,1.0254,111.013,27.5753,0.0
49005.0,3.885,50.1152,1.0352,110.4578,27.492,0.0
49010.0,3.885,49.4976,1.0352,110.3041,27.7674,0.0
49015.0,3.885,49.8609,1.0449,110.905,27.373,0.0
49020.0,3.885,49.5,1.0449,110.5158,28.0219,0.0
49025.0,3.885,49.7039,1.0449,109.1408,27.3864,0.0
49030.0,3.885,50.6164,1.0547,111.2879,27.425,0.0
49035.0,3.885,50.0867,1.0547,110.8112,27.9683,0.0
49040.0,3.885,50.0805,1.0352,110.8786,27.6987,0.0
49045.0,3.885,49.8268,1.0352,108.9536,27.6323,0.0
49050.0,3.885,49.5787,1.0547,111.101,27.3505,0.0
49055.0,3.885,49.5112,1.0352,109.2699,27.135,0.0
49060.0,3.885,49.5658,1.0449,109.917,27.5661,0.0
49065.0,3.885,49.8019,1.0254,108.4229,27.3905,0.0
49070.0,3.885,50.0249,1.0352,110.3669,27.8844,0.0
49075.0,3.885,49.8227,1.0352,108.4582,27.5574,0.0
49080.0,3.885,49.9915,1.0645,109.8545,27.0438,0.0
49085.0,3.885,49.9839,1.0547,111.8139,27.1552,0.0
49090.0,3.885,49.917,1.0156,109.0522,27.7837,0.0
49095.0,3.885,50.3364,1.0352,109.8258,27.7915,0.0
49100.0,3.885,50.0056,1.0352,110.4236,27.2866,0.0
49105.0,3.885,50.02,1.0449,109.645,27.6849,0.0
49110.0,3.885,49.5528,1.0449,110.6624,27.1217,0.0
49115.0,3.885,50.2871,1.0645,110.1584,26.8802,0.0
49120.0,3.885,50.0444,1.0352,110.572,27.302,0.0
49125.0,3.885,50.0835,1.0645,110.5292,27.2333,0.0
49130.0,3.885,50.1095,1.0449,110.2043,27.2481,0.0
49135.0,3.885,49.9023,1.0547,110.9543,27.5477,0.0
49140.0,3.885,50.1658,1.0352,109.6167,27.3217,0.0
49145.0,3.885,49.9578,1.0547,109.6695,27.1173,0.0
49150.0,3.885,50.1744,1.0352,108.0135,27.4865,0.0
49155.0,3.885,49.9682,1.0547,110.4419,27.3599,0.0
49160.0,3.885,49.7574,1.0645,109.4674,27.1442,0.0
49165.0,3.885,50.2794,1.0449,110.1328,27.1183,0.0
49170.0,3.885,49.7512,1.0449,110.9466,27.1357,0.0
49175.0,3.885,49.7275,1.0352,108.7736,27.5608,0.0
49180.0,3.885,49.2496,1.0352,108.9191,27.1051,0.0
49185.0,3.885,49.6062,1.0352,109.5676,27.3641,0.0
49190.0,3.885,49.8639,1.0449,110.9989,26.8821,0.0
49195.0,3.885,50.3492,1.0352,109.3921,27.5244,0.0
49200.0,3.885,50.3946,1.0449,110.1352,27.559,0.0
49205.0,3.885,49.7226,1.0547,109.6284,27.4979,0.0
49210.0,3.885,50.1129,1.0254,109.5406,26.9303,0.0
49215.0,3.885,49.6209,1.0449,109.8888,27.3299,0.0
49220.0,3.885,49.5089,1.0449,109.6941,27.1829,0.0
49225.0,3.885,49.8464,1.0254,108.797,27.4239,0.0
49230.0,3.885,50.0495,1.0254,110.1338,27.1006,0.0
49235.0,3.885,50.0207,1.0352,109.7134,27.4715,0.0
49240.0,3.885,50.039,1.0449,110.2954,27.2477,0.0
49245.0,3.885,49.9893,1.0352,108.75,27.4005,0.0
49250.0,3.885,49.3156,1.0449,110.5346,27.0897,0.0
49255.0,3.885,49.9622,1.0254,110.2936,27.4864,0.0
49260.0,3.885,50.2082,1.0352,109.8135,27.0519,0.0
49265.0,3.885,49.3942,1.0645,110.7302,27.395,0.0
49270.0,3.885,49.9067,1.0352,109.3923,26.864,0.0
49275.0,3.885,50.175,1.0645,110.3363,27.3375,0.0
49280.0,3.885,49.9156,1.0254,108.9275,27.5797,0.0
49285.0,3.885,50.1638,1.0449,109.2024,27.5334,0.0
49290.0,3.885,50.2503,1.0449,110.1111,27.216,0.0
49295.0,3.885,49.7328,1.0254,109.6598,26.8981,0.0
49300.0,3.885,49.9389,1.0645,111.5214,27.3278,0.0
49305.0,3.885,49.7655,1.0449,110.6543,26.9944,0.0
49310.0,3.885,49.7043,1.0547,110.481,26.9559,0.0
49315.0,3.885,50.1185,1.0449,110.4053,26.9537,0.0
49320.0,3.885,49.6396,1.0254,108.9032,27.5326,0.0
49325.0,3.885,50.0629,1.0352,109.6152,27.0157,0.0
49330.0,3.885,49.5567,1.0352,109.8129,27.1342,0.0
49335.0,3.885,50.083,1.0156,109.495,26.9616,0.0
49340.0,3.885,50.2123,1.0645,111.0777,27.4355,0.0
49345.0,3.885,50.152,1.0449,110.5345,27.3057,0.0
49350.0,3.885,50.651,1.0547,109.4971,27.6494,0.0
49355.0,3.885,49.4995,1.0449,110.3996,27.2516,0.0
49360.0,3.885,49.8762,1.0352,109.3146,27.3233,0.0
49365.0,3.885,50.0986,1.0449,109.9467,27.1472,0.0
49370.0,3.885,49.9443,1.0449,110.8722,27.6961,0.0
49375.0,3.885,49.9643,1.0352,108.9502,27.4739,0.0
49380.0,3.885,49.5724,1.0547,108.9052,27.4092,0.0
49385.0,3.885,49.7359,1.0547,111.0771,27.2376,0.0
49390.0,3.885,50.412,1.0547,110.4953,26.8251,0.0
49395.0,3.885,50.1163,1.0352,110.0376,27.1507,0.0
49400.0,3.885,49.9055,1.0742,111.2271,27.4518,0.0
49405.0,3.885,50.2957,1.0547,110.0977,27.2371,0.0
49410.0,3.885,50.1628,1.0449,110.5349,27.5785,0.0
49415.0,3.885,50.3598,1.0449,109.1602,27.2225,0.0
49420.0,3.885,49.5144,1.0449,109.7908,27.3307,0.0
49425.0,3.885,49.6706,1.0449,110.2055,27.1884,0.0
49430.0,3.885,49.7629,1.0352,110.1273,27.4588,0.0
49435.0,3.885,50.3705,1.0352,108.7744,27.2907,0.0
49440.0,3.885,50.0659,1.0352,108.9587,26.9394,0.0
49445.0,3.885,50.3044,1.0547,109.2875,27.4409,0.0
49450.0,3.885,49.8788,1.0254,109.1688,27.3474,0.0
49455.0,3.885,49.8912,1.0449,109.879,27.1464,0.0
49460.0,3.885,50.1467,1.0254,109.8685,27.3239,0.0
49465.0,3.885,50.2072,1.0352,111.1307,26.6558,0.0
49470.0,3.885,49.9318,1.0254,109.5829,27.3097,0.0
49475.0,3.885,49.9372,1.0352,109.1745,27.0826,0.0
49480.0,3.885,50.0932,1.0547,110.1708,27.6477,0.0
49485.0,3.885,49.6817,1.0254,108.3535,27.2289,0.0
49490.0,3.885,49.9051,1.0449,109.4968,27.4504,0.0
49495.0,3.885,49.9016,1.0449,109.1229,27.9184,0.0
49500.0,3.885,49.4209,1.0449,110.4175,27.6156,0.0
49505.0,3.885,50.3404,1.0352,109.0837,26.8568,0.0
49510.0,3.885,50.1692,1.0547,109.5128,27.2445,0.0
49515.0,3.885,50.3726,1.0352,108.3082,27.3496,0.0
49520.0,3.885,49.638,1.0449,109.6922,27.4531,0.0
49525.0,3.885,50.0111,1.0352,108.6883,27.0595,0.0
49530.0,3.885,49.3945,1.0156,109.1433,27.6896,0.0
49535.0,3.885,50.1815,1.0352,109.7066,27.2788,0.0
49540.0,3.885,50.3424,1.0156,108.5245,27.2574,0.0
49545.0,3.885,50.2132,1.0254,109.4324,27.5117,0.0
49550.0,3.885,50.185,1.0352,109.2243,27.0582,0.0
49555.0,3.885,49.8664,1.0547,110.9931,27.5412,0.0
49560.0,3.885,49.9381,1.0449,109.4217,27.5818,0.0
49565.0,3.885,49.7389,1.0156,108.9811,27.1521,0.0
49570.0,3.885,49.6086,1.0449,109.9336,27.5791,0.0
49575.0,3.885,50.2928,1.0547,111.0908,27.0999,0.0
49580.0,3.885,49.8951,1.0254,109.923,26.8973,0.0
49585.0,3.885,49.9866,1.0547,109.8567,27.2945,0.0
49590.0,3.885,50.1038,1.0547,111.9084,27.2439,0.0
49595.0,3.885,49.6671,1.0352,109.6274,27.117,0.0
49600.0,3.885,49.9763,1.0449,110.8594,27.6267,0.0
49605.0,3.885,50.2419,1.0352,111.9072,26.8941,0.0
49610.0,3.885,50.1977,1.0352,110.382,26.8862,0.0
49615.0,3.885,50.0216,1.0352,111.1005,27.4828,0.0
49620.0,3.885,49.8985,1.0352,109.9801,27.1823,0.0
49625.0,3.885,50.3557,1.0352,110.1192,27.2222,0.0
49630.0,3.885,50.1616,1.0547,109.5251,27.6012,0.0
49635.0,3.885,49.9563,1.0059,108.2449,27.6047,0.0
49640.0,3.885,49.9266,1.0547,109.6362,27.2289,0.0
49645.0,3.885,49.3901,1.0352,110.5272,27.0972,0.0
49650.0,3.885,50.0742,1.0547,110.4416,27.3845,0.0
49655.0,3.885,50.0482,1.0449,109.6515,27.5859,0.0
49660.0,3.885,50.6864,1.0352,108.5939,27.291,0.0
49665.0,3.885,50.3687,1.0645,109.5675,27.0381,0.0
49670.0,3.885,50.1361,1.0352,109.6612,27.7039,0.0
49675.0,3.885,49.5557,1.0254,108.2364,27.112,0.0
49680.0,3.885,50.0637,1.0449,110.3014,27.3347,0.0
49685.0,3.885,50.2158,1.0547,110.5083,27.3937,0.0
49690.0,3.885,49.7091,1.0742,111.5594,27.4908,0.0
49695.0,3.885,49.7644,1.0449,109.9408,27.4829,0.0
49700.0,3.885,50.4676,1.0254,110.0099,27.0504,0.0
49705.0,3.885,50.1552,1.0449,108.9115,27.198,0.0
49710.0,3.885,49.8152,1.0645,110.9867,27.4799,0.0
49715.0,3.885,49.9363,1.0449,110.7532,26.8936,0.0
49720.0,3.885,49.6567,1.0449,109.9452,27.7784,0.0
49725.0,3.885,49.8653,1.0352,108.9419,27.5996,0.0
49730.0,3.885,50.21,1.0254,109.5935,27.6397,0.0
49735.0,3.885,50.0407,1.0352,109.6,27.4137,0.0
49740.0,3.885,50.18,1.0547,110.1788,27.4235,0.0
49745.0,3.885,50.4017,1.0645,110.8777,27.0148,0.0
49750.0,3.885,50.7062,1.0352,109.8379,27.3484,0.0
49755.0,3.885,49.8793,1.0449,109.9517,27.308,0.0
49760.0,3.885,50.4038,1.0352,109.498,27.4063,0.0
49765.0,3.885,50.2935,1.0547,110.8661,27.5974,0.0
49770.0,3.885,49.6116,1.0449,110.7784,27.4826,0.0
49775.0,3.885,50.0322,1.0449,110.4308,27.161,0.0
49780.0,3.885,50.1287,1.0352,109.833,27.1374,0.0
49785.0,3.885,50.0925,1.0254,108.6381,27.2167,0.0
49790.0,3.885,50.1465,1.0352,110.2109,27.5733,0.0
49795.0,3.885,50.2423,1.0449,108.8344,27.1807,0.0
49800.0,3.885,50.3523,1.0547,111.2704,27.0707,0.0
49805.0,3.885,49.9058,1.0352,110.3701,27.773,0.0
49810.0,3.885,50.3677,1.0449,110.3579,27.7752,0.0
49815.0,3.885,50.1023,1.0547,110.5176,27.2156,0.0
49820.0,3.885,49.8645,1.0449,108.8377,27.1569,0.0
49825.0,3.885,49.7581,1.0449,109.6491,26.9858,0.0
49830.0,3.885,49.8712,1.0352,109.8142,27.8398,0.0
49835.0,3.885,49.9434,1.0254,108.8384,27.6849,0.0
49840.0,3.885,49.7462,1.0352,109.742,27.7222,0.0
49845.0,3.885,49.832,1.0352,111.8947,27.6173,0.0
49850.0,3.885,49.8135,1.0449,111.2139,27.2612,0.0
49855.0,3.885,50.5276,1.0449,110.9052,27.8593,0.0
49860.0,3.885,50.2323,1.0352,110.3942,27.5826,0.0
49865.0,3.885,50.2136,1.0449,110.204,27.5073,0.0
49870.0,3.885,49.8626,1.0547,111.3212,27.3012,0.0
49875.0,3.885,50.198,1.0352,109.4381,27.8948,0.0
49880.0,3.885,50.2927,1.0449,110.0,27.3333,0.0
49885.0,3.885,49.8497,1.0449,108.2998,27.3198,0.0
49890.0,3.885,50.0986,1.0547,110.4765,27.5751,0.0
49895.0,3.885,50.593,1.0156,108.6664,27.4652,0.0
49900.0,3.885,49.9692,1.0449,109.7597,26.9705,0.0
49905.0,3.885,49.6042,1.0449,109.3469,27.5293,0.0
49910.0,3.885,50.2926,1.0254,110.2579,27.3754,0.0
49915.0,3.885,50.0474,1.0449,111.495,27.3336,0.0
49920.0,3.885,49.8008,1.0254,110.7381,27.6421,0.0
49925.0,3.885,50.2578,1.0449,109.7825,27.9181,0.0
49930.0,3.885,49.8557,1.0449,109.4267,27.1533,0.0
49935.0,3.885,50.03,1.0352,109.7153,27.1623,0.0
49940.0,3.885,49.8252,1.0352,110.935,27.5336,0.0
49945.0,3.885,49.8339,1.0254,108.8386,27.1571,0.0
49950.0,3.885,50.3164,1.0547,110.412,27.4794,0.0
49955.0,3.885,49.9076,1.0449,109.5517,27.3861,0.0
49960.0,3.885,50.1592,1.0547,110.8971,27.4015,0.0
49965.0,3.885,49.8918,1.0449,109.5059,27.5826,0.0
49970.0,3.885,49.5362,1.0254,109.694,27.6093,0.0
49975.0,3.885,49.3047,1.0742,110.3848,27.2977,0.0
49980.0,3.885,49.813,1.0254,108.6157,27.6907,0.0
49985.0,3.885,50.1671,1.0547,109.9883,27.9587,0.0
49990.0,3.885,49.8509,1.0449,110.9463,27.8712,0.0
49995.0,3.885,49.6935,1.0254,108.5237,26.9445,0.0
