timestamp,dac,voltage,current,rpm,temperature,do
0.0,1.63,10.7,0.51,9.5,30.0,7.6
5.0,1.65,11.1,0.51,9.0,30.1,7.6
10.0,1.65,10.8,0.49,9.5,29.9,7.6
15.0,1.65,11.1,0.49,9.0,30.1,7.6
20.0,1.66,10.4,0.51,11.0,29.8,7.5
25.0,1.68,11.1,0.51,8.5,29.7,7.5
30.0,1.67,11.1,0.5,9.0,29.8,7.5
35.0,1.67,11.0,0.5,11.5,29.6,7.5
40.0,1.7,11.6,0.51,10.0,29.8,7.5
45.0,1.7,11.5,0.5,10.5,30.1,7.5
50.0,1.7,11.6,0.5,12.0,30.1,7.5
55.0,1.72,12.0,0.51,11.5,29.5,7.4
60.0,1.7,12.1,0.51,11.5,30.0,7.4
65.0,1.73,12.1,0.5,12.0,29.8,7.4
70.0,1.74,12.2,0.51,10.5,29.6,7.4
75.0,1.75,12.8,0.51,13.5,29.8,7.4
80.0,1.74,12.5,0.52,12.5,29.7,7.4
85.0,1.76,12.6,0.52,13.0,29.4,7.4
90.0,1.76,12.5,0.51,12.0,29.8,7.4
95.0,1.76,12.7,0.5,13.5,29.9,7.4
100.0,1.77,12.7,0.51,12.0,29.8,7.3
105.0,1.77,12.9,0.51,13.0,29.8,7.3
110.0,1.78,13.4,0.51,14.0,29.9,7.3
115.0,1.78,13.3,0.51,14.5,29.8,7.3
120.0,1.78,12.6,0.5,11.5,29.8,7.3
125.0,1.82,13.6,0.52,14.5,29.8,7.3
130.0,1.83,14.2,0.5,13.5,30.0,7.2
135.0,1.85,14.5,0.53,14.0,29.7,7.2
140.0,1.86,14.5,0.51,14.5,29.7,7.2
145.0,1.84,14.7,0.51,15.5,29.9,7.2
150.0,1.85,14.0,0.53,14.5,30.1,7.2
155.0,1.87,14.7,0.53,15.0,29.9,7.2
160.0,1.87,14.6,0.54,17.5,29.8,7.2
165.0,1.89,15.0,0.52,16.0,29.6,7.2
170.0,1.88,14.8,0.52,15.0,29.7,7.2
175.0,1.89,14.7,0.53,16.0,29.6,7.2
180.0,1.88,15.2,0.52,14.0,30.0,7.2
185.0,1.87,15.2,0.53,14.5,29.7,7.2
190.0,1.87,14.9,0.52,14.5,30.3,7.2
195.0,1.88,14.8,0.52,15.5,29.8,7.2
200.0,1.86,14.1,0.52,16.5,29.6,7.2
205.0,1.87,14.7,0.53,17.5,30.0,7.2
210.0,1.88,14.4,0.51,15.5,29.5,7.2
215.0,1.88,14.3,0.54,16.0,29.8,7.2
220.0,1.88,14.3,0.52,17.0,30.3,7.2
225.0,1.89,14.6,0.5,15.0,29.9,7.1
230.0,1.89,14.6,0.54,17.0,30.4,7.1
235.0,1.9,15.2,0.52,17.0,29.9,7.1
240.0,1.9,15.5,0.53,16.0,29.7,7.1
245.0,1.91,15.2,0.52,15.5,30.0,7.1
250.0,1.9,15.0,0.54,17.0,29.9,7.1
255.0,1.9,15.2,0.53,16.0,29.9,7.1
260.0,1.9,14.8,0.53,17.0,30.1,7.1
265.0,1.92,15.7,0.52,15.0,29.3,7.1
270.0,1.91,15.4,0.53,17.0,29.2,7.2
275.0,1.89,15.2,0.52,17.0,29.9,7.2
280.0,1.9,15.1,0.53,17.5,29.9,7.1
285.0,1.92,15.9,0.51,15.5,29.7,7.1
290.0,1.93,15.5,0.52,17.5,30.2,7.1
295.0,1.94,15.5,0.54,18.0,30.1,7.1
300.0,1.94,16.0,0.52,16.5,30.3,7.1
305.0,1.93,15.7,0.53,17.5,30.0,7.1
310.0,1.95,16.2,0.52,18.0,29.6,7.1
315.0,1.97,15.9,0.52,17.5,29.8,7.1
320.0,1.97,17.0,0.52,18.5,30.0,7.0
325.0,1.97,16.1,0.53,18.5,30.4,7.0
330.0,2.01,17.3,0.53,19.5,29.4,7.0
335.0,2.02,17.1,0.54,20.0,29.7,7.0
340.0,1.99,16.6,0.54,21.0,30.0,7.0
345.0,1.99,17.3,0.53,19.5,29.7,7.0
350.0,2.0,16.7,0.53,18.5,30.0,7.0
355.0,2.0,17.3,0.54,20.5,30.0,7.0
360.0,2.0,17.0,0.53,19.0,29.7,7.0
365.0,1.99,16.9,0.53,19.0,29.8,7.0
370.0,2.01,17.2,0.53,20.0,29.8,7.0
375.0,1.99,16.7,0.53,18.5,30.2,7.0
380.0,1.98,16.6,0.53,18.0,30.0,7.0
385.0,1.97,16.5,0.54,18.5,30.0,7.0
390.0,1.98,16.6,0.53,17.5,30.1,7.0
395.0,1.97,16.2,0.55,20.0,30.1,7.0
400.0,1.99,16.7,0.54,18.0,30.0,7.0
405.0,1.97,16.0,0.53,19.5,30.0,7.0
410.0,1.98,16.8,0.55,18.5,29.7,7.0
415.0,1.99,16.6,0.54,19.5,30.2,7.0
420.0,2.02,17.8,0.54,20.0,29.6,7.0
425.0,2.01,16.7,0.54,19.5,29.9,7.0
430.0,2.04,17.4,0.53,19.5,30.0,7.0
435.0,2.07,18.1,0.54,21.5,29.4,7.0
440.0,2.07,17.9,0.57,22.0,29.9,7.0
445.0,2.08,18.6,0.53,20.0,29.4,7.0
450.0,2.05,18.1,0.56,20.5,30.0,7.0
455.0,2.06,18.1,0.54,22.5,29.5,7.0
460.0,2.06,18.3,0.54,22.0,29.5,7.0
465.0,2.04,17.6,0.52,21.5,29.5,7.0
470.0,2.03,17.5,0.56,22.0,30.2,7.0
475.0,2.05,18.0,0.54,22.5,30.0,7.0
480.0,2.05,18.0,0.53,20.0,30.3,7.0
485.0,2.05,17.8,0.55,21.0,29.8,7.0
490.0,2.06,18.1,0.53,20.0,29.9,7.0
495.0,2.03,17.3,0.53,19.5,29.9,7.0
500.0,2.03,17.4,0.55,20.0,30.2,7.0
505.0,2.06,18.0,0.55,21.5,29.3,7.0
510.0,2.05,17.7,0.57,20.5,29.9,7.0
515.0,2.06,17.9,0.54,20.5,30.1,7.0
520.0,2.08,18.2,0.54,20.5,29.5,7.0
525.0,2.1,17.6,0.55,23.0,29.8,7.0
530.0,2.1,18.6,0.54,22.5,29.9,7.0
535.0,2.14,19.1,0.56,23.5,29.2,6.9
540.0,2.16,20.0,0.55,23.5,29.7,6.9
545.0,2.18,19.9,0.56,25.5,29.5,6.9
550.0,2.19,19.5,0.56,24.5,29.9,6.9
555.0,2.22,20.5,0.57,27.5,29.6,6.9
560.0,2.23,20.9,0.56,28.0,29.8,6.9
565.0,2.23,20.8,0.58,27.5,29.9,6.9
570.0,2.23,21.5,0.56,26.5,29.9,6.9
575.0,2.24,20.7,0.56,28.0,29.3,6.9
580.0,2.27,21.6,0.58,28.0,29.8,6.9
585.0,2.3,22.9,0.57,30.5,30.0,6.9
590.0,2.31,22.4,0.57,29.0,29.8,6.9
595.0,2.27,21.4,0.59,29.5,30.0,6.9
600.0,2.28,21.6,0.59,29.0,29.8,6.9
605.0,2.28,21.6,0.57,29.5,29.7,7.0
610.0,2.29,22.2,0.57,30.5,30.0,6.9
615.0,2.3,22.4,0.56,28.5,29.8,6.9
620.0,2.32,22.9,0.58,30.5,29.6,6.9
625.0,2.32,22.5,0.59,31.5,30.1,6.9
630.0,2.36,23.6,0.59,32.5,29.6,6.9
635.0,2.36,22.8,0.59,32.0,29.8,6.9
640.0,2.34,23.2,0.58,31.0,29.9,7.0
645.0,2.34,22.9,0.59,30.5,30.2,7.0
650.0,2.32,22.3,0.56,29.5,29.7,7.0
655.0,2.3,21.6,0.58,30.0,29.9,7.0
660.0,2.32,23.1,0.57,31.0,29.9,7.0
665.0,2.29,22.6,0.58,30.0,30.2,7.0
670.0,2.3,22.1,0.57,30.0,29.7,7.0
675.0,2.3,21.9,0.58,31.5,29.5,7.0
680.0,2.31,22.2,0.56,30.5,29.6,7.0
685.0,2.29,22.3,0.57,29.0,29.7,7.0
690.0,2.28,22.0,0.55,26.5,29.5,7.0
695.0,2.26,21.6,0.57,26.5,29.5,7.0
700.0,2.25,22.0,0.58,27.5,29.4,7.0
705.0,2.22,21.1,0.56,27.0,29.7,7.1
710.0,2.21,20.8,0.57,27.5,30.2,7.1
715.0,2.23,20.9,0.54,26.0,29.7,7.0
720.0,2.23,20.7,0.57,27.5,30.1,7.0
725.0,2.23,21.0,0.57,27.0,30.0,7.0
730.0,2.21,20.6,0.57,26.0,29.7,7.0
735.0,2.21,20.7,0.57,26.0,29.3,7.0
740.0,2.22,20.9,0.58,26.5,29.7,7.0
745.0,2.2,20.4,0.57,26.5,29.8,7.0
750.0,2.17,20.1,0.57,25.0,29.8,7.1
755.0,2.17,19.9,0.56,25.5,29.4,7.1
760.0,2.18,20.7,0.58,27.5,29.4,7.0
765.0,2.15,19.5,0.55,23.5,29.4,7.1
770.0,2.16,19.7,0.56,24.5,29.2,7.1
775.0,2.14,19.1,0.58,25.5,29.7,7.1
780.0,2.12,19.2,0.56,22.5,29.5,7.1
785.0,2.13,19.6,0.54,21.5,30.2,7.0
790.0,2.14,18.8,0.55,24.0,29.7,7.0
795.0,2.15,19.3,0.56,24.5,29.5,7.0
800.0,2.15,19.7,0.55,24.0,30.0,7.0
805.0,2.18,19.8,0.54,25.0,29.2,7.0
810.0,2.19,20.9,0.56,25.5,29.6,7.0
815.0,2.19,20.3,0.55,25.5,29.8,7.0
820.0,2.19,20.8,0.56,26.0,29.5,7.0
825.0,2.17,19.8,0.57,24.5,29.7,7.0
830.0,2.17,19.5,0.58,26.0,29.9,7.0
835.0,2.16,19.8,0.56,24.5,29.5,7.0
840.0,2.11,19.0,0.55,22.0,29.8,7.1
845.0,2.14,20.2,0.56,24.0,29.5,7.0
850.0,2.12,18.6,0.55,23.0,30.1,7.0
855.0,2.13,19.4,0.54,23.5,29.7,7.0
860.0,2.14,19.1,0.55,23.0,29.9,7.0
865.0,2.13,19.2,0.55,24.5,29.5,7.0
870.0,2.11,18.9,0.55,22.0,29.8,7.0
875.0,2.15,19.6,0.55,25.0,29.0,7.0
880.0,2.15,19.6,0.55,24.0,29.5,7.0
885.0,2.15,19.9,0.56,26.0,29.1,7.0
890.0,2.14,19.6,0.57,25.0,29.6,7.0
895.0,2.14,19.3,0.56,22.5,29.5,7.0
900.0,2.15,19.4,0.57,24.5,29.3,7.0
905.0,2.15,20.1,0.53,24.0,29.5,7.0
910.0,2.16,19.9,0.54,23.5,29.5,7.0
915.0,2.16,19.6,0.56,25.5,29.3,7.0
920.0,2.18,20.0,0.55,25.0,29.7,7.0
925.0,2.2,20.2,0.57,25.0,29.6,7.0
930.0,2.2,20.2,0.58,27.0,29.4,7.0
935.0,2.2,20.6,0.56,26.0,29.8,7.0
940.0,2.21,20.6,0.56,26.5,29.5,7.0
945.0,2.19,20.2,0.55,25.0,29.3,7.0
950.0,2.18,20.0,0.54,24.5,29.7,7.0
955.0,2.19,19.9,0.56,25.0,29.4,7.0
960.0,2.2,20.0,0.57,26.5,29.3,7.0
965.0,2.19,20.2,0.56,26.0,29.8,7.0
970.0,2.2,20.0,0.56,26.0,29.9,7.0
975.0,2.21,20.0,0.55,26.0,29.6,7.0
980.0,2.2,20.0,0.56,25.5,29.6,7.0
985.0,2.22,21.0,0.56,26.0,29.4,7.0
990.0,2.2,20.0,0.57,26.5,29.3,7.0
995.0,2.2,20.4,0.57,26.0,29.5,7.0
1000.0,2.19,20.6,0.57,24.5,30.1,7.0
1005.0,2.2,19.9,0.58,27.0,29.7,7.0
1010.0,2.23,20.8,0.58,28.0,29.3,7.0
1015.0,2.23,21.0,0.58,29.0,29.3,7.0
1020.0,2.24,21.3,0.55,29.0,29.5,7.0
1025.0,2.25,21.2,0.55,27.0,29.6,7.0
1030.0,2.27,20.9,0.6,29.0,29.8,7.0
1035.0,2.28,21.6,0.54,27.5,29.8,6.9
1040.0,2.28,22.0,0.59,29.5,29.8,6.9
1045.0,2.3,22.0,0.58,29.5,29.3,6.9
1050.0,2.27,21.5,0.58,29.0,29.5,7.0
1055.0,2.28,21.7,0.57,28.5,30.0,7.0
1060.0,2.32,22.2,0.57,30.5,29.4,6.9
1065.0,2.32,21.8,0.58,30.5,29.4,7.0
1070.0,2.31,22.3,0.59,30.5,29.7,7.0
1075.0,2.27,21.7,0.57,28.5,29.7,7.0
1080.0,2.3,22.1,0.58,29.0,29.9,7.0
1085.0,2.26,22.1,0.57,28.0,29.4,7.0
1090.0,2.27,21.3,0.58,27.5,29.5,7.0
1095.0,2.27,21.7,0.55,28.0,29.4,7.0
1100.0,2.27,21.6,0.58,29.0,29.3,7.0
1105.0,2.27,21.1,0.57,27.5,29.0,7.0
1110.0,2.27,22.1,0.59,29.0,29.0,7.0
1115.0,2.26,20.9,0.6,28.0,29.3,7.0
1120.0,2.24,21.0,0.57,27.0,29.5,7.0
1125.0,2.23,20.9,0.57,27.5,29.6,7.0
1130.0,2.24,20.4,0.58,25.5,30.1,7.0
1135.0,2.21,20.8,0.55,26.5,29.5,7.0
1140.0,2.2,20.1,0.57,25.5,29.5,7.0
1145.0,2.16,19.4,0.55,24.0,29.7,7.1
1150.0,2.13,19.5,0.53,22.0,29.4,7.1
1155.0,2.12,18.5,0.56,23.0,29.0,7.1
1160.0,2.09,18.5,0.54,22.0,29.4,7.1
1165.0,2.09,18.5,0.56,21.5,29.6,7.1
1170.0,2.07,18.2,0.55,21.5,29.8,7.1
1175.0,2.1,18.7,0.53,22.5,29.2,7.1
1180.0,2.07,18.1,0.55,21.5,29.7,7.1
1185.0,2.08,18.1,0.55,20.0,29.3,7.1
1190.0,2.08,18.2,0.56,21.0,29.1,7.1
1195.0,2.08,18.6,0.56,20.5,29.6,7.0
1200.0,2.06,18.5,0.55,21.5,29.6,7.1
1205.0,2.09,19.0,0.53,21.0,29.1,7.0
1210.0,2.08,18.2,0.54,22.5,29.6,7.0
1215.0,2.08,18.2,0.53,22.5,29.4,7.0
1220.0,2.09,18.2,0.55,22.0,29.5,7.0
1225.0,2.11,18.6,0.56,23.0,29.2,7.0
1230.0,2.11,19.1,0.55,24.0,29.6,7.0
1235.0,2.09,18.6,0.54,22.5,29.9,7.0
1240.0,2.07,18.7,0.56,22.5,29.3,7.0
1245.0,2.08,18.4,0.53,19.5,29.9,7.0
1250.0,2.07,18.1,0.54,21.5,29.6,7.0
1255.0,2.08,18.2,0.54,21.5,29.2,7.0
1260.0,2.08,17.8,0.56,22.0,29.7,7.0
1265.0,2.09,18.7,0.54,22.0,29.8,7.0
1270.0,2.09,18.6,0.54,22.0,29.3,7.0
1275.0,2.04,17.9,0.55,19.5,29.7,7.0
1280.0,2.04,17.5,0.54,20.5,29.5,7.0
1285.0,2.04,17.4,0.54,21.0,29.9,7.0
1290.0,2.05,17.8,0.55,21.0,29.2,7.0
1295.0,2.04,17.8,0.54,20.0,29.6,7.0
1300.0,2.06,18.3,0.54,20.0,29.4,7.0
1305.0,2.06,17.9,0.53,19.5,29.4,7.0
1310.0,2.06,18.5,0.56,22.5,29.5,7.0
1315.0,2.03,17.1,0.53,19.5,29.9,7.0
1320.0,2.06,18.5,0.55,22.5,29.4,7.0
1325.0,2.04,18.4,0.53,19.5,29.9,7.0
1330.0,2.06,18.1,0.52,21.0,29.6,7.0
1335.0,2.08,18.2,0.56,23.5,29.3,7.0
1340.0,2.09,18.0,0.54,20.5,29.4,7.0
1345.0,2.11,18.5,0.54,23.5,29.5,7.0
1350.0,2.1,18.7,0.54,22.0,29.0,7.0
1355.0,2.11,19.0,0.55,24.0,29.5,7.0
1360.0,2.11,18.5,0.56,23.5,29.8,7.0
1365.0,2.11,19.1,0.53,23.5,29.3,7.0
1370.0,2.12,19.2,0.54,22.5,29.5,7.0
1375.0,2.12,19.0,0.56,24.5,29.6,7.0
1380.0,2.13,18.8,0.56,24.0,29.6,7.0
1385.0,2.13,19.3,0.55,23.5,29.5,7.0
1390.0,2.18,20.2,0.58,26.0,29.7,6.9
1395.0,2.17,20.0,0.55,25.0,29.5,7.0
1400.0,2.13,19.5,0.56,23.5,29.2,7.0
1405.0,2.13,18.8,0.56,24.0,29.3,7.0
1410.0,2.17,19.8,0.55,25.0,29.4,7.0
1415.0,2.18,20.1,0.55,25.0,29.6,6.9
1420.0,2.19,20.6,0.56,25.5,30.0,6.9
1425.0,2.22,20.6,0.57,27.0,29.9,6.9
1430.0,2.25,21.4,0.56,27.5,29.0,6.9
1435.0,2.24,20.6,0.57,27.0,29.7,6.9
1440.0,2.27,21.6,0.56,29.0,29.4,6.9
1445.0,2.23,21.0,0.57,28.0,29.7,7.0
1450.0,2.27,21.7,0.58,29.0,29.3,6.9
1455.0,2.25,21.4,0.57,28.5,29.4,7.0
1460.0,2.23,20.6,0.57,28.0,29.6,7.0
1465.0,2.23,20.8,0.57,26.5,30.0,7.0
1470.0,2.22,21.3,0.56,26.5,29.7,7.0
1475.0,2.2,20.7,0.57,27.0,29.4,7.0
1480.0,2.23,21.0,0.57,26.5,29.3,7.0
1485.0,2.22,20.5,0.57,27.0,29.3,7.0
1490.0,2.25,21.4,0.56,27.0,29.7,7.0
1495.0,2.25,21.4,0.57,29.0,29.5,7.0
1500.0,2.25,21.6,0.57,27.5,29.9,7.0
1505.0,2.24,21.0,0.55,27.5,30.0,7.0
1510.0,2.22,21.3,0.56,25.5,29.6,7.0
1515.0,2.23,21.0,0.59,27.5,29.6,7.0
1520.0,2.21,20.8,0.56,27.0,29.8,7.0
1525.0,2.2,20.3,0.58,26.0,30.2,7.0
1530.0,2.22,21.0,0.56,26.0,29.4,7.0
1535.0,2.22,21.1,0.56,27.5,29.5,7.0
1540.0,2.21,20.2,0.56,26.0,29.5,7.0
1545.0,2.16,19.1,0.54,25.5,29.7,7.1
1550.0,2.12,18.9,0.53,22.5,29.7,7.1
1555.0,2.12,19.6,0.55,23.5,29.6,7.1
1560.0,2.11,18.7,0.55,23.0,29.4,7.1
1565.0,2.09,18.5,0.52,22.5,29.5,7.1
1570.0,2.05,17.6,0.53,22.0,29.7,7.1
1575.0,2.03,17.5,0.53,20.0,29.6,7.1
1580.0,2.05,18.4,0.56,21.5,29.4,7.1
1585.0,2.02,16.7,0.55,20.5,29.7,7.1
1590.0,2.02,17.6,0.54,21.5,29.4,7.1
1595.0,2.01,16.8,0.55,19.0,29.3,7.1
1600.0,2.01,17.6,0.53,19.5,29.7,7.1
1605.0,1.99,17.3,0.56,19.5,29.8,7.1
1610.0,1.98,17.0,0.54,19.5,29.5,7.1
1615.0,1.96,15.9,0.53,17.0,30.0,7.1
1620.0,1.94,15.6,0.55,19.0,29.7,7.1
1625.0,1.92,15.2,0.54,17.5,29.8,7.1
1630.0,1.9,15.6,0.51,15.0,29.8,7.1
1635.0,1.92,16.1,0.53,16.5,29.7,7.1
1640.0,1.93,15.2,0.52,16.5,29.9,7.1
1645.0,1.94,15.9,0.53,17.5,29.6,7.1
1650.0,1.93,15.9,0.53,17.5,29.9,7.1
1655.0,1.93,16.1,0.52,17.0,29.7,7.1
1660.0,1.91,15.6,0.51,16.0,30.0,7.1
1665.0,1.92,15.4,0.52,16.0,29.8,7.1
1670.0,1.93,15.0,0.53,16.5,29.3,7.1
1675.0,1.92,15.5,0.52,15.0,29.8,7.1
1680.0,1.92,15.0,0.54,16.0,29.4,7.1
1685.0,1.9,15.7,0.52,16.0,29.9,7.1
1690.0,1.91,15.5,0.53,16.5,29.3,7.1
1695.0,1.91,14.9,0.54,16.0,29.9,7.1
1700.0,1.94,16.4,0.52,17.0,29.7,7.1
1705.0,1.96,16.0,0.52,17.5,29.7,7.1
1710.0,1.96,16.1,0.53,17.5,29.8,7.1
1715.0,1.96,15.9,0.54,18.0,30.0,7.1
1720.0,1.95,15.6,0.52,16.5,30.1,7.1
1725.0,1.95,15.5,0.53,18.5,30.2,7.1
1730.0,1.97,16.6,0.55,19.0,29.6,7.1
1735.0,1.96,16.2,0.54,19.0,30.0,7.1
1740.0,1.96,16.0,0.54,18.0,29.9,7.1
1745.0,1.96,16.3,0.53,17.0,29.6,7.1
1750.0,1.95,15.9,0.54,16.5,29.7,7.1
1755.0,1.95,16.0,0.52,16.0,29.9,7.1
1760.0,1.96,16.3,0.54,18.5,29.6,7.1
1765.0,1.95,15.9,0.54,17.5,29.9,7.1
1770.0,1.97,16.3,0.53,17.5,29.5,7.1
1775.0,1.95,15.3,0.52,17.0,29.6,7.1
1780.0,1.97,16.7,0.53,18.5,29.9,7.1
1785.0,1.97,16.8,0.53,19.0,29.9,7.0
1790.0,1.99,16.3,0.54,18.0,29.7,7.0
1795.0,2.0,17.1,0.55,19.0,29.9,7.0
1800.0,2.0,17.1,0.53,19.0,30.3,7.0
1805.0,2.02,17.0,0.54,18.5,29.6,7.0
1810.0,2.01,16.9,0.53,18.5,29.6,7.0
1815.0,1.99,16.4,0.52,18.5,30.1,7.0
1820.0,2.0,17.5,0.54,20.5,29.8,7.0
1825.0,2.01,17.5,0.55,19.5,29.9,7.0
1830.0,2.0,16.8,0.55,19.5,30.2,7.0
1835.0,2.01,17.1,0.53,18.0,29.9,7.0
1840.0,2.04,17.0,0.54,21.0,29.5,7.0
1845.0,2.02,17.0,0.54,20.5,30.7,7.0
1850.0,2.04,17.9,0.53,21.5,30.3,7.0
1855.0,2.06,18.1,0.55,20.5,29.8,7.0
1860.0,2.06,17.7,0.54,21.5,30.1,7.0
1865.0,2.06,18.2,0.55,21.0,30.2,7.0
1870.0,2.06,17.7,0.54,21.5,30.0,7.0
1875.0,2.04,17.3,0.54,20.0,30.4,7.0
1880.0,2.06,18.3,0.55,21.5,30.1,7.0
1885.0,2.07,18.3,0.55,21.5,29.9,7.0
1890.0,2.09,18.2,0.55,22.0,29.7,7.0
1895.0,2.08,18.8,0.55,23.0,29.9,7.0
1900.0,2.08,18.3,0.55,23.5,30.1,7.0
1905.0,2.08,17.6,0.55,22.5,30.5,7.0
1910.0,2.11,19.0,0.54,24.0,29.9,7.0
1915.0,2.09,18.3,0.55,23.0,29.9,7.0
1920.0,2.09,18.4,0.53,21.5,29.5,7.0
1925.0,2.07,18.0,0.53,22.5,30.1,7.0
1930.0,2.09,18.0,0.53,20.5,30.3,7.0
1935.0,2.14,19.7,0.57,24.5,30.1,6.9
1940.0,2.13,18.9,0.56,25.0,30.0,7.0
1945.0,2.14,19.1,0.55,23.0,29.9,7.0
1950.0,2.1,19.0,0.55,24.0,30.4,7.0
1955.0,2.11,19.6,0.54,23.5,29.8,7.0
1960.0,2.12,19.0,0.55,22.5,30.2,7.0
1965.0,2.13,18.9,0.55,23.5,30.1,7.0
1970.0,2.14,18.6,0.55,22.5,30.1,7.0
1975.0,2.14,19.0,0.56,24.0,29.9,7.0
1980.0,2.14,19.0,0.55,24.0,30.4,7.0
1985.0,2.15,19.1,0.55,25.0,29.7,7.0
1990.0,2.1,18.2,0.55,23.0,30.7,7.0
1995.0,2.11,19.1,0.55,23.5,30.3,7.0
2000.0,2.15,20.0,0.56,24.0,29.7,7.0
2005.0,2.12,18.3,0.56,23.5,30.0,7.0
2010.0,2.09,18.3,0.55,23.5,30.4,7.0
2015.0,2.11,18.6,0.57,23.5,30.2,7.0
2020.0,2.14,19.7,0.55,24.0,30.2,7.0
2025.0,2.13,19.1,0.55,22.5,30.4,7.0
2030.0,2.13,19.4,0.57,23.0,30.0,7.0
2035.0,2.12,18.8,0.56,24.5,30.2,7.0
2040.0,2.14,19.0,0.55,23.0,30.2,7.0
2045.0,2.1,18.1,0.54,22.5,30.1,7.0
2050.0,2.11,19.1,0.53,23.0,30.2,7.0
2055.0,2.12,18.8,0.58,24.0,30.4,7.0
2060.0,2.15,19.5,0.55,23.0,30.3,7.0
2065.0,2.14,19.4,0.55,23.0,30.4,7.0
2070.0,2.14,19.5,0.55,24.5,30.0,7.0
2075.0,2.15,19.1,0.53,23.5,30.0,7.0
2080.0,2.14,19.2,0.55,24.0,30.3,7.0
2085.0,2.13,19.5,0.55,25.0,30.2,7.0
2090.0,2.15,19.4,0.55,24.0,30.2,7.0
2095.0,2.14,19.4,0.58,24.5,30.4,7.0
2100.0,2.16,19.8,0.56,25.5,30.0,7.0
2105.0,2.17,19.8,0.54,25.0,29.9,7.0
2110.0,2.21,20.3,0.56,26.0,29.8,6.9
2115.0,2.21,20.4,0.56,25.5,30.1,6.9
2120.0,2.21,19.8,0.55,25.5,30.5,7.0
2125.0,2.22,21.3,0.58,27.0,30.2,7.0
2130.0,2.24,21.0,0.56,26.5,30.1,6.9
2135.0,2.24,21.1,0.58,28.0,30.6,6.9
2140.0,2.26,21.1,0.59,28.0,30.3,6.9
2145.0,2.27,21.8,0.58,29.0,29.7,6.9
2150.0,2.27,21.0,0.58,29.0,30.2,6.9
2155.0,2.3,22.2,0.58,28.5,30.2,6.9
2160.0,2.29,22.0,0.58,29.5,30.0,6.9
2165.0,2.29,21.6,0.6,30.0,30.2,7.0
2170.0,2.3,22.5,0.58,31.5,30.5,6.9
2175.0,2.29,21.9,0.56,29.0,29.9,7.0
2180.0,2.29,21.9,0.58,29.5,30.2,7.0
2185.0,2.29,21.5,0.59,29.5,29.9,7.0
2190.0,2.29,21.8,0.56,28.5,30.0,7.0
2195.0,2.27,21.2,0.58,28.5,30.2,7.0
2200.0,2.28,21.9,0.56,29.0,30.0,7.0
2205.0,2.26,21.7,0.57,28.5,30.2,7.0
2210.0,2.23,21.7,0.56,27.0,30.9,7.0
2215.0,2.23,20.8,0.57,27.5,30.7,7.0
2220.0,2.23,20.8,0.58,27.5,30.5,7.0
2225.0,2.22,20.3,0.58,26.5,30.4,7.0
2230.0,2.24,21.5,0.55,27.5,30.2,7.0
2235.0,2.21,21.2,0.56,27.0,30.4,7.0
2240.0,2.19,20.3,0.57,24.5,30.1,7.1
2245.0,2.19,19.9,0.56,24.5,29.9,7.0
2250.0,2.16,19.2,0.54,24.0,30.5,7.1
2255.0,2.16,19.9,0.53,24.5,30.6,7.0
2260.0,2.17,19.6,0.54,23.5,30.6,7.0
2265.0,2.17,19.9,0.56,24.5,30.4,7.0
2270.0,2.15,19.4,0.57,25.0,30.3,7.0
2275.0,2.16,19.6,0.56,24.5,30.2,7.0
2280.0,2.17,19.7,0.55,26.0,30.3,7.0
2285.0,2.19,20.1,0.56,25.5,30.1,7.0
2290.0,2.23,21.0,0.56,27.0,30.3,7.0
2295.0,2.2,20.1,0.55,26.5,30.6,7.0
2300.0,2.17,19.9,0.56,25.0,30.4,7.0
2305.0,2.14,19.1,0.56,24.5,30.7,7.0
2310.0,2.15,18.9,0.57,25.0,30.4,7.0
2315.0,2.18,20.6,0.55,24.0,30.5,7.0
2320.0,2.23,21.3,0.57,28.5,30.1,7.0
2325.0,2.25,21.2,0.56,27.5,30.5,6.9
2330.0,2.22,21.2,0.58,26.0,30.7,7.0
2335.0,2.22,20.8,0.57,26.5,30.1,7.0
2340.0,2.2,20.6,0.57,26.5,30.3,7.0
2345.0,2.18,20.6,0.57,23.5,30.7,7.0
2350.0,2.18,20.2,0.56,24.5,30.1,7.0
2355.0,2.16,19.9,0.54,24.0,30.5,7.0
2360.0,2.17,19.6,0.56,25.0,30.3,7.0
2365.0,2.14,19.6,0.55,24.0,30.5,7.0
2370.0,2.11,19.3,0.55,22.0,30.8,7.1
2375.0,2.12,18.6,0.56,23.5,30.2,7.1
2380.0,2.1,18.4,0.56,23.0,30.1,7.1
2385.0,2.09,17.8,0.54,24.0,30.6,7.1
2390.0,2.1,18.8,0.52,22.0,30.7,7.0
2395.0,2.09,18.4,0.56,23.0,30.7,7.0
2400.0,2.11,18.8,0.54,22.5,30.4,7.0
2405.0,2.09,18.2,0.57,24.0,30.3,7.0
2410.0,2.07,18.2,0.55,22.0,30.7,7.0
2415.0,2.06,17.9,0.54,21.5,30.6,7.1
2420.0,2.04,17.6,0.56,20.5,30.7,7.1
2425.0,2.05,18.2,0.54,22.0,30.4,7.0
2430.0,2.04,17.8,0.54,19.5,30.0,7.1
2435.0,2.05,18.2,0.54,19.5,30.5,7.0
2440.0,2.03,17.2,0.53,20.0,30.4,7.1
2445.0,2.02,17.2,0.56,21.5,30.7,7.0
2450.0,1.99,17.0,0.54,20.0,30.7,7.1
2455.0,1.99,16.9,0.55,20.5,30.6,7.1
2460.0,1.98,15.7,0.52,16.5,30.8,7.1
2465.0,1.98,16.6,0.51,19.0,30.4,7.1
2470.0,1.99,16.5,0.54,19.5,30.0,7.1
2475.0,1.99,16.8,0.54,19.0,30.4,7.0
2480.0,1.99,16.2,0.53,19.0,30.4,7.0
2485.0,1.99,16.5,0.53,17.5,30.3,7.0
2490.0,1.99,16.2,0.53,18.0,30.4,7.0
2495.0,1.99,16.7,0.53,19.0,30.5,7.0
2500.0,1.99,16.7,0.53,19.0,30.2,7.0
2505.0,1.98,16.7,0.54,19.0,30.1,7.0
2510.0,1.97,16.3,0.56,19.0,30.3,7.0
2515.0,1.99,15.9,0.51,18.5,30.1,7.0
2520.0,2.0,16.1,0.52,18.5,30.0,7.0
2525.0,1.99,16.3,0.53,19.0,30.0,7.0
2530.0,1.95,16.0,0.52,18.0,30.7,7.1
2535.0,1.98,16.3,0.52,18.0,30.0,7.0
2540.0,1.95,15.9,0.53,18.0,30.7,7.1
2545.0,1.96,16.2,0.56,20.0,30.1,7.1
2550.0,1.97,16.4,0.52,20.0,30.5,7.0
2555.0,1.96,16.4,0.52,16.5,30.6,7.1
2560.0,1.97,16.7,0.51,17.5,30.8,7.0
2565.0,1.99,16.8,0.54,18.5,30.0,7.0
2570.0,1.98,16.5,0.53,19.0,30.7,7.0
2575.0,2.0,17.2,0.53,19.0,30.3,7.0
2580.0,2.0,16.7,0.52,18.0,30.4,7.0
2585.0,2.03,17.2,0.55,20.0,29.8,7.0
2590.0,1.98,16.7,0.52,18.0,30.4,7.0
2595.0,1.96,16.2,0.54,18.5,30.8,7.0
2600.0,1.99,16.6,0.53,18.5,30.3,7.0
2605.0,1.99,16.2,0.56,18.0,30.3,7.0
2610.0,2.0,16.7,0.54,20.5,30.5,7.0
2615.0,1.99,16.8,0.52,19.5,30.6,7.0
2620.0,1.97,16.5,0.55,19.5,30.5,7.0
2625.0,1.99,16.0,0.53,19.0,30.5,7.0
2630.0,2.0,17.4,0.52,19.0,30.3,7.0
2635.0,2.0,16.7,0.53,18.5,30.3,7.0
2640.0,2.03,17.2,0.55,20.0,30.3,7.0
2645.0,2.05,18.0,0.55,21.0,30.4,7.0
2650.0,2.02,16.8,0.55,20.5,30.8,7.0
2655.0,2.02,17.9,0.54,19.5,30.4,7.0
2660.0,2.01,17.0,0.54,19.5,30.6,7.0
2665.0,2.01,17.4,0.53,18.5,30.4,7.0
2670.0,2.0,16.6,0.53,19.0,30.0,7.0
2675.0,1.98,16.8,0.54,19.5,30.7,7.0
2680.0,1.98,16.9,0.53,19.5,30.2,7.0
2685.0,2.0,17.5,0.53,20.0,29.9,7.0
2690.0,1.98,16.6,0.55,18.5,30.3,7.0
2695.0,1.96,15.9,0.52,17.0,30.6,7.0
2700.0,2.0,16.9,0.5,18.5,30.2,7.0
2705.0,1.98,16.6,0.54,19.0,30.5,7.0
2710.0,1.98,16.1,0.53,18.5,30.4,7.0
2715.0,1.96,16.5,0.53,18.0,30.4,7.1
2720.0,1.98,16.7,0.54,18.5,29.8,7.0
2725.0,1.95,16.2,0.51,15.5,30.5,7.1
2730.0,1.96,15.7,0.53,19.5,30.2,7.1
2735.0,1.94,15.9,0.53,19.0,30.4,7.1
2740.0,1.97,16.1,0.54,17.0,30.1,7.1
2745.0,1.96,16.5,0.56,18.0,30.0,7.1
2750.0,1.95,15.4,0.55,18.0,30.4,7.1
2755.0,1.98,17.0,0.55,19.0,30.1,7.0
2760.0,1.99,16.8,0.52,18.0,30.3,7.0
2765.0,2.0,17.1,0.53,20.0,30.5,7.0
2770.0,2.01,16.9,0.54,18.0,30.5,7.0
2775.0,2.03,17.6,0.54,20.0,30.3,7.0
2780.0,2.01,16.5,0.52,19.5,30.4,7.0
2785.0,2.01,16.9,0.54,18.5,30.4,7.0
2790.0,2.01,17.6,0.56,18.5,30.1,7.0
2795.0,2.04,17.4,0.55,21.5,30.5,7.0
2800.0,2.02,16.8,0.51,18.5,30.1,7.0
2805.0,1.99,16.4,0.54,20.0,30.5,7.0
2810.0,1.98,16.4,0.53,19.0,30.0,7.0
2815.0,1.97,15.7,0.54,18.5,29.9,7.0
2820.0,1.98,16.6,0.54,18.0,30.0,7.0
2825.0,1.96,16.3,0.53,17.0,30.6,7.0
2830.0,1.97,15.8,0.55,19.0,30.1,7.0
2835.0,1.95,16.3,0.54,16.5,29.8,7.1
2840.0,1.93,16.0,0.54,17.0,29.8,7.1
2845.0,1.93,16.4,0.52,16.5,30.3,7.1
2850.0,1.96,16.1,0.52,18.5,30.4,7.0
2855.0,1.96,16.8,0.52,18.5,30.3,7.1
2860.0,1.98,16.2,0.54,18.0,29.8,7.0
2865.0,1.97,16.2,0.52,17.5,30.3,7.0
2870.0,1.97,16.4,0.52,17.5,30.2,7.0
2875.0,1.99,16.8,0.55,20.5,29.8,7.0
2880.0,2.01,16.6,0.55,20.5,30.0,7.0
2885.0,1.98,15.6,0.53,19.5,30.9,7.0
2890.0,2.04,17.6,0.54,20.5,30.0,7.0
2895.0,2.03,16.9,0.55,21.0,30.3,7.0
2900.0,2.05,17.4,0.55,21.5,30.7,7.0
2905.0,2.1,18.4,0.57,22.5,29.8,6.9
2910.0,2.07,18.2,0.54,22.0,30.3,7.0
2915.0,2.07,18.1,0.54,22.0,30.0,7.0
2920.0,2.08,19.0,0.54,22.0,30.4,7.0
2925.0,2.11,18.8,0.55,23.5,29.9,6.9
2930.0,2.1,18.7,0.55,22.5,30.4,6.9
2935.0,2.14,19.5,0.54,24.0,29.8,6.9
2940.0,2.16,20.3,0.57,27.0,29.8,6.9
2945.0,2.16,19.5,0.58,24.5,30.1,6.9
2950.0,2.14,18.9,0.56,23.0,30.0,7.0
2955.0,2.15,19.8,0.55,24.0,29.8,7.0
2960.0,2.16,19.8,0.56,24.5,29.4,7.0
2965.0,2.15,19.2,0.56,22.5,30.2,7.0
2970.0,2.16,19.9,0.56,25.0,29.7,7.0
2975.0,2.14,18.8,0.55,23.5,29.9,7.0
2980.0,2.12,18.6,0.56,24.0,30.3,7.0
2985.0,2.12,18.9,0.55,23.5,30.0,7.0
2990.0,2.11,19.2,0.55,23.0,30.2,7.0
2995.0,2.14,19.6,0.57,24.5,29.6,7.0
3000.0,2.1,19.2,0.54,22.0,29.6,7.0
3005.0,2.09,18.3,0.54,21.5,29.8,7.0
3010.0,2.07,17.9,0.53,22.0,29.9,7.0
3015.0,2.04,17.7,0.55,21.5,30.0,7.1
3020.0,2.06,17.7,0.55,22.5,29.6,7.0
3025.0,2.06,18.1,0.55,22.5,29.6,7.0
3030.0,2.06,18.0,0.54,22.0,30.0,7.0
3035.0,2.05,17.8,0.54,21.5,30.1,7.0
3040.0,2.07,18.3,0.54,22.0,30.2,7.0
3045.0,2.08,18.7,0.54,22.5,29.6,7.0
3050.0,2.08,18.3,0.55,22.5,29.8,7.0
3055.0,2.12,18.9,0.56,24.5,29.4,7.0
3060.0,2.11,19.1,0.55,22.5,29.9,7.0
3065.0,2.12,19.2,0.55,24.0,29.3,7.0
3070.0,2.15,19.6,0.57,24.5,29.5,7.0
3075.0,2.14,19.7,0.57,24.5,29.6,7.0
3080.0,2.11,19.1,0.54,22.0,29.7,7.0
3085.0,2.13,19.4,0.54,23.0,29.5,7.0
3090.0,2.16,19.8,0.55,24.5,29.4,7.0
3095.0,2.13,19.3,0.54,22.5,29.9,7.0
3100.0,2.11,19.2,0.55,23.5,29.8,7.0
3105.0,2.13,19.2,0.56,21.5,29.2,7.0
3110.0,2.13,19.0,0.57,23.0,30.1,7.0
3115.0,2.09,18.2,0.56,22.5,29.8,7.0
3120.0,2.08,18.4,0.57,22.0,30.1,7.0
3125.0,2.08,18.8,0.53,20.5,29.8,7.0
3130.0,2.05,17.8,0.52,20.5,30.1,7.0
3135.0,2.07,18.3,0.54,20.5,29.4,7.0
3140.0,2.08,18.3,0.54,21.0,29.4,7.0
3145.0,2.07,18.1,0.55,22.0,30.2,7.0
3150.0,2.09,18.8,0.56,22.0,29.3,7.0
3155.0,2.07,18.2,0.55,21.5,30.2,7.0
3160.0,2.09,18.6,0.54,21.5,29.4,7.0
3165.0,2.05,18.2,0.53,20.0,29.8,7.0
3170.0,2.06,18.7,0.55,21.0,29.9,7.0
3175.0,2.05,17.8,0.53,21.0,29.3,7.0
3180.0,2.07,17.9,0.54,22.0,29.8,7.0
3185.0,2.06,18.3,0.54,21.5,29.2,7.0
3190.0,2.07,18.2,0.54,21.0,28.9,7.0
3195.0,2.05,18.1,0.52,21.5,29.4,7.0
3200.0,2.05,18.1,0.55,19.5,29.3,7.0
3205.0,2.06,18.0,0.55,20.5,29.2,7.0
3210.0,2.03,17.1,0.53,20.5,29.6,7.0
3215.0,2.02,17.2,0.53,20.5,29.2,7.0
3220.0,2.01,17.0,0.53,19.5,29.3,7.0
3225.0,2.01,16.7,0.52,19.5,29.4,7.0
3230.0,2.01,17.0,0.53,18.0,29.5,7.0
3235.0,1.99,16.3,0.55,18.5,29.8,7.0
3240.0,2.02,17.5,0.54,21.0,28.9,7.0
3245.0,1.99,16.8,0.54,19.0,29.3,7.0
3250.0,1.99,16.9,0.53,17.5,29.3,7.0
3255.0,1.97,16.2,0.53,18.5,29.1,7.1
3260.0,1.95,15.8,0.53,18.5,29.5,7.1
3265.0,1.92,15.9,0.52,16.0,29.6,7.1
3270.0,1.96,16.0,0.53,17.5,29.2,7.1
3275.0,1.97,16.3,0.53,18.0,29.2,7.1
3280.0,1.98,16.9,0.52,18.0,29.2,7.1
3285.0,2.0,16.8,0.54,19.5,29.1,7.0
3290.0,1.98,16.7,0.53,19.0,29.6,7.0
3295.0,2.03,17.6,0.53,21.5,29.4,7.0
3300.0,2.02,17.1,0.54,18.5,29.2,7.0
3305.0,2.03,17.5,0.55,19.0,29.0,7.0
3310.0,2.04,17.9,0.54,19.5,28.9,7.0
3315.0,2.02,17.4,0.55,20.0,29.4,7.0
3320.0,2.0,16.7,0.54,18.5,29.7,7.0
3325.0,2.01,17.3,0.54,19.0,29.2,7.0
3330.0,2.0,17.0,0.54,20.0,29.3,7.0
3335.0,1.98,17.1,0.54,18.5,29.6,7.0
3340.0,2.01,16.7,0.54,19.0,29.0,7.0
3345.0,2.02,17.6,0.55,21.5,29.5,7.0
3350.0,2.02,17.4,0.55,20.5,29.2,7.0
3355.0,2.02,17.6,0.54,20.5,29.2,7.0
3360.0,2.02,17.6,0.52,20.0,28.9,7.0
3365.0,1.98,16.0,0.55,18.5,29.2,7.1
3370.0,1.97,15.9,0.54,18.0,28.7,7.1
3375.0,1.95,16.1,0.52,17.5,29.1,7.1
3380.0,1.96,16.0,0.53,18.5,28.9,7.1
3385.0,1.98,16.1,0.52,18.5,28.5,7.1
3390.0,1.96,16.0,0.53,18.5,29.1,7.1
3395.0,1.94,16.1,0.54,17.5,29.3,7.1
3400.0,1.94,15.2,0.54,17.5,29.0,7.1
3405.0,1.94,16.0,0.54,19.0,28.9,7.1
3410.0,1.93,15.9,0.52,17.5,29.2,7.1
3415.0,1.93,15.3,0.52,16.5,29.0,7.1
3420.0,1.93,16.4,0.53,15.5,29.3,7.1
3425.0,1.96,16.1,0.52,17.5,29.1,7.1
3430.0,1.98,16.1,0.54,19.0,28.7,7.1
3435.0,1.96,16.2,0.53,17.5,29.1,7.1
3440.0,1.97,16.1,0.54,18.5,28.5,7.1
3445.0,1.95,15.6,0.51,17.0,28.8,7.1
3450.0,1.95,16.3,0.53,16.5,29.0,7.1
3455.0,1.96,16.5,0.52,18.0,29.0,7.1
3460.0,1.95,15.9,0.53,18.0,29.0,7.1
3465.0,1.97,16.6,0.54,18.5,28.5,7.1
3470.0,1.95,15.7,0.52,16.0,28.5,7.1
3475.0,1.98,15.7,0.52,19.0,28.6,7.1
3480.0,1.97,16.7,0.54,19.5,28.7,7.1
3485.0,1.98,16.7,0.54,19.5,29.4,7.1
3490.0,1.99,16.7,0.57,18.5,29.0,7.1
3495.0,2.02,17.4,0.54,20.0,28.7,7.0
3500.0,2.01,17.2,0.52,20.0,29.2,7.0
3505.0,2.02,17.1,0.53,21.5,28.9,7.0
3510.0,2.01,16.8,0.53,19.0,28.2,7.0
3515.0,1.99,16.7,0.55,20.0,28.3,7.1
3520.0,1.98,17.3,0.54,18.0,28.4,7.1
3525.0,1.98,16.1,0.54,18.5,29.4,7.1
3530.0,2.02,17.5,0.54,18.5,28.6,7.0
3535.0,2.01,17.3,0.53,19.5,28.7,7.0
3540.0,2.01,17.1,0.54,19.5,28.5,7.0
3545.0,2.01,16.2,0.55,19.0,28.7,7.0
3550.0,2.01,17.5,0.51,19.5,28.6,7.0
3555.0,2.01,16.7,0.54,20.0,28.6,7.0
3560.0,2.03,17.6,0.54,20.5,28.6,7.0
3565.0,2.02,17.7,0.55,20.0,28.2,7.0
3570.0,2.0,17.1,0.54,18.5,29.1,7.0
3575.0,2.01,17.2,0.54,20.0,28.2,7.0
3580.0,2.02,17.4,0.56,19.0,28.3,7.0
3585.0,2.04,17.9,0.54,21.0,28.3,7.0
3590.0,2.03,16.9,0.54,19.5,28.5,7.0
3595.0,2.04,17.2,0.53,20.5,28.3,7.0
3600.0,2.04,18.1,0.54,21.5,28.9,7.0
3605.0,2.02,17.6,0.55,21.5,28.8,7.0
3610.0,2.07,17.9,0.54,22.0,28.1,7.0
3615.0,2.03,17.3,0.54,19.5,29.1,7.0
3620.0,2.08,18.2,0.54,21.5,28.3,7.0
3625.0,2.08,18.5,0.56,23.0,28.5,7.0
3630.0,2.09,19.3,0.56,23.0,28.3,7.0
3635.0,2.08,18.2,0.54,22.0,28.8,7.0
3640.0,2.11,19.2,0.54,23.0,28.6,7.0
3645.0,2.12,19.3,0.56,23.5,28.1,7.0
3650.0,2.14,18.9,0.54,23.0,28.1,6.9
3655.0,2.12,18.7,0.56,23.0,28.6,7.0
3660.0,2.14,19.2,0.55,24.5,28.1,6.9
3665.0,2.13,19.3,0.57,24.5,28.3,7.0
3670.0,2.15,19.4,0.57,23.0,28.8,6.9
3675.0,2.16,19.7,0.56,26.0,28.0,7.0
3680.0,2.15,19.8,0.53,24.5,28.3,7.0
3685.0,2.15,19.7,0.55,24.5,28.0,7.0
3690.0,2.12,19.3,0.56,23.5,28.4,7.0
3695.0,2.15,19.9,0.57,24.5,28.2,7.0
3700.0,2.15,19.7,0.54,24.0,28.5,7.0
3705.0,2.15,19.7,0.56,24.5,28.4,7.0
3710.0,2.14,19.0,0.54,23.0,28.7,7.0
3715.0,2.13,18.9,0.55,23.5,28.7,7.0
3720.0,2.13,18.9,0.57,23.5,28.5,7.0
3725.0,2.1,19.0,0.55,22.0,28.0,7.0
3730.0,2.07,18.5,0.56,23.5,28.2,7.1
3735.0,2.05,18.1,0.55,20.0,28.2,7.1
3740.0,2.01,17.3,0.55,19.0,28.0,7.1
3745.0,2.01,17.5,0.54,20.0,28.5,7.1
3750.0,2.01,17.0,0.54,19.0,28.1,7.1
3755.0,2.0,16.6,0.53,19.5,28.3,7.1
3760.0,1.97,16.8,0.52,18.0,28.4,7.1
3765.0,1.98,16.7,0.53,18.5,28.4,7.1
3770.0,2.0,16.8,0.54,20.5,28.0,7.1
3775.0,2.01,16.7,0.53,19.0,28.1,7.1
3780.0,2.02,17.5,0.53,20.0,27.9,7.0
3785.0,2.01,16.8,0.53,20.0,28.1,7.1
3790.0,2.03,17.3,0.54,20.5,28.2,7.0
3795.0,2.01,17.2,0.54,20.0,28.4,7.0
3800.0,2.01,16.9,0.53,19.0,28.3,7.0
3805.0,2.02,17.6,0.55,21.5,28.4,7.0
3810.0,2.05,17.5,0.55,20.0,28.0,7.0
3815.0,2.04,17.8,0.55,21.0,28.2,7.0
3820.0,2.06,18.3,0.54,18.5,28.1,7.0
3825.0,2.05,17.5,0.55,22.0,28.1,7.0
3830.0,2.05,17.7,0.55,21.0,27.7,7.0
3835.0,2.03,17.4,0.53,20.0,28.0,7.0
3840.0,2.03,17.7,0.52,19.5,28.2,7.0
3845.0,2.02,17.1,0.54,19.5,28.1,7.0
3850.0,2.01,16.9,0.55,20.0,28.2,7.0
3855.0,2.03,17.4,0.54,19.5,28.1,7.0
3860.0,2.04,17.9,0.53,21.0,27.7,7.0
3865.0,2.01,17.6,0.51,18.5,28.2,7.0
3870.0,2.03,16.7,0.55,20.0,28.0,7.0
3875.0,2.01,17.1,0.52,19.0,28.3,7.0
3880.0,2.05,18.2,0.54,21.0,27.5,7.0
3885.0,2.04,18.0,0.54,21.0,28.0,7.0
3890.0,2.01,17.1,0.54,19.5,28.2,7.0
3895.0,2.01,16.8,0.54,19.0,27.8,7.1
3900.0,2.0,16.9,0.54,19.5,28.6,7.0
3905.0,1.99,16.5,0.55,19.0,28.4,7.1
3910.0,2.0,16.5,0.53,18.0,28.0,7.1
3915.0,1.97,16.5,0.54,17.5,28.1,7.1
3920.0,1.98,16.9,0.52,20.0,27.9,7.1
3925.0,1.98,16.2,0.53,19.0,27.4,7.1
3930.0,1.95,16.4,0.51,18.0,27.9,7.1
3935.0,1.95,16.3,0.53,17.5,27.9,7.1
3940.0,1.95,15.7,0.53,17.5,27.9,7.1
3945.0,1.94,16.2,0.52,16.5,28.0,7.1
3950.0,1.95,15.5,0.53,18.0,27.8,7.1
3955.0,1.95,16.2,0.52,18.0,28.0,7.1
3960.0,1.92,15.4,0.52,16.5,28.4,7.2
3965.0,1.93,16.0,0.52,16.5,27.9,7.2
3970.0,1.94,15.8,0.54,16.5,27.6,7.2
3975.0,1.94,15.5,0.5,17.5,27.8,7.2
3980.0,1.92,15.3,0.53,16.5,28.1,7.2
3985.0,1.95,16.0,0.51,17.0,27.5,7.1
3990.0,1.95,16.3,0.53,18.5,27.8,7.1
3995.0,1.96,15.9,0.54,19.5,27.9,7.1
4000.0,1.97,16.4,0.54,18.0,27.7,7.1
4005.0,1.96,15.5,0.54,18.5,27.7,7.1
4010.0,1.94,15.7,0.53,17.5,27.9,7.1
4015.0,1.92,15.9,0.53,16.5,28.0,7.2
4020.0,1.91,15.6,0.54,15.5,27.9,7.2
4025.0,1.91,14.9,0.52,16.5,27.6,7.2
4030.0,1.89,15.4,0.52,16.0,27.9,7.2
4035.0,1.88,14.9,0.54,14.5,28.1,7.2
4040.0,1.88,15.3,0.5,16.0,27.4,7.2
4045.0,1.87,14.5,0.53,15.5,27.7,7.3
4050.0,1.85,14.8,0.52,14.5,28.0,7.3
4055.0,1.86,14.8,0.54,16.0,28.0,7.3
4060.0,1.86,14.5,0.52,15.0,27.8,7.3
4065.0,1.87,14.5,0.53,15.5,28.1,7.3
4070.0,1.87,15.4,0.52,15.5,27.8,7.3
4075.0,1.87,14.5,0.54,15.0,27.7,7.3
4080.0,1.87,15.0,0.52,15.5,27.9,7.3
4085.0,1.88,14.8,0.51,15.5,27.6,7.2
4090.0,1.89,14.6,0.52,16.0,27.5,7.2
4095.0,1.9,15.3,0.54,16.5,27.2,7.2
4100.0,1.9,15.2,0.52,16.0,27.9,7.2
4105.0,1.89,14.6,0.53,17.0,27.6,7.2
4110.0,1.89,15.1,0.52,15.5,27.6,7.2
4115.0,1.89,14.5,0.52,16.5,27.9,7.2
4120.0,1.87,14.4,0.53,14.5,27.7,7.3
4125.0,1.88,14.8,0.52,15.5,27.7,7.2
4130.0,1.87,14.6,0.53,15.5,27.4,7.3
4135.0,1.86,14.3,0.51,15.5,27.4,7.3
4140.0,1.86,14.5,0.53,14.0,28.0,7.3
4145.0,1.86,14.4,0.53,17.5,27.9,7.3
4150.0,1.87,14.4,0.52,16.0,27.5,7.3
4155.0,1.85,13.9,0.53,14.5,27.4,7.3
4160.0,1.84,14.1,0.53,14.5,27.6,7.3
4165.0,1.84,14.1,0.52,12.5,27.8,7.3
4170.0,1.85,13.9,0.52,14.5,27.4,7.3
4175.0,1.84,14.2,0.51,13.0,27.9,7.3
4180.0,1.84,14.0,0.52,14.5,27.9,7.3
4185.0,1.84,14.2,0.54,13.5,27.8,7.3
4190.0,1.82,13.7,0.52,13.5,27.9,7.3
4195.0,1.82,13.8,0.52,13.0,27.9,7.3
4200.0,1.82,13.9,0.51,15.0,28.3,7.3
4205.0,1.83,13.7,0.52,14.0,27.8,7.3
4210.0,1.81,14.1,0.53,15.0,27.6,7.4
4215.0,1.82,13.7,0.51,13.5,27.6,7.3
4220.0,1.85,14.3,0.53,15.0,27.1,7.3
4225.0,1.81,13.3,0.53,14.0,28.1,7.3
4230.0,1.8,13.1,0.51,13.5,27.8,7.4
4235.0,1.81,13.5,0.5,14.5,28.0,7.3
4240.0,1.83,14.1,0.51,14.0,27.5,7.3
4245.0,1.84,14.0,0.5,14.5,27.7,7.3
4250.0,1.84,14.1,0.52,13.5,27.7,7.3
4255.0,1.81,13.3,0.52,14.5,28.0,7.3
4260.0,1.82,13.8,0.51,14.0,27.6,7.3
4265.0,1.83,14.6,0.5,13.5,27.4,7.3
4270.0,1.84,14.7,0.52,14.5,27.4,7.3
4275.0,1.84,13.7,0.53,15.0,27.5,7.3
4280.0,1.85,14.4,0.51,14.5,27.7,7.3
4285.0,1.85,14.5,0.51,14.5,27.9,7.3
4290.0,1.84,13.9,0.51,15.0,27.6,7.3
4295.0,1.86,14.3,0.53,15.0,27.3,7.3
4300.0,1.85,14.5,0.52,15.0,27.8,7.3
4305.0,1.84,14.0,0.51,15.0,27.9,7.3
4310.0,1.84,13.6,0.53,13.5,27.6,7.3
4315.0,1.85,14.4,0.54,16.0,28.0,7.3
4320.0,1.84,14.2,0.51,15.0,27.9,7.3
4325.0,1.83,13.4,0.51,12.0,27.9,7.3
4330.0,1.83,13.9,0.52,15.5,27.3,7.3
4335.0,1.8,13.0,0.52,13.0,27.4,7.4
4340.0,1.81,13.5,0.52,13.5,27.6,7.4
4345.0,1.79,13.3,0.5,11.5,27.7,7.4
4350.0,1.78,13.1,0.51,14.0,27.9,7.4
4355.0,1.81,13.5,0.5,13.0,27.4,7.4
4360.0,1.81,13.4,0.51,14.0,27.3,7.4
4365.0,1.8,13.3,0.51,14.0,28.0,7.4
4370.0,1.81,13.2,0.51,13.5,27.9,7.3
4375.0,1.79,13.2,0.52,13.0,27.9,7.4
4380.0,1.8,13.5,0.52,13.0,27.7,7.4
4385.0,1.77,12.8,0.52,12.5,28.0,7.4
4390.0,1.77,12.9,0.5,12.0,27.8,7.4
4395.0,1.77,13.2,0.5,12.5,27.8,7.4
4400.0,1.76,12.5,0.53,13.0,27.9,7.4
4405.0,1.76,12.9,0.51,11.0,27.8,7.4
4410.0,1.76,12.9,0.53,13.0,28.0,7.4
4415.0,1.76,12.7,0.51,12.0,28.1,7.4
4420.0,1.76,12.6,0.52,12.0,27.8,7.4
4425.0,1.76,12.3,0.5,13.0,27.6,7.4
4430.0,1.75,12.8,0.52,11.5,27.8,7.5
4435.0,1.76,12.9,0.51,12.5,27.6,7.4
4440.0,1.77,12.6,0.52,12.5,27.9,7.4
4445.0,1.77,13.0,0.51,13.0,27.6,7.4
4450.0,1.79,13.0,0.52,12.5,27.5,7.4
4455.0,1.78,13.0,0.53,14.0,27.9,7.4
4460.0,1.78,13.5,0.51,13.0,27.9,7.4
4465.0,1.77,12.4,0.52,12.5,28.1,7.4
4470.0,1.78,12.5,0.5,13.0,28.1,7.4
4475.0,1.78,13.1,0.51,13.0,28.0,7.4
4480.0,1.79,13.6,0.52,13.0,27.6,7.4
4485.0,1.78,13.6,0.5,11.5,27.9,7.4
4490.0,1.78,13.6,0.5,12.0,28.2,7.4
4495.0,1.79,13.3,0.51,13.5,27.8,7.4
4500.0,1.79,12.6,0.51,13.0,28.1,7.4
4505.0,1.78,13.0,0.52,12.5,27.8,7.4
4510.0,1.79,13.4,0.49,12.0,27.7,7.4
4515.0,1.78,13.5,0.5,12.5,28.2,7.4
4520.0,1.81,13.7,0.53,13.0,27.2,7.4
4525.0,1.8,13.6,0.51,15.0,27.7,7.4
4530.0,1.8,13.1,0.53,12.0,28.1,7.4
4535.0,1.81,13.3,0.51,13.5,27.3,7.4
4540.0,1.79,13.0,0.5,13.5,28.0,7.4
4545.0,1.81,13.6,0.52,13.0,27.6,7.4
4550.0,1.81,13.2,0.53,14.0,27.7,7.4
4555.0,1.8,13.5,0.5,14.0,27.9,7.4
4560.0,1.79,13.0,0.52,13.5,27.9,7.4
4565.0,1.78,13.1,0.54,13.5,27.8,7.4
4570.0,1.78,12.9,0.53,14.0,27.8,7.4
4575.0,1.79,12.8,0.52,14.0,27.8,7.4
4580.0,1.79,12.8,0.49,13.0,28.0,7.4
4585.0,1.77,12.7,0.51,12.5,28.3,7.4
4590.0,1.77,13.1,0.5,12.5,27.9,7.4
4595.0,1.77,13.3,0.53,13.5,27.7,7.4
4600.0,1.77,12.7,0.52,13.0,27.8,7.4
4605.0,1.76,12.9,0.51,12.5,27.4,7.5
4610.0,1.75,12.5,0.51,11.5,27.8,7.5
4615.0,1.75,12.8,0.52,14.0,27.7,7.5
4620.0,1.75,12.8,0.5,11.5,27.6,7.5
4625.0,1.75,12.9,0.5,11.0,27.9,7.5
4630.0,1.74,12.6,0.49,12.5,28.1,7.5
4635.0,1.75,13.0,0.52,12.0,27.8,7.5
4640.0,1.73,12.2,0.52,12.5,28.4,7.5
4645.0,1.75,12.3,0.52,14.0,27.8,7.5
4650.0,1.75,12.8,0.52,12.5,27.9,7.5
4655.0,1.75,12.4,0.52,12.5,28.2,7.4
4660.0,1.76,13.0,0.52,12.5,28.2,7.4
4665.0,1.76,12.5,0.53,12.5,28.4,7.4
4670.0,1.76,13.1,0.5,12.5,28.2,7.4
4675.0,1.77,13.3,0.51,11.0,27.8,7.4
4680.0,1.76,13.0,0.5,13.0,28.3,7.4
4685.0,1.75,12.9,0.51,11.5,28.4,7.4
4690.0,1.76,12.2,0.51,12.5,28.2,7.4
4695.0,1.76,12.3,0.5,12.0,28.1,7.4
4700.0,1.77,12.6,0.52,13.0,27.6,7.4
4705.0,1.76,12.8,0.5,13.0,28.0,7.4
4710.0,1.76,11.8,0.51,12.0,27.9,7.4
4715.0,1.75,12.2,0.5,13.0,27.8,7.5
4720.0,1.75,12.6,0.52,12.5,28.4,7.4
4725.0,1.75,12.4,0.5,12.0,28.3,7.4
4730.0,1.78,13.1,0.51,11.5,27.9,7.4
4735.0,1.75,12.9,0.5,11.5,28.6,7.4
4740.0,1.78,12.8,0.51,14.5,27.5,7.4
4745.0,1.75,12.2,0.51,12.0,28.1,7.4
4750.0,1.77,13.2,0.49,12.0,28.1,7.4
4755.0,1.76,12.9,0.51,11.5,28.4,7.4
4760.0,1.76,12.8,0.52,13.0,28.3,7.4
4765.0,1.76,12.5,0.52,12.5,28.6,7.4
4770.0,1.77,12.9,0.5,13.0,28.3,7.4
4775.0,1.77,13.1,0.49,11.5,28.5,7.4
4780.0,1.77,12.3,0.5,13.5,27.6,7.4
4785.0,1.77,12.5,0.52,13.0,27.6,7.4
4790.0,1.78,12.9,0.5,12.0,27.8,7.4
4795.0,1.76,13.0,0.51,11.5,28.3,7.4
4800.0,1.75,12.9,0.51,12.0,28.6,7.4
4805.0,1.75,12.4,0.51,13.0,28.2,7.4
4810.0,1.75,12.7,0.52,12.5,28.3,7.4
4815.0,1.75,11.7,0.51,11.5,28.2,7.4
4820.0,1.73,12.5,0.51,10.5,28.2,7.5
4825.0,1.73,11.9,0.53,14.0,28.2,7.5
4830.0,1.74,12.1,0.51,12.0,28.0,7.5
4835.0,1.72,11.4,0.51,11.5,28.6,7.5
4840.0,1.73,12.5,0.49,9.5,28.4,7.5
4845.0,1.73,12.4,0.5,11.0,28.3,7.5
4850.0,1.74,13.0,0.51,12.0,28.1,7.5
4855.0,1.75,12.2,0.5,14.0,28.0,7.5
4860.0,1.73,12.5,0.5,11.5,28.1,7.5
4865.0,1.73,12.2,0.54,13.0,28.4,7.5
4870.0,1.71,11.4,0.51,10.0,28.5,7.5
4875.0,1.71,11.7,0.5,11.5,28.6,7.5
4880.0,1.71,11.2,0.51,11.0,28.7,7.5
4885.0,1.72,11.7,0.5,11.0,28.4,7.5
4890.0,1.71,12.1,0.5,10.0,29.1,7.5
4895.0,1.73,11.7,0.52,13.5,28.4,7.5
4900.0,1.72,12.1,0.5,11.5,28.3,7.5
4905.0,1.73,12.3,0.51,10.5,28.3,7.5
4910.0,1.73,12.3,0.52,11.0,28.6,7.5
4915.0,1.73,11.3,0.49,11.5,28.3,7.5
4920.0,1.73,12.3,0.52,11.0,28.4,7.5
4925.0,1.74,12.7,0.5,11.5,27.9,7.5
4930.0,1.72,12.1,0.51,13.0,28.4,7.5
4935.0,1.7,11.7,0.5,10.0,29.0,7.5
4940.0,1.74,12.2,0.51,12.5,28.0,7.5
4945.0,1.72,11.8,0.52,11.5,28.6,7.5
4950.0,1.71,12.1,0.51,12.0,28.3,7.5
4955.0,1.7,11.9,0.51,11.5,29.0,7.5
4960.0,1.72,12.4,0.5,11.0,28.2,7.5
4965.0,1.71,11.7,0.51,11.0,28.7,7.5
4970.0,1.7,12.3,0.5,11.0,29.0,7.5
4975.0,1.7,11.6,0.5,10.0,29.0,7.5
4980.0,1.71,11.8,0.49,10.5,29.1,7.5
4985.0,1.71,12.0,0.5,11.5,28.8,7.5
4990.0,1.7,11.1,0.51,10.5,28.7,7.5
4995.0,1.7,11.4,0.51,11.5,28.1,7.5
5000.0,1.68,10.9,0.5,10.0,28.7,7.6
5005.0,1.7,11.5,0.48,10.5,28.4,7.5
5010.0,1.68,11.4,0.49,10.0,28.9,7.6
5015.0,1.68,11.1,0.49,10.0,29.0,7.5
5020.0,1.68,11.3,0.5,11.0,28.7,7.6
5025.0,1.69,11.2,0.51,11.0,28.7,7.6
5030.0,1.67,11.0,0.5,10.5,29.0,7.6
5035.0,1.69,11.2,0.51,11.0,28.4,7.6
5040.0,1.69,11.2,0.49,10.0,28.4,7.6
5045.0,1.68,11.6,0.51,9.5,28.7,7.6
5050.0,1.71,12.1,0.51,11.0,28.0,7.5
5055.0,1.67,11.2,0.5,10.0,29.2,7.6
5060.0,1.68,11.2,0.51,8.5,28.9,7.6
5065.0,1.69,11.3,0.5,10.5,28.9,7.5
5070.0,1.69,11.8,0.5,9.5,28.9,7.5
5075.0,1.7,12.0,0.51,11.0,28.6,7.5
5080.0,1.69,11.5,0.5,10.5,28.7,7.5
5085.0,1.7,11.2,0.5,12.0,28.7,7.5
5090.0,1.71,11.4,0.51,10.0,29.0,7.5
5095.0,1.72,12.2,0.5,11.5,28.9,7.5
5100.0,1.71,11.7,0.51,11.0,28.9,7.5
5105.0,1.71,12.1,0.52,12.0,29.2,7.5
5110.0,1.71,11.9,0.53,12.0,29.1,7.5
5115.0,1.7,11.2,0.48,10.0,29.2,7.5
5120.0,1.71,11.8,0.5,11.5,29.0,7.5
5125.0,1.71,11.5,0.5,10.5,28.6,7.5
5130.0,1.69,10.9,0.51,10.0,29.3,7.5
5135.0,1.7,11.3,0.49,11.0,29.1,7.5
5140.0,1.71,12.1,0.51,12.5,29.1,7.5
5145.0,1.69,11.8,0.52,10.5,29.6,7.5
5150.0,1.7,12.1,0.5,10.5,29.1,7.5
5155.0,1.69,11.8,0.51,10.5,29.2,7.5
5160.0,1.69,11.6,0.51,12.5,29.3,7.5
5165.0,1.68,10.8,0.5,10.0,29.1,7.5
5170.0,1.7,11.7,0.49,9.5,29.1,7.5
5175.0,1.69,11.7,0.5,12.0,29.3,7.5
5180.0,1.69,11.1,0.48,10.0,28.8,7.5
5185.0,1.68,11.7,0.51,11.0,28.8,7.5
5190.0,1.67,10.6,0.52,11.5,29.1,7.6
5195.0,1.68,11.1,0.5,11.0,29.1,7.5
5200.0,1.68,11.1,0.49,10.0,29.1,7.5
5205.0,1.68,10.9,0.51,10.0,29.0,7.5
5210.0,1.67,11.4,0.5,8.5,29.1,7.6
5215.0,1.67,10.7,0.5,9.5,29.3,7.6
5220.0,1.66,11.2,0.51,12.0,29.3,7.6
5225.0,1.67,11.2,0.5,10.5,29.3,7.6
5230.0,1.67,10.6,0.51,11.0,29.2,7.6
5235.0,1.67,10.7,0.49,9.5,28.9,7.6
5240.0,1.67,10.6,0.5,9.5,29.2,7.6
5245.0,1.69,11.2,0.51,11.5,28.9,7.5
5250.0,1.68,11.3,0.5,10.5,29.1,7.5
5255.0,1.7,11.4,0.51,11.5,28.5,7.5
5260.0,1.68,11.6,0.52,9.5,29.4,7.5
5265.0,1.67,10.6,0.53,10.5,29.8,7.5
5270.0,1.69,11.6,0.5,11.0,29.1,7.5
5275.0,1.68,11.8,0.51,11.5,29.2,7.5
5280.0,1.67,10.7,0.49,11.0,29.5,7.6
5285.0,1.67,11.2,0.52,11.0,29.6,7.5
5290.0,1.69,12.0,0.49,12.0,29.4,7.5
5295.0,1.7,11.8,0.51,12.0,28.9,7.5
5300.0,1.69,11.7,0.51,12.0,29.3,7.5
5305.0,1.7,11.8,0.51,11.5,29.1,7.5
5310.0,1.68,11.2,0.5,10.5,29.2,7.5
5315.0,1.67,10.9,0.49,9.5,29.4,7.5
5320.0,1.67,11.5,0.52,12.5,29.4,7.5
5325.0,1.68,11.5,0.49,10.0,29.1,7.5
5330.0,1.67,10.9,0.49,9.5,29.8,7.5
5335.0,1.68,10.6,0.51,9.5,29.8,7.5
5340.0,1.69,10.9,0.5,10.5,29.3,7.5
5345.0,1.68,11.1,0.51,10.0,29.7,7.5
5350.0,1.69,11.8,0.48,11.0,29.5,7.5
5355.0,1.7,11.0,0.52,11.0,29.4,7.5
5360.0,1.68,10.7,0.5,9.0,29.5,7.5
5365.0,1.66,11.2,0.53,10.0,30.5,7.5
5370.0,1.68,11.6,0.49,10.5,29.4,7.5
5375.0,1.68,11.4,0.49,10.0,29.4,7.5
5380.0,1.67,11.0,0.51,10.0,29.7,7.5
5385.0,1.67,10.2,0.51,10.0,29.6,7.5
5390.0,1.67,11.2,0.5,11.0,29.5,7.6
5395.0,1.66,10.4,0.52,10.5,29.8,7.6
5400.0,1.66,10.6,0.52,9.5,29.7,7.6
5405.0,1.65,10.8,0.5,9.5,29.8,7.6
5410.0,1.65,10.5,0.5,11.0,29.5,7.6
5415.0,1.66,11.1,0.5,8.0,29.6,7.6
5420.0,1.66,11.1,0.5,10.5,29.4,7.6
5425.0,1.64,10.6,0.5,10.5,30.2,7.6
5430.0,1.67,10.5,0.51,10.5,29.3,7.6
5435.0,1.67,11.0,0.5,10.5,29.7,7.5
5440.0,1.68,11.7,0.5,12.0,29.5,7.5
5445.0,1.68,11.2,0.5,10.5,29.1,7.5
5450.0,1.67,11.0,0.49,11.0,29.7,7.5
5455.0,1.68,11.6,0.5,10.0,29.7,7.5
5460.0,1.66,10.4,0.49,9.5,29.9,7.5
5465.0,1.67,11.2,0.5,8.5,29.5,7.5
5470.0,1.66,10.7,0.52,10.5,30.0,7.5
5475.0,1.67,10.8,0.5,12.0,29.9,7.5
5480.0,1.67,11.0,0.5,9.5,29.9,7.5
5485.0,1.66,11.1,0.52,10.0,29.8,7.6
5490.0,1.66,10.8,0.51,9.5,29.8,7.5
5495.0,1.66,10.8,0.53,11.0,30.1,7.5
5500.0,1.66,10.7,0.51,11.0,29.9,7.5
5505.0,1.66,10.5,0.49,10.5,30.2,7.5
5510.0,1.68,11.2,0.49,10.5,29.6,7.5
5515.0,1.67,11.4,0.51,10.0,29.5,7.5
5520.0,1.66,11.0,0.51,9.5,29.9,7.5
5525.0,1.66,10.7,0.49,10.0,29.6,7.6
5530.0,1.65,10.5,0.53,9.0,29.7,7.6
5535.0,1.66,11.4,0.51,8.5,29.8,7.5
5540.0,1.65,10.3,0.52,10.5,30.0,7.6
5545.0,1.67,11.1,0.51,11.5,29.7,7.5
5550.0,1.66,11.6,0.49,10.0,29.9,7.5
5555.0,1.67,11.3,0.49,9.5,29.7,7.5
5560.0,1.68,11.1,0.49,10.0,29.6,7.5
5565.0,1.68,11.4,0.51,10.5,29.5,7.5
5570.0,1.67,11.0,0.5,11.5,29.9,7.5
5575.0,1.69,11.5,0.51,11.0,29.2,7.5
5580.0,1.68,11.2,0.5,10.5,29.6,7.5
5585.0,1.67,11.2,0.49,11.0,30.3,7.5
5590.0,1.68,11.2,0.5,10.5,29.9,7.5
5595.0,1.7,11.3,0.5,11.0,29.4,7.5
5600.0,1.69,11.6,0.5,11.0,30.1,7.5
5605.0,1.69,10.9,0.5,10.0,29.7,7.5
5610.0,1.66,11.0,0.5,9.0,30.4,7.5
5615.0,1.68,11.3,0.5,11.5,29.6,7.5
5620.0,1.67,10.7,0.49,9.0,30.3,7.5
5625.0,1.65,11.3,0.5,9.5,30.2,7.5
5630.0,1.66,10.9,0.51,11.5,30.0,7.5
5635.0,1.66,10.8,0.51,10.0,29.9,7.5
5640.0,1.67,11.4,0.51,11.5,29.6,7.5
5645.0,1.66,10.9,0.52,11.5,29.8,7.5
5650.0,1.65,10.9,0.5,8.5,30.1,7.6
5655.0,1.66,10.8,0.51,10.0,30.0,7.6
5660.0,1.64,10.6,0.53,10.5,30.3,7.6
5665.0,1.66,10.7,0.51,10.0,29.8,7.5
5670.0,1.65,11.1,0.49,8.5,30.0,7.6
5675.0,1.66,10.6,0.49,9.5,29.6,7.6
5680.0,1.64,10.3,0.49,9.5,30.4,7.6
5685.0,1.65,10.8,0.5,10.0,29.9,7.6
5690.0,1.65,10.2,0.48,8.5,29.9,7.6
5695.0,1.65,10.9,0.52,9.0,29.7,7.6
5700.0,1.63,10.4,0.51,10.0,30.1,7.6
5705.0,1.63,9.9,0.51,10.0,30.2,7.6
5710.0,1.64,11.0,0.48,7.5,29.9,7.6
5715.0,1.63,10.2,0.5,10.0,30.3,7.6
5720.0,1.63,10.1,0.51,9.5,29.9,7.6
5725.0,1.62,9.6,0.51,9.5,30.0,7.6
5730.0,1.62,9.9,0.5,8.5,30.4,7.6
5735.0,1.64,10.7,0.5,9.5,30.0,7.6
5740.0,1.64,10.6,0.51,9.0,29.5,7.6
5745.0,1.63,10.3,0.5,9.0,30.3,7.6
5750.0,1.64,10.0,0.51,10.0,29.9,7.6
5755.0,1.63,10.8,0.51,9.5,30.3,7.6
5760.0,1.64,10.3,0.5,9.5,30.0,7.6
5765.0,1.64,10.9,0.51,10.5,29.9,7.6
5770.0,1.64,10.9,0.5,8.5,30.1,7.6
5775.0,1.65,10.5,0.48,10.0,30.3,7.5
5780.0,1.66,10.4,0.49,8.5,30.2,7.5
5785.0,1.66,10.7,0.5,11.0,30.3,7.5
5790.0,1.67,10.5,0.5,10.5,29.6,7.5
5795.0,1.67,11.6,0.49,10.5,30.0,7.5
5800.0,1.68,11.2,0.5,10.5,30.1,7.5
5805.0,1.68,11.0,0.5,11.5,29.6,7.5
5810.0,1.66,11.6,0.51,10.5,30.1,7.5
5815.0,1.66,10.8,0.51,9.0,29.9,7.6
5820.0,1.64,10.3,0.48,9.0,30.2,7.6
5825.0,1.63,10.7,0.5,9.5,30.4,7.6
5830.0,1.62,10.4,0.52,10.5,30.8,7.6
5835.0,1.63,10.0,0.49,10.0,30.4,7.6
5840.0,1.63,10.7,0.5,8.0,30.1,7.6
5845.0,1.62,10.5,0.5,9.5,30.1,7.6
5850.0,1.62,10.0,0.5,10.0,30.1,7.6
5855.0,1.64,11.4,0.51,10.5,29.9,7.6
5860.0,1.64,10.5,0.51,10.0,30.1,7.6
5865.0,1.64,10.2,0.5,9.5,29.8,7.6
5870.0,1.64,10.1,0.49,10.0,29.9,7.6
5875.0,1.63,10.4,0.5,9.0,29.9,7.6
5880.0,1.63,10.7,0.5,9.0,30.0,7.6
5885.0,1.64,10.9,0.5,8.5,29.7,7.6
5890.0,1.64,10.7,0.52,10.0,29.9,7.6
5895.0,1.64,10.7,0.48,8.0,29.9,7.6
5900.0,1.64,10.9,0.5,10.0,29.9,7.6
5905.0,1.64,10.7,0.51,10.0,30.4,7.6
5910.0,1.64,10.3,0.5,9.5,30.1,7.6
5915.0,1.65,10.7,0.49,8.0,30.3,7.5
5920.0,1.65,10.6,0.49,9.5,30.1,7.6
5925.0,1.65,10.6,0.51,10.0,29.9,7.6
5930.0,1.64,11.2,0.49,9.0,30.2,7.6
5935.0,1.64,10.1,0.49,10.0,30.3,7.6
5940.0,1.64,10.8,0.48,10.5,30.1,7.6
5945.0,1.65,11.3,0.5,11.5,30.0,7.6
5950.0,1.65,10.6,0.49,9.5,29.9,7.6
5955.0,1.64,10.5,0.48,9.0,29.9,7.6
5960.0,1.65,11.4,0.51,9.5,29.6,7.6
5965.0,1.64,10.5,0.48,8.5,30.0,7.6
5970.0,1.64,10.4,0.5,9.0,30.2,7.6
5975.0,1.64,10.7,0.51,11.0,29.8,7.6
5980.0,1.63,10.6,0.49,9.5,30.3,7.6
5985.0,1.66,10.8,0.5,9.5,29.8,7.6
5990.0,1.66,11.3,0.49,10.0,30.0,7.5
5995.0,1.65,10.8,0.51,9.5,29.9,7.6
6000.0,1.64,11.0,0.5,8.5,30.1,7.6
6005.0,1.65,10.8,0.49,11.0,30.0,7.6
6010.0,1.63,10.7,0.51,9.5,30.9,7.6
6015.0,1.64,10.8,0.51,10.5,30.4,7.6
6020.0,1.65,11.1,0.51,10.5,29.9,7.6
6025.0,1.64,10.3,0.5,8.5,29.9,7.6
6030.0,1.64,9.8,0.51,9.0,30.1,7.6
6035.0,1.65,11.0,0.5,9.0,30.1,7.6
6040.0,1.64,10.6,0.5,10.5,29.9,7.6
6045.0,1.62,10.6,0.5,9.0,30.4,7.6
6050.0,1.64,10.6,0.49,9.0,30.1,7.6
6055.0,1.63,10.3,0.51,9.5,30.1,7.6
6060.0,1.64,10.4,0.5,9.0,29.9,7.6
6065.0,1.64,10.5,0.5,8.0,30.3,7.6
6070.0,1.64,10.4,0.51,10.0,30.3,7.6
6075.0,1.65,10.5,0.51,9.0,29.9,7.6
6080.0,1.66,11.0,0.49,8.5,29.8,7.6
6085.0,1.65,11.0,0.5,9.5,30.3,7.6
6090.0,1.66,10.3,0.5,10.0,30.2,7.5
6095.0,1.66,11.1,0.51,9.5,30.0,7.5
6100.0,1.65,11.1,0.5,8.5,30.1,7.6
6105.0,1.64,10.3,0.51,10.0,30.6,7.6
6110.0,1.65,10.9,0.5,10.0,30.2,7.6
6115.0,1.66,11.3,0.51,11.0,29.8,7.6
6120.0,1.65,10.8,0.51,10.5,30.0,7.6
6125.0,1.66,11.1,0.51,9.0,30.2,7.5
6130.0,1.66,11.0,0.5,9.5,30.1,7.5
6135.0,1.65,10.3,0.51,9.0,30.4,7.5
6140.0,1.66,11.1,0.49,10.0,30.3,7.5
6145.0,1.67,11.4,0.5,11.5,30.2,7.5
6150.0,1.68,10.5,0.51,11.5,30.0,7.5
6155.0,1.67,10.7,0.5,11.0,29.9,7.5
6160.0,1.67,10.8,0.49,9.5,30.3,7.5
6165.0,1.69,11.8,0.5,10.0,29.7,7.5
6170.0,1.66,11.0,0.5,10.0,30.1,7.5
6175.0,1.67,11.1,0.51,9.5,30.1,7.5
6180.0,1.68,11.3,0.5,11.0,29.9,7.5
6185.0,1.67,11.3,0.51,9.0,29.8,7.5
6190.0,1.69,11.6,0.49,12.0,29.8,7.5
6195.0,1.68,11.0,0.5,10.0,30.0,7.5
6200.0,1.68,11.3,0.52,12.0,30.0,7.5
6205.0,1.67,11.1,0.51,10.5,30.2,7.5
6210.0,1.66,11.1,0.5,9.5,30.6,7.5
6215.0,1.68,11.6,0.52,9.5,30.0,7.5
6220.0,1.68,11.3,0.48,10.0,30.3,7.5
6225.0,1.69,11.1,0.5,11.0,29.7,7.5
6230.0,1.68,11.3,0.51,10.0,29.9,7.5
6235.0,1.67,10.6,0.51,10.0,30.2,7.5
6240.0,1.68,11.2,0.51,11.0,29.8,7.5
6245.0,1.68,11.0,0.51,11.5,30.2,7.5
6250.0,1.69,11.4,0.51,12.0,30.1,7.5
6255.0,1.67,10.9,0.49,11.0,30.3,7.5
6260.0,1.68,11.5,0.5,9.0,29.7,7.5
6265.0,1.66,11.1,0.5,10.0,30.2,7.5
6270.0,1.67,11.6,0.5,10.0,30.1,7.5
6275.0,1.68,11.5,0.52,10.0,29.7,7.5
6280.0,1.66,10.7,0.49,9.5,30.1,7.5
6285.0,1.66,10.8,0.51,10.0,30.5,7.5
6290.0,1.67,11.8,0.49,11.5,30.3,7.5
6295.0,1.65,10.5,0.49,10.0,30.7,7.5
6300.0,1.68,11.2,0.49,10.0,30.0,7.5
6305.0,1.7,11.9,0.51,11.5,29.7,7.5
6310.0,1.7,11.6,0.5,10.5,30.1,7.5
6315.0,1.7,12.0,0.5,10.5,30.1,7.5
6320.0,1.7,11.7,0.52,11.0,30.0,7.5
6325.0,1.72,11.7,0.51,12.0,29.9,7.4
6330.0,1.7,11.9,0.52,10.5,30.5,7.4
6335.0,1.72,11.9,0.5,11.5,29.8,7.4
6340.0,1.72,12.1,0.52,12.0,30.0,7.4
6345.0,1.71,11.6,0.51,11.0,29.9,7.4
6350.0,1.71,11.5,0.5,12.0,30.1,7.4
6355.0,1.72,11.9,0.52,11.0,29.9,7.4
6360.0,1.72,12.1,0.51,10.5,29.7,7.4
6365.0,1.71,11.7,0.5,10.5,29.6,7.5
6370.0,1.7,11.5,0.52,10.0,29.7,7.5
6375.0,1.69,11.6,0.5,11.0,30.1,7.5
6380.0,1.71,11.6,0.5,11.0,29.6,7.5
6385.0,1.7,11.5,0.52,10.5,30.1,7.5
6390.0,1.7,12.3,0.5,10.5,29.7,7.5
6395.0,1.71,12.3,0.52,11.5,29.8,7.4
6400.0,1.71,11.9,0.49,11.0,29.9,7.4
6405.0,1.72,12.4,0.5,12.0,29.8,7.4
6410.0,1.72,11.9,0.49,11.5,29.7,7.4
6415.0,1.71,11.8,0.49,11.0,29.9,7.4
6420.0,1.72,11.6,0.51,11.5,29.8,7.4
6425.0,1.71,12.0,0.51,11.0,30.0,7.4
6430.0,1.72,11.6,0.51,10.0,29.7,7.4
6435.0,1.71,11.9,0.51,12.0,29.9,7.4
6440.0,1.72,11.7,0.5,11.0,29.5,7.4
6445.0,1.71,11.4,0.51,12.0,29.8,7.5
6450.0,1.71,11.9,0.5,11.0,29.7,7.4
6455.0,1.72,11.8,0.5,11.5,29.7,7.4
6460.0,1.72,11.9,0.49,9.5,29.6,7.4
6465.0,1.71,11.3,0.51,11.5,29.6,7.5
6470.0,1.71,11.6,0.52,11.0,29.9,7.5
6475.0,1.69,11.4,0.5,10.0,30.3,7.5
6480.0,1.71,11.5,0.52,11.5,30.0,7.4
6485.0,1.7,11.5,0.5,9.5,30.2,7.5
6490.0,1.7,11.9,0.5,11.5,30.0,7.5
6495.0,1.7,11.3,0.49,11.0,29.9,7.5
6500.0,1.71,11.7,0.51,12.5,29.1,7.5
6505.0,1.7,11.5,0.49,10.0,29.5,7.5
6510.0,1.72,12.1,0.49,11.0,29.1,7.5
6515.0,1.69,11.4,0.49,9.5,29.5,7.5
6520.0,1.69,10.9,0.51,11.5,29.7,7.5
6525.0,1.68,11.7,0.5,12.0,29.7,7.5
6530.0,1.7,11.8,0.51,11.0,29.5,7.5
6535.0,1.7,11.3,0.51,11.5,29.7,7.5
6540.0,1.7,11.7,0.49,11.5,30.0,7.5
6545.0,1.71,11.8,0.51,10.5,29.4,7.5
6550.0,1.7,11.5,0.51,11.0,30.0,7.5
6555.0,1.7,11.8,0.5,10.5,30.0,7.5
6560.0,1.73,12.2,0.51,13.0,29.1,7.4
6565.0,1.7,10.8,0.49,11.5,29.7,7.5
6570.0,1.7,11.2,0.5,10.0,29.5,7.5
6575.0,1.69,12.1,0.5,10.0,29.6,7.5
6580.0,1.68,11.2,0.51,10.5,30.2,7.5
6585.0,1.68,12.3,0.5,10.5,30.0,7.5
6590.0,1.7,12.0,0.5,10.5,29.7,7.5
6595.0,1.69,12.0,0.5,11.5,29.8,7.5
6600.0,1.71,11.0,0.51,12.5,29.1,7.5
6605.0,1.69,11.6,0.49,10.5,29.8,7.5
6610.0,1.69,11.8,0.49,10.0,29.8,7.5
6615.0,1.7,11.5,0.49,9.5,29.5,7.5
6620.0,1.69,11.2,0.51,10.5,29.9,7.5
6625.0,1.68,11.4,0.5,11.0,29.6,7.5
6630.0,1.69,11.5,0.51,11.0,29.6,7.5
6635.0,1.68,11.3,0.51,10.0,29.9,7.5
6640.0,1.7,11.2,0.51,11.5,29.7,7.5
6645.0,1.7,11.7,0.5,11.0,29.6,7.5
6650.0,1.69,11.4,0.5,11.0,29.9,7.5
6655.0,1.7,11.6,0.5,10.5,29.5,7.5
6660.0,1.69,11.5,0.51,10.0,29.6,7.5
6665.0,1.7,12.0,0.51,11.0,29.6,7.5
6670.0,1.69,11.6,0.51,11.0,30.2,7.5
6675.0,1.71,11.1,0.5,10.5,29.6,7.5
6680.0,1.71,11.9,0.51,10.5,29.5,7.5
6685.0,1.71,11.6,0.51,11.0,29.6,7.5
6690.0,1.7,11.2,0.5,10.5,29.6,7.5
6695.0,1.7,11.6,0.5,13.0,29.6,7.5
6700.0,1.7,12.1,0.48,12.0,29.8,7.5
6705.0,1.71,12.0,0.5,11.0,29.4,7.5
6710.0,1.71,12.0,0.5,11.5,29.3,7.5
6715.0,1.69,11.1,0.5,10.0,29.8,7.5
6720.0,1.68,11.4,0.5,10.5,29.7,7.5
6725.0,1.68,11.7,0.51,10.0,29.2,7.5
6730.0,1.69,11.3,0.5,10.5,29.3,7.5
6735.0,1.71,11.2,0.52,10.5,29.3,7.5
6740.0,1.71,12.2,0.5,12.0,28.9,7.5
6745.0,1.69,11.9,0.52,12.0,30.0,7.5
6750.0,1.71,11.4,0.49,10.0,29.6,7.5
6755.0,1.71,11.8,0.5,9.5,29.7,7.4
6760.0,1.72,12.2,0.49,11.5,29.2,7.5
6765.0,1.71,11.7,0.5,10.5,29.5,7.5
6770.0,1.71,12.0,0.51,12.0,29.6,7.5
6775.0,1.71,11.8,0.52,12.5,29.4,7.5
6780.0,1.7,11.5,0.51,12.0,29.7,7.5
6785.0,1.73,12.1,0.52,11.5,28.8,7.5
6790.0,1.73,11.8,0.5,11.0,28.8,7.5
6795.0,1.71,11.4,0.52,12.0,29.6,7.5
6800.0,1.7,11.1,0.47,9.0,29.4,7.5
6805.0,1.71,12.0,0.49,11.0,29.2,7.5
6810.0,1.71,11.1,0.49,10.0,29.3,7.5
6815.0,1.72,12.2,0.52,13.0,29.3,7.4
6820.0,1.72,12.1,0.52,11.0,29.6,7.4
6825.0,1.73,12.3,0.52,12.0,29.6,7.4
6830.0,1.74,13.2,0.51,12.0,29.4,7.4
6835.0,1.74,12.4,0.5,11.5,29.3,7.4
6840.0,1.72,12.5,0.51,11.5,29.3,7.4
6845.0,1.72,12.0,0.53,11.5,29.2,7.5
6850.0,1.72,11.9,0.51,11.5,29.0,7.5
6855.0,1.72,12.2,0.52,10.5,29.1,7.5
6860.0,1.72,12.1,0.53,13.0,29.3,7.4
6865.0,1.71,11.7,0.48,10.5,29.6,7.4
6870.0,1.72,11.7,0.5,11.0,29.2,7.4
6875.0,1.73,11.9,0.5,11.5,29.1,7.4
6880.0,1.72,12.0,0.49,10.5,29.5,7.4
6885.0,1.72,11.9,0.51,13.0,29.7,7.4
6890.0,1.74,12.3,0.5,11.0,29.2,7.4
6895.0,1.73,11.9,0.5,12.5,29.5,7.4
6900.0,1.71,11.5,0.51,10.0,29.7,7.4
6905.0,1.74,12.7,0.51,12.5,29.5,7.4
6910.0,1.73,12.6,0.48,11.5,29.4,7.4
6915.0,1.71,11.9,0.5,9.5,29.8,7.4
6920.0,1.74,12.8,0.5,10.5,29.0,7.4
6925.0,1.75,12.5,0.5,11.5,28.3,7.4
6930.0,1.75,12.2,0.51,12.5,29.2,7.4
6935.0,1.73,11.8,0.5,12.5,29.4,7.4
6940.0,1.74,12.2,0.5,11.5,29.1,7.4
6945.0,1.73,11.5,0.51,12.5,29.6,7.4
6950.0,1.72,11.7,0.52,12.5,29.9,7.4
6955.0,1.73,11.8,0.5,11.0,29.4,7.4
6960.0,1.75,13.2,0.52,12.5,29.2,7.4
6965.0,1.76,12.9,0.5,11.0,29.0,7.4
6970.0,1.74,12.5,0.51,11.0,29.7,7.4
6975.0,1.76,12.9,0.51,10.5,29.0,7.4
6980.0,1.76,12.8,0.53,13.0,29.5,7.4
6985.0,1.76,12.0,0.5,12.5,29.3,7.4
6990.0,1.78,13.1,0.52,11.5,28.9,7.4
6995.0,1.77,12.7,0.5,12.0,29.3,7.4
7000.0,1.78,12.8,0.5,12.0,29.3,7.3
7005.0,1.78,13.7,0.51,13.5,29.1,7.3
7010.0,1.77,12.5,0.5,13.0,29.3,7.4
7015.0,1.78,12.6,0.51,11.5,29.2,7.3
7020.0,1.8,13.0,0.5,11.5,28.8,7.3
7025.0,1.79,13.4,0.5,13.5,29.3,7.3
7030.0,1.77,12.7,0.51,13.0,29.5,7.3
7035.0,1.78,14.1,0.5,13.0,29.2,7.3
7040.0,1.78,12.8,0.5,12.0,29.2,7.4
7045.0,1.77,12.9,0.52,14.0,29.5,7.3
7050.0,1.77,12.6,0.5,12.5,29.5,7.3
7055.0,1.77,13.6,0.52,13.0,29.0,7.4
7060.0,1.75,12.3,0.51,12.5,29.7,7.4
7065.0,1.76,13.3,0.52,13.5,29.1,7.4
7070.0,1.74,13.1,0.49,12.5,29.6,7.4
7075.0,1.74,12.0,0.52,12.5,29.2,7.4
7080.0,1.76,12.5,0.5,12.0,29.3,7.4
7085.0,1.75,12.6,0.5,11.0,29.2,7.4
7090.0,1.74,12.3,0.53,12.0,29.4,7.4
7095.0,1.76,13.1,0.51,11.5,29.4,7.4
7100.0,1.76,12.9,0.5,12.5,29.5,7.4
7105.0,1.77,12.4,0.49,13.0,29.1,7.4
7110.0,1.78,12.6,0.53,14.5,29.2,7.4
7115.0,1.79,13.1,0.49,12.5,28.7,7.3
7120.0,1.78,12.9,0.52,13.0,29.2,7.3
7125.0,1.78,12.5,0.52,14.5,29.2,7.4
7130.0,1.76,12.8,0.51,12.5,29.3,7.4
7135.0,1.76,13.2,0.51,13.5,29.2,7.4
7140.0,1.74,12.0,0.51,11.5,29.4,7.4
7145.0,1.75,12.7,0.49,10.5,29.3,7.4
7150.0,1.74,12.3,0.5,11.0,29.8,7.4
7155.0,1.77,13.0,0.5,12.0,29.0,7.4
7160.0,1.77,13.1,0.49,12.0,29.2,7.4
7165.0,1.76,12.5,0.49,12.0,29.4,7.4
7170.0,1.77,12.4,0.51,12.0,29.1,7.4
7175.0,1.76,12.8,0.51,12.0,29.4,7.4
7180.0,1.75,12.7,0.52,14.0,29.4,7.4
7185.0,1.76,12.3,0.5,10.5,29.0,7.4
7190.0,1.76,13.0,0.5,12.0,29.2,7.4
7195.0,1.76,12.5,0.51,10.5,29.4,7.4
7200.0,1.77,12.8,0.51,12.0,29.2,7.4
7205.0,1.76,12.3,0.5,11.0,29.5,7.4
7210.0,1.76,12.5,0.5,13.5,29.3,7.4
7215.0,1.76,12.5,0.51,13.5,29.3,7.4
7220.0,1.75,12.7,0.51,12.5,29.3,7.4
7225.0,1.77,13.2,0.5,13.5,28.9,7.4
7230.0,1.77,12.9,0.5,12.5,29.2,7.4
7235.0,1.78,13.0,0.52,12.5,28.9,7.4
7240.0,1.74,12.5,0.5,10.0,29.2,7.4
7245.0,1.74,13.1,0.52,12.5,29.3,7.4
7250.0,1.75,12.3,0.51,12.0,29.1,7.4
7255.0,1.76,13.2,0.5,12.0,28.9,7.4
7260.0,1.77,12.3,0.51,13.5,28.7,7.4
7265.0,1.77,13.2,0.52,12.5,28.9,7.4
7270.0,1.77,12.4,0.5,12.0,28.8,7.4
7275.0,1.76,12.3,0.49,12.0,28.9,7.4
7280.0,1.74,12.3,0.51,12.5,29.4,7.4
7285.0,1.73,12.0,0.51,11.5,29.3,7.4
7290.0,1.75,12.0,0.48,11.5,29.2,7.4
7295.0,1.75,12.3,0.53,12.5,28.8,7.4
7300.0,1.74,12.2,0.52,13.0,29.1,7.4
7305.0,1.74,12.0,0.51,10.5,29.2,7.4
7310.0,1.75,12.0,0.5,12.0,28.9,7.4
7315.0,1.74,12.3,0.52,13.0,29.1,7.4
7320.0,1.73,11.8,0.51,12.0,29.3,7.4
7325.0,1.72,11.8,0.51,12.0,29.3,7.5
7330.0,1.73,12.0,0.52,12.0,28.8,7.4
7335.0,1.72,11.8,0.51,11.0,29.4,7.5
7340.0,1.72,11.7,0.5,11.0,28.9,7.5
7345.0,1.72,11.9,0.51,11.0,29.1,7.5
7350.0,1.73,12.1,0.51,12.5,28.8,7.5
7355.0,1.71,11.8,0.51,11.0,29.3,7.5
7360.0,1.71,11.5,0.47,12.0,28.9,7.5
7365.0,1.7,11.2,0.5,10.0,29.2,7.5
7370.0,1.69,12.2,0.5,11.5,29.2,7.5
7375.0,1.69,11.6,0.49,10.5,29.2,7.5
7380.0,1.69,11.6,0.5,11.5,29.3,7.5
7385.0,1.71,11.6,0.51,10.0,29.0,7.5
7390.0,1.71,11.5,0.51,12.5,29.2,7.5
7395.0,1.7,12.5,0.5,10.5,29.6,7.5
7400.0,1.71,12.3,0.51,11.5,29.2,7.5
7405.0,1.72,12.4,0.51,11.5,29.0,7.5
7410.0,1.71,12.0,0.51,12.0,29.3,7.5
7415.0,1.72,12.0,0.51,12.0,29.1,7.5
7420.0,1.72,12.4,0.51,11.5,28.6,7.5
7425.0,1.72,12.1,0.52,12.5,29.2,7.5
7430.0,1.71,11.9,0.51,10.5,29.6,7.5
7435.0,1.72,11.4,0.52,13.0,29.0,7.5
7440.0,1.73,12.4,0.5,10.0,29.0,7.4
7445.0,1.73,12.0,0.5,10.5,29.4,7.4
7450.0,1.73,12.1,0.51,10.5,29.3,7.4
7455.0,1.71,11.9,0.5,10.5,29.2,7.5
7460.0,1.72,11.7,0.52,11.5,29.1,7.5
7465.0,1.71,11.7,0.52,11.5,29.6,7.5
7470.0,1.72,11.1,0.49,13.0,29.2,7.4
7475.0,1.72,11.6,0.5,12.0,29.3,7.4
7480.0,1.7,11.7,0.47,10.0,29.4,7.5
7485.0,1.72,11.6,0.5,10.0,29.0,7.5
7490.0,1.72,11.8,0.52,12.0,29.0,7.5
7495.0,1.73,12.5,0.5,13.0,29.4,7.4
7500.0,1.72,11.9,0.5,10.5,29.2,7.4
7505.0,1.74,11.8,0.5,10.5,28.7,7.4
7510.0,1.72,11.7,0.49,12.0,29.2,7.5
7515.0,1.72,12.5,0.52,12.0,29.3,7.4
7520.0,1.74,11.7,0.5,12.5,28.8,7.4
7525.0,1.74,12.9,0.5,11.0,28.7,7.4
7530.0,1.71,11.9,0.49,11.0,29.2,7.5
7535.0,1.7,11.9,0.49,10.5,29.4,7.5
7540.0,1.72,11.8,0.52,12.5,28.8,7.5
7545.0,1.71,11.9,0.5,11.5,29.1,7.5
7550.0,1.7,11.9,0.5,12.0,29.4,7.5
7555.0,1.7,12.1,0.51,11.0,29.1,7.5
7560.0,1.71,11.4,0.48,9.0,29.6,7.5
7565.0,1.71,11.9,0.51,12.5,29.5,7.5
7570.0,1.71,12.2,0.5,11.5,29.7,7.5
7575.0,1.74,12.1,0.49,11.0,28.6,7.5
7580.0,1.71,11.5,0.5,11.5,29.1,7.5
7585.0,1.71,11.3,0.49,10.0,29.0,7.5
7590.0,1.7,12.0,0.51,10.5,29.1,7.5
7595.0,1.71,12.1,0.49,10.0,29.1,7.5
7600.0,1.7,11.6,0.5,12.5,29.1,7.5
7605.0,1.7,10.6,0.5,11.0,29.3,7.5
7610.0,1.71,12.2,0.5,11.0,29.2,7.5
7615.0,1.72,11.7,0.5,11.5,28.7,7.5
7620.0,1.71,11.9,0.51,10.5,29.1,7.5
7625.0,1.68,11.3,0.5,11.5,29.4,7.5
7630.0,1.68,11.3,0.49,10.0,29.7,7.5
7635.0,1.7,10.9,0.5,11.0,29.0,7.5
7640.0,1.7,11.7,0.5,11.0,29.3,7.5
7645.0,1.7,11.6,0.52,12.5,28.8,7.5
7650.0,1.7,12.0,0.51,11.0,29.1,7.5
7655.0,1.7,12.0,0.51,11.0,29.3,7.5
7660.0,1.69,11.5,0.49,11.5,29.3,7.5
7665.0,1.71,11.6,0.5,11.5,29.1,7.5
7670.0,1.71,12.1,0.5,10.0,29.0,7.5
7675.0,1.69,11.2,0.51,10.5,29.3,7.5
7680.0,1.69,11.4,0.53,12.0,29.4,7.5
7685.0,1.7,11.4,0.51,10.5,29.0,7.5
7690.0,1.7,11.6,0.5,11.5,29.3,7.5
7695.0,1.7,11.7,0.5,12.0,29.6,7.5
7700.0,1.71,12.1,0.52,12.5,29.2,7.5
7705.0,1.72,12.0,0.49,11.0,29.1,7.5
7710.0,1.7,11.8,0.5,9.5,29.8,7.5
7715.0,1.7,11.8,0.5,11.5,29.1,7.5
7720.0,1.71,11.7,0.51,10.0,29.1,7.5
7725.0,1.71,12.4,0.5,10.5,29.3,7.5
7730.0,1.7,11.7,0.52,12.0,29.1,7.5
7735.0,1.7,11.8,0.52,11.5,29.3,7.5
7740.0,1.7,11.4,0.51,9.5,29.1,7.5
7745.0,1.69,11.0,0.5,10.5,29.3,7.5
7750.0,1.69,11.2,0.5,9.5,29.2,7.5
7755.0,1.68,11.3,0.51,11.0,29.8,7.5
7760.0,1.69,11.9,0.5,9.5,29.2,7.5
7765.0,1.69,11.5,0.51,11.0,29.3,7.5
7770.0,1.69,11.3,0.51,10.5,29.6,7.5
7775.0,1.7,11.2,0.51,11.0,29.2,7.5
7780.0,1.69,11.1,0.52,10.5,29.2,7.5
7785.0,1.7,11.7,0.52,10.5,28.9,7.5
7790.0,1.69,11.8,0.49,10.5,29.4,7.5
7795.0,1.69,11.6,0.49,9.5,29.4,7.5
7800.0,1.7,11.5,0.51,12.0,29.4,7.5
7805.0,1.7,11.7,0.5,10.0,29.2,7.5
7810.0,1.7,11.6,0.51,11.0,29.0,7.5
7815.0,1.69,11.5,0.51,11.0,29.4,7.5
7820.0,1.7,11.6,0.5,10.5,29.2,7.5
7825.0,1.7,11.0,0.51,11.0,29.1,7.5
7830.0,1.7,11.5,0.51,10.5,29.0,7.5
7835.0,1.7,11.5,0.5,12.0,29.1,7.5
7840.0,1.71,12.2,0.49,10.0,29.2,7.5
7845.0,1.7,11.1,0.5,10.5,29.4,7.5
7850.0,1.7,11.6,0.49,9.5,29.4,7.5
7855.0,1.71,11.6,0.52,12.0,29.0,7.5
7860.0,1.68,10.9,0.5,11.5,29.8,7.5
7865.0,1.69,11.4,0.51,11.0,29.2,7.5
7870.0,1.68,11.5,0.49,10.5,29.2,7.5
7875.0,1.7,11.9,0.52,12.5,28.8,7.5
7880.0,1.69,11.4,0.53,11.5,28.9,7.5
7885.0,1.67,10.9,0.5,9.5,29.2,7.6
7890.0,1.67,11.2,0.51,9.0,29.2,7.6
7895.0,1.66,10.7,0.49,9.0,29.5,7.6
7900.0,1.66,11.4,0.5,9.5,29.2,7.6
7905.0,1.66,10.8,0.5,10.5,29.2,7.6
7910.0,1.65,10.4,0.52,11.0,29.2,7.6
7915.0,1.64,10.6,0.5,8.5,29.5,7.6
7920.0,1.65,10.4,0.5,9.5,29.4,7.6
7925.0,1.66,10.7,0.5,9.0,28.9,7.6
7930.0,1.67,10.7,0.52,9.5,29.3,7.6
7935.0,1.65,10.5,0.5,9.5,29.5,7.6
7940.0,1.65,10.2,0.5,9.5,29.4,7.6
7945.0,1.67,11.0,0.51,9.5,28.9,7.6
7950.0,1.65,10.6,0.48,8.5,29.7,7.6
7955.0,1.65,10.7,0.52,12.0,29.2,7.6
7960.0,1.63,10.2,0.49,9.5,29.9,7.6
7965.0,1.64,10.8,0.51,8.5,29.7,7.6
7970.0,1.65,10.5,0.5,9.0,29.4,7.6
7975.0,1.65,10.3,0.52,11.0,29.2,7.6
7980.0,1.65,10.9,0.52,10.0,28.9,7.6
7985.0,1.63,10.3,0.5,11.5,29.7,7.6
7990.0,1.65,10.8,0.49,11.5,29.6,7.6
7995.0,1.65,10.8,0.5,10.0,28.8,7.6
8000.0,1.63,10.2,0.48,10.0,29.8,7.6
8005.0,1.65,11.1,0.5,9.5,29.2,7.6
8010.0,1.65,11.1,0.51,11.0,29.2,7.6
8015.0,1.65,10.2,0.49,9.5,29.3,7.6
8020.0,1.65,10.5,0.5,9.5,29.2,7.6
8025.0,1.65,10.5,0.51,9.0,29.4,7.6
8030.0,1.64,10.7,0.5,10.5,29.7,7.6
8035.0,1.65,10.7,0.51,10.0,29.2,7.6
8040.0,1.66,11.1,0.49,10.5,29.5,7.6
8045.0,1.65,10.7,0.49,10.5,29.5,7.6
8050.0,1.65,10.5,0.51,11.0,29.7,7.6
8055.0,1.65,11.3,0.51,10.5,29.4,7.6
8060.0,1.64,10.4,0.51,10.0,29.9,7.6
8065.0,1.67,11.1,0.51,8.5,29.6,7.5
8070.0,1.68,11.2,0.5,10.0,29.3,7.5
8075.0,1.67,10.5,0.5,10.0,29.4,7.6
8080.0,1.66,10.6,0.51,10.5,29.5,7.6
8085.0,1.66,10.5,0.51,10.5,29.6,7.6
8090.0,1.66,11.1,0.51,9.0,29.5,7.6
8095.0,1.67,11.6,0.5,10.0,29.1,7.6
8100.0,1.67,11.2,0.52,10.5,29.6,7.6
8105.0,1.65,10.4,0.5,9.5,29.8,7.6
8110.0,1.66,11.4,0.5,10.0,29.6,7.6
8115.0,1.67,10.5,0.48,9.5,29.6,7.5
8120.0,1.66,11.1,0.5,10.0,29.5,7.6
8125.0,1.68,11.5,0.5,11.0,29.4,7.5
8130.0,1.68,11.3,0.5,10.5,29.6,7.5
8135.0,1.69,11.7,0.5,11.0,29.3,7.5
8140.0,1.68,11.5,0.52,10.5,29.7,7.5
8145.0,1.69,11.1,0.52,10.0,29.0,7.5
8150.0,1.68,11.5,0.49,8.0,29.5,7.5
8155.0,1.69,11.0,0.51,10.0,29.3,7.5
8160.0,1.7,11.9,0.49,10.0,29.1,7.5
8165.0,1.7,12.1,0.51,11.0,29.4,7.5
8170.0,1.71,11.8,0.49,12.5,29.1,7.5
8175.0,1.7,11.7,0.51,11.5,29.7,7.5
8180.0,1.72,12.3,0.5,10.5,29.0,7.5
8185.0,1.71,12.0,0.51,12.0,29.3,7.5
8190.0,1.69,11.9,0.5,10.5,29.8,7.5
8195.0,1.7,11.7,0.52,11.0,29.6,7.5
8200.0,1.71,11.7,0.5,11.5,29.2,7.5
8205.0,1.71,11.5,0.5,10.0,29.3,7.5
8210.0,1.72,11.5,0.51,10.5,29.3,7.5
8215.0,1.7,11.9,0.52,10.5,29.6,7.5
8220.0,1.71,11.9,0.52,12.0,28.9,7.5
8225.0,1.7,11.4,0.49,11.5,29.4,7.5
8230.0,1.69,11.3,0.49,11.0,29.5,7.5
8235.0,1.71,12.1,0.5,10.0,29.1,7.5
8240.0,1.7,11.5,0.51,10.5,29.4,7.5
8245.0,1.7,11.7,0.51,12.0,29.8,7.5
8250.0,1.71,12.1,0.5,11.0,29.4,7.5
8255.0,1.72,12.0,0.51,11.5,29.3,7.5
8260.0,1.7,11.6,0.51,11.0,29.9,7.5
8265.0,1.73,11.9,0.52,10.5,29.1,7.4
8270.0,1.72,11.9,0.52,11.0,29.5,7.5
8275.0,1.71,11.7,0.52,11.0,29.8,7.4
8280.0,1.72,12.5,0.5,10.5,29.7,7.4
8285.0,1.73,12.0,0.5,11.5,29.3,7.4
8290.0,1.72,12.1,0.51,12.5,29.4,7.4
8295.0,1.73,12.3,0.51,11.0,29.3,7.4
8300.0,1.73,12.2,0.51,10.5,29.3,7.4
8305.0,1.73,12.3,0.53,12.5,29.8,7.4
8310.0,1.73,12.0,0.53,11.5,29.9,7.4
8315.0,1.73,11.9,0.51,12.0,29.9,7.4
8320.0,1.75,12.3,0.51,11.0,29.3,7.4
8325.0,1.76,12.9,0.51,13.5,29.4,7.4
8330.0,1.75,12.3,0.52,12.5,29.3,7.4
8335.0,1.75,12.1,0.49,10.5,29.8,7.4
8340.0,1.76,12.5,0.52,14.0,29.5,7.4
8345.0,1.76,12.9,0.5,10.0,29.6,7.4
8350.0,1.78,12.5,0.5,12.0,29.0,7.4
8355.0,1.76,12.4,0.52,12.0,29.5,7.4
8360.0,1.75,12.7,0.52,12.0,29.8,7.4
8365.0,1.75,12.4,0.52,11.0,29.2,7.4
8370.0,1.74,12.3,0.49,10.0,29.1,7.4
8375.0,1.74,11.4,0.49,12.0,29.3,7.4
8380.0,1.72,11.7,0.52,11.5,29.6,7.4
8385.0,1.72,12.0,0.52,12.0,29.5,7.4
8390.0,1.73,12.3,0.51,12.5,29.0,7.4
8395.0,1.73,12.4,0.51,11.5,29.5,7.4
8400.0,1.75,12.5,0.53,12.5,29.3,7.4
8405.0,1.76,12.4,0.52,13.5,29.1,7.4
8410.0,1.74,12.3,0.53,12.5,29.5,7.4
8415.0,1.73,12.3,0.51,12.0,29.9,7.4
8420.0,1.75,12.2,0.49,10.5,29.6,7.4
8425.0,1.77,13.2,0.52,12.5,28.9,7.4
8430.0,1.75,12.6,0.52,11.0,29.4,7.4
8435.0,1.73,12.1,0.5,12.0,29.8,7.4
8440.0,1.74,12.8,0.51,12.0,29.6,7.4
8445.0,1.76,13.1,0.52,13.0,29.1,7.4
8450.0,1.76,12.6,0.5,12.5,29.2,7.4
8455.0,1.76,12.9,0.51,13.0,29.8,7.4
8460.0,1.77,13.2,0.51,12.5,29.2,7.4
8465.0,1.76,12.6,0.52,13.0,29.7,7.4
8470.0,1.79,12.9,0.51,11.5,29.0,7.3
8475.0,1.79,13.6,0.51,13.0,28.9,7.3
8480.0,1.79,13.3,0.5,13.0,29.4,7.3
8485.0,1.78,13.1,0.51,13.5,29.3,7.3
8490.0,1.79,13.2,0.49,13.5,29.4,7.3
8495.0,1.8,12.8,0.53,13.5,29.4,7.3
8500.0,1.78,13.4,0.5,13.5,29.4,7.3
8505.0,1.78,12.8,0.51,12.0,29.4,7.3
8510.0,1.76,12.9,0.53,14.0,29.4,7.4
8515.0,1.79,13.2,0.5,14.5,29.6,7.3
8520.0,1.8,13.5,0.51,14.0,28.9,7.3
8525.0,1.78,13.6,0.5,11.5,28.9,7.4
8530.0,1.76,13.1,0.52,13.0,29.5,7.4
8535.0,1.76,12.6,0.51,12.5,29.6,7.4
8540.0,1.74,12.0,0.53,12.5,29.5,7.4
8545.0,1.78,13.3,0.5,12.5,28.9,7.4
8550.0,1.77,12.9,0.52,12.0,29.2,7.4
8555.0,1.77,12.7,0.49,12.5,29.3,7.4
8560.0,1.76,13.1,0.51,12.5,29.6,7.4
8565.0,1.76,12.5,0.51,11.0,29.5,7.4
8570.0,1.77,12.7,0.53,12.5,28.9,7.4
8575.0,1.74,12.0,0.49,12.0,29.3,7.4
8580.0,1.74,12.6,0.52,13.0,29.1,7.4
8585.0,1.74,12.2,0.51,11.5,29.2,7.4
8590.0,1.75,12.7,0.52,12.0,29.4,7.4
8595.0,1.77,12.4,0.54,12.0,29.2,7.4
8600.0,1.75,12.4,0.53,12.5,29.1,7.4
8605.0,1.74,12.4,0.51,12.0,29.5,7.4
8610.0,1.76,12.6,0.52,13.0,28.7,7.4
8615.0,1.75,12.5,0.49,11.5,29.4,7.4
8620.0,1.74,12.5,0.5,11.5,29.0,7.4
8625.0,1.72,12.0,0.53,11.5,29.7,7.4
8630.0,1.74,12.4,0.5,14.0,29.0,7.4
8635.0,1.76,13.1,0.53,12.5,28.7,7.4
8640.0,1.76,12.6,0.51,11.5,28.9,7.4
8645.0,1.76,13.0,0.51,12.0,29.1,7.4
8650.0,1.78,12.9,0.52,14.0,28.8,7.4
8655.0,1.76,13.2,0.52,13.0,29.0,7.4
8660.0,1.76,13.0,0.5,12.5,29.1,7.4
8665.0,1.78,13.5,0.52,12.0,28.9,7.4
8670.0,1.78,13.2,0.52,14.5,29.2,7.3
8675.0,1.79,13.8,0.53,14.0,29.0,7.3
8680.0,1.79,13.3,0.5,12.0,28.7,7.4
8685.0,1.77,12.4,0.51,11.5,28.9,7.4
8690.0,1.74,12.6,0.51,12.5,29.4,7.4
8695.0,1.75,12.6,0.53,12.5,29.3,7.4
8700.0,1.75,12.6,0.51,13.0,29.0,7.4
8705.0,1.78,13.1,0.51,13.5,28.7,7.4
8710.0,1.77,12.8,0.5,13.0,29.0,7.4
8715.0,1.79,13.1,0.52,13.0,29.3,7.3
8720.0,1.8,13.1,0.51,14.5,28.9,7.3
8725.0,1.79,12.7,0.52,13.5,28.9,7.3
8730.0,1.78,12.7,0.52,14.5,28.9,7.4
8735.0,1.77,13.0,0.52,13.0,28.7,7.4
8740.0,1.76,12.7,0.5,12.5,28.9,7.4
8745.0,1.76,12.8,0.5,11.5,28.9,7.4
8750.0,1.76,13.0,0.47,11.5,29.4,7.4
8755.0,1.77,12.3,0.51,12.0,29.1,7.4
8760.0,1.77,13.1,0.51,12.5,29.2,7.4
8765.0,1.78,13.0,0.51,12.5,28.5,7.4
8770.0,1.77,13.0,0.52,12.5,28.9,7.4
8775.0,1.76,13.0,0.5,12.5,29.0,7.4
8780.0,1.73,12.5,0.49,10.5,29.1,7.4
8785.0,1.74,12.1,0.53,12.0,29.0,7.4
8790.0,1.74,12.2,0.51,12.0,29.1,7.4
8795.0,1.75,12.4,0.49,11.0,28.8,7.4
8800.0,1.75,12.6,0.5,12.5,29.0,7.4
8805.0,1.75,12.5,0.51,12.5,28.9,7.4
8810.0,1.75,11.9,0.52,12.0,28.9,7.4
8815.0,1.75,12.3,0.5,12.0,28.9,7.4
8820.0,1.74,12.1,0.52,12.5,28.7,7.4
8825.0,1.73,11.5,0.5,11.0,28.6,7.5
8830.0,1.72,11.6,0.5,12.5,28.8,7.5
8835.0,1.72,12.1,0.52,12.0,28.9,7.5
8840.0,1.74,12.1,0.51,12.0,28.4,7.5
8845.0,1.72,12.4,0.51,12.0,29.2,7.4
8850.0,1.73,12.7,0.49,10.5,28.6,7.5
8855.0,1.72,12.0,0.51,13.0,28.9,7.5
8860.0,1.72,11.6,0.5,10.0,28.4,7.5
8865.0,1.71,11.4,0.5,9.5,28.8,7.5
8870.0,1.71,12.1,0.52,12.5,28.3,7.5
8875.0,1.7,11.1,0.51,10.5,28.9,7.5
8880.0,1.72,12.3,0.51,11.5,28.1,7.5
8885.0,1.71,12.1,0.5,11.0,28.8,7.5
8890.0,1.73,12.0,0.49,12.0,28.4,7.5
8895.0,1.73,12.0,0.52,11.0,28.5,7.5
8900.0,1.72,11.8,0.5,10.0,28.5,7.5
8905.0,1.73,11.9,0.5,10.0,28.4,7.5
8910.0,1.73,11.7,0.51,12.0,28.5,7.5
8915.0,1.73,12.2,0.51,11.5,28.6,7.5
8920.0,1.73,12.0,0.51,10.5,28.9,7.4
8925.0,1.74,12.9,0.52,11.5,28.4,7.4
8930.0,1.75,12.8,0.51,13.0,28.7,7.4
8935.0,1.75,12.7,0.51,11.0,27.9,7.4
8940.0,1.74,12.8,0.52,12.0,28.4,7.4
8945.0,1.75,12.5,0.53,14.5,28.5,7.4
8950.0,1.74,12.6,0.53,11.0,28.9,7.4
8955.0,1.74,12.9,0.5,11.5,28.4,7.4
8960.0,1.73,12.7,0.53,12.5,28.9,7.4
8965.0,1.73,12.2,0.5,11.5,28.5,7.5
8970.0,1.74,11.9,0.5,12.5,28.3,7.5
8975.0,1.74,12.8,0.51,11.5,28.1,7.5
8980.0,1.73,12.4,0.51,11.0,28.2,7.5
8985.0,1.73,11.9,0.5,9.5,28.5,7.5
8990.0,1.72,12.2,0.5,11.5,28.5,7.5
8995.0,1.72,11.9,0.5,10.5,28.5,7.5
9000.0,1.72,12.2,0.51,11.5,28.2,7.5
9005.0,1.72,12.2,0.5,11.5,28.5,7.5
9010.0,1.72,11.8,0.5,11.5,28.1,7.5
9015.0,1.72,12.3,0.49,11.5,27.7,7.5
9020.0,1.71,12.0,0.51,12.0,28.1,7.5
9025.0,1.69,11.0,0.5,11.0,28.3,7.6
9030.0,1.68,11.0,0.5,9.0,28.3,7.6
9035.0,1.67,11.6,0.49,9.0,28.3,7.6
9040.0,1.68,10.9,0.51,10.5,27.9,7.6
9045.0,1.67,11.0,0.5,11.0,28.2,7.6
9050.0,1.66,10.9,0.5,11.0,28.2,7.6
9055.0,1.68,11.0,0.5,11.0,28.0,7.6
9060.0,1.66,11.2,0.5,8.5,28.5,7.6
9065.0,1.69,11.1,0.5,9.5,27.9,7.6
9070.0,1.67,10.7,0.51,9.5,28.7,7.6
9075.0,1.67,10.5,0.5,10.5,28.0,7.6
9080.0,1.66,10.9,0.51,10.5,28.2,7.6
9085.0,1.66,10.6,0.51,10.0,28.1,7.6
9090.0,1.64,10.4,0.49,9.0,28.6,7.7
9095.0,1.66,10.6,0.52,9.5,27.9,7.7
9100.0,1.66,10.3,0.48,9.5,27.7,7.7
9105.0,1.63,10.3,0.48,8.5,28.3,7.7
9110.0,1.63,10.1,0.49,8.5,28.2,7.7
9115.0,1.61,10.0,0.5,9.5,28.1,7.8
9120.0,1.62,9.6,0.5,8.5,27.9,7.8
9125.0,1.61,9.9,0.48,7.5,27.9,7.8
9130.0,1.61,9.8,0.51,10.5,27.9,7.8
9135.0,1.61,10.0,0.5,8.5,27.9,7.8
9140.0,1.61,10.1,0.51,7.5,27.9,7.8
9145.0,1.62,10.0,0.49,9.0,27.7,7.8
9150.0,1.61,9.7,0.5,8.0,27.6,7.8
9155.0,1.6,9.7,0.5,8.5,28.1,7.8
9160.0,1.6,10.0,0.51,8.5,27.9,7.8
9165.0,1.6,9.9,0.48,8.5,28.0,7.8
9170.0,1.61,10.4,0.51,9.5,27.9,7.8
9175.0,1.6,9.9,0.49,9.5,27.3,7.9
9180.0,1.59,10.2,0.49,8.5,27.7,7.9
9185.0,1.58,9.9,0.51,8.5,28.1,7.9
9190.0,1.58,9.2,0.49,9.0,27.7,7.9
9195.0,1.57,9.2,0.5,7.5,27.9,7.9
9200.0,1.56,9.4,0.48,6.5,27.7,7.9
9205.0,1.57,9.4,0.51,7.5,27.6,7.9
9210.0,1.56,8.8,0.49,9.0,27.9,8.0
9215.0,1.57,9.2,0.5,8.0,27.5,8.0
9220.0,1.56,9.0,0.51,6.5,27.8,8.0
9225.0,1.56,9.4,0.5,7.5,27.4,8.0
9230.0,1.56,9.1,0.51,7.5,27.5,8.0
9235.0,1.56,9.2,0.5,8.0,27.6,8.0
9240.0,1.57,9.4,0.48,8.5,27.1,8.0
9245.0,1.55,8.8,0.51,7.5,28.0,8.0
9250.0,1.55,9.4,0.51,8.0,27.7,8.0
9255.0,1.55,9.1,0.49,7.0,27.4,8.0
9260.0,1.56,9.1,0.5,7.5,27.5,8.0
9265.0,1.56,9.4,0.48,8.0,27.4,8.0
9270.0,1.56,8.7,0.52,8.5,27.4,8.0
9275.0,1.55,8.7,0.52,8.5,27.9,8.0
9280.0,1.56,8.7,0.49,8.0,26.9,8.0
9285.0,1.54,8.6,0.49,7.5,27.6,8.0
9290.0,1.56,9.0,0.52,6.0,27.1,8.0
9295.0,1.55,9.4,0.48,8.5,27.2,8.0
9300.0,1.54,9.3,0.48,7.5,27.5,8.0
9305.0,1.54,8.5,0.51,9.0,27.3,8.1
9310.0,1.53,8.7,0.51,8.0,27.4,8.1
9315.0,1.54,8.7,0.5,8.0,27.2,8.1
9320.0,1.54,8.2,0.48,7.0,26.9,8.1
9325.0,1.53,8.5,0.5,7.0,27.4,8.1
9330.0,1.53,8.9,0.49,7.5,27.5,8.1
9335.0,1.54,8.7,0.5,8.0,27.3,8.1
9340.0,1.54,8.8,0.49,7.0,27.5,8.1
9345.0,1.54,9.1,0.49,7.5,27.3,8.1
9350.0,1.55,9.0,0.49,6.0,26.8,8.1
9355.0,1.55,8.8,0.51,8.5,26.9,8.1
9360.0,1.55,9.2,0.49,7.0,27.0,8.1
9365.0,1.54,8.4,0.5,6.0,26.9,8.1
9370.0,1.55,8.7,0.49,8.0,26.7,8.1
9375.0,1.55,8.7,0.5,9.0,26.8,8.1
9380.0,1.54,9.0,0.5,7.5,27.0,8.1
9385.0,1.55,8.8,0.49,9.0,27.1,8.1
9390.0,1.55,9.3,0.49,8.0,26.8,8.1
9395.0,1.56,8.8,0.51,8.5,26.7,8.1
9400.0,1.57,8.8,0.51,8.5,26.6,8.0
9405.0,1.57,9.3,0.51,8.0,26.7,8.0
9410.0,1.55,9.0,0.5,8.0,26.9,8.0
9415.0,1.54,9.0,0.5,7.0,27.0,8.1
9420.0,1.54,9.3,0.49,7.0,27.0,8.1
9425.0,1.55,8.8,0.48,8.0,26.7,8.1
9430.0,1.55,9.0,0.48,9.0,26.4,8.1
9435.0,1.55,8.7,0.47,8.0,26.6,8.1
9440.0,1.54,8.9,0.49,7.5,27.0,8.1
9445.0,1.53,8.8,0.49,9.0,27.1,8.1
9450.0,1.54,8.9,0.48,8.5,26.8,8.1
9455.0,1.55,9.3,0.48,8.0,26.4,8.1
9460.0,1.53,8.9,0.49,7.0,27.1,8.1
9465.0,1.54,8.5,0.48,8.5,26.8,8.1
9470.0,1.53,8.4,0.49,8.0,26.7,8.2
9475.0,1.52,8.6,0.51,8.0,26.6,8.2
9480.0,1.52,8.2,0.5,7.0,26.5,8.2
9485.0,1.52,8.2,0.5,6.5,26.7,8.2
9490.0,1.52,7.5,0.49,7.5,26.5,8.2
9495.0,1.53,8.3,0.51,8.0,26.2,8.2
9500.0,1.51,8.2,0.49,7.5,27.4,8.2
9505.0,1.51,8.1,0.47,8.0,26.8,8.2
9510.0,1.51,8.4,0.49,7.5,26.6,8.2
9515.0,1.51,8.0,0.49,7.0,26.4,8.3
9520.0,1.51,8.5,0.49,8.5,26.3,8.3
9525.0,1.5,8.0,0.49,8.0,26.6,8.3
9530.0,1.51,7.9,0.47,5.5,26.5,8.3
9535.0,1.5,8.1,0.49,7.5,26.7,8.3
9540.0,1.5,7.7,0.5,6.5,26.6,8.3
9545.0,1.5,8.1,0.5,6.5,26.5,8.3
9550.0,1.51,9.3,0.48,6.5,26.3,8.3
9555.0,1.51,8.0,0.49,7.0,26.0,8.3
9560.0,1.49,7.9,0.49,7.5,26.6,8.3
9565.0,1.5,8.3,0.48,6.5,26.2,8.3
9570.0,1.49,7.9,0.48,6.5,26.4,8.4
9575.0,1.48,8.6,0.49,7.5,26.8,8.4
9580.0,1.49,8.3,0.48,7.5,26.0,8.4
9585.0,1.48,8.1,0.49,6.0,26.1,8.4
9590.0,1.48,8.5,0.49,7.5,26.1,8.4
9595.0,1.48,7.9,0.5,7.0,26.0,8.5
9600.0,1.49,7.7,0.49,7.5,25.7,8.5
9605.0,1.48,7.8,0.5,5.5,26.1,8.5
9610.0,1.48,7.4,0.5,8.0,26.3,8.5
9615.0,1.48,7.3,0.5,5.5,26.2,8.5
9620.0,1.48,7.4,0.5,6.0,26.3,8.5
9625.0,1.47,7.4,0.51,6.0,26.3,8.5
9630.0,1.48,7.7,0.48,8.0,26.0,8.5
9635.0,1.47,7.6,0.49,6.5,26.1,8.5
9640.0,1.47,7.4,0.49,6.0,26.1,8.5
9645.0,1.48,7.5,0.5,5.5,25.8,8.5
9650.0,1.47,8.0,0.49,6.5,26.1,8.5
9655.0,1.48,7.8,0.5,6.0,25.6,8.5
9660.0,1.47,7.3,0.48,6.0,25.8,8.5
9665.0,1.47,7.2,0.5,6.0,26.1,8.5
9670.0,1.47,7.8,0.48,5.0,26.0,8.5
9675.0,1.47,7.6,0.5,5.0,26.0,8.5
9680.0,1.48,7.7,0.49,6.5,25.6,8.5
9685.0,1.47,7.1,0.48,8.0,26.1,8.5
9690.0,1.48,8.2,0.5,7.0,25.7,8.5
9695.0,1.47,7.6,0.48,6.0,25.9,8.6
9700.0,1.48,7.6,0.48,4.5,25.5,8.6
9705.0,1.47,7.8,0.48,6.5,25.9,8.5
9710.0,1.48,7.7,0.51,8.0,25.6,8.5
9715.0,1.47,7.1,0.47,5.5,26.1,8.5
9720.0,1.47,7.4,0.5,7.0,25.8,8.6
9725.0,1.46,7.5,0.5,7.0,25.9,8.6
9730.0,1.47,7.2,0.49,7.0,25.6,8.6
9735.0,1.47,7.5,0.5,6.5,25.7,8.6
9740.0,1.47,7.5,0.49,5.5,25.7,8.6
9745.0,1.47,7.6,0.5,5.5,25.4,8.6
9750.0,1.47,7.3,0.48,5.5,25.9,8.6
9755.0,1.47,7.3,0.5,6.0,25.7,8.6
9760.0,1.48,7.7,0.47,6.0,25.1,8.6
9765.0,1.47,7.7,0.5,6.5,25.5,8.6
9770.0,1.48,8.0,0.48,6.0,25.2,8.6
9775.0,1.47,7.8,0.49,8.0,25.3,8.6
9780.0,1.48,9.0,0.48,5.5,25.0,8.6
9785.0,1.47,7.8,0.47,6.0,25.4,8.6
9790.0,1.47,7.3,0.5,8.0,25.4,8.6
9795.0,1.47,7.4,0.49,7.0,25.6,8.6
9800.0,1.47,7.9,0.49,7.0,25.5,8.6
9805.0,1.47,7.4,0.5,6.5,25.5,8.6
9810.0,1.47,8.1,0.48,5.5,25.3,8.6
9815.0,1.48,7.3,0.51,7.0,25.1,8.6
9820.0,1.48,7.6,0.49,7.5,25.2,8.6
9825.0,1.48,7.6,0.5,6.5,25.3,8.6
9830.0,1.47,7.3,0.49,5.5,25.3,8.6
9835.0,1.47,7.8,0.49,5.5,25.2,8.6
9840.0,1.48,7.7,0.52,8.0,25.0,8.6
9845.0,1.46,7.6,0.49,6.5,25.6,8.6
9850.0,1.47,7.8,0.5,6.5,25.0,8.6
9855.0,1.47,8.0,0.49,7.0,25.4,8.6
9860.0,1.47,8.0,0.48,6.0,25.1,8.6
9865.0,1.47,7.7,0.5,7.0,25.5,8.6
9870.0,1.46,6.9,0.5,5.5,25.9,8.6
9875.0,1.47,7.5,0.48,6.0,25.5,8.6
9880.0,1.48,7.8,0.49,7.0,25.1,8.6
9885.0,1.48,7.7,0.49,7.0,25.2,8.6
9890.0,1.49,8.2,0.47,5.5,24.9,8.5
9895.0,1.48,8.1,0.49,6.5,25.3,8.5
9900.0,1.49,8.3,0.5,7.0,25.1,8.5
9905.0,1.49,7.7,0.48,6.5,25.3,8.5
9910.0,1.5,8.2,0.49,5.0,24.5,8.5
9915.0,1.49,8.0,0.5,7.5,24.9,8.5
9920.0,1.49,8.0,0.49,8.0,24.9,8.5
9925.0,1.5,7.9,0.5,8.0,24.6,8.5
9930.0,1.48,8.3,0.5,6.0,25.3,8.6
9935.0,1.49,8.0,0.5,7.0,25.0,8.5
9940.0,1.49,8.5,0.48,5.5,24.9,8.5
9945.0,1.49,8.1,0.49,7.0,25.1,8.5
9950.0,1.5,7.4,0.48,8.5,24.8,8.5
9955.0,1.49,7.9,0.5,6.5,24.8,8.5
9960.0,1.48,8.3,0.49,6.5,25.6,8.5
9965.0,1.49,7.7,0.48,6.5,24.7,8.5
9970.0,1.49,8.3,0.49,7.0,24.7,8.5
9975.0,1.5,7.9,0.49,6.5,24.3,8.6
9980.0,1.48,7.8,0.47,5.5,25.3,8.6
9985.0,1.48,7.9,0.5,7.5,25.3,8.6
9990.0,1.49,8.1,0.47,5.0,24.6,8.6
9995.0,1.48,7.7,0.5,7.0,24.8,8.6
10000.0,1.49,8.7,0.48,7.0,24.9,8.6
10005.0,1.48,7.8,0.5,6.5,24.8,8.6
10010.0,1.48,7.9,0.5,7.5,25.1,8.6
10015.0,1.48,8.0,0.49,7.0,24.8,8.6
10020.0,1.48,7.8,0.49,6.0,24.9,8.6
10025.0,1.48,7.1,0.5,7.5,24.6,8.6
10030.0,1.48,7.3,0.48,6.5,24.7,8.6
10035.0,1.48,7.6,0.48,6.0,24.5,8.7
10040.0,1.47,7.3,0.5,8.0,24.9,8.7
10045.0,1.47,7.5,0.48,6.5,24.7,8.7
10050.0,1.48,8.4,0.48,7.0,24.3,8.7
10055.0,1.48,8.0,0.48,6.0,24.5,8.7
10060.0,1.48,8.3,0.5,6.0,24.4,8.7
10065.0,1.48,8.5,0.5,8.5,24.3,8.7
10070.0,1.47,7.4,0.5,8.5,24.9,8.7
10075.0,1.48,7.3,0.48,7.5,24.4,8.7
10080.0,1.48,7.5,0.48,6.5,24.4,8.7
10085.0,1.48,7.4,0.47,7.0,24.4,8.7
10090.0,1.47,7.4,0.48,6.0,24.5,8.7
10095.0,1.48,7.6,0.48,7.5,24.2,8.7
10100.0,1.46,7.2,0.49,6.5,24.6,8.7
10105.0,1.47,7.3,0.5,7.0,24.4,8.7
10110.0,1.48,8.1,0.47,6.0,24.0,8.7
10115.0,1.46,7.7,0.5,6.5,24.8,8.8
10120.0,1.47,7.4,0.49,6.5,24.2,8.8
10125.0,1.47,7.9,0.47,4.5,24.2,8.8
10130.0,1.46,7.0,0.51,8.5,24.3,8.8
10135.0,1.45,7.9,0.5,5.5,24.6,8.8
10140.0,1.46,7.0,0.5,6.0,24.5,8.8
10145.0,1.46,7.1,0.49,6.0,24.4,8.8
10150.0,1.45,7.5,0.49,6.5,24.8,8.8
10155.0,1.46,7.7,0.51,8.0,24.4,8.8
10160.0,1.47,7.9,0.49,7.0,24.0,8.7
10165.0,1.47,7.4,0.48,6.5,23.9,8.8
10170.0,1.47,7.1,0.5,4.5,24.2,8.8
10175.0,1.47,7.7,0.5,6.5,23.9,8.8
10180.0,1.47,7.7,0.49,6.0,24.4,8.8
10185.0,1.46,7.5,0.49,5.5,24.4,8.8
10190.0,1.47,7.3,0.48,5.5,24.1,8.8
10195.0,1.47,7.3,0.48,5.0,24.4,8.8
10200.0,1.47,7.9,0.48,6.5,24.2,8.8
10205.0,1.47,7.7,0.5,6.0,24.2,8.7
10210.0,1.47,8.2,0.48,6.5,24.1,8.8
10215.0,1.46,7.5,0.49,7.5,24.3,8.8
10220.0,1.45,7.2,0.5,7.0,24.4,8.8
10225.0,1.45,7.2,0.5,8.0,24.6,8.8
10230.0,1.47,7.7,0.49,6.5,23.8,8.8
10235.0,1.46,7.4,0.49,5.5,24.3,8.8
10240.0,1.47,7.9,0.5,6.5,23.9,8.8
10245.0,1.47,7.4,0.5,7.0,23.9,8.8
10250.0,1.46,7.2,0.5,6.5,24.2,8.8
10255.0,1.46,6.9,0.48,6.5,24.4,8.8
10260.0,1.46,7.3,0.49,8.0,24.2,8.8
10265.0,1.47,6.8,0.48,5.5,23.9,8.8
10270.0,1.46,7.3,0.49,5.5,24.0,8.8
10275.0,1.46,7.3,0.48,7.0,24.0,8.8
10280.0,1.47,7.4,0.5,6.5,23.7,8.8
10285.0,1.46,7.1,0.49,5.5,23.8,8.8
10290.0,1.46,7.6,0.48,5.5,24.1,8.8
10295.0,1.46,7.5,0.5,6.5,24.0,8.9
10300.0,1.46,7.0,0.48,6.5,23.9,8.9
10305.0,1.45,6.5,0.51,8.5,24.2,8.9
10310.0,1.45,7.5,0.5,5.5,23.9,8.9
10315.0,1.45,7.4,0.48,5.5,24.2,8.9
10320.0,1.45,7.1,0.48,6.5,24.0,8.9
10325.0,1.45,7.2,0.52,8.5,24.1,8.9
10330.0,1.45,7.0,0.5,5.0,24.3,8.9
10335.0,1.45,6.5,0.5,4.5,23.8,8.9
10340.0,1.44,7.3,0.49,7.0,24.2,8.9
10345.0,1.44,7.2,0.5,6.0,24.3,9.0
10350.0,1.45,7.5,0.48,6.0,24.0,9.0
10355.0,1.45,7.5,0.48,6.5,23.4,9.0
10360.0,1.45,6.8,0.49,5.0,23.8,9.0
10365.0,1.44,6.9,0.49,7.0,24.2,9.0
10370.0,1.44,7.1,0.48,6.0,24.3,9.0
10375.0,1.44,7.5,0.52,6.5,24.2,9.0
10380.0,1.44,6.9,0.48,5.0,23.8,9.0
10385.0,1.44,6.7,0.49,6.5,24.2,9.0
10390.0,1.44,7.1,0.48,5.5,23.7,9.0
10395.0,1.44,6.8,0.49,6.5,23.7,9.0
10400.0,1.44,6.8,0.5,7.5,23.5,9.0
10405.0,1.44,7.1,0.48,6.5,23.7,9.0
10410.0,1.44,7.1,0.5,9.0,23.8,9.1
10415.0,1.44,7.1,0.47,6.0,23.4,9.1
10420.0,1.43,6.8,0.48,5.5,23.9,9.1
10425.0,1.43,6.6,0.5,5.5,24.3,9.1
10430.0,1.44,7.3,0.49,6.0,23.4,9.1
10435.0,1.44,6.8,0.47,6.0,23.9,9.1
10440.0,1.43,6.9,0.5,6.5,23.9,9.1
10445.0,1.43,6.7,0.47,6.5,23.9,9.1
10450.0,1.43,6.4,0.51,6.0,23.7,9.1
10455.0,1.43,7.0,0.5,7.0,23.7,9.1
10460.0,1.43,7.1,0.49,6.0,23.9,9.1
10465.0,1.43,6.8,0.5,5.5,23.5,9.1
10470.0,1.43,6.7,0.5,5.0,23.5,9.1
10475.0,1.43,6.9,0.49,5.5,24.0,9.1
10480.0,1.43,6.8,0.49,6.0,23.7,9.2
10485.0,1.43,6.8,0.5,7.0,23.5,9.2
10490.0,1.43,7.6,0.5,5.5,23.5,9.2
10495.0,1.42,6.7,0.48,6.5,23.7,9.2
10500.0,1.42,7.0,0.47,4.5,23.8,9.2
10505.0,1.42,7.0,0.48,6.0,23.7,9.2
10510.0,1.42,6.8,0.49,7.0,23.8,9.2
10515.0,1.43,7.1,0.49,5.5,23.6,9.2
10520.0,1.42,6.3,0.48,5.5,24.2,9.2
10525.0,1.42,6.5,0.49,7.0,23.9,9.2
10530.0,1.43,6.7,0.49,5.0,23.5,9.2
10535.0,1.42,5.9,0.49,6.0,23.9,9.2
10540.0,1.42,6.7,0.49,6.5,23.9,9.2
10545.0,1.42,6.7,0.48,4.0,23.7,9.2
10550.0,1.42,6.8,0.5,6.5,23.9,9.2
10555.0,1.41,6.5,0.49,6.5,24.5,9.2
10560.0,1.42,6.1,0.48,6.0,23.6,9.2
10565.0,1.42,6.3,0.5,7.5,23.8,9.2
10570.0,1.41,6.9,0.48,5.0,23.9,9.2
10575.0,1.41,6.8,0.49,5.0,24.0,9.3
10580.0,1.42,6.9,0.49,7.0,23.8,9.2
10585.0,1.41,6.4,0.49,6.0,24.2,9.3
10590.0,1.41,7.0,0.48,5.0,23.9,9.3
10595.0,1.42,6.9,0.49,6.0,23.3,9.2
10600.0,1.42,6.8,0.49,7.5,23.7,9.3
10605.0,1.41,6.5,0.49,5.5,23.9,9.3
10610.0,1.41,6.9,0.48,7.0,23.7,9.3
10615.0,1.4,6.9,0.48,4.5,24.4,9.3
10620.0,1.41,6.6,0.49,6.0,24.1,9.3
10625.0,1.41,6.3,0.5,5.0,23.8,9.3
10630.0,1.42,6.4,0.48,6.0,23.4,9.3
10635.0,1.42,6.3,0.47,5.0,23.4,9.3
10640.0,1.41,6.3,0.51,6.5,23.5,9.3
10645.0,1.41,6.5,0.47,5.0,23.9,9.3
10650.0,1.41,7.1,0.49,5.5,23.6,9.3
10655.0,1.41,6.6,0.48,6.0,24.0,9.3
10660.0,1.41,6.9,0.52,7.0,23.7,9.4
10665.0,1.41,6.4,0.49,6.5,23.3,9.4
10670.0,1.41,6.6,0.49,6.0,23.4,9.4
10675.0,1.41,6.6,0.5,6.0,23.6,9.4
10680.0,1.41,6.0,0.49,6.5,23.7,9.4
10685.0,1.41,6.8,0.49,7.0,23.5,9.4
10690.0,1.41,6.3,0.49,5.0,23.9,9.3
10695.0,1.41,6.3,0.5,6.0,23.5,9.3
10700.0,1.42,6.5,0.49,5.5,23.3,9.3
10705.0,1.4,6.2,0.47,4.5,24.2,9.3
10710.0,1.41,6.2,0.52,6.0,23.6,9.3
10715.0,1.41,6.5,0.49,5.5,23.7,9.3
10720.0,1.41,6.3,0.48,4.5,24.0,9.3
10725.0,1.41,6.9,0.48,4.0,23.6,9.3
10730.0,1.42,6.6,0.49,5.5,23.4,9.3
10735.0,1.41,6.8,0.5,6.0,23.9,9.3
10740.0,1.42,6.7,0.49,6.5,23.6,9.3
10745.0,1.42,6.7,0.48,4.5,23.6,9.3
10750.0,1.41,6.7,0.51,7.0,23.9,9.3
10755.0,1.41,6.9,0.51,6.0,23.8,9.3
10760.0,1.41,6.2,0.47,5.0,23.7,9.3
10765.0,1.4,6.4,0.5,5.5,23.9,9.4
10770.0,1.41,6.0,0.5,4.5,23.4,9.4
10775.0,1.41,6.0,0.49,6.0,23.4,9.4
10780.0,1.4,6.5,0.48,7.0,24.0,9.4
10785.0,1.41,6.4,0.47,4.0,23.7,9.3
10790.0,1.41,6.3,0.48,6.0,23.7,9.3
10795.0,1.41,6.1,0.49,6.5,24.0,9.3
10800.0,1.41,7.0,0.51,5.5,23.7,9.3
10805.0,1.41,6.8,0.48,5.5,23.8,9.3
10810.0,1.41,6.2,0.48,6.0,23.8,9.3
10815.0,1.41,6.2,0.5,5.0,23.8,9.3
10820.0,1.41,7.0,0.49,7.0,23.9,9.3
10825.0,1.41,6.4,0.49,5.5,23.5,9.3
10830.0,1.41,6.2,0.48,5.5,23.6,9.3
10835.0,1.41,6.1,0.48,6.0,23.8,9.3
10840.0,1.42,6.6,0.47,4.5,23.2,9.3
10845.0,1.41,6.1,0.5,5.5,23.7,9.3
10850.0,1.41,6.5,0.49,5.5,23.9,9.3
10855.0,1.42,6.7,0.49,5.0,23.6,9.3
10860.0,1.42,7.1,0.48,6.0,23.4,9.3
10865.0,1.42,6.8,0.48,6.0,23.3,9.3
10870.0,1.42,6.5,0.49,5.5,23.4,9.3
10875.0,1.42,6.5,0.48,4.5,23.5,9.3
10880.0,1.41,6.7,0.48,5.0,23.9,9.3
10885.0,1.41,6.2,0.51,7.0,23.7,9.3
10890.0,1.41,6.6,0.49,5.5,23.5,9.3
10895.0,1.41,6.6,0.48,5.5,24.0,9.3
10900.0,1.41,6.3,0.48,6.0,23.6,9.3
10905.0,1.41,6.8,0.46,4.5,23.7,9.3
10910.0,1.41,6.2,0.47,5.0,23.6,9.3
10915.0,1.4,6.4,0.47,4.5,24.1,9.3
10920.0,1.41,6.4,0.49,5.0,23.8,9.3
10925.0,1.41,6.5,0.49,4.5,23.9,9.3
10930.0,1.41,6.6,0.5,5.0,23.4,9.3
10935.0,1.41,6.4,0.48,5.5,23.6,9.3
10940.0,1.41,6.4,0.51,6.5,23.8,9.3
10945.0,1.41,6.1,0.48,5.5,23.8,9.3
10950.0,1.41,6.5,0.49,5.0,23.8,9.3
10955.0,1.42,6.6,0.5,5.5,23.5,9.3
10960.0,1.42,6.6,0.49,5.5,23.5,9.3
10965.0,1.42,6.6,0.49,6.0,23.4,9.3
10970.0,1.41,6.5,0.48,5.5,23.9,9.3
10975.0,1.41,6.6,0.5,6.0,23.7,9.3
10980.0,1.41,6.7,0.49,5.0,24.0,9.3
10985.0,1.41,6.6,0.46,5.5,23.8,9.3
10990.0,1.4,6.7,0.5,5.0,24.3,9.3
10995.0,1.42,6.6,0.49,6.0,23.1,9.3
11000.0,1.42,6.8,0.47,6.5,23.2,9.3
11005.0,1.41,6.4,0.51,6.0,23.9,9.3
11010.0,1.41,7.0,0.48,5.0,23.9,9.3
11015.0,1.41,6.2,0.48,6.0,23.5,9.3
11020.0,1.42,6.5,0.49,6.5,23.3,9.3
11025.0,1.41,6.8,0.48,5.5,24.0,9.3
11030.0,1.42,6.3,0.49,5.5,23.5,9.3
11035.0,1.41,6.4,0.49,6.0,24.0,9.3
11040.0,1.41,6.1,0.47,4.5,23.9,9.3
11045.0,1.4,6.5,0.48,5.0,24.3,9.3
11050.0,1.41,6.6,0.49,5.5,24.1,9.3
11055.0,1.41,6.9,0.49,6.5,23.7,9.3
11060.0,1.41,6.5,0.49,5.5,23.5,9.3
11065.0,1.41,7.0,0.47,4.5,24.0,9.3
11070.0,1.41,6.6,0.49,5.0,23.6,9.3
11075.0,1.42,6.8,0.46,5.5,22.9,9.3
11080.0,1.41,6.7,0.48,5.0,23.9,9.3
11085.0,1.4,6.4,0.48,5.5,24.2,9.3
11090.0,1.41,6.4,0.49,5.0,23.9,9.3
11095.0,1.41,6.6,0.48,4.5,23.6,9.4
11100.0,1.41,7.0,0.48,4.0,23.7,9.4
11105.0,1.4,6.1,0.48,6.0,24.4,9.4
11110.0,1.4,5.8,0.47,6.0,23.9,9.4
11115.0,1.4,6.6,0.47,4.5,23.9,9.4
11120.0,1.4,6.4,0.5,5.0,23.7,9.4
11125.0,1.4,6.5,0.49,4.5,23.7,9.4
11130.0,1.4,6.4,0.48,5.5,23.8,9.4
11135.0,1.4,5.9,0.49,6.5,23.6,9.4
11140.0,1.4,6.0,0.49,7.0,23.7,9.4
11145.0,1.4,6.7,0.49,5.0,24.0,9.4
11150.0,1.39,5.9,0.48,5.5,24.0,9.5
11155.0,1.4,6.6,0.5,5.0,23.6,9.5
11160.0,1.39,6.2,0.48,4.0,24.1,9.5
11165.0,1.4,6.2,0.49,6.0,23.8,9.5
11170.0,1.4,6.3,0.5,7.0,23.8,9.5
11175.0,1.39,6.2,0.49,5.0,23.8,9.5
11180.0,1.39,6.3,0.48,3.5,24.1,9.5
11185.0,1.39,6.2,0.51,6.5,23.9,9.5
11190.0,1.39,5.6,0.49,5.5,23.9,9.5
11195.0,1.39,5.8,0.49,5.5,24.2,9.5
11200.0,1.39,6.4,0.49,6.5,23.9,9.5
11205.0,1.4,6.2,0.49,5.5,23.6,9.5
11210.0,1.39,6.2,0.49,7.0,23.6,9.5
11215.0,1.38,5.6,0.5,5.5,24.4,9.6
11220.0,1.39,6.5,0.48,5.5,23.9,9.6
11225.0,1.39,6.3,0.47,4.0,23.5,9.5
11230.0,1.39,6.1,0.49,5.5,23.7,9.6
11235.0,1.38,5.7,0.5,4.5,24.2,9.6
11240.0,1.39,6.4,0.5,5.0,23.5,9.6
11245.0,1.39,5.8,0.48,5.5,24.1,9.6
11250.0,1.38,5.9,0.5,5.0,24.4,9.6
11255.0,1.39,6.3,0.48,5.5,23.6,9.6
11260.0,1.39,6.6,0.51,7.0,23.8,9.6
11265.0,1.39,6.1,0.48,6.5,23.9,9.6
11270.0,1.39,6.1,0.47,5.0,24.2,9.6
11275.0,1.39,6.3,0.48,5.5,24.1,9.6
11280.0,1.39,6.2,0.49,5.0,23.9,9.6
11285.0,1.39,6.2,0.51,4.5,23.8,9.6
11290.0,1.38,5.8,0.45,5.5,24.5,9.6
11295.0,1.39,5.8,0.48,5.0,24.2,9.5
11300.0,1.39,5.9,0.48,5.0,24.0,9.6
11305.0,1.38,6.1,0.48,5.0,24.2,9.6
11310.0,1.39,6.3,0.48,6.0,23.7,9.5
11315.0,1.39,5.9,0.5,5.0,24.1,9.5
11320.0,1.39,5.8,0.48,6.0,23.6,9.5
11325.0,1.39,6.9,0.49,6.0,23.9,9.5
11330.0,1.39,7.1,0.52,6.0,23.8,9.6
11335.0,1.38,6.1,0.48,5.0,24.3,9.6
11340.0,1.39,6.5,0.48,5.0,23.9,9.6
11345.0,1.39,6.0,0.49,4.5,23.7,9.6
11350.0,1.39,6.6,0.48,4.0,23.9,9.6
11355.0,1.39,6.0,0.47,5.0,23.5,9.6
11360.0,1.39,5.9,0.49,5.5,23.9,9.6
11365.0,1.38,6.2,0.48,5.0,24.3,9.6
11370.0,1.39,5.6,0.49,5.0,23.7,9.6
11375.0,1.38,6.2,0.48,5.0,24.3,9.6
11380.0,1.38,6.3,0.48,5.5,24.0,9.6
11385.0,1.38,6.0,0.48,5.5,24.3,9.6
11390.0,1.39,5.9,0.47,3.5,23.6,9.6
11395.0,1.38,5.9,0.49,5.0,24.0,9.6
11400.0,1.38,6.0,0.49,6.0,24.2,9.7
11405.0,1.38,5.7,0.48,6.0,24.0,9.7
11410.0,1.38,6.1,0.5,6.5,23.8,9.7
11415.0,1.39,6.1,0.5,5.0,23.5,9.7
11420.0,1.38,5.4,0.49,6.0,24.3,9.7
11425.0,1.38,6.1,0.48,5.0,23.9,9.7
11430.0,1.38,6.0,0.49,4.5,24.2,9.7
11435.0,1.38,6.1,0.48,3.5,24.2,9.7
11440.0,1.38,5.9,0.5,5.0,23.8,9.7
11445.0,1.38,5.7,0.48,4.5,24.2,9.7
11450.0,1.38,6.0,0.5,6.0,24.5,9.6
11455.0,1.39,6.0,0.49,4.5,23.5,9.6
11460.0,1.38,6.1,0.49,6.5,24.4,9.6
11465.0,1.38,6.4,0.47,5.5,24.1,9.6
11470.0,1.38,6.3,0.48,3.5,24.4,9.6
11475.0,1.38,5.6,0.47,5.0,24.3,9.6
11480.0,1.38,6.3,0.5,5.0,24.2,9.6
11485.0,1.38,5.9,0.46,5.5,24.1,9.6
11490.0,1.38,6.4,0.49,5.5,24.3,9.6
11495.0,1.38,5.9,0.48,5.5,24.1,9.6
11500.0,1.38,6.0,0.5,4.0,24.0,9.6
11505.0,1.38,6.0,0.48,5.5,24.2,9.6
11510.0,1.38,6.0,0.48,6.0,24.4,9.6
11515.0,1.38,6.2,0.5,5.0,24.0,9.6
11520.0,1.38,6.0,0.48,4.5,24.6,9.6
11525.0,1.38,5.9,0.49,5.0,23.9,9.6
11530.0,1.38,6.4,0.5,6.5,24.6,9.6
11535.0,1.38,5.4,0.48,5.0,24.2,9.7
11540.0,1.38,6.1,0.49,6.0,24.3,9.7
11545.0,1.38,5.9,0.47,4.0,23.9,9.7
11550.0,1.37,5.2,0.49,6.5,24.5,9.7
11555.0,1.38,5.8,0.49,6.0,24.2,9.7
11560.0,1.38,6.0,0.47,4.5,23.7,9.7
11565.0,1.38,6.0,0.49,6.5,24.5,9.7
11570.0,1.38,6.1,0.48,5.5,24.5,9.6
11575.0,1.38,5.8,0.47,5.5,23.8,9.7
11580.0,1.38,6.0,0.47,5.5,24.1,9.7
11585.0,1.38,6.2,0.48,5.0,24.3,9.7
11590.0,1.38,6.5,0.48,4.0,24.2,9.7
11595.0,1.38,5.7,0.49,5.5,24.2,9.7
11600.0,1.38,6.3,0.5,6.5,24.0,9.7
11605.0,1.38,6.2,0.48,6.0,23.9,9.7
11610.0,1.37,6.1,0.5,3.0,24.4,9.7
11615.0,1.38,5.6,0.5,5.5,23.8,9.7
11620.0,1.38,6.0,0.48,4.5,23.7,9.7
11625.0,1.38,6.1,0.49,4.5,24.1,9.7
11630.0,1.38,6.4,0.5,5.0,23.9,9.7
11635.0,1.38,6.0,0.49,6.0,23.9,9.7
11640.0,1.37,5.7,0.48,6.5,24.3,9.7
11645.0,1.37,5.6,0.49,5.0,24.3,9.7
11650.0,1.37,6.0,0.49,4.5,24.4,9.8
11655.0,1.37,6.5,0.46,3.5,24.3,9.8
11660.0,1.38,6.3,0.49,5.5,23.8,9.8
11665.0,1.37,6.1,0.47,4.5,24.1,9.8
11670.0,1.37,5.9,0.49,5.0,24.1,9.8
11675.0,1.37,5.7,0.49,4.5,24.4,9.8
11680.0,1.37,6.0,0.49,4.0,24.1,9.8
11685.0,1.38,6.2,0.5,5.0,23.8,9.8
11690.0,1.37,6.0,0.49,6.0,24.5,9.8
11695.0,1.37,6.2,0.48,6.0,24.3,9.8
11700.0,1.37,6.1,0.47,6.0,24.2,9.8
11705.0,1.37,6.0,0.48,5.0,24.2,9.8
11710.0,1.37,6.5,0.49,6.0,23.8,9.8
11715.0,1.37,5.6,0.48,6.5,24.0,9.8
11720.0,1.37,5.8,0.48,5.0,24.6,9.8
11725.0,1.36,5.7,0.48,4.5,24.9,9.8
11730.0,1.37,6.2,0.47,4.5,24.0,9.8
11735.0,1.37,5.9,0.49,4.5,24.5,9.8
11740.0,1.37,5.7,0.49,4.0,24.3,9.8
11745.0,1.37,6.3,0.51,4.5,24.2,9.8
11750.0,1.37,6.2,0.48,5.0,23.9,9.8
11755.0,1.37,5.1,0.5,7.0,24.0,9.8
11760.0,1.37,5.6,0.48,5.5,24.0,9.8
11765.0,1.37,5.8,0.48,5.0,24.5,9.8
11770.0,1.37,5.8,0.47,4.0,24.1,9.8
11775.0,1.37,5.5,0.47,5.5,24.0,9.8
11780.0,1.37,5.9,0.48,4.5,23.9,9.8
11785.0,1.37,6.3,0.5,5.5,24.1,9.8
11790.0,1.37,5.6,0.49,6.5,24.8,9.8
11795.0,1.37,6.5,0.49,5.5,24.2,9.8
11800.0,1.38,5.7,0.49,5.5,23.9,9.8
11805.0,1.37,5.6,0.49,5.5,23.9,9.8
11810.0,1.37,5.7,0.48,5.5,24.5,9.8
11815.0,1.37,5.6,0.49,5.5,24.2,9.8
11820.0,1.37,5.8,0.48,5.0,24.1,9.8
11825.0,1.38,5.7,0.48,4.5,23.7,9.8
11830.0,1.37,5.6,0.48,4.0,24.1,9.8
11835.0,1.38,6.2,0.48,5.5,23.7,9.8
11840.0,1.37,5.7,0.48,3.0,24.1,9.8
11845.0,1.37,6.1,0.48,6.0,24.0,9.8
11850.0,1.38,5.9,0.5,5.0,24.0,9.8
11855.0,1.37,5.6,0.49,5.0,24.5,9.7
11860.0,1.38,6.1,0.5,4.5,23.8,9.7
11865.0,1.38,5.9,0.5,5.5,24.1,9.7
11870.0,1.38,5.8,0.51,5.0,23.8,9.7
11875.0,1.38,6.1,0.48,4.0,23.5,9.7
11880.0,1.38,5.8,0.49,6.0,23.9,9.8
11885.0,1.38,5.4,0.48,4.5,24.1,9.7
11890.0,1.37,6.2,0.48,4.5,24.4,9.8
11895.0,1.38,5.9,0.5,5.0,24.0,9.8
11900.0,1.38,6.0,0.47,5.5,23.4,9.8
11905.0,1.37,5.2,0.49,5.5,24.5,9.8
11910.0,1.37,5.8,0.48,5.5,24.0,9.8
11915.0,1.37,5.8,0.5,5.0,23.9,9.8
11920.0,1.37,6.3,0.5,6.0,23.9,9.8
11925.0,1.37,6.1,0.5,6.0,24.1,9.8
11930.0,1.37,5.7,0.5,5.0,24.1,9.8
11935.0,1.37,5.7,0.5,6.0,24.3,9.8
11940.0,1.37,5.7,0.49,5.0,24.2,9.8
11945.0,1.37,6.0,0.47,4.0,24.0,9.8
11950.0,1.37,5.5,0.49,5.5,24.2,9.8
11955.0,1.37,5.9,0.51,6.5,24.3,9.8
11960.0,1.37,5.5,0.48,5.0,24.3,9.8
11965.0,1.38,5.9,0.48,5.5,23.7,9.8
11970.0,1.37,5.7,0.49,5.5,24.2,9.8
11975.0,1.37,5.3,0.47,5.0,24.2,9.8
11980.0,1.37,6.3,0.49,4.5,24.1,9.8
11985.0,1.37,5.3,0.47,4.0,24.4,9.8
11990.0,1.37,5.9,0.46,6.0,23.6,9.9
11995.0,1.36,5.3,0.49,6.0,24.5,9.9
12000.0,1.37,5.7,0.49,5.5,24.2,9.9
12005.0,1.37,5.6,0.49,7.0,24.2,9.9
12010.0,1.37,6.1,0.49,4.5,23.9,9.9
12015.0,1.37,6.0,0.48,6.0,24.1,9.9
12020.0,1.37,5.7,0.5,6.0,23.9,9.9
12025.0,1.37,5.5,0.49,5.0,24.1,9.9
12030.0,1.36,5.3,0.49,6.0,24.3,9.9
12035.0,1.37,5.7,0.5,5.0,23.9,9.9
12040.0,1.37,5.6,0.5,6.0,23.9,9.9
12045.0,1.37,5.5,0.49,6.0,24.1,9.9
12050.0,1.36,5.4,0.49,4.5,24.3,9.9
12055.0,1.36,5.9,0.49,6.0,24.1,10.0
12060.0,1.37,5.5,0.48,6.0,24.0,9.9
12065.0,1.37,6.1,0.49,5.5,23.9,9.9
12070.0,1.37,5.6,0.5,6.0,23.9,9.9
12075.0,1.36,4.9,0.49,4.0,24.0,10.0
12080.0,1.37,5.7,0.49,5.5,23.5,10.0
12085.0,1.36,5.9,0.5,3.5,24.0,10.0
12090.0,1.36,5.9,0.48,4.5,24.1,10.0
12095.0,1.36,5.8,0.49,5.5,24.0,10.0
12100.0,1.36,5.5,0.48,3.5,24.3,10.0
12105.0,1.36,6.2,0.47,4.5,24.1,10.0
12110.0,1.36,6.1,0.49,5.0,24.3,10.0
12115.0,1.36,5.6,0.49,5.5,24.2,10.0
12120.0,1.36,5.1,0.48,3.5,23.9,10.0
12125.0,1.36,5.2,0.48,5.5,24.1,10.0
12130.0,1.36,5.4,0.48,4.5,24.0,10.0
12135.0,1.37,5.7,0.49,5.0,23.3,10.1
12140.0,1.36,5.6,0.46,4.5,24.6,10.1
12145.0,1.36,5.4,0.49,4.5,24.6,10.1
12150.0,1.36,6.0,0.48,4.5,24.1,10.1
12155.0,1.36,5.5,0.48,7.0,24.1,10.1
12160.0,1.36,5.5,0.49,5.0,23.7,10.1
12165.0,1.36,6.1,0.49,6.0,23.9,10.1
12170.0,1.36,5.8,0.48,5.0,23.4,10.1
12175.0,1.36,5.9,0.49,4.5,23.8,10.1
12180.0,1.36,5.3,0.48,5.5,24.2,10.1
12185.0,1.36,5.7,0.5,4.5,24.2,10.1
12190.0,1.36,5.1,0.48,5.0,24.1,10.1
12195.0,1.36,6.0,0.48,6.0,24.0,10.1
12200.0,1.36,5.5,0.5,6.0,24.1,10.1
12205.0,1.36,5.4,0.49,5.0,23.8,10.1
12210.0,1.36,5.1,0.49,7.0,24.2,10.1
12215.0,1.36,5.8,0.48,4.0,24.2,10.1
12220.0,1.36,6.0,0.48,5.0,24.4,10.1
12225.0,1.36,5.5,0.49,5.0,23.7,10.1
12230.0,1.36,5.6,0.49,4.5,24.2,10.1
12235.0,1.36,5.6,0.49,6.5,24.2,10.1
12240.0,1.36,5.6,0.5,6.0,23.5,10.1
12245.0,1.36,5.4,0.47,3.0,24.1,10.1
12250.0,1.36,5.8,0.48,5.0,23.9,10.1
12255.0,1.36,5.4,0.47,5.0,24.1,10.1
12260.0,1.36,5.3,0.49,5.5,24.2,10.1
12265.0,1.36,6.4,0.5,6.5,24.2,10.2
12270.0,1.36,5.8,0.49,6.0,23.9,10.2
12275.0,1.36,5.6,0.48,6.0,23.6,10.2
12280.0,1.35,5.7,0.49,5.0,24.4,10.2
12285.0,1.36,5.9,0.48,6.5,23.7,10.2
12290.0,1.36,5.6,0.49,5.5,23.9,10.2
12295.0,1.35,5.3,0.49,5.5,24.5,10.3
12300.0,1.36,5.8,0.47,5.0,23.4,10.3
12305.0,1.36,5.9,0.5,6.0,23.4,10.3
12310.0,1.36,5.1,0.48,5.0,23.6,10.3
12315.0,1.35,5.4,0.5,5.5,23.9,10.3
12320.0,1.36,5.7,0.49,6.5,23.7,10.3
12325.0,1.36,5.6,0.48,4.0,23.4,10.3
12330.0,1.36,5.1,0.49,6.0,23.7,10.3
12335.0,1.35,5.4,0.49,4.0,24.3,10.3
12340.0,1.36,6.0,0.48,5.0,23.7,10.3
12345.0,1.36,5.8,0.49,5.0,23.7,10.3
12350.0,1.35,5.3,0.48,5.0,23.9,10.2
12355.0,1.36,5.7,0.49,4.5,23.8,10.2
12360.0,1.35,5.0,0.49,5.5,23.9,10.2
12365.0,1.35,5.5,0.5,5.0,24.0,10.2
12370.0,1.36,5.1,0.48,5.5,23.8,10.2
12375.0,1.36,5.8,0.47,4.5,23.7,10.2
12380.0,1.36,5.3,0.49,7.0,23.8,10.2
12385.0,1.36,5.2,0.47,4.5,23.6,10.2
12390.0,1.36,6.1,0.47,4.0,23.8,10.3
12395.0,1.35,5.4,0.49,6.0,24.2,10.3
12400.0,1.36,5.4,0.45,3.0,23.3,10.3
12405.0,1.35,4.8,0.5,5.0,24.1,10.3
12410.0,1.35,5.5,0.49,5.5,24.1,10.3
12415.0,1.36,5.5,0.49,6.0,23.5,10.3
12420.0,1.35,5.9,0.48,5.0,23.8,10.3
12425.0,1.35,5.7,0.49,5.0,23.8,10.3
12430.0,1.36,5.8,0.48,5.0,23.6,10.3
12435.0,1.35,5.6,0.48,4.5,23.8,10.3
12440.0,1.35,5.4,0.5,3.5,24.3,10.3
12445.0,1.35,5.5,0.48,6.0,24.0,10.3
12450.0,1.35,5.2,0.49,5.0,23.8,10.3
12455.0,1.36,5.3,0.49,4.5,23.4,10.3
12460.0,1.36,5.5,0.49,5.5,23.6,10.3
12465.0,1.36,5.7,0.47,4.5,23.3,10.3
12470.0,1.35,5.2,0.49,6.0,23.9,10.3
12475.0,1.35,5.3,0.49,6.0,23.7,10.3
12480.0,1.36,6.5,0.49,5.0,23.6,10.3
12485.0,1.36,5.0,0.47,5.5,23.5,10.2
12490.0,1.36,6.0,0.48,5.5,23.6,10.2
12495.0,1.36,5.4,0.48,5.0,23.8,10.2
12500.0,1.36,5.5,0.5,5.5,23.6,10.2
12505.0,1.36,5.8,0.48,4.5,23.2,10.2
12510.0,1.36,5.8,0.49,5.5,23.9,10.2
12515.0,1.36,6.2,0.49,4.5,23.3,10.2
12520.0,1.36,5.5,0.48,4.5,23.7,10.3
12525.0,1.35,6.2,0.49,4.0,23.9,10.3
12530.0,1.36,5.6,0.49,5.0,23.5,10.3
12535.0,1.35,5.9,0.45,6.0,23.7,10.3
12540.0,1.35,6.1,0.48,6.0,23.7,10.3
12545.0,1.36,5.5,0.49,4.5,23.4,10.3
12550.0,1.35,5.7,0.49,5.0,23.7,10.3
12555.0,1.35,5.4,0.48,4.0,23.7,10.3
12560.0,1.35,6.0,0.49,5.5,23.6,10.3
12565.0,1.36,5.7,0.48,5.0,23.4,10.3
12570.0,1.36,5.6,0.49,5.0,23.6,10.3
12575.0,1.35,5.8,0.49,5.5,23.6,10.3
12580.0,1.36,5.5,0.48,4.5,23.5,10.3
12585.0,1.35,5.9,0.49,5.0,23.7,10.3
12590.0,1.35,5.4,0.5,5.5,23.7,10.3
12595.0,1.36,5.6,0.48,4.5,23.0,10.3
12600.0,1.35,5.7,0.48,5.0,23.5,10.3
12605.0,1.35,5.7,0.5,5.5,23.8,10.3
12610.0,1.36,5.4,0.48,5.0,23.3,10.4
12615.0,1.35,5.2,0.49,5.0,23.6,10.4
12620.0,1.35,5.1,0.48,5.5,24.2,10.4
12625.0,1.35,5.7,0.5,5.5,23.6,10.4
12630.0,1.35,5.3,0.49,4.5,23.6,10.4
12635.0,1.35,5.3,0.49,5.0,24.0,10.4
12640.0,1.35,5.7,0.48,4.5,23.5,10.4
12645.0,1.35,5.9,0.49,5.5,23.4,10.4
12650.0,1.35,6.2,0.49,6.5,23.3,10.4
12655.0,1.35,5.7,0.48,5.5,23.4,10.4
12660.0,1.35,5.2,0.49,6.5,23.4,10.4
12665.0,1.35,5.4,0.48,5.0,23.7,10.5
12670.0,1.35,5.4,0.49,5.0,23.5,10.5
12675.0,1.35,5.4,0.48,5.0,23.7,10.5
12680.0,1.35,5.3,0.49,4.5,23.8,10.5
12685.0,1.35,5.3,0.5,5.0,23.6,10.5
12690.0,1.35,5.5,0.47,5.0,23.8,10.5
12695.0,1.35,5.5,0.48,5.0,23.9,10.5
12700.0,1.35,5.7,0.48,4.5,23.3,10.5
12705.0,1.35,4.7,0.49,4.5,23.6,10.5
12710.0,1.35,5.5,0.47,4.5,23.4,10.5
12715.0,1.35,5.9,0.48,5.5,23.7,10.4
12720.0,1.35,5.9,0.49,4.0,23.5,10.4
12725.0,1.35,5.3,0.48,4.5,23.2,10.5
12730.0,1.35,5.7,0.47,5.0,23.5,10.5
12735.0,1.35,5.1,0.48,5.0,23.8,10.5
12740.0,1.35,5.6,0.48,6.0,23.3,10.5
12745.0,1.35,5.6,0.5,5.5,23.2,10.5
12750.0,1.35,5.0,0.49,6.0,23.5,10.5
12755.0,1.35,5.3,0.47,7.0,23.2,10.5
12760.0,1.35,5.9,0.49,5.5,23.5,10.5
12765.0,1.35,5.1,0.5,6.5,23.6,10.5
12770.0,1.35,6.1,0.49,4.5,23.6,10.5
12775.0,1.35,5.5,0.49,4.5,23.3,10.5
12780.0,1.35,5.6,0.49,3.5,23.7,10.5
12785.0,1.35,6.0,0.49,5.0,23.5,10.5
12790.0,1.35,5.4,0.5,4.5,23.5,10.5
12795.0,1.35,5.3,0.49,5.0,23.7,10.5
12800.0,1.35,5.3,0.48,6.5,23.5,10.5
12805.0,1.35,5.6,0.48,5.5,23.0,10.5
12810.0,1.35,5.7,0.49,6.0,23.7,10.6
12815.0,1.35,5.2,0.49,6.5,23.4,10.6
12820.0,1.35,5.3,0.47,4.5,23.7,10.6
12825.0,1.35,5.1,0.48,5.0,23.3,10.6
12830.0,1.35,4.8,0.5,4.5,23.7,10.6
12835.0,1.35,4.9,0.49,5.5,23.4,10.6
12840.0,1.35,5.8,0.5,4.5,23.6,10.6
12845.0,1.35,5.4,0.48,5.5,23.3,10.6
12850.0,1.35,5.6,0.5,5.0,23.5,10.7
12855.0,1.34,5.5,0.48,5.0,23.6,10.7
12860.0,1.35,4.9,0.49,6.0,23.1,10.7
12865.0,1.35,4.9,0.5,4.5,23.2,10.7
12870.0,1.34,5.4,0.49,6.5,23.8,10.7
12875.0,1.35,5.5,0.46,4.5,23.5,10.7
12880.0,1.34,5.4,0.49,4.5,23.7,10.7
12885.0,1.35,6.1,0.49,4.5,23.4,10.7
12890.0,1.35,5.3,0.48,5.0,23.4,10.7
12895.0,1.35,5.1,0.49,6.5,23.4,10.7
12900.0,1.34,5.5,0.5,6.5,23.6,10.7
12905.0,1.35,5.6,0.48,4.5,23.1,10.7
12910.0,1.34,5.6,0.48,6.5,23.6,10.7
12915.0,1.35,5.1,0.5,5.5,23.4,10.7
12920.0,1.35,5.5,0.49,6.0,23.3,10.6
12925.0,1.34,5.2,0.49,3.5,23.9,10.6
12930.0,1.34,5.7,0.49,5.5,23.7,10.7
12935.0,1.35,5.6,0.49,4.5,23.3,10.7
12940.0,1.34,5.3,0.49,4.5,23.8,10.7
12945.0,1.34,5.3,0.49,5.0,23.9,10.7
12950.0,1.35,4.9,0.48,6.0,23.2,10.7
12955.0,1.35,6.1,0.5,7.0,23.4,10.7
12960.0,1.34,5.3,0.5,4.5,23.6,10.7
12965.0,1.35,5.2,0.48,5.5,23.1,10.7
12970.0,1.35,5.3,0.48,6.0,23.2,10.7
12975.0,1.35,5.6,0.48,5.5,23.4,10.6
12980.0,1.35,5.1,0.48,5.5,23.5,10.6
12985.0,1.35,5.0,0.49,5.5,23.3,10.6
12990.0,1.35,5.2,0.5,5.5,22.8,10.6
12995.0,1.35,5.0,0.48,5.5,23.6,10.6
13000.0,1.35,5.9,0.5,3.5,23.3,10.6
13005.0,1.34,5.2,0.49,7.0,23.7,10.7
13010.0,1.35,5.1,0.49,6.0,23.1,10.6
13015.0,1.35,5.9,0.46,5.0,23.6,10.6
13020.0,1.34,5.7,0.49,5.5,23.7,10.7
13025.0,1.34,4.8,0.49,3.5,23.5,10.7
13030.0,1.34,5.8,0.49,6.0,23.5,10.7
13035.0,1.35,5.6,0.46,5.0,23.3,10.7
13040.0,1.34,5.5,0.49,4.0,23.4,10.7
13045.0,1.35,4.9,0.47,5.0,23.3,10.7
13050.0,1.35,5.4,0.47,5.0,23.3,10.7
13055.0,1.34,5.6,0.48,5.5,23.6,10.7
13060.0,1.34,5.7,0.49,4.5,23.7,10.7
13065.0,1.35,5.0,0.5,6.5,23.4,10.7
13070.0,1.34,5.6,0.51,6.0,23.4,10.7
13075.0,1.35,5.4,0.48,5.5,23.3,10.7
13080.0,1.35,5.4,0.51,4.5,23.1,10.7
13085.0,1.34,5.2,0.5,4.5,23.5,10.8
13090.0,1.34,5.2,0.47,6.5,23.5,10.8
13095.0,1.34,5.5,0.48,5.0,23.2,10.8
13100.0,1.34,5.2,0.49,4.5,23.9,10.8
13105.0,1.34,5.6,0.49,5.5,23.5,10.8
13110.0,1.34,4.9,0.49,4.0,23.3,10.8
13115.0,1.34,5.1,0.49,5.5,23.8,10.8
13120.0,1.34,5.3,0.48,5.0,23.4,10.8
13125.0,1.34,5.5,0.49,5.5,23.2,10.8
13130.0,1.34,5.7,0.5,6.0,23.3,10.8
13135.0,1.34,5.6,0.48,7.0,23.7,10.9
13140.0,1.34,5.0,0.48,6.0,23.6,10.9
13145.0,1.34,5.4,0.49,5.5,23.3,10.9
13150.0,1.34,5.2,0.51,5.0,23.6,10.9
13155.0,1.34,5.4,0.49,4.5,23.3,10.9
13160.0,1.34,5.4,0.47,4.0,23.6,10.9
13165.0,1.34,5.4,0.49,5.0,23.5,10.9
13170.0,1.34,5.0,0.47,4.5,23.7,10.9
13175.0,1.34,5.4,0.5,4.5,23.7,10.9
13180.0,1.34,5.1,0.46,4.5,23.2,10.9
13185.0,1.34,5.8,0.48,5.0,23.6,10.9
13190.0,1.34,5.3,0.47,6.5,23.6,10.9
13195.0,1.34,5.2,0.5,6.5,23.5,10.9
13200.0,1.34,5.3,0.49,5.0,23.5,10.9
13205.0,1.34,5.5,0.49,5.5,23.6,11.0
13210.0,1.34,5.2,0.5,4.5,23.5,11.0
13215.0,1.34,5.7,0.48,7.0,23.8,11.0
13220.0,1.34,5.3,0.5,4.0,23.5,10.9
13225.0,1.34,5.2,0.48,4.5,23.7,11.0
13230.0,1.34,5.4,0.49,5.0,23.6,11.0
13235.0,1.34,5.3,0.49,4.0,23.5,10.9
13240.0,1.34,5.1,0.48,4.5,23.4,10.9
13245.0,1.34,5.2,0.51,5.0,23.5,10.9
13250.0,1.34,5.0,0.48,4.5,24.0,10.9
13255.0,1.34,5.0,0.5,4.0,23.9,10.9
13260.0,1.34,5.1,0.49,4.5,23.3,10.9
13265.0,1.34,5.1,0.48,5.0,24.0,10.9
13270.0,1.34,5.7,0.47,5.0,23.4,10.9
13275.0,1.34,5.1,0.49,4.0,24.1,10.9
13280.0,1.34,5.5,0.5,5.0,23.6,10.9
13285.0,1.34,5.5,0.49,5.5,23.5,10.9
13290.0,1.34,5.7,0.5,6.0,23.3,10.9
13295.0,1.34,4.9,0.49,4.5,23.9,10.9
13300.0,1.34,5.2,0.48,5.0,23.7,10.9
13305.0,1.34,5.4,0.47,5.0,23.4,11.0
13310.0,1.34,5.2,0.47,3.5,23.6,11.0
13315.0,1.34,5.7,0.48,5.0,23.8,11.0
13320.0,1.34,5.1,0.49,5.5,23.7,11.0
13325.0,1.34,4.9,0.47,6.0,24.1,11.0
13330.0,1.34,5.2,0.48,5.0,23.8,11.0
13335.0,1.34,5.4,0.48,6.0,23.9,11.0
13340.0,1.34,5.2,0.49,6.0,24.0,11.0
13345.0,1.34,4.8,0.47,5.0,23.5,11.0
13350.0,1.34,5.4,0.47,5.5,23.7,11.0
13355.0,1.34,5.3,0.47,5.5,23.6,11.0
13360.0,1.34,4.9,0.49,6.5,24.1,11.0
13365.0,1.34,5.7,0.49,4.5,24.0,11.0
13370.0,1.34,4.7,0.48,3.5,24.1,11.0
13375.0,1.34,5.2,0.48,5.0,23.7,11.0
13380.0,1.34,5.5,0.49,6.5,24.0,11.0
13385.0,1.34,5.0,0.47,6.5,24.4,11.0
13390.0,1.34,5.5,0.5,7.0,24.0,11.0
13395.0,1.34,5.5,0.48,3.5,23.9,11.0
13400.0,1.34,5.5,0.5,6.5,23.9,11.0
13405.0,1.34,5.4,0.48,4.5,23.8,11.0
13410.0,1.34,4.9,0.5,5.0,23.9,11.0
13415.0,1.34,5.4,0.49,4.5,23.9,11.0
13420.0,1.34,5.2,0.48,3.5,23.7,11.1
13425.0,1.34,4.9,0.46,4.5,23.6,11.1
13430.0,1.34,5.1,0.49,4.5,23.8,11.1
13435.0,1.34,5.4,0.48,4.5,24.2,11.1
13440.0,1.34,5.2,0.5,3.0,24.0,11.1
13445.0,1.34,5.0,0.5,3.5,23.9,11.1
13450.0,1.34,5.3,0.47,3.0,23.6,11.1
13455.0,1.33,5.1,0.5,7.5,24.1,11.1
13460.0,1.33,5.0,0.49,6.5,24.1,11.2
13465.0,1.33,5.7,0.5,5.5,24.1,11.2
13470.0,1.33,5.1,0.47,5.5,24.0,11.2
13475.0,1.33,4.8,0.48,5.0,24.3,11.2
13480.0,1.33,5.0,0.5,5.0,23.8,11.2
13485.0,1.33,5.2,0.46,5.0,24.2,11.2
13490.0,1.33,5.1,0.48,4.5,24.3,11.2
13495.0,1.33,5.0,0.51,6.5,23.8,11.2
13500.0,1.33,5.0,0.5,6.5,24.3,11.2
13505.0,1.33,5.1,0.47,5.5,23.9,11.2
13510.0,1.33,5.6,0.49,6.5,24.7,11.2
13515.0,1.33,4.8,0.49,4.5,23.9,11.2
13520.0,1.33,5.5,0.5,6.0,24.0,11.2
13525.0,1.33,5.4,0.48,4.5,24.3,11.2
13530.0,1.33,5.3,0.49,5.0,24.2,11.2
13535.0,1.33,5.0,0.49,4.0,24.5,11.2
13540.0,1.33,4.9,0.49,3.5,24.0,11.2
13545.0,1.33,4.2,0.5,7.0,23.9,11.2
13550.0,1.33,5.1,0.48,4.5,24.1,11.2
13555.0,1.33,5.1,0.47,4.0,23.9,11.2
13560.0,1.33,4.9,0.49,4.5,23.8,11.2
13565.0,1.33,5.6,0.48,4.5,24.7,11.2
13570.0,1.33,5.3,0.48,4.5,24.0,11.2
13575.0,1.33,4.9,0.47,4.0,24.2,11.2
13580.0,1.33,5.0,0.48,3.5,24.1,11.2
13585.0,1.33,4.9,0.48,3.5,24.5,11.2
13590.0,1.33,5.6,0.48,5.0,23.9,11.2
13595.0,1.33,5.4,0.51,4.5,24.7,11.2
13600.0,1.33,5.6,0.49,5.5,24.3,11.2
13605.0,1.33,4.9,0.49,5.5,23.8,11.2
13610.0,1.33,5.4,0.46,4.5,24.6,11.2
13615.0,1.33,5.0,0.48,5.0,24.7,11.2
13620.0,1.33,5.3,0.49,5.5,24.2,11.2
13625.0,1.33,5.2,0.48,5.0,24.4,11.2
13630.0,1.33,4.8,0.46,4.0,24.8,11.2
13635.0,1.33,5.1,0.47,4.5,24.2,11.2
13640.0,1.33,5.2,0.48,6.0,24.4,11.2
13645.0,1.33,4.8,0.49,5.0,24.2,11.2
13650.0,1.33,4.8,0.5,6.0,24.5,11.2
13655.0,1.33,4.8,0.48,3.5,24.7,11.2
13660.0,1.33,5.0,0.48,5.5,24.6,11.2
13665.0,1.33,5.1,0.5,6.5,24.4,11.2
13670.0,1.33,4.8,0.47,4.5,24.6,11.2
13675.0,1.33,5.3,0.48,4.5,24.0,11.2
13680.0,1.33,5.4,0.5,5.5,24.2,11.2
13685.0,1.33,4.9,0.47,4.5,24.4,11.2
13690.0,1.33,4.7,0.48,5.0,24.0,11.2
13695.0,1.33,5.8,0.47,4.5,24.7,11.2
13700.0,1.33,4.8,0.49,5.0,24.0,11.2
13705.0,1.33,5.4,0.49,5.5,24.8,11.2
13710.0,1.33,4.9,0.5,4.0,24.2,11.2
13715.0,1.33,4.7,0.49,6.5,24.6,11.2
13720.0,1.33,4.7,0.49,4.0,24.5,11.2
13725.0,1.33,5.4,0.49,4.5,24.6,11.2
13730.0,1.33,5.5,0.5,4.5,24.1,11.2
13735.0,1.33,4.7,0.47,3.0,24.2,11.2
13740.0,1.33,5.1,0.49,4.0,24.2,11.2
13745.0,1.33,5.1,0.49,5.5,24.5,11.3
13750.0,1.33,5.3,0.5,5.5,24.5,11.2
13755.0,1.33,5.2,0.47,6.5,24.9,11.3
13760.0,1.33,4.9,0.49,5.0,24.8,11.2
13765.0,1.33,5.3,0.47,4.5,24.3,11.3
13770.0,1.33,4.6,0.47,5.0,24.5,11.3
13775.0,1.33,5.1,0.5,6.0,24.7,11.3
13780.0,1.33,5.5,0.48,4.5,24.7,11.3
13785.0,1.33,5.1,0.49,4.0,24.4,11.3
13790.0,1.33,5.5,0.51,5.5,24.5,11.3
13795.0,1.33,5.6,0.49,5.5,24.5,11.2
13800.0,1.33,5.1,0.48,4.5,24.4,11.2
13805.0,1.33,5.4,0.5,5.5,24.3,11.2
13810.0,1.33,4.7,0.49,4.0,24.9,11.2
13815.0,1.33,5.0,0.49,4.5,24.4,11.2
13820.0,1.33,5.5,0.5,5.5,25.0,11.2
13825.0,1.33,5.5,0.47,5.0,25.1,11.2
13830.0,1.33,5.2,0.5,6.0,24.3,11.1
13835.0,1.33,5.0,0.49,6.0,24.5,11.1
13840.0,1.33,4.8,0.48,4.0,24.5,11.1
13845.0,1.33,5.1,0.49,4.0,24.4,11.1
13850.0,1.33,5.3,0.49,4.5,25.0,11.1
13855.0,1.33,5.4,0.51,5.0,24.6,11.1
13860.0,1.33,5.2,0.47,5.5,24.7,11.1
13865.0,1.33,5.2,0.49,4.5,24.8,11.1
13870.0,1.33,4.9,0.48,5.5,24.8,11.1
13875.0,1.33,5.1,0.51,5.5,24.5,11.1
13880.0,1.33,5.0,0.49,5.5,25.2,11.1
13885.0,1.33,5.1,0.49,5.5,25.3,11.1
13890.0,1.33,5.0,0.48,5.0,25.2,11.1
13895.0,1.33,4.9,0.49,5.0,25.1,11.1
13900.0,1.33,4.6,0.47,5.5,24.6,11.1
13905.0,1.33,5.0,0.49,5.0,24.8,11.1
13910.0,1.33,5.4,0.47,5.5,24.9,11.1
13915.0,1.33,5.5,0.47,4.5,25.1,11.1
13920.0,1.33,5.0,0.5,6.5,24.8,11.1
13925.0,1.33,5.6,0.49,5.0,24.9,11.1
13930.0,1.33,5.0,0.49,5.5,25.2,11.1
13935.0,1.33,5.3,0.49,4.0,24.7,11.1
13940.0,1.33,5.6,0.47,5.0,25.3,11.1
13945.0,1.33,5.6,0.49,5.0,24.6,11.1
13950.0,1.33,5.3,0.48,6.0,25.1,11.1
13955.0,1.33,4.9,0.5,5.0,25.3,11.1
13960.0,1.33,4.8,0.49,5.0,25.4,11.1
13965.0,1.33,5.3,0.48,5.5,25.0,11.1
13970.0,1.33,4.9,0.47,5.5,25.1,11.1
13975.0,1.33,5.2,0.5,4.0,25.2,11.1
13980.0,1.33,5.0,0.48,4.5,25.0,11.1
13985.0,1.33,4.7,0.48,5.0,25.0,11.1
13990.0,1.33,5.1,0.5,5.5,25.1,11.1
13995.0,1.33,5.1,0.49,6.0,25.0,11.1
14000.0,1.33,5.3,0.5,4.0,25.1,11.1
14005.0,1.33,5.2,0.5,5.0,25.3,11.1
14010.0,1.33,5.2,0.49,4.5,24.9,11.1
14015.0,1.33,5.1,0.5,5.0,25.3,11.1
14020.0,1.33,4.8,0.49,5.5,25.4,11.1
14025.0,1.33,4.8,0.5,5.5,25.2,11.1
14030.0,1.33,4.9,0.49,5.5,25.2,11.1
14035.0,1.33,5.0,0.52,6.0,25.3,11.1
14040.0,1.33,5.6,0.49,5.5,25.3,11.1
14045.0,1.33,5.0,0.49,5.5,25.4,11.1
14050.0,1.33,4.8,0.49,6.0,25.3,11.1
14055.0,1.33,5.3,0.48,4.0,25.5,11.1
14060.0,1.33,5.3,0.47,5.5,25.7,11.1
14065.0,1.33,4.9,0.5,6.5,25.7,11.1
14070.0,1.33,5.1,0.48,4.5,25.3,11.1
14075.0,1.33,5.2,0.49,5.5,25.0,11.1
14080.0,1.33,4.9,0.49,5.5,25.1,11.1
14085.0,1.33,5.1,0.48,4.5,25.2,11.1
14090.0,1.33,5.7,0.47,5.0,25.6,11.1
14095.0,1.33,4.9,0.49,6.0,25.4,11.1
14100.0,1.33,5.1,0.48,6.5,25.8,11.2
14105.0,1.33,4.5,0.5,6.0,25.4,11.2
14110.0,1.33,5.1,0.51,5.5,25.5,11.2
14115.0,1.33,5.1,0.48,5.0,25.1,11.2
14120.0,1.33,5.3,0.47,5.0,25.3,11.2
14125.0,1.33,4.8,0.48,6.0,25.8,11.2
14130.0,1.33,5.2,0.48,5.5,26.2,11.2
14135.0,1.33,4.8,0.48,5.0,25.1,11.2
14140.0,1.33,5.2,0.48,5.5,25.4,11.2
14145.0,1.33,5.8,0.5,4.5,25.5,11.2
14150.0,1.33,5.2,0.47,5.5,25.4,11.2
14155.0,1.33,5.0,0.5,4.0,25.8,11.2
14160.0,1.33,4.8,0.48,5.5,25.7,11.2
14165.0,1.33,5.1,0.46,5.5,25.5,11.2
14170.0,1.33,5.0,0.5,6.0,25.6,11.2
14175.0,1.33,4.9,0.49,5.5,25.7,11.2
14180.0,1.33,5.3,0.48,5.5,25.9,11.2
14185.0,1.33,5.3,0.49,4.5,25.8,11.2
14190.0,1.33,5.2,0.5,6.5,25.8,11.2
14195.0,1.33,4.6,0.5,6.5,25.7,11.2
14200.0,1.33,5.3,0.48,4.5,25.6,11.2
14205.0,1.33,5.5,0.5,5.0,25.5,11.2
14210.0,1.33,5.0,0.48,5.0,25.8,11.2
14215.0,1.33,5.0,0.49,5.5,25.7,11.2
14220.0,1.33,5.0,0.48,5.5,25.9,11.2
14225.0,1.33,5.0,0.49,5.0,26.1,11.2
14230.0,1.33,4.7,0.49,3.5,26.1,11.2
14235.0,1.33,5.1,0.49,4.5,25.5,11.2
14240.0,1.33,5.3,0.48,5.5,25.4,11.2
14245.0,1.33,4.9,0.5,5.5,26.0,11.2
14250.0,1.33,4.9,0.5,5.5,26.2,11.2
14255.0,1.33,5.1,0.48,4.5,25.4,11.2
14260.0,1.33,5.3,0.49,5.5,25.5,11.2
14265.0,1.33,5.1,0.48,5.5,25.9,11.3
14270.0,1.33,4.5,0.48,4.0,25.0,11.3
14275.0,1.33,5.1,0.49,4.0,26.0,11.3
14280.0,1.33,5.2,0.49,5.0,26.0,11.2
14285.0,1.33,5.7,0.49,4.5,26.1,11.3
14290.0,1.33,5.4,0.5,6.0,25.7,11.3
14295.0,1.33,5.0,0.5,5.5,26.5,11.3
14300.0,1.33,5.3,0.49,4.0,25.9,11.3
14305.0,1.33,5.0,0.49,5.5,26.2,11.3
14310.0,1.33,5.0,0.47,4.5,26.0,11.3
14315.0,1.33,4.7,0.49,5.0,25.9,11.3
14320.0,1.33,5.2,0.48,4.5,25.8,11.3
14325.0,1.33,4.8,0.5,5.0,25.9,11.3
14330.0,1.33,4.7,0.48,4.0,26.0,11.3
14335.0,1.33,5.1,0.5,4.5,25.9,11.3
14340.0,1.33,4.9,0.49,5.0,25.9,11.3
14345.0,1.33,4.9,0.51,6.0,25.7,11.3
14350.0,1.33,5.2,0.49,6.0,25.9,11.3
14355.0,1.33,4.9,0.5,5.0,25.6,11.3
14360.0,1.33,4.9,0.47,4.0,26.0,11.3
14365.0,1.33,5.4,0.49,5.5,26.1,11.3
14370.0,1.33,5.5,0.49,4.5,26.0,11.3
14375.0,1.33,5.2,0.5,5.0,26.1,11.3
14380.0,1.33,5.4,0.49,4.5,26.0,11.4
14385.0,1.33,5.3,0.51,7.0,26.1,11.3
14390.0,1.33,5.2,0.49,4.5,26.1,11.3
14395.0,1.33,4.8,0.48,5.0,25.6,11.4
14400.0,1.33,5.1,0.48,5.5,26.3,11.4
14405.0,1.33,5.0,0.46,6.0,26.0,11.4
14410.0,1.33,5.4,0.48,4.5,26.1,11.4
14415.0,1.33,5.0,0.48,6.5,26.3,11.4
14420.0,1.33,5.3,0.49,5.0,26.2,11.4
14425.0,1.33,4.9,0.48,4.5,25.9,11.4
14430.0,1.33,5.1,0.49,5.0,25.8,11.4
14435.0,1.33,4.9,0.5,6.5,26.0,11.4
14440.0,1.33,4.6,0.5,6.0,26.5,11.4
14445.0,1.33,5.5,0.48,5.5,26.4,11.4
14450.0,1.33,4.8,0.49,4.5,25.9,11.4
14455.0,1.33,4.8,0.5,6.0,26.3,11.4
14460.0,1.33,4.9,0.49,5.5,26.0,11.4
14465.0,1.33,5.2,0.47,4.5,26.2,11.4
14470.0,1.33,5.0,0.48,5.0,26.3,11.3
14475.0,1.33,5.1,0.5,5.0,26.0,11.3
14480.0,1.33,4.8,0.49,5.5,26.4,11.3
14485.0,1.33,5.5,0.51,5.0,25.9,11.3
14490.0,1.33,5.3,0.48,5.5,26.4,11.3
14495.0,1.33,4.8,0.48,4.5,26.3,11.3
14500.0,1.33,4.7,0.49,4.5,26.4,11.3
14505.0,1.33,4.9,0.5,5.5,26.4,11.3
14510.0,1.33,5.5,0.49,4.5,26.1,11.3
14515.0,1.33,5.5,0.48,3.5,26.0,11.3
14520.0,1.33,4.8,0.49,4.0,25.9,11.3
14525.0,1.33,5.0,0.52,5.5,26.0,11.3
14530.0,1.33,4.9,0.48,5.0,26.2,11.3
14535.0,1.33,5.3,0.5,5.0,26.2,11.3
14540.0,1.33,5.2,0.48,4.5,26.3,11.4
14545.0,1.33,4.9,0.49,4.5,25.7,11.3
14550.0,1.33,4.8,0.48,4.0,26.2,11.3
14555.0,1.33,5.1,0.48,6.0,26.3,11.3
14560.0,1.33,5.1,0.48,5.0,26.9,11.4
14565.0,1.33,4.9,0.48,5.5,25.9,11.3
14570.0,1.33,5.5,0.48,5.5,26.6,11.3
14575.0,1.33,5.0,0.49,5.5,26.1,11.3
14580.0,1.33,5.5,0.47,5.0,26.5,11.3
14585.0,1.33,4.4,0.49,5.5,26.3,11.3
14590.0,1.33,4.6,0.49,6.0,26.4,11.3
14595.0,1.33,4.5,0.47,4.5,26.2,11.3
14600.0,1.33,5.0,0.48,4.5,26.1,11.3
14605.0,1.33,5.4,0.5,6.0,26.5,11.3
14610.0,1.33,5.4,0.48,6.0,26.9,11.3
14615.0,1.33,5.4,0.49,5.5,26.0,11.3
14620.0,1.33,4.4,0.49,5.0,26.3,11.3
14625.0,1.33,5.0,0.48,5.5,26.2,11.3
14630.0,1.33,5.0,0.48,4.5,26.3,11.3
14635.0,1.33,4.9,0.49,5.0,26.0,11.3
14640.0,1.33,4.3,0.49,4.5,26.3,11.3
14645.0,1.33,5.1,0.5,6.0,26.1,11.3
14650.0,1.33,4.5,0.49,5.0,26.4,11.3
14655.0,1.33,4.6,0.48,6.0,26.7,11.3
14660.0,1.33,4.5,0.49,6.5,26.0,11.3
14665.0,1.33,5.2,0.48,4.5,26.5,11.4
14670.0,1.33,4.9,0.47,4.0,26.6,11.3
14675.0,1.33,4.7,0.49,4.5,26.4,11.4
14680.0,1.33,5.0,0.48,4.5,26.3,11.4
14685.0,1.33,5.5,0.48,4.5,26.0,11.4
14690.0,1.33,5.6,0.51,4.0,26.4,11.4
14695.0,1.33,4.9,0.47,4.5,26.1,11.4
14700.0,1.33,5.8,0.5,6.5,26.3,11.4
14705.0,1.33,5.3,0.48,4.0,26.1,11.4
14710.0,1.33,5.4,0.49,4.5,26.4,11.4
14715.0,1.33,5.6,0.47,3.5,26.0,11.4
14720.0,1.33,5.1,0.48,4.0,26.2,11.4
14725.0,1.33,4.8,0.47,5.5,26.3,11.4
14730.0,1.33,4.6,0.48,6.0,26.4,11.4
14735.0,1.33,4.9,0.48,6.0,26.6,11.4
14740.0,1.33,5.1,0.48,4.5,26.2,11.4
14745.0,1.33,5.4,0.49,3.5,26.5,11.3
14750.0,1.33,5.2,0.51,4.5,26.2,11.4
14755.0,1.33,4.8,0.48,5.0,26.3,11.4
14760.0,1.33,4.8,0.47,6.0,26.2,11.4
14765.0,1.33,4.8,0.48,4.5,26.6,11.4
14770.0,1.33,5.0,0.49,5.0,26.5,11.4
14775.0,1.33,4.8,0.48,3.0,26.6,11.4
14780.0,1.33,5.2,0.48,5.0,26.4,11.4
14785.0,1.33,4.9,0.49,6.0,26.2,11.4
14790.0,1.33,4.8,0.49,4.5,26.2,11.4
14795.0,1.33,5.0,0.49,5.5,26.4,11.4
14800.0,1.33,4.8,0.48,6.0,26.9,11.3
14805.0,1.33,5.1,0.47,4.5,26.1,11.3
14810.0,1.33,4.7,0.47,5.5,26.5,11.3
14815.0,1.33,4.8,0.48,5.5,26.3,11.3
14820.0,1.33,5.5,0.5,5.5,26.2,11.4
14825.0,1.33,5.3,0.49,5.5,26.1,11.3
14830.0,1.33,5.0,0.48,3.5,26.7,11.4
14835.0,1.33,5.4,0.49,4.5,26.6,11.4
14840.0,1.33,4.3,0.47,4.5,26.4,11.4
14845.0,1.33,4.8,0.47,5.0,26.3,11.4
14850.0,1.33,5.0,0.49,6.0,26.3,11.4
14855.0,1.33,5.0,0.49,4.5,26.5,11.4
14860.0,1.33,4.9,0.48,5.5,26.0,11.4
14865.0,1.33,4.6,0.49,4.0,26.4,11.4
14870.0,1.33,5.0,0.47,4.5,26.5,11.4
14875.0,1.33,5.0,0.48,5.5,26.3,11.4
14880.0,1.33,4.7,0.48,5.5,26.4,11.4
14885.0,1.33,4.5,0.48,4.5,26.7,11.4
14890.0,1.33,5.2,0.5,6.0,26.3,11.4
14895.0,1.33,5.0,0.47,4.0,26.2,11.4
14900.0,1.33,4.9,0.49,5.0,25.9,11.4
14905.0,1.33,5.1,0.49,6.0,25.9,11.4
14910.0,1.33,5.2,0.49,4.5,26.1,11.4
14915.0,1.33,4.9,0.48,5.5,26.1,11.4
14920.0,1.33,5.3,0.47,3.5,26.0,11.4
14925.0,1.33,5.2,0.47,5.0,26.7,11.4
14930.0,1.33,4.8,0.49,6.0,26.2,11.4
14935.0,1.33,4.8,0.49,4.0,26.3,11.4
14940.0,1.33,5.3,0.49,5.5,26.2,11.4
14945.0,1.33,4.9,0.49,6.0,26.3,11.4
14950.0,1.33,4.9,0.5,7.0,26.7,11.4
14955.0,1.33,4.9,0.49,6.0,26.4,11.4
14960.0,1.33,4.9,0.48,5.0,26.2,11.4
14965.0,1.33,5.0,0.49,4.5,26.5,11.4
14970.0,1.33,4.8,0.49,4.0,26.2,11.4
14975.0,1.33,5.1,0.49,4.0,26.5,11.4
14980.0,1.33,5.1,0.48,5.0,26.0,11.4
14985.0,1.33,5.5,0.48,5.0,26.3,11.4
14990.0,1.33,5.3,0.48,4.5,26.6,11.4
14995.0,1.33,5.1,0.49,6.0,26.8,11.4
15000.0,1.33,5.2,0.49,5.5,26.2,11.4
15005.0,1.33,5.2,0.48,4.0,26.2,11.4
15010.0,1.33,4.8,0.46,4.0,26.1,11.4
15015.0,1.33,4.7,0.5,6.0,26.3,11.4
15020.0,1.33,5.3,0.49,4.5,26.4,11.4
15025.0,1.33,4.8,0.49,6.0,26.3,11.4
15030.0,1.33,5.5,0.48,6.0,26.8,11.4
15035.0,1.33,5.3,0.47,5.0,26.6,11.4
15040.0,1.33,5.3,0.49,4.5,26.2,11.4
15045.0,1.33,5.3,0.48,5.5,26.3,11.4
15050.0,1.33,5.3,0.48,5.0,26.0,11.4
15055.0,1.33,4.7,0.49,5.0,26.4,11.4
15060.0,1.33,5.2,0.48,5.5,26.0,11.4
15065.0,1.33,5.3,0.49,4.5,25.9,11.4
15070.0,1.33,5.5,0.49,5.5,26.3,11.4
15075.0,1.33,4.5,0.48,5.5,26.4,11.4
15080.0,1.33,5.3,0.5,5.5,26.3,11.4
15085.0,1.33,4.7,0.47,4.0,26.3,11.4
15090.0,1.33,4.7,0.5,4.5,26.3,11.4
15095.0,1.33,4.9,0.5,4.0,26.1,11.4
15100.0,1.33,4.6,0.48,4.5,26.3,11.4
15105.0,1.33,4.7,0.48,4.5,26.0,11.4
15110.0,1.33,4.8,0.49,5.5,26.6,11.4
15115.0,1.33,4.9,0.48,5.0,26.4,11.4
15120.0,1.33,4.5,0.5,5.0,26.0,11.4
15125.0,1.33,5.1,0.48,4.5,26.2,11.5
15130.0,1.33,4.7,0.47,4.5,26.4,11.5
15135.0,1.33,4.7,0.5,6.5,26.5,11.4
15140.0,1.33,5.1,0.5,5.5,26.2,11.4
15145.0,1.33,4.6,0.47,5.0,25.8,11.4
15150.0,1.33,5.0,0.47,4.5,26.3,11.5
15155.0,1.33,4.8,0.48,4.5,26.3,11.5
15160.0,1.33,5.2,0.48,5.0,26.0,11.5
15165.0,1.33,4.8,0.48,5.0,26.1,11.5
15170.0,1.33,5.0,0.49,5.5,25.9,11.5
15175.0,1.33,5.1,0.49,5.0,25.8,11.5
15180.0,1.33,5.3,0.48,4.5,25.8,11.5
15185.0,1.33,5.1,0.48,5.0,26.5,11.5
15190.0,1.33,4.7,0.49,5.0,25.8,11.5
15195.0,1.33,5.0,0.49,4.0,26.2,11.5
15200.0,1.33,4.7,0.49,5.5,25.7,11.5
15205.0,1.33,5.0,0.49,4.0,26.0,11.5
15210.0,1.33,5.2,0.51,5.5,26.2,11.5
15215.0,1.33,4.6,0.5,5.5,26.2,11.5
15220.0,1.33,4.7,0.49,6.0,26.1,11.5
15225.0,1.33,4.7,0.5,4.0,25.9,11.5
15230.0,1.33,5.0,0.48,5.0,26.0,11.5
15235.0,1.33,4.4,0.47,4.0,26.0,11.5
15240.0,1.33,5.5,0.48,3.0,26.1,11.5
15245.0,1.33,4.7,0.5,5.5,25.8,11.5
15250.0,1.33,5.5,0.48,6.5,26.0,11.5
15255.0,1.33,4.8,0.49,4.0,26.0,11.5
15260.0,1.33,5.2,0.5,5.0,25.9,11.5
15265.0,1.33,4.8,0.47,3.5,26.0,11.5
15270.0,1.33,4.6,0.48,4.0,25.8,11.5
15275.0,1.33,5.2,0.48,5.0,26.0,11.5
15280.0,1.33,4.5,0.49,5.5,25.8,11.5
15285.0,1.33,5.5,0.49,5.0,26.4,11.5
15290.0,1.33,5.1,0.49,4.5,26.0,11.5
15295.0,1.33,5.1,0.5,5.0,25.7,11.4
15300.0,1.33,4.7,0.49,4.5,25.5,11.4
15305.0,1.33,5.7,0.5,5.0,25.8,11.4
15310.0,1.33,5.0,0.46,3.5,25.7,11.5
15315.0,1.33,4.8,0.48,5.0,26.0,11.4
15320.0,1.33,4.7,0.49,6.0,26.0,11.4
15325.0,1.33,4.5,0.48,6.0,26.2,11.4
15330.0,1.33,5.5,0.47,4.0,25.9,11.4
15335.0,1.33,5.2,0.51,5.5,25.9,11.4
15340.0,1.33,5.0,0.49,5.5,25.4,11.4
15345.0,1.33,5.0,0.5,5.5,26.1,11.4
15350.0,1.33,5.0,0.47,4.5,25.4,11.4
15355.0,1.33,5.0,0.5,6.5,25.9,11.4
15360.0,1.33,5.3,0.48,5.5,25.9,11.4
15365.0,1.33,5.5,0.49,4.5,25.8,11.4
15370.0,1.33,5.1,0.5,5.5,26.0,11.4
15375.0,1.33,5.2,0.48,5.5,25.5,11.4
15380.0,1.33,5.0,0.48,4.0,25.6,11.3
15385.0,1.33,5.1,0.5,6.0,25.8,11.3
15390.0,1.33,5.1,0.48,3.5,25.4,11.3
15395.0,1.33,4.8,0.48,4.5,26.0,11.3
15400.0,1.33,5.0,0.49,5.0,25.2,11.4
15405.0,1.33,5.1,0.48,5.0,25.9,11.4
15410.0,1.33,4.9,0.48,5.0,25.9,11.3
15415.0,1.33,5.4,0.49,4.5,25.3,11.3
15420.0,1.33,5.3,0.5,4.5,25.8,11.3
15425.0,1.33,5.0,0.5,5.5,25.8,11.3
15430.0,1.33,5.1,0.47,5.0,25.9,11.3
15435.0,1.33,5.0,0.5,4.5,25.8,11.3
15440.0,1.33,5.1,0.5,6.0,26.1,11.3
15445.0,1.33,5.0,0.48,6.5,25.6,11.3
15450.0,1.33,5.4,0.5,4.0,25.7,11.3
15455.0,1.33,4.7,0.49,5.0,25.6,11.3
15460.0,1.33,5.2,0.49,5.5,25.1,11.4
15465.0,1.33,5.1,0.5,4.0,25.5,11.4
15470.0,1.33,4.9,0.48,5.0,25.0,11.4
15475.0,1.33,5.1,0.48,4.5,25.8,11.4
15480.0,1.33,5.6,0.49,6.5,25.6,11.4
15485.0,1.33,5.2,0.49,5.5,25.6,11.4
15490.0,1.33,5.1,0.49,6.5,25.3,11.4
15495.0,1.33,4.9,0.48,5.0,25.6,11.4
15500.0,1.33,5.4,0.5,6.0,25.2,11.4
15505.0,1.33,5.4,0.49,5.0,25.0,11.4
15510.0,1.33,4.7,0.51,4.0,25.5,11.4
15515.0,1.33,5.3,0.47,4.5,25.3,11.4
15520.0,1.33,4.9,0.47,4.5,25.6,11.4
15525.0,1.33,4.4,0.5,5.5,25.2,11.4
15530.0,1.33,5.0,0.48,4.5,25.3,11.4
15535.0,1.33,4.8,0.49,5.0,25.5,11.4
15540.0,1.33,5.2,0.47,5.0,25.5,11.4
15545.0,1.33,4.9,0.49,5.0,25.2,11.4
15550.0,1.33,5.2,0.47,5.5,25.6,11.3
15555.0,1.33,5.4,0.49,5.0,25.9,11.4
15560.0,1.33,5.5,0.48,5.0,25.8,11.4
15565.0,1.33,5.0,0.47,5.0,25.0,11.4
15570.0,1.33,4.7,0.5,5.5,25.3,11.4
15575.0,1.33,4.7,0.49,6.0,25.0,11.4
15580.0,1.33,4.9,0.49,5.5,25.6,11.4
15585.0,1.33,5.3,0.47,6.0,25.0,11.5
15590.0,1.33,5.5,0.5,5.5,24.9,11.5
15595.0,1.33,5.0,0.5,6.5,25.0,11.5
15600.0,1.33,5.3,0.48,7.0,25.3,11.5
15605.0,1.33,5.2,0.49,4.5,25.5,11.5
15610.0,1.33,4.9,0.48,5.5,25.3,11.5
15615.0,1.33,4.8,0.49,3.5,25.2,11.5
15620.0,1.33,4.9,0.49,3.5,25.0,11.5
15625.0,1.33,5.5,0.5,4.5,25.2,11.5
15630.0,1.33,5.3,0.49,5.0,25.3,11.5
15635.0,1.33,5.0,0.48,4.5,25.5,11.5
15640.0,1.33,4.7,0.51,5.0,25.3,11.5
15645.0,1.33,5.0,0.48,3.0,25.0,11.5
15650.0,1.33,5.1,0.48,5.0,24.9,11.5
15655.0,1.33,4.8,0.49,5.5,25.4,11.5
15660.0,1.33,5.0,0.5,5.0,25.0,11.5
15665.0,1.33,4.7,0.47,5.0,24.9,11.5
15670.0,1.33,4.7,0.51,6.5,25.0,11.5
15675.0,1.33,4.7,0.49,4.5,25.0,11.5
15680.0,1.33,5.3,0.48,3.5,25.0,11.5
15685.0,1.33,5.2,0.49,5.0,24.9,11.5
15690.0,1.33,5.2,0.49,4.0,25.2,11.5
15695.0,1.33,5.3,0.48,4.5,25.3,11.5
15700.0,1.33,5.0,0.49,5.5,25.0,11.5
15705.0,1.33,5.1,0.48,4.5,24.8,11.5
15710.0,1.33,5.1,0.48,6.5,24.8,11.5
15715.0,1.33,5.2,0.48,4.0,24.9,11.5
15720.0,1.33,5.4,0.49,5.5,25.0,11.5
15725.0,1.33,5.3,0.46,5.0,25.3,11.6
15730.0,1.33,5.5,0.49,4.0,25.3,11.5
15735.0,1.33,5.2,0.49,5.0,25.1,11.5
15740.0,1.33,4.8,0.48,6.0,24.7,11.5
15745.0,1.33,4.9,0.48,4.5,24.8,11.5
15750.0,1.33,5.1,0.48,5.0,24.8,11.5
15755.0,1.33,5.0,0.48,5.0,25.0,11.5
15760.0,1.33,5.1,0.49,7.0,25.3,11.5
15765.0,1.33,5.6,0.49,4.5,24.9,11.6
15770.0,1.33,5.2,0.5,6.0,24.7,11.6
15775.0,1.33,5.4,0.5,4.5,24.8,11.6
15780.0,1.33,5.4,0.48,4.5,25.2,11.6
15785.0,1.33,5.1,0.48,4.5,25.0,11.6
15790.0,1.33,4.7,0.48,6.5,25.1,11.6
15795.0,1.33,5.2,0.5,6.5,24.5,11.6
15800.0,1.33,5.1,0.48,3.0,25.0,11.7
15805.0,1.33,5.1,0.48,5.5,25.4,11.7
15810.0,1.33,5.6,0.49,4.0,25.0,11.7
15815.0,1.33,5.5,0.49,5.5,24.7,11.6
15820.0,1.33,5.6,0.49,5.0,24.9,11.7
15825.0,1.33,5.4,0.48,5.5,24.8,11.7
15830.0,1.33,5.6,0.48,5.0,24.7,11.7
15835.0,1.33,5.3,0.49,6.5,24.7,11.7
15840.0,1.33,5.4,0.48,6.0,24.3,11.7
15845.0,1.33,4.7,0.47,3.5,24.6,11.7
15850.0,1.33,4.8,0.48,4.5,24.6,11.7
15855.0,1.33,5.6,0.48,5.5,24.7,11.7
15860.0,1.33,5.1,0.51,7.0,24.6,11.7
15865.0,1.33,5.0,0.49,5.0,24.7,11.7
15870.0,1.33,4.9,0.47,4.5,24.5,11.7
15875.0,1.33,4.8,0.49,4.5,24.8,11.7
15880.0,1.33,5.0,0.46,4.0,24.5,11.7
15885.0,1.33,5.4,0.49,5.5,24.6,11.7
15890.0,1.33,5.1,0.51,5.0,24.3,11.7
15895.0,1.33,5.6,0.47,3.5,24.4,11.7
15900.0,1.33,4.9,0.49,5.5,24.1,11.7
15905.0,1.33,5.0,0.52,6.5,24.8,11.7
15910.0,1.33,5.0,0.5,5.5,24.9,11.7
15915.0,1.33,5.2,0.5,5.5,24.6,11.7
15920.0,1.33,5.5,0.48,6.5,24.7,11.7
15925.0,1.33,5.0,0.47,5.0,24.5,11.7
15930.0,1.33,4.6,0.48,5.0,24.8,11.7
15935.0,1.33,5.1,0.49,5.5,24.6,11.7
15940.0,1.33,5.5,0.5,3.5,24.6,11.7
15945.0,1.33,5.5,0.49,5.5,24.7,11.7
15950.0,1.33,4.8,0.49,5.5,24.6,11.7
15955.0,1.33,5.2,0.5,5.5,24.5,11.7
15960.0,1.33,5.3,0.48,4.5,24.5,11.7
15965.0,1.33,5.2,0.49,6.0,24.1,11.7
15970.0,1.33,4.8,0.48,5.0,24.0,11.7
15975.0,1.33,5.0,0.49,6.0,24.6,11.7
15980.0,1.33,5.2,0.48,5.5,24.5,11.7
15985.0,1.33,4.9,0.47,5.0,24.4,11.7
15990.0,1.33,5.0,0.48,6.0,24.1,11.7
15995.0,1.33,4.9,0.49,3.0,24.4,11.6
16000.0,1.33,4.3,0.49,4.5,24.5,11.6
16005.0,1.33,5.5,0.49,5.0,24.6,11.6
16010.0,1.33,5.3,0.47,5.0,24.4,11.6
16015.0,1.33,4.9,0.47,5.5,24.1,11.6
16020.0,1.33,5.3,0.49,6.5,24.5,11.6
16025.0,1.33,4.8,0.49,5.5,24.3,11.6
16030.0,1.33,4.6,0.51,5.5,24.9,11.6
16035.0,1.33,4.9,0.49,5.0,24.6,11.6
16040.0,1.33,5.5,0.49,4.5,24.4,11.6
16045.0,1.33,4.9,0.49,6.0,24.3,11.6
16050.0,1.33,5.5,0.5,4.0,24.4,11.6
16055.0,1.33,5.1,0.49,5.5,24.3,11.6
16060.0,1.33,5.5,0.49,3.5,24.4,11.7
16065.0,1.33,5.5,0.47,4.0,24.1,11.6
16070.0,1.33,4.9,0.49,5.0,24.5,11.7
16075.0,1.33,5.0,0.49,5.0,24.4,11.7
16080.0,1.33,5.2,0.46,5.0,24.2,11.7
16085.0,1.33,5.3,0.47,5.0,24.3,11.7
16090.0,1.33,5.2,0.49,6.0,24.4,11.7
16095.0,1.33,5.0,0.48,4.5,24.3,11.7
16100.0,1.33,5.1,0.48,5.0,24.1,11.7
16105.0,1.33,5.3,0.5,5.5,24.4,11.7
16110.0,1.33,4.8,0.47,3.5,24.6,11.8
16115.0,1.33,5.2,0.49,5.5,24.6,11.8
16120.0,1.33,4.9,0.47,3.5,24.3,11.8
16125.0,1.33,5.6,0.48,5.5,24.2,11.7
16130.0,1.33,4.8,0.52,4.0,24.0,11.7
16135.0,1.33,4.5,0.49,4.5,24.6,11.7
16140.0,1.33,5.3,0.49,5.0,24.6,11.7
16145.0,1.33,5.3,0.48,4.0,24.3,11.7
16150.0,1.33,4.7,0.46,4.0,24.2,11.7
16155.0,1.33,4.7,0.48,5.0,24.6,11.7
16160.0,1.33,5.0,0.47,6.0,24.0,11.7
16165.0,1.33,4.3,0.49,4.5,24.2,11.7
16170.0,1.33,5.2,0.49,6.0,23.9,11.7
16175.0,1.33,4.8,0.47,5.5,24.2,11.7
16180.0,1.33,5.0,0.48,5.0,24.7,11.7
16185.0,1.33,4.9,0.49,4.5,24.1,11.7
16190.0,1.33,4.9,0.49,5.5,24.1,11.7
16195.0,1.33,5.1,0.48,4.5,24.1,11.7
16200.0,1.33,5.1,0.47,4.5,24.5,11.7
16205.0,1.33,5.6,0.48,3.5,24.0,11.7
16210.0,1.33,4.7,0.48,5.5,24.3,11.7
16215.0,1.33,5.7,0.48,5.5,24.5,11.7
16220.0,1.33,5.2,0.49,6.5,24.3,11.7
16225.0,1.33,5.3,0.47,4.0,24.3,11.7
16230.0,1.33,5.2,0.49,5.5,24.2,11.7
16235.0,1.33,5.1,0.48,4.0,24.3,11.7
16240.0,1.33,5.1,0.49,5.5,24.2,11.7
16245.0,1.33,5.3,0.48,5.0,24.4,11.7
16250.0,1.33,5.1,0.48,5.0,24.3,11.7
16255.0,1.33,4.9,0.5,5.0,24.4,11.7
16260.0,1.33,5.0,0.49,4.0,24.4,11.7
16265.0,1.33,5.1,0.48,5.0,24.4,11.7
16270.0,1.33,4.7,0.48,5.0,24.7,11.7
16275.0,1.33,5.0,0.48,7.0,23.5,11.7
16280.0,1.33,5.4,0.48,6.0,24.4,11.8
16285.0,1.33,5.0,0.48,4.5,24.1,11.8
16290.0,1.33,5.9,0.47,5.0,24.1,11.8
16295.0,1.33,5.3,0.5,6.0,23.9,11.8
16300.0,1.33,5.0,0.49,6.5,24.3,11.8
16305.0,1.33,4.6,0.48,5.0,24.4,11.8
16310.0,1.33,5.0,0.48,4.5,24.3,11.8
16315.0,1.33,4.7,0.47,4.0,24.4,11.8
16320.0,1.33,5.3,0.5,6.0,24.0,11.8
16325.0,1.33,4.8,0.48,3.5,24.2,11.8
16330.0,1.33,5.7,0.49,5.5,24.6,11.8
16335.0,1.33,4.8,0.48,5.5,24.3,11.8
16340.0,1.33,5.2,0.52,5.5,24.4,11.8
16345.0,1.33,4.9,0.48,4.5,23.8,11.8
16350.0,1.33,5.1,0.48,4.5,23.9,11.8
16355.0,1.33,5.1,0.49,6.0,23.8,11.8
16360.0,1.33,4.5,0.48,4.5,24.0,11.8
16365.0,1.33,5.8,0.48,5.0,24.3,11.8
16370.0,1.33,4.9,0.49,6.0,24.5,11.8
16375.0,1.33,5.3,0.5,5.5,25.0,11.8
16380.0,1.33,5.1,0.49,5.5,24.1,11.8
16385.0,1.33,5.6,0.48,6.0,24.0,11.8
16390.0,1.33,5.3,0.46,4.5,24.0,11.8
16395.0,1.33,5.7,0.49,4.5,24.4,11.8
16400.0,1.33,5.2,0.47,5.5,23.9,11.8
16405.0,1.33,5.2,0.49,5.0,24.6,11.8
16410.0,1.33,4.8,0.5,5.0,23.9,11.8
16415.0,1.33,5.1,0.49,3.5,24.0,11.8
16420.0,1.33,4.7,0.49,5.0,23.9,11.8
16425.0,1.33,4.7,0.49,6.5,24.2,11.8
16430.0,1.33,5.2,0.5,5.5,23.8,11.8
16435.0,1.33,5.3,0.48,6.5,24.2,11.8
16440.0,1.33,5.0,0.49,5.5,24.4,11.8
16445.0,1.33,5.2,0.49,6.0,24.2,11.9
16450.0,1.33,5.2,0.47,7.0,23.7,11.8
16455.0,1.33,5.1,0.5,5.5,24.2,11.9
16460.0,1.33,4.9,0.49,4.0,24.1,11.9
16465.0,1.33,4.8,0.5,6.5,24.2,11.9
16470.0,1.33,5.1,0.49,4.0,24.3,11.9
16475.0,1.33,5.4,0.47,5.5,23.9,11.9
16480.0,1.33,4.8,0.49,5.5,24.2,11.9
16485.0,1.33,4.6,0.48,5.0,24.0,11.9
16490.0,1.33,5.0,0.5,5.0,24.2,11.9
16495.0,1.33,5.5,0.47,5.0,24.1,11.9
16500.0,1.33,5.6,0.49,5.0,24.2,11.9
16505.0,1.33,5.0,0.49,5.0,24.5,11.9
16510.0,1.33,5.1,0.48,5.5,23.9,11.9
16515.0,1.33,5.5,0.49,7.0,24.4,11.9
16520.0,1.33,5.1,0.49,5.0,24.3,11.9
16525.0,1.33,4.5,0.48,6.0,24.8,11.9
16530.0,1.33,4.7,0.48,5.0,24.5,11.9
16535.0,1.33,4.8,0.47,5.0,24.0,11.9
16540.0,1.33,5.0,0.48,5.0,24.2,11.9
16545.0,1.33,5.4,0.49,4.5,24.2,11.9
16550.0,1.33,5.0,0.48,5.5,24.8,11.9
16555.0,1.33,5.4,0.47,4.5,23.8,11.9
16560.0,1.33,5.1,0.48,6.0,24.0,11.9
16565.0,1.33,4.9,0.5,5.5,24.1,11.9
16570.0,1.33,4.4,0.49,5.0,24.1,11.9
16575.0,1.33,4.9,0.49,5.0,23.8,11.9
16580.0,1.33,4.8,0.49,5.0,24.1,11.9
16585.0,1.33,5.1,0.48,6.0,24.4,11.9
16590.0,1.33,5.0,0.49,4.5,24.3,11.9
16595.0,1.33,4.6,0.48,5.5,24.3,11.9
16600.0,1.33,5.1,0.48,5.5,24.5,12.0
16605.0,1.33,5.3,0.49,4.5,24.0,12.0
16610.0,1.33,5.3,0.48,5.5,24.1,12.0
16615.0,1.33,4.9,0.49,5.5,24.3,11.9
16620.0,1.33,4.8,0.47,5.5,24.0,12.0
16625.0,1.33,4.9,0.51,5.5,24.1,12.0
16630.0,1.33,5.6,0.5,5.5,24.3,11.9
16635.0,1.33,5.1,0.48,4.5,24.5,12.0
16640.0,1.33,5.0,0.48,4.5,24.2,11.9
16645.0,1.33,5.2,0.51,6.0,24.5,12.0
16650.0,1.33,5.3,0.47,3.5,24.0,12.0
16655.0,1.33,4.7,0.48,4.0,24.4,12.0
16660.0,1.33,5.8,0.47,6.0,24.5,11.9
16665.0,1.33,5.2,0.5,5.5,23.9,11.9
16670.0,1.33,4.7,0.51,4.5,23.9,11.9
16675.0,1.33,5.3,0.48,5.0,24.6,11.9
16680.0,1.33,5.3,0.48,4.5,24.3,12.0
16685.0,1.33,4.6,0.48,5.0,24.6,12.0
16690.0,1.33,4.8,0.47,6.0,24.7,11.9
16695.0,1.33,5.2,0.48,5.0,24.1,11.9
16700.0,1.33,5.2,0.48,4.5,23.9,11.9
16705.0,1.33,5.1,0.49,5.5,24.3,11.9
16710.0,1.33,5.0,0.5,6.0,24.3,11.9
16715.0,1.33,4.6,0.51,5.0,24.4,11.9
16720.0,1.33,5.4,0.5,5.5,24.3,11.9
16725.0,1.33,4.8,0.47,5.0,24.2,11.8
16730.0,1.33,5.3,0.49,5.0,24.3,11.8
16735.0,1.33,4.9,0.48,5.0,23.9,11.9
16740.0,1.33,5.2,0.48,4.0,24.0,11.9
16745.0,1.33,5.1,0.47,5.0,24.0,11.9
16750.0,1.33,5.4,0.49,4.5,24.2,11.9
16755.0,1.33,4.3,0.49,4.0,24.3,11.9
16760.0,1.33,4.6,0.48,3.5,24.5,11.9
16765.0,1.33,5.4,0.48,6.0,24.5,11.9
16770.0,1.33,4.9,0.48,5.0,24.2,11.9
16775.0,1.33,5.4,0.48,5.0,24.1,11.9
16780.0,1.33,5.1,0.47,4.0,24.5,11.9
16785.0,1.33,5.2,0.5,5.0,24.2,11.9
16790.0,1.33,4.6,0.47,4.5,24.8,11.9
16795.0,1.33,4.6,0.49,5.5,24.0,11.9
16800.0,1.33,4.8,0.48,5.0,24.4,11.9
16805.0,1.33,4.9,0.48,5.5,24.6,11.9
16810.0,1.33,4.6,0.47,5.5,24.0,11.9
16815.0,1.33,4.9,0.48,5.5,23.9,11.9
16820.0,1.33,5.0,0.48,4.5,24.7,11.9
16825.0,1.33,5.9,0.49,5.5,24.4,11.9
16830.0,1.33,5.0,0.49,5.0,24.3,11.9
16835.0,1.33,5.6,0.48,4.0,24.3,11.9
16840.0,1.33,5.4,0.5,5.0,24.5,11.9
16845.0,1.33,5.1,0.5,4.5,24.4,11.9
16850.0,1.33,5.5,0.49,6.0,24.5,11.9
16855.0,1.33,4.6,0.49,4.0,24.5,12.0
16860.0,1.33,5.3,0.48,6.0,24.6,12.0
16865.0,1.33,5.2,0.49,5.0,24.5,12.0
16870.0,1.33,4.6,0.48,6.0,24.3,12.0
16875.0,1.33,5.0,0.49,6.0,24.8,12.0
16880.0,1.33,5.3,0.49,4.5,24.8,12.0
16885.0,1.33,4.8,0.47,3.0,24.5,12.0
16890.0,1.33,5.1,0.48,3.5,24.4,11.9
16895.0,1.33,4.7,0.49,4.5,24.2,11.9
16900.0,1.33,5.5,0.49,4.5,24.3,12.0
16905.0,1.33,5.5,0.48,5.5,24.2,12.0
16910.0,1.33,4.5,0.48,6.5,24.6,12.0
16915.0,1.33,5.1,0.48,4.5,24.4,12.0
16920.0,1.33,4.6,0.5,5.0,24.5,12.0
16925.0,1.33,5.4,0.47,5.5,25.0,12.0
16930.0,1.33,4.8,0.47,4.0,24.6,12.0
16935.0,1.33,5.3,0.48,5.5,24.4,12.0
16940.0,1.33,4.8,0.47,4.0,24.8,12.0
16945.0,1.33,4.7,0.47,4.0,25.0,12.0
16950.0,1.33,4.9,0.48,4.0,25.1,12.0
16955.0,1.33,5.1,0.48,4.0,24.5,12.0
16960.0,1.33,5.0,0.5,4.5,24.5,12.0
16965.0,1.33,4.8,0.47,4.0,24.6,12.0
16970.0,1.33,5.7,0.49,3.5,24.6,12.0
16975.0,1.33,4.9,0.48,6.0,24.7,12.0
16980.0,1.33,5.3,0.48,5.5,24.7,12.0
16985.0,1.33,4.8,0.49,5.0,25.0,12.0
16990.0,1.33,5.5,0.5,5.0,24.6,12.0
16995.0,1.33,5.7,0.5,5.0,24.5,12.0
17000.0,1.33,5.2,0.48,6.5,24.9,12.1
17005.0,1.33,4.6,0.49,4.5,24.2,12.1
17010.0,1.33,4.6,0.49,5.0,25.1,12.1
17015.0,1.33,5.1,0.48,4.5,24.4,12.1
17020.0,1.33,5.1,0.51,5.5,24.7,12.1
17025.0,1.33,5.0,0.5,4.5,24.0,12.1
17030.0,1.33,5.5,0.49,5.5,24.6,12.1
17035.0,1.33,5.3,0.48,4.5,24.4,12.1
17040.0,1.33,4.8,0.48,5.0,24.5,12.1
17045.0,1.33,5.1,0.47,3.0,23.9,12.1
17050.0,1.33,5.0,0.48,5.0,24.2,12.1
17055.0,1.33,4.5,0.5,6.0,24.7,12.1
17060.0,1.33,5.2,0.5,6.0,24.1,12.1
17065.0,1.33,4.7,0.47,4.0,24.6,12.1
17070.0,1.33,5.5,0.48,4.5,24.5,12.1
17075.0,1.33,4.8,0.48,4.5,24.6,12.1
17080.0,1.33,5.4,0.5,5.0,24.5,12.1
17085.0,1.33,4.9,0.48,5.5,25.0,12.1
17090.0,1.33,5.2,0.48,3.5,24.8,12.1
17095.0,1.33,5.0,0.48,6.0,24.6,12.1
17100.0,1.33,5.7,0.48,5.0,24.9,12.1
17105.0,1.33,4.3,0.47,5.5,24.4,12.1
17110.0,1.33,5.3,0.49,4.5,24.6,12.1
17115.0,1.33,4.8,0.49,3.5,25.1,12.1
17120.0,1.33,5.3,0.5,5.0,24.8,12.1
17125.0,1.33,4.7,0.47,4.5,24.5,12.1
17130.0,1.33,5.8,0.49,4.5,24.6,12.1
17135.0,1.33,5.1,0.48,5.0,25.3,12.0
17140.0,1.33,4.4,0.5,6.5,24.5,12.0
17145.0,1.33,4.8,0.48,4.5,24.5,12.0
17150.0,1.33,5.8,0.47,4.5,25.1,12.0
17155.0,1.33,5.3,0.47,5.5,25.0,12.0
17160.0,1.33,5.4,0.49,4.5,24.9,12.0
17165.0,1.33,5.1,0.48,4.5,25.1,12.0
17170.0,1.33,5.3,0.48,6.0,24.8,12.0
17175.0,1.33,4.9,0.5,5.0,24.4,12.0
17180.0,1.33,5.2,0.49,6.0,24.6,12.0
17185.0,1.33,5.0,0.47,4.5,24.7,12.0
17190.0,1.33,5.1,0.47,4.5,25.2,12.0
17195.0,1.33,5.5,0.48,6.0,24.8,12.0
17200.0,1.33,4.8,0.48,6.5,25.0,12.0
17205.0,1.33,5.1,0.48,4.5,24.7,12.0
17210.0,1.33,4.8,0.5,5.5,24.5,12.1
17215.0,1.33,5.0,0.48,5.0,24.9,12.1
17220.0,1.33,5.1,0.49,5.0,25.1,12.1
17225.0,1.33,5.2,0.5,5.5,24.8,12.1
17230.0,1.33,5.2,0.49,6.0,24.9,12.1
17235.0,1.33,5.4,0.5,7.0,24.8,12.1
17240.0,1.33,5.4,0.49,4.5,24.8,12.1
17245.0,1.33,5.1,0.49,4.5,24.9,12.1
17250.0,1.33,5.0,0.5,5.5,25.6,12.1
17255.0,1.33,5.0,0.49,5.0,25.2,12.1
17260.0,1.33,4.8,0.49,4.5,25.1,12.1
17265.0,1.33,5.0,0.48,4.0,24.7,12.1
17270.0,1.33,5.1,0.5,4.5,25.0,12.1
17275.0,1.33,5.0,0.49,5.5,25.1,12.1
17280.0,1.33,5.0,0.49,5.5,24.4,12.1
17285.0,1.33,4.6,0.49,4.0,24.8,12.0
17290.0,1.33,4.6,0.48,4.0,25.0,12.1
17295.0,1.33,4.8,0.48,3.5,24.9,12.1
17300.0,1.33,5.0,0.48,6.0,24.5,12.1
17305.0,1.33,5.1,0.48,4.5,25.0,12.1
17310.0,1.33,4.9,0.48,4.5,25.0,12.1
17315.0,1.33,5.1,0.48,5.5,25.2,12.1
17320.0,1.33,5.1,0.5,6.5,24.5,12.1
17325.0,1.33,4.3,0.48,4.0,24.8,12.0
17330.0,1.33,4.9,0.47,5.5,25.0,12.0
17335.0,1.33,5.3,0.49,5.0,25.4,12.0
17340.0,1.33,5.0,0.48,4.5,25.2,12.0
17345.0,1.33,5.1,0.47,4.5,25.0,12.0
17350.0,1.33,4.8,0.48,5.5,24.9,12.0
17355.0,1.33,5.1,0.48,3.0,24.9,12.0
17360.0,1.33,4.5,0.48,5.5,25.1,12.0
17365.0,1.33,4.6,0.5,5.0,25.2,12.0
17370.0,1.33,5.1,0.49,4.0,25.1,12.0
17375.0,1.33,5.5,0.49,6.0,24.8,12.0
17380.0,1.33,4.7,0.49,6.0,24.7,12.0
17385.0,1.33,4.9,0.48,5.0,25.7,12.0
17390.0,1.33,5.2,0.47,5.0,25.2,12.0
17395.0,1.33,5.6,0.5,6.5,25.3,12.0
17400.0,1.33,5.2,0.48,4.0,24.9,12.0
17405.0,1.33,4.8,0.5,5.5,25.1,12.0
17410.0,1.33,5.1,0.48,5.5,25.0,12.0
17415.0,1.33,5.1,0.49,5.5,25.5,12.0
17420.0,1.33,4.8,0.51,5.0,24.8,12.0
17425.0,1.33,4.1,0.5,5.0,25.7,12.0
17430.0,1.33,5.2,0.48,5.5,24.8,12.1
17435.0,1.33,5.3,0.49,5.5,25.2,12.0
17440.0,1.33,5.1,0.48,6.0,24.9,12.1
17445.0,1.33,4.7,0.48,5.5,25.3,12.1
17450.0,1.33,4.9,0.48,4.5,25.2,12.0
17455.0,1.33,4.7,0.49,5.0,25.4,12.0
17460.0,1.33,4.8,0.46,5.5,24.7,12.0
17465.0,1.33,5.0,0.49,5.5,25.0,12.0
17470.0,1.33,5.2,0.5,4.5,25.4,12.0
17475.0,1.33,5.3,0.48,4.0,24.6,12.0
17480.0,1.33,5.2,0.48,5.5,25.4,12.0
17485.0,1.33,4.9,0.49,4.5,25.2,12.0
17490.0,1.33,4.5,0.48,6.0,25.0,12.0
17495.0,1.33,5.4,0.48,4.0,24.9,12.0
17500.0,1.33,5.3,0.49,5.5,25.1,12.0
17505.0,1.33,5.1,0.5,4.5,25.2,12.0
17510.0,1.33,4.8,0.49,5.5,24.8,12.0
17515.0,1.33,5.4,0.48,5.5,25.0,12.0
17520.0,1.33,4.6,0.49,6.5,25.2,12.0
17525.0,1.33,4.8,0.49,3.5,25.1,12.0
17530.0,1.33,4.9,0.47,4.5,25.2,12.0
17535.0,1.33,5.8,0.5,6.0,25.0,12.1
17540.0,1.33,4.6,0.49,5.5,25.2,12.0
17545.0,1.33,4.6,0.49,6.0,25.5,12.1
17550.0,1.33,5.6,0.49,4.5,25.1,12.1
17555.0,1.33,5.0,0.5,5.5,25.6,12.1
17560.0,1.33,4.7,0.48,3.5,25.4,12.1
17565.0,1.33,4.7,0.49,4.5,25.1,12.1
17570.0,1.33,5.3,0.49,6.5,25.1,12.1
17575.0,1.33,4.8,0.49,4.5,25.6,12.0
17580.0,1.33,4.7,0.48,4.5,25.7,12.1
17585.0,1.33,5.0,0.49,4.0,25.0,12.1
17590.0,1.33,4.7,0.49,6.0,25.3,12.1
17595.0,1.33,5.0,0.48,5.0,25.3,12.1
17600.0,1.33,4.7,0.46,5.5,25.2,12.1
17605.0,1.33,4.7,0.5,5.5,25.0,12.1
17610.0,1.33,4.7,0.48,6.5,25.1,12.1
17615.0,1.33,4.8,0.48,4.0,25.2,12.1
17620.0,1.33,5.4,0.48,4.0,24.9,12.1
17625.0,1.33,4.3,0.47,5.0,25.6,12.1
17630.0,1.33,5.5,0.48,5.0,25.7,12.1
17635.0,1.33,5.2,0.48,5.5,24.9,12.1
17640.0,1.33,4.7,0.49,4.5,25.2,12.1
17645.0,1.33,4.9,0.48,5.5,25.3,12.1
17650.0,1.33,4.7,0.48,6.0,25.6,12.1
17655.0,1.33,5.0,0.49,5.0,24.8,12.1
17660.0,1.33,5.5,0.49,5.5,25.3,12.1
17665.0,1.33,4.6,0.47,5.0,25.2,12.1
17670.0,1.33,4.9,0.47,5.0,25.2,12.1
17675.0,1.33,5.3,0.49,4.0,24.9,12.1
17680.0,1.33,4.9,0.48,6.0,25.3,12.1
17685.0,1.33,5.4,0.49,6.5,25.6,12.1
17690.0,1.33,4.9,0.5,4.5,24.9,12.1
17695.0,1.33,5.4,0.48,5.5,25.4,12.2
17700.0,1.33,5.1,0.49,6.5,25.4,12.2
17705.0,1.33,4.6,0.49,4.5,25.0,12.1
17710.0,1.33,5.2,0.48,5.5,25.6,12.1
17715.0,1.33,4.9,0.48,4.5,25.2,12.1
17720.0,1.33,5.8,0.48,6.0,25.5,12.1
17725.0,1.33,5.4,0.49,4.5,25.2,12.1
17730.0,1.33,5.1,0.47,5.0,25.2,12.1
17735.0,1.33,5.6,0.49,5.0,25.3,12.1
17740.0,1.33,4.6,0.48,4.5,24.6,12.1
17745.0,1.33,4.7,0.49,5.5,25.6,12.2
17750.0,1.33,5.3,0.49,4.5,25.4,12.2
17755.0,1.33,4.7,0.49,4.5,25.6,12.2
17760.0,1.33,4.8,0.48,4.5,25.3,12.2
17765.0,1.33,4.5,0.47,4.5,25.2,12.2
17770.0,1.33,5.2,0.5,5.5,25.0,12.2
17775.0,1.33,5.1,0.48,5.5,25.4,12.2
17780.0,1.33,5.1,0.49,4.5,25.5,12.2
17785.0,1.33,5.2,0.49,5.0,25.3,12.2
17790.0,1.33,4.9,0.47,6.0,25.1,12.2
17795.0,1.33,4.8,0.49,5.0,25.8,12.2
17800.0,1.33,4.4,0.48,4.5,25.7,12.2
17805.0,1.33,5.1,0.49,4.0,25.4,12.2
17810.0,1.33,5.1,0.49,5.0,25.6,12.2
17815.0,1.33,4.9,0.49,5.0,25.3,12.2
17820.0,1.33,4.9,0.47,4.5,25.1,12.1
17825.0,1.33,5.6,0.49,5.0,25.1,12.1
17830.0,1.33,5.5,0.48,5.5,25.1,12.1
17835.0,1.33,5.0,0.49,5.0,25.0,12.1
17840.0,1.33,4.9,0.49,5.0,25.6,12.1
17845.0,1.33,5.1,0.48,4.5,25.4,12.1
17850.0,1.33,4.6,0.5,5.0,25.6,12.1
17855.0,1.33,4.6,0.46,5.5,25.4,12.1
17860.0,1.33,4.9,0.48,6.0,25.2,12.1
17865.0,1.33,5.3,0.48,7.0,25.2,12.1
17870.0,1.33,5.3,0.49,5.5,25.2,12.1
17875.0,1.33,5.0,0.46,4.0,24.8,12.1
17880.0,1.33,5.1,0.5,2.5,25.5,12.1
17885.0,1.33,4.6,0.48,6.5,25.2,12.1
17890.0,1.33,4.8,0.5,5.5,24.7,12.1
17895.0,1.33,5.1,0.48,4.5,25.2,12.2
17900.0,1.33,4.9,0.5,5.0,25.1,12.1
17905.0,1.33,5.1,0.48,5.0,25.5,12.1
17910.0,1.33,4.9,0.49,4.5,25.3,12.1
17915.0,1.33,4.7,0.48,3.5,25.0,12.2
17920.0,1.33,5.0,0.49,5.0,25.2,12.1
17925.0,1.33,4.9,0.49,4.5,25.6,12.1
17930.0,1.33,5.2,0.48,5.5,25.4,12.1
17935.0,1.33,5.2,0.48,5.5,25.3,12.2
17940.0,1.33,5.3,0.49,3.0,25.3,12.2
17945.0,1.33,5.3,0.49,4.5,25.2,12.1
17950.0,1.33,5.0,0.5,5.0,25.5,12.2
17955.0,1.33,5.5,0.48,5.5,25.0,12.2
17960.0,1.33,5.0,0.48,5.0,25.4,12.1
17965.0,1.33,5.0,0.48,6.5,25.1,12.2
17970.0,1.33,5.8,0.47,3.5,25.4,12.2
17975.0,1.33,4.6,0.46,5.5,25.0,12.2
17980.0,1.33,4.8,0.5,4.0,25.5,12.2
17985.0,1.33,4.9,0.48,4.5,25.8,12.1
17990.0,1.33,5.2,0.51,5.5,25.1,12.1
17995.0,1.33,5.3,0.5,4.0,25.2,12.1
18000.0,1.33,5.1,0.48,5.5,25.7,12.1
18005.0,1.33,5.4,0.49,6.0,25.5,12.1
18010.0,1.33,5.7,0.48,5.5,25.3,12.1
18015.0,1.33,5.7,0.49,5.0,25.4,12.1
18020.0,1.33,5.0,0.48,6.0,25.5,12.1
18025.0,1.33,5.4,0.49,5.0,25.1,12.1
18030.0,1.33,5.2,0.49,4.5,25.6,12.1
18035.0,1.33,5.3,0.49,4.5,25.4,12.2
18040.0,1.33,4.7,0.5,6.0,25.3,12.2
18045.0,1.33,5.3,0.49,5.5,25.2,12.2
18050.0,1.33,4.7,0.48,5.0,25.2,12.2
18055.0,1.33,5.4,0.49,5.0,25.5,12.2
18060.0,1.33,4.8,0.49,6.5,25.2,12.1
18065.0,1.33,4.8,0.47,5.5,25.5,12.1
18070.0,1.33,5.0,0.5,5.0,25.5,12.1
18075.0,1.33,4.7,0.49,6.0,25.2,12.2
18080.0,1.33,5.2,0.51,6.0,25.4,12.2
18085.0,1.33,5.2,0.49,5.0,25.3,12.2
18090.0,1.33,4.9,0.49,5.0,25.1,12.2
18095.0,1.33,4.9,0.48,4.5,25.6,12.2
18100.0,1.33,5.3,0.48,5.5,25.3,12.2
18105.0,1.33,4.7,0.5,6.0,25.3,12.2
18110.0,1.33,5.5,0.49,4.5,25.3,12.2
18115.0,1.33,4.9,0.48,4.5,25.6,12.2
18120.0,1.33,4.8,0.48,5.5,25.0,12.2
18125.0,1.33,4.9,0.49,4.5,25.0,12.2
18130.0,1.33,5.1,0.47,7.5,25.1,12.2
18135.0,1.33,5.1,0.48,4.0,25.6,12.2
18140.0,1.33,5.4,0.49,5.0,24.9,12.2
18145.0,1.33,5.1,0.49,5.0,25.4,12.2
18150.0,1.33,5.1,0.49,4.0,25.2,12.3
18155.0,1.33,4.9,0.48,5.5,25.2,12.3
18160.0,1.33,5.8,0.5,6.5,25.1,12.3
18165.0,1.33,5.5,0.5,4.5,25.4,12.3
18170.0,1.33,5.1,0.47,4.5,25.6,12.3
18175.0,1.33,5.0,0.48,4.5,25.3,12.3
18180.0,1.33,4.8,0.48,4.0,25.1,12.3
18185.0,1.33,4.8,0.49,5.5,25.4,12.3
18190.0,1.33,5.3,0.49,5.0,25.0,12.3
18195.0,1.33,5.0,0.49,6.0,25.1,12.3
18200.0,1.33,4.8,0.47,4.5,25.5,12.2
18205.0,1.33,5.4,0.47,5.0,25.5,12.2
18210.0,1.33,5.3,0.48,5.0,25.6,12.2
18215.0,1.33,4.7,0.5,6.5,25.3,12.2
18220.0,1.33,5.4,0.48,6.5,25.2,12.2
18225.0,1.33,5.6,0.47,5.0,25.1,12.2
18230.0,1.33,4.8,0.48,4.0,25.0,12.2
18235.0,1.33,5.1,0.48,4.5,25.5,12.2
18240.0,1.33,4.6,0.48,4.5,25.4,12.2
18245.0,1.33,5.1,0.47,4.5,25.4,12.2
18250.0,1.33,5.2,0.5,5.5,25.5,12.2
18255.0,1.33,5.2,0.5,4.0,25.2,12.2
18260.0,1.33,4.8,0.5,5.5,25.6,12.2
18265.0,1.33,4.7,0.49,4.5,25.2,12.2
18270.0,1.33,5.3,0.48,4.0,25.7,12.2
18275.0,1.33,4.7,0.49,4.0,25.3,12.2
18280.0,1.33,5.3,0.49,3.5,25.2,12.2
18285.0,1.33,5.0,0.5,5.0,25.1,12.2
18290.0,1.33,5.0,0.48,4.5,25.1,12.2
18295.0,1.33,4.4,0.5,5.5,25.0,12.2
18300.0,1.33,5.0,0.47,5.0,25.0,12.2
18305.0,1.33,4.9,0.48,4.0,24.9,12.2
18310.0,1.33,5.5,0.48,5.5,25.4,12.2
18315.0,1.33,5.0,0.49,4.5,25.3,12.2
18320.0,1.33,5.1,0.49,6.5,25.3,12.2
18325.0,1.33,5.3,0.49,6.5,25.3,12.1
18330.0,1.33,5.4,0.47,3.5,25.2,12.1
18335.0,1.33,5.1,0.49,4.0,25.7,12.1
18340.0,1.33,5.1,0.48,5.0,25.2,12.1
18345.0,1.33,4.9,0.48,4.5,25.3,12.0
18350.0,1.33,5.1,0.49,6.0,25.4,12.0
18355.0,1.33,5.0,0.49,6.0,25.1,12.0
18360.0,1.33,5.0,0.49,5.0,25.1,12.0
18365.0,1.33,5.1,0.49,5.0,25.1,12.0
18370.0,1.33,5.2,0.5,4.5,24.9,12.1
18375.0,1.33,5.3,0.49,5.5,25.0,12.1
18380.0,1.33,5.1,0.49,5.0,25.0,12.1
18385.0,1.33,5.3,0.49,5.5,25.1,12.1
18390.0,1.33,5.1,0.47,3.5,25.1,12.1
18395.0,1.33,4.8,0.48,4.0,24.8,12.1
18400.0,1.33,5.1,0.47,5.0,24.9,12.1
18405.0,1.33,5.0,0.48,3.5,25.1,12.1
18410.0,1.33,5.1,0.48,4.5,25.2,12.1
18415.0,1.33,5.1,0.49,3.5,24.7,12.1
18420.0,1.33,4.8,0.49,6.0,24.7,12.0
18425.0,1.33,4.3,0.48,5.0,25.2,12.0
18430.0,1.33,4.7,0.48,5.5,25.1,12.1
18435.0,1.33,5.0,0.47,4.5,25.1,12.1
18440.0,1.33,4.9,0.5,5.0,24.8,12.1
18445.0,1.33,4.9,0.49,5.0,25.5,12.1
18450.0,1.33,5.1,0.49,3.5,25.4,12.1
18455.0,1.33,5.5,0.47,3.5,25.4,12.1
18460.0,1.33,4.8,0.5,3.5,25.0,12.1
18465.0,1.33,4.8,0.48,3.5,25.1,12.1
18470.0,1.33,4.7,0.49,5.0,25.7,12.1
18475.0,1.33,5.4,0.49,4.0,25.0,12.1
18480.0,1.33,5.1,0.48,5.5,25.7,12.1
18485.0,1.33,5.2,0.49,5.5,25.4,12.1
18490.0,1.33,5.2,0.48,5.5,25.7,12.1
18495.0,1.33,5.3,0.48,3.0,25.0,12.1
18500.0,1.33,5.0,0.48,4.5,24.9,12.1
18505.0,1.33,5.8,0.49,6.0,25.1,12.1
18510.0,1.33,5.1,0.48,3.5,25.0,12.1
18515.0,1.33,5.2,0.49,5.5,25.0,12.1
18520.0,1.33,5.1,0.49,6.5,25.7,12.1
18525.0,1.33,5.3,0.46,3.5,24.6,12.1
18530.0,1.33,5.1,0.46,5.5,25.0,12.1
18535.0,1.33,5.0,0.49,5.0,25.1,12.0
18540.0,1.33,4.4,0.5,6.5,24.8,12.0
18545.0,1.33,4.7,0.48,5.5,24.7,12.0
18550.0,1.33,4.8,0.49,5.0,25.2,12.1
18555.0,1.33,5.6,0.49,5.5,25.1,12.1
18560.0,1.33,5.2,0.48,4.5,25.5,12.1
18565.0,1.33,5.3,0.48,4.5,24.8,12.1
18570.0,1.33,5.0,0.48,5.5,24.9,12.1
18575.0,1.33,5.2,0.49,4.0,24.9,12.1
18580.0,1.33,5.2,0.49,7.0,25.2,12.1
18585.0,1.33,4.8,0.49,5.5,25.1,12.1
18590.0,1.33,5.1,0.48,4.5,25.2,12.1
18595.0,1.33,5.0,0.48,4.5,24.9,12.1
18600.0,1.33,5.3,0.49,6.0,24.8,12.1
18605.0,1.33,5.4,0.47,5.5,25.2,12.1
18610.0,1.33,4.7,0.48,4.5,25.0,12.1
18615.0,1.33,5.3,0.48,5.0,25.5,12.1
18620.0,1.33,5.2,0.48,4.5,25.3,12.1
18625.0,1.33,5.4,0.48,5.5,25.4,12.1
18630.0,1.33,5.1,0.51,5.5,25.3,12.1
18635.0,1.33,5.0,0.49,5.5,25.0,12.1
18640.0,1.33,5.2,0.48,4.5,25.3,12.1
18645.0,1.33,5.5,0.49,4.5,25.1,12.1
18650.0,1.33,4.7,0.48,4.5,24.8,12.1
18655.0,1.33,5.4,0.49,6.0,25.1,12.1
18660.0,1.33,5.6,0.48,4.5,24.8,12.1
18665.0,1.33,5.5,0.48,5.0,24.9,12.1
18670.0,1.33,5.1,0.5,6.5,25.5,12.1
18675.0,1.33,4.8,0.48,4.0,25.3,12.1
18680.0,1.33,5.2,0.49,6.5,25.3,12.1
18685.0,1.33,5.0,0.49,4.0,25.2,12.1
18690.0,1.33,5.6,0.47,4.5,25.2,12.1
18695.0,1.33,5.2,0.48,4.0,24.8,12.1
18700.0,1.33,5.3,0.5,5.0,24.8,12.1
18705.0,1.33,5.0,0.49,7.0,25.1,12.1
18710.0,1.33,5.1,0.48,6.0,25.1,12.1
18715.0,1.33,4.9,0.48,5.0,24.8,12.1
18720.0,1.33,4.4,0.49,5.5,25.0,12.1
18725.0,1.33,4.7,0.49,4.5,25.2,12.1
18730.0,1.33,5.7,0.48,4.5,25.0,12.1
18735.0,1.33,5.2,0.5,5.5,24.7,12.1
18740.0,1.33,4.8,0.46,5.0,25.0,12.1
18745.0,1.33,5.2,0.51,4.5,25.2,12.1
18750.0,1.33,4.8,0.51,3.5,25.1,12.1
18755.0,1.33,5.6,0.5,5.0,24.9,12.0
18760.0,1.33,5.3,0.51,6.0,24.9,12.1
18765.0,1.33,5.2,0.5,4.0,24.9,12.1
18770.0,1.33,5.1,0.48,6.0,25.0,12.1
18775.0,1.33,5.1,0.49,5.0,25.5,12.1
18780.0,1.33,5.1,0.5,5.0,24.8,12.1
18785.0,1.33,5.0,0.47,4.5,25.2,12.1
18790.0,1.33,5.0,0.48,5.0,25.3,12.1
18795.0,1.33,4.7,0.49,5.5,24.9,12.1
18800.0,1.33,5.2,0.49,5.0,25.0,12.1
18805.0,1.33,5.0,0.48,4.5,25.5,12.1
18810.0,1.33,5.8,0.49,5.5,25.5,12.1
18815.0,1.33,5.1,0.48,5.0,25.0,12.1
18820.0,1.33,4.6,0.49,5.0,25.1,12.1
18825.0,1.33,5.6,0.49,3.0,25.0,12.1
18830.0,1.33,4.6,0.49,5.0,24.9,12.1
18835.0,1.33,5.6,0.47,4.5,25.2,12.1
18840.0,1.33,5.4,0.5,6.5,25.5,12.1
18845.0,1.33,4.3,0.48,4.0,25.3,12.1
18850.0,1.33,5.4,0.5,5.0,24.9,12.1
18855.0,1.33,5.2,0.5,6.0,24.8,12.1
18860.0,1.33,5.5,0.49,6.0,24.7,12.1
18865.0,1.33,5.5,0.48,3.0,24.5,12.1
18870.0,1.33,4.8,0.5,5.0,25.2,12.1
18875.0,1.33,4.9,0.48,4.5,25.0,12.1
18880.0,1.33,5.5,0.48,6.0,25.7,12.1
18885.0,1.33,5.2,0.5,4.0,24.9,12.1
18890.0,1.33,5.4,0.5,5.5,25.2,12.1
18895.0,1.33,4.8,0.48,5.5,25.4,12.1
18900.0,1.33,5.2,0.48,6.0,25.4,12.1
18905.0,1.33,4.6,0.49,6.0,25.2,12.1
18910.0,1.33,4.9,0.49,7.0,24.5,12.1
18915.0,1.33,5.1,0.48,5.0,24.9,12.1
18920.0,1.33,5.0,0.47,5.5,25.2,12.1
18925.0,1.33,5.8,0.49,4.0,24.6,12.1
18930.0,1.33,5.0,0.5,5.5,25.2,12.2
18935.0,1.33,5.0,0.46,4.5,25.0,12.2
18940.0,1.33,4.9,0.48,6.0,25.4,12.2
18945.0,1.33,5.5,0.48,5.0,24.9,12.2
18950.0,1.33,4.9,0.47,5.0,25.1,12.2
18955.0,1.33,5.2,0.49,4.0,25.0,12.2
18960.0,1.33,5.0,0.48,6.0,25.4,12.2
18965.0,1.33,4.9,0.47,5.5,25.1,12.2
18970.0,1.33,5.4,0.49,4.5,25.1,12.2
18975.0,1.33,5.3,0.46,3.0,24.6,12.2
18980.0,1.33,5.0,0.49,4.5,24.9,12.2
18985.0,1.33,4.9,0.49,6.0,24.7,12.2
18990.0,1.33,5.1,0.48,5.0,25.2,12.2
18995.0,1.33,4.6,0.48,4.0,24.9,12.2
19000.0,1.33,4.7,0.49,5.0,24.8,12.2
19005.0,1.33,4.9,0.47,5.5,25.1,12.2
19010.0,1.33,5.0,0.49,6.0,25.1,12.2
19015.0,1.33,5.2,0.49,3.5,25.0,12.2
19020.0,1.33,5.2,0.48,5.0,24.8,12.2
19025.0,1.33,4.8,0.49,4.5,25.0,12.2
19030.0,1.33,5.1,0.48,5.0,25.2,12.2
19035.0,1.33,5.4,0.48,6.5,25.2,12.2
19040.0,1.33,5.4,0.48,5.0,25.1,12.2
19045.0,1.33,5.2,0.48,5.0,25.4,12.2
19050.0,1.33,4.7,0.48,5.0,25.0,12.2
19055.0,1.33,5.2,0.5,5.0,25.2,12.2
19060.0,1.33,5.2,0.49,6.5,25.4,12.2
19065.0,1.33,5.1,0.48,5.5,25.5,12.2
19070.0,1.33,5.0,0.48,4.5,24.9,12.2
19075.0,1.33,5.5,0.49,5.5,24.8,12.2
19080.0,1.33,4.5,0.48,4.0,25.1,12.2
19085.0,1.33,5.1,0.48,5.5,25.1,12.2
19090.0,1.33,4.8,0.5,5.5,25.2,12.2
19095.0,1.33,5.1,0.49,5.5,24.6,12.2
19100.0,1.33,5.0,0.48,5.0,25.4,12.2
19105.0,1.33,4.8,0.48,4.5,25.4,12.2
19110.0,1.33,4.5,0.48,5.0,25.3,12.2
19115.0,1.33,4.9,0.51,5.5,25.8,12.2
19120.0,1.33,5.1,0.47,3.5,25.0,12.2
19125.0,1.33,5.5,0.49,3.0,25.0,12.2
19130.0,1.33,5.2,0.48,4.5,25.2,12.2
19135.0,1.33,4.8,0.5,5.0,25.6,12.2
19140.0,1.33,4.5,0.48,4.0,25.6,12.2
19145.0,1.33,4.5,0.47,5.0,25.1,12.2
19150.0,1.33,4.3,0.48,6.0,25.5,12.2
19155.0,1.33,4.8,0.49,4.5,25.5,12.2
19160.0,1.33,5.0,0.48,5.5,25.4,12.2
19165.0,1.33,5.1,0.49,4.5,25.5,12.2
19170.0,1.33,5.5,0.49,5.5,25.5,12.3
19175.0,1.33,4.4,0.49,4.5,25.2,12.2
19180.0,1.33,5.2,0.46,3.0,25.1,12.3
19185.0,1.33,4.9,0.49,4.5,25.5,12.3
19190.0,1.33,5.0,0.5,6.0,25.9,12.3
19195.0,1.33,5.3,0.48,5.0,25.4,12.3
19200.0,1.33,4.8,0.49,5.0,25.5,12.2
19205.0,1.33,5.3,0.49,6.5,25.3,12.2
19210.0,1.33,5.0,0.48,5.0,25.5,12.3
19215.0,1.33,4.3,0.49,4.0,25.3,12.3
19220.0,1.33,5.4,0.48,4.5,25.1,12.3
19225.0,1.33,4.8,0.5,6.5,25.8,12.3
19230.0,1.33,4.8,0.48,5.0,25.8,12.3
19235.0,1.33,5.0,0.49,4.5,25.8,12.3
19240.0,1.33,4.9,0.48,5.0,25.0,12.3
19245.0,1.33,4.9,0.46,5.0,25.6,12.3
19250.0,1.33,5.2,0.5,5.5,25.4,12.3
19255.0,1.33,4.7,0.5,7.0,25.4,12.3
19260.0,1.33,4.8,0.49,5.0,25.4,12.2
19265.0,1.33,5.4,0.5,3.5,25.4,12.2
19270.0,1.33,5.0,0.48,6.0,25.4,12.2
19275.0,1.33,5.0,0.49,6.0,25.3,12.3
19280.0,1.33,5.0,0.48,4.0,25.8,12.3
19285.0,1.33,5.1,0.48,6.5,25.1,12.3
19290.0,1.33,4.9,0.49,4.5,26.2,12.3
19295.0,1.33,5.3,0.48,6.5,25.8,12.3
19300.0,1.33,5.0,0.47,4.0,25.7,12.2
19305.0,1.33,4.3,0.49,5.0,25.5,12.3
19310.0,1.33,4.6,0.48,3.5,26.0,12.3
19315.0,1.33,6.1,0.49,6.0,25.1,12.3
19320.0,1.33,5.2,0.49,6.0,25.9,12.3
19325.0,1.33,4.9,0.49,5.0,25.5,12.3
19330.0,1.33,5.2,0.47,5.5,25.5,12.3
19335.0,1.33,5.3,0.49,3.5,26.0,12.2
19340.0,1.33,5.0,0.48,6.0,25.6,12.2
19345.0,1.33,5.1,0.5,6.0,26.1,12.2
19350.0,1.33,5.1,0.49,5.0,25.6,12.2
19355.0,1.33,4.9,0.47,4.5,25.8,12.2
19360.0,1.33,4.8,0.47,5.0,25.7,12.2
19365.0,1.33,5.0,0.48,6.5,26.1,12.2
19370.0,1.33,4.8,0.5,6.5,25.7,12.2
19375.0,1.33,4.9,0.5,5.5,25.8,12.2
19380.0,1.33,5.0,0.49,6.0,25.6,12.2
19385.0,1.33,4.7,0.49,4.5,26.1,12.2
19390.0,1.33,4.9,0.5,4.0,26.0,12.3
19395.0,1.33,5.2,0.49,5.5,26.0,12.2
19400.0,1.33,5.1,0.49,5.5,25.7,12.2
19405.0,1.33,5.1,0.49,4.5,26.1,12.3
19410.0,1.33,5.4,0.48,4.5,26.1,12.3
19415.0,1.33,4.5,0.5,6.0,25.6,12.3
19420.0,1.33,5.0,0.49,5.5,25.9,12.3
19425.0,1.33,5.4,0.48,5.0,25.9,12.3
19430.0,1.33,4.6,0.49,5.0,26.3,12.3
19435.0,1.33,4.5,0.49,6.0,26.3,12.3
19440.0,1.33,5.2,0.48,5.5,26.1,12.3
19445.0,1.33,4.8,0.48,5.0,25.8,12.2
19450.0,1.33,5.4,0.48,5.0,26.1,12.2
19455.0,1.33,4.8,0.46,3.5,26.2,12.2
19460.0,1.33,4.9,0.48,5.0,26.2,12.2
19465.0,1.33,4.9,0.49,4.0,25.6,12.2
19470.0,1.33,5.3,0.49,4.0,26.0,12.3
19475.0,1.33,5.2,0.48,5.5,25.9,12.2
19480.0,1.33,4.6,0.5,4.0,26.3,12.2
19485.0,1.33,4.8,0.48,4.0,26.0,12.2
19490.0,1.33,5.5,0.47,4.0,25.7,12.2
19495.0,1.33,5.6,0.49,4.5,26.3,12.2
19500.0,1.33,4.8,0.49,5.5,26.1,12.2
19505.0,1.33,5.6,0.47,4.0,25.9,12.2
19510.0,1.33,5.2,0.49,4.5,26.1,12.2
19515.0,1.33,5.1,0.48,4.0,25.9,12.2
19520.0,1.33,4.8,0.49,4.5,26.7,12.2
19525.0,1.33,4.9,0.49,4.5,26.2,12.2
19530.0,1.33,4.8,0.5,5.0,25.8,12.2
19535.0,1.33,5.1,0.49,5.0,26.6,12.1
19540.0,1.33,4.8,0.48,5.0,26.5,12.1
19545.0,1.33,5.1,0.52,6.0,26.0,12.1
19550.0,1.33,5.0,0.49,6.0,25.8,12.1
19555.0,1.33,4.9,0.5,5.5,26.1,12.1
19560.0,1.33,5.3,0.48,4.0,26.3,12.1
19565.0,1.33,5.3,0.48,5.5,26.5,12.1
19570.0,1.33,4.9,0.5,5.5,26.2,12.1
19575.0,1.33,5.2,0.49,5.5,26.3,12.1
19580.0,1.33,5.4,0.49,3.5,26.7,12.1
19585.0,1.33,4.9,0.49,5.5,26.0,12.1
19590.0,1.33,5.5,0.47,5.0,26.5,12.1
19595.0,1.33,5.8,0.49,6.0,26.2,12.1
19600.0,1.33,5.5,0.5,5.0,26.6,12.1
19605.0,1.33,5.3,0.46,4.0,26.4,12.1
19610.0,1.33,5.5,0.5,5.5,26.7,12.2
19615.0,1.33,4.6,0.48,4.5,26.7,12.2
19620.0,1.33,5.2,0.49,4.5,26.6,12.2
19625.0,1.33,5.2,0.47,4.5,26.8,12.2
19630.0,1.33,5.4,0.49,4.5,26.9,12.1
19635.0,1.33,4.5,0.48,5.5,26.6,12.1
19640.0,1.33,4.8,0.47,5.5,26.5,12.2
19645.0,1.33,5.2,0.47,4.0,26.4,12.2
19650.0,1.33,4.7,0.49,5.0,26.5,12.1
19655.0,1.33,5.0,0.5,3.0,26.5,12.1
19660.0,1.33,4.9,0.49,5.0,26.5,12.1
19665.0,1.33,4.6,0.47,5.5,26.9,12.1
19670.0,1.33,4.6,0.47,4.0,26.7,12.1
19675.0,1.33,4.9,0.51,6.0,27.3,12.1
19680.0,1.33,4.7,0.48,3.5,26.6,12.2
19685.0,1.33,4.9,0.48,4.0,26.9,12.1
19690.0,1.33,5.1,0.47,3.5,26.6,12.2
19695.0,1.33,4.8,0.49,5.0,26.9,12.2
19700.0,1.33,5.2,0.48,5.0,26.6,12.2
19705.0,1.33,4.8,0.49,5.0,26.7,12.2
19710.0,1.33,5.3,0.49,4.0,26.7,12.2
19715.0,1.33,5.0,0.49,5.0,26.9,12.2
19720.0,1.33,4.9,0.51,6.0,26.7,12.2
19725.0,1.33,5.0,0.48,4.5,27.0,12.2
19730.0,1.33,4.9,0.49,4.5,26.9,12.2
19735.0,1.33,5.1,0.49,4.5,26.9,12.2
19740.0,1.33,5.6,0.49,4.0,26.9,12.2
19745.0,1.33,4.8,0.49,4.5,26.8,12.2
19750.0,1.33,5.1,0.47,4.0,26.8,12.2
19755.0,1.33,5.2,0.47,5.0,27.0,12.2
19760.0,1.33,4.5,0.48,5.0,27.4,12.2
19765.0,1.33,4.3,0.51,6.0,26.8,12.2
19770.0,1.33,4.7,0.48,4.5,27.4,12.2
19775.0,1.32,5.3,0.49,5.0,27.5,12.2
19780.0,1.33,5.3,0.49,5.5,27.5,12.2
19785.0,1.32,5.0,0.49,6.5,27.5,12.2
19790.0,1.33,4.6,0.48,6.0,26.8,12.2
19795.0,1.33,5.4,0.49,4.5,27.1,12.2
19800.0,1.33,5.2,0.47,4.0,26.9,12.2
19805.0,1.33,5.4,0.48,5.0,27.1,12.2
19810.0,1.33,5.1,0.48,5.0,27.2,12.3
19815.0,1.32,4.8,0.49,6.0,27.2,12.3
19820.0,1.33,4.9,0.5,5.5,27.3,12.3
19825.0,1.33,5.2,0.49,5.0,27.2,12.2
19830.0,1.32,4.5,0.49,4.5,27.4,12.2
19835.0,1.33,5.0,0.5,6.0,27.2,12.3
19840.0,1.33,5.1,0.49,4.5,27.2,12.3
19845.0,1.32,4.8,0.48,5.5,27.6,12.2
19850.0,1.33,5.3,0.47,4.5,27.3,12.2
19855.0,1.33,4.9,0.51,8.0,27.3,12.2
19860.0,1.32,4.5,0.49,4.5,27.6,12.2
19865.0,1.33,5.6,0.47,6.5,26.9,12.2
19870.0,1.33,4.6,0.5,5.0,27.4,12.2
19875.0,1.33,5.3,0.48,7.0,27.2,12.2
19880.0,1.33,4.9,0.5,5.0,27.2,12.2
19885.0,1.32,4.8,0.48,4.0,27.8,12.2
19890.0,1.33,4.9,0.47,3.5,27.6,12.2
19895.0,1.32,5.2,0.48,4.5,27.9,12.1
19900.0,1.33,5.0,0.48,4.0,27.4,12.1
19905.0,1.32,5.5,0.48,5.0,27.8,12.1
19910.0,1.33,5.2,0.48,4.5,27.5,12.1
19915.0,1.33,5.1,0.5,7.5,27.3,12.1
19920.0,1.32,5.4,0.5,5.5,27.7,12.2
19925.0,1.32,5.0,0.48,5.5,28.1,12.1
19930.0,1.33,5.1,0.48,6.5,27.8,12.1
19935.0,1.33,5.0,0.49,6.0,27.7,12.1
19940.0,1.33,5.1,0.5,5.0,27.6,12.1
19945.0,1.32,5.2,0.49,5.0,27.9,12.1
19950.0,1.32,5.1,0.49,4.0,27.9,12.1
19955.0,1.33,4.9,0.48,5.0,27.5,12.1
19960.0,1.32,4.9,0.47,5.0,28.3,12.2
19965.0,1.32,4.9,0.49,6.5,27.9,12.2
19970.0,1.33,4.9,0.48,5.0,27.4,12.2
19975.0,1.32,5.2,0.48,5.0,27.9,12.2
19980.0,1.32,5.0,0.46,5.0,27.9,12.1
19985.0,1.33,5.4,0.49,6.0,27.5,12.2
19990.0,1.32,5.4,0.47,4.5,27.9,12.2
19995.0,1.32,5.0,0.48,4.5,28.4,12.1
20000.0,1.32,4.5,0.49,6.5,28.4,12.1
20005.0,1.32,5.0,0.48,4.0,27.8,12.1
20010.0,1.32,4.8,0.5,4.0,28.2,12.1
20015.0,1.32,4.9,0.49,5.0,27.9,12.1
20020.0,1.32,4.9,0.47,4.0,28.2,12.1
20025.0,1.32,4.8,0.46,3.5,27.8,12.1
20030.0,1.32,4.8,0.49,4.5,28.1,12.1
20035.0,1.32,4.7,0.49,5.0,28.2,12.1
20040.0,1.32,5.0,0.48,6.0,28.1,12.2
20045.0,1.32,5.1,0.48,4.5,28.1,12.1
20050.0,1.32,5.0,0.48,6.0,28.1,12.1
20055.0,1.32,4.9,0.5,6.0,28.0,12.1
20060.0,1.32,5.2,0.5,6.0,28.1,12.2
20065.0,1.32,5.2,0.5,5.5,28.1,12.1
20070.0,1.33,5.0,0.49,4.5,27.8,12.1
20075.0,1.32,5.0,0.49,5.0,28.2,12.2
20080.0,1.32,5.4,0.48,5.5,28.1,12.2
20085.0,1.32,5.0,0.49,5.0,28.5,12.2
20090.0,1.32,4.4,0.5,5.5,28.0,12.2
20095.0,1.32,4.8,0.5,5.5,28.1,12.1
20100.0,1.32,5.1,0.48,5.0,28.4,12.1
20105.0,1.32,5.3,0.49,5.0,28.2,12.2
20110.0,1.32,4.7,0.51,4.5,28.2,12.2
20115.0,1.32,4.5,0.5,5.5,28.7,12.2
20120.0,1.32,5.0,0.48,3.0,28.5,12.1
20125.0,1.32,5.4,0.49,5.0,28.3,12.2
20130.0,1.32,5.0,0.47,5.5,28.0,12.1
20135.0,1.32,4.7,0.48,5.0,28.5,12.1
20140.0,1.32,4.7,0.48,4.5,28.6,12.1
20145.0,1.32,4.9,0.48,5.5,28.7,12.1
20150.0,1.32,5.3,0.5,5.5,28.4,12.1
20155.0,1.32,4.9,0.47,6.0,28.3,12.1
20160.0,1.33,5.3,0.49,6.0,28.0,12.1
20165.0,1.32,4.9,0.49,4.5,28.2,12.0
20170.0,1.32,5.3,0.5,5.5,28.7,12.0
20175.0,1.32,5.4,0.48,6.0,28.6,12.0
20180.0,1.32,4.7,0.48,4.0,28.5,12.0
20185.0,1.32,4.4,0.47,5.5,28.7,12.1
20190.0,1.32,5.0,0.48,4.5,28.6,12.1
20195.0,1.32,5.0,0.49,5.0,29.0,12.1
20200.0,1.32,5.5,0.47,5.5,29.0,12.0
20205.0,1.32,4.9,0.48,4.5,28.8,12.0
20210.0,1.32,5.2,0.49,7.0,28.8,12.0
20215.0,1.32,4.9,0.49,4.0,28.8,12.0
20220.0,1.32,5.3,0.49,5.5,28.6,12.0
20225.0,1.32,5.1,0.49,4.0,28.5,12.0
20230.0,1.32,4.7,0.48,6.5,29.4,12.0
20235.0,1.32,5.1,0.48,6.0,29.1,11.9
20240.0,1.32,5.1,0.48,4.0,29.1,11.9
20245.0,1.32,5.1,0.47,4.0,29.1,11.9
20250.0,1.32,5.1,0.49,4.5,28.7,11.9
20255.0,1.32,5.1,0.48,3.5,28.9,12.0
20260.0,1.32,4.8,0.47,5.0,29.0,11.9
20265.0,1.32,5.0,0.48,5.5,29.1,11.9
20270.0,1.32,5.4,0.5,5.0,28.9,11.9
20275.0,1.32,5.0,0.46,4.5,29.1,11.9
20280.0,1.32,5.1,0.5,4.0,29.5,11.9
20285.0,1.33,4.7,0.5,5.5,28.6,11.9
20290.0,1.32,4.8,0.48,4.5,28.9,11.9
20295.0,1.32,4.9,0.48,4.5,29.6,11.8
20300.0,1.33,5.0,0.47,4.5,28.8,11.8
20305.0,1.33,5.0,0.51,5.0,28.9,11.8
20310.0,1.32,4.7,0.47,3.5,29.1,11.9
20315.0,1.32,4.7,0.49,4.0,29.3,11.9
20320.0,1.32,4.8,0.47,6.0,29.8,11.9
20325.0,1.32,4.4,0.48,6.0,29.4,11.8
20330.0,1.33,4.7,0.47,5.5,29.1,11.8
20335.0,1.33,5.5,0.49,4.5,29.1,11.8
20340.0,1.33,4.9,0.5,6.0,29.3,11.8
20345.0,1.32,4.7,0.47,5.0,29.5,11.8
20350.0,1.32,5.4,0.48,4.0,29.4,11.8
20355.0,1.33,4.9,0.47,5.0,29.0,11.8
20360.0,1.32,4.8,0.49,6.0,29.5,11.8
20365.0,1.32,4.8,0.49,5.0,29.3,11.8
20370.0,1.33,5.5,0.49,4.5,28.8,11.8
20375.0,1.32,5.1,0.48,4.5,29.3,11.8
20380.0,1.32,4.3,0.5,6.0,29.4,11.8
20385.0,1.33,5.1,0.5,5.5,29.2,11.7
20390.0,1.32,5.3,0.5,5.0,29.5,11.7
20395.0,1.32,5.2,0.49,4.5,29.6,11.7
20400.0,1.32,4.9,0.49,6.5,29.8,11.7
20405.0,1.32,4.9,0.51,4.5,29.5,11.7
20410.0,1.32,5.2,0.47,3.0,29.4,11.7
20415.0,1.32,5.2,0.49,5.0,29.5,11.7
20420.0,1.33,4.8,0.49,4.5,29.3,11.8
20425.0,1.33,5.3,0.47,5.5,28.8,11.8
20430.0,1.32,4.8,0.49,5.0,29.6,11.8
20435.0,1.32,5.1,0.48,5.0,29.4,11.8
20440.0,1.32,4.9,0.49,5.0,29.8,11.7
20445.0,1.32,5.6,0.49,5.0,29.4,11.8
20450.0,1.32,4.8,0.49,6.0,30.1,11.8
20455.0,1.33,5.0,0.48,4.0,29.4,11.7
20460.0,1.32,4.9,0.49,5.5,30.0,11.7
20465.0,1.32,5.5,0.48,5.0,29.8,11.7
20470.0,1.33,4.7,0.5,6.0,29.7,11.6
20475.0,1.32,4.8,0.48,4.5,29.8,11.7
20480.0,1.33,4.9,0.49,4.5,29.0,11.7
20485.0,1.32,4.6,0.5,5.0,29.9,11.7
20490.0,1.32,4.9,0.51,4.5,29.9,11.7
20495.0,1.33,5.0,0.48,4.0,29.4,11.7
20500.0,1.33,4.8,0.5,5.0,29.4,11.7
20505.0,1.33,4.8,0.48,5.5,29.7,11.7
20510.0,1.33,5.0,0.47,4.5,29.5,11.6
20515.0,1.33,5.1,0.47,6.0,29.7,11.6
20520.0,1.33,5.6,0.48,5.5,29.7,11.6
20525.0,1.33,4.8,0.46,3.0,29.6,11.6
20530.0,1.32,5.1,0.49,5.5,30.1,11.6
20535.0,1.32,5.2,0.49,4.0,30.4,11.6
20540.0,1.33,5.2,0.49,4.5,29.7,11.6
20545.0,1.33,4.8,0.49,7.0,29.8,11.6
20550.0,1.33,4.9,0.47,5.0,29.7,11.6
20555.0,1.33,4.9,0.49,6.0,29.8,11.6
20560.0,1.33,4.6,0.49,6.0,30.0,11.6
20565.0,1.33,4.8,0.48,4.5,29.7,11.6
20570.0,1.33,4.8,0.49,4.5,30.0,11.6
20575.0,1.32,5.2,0.5,6.5,30.0,11.6
20580.0,1.32,5.4,0.5,6.0,30.2,11.6
20585.0,1.33,4.3,0.48,5.0,29.3,11.6
20590.0,1.32,4.7,0.47,4.0,30.2,11.6
20595.0,1.32,5.5,0.51,5.0,30.3,11.6
20600.0,1.33,5.2,0.48,5.5,29.9,11.6
20605.0,1.33,5.0,0.5,4.0,29.7,11.6
20610.0,1.32,5.0,0.5,6.0,30.4,11.6
20615.0,1.33,4.6,0.48,4.5,29.7,11.6
20620.0,1.33,5.1,0.5,5.5,30.0,11.5
20625.0,1.32,4.9,0.46,4.5,30.4,11.5
20630.0,1.33,5.2,0.48,5.0,29.9,11.5
20635.0,1.33,5.2,0.47,5.0,29.6,11.5
20640.0,1.33,5.3,0.47,4.5,30.1,11.5
20645.0,1.33,4.9,0.49,5.5,30.1,11.5
20650.0,1.33,5.0,0.49,5.0,30.0,11.6
20655.0,1.32,5.2,0.47,5.0,30.4,11.6
20660.0,1.33,4.8,0.49,6.0,29.9,11.6
20665.0,1.32,4.9,0.5,6.0,30.2,11.6
20670.0,1.32,5.0,0.5,5.0,30.4,11.6
20675.0,1.32,4.7,0.49,4.0,30.3,11.6
20680.0,1.33,4.9,0.49,5.5,29.7,11.5
20685.0,1.33,5.1,0.5,5.5,29.9,11.5
20690.0,1.32,4.6,0.49,5.0,30.5,11.5
20695.0,1.33,5.3,0.48,4.5,29.9,11.5
20700.0,1.33,4.8,0.47,6.0,29.9,11.5
20705.0,1.33,4.5,0.5,5.0,30.5,11.5
20710.0,1.33,4.8,0.48,5.5,30.1,11.5
20715.0,1.33,5.2,0.48,5.0,30.0,11.5
20720.0,1.33,5.3,0.5,5.0,30.3,11.5
20725.0,1.32,4.8,0.48,4.5,30.5,11.5
20730.0,1.33,5.5,0.48,5.0,29.6,11.5
20735.0,1.32,5.5,0.47,4.5,30.8,11.5
20740.0,1.33,5.2,0.48,4.0,30.1,11.4
20745.0,1.33,5.1,0.49,3.5,30.0,11.5
20750.0,1.33,5.2,0.48,3.0,30.4,11.5
20755.0,1.33,5.4,0.45,5.5,30.2,11.5
20760.0,1.33,5.0,0.48,4.5,30.1,11.5
20765.0,1.32,4.8,0.49,6.5,30.6,11.5
20770.0,1.32,4.4,0.49,6.0,30.6,11.5
20775.0,1.32,4.9,0.48,4.0,30.9,11.5
20780.0,1.33,5.0,0.47,5.5,30.1,11.4
20785.0,1.33,5.1,0.47,4.5,30.4,11.4
20790.0,1.33,4.9,0.5,5.0,30.8,11.3
20795.0,1.33,4.8,0.5,5.0,30.1,11.3
20800.0,1.33,5.1,0.51,5.0,30.2,11.3
20805.0,1.33,4.5,0.49,5.5,29.7,11.4
20810.0,1.33,5.2,0.49,4.5,30.3,11.4
20815.0,1.33,5.4,0.49,5.5,30.3,11.4
20820.0,1.33,5.3,0.49,5.0,30.1,11.4
20825.0,1.33,5.2,0.48,4.5,30.6,11.3
20830.0,1.33,4.6,0.5,5.5,30.6,11.3
20835.0,1.33,4.7,0.48,6.5,30.9,11.4
20840.0,1.33,5.1,0.48,6.5,30.4,11.4
20845.0,1.33,5.4,0.5,5.0,30.6,11.4
20850.0,1.33,5.3,0.49,5.5,30.4,11.3
20855.0,1.33,5.2,0.47,5.5,30.9,11.3
20860.0,1.33,5.3,0.49,4.5,30.8,11.4
20865.0,1.33,4.5,0.48,7.5,30.2,11.4
20870.0,1.33,4.9,0.49,4.5,30.2,11.4
20875.0,1.32,4.6,0.48,5.0,31.2,11.4
20880.0,1.33,5.9,0.48,4.5,30.5,11.3
20885.0,1.33,4.9,0.47,4.5,30.8,11.3
20890.0,1.33,5.2,0.49,5.5,30.8,11.3
20895.0,1.33,5.2,0.5,6.0,30.0,11.3
20900.0,1.33,4.7,0.48,6.0,31.0,11.3
20905.0,1.33,4.8,0.47,5.0,30.4,11.3
20910.0,1.33,5.2,0.49,4.0,30.6,11.3
20915.0,1.33,5.3,0.48,4.0,30.7,11.3
20920.0,1.33,4.9,0.48,6.5,31.0,11.3
20925.0,1.33,5.0,0.48,5.5,30.6,11.2
20930.0,1.33,5.1,0.49,5.5,30.7,11.3
20935.0,1.33,5.4,0.48,4.0,30.4,11.3
20940.0,1.33,5.3,0.47,5.5,30.8,11.3
20945.0,1.33,5.0,0.5,5.0,30.5,11.2
20950.0,1.33,4.9,0.49,6.5,30.5,11.2
20955.0,1.33,4.2,0.47,5.5,30.3,11.2
20960.0,1.33,4.9,0.46,3.0,30.7,11.2
20965.0,1.33,5.2,0.5,5.5,30.3,11.2
20970.0,1.33,5.2,0.49,6.0,30.6,11.2
20975.0,1.33,5.1,0.48,4.0,30.4,11.2
20980.0,1.33,5.0,0.49,6.0,30.4,11.2
20985.0,1.33,4.9,0.48,5.0,30.8,11.2
20990.0,1.33,5.6,0.48,5.0,30.8,11.2
20995.0,1.33,5.3,0.49,5.5,30.9,11.2
21000.0,1.33,5.3,0.49,5.5,30.4,11.1
21005.0,1.33,4.7,0.51,5.0,30.7,11.1
21010.0,1.33,5.2,0.49,3.5,30.9,11.1
21015.0,1.33,4.4,0.49,5.0,30.3,11.1
21020.0,1.33,5.0,0.48,4.5,30.7,11.1
21025.0,1.33,5.0,0.49,6.0,30.9,11.1
21030.0,1.33,4.4,0.49,6.0,30.4,11.1
21035.0,1.33,4.9,0.48,5.0,30.8,11.1
21040.0,1.33,4.9,0.47,4.5,30.3,11.1
21045.0,1.33,5.2,0.48,3.0,30.7,11.2
21050.0,1.33,5.0,0.49,3.5,30.7,11.1
21055.0,1.33,5.0,0.49,4.0,30.5,11.1
21060.0,1.33,4.6,0.5,5.0,31.0,11.1
21065.0,1.33,5.4,0.48,4.0,30.8,11.1
21070.0,1.33,5.3,0.49,5.5,30.7,11.1
21075.0,1.33,5.6,0.48,4.5,30.7,11.1
21080.0,1.33,5.4,0.48,5.0,30.9,11.2
21085.0,1.33,5.0,0.49,5.5,30.5,11.2
21090.0,1.33,5.1,0.48,6.0,30.4,11.2
21095.0,1.33,5.4,0.48,6.0,30.3,11.2
21100.0,1.33,4.8,0.49,6.0,31.0,11.2
21105.0,1.33,5.2,0.48,4.5,30.7,11.2
21110.0,1.33,4.8,0.5,5.5,30.6,11.2
21115.0,1.33,5.4,0.49,5.0,30.8,11.2
21120.0,1.33,5.1,0.49,5.0,30.5,11.2
21125.0,1.33,4.7,0.49,3.0,30.6,11.2
21130.0,1.33,4.9,0.46,3.5,30.4,11.2
21135.0,1.33,4.9,0.47,5.5,30.1,11.2
21140.0,1.33,5.3,0.48,5.0,30.7,11.2
21145.0,1.33,4.9,0.47,4.0,30.5,11.2
21150.0,1.33,5.8,0.5,4.5,30.9,11.2
21155.0,1.33,5.3,0.49,5.0,30.2,11.2
21160.0,1.33,4.5,0.49,5.5,30.9,11.2
21165.0,1.33,4.4,0.48,4.0,30.8,11.2
21170.0,1.33,5.7,0.48,4.5,31.0,11.2
21175.0,1.33,4.9,0.49,4.5,30.9,11.2
21180.0,1.33,4.6,0.49,5.5,30.7,11.2
21185.0,1.33,4.6,0.47,5.0,30.1,11.2
21190.0,1.33,5.3,0.5,5.5,30.3,11.2
21195.0,1.33,5.2,0.47,5.0,30.7,11.3
21200.0,1.33,4.7,0.46,4.0,30.7,11.3
21205.0,1.33,5.4,0.5,5.5,30.5,11.3
21210.0,1.33,5.0,0.48,4.5,30.6,11.3
21215.0,1.33,4.2,0.5,6.5,30.6,11.3
21220.0,1.33,5.1,0.49,5.5,31.0,11.3
21225.0,1.33,5.1,0.48,4.5,30.4,11.3
21230.0,1.33,4.9,0.47,3.5,31.0,11.3
21235.0,1.33,4.8,0.47,4.0,30.9,11.3
21240.0,1.33,5.3,0.48,6.0,30.7,11.3
21245.0,1.33,5.2,0.47,6.0,30.6,11.3
21250.0,1.33,4.7,0.48,4.0,30.9,11.3
21255.0,1.33,5.1,0.48,5.0,30.6,11.3
21260.0,1.33,5.0,0.47,4.0,30.4,11.3
21265.0,1.33,4.7,0.49,5.0,30.6,11.4
21270.0,1.33,5.2,0.49,5.5,30.7,11.4
21275.0,1.33,5.0,0.49,5.5,30.8,11.4
21280.0,1.33,5.6,0.5,6.0,30.7,11.4
21285.0,1.32,5.2,0.48,5.0,31.1,11.4
21290.0,1.33,5.0,0.48,5.0,30.2,11.3
21295.0,1.33,5.1,0.47,5.5,30.6,11.3
21300.0,1.33,4.5,0.49,5.0,30.9,11.3
21305.0,1.33,4.9,0.48,4.5,30.3,11.3
21310.0,1.33,5.2,0.49,6.0,30.8,11.3
21315.0,1.33,5.1,0.48,5.0,31.1,11.3
21320.0,1.33,5.2,0.48,4.0,30.8,11.3
21325.0,1.33,5.7,0.47,6.0,30.2,11.3
21330.0,1.33,5.1,0.47,4.0,30.6,11.3
21335.0,1.33,5.4,0.48,5.0,31.0,11.3
21340.0,1.33,5.1,0.47,5.0,30.3,11.3
21345.0,1.33,4.8,0.51,5.5,30.7,11.3
21350.0,1.33,5.1,0.47,5.5,30.5,11.2
21355.0,1.33,4.6,0.48,4.5,31.1,11.3
21360.0,1.33,5.3,0.48,4.5,30.8,11.3
21365.0,1.33,5.6,0.48,5.0,30.5,11.3
21370.0,1.33,5.0,0.49,5.5,30.1,11.3
21375.0,1.33,4.9,0.49,4.5,30.7,11.3
21380.0,1.33,5.1,0.5,5.5,30.3,11.3
21385.0,1.33,4.7,0.47,3.0,30.5,11.3
21390.0,1.33,5.1,0.5,6.5,30.7,11.3
21395.0,1.33,4.9,0.47,4.5,30.2,11.3
21400.0,1.33,5.4,0.49,6.5,30.4,11.3
21405.0,1.33,4.9,0.49,5.0,31.0,11.3
21410.0,1.33,4.8,0.47,4.5,30.5,11.3
21415.0,1.33,5.2,0.48,5.0,30.4,11.3
21420.0,1.33,4.8,0.49,3.5,30.8,11.3
21425.0,1.33,4.6,0.49,4.0,30.9,11.3
21430.0,1.33,4.9,0.47,4.0,30.8,11.3
21435.0,1.33,4.8,0.5,4.0,30.8,11.4
21440.0,1.33,5.2,0.47,4.5,30.8,11.3
21445.0,1.33,5.3,0.5,5.5,30.4,11.4
21450.0,1.33,5.3,0.49,5.0,30.6,11.3
21455.0,1.33,4.8,0.48,4.0,30.6,11.3
21460.0,1.33,4.6,0.47,4.0,30.8,11.4
21465.0,1.33,5.0,0.47,4.0,30.7,11.3
21470.0,1.33,5.0,0.49,5.5,30.4,11.3
21475.0,1.33,5.2,0.49,5.5,30.9,11.3
21480.0,1.33,4.3,0.47,5.0,30.6,11.3
21485.0,1.33,5.4,0.49,6.0,30.9,11.3
21490.0,1.33,5.1,0.49,5.0,30.6,11.3
21495.0,1.33,5.0,0.47,4.5,30.4,11.3
21500.0,1.33,4.2,0.49,4.0,30.2,11.3
21505.0,1.33,5.0,0.5,4.5,30.5,11.3
21510.0,1.33,5.1,0.48,4.0,30.6,11.3
21515.0,1.33,5.5,0.47,5.0,30.3,11.3
21520.0,1.33,5.2,0.49,5.0,30.6,11.3
21525.0,1.33,4.8,0.49,6.5,30.8,11.3
21530.0,1.33,5.1,0.49,5.5,30.5,11.3
21535.0,1.33,4.8,0.48,4.5,30.4,11.3
21540.0,1.33,5.3,0.47,4.5,30.9,11.3
21545.0,1.33,5.2,0.5,6.0,30.0,11.3
21550.0,1.33,5.0,0.48,5.0,31.0,11.3
21555.0,1.33,5.0,0.48,5.5,30.5,11.2
21560.0,1.33,4.9,0.48,6.0,30.4,11.2
21565.0,1.33,5.0,0.47,4.0,30.4,11.2
21570.0,1.33,4.8,0.49,5.0,30.5,11.2
21575.0,1.33,5.2,0.47,5.5,30.6,11.2
21580.0,1.33,4.6,0.48,6.0,30.5,11.2
21585.0,1.33,5.2,0.48,4.5,30.3,11.3
21590.0,1.33,4.9,0.48,6.0,30.9,11.3
21595.0,1.33,5.1,0.5,4.5,30.5,11.3
21600.0,1.33,5.1,0.49,6.0,29.9,11.3
21605.0,1.33,5.0,0.48,5.5,30.9,11.2
21610.0,1.33,4.8,0.5,4.0,30.5,11.2
21615.0,1.33,5.2,0.48,7.5,30.9,11.2
21620.0,1.33,5.1,0.47,4.0,30.6,11.2
21625.0,1.33,4.7,0.49,5.0,30.9,11.2
21630.0,1.33,5.3,0.47,5.0,30.9,11.2
21635.0,1.33,5.3,0.5,3.5,30.6,11.2
21640.0,1.33,4.7,0.47,5.5,30.4,11.2
21645.0,1.33,5.3,0.49,3.5,30.9,11.2
21650.0,1.33,5.0,0.49,5.5,30.4,11.3
21655.0,1.33,5.0,0.5,5.0,30.7,11.3
21660.0,1.33,4.9,0.5,5.5,31.0,11.3
21665.0,1.33,5.1,0.47,6.0,30.6,11.3
21670.0,1.33,4.3,0.49,5.0,30.2,11.3
21675.0,1.33,4.6,0.49,4.0,30.3,11.3
21680.0,1.33,5.1,0.5,5.5,30.3,11.3
21685.0,1.33,4.7,0.48,4.5,30.6,11.3
21690.0,1.33,5.2,0.5,5.5,30.8,11.2
21695.0,1.33,5.3,0.49,4.5,30.4,11.2
21700.0,1.33,5.1,0.48,5.5,30.4,11.2
21705.0,1.33,5.0,0.49,4.5,30.5,11.2
21710.0,1.33,4.5,0.48,6.0,30.5,11.3
21715.0,1.33,5.0,0.5,5.5,30.8,11.3
21720.0,1.33,5.1,0.49,5.0,30.5,11.3
21725.0,1.33,5.1,0.47,4.5,30.9,11.3
21730.0,1.33,5.2,0.5,4.0,29.8,11.3
21735.0,1.33,4.7,0.46,3.5,30.4,11.3
21740.0,1.33,4.7,0.48,5.0,30.0,11.3
21745.0,1.33,5.0,0.48,4.5,30.7,11.3
21750.0,1.33,5.1,0.48,5.0,30.4,11.3
21755.0,1.33,5.3,0.48,3.5,30.1,11.3
21760.0,1.33,5.3,0.48,5.5,30.6,11.2
21765.0,1.33,4.8,0.48,4.5,30.3,11.3
21770.0,1.33,5.1,0.48,5.0,30.4,11.2
21775.0,1.33,4.6,0.48,4.5,29.7,11.3
21780.0,1.33,5.3,0.49,5.5,30.2,11.2
21785.0,1.33,4.9,0.5,5.0,30.3,11.2
21790.0,1.33,5.5,0.48,4.5,30.0,11.2
21795.0,1.33,4.9,0.48,5.0,30.2,11.2
21800.0,1.33,4.3,0.48,6.0,30.2,11.2
21805.0,1.33,4.8,0.48,4.0,30.3,11.3
21810.0,1.33,5.1,0.49,5.5,29.7,11.2
21815.0,1.33,4.9,0.47,5.0,30.3,11.2
21820.0,1.33,5.2,0.48,4.0,30.0,11.2
21825.0,1.33,4.5,0.49,5.0,29.9,11.2
21830.0,1.33,5.6,0.47,4.0,30.4,11.2
21835.0,1.33,5.3,0.48,5.0,30.3,11.3
21840.0,1.33,5.1,0.48,4.5,29.9,11.3
21845.0,1.33,5.0,0.47,6.5,30.3,11.3
21850.0,1.33,5.5,0.49,5.5,30.2,11.3
21855.0,1.33,4.7,0.46,4.5,30.1,11.3
21860.0,1.33,4.6,0.48,5.0,30.2,11.3
21865.0,1.33,5.5,0.47,4.0,30.7,11.3
21870.0,1.33,5.0,0.48,4.0,30.3,11.3
21875.0,1.33,4.8,0.47,4.5,30.1,11.3
21880.0,1.33,4.8,0.47,6.0,30.2,11.3
21885.0,1.33,4.5,0.5,5.0,29.9,11.3
21890.0,1.33,4.7,0.48,5.0,30.0,11.3
21895.0,1.33,4.9,0.49,4.5,30.0,11.3
21900.0,1.33,5.0,0.5,6.0,30.1,11.3
21905.0,1.33,5.3,0.49,6.0,30.5,11.3
21910.0,1.33,5.6,0.49,4.5,30.3,11.3
21915.0,1.33,5.0,0.48,5.0,30.4,11.3
21920.0,1.33,4.9,0.48,5.5,30.2,11.3
21925.0,1.33,4.8,0.5,5.5,30.2,11.3
21930.0,1.33,4.7,0.49,5.0,29.9,11.3
21935.0,1.33,4.8,0.48,5.5,29.9,11.3
21940.0,1.33,4.6,0.49,4.0,30.6,11.3
21945.0,1.33,5.6,0.48,4.0,30.4,11.3
21950.0,1.33,5.4,0.48,4.0,30.0,11.3
21955.0,1.33,5.4,0.48,5.0,30.6,11.3
21960.0,1.33,4.7,0.49,5.5,30.0,11.3
21965.0,1.33,5.5,0.48,4.5,30.2,11.3
21970.0,1.33,4.7,0.5,5.5,30.3,11.3
21975.0,1.33,4.8,0.49,5.5,30.2,11.3
21980.0,1.33,5.3,0.49,5.5,30.3,11.3
21985.0,1.33,5.0,0.47,4.5,30.3,11.3
21990.0,1.33,4.7,0.48,5.5,30.2,11.4
21995.0,1.33,4.7,0.49,4.5,30.4,11.4
22000.0,1.33,5.3,0.5,5.0,30.1,11.3
22005.0,1.33,5.4,0.49,4.5,30.0,11.3
22010.0,1.33,5.5,0.49,4.0,30.2,11.3
22015.0,1.33,5.0,0.49,6.0,30.5,11.3
22020.0,1.33,4.7,0.49,5.0,30.3,11.3
22025.0,1.33,5.2,0.51,6.5,30.5,11.3
22030.0,1.33,5.2,0.48,5.0,30.0,11.3
22035.0,1.33,4.9,0.5,5.5,30.0,11.3
22040.0,1.33,4.9,0.48,6.5,30.5,11.3
22045.0,1.33,5.0,0.48,4.5,29.8,11.3
22050.0,1.33,4.8,0.48,5.0,30.1,11.3
22055.0,1.33,5.4,0.48,6.0,30.4,11.3
22060.0,1.33,5.1,0.47,5.5,29.9,11.3
22065.0,1.33,5.3,0.48,5.0,30.5,11.3
22070.0,1.33,5.6,0.49,4.5,30.1,11.3
22075.0,1.33,4.7,0.48,5.5,30.0,11.3
22080.0,1.33,5.0,0.48,5.0,30.4,11.3
22085.0,1.33,5.4,0.48,4.5,30.2,11.3
22090.0,1.33,5.4,0.49,4.5,29.7,11.3
22095.0,1.33,5.0,0.48,5.0,30.2,11.3
22100.0,1.33,5.1,0.48,3.5,29.8,11.3
22105.0,1.33,5.2,0.48,6.0,30.1,11.3
22110.0,1.33,5.2,0.48,5.5,30.5,11.3
22115.0,1.33,4.5,0.48,4.0,30.2,11.3
22120.0,1.33,5.2,0.48,6.0,30.3,11.3
22125.0,1.33,5.4,0.47,5.0,30.0,11.3
22130.0,1.33,4.5,0.51,5.0,30.3,11.3
22135.0,1.33,4.8,0.49,6.0,30.1,11.3
22140.0,1.33,5.4,0.48,5.5,30.1,11.3
22145.0,1.33,5.1,0.47,4.0,30.3,11.3
22150.0,1.33,5.0,0.49,5.0,30.2,11.3
22155.0,1.33,5.3,0.49,5.0,30.2,11.3
22160.0,1.33,5.0,0.47,5.0,29.9,11.3
22165.0,1.33,4.5,0.5,5.0,30.0,11.3
22170.0,1.33,5.1,0.49,5.0,30.3,11.3
22175.0,1.33,5.1,0.46,6.0,30.0,11.3
22180.0,1.33,4.9,0.47,4.5,30.2,11.2
22185.0,1.33,5.6,0.48,4.5,29.7,11.3
22190.0,1.33,5.5,0.47,4.0,30.3,11.3
22195.0,1.33,4.9,0.48,5.0,30.4,11.2
22200.0,1.33,5.2,0.5,3.5,30.4,11.2
22205.0,1.33,4.7,0.49,5.5,29.8,11.2
22210.0,1.33,5.3,0.49,5.0,29.8,11.2
22215.0,1.33,5.0,0.48,4.0,29.7,11.2
22220.0,1.33,5.0,0.49,5.0,30.4,11.2
22225.0,1.33,5.4,0.48,4.0,30.3,11.2
22230.0,1.33,5.1,0.5,4.5,30.1,11.3
22235.0,1.33,5.3,0.5,5.5,30.0,11.3
22240.0,1.33,5.3,0.49,4.5,30.4,11.2
22245.0,1.33,5.5,0.48,6.0,30.3,11.3
22250.0,1.33,5.2,0.48,7.0,30.4,11.2
22255.0,1.33,4.6,0.47,4.5,30.0,11.2
22260.0,1.33,4.8,0.49,4.0,30.2,11.2
22265.0,1.33,4.5,0.48,4.5,30.1,11.2
22270.0,1.33,4.6,0.49,3.5,30.1,11.2
22275.0,1.33,4.9,0.49,5.0,30.0,11.2
22280.0,1.33,4.5,0.49,5.0,29.9,11.2
22285.0,1.33,5.3,0.49,6.0,29.9,11.2
22290.0,1.33,5.3,0.47,6.5,30.0,11.2
22295.0,1.33,5.3,0.46,3.5,30.3,11.2
22300.0,1.33,5.2,0.48,4.5,30.3,11.2
22305.0,1.33,5.1,0.49,4.5,30.4,11.2
22310.0,1.33,5.5,0.48,4.0,30.5,11.2
22315.0,1.33,4.3,0.49,4.5,30.2,11.2
22320.0,1.33,5.3,0.48,6.5,30.3,11.2
22325.0,1.33,4.7,0.49,5.0,30.1,11.2
22330.0,1.33,5.0,0.47,3.5,30.6,11.2
22335.0,1.33,4.7,0.47,3.5,29.9,11.2
22340.0,1.33,5.0,0.48,5.0,30.1,11.2
22345.0,1.33,4.6,0.49,5.5,30.1,11.2
22350.0,1.33,4.7,0.49,5.5,30.0,11.2
22355.0,1.33,5.2,0.48,5.5,30.6,11.2
22360.0,1.33,5.0,0.51,5.0,29.8,11.2
22365.0,1.33,4.9,0.49,5.5,30.5,11.2
22370.0,1.33,5.1,0.46,5.0,30.0,11.2
22375.0,1.33,5.4,0.49,4.5,29.9,11.2
22380.0,1.33,5.1,0.48,4.0,30.4,11.2
22385.0,1.33,4.1,0.48,5.5,30.2,11.2
22390.0,1.33,4.8,0.47,5.5,30.0,11.2
22395.0,1.33,4.7,0.49,3.0,30.6,11.2
22400.0,1.33,4.9,0.48,4.5,30.0,11.2
22405.0,1.33,5.3,0.49,4.5,30.3,11.2
22410.0,1.33,4.7,0.49,5.0,30.4,11.2
22415.0,1.33,5.0,0.48,5.0,29.9,11.2
22420.0,1.33,5.2,0.49,5.0,30.2,11.2
22425.0,1.33,5.0,0.49,6.5,29.8,11.3
22430.0,1.33,4.6,0.51,5.0,30.1,11.3
22435.0,1.33,5.0,0.49,5.5,29.8,11.2
22440.0,1.33,5.2,0.48,4.0,30.0,11.3
22445.0,1.33,5.0,0.51,6.5,30.3,11.3
22450.0,1.33,5.3,0.47,5.5,30.1,11.2
22455.0,1.33,5.4,0.48,4.0,30.5,11.3
22460.0,1.33,5.1,0.48,4.5,29.7,11.3
22465.0,1.33,4.7,0.48,5.5,29.9,11.3
22470.0,1.33,5.0,0.49,6.0,30.2,11.3
22475.0,1.33,5.0,0.47,4.5,30.0,11.3
22480.0,1.33,4.9,0.48,5.0,30.2,11.3
22485.0,1.33,4.9,0.49,4.5,30.5,11.3
22490.0,1.33,5.3,0.5,4.5,30.4,11.3
22495.0,1.33,5.2,0.48,5.0,29.9,11.3
22500.0,1.33,4.4,0.49,5.0,30.1,11.4
22505.0,1.33,5.0,0.49,4.5,30.5,11.4
22510.0,1.33,5.0,0.49,4.5,30.4,11.4
22515.0,1.33,5.2,0.47,5.0,30.1,11.4
22520.0,1.33,5.3,0.49,5.5,29.8,11.3
22525.0,1.33,5.1,0.5,6.0,30.1,11.3
22530.0,1.33,5.0,0.49,4.0,30.0,11.2
22535.0,1.33,5.2,0.5,6.5,30.0,11.2
22540.0,1.33,5.2,0.49,5.0,29.8,11.2
22545.0,1.33,5.0,0.49,5.0,29.9,11.1
22550.0,1.33,5.1,0.48,3.5,30.2,11.1
22555.0,1.33,5.1,0.5,6.0,30.4,11.1
22560.0,1.33,5.2,0.5,4.5,30.3,11.0
22565.0,1.33,4.9,0.47,5.5,30.3,10.9
22570.0,1.33,4.7,0.5,5.0,30.3,10.9
22575.0,1.33,4.5,0.49,6.5,30.2,10.8
22580.0,1.33,5.0,0.48,5.0,30.1,10.8
22585.0,1.33,5.4,0.48,4.5,30.4,10.7
22590.0,1.33,5.0,0.48,4.0,30.3,10.7
22595.0,1.33,4.8,0.48,7.0,30.0,10.6
22600.0,1.33,5.5,0.48,5.0,30.4,10.6
22605.0,1.33,5.0,0.5,5.0,30.0,10.5
22610.0,1.33,4.8,0.48,3.5,30.3,10.5
22615.0,1.33,5.0,0.49,4.5,29.9,10.4
22620.0,1.33,4.6,0.48,5.0,30.4,10.4
22625.0,1.33,5.2,0.47,4.5,30.1,10.4
22630.0,1.33,5.2,0.5,5.5,30.0,10.3
22635.0,1.33,5.4,0.48,5.5,30.1,10.2
22640.0,1.33,5.3,0.49,4.5,30.2,10.2
22645.0,1.33,4.8,0.49,4.0,30.3,10.2
22650.0,1.33,4.8,0.48,5.5,30.0,10.1
22655.0,1.33,5.4,0.48,5.5,29.7,10.0
22660.0,1.33,5.1,0.48,4.0,29.9,10.0
22665.0,1.33,5.1,0.48,3.5,30.3,9.9
22670.0,1.34,5.0,0.49,5.0,30.5,9.9
22675.0,1.34,4.4,0.49,5.0,30.3,9.8
22680.0,1.34,5.1,0.48,4.5,30.4,9.8
22685.0,1.34,5.1,0.49,5.0,30.2,9.7
22690.0,1.34,5.3,0.47,5.0,30.3,9.7
22695.0,1.34,5.2,0.47,5.0,30.6,9.6
22700.0,1.34,5.3,0.49,6.0,30.0,9.6
22705.0,1.34,5.3,0.47,4.5,30.5,9.5
22710.0,1.35,5.6,0.5,5.5,30.2,9.5
22715.0,1.35,5.8,0.5,6.0,30.1,9.4
22720.0,1.35,5.8,0.49,5.5,30.3,9.4
22725.0,1.35,5.0,0.49,5.0,30.1,9.3
22730.0,1.35,5.8,0.49,5.5,30.2,9.3
22735.0,1.35,5.8,0.48,5.5,30.4,9.3
22740.0,1.35,5.2,0.49,6.5,30.3,9.3
22745.0,1.36,5.0,0.48,5.0,30.1,9.2
22750.0,1.36,5.4,0.49,4.0,30.4,9.2
22755.0,1.36,5.8,0.48,5.0,30.3,9.1
22760.0,1.36,5.4,0.49,5.5,30.3,9.1
22765.0,1.37,6.1,0.49,5.5,30.2,9.1
22770.0,1.37,6.1,0.48,6.0,30.2,9.0
22775.0,1.37,6.3,0.5,5.5,30.5,9.0
22780.0,1.37,6.3,0.48,6.0,30.5,8.9
22785.0,1.38,5.7,0.49,5.0,30.7,8.9
22790.0,1.38,5.6,0.48,5.0,30.5,8.8
22795.0,1.39,5.5,0.48,5.0,30.2,8.8
22800.0,1.39,6.2,0.48,7.0,29.9,8.7
22805.0,1.39,6.2,0.47,4.5,30.2,8.7
22810.0,1.39,5.7,0.5,5.0,30.7,8.6
22815.0,1.4,6.2,0.49,4.5,30.3,8.6
22820.0,1.41,6.8,0.5,5.0,30.2,8.5
22825.0,1.41,7.0,0.5,7.0,30.8,8.5
22830.0,1.43,7.0,0.49,5.0,29.8,8.4
22835.0,1.42,6.8,0.49,6.5,30.5,8.4
22840.0,1.44,7.2,0.51,5.5,30.4,8.3
22845.0,1.45,7.4,0.47,6.5,30.6,8.2
22850.0,1.46,7.3,0.47,5.0,30.4,8.2
22855.0,1.47,7.3,0.5,7.0,30.4,8.1
22860.0,1.49,7.8,0.49,7.0,30.1,8.1
22865.0,1.49,8.2,0.48,6.5,30.4,8.0
22870.0,1.5,8.2,0.5,6.5,30.6,8.0
22875.0,1.53,8.8,0.47,6.5,30.4,7.9
22880.0,1.54,9.3,0.51,7.5,30.5,7.8
22885.0,1.56,9.1,0.48,6.5,30.5,7.8
22890.0,1.56,8.7,0.5,8.5,30.3,7.8
22895.0,1.58,10.0,0.51,9.0,30.7,7.7
22900.0,1.59,9.8,0.48,8.5,30.4,7.7
22905.0,1.61,9.7,0.5,8.5,30.6,7.6
22910.0,1.64,10.7,0.5,10.0,30.0,7.6
22915.0,1.64,10.4,0.49,10.5,30.3,7.6
22920.0,1.64,10.5,0.52,9.5,30.3,7.6
22925.0,1.64,9.9,0.49,9.5,31.0,7.5
22930.0,1.67,10.5,0.5,11.5,30.5,7.5
22935.0,1.69,11.4,0.5,11.0,30.6,7.5
22940.0,1.71,11.6,0.51,10.5,30.5,7.4
22945.0,1.75,13.0,0.51,12.5,30.3,7.3
22950.0,1.75,12.2,0.51,13.0,30.8,7.3
22955.0,1.77,12.8,0.51,13.0,30.7,7.3
22960.0,1.81,13.0,0.52,14.0,30.7,7.2
22965.0,1.84,14.4,0.52,15.0,30.6,7.2
22970.0,1.88,14.8,0.54,17.5,30.6,7.1
22975.0,1.9,15.1,0.54,17.0,30.2,7.1
22980.0,1.94,16.1,0.55,16.5,30.3,7.1
22985.0,1.95,16.0,0.51,18.0,30.6,7.1
22990.0,2.0,17.0,0.53,20.0,30.9,7.0
22995.0,2.04,17.5,0.55,21.0,30.6,7.0
23000.0,2.11,19.0,0.55,22.5,30.1,6.9
23005.0,2.14,19.9,0.55,23.0,30.6,6.9
23010.0,2.21,20.5,0.57,26.5,30.6,6.8
23015.0,2.25,21.3,0.57,27.5,30.5,6.8
23020.0,2.32,22.2,0.58,28.5,30.5,6.8
23025.0,2.36,23.2,0.6,31.5,30.5,6.8
23030.0,2.47,25.0,0.59,35.0,30.4,6.7
23035.0,2.53,26.6,0.64,40.0,30.8,6.7
23040.0,2.58,27.0,0.63,41.0,30.7,6.7
23045.0,2.66,28.5,0.65,44.0,30.5,6.7
23050.0,2.72,29.4,0.66,46.0,30.4,6.7
23055.0,2.76,30.8,0.69,49.5,30.2,6.7
23060.0,2.79,30.8,0.66,50.5,30.7,6.7
23065.0,2.88,32.6,0.69,56.0,31.0,6.7
23070.0,2.94,33.2,0.73,57.0,30.8,6.7
23075.0,3.0,34.5,0.72,60.5,30.6,6.7
23080.0,3.08,36.4,0.75,65.5,30.8,6.6
23085.0,3.15,37.3,0.77,68.5,30.1,6.6
23090.0,3.2,38.3,0.79,71.0,30.4,6.6
23095.0,3.26,39.0,0.79,75.5,30.5,6.6
23100.0,3.31,40.1,0.82,77.5,30.8,6.6
23105.0,3.35,41.0,0.84,80.0,30.5,6.6
23110.0,3.41,41.2,0.85,82.0,31.0,6.6
23115.0,3.45,42.5,0.87,85.0,30.6,6.6
23120.0,3.49,42.3,0.88,86.5,30.5,6.6
23125.0,3.53,43.3,0.88,87.5,30.7,6.6
23130.0,3.53,43.8,0.89,88.5,30.6,6.6
23135.0,3.52,43.2,0.87,88.0,30.8,6.6
23140.0,3.53,43.6,0.89,88.5,31.1,6.6
23145.0,3.53,43.8,0.89,89.0,30.6,6.6
23150.0,3.52,43.7,0.89,89.0,31.0,6.6
23155.0,3.52,43.4,0.91,89.0,31.1,6.6
23160.0,3.52,43.5,0.88,87.5,30.7,6.6
23165.0,3.54,43.9,0.9,90.0,30.5,6.6
23170.0,3.53,43.7,0.89,88.5,30.2,6.6
23175.0,3.54,43.9,0.92,89.0,30.5,6.6
23180.0,3.54,43.8,0.91,89.5,30.2,6.6
23185.0,3.54,43.9,0.91,89.5,30.3,6.6
23190.0,3.54,44.3,0.89,88.5,30.8,6.6
23195.0,3.55,43.7,0.9,89.0,30.7,6.5
23200.0,3.55,44.2,0.9,90.0,30.6,6.5
23205.0,3.54,44.3,0.89,88.5,30.3,6.5
23210.0,3.53,43.9,0.92,89.5,30.3,6.6
23215.0,3.55,44.1,0.9,90.0,31.1,6.6
23220.0,3.55,43.9,0.91,90.5,30.9,6.6
23225.0,3.55,44.3,0.89,90.5,30.7,6.5
23230.0,3.56,44.6,0.92,91.5,30.8,6.5
23235.0,3.58,44.5,0.93,92.0,30.8,6.5
23240.0,3.58,44.9,0.94,93.0,30.8,6.5
23245.0,3.58,44.7,0.92,91.0,30.5,6.5
23250.0,3.59,44.9,0.92,92.5,30.9,6.5
23255.0,3.6,45.4,0.92,92.5,30.4,6.4
23260.0,3.62,45.5,0.93,94.5,30.4,6.4
23265.0,3.61,45.1,0.94,92.5,30.7,6.4
23270.0,3.6,45.3,0.93,93.0,30.3,6.4
23275.0,3.61,44.9,0.95,92.5,30.6,6.4
23280.0,3.59,44.8,0.92,93.0,30.1,6.4
23285.0,3.6,45.1,0.92,92.0,30.6,6.4
23290.0,3.6,45.1,0.92,92.5,31.0,6.5
23295.0,3.6,45.2,0.92,92.0,30.7,6.4
23300.0,3.61,44.9,0.93,93.0,30.7,6.4
23305.0,3.61,45.4,0.94,94.5,30.8,6.4
23310.0,3.59,45.1,0.92,92.5,30.3,6.4
23315.0,3.6,45.7,0.92,93.5,30.9,6.4
23320.0,3.6,44.6,0.92,92.5,31.0,6.5
23325.0,3.6,45.0,0.93,93.0,30.5,6.4
23330.0,3.6,44.5,0.92,93.5,30.5,6.4
23335.0,3.59,44.9,0.92,94.0,30.3,6.4
23340.0,3.59,44.7,0.93,92.5,30.9,6.5
23345.0,3.59,45.0,0.93,92.0,30.8,6.5
23350.0,3.58,44.7,0.91,91.0,30.5,6.5
23355.0,3.58,44.4,0.9,92.5,30.6,6.5
23360.0,3.59,44.6,0.92,91.5,30.7,6.5
23365.0,3.6,45.2,0.9,92.5,30.7,6.5
23370.0,3.62,45.8,0.93,94.0,30.9,6.4
23375.0,3.64,45.5,0.94,94.0,30.8,6.4
23380.0,3.63,45.4,0.93,94.0,30.6,6.4
23385.0,3.63,45.5,0.9,95.5,30.8,6.4
23390.0,3.63,44.9,0.94,95.5,30.6,6.4
23395.0,3.64,46.0,0.93,95.5,30.8,6.4
23400.0,3.62,45.7,0.93,94.5,30.6,6.4
23405.0,3.62,45.3,0.93,94.0,30.9,6.4
23410.0,3.61,45.1,0.92,93.5,30.4,6.4
23415.0,3.62,45.2,0.92,93.0,30.8,6.4
23420.0,3.62,45.0,0.94,95.5,30.6,6.4
23425.0,3.62,45.3,0.94,95.5,30.7,6.4
23430.0,3.63,45.4,0.95,96.0,30.9,6.4
23435.0,3.62,45.7,0.93,93.5,30.8,6.4
23440.0,3.62,45.6,0.94,93.5,30.4,6.4
23445.0,3.62,45.1,0.93,94.0,30.5,6.4
23450.0,3.62,45.8,0.94,94.5,30.4,6.4
23455.0,3.62,45.9,0.94,95.0,30.5,6.4
23460.0,3.63,45.6,0.94,95.0,31.0,6.4
23465.0,3.62,45.4,0.93,94.5,30.7,6.4
23470.0,3.61,45.1,0.92,94.5,30.5,6.4
23475.0,3.61,46.0,0.92,93.0,30.6,6.4
23480.0,3.62,45.5,0.91,92.0,30.4,6.4
23485.0,3.62,45.1,0.92,94.0,30.5,6.4
23490.0,3.62,45.3,0.94,95.5,30.7,6.4
23495.0,3.6,45.3,0.94,94.5,30.3,6.4
23500.0,3.6,44.9,0.92,93.0,30.6,6.4
23505.0,3.6,44.7,0.92,92.0,30.4,6.4
23510.0,3.61,45.2,0.93,94.5,31.2,6.4
23515.0,3.6,45.0,0.91,92.0,30.7,6.4
23520.0,3.59,44.3,0.91,93.0,30.8,6.5
23525.0,3.59,45.0,0.92,92.0,30.5,6.5
23530.0,3.6,44.5,0.91,93.0,30.6,6.4
23535.0,3.6,44.8,0.94,94.5,30.5,6.4
23540.0,3.6,45.2,0.93,93.5,30.9,6.5
23545.0,3.59,44.6,0.92,93.0,30.7,6.5
23550.0,3.58,45.0,0.91,91.0,30.1,6.5
23555.0,3.59,44.9,0.93,92.5,30.8,6.5
23560.0,3.61,45.3,0.93,93.0,30.8,6.4
23565.0,3.61,45.6,0.94,93.5,31.0,6.5
23570.0,3.6,44.9,0.91,92.5,31.0,6.5
23575.0,3.59,45.0,0.92,92.0,30.4,6.5
23580.0,3.58,45.3,0.9,91.0,30.1,6.5
23585.0,3.58,44.8,0.91,92.0,30.8,6.5
23590.0,3.55,44.3,0.91,91.5,30.1,6.5
23595.0,3.56,44.8,0.91,90.5,30.5,6.5
23600.0,3.58,44.7,0.92,90.5,31.1,6.5
23605.0,3.57,44.3,0.92,92.0,30.7,6.5
23610.0,3.57,44.4,0.92,91.0,30.2,6.5
23615.0,3.57,44.6,0.92,93.0,30.7,6.5
23620.0,3.56,44.4,0.89,91.0,30.0,6.5
23625.0,3.58,44.3,0.93,92.5,30.5,6.5
23630.0,3.58,44.3,0.93,92.0,30.8,6.5
23635.0,3.58,44.7,0.92,93.0,30.7,6.5
23640.0,3.57,44.7,0.92,90.5,30.7,6.5
23645.0,3.56,44.5,0.92,91.0,30.3,6.5
23650.0,3.56,44.1,0.9,89.5,30.8,6.5
23655.0,3.57,45.0,0.9,91.5,30.5,6.5
23660.0,3.55,43.9,0.9,89.5,30.0,6.5
23665.0,3.56,44.0,0.89,90.0,30.4,6.5
23670.0,3.57,44.7,0.92,91.0,30.7,6.5
23675.0,3.57,44.2,0.9,91.0,30.6,6.5
23680.0,3.58,44.4,0.91,91.5,30.6,6.5
23685.0,3.59,44.6,0.91,91.5,30.7,6.5
23690.0,3.61,45.1,0.93,93.5,30.8,6.4
23695.0,3.62,45.5,0.93,94.0,30.4,6.4
23700.0,3.61,44.8,0.93,94.5,30.5,6.4
23705.0,3.6,44.5,0.93,92.5,30.0,6.4
23710.0,3.61,45.8,0.91,92.5,31.1,6.4
23715.0,3.62,45.0,0.92,92.5,30.5,6.4
23720.0,3.62,45.0,0.92,94.5,30.2,6.4
23725.0,3.61,45.1,0.93,93.5,30.2,6.4
23730.0,3.62,45.1,0.94,95.0,30.4,6.4
23735.0,3.62,45.4,0.92,94.5,30.8,6.4
23740.0,3.62,45.4,0.93,94.5,30.4,6.4
23745.0,3.63,45.6,0.93,94.0,30.6,6.4
23750.0,3.63,45.7,0.93,93.5,30.8,6.4
23755.0,3.62,45.4,0.94,96.0,30.2,6.4
23760.0,3.64,45.7,0.92,95.5,30.6,6.4
23765.0,3.63,45.2,0.93,94.5,30.6,6.4
23770.0,3.62,45.1,0.94,95.0,30.6,6.4
23775.0,3.61,45.4,0.92,93.0,30.6,6.4
23780.0,3.59,45.1,0.91,91.0,30.5,6.5
23785.0,3.6,45.1,0.94,94.5,30.6,6.4
23790.0,3.58,44.1,0.93,92.0,30.0,6.5
23795.0,3.61,45.3,0.92,95.0,30.7,6.4
23800.0,3.58,45.4,0.93,92.5,29.8,6.5
23805.0,3.59,45.0,0.93,92.5,30.2,6.4
23810.0,3.61,44.8,0.92,93.5,30.7,6.4
23815.0,3.6,45.5,0.94,94.0,30.2,6.4
23820.0,3.6,44.7,0.9,92.0,30.4,6.4
23825.0,3.6,45.4,0.92,93.0,30.4,6.4
23830.0,3.6,45.3,0.92,94.0,30.3,6.4
23835.0,3.6,44.6,0.92,93.0,30.5,6.4
23840.0,3.59,45.4,0.93,90.5,30.1,6.4
23845.0,3.59,45.1,0.9,92.0,30.6,6.5
23850.0,3.58,44.7,0.91,93.0,30.2,6.5
23855.0,3.59,44.9,0.91,91.5,30.5,6.5
23860.0,3.59,44.5,0.92,92.5,30.7,6.5
23865.0,3.58,44.8,0.92,91.0,30.8,6.5
23870.0,3.56,44.3,0.9,92.5,29.2,6.5
23875.0,3.57,44.1,0.92,92.5,30.4,6.5
23880.0,3.55,43.6,0.91,90.5,30.2,6.5
23885.0,3.55,44.5,0.91,91.5,30.6,6.5
23890.0,3.54,44.3,0.9,90.0,30.3,6.5
23895.0,3.54,44.4,0.92,90.5,30.6,6.6
23900.0,3.53,43.5,0.9,89.5,29.9,6.5
23905.0,3.54,44.4,0.89,89.0,30.2,6.6
23910.0,3.53,43.4,0.89,90.0,30.5,6.6
23915.0,3.52,43.7,0.88,87.0,30.3,6.6
23920.0,3.51,43.7,0.89,87.5,30.1,6.6
23925.0,3.51,43.7,0.88,86.5,30.5,6.6
23930.0,3.51,43.9,0.91,89.0,30.4,6.6
23935.0,3.51,43.3,0.88,87.5,29.8,6.6
23940.0,3.54,43.6,0.91,89.5,30.4,6.5
23945.0,3.55,44.3,0.91,90.5,30.1,6.5
23950.0,3.56,44.4,0.9,92.0,30.4,6.5
23955.0,3.55,44.3,0.92,91.5,29.8,6.5
23960.0,3.56,44.1,0.92,90.5,29.9,6.5
23965.0,3.55,44.1,0.9,90.0,30.0,6.5
23970.0,3.53,43.3,0.89,89.0,29.4,6.5
23975.0,3.55,44.8,0.89,88.5,30.0,6.5
23980.0,3.53,44.0,0.89,89.0,29.6,6.5
23985.0,3.51,43.4,0.88,88.5,29.8,6.6
23990.0,3.51,43.2,0.9,88.0,29.8,6.6
23995.0,3.52,43.9,0.87,87.0,30.1,6.6
24000.0,3.54,44.2,0.91,90.0,30.3,6.6
24005.0,3.54,44.3,0.9,90.0,30.3,6.5
24010.0,3.55,43.8,0.91,90.0,30.2,6.5
24015.0,3.54,44.6,0.88,89.5,30.3,6.5
24020.0,3.53,43.6,0.89,90.5,30.0,6.5
24025.0,3.54,43.6,0.92,89.5,29.9,6.5
24030.0,3.54,44.1,0.91,89.0,30.0,6.5
24035.0,3.55,44.3,0.91,90.5,30.2,6.5
24040.0,3.56,44.1,0.9,90.5,30.2,6.5
24045.0,3.55,44.0,0.92,91.0,29.7,6.5
24050.0,3.55,44.0,0.9,90.5,29.7,6.5
24055.0,3.55,44.3,0.91,90.0,29.8,6.5
24060.0,3.55,45.0,0.89,91.0,29.8,6.5
24065.0,3.56,44.3,0.91,91.5,29.9,6.5
24070.0,3.58,44.7,0.9,90.5,29.9,6.5
24075.0,3.57,45.0,0.9,89.0,29.8,6.5
24080.0,3.58,44.3,0.91,91.5,30.1,6.5
24085.0,3.59,44.9,0.92,93.5,29.9,6.4
24090.0,3.57,45.0,0.89,91.0,29.9,6.5
24095.0,3.57,44.8,0.93,91.0,30.3,6.5
24100.0,3.56,44.0,0.91,90.5,29.4,6.5
24105.0,3.55,43.8,0.9,88.5,30.0,6.5
24110.0,3.55,43.8,0.91,90.5,30.1,6.5
24115.0,3.55,44.3,0.91,90.5,30.3,6.5
24120.0,3.56,44.5,0.9,91.0,30.0,6.5
24125.0,3.55,44.0,0.9,90.5,30.0,6.5
24130.0,3.56,44.4,0.92,91.5,30.2,6.5
24135.0,3.54,43.6,0.91,90.0,29.4,6.5
24140.0,3.54,44.8,0.88,89.0,29.5,6.5
24145.0,3.55,43.9,0.9,90.0,29.8,6.5
24150.0,3.54,44.3,0.9,89.5,29.7,6.5
24155.0,3.54,44.1,0.9,89.5,30.0,6.5
24160.0,3.51,43.6,0.89,88.5,29.1,6.5
24165.0,3.51,43.6,0.9,88.5,29.9,6.6
24170.0,3.53,43.6,0.89,88.5,30.1,6.6
24175.0,3.53,43.7,0.9,88.5,29.9,6.6
24180.0,3.53,44.2,0.89,89.0,29.9,6.5
24185.0,3.53,43.5,0.91,89.5,29.6,6.5
24190.0,3.52,43.5,0.89,87.5,29.3,6.5
24195.0,3.53,43.6,0.9,90.0,29.3,6.5
24200.0,3.54,44.1,0.91,90.5,30.1,6.5
24205.0,3.53,43.2,0.91,89.0,29.6,6.5
24210.0,3.53,44.1,0.88,88.0,30.2,6.6
24215.0,3.52,43.8,0.87,87.0,29.5,6.5
24220.0,3.52,43.7,0.89,89.5,29.4,6.5
24225.0,3.53,43.5,0.89,89.0,29.6,6.5
24230.0,3.53,43.7,0.89,88.5,29.6,6.5
24235.0,3.52,43.5,0.89,89.0,29.6,6.6
24240.0,3.49,43.2,0.89,87.0,29.4,6.6
24245.0,3.5,43.6,0.88,86.5,29.9,6.6
24250.0,3.5,43.4,0.91,87.5,29.6,6.6
24255.0,3.5,43.2,0.87,86.0,29.1,6.6
24260.0,3.5,43.7,0.89,87.0,29.4,6.6
24265.0,3.51,43.0,0.89,88.0,29.3,6.6
24270.0,3.5,42.9,0.86,87.0,29.6,6.6
24275.0,3.5,43.4,0.89,89.5,29.2,6.6
24280.0,3.49,42.9,0.88,86.0,29.3,6.6
24285.0,3.48,42.9,0.88,86.0,29.3,6.6
24290.0,3.48,42.2,0.89,86.5,29.6,6.6
24295.0,3.49,43.4,0.88,86.5,29.4,6.6
24300.0,3.49,43.1,0.89,87.5,30.0,6.6
24305.0,3.46,42.5,0.86,85.0,29.2,6.6
24310.0,3.47,42.5,0.88,85.0,29.4,6.6
24315.0,3.47,42.5,0.88,85.5,29.3,6.6
24320.0,3.47,42.8,0.87,86.0,29.0,6.6
24325.0,3.47,42.4,0.88,85.5,29.3,6.6
24330.0,3.47,42.4,0.89,87.5,29.0,6.6
24335.0,3.47,43.1,0.87,86.0,29.0,6.6
24340.0,3.48,42.7,0.87,86.5,29.6,6.6
24345.0,3.45,42.5,0.87,84.5,28.9,6.6
24350.0,3.46,43.1,0.89,86.0,29.2,6.6
24355.0,3.45,42.3,0.87,84.0,29.0,6.6
24360.0,3.45,41.9,0.83,84.0,28.9,6.6
24365.0,3.45,41.9,0.86,84.5,29.3,6.6
24370.0,3.45,42.3,0.87,84.0,29.3,6.7
24375.0,3.43,41.6,0.85,82.5,29.0,6.7
24380.0,3.44,42.6,0.85,84.0,29.2,6.7
24385.0,3.4,41.5,0.84,81.0,29.6,6.7
24390.0,3.39,41.4,0.85,81.5,29.2,6.7
24395.0,3.38,41.5,0.85,80.5,29.4,6.8
24400.0,3.38,41.7,0.85,81.0,29.2,6.7
24405.0,3.38,41.3,0.84,81.0,29.2,6.7
24410.0,3.4,41.6,0.83,81.5,29.3,6.7
24415.0,3.39,40.8,0.84,81.0,29.3,6.7
24420.0,3.38,40.9,0.83,81.0,29.3,6.7
24425.0,3.41,41.9,0.82,81.5,29.5,6.7
24430.0,3.39,41.5,0.85,81.5,28.9,6.7
24435.0,3.39,41.5,0.84,81.5,28.8,6.7
24440.0,3.39,41.6,0.86,81.5,29.0,6.7
24445.0,3.4,41.9,0.86,83.0,29.3,6.7
24450.0,3.4,41.9,0.86,81.5,29.4,6.7
24455.0,3.39,41.2,0.83,81.0,29.0,6.7
24460.0,3.4,41.7,0.83,80.5,28.6,6.7
24465.0,3.42,41.5,0.84,81.5,29.4,6.7
24470.0,3.4,41.7,0.84,82.0,28.9,6.7
24475.0,3.4,41.6,0.83,80.5,28.5,6.7
24480.0,3.4,41.6,0.86,81.0,29.2,6.7
24485.0,3.38,40.8,0.84,80.5,28.6,6.7
24490.0,3.37,41.2,0.84,80.5,28.8,6.8
24495.0,3.35,40.9,0.83,78.0,29.0,6.8
24500.0,3.33,40.7,0.85,79.5,28.6,6.8
24505.0,3.36,40.5,0.84,80.0,28.9,6.8
24510.0,3.35,40.3,0.83,79.0,29.0,6.8
24515.0,3.34,40.2,0.83,79.5,28.6,6.8
24520.0,3.34,40.8,0.83,79.0,28.9,6.8
24525.0,3.33,40.3,0.83,77.5,28.9,6.8
24530.0,3.33,39.9,0.8,76.0,28.4,6.8
24535.0,3.33,40.2,0.82,78.5,28.8,6.8
24540.0,3.34,40.4,0.83,79.0,28.5,6.8
24545.0,3.32,39.9,0.84,76.5,28.5,6.8
24550.0,3.32,40.1,0.83,77.0,28.4,6.8
24555.0,3.3,39.8,0.81,75.5,28.2,6.8
24560.0,3.3,39.6,0.8,76.0,28.5,6.8
24565.0,3.3,39.7,0.81,74.5,28.6,6.8
24570.0,3.3,39.7,0.81,75.5,28.4,6.8
24575.0,3.29,39.1,0.82,76.0,28.8,6.9
24580.0,3.28,39.3,0.81,75.5,28.7,6.9
24585.0,3.27,39.5,0.81,74.0,28.5,6.9
24590.0,3.26,39.2,0.8,75.5,28.6,6.9
24595.0,3.27,39.2,0.8,73.5,28.8,6.9
24600.0,3.27,39.1,0.81,75.0,28.5,6.9
24605.0,3.28,39.7,0.78,74.5,28.3,6.9
24610.0,3.28,39.0,0.8,76.0,28.3,6.8
24615.0,3.28,39.2,0.82,75.0,29.0,6.9
24620.0,3.28,39.3,0.79,75.0,28.9,6.9
24625.0,3.26,39.1,0.79,74.5,28.8,6.9
24630.0,3.25,38.4,0.8,73.5,28.9,6.9
24635.0,3.24,39.0,0.81,73.0,28.4,6.9
24640.0,3.24,38.4,0.79,74.0,28.4,6.9
24645.0,3.22,38.4,0.78,72.0,28.3,6.9
24650.0,3.2,37.6,0.76,70.0,28.7,7.0
24655.0,3.18,37.8,0.78,69.0,28.2,7.0
24660.0,3.2,37.7,0.79,70.0,28.5,7.0
24665.0,3.18,37.4,0.76,69.0,28.1,7.0
24670.0,3.16,37.0,0.76,67.0,28.3,7.0
24675.0,3.15,37.4,0.76,67.5,28.2,7.0
24680.0,3.16,37.2,0.76,68.5,28.3,7.0
24685.0,3.18,37.8,0.78,69.5,28.3,7.0
24690.0,3.15,36.7,0.78,69.5,28.2,7.0
24695.0,3.17,37.3,0.78,68.5,28.2,7.0
24700.0,3.16,36.8,0.78,69.0,28.1,7.0
24705.0,3.15,37.6,0.78,68.5,28.1,7.0
24710.0,3.17,37.6,0.76,69.0,28.6,7.0
24715.0,3.17,37.2,0.79,71.0,28.4,7.0
24720.0,3.16,37.4,0.75,68.5,28.6,7.0
24725.0,3.13,36.7,0.76,66.0,28.0,7.0
24730.0,3.17,37.7,0.79,70.0,28.5,7.0
24735.0,3.14,37.0,0.77,67.0,28.7,7.0
24740.0,3.11,36.4,0.77,66.5,27.8,7.0
24745.0,3.1,36.3,0.76,66.5,28.0,7.0
24750.0,3.14,37.0,0.76,66.5,28.4,7.0
24755.0,3.14,36.8,0.74,67.0,28.1,7.0
24760.0,3.14,37.0,0.76,68.0,28.6,7.0
24765.0,3.12,36.4,0.73,65.0,28.2,7.0
24770.0,3.12,36.5,0.77,68.0,28.2,7.0
24775.0,3.1,35.9,0.74,65.0,28.5,7.0
24780.0,3.09,36.3,0.76,64.5,28.4,7.0
24785.0,3.08,35.6,0.75,64.0,28.2,7.0
24790.0,3.05,35.7,0.76,64.0,28.0,7.1
24795.0,3.03,34.7,0.73,62.0,27.6,7.1
24800.0,3.02,34.3,0.74,63.0,28.1,7.1
24805.0,3.01,34.7,0.71,60.5,28.3,7.1
24810.0,2.98,34.3,0.7,58.5,28.1,7.1
24815.0,2.97,33.4,0.72,60.5,27.9,7.1
24820.0,2.97,33.6,0.73,59.5,28.1,7.1
24825.0,2.99,34.0,0.72,59.5,28.2,7.1
24830.0,2.99,33.7,0.73,59.5,27.9,7.0
24835.0,2.96,33.8,0.74,59.0,27.2,7.1
24840.0,2.99,34.3,0.71,59.0,28.0,7.0
24845.0,2.99,34.4,0.72,59.0,28.1,7.0
24850.0,2.97,33.5,0.73,60.0,28.4,7.0
24855.0,2.94,33.6,0.7,57.0,27.8,7.1
24860.0,2.92,32.8,0.7,55.5,28.1,7.1
24865.0,2.93,33.3,0.7,57.0,28.0,7.1
24870.0,2.94,33.5,0.71,58.0,27.5,7.0
24875.0,2.96,34.0,0.72,59.0,28.4,7.0
24880.0,2.97,33.9,0.71,58.0,27.5,7.0
24885.0,2.98,33.7,0.71,58.5,28.1,7.0
24890.0,2.98,33.7,0.71,60.0,27.7,7.0
24895.0,3.0,34.4,0.74,61.0,27.9,7.0
24900.0,3.04,35.4,0.74,64.0,27.7,6.9
24905.0,3.05,35.1,0.73,63.0,28.0,6.9
24910.0,3.06,35.3,0.75,65.0,28.4,6.9
24915.0,3.07,35.6,0.74,64.0,27.5,6.9
24920.0,3.08,36.0,0.76,66.0,28.0,6.9
24925.0,3.06,35.1,0.74,64.0,27.6,7.0
24930.0,3.08,35.9,0.74,64.5,27.6,6.9
24935.0,3.1,36.3,0.76,67.0,28.2,6.9
24940.0,3.1,36.0,0.77,66.5,27.9,6.9
24945.0,3.13,37.4,0.76,68.0,28.0,6.9
24950.0,3.14,36.3,0.76,68.0,27.6,6.9
24955.0,3.16,37.4,0.77,68.5,28.1,6.9
24960.0,3.17,37.6,0.79,70.0,28.0,6.9
24965.0,3.19,38.0,0.78,69.0,27.5,6.9
24970.0,3.2,38.2,0.8,71.0,27.5,6.9
24975.0,3.22,38.6,0.78,71.5,27.7,6.9
24980.0,3.21,38.0,0.78,71.5,27.8,6.9
24985.0,3.22,38.4,0.79,70.5,27.7,6.9
24990.0,3.21,38.0,0.79,71.0,27.5,6.9
24995.0,3.22,38.7,0.78,70.0,27.8,6.9
25000.0,3.21,38.0,0.79,71.5,28.0,6.9
25005.0,3.21,38.0,0.77,69.5,27.9,6.9
25010.0,3.2,38.4,0.8,71.5,27.7,6.9
25015.0,3.19,37.6,0.77,69.0,28.1,7.0
25020.0,3.2,38.2,0.77,73.5,27.6,6.9
25025.0,3.2,37.7,0.78,71.5,27.7,6.9
25030.0,3.2,37.8,0.8,73.0,27.9,6.9
25035.0,3.2,37.6,0.77,70.5,27.8,6.9
25040.0,3.21,38.4,0.76,70.5,27.9,6.9
25045.0,3.2,37.4,0.76,69.5,27.5,6.9
25050.0,3.2,38.1,0.78,71.5,28.0,6.9
25055.0,3.18,37.6,0.78,69.0,27.5,7.0
25060.0,3.19,37.7,0.78,70.0,27.4,6.9
25065.0,3.19,37.9,0.8,71.5,27.6,6.9
25070.0,3.2,37.5,0.78,71.0,27.7,6.9
25075.0,3.22,38.8,0.79,72.0,28.0,6.9
25080.0,3.22,38.4,0.79,72.0,27.8,6.9
25085.0,3.23,38.7,0.8,73.0,27.7,6.9
25090.0,3.23,38.7,0.79,72.0,27.9,6.9
25095.0,3.21,38.0,0.79,72.5,27.9,6.9
25100.0,3.21,38.0,0.8,72.0,27.6,6.9
25105.0,3.24,38.8,0.79,72.5,27.9,6.9
25110.0,3.23,38.3,0.79,72.5,27.7,6.9
25115.0,3.23,38.8,0.8,74.0,27.2,6.9
25120.0,3.23,38.9,0.79,72.0,27.4,6.9
25125.0,3.22,38.0,0.77,71.5,27.8,6.9
25130.0,3.21,38.1,0.79,72.0,27.7,6.9
25135.0,3.22,38.5,0.78,72.0,27.3,6.9
25140.0,3.22,38.4,0.78,72.0,27.5,6.9
25145.0,3.22,38.8,0.79,72.5,27.3,6.9
25150.0,3.25,38.7,0.8,73.5,27.7,6.9
25155.0,3.21,37.8,0.76,70.0,27.6,6.9
25160.0,3.2,37.5,0.77,70.0,27.1,6.9
25165.0,3.18,37.4,0.76,67.5,27.3,7.0
25170.0,3.17,37.3,0.78,69.0,27.4,7.0
25175.0,3.15,37.4,0.77,68.0,27.1,7.0
25180.0,3.18,37.6,0.78,70.0,27.9,7.0
25185.0,3.18,37.3,0.79,70.0,27.2,7.0
25190.0,3.19,37.9,0.79,70.5,27.3,6.9
25195.0,3.19,38.3,0.8,72.0,27.6,6.9
25200.0,3.18,37.6,0.79,69.5,27.7,7.0
25205.0,3.21,38.1,0.78,70.0,27.8,6.9
25210.0,3.22,38.5,0.83,72.0,27.5,6.9
25215.0,3.2,38.1,0.79,72.5,27.6,6.9
25220.0,3.21,39.0,0.78,71.0,27.6,6.9
25225.0,3.22,38.7,0.79,71.5,27.5,6.9
25230.0,3.25,38.5,0.8,74.0,27.6,6.9
25235.0,3.28,39.6,0.82,75.5,26.9,6.8
25240.0,3.28,39.4,0.79,74.0,27.4,6.8
25245.0,3.27,38.9,0.81,75.5,27.5,6.8
25250.0,3.25,39.1,0.81,74.5,26.6,6.8
25255.0,3.29,39.3,0.81,75.0,27.4,6.8
25260.0,3.29,39.4,0.81,75.5,27.4,6.8
25265.0,3.29,39.6,0.8,74.5,27.3,6.8
25270.0,3.32,39.5,0.83,78.0,27.9,6.8
25275.0,3.32,39.9,0.8,76.0,27.0,6.8
25280.0,3.33,40.1,0.83,78.5,27.5,6.8
25285.0,3.32,39.8,0.84,77.0,27.2,6.8
25290.0,3.34,40.5,0.82,77.5,27.4,6.7
25295.0,3.36,40.7,0.83,79.5,27.8,6.7
25300.0,3.36,41.2,0.83,80.0,27.5,6.7
25305.0,3.37,40.7,0.83,78.5,27.6,6.7
25310.0,3.37,40.3,0.86,79.5,27.2,6.7
25315.0,3.37,40.8,0.81,79.5,27.5,6.7
25320.0,3.37,41.2,0.82,79.5,26.9,6.7
25325.0,3.39,40.8,0.85,80.5,27.7,6.7
25330.0,3.37,41.1,0.84,80.5,27.2,6.7
25335.0,3.37,41.0,0.84,80.0,27.4,6.7
25340.0,3.36,40.6,0.84,80.0,27.3,6.7
25345.0,3.37,41.0,0.85,81.0,27.4,6.7
25350.0,3.38,40.8,0.84,81.0,27.3,6.7
25355.0,3.38,41.0,0.84,80.0,27.6,6.7
25360.0,3.37,40.9,0.83,79.5,27.4,6.7
25365.0,3.38,41.4,0.85,80.0,27.5,6.7
25370.0,3.39,40.9,0.85,80.5,27.1,6.7
25375.0,3.39,41.4,0.85,81.0,27.5,6.7
25380.0,3.4,41.1,0.85,81.0,27.7,6.7
25385.0,3.4,40.9,0.85,81.5,27.1,6.7
25390.0,3.41,41.8,0.85,82.0,27.9,6.7
25395.0,3.42,41.9,0.85,82.5,27.6,6.6
25400.0,3.41,41.6,0.84,81.5,27.4,6.6
25405.0,3.43,41.8,0.84,82.5,27.5,6.6
25410.0,3.41,41.9,0.86,82.5,27.6,6.6
25415.0,3.4,41.1,0.86,82.0,27.1,6.7
25420.0,3.42,41.4,0.87,83.0,27.6,6.6
25425.0,3.4,41.2,0.87,82.0,27.3,6.6
25430.0,3.41,41.6,0.86,82.0,27.7,6.7
25435.0,3.42,42.1,0.85,82.5,27.7,6.6
25440.0,3.39,41.5,0.83,79.5,27.0,6.7
25445.0,3.36,40.4,0.86,80.0,27.1,6.7
25450.0,3.38,41.0,0.84,80.0,27.2,6.7
25455.0,3.38,40.8,0.85,81.0,27.7,6.7
25460.0,3.38,41.1,0.84,81.0,27.5,6.7
25465.0,3.36,40.7,0.82,78.0,27.0,6.7
25470.0,3.36,40.6,0.85,81.0,27.1,6.7
25475.0,3.37,41.0,0.83,79.5,27.6,6.7
25480.0,3.37,40.8,0.84,81.5,27.8,6.7
25485.0,3.38,41.2,0.84,81.5,27.9,6.7
25490.0,3.35,40.3,0.81,77.0,27.5,6.7
25495.0,3.31,40.5,0.85,77.5,27.2,6.8
25500.0,3.31,39.6,0.82,76.5,27.6,6.8
25505.0,3.34,40.9,0.81,79.0,27.7,6.8
25510.0,3.31,40.1,0.82,77.0,27.1,6.8
25515.0,3.33,39.7,0.83,78.0,27.6,6.8
25520.0,3.33,40.2,0.82,78.0,27.8,6.8
25525.0,3.34,40.6,0.82,77.5,27.6,6.8
25530.0,3.36,41.0,0.81,79.0,27.8,6.7
25535.0,3.36,40.6,0.84,79.5,27.4,6.7
25540.0,3.34,40.6,0.83,79.5,27.4,6.7
25545.0,3.37,41.0,0.84,81.0,27.8,6.7
25550.0,3.41,41.3,0.83,82.0,27.8,6.7
25555.0,3.43,42.5,0.84,82.0,27.7,6.6
25560.0,3.43,41.9,0.85,82.0,27.3,6.6
25565.0,3.43,41.8,0.88,83.5,27.5,6.6
25570.0,3.43,41.4,0.87,84.0,27.3,6.6
25575.0,3.45,42.4,0.87,85.0,28.1,6.6
25580.0,3.45,42.5,0.88,84.5,27.5,6.6
25585.0,3.47,42.6,0.88,87.0,27.5,6.6
25590.0,3.49,43.1,0.89,87.0,27.6,6.5
25595.0,3.45,42.1,0.87,84.5,27.1,6.6
25600.0,3.46,43.3,0.85,84.5,27.8,6.6
25605.0,3.47,42.6,0.87,86.0,27.8,6.6
25610.0,3.46,42.4,0.85,85.0,27.7,6.6
25615.0,3.46,42.8,0.87,85.0,27.8,6.6
25620.0,3.45,42.2,0.86,84.5,27.7,6.6
25625.0,3.44,42.1,0.86,83.5,27.4,6.6
25630.0,3.45,42.1,0.85,83.5,27.6,6.6
25635.0,3.46,42.2,0.85,84.5,27.5,6.6
25640.0,3.47,43.1,0.88,85.5,27.4,6.5
25645.0,3.47,43.2,0.86,85.5,27.7,6.6
25650.0,3.47,43.0,0.87,85.0,27.6,6.6
25655.0,3.48,42.5,0.88,87.0,27.5,6.5
25660.0,3.48,43.1,0.88,86.5,27.6,6.5
25665.0,3.5,43.7,0.87,86.0,27.8,6.5
25670.0,3.49,42.6,0.89,86.5,27.8,6.5
25675.0,3.48,42.8,0.88,85.5,27.3,6.5
25680.0,3.48,43.0,0.88,85.5,28.0,6.6
25685.0,3.48,43.0,0.88,87.0,27.8,6.5
25690.0,3.5,43.3,0.88,86.5,28.2,6.5
25695.0,3.48,43.7,0.89,87.0,27.5,6.5
25700.0,3.49,43.0,0.89,86.0,27.7,6.5
25705.0,3.5,42.8,0.89,87.5,28.2,6.5
25710.0,3.51,43.4,0.89,87.5,28.0,6.5
25715.0,3.5,43.8,0.91,88.5,27.5,6.5
25720.0,3.51,43.5,0.9,88.0,27.9,6.5
25725.0,3.52,43.4,0.89,86.5,27.6,6.5
25730.0,3.52,43.3,0.88,88.5,27.7,6.5
25735.0,3.54,44.2,0.91,90.0,28.1,6.5
25740.0,3.52,44.1,0.88,87.5,27.6,6.5
25745.0,3.51,43.1,0.89,89.5,27.8,6.5
25750.0,3.51,43.7,0.89,87.5,27.8,6.5
25755.0,3.52,43.8,0.88,87.5,28.5,6.5
25760.0,3.52,44.0,0.88,88.5,27.9,6.5
25765.0,3.51,43.2,0.87,88.5,27.4,6.5
25770.0,3.52,43.8,0.88,88.0,28.0,6.5
25775.0,3.52,43.0,0.89,88.5,27.5,6.5
25780.0,3.54,44.3,0.89,88.5,28.0,6.5
25785.0,3.55,44.1,0.9,91.5,28.3,6.4
25790.0,3.54,44.0,0.88,88.5,28.1,6.5
25795.0,3.53,43.5,0.92,90.5,27.6,6.4
25800.0,3.55,44.1,0.91,91.5,27.9,6.4
25805.0,3.55,44.3,0.9,89.5,27.9,6.4
25810.0,3.55,44.2,0.89,90.0,28.0,6.4
25815.0,3.54,43.8,0.92,90.5,27.8,6.4
25820.0,3.56,44.2,0.93,92.0,28.2,6.4
25825.0,3.56,44.4,0.93,91.0,28.0,6.4
25830.0,3.57,44.7,0.91,90.5,28.0,6.4
25835.0,3.59,44.9,0.91,93.0,28.3,6.4
25840.0,3.59,44.9,0.92,92.0,28.0,6.4
25845.0,3.59,45.0,0.94,93.5,27.9,6.3
25850.0,3.58,44.6,0.91,90.5,27.9,6.4
25855.0,3.57,45.1,0.91,91.0,28.0,6.4
25860.0,3.58,45.1,0.92,92.0,28.2,6.4
25865.0,3.58,44.3,0.91,92.0,28.3,6.4
25870.0,3.59,44.3,0.93,92.5,28.4,6.4
25875.0,3.59,44.8,0.91,92.0,28.1,6.4
25880.0,3.58,44.3,0.92,92.5,28.3,6.4
25885.0,3.59,44.5,0.9,91.5,28.1,6.4
25890.0,3.59,44.9,0.92,93.0,27.9,6.3
25895.0,3.6,44.9,0.93,93.0,28.0,6.3
25900.0,3.61,45.1,0.93,94.0,28.0,6.3
25905.0,3.61,45.3,0.93,95.5,27.7,6.3
25910.0,3.6,45.2,0.92,92.5,27.5,6.3
25915.0,3.61,45.3,0.92,93.0,27.8,6.3
25920.0,3.61,45.8,0.93,95.0,28.3,6.3
25925.0,3.61,44.9,0.94,94.0,27.9,6.3
25930.0,3.63,45.4,0.94,95.5,28.2,6.3
25935.0,3.62,45.9,0.93,93.5,28.1,6.3
25940.0,3.62,45.0,0.93,94.5,28.3,6.3
25945.0,3.62,45.5,0.92,94.5,28.4,6.3
25950.0,3.63,45.3,0.94,95.5,28.2,6.3
25955.0,3.64,45.4,0.94,95.0,28.5,6.3
25960.0,3.63,45.7,0.94,96.5,28.0,6.3
25965.0,3.64,45.6,0.94,94.5,28.3,6.3
25970.0,3.63,45.3,0.91,93.0,28.3,6.3
25975.0,3.62,45.7,0.94,95.5,28.0,6.3
25980.0,3.63,45.8,0.95,94.5,28.1,6.3
25985.0,3.65,46.5,0.92,95.0,28.2,6.2
25990.0,3.64,45.7,0.92,93.5,28.5,6.3
25995.0,3.63,45.4,0.93,95.0,28.0,6.3
26000.0,3.64,46.1,0.94,95.5,28.6,6.3
26005.0,3.63,45.3,0.95,94.5,28.2,6.3
26010.0,3.63,45.1,0.93,93.0,27.8,6.2
26015.0,3.66,45.3,0.93,96.0,28.7,6.2
26020.0,3.66,46.0,0.93,95.5,28.5,6.2
26025.0,3.65,45.6,0.93,95.0,28.5,6.2
26030.0,3.65,45.2,0.93,97.0,28.2,6.2
26035.0,3.65,45.8,0.93,96.5,28.4,6.2
26040.0,3.64,45.3,0.94,95.5,28.1,6.2
26045.0,3.65,45.9,0.95,96.0,28.7,6.2
26050.0,3.65,45.6,0.95,96.5,28.4,6.2
26055.0,3.63,45.5,0.93,95.0,28.1,6.3
26060.0,3.64,45.9,0.93,93.5,28.3,6.3
26065.0,3.65,45.5,0.94,95.5,28.6,6.2
26070.0,3.64,45.2,0.93,95.0,28.2,6.3
26075.0,3.64,45.4,0.95,95.0,28.7,6.3
26080.0,3.63,45.4,0.92,94.5,28.3,6.3
26085.0,3.62,45.4,0.92,93.5,28.4,6.3
26090.0,3.63,45.3,0.92,93.5,28.6,6.3
26095.0,3.64,45.9,0.94,95.5,28.6,6.3
26100.0,3.64,46.0,0.93,95.0,28.4,6.3
26105.0,3.65,45.6,0.94,96.5,28.6,6.3
26110.0,3.64,45.4,0.91,93.5,28.4,6.3
26115.0,3.63,45.5,0.92,94.0,28.2,6.3
26120.0,3.65,45.6,0.94,96.0,29.0,6.3
26125.0,3.64,45.3,0.93,94.0,28.4,6.3
26130.0,3.64,45.7,0.94,94.5,28.5,6.3
26135.0,3.64,45.6,0.93,95.5,28.4,6.3
26140.0,3.64,46.0,0.93,94.0,28.6,6.3
26145.0,3.64,45.6,0.92,93.5,28.1,6.2
26150.0,3.64,45.5,0.94,94.5,28.2,6.3
26155.0,3.66,46.0,0.94,96.0,28.6,6.2
26160.0,3.65,46.3,0.95,96.5,28.5,6.2
26165.0,3.67,46.0,0.96,98.0,29.0,6.2
26170.0,3.66,46.0,0.95,97.0,28.4,6.2
26175.0,3.65,46.1,0.94,96.5,28.3,6.2
26180.0,3.66,45.9,0.94,96.5,28.9,6.2
26185.0,3.66,45.9,0.94,96.0,28.6,6.2
26190.0,3.66,45.9,0.96,98.0,28.5,6.2
26195.0,3.64,45.1,0.96,96.0,28.5,6.3
26200.0,3.65,45.3,0.93,96.0,28.8,6.3
26205.0,3.64,46.0,0.93,94.5,28.7,6.3
26210.0,3.65,45.7,0.95,95.5,28.7,6.3
26215.0,3.63,45.0,0.93,95.0,28.5,6.3
26220.0,3.64,45.7,0.92,95.5,28.8,6.3
26225.0,3.63,45.7,0.93,94.5,28.1,6.3
26230.0,3.65,46.4,0.94,94.5,28.6,6.3
26235.0,3.65,46.0,0.94,95.5,28.7,6.3
26240.0,3.65,45.7,0.96,95.5,28.9,6.3
26245.0,3.66,46.0,0.94,95.5,28.8,6.2
26250.0,3.67,46.0,0.94,96.5,29.1,6.2
26255.0,3.66,46.9,0.94,96.5,28.9,6.2
26260.0,3.67,45.9,0.95,95.0,29.4,6.2
26265.0,3.66,45.9,0.93,95.5,29.0,6.2
26270.0,3.66,46.2,0.94,95.0,28.6,6.2
26275.0,3.68,46.9,0.94,96.5,29.2,6.2
26280.0,3.69,47.0,0.98,99.5,29.2,6.2
26285.0,3.67,46.3,0.96,96.5,28.4,6.2
26290.0,3.68,46.1,0.95,97.5,28.7,6.2
26295.0,3.68,46.1,0.95,98.0,28.8,6.2
26300.0,3.69,46.4,0.95,97.0,28.8,6.1
26305.0,3.69,46.1,0.95,98.0,28.7,6.2
26310.0,3.68,46.6,0.96,97.5,28.9,6.2
26315.0,3.7,46.7,0.95,99.5,28.9,6.1
26320.0,3.7,47.0,0.95,98.5,28.7,6.1
26325.0,3.71,46.3,0.98,100.0,29.0,6.1
26330.0,3.7,47.0,0.96,98.0,28.7,6.1
26335.0,3.71,47.0,0.95,100.0,29.0,6.1
26340.0,3.71,46.3,0.96,99.0,29.2,6.1
26345.0,3.71,46.7,0.94,98.5,29.1,6.1
26350.0,3.7,46.7,0.99,100.0,28.7,6.1
26355.0,3.69,46.5,0.94,97.5,28.2,6.1
26360.0,3.71,47.3,0.94,97.0,29.1,6.1
26365.0,3.71,47.4,0.96,99.5,28.9,6.1
26370.0,3.71,47.3,0.95,98.5,28.9,6.1
26375.0,3.72,47.1,0.96,98.0,29.2,6.1
26380.0,3.72,47.0,0.97,100.5,29.2,6.1
26385.0,3.73,47.1,0.99,102.0,29.3,6.0
26390.0,3.73,47.1,0.99,102.0,28.8,6.0
26395.0,3.73,47.0,0.97,99.5,29.3,6.0
26400.0,3.73,47.4,0.97,100.0,29.1,6.0
26405.0,3.74,47.5,0.97,100.5,29.5,6.0
26410.0,3.73,47.5,0.98,102.5,29.2,6.0
26415.0,3.73,47.3,0.97,99.5,29.5,6.1
26420.0,3.72,46.5,0.99,101.0,29.3,6.1
26425.0,3.72,47.5,0.96,99.5,29.4,6.1
26430.0,3.72,46.9,0.95,99.5,29.3,6.1
26435.0,3.72,46.4,0.99,101.5,28.9,6.1
26440.0,3.72,46.9,0.96,100.0,29.1,6.1
26445.0,3.72,47.1,0.97,100.0,29.4,6.1
26450.0,3.72,47.2,0.94,99.0,29.0,6.1
26455.0,3.72,47.6,0.98,100.5,29.0,6.1
26460.0,3.73,46.7,0.99,101.5,29.5,6.0
26465.0,3.74,47.6,0.98,101.5,29.2,6.0
26470.0,3.74,47.1,0.98,101.5,28.7,6.0
26475.0,3.74,47.4,0.96,101.0,28.9,6.0
26480.0,3.75,47.6,0.98,102.5,29.2,6.0
26485.0,3.75,47.6,0.98,101.5,29.1,6.0
26490.0,3.73,47.2,0.98,101.5,28.9,6.0
26495.0,3.73,47.7,0.97,100.0,29.0,6.0
26500.0,3.73,47.8,0.96,100.5,29.1,6.0
26505.0,3.73,47.1,0.99,101.0,29.1,6.0
26510.0,3.73,47.8,0.96,99.5,29.1,6.0
26515.0,3.72,46.5,0.97,100.0,28.8,6.0
26520.0,3.73,47.3,0.97,99.5,29.4,6.1
26525.0,3.72,47.2,0.95,99.5,28.9,6.1
26530.0,3.73,46.9,0.98,100.5,29.2,6.1
26535.0,3.73,46.7,0.99,100.5,29.0,6.0
26540.0,3.73,47.2,0.99,101.5,29.3,6.1
26545.0,3.73,47.1,0.97,100.5,29.2,6.1
26550.0,3.72,46.7,0.97,100.5,29.2,6.1
26555.0,3.73,46.9,0.99,101.5,29.2,6.0
26560.0,3.73,47.5,0.97,101.0,29.0,6.0
26565.0,3.74,47.6,0.97,102.0,29.5,6.0
26570.0,3.74,47.1,0.98,101.0,29.5,6.0
26575.0,3.72,46.7,0.97,100.0,29.2,6.1
26580.0,3.73,47.1,0.98,101.5,29.5,6.1
26585.0,3.73,47.3,0.97,101.5,29.4,6.0
26590.0,3.74,47.4,0.98,100.5,29.6,6.0
26595.0,3.73,47.2,0.97,101.0,29.3,6.0
26600.0,3.74,47.2,0.98,101.5,29.6,6.0
26605.0,3.73,47.5,0.96,99.5,29.2,6.0
26610.0,3.74,47.7,0.96,101.0,29.4,6.0
26615.0,3.75,47.8,0.98,101.5,29.6,6.0
26620.0,3.74,47.1,1.0,102.0,29.5,6.0
26625.0,3.74,47.6,0.96,101.0,29.3,6.0
26630.0,3.73,46.7,0.97,99.0,29.4,6.0
26635.0,3.73,47.3,0.97,100.0,29.2,6.0
26640.0,3.73,47.4,0.99,100.0,29.3,6.0
26645.0,3.73,46.9,0.97,101.0,29.0,6.0
26650.0,3.74,47.5,1.0,100.5,29.3,6.0
26655.0,3.75,47.5,0.99,102.0,29.2,6.0
26660.0,3.75,47.6,0.97,101.5,29.5,6.0
26665.0,3.75,47.7,0.97,102.5,29.6,6.0
26670.0,3.74,47.0,0.98,101.5,29.4,6.0
26675.0,3.74,48.0,0.99,101.0,29.4,6.0
26680.0,3.74,47.3,0.96,100.5,29.0,6.0
26685.0,3.73,46.6,0.99,101.0,29.4,6.0
26690.0,3.73,46.9,0.98,100.0,29.5,6.1
26695.0,3.73,47.2,0.97,100.5,29.3,6.0
26700.0,3.74,47.3,0.98,102.5,29.1,6.0
26705.0,3.75,47.7,0.97,100.0,29.1,6.0
26710.0,3.75,47.9,0.99,102.0,29.3,6.0
26715.0,3.76,47.8,0.96,100.5,29.8,5.9
26720.0,3.75,47.8,0.97,99.5,29.0,6.0
26725.0,3.76,48.4,0.98,102.5,29.5,5.9
26730.0,3.77,48.1,1.01,103.0,29.7,5.9
26735.0,3.76,48.0,0.97,102.0,29.0,5.9
26740.0,3.76,48.2,0.99,103.0,29.4,5.9
26745.0,3.76,48.3,0.97,100.5,29.3,5.9
26750.0,3.76,48.5,0.99,102.0,29.2,5.9
26755.0,3.76,47.8,1.0,102.5,29.1,5.9
26760.0,3.76,48.1,0.99,102.5,29.2,5.9
26765.0,3.76,47.6,0.99,103.0,29.5,5.9
26770.0,3.77,47.8,1.0,104.0,30.0,6.0
26775.0,3.76,47.8,1.0,103.5,29.6,6.0
26780.0,3.77,48.1,0.99,103.0,29.8,5.9
26785.0,3.77,48.0,0.97,101.0,29.5,5.9
26790.0,3.76,47.6,1.0,102.5,29.6,5.9
26795.0,3.77,47.8,0.99,103.0,29.7,5.9
26800.0,3.77,47.7,0.98,102.0,29.5,5.9
26805.0,3.76,47.7,0.97,101.0,29.4,5.9
26810.0,3.76,48.5,0.98,102.5,29.3,5.9
26815.0,3.77,47.8,1.02,102.5,29.4,5.9
26820.0,3.76,48.1,0.98,102.0,29.6,5.9
26825.0,3.76,47.6,1.0,102.5,29.1,5.9
26830.0,3.75,47.3,0.98,102.5,29.2,6.0
26835.0,3.75,47.2,0.98,101.5,29.2,6.0
26840.0,3.76,47.6,0.98,101.5,29.5,6.0
26845.0,3.75,47.5,1.0,103.0,29.5,6.0
26850.0,3.76,47.7,0.98,102.5,29.4,6.0
26855.0,3.76,48.3,0.99,102.0,29.3,5.9
26860.0,3.75,47.0,1.02,101.5,29.5,6.0
26865.0,3.76,47.9,0.99,103.0,29.6,5.9
26870.0,3.76,47.6,0.98,103.0,29.4,5.9
26875.0,3.76,47.6,1.0,103.5,29.1,5.9
26880.0,3.76,47.7,0.97,102.0,29.5,5.9
26885.0,3.76,48.2,0.99,102.5,29.6,6.0
26890.0,3.76,47.7,0.98,103.0,29.2,5.9
26895.0,3.77,47.9,0.97,101.5,29.6,5.9
26900.0,3.76,47.8,0.96,102.0,29.5,5.9
26905.0,3.76,47.7,0.99,103.5,29.6,6.0
26910.0,3.76,47.6,1.01,102.5,29.5,6.0
26915.0,3.75,47.3,0.98,102.0,29.4,6.0
26920.0,3.74,48.0,0.97,101.0,29.2,6.0
26925.0,3.74,47.3,0.98,100.5,29.5,6.0
26930.0,3.75,47.8,0.99,101.5,30.0,6.0
26935.0,3.73,47.6,0.99,101.0,29.3,6.1
26940.0,3.72,46.9,0.97,100.0,29.0,6.1
26945.0,3.74,47.1,0.98,101.0,29.6,6.0
26950.0,3.73,47.9,1.0,101.5,29.4,6.0
26955.0,3.75,48.0,0.99,101.5,29.7,6.0
26960.0,3.76,48.2,0.98,102.5,29.8,6.0
26965.0,3.74,47.6,0.97,102.0,29.0,6.0
26970.0,3.76,47.4,0.98,102.5,29.9,6.0
26975.0,3.75,47.8,0.97,101.5,29.6,6.0
26980.0,3.74,47.6,1.0,101.0,29.2,6.0
26985.0,3.74,47.5,0.96,100.5,29.7,6.0
26990.0,3.73,46.9,0.97,100.0,29.3,6.1
26995.0,3.72,47.7,0.96,99.0,29.4,6.1
27000.0,3.73,47.7,1.01,101.5,29.6,6.1
27005.0,3.73,47.8,0.95,98.5,29.6,6.1
27010.0,3.74,46.9,0.97,99.5,29.4,6.0
27015.0,3.73,47.6,0.96,99.5,29.2,6.0
27020.0,3.73,47.3,0.97,100.5,29.2,6.0
27025.0,3.73,47.3,0.96,99.5,29.5,6.1
27030.0,3.73,47.5,0.96,103.0,29.4,6.0
27035.0,3.73,46.5,0.96,99.0,29.5,6.1
27040.0,3.73,47.4,0.97,101.5,29.9,6.1
27045.0,3.72,47.7,0.96,100.0,29.2,6.1
27050.0,3.72,46.7,0.97,101.0,29.3,6.1
27055.0,3.73,46.9,1.0,100.0,29.3,6.1
27060.0,3.73,46.9,0.97,100.0,29.3,6.1
27065.0,3.75,47.2,0.97,100.5,29.5,6.0
27070.0,3.74,47.2,0.97,100.5,29.3,6.0
27075.0,3.74,47.6,0.99,101.0,29.2,6.0
27080.0,3.75,47.7,0.99,102.5,29.5,6.0
27085.0,3.74,46.9,0.99,101.5,29.0,6.0
27090.0,3.74,48.1,0.97,100.0,29.3,6.0
27095.0,3.75,47.7,0.97,101.5,29.7,6.0
27100.0,3.74,47.0,0.99,100.0,28.9,6.0
27105.0,3.76,48.1,0.97,101.0,29.6,6.0
27110.0,3.76,48.1,0.98,101.5,29.5,6.0
27115.0,3.76,47.5,0.96,101.5,29.7,6.0
27120.0,3.75,48.0,0.99,101.5,29.4,6.0
27125.0,3.76,48.1,0.99,102.0,29.7,6.0
27130.0,3.75,47.7,0.98,101.5,29.5,6.0
27135.0,3.75,47.6,1.0,102.0,29.1,6.0
27140.0,3.76,47.9,1.01,104.0,29.9,5.9
27145.0,3.76,47.6,1.0,102.0,29.3,5.9
27150.0,3.77,48.1,0.99,104.5,29.6,5.9
27155.0,3.77,47.8,0.99,104.0,29.3,5.9
27160.0,3.76,47.7,0.98,102.5,29.3,5.9
27165.0,3.76,47.2,0.99,102.5,29.0,5.9
27170.0,3.76,47.8,0.98,102.0,29.4,5.9
27175.0,3.76,47.9,0.99,102.5,29.3,6.0
27180.0,3.76,48.0,1.0,103.0,29.1,5.9
27185.0,3.76,47.3,0.99,102.5,29.0,5.9
27190.0,3.77,47.8,0.97,103.5,29.7,5.9
27195.0,3.75,48.0,0.99,102.0,28.9,5.9
27200.0,3.77,47.7,0.98,102.5,29.9,5.9
27205.0,3.76,47.7,1.01,103.0,29.5,5.9
27210.0,3.76,47.7,0.97,102.0,28.9,5.9
27215.0,3.77,48.5,1.0,104.5,29.9,5.9
27220.0,3.76,47.9,0.98,103.0,29.1,5.9
27225.0,3.77,48.2,1.01,104.0,29.4,5.9
27230.0,3.76,47.9,1.01,103.0,29.7,5.9
27235.0,3.76,48.1,0.98,102.0,29.1,5.9
27240.0,3.76,47.4,0.98,103.5,29.4,5.9
27245.0,3.76,47.8,0.96,102.5,29.1,5.9
27250.0,3.77,47.4,1.01,104.5,29.4,5.9
27255.0,3.77,47.9,0.99,102.5,28.7,5.9
27260.0,3.77,48.0,0.99,103.5,29.0,5.9
27265.0,3.77,47.8,1.0,104.0,29.4,5.9
27270.0,3.76,48.0,0.98,102.5,29.1,5.9
27275.0,3.77,48.0,1.01,103.0,29.5,5.9
27280.0,3.77,47.9,1.0,103.0,28.9,5.9
27285.0,3.77,48.2,0.99,104.5,29.2,5.9
27290.0,3.77,47.8,1.0,104.0,29.3,5.9
27295.0,3.77,48.3,0.99,103.5,29.1,5.9
27300.0,3.77,48.2,1.01,103.5,29.5,5.9
27305.0,3.76,48.4,0.99,102.0,28.9,5.9
27310.0,3.76,47.4,0.98,102.5,29.2,5.9
27315.0,3.77,48.4,0.99,103.0,29.3,5.9
27320.0,3.77,48.1,0.98,103.0,29.5,5.9
27325.0,3.76,48.0,1.01,103.0,29.0,5.9
27330.0,3.76,47.9,0.98,102.0,29.0,5.9
27335.0,3.77,47.6,0.99,103.5,29.5,5.9
27340.0,3.76,47.8,0.98,101.5,29.3,5.9
27345.0,3.76,47.6,1.0,103.5,29.0,5.9
27350.0,3.77,48.1,0.99,102.5,29.4,5.9
27355.0,3.76,48.4,1.01,103.0,29.0,5.9
27360.0,3.76,47.5,0.99,101.5,28.7,5.9
27365.0,3.77,47.9,1.0,102.5,28.9,5.9
27370.0,3.78,47.7,0.99,103.0,29.3,5.9
27375.0,3.77,48.2,0.99,103.0,29.4,5.9
27380.0,3.76,47.9,0.99,102.0,29.2,5.9
27385.0,3.76,48.0,0.98,102.5,29.1,5.9
27390.0,3.76,47.8,0.99,102.5,29.4,5.9
27395.0,3.76,47.8,0.99,103.0,28.8,5.9
27400.0,3.76,47.9,0.99,102.5,29.0,5.9
27405.0,3.76,48.1,0.99,101.0,29.1,5.9
27410.0,3.76,48.4,0.99,101.0,28.7,5.9
27415.0,3.76,47.9,0.99,101.5,29.2,5.9
27420.0,3.75,47.3,0.97,101.0,29.0,6.0
27425.0,3.77,48.6,0.98,102.5,29.7,5.9
27430.0,3.77,47.7,0.97,103.0,29.1,5.9
27435.0,3.77,48.3,1.0,102.5,29.2,5.9
27440.0,3.77,48.0,0.99,103.5,29.3,5.9
27445.0,3.77,48.6,0.99,103.0,29.0,5.9
27450.0,3.78,48.2,1.0,104.0,29.2,5.8
27455.0,3.78,47.8,0.99,102.0,29.1,5.8
27460.0,3.78,48.0,1.0,104.5,29.2,5.8
27465.0,3.79,48.7,1.01,104.0,29.5,5.8
27470.0,3.78,48.1,1.0,104.0,29.0,5.8
27475.0,3.78,47.8,0.99,103.5,29.2,5.8
27480.0,3.78,48.6,0.99,103.5,29.2,5.8
27485.0,3.77,47.9,0.98,103.5,28.9,5.8
27490.0,3.77,47.6,1.0,102.5,28.7,5.9
27495.0,3.77,47.5,0.99,102.5,28.9,5.9
27500.0,3.77,47.6,0.98,101.5,29.2,5.9
27505.0,3.77,48.0,0.99,104.5,29.2,5.9
27510.0,3.77,47.8,0.99,101.5,29.2,5.9
27515.0,3.77,48.0,0.99,102.5,29.2,5.9
27520.0,3.77,48.2,0.99,103.0,29.6,5.9
27525.0,3.76,47.5,1.0,104.0,28.8,5.9
27530.0,3.77,47.9,1.0,102.5,29.4,5.9
27535.0,3.77,48.1,0.97,102.0,28.9,5.9
27540.0,3.77,48.5,0.99,103.0,29.1,5.9
27545.0,3.76,47.7,0.98,101.5,28.8,5.9
27550.0,3.77,48.1,0.99,103.5,29.0,5.9
27555.0,3.76,47.7,0.99,103.0,28.7,5.9
27560.0,3.76,47.8,1.0,101.5,29.0,5.9
27565.0,3.76,47.7,0.98,102.0,28.8,5.9
27570.0,3.76,48.1,0.97,102.0,29.2,5.9
27575.0,3.76,48.1,0.97,103.0,29.1,5.9
27580.0,3.75,48.1,0.98,102.0,28.7,5.9
27585.0,3.75,47.7,0.98,103.5,29.0,5.9
27590.0,3.76,47.9,0.99,103.5,29.3,5.9
27595.0,3.76,47.8,1.0,102.5,29.3,5.9
27600.0,3.75,47.5,0.97,102.0,28.7,5.9
27605.0,3.76,47.6,1.0,103.5,28.8,5.9
27610.0,3.76,48.2,0.99,102.0,28.7,5.9
27615.0,3.76,47.8,1.01,103.0,28.8,5.9
27620.0,3.75,48.0,0.99,102.5,28.6,5.9
27625.0,3.76,47.6,0.99,102.0,28.8,5.9
27630.0,3.75,47.6,0.98,102.5,28.9,5.9
27635.0,3.75,47.6,1.0,102.5,28.8,5.9
27640.0,3.76,47.5,1.0,102.5,28.6,5.9
27645.0,3.76,48.3,0.99,102.5,28.9,5.9
27650.0,3.76,47.6,0.97,102.5,28.9,5.9
27655.0,3.76,47.7,1.0,103.0,28.7,5.9
27660.0,3.76,48.2,0.99,102.0,28.9,5.9
27665.0,3.76,48.0,0.99,104.0,28.9,5.9
27670.0,3.76,47.3,0.98,101.5,28.6,5.9
27675.0,3.75,47.8,0.95,101.0,28.8,5.9
27680.0,3.75,47.4,0.96,101.0,28.6,5.9
27685.0,3.74,47.3,0.98,102.0,28.4,5.9
27690.0,3.75,47.4,0.97,102.0,28.9,5.9
27695.0,3.76,48.3,0.99,101.5,28.9,5.9
27700.0,3.76,47.7,0.98,102.0,29.1,5.9
27705.0,3.75,47.5,0.96,101.5,28.8,6.0
27710.0,3.74,46.9,0.97,101.0,28.5,6.0
27715.0,3.74,47.6,0.98,102.0,28.6,6.0
27720.0,3.75,47.5,0.98,102.0,28.8,6.0
27725.0,3.75,46.9,1.0,102.0,29.0,6.0
27730.0,3.74,47.7,0.98,101.0,28.8,6.0
27735.0,3.74,47.6,0.96,100.5,28.2,6.0
27740.0,3.74,47.8,0.97,101.0,28.5,6.0
27745.0,3.75,47.8,0.98,100.5,28.4,5.9
27750.0,3.75,47.6,0.96,101.5,28.5,5.9
27755.0,3.75,47.4,0.97,99.5,28.6,5.9
27760.0,3.75,47.6,0.99,102.5,28.8,5.9
27765.0,3.76,47.8,0.99,103.0,28.7,5.9
27770.0,3.76,47.9,1.0,103.0,28.6,5.9
27775.0,3.76,48.3,0.98,102.0,28.3,5.9
27780.0,3.77,47.6,1.0,102.0,28.8,5.9
27785.0,3.77,47.7,0.99,103.0,28.8,5.9
27790.0,3.77,47.4,0.98,102.5,28.3,5.8
27795.0,3.78,48.2,1.01,105.0,28.9,5.8
27800.0,3.78,48.3,1.0,105.5,28.9,5.8
27805.0,3.77,48.3,0.99,102.5,28.6,5.8
27810.0,3.78,48.0,1.0,104.0,29.0,5.8
27815.0,3.76,47.6,0.97,102.5,28.0,5.8
27820.0,3.77,47.5,1.0,103.5,28.6,5.9
27825.0,3.78,47.9,0.98,102.5,28.8,5.8
27830.0,3.78,48.3,0.99,103.0,28.6,5.8
27835.0,3.78,47.9,1.0,103.5,28.7,5.8
27840.0,3.78,48.5,1.0,104.0,28.6,5.8
27845.0,3.78,48.2,0.99,103.5,28.8,5.8
27850.0,3.78,47.6,0.99,103.5,28.6,5.8
27855.0,3.77,48.4,1.02,104.5,28.2,5.8
27860.0,3.78,48.2,0.98,103.0,28.5,5.8
27865.0,3.77,47.7,1.0,103.5,28.3,5.8
27870.0,3.76,47.5,0.98,101.5,28.5,5.9
27875.0,3.77,48.1,0.99,102.0,28.4,5.9
27880.0,3.77,48.2,0.99,103.0,28.4,5.8
27885.0,3.76,47.9,0.98,102.0,27.8,5.8
27890.0,3.76,47.9,0.97,103.0,28.3,5.9
27895.0,3.77,47.6,1.01,103.0,28.3,5.8
27900.0,3.77,48.1,0.98,103.0,28.3,5.8
27905.0,3.78,47.8,1.01,103.0,28.8,5.8
27910.0,3.78,47.9,1.0,103.0,28.7,5.8
27915.0,3.77,48.1,0.99,102.5,28.6,5.8
27920.0,3.78,48.5,1.0,102.0,28.9,5.8
27925.0,3.77,47.7,1.0,104.5,28.7,5.8
27930.0,3.76,47.6,1.0,103.0,28.1,5.8
27935.0,3.77,48.0,0.99,102.0,28.6,5.8
27940.0,3.77,47.5,0.98,101.5,28.1,5.8
27945.0,3.77,47.9,1.0,104.0,28.5,5.8
27950.0,3.77,47.6,1.01,104.0,28.4,5.8
27955.0,3.77,48.1,1.0,103.5,28.4,5.9
27960.0,3.76,47.9,0.99,102.0,28.5,5.9
27965.0,3.76,48.2,1.0,101.5,28.3,5.9
27970.0,3.76,47.9,0.99,103.0,28.4,5.9
27975.0,3.77,47.7,0.99,102.5,28.4,5.8
27980.0,3.77,48.1,0.96,103.0,28.5,5.9
27985.0,3.76,47.8,0.98,103.0,28.5,5.9
27990.0,3.76,47.7,1.0,104.0,28.1,5.9
27995.0,3.76,47.5,0.98,102.0,27.6,5.8
28000.0,3.76,48.4,0.98,102.0,28.2,5.9
28005.0,3.77,47.7,0.98,101.5,28.5,5.9
28010.0,3.77,48.2,1.0,104.5,28.5,5.8
28015.0,3.77,48.5,1.0,104.0,28.4,5.8
28020.0,3.77,48.2,0.99,102.5,28.3,5.8
28025.0,3.79,48.2,1.01,104.5,29.2,5.8
28030.0,3.78,48.1,0.99,104.5,28.5,5.8
28035.0,3.78,48.4,1.0,104.5,28.5,5.8
28040.0,3.77,47.7,0.97,101.5,28.4,5.8
28045.0,3.77,47.9,0.98,102.5,28.2,5.8
28050.0,3.77,48.2,1.0,104.0,28.2,5.8
28055.0,3.77,47.7,0.99,103.5,28.2,5.8
28060.0,3.76,47.9,0.98,102.0,28.3,5.8
28065.0,3.76,48.1,1.0,102.0,28.1,5.8
28070.0,3.77,47.8,0.98,102.5,28.5,5.8
28075.0,3.76,48.0,0.97,101.0,28.2,5.9
28080.0,3.76,48.2,0.98,101.0,28.5,5.9
28085.0,3.75,47.3,0.99,101.5,28.6,5.9
28090.0,3.75,47.4,0.99,100.5,27.9,5.9
28095.0,3.75,47.9,0.98,101.0,28.2,5.9
28100.0,3.75,47.5,0.96,100.5,28.3,5.9
28105.0,3.76,47.7,0.99,103.0,28.6,5.9
28110.0,3.74,47.1,0.99,100.5,28.4,5.9
28115.0,3.74,47.2,0.96,100.5,28.3,5.9
28120.0,3.75,47.6,0.97,101.5,28.4,5.9
28125.0,3.74,47.3,0.98,102.0,28.2,5.9
28130.0,3.75,47.6,0.99,102.5,28.7,6.0
28135.0,3.74,47.6,0.97,101.0,28.5,6.0
28140.0,3.73,47.6,0.97,99.5,28.2,6.0
28145.0,3.73,47.4,0.98,99.5,28.0,6.0
28150.0,3.74,47.1,0.97,102.0,28.3,6.0
28155.0,3.74,47.2,0.98,101.0,28.4,6.0
28160.0,3.74,47.5,0.98,100.5,28.6,6.0
28165.0,3.73,47.0,0.96,100.5,28.2,6.0
28170.0,3.73,47.4,0.98,101.5,28.1,6.0
28175.0,3.73,47.0,0.98,101.5,28.4,6.0
28180.0,3.72,47.4,0.97,100.0,28.5,6.0
28185.0,3.71,46.8,0.98,98.5,28.1,6.1
28190.0,3.7,47.0,0.96,99.0,27.9,6.1
28195.0,3.71,47.3,0.95,99.0,28.6,6.1
28200.0,3.7,46.8,0.97,98.5,28.2,6.1
28205.0,3.69,46.7,0.96,98.0,28.1,6.1
28210.0,3.69,46.4,0.97,99.5,28.2,6.1
28215.0,3.68,46.1,0.95,98.0,28.3,6.2
28220.0,3.65,45.8,0.93,95.5,28.1,6.2
28225.0,3.65,45.7,0.94,97.0,28.0,6.2
28230.0,3.64,45.5,0.93,94.0,27.7,6.2
28235.0,3.64,46.1,0.93,95.5,28.4,6.2
28240.0,3.64,45.2,0.93,95.0,28.4,6.3
28245.0,3.61,44.9,0.93,93.5,27.9,6.3
28250.0,3.63,45.2,0.93,95.0,28.3,6.3
28255.0,3.63,45.6,0.93,94.5,28.4,6.3
28260.0,3.61,45.4,0.93,92.5,27.9,6.3
28265.0,3.61,45.5,0.91,92.5,28.6,6.3
28270.0,3.61,45.6,0.92,93.5,28.6,6.3
28275.0,3.6,44.7,0.93,93.0,28.2,6.3
28280.0,3.61,45.0,0.94,94.0,28.5,6.3
28285.0,3.6,45.1,0.92,93.5,28.1,6.3
28290.0,3.59,44.6,0.92,91.5,28.3,6.4
28295.0,3.57,44.1,0.92,90.5,28.2,6.4
28300.0,3.55,44.4,0.92,91.5,28.3,6.4
28305.0,3.54,44.4,0.89,88.5,28.6,6.5
28310.0,3.52,43.3,0.89,90.0,28.6,6.5
28315.0,3.51,43.3,0.88,86.5,28.2,6.5
28320.0,3.52,43.9,0.88,88.5,28.5,6.5
28325.0,3.51,43.4,0.9,88.0,28.1,6.5
28330.0,3.48,42.6,0.88,85.5,27.9,6.5
28335.0,3.48,42.5,0.85,86.0,28.0,6.5
28340.0,3.49,43.6,0.89,88.5,28.3,6.6
28345.0,3.47,42.8,0.85,85.0,28.1,6.6
28350.0,3.47,42.9,0.85,85.5,27.9,6.6
28355.0,3.47,43.1,0.86,85.0,28.2,6.6
28360.0,3.47,43.3,0.88,84.5,27.9,6.6
28365.0,3.46,42.0,0.84,83.0,28.2,6.6
28370.0,3.44,42.6,0.85,83.5,28.3,6.6
28375.0,3.44,42.1,0.88,85.5,28.5,6.6
28380.0,3.41,41.7,0.85,83.0,28.3,6.7
28385.0,3.41,41.3,0.85,81.5,28.0,6.7
28390.0,3.39,41.3,0.84,81.5,28.2,6.7
28395.0,3.38,41.2,0.85,81.0,28.3,6.7
28400.0,3.36,40.5,0.85,79.5,28.1,6.7
28405.0,3.34,40.4,0.83,78.0,27.8,6.8
28410.0,3.32,40.1,0.82,76.5,28.1,6.8
28415.0,3.32,40.6,0.82,78.0,28.4,6.8
28420.0,3.31,39.9,0.81,77.0,28.5,6.8
28425.0,3.33,40.3,0.83,78.5,28.4,6.8
28430.0,3.32,40.2,0.84,78.0,28.0,6.8
28435.0,3.31,39.8,0.81,77.5,28.0,6.8
28440.0,3.3,39.5,0.81,76.5,28.0,6.8
28445.0,3.28,39.6,0.83,76.0,28.3,6.9
28450.0,3.28,39.8,0.8,75.0,28.0,6.8
28455.0,3.27,39.2,0.8,73.5,27.8,6.9
28460.0,3.27,38.8,0.82,75.0,28.1,6.9
28465.0,3.29,39.1,0.81,77.0,28.9,6.9
28470.0,3.26,38.7,0.8,74.0,27.8,6.9
28475.0,3.28,40.0,0.8,74.5,29.0,6.9
28480.0,3.27,39.1,0.8,76.5,28.0,6.9
28485.0,3.24,38.9,0.8,72.0,28.1,6.9
28490.0,3.21,37.7,0.78,71.0,27.9,6.9
28495.0,3.21,38.0,0.78,71.5,28.5,6.9
28500.0,3.21,38.2,0.78,71.0,28.4,6.9
28505.0,3.22,38.6,0.81,72.0,28.1,6.9
28510.0,3.19,37.9,0.79,70.0,27.8,7.0
28515.0,3.19,37.8,0.79,71.0,28.0,7.0
28520.0,3.16,36.9,0.79,70.0,28.2,7.0
28525.0,3.15,36.7,0.78,70.0,28.2,7.0
28530.0,3.15,36.9,0.78,68.5,28.4,7.0
28535.0,3.14,37.0,0.77,68.0,27.8,7.0
28540.0,3.14,36.8,0.75,67.5,28.2,7.0
28545.0,3.16,37.8,0.76,68.0,28.1,7.0
28550.0,3.17,37.2,0.78,69.5,28.2,7.0
28555.0,3.16,37.3,0.76,69.5,28.4,7.0
28560.0,3.13,37.0,0.76,67.0,28.3,7.0
28565.0,3.12,36.8,0.77,67.0,28.0,7.0
28570.0,3.15,37.1,0.76,68.5,28.1,7.0
28575.0,3.12,36.6,0.78,68.5,28.2,7.0
28580.0,3.11,37.0,0.75,66.5,28.0,7.0
28585.0,3.12,36.6,0.74,66.0,28.2,7.0
28590.0,3.11,36.6,0.76,66.0,28.6,7.0
28595.0,3.08,35.4,0.73,64.0,28.4,7.1
28600.0,3.08,35.6,0.74,64.0,28.7,7.1
28605.0,3.06,35.5,0.73,62.0,28.2,7.1
28610.0,3.07,35.6,0.73,63.5,28.4,7.0
28615.0,3.05,35.0,0.73,63.5,28.4,7.1
28620.0,3.07,35.5,0.75,64.5,28.2,7.0
28625.0,3.07,35.8,0.74,65.0,28.5,7.0
28630.0,3.08,35.2,0.76,65.0,28.1,7.0
28635.0,3.09,36.1,0.73,64.0,28.9,7.0
28640.0,3.12,36.6,0.75,66.5,28.4,7.0
28645.0,3.08,36.1,0.76,65.0,28.0,7.0
28650.0,3.05,35.7,0.75,63.5,28.3,7.0
28655.0,3.06,35.1,0.73,64.0,28.4,7.0
28660.0,3.05,35.3,0.74,63.5,28.2,7.0
28665.0,3.04,35.1,0.74,61.5,28.5,7.0
28670.0,3.04,34.8,0.73,62.0,28.4,7.0
28675.0,3.05,35.4,0.76,63.0,28.2,7.0
28680.0,3.05,35.1,0.75,62.5,28.2,7.0
28685.0,3.04,35.6,0.73,63.5,28.7,7.0
28690.0,3.03,35.0,0.73,60.5,28.2,7.0
28695.0,3.01,34.9,0.75,62.0,28.4,7.0
28700.0,3.04,35.2,0.75,64.0,28.5,7.0
28705.0,3.02,34.6,0.74,62.0,27.9,7.0
28710.0,3.02,34.8,0.72,61.0,28.6,7.0
28715.0,3.03,34.8,0.75,61.5,28.7,7.0
28720.0,3.03,35.0,0.73,61.0,28.4,7.0
28725.0,3.0,34.4,0.74,61.0,28.1,7.0
28730.0,3.03,34.6,0.75,62.5,28.5,7.0
28735.0,3.01,35.1,0.7,60.0,28.4,7.0
28740.0,3.02,35.1,0.72,60.0,28.4,7.0
28745.0,3.03,34.7,0.74,62.0,28.4,7.0
28750.0,3.0,34.7,0.74,62.5,28.0,7.0
28755.0,2.99,34.2,0.73,60.5,28.3,7.0
28760.0,2.98,34.6,0.74,58.0,28.4,7.0
28765.0,2.97,33.9,0.7,59.0,28.6,7.0
28770.0,2.95,34.0,0.72,58.0,28.5,7.1
28775.0,2.94,33.1,0.71,57.0,28.7,7.1
28780.0,2.94,33.4,0.71,58.5,28.0,7.0
28785.0,2.93,33.0,0.72,57.5,28.3,7.1
28790.0,2.92,33.0,0.71,56.0,28.1,7.1
28795.0,2.92,32.9,0.69,56.0,28.4,7.0
28800.0,2.92,33.0,0.71,57.0,28.7,7.0
28805.0,2.9,32.5,0.7,56.5,28.3,7.1
28810.0,2.89,32.0,0.7,55.5,28.2,7.1
28815.0,2.89,32.4,0.7,56.0,28.3,7.0
28820.0,2.9,32.9,0.69,56.5,28.4,7.0
28825.0,2.9,32.6,0.69,55.5,28.0,7.0
28830.0,2.89,32.3,0.69,55.0,28.2,7.0
28835.0,2.89,32.5,0.71,55.5,28.7,7.0
28840.0,2.89,32.7,0.69,54.5,28.5,7.0
28845.0,2.92,32.7,0.71,58.0,27.8,7.0
28850.0,2.89,32.4,0.67,55.0,28.1,7.0
28855.0,2.9,32.3,0.68,55.0,28.6,7.0
28860.0,2.91,32.4,0.69,55.5,28.3,7.0
28865.0,2.88,32.3,0.68,55.0,29.1,7.0
28870.0,2.87,32.2,0.69,55.0,28.6,7.0
28875.0,2.88,32.2,0.71,55.5,28.0,7.0
28880.0,2.9,32.5,0.7,56.0,28.4,7.0
28885.0,2.89,32.8,0.68,56.0,28.5,7.0
28890.0,2.93,33.1,0.72,59.0,28.8,7.0
28895.0,2.93,33.4,0.7,58.0,28.3,7.0
28900.0,2.92,33.1,0.7,55.5,28.2,7.0
28905.0,2.94,33.2,0.71,58.0,28.0,7.0
28910.0,2.95,33.7,0.7,57.0,28.8,7.0
28915.0,2.94,33.4,0.69,56.5,28.4,7.0
28920.0,2.95,33.7,0.71,59.0,28.6,7.0
28925.0,2.95,34.5,0.7,58.5,28.5,7.0
28930.0,2.98,34.4,0.73,61.5,28.4,7.0
28935.0,3.0,34.5,0.72,60.0,28.3,6.9
28940.0,3.03,35.4,0.72,60.5,28.7,6.9
28945.0,3.03,35.4,0.75,61.0,28.3,6.9
28950.0,3.04,35.0,0.73,61.5,28.5,6.9
28955.0,3.04,35.2,0.74,62.5,28.6,6.9
28960.0,3.05,35.6,0.76,63.0,28.7,6.9
28965.0,3.07,35.7,0.74,64.5,28.4,6.9
28970.0,3.08,36.1,0.75,64.5,28.8,6.9
28975.0,3.1,35.8,0.76,66.0,28.2,6.9
28980.0,3.11,36.0,0.76,66.5,28.0,6.9
28985.0,3.12,36.6,0.76,66.5,28.8,6.9
28990.0,3.11,36.8,0.75,66.5,28.2,6.9
28995.0,3.1,36.0,0.76,65.5,28.4,6.9
29000.0,3.09,35.8,0.76,67.5,28.2,7.0
29005.0,3.1,36.2,0.74,65.5,28.3,7.0
29010.0,3.11,36.6,0.74,66.0,28.8,7.0
29015.0,3.11,36.1,0.77,66.0,28.6,7.0
29020.0,3.13,36.1,0.78,68.0,28.5,7.0
29025.0,3.11,36.0,0.75,66.0,28.4,7.0
29030.0,3.11,37.1,0.75,65.0,28.4,7.0
29035.0,3.09,36.4,0.75,66.0,28.6,7.0
29040.0,3.07,35.6,0.71,62.5,28.2,7.0
29045.0,3.07,36.0,0.74,63.5,28.8,7.0
29050.0,3.03,35.1,0.71,61.5,28.6,7.1
29055.0,3.0,34.6,0.71,60.0,28.5,7.1
29060.0,3.0,34.0,0.69,59.5,28.4,7.1
29065.0,3.01,34.5,0.74,60.0,28.6,7.1
29070.0,3.0,34.1,0.73,62.0,28.7,7.1
29075.0,2.98,34.0,0.72,60.5,28.6,7.1
29080.0,2.96,33.6,0.72,57.0,28.4,7.1
29085.0,2.94,33.2,0.72,57.5,28.3,7.1
29090.0,2.95,33.2,0.74,58.5,28.8,7.1
29095.0,2.94,33.0,0.71,58.0,28.8,7.1
29100.0,2.91,33.3,0.72,57.0,28.1,7.1
29105.0,2.93,33.0,0.71,57.5,28.1,7.1
29110.0,2.94,33.2,0.72,58.5,28.3,7.0
29115.0,2.97,34.2,0.7,59.0,28.6,7.0
29120.0,2.96,34.1,0.71,59.5,28.6,7.0
29125.0,2.94,33.4,0.71,57.5,28.8,7.0
29130.0,2.91,33.4,0.71,56.5,28.9,7.1
29135.0,2.9,32.6,0.71,55.5,28.8,7.1
29140.0,2.87,32.3,0.7,53.5,28.4,7.1
29145.0,2.88,32.0,0.7,56.0,28.2,7.1
29150.0,2.89,32.0,0.69,54.5,28.7,7.0
29155.0,2.88,32.3,0.7,54.0,28.1,7.0
29160.0,2.89,32.5,0.69,55.5,28.3,7.0
29165.0,2.88,32.5,0.69,55.5,28.5,7.0
29170.0,2.87,32.0,0.71,53.5,28.6,7.0
29175.0,2.86,31.6,0.66,54.0,28.3,7.0
29180.0,2.85,31.5,0.71,55.0,27.9,7.0
29185.0,2.86,32.0,0.72,53.5,28.6,7.0
29190.0,2.87,32.3,0.69,54.0,28.8,7.0
29195.0,2.83,31.5,0.69,52.0,28.8,7.1
29200.0,2.81,30.7,0.66,51.0,28.6,7.1
29205.0,2.78,30.9,0.66,48.5,28.3,7.1
29210.0,2.8,31.0,0.65,50.5,28.5,7.1
29215.0,2.83,31.4,0.66,52.5,28.9,7.0
29220.0,2.8,31.0,0.67,51.5,28.2,7.0
29225.0,2.8,30.6,0.69,51.0,28.3,7.0
29230.0,2.81,31.2,0.69,51.5,28.6,7.0
29235.0,2.82,31.7,0.67,52.0,28.6,7.0
29240.0,2.79,30.7,0.67,52.0,28.1,7.0
29245.0,2.79,30.7,0.67,51.0,29.0,7.0
29250.0,2.8,31.5,0.68,51.0,28.5,7.0
29255.0,2.82,31.1,0.69,52.0,29.0,7.0
29260.0,2.83,31.0,0.69,51.5,28.7,7.0
29265.0,2.86,31.8,0.69,53.0,28.8,7.0
29270.0,2.83,31.4,0.69,53.0,28.7,7.0
29275.0,2.82,31.0,0.68,51.0,28.8,7.0
29280.0,2.8,30.9,0.67,50.0,28.3,7.0
29285.0,2.81,31.0,0.7,53.0,28.6,7.0
29290.0,2.81,31.3,0.68,51.5,28.3,7.0
29295.0,2.78,30.5,0.67,50.0,28.2,7.0
29300.0,2.79,30.9,0.69,50.0,28.3,7.0
29305.0,2.78,31.2,0.68,50.0,28.4,7.0
29310.0,2.77,30.3,0.67,49.5,28.9,7.0
29315.0,2.76,30.6,0.67,48.0,28.8,7.0
29320.0,2.73,29.9,0.66,46.0,28.8,7.1
29325.0,2.73,29.8,0.65,48.0,28.5,7.1
29330.0,2.72,29.8,0.66,47.5,28.8,7.1
29335.0,2.7,28.8,0.65,45.0,28.6,7.1
29340.0,2.67,28.5,0.65,44.5,28.4,7.1
29345.0,2.64,28.2,0.63,44.0,28.1,7.1
29350.0,2.63,28.3,0.63,42.5,28.3,7.1
29355.0,2.63,27.9,0.65,42.5,28.3,7.1
29360.0,2.63,27.9,0.61,43.0,28.7,7.1
29365.0,2.66,28.6,0.63,43.0,28.0,7.0
29370.0,2.67,28.5,0.65,45.5,28.8,7.0
29375.0,2.67,28.7,0.64,44.5,28.6,7.0
29380.0,2.68,28.4,0.64,45.5,28.5,7.0
29385.0,2.68,29.2,0.64,45.0,28.9,7.0
29390.0,2.69,29.3,0.66,47.0,28.4,7.0
29395.0,2.69,28.9,0.64,45.5,28.3,7.0
29400.0,2.68,29.2,0.64,45.5,28.7,7.0
29405.0,2.68,29.0,0.63,45.0,28.9,7.0
29410.0,2.7,28.7,0.65,46.0,28.2,7.0
29415.0,2.74,29.5,0.67,48.0,28.8,7.0
29420.0,2.74,29.9,0.66,48.0,29.1,7.0
29425.0,2.75,30.2,0.67,48.0,28.3,7.0
29430.0,2.75,30.1,0.66,49.0,28.5,7.0
29435.0,2.75,30.0,0.64,47.5,28.3,7.0
29440.0,2.78,31.2,0.67,48.5,28.1,6.9
29445.0,2.78,30.8,0.67,50.5,27.9,6.9
29450.0,2.8,31.1,0.67,51.0,27.9,6.9
29455.0,2.83,31.5,0.69,52.5,28.6,6.9
29460.0,2.82,31.3,0.7,53.0,28.5,6.9
29465.0,2.82,31.1,0.68,52.0,28.5,7.0
29470.0,2.81,31.3,0.7,52.5,28.1,7.0
29475.0,2.86,32.2,0.68,55.0,28.5,6.9
29480.0,2.84,31.8,0.68,53.0,28.1,6.9
29485.0,2.84,32.2,0.69,52.5,28.6,7.0
29490.0,2.83,31.4,0.68,53.5,28.7,7.0
29495.0,2.85,32.3,0.69,53.5,28.2,7.0
29500.0,2.85,31.8,0.67,53.5,28.5,7.0
29505.0,2.89,32.1,0.69,55.0,28.1,6.9
29510.0,2.86,32.1,0.69,54.5,28.7,7.0
29515.0,2.83,31.5,0.68,52.0,28.7,7.0
29520.0,2.85,31.7,0.68,54.0,28.2,7.0
29525.0,2.87,32.3,0.7,53.5,28.2,7.0
29530.0,2.89,32.2,0.7,56.5,28.0,6.9
29535.0,2.95,33.5,0.71,58.5,28.6,6.9
29540.0,2.98,34.0,0.71,59.5,28.2,6.9
29545.0,2.96,33.3,0.7,58.5,28.4,6.9
29550.0,2.99,34.1,0.74,61.5,28.3,6.9
29555.0,3.0,33.9,0.7,61.5,28.5,6.9
29560.0,2.97,33.9,0.73,59.5,28.4,6.9
29565.0,2.96,33.6,0.73,58.0,28.3,7.0
29570.0,2.94,33.1,0.7,58.0,27.9,7.0
29575.0,2.91,33.1,0.7,55.5,28.7,7.0
29580.0,2.89,32.5,0.71,57.5,27.8,7.0
29585.0,2.89,32.7,0.7,55.0,28.2,7.0
29590.0,2.92,32.9,0.7,58.0,27.8,7.0
29595.0,2.93,33.1,0.71,56.5,28.4,7.0
29600.0,2.9,32.9,0.7,56.5,28.3,7.0
29605.0,2.94,33.8,0.71,58.0,28.2,7.0
29610.0,2.95,33.6,0.71,58.0,27.9,7.0
29615.0,2.97,34.1,0.73,59.5,28.9,7.0
29620.0,2.99,33.9,0.73,60.5,28.5,6.9
29625.0,2.99,34.1,0.72,60.5,28.0,7.0
29630.0,3.01,34.7,0.73,61.5,28.0,6.9
29635.0,2.99,35.0,0.72,60.5,28.5,7.0
29640.0,2.98,34.3,0.72,58.5,28.4,7.0
29645.0,2.94,33.7,0.72,57.0,28.0,7.0
29650.0,2.92,33.3,0.71,56.5,28.0,7.0
29655.0,2.89,32.2,0.68,56.0,28.1,7.1
29660.0,2.86,32.3,0.68,54.0,28.2,7.1
29665.0,2.87,32.1,0.7,54.5,28.2,7.1
29670.0,2.89,32.4,0.68,55.0,28.6,7.0
29675.0,2.92,32.9,0.71,56.5,28.3,7.0
29680.0,2.93,33.1,0.69,56.5,28.2,7.0
29685.0,2.94,33.3,0.69,57.0,28.2,7.0
29690.0,2.94,33.7,0.72,58.5,28.3,7.0
29695.0,2.95,33.6,0.72,59.5,28.4,7.0
29700.0,2.93,33.1,0.7,57.5,27.9,7.0
29705.0,2.92,33.5,0.69,57.0,28.1,7.0
29710.0,2.96,33.5,0.71,57.5,28.7,7.0
29715.0,2.95,33.7,0.72,57.5,28.2,7.0
29720.0,2.95,33.1,0.73,60.0,27.6,7.0
29725.0,2.97,33.5,0.73,59.5,27.8,7.0
29730.0,2.99,34.8,0.73,59.0,28.1,7.0
29735.0,3.02,34.8,0.74,62.0,27.9,6.9
29740.0,3.02,34.3,0.74,62.0,28.3,6.9
29745.0,3.02,35.1,0.73,63.0,28.5,7.0
29750.0,3.01,34.0,0.73,61.5,27.9,7.0
29755.0,3.01,34.9,0.72,61.5,28.0,7.0
29760.0,3.0,34.5,0.73,61.0,28.0,7.0
29765.0,2.99,33.7,0.73,61.5,28.3,7.0
29770.0,2.94,33.8,0.75,60.0,28.3,7.0
29775.0,2.97,34.6,0.71,58.0,27.6,7.0
29780.0,2.95,33.8,0.73,59.0,28.1,7.0
29785.0,2.93,33.5,0.71,57.5,28.0,7.0
29790.0,2.94,33.4,0.7,57.5,28.5,7.0
29795.0,2.95,33.4,0.71,57.5,28.1,7.0
29800.0,2.96,33.8,0.72,58.5,27.8,7.0
29805.0,2.93,33.0,0.73,58.5,28.0,7.0
29810.0,2.93,33.5,0.71,57.0,27.6,7.0
29815.0,2.89,33.3,0.69,54.0,27.7,7.1
29820.0,2.87,32.0,0.69,53.0,27.8,7.1
29825.0,2.84,31.9,0.68,52.5,27.5,7.1
29830.0,2.84,31.3,0.7,54.0,28.0,7.1
29835.0,2.84,31.3,0.68,50.5,27.6,7.1
29840.0,2.79,30.7,0.67,52.0,27.8,7.1
29845.0,2.78,30.8,0.68,50.5,27.9,7.1
29850.0,2.78,30.6,0.67,49.0,27.5,7.1
29855.0,2.77,30.6,0.67,47.5,27.8,7.1
29860.0,2.72,29.1,0.65,47.0,27.8,7.1
29865.0,2.7,29.3,0.66,46.0,28.3,7.1
29870.0,2.68,28.7,0.66,45.0,27.9,7.1
29875.0,2.68,29.2,0.63,46.0,27.9,7.1
29880.0,2.66,27.9,0.64,45.0,27.1,7.1
29885.0,2.66,28.6,0.65,44.5,27.8,7.1
29890.0,2.66,28.3,0.66,44.5,27.9,7.1
29895.0,2.66,27.9,0.65,44.0,27.6,7.1
29900.0,2.63,28.4,0.66,43.5,28.1,7.1
29905.0,2.6,27.4,0.64,42.0,27.6,7.1
29910.0,2.59,26.9,0.62,43.0,28.0,7.1
29915.0,2.59,26.8,0.63,41.0,27.3,7.1
29920.0,2.59,26.7,0.62,40.5,28.1,7.1
29925.0,2.56,26.4,0.62,40.0,27.6,7.1
29930.0,2.58,27.0,0.61,40.0,27.2,7.1
29935.0,2.58,26.7,0.64,42.5,27.5,7.1
29940.0,2.6,27.1,0.64,41.5,27.4,7.0
29945.0,2.6,27.1,0.63,41.5,27.6,7.0
29950.0,2.59,27.4,0.61,41.0,27.2,7.0
29955.0,2.58,27.0,0.63,40.0,27.8,7.0
29960.0,2.58,27.1,0.62,39.5,27.2,7.0
29965.0,2.6,27.7,0.63,41.5,27.6,7.0
29970.0,2.61,28.1,0.63,43.0,27.4,7.0
29975.0,2.61,27.8,0.63,43.5,27.6,7.0
29980.0,2.6,27.4,0.62,41.5,27.3,7.0
29985.0,2.62,27.8,0.64,44.0,27.5,7.0
29990.0,2.62,27.8,0.64,43.5,27.5,7.0
29995.0,2.66,28.1,0.64,42.5,27.6,7.0
30000.0,2.67,28.9,0.64,43.5,27.5,7.0
30005.0,2.66,29.0,0.65,46.0,27.5,7.0
30010.0,2.68,29.4,0.64,44.5,27.1,7.0
30015.0,2.7,28.9,0.65,46.0,27.5,6.9
30020.0,2.7,29.4,0.65,46.0,27.3,6.9
30025.0,2.69,28.9,0.66,46.0,27.7,7.0
30030.0,2.71,29.0,0.65,46.5,27.4,7.0
30035.0,2.73,29.9,0.67,48.5,27.4,6.9
30040.0,2.76,30.7,0.67,49.0,26.8,6.9
30045.0,2.76,30.3,0.69,50.0,27.2,6.9
30050.0,2.8,31.0,0.68,52.0,27.4,6.9
30055.0,2.8,30.8,0.68,50.5,27.4,6.9
30060.0,2.8,30.8,0.66,50.0,27.3,6.9
30065.0,2.8,31.1,0.69,52.5,27.3,6.9
30070.0,2.81,31.1,0.68,50.5,27.2,6.9
30075.0,2.82,31.3,0.69,51.5,27.3,6.9
30080.0,2.83,31.2,0.69,51.5,27.0,6.9
30085.0,2.85,32.3,0.68,52.5,26.7,6.9
30090.0,2.85,32.2,0.68,53.5,27.6,6.9
30095.0,2.88,32.4,0.68,53.5,27.1,6.9
30100.0,2.86,31.2,0.7,54.0,27.1,6.9
30105.0,2.89,32.9,0.69,54.0,27.2,6.9
30110.0,2.9,32.8,0.7,55.5,27.2,6.9
30115.0,2.88,32.2,0.7,55.0,26.9,6.9
30120.0,2.89,32.5,0.69,55.0,27.1,7.0
30125.0,2.89,32.4,0.69,54.0,26.9,7.0
30130.0,2.9,32.8,0.7,54.5,27.1,7.0
30135.0,2.87,31.8,0.71,54.0,26.9,7.0
30140.0,2.9,32.0,0.68,55.5,27.5,7.0
30145.0,2.91,33.0,0.7,56.5,27.4,7.0
30150.0,2.91,32.7,0.71,55.5,27.3,7.0
30155.0,2.9,32.9,0.71,56.5,26.9,7.0
30160.0,2.89,32.8,0.7,54.5,27.1,7.0
30165.0,2.89,32.9,0.71,55.5,27.2,7.0
30170.0,2.86,31.6,0.69,55.5,26.7,7.0
30175.0,2.87,32.0,0.7,54.0,26.8,7.0
30180.0,2.89,32.3,0.72,56.5,26.9,7.0
30185.0,2.92,32.9,0.69,55.0,26.6,7.0
30190.0,2.94,33.2,0.71,57.5,27.3,6.9
30195.0,2.96,33.9,0.72,58.5,26.9,6.9
30200.0,2.98,33.9,0.72,59.5,26.6,6.9
30205.0,3.03,34.9,0.73,63.5,26.8,6.9
30210.0,3.04,35.0,0.72,63.0,26.7,6.9
30215.0,2.99,34.2,0.71,61.0,27.1,7.0
30220.0,2.98,34.3,0.7,58.5,26.6,7.0
30225.0,3.01,34.8,0.73,60.5,26.7,6.9
30230.0,2.98,33.9,0.72,59.0,26.8,7.0
30235.0,2.96,34.2,0.72,59.0,26.2,7.0
30240.0,2.96,34.0,0.72,58.0,26.7,7.0
30245.0,2.94,33.5,0.71,59.0,26.0,7.0
30250.0,2.98,34.3,0.71,59.5,26.9,7.0
30255.0,2.97,34.0,0.73,59.0,27.1,7.0
30260.0,2.99,34.1,0.72,59.5,26.7,7.0
30265.0,2.99,33.6,0.72,60.0,26.5,7.0
30270.0,2.99,34.5,0.73,60.0,26.7,7.0
30275.0,3.02,34.6,0.73,60.5,26.5,7.0
30280.0,3.0,34.7,0.72,60.5,26.7,7.0
30285.0,3.04,35.1,0.74,62.5,26.6,6.9
30290.0,3.06,35.5,0.75,65.5,26.7,6.9
30295.0,3.07,36.0,0.73,63.0,26.6,6.9
30300.0,3.06,36.2,0.74,64.0,26.3,6.9
30305.0,3.04,35.4,0.73,62.5,26.6,7.0
30310.0,3.02,34.5,0.72,61.0,26.2,7.0
30315.0,3.01,34.2,0.71,60.0,26.2,7.0
30320.0,3.01,35.0,0.75,61.0,26.1,7.0
30325.0,2.99,33.4,0.72,59.5,26.1,7.0
30330.0,2.99,33.9,0.72,59.5,26.1,7.0
30335.0,2.98,34.2,0.72,60.0,26.1,7.0
30340.0,2.94,33.5,0.72,58.0,25.8,7.1
30345.0,2.92,33.2,0.7,56.5,26.2,7.1
30350.0,2.92,32.5,0.73,58.0,26.6,7.1
30355.0,2.92,33.2,0.69,56.5,26.2,7.1
30360.0,2.9,32.4,0.71,55.5,26.4,7.1
30365.0,2.88,31.6,0.7,55.5,26.5,7.1
30370.0,2.87,32.1,0.69,55.0,26.1,7.1
30375.0,2.83,31.1,0.68,50.5,26.5,7.1
30380.0,2.8,31.2,0.68,49.0,26.0,7.1
30385.0,2.81,31.4,0.69,54.0,26.2,7.1
30390.0,2.79,31.1,0.66,50.5,26.3,7.1
30395.0,2.78,30.7,0.66,50.0,25.9,7.1
30400.0,2.74,30.0,0.67,48.5,26.0,7.1
30405.0,2.71,29.1,0.65,46.5,26.0,7.1
30410.0,2.69,28.7,0.65,44.5,25.8,7.1
30415.0,2.65,28.4,0.65,43.5,25.9,7.2
30420.0,2.61,27.9,0.62,42.5,25.6,7.2
30425.0,2.56,26.5,0.61,40.0,25.5,7.2
30430.0,2.52,26.0,0.63,39.0,26.3,7.2
30435.0,2.5,25.6,0.59,36.0,25.5,7.2
30440.0,2.49,26.1,0.61,38.0,25.7,7.2
30445.0,2.46,25.5,0.6,36.0,25.8,7.2
30450.0,2.4,23.8,0.58,34.0,25.9,7.2
30455.0,2.36,23.4,0.56,31.0,26.1,7.2
30460.0,2.34,23.2,0.58,30.0,25.4,7.2
30465.0,2.3,22.3,0.58,30.5,25.8,7.2
30470.0,2.28,22.3,0.55,28.0,25.6,7.2
30475.0,2.25,21.4,0.57,27.0,25.8,7.2
30480.0,2.19,20.3,0.55,24.0,26.3,7.3
30485.0,2.17,19.8,0.54,25.0,25.9,7.3
30490.0,2.18,20.1,0.57,25.5,25.4,7.2
30495.0,2.14,19.9,0.56,23.5,25.6,7.2
30500.0,2.09,18.8,0.56,23.5,25.7,7.3
30505.0,2.07,18.1,0.53,22.0,25.7,7.2
30510.0,2.05,18.0,0.54,21.5,25.7,7.2
30515.0,2.05,17.5,0.53,22.0,25.5,7.2
30520.0,2.04,18.0,0.54,21.0,25.9,7.2
30525.0,2.01,16.7,0.54,21.0,25.7,7.2
30530.0,1.98,16.4,0.54,18.0,25.6,7.2
30535.0,1.98,16.8,0.52,17.5,25.6,7.2
30540.0,1.96,16.6,0.54,17.5,25.5,7.2
30545.0,1.96,16.2,0.52,18.0,25.7,7.2
30550.0,1.99,16.8,0.53,19.5,25.2,7.2
30555.0,1.98,16.3,0.52,19.5,25.5,7.2
30560.0,2.01,17.0,0.52,18.5,25.5,7.1
30565.0,2.03,17.3,0.56,20.5,25.2,7.1
30570.0,2.02,17.4,0.53,18.0,25.7,7.1
30575.0,2.04,17.9,0.54,20.0,25.1,7.1
30580.0,2.04,17.1,0.54,20.0,25.4,7.1
30585.0,2.05,17.6,0.56,21.5,25.2,7.1
30590.0,2.05,17.6,0.55,21.0,25.6,7.1
30595.0,2.06,17.9,0.53,21.5,25.4,7.1
30600.0,2.06,18.2,0.54,20.5,25.7,7.1
30605.0,2.08,18.1,0.55,21.0,25.5,7.0
30610.0,2.1,18.9,0.56,23.5,25.3,7.0
30615.0,2.12,19.1,0.53,23.5,25.1,7.0
30620.0,2.08,18.4,0.53,22.5,25.0,7.0
30625.0,2.08,18.8,0.56,23.0,25.1,7.0
30630.0,2.1,18.2,0.54,21.5,24.8,7.0
30635.0,2.1,18.5,0.55,21.5,25.0,7.0
30640.0,2.13,19.1,0.57,25.5,25.0,7.0
30645.0,2.15,19.7,0.56,24.5,25.0,7.0
30650.0,2.16,20.1,0.56,24.0,25.0,7.0
30655.0,2.16,19.8,0.56,24.5,25.4,7.0
30660.0,2.18,20.3,0.57,26.5,25.5,6.9
30665.0,2.19,20.8,0.55,24.5,24.9,6.9
30670.0,2.19,20.4,0.58,26.0,24.7,7.0
30675.0,2.17,20.0,0.58,25.0,24.7,7.0
30680.0,2.18,19.9,0.56,25.0,25.0,7.0
30685.0,2.2,20.0,0.56,27.5,25.0,6.9
30690.0,2.22,20.9,0.55,26.5,24.6,6.9
30695.0,2.26,21.5,0.59,28.5,24.5,6.9
30700.0,2.24,20.8,0.57,26.5,25.4,6.9
30705.0,2.25,21.2,0.57,28.0,24.7,6.9
30710.0,2.27,21.7,0.57,28.0,24.5,6.9
30715.0,2.3,22.2,0.6,31.0,24.8,6.9
30720.0,2.31,22.1,0.58,29.5,25.0,6.9
30725.0,2.32,22.6,0.59,30.0,24.7,6.9
30730.0,2.33,22.7,0.58,29.5,24.5,6.9
30735.0,2.32,22.3,0.61,31.0,24.7,6.9
30740.0,2.32,22.7,0.6,30.5,25.0,6.9
30745.0,2.31,22.2,0.56,30.0,24.3,7.0
30750.0,2.31,22.6,0.56,29.0,25.0,7.0
30755.0,2.3,21.6,0.58,28.0,24.5,7.0
30760.0,2.3,21.8,0.57,30.5,24.9,7.0
30765.0,2.31,22.7,0.58,30.0,24.6,7.0
30770.0,2.3,22.2,0.58,28.5,24.9,7.0
30775.0,2.31,22.7,0.59,29.5,24.5,7.0
30780.0,2.32,22.5,0.56,28.0,24.7,7.0
30785.0,2.31,21.8,0.58,31.0,24.5,7.0
30790.0,2.3,22.0,0.58,29.5,24.7,7.0
30795.0,2.31,22.2,0.57,29.0,24.2,7.0
30800.0,2.31,22.1,0.6,31.5,24.4,7.0
30805.0,2.31,22.7,0.58,29.0,25.0,7.0
30810.0,2.32,22.5,0.58,30.5,24.5,7.0
30815.0,2.33,22.3,0.59,30.5,24.3,7.0
30820.0,2.3,22.4,0.58,29.5,24.3,7.0
30825.0,2.29,21.6,0.57,29.0,24.1,7.0
30830.0,2.26,21.5,0.58,28.5,24.6,7.0
30835.0,2.25,21.4,0.58,28.0,24.4,7.1
30840.0,2.27,21.7,0.58,29.5,23.7,7.0
30845.0,2.25,21.4,0.56,27.5,24.5,7.0
30850.0,2.28,21.8,0.56,29.5,24.3,7.0
30855.0,2.26,20.8,0.58,28.5,23.9,7.0
30860.0,2.21,20.5,0.55,26.5,24.2,7.1
30865.0,2.2,20.1,0.55,26.5,24.3,7.1
30870.0,2.2,20.8,0.58,26.5,24.2,7.1
30875.0,2.2,20.5,0.58,27.0,24.5,7.1
30880.0,2.2,20.4,0.56,26.0,24.1,7.1
30885.0,2.17,20.1,0.58,25.0,24.5,7.1
30890.0,2.17,19.3,0.53,24.5,23.8,7.1
30895.0,2.17,19.8,0.55,24.0,24.2,7.1
30900.0,2.18,20.4,0.55,25.0,23.6,7.1
30905.0,2.17,20.3,0.54,24.5,24.0,7.0
30910.0,2.15,19.5,0.55,24.0,23.9,7.1
30915.0,2.14,19.3,0.53,23.5,23.7,7.1
30920.0,2.15,19.6,0.54,23.0,24.3,7.0
30925.0,2.18,19.9,0.56,26.0,24.2,7.0
30930.0,2.18,19.8,0.56,25.5,23.8,7.0
30935.0,2.18,20.3,0.57,27.0,24.2,7.0
30940.0,2.19,20.6,0.56,26.5,23.8,7.0
30945.0,2.18,19.8,0.56,24.5,24.0,7.0
30950.0,2.19,20.2,0.54,25.0,24.4,7.0
30955.0,2.21,20.6,0.56,25.0,24.1,7.0
30960.0,2.21,20.9,0.58,27.0,24.3,7.0
30965.0,2.21,20.7,0.55,26.5,23.8,7.0
30970.0,2.23,20.4,0.55,26.5,23.9,7.0
30975.0,2.23,20.8,0.56,26.5,24.1,7.0
30980.0,2.24,20.4,0.56,26.0,24.3,7.0
30985.0,2.24,20.8,0.57,28.5,24.1,7.0
30990.0,2.27,21.2,0.58,30.0,23.5,6.9
30995.0,2.26,21.9,0.6,28.5,24.2,6.9
31000.0,2.25,21.3,0.58,28.0,24.3,7.0
31005.0,2.24,21.3,0.58,28.5,24.1,7.0
31010.0,2.24,21.2,0.57,29.5,24.1,7.0
31015.0,2.25,21.8,0.53,26.5,24.3,7.0
31020.0,2.27,21.6,0.57,29.0,23.8,7.0
31025.0,2.27,21.7,0.56,28.5,23.7,7.0
31030.0,2.27,21.8,0.56,28.5,24.2,7.0
31035.0,2.3,21.8,0.59,29.5,23.5,7.0
31040.0,2.28,22.0,0.56,27.5,24.3,7.0
31045.0,2.31,22.2,0.58,32.0,23.5,7.0
31050.0,2.29,21.8,0.57,28.0,23.7,7.0
31055.0,2.27,21.5,0.6,28.0,24.2,7.0
31060.0,2.27,21.6,0.57,29.0,24.0,7.0
31065.0,2.29,22.1,0.57,30.5,23.7,7.0
31070.0,2.28,21.3,0.57,28.0,24.0,7.0
31075.0,2.29,21.6,0.57,30.0,23.6,7.0
31080.0,2.27,21.3,0.57,27.5,23.5,7.0
31085.0,2.25,21.2,0.57,27.0,24.0,7.0
31090.0,2.26,21.1,0.58,27.5,23.3,7.0
31095.0,2.26,21.6,0.55,27.5,23.8,7.0
31100.0,2.28,21.3,0.57,28.5,23.3,7.0
31105.0,2.25,21.9,0.56,27.5,23.9,7.0
31110.0,2.23,21.0,0.58,27.5,23.7,7.0
31115.0,2.22,20.4,0.57,27.0,24.4,7.0
31120.0,2.22,20.9,0.57,27.5,23.8,7.0
31125.0,2.22,21.1,0.56,26.0,23.5,7.0
31130.0,2.19,19.8,0.55,25.0,23.5,7.1
31135.0,2.18,20.3,0.54,25.5,23.4,7.1
31140.0,2.18,20.0,0.56,27.5,23.1,7.1
31145.0,2.13,18.8,0.52,22.0,24.0,7.1
31150.0,2.14,19.6,0.55,23.5,23.6,7.1
31155.0,2.13,19.3,0.55,23.5,23.7,7.1
31160.0,2.13,19.3,0.54,22.0,23.0,7.1
31165.0,2.11,19.3,0.55,22.0,23.8,7.1
31170.0,2.1,18.9,0.56,23.0,23.3,7.1
31175.0,2.09,18.3,0.55,22.0,23.4,7.1
31180.0,2.09,18.4,0.55,23.0,23.5,7.1
31185.0,2.1,18.6,0.54,22.5,23.2,7.1
31190.0,2.09,18.6,0.55,21.0,23.7,7.1
31195.0,2.08,18.3,0.53,20.0,23.3,7.1
31200.0,2.1,18.6,0.54,22.0,23.4,7.1
31205.0,2.11,19.1,0.55,24.0,23.3,7.1
31210.0,2.09,18.1,0.54,21.0,23.5,7.1
31215.0,2.11,18.4,0.54,22.5,23.2,7.1
31220.0,2.1,18.5,0.55,22.5,23.4,7.1
31225.0,2.09,18.4,0.56,22.5,23.3,7.1
31230.0,2.07,18.1,0.53,21.5,23.6,7.1
31235.0,2.09,18.3,0.55,21.5,23.3,7.1
31240.0,2.09,18.3,0.55,21.5,23.3,7.1
31245.0,2.08,18.0,0.54,21.5,23.4,7.1
31250.0,2.09,18.2,0.56,22.5,23.1,7.1
31255.0,2.09,18.9,0.55,23.5,23.2,7.1
31260.0,2.08,18.6,0.54,21.5,23.6,7.1
31265.0,2.11,18.6,0.56,24.0,23.2,7.1
31270.0,2.1,19.0,0.55,24.0,23.3,7.1
31275.0,2.1,18.7,0.54,22.0,23.4,7.1
31280.0,2.09,18.5,0.55,23.0,23.2,7.1
31285.0,2.07,18.4,0.55,21.5,24.0,7.1
31290.0,2.09,18.6,0.55,22.0,23.3,7.1
31295.0,2.1,18.8,0.54,22.5,23.3,7.1
31300.0,2.08,18.0,0.55,21.0,23.7,7.1
31305.0,2.11,19.1,0.54,22.5,23.4,7.1
31310.0,2.13,18.9,0.57,23.5,23.1,7.0
31315.0,2.13,18.4,0.57,24.5,22.5,7.1
31320.0,2.13,19.5,0.55,23.5,22.5,7.1
31325.0,2.1,19.0,0.55,23.5,23.2,7.1
31330.0,2.08,18.6,0.54,21.5,23.3,7.1
31335.0,2.1,19.0,0.54,23.5,22.8,7.1
31340.0,2.1,18.1,0.55,22.0,23.2,7.1
31345.0,2.09,18.4,0.54,22.0,23.4,7.1
31350.0,2.11,19.4,0.55,22.5,22.7,7.1
31355.0,2.11,19.0,0.56,23.0,23.3,7.1
31360.0,2.12,19.3,0.55,23.5,22.9,7.1
31365.0,2.12,19.2,0.55,24.0,23.0,7.1
31370.0,2.13,19.4,0.56,23.0,23.0,7.0
31375.0,2.13,19.2,0.56,23.5,23.4,7.0
31380.0,2.14,19.7,0.56,24.0,23.1,7.0
31385.0,2.15,18.7,0.54,23.5,22.9,7.0
31390.0,2.14,19.0,0.56,25.0,23.3,7.0
31395.0,2.17,19.7,0.55,26.5,23.2,7.0
31400.0,2.18,20.0,0.55,24.5,23.4,7.0
31405.0,2.2,20.3,0.57,27.0,23.1,7.0
31410.0,2.2,20.5,0.55,26.0,23.2,7.0
31415.0,2.19,20.7,0.58,27.0,23.0,7.0
31420.0,2.17,19.9,0.54,24.0,23.1,7.0
31425.0,2.18,20.5,0.54,24.5,23.0,7.0
31430.0,2.18,20.3,0.56,25.0,23.1,7.0
31435.0,2.19,20.4,0.57,25.5,23.2,7.0
31440.0,2.19,20.2,0.58,27.0,22.9,7.0
31445.0,2.16,19.6,0.57,23.5,23.1,7.0
31450.0,2.19,20.7,0.55,24.5,22.7,7.0
31455.0,2.18,20.2,0.55,24.0,23.3,7.0
31460.0,2.21,20.0,0.56,26.0,22.5,7.0
31465.0,2.2,20.4,0.56,26.0,23.0,7.0
31470.0,2.21,20.4,0.55,26.5,22.7,7.0
31475.0,2.18,19.8,0.57,26.0,23.6,7.0
31480.0,2.18,19.7,0.56,25.5,23.3,7.0
31485.0,2.19,20.4,0.56,26.0,23.2,7.0
31490.0,2.19,20.4,0.56,26.0,22.8,7.0
31495.0,2.23,21.0,0.55,27.5,22.7,7.0
31500.0,2.24,21.5,0.57,26.5,23.0,6.9
31505.0,2.25,21.6,0.55,26.5,22.9,6.9
31510.0,2.26,21.5,0.56,29.0,22.9,6.9
31515.0,2.25,21.4,0.57,28.5,23.2,6.9
31520.0,2.28,21.8,0.58,29.0,23.2,6.9
31525.0,2.27,20.9,0.57,28.0,23.0,6.9
31530.0,2.28,22.1,0.57,29.0,22.8,6.9
31535.0,2.29,22.0,0.57,30.5,23.1,6.9
31540.0,2.32,22.0,0.58,31.0,22.9,6.9
31545.0,2.31,22.7,0.59,30.5,22.7,6.9
31550.0,2.34,22.4,0.61,31.0,23.4,6.9
31555.0,2.33,23.2,0.58,30.5,23.1,6.9
31560.0,2.33,22.9,0.59,32.5,23.2,6.9
31565.0,2.31,22.2,0.58,28.5,23.3,7.0
31570.0,2.29,21.5,0.56,28.5,23.8,7.0
31575.0,2.29,21.4,0.57,28.0,23.1,7.0
31580.0,2.28,22.1,0.57,30.0,23.1,7.0
31585.0,2.3,22.8,0.57,30.0,23.1,7.0
31590.0,2.32,22.1,0.57,32.0,22.8,7.0
31595.0,2.32,22.6,0.59,31.0,23.2,7.0
31600.0,2.32,22.7,0.58,30.5,22.9,7.0
31605.0,2.31,22.2,0.59,31.0,22.7,7.0
31610.0,2.29,22.3,0.55,28.0,23.2,7.0
31615.0,2.29,22.0,0.57,28.5,22.8,7.0
31620.0,2.3,22.3,0.58,30.5,23.1,7.0
31625.0,2.28,22.7,0.6,29.0,23.2,7.0
31630.0,2.28,21.9,0.56,28.0,23.0,7.0
31635.0,2.26,21.3,0.58,28.5,23.2,7.0
31640.0,2.26,21.9,0.58,29.0,23.0,7.0
31645.0,2.26,21.8,0.58,28.5,22.9,7.0
31650.0,2.26,21.4,0.59,28.0,23.0,7.0
31655.0,2.25,21.2,0.57,27.0,23.3,7.0
31660.0,2.26,21.6,0.57,27.5,22.7,7.0
31665.0,2.23,20.9,0.57,28.5,23.2,7.0
31670.0,2.22,21.2,0.57,27.5,22.9,7.1
31675.0,2.23,20.8,0.56,29.0,23.5,7.0
31680.0,2.24,21.3,0.58,28.0,23.1,7.0
31685.0,2.25,21.1,0.57,27.5,23.0,7.0
31690.0,2.28,21.8,0.57,30.0,22.7,7.0
31695.0,2.27,21.3,0.55,27.5,23.3,7.0
31700.0,2.28,21.7,0.58,28.5,22.9,7.0
31705.0,2.28,21.9,0.57,28.5,23.1,7.0
31710.0,2.25,21.0,0.57,27.5,23.2,7.0
31715.0,2.26,21.3,0.57,27.5,23.3,7.0
31720.0,2.24,20.9,0.58,28.0,23.2,7.0
31725.0,2.26,21.7,0.56,27.5,22.8,7.0
31730.0,2.24,20.6,0.57,27.0,23.0,7.0
31735.0,2.24,20.7,0.57,26.5,22.9,7.0
31740.0,2.24,21.3,0.57,28.5,23.1,7.0
31745.0,2.27,21.6,0.57,28.0,23.0,7.0
31750.0,2.25,21.6,0.56,28.5,22.6,7.0
31755.0,2.26,21.7,0.57,29.0,22.8,7.0
31760.0,2.23,20.7,0.54,28.0,23.2,7.0
31765.0,2.26,21.7,0.57,27.5,23.1,7.0
31770.0,2.26,21.4,0.57,28.5,22.9,7.0
31775.0,2.24,21.1,0.56,27.5,23.1,7.0
31780.0,2.23,20.6,0.55,27.0,22.9,7.0
31785.0,2.23,21.1,0.57,27.0,22.8,7.0
31790.0,2.21,20.9,0.56,27.5,22.6,7.0
31795.0,2.2,20.3,0.56,28.0,23.0,7.0
31800.0,2.19,19.9,0.55,25.5,23.1,7.1
31805.0,2.21,20.4,0.57,27.5,22.4,7.0
31810.0,2.21,20.6,0.57,27.0,23.3,7.0
31815.0,2.21,20.6,0.57,27.0,23.2,7.0
31820.0,2.22,21.7,0.56,26.5,23.1,7.0
31825.0,2.22,20.4,0.55,24.5,22.7,7.0
31830.0,2.23,21.1,0.57,26.5,23.0,7.0
31835.0,2.23,21.3,0.57,26.5,23.2,7.0
31840.0,2.24,20.9,0.57,28.5,23.0,7.0
31845.0,2.27,21.6,0.57,28.0,22.9,7.0
31850.0,2.27,21.2,0.57,27.5,22.7,7.0
31855.0,2.26,21.7,0.57,28.0,22.9,7.0
31860.0,2.26,22.0,0.57,29.0,22.8,7.0
31865.0,2.25,21.6,0.56,27.0,23.1,7.0
31870.0,2.27,21.3,0.56,27.5,22.5,7.0
31875.0,2.26,21.1,0.56,28.5,23.2,7.0
31880.0,2.26,21.9,0.57,27.5,23.2,7.0
31885.0,2.26,21.3,0.58,29.5,22.9,7.0
31890.0,2.25,20.9,0.57,27.5,22.7,7.0
31895.0,2.23,20.9,0.56,27.0,23.1,7.0
31900.0,2.24,21.2,0.57,27.0,23.2,7.0
31905.0,2.24,20.8,0.56,26.0,23.0,7.0
31910.0,2.24,22.1,0.57,28.5,22.5,7.0
31915.0,2.22,20.9,0.55,26.5,22.9,7.0
31920.0,2.22,20.7,0.56,25.5,22.8,7.0
31925.0,2.22,20.6,0.54,27.5,23.0,7.0
31930.0,2.22,20.6,0.55,26.0,23.0,7.0
31935.0,2.24,21.4,0.58,28.0,22.9,7.0
31940.0,2.22,21.0,0.56,26.0,23.3,7.0
31945.0,2.23,20.7,0.57,27.5,23.3,7.0
31950.0,2.25,20.7,0.58,29.0,23.2,7.0
31955.0,2.25,21.6,0.57,27.5,23.1,7.0
31960.0,2.26,21.2,0.55,29.5,22.7,7.0
31965.0,2.28,21.9,0.58,29.5,23.0,7.0
31970.0,2.28,21.7,0.59,30.5,22.6,7.0
31975.0,2.27,22.0,0.56,28.5,23.2,7.0
31980.0,2.28,21.8,0.57,29.5,22.9,7.0
31985.0,2.3,22.2,0.56,31.0,23.1,6.9
31990.0,2.32,22.7,0.57,30.5,23.0,6.9
31995.0,2.33,22.3,0.59,30.0,23.1,6.9
32000.0,2.36,23.4,0.6,32.5,22.6,6.9
32005.0,2.37,23.6,0.6,32.5,23.0,6.9
32010.0,2.39,24.0,0.6,33.0,22.8,6.9
32015.0,2.38,23.4,0.6,34.0,22.9,6.9
32020.0,2.39,24.0,0.6,34.0,23.4,6.9
32025.0,2.41,24.6,0.6,34.0,23.5,6.9
32030.0,2.44,24.3,0.6,35.5,23.4,6.9
32035.0,2.45,24.8,0.6,34.5,23.0,6.9
32040.0,2.46,24.9,0.6,36.0,23.4,6.9
32045.0,2.48,25.3,0.61,37.5,23.2,6.9
32050.0,2.49,25.3,0.59,36.5,23.4,6.9
32055.0,2.45,24.5,0.61,37.5,23.3,6.9
32060.0,2.49,25.3,0.61,38.5,23.4,6.9
32065.0,2.5,25.4,0.62,37.5,23.2,6.9
32070.0,2.49,26.0,0.61,37.0,23.1,6.9
32075.0,2.5,25.3,0.62,38.5,23.0,6.9
32080.0,2.52,26.2,0.61,39.5,22.9,6.9
32085.0,2.52,25.9,0.6,37.0,23.0,6.9
32090.0,2.53,25.9,0.6,38.5,23.1,6.9
32095.0,2.51,25.6,0.62,38.5,23.4,7.0
32100.0,2.54,26.4,0.62,39.5,23.4,6.9
32105.0,2.52,26.4,0.63,39.5,23.4,7.0
32110.0,2.53,26.2,0.61,39.5,23.0,7.0
32115.0,2.53,26.5,0.63,40.0,23.7,7.0
32120.0,2.53,25.7,0.61,38.0,23.1,7.0
32125.0,2.54,25.7,0.58,37.5,23.3,7.0
32130.0,2.55,26.6,0.62,40.0,23.0,7.0
32135.0,2.56,26.6,0.61,39.0,23.7,7.0
32140.0,2.55,26.5,0.61,39.5,23.3,7.0
32145.0,2.55,27.0,0.62,39.0,22.9,7.0
32150.0,2.54,26.5,0.63,38.5,23.0,7.0
32155.0,2.54,25.9,0.62,39.5,23.0,7.0
32160.0,2.52,25.9,0.61,39.0,22.9,7.0
32165.0,2.51,25.5,0.61,37.0,22.8,7.0
32170.0,2.49,25.8,0.6,36.5,23.2,7.0
32175.0,2.51,25.7,0.63,38.0,23.4,7.0
32180.0,2.49,25.0,0.6,37.0,23.5,7.0
32185.0,2.48,25.6,0.6,37.5,23.3,7.0
32190.0,2.47,24.4,0.6,35.5,23.1,7.0
32195.0,2.44,24.4,0.62,36.5,23.7,7.1
32200.0,2.43,24.3,0.59,35.0,23.1,7.1
32205.0,2.43,24.5,0.6,35.0,22.5,7.1
32210.0,2.41,24.5,0.61,35.0,23.1,7.1
32215.0,2.39,23.7,0.6,34.0,23.0,7.1
32220.0,2.38,23.8,0.6,32.5,23.2,7.1
32225.0,2.38,23.9,0.58,34.0,23.4,7.1
32230.0,2.37,23.1,0.59,32.0,23.8,7.1
32235.0,2.39,23.3,0.6,33.0,23.6,7.1
32240.0,2.39,23.4,0.59,31.5,23.4,7.0
32245.0,2.37,23.1,0.59,33.0,23.3,7.1
32250.0,2.4,24.0,0.59,32.5,23.4,7.0
32255.0,2.39,24.0,0.62,32.0,23.3,7.0
32260.0,2.37,23.1,0.57,31.5,23.3,7.0
32265.0,2.38,23.4,0.61,33.0,23.4,7.0
32270.0,2.38,23.4,0.58,32.0,22.8,7.0
32275.0,2.34,23.0,0.58,32.0,23.3,7.1
32280.0,2.34,22.8,0.57,29.5,23.1,7.1
32285.0,2.34,23.4,0.58,30.5,23.4,7.0
32290.0,2.33,23.0,0.57,31.5,23.4,7.1
32295.0,2.32,22.1,0.58,30.5,23.6,7.1
32300.0,2.29,21.9,0.58,31.0,23.8,7.1
32305.0,2.31,22.1,0.58,30.5,23.4,7.1
32310.0,2.28,21.9,0.58,29.0,23.4,7.1
32315.0,2.29,21.9,0.57,30.5,23.3,7.1
32320.0,2.3,22.5,0.56,29.5,23.6,7.0
32325.0,2.31,22.4,0.58,29.5,23.3,7.0
32330.0,2.33,23.1,0.59,32.0,23.1,7.0
32335.0,2.33,23.3,0.59,32.0,23.4,7.0
32340.0,2.34,22.5,0.59,32.0,23.6,7.0
32345.0,2.34,23.0,0.59,32.0,23.4,7.0
32350.0,2.35,22.8,0.59,31.0,23.1,7.0
32355.0,2.35,23.1,0.57,31.5,23.3,7.0
32360.0,2.35,23.2,0.58,32.0,23.4,7.0
32365.0,2.35,23.1,0.6,33.0,23.3,7.0
32370.0,2.37,23.8,0.6,31.0,23.4,7.0
32375.0,2.41,24.2,0.59,34.5,23.4,6.9
32380.0,2.38,23.3,0.58,32.0,23.7,7.0
32385.0,2.42,23.8,0.59,34.0,23.1,6.9
32390.0,2.44,24.7,0.59,36.0,23.2,6.9
32395.0,2.44,24.7,0.6,35.0,23.9,6.9
32400.0,2.45,24.8,0.59,35.0,23.7,6.9
32405.0,2.45,25.0,0.62,36.0,23.3,6.9
32410.0,2.44,24.5,0.59,36.0,23.5,7.0
32415.0,2.45,24.9,0.6,34.0,23.0,7.0
32420.0,2.44,24.5,0.61,37.0,23.7,7.0
32425.0,2.45,25.1,0.61,36.0,23.6,7.0
32430.0,2.47,25.5,0.61,36.0,23.5,6.9
32435.0,2.48,25.3,0.61,37.5,23.6,6.9
32440.0,2.49,25.7,0.61,36.5,24.0,6.9
32445.0,2.47,25.3,0.63,37.0,23.2,7.0
32450.0,2.5,25.5,0.61,37.5,23.3,6.9
32455.0,2.51,25.6,0.61,39.5,23.2,6.9
32460.0,2.52,26.1,0.62,39.5,23.9,6.9
32465.0,2.51,26.0,0.63,38.0,23.7,7.0
32470.0,2.5,26.0,0.61,38.0,23.7,7.0
32475.0,2.52,25.7,0.6,38.5,23.4,7.0
32480.0,2.5,25.6,0.59,37.5,24.0,7.0
32485.0,2.48,24.8,0.6,35.5,23.7,7.0
32490.0,2.48,26.0,0.58,35.0,23.2,7.0
32495.0,2.48,25.1,0.61,35.0,23.5,7.0
32500.0,2.45,24.4,0.62,35.5,23.5,7.0
32505.0,2.44,24.0,0.62,36.5,23.7,7.0
32510.0,2.46,25.3,0.59,36.0,23.5,7.0
32515.0,2.47,25.1,0.6,36.5,23.2,7.0
32520.0,2.48,25.2,0.61,38.5,23.5,7.0
32525.0,2.46,25.0,0.6,36.0,23.8,7.0
32530.0,2.46,25.1,0.6,35.5,23.4,7.0
32535.0,2.45,24.7,0.61,35.5,23.2,7.0
32540.0,2.45,24.4,0.59,36.5,23.5,7.0
32545.0,2.48,25.7,0.65,37.5,23.9,7.0
32550.0,2.48,24.9,0.61,36.0,23.6,7.0
32555.0,2.47,25.3,0.61,36.0,24.2,7.0
32560.0,2.49,25.0,0.63,37.5,23.1,7.0
32565.0,2.48,25.2,0.6,37.5,23.5,7.0
32570.0,2.43,25.1,0.61,35.0,23.7,7.0
32575.0,2.48,24.9,0.6,36.0,23.6,7.0
32580.0,2.48,25.6,0.6,36.5,23.5,7.0
32585.0,2.51,25.6,0.61,37.5,23.5,7.0
32590.0,2.49,25.3,0.61,37.5,23.4,7.0
32595.0,2.5,25.9,0.6,38.0,23.7,7.0
32600.0,2.5,25.8,0.6,37.5,23.6,7.0
32605.0,2.5,25.9,0.6,36.5,24.2,7.0
32610.0,2.51,26.4,0.61,38.0,24.1,7.0
32615.0,2.5,25.9,0.62,37.5,23.5,7.0
32620.0,2.48,25.1,0.62,37.0,24.1,7.0
32625.0,2.48,25.0,0.61,37.0,23.9,7.0
32630.0,2.48,24.8,0.6,37.0,23.6,7.0
32635.0,2.46,24.5,0.61,36.0,23.6,7.0
32640.0,2.49,25.3,0.61,37.5,23.4,7.0
32645.0,2.5,25.9,0.6,38.0,23.7,7.0
32650.0,2.53,25.6,0.64,39.0,23.5,7.0
32655.0,2.53,26.1,0.62,39.5,23.6,7.0
32660.0,2.53,26.6,0.61,38.5,23.5,7.0
32665.0,2.55,26.4,0.62,39.5,23.5,7.0
32670.0,2.56,27.0,0.61,40.5,23.5,6.9
32675.0,2.57,27.0,0.63,42.0,23.7,6.9
32680.0,2.6,27.2,0.65,43.0,23.6,6.9
32685.0,2.59,26.8,0.62,42.0,23.7,6.9
32690.0,2.58,26.7,0.62,40.5,23.9,7.0
32695.0,2.62,28.3,0.64,41.5,23.1,6.9
32700.0,2.64,27.8,0.63,42.5,23.7,6.9
32705.0,2.65,28.3,0.63,45.0,24.1,6.9
32710.0,2.65,27.9,0.64,45.5,23.6,6.9
32715.0,2.64,27.9,0.64,44.5,23.4,6.9
32720.0,2.65,28.3,0.64,43.5,23.7,6.9
32725.0,2.66,28.7,0.63,46.0,23.4,6.9
32730.0,2.68,29.0,0.65,46.5,24.0,6.9
32735.0,2.69,29.4,0.66,46.5,24.0,6.9
32740.0,2.68,29.0,0.66,45.5,23.7,6.9
32745.0,2.69,29.6,0.67,47.0,23.5,6.9
32750.0,2.72,29.2,0.64,47.0,23.4,6.9
32755.0,2.74,29.9,0.65,46.5,23.5,6.9
32760.0,2.76,30.0,0.68,49.5,23.7,6.9
32765.0,2.82,31.3,0.69,51.5,23.9,6.8
32770.0,2.82,31.3,0.67,52.5,23.6,6.9
32775.0,2.83,31.7,0.71,53.0,23.3,6.9
32780.0,2.84,31.4,0.67,52.5,23.7,6.9
32785.0,2.85,32.1,0.7,52.5,23.8,6.9
32790.0,2.85,32.5,0.68,52.0,23.3,6.9
32795.0,2.89,32.6,0.69,55.0,23.7,6.9
32800.0,2.87,31.9,0.68,54.5,23.5,6.9
32805.0,2.9,32.1,0.68,54.5,24.2,6.9
32810.0,2.91,32.8,0.71,57.0,23.6,6.9
32815.0,2.91,33.1,0.69,56.0,23.4,6.9
32820.0,2.92,32.7,0.7,57.0,24.0,6.9
32825.0,2.88,32.4,0.69,54.0,23.6,7.0
32830.0,2.88,32.4,0.68,54.5,24.0,7.0
32835.0,2.87,32.4,0.69,55.0,23.6,7.0
32840.0,2.85,32.0,0.69,54.0,23.8,7.0
32845.0,2.88,32.5,0.7,55.5,23.7,7.0
32850.0,2.9,32.3,0.7,55.5,23.9,7.0
32855.0,2.92,33.1,0.71,57.5,23.5,6.9
32860.0,2.96,33.6,0.72,58.0,23.5,6.9
32865.0,2.96,33.7,0.7,57.5,23.8,6.9
32870.0,3.0,34.6,0.75,61.5,23.7,6.9
32875.0,3.03,35.3,0.73,62.0,23.6,6.9
32880.0,3.06,35.3,0.77,65.0,23.8,6.8
32885.0,3.05,35.6,0.73,64.5,24.1,6.9
32890.0,3.07,35.8,0.72,64.0,23.4,6.9
32895.0,3.14,37.3,0.78,67.0,23.9,6.8
32900.0,3.17,37.4,0.78,69.5,24.1,6.8
32905.0,3.17,37.6,0.77,70.0,23.5,6.8
32910.0,3.22,38.2,0.8,72.0,24.1,6.8
32915.0,3.2,37.7,0.77,70.5,23.5,6.8
32920.0,3.2,38.2,0.78,70.0,24.0,6.8
32925.0,3.17,37.5,0.78,69.5,23.7,6.8
32930.0,3.18,37.7,0.78,71.5,24.1,6.8
32935.0,3.15,37.1,0.74,67.0,23.9,6.9
32940.0,3.14,36.7,0.76,67.0,23.6,6.9
32945.0,3.14,36.8,0.78,68.5,24.0,6.9
32950.0,3.14,36.2,0.78,69.5,23.7,6.9
32955.0,3.16,36.9,0.76,69.5,23.8,6.9
32960.0,3.12,36.9,0.76,66.5,23.4,6.9
32965.0,3.12,36.9,0.75,68.0,23.5,6.9
32970.0,3.11,36.1,0.75,67.0,23.7,6.9
32975.0,3.12,36.2,0.77,67.5,23.4,6.9
32980.0,3.1,36.4,0.76,65.0,23.2,6.9
32985.0,3.11,35.8,0.75,65.5,23.7,6.9
32990.0,3.11,36.2,0.73,66.0,23.6,6.9
32995.0,3.14,36.9,0.76,66.5,24.0,6.9
33000.0,3.14,36.5,0.76,68.0,24.2,6.9
33005.0,3.09,36.0,0.76,66.0,23.3,7.0
33010.0,3.11,36.6,0.74,66.5,23.5,6.9
33015.0,3.13,36.5,0.76,68.5,23.6,6.9
33020.0,3.12,36.4,0.75,66.5,23.9,6.9
33025.0,3.13,36.8,0.75,68.0,24.0,6.9
33030.0,3.12,36.8,0.77,67.0,23.8,6.9
33035.0,3.14,37.3,0.77,68.0,24.0,6.9
33040.0,3.14,37.0,0.76,67.0,23.8,6.9
33045.0,3.15,37.8,0.79,69.5,23.8,6.9
33050.0,3.14,36.8,0.78,68.0,23.3,6.9
33055.0,3.14,36.9,0.75,67.0,23.5,6.9
33060.0,3.17,38.0,0.76,67.5,23.6,6.9
33065.0,3.16,37.4,0.78,70.5,23.3,6.8
33070.0,3.14,36.7,0.76,69.0,23.5,6.9
33075.0,3.15,37.3,0.76,68.0,23.6,6.9
33080.0,3.18,37.3,0.78,69.5,24.2,6.9
33085.0,3.18,37.3,0.78,69.5,24.0,6.9
33090.0,3.17,37.3,0.79,69.5,23.7,6.9
33095.0,3.18,37.3,0.77,69.5,23.6,6.8
33100.0,3.18,37.4,0.77,70.5,23.8,6.8
33105.0,3.16,37.2,0.77,69.0,23.1,6.8
33110.0,3.18,37.7,0.78,70.0,24.0,6.8
33115.0,3.17,37.7,0.78,70.0,23.5,6.8
33120.0,3.16,37.2,0.76,69.0,23.3,6.8
33125.0,3.19,37.5,0.81,72.5,23.8,6.8
33130.0,3.19,37.8,0.77,70.5,23.7,6.8
33135.0,3.17,37.8,0.76,69.0,23.6,6.9
33140.0,3.15,36.9,0.76,68.0,23.7,6.9
33145.0,3.11,36.6,0.74,65.5,23.6,6.9
33150.0,3.11,36.5,0.76,66.5,23.7,6.9
33155.0,3.12,36.4,0.76,67.0,23.6,6.9
33160.0,3.12,36.5,0.77,67.5,23.5,6.9
33165.0,3.11,36.6,0.76,66.5,24.0,6.9
33170.0,3.12,36.5,0.73,65.5,23.3,6.9
33175.0,3.1,36.4,0.74,65.0,23.0,6.9
33180.0,3.13,36.3,0.76,66.5,23.5,6.9
33185.0,3.13,36.6,0.76,67.5,23.7,6.9
33190.0,3.14,37.2,0.78,69.0,23.7,6.9
33195.0,3.16,37.1,0.74,67.5,23.7,6.9
33200.0,3.16,37.6,0.77,70.5,23.5,6.9
33205.0,3.15,37.2,0.76,68.0,23.7,6.9
33210.0,3.15,37.1,0.78,69.5,23.5,6.9
33215.0,3.15,37.1,0.78,69.5,23.2,6.9
33220.0,3.15,37.2,0.78,70.0,23.5,6.9
33225.0,3.18,37.7,0.77,69.5,24.0,6.8
33230.0,3.18,37.5,0.78,70.5,23.3,6.8
33235.0,3.21,37.8,0.77,73.0,23.6,6.8
33240.0,3.21,38.2,0.77,70.0,23.4,6.8
33245.0,3.18,37.7,0.77,70.0,23.4,6.8
33250.0,3.17,37.5,0.79,69.0,23.4,6.8
33255.0,3.17,37.7,0.78,71.0,23.5,6.8
33260.0,3.17,37.6,0.77,69.5,24.1,6.9
33265.0,3.15,36.1,0.79,69.5,23.5,6.9
33270.0,3.16,37.6,0.78,70.0,23.8,6.9
33275.0,3.16,37.6,0.75,68.0,23.7,6.9
33280.0,3.17,37.4,0.76,68.5,23.8,6.9
33285.0,3.17,37.8,0.76,67.5,24.0,6.9
33290.0,3.15,37.4,0.78,69.5,23.4,6.9
33295.0,3.18,37.7,0.77,69.0,23.8,6.8
33300.0,3.18,37.9,0.77,70.5,23.2,6.8
33305.0,3.18,37.5,0.77,69.0,23.4,6.8
33310.0,3.19,37.7,0.79,70.5,23.6,6.8
33315.0,3.18,38.0,0.77,69.5,23.6,6.8
33320.0,3.16,37.1,0.76,68.5,23.5,6.9
33325.0,3.18,38.3,0.78,70.0,23.9,6.8
33330.0,3.19,38.0,0.81,71.5,23.8,6.8
33335.0,3.19,37.6,0.79,70.5,23.5,6.8
33340.0,3.18,37.8,0.77,69.5,23.7,6.8
33345.0,3.17,37.3,0.76,69.0,23.7,6.8
33350.0,3.17,37.2,0.79,68.5,23.3,6.8
33355.0,3.21,38.0,0.8,70.5,23.8,6.8
33360.0,3.21,38.7,0.79,71.0,23.5,6.8
33365.0,3.21,38.2,0.79,72.0,23.7,6.8
33370.0,3.18,37.6,0.79,69.5,23.7,6.8
33375.0,3.17,37.5,0.76,69.5,23.4,6.8
33380.0,3.14,36.9,0.78,68.5,23.4,6.9
33385.0,3.15,36.8,0.78,68.5,23.2,6.9
33390.0,3.17,37.1,0.77,69.5,23.6,6.8
33395.0,3.16,37.6,0.76,69.0,23.6,6.9
33400.0,3.14,37.1,0.77,68.0,23.5,6.9
33405.0,3.14,36.4,0.77,68.5,23.2,6.9
33410.0,3.15,37.4,0.78,68.0,23.3,6.9
33415.0,3.15,37.0,0.75,67.5,23.3,6.9
33420.0,3.17,37.8,0.78,69.0,23.6,6.8
33425.0,3.18,37.4,0.76,69.5,23.6,6.8
33430.0,3.18,37.7,0.76,70.0,23.5,6.8
33435.0,3.14,37.2,0.78,67.5,22.7,6.8
33440.0,3.15,37.3,0.76,68.0,23.0,6.9
33445.0,3.16,37.2,0.77,68.5,22.9,6.8
33450.0,3.17,37.3,0.78,68.5,23.2,6.8
33455.0,3.19,38.0,0.79,71.5,23.4,6.8
33460.0,3.19,37.7,0.79,71.0,23.4,6.8
33465.0,3.21,38.7,0.79,71.0,23.3,6.8
33470.0,3.21,38.3,0.79,71.5,22.9,6.8
33475.0,3.24,38.5,0.82,73.5,23.5,6.7
33480.0,3.25,38.3,0.79,74.0,23.5,6.7
33485.0,3.25,39.1,0.79,73.0,23.7,6.7
33490.0,3.26,39.1,0.79,76.0,23.4,6.7
33495.0,3.27,39.1,0.82,75.5,23.2,6.7
33500.0,3.27,39.1,0.81,74.0,23.3,6.7
33505.0,3.3,39.7,0.82,75.5,23.5,6.6
33510.0,3.3,39.8,0.81,76.5,23.3,6.6
33515.0,3.3,39.4,0.81,76.0,23.3,6.6
33520.0,3.32,40.6,0.82,77.0,23.4,6.6
33525.0,3.32,40.2,0.83,77.0,23.2,6.6
33530.0,3.31,39.8,0.82,77.5,23.2,6.6
33535.0,3.34,40.5,0.83,78.5,23.6,6.6
33540.0,3.33,40.7,0.82,78.0,23.2,6.6
33545.0,3.35,40.5,0.82,79.5,23.9,6.6
33550.0,3.34,40.1,0.85,78.0,23.7,6.6
33555.0,3.32,39.6,0.82,76.5,22.9,6.6
33560.0,3.34,40.5,0.83,78.5,23.4,6.6
33565.0,3.37,41.3,0.83,80.5,23.5,6.5
33570.0,3.35,40.6,0.83,78.5,23.0,6.5
33575.0,3.37,40.8,0.85,80.5,23.6,6.5
33580.0,3.36,40.8,0.83,79.5,23.4,6.5
33585.0,3.37,41.2,0.84,79.5,23.0,6.5
33590.0,3.35,41.1,0.83,79.5,23.5,6.6
33595.0,3.35,40.3,0.85,80.5,22.9,6.5
33600.0,3.36,40.3,0.83,79.0,23.2,6.5
33605.0,3.35,40.0,0.84,78.0,22.8,6.5
33610.0,3.37,41.1,0.84,80.5,23.4,6.5
33615.0,3.38,41.3,0.84,80.5,23.0,6.5
33620.0,3.39,41.3,0.83,81.0,23.3,6.5
33625.0,3.37,41.2,0.84,80.0,22.7,6.5
33630.0,3.42,42.1,0.88,83.0,23.6,6.4
33635.0,3.4,41.6,0.86,81.5,23.0,6.4
33640.0,3.41,41.9,0.83,81.0,23.2,6.4
33645.0,3.42,41.5,0.88,84.0,23.4,6.4
33650.0,3.41,41.5,0.85,83.0,23.1,6.4
33655.0,3.41,42.0,0.84,82.5,23.1,6.4
33660.0,3.43,42.4,0.87,83.0,23.2,6.4
33665.0,3.42,41.7,0.85,83.5,23.3,6.4
33670.0,3.43,41.9,0.86,83.0,23.3,6.4
33675.0,3.43,41.7,0.86,84.0,23.6,6.4
33680.0,3.43,42.0,0.87,84.0,23.0,6.4
33685.0,3.44,42.2,0.87,83.5,23.1,6.4
33690.0,3.45,43.1,0.86,83.5,23.5,6.4
33695.0,3.45,42.6,0.86,84.5,23.2,6.4
33700.0,3.45,42.5,0.85,85.0,23.3,6.4
33705.0,3.46,42.8,0.88,85.0,23.5,6.4
33710.0,3.46,42.4,0.86,84.0,23.3,6.4
33715.0,3.47,43.2,0.86,84.5,23.7,6.4
33720.0,3.46,42.4,0.88,86.0,23.2,6.4
33725.0,3.46,42.7,0.87,84.5,23.3,6.3
33730.0,3.47,42.4,0.87,85.5,23.1,6.3
33735.0,3.47,43.3,0.9,86.5,23.0,6.3
33740.0,3.49,43.0,0.88,87.0,23.2,6.3
33745.0,3.49,43.4,0.88,86.5,23.4,6.3
33750.0,3.49,43.1,0.87,85.5,23.0,6.3
33755.0,3.51,44.1,0.9,89.0,23.9,6.3
33760.0,3.51,43.2,0.89,87.0,23.4,6.3
33765.0,3.5,43.3,0.88,88.5,23.4,6.3
33770.0,3.5,43.4,0.88,87.5,23.2,6.3
33775.0,3.48,42.6,0.88,85.5,22.9,6.3
33780.0,3.47,42.8,0.87,84.0,23.2,6.3
33785.0,3.49,43.2,0.89,86.0,23.2,6.3
33790.0,3.51,42.8,0.89,88.0,23.5,6.3
33795.0,3.5,43.5,0.88,88.0,23.1,6.3
33800.0,3.51,43.6,0.91,88.5,23.3,6.3
33805.0,3.5,43.1,0.91,88.0,23.3,6.3
33810.0,3.52,43.4,0.9,88.5,23.3,6.2
33815.0,3.51,43.5,0.91,89.5,23.2,6.2
33820.0,3.53,43.8,0.89,88.5,23.6,6.2
33825.0,3.53,43.9,0.9,88.5,23.4,6.2
33830.0,3.53,43.7,0.91,89.0,23.0,6.2
33835.0,3.54,43.8,0.9,88.5,22.9,6.2
33840.0,3.55,43.7,0.89,89.0,23.0,6.1
33845.0,3.55,43.9,0.9,91.0,23.1,6.1
33850.0,3.54,43.5,0.9,89.0,22.9,6.2
33855.0,3.53,43.8,0.89,89.0,22.8,6.2
33860.0,3.53,43.9,0.89,89.5,23.0,6.2
33865.0,3.51,43.1,0.91,89.0,23.1,6.2
33870.0,3.5,43.5,0.87,87.5,23.4,6.3
33875.0,3.53,43.5,0.89,89.5,23.3,6.2
33880.0,3.53,44.3,0.89,89.0,22.9,6.2
33885.0,3.53,44.1,0.9,90.0,23.0,6.2
33890.0,3.52,43.8,0.89,87.5,23.1,6.2
33895.0,3.53,44.2,0.88,89.0,23.0,6.2
33900.0,3.53,43.9,0.89,89.0,23.1,6.2
33905.0,3.53,43.5,0.9,89.5,23.3,6.2
33910.0,3.52,43.7,0.89,87.0,23.3,6.2
33915.0,3.52,43.9,0.88,87.5,23.1,6.2
33920.0,3.53,43.8,0.9,90.0,23.3,6.2
33925.0,3.53,44.0,0.91,89.0,23.2,6.2
33930.0,3.56,44.5,0.92,90.5,23.7,6.2
33935.0,3.55,43.8,0.9,91.0,23.0,6.2
33940.0,3.56,44.3,0.92,90.5,23.2,6.1
33945.0,3.58,44.6,0.9,91.5,23.4,6.1
33950.0,3.57,44.8,0.92,92.5,23.3,6.1
33955.0,3.58,44.6,0.92,91.5,23.2,6.1
33960.0,3.57,44.2,0.92,91.0,23.3,6.1
33965.0,3.57,44.5,0.9,91.5,23.4,6.1
33970.0,3.55,44.0,0.91,92.5,23.2,6.1
33975.0,3.56,44.5,0.92,91.5,23.3,6.1
33980.0,3.57,44.4,0.9,90.0,23.3,6.1
33985.0,3.58,44.6,0.9,92.0,23.5,6.1
33990.0,3.59,44.5,0.91,93.5,23.8,6.1
33995.0,3.55,43.8,0.91,90.5,23.1,6.1
34000.0,3.55,43.8,0.9,90.0,23.5,6.2
34005.0,3.55,44.0,0.91,90.0,23.6,6.2
34010.0,3.55,44.2,0.91,91.0,23.5,6.2
34015.0,3.56,44.4,0.9,90.0,23.3,6.1
34020.0,3.56,44.4,0.91,92.0,23.4,6.1
34025.0,3.56,44.5,0.91,91.5,23.6,6.2
34030.0,3.54,43.9,0.9,88.0,22.8,6.2
34035.0,3.55,44.6,0.89,89.5,23.3,6.2
34040.0,3.56,44.3,0.91,92.0,23.2,6.1
34045.0,3.55,44.4,0.9,89.5,23.4,6.2
34050.0,3.55,44.0,0.91,90.5,23.3,6.2
34055.0,3.58,44.5,0.9,91.5,23.6,6.1
34060.0,3.57,44.3,0.91,91.5,23.4,6.1
34065.0,3.57,44.6,0.9,91.0,23.2,6.1
34070.0,3.59,44.9,0.94,94.0,23.6,6.1
34075.0,3.59,44.5,0.91,92.5,23.4,6.1
34080.0,3.63,46.0,0.94,96.5,23.9,6.0
34085.0,3.62,44.9,0.91,94.0,23.3,6.0
34090.0,3.61,45.4,0.93,92.5,23.2,6.0
34095.0,3.61,44.7,0.93,93.5,23.5,6.0
34100.0,3.61,45.1,0.92,94.0,23.0,6.0
34105.0,3.61,45.7,0.92,93.0,23.5,6.0
34110.0,3.63,45.4,0.94,95.0,23.7,6.0
34115.0,3.62,45.7,0.93,95.0,23.3,6.0
34120.0,3.61,45.1,0.94,93.5,23.1,6.0
34125.0,3.63,45.3,0.92,94.0,23.3,6.0
34130.0,3.64,46.0,0.91,95.5,23.7,6.0
34135.0,3.64,45.3,0.92,96.0,23.2,5.9
34140.0,3.65,46.1,0.94,96.0,23.4,5.9
34145.0,3.64,45.9,0.94,95.5,23.1,5.9
34150.0,3.66,45.9,0.95,97.5,23.5,5.9
34155.0,3.66,45.9,0.95,95.5,23.3,5.9
34160.0,3.64,46.0,0.96,96.5,22.8,5.9
34165.0,3.67,46.0,0.95,96.5,23.7,5.9
34170.0,3.67,45.8,0.94,96.5,23.7,5.9
34175.0,3.68,46.0,0.98,97.5,23.4,5.8
34180.0,3.7,46.0,0.98,100.0,23.5,5.8
34185.0,3.69,47.0,0.97,99.5,23.4,5.8
34190.0,3.7,47.4,0.96,98.0,23.7,5.8
34195.0,3.71,47.1,0.97,99.0,23.7,5.7
34200.0,3.7,46.4,0.95,99.5,23.2,5.7
34205.0,3.72,47.7,0.96,100.5,23.7,5.7
34210.0,3.73,47.5,0.97,99.0,23.7,5.6
34215.0,3.73,47.7,0.99,100.5,24.1,5.7
34220.0,3.72,46.8,0.95,100.0,23.5,5.6
34225.0,3.72,46.8,0.96,99.0,23.2,5.6
34230.0,3.73,47.2,0.96,100.0,23.3,5.6
34235.0,3.73,46.9,0.97,100.5,23.4,5.6
34240.0,3.73,47.0,0.98,100.5,23.3,5.6
34245.0,3.73,47.3,0.97,100.0,23.7,5.6
34250.0,3.73,47.3,0.99,102.0,23.7,5.6
34255.0,3.74,47.6,0.99,101.5,23.8,5.6
34260.0,3.72,46.9,0.96,99.5,23.0,5.6
34265.0,3.74,48.0,0.97,100.5,24.0,5.6
34270.0,3.74,46.8,0.99,101.0,23.2,5.6
34275.0,3.75,47.9,0.98,102.0,23.9,5.6
34280.0,3.75,47.5,1.0,102.5,23.9,5.5
34285.0,3.74,47.1,0.98,101.0,23.2,5.5
34290.0,3.74,47.2,0.97,101.0,23.5,5.6
34295.0,3.73,47.5,0.98,101.5,23.5,5.6
34300.0,3.74,48.2,0.96,100.0,23.9,5.6
34305.0,3.74,47.2,0.96,101.0,23.7,5.6
34310.0,3.74,47.1,0.98,101.0,23.7,5.6
34315.0,3.75,47.7,0.99,101.0,24.4,5.6
34320.0,3.74,47.3,0.97,101.5,23.8,5.6
34325.0,3.75,47.6,0.97,101.5,23.7,5.6
34330.0,3.76,47.8,0.99,102.5,23.9,5.5
34335.0,3.76,47.2,0.97,101.5,24.1,5.5
34340.0,3.75,47.4,0.99,102.0,23.5,5.5
34345.0,3.75,48.1,0.99,102.5,23.4,5.5
34350.0,3.77,48.1,0.99,102.5,24.0,5.5
34355.0,3.77,47.8,0.97,101.5,23.9,5.5
34360.0,3.76,48.0,0.99,103.0,23.3,5.4
34365.0,3.79,48.4,1.0,104.5,24.3,5.4
34370.0,3.78,47.4,0.99,104.5,23.8,5.4
34375.0,3.78,48.4,1.0,105.0,23.7,5.4
34380.0,3.79,48.5,1.01,105.0,23.7,5.3
34385.0,3.79,48.5,0.98,103.5,23.8,5.3
34390.0,3.78,47.9,0.98,103.0,23.8,5.4
34395.0,3.78,48.3,0.99,104.0,23.7,5.4
34400.0,3.78,47.9,1.01,105.0,23.6,5.3
34405.0,3.78,48.4,0.98,103.0,23.8,5.4
34410.0,3.79,48.4,1.0,103.5,24.0,5.4
34415.0,3.78,47.8,1.02,104.0,23.6,5.4
34420.0,3.79,47.9,1.02,105.5,23.9,5.3
34425.0,3.8,48.6,1.01,105.0,24.4,5.3
34430.0,3.79,48.2,1.01,104.0,23.6,5.3
34435.0,3.8,48.4,1.0,104.5,24.0,5.3
34440.0,3.79,48.5,0.99,103.0,23.8,5.3
34445.0,3.8,48.0,1.0,104.0,24.2,5.3
34450.0,3.79,48.0,1.0,104.0,23.9,5.3
34455.0,3.79,48.3,1.01,104.0,23.8,5.3
34460.0,3.8,48.9,0.99,104.5,24.1,5.3
34465.0,3.79,48.4,1.0,105.0,23.7,5.3
34470.0,3.8,48.3,1.01,104.5,23.8,5.3
34475.0,3.8,48.3,0.99,105.0,23.7,5.3
34480.0,3.8,48.3,1.01,104.0,23.9,5.3
34485.0,3.79,48.6,1.02,106.0,23.9,5.3
34490.0,3.8,48.7,1.0,103.5,23.9,5.3
34495.0,3.8,48.4,0.99,105.0,24.1,5.2
34500.0,3.81,48.3,0.99,104.5,23.8,5.2
34505.0,3.81,49.1,1.02,105.5,24.1,5.2
34510.0,3.81,48.7,0.99,105.0,24.1,5.2
34515.0,3.81,48.5,1.0,105.5,24.3,5.2
34520.0,3.82,48.8,1.01,106.0,24.4,5.2
34525.0,3.81,48.1,1.02,104.5,23.9,5.2
34530.0,3.81,48.9,1.01,105.5,24.2,5.2
34535.0,3.81,48.6,0.99,105.0,24.0,5.2
34540.0,3.81,48.4,1.01,104.5,24.0,5.2
34545.0,3.81,48.8,1.0,104.5,24.1,5.2
34550.0,3.81,48.4,1.0,105.0,24.2,5.2
34555.0,3.81,49.1,1.03,105.5,24.1,5.2
34560.0,3.81,48.7,1.02,106.0,23.9,5.2
34565.0,3.81,48.9,1.0,104.5,23.7,5.1
34570.0,3.82,48.8,1.03,106.5,24.3,5.1
34575.0,3.82,49.2,1.03,107.5,24.6,5.1
34580.0,3.82,49.2,1.02,107.0,24.1,5.1
34585.0,3.82,49.1,1.0,106.0,24.4,5.1
34590.0,3.82,48.9,0.99,106.0,24.4,5.1
34595.0,3.82,49.1,1.02,105.5,24.1,5.1
34600.0,3.83,49.1,1.03,107.5,24.7,5.0
34605.0,3.83,48.6,1.02,105.0,24.1,5.0
34610.0,3.83,49.0,1.01,107.0,24.4,5.0
34615.0,3.83,48.8,1.01,105.5,24.6,5.0
34620.0,3.83,48.9,1.03,107.5,24.4,5.0
34625.0,3.83,49.0,1.02,107.0,24.2,5.0
34630.0,3.84,49.9,1.0,106.5,24.5,4.9
34635.0,3.84,49.2,1.03,108.0,24.7,5.0
34640.0,3.84,49.2,1.01,107.5,24.3,4.9
34645.0,3.84,49.4,1.02,107.0,24.4,4.9
34650.0,3.84,49.2,1.01,108.0,24.1,4.9
34655.0,3.85,49.2,1.02,107.5,24.8,4.9
34660.0,3.84,49.1,1.01,107.0,24.4,4.9
34665.0,3.84,49.3,1.01,107.0,24.4,4.9
34670.0,3.84,48.9,1.02,107.5,23.9,4.8
34675.0,3.84,49.1,1.04,108.5,24.3,4.8
34680.0,3.85,49.3,1.02,107.5,24.6,4.8
34685.0,3.85,49.9,1.01,108.0,24.9,4.8
34690.0,3.84,49.5,1.01,108.5,24.3,4.9
34695.0,3.85,49.6,1.02,106.5,24.7,4.9
34700.0,3.84,49.2,1.03,107.0,24.2,4.8
34705.0,3.85,49.2,1.01,107.0,24.2,4.8
34710.0,3.85,49.2,1.04,109.0,24.6,4.8
34715.0,3.85,49.3,1.03,107.0,24.6,4.8
34720.0,3.85,49.7,1.02,109.0,24.5,4.8
34725.0,3.85,49.7,1.02,107.5,24.6,4.7
34730.0,3.86,50.2,1.04,108.5,25.3,4.7
34735.0,3.85,49.7,1.01,107.5,24.6,4.7
34740.0,3.85,49.6,1.05,108.5,24.7,4.7
34745.0,3.85,49.2,1.03,109.5,24.7,4.7
34750.0,3.85,49.1,1.01,107.0,24.0,4.7
34755.0,3.85,49.0,1.02,109.0,24.4,4.7
34760.0,3.85,48.8,1.03,106.5,24.3,4.7
34765.0,3.85,49.7,1.03,108.5,24.7,4.7
34770.0,3.85,49.7,1.03,108.5,24.9,4.7
34775.0,3.85,49.5,1.03,108.5,24.7,4.8
34780.0,3.85,49.4,1.01,106.5,24.8,4.8
34785.0,3.85,49.0,1.02,108.0,24.5,4.8
34790.0,3.85,49.3,1.02,107.0,25.0,4.8
34795.0,3.85,49.4,1.04,108.5,24.9,4.7
34800.0,3.85,49.1,1.04,108.0,24.6,4.7
34805.0,3.85,49.5,1.01,106.5,24.9,4.7
34810.0,3.85,49.4,1.01,108.5,24.6,4.7
34815.0,3.86,49.3,1.02,108.0,25.1,4.7
34820.0,3.86,49.5,1.02,109.0,25.0,4.7
34825.0,3.86,50.2,1.02,108.5,24.9,4.7
34830.0,3.86,49.6,1.01,108.0,24.7,4.7
34835.0,3.86,49.6,1.04,107.0,25.0,4.6
34840.0,3.86,49.8,1.05,107.5,24.7,4.6
34845.0,3.86,49.7,1.04,108.0,24.7,4.6
34850.0,3.86,49.7,1.03,107.5,24.9,4.6
34855.0,3.86,49.1,1.06,108.5,24.6,4.6
34860.0,3.86,50.2,1.04,108.5,24.7,4.6
34865.0,3.86,49.3,1.02,107.5,24.6,4.6
34870.0,3.86,49.2,1.04,109.0,25.3,4.6
34875.0,3.86,49.1,1.05,110.0,25.1,4.6
34880.0,3.86,50.0,1.05,109.0,24.8,4.6
34885.0,3.86,49.8,1.03,109.0,24.3,4.5
34890.0,3.86,49.7,1.01,109.0,24.9,4.5
34895.0,3.86,49.5,1.02,107.0,25.0,4.5
34900.0,3.86,49.3,1.04,109.0,25.0,4.5
34905.0,3.86,50.0,1.03,109.5,24.9,4.5
34910.0,3.86,49.6,1.05,109.5,24.8,4.5
34915.0,3.86,49.4,1.04,108.5,25.0,4.5
34920.0,3.86,49.0,1.03,108.0,24.6,4.5
34925.0,3.87,49.7,1.01,106.0,25.2,4.5
34930.0,3.87,49.9,1.05,109.0,25.5,4.4
34935.0,3.87,49.8,1.05,108.5,25.0,4.4
34940.0,3.87,49.5,1.03,108.5,24.8,4.4
34945.0,3.87,50.0,1.01,108.5,25.3,4.4
34950.0,3.87,50.0,1.05,109.5,25.2,4.4
34955.0,3.87,50.3,1.02,108.5,25.3,4.3
34960.0,3.87,49.4,1.04,108.0,25.0,4.3
34965.0,3.87,50.0,1.06,109.5,25.0,4.3
34970.0,3.87,50.0,1.03,108.5,25.2,4.3
34975.0,3.87,49.9,1.01,107.5,25.3,4.3
34980.0,3.87,49.8,1.05,110.0,25.5,4.3
34985.0,3.87,50.5,1.02,107.0,24.9,4.3
34990.0,3.87,49.8,1.04,109.0,25.4,4.3
34995.0,3.87,50.1,1.04,109.0,24.9,4.3
35000.0,3.87,49.7,1.03,109.0,25.1,4.2
35005.0,3.87,49.8,1.05,109.5,25.2,4.2
35010.0,3.87,49.2,1.06,109.5,25.5,4.2
35015.0,3.87,50.1,1.04,109.0,25.3,4.1
35020.0,3.87,49.8,1.06,109.5,25.2,4.2
35025.0,3.87,49.7,1.04,111.0,25.0,4.2
35030.0,3.87,49.8,1.06,110.0,24.8,4.1
35035.0,3.87,49.1,1.02,109.5,25.4,4.1
35040.0,3.88,50.2,1.03,109.0,25.6,4.1
35045.0,3.88,50.0,1.03,110.0,25.4,4.0
35050.0,3.88,49.8,1.02,109.5,25.4,4.0
35055.0,3.88,49.6,1.04,109.5,25.8,4.0
35060.0,3.88,49.7,1.04,109.5,25.6,4.0
35065.0,3.88,50.0,1.05,109.5,25.7,4.0
35070.0,3.88,50.0,1.03,108.5,25.1,4.0
35075.0,3.88,49.7,1.03,109.5,25.2,4.0
35080.0,3.88,49.6,1.04,108.5,25.5,3.9
35085.0,3.88,50.2,1.04,110.5,25.1,3.9
35090.0,3.88,50.5,1.06,111.0,25.3,3.9
35095.0,3.88,49.8,1.04,109.5,25.5,3.9
35100.0,3.88,49.8,1.04,110.0,26.3,3.9
35105.0,3.88,50.0,1.05,110.5,25.5,3.9
35110.0,3.88,50.1,1.04,110.0,25.6,3.9
35115.0,3.88,50.1,1.03,109.0,25.8,3.9
35120.0,3.88,50.4,1.02,109.5,25.9,3.8
35125.0,3.88,50.0,1.03,109.0,25.4,3.8
35130.0,3.88,49.9,1.02,108.5,25.5,3.8
35135.0,3.88,50.5,1.02,109.5,25.7,3.9
35140.0,3.88,49.9,1.04,109.0,25.6,3.8
35145.0,3.88,50.2,1.05,110.0,26.4,3.8
35150.0,3.88,49.6,1.05,110.0,25.7,3.8
35155.0,3.88,50.0,1.04,111.0,25.7,3.8
35160.0,3.88,50.2,1.04,110.0,25.4,3.8
35165.0,3.88,50.2,1.04,110.0,25.6,3.8
35170.0,3.88,50.2,1.06,110.0,25.3,3.8
35175.0,3.88,49.5,1.04,109.5,26.0,3.8
35180.0,3.88,49.5,1.03,108.0,25.5,3.8
35185.0,3.88,50.0,1.05,111.5,25.5,3.8
35190.0,3.88,50.6,1.06,110.0,25.9,3.8
35195.0,3.88,50.4,1.03,108.5,25.8,3.8
35200.0,3.88,49.8,1.04,108.5,26.0,3.7
35205.0,3.88,50.6,1.03,108.5,25.9,3.8
35210.0,3.88,50.0,1.05,109.5,26.2,3.7
35215.0,3.88,50.2,1.04,110.5,25.9,3.7
35220.0,3.88,49.8,1.05,112.0,26.3,3.7
35225.0,3.88,49.9,1.05,111.0,26.0,3.7
35230.0,3.88,49.3,1.04,110.0,25.7,3.6
35235.0,3.88,49.9,1.04,109.5,26.0,3.7
35240.0,3.88,50.1,1.05,110.0,25.7,3.6
35245.0,3.88,50.9,1.03,109.5,26.0,3.6
35250.0,3.88,50.3,1.03,109.0,25.8,3.6
35255.0,3.88,50.2,1.04,109.0,26.0,3.6
35260.0,3.88,50.3,1.05,111.0,26.1,3.5
35265.0,3.88,50.1,1.06,110.0,25.6,3.5
35270.0,3.88,49.8,1.05,109.0,26.1,3.5
35275.0,3.88,49.7,1.04,109.5,26.2,3.5
35280.0,3.88,50.3,1.02,109.5,26.0,3.5
35285.0,3.88,49.6,1.05,111.0,26.1,3.4
35290.0,3.88,49.8,1.04,110.5,25.9,3.4
35295.0,3.88,50.4,1.02,109.0,26.5,3.4
35300.0,3.88,49.1,1.02,109.0,26.1,3.4
35305.0,3.88,49.6,1.05,110.5,25.9,3.4
35310.0,3.88,49.6,1.04,110.5,25.8,3.4
35315.0,3.88,49.8,1.05,111.0,26.4,3.3
35320.0,3.88,50.2,1.05,109.0,26.2,3.3
35325.0,3.88,50.1,1.03,108.5,26.1,3.3
35330.0,3.88,50.1,1.04,110.0,26.0,3.3
35335.0,3.88,50.4,1.04,109.0,26.1,3.3
35340.0,3.88,49.1,1.03,108.0,26.4,3.3
35345.0,3.88,49.8,1.05,110.0,26.6,3.3
35350.0,3.88,50.4,1.03,108.5,25.9,3.2
35355.0,3.88,49.8,1.03,109.5,26.3,3.3
35360.0,3.88,49.8,1.05,110.0,26.5,3.2
35365.0,3.88,49.6,1.04,109.0,26.5,3.2
35370.0,3.88,50.0,1.04,110.5,26.0,3.2
35375.0,3.88,50.0,1.04,110.5,26.6,3.2
35380.0,3.88,49.8,1.05,110.0,26.2,3.2
35385.0,3.88,50.0,1.04,110.5,26.7,3.2
35390.0,3.88,50.3,1.05,109.5,26.6,3.2
35395.0,3.88,49.9,1.03,108.0,26.4,3.1
35400.0,3.88,50.1,1.05,111.0,26.6,3.1
35405.0,3.88,50.4,1.05,110.5,26.5,3.1
35410.0,3.88,49.9,1.04,110.5,26.0,3.1
35415.0,3.88,50.1,1.04,109.5,25.7,3.0
35420.0,3.88,50.2,1.04,110.0,26.7,3.0
35425.0,3.88,49.9,1.04,110.5,26.7,3.0
35430.0,3.88,49.4,1.06,110.0,26.3,3.0
35435.0,3.88,49.9,1.04,109.0,26.6,3.0
35440.0,3.88,49.8,1.03,109.0,26.6,3.0
35445.0,3.88,49.4,1.03,110.0,26.5,3.0
35450.0,3.88,50.3,1.06,110.0,26.5,3.0
35455.0,3.88,50.3,1.03,109.5,26.5,3.0
35460.0,3.88,50.0,1.04,109.5,26.3,3.0
35465.0,3.88,49.5,1.03,110.0,26.5,3.0
35470.0,3.88,50.2,1.06,112.0,26.3,3.0
35475.0,3.88,49.4,1.05,109.0,26.5,3.0
35480.0,3.88,50.2,1.04,110.0,26.4,2.9
35485.0,3.88,50.0,1.04,110.5,26.5,3.0
35490.0,3.88,50.3,1.03,109.5,26.4,2.9
35495.0,3.88,50.4,1.04,110.5,26.4,2.9
35500.0,3.88,49.7,1.05,109.0,26.3,2.9
35505.0,3.88,50.0,1.07,109.5,26.4,2.9
35510.0,3.88,50.1,1.06,112.0,27.0,2.8
35515.0,3.88,50.1,1.03,109.0,26.3,2.8
35520.0,3.88,50.2,1.04,109.0,26.5,2.8
35525.0,3.88,50.0,1.07,110.5,26.4,2.8
35530.0,3.88,49.8,1.05,110.0,26.5,2.8
35535.0,3.88,50.2,1.05,109.5,26.5,2.8
35540.0,3.88,49.8,1.02,107.5,26.6,2.8
35545.0,3.88,49.6,1.03,109.0,26.2,2.7
35550.0,3.88,50.6,1.05,110.5,26.7,2.8
35555.0,3.88,50.1,1.04,109.5,26.4,2.8
35560.0,3.88,49.8,1.03,110.0,26.4,2.8
35565.0,3.88,50.2,1.03,109.0,26.8,2.8
35570.0,3.88,49.8,1.03,109.5,26.8,2.8
35575.0,3.88,49.6,1.04,110.5,26.4,2.8
35580.0,3.88,50.0,1.05,111.0,27.0,2.8
35585.0,3.88,49.9,1.04,109.0,26.7,2.8
35590.0,3.88,49.9,1.04,109.5,26.8,2.7
35595.0,3.88,49.8,1.03,109.5,26.2,2.7
35600.0,3.88,49.7,1.04,109.5,26.4,2.6
35605.0,3.88,49.7,1.04,110.5,26.4,2.6
35610.0,3.88,50.0,1.02,110.0,26.6,2.6
35615.0,3.88,50.0,1.04,110.5,26.8,2.6
35620.0,3.88,50.2,1.03,109.0,26.7,2.6
35625.0,3.88,50.0,1.04,110.5,27.0,2.6
35630.0,3.88,50.2,1.05,112.0,26.8,2.5
35635.0,3.88,49.7,1.03,110.0,26.8,2.5
35640.0,3.88,49.9,1.06,110.0,26.9,2.5
35645.0,3.88,50.6,1.03,109.5,27.0,2.4
35650.0,3.88,49.9,1.06,110.5,27.0,2.4
35655.0,3.88,50.0,1.04,109.5,26.6,2.5
35660.0,3.88,50.5,1.04,109.5,27.0,2.5
35665.0,3.88,50.2,1.05,109.5,26.3,2.4
35670.0,3.88,50.4,1.04,109.5,27.2,2.4
35675.0,3.88,50.1,1.03,111.0,26.7,2.4
35680.0,3.88,49.7,1.03,110.0,26.9,2.4
35685.0,3.88,50.3,1.05,110.5,26.8,2.4
35690.0,3.88,49.7,1.04,109.5,26.2,2.4
35695.0,3.88,49.9,1.04,110.0,26.4,2.4
35700.0,3.88,49.8,1.06,110.5,26.4,2.4
35705.0,3.88,50.1,1.05,109.0,26.3,2.4
35710.0,3.88,50.1,1.05,110.5,26.5,2.4
35715.0,3.88,50.0,1.06,110.0,26.6,2.3
35720.0,3.88,50.2,1.04,111.0,26.8,2.3
35725.0,3.88,50.2,1.03,110.5,26.8,2.3
35730.0,3.88,50.4,1.04,110.5,26.4,2.3
35735.0,3.88,49.9,1.05,109.5,26.7,2.3
35740.0,3.88,50.0,1.05,111.0,26.7,2.3
35745.0,3.88,49.6,1.03,109.5,26.5,2.2
35750.0,3.88,50.4,1.04,109.0,26.6,2.2
35755.0,3.88,50.2,1.05,110.0,26.8,2.2
35760.0,3.88,49.7,1.06,110.0,27.0,2.2
35765.0,3.88,49.9,1.04,109.5,27.1,2.2
35770.0,3.88,49.5,1.05,110.0,26.9,2.1
35775.0,3.88,49.9,1.05,109.5,27.0,2.1
35780.0,3.88,50.0,1.04,109.5,27.1,2.1
35785.0,3.88,50.0,1.03,108.5,26.3,2.1
35790.0,3.88,49.7,1.04,112.0,26.7,2.1
35795.0,3.88,50.0,1.03,109.5,26.7,2.1
35800.0,3.88,50.7,1.04,110.5,26.5,2.1
35805.0,3.88,49.9,1.06,110.5,27.1,2.0
35810.0,3.88,49.8,1.05,111.5,26.5,2.0
35815.0,3.88,50.0,1.05,110.5,26.7,2.0
35820.0,3.88,50.2,1.03,109.0,26.7,2.0
35825.0,3.88,49.9,1.04,109.5,27.2,1.9
35830.0,3.88,50.0,1.05,108.5,26.8,1.9
35835.0,3.88,49.8,1.03,110.0,26.9,1.9
35840.0,3.88,50.3,1.03,111.0,26.8,1.9
35845.0,3.88,49.5,1.04,111.0,26.6,1.9
35850.0,3.88,49.7,1.02,109.0,27.2,1.8
35855.0,3.88,49.7,1.03,111.0,26.8,1.8
35860.0,3.88,49.9,1.05,111.0,26.8,1.9
35865.0,3.88,50.0,1.05,110.5,27.0,1.9
35870.0,3.88,49.8,1.04,111.0,26.5,1.9
35875.0,3.88,50.4,1.05,110.0,26.7,1.8
35880.0,3.88,49.9,1.05,110.0,27.3,1.8
35885.0,3.88,50.6,1.04,110.5,26.8,1.8
35890.0,3.88,50.1,1.03,109.0,27.2,1.8
35895.0,3.88,50.6,1.03,109.5,26.7,1.8
35900.0,3.88,49.9,1.04,110.0,26.6,1.8
35905.0,3.88,49.7,1.03,109.0,26.4,1.8
35910.0,3.88,50.0,1.04,111.5,27.1,1.8
35915.0,3.88,50.0,1.03,111.0,26.8,1.9
35920.0,3.88,50.1,1.05,110.5,27.0,1.9
35925.0,3.88,50.1,1.05,110.0,26.8,1.9
35930.0,3.88,49.9,1.04,110.5,26.9,1.9
35935.0,3.88,50.3,1.05,109.5,27.1,1.8
35940.0,3.88,50.2,1.03,109.0,26.6,1.8
35945.0,3.88,50.2,1.04,110.0,26.8,1.8
35950.0,3.88,50.2,1.03,110.0,26.6,1.7
35955.0,3.88,50.3,1.05,111.0,26.8,1.7
35960.0,3.88,49.9,1.06,110.5,27.0,1.7
35965.0,3.88,50.5,1.05,111.0,26.8,1.7
35970.0,3.88,50.0,1.03,110.0,26.6,1.7
35975.0,3.88,49.8,1.05,110.5,26.6,1.7
35980.0,3.88,50.3,1.04,109.0,27.0,1.8
35985.0,3.88,50.1,1.07,110.0,26.7,1.7
35990.0,3.88,49.8,1.04,108.5,26.6,1.7
35995.0,3.88,49.7,1.05,109.5,26.4,1.8
36000.0,3.88,49.8,1.05,110.0,26.6,1.8
36005.0,3.88,50.1,1.03,110.0,26.8,1.8
36010.0,3.88,50.3,1.04,110.5,26.6,1.8
36015.0,3.88,50.0,1.03,111.0,26.2,1.7
36020.0,3.88,50.3,1.05,110.5,26.6,1.7
36025.0,3.88,50.2,1.02,108.5,26.9,1.7
36030.0,3.88,50.1,1.05,110.5,27.2,1.7
36035.0,3.88,50.4,1.04,111.0,26.7,1.6
36040.0,3.88,49.9,1.05,109.5,26.6,1.6
36045.0,3.88,50.4,1.03,109.5,26.9,1.5
36050.0,3.88,50.1,1.04,111.0,26.3,1.5
36055.0,3.88,50.0,1.06,110.0,26.8,1.4
36060.0,3.88,50.1,1.06,109.5,26.4,1.4
36065.0,3.88,49.8,1.08,112.0,26.7,1.4
36070.0,3.88,50.4,1.04,111.0,26.6,1.3
36075.0,3.88,49.8,1.02,109.0,26.8,1.3
36080.0,3.88,49.6,1.04,110.5,26.5,1.3
36085.0,3.88,50.0,1.05,110.0,26.7,1.2
36090.0,3.88,49.9,1.03,110.5,26.6,1.2
36095.0,3.88,49.6,1.03,110.0,26.4,1.1
36100.0,3.88,50.0,1.04,110.0,27.1,1.1
36105.0,3.88,49.5,1.03,109.0,26.7,1.1
36110.0,3.88,50.2,1.04,110.0,26.6,1.1
36115.0,3.88,50.5,1.04,110.5,26.6,1.0
36120.0,3.88,50.0,1.04,109.0,26.6,1.0
36125.0,3.88,50.2,1.05,110.0,26.9,1.0
36130.0,3.88,50.2,1.04,110.5,26.2,0.9
36135.0,3.88,50.0,1.05,110.5,26.4,0.9
36140.0,3.88,49.9,1.05,110.5,26.7,0.9
36145.0,3.88,50.2,1.05,109.5,27.0,0.9
36150.0,3.88,50.3,1.04,110.0,26.8,0.9
36155.0,3.88,50.3,1.05,109.5,26.3,0.9
36160.0,3.88,49.4,1.05,110.0,26.8,0.9
36165.0,3.88,50.1,1.04,108.5,26.8,0.9
36170.0,3.88,50.0,1.06,112.0,26.7,0.8
36175.0,3.88,49.8,1.02,110.0,26.2,0.8
36180.0,3.88,49.8,1.03,109.0,26.8,0.8
36185.0,3.88,49.9,1.04,110.0,26.6,0.8
36190.0,3.88,49.9,1.05,111.0,26.7,0.8
36195.0,3.88,49.8,1.07,111.0,26.9,0.8
36200.0,3.88,49.9,1.04,109.0,26.4,0.8
36205.0,3.88,50.6,1.03,109.5,26.9,0.7
36210.0,3.88,49.8,1.06,110.5,26.8,0.7
36215.0,3.88,50.0,1.05,109.5,26.4,0.7
36220.0,3.88,49.5,1.06,109.5,26.8,0.7
36225.0,3.88,50.3,1.01,109.0,26.4,0.7
36230.0,3.88,50.0,1.05,110.0,26.4,0.7
36235.0,3.88,50.2,1.05,111.0,26.3,0.6
36240.0,3.88,49.8,1.03,110.5,26.5,0.6
36245.0,3.88,50.1,1.04,110.0,26.5,0.6
36250.0,3.88,49.7,1.05,109.0,26.6,0.6
36255.0,3.88,50.3,1.04,111.0,26.4,0.6
36260.0,3.88,50.2,1.05,109.5,26.4,0.6
36265.0,3.88,49.9,1.05,109.5,26.9,0.6
36270.0,3.88,49.9,1.04,110.0,26.5,0.6
36275.0,3.88,49.9,1.05,111.5,26.9,0.6
36280.0,3.88,50.2,1.05,110.5,26.3,0.6
36285.0,3.88,50.4,1.06,111.0,26.3,0.6
36290.0,3.88,49.5,1.06,110.0,26.2,0.6
36295.0,3.88,49.6,1.05,109.5,26.9,0.6
36300.0,3.88,50.0,1.04,109.5,26.6,0.6
36305.0,3.88,50.2,1.05,111.0,26.0,0.6
36310.0,3.88,50.3,1.05,110.0,26.0,0.6
36315.0,3.88,50.3,1.03,110.0,26.7,0.6
36320.0,3.88,49.7,1.05,109.5,26.5,0.6
36325.0,3.88,49.9,1.05,111.5,26.4,0.6
36330.0,3.88,50.4,1.04,110.5,26.0,0.6
36335.0,3.88,50.2,1.04,109.5,26.5,0.6
36340.0,3.88,50.0,1.04,110.5,26.3,0.6
36345.0,3.88,50.2,1.04,110.5,26.7,0.6
36350.0,3.88,50.2,1.04,110.0,26.3,0.7
36355.0,3.88,50.4,1.03,109.5,26.4,0.7
36360.0,3.88,49.6,1.04,109.0,26.2,0.7
36365.0,3.88,49.9,1.06,110.5,26.1,0.7
36370.0,3.88,49.4,1.01,110.0,26.2,0.7
36375.0,3.88,50.1,1.05,110.5,26.6,0.7
36380.0,3.88,50.0,1.03,109.5,26.3,0.7
36385.0,3.88,50.2,1.06,111.5,25.9,0.7
36390.0,3.88,50.0,1.04,110.5,26.6,0.7
36395.0,3.88,50.4,1.04,110.0,26.3,0.7
36400.0,3.88,50.0,1.05,109.5,26.2,0.7
36405.0,3.88,49.6,1.04,110.0,26.1,0.7
36410.0,3.88,50.3,1.04,109.5,26.2,0.7
36415.0,3.88,50.1,1.05,110.5,26.4,0.7
36420.0,3.88,50.0,1.05,110.5,26.1,0.6
36425.0,3.88,49.4,1.05,109.5,26.5,0.7
36430.0,3.88,49.8,1.05,110.0,26.5,0.7
36435.0,3.88,50.2,1.07,111.0,26.4,0.7
36440.0,3.88,50.2,1.06,110.5,26.2,0.7
36445.0,3.88,50.0,1.05,111.5,26.4,0.7
36450.0,3.88,50.1,1.05,109.5,26.3,0.7
36455.0,3.88,50.1,1.03,110.0,26.1,0.7
36460.0,3.88,49.4,1.05,111.0,25.8,0.7
36465.0,3.88,50.1,1.04,111.0,25.9,0.7
36470.0,3.88,50.0,1.06,111.0,26.0,0.8
36475.0,3.88,50.1,1.05,111.5,25.8,0.8
36480.0,3.88,50.2,1.04,110.5,25.9,0.8
36485.0,3.88,50.2,1.06,110.5,26.3,0.8
36490.0,3.88,49.6,1.04,109.5,26.2,0.8
36495.0,3.88,50.1,1.02,108.0,26.2,0.9
36500.0,3.88,50.1,1.05,110.5,26.0,0.9
36505.0,3.88,50.4,1.04,109.5,25.7,0.9
36510.0,3.88,50.0,1.04,108.5,26.0,0.9
36515.0,3.88,49.6,1.05,110.0,25.9,0.9
36520.0,3.88,49.9,1.06,111.0,25.7,0.9
36525.0,3.88,49.6,1.06,111.5,25.8,1.0
36530.0,3.88,50.4,1.04,108.5,25.9,1.0
36535.0,3.88,49.3,1.03,108.5,26.1,1.0
36540.0,3.88,49.8,1.05,111.0,26.1,1.0
36545.0,3.88,50.3,1.06,112.0,25.9,1.0
36550.0,3.88,50.2,1.04,108.5,26.3,1.0
36555.0,3.88,49.8,1.04,108.5,25.7,1.0
36560.0,3.88,49.5,1.04,110.5,26.4,1.1
36565.0,3.88,50.2,1.07,111.0,26.0,1.1
36570.0,3.88,49.6,1.03,109.0,25.9,1.1
36575.0,3.88,50.2,1.04,110.0,25.5,1.1
36580.0,3.88,50.1,1.04,109.5,25.9,1.1
36585.0,3.88,50.2,1.05,110.0,25.8,1.1
36590.0,3.88,50.2,1.05,111.0,26.0,1.2
36595.0,3.88,50.6,1.05,110.5,25.6,1.2
36600.0,3.88,49.9,1.06,110.5,25.7,1.2
36605.0,3.88,50.3,1.03,110.0,25.6,1.3
36610.0,3.88,50.3,1.05,110.5,25.7,1.3
36615.0,3.88,50.1,1.04,108.5,26.0,1.3
36620.0,3.88,50.4,1.02,109.5,25.8,1.3
36625.0,3.88,49.5,1.05,109.5,25.6,1.4
36630.0,3.88,49.7,1.06,110.0,26.0,1.4
36635.0,3.88,50.3,1.05,109.5,25.8,1.4
36640.0,3.88,49.7,1.04,110.0,25.7,1.5
36645.0,3.88,50.0,1.04,110.0,25.8,1.5
36650.0,3.88,49.7,1.03,108.0,25.3,1.5
36655.0,3.88,50.1,1.03,110.5,25.7,1.6
36660.0,3.88,50.3,1.04,110.0,25.5,1.6
36665.0,3.88,50.1,1.04,109.0,25.6,1.6
36670.0,3.88,50.1,1.05,110.5,25.7,1.7
36675.0,3.88,50.0,1.03,108.5,25.5,1.7
36680.0,3.88,50.1,1.05,110.5,25.9,1.7
36685.0,3.88,50.0,1.04,111.0,25.9,1.7
36690.0,3.88,49.7,1.05,109.5,25.5,1.7
36695.0,3.88,49.7,1.05,110.0,25.3,1.7
36700.0,3.88,50.1,1.04,110.0,25.6,1.8
36705.0,3.88,50.4,1.03,108.5,25.3,1.8
36710.0,3.88,49.7,1.04,110.5,25.4,1.9
36715.0,3.88,50.2,1.07,110.5,25.6,1.9
36720.0,3.88,49.6,1.06,109.5,25.6,2.0
36725.0,3.88,50.1,1.06,111.0,25.5,2.0
36730.0,3.88,50.2,1.05,110.0,25.8,2.0
36735.0,3.88,49.8,1.04,111.5,25.4,2.0
36740.0,3.88,49.8,1.03,109.5,26.1,2.0
36745.0,3.88,49.8,1.03,109.5,26.0,2.1
36750.0,3.88,49.8,1.06,111.0,25.7,2.1
36755.0,3.88,49.3,1.06,111.0,25.8,2.1
36760.0,3.88,49.3,1.02,108.5,25.7,2.1
36765.0,3.88,50.2,1.04,109.5,25.6,2.2
36770.0,3.88,49.8,1.02,108.5,25.2,2.2
36775.0,3.88,49.7,1.04,111.0,26.3,2.2
36780.0,3.88,50.3,1.04,109.5,25.6,2.3
36785.0,3.88,50.4,1.04,110.5,25.6,2.3
36790.0,3.88,50.1,1.06,110.5,25.0,2.3
36795.0,3.88,50.0,1.02,108.5,25.4,2.3
36800.0,3.88,50.0,1.03,109.5,25.7,2.3
36805.0,3.88,50.1,1.04,109.0,25.7,2.4
36810.0,3.88,49.5,1.05,111.5,25.5,2.4
36815.0,3.88,50.1,1.03,111.0,25.3,2.4
36820.0,3.88,49.9,1.07,111.5,25.0,2.4
36825.0,3.88,50.1,1.05,110.0,25.3,2.5
36830.0,3.88,50.1,1.06,109.5,25.8,2.5
36835.0,3.88,50.3,1.04,109.5,25.0,2.6
36840.0,3.88,49.8,1.02,108.0,25.6,2.6
36845.0,3.88,49.8,1.04,110.0,25.0,2.6
36850.0,3.88,50.3,1.04,109.0,25.2,2.7
36855.0,3.88,49.3,1.04,109.5,25.2,2.7
36860.0,3.88,49.8,1.04,109.0,25.5,2.7
36865.0,3.88,50.4,1.02,108.5,25.7,2.8
36870.0,3.88,50.1,1.03,110.0,25.3,2.8
36875.0,3.88,49.9,1.03,111.0,25.3,2.8
36880.0,3.88,50.2,1.04,110.5,25.3,2.9
36885.0,3.88,50.2,1.06,111.0,25.1,2.9
36890.0,3.88,50.3,1.03,109.0,25.5,2.9
36895.0,3.88,49.8,1.04,110.0,25.4,3.0
36900.0,3.88,49.7,1.05,110.0,25.7,3.0
36905.0,3.88,49.4,1.03,110.0,25.1,3.0
36910.0,3.88,50.2,1.04,109.5,25.0,3.0
36915.0,3.88,50.2,1.02,109.0,25.5,3.0
36920.0,3.88,49.8,1.02,109.5,25.3,3.1
36925.0,3.88,50.1,1.04,109.5,25.4,3.1
36930.0,3.88,50.7,1.04,109.5,25.0,3.1
36935.0,3.88,49.8,1.04,110.5,25.6,3.2
36940.0,3.88,49.9,1.06,111.0,25.5,3.2
36945.0,3.88,50.0,1.06,110.5,25.2,3.3
36950.0,3.88,49.7,1.05,110.0,24.8,3.3
36955.0,3.88,50.1,1.02,108.5,24.9,3.4
36960.0,3.88,49.4,1.04,110.5,25.5,3.4
36965.0,3.88,50.3,1.02,108.5,25.1,3.4
36970.0,3.88,49.3,1.03,109.5,25.2,3.4
36975.0,3.88,50.3,1.04,109.5,25.3,3.5
36980.0,3.88,50.0,1.04,109.5,25.2,3.6
36985.0,3.88,50.1,1.03,110.5,25.3,3.6
36990.0,3.88,50.1,1.05,109.5,25.4,3.6
36995.0,3.88,50.3,1.05,109.0,25.2,3.6
37000.0,3.88,49.6,1.04,110.0,25.2,3.6
37005.0,3.88,49.9,1.02,110.0,25.1,3.7
37010.0,3.88,49.8,1.03,108.0,25.6,3.7
37015.0,3.88,49.9,1.03,109.0,24.8,3.7
37020.0,3.88,50.3,1.04,109.5,25.5,3.7
37025.0,3.88,50.2,1.02,109.5,25.1,3.7
37030.0,3.88,50.3,1.06,111.0,25.8,3.8
37035.0,3.88,49.8,1.06,110.5,24.8,3.8
37040.0,3.88,50.0,1.04,109.0,25.0,3.8
37045.0,3.88,49.9,1.04,110.0,24.9,3.8
37050.0,3.88,49.7,1.04,109.0,25.3,3.8
37055.0,3.88,50.0,1.05,109.5,25.1,3.8
37060.0,3.88,50.2,1.04,109.5,25.3,3.8
37065.0,3.88,49.8,1.02,107.5,25.0,3.8
37070.0,3.88,50.2,1.03,107.5,25.1,3.8
37075.0,3.88,49.8,1.04,110.0,24.8,3.8
37080.0,3.88,49.5,1.02,108.5,25.2,3.8
37085.0,3.88,49.6,1.04,109.0,24.7,3.8
37090.0,3.88,50.1,1.05,109.0,25.1,3.8
37095.0,3.88,50.5,1.04,109.0,25.0,3.8
37100.0,3.88,49.9,1.05,110.0,25.1,3.9
37105.0,3.88,50.0,1.03,108.0,24.6,3.9
37110.0,3.88,50.1,1.03,110.0,25.3,3.9
37115.0,3.88,50.3,1.04,109.0,25.3,3.9
37120.0,3.88,50.3,1.02,108.5,25.2,3.9
37125.0,3.88,49.7,1.06,110.0,24.6,3.9
37130.0,3.88,49.6,1.02,108.0,25.1,3.9
37135.0,3.88,50.0,1.02,109.0,24.4,3.9
37140.0,3.88,50.1,1.03,110.0,25.2,3.8
37145.0,3.88,50.2,1.04,109.0,25.3,3.8
37150.0,3.88,49.9,1.05,109.5,25.0,3.8
37155.0,3.88,49.5,1.03,109.5,24.9,3.8
37160.0,3.88,49.5,1.05,109.5,25.2,3.8
37165.0,3.88,50.2,1.04,108.5,25.3,3.8
37170.0,3.88,49.3,1.02,108.5,24.9,3.8
37175.0,3.88,50.1,1.03,108.5,24.9,3.7
37180.0,3.88,49.6,1.06,110.5,24.9,3.7
37185.0,3.88,50.0,1.01,109.0,25.4,3.7
37190.0,3.88,50.2,1.05,110.0,24.7,3.7
37195.0,3.88,50.2,1.03,109.0,25.2,3.7
37200.0,3.88,50.1,1.02,108.5,24.9,3.7
37205.0,3.88,50.0,1.04,109.5,25.1,3.8
37210.0,3.88,50.3,1.02,108.5,25.1,3.7
37215.0,3.88,50.3,1.02,108.5,25.4,3.7
37220.0,3.88,49.7,1.06,110.5,24.6,3.7
37225.0,3.88,49.7,1.05,109.0,25.1,3.7
37230.0,3.88,50.1,1.03,110.0,24.9,3.7
37235.0,3.88,50.4,1.05,110.5,25.3,3.7
37240.0,3.88,49.9,1.03,109.5,24.8,3.7
37245.0,3.88,49.9,1.04,110.5,24.9,3.7
37250.0,3.88,50.1,1.04,108.5,25.0,3.7
37255.0,3.88,50.1,1.05,109.5,25.0,3.7
37260.0,3.88,50.0,1.03,110.0,24.8,3.6
37265.0,3.88,50.1,1.04,109.0,24.9,3.7
37270.0,3.88,50.0,1.03,110.0,25.2,3.6
37275.0,3.88,50.1,1.05,110.0,25.2,3.7
37280.0,3.88,49.9,1.03,109.0,24.9,3.6
37285.0,3.88,50.4,1.04,111.0,25.8,3.6
37290.0,3.88,50.0,1.03,108.5,24.9,3.6
37295.0,3.88,49.9,1.03,109.5,24.2,3.6
37300.0,3.88,50.2,1.03,109.5,24.8,3.6
37305.0,3.88,49.6,1.02,109.5,25.1,3.6
37310.0,3.88,49.9,1.04,109.5,24.7,3.6
37315.0,3.88,50.1,1.03,109.0,24.5,3.6
37320.0,3.88,50.3,1.06,111.0,24.7,3.6
37325.0,3.88,50.3,1.02,107.5,24.8,3.6
37330.0,3.88,50.3,1.03,107.5,24.9,3.6
37335.0,3.88,50.3,1.03,109.5,24.8,3.6
37340.0,3.88,50.0,1.05,109.5,25.0,3.6
37345.0,3.88,49.8,1.02,108.5,25.0,3.6
37350.0,3.88,49.8,1.04,110.5,24.8,3.6
37355.0,3.88,50.5,1.05,110.0,24.8,3.6
37360.0,3.88,50.4,1.04,108.5,24.8,3.6
37365.0,3.88,49.7,1.03,109.0,24.9,3.5
37370.0,3.88,49.5,1.05,110.5,24.7,3.6
37375.0,3.88,49.9,1.04,109.0,24.8,3.5
37380.0,3.88,49.7,1.03,108.5,25.2,3.5
37385.0,3.88,49.9,1.04,109.5,24.6,3.5
37390.0,3.88,50.3,1.03,109.5,24.8,3.5
37395.0,3.88,49.9,1.02,108.5,24.5,3.6
37400.0,3.88,50.3,1.04,110.0,24.9,3.6
37405.0,3.88,49.9,1.02,108.5,24.9,3.6
37410.0,3.88,50.1,1.07,111.5,24.9,3.6
37415.0,3.88,49.6,1.03,109.0,24.6,3.5
37420.0,3.88,50.0,1.04,109.5,24.9,3.5
37425.0,3.88,50.0,1.02,110.0,24.9,3.5
37430.0,3.88,50.0,1.03,110.0,24.5,3.5
37435.0,3.88,49.8,1.02,109.0,24.6,3.5
37440.0,3.88,50.1,1.06,111.0,25.1,3.5
37445.0,3.88,49.7,1.05,109.0,25.0,3.4
37450.0,3.88,49.2,1.03,110.0,24.9,3.4
37455.0,3.88,49.5,1.04,108.5,25.0,3.4
37460.0,3.88,49.6,1.05,110.0,25.2,3.3
37465.0,3.88,50.2,1.03,109.5,24.7,3.4
37470.0,3.88,50.0,1.05,109.0,24.9,3.3
37475.0,3.88,49.9,1.05,110.5,25.2,3.3
37480.0,3.88,50.1,1.05,109.0,25.2,3.3
37485.0,3.88,49.8,1.02,109.5,24.9,3.2
37490.0,3.88,50.0,1.03,109.5,25.1,3.2
37495.0,3.88,50.5,1.02,109.0,24.8,3.2
37500.0,3.88,49.8,1.04,110.0,25.2,3.1
37505.0,3.88,49.9,1.03,110.0,24.5,3.1
37510.0,3.88,50.2,1.05,109.5,24.9,3.1
37515.0,3.88,49.7,1.04,111.0,25.3,3.1
37520.0,3.88,49.8,1.04,110.0,24.5,3.1
37525.0,3.88,49.7,1.04,110.5,25.3,3.1
37530.0,3.88,50.1,1.06,111.0,25.0,3.0
37535.0,3.88,50.0,1.05,110.5,24.4,3.0
37540.0,3.88,49.6,1.05,108.5,25.1,3.0
37545.0,3.88,49.9,1.04,108.5,25.4,3.0
37550.0,3.88,50.1,1.03,108.5,24.7,3.0
37555.0,3.88,50.0,1.02,107.5,24.4,2.9
37560.0,3.88,49.9,1.04,109.5,24.8,3.0
37565.0,3.88,50.2,1.03,109.5,25.0,2.9
37570.0,3.88,49.7,1.02,109.5,25.3,2.9
37575.0,3.88,49.9,1.05,110.5,24.9,2.9
37580.0,3.88,49.8,1.05,110.0,24.9,2.9
37585.0,3.88,49.7,1.04,109.5,25.2,2.9
37590.0,3.88,50.1,1.04,109.0,25.2,2.9
37595.0,3.88,50.5,1.07,111.5,25.1,2.8
37600.0,3.88,49.6,1.05,110.0,25.0,2.8
37605.0,3.88,49.9,1.05,109.5,25.4,2.8
37610.0,3.88,50.4,1.04,109.5,25.2,2.8
37615.0,3.88,50.2,1.05,109.0,24.7,2.8
37620.0,3.88,49.9,1.06,111.5,25.1,2.8
37625.0,3.88,50.2,1.05,111.5,25.2,2.8
37630.0,3.88,50.2,1.05,109.5,25.3,2.7
37635.0,3.88,50.1,1.04,110.5,25.3,2.7
37640.0,3.88,50.5,1.04,110.0,24.7,2.7
37645.0,3.88,49.8,1.04,110.0,24.9,2.7
37650.0,3.88,50.7,1.04,109.5,25.1,2.7
37655.0,3.88,49.6,1.04,110.0,25.0,2.6
37660.0,3.88,49.2,1.02,109.0,24.8,2.6
37665.0,3.88,50.2,1.03,109.0,24.9,2.7
37670.0,3.88,50.2,1.04,109.5,25.1,2.7
37675.0,3.88,49.9,1.03,110.0,25.2,2.6
37680.0,3.88,50.2,1.03,110.5,24.9,2.6
37685.0,3.88,50.1,1.04,109.5,24.7,2.6
37690.0,3.88,49.9,1.04,110.0,24.5,2.5
37695.0,3.88,49.7,1.04,109.0,25.4,2.5
37700.0,3.88,50.0,1.04,109.5,24.8,2.5
37705.0,3.88,49.8,1.05,109.5,25.1,2.5
37710.0,3.88,50.6,1.06,110.5,25.1,2.5
37715.0,3.88,50.5,1.06,110.5,25.3,2.5
37720.0,3.88,50.3,1.05,110.5,25.1,2.5
37725.0,3.88,49.9,1.05,110.5,25.2,2.5
37730.0,3.88,50.3,1.03,109.5,25.0,2.5
37735.0,3.88,49.5,1.03,110.5,24.9,2.4
37740.0,3.88,49.8,1.03,110.0,25.4,2.4
37745.0,3.88,50.1,1.04,110.0,25.2,2.4
37750.0,3.88,50.2,1.02,110.0,25.4,2.4
37755.0,3.88,50.1,1.03,109.5,25.0,2.4
37760.0,3.88,50.2,1.04,110.0,25.0,2.4
37765.0,3.88,50.1,1.04,110.5,25.5,2.4
37770.0,3.88,50.1,1.02,109.0,24.9,2.4
37775.0,3.88,50.4,1.02,109.0,25.1,2.4
37780.0,3.88,49.9,1.03,109.0,25.0,2.4
37785.0,3.88,49.9,1.03,109.5,25.3,2.4
37790.0,3.88,50.2,1.05,110.0,24.8,2.4
37795.0,3.88,49.7,1.05,109.5,25.1,2.3
37800.0,3.88,50.3,1.03,109.5,24.9,2.3
37805.0,3.88,49.4,1.05,110.0,24.5,2.3
37810.0,3.88,50.0,1.04,109.5,25.3,2.3
37815.0,3.88,49.4,1.05,111.5,25.4,2.2
37820.0,3.88,50.3,1.04,111.5,25.5,2.2
37825.0,3.88,50.3,1.03,110.0,24.7,2.2
37830.0,3.88,50.2,1.03,110.5,25.3,2.2
37835.0,3.88,49.7,1.05,109.5,25.5,2.2
37840.0,3.88,49.8,1.05,110.0,25.3,2.2
37845.0,3.88,49.9,1.04,110.0,25.2,2.2
37850.0,3.88,50.2,1.05,111.0,25.3,2.2
37855.0,3.88,50.1,1.02,109.0,24.9,2.2
37860.0,3.88,50.1,1.03,110.0,25.0,2.2
37865.0,3.88,49.2,1.03,108.5,25.0,2.2
37870.0,3.88,49.6,1.05,110.5,25.3,2.2
37875.0,3.88,50.3,1.04,108.5,25.2,2.2
37880.0,3.88,49.9,1.05,109.0,25.4,2.2
37885.0,3.88,50.4,1.03,110.5,25.0,2.2
37890.0,3.88,50.2,1.04,109.5,24.9,2.2
37895.0,3.88,50.0,1.04,109.0,25.8,2.1
37900.0,3.88,50.2,1.01,108.5,25.4,2.1
37905.0,3.88,49.3,1.03,108.5,25.2,2.0
37910.0,3.88,49.9,1.06,111.5,25.5,2.0
37915.0,3.88,50.3,1.04,109.5,25.0,2.0
37920.0,3.88,50.1,1.04,109.0,25.7,2.0
37925.0,3.88,49.8,1.04,111.0,24.8,2.0
37930.0,3.88,50.1,1.05,109.0,25.3,2.0
37935.0,3.88,49.8,1.03,110.5,25.3,2.0
37940.0,3.88,50.2,1.05,110.5,25.1,2.0
37945.0,3.88,49.6,1.04,109.5,25.3,2.0
37950.0,3.88,49.9,1.04,109.5,25.4,2.0
37955.0,3.88,49.7,1.05,110.5,25.6,2.0
37960.0,3.88,49.9,1.05,109.0,25.5,2.0
37965.0,3.88,50.7,1.05,109.5,25.5,2.0
37970.0,3.88,50.1,1.04,110.0,25.7,1.9
37975.0,3.88,50.0,1.04,112.0,25.2,1.9
37980.0,3.88,50.1,1.05,109.0,25.5,1.9
37985.0,3.88,50.1,1.05,110.5,25.4,1.9
37990.0,3.88,49.7,1.04,109.5,25.2,1.9
37995.0,3.88,49.7,1.02,110.0,25.6,1.9
38000.0,3.88,50.2,1.05,110.5,25.5,1.8
38005.0,3.88,50.0,1.05,111.0,25.1,1.8
38010.0,3.88,49.9,1.04,109.0,25.2,1.8
38015.0,3.88,49.9,1.05,109.0,25.7,1.8
38020.0,3.88,50.4,1.04,109.0,25.5,1.8
38025.0,3.88,50.9,1.05,110.5,25.6,1.8
38030.0,3.88,50.0,1.07,112.0,25.5,1.8
38035.0,3.88,50.0,1.02,110.5,25.5,1.8
38040.0,3.88,50.4,1.05,111.0,25.4,1.8
38045.0,3.88,49.7,1.05,110.0,25.0,1.8
38050.0,3.88,49.7,1.03,108.5,25.7,1.8
38055.0,3.88,50.0,1.03,109.0,25.7,1.8
38060.0,3.88,50.0,1.02,109.0,25.5,1.8
38065.0,3.88,50.2,1.03,111.0,25.4,1.7
38070.0,3.88,50.1,1.05,109.5,25.3,1.7
38075.0,3.88,50.0,1.04,111.0,25.6,1.7
38080.0,3.88,50.2,1.05,110.5,25.3,1.7
38085.0,3.88,50.2,1.03,111.0,26.1,1.7
38090.0,3.88,49.1,1.02,109.5,25.6,1.7
38095.0,3.88,49.5,1.05,110.0,25.6,1.7
38100.0,3.88,49.5,1.03,108.0,26.0,1.7
38105.0,3.88,50.1,1.01,109.0,25.6,1.7
38110.0,3.88,50.1,1.07,111.0,25.2,1.7
38115.0,3.88,50.2,1.05,110.0,25.9,1.8
38120.0,3.88,50.1,1.05,110.0,25.8,1.7
38125.0,3.88,50.2,1.05,109.5,26.0,1.7
38130.0,3.88,49.9,1.04,110.0,25.6,1.7
38135.0,3.88,50.1,1.01,108.5,25.3,1.7
38140.0,3.88,50.0,1.02,109.5,25.7,1.7
38145.0,3.88,50.1,1.05,110.5,25.5,1.7
38150.0,3.88,50.0,1.05,111.5,25.6,1.7
38155.0,3.88,49.4,1.04,110.0,25.4,1.7
38160.0,3.88,49.5,1.03,110.0,25.6,1.7
38165.0,3.88,49.9,1.04,110.5,25.5,1.7
38170.0,3.88,49.7,1.03,109.0,25.9,1.6
38175.0,3.88,50.1,1.07,110.5,25.3,1.6
38180.0,3.88,50.0,1.05,111.0,25.2,1.6
38185.0,3.88,50.4,1.04,110.0,25.7,1.6
38190.0,3.88,49.7,1.06,110.5,25.3,1.6
38195.0,3.88,50.7,1.04,110.0,26.0,1.6
38200.0,3.88,50.1,1.04,110.0,25.4,1.6
38205.0,3.88,49.9,1.04,110.5,25.7,1.6
38210.0,3.88,50.0,1.03,109.5,25.4,1.5
38215.0,3.88,50.5,1.05,109.0,25.8,1.5
38220.0,3.88,50.2,1.03,110.0,25.4,1.5
38225.0,3.88,50.0,1.03,108.5,25.6,1.5
38230.0,3.88,50.0,1.05,110.0,25.5,1.5
38235.0,3.88,50.0,1.06,110.5,26.2,1.6
38240.0,3.88,49.6,1.05,108.5,25.5,1.6
38245.0,3.88,49.5,1.06,111.5,25.3,1.6
38250.0,3.88,50.1,1.03,108.5,25.4,1.6
38255.0,3.88,50.0,1.04,109.0,25.6,1.6
38260.0,3.88,50.0,1.05,110.0,25.9,1.6
38265.0,3.88,49.8,1.02,109.0,26.1,1.6
38270.0,3.88,50.1,1.06,110.0,25.9,1.6
38275.0,3.88,49.8,1.07,109.5,25.7,1.6
38280.0,3.88,50.3,1.04,109.0,25.9,1.6
38285.0,3.88,50.0,1.06,111.0,25.8,1.5
38290.0,3.88,50.2,1.05,111.0,25.7,1.5
38295.0,3.88,49.6,1.03,109.5,25.4,1.5
38300.0,3.88,49.6,1.04,111.5,26.1,1.6
38305.0,3.88,49.5,1.04,110.0,25.5,1.5
38310.0,3.88,50.0,1.03,109.0,25.8,1.5
38315.0,3.88,49.8,1.04,110.0,25.2,1.5
38320.0,3.88,50.1,1.05,110.5,25.8,1.5
38325.0,3.88,50.1,1.05,109.5,25.4,1.6
38330.0,3.88,50.1,1.03,110.0,25.6,1.5
38335.0,3.88,50.2,1.02,109.5,26.1,1.5
38340.0,3.88,50.2,1.02,109.0,25.9,1.5
38345.0,3.88,50.4,1.03,110.0,25.9,1.5
38350.0,3.88,50.3,1.05,110.0,25.9,1.5
38355.0,3.88,49.9,1.05,110.5,26.0,1.4
38360.0,3.88,50.1,1.04,111.0,25.7,1.4
38365.0,3.88,49.9,1.04,111.0,26.0,1.4
38370.0,3.88,49.8,1.05,111.5,26.0,1.4
38375.0,3.88,50.0,1.04,109.0,25.4,1.4
38380.0,3.88,49.7,1.04,109.5,25.3,1.4
38385.0,3.88,49.8,1.06,110.0,25.6,1.3
38390.0,3.88,50.1,1.04,110.5,26.3,1.3
38395.0,3.88,49.9,1.03,109.0,25.9,1.3
38400.0,3.88,50.1,1.03,110.5,26.0,1.3
38405.0,3.88,49.9,1.03,109.0,26.0,1.3
38410.0,3.88,50.3,1.04,111.0,25.6,1.3
38415.0,3.88,50.6,1.04,110.0,26.2,1.3
38420.0,3.88,49.7,1.04,110.5,26.2,1.3
38425.0,3.88,50.4,1.03,109.5,26.1,1.3
38430.0,3.88,49.7,1.05,109.0,26.3,1.3
38435.0,3.88,49.8,1.05,110.0,25.8,1.3
38440.0,3.88,49.8,1.03,110.0,26.1,1.3
38445.0,3.88,50.1,1.05,110.0,25.8,1.3
38450.0,3.88,49.6,1.05,110.5,25.8,1.2
38455.0,3.88,49.9,1.03,108.5,26.2,1.3
38460.0,3.88,50.4,1.03,109.0,26.2,1.3
38465.0,3.88,49.9,1.03,109.5,26.3,1.3
38470.0,3.88,49.8,1.02,109.5,26.2,1.3
38475.0,3.88,49.9,1.05,110.5,25.9,1.3
38480.0,3.88,50.0,1.03,108.5,26.2,1.2
38485.0,3.88,50.0,1.04,109.5,26.1,1.3
38490.0,3.88,49.9,1.05,110.5,26.0,1.2
38495.0,3.88,50.3,1.04,109.5,25.9,1.3
38500.0,3.88,50.0,1.04,110.5,26.3,1.2
38505.0,3.88,50.2,1.06,110.0,26.0,1.2
38510.0,3.88,49.9,1.03,111.0,25.8,1.2
38515.0,3.88,49.9,1.05,111.0,26.7,1.2
38520.0,3.88,50.0,1.04,109.0,25.7,1.2
38525.0,3.88,50.0,1.04,109.5,26.5,1.2
38530.0,3.88,50.2,1.04,110.0,26.3,1.1
38535.0,3.88,50.2,1.05,108.5,26.3,1.1
38540.0,3.88,50.2,1.03,111.0,26.5,1.1
38545.0,3.88,50.0,1.03,109.5,26.1,1.1
38550.0,3.88,49.7,1.03,109.5,25.6,1.1
38555.0,3.88,49.4,1.06,111.5,26.3,1.1
38560.0,3.88,50.1,1.04,110.5,26.1,1.1
38565.0,3.88,50.3,1.05,109.5,25.8,1.1
38570.0,3.88,49.5,1.03,110.0,25.7,1.1
38575.0,3.88,50.1,1.05,111.0,26.2,1.2
38580.0,3.88,49.8,1.04,110.5,26.1,1.2
38585.0,3.88,50.2,1.04,109.5,26.4,1.2
38590.0,3.88,50.2,1.06,110.5,26.3,1.1
38595.0,3.88,50.0,1.03,110.0,25.9,1.1
38600.0,3.88,49.7,1.05,110.5,26.0,1.1
38605.0,3.88,49.6,1.03,108.0,26.2,1.1
38610.0,3.88,49.7,1.04,110.0,26.2,1.2
38615.0,3.88,49.8,1.04,110.0,26.2,1.1
38620.0,3.88,49.9,1.04,109.5,25.8,1.1
38625.0,3.88,49.9,1.05,110.5,26.4,1.1
38630.0,3.88,49.5,1.03,109.0,25.9,1.1
38635.0,3.88,50.1,1.05,111.0,26.0,1.2
38640.0,3.88,50.4,1.05,110.5,26.4,1.1
38645.0,3.88,50.1,1.02,108.5,26.3,1.2
38650.0,3.88,50.1,1.06,110.5,26.1,1.2
38655.0,3.88,50.3,1.05,110.5,26.4,1.2
38660.0,3.88,50.8,1.04,109.5,26.0,1.1
38665.0,3.88,50.0,1.04,108.5,26.0,1.2
38670.0,3.88,49.9,1.06,111.0,25.4,1.2
38675.0,3.88,49.7,1.04,110.5,26.3,1.2
38680.0,3.88,50.2,1.04,108.0,26.0,1.2
38685.0,3.88,49.7,1.06,111.0,26.2,1.2
38690.0,3.88,49.6,1.04,111.0,26.7,1.1
38695.0,3.88,49.8,1.05,110.5,25.6,1.1
38700.0,3.88,49.9,1.04,111.0,25.9,1.2
38705.0,3.88,49.9,1.05,110.5,26.6,1.2
38710.0,3.88,50.3,1.04,110.0,26.0,1.2
38715.0,3.88,49.7,1.04,109.5,26.5,1.1
38720.0,3.88,49.7,1.04,109.0,26.1,1.1
38725.0,3.88,50.2,1.05,109.5,26.3,1.1
38730.0,3.88,49.7,1.05,109.0,26.1,1.1
38735.0,3.88,49.8,1.05,110.5,26.4,1.1
38740.0,3.88,50.2,1.06,110.5,25.5,1.1
38745.0,3.88,50.4,1.05,109.5,26.5,1.1
38750.0,3.88,49.9,1.05,111.0,26.0,1.1
38755.0,3.88,49.7,1.04,109.5,26.5,1.1
38760.0,3.88,50.1,1.02,109.0,27.1,1.1
38765.0,3.88,49.6,1.04,110.0,26.4,1.1
38770.0,3.88,50.1,1.04,109.0,26.4,1.1
38775.0,3.88,50.2,1.05,109.0,26.4,1.1
38780.0,3.88,50.5,1.03,111.0,26.1,1.1
38785.0,3.88,49.6,1.04,109.5,26.5,1.1
38790.0,3.88,50.4,1.05,110.5,26.3,1.1
38795.0,3.88,49.9,1.05,110.0,26.3,1.1
38800.0,3.88,49.4,1.03,110.0,26.2,1.1
38805.0,3.88,50.2,1.04,111.0,26.1,1.1
38810.0,3.88,49.8,1.03,110.5,26.3,1.1
38815.0,3.88,49.6,1.04,110.0,26.1,1.1
38820.0,3.88,50.1,1.05,111.0,25.7,1.1
38825.0,3.88,50.3,1.05,110.0,26.6,1.1
38830.0,3.88,50.2,1.04,110.0,26.2,1.1
38835.0,3.88,50.3,1.02,108.5,26.2,1.1
38840.0,3.88,50.2,1.03,110.0,26.4,1.1
38845.0,3.88,49.7,1.05,110.0,26.5,1.1
38850.0,3.88,49.9,1.04,110.5,26.2,1.1
38855.0,3.88,50.2,1.05,110.5,25.8,1.1
38860.0,3.88,50.1,1.03,109.5,26.4,1.1
38865.0,3.88,49.9,1.05,111.5,26.2,1.1
38870.0,3.88,50.0,1.05,110.0,26.0,1.1
38875.0,3.88,49.9,1.06,110.5,25.8,1.1
38880.0,3.88,50.2,1.05,111.0,26.2,1.1
38885.0,3.88,50.0,1.05,110.0,26.6,1.1
38890.0,3.88,49.8,1.05,111.0,26.2,1.1
38895.0,3.88,49.8,1.05,111.5,26.9,1.0
38900.0,3.88,49.7,1.03,110.0,26.8,1.0
38905.0,3.88,50.0,1.05,111.0,26.1,1.0
38910.0,3.88,49.8,1.04,110.0,26.3,1.0
38915.0,3.88,50.3,1.04,109.5,25.6,0.9
38920.0,3.88,49.8,1.03,110.5,26.1,0.9
38925.0,3.88,50.1,1.06,113.0,26.0,0.9
38930.0,3.88,50.2,1.05,109.0,25.9,0.9
38935.0,3.88,49.4,1.04,110.0,26.3,0.9
38940.0,3.88,49.7,1.06,109.5,26.2,0.9
38945.0,3.88,50.2,1.03,108.5,26.2,0.8
38950.0,3.88,50.2,1.03,108.5,26.0,0.8
38955.0,3.88,50.7,1.06,110.5,26.1,0.7
38960.0,3.88,49.9,1.03,110.0,26.3,0.7
38965.0,3.88,49.4,1.04,110.5,26.2,0.7
38970.0,3.88,50.2,1.05,111.0,26.1,0.7
38975.0,3.88,50.0,1.03,111.0,26.4,0.7
38980.0,3.88,50.2,1.04,111.0,26.0,0.7
38985.0,3.88,50.2,1.04,110.0,26.2,0.7
38990.0,3.88,49.9,1.04,110.5,26.0,0.7
38995.0,3.88,50.3,1.04,110.5,26.0,0.7
39000.0,3.88,50.0,1.04,109.5,26.3,0.7
39005.0,3.88,50.2,1.03,109.0,26.0,0.7
39010.0,3.88,50.0,1.05,111.0,26.2,0.7
39015.0,3.88,50.4,1.03,110.5,26.3,0.7
39020.0,3.88,50.2,1.05,110.5,26.5,0.7
39025.0,3.88,49.7,1.03,109.5,26.0,0.7
39030.0,3.88,50.5,1.05,111.0,26.5,0.7
39035.0,3.88,49.9,1.05,111.0,25.9,0.7
39040.0,3.88,50.2,1.04,108.0,26.1,0.7
39045.0,3.88,50.0,1.05,110.0,26.3,0.7
39050.0,3.88,50.0,1.06,110.0,26.5,0.7
39055.0,3.88,49.6,1.05,111.0,26.1,0.7
39060.0,3.88,50.3,1.05,111.5,26.1,0.7
39065.0,3.88,49.9,1.05,110.0,26.1,0.8
39070.0,3.88,50.2,1.03,110.0,26.5,0.8
39075.0,3.88,49.9,1.04,109.5,26.1,0.8
39080.0,3.88,49.9,1.05,112.0,26.4,0.8
39085.0,3.88,50.4,1.05,110.5,26.3,0.8
39090.0,3.88,50.2,1.05,110.0,25.9,0.8
39095.0,3.88,50.3,1.04,110.0,26.3,0.9
39100.0,3.88,49.6,1.04,110.0,25.7,0.9
39105.0,3.88,49.9,1.04,110.0,26.3,0.9
39110.0,3.88,50.1,1.05,110.0,26.2,0.9
39115.0,3.88,49.9,1.03,108.5,26.4,0.9
39120.0,3.88,50.0,1.04,111.5,26.2,0.9
39125.0,3.88,49.8,1.05,110.0,26.4,0.9
39130.0,3.88,50.0,1.04,110.0,26.0,0.9
39135.0,3.88,50.4,1.03,109.0,26.7,0.9
39140.0,3.88,49.6,1.06,110.5,25.8,0.9
39145.0,3.88,49.9,1.06,110.0,26.5,0.9
39150.0,3.88,50.1,1.05,110.0,25.9,0.9
39155.0,3.88,50.1,1.04,109.5,26.5,0.9
39160.0,3.88,50.1,1.04,110.0,26.4,0.9
39165.0,3.88,50.4,1.05,111.5,26.1,1.0
39170.0,3.88,50.5,1.03,110.0,26.2,1.0
39175.0,3.88,50.0,1.03,110.0,26.3,0.9
39180.0,3.88,50.0,1.04,109.5,26.1,0.9
39185.0,3.88,50.3,1.04,109.5,26.3,0.9
39190.0,3.88,50.2,1.03,109.5,26.3,0.9
39195.0,3.88,50.1,1.05,110.5,26.3,0.9
39200.0,3.88,50.1,1.05,110.0,26.5,0.9
39205.0,3.88,49.5,1.05,110.0,26.1,0.9
39210.0,3.88,49.6,1.07,110.5,26.1,0.9
39215.0,3.88,50.2,1.06,111.5,26.4,0.9
39220.0,3.88,50.0,1.06,111.5,25.6,0.9
39225.0,3.88,49.9,1.06,110.0,26.6,1.0
39230.0,3.88,50.4,1.04,109.5,26.1,1.0
39235.0,3.88,50.2,1.05,109.5,26.3,1.0
39240.0,3.88,49.6,1.04,109.5,26.2,1.0
39245.0,3.88,50.2,1.04,109.5,25.4,1.0
39250.0,3.88,49.6,1.04,111.0,26.1,1.0
39255.0,3.88,49.9,1.05,110.5,26.4,1.0
39260.0,3.88,49.9,1.05,110.0,26.1,1.0
39265.0,3.88,50.1,1.05,110.0,25.6,1.1
39270.0,3.88,49.9,1.03,109.0,25.8,1.1
39275.0,3.88,50.0,1.06,111.0,25.9,1.1
39280.0,3.88,50.3,1.07,111.5,26.2,1.1
39285.0,3.88,49.8,1.04,110.0,26.2,1.2
39290.0,3.88,50.3,1.02,110.0,26.4,1.2
39295.0,3.88,49.8,1.03,110.0,26.3,1.2
39300.0,3.88,50.0,1.06,111.5,26.2,1.2
39305.0,3.88,50.2,1.05,110.5,26.1,1.2
39310.0,3.88,50.3,1.04,111.0,26.2,1.3
39315.0,3.88,50.1,1.03,110.0,25.9,1.3
39320.0,3.88,50.2,1.03,110.5,26.4,1.3
39325.0,3.88,50.6,1.04,110.0,26.3,1.3
39330.0,3.88,50.5,1.05,110.0,26.1,1.4
39335.0,3.88,49.4,1.05,111.0,26.5,1.4
39340.0,3.88,49.9,1.03,110.0,26.3,1.4
39345.0,3.88,50.5,1.03,108.0,26.6,1.4
39350.0,3.88,50.0,1.05,109.0,26.1,1.5
39355.0,3.88,50.1,1.05,111.0,26.2,1.5
39360.0,3.88,50.0,1.03,110.0,26.1,1.5
39365.0,3.88,50.0,1.06,110.5,26.2,1.5
39370.0,3.88,50.4,1.03,109.0,26.1,1.5
39375.0,3.88,49.9,1.05,109.0,25.8,1.5
39380.0,3.88,50.0,1.04,110.0,26.0,1.6
39385.0,3.88,49.3,1.06,110.5,26.2,1.6
39390.0,3.88,50.2,1.04,110.5,25.8,1.6
39395.0,3.88,49.7,1.03,110.5,26.3,1.6
39400.0,3.88,49.6,1.03,108.0,25.9,1.6
39405.0,3.88,49.7,1.04,109.0,26.2,1.6
39410.0,3.88,49.9,1.03,109.5,26.1,1.7
39415.0,3.88,49.7,1.03,109.5,26.3,1.7
39420.0,3.88,49.8,1.04,110.0,25.7,1.7
39425.0,3.88,49.9,1.05,110.0,26.0,1.7
39430.0,3.88,49.7,1.05,109.5,25.5,1.7
39435.0,3.88,50.1,1.05,111.0,26.3,1.7
39440.0,3.88,50.1,1.06,111.0,26.1,1.8
39445.0,3.88,50.3,1.04,109.5,25.9,1.8
39450.0,3.88,50.4,1.06,111.0,25.9,1.8
39455.0,3.88,49.5,1.04,109.0,26.3,1.8
39460.0,3.88,50.2,1.03,108.5,26.0,1.8
39465.0,3.88,49.6,1.08,111.0,26.1,1.8
39470.0,3.88,50.3,1.04,108.5,26.0,1.8
39475.0,3.88,50.1,1.05,110.0,26.0,1.8
39480.0,3.88,49.8,1.03,110.0,25.9,1.9
39485.0,3.88,50.0,1.06,110.0,26.4,1.9
39490.0,3.88,50.3,1.06,110.5,26.2,1.9
39495.0,3.88,49.7,1.04,110.0,25.8,1.9
39500.0,3.88,50.0,1.03,110.5,25.9,2.0
39505.0,3.88,49.9,1.03,110.0,26.2,2.0
39510.0,3.88,49.5,1.04,109.5,25.7,2.1
39515.0,3.88,49.0,1.04,111.0,25.7,2.1
39520.0,3.88,50.2,1.04,109.5,26.1,2.1
39525.0,3.88,50.2,1.03,108.5,25.8,2.2
39530.0,3.88,49.9,1.01,109.0,25.9,2.2
39535.0,3.88,50.5,1.05,111.0,26.2,2.2
39540.0,3.88,50.0,1.04,110.0,25.7,2.2
39545.0,3.88,49.9,1.04,110.5,25.7,2.2
39550.0,3.88,50.0,1.04,110.5,26.0,2.2
39555.0,3.88,50.1,1.04,110.0,26.1,2.3
39560.0,3.88,50.5,1.06,111.0,26.0,2.3
39565.0,3.88,49.7,1.03,109.0,25.9,2.3
39570.0,3.88,49.9,1.07,110.0,25.9,2.3
39575.0,3.88,50.2,1.05,111.0,25.8,2.4
39580.0,3.88,49.9,1.06,109.0,25.7,2.4
39585.0,3.88,50.3,1.06,111.5,26.3,2.4
39590.0,3.88,49.7,1.06,110.0,25.9,2.5
39595.0,3.88,50.7,1.04,109.0,25.7,2.5
39600.0,3.88,50.2,1.04,111.0,25.8,2.5
39605.0,3.88,50.1,1.02,109.5,26.3,2.6
39610.0,3.88,49.9,1.05,110.5,25.8,2.6
39615.0,3.88,50.5,1.04,111.5,26.2,2.6
39620.0,3.88,50.2,1.03,109.5,25.6,2.7
39625.0,3.88,50.1,1.02,108.5,26.5,2.7
39630.0,3.88,50.3,1.05,110.0,26.3,2.7
39635.0,3.88,50.2,1.04,109.5,25.6,2.8
39640.0,3.88,50.3,1.05,109.5,25.7,2.8
39645.0,3.88,50.0,1.05,110.5,26.0,2.8
39650.0,3.88,49.8,1.05,109.5,25.5,2.8
39655.0,3.88,50.4,1.03,109.0,26.2,2.8
39660.0,3.88,50.0,1.02,109.5,26.2,2.9
39665.0,3.88,50.0,1.05,110.5,26.1,2.9
39670.0,3.88,49.9,1.03,110.0,26.0,2.9
39675.0,3.88,50.6,1.05,111.0,26.1,3.0
39680.0,3.88,50.1,1.03,108.0,26.1,3.0
39685.0,3.88,49.9,1.04,108.5,26.0,3.0
39690.0,3.88,50.5,1.03,110.5,26.0,3.1
39695.0,3.88,49.6,1.05,110.0,26.2,3.1
39700.0,3.88,49.7,1.06,109.5,25.9,3.1
39705.0,3.88,49.8,1.05,110.5,25.9,3.1
39710.0,3.88,50.3,1.03,110.0,26.2,3.1
39715.0,3.88,49.8,1.03,110.5,25.9,3.2
39720.0,3.88,49.8,1.05,110.0,25.6,3.2
39725.0,3.88,50.0,1.06,111.0,25.7,3.2
39730.0,3.88,49.9,1.04,109.0,26.3,3.2
39735.0,3.88,50.2,1.03,110.0,25.7,3.2
39740.0,3.88,49.7,1.04,109.5,25.8,3.3
39745.0,3.88,49.9,1.02,109.0,25.8,3.3
39750.0,3.88,50.1,1.03,109.0,26.0,3.3
39755.0,3.88,49.9,1.05,109.0,25.9,3.4
39760.0,3.88,49.9,1.03,110.5,26.6,3.4
39765.0,3.88,49.9,1.05,111.0,25.8,3.4
39770.0,3.88,49.1,1.06,109.5,25.9,3.4
39775.0,3.88,49.9,1.02,108.0,26.3,3.5
39780.0,3.88,50.4,1.03,109.0,25.7,3.5
39785.0,3.88,50.0,1.06,111.0,25.8,3.5
39790.0,3.88,49.4,1.03,109.0,25.9,3.5
39795.0,3.88,49.3,1.04,110.0,26.3,3.6
39800.0,3.88,50.3,1.03,109.0,26.1,3.6
39805.0,3.88,49.3,1.06,110.5,25.6,3.6
39810.0,3.88,49.9,1.04,109.5,26.2,3.7
39815.0,3.88,49.7,1.05,109.5,25.8,3.6
39820.0,3.88,49.5,1.04,112.0,26.0,3.7
39825.0,3.88,49.8,1.02,110.0,26.0,3.7
39830.0,3.88,49.8,1.04,109.0,25.8,3.7
39835.0,3.88,49.8,1.05,110.0,26.0,3.8
39840.0,3.88,50.0,1.03,110.5,25.6,3.8
39845.0,3.88,49.9,1.05,111.0,25.8,3.7
39850.0,3.88,50.5,1.05,110.0,25.9,3.7
39855.0,3.88,50.2,1.04,110.5,26.1,3.7
39860.0,3.88,49.6,1.04,109.0,25.9,3.7
39865.0,3.88,50.1,1.01,109.5,26.0,3.6
39870.0,3.88,49.8,1.04,110.5,25.8,3.7
39875.0,3.88,50.0,1.05,110.0,26.0,3.6
39880.0,3.88,50.6,1.04,109.5,26.2,3.6
39885.0,3.88,49.7,1.05,110.5,25.9,3.6
39890.0,3.88,49.3,1.05,110.0,25.7,3.5
39895.0,3.88,49.6,1.05,108.5,26.1,3.5
39900.0,3.88,50.5,1.04,110.5,25.5,3.5
39905.0,3.88,49.9,1.04,108.5,26.6,3.5
39910.0,3.88,49.6,1.04,109.0,26.1,3.6
39915.0,3.88,50.4,1.04,109.5,26.3,3.5
39920.0,3.88,50.0,1.04,109.5,26.0,3.5
39925.0,3.88,50.1,1.03,109.0,26.1,3.5
39930.0,3.88,50.2,1.07,111.5,26.1,3.5
39935.0,3.88,49.4,1.02,109.0,26.1,3.5
39940.0,3.88,50.1,1.03,110.0,26.4,3.5
39945.0,3.88,50.1,1.06,110.5,26.2,3.4
39950.0,3.88,49.9,1.05,109.5,26.1,3.4
39955.0,3.88,49.8,1.06,108.5,26.0,3.4
39960.0,3.88,50.0,1.02,108.5,25.9,3.3
39965.0,3.88,50.0,1.04,109.5,25.9,3.3
39970.0,3.88,50.0,1.05,110.0,26.1,3.3
39975.0,3.88,49.7,1.01,109.0,26.2,3.3
39980.0,3.88,50.4,1.04,110.0,26.3,3.3
39985.0,3.88,50.0,1.05,110.0,25.8,3.3
39990.0,3.88,50.0,1.07,110.5,26.1,3.3
39995.0,3.88,50.0,1.03,109.0,26.0,3.2
40000.0,3.88,50.0,1.04,109.0,26.0,3.2
40005.0,3.88,50.0,1.03,109.5,26.4,3.2
40010.0,3.88,50.0,1.04,109.5,25.8,3.2
40015.0,3.88,50.0,1.05,110.5,26.2,3.2
40020.0,3.88,50.1,1.03,110.0,26.4,3.2
40025.0,3.88,49.9,1.04,111.5,26.0,3.2
40030.0,3.88,49.4,1.06,111.0,26.1,3.2
40035.0,3.88,49.4,1.07,111.5,26.4,3.2
40040.0,3.88,50.3,1.03,110.5,26.6,3.2
40045.0,3.88,49.7,1.05,110.0,25.6,3.2
40050.0,3.88,49.8,1.04,110.0,25.9,3.2
40055.0,3.88,50.0,1.05,110.0,25.9,3.1
40060.0,3.88,49.7,1.03,110.0,25.9,3.1
40065.0,3.88,50.2,1.05,109.0,26.4,3.1
40070.0,3.88,49.8,1.03,109.0,26.3,3.1
40075.0,3.88,50.4,1.05,110.0,26.1,3.1
40080.0,3.88,49.8,1.05,110.0,26.2,3.1
40085.0,3.88,50.2,1.05,111.5,25.5,3.1
40090.0,3.88,50.0,1.06,110.0,26.5,3.1
40095.0,3.88,50.2,1.04,109.0,26.1,3.0
40100.0,3.88,50.4,1.02,109.5,26.2,3.0
40105.0,3.88,49.7,1.04,110.0,26.3,3.0
40110.0,3.88,50.1,1.05,112.0,26.4,3.0
40115.0,3.88,50.4,1.03,109.5,26.4,3.0
40120.0,3.88,50.1,1.04,110.0,26.5,2.9
40125.0,3.88,49.9,1.02,108.5,26.0,2.9
40130.0,3.88,50.2,1.03,108.5,25.8,2.9
40135.0,3.88,49.9,1.05,111.5,26.1,2.8
40140.0,3.88,49.8,1.04,110.5,26.5,2.9
40145.0,3.88,49.5,1.03,110.5,26.1,2.9
40150.0,3.88,50.0,1.06,110.0,26.2,2.8
40155.0,3.88,50.0,1.03,110.5,26.5,2.8
40160.0,3.88,50.2,1.05,110.5,26.3,2.8
40165.0,3.88,49.1,1.04,110.0,26.5,2.8
40170.0,3.88,50.6,1.05,109.5,26.2,2.7
40175.0,3.88,49.9,1.03,110.5,26.1,2.7
40180.0,3.88,50.1,1.04,110.5,26.0,2.7
40185.0,3.88,50.1,1.05,110.5,26.3,2.7
40190.0,3.88,50.2,1.04,110.0,26.0,2.7
40195.0,3.88,49.6,1.03,109.5,26.3,2.6
40200.0,3.88,49.9,1.05,110.5,26.4,2.6
40205.0,3.88,49.6,1.04,109.5,26.2,2.6
40210.0,3.88,49.8,1.04,109.5,26.5,2.6
40215.0,3.88,50.0,1.03,109.0,26.4,2.6
40220.0,3.88,49.8,1.05,109.5,26.2,2.6
40225.0,3.88,50.2,1.04,109.0,26.3,2.6
40230.0,3.88,49.8,1.03,108.5,25.9,2.6
40235.0,3.88,50.1,1.05,111.0,26.5,2.6
40240.0,3.88,50.1,1.04,109.0,26.0,2.6
40245.0,3.88,49.9,1.05,109.0,26.7,2.6
40250.0,3.88,49.3,1.04,109.5,26.3,2.5
40255.0,3.88,50.1,1.02,110.0,26.8,2.5
40260.0,3.88,50.1,1.04,111.0,26.4,2.6
40265.0,3.88,50.2,1.05,111.0,26.3,2.5
40270.0,3.88,49.5,1.02,108.0,26.3,2.5
40275.0,3.88,49.8,1.04,110.5,26.2,2.5
40280.0,3.88,50.5,1.06,110.0,26.6,2.4
40285.0,3.88,49.9,1.03,109.0,26.4,2.4
40290.0,3.88,50.4,1.04,109.5,26.3,2.4
40295.0,3.88,49.7,1.04,111.0,26.5,2.4
40300.0,3.88,49.9,1.04,110.0,26.7,2.4
40305.0,3.88,50.4,1.06,110.0,26.6,2.3
40310.0,3.88,50.0,1.05,110.0,26.8,2.3
40315.0,3.88,49.5,1.04,110.0,26.2,2.3
40320.0,3.88,50.1,1.04,110.0,26.6,2.3
40325.0,3.88,49.9,1.04,110.5,26.4,2.3
40330.0,3.88,49.7,1.04,109.5,26.4,2.2
40335.0,3.88,50.0,1.03,110.5,27.0,2.2
40340.0,3.88,49.9,1.04,109.0,26.3,2.2
40345.0,3.88,50.5,1.04,111.5,26.6,2.2
40350.0,3.88,49.9,1.05,110.5,26.8,2.2
40355.0,3.88,50.4,1.04,110.0,26.8,2.2
40360.0,3.88,49.4,1.04,110.5,27.1,2.2
40365.0,3.88,49.9,1.05,109.5,26.9,2.2
40370.0,3.88,49.8,1.04,110.0,26.6,2.2
40375.0,3.88,50.4,1.04,110.0,27.0,2.2
40380.0,3.88,50.5,1.04,109.5,26.4,2.2
40385.0,3.88,50.3,1.04,109.5,27.0,2.2
40390.0,3.88,49.6,1.04,109.5,27.1,2.2
40395.0,3.88,49.9,1.04,109.5,26.6,2.2
40400.0,3.88,50.2,1.06,109.5,26.5,2.2
40405.0,3.88,50.2,1.02,108.5,26.5,2.2
40410.0,3.88,50.1,1.04,109.0,27.2,2.2
40415.0,3.88,49.7,1.04,111.0,26.4,2.2
40420.0,3.88,50.2,1.06,111.0,26.5,2.2
40425.0,3.88,49.9,1.04,110.0,26.8,2.2
40430.0,3.88,50.4,1.07,109.5,26.8,2.2
40435.0,3.88,50.3,1.06,112.0,26.8,2.2
40440.0,3.88,50.1,1.04,110.0,27.4,2.2
40445.0,3.88,49.6,1.04,112.0,27.1,2.2
40450.0,3.88,50.0,1.02,109.5,26.8,2.2
40455.0,3.88,49.9,1.04,110.0,26.7,2.2
40460.0,3.88,50.4,1.03,111.5,26.9,2.2
40465.0,3.88,49.8,1.03,108.5,27.2,2.2
40470.0,3.88,49.5,1.04,109.5,27.1,2.2
40475.0,3.88,49.9,1.04,110.5,27.2,2.2
40480.0,3.88,49.4,1.03,109.5,27.3,2.1
40485.0,3.88,49.9,1.03,110.0,26.8,2.1
40490.0,3.88,50.1,1.04,109.5,27.1,2.1
40495.0,3.88,50.0,1.06,110.0,27.3,2.2
40500.0,3.88,50.2,1.04,110.5,27.2,2.2
40505.0,3.88,49.9,1.05,111.0,27.3,2.1
40510.0,3.88,50.3,1.04,110.0,27.3,2.2
40515.0,3.88,50.3,1.06,110.0,26.7,2.2
40520.0,3.88,49.7,1.04,111.0,27.2,2.1
40525.0,3.88,50.3,1.04,110.5,27.0,2.1
40530.0,3.88,49.5,1.05,111.5,27.2,2.1
40535.0,3.88,50.1,1.04,110.5,26.9,2.1
40540.0,3.88,50.1,1.03,111.5,27.1,2.2
40545.0,3.88,49.9,1.03,110.0,27.2,2.1
40550.0,3.88,50.0,1.05,110.5,27.4,2.2
40555.0,3.88,49.9,1.05,109.5,27.1,2.2
40560.0,3.88,49.7,1.04,109.0,27.6,2.2
40565.0,3.88,50.6,1.06,110.0,26.9,2.1
40570.0,3.88,50.1,1.04,110.5,27.4,2.1
40575.0,3.88,50.5,1.04,109.5,27.2,2.1
40580.0,3.88,49.8,1.05,111.0,27.0,2.1
40585.0,3.88,50.3,1.04,111.0,27.4,2.1
40590.0,3.88,49.9,1.03,110.0,27.5,2.1
40595.0,3.88,49.9,1.05,110.0,27.6,2.1
40600.0,3.88,49.8,1.04,109.5,27.1,2.1
40605.0,3.88,50.0,1.04,110.5,27.3,2.1
40610.0,3.88,49.5,1.04,111.0,27.6,2.1
40615.0,3.88,49.9,1.06,110.5,27.4,2.1
40620.0,3.88,49.7,1.04,108.0,27.6,2.2
40625.0,3.88,50.1,1.02,109.0,27.4,2.1
40630.0,3.88,50.3,1.06,110.5,27.3,2.1
40635.0,3.88,50.4,1.02,110.5,26.9,2.1
40640.0,3.88,50.5,1.04,110.5,27.7,2.1
40645.0,3.88,50.2,1.04,109.0,27.7,2.1
40650.0,3.88,50.2,1.04,110.5,27.1,2.1
40655.0,3.88,50.2,1.07,111.0,27.5,2.1
40660.0,3.88,50.3,1.02,108.5,27.7,2.1
40665.0,3.88,50.0,1.05,110.0,27.7,2.0
40670.0,3.88,50.1,1.05,111.0,27.5,2.0
40675.0,3.88,50.0,1.05,110.5,27.9,2.0
40680.0,3.88,50.3,1.03,110.0,27.4,2.0
40685.0,3.88,49.7,1.05,110.5,27.4,2.0
40690.0,3.88,49.7,1.04,110.5,27.8,2.1
40695.0,3.88,50.1,1.05,109.5,27.9,2.0
40700.0,3.88,50.4,1.05,109.5,27.9,2.0
40705.0,3.88,50.1,1.04,110.5,27.7,2.1
40710.0,3.88,49.5,1.05,110.0,28.0,2.1
40715.0,3.88,49.6,1.03,109.5,27.4,2.1
40720.0,3.88,49.8,1.04,110.5,27.8,2.1
40725.0,3.88,50.0,1.02,109.5,27.5,2.0
40730.0,3.88,50.5,1.04,110.5,27.5,2.0
40735.0,3.88,50.1,1.03,107.5,27.8,2.0
40740.0,3.88,49.7,1.04,111.0,27.9,2.0
40745.0,3.88,50.1,1.04,110.0,27.9,2.0
40750.0,3.88,49.7,1.04,110.0,28.3,2.0
40755.0,3.88,50.0,1.05,111.5,27.7,2.1
40760.0,3.88,49.8,1.08,111.5,27.7,2.1
40765.0,3.88,50.1,1.02,110.0,27.6,2.1
40770.0,3.88,50.0,1.05,111.0,28.0,2.1
40775.0,3.88,49.6,1.02,108.0,28.3,2.0
40780.0,3.88,50.0,1.05,109.5,28.0,2.0
40785.0,3.88,49.9,1.05,109.5,27.6,2.0
40790.0,3.88,50.4,1.04,110.5,28.1,2.0
40795.0,3.88,50.0,1.05,108.5,28.3,2.0
40800.0,3.88,50.0,1.06,110.0,27.7,2.0
40805.0,3.88,49.8,1.05,110.5,28.1,2.0
40810.0,3.88,49.8,1.03,109.0,27.9,2.0
40815.0,3.88,49.8,1.02,109.0,28.4,2.0
40820.0,3.88,50.2,1.05,111.0,28.0,2.0
40825.0,3.88,49.6,1.04,110.0,28.2,2.0
40830.0,3.88,49.7,1.03,109.5,28.2,2.0
40835.0,3.88,49.8,1.04,110.5,28.0,2.0
40840.0,3.88,49.6,1.05,111.0,28.0,2.0
40845.0,3.88,50.4,1.04,110.0,27.9,2.0
40850.0,3.88,50.1,1.02,109.5,27.9,2.0
40855.0,3.88,50.2,1.05,109.5,28.3,2.0
40860.0,3.88,49.8,1.05,109.5,28.4,2.0
40865.0,3.88,49.7,1.05,111.0,27.8,2.0
40870.0,3.88,49.7,1.02,109.0,28.0,2.0
40875.0,3.88,49.7,1.03,111.0,28.2,2.0
40880.0,3.88,49.8,1.04,110.5,28.3,2.0
40885.0,3.88,49.9,1.04,110.0,28.1,2.0
40890.0,3.88,50.2,1.02,109.0,28.4,2.0
40895.0,3.88,50.0,1.05,110.5,28.2,2.0
40900.0,3.88,50.4,1.05,110.5,28.6,2.0
40905.0,3.88,49.5,1.04,110.5,28.5,2.0
40910.0,3.88,49.7,1.05,111.0,28.5,2.0
40915.0,3.88,50.0,1.05,110.5,28.5,2.0
40920.0,3.88,50.1,1.06,110.5,28.7,2.0
40925.0,3.88,50.2,1.05,110.5,28.3,1.9
40930.0,3.88,50.0,1.05,111.0,28.4,1.9
40935.0,3.88,49.6,1.06,110.0,28.8,2.0
40940.0,3.88,50.2,1.04,110.0,28.3,2.0
40945.0,3.88,50.2,1.06,110.0,28.9,2.0
40950.0,3.88,49.6,1.05,109.5,28.4,1.9
40955.0,3.88,50.2,1.04,109.5,28.4,2.0
40960.0,3.88,49.6,1.05,110.0,28.4,1.9
40965.0,3.88,50.3,1.07,112.5,28.2,1.9
40970.0,3.88,50.0,1.03,109.5,28.5,1.9
40975.0,3.88,50.2,1.03,110.5,28.7,1.9
40980.0,3.88,50.5,1.02,110.0,28.7,1.9
40985.0,3.88,49.4,1.06,111.0,28.5,1.9
40990.0,3.88,50.3,1.03,109.5,28.1,1.9
40995.0,3.88,50.4,1.05,110.5,28.6,1.9
41000.0,3.88,49.7,1.05,111.0,28.7,1.8
41005.0,3.88,50.6,1.04,109.5,29.0,1.9
41010.0,3.88,49.9,1.05,110.5,28.8,1.9
41015.0,3.88,50.0,1.05,110.0,28.6,1.8
41020.0,3.88,50.3,1.04,109.0,29.4,1.8
41025.0,3.88,50.3,1.05,111.0,29.2,1.8
41030.0,3.88,50.1,1.02,109.5,28.4,1.8
41035.0,3.88,50.2,1.03,110.0,29.2,1.8
41040.0,3.88,49.5,1.06,111.5,28.9,1.8
41045.0,3.88,49.6,1.04,110.0,28.5,1.8
41050.0,3.88,49.4,1.05,110.0,29.3,1.8
41055.0,3.88,49.8,1.06,111.5,28.9,1.8
41060.0,3.88,50.7,1.01,108.5,28.6,1.8
41065.0,3.88,49.5,1.04,110.0,29.0,1.8
41070.0,3.88,50.3,1.04,110.0,29.0,1.8
41075.0,3.88,49.8,1.05,110.0,28.8,1.8
41080.0,3.88,50.1,1.05,109.0,29.2,1.8
41085.0,3.88,50.1,1.04,109.5,28.9,1.8
41090.0,3.88,50.5,1.05,110.0,28.9,1.8
41095.0,3.88,50.0,1.03,109.0,29.5,1.7
41100.0,3.88,49.6,1.03,110.5,29.3,1.7
41105.0,3.88,49.9,1.03,109.5,29.3,1.7
41110.0,3.88,50.3,1.03,110.5,29.2,1.7
41115.0,3.88,49.7,1.04,110.0,29.0,1.7
41120.0,3.88,50.3,1.05,111.0,29.6,1.7
41125.0,3.88,49.8,1.06,110.0,29.4,1.7
41130.0,3.88,49.8,1.03,110.5,29.5,1.7
41135.0,3.88,50.2,1.06,111.5,29.4,1.7
41140.0,3.88,50.4,1.05,111.0,28.8,1.7
41145.0,3.88,50.4,1.02,108.0,29.5,1.7
41150.0,3.88,49.9,1.05,109.0,29.0,1.7
41155.0,3.88,49.4,1.02,109.5,29.3,1.7
41160.0,3.88,48.8,1.04,109.5,29.2,1.6
41165.0,3.88,50.0,1.06,111.5,29.7,1.6
41170.0,3.88,50.1,1.04,110.0,29.6,1.6
41175.0,3.88,50.1,1.04,110.0,29.4,1.6
41180.0,3.88,50.0,1.04,109.5,29.4,1.6
41185.0,3.88,50.0,1.05,110.0,29.7,1.6
41190.0,3.88,50.2,1.02,109.0,29.4,1.6
41195.0,3.88,49.8,1.06,110.5,29.8,1.6
41200.0,3.88,50.0,1.04,109.5,29.8,1.6
41205.0,3.88,49.4,1.05,110.0,29.6,1.6
41210.0,3.88,50.2,1.04,110.0,29.7,1.6
41215.0,3.88,50.1,1.05,110.0,29.5,1.6
41220.0,3.88,50.1,1.03,109.5,29.0,1.6
41225.0,3.88,50.0,1.04,110.0,29.9,1.6
41230.0,3.88,50.0,1.03,110.0,29.4,1.6
41235.0,3.88,49.8,1.02,110.0,29.7,1.6
41240.0,3.88,50.1,1.05,110.0,30.2,1.6
41245.0,3.88,50.3,1.05,110.0,29.6,1.6
41250.0,3.88,50.4,1.03,110.0,29.3,1.6
41255.0,3.88,50.4,1.05,109.5,29.8,1.6
41260.0,3.88,50.3,1.04,110.5,29.7,1.5
41265.0,3.88,49.9,1.07,111.0,29.2,1.5
41270.0,3.88,50.0,1.05,110.5,30.0,1.6
41275.0,3.88,49.8,1.07,111.5,29.7,1.5
41280.0,3.88,49.8,1.06,110.0,29.8,1.5
41285.0,3.88,50.1,1.05,111.0,29.7,1.5
41290.0,3.88,50.2,1.04,111.0,29.6,1.5
41295.0,3.88,49.8,1.04,111.0,29.7,1.6
41300.0,3.88,50.0,1.06,110.0,30.0,1.6
41305.0,3.88,49.6,1.03,109.0,29.7,1.6
41310.0,3.88,50.2,1.03,109.5,30.1,1.5
41315.0,3.88,50.0,1.04,110.5,29.8,1.5
41320.0,3.88,50.4,1.06,109.5,29.7,1.5
41325.0,3.88,50.2,1.06,111.5,30.1,1.5
41330.0,3.88,50.0,1.03,109.5,29.7,1.5
41335.0,3.88,50.5,1.06,110.5,29.7,1.5
41340.0,3.88,50.0,1.05,109.5,29.6,1.5
41345.0,3.88,50.0,1.04,110.5,30.1,1.4
41350.0,3.88,50.4,1.03,109.0,30.0,1.4
41355.0,3.88,49.8,1.05,109.5,30.0,1.4
41360.0,3.88,50.0,1.05,110.0,29.7,1.4
41365.0,3.88,50.6,1.06,111.0,30.6,1.4
41370.0,3.88,50.1,1.04,109.5,30.0,1.4
41375.0,3.88,50.1,1.04,110.5,30.0,1.4
41380.0,3.88,50.1,1.03,109.0,29.6,1.4
41385.0,3.88,50.0,1.02,109.0,30.0,1.4
41390.0,3.88,49.9,1.04,111.0,30.2,1.4
41395.0,3.88,49.7,1.04,109.0,30.6,1.5
41400.0,3.88,49.7,1.04,110.5,30.5,1.4
41405.0,3.88,49.9,1.05,110.0,30.1,1.5
41410.0,3.88,50.4,1.05,110.0,30.8,1.5
41415.0,3.88,49.9,1.03,109.0,30.1,1.5
41420.0,3.88,49.8,1.05,110.5,30.3,1.5
41425.0,3.88,49.5,1.04,111.0,30.5,1.5
41430.0,3.88,49.9,1.06,110.0,30.6,1.5
41435.0,3.88,49.8,1.05,109.5,30.2,1.5
41440.0,3.88,50.0,1.04,110.0,30.1,1.5
41445.0,3.88,49.9,1.05,110.5,30.2,1.5
41450.0,3.88,50.4,1.03,110.0,30.6,1.5
41455.0,3.88,50.2,1.03,110.5,30.4,1.6
41460.0,3.88,50.0,1.05,111.0,30.6,1.6
41465.0,3.88,50.1,1.04,110.0,30.3,1.6
41470.0,3.88,50.0,1.07,110.0,30.6,1.6
41475.0,3.88,50.0,1.06,111.0,30.5,1.6
41480.0,3.88,50.3,1.04,110.0,30.3,1.6
41485.0,3.88,50.6,1.04,110.0,30.1,1.6
41490.0,3.88,50.0,1.05,110.5,30.5,1.7
41495.0,3.88,50.2,1.04,110.0,30.6,1.7
41500.0,3.88,50.3,1.05,110.5,30.8,1.7
41505.0,3.88,50.1,1.03,110.5,30.7,1.7
41510.0,3.88,49.7,1.06,110.0,30.7,1.7
41515.0,3.88,50.5,1.06,109.5,30.3,1.7
41520.0,3.88,49.7,1.02,109.5,30.3,1.7
41525.0,3.88,50.2,1.03,110.0,30.6,1.8
41530.0,3.88,50.0,1.04,109.5,30.5,1.8
41535.0,3.88,50.6,1.03,109.5,29.8,1.8
41540.0,3.88,50.3,1.05,109.5,30.4,1.8
41545.0,3.88,50.2,1.04,111.0,30.8,1.8
41550.0,3.88,50.1,1.03,109.5,30.4,1.9
41555.0,3.88,49.9,1.06,111.5,30.8,1.9
41560.0,3.88,49.6,1.05,109.5,30.7,1.9
41565.0,3.88,50.0,1.04,110.5,30.2,1.9
41570.0,3.88,49.3,1.05,110.0,30.4,1.9
41575.0,3.88,50.1,1.04,110.0,30.5,1.9
41580.0,3.88,50.0,1.03,110.5,30.3,1.9
41585.0,3.88,49.7,1.03,109.0,30.5,2.0
41590.0,3.88,49.8,1.04,109.5,30.5,2.0
41595.0,3.88,50.4,1.03,110.0,31.3,2.0
41600.0,3.88,49.8,1.03,109.0,31.1,2.1
41605.0,3.88,50.8,1.05,110.0,31.0,2.1
41610.0,3.88,50.0,1.03,110.5,30.8,2.1
41615.0,3.88,49.7,1.06,110.0,30.5,2.1
41620.0,3.88,49.6,1.01,109.5,30.4,2.1
41625.0,3.88,49.6,1.04,109.5,31.1,2.1
41630.0,3.88,50.3,1.03,108.5,30.9,2.1
41635.0,3.88,49.9,1.04,109.0,30.9,2.1
41640.0,3.88,49.6,1.05,110.5,30.4,2.1
41645.0,3.88,50.0,1.05,111.0,30.7,2.2
41650.0,3.88,50.1,1.06,110.0,30.9,2.2
41655.0,3.88,49.5,1.03,108.5,31.0,2.2
41660.0,3.88,50.1,1.05,110.0,30.6,2.2
41665.0,3.88,50.6,1.02,110.0,31.3,2.3
41670.0,3.88,49.4,1.05,110.0,30.5,2.2
41675.0,3.88,50.0,1.05,111.0,30.3,2.3
41680.0,3.88,49.9,1.03,109.5,30.4,2.3
41685.0,3.88,50.1,1.03,110.0,30.8,2.3
41690.0,3.88,49.8,1.05,110.0,31.0,2.3
41695.0,3.88,49.8,1.04,109.0,30.8,2.3
41700.0,3.88,50.1,1.02,109.5,31.0,2.3
41705.0,3.88,49.8,1.04,108.0,30.8,2.3
41710.0,3.88,50.2,1.05,110.0,30.4,2.3
41715.0,3.88,49.8,1.03,110.5,31.0,2.4
41720.0,3.88,49.7,1.03,109.5,31.1,2.4
41725.0,3.88,49.9,1.05,109.5,31.1,2.5
41730.0,3.88,50.4,1.03,109.5,31.1,2.5
41735.0,3.88,50.6,1.05,110.0,30.8,2.5
41740.0,3.88,49.9,1.06,110.5,31.0,2.6
41745.0,3.88,50.0,1.03,110.0,31.1,2.6
41750.0,3.88,50.1,1.05,111.5,30.6,2.6
41755.0,3.88,50.2,1.04,110.5,30.9,2.6
41760.0,3.88,49.5,1.02,109.0,30.4,2.6
41765.0,3.88,50.0,1.01,109.0,31.1,2.7
41770.0,3.88,49.8,1.02,110.0,31.3,2.7
41775.0,3.88,49.9,1.04,108.5,31.0,2.7
41780.0,3.88,49.8,1.06,111.5,31.0,2.7
41785.0,3.88,50.1,1.04,109.5,30.6,2.7
41790.0,3.88,49.7,1.05,109.5,30.9,2.7
41795.0,3.88,49.6,1.06,111.0,31.1,2.7
41800.0,3.88,49.7,1.05,111.0,30.8,2.7
41805.0,3.88,50.3,1.05,109.5,31.3,2.7
41810.0,3.88,50.1,1.04,110.0,31.6,2.7
41815.0,3.88,50.0,1.03,110.0,30.8,2.8
41820.0,3.88,49.6,1.04,109.0,31.1,2.8
41825.0,3.88,50.3,1.04,110.0,31.1,2.8
41830.0,3.88,50.3,1.01,108.0,31.0,2.8
41835.0,3.88,49.8,1.05,111.5,30.8,2.8
41840.0,3.88,50.0,1.02,109.5,30.9,2.7
41845.0,3.88,49.7,1.04,110.5,31.4,2.8
41850.0,3.88,50.1,1.03,110.0,30.8,2.8
41855.0,3.88,50.0,1.04,109.5,32.0,2.8
41860.0,3.88,49.6,1.04,109.0,31.0,2.8
41865.0,3.88,49.9,1.07,110.5,31.1,2.8
41870.0,3.88,50.1,1.02,109.5,31.4,2.8
41875.0,3.88,50.0,1.04,110.5,31.0,2.8
41880.0,3.88,49.9,1.04,110.5,31.2,2.8
41885.0,3.88,50.0,1.03,110.5,31.4,2.8
41890.0,3.88,50.1,1.03,110.5,31.3,2.9
41895.0,3.88,49.5,1.04,109.0,31.4,2.9
41900.0,3.88,50.0,1.06,110.5,31.6,2.8
41905.0,3.88,50.2,1.05,110.5,30.9,2.9
41910.0,3.88,49.4,1.04,111.0,31.6,2.9
41915.0,3.88,49.9,1.05,110.5,31.5,2.8
41920.0,3.88,49.9,1.03,109.5,31.2,2.9
41925.0,3.88,49.9,1.03,110.0,30.8,2.9
41930.0,3.88,49.8,1.06,110.5,31.0,2.9
41935.0,3.88,50.5,1.05,111.0,31.3,2.9
41940.0,3.88,49.5,1.06,111.5,30.9,2.9
41945.0,3.88,50.3,1.05,110.0,31.5,2.9
41950.0,3.88,49.8,1.04,111.5,31.1,2.9
41955.0,3.88,48.9,1.05,109.5,31.0,3.0
41960.0,3.88,49.9,1.04,110.5,31.8,2.9
41965.0,3.88,49.7,1.03,109.0,31.1,3.0
41970.0,3.88,49.9,1.04,111.5,31.0,2.9
41975.0,3.88,50.4,1.04,110.5,31.4,2.9
41980.0,3.88,50.2,1.04,110.0,31.0,2.9
41985.0,3.88,50.2,1.06,110.5,31.4,2.9
41990.0,3.88,49.9,1.05,109.5,31.3,2.9
41995.0,3.88,49.6,1.04,110.0,31.3,2.9
42000.0,3.88,49.8,1.03,110.0,31.3,2.9
42005.0,3.88,49.9,1.04,109.5,31.2,3.0
42010.0,3.88,50.0,1.05,108.5,31.1,2.9
42015.0,3.88,48.9,1.03,109.5,31.5,2.9
42020.0,3.88,49.8,1.03,109.5,31.3,2.9
42025.0,3.88,50.0,1.03,109.5,31.3,3.0
42030.0,3.88,50.2,1.04,111.0,31.0,3.0
42035.0,3.88,49.6,1.04,108.5,31.3,3.0
42040.0,3.88,50.0,1.05,111.0,31.6,3.0
42045.0,3.88,50.2,1.04,110.5,31.8,3.0
42050.0,3.88,50.3,1.03,110.5,30.9,2.9
42055.0,3.88,49.9,1.05,110.5,31.1,2.9
42060.0,3.88,50.1,1.06,110.0,31.3,3.0
42065.0,3.88,49.4,1.05,110.5,31.4,3.0
42070.0,3.88,49.8,1.04,110.0,31.6,3.0
42075.0,3.88,50.1,1.03,111.0,31.7,3.0
42080.0,3.88,49.6,1.04,109.5,31.5,3.0
42085.0,3.88,50.3,1.02,109.0,31.3,3.0
42090.0,3.88,49.8,1.04,110.0,31.2,3.0
42095.0,3.88,50.3,1.05,110.5,31.3,3.0
42100.0,3.88,49.6,1.05,110.5,31.0,3.1
42105.0,3.88,49.5,1.04,110.0,31.1,3.1
42110.0,3.88,50.1,1.02,110.5,31.3,3.1
42115.0,3.88,50.4,1.04,110.0,31.4,3.1
42120.0,3.88,50.4,1.04,110.0,31.2,3.1
42125.0,3.88,50.0,1.05,110.0,31.3,3.1
42130.0,3.88,50.0,1.04,110.5,31.3,3.2
42135.0,3.88,50.2,1.03,111.0,31.8,3.2
42140.0,3.88,49.6,1.05,110.5,31.1,3.2
42145.0,3.88,49.9,1.06,110.5,31.3,3.2
42150.0,3.88,49.8,1.03,108.0,31.9,3.2
42155.0,3.88,50.1,1.04,109.0,31.5,3.2
42160.0,3.88,49.3,1.04,109.0,31.3,3.2
42165.0,3.88,49.8,1.04,109.5,31.8,3.2
42170.0,3.88,49.8,1.04,111.0,31.7,3.2
42175.0,3.88,49.6,1.03,109.0,30.8,3.2
42180.0,3.88,49.5,1.04,109.5,31.7,3.2
42185.0,3.88,50.4,1.03,109.5,31.1,3.2
42190.0,3.88,50.2,1.05,111.0,31.8,3.3
42195.0,3.88,50.0,1.05,110.0,31.3,3.3
42200.0,3.88,50.1,1.04,108.5,31.0,3.3
42205.0,3.88,50.0,1.04,108.0,31.0,3.3
42210.0,3.88,50.0,1.04,109.5,31.2,3.3
42215.0,3.88,50.4,1.06,110.5,31.5,3.3
42220.0,3.88,50.2,1.03,110.0,30.9,3.3
42225.0,3.88,50.2,1.03,110.5,31.3,3.3
42230.0,3.88,49.6,1.05,110.5,31.6,3.3
42235.0,3.88,50.5,1.05,109.0,31.2,3.3
42240.0,3.88,49.9,1.03,110.0,30.9,3.3
42245.0,3.88,50.4,1.05,109.0,31.3,3.3
42250.0,3.88,50.1,1.06,110.0,31.4,3.3
42255.0,3.88,50.3,1.05,110.5,31.6,3.3
42260.0,3.88,50.1,1.06,110.5,31.3,3.3
42265.0,3.88,49.7,1.05,111.5,31.5,3.3
42270.0,3.88,49.8,1.04,109.0,31.6,3.3
42275.0,3.88,50.0,1.05,111.5,31.3,3.3
42280.0,3.88,50.1,1.06,111.0,31.2,3.3
42285.0,3.88,49.7,1.05,111.0,31.3,3.3
42290.0,3.88,50.6,1.03,110.0,31.0,3.3
42295.0,3.88,49.6,1.06,109.5,31.6,3.3
42300.0,3.88,50.5,1.04,110.0,31.3,3.3
42305.0,3.88,49.7,1.04,110.0,31.2,3.4
42310.0,3.88,50.1,1.04,110.0,31.5,3.4
42315.0,3.88,49.9,1.05,110.5,31.0,3.4
42320.0,3.88,49.9,1.03,110.5,31.3,3.4
42325.0,3.88,49.5,1.04,109.0,31.2,3.4
42330.0,3.88,49.7,1.05,110.5,30.8,3.4
42335.0,3.88,50.0,1.05,111.0,31.3,3.4
42340.0,3.88,50.1,1.04,110.5,31.3,3.4
42345.0,3.88,49.9,1.07,111.0,31.3,3.4
42350.0,3.88,50.1,1.03,109.5,31.1,3.4
42355.0,3.88,50.1,1.03,109.5,31.7,3.4
42360.0,3.88,49.8,1.03,109.5,31.6,3.4
42365.0,3.88,50.4,1.04,108.5,31.3,3.4
42370.0,3.88,49.9,1.06,109.5,31.0,3.4
42375.0,3.88,50.1,1.06,110.5,31.1,3.4
42380.0,3.88,50.0,1.04,110.0,31.8,3.4
42385.0,3.88,50.3,1.06,110.0,31.0,3.4
42390.0,3.88,50.1,1.07,111.0,31.0,3.4
42395.0,3.88,50.2,1.03,109.5,31.5,3.4
42400.0,3.88,50.5,1.03,109.5,31.3,3.5
42405.0,3.88,49.9,1.02,111.0,31.2,3.5
42410.0,3.88,50.2,1.04,111.0,31.1,3.5
42415.0,3.88,50.3,1.05,111.0,31.4,3.5
42420.0,3.88,49.8,1.05,110.5,31.0,3.5
42425.0,3.88,49.7,1.03,109.0,31.2,3.5
42430.0,3.88,50.2,1.03,109.0,30.8,3.5
42435.0,3.88,50.0,1.03,109.0,30.8,3.5
42440.0,3.88,50.3,1.04,110.0,31.4,3.5
42445.0,3.88,50.6,1.03,110.0,31.0,3.5
42450.0,3.88,49.7,1.04,110.5,31.5,3.5
42455.0,3.88,50.1,1.03,110.0,30.7,3.5
42460.0,3.88,49.8,1.05,109.5,31.4,3.5
42465.0,3.88,50.5,1.03,109.0,31.4,3.5
42470.0,3.88,50.1,1.04,110.0,31.6,3.5
42475.0,3.88,49.6,1.05,109.0,30.7,3.5
42480.0,3.88,49.5,1.04,110.5,31.3,3.4
42485.0,3.88,50.3,1.05,110.0,31.3,3.4
42490.0,3.88,49.6,1.05,109.5,31.4,3.4
42495.0,3.88,49.7,1.02,109.5,31.2,3.5
42500.0,3.88,49.8,1.05,110.0,31.1,3.4
42505.0,3.88,49.5,1.04,110.0,31.1,3.4
42510.0,3.88,49.7,1.04,110.0,30.9,3.5
42515.0,3.88,50.5,1.04,109.5,31.3,3.5
42520.0,3.88,50.0,1.04,110.5,30.9,3.5
42525.0,3.88,49.6,1.04,110.5,31.3,3.6
42530.0,3.88,50.4,1.05,110.5,30.8,3.5
42535.0,3.88,49.7,1.07,111.0,31.1,3.6
42540.0,3.88,49.6,1.04,108.0,31.0,3.5
42545.0,3.88,50.0,1.04,109.5,31.2,3.5
42550.0,3.88,49.9,1.03,110.0,31.1,3.4
42555.0,3.88,50.5,1.04,109.0,31.2,3.4
42560.0,3.88,50.3,1.03,110.5,30.7,3.4
42565.0,3.88,50.0,1.02,110.0,30.8,3.3
42570.0,3.88,50.5,1.03,110.0,31.1,3.3
42575.0,3.88,50.3,1.04,109.5,31.2,3.2
42580.0,3.88,50.1,1.04,110.5,30.8,3.2
42585.0,3.88,50.5,1.04,109.0,30.9,3.2
42590.0,3.88,50.4,1.04,109.5,31.0,3.1
42595.0,3.88,50.0,1.04,111.0,31.1,3.1
42600.0,3.88,50.2,1.03,109.5,31.3,3.1
42605.0,3.88,49.9,1.02,111.0,31.0,3.0
42610.0,3.88,50.1,1.03,110.5,31.0,2.9
42615.0,3.88,50.2,1.06,109.5,30.8,2.9
42620.0,3.88,50.1,1.04,108.0,31.1,2.8
42625.0,3.88,49.8,1.05,109.0,30.8,2.7
42630.0,3.88,50.1,1.05,109.0,30.9,2.7
42635.0,3.88,49.5,1.04,110.5,31.2,2.6
42640.0,3.88,49.9,1.04,109.0,30.8,2.6
42645.0,3.88,50.4,1.04,110.0,31.0,2.5
42650.0,3.88,50.1,1.05,110.5,30.9,2.5
42655.0,3.88,49.8,1.03,109.5,30.8,2.4
42660.0,3.88,49.8,1.04,110.5,30.8,2.3
42665.0,3.88,50.0,1.05,109.5,30.6,2.3
42670.0,3.88,50.0,1.05,110.0,30.9,2.2
42675.0,3.88,49.9,1.03,110.5,30.9,2.2
42680.0,3.88,49.3,1.03,109.0,31.4,2.2
42685.0,3.88,50.2,1.05,110.0,30.7,2.1
42690.0,3.88,50.0,1.03,109.0,30.3,2.0
42695.0,3.88,50.6,1.06,110.5,30.9,1.9
42700.0,3.88,49.7,1.02,111.0,30.9,1.9
42705.0,3.88,50.3,1.04,109.0,30.8,1.8
42710.0,3.88,50.3,1.04,109.5,31.4,1.7
42715.0,3.88,50.0,1.05,110.5,30.7,1.6
42720.0,3.88,50.2,1.04,109.5,30.9,1.6
42725.0,3.88,49.6,1.05,110.0,31.2,1.5
42730.0,3.88,50.2,1.04,109.5,31.5,1.5
42735.0,3.88,50.3,1.03,110.0,30.8,1.4
42740.0,3.88,49.9,1.05,111.0,31.1,1.4
42745.0,3.88,49.7,1.04,109.5,31.5,1.3
42750.0,3.88,50.4,1.03,109.5,31.3,1.3
42755.0,3.88,50.0,1.05,110.5,30.9,1.2
42760.0,3.88,49.9,1.05,111.0,31.0,1.2
42765.0,3.88,50.1,1.03,110.0,31.3,1.1
42770.0,3.88,50.1,1.04,109.5,31.1,1.0
42775.0,3.88,49.9,1.05,110.0,30.6,0.9
42780.0,3.88,49.9,1.06,110.5,31.2,0.9
42785.0,3.88,49.8,1.03,109.0,31.0,0.8
42790.0,3.88,50.1,1.04,111.0,30.9,0.7
42795.0,3.88,50.3,1.04,110.5,30.4,0.6
42800.0,3.88,50.1,1.05,109.0,30.8,0.5
42805.0,3.88,50.1,1.05,110.5,31.0,0.4
42810.0,3.88,50.2,1.03,110.0,30.9,0.3
42815.0,3.88,49.5,1.06,110.5,30.9,0.3
42820.0,3.88,50.3,1.04,109.5,30.9,0.2
42825.0,3.88,49.9,1.04,109.5,30.9,0.1
42830.0,3.88,50.4,1.03,110.5,30.7,0.0
42835.0,3.88,50.3,1.03,110.0,30.5,0.0
42840.0,3.88,49.5,1.04,110.5,30.8,0.0
42845.0,3.88,50.1,1.04,110.0,30.7,0.0
42850.0,3.88,49.9,1.06,111.5,30.4,0.0
42855.0,3.88,50.0,1.05,109.5,30.5,0.0
42860.0,3.88,50.1,1.06,110.0,31.3,0.0
42865.0,3.88,50.1,1.03,108.5,30.9,0.0
42870.0,3.88,50.4,1.04,110.0,30.7,0.0
42875.0,3.88,50.2,1.04,110.0,31.3,0.0
42880.0,3.88,49.9,1.03,109.0,30.7,0.0
42885.0,3.88,50.1,1.04,110.0,30.5,0.0
42890.0,3.88,50.3,1.04,109.5,30.6,0.0
42895.0,3.88,50.1,1.03,109.5,30.6,0.0
42900.0,3.88,49.8,1.03,110.0,30.4,0.0
42905.0,3.88,50.4,1.03,109.5,31.4,0.0
42910.0,3.88,50.0,1.05,110.0,30.7,0.0
42915.0,3.88,49.7,1.04,110.5,30.5,0.0
42920.0,3.88,49.9,1.05,110.0,30.5,0.0
42925.0,3.88,49.6,1.03,109.5,30.7,0.0
42930.0,3.88,49.9,1.04,110.5,30.7,0.0
42935.0,3.88,49.7,1.03,109.0,30.6,0.0
42940.0,3.88,50.5,1.01,109.0,30.9,0.0
42945.0,3.88,50.0,1.03,109.5,30.5,0.0
42950.0,3.88,49.6,1.04,109.0,30.7,0.0
42955.0,3.88,50.0,1.02,109.0,31.2,0.0
42960.0,3.88,50.5,1.04,109.5,30.8,0.0
42965.0,3.88,49.5,1.04,110.0,31.0,0.0
42970.0,3.88,50.3,1.03,109.5,30.9,0.0
42975.0,3.88,50.6,1.03,110.0,30.9,0.0
42980.0,3.88,49.9,1.03,110.0,30.8,0.0
42985.0,3.88,50.3,1.04,110.0,31.1,0.0
42990.0,3.88,50.4,1.05,109.5,30.8,0.0
42995.0,3.88,50.2,1.04,111.0,30.4,0.0
43000.0,3.88,50.2,1.05,111.0,30.4,0.0
43005.0,3.88,50.2,1.06,110.0,30.7,0.0
43010.0,3.88,50.2,1.04,110.0,30.8,0.0
43015.0,3.88,50.3,1.06,110.5,30.3,0.0
43020.0,3.88,50.0,1.03,109.5,30.5,0.0
43025.0,3.88,50.1,1.04,111.0,30.8,0.0
43030.0,3.88,50.4,1.06,111.5,30.8,0.0
43035.0,3.88,49.9,1.06,111.0,30.7,0.0
43040.0,3.88,49.9,1.05,110.5,30.9,0.0
43045.0,3.88,50.3,1.05,110.5,30.7,0.0
43050.0,3.88,49.9,1.03,110.0,30.6,0.0
43055.0,3.88,50.2,1.03,108.5,30.6,0.0
43060.0,3.88,49.6,1.06,109.5,30.3,0.0
43065.0,3.88,49.9,1.03,110.5,30.3,0.0
43070.0,3.88,49.9,1.05,111.0,30.5,0.0
43075.0,3.88,51.0,1.05,110.0,30.5,0.0
43080.0,3.88,50.5,1.05,110.5,30.3,0.0
43085.0,3.88,50.6,1.05,110.5,30.9,0.0
43090.0,3.88,49.5,1.06,111.5,30.5,0.0
43095.0,3.88,50.2,1.02,109.5,30.6,0.0
43100.0,3.88,49.8,1.06,111.0,30.2,0.0
43105.0,3.88,49.8,1.07,111.5,30.3,0.0
43110.0,3.88,50.0,1.05,110.0,30.3,0.0
43115.0,3.88,49.7,1.06,110.5,30.3,0.0
43120.0,3.88,50.4,1.03,110.5,30.6,0.0
43125.0,3.88,49.8,1.04,110.5,29.9,0.0
43130.0,3.88,50.1,1.05,111.5,30.4,0.0
43135.0,3.88,50.5,1.05,111.5,30.3,0.0
43140.0,3.88,49.5,1.04,109.5,30.4,0.0
43145.0,3.88,50.3,1.04,109.5,31.0,0.0
43150.0,3.88,50.2,1.04,110.0,30.1,0.0
43155.0,3.88,49.8,1.05,110.0,30.4,0.0
43160.0,3.88,50.1,1.06,111.0,30.5,0.0
43165.0,3.88,49.7,1.03,109.5,30.1,0.0
43170.0,3.88,49.8,1.04,110.0,30.7,0.0
43175.0,3.88,50.4,1.05,109.0,30.1,0.0
43180.0,3.88,49.7,1.04,110.5,30.5,0.0
43185.0,3.88,49.7,1.03,109.5,30.4,0.0
43190.0,3.88,49.8,1.05,109.5,30.2,0.0
43195.0,3.88,50.2,1.05,110.5,30.3,0.0
43200.0,3.88,49.5,1.06,112.0,31.0,0.0
43205.0,3.88,50.0,1.03,110.0,30.3,0.0
43210.0,3.88,50.0,1.02,109.0,30.5,0.0
43215.0,3.88,50.4,1.05,111.5,30.4,0.0
43220.0,3.88,50.5,1.04,109.0,30.8,0.0
43225.0,3.88,49.7,1.04,109.5,30.4,0.0
43230.0,3.88,49.9,1.06,110.5,30.8,0.0
43235.0,3.88,49.6,1.04,110.5,30.4,0.0
43240.0,3.88,50.1,1.05,111.0,30.3,0.0
43245.0,3.88,50.0,1.04,110.5,30.8,0.0
43250.0,3.88,50.2,1.03,108.5,30.7,0.0
43255.0,3.88,50.0,1.03,110.0,30.3,0.0
43260.0,3.88,50.3,1.03,110.0,30.7,0.0
43265.0,3.88,49.3,1.06,110.0,30.1,0.0
43270.0,3.88,50.5,1.05,110.0,30.3,0.0
43275.0,3.88,50.0,1.06,109.0,30.3,0.0
43280.0,3.88,49.9,1.04,111.5,29.8,0.0
43285.0,3.88,49.9,1.04,109.5,30.7,0.0
43290.0,3.88,50.1,1.05,110.0,30.6,0.0
43295.0,3.88,50.2,1.05,110.0,30.1,0.0
43300.0,3.88,50.0,1.04,109.0,30.2,0.0
43305.0,3.88,50.0,1.04,109.5,30.3,0.0
43310.0,3.88,49.9,1.04,109.5,31.2,0.0
43315.0,3.88,49.4,1.05,110.5,30.6,0.0
43320.0,3.88,50.2,1.04,108.5,30.2,0.0
43325.0,3.88,49.7,1.04,110.0,30.3,0.0
43330.0,3.88,50.5,1.04,110.5,30.7,0.0
43335.0,3.88,49.7,1.04,110.5,30.5,0.0
43340.0,3.88,50.2,1.03,109.5,30.5,0.0
43345.0,3.88,50.0,1.04,110.5,30.2,0.0
43350.0,3.88,49.8,1.04,109.5,30.7,0.0
43355.0,3.88,50.4,1.05,110.0,30.7,0.0
43360.0,3.88,50.3,1.04,109.5,31.2,0.0
43365.0,3.88,50.2,1.04,110.0,30.5,0.0
43370.0,3.88,49.9,1.05,109.5,30.2,0.0
43375.0,3.88,50.2,1.03,109.0,30.7,0.0
43380.0,3.88,49.7,1.03,110.0,30.3,0.0
43385.0,3.88,50.2,1.04,109.0,30.8,0.0
43390.0,3.88,49.4,1.04,110.0,30.3,0.0
43395.0,3.88,50.3,1.03,110.0,30.5,0.0
43400.0,3.88,50.5,1.04,109.5,30.4,0.0
43405.0,3.88,50.0,1.03,109.5,30.2,0.0
43410.0,3.88,50.2,1.05,111.5,30.4,0.0
43415.0,3.88,50.1,1.03,110.0,30.6,0.0
43420.0,3.88,50.0,1.04,110.0,30.3,0.0
43425.0,3.88,49.5,1.07,111.0,30.0,0.0
43430.0,3.88,49.8,1.04,110.0,30.9,0.0
43435.0,3.88,50.0,1.06,110.5,30.9,0.0
43440.0,3.88,50.3,1.05,110.5,30.4,0.0
43445.0,3.88,50.5,1.05,110.5,30.8,0.0
43450.0,3.88,50.0,1.04,109.5,30.1,0.0
43455.0,3.88,50.1,1.05,110.5,30.6,0.0
43460.0,3.88,49.8,1.05,110.0,30.4,0.0
43465.0,3.88,49.7,1.05,111.0,30.5,0.0
43470.0,3.88,50.4,1.06,110.5,30.6,0.0
43475.0,3.88,49.7,1.05,110.5,30.6,0.0
43480.0,3.88,50.3,1.04,109.0,30.2,0.0
43485.0,3.88,50.3,1.05,110.0,30.2,0.0
43490.0,3.88,49.6,1.02,109.0,30.6,0.0
43495.0,3.88,50.2,1.07,111.5,30.7,0.0
43500.0,3.88,50.5,1.05,110.0,30.9,0.0
43505.0,3.88,50.0,1.04,109.0,30.7,0.0
43510.0,3.88,49.9,1.05,110.5,30.7,0.0
43515.0,3.88,49.8,1.03,111.5,30.4,0.0
43520.0,3.88,49.9,1.05,110.5,30.2,0.0
43525.0,3.88,50.1,1.05,110.5,30.5,0.0
43530.0,3.88,49.7,1.05,111.0,30.1,0.0
43535.0,3.88,49.9,1.05,110.0,30.4,0.0
43540.0,3.88,49.9,1.05,109.5,30.6,0.0
43545.0,3.88,49.9,1.04,110.0,30.2,0.0
43550.0,3.88,50.1,1.06,112.0,30.6,0.0
43555.0,3.88,49.7,1.03,110.0,30.4,0.0
43560.0,3.88,49.7,1.03,109.5,30.6,0.0
43565.0,3.88,49.8,1.03,109.5,29.9,0.0
43570.0,3.88,49.4,1.05,110.0,30.4,0.0
43575.0,3.88,50.5,1.06,112.0,30.3,0.0
43580.0,3.88,50.4,1.03,109.5,30.5,0.0
43585.0,3.88,50.1,1.03,110.5,30.2,0.0
43590.0,3.88,49.9,1.04,109.5,30.5,0.0
43595.0,3.88,49.9,1.04,110.5,30.6,0.0
43600.0,3.88,49.9,1.06,109.5,30.1,0.0
43605.0,3.88,49.9,1.05,109.5,30.9,0.0
43610.0,3.88,50.2,1.06,111.0,30.1,0.0
43615.0,3.88,49.8,1.05,110.0,30.7,0.0
43620.0,3.88,49.9,1.05,111.0,30.9,0.0
43625.0,3.88,50.1,1.03,110.0,30.5,0.0
43630.0,3.88,49.9,1.05,110.0,30.2,0.0
43635.0,3.88,50.0,1.03,109.5,30.4,0.0
43640.0,3.88,49.4,1.03,110.0,30.7,0.0
43645.0,3.88,50.6,1.03,109.0,29.8,0.0
43650.0,3.88,50.2,1.04,111.0,30.4,0.0
43655.0,3.88,49.7,1.03,110.5,30.9,0.0
43660.0,3.88,50.0,1.05,110.5,30.5,0.0
43665.0,3.88,49.9,1.03,109.0,30.0,0.0
43670.0,3.88,50.0,1.06,110.5,30.5,0.0
43675.0,3.88,50.0,1.05,110.0,30.7,0.0
43680.0,3.88,49.8,1.06,110.5,30.5,0.0
43685.0,3.88,49.9,1.04,109.5,30.3,0.0
43690.0,3.88,49.4,1.05,110.0,30.2,0.0
43695.0,3.88,50.0,1.06,110.5,30.3,0.0
43700.0,3.88,49.9,1.06,110.5,30.9,0.0
43705.0,3.88,50.4,1.04,110.5,30.7,0.0
43710.0,3.88,50.3,1.06,111.0,30.5,0.0
43715.0,3.88,50.3,1.03,109.5,30.7,0.0
43720.0,3.88,49.4,1.04,110.5,30.7,0.0
43725.0,3.88,50.2,1.04,110.0,30.6,0.0
43730.0,3.88,49.8,1.05,111.0,30.5,0.0
43735.0,3.88,50.2,1.05,109.5,30.8,0.0
43740.0,3.88,49.9,1.04,110.0,30.6,0.0
43745.0,3.88,50.4,1.03,110.5,30.2,0.0
43750.0,3.88,50.2,1.06,109.5,30.3,0.0
43755.0,3.88,50.2,1.04,110.0,30.2,0.0
43760.0,3.88,50.4,1.05,109.0,30.8,0.0
43765.0,3.88,50.0,1.03,109.0,30.5,0.0
43770.0,3.88,49.9,1.03,109.5,30.3,0.0
43775.0,3.88,49.8,1.05,111.0,30.1,0.0
43780.0,3.88,50.3,1.04,110.0,30.6,0.0
43785.0,3.88,50.3,1.04,109.0,30.2,0.0
43790.0,3.88,50.3,1.03,109.0,30.4,0.0
43795.0,3.88,50.5,1.05,109.0,30.3,0.0
43800.0,3.88,50.5,1.03,110.5,30.8,0.0
43805.0,3.88,50.1,1.03,109.0,30.5,0.0
43810.0,3.88,49.7,1.03,110.5,30.7,0.0
43815.0,3.88,49.6,1.06,110.0,30.1,0.0
43820.0,3.88,50.1,1.03,108.5,30.3,0.0
43825.0,3.88,50.1,1.01,109.0,30.1,0.0
43830.0,3.88,49.9,1.04,110.5,30.9,0.0
43835.0,3.88,50.1,1.05,109.5,30.6,0.0
43840.0,3.88,50.2,1.05,110.5,30.8,0.0
43845.0,3.88,49.8,1.03,108.5,30.4,0.0
43850.0,3.88,50.4,1.04,109.0,30.4,0.0
43855.0,3.88,50.1,1.04,110.5,30.4,0.0
43860.0,3.88,49.5,1.04,110.0,30.6,0.0
43865.0,3.88,50.0,1.03,110.5,30.5,0.0
43870.0,3.88,50.2,1.03,109.0,30.3,0.0
43875.0,3.88,50.0,1.03,109.5,30.6,0.0
43880.0,3.88,50.1,1.03,111.0,30.5,0.0
43885.0,3.88,50.6,1.04,110.5,30.8,0.0
43890.0,3.88,49.8,1.04,109.5,30.3,0.0
43895.0,3.88,49.6,1.05,110.0,30.9,0.0
43900.0,3.88,49.7,1.03,109.5,30.3,0.0
43905.0,3.88,50.0,1.04,109.5,30.6,0.0
43910.0,3.88,50.0,1.03,109.0,30.6,0.0
43915.0,3.88,49.9,1.05,111.0,30.7,0.0
43920.0,3.88,49.8,1.04,110.0,30.8,0.0
43925.0,3.88,49.7,1.03,109.5,31.0,0.0
43930.0,3.88,50.4,1.04,110.5,30.8,0.0
43935.0,3.88,50.1,1.03,111.0,30.5,0.0
43940.0,3.88,50.0,1.03,111.0,30.9,0.0
43945.0,3.88,49.7,1.03,110.0,30.8,0.0
43950.0,3.88,49.8,1.05,109.0,30.5,0.0
43955.0,3.88,49.9,1.04,111.5,30.4,0.0
43960.0,3.88,49.3,1.03,109.0,30.9,0.0
43965.0,3.88,49.2,1.04,109.0,30.4,0.0
43970.0,3.88,50.1,1.05,110.5,30.4,0.0
43975.0,3.88,50.4,1.04,110.0,30.8,0.0
43980.0,3.88,50.2,1.06,110.0,30.8,0.0
43985.0,3.88,49.9,1.05,109.5,31.0,0.0
43990.0,3.88,50.4,1.04,110.5,30.9,0.0
43995.0,3.88,49.6,1.06,110.0,30.2,0.0
44000.0,3.88,49.8,1.03,108.5,31.0,0.0
44005.0,3.88,50.3,1.05,109.0,30.8,0.0
44010.0,3.88,50.2,1.02,108.0,30.8,0.0
44015.0,3.88,50.2,1.04,110.0,31.0,0.0
44020.0,3.88,50.2,1.06,111.0,30.4,0.0
44025.0,3.88,50.4,1.03,110.5,30.9,0.0
44030.0,3.88,49.9,1.05,111.5,30.8,0.0
44035.0,3.88,50.0,1.06,110.0,30.3,0.0
44040.0,3.88,49.8,1.03,110.5,30.7,0.0
44045.0,3.88,50.0,1.05,111.5,30.5,0.0
44050.0,3.88,50.1,1.03,110.5,30.9,0.0
44055.0,3.88,50.0,1.04,111.0,31.0,0.0
44060.0,3.88,50.3,1.03,109.5,30.9,0.0
44065.0,3.88,50.1,1.03,109.0,30.7,0.0
44070.0,3.88,50.3,1.03,109.5,30.4,0.0
44075.0,3.88,50.1,1.03,110.0,30.6,0.0
44080.0,3.88,49.6,1.05,111.5,30.2,0.0
44085.0,3.88,50.0,1.05,110.5,30.7,0.0
44090.0,3.88,50.5,1.03,109.5,30.9,0.0
44095.0,3.88,50.2,1.05,110.0,30.3,0.0
44100.0,3.88,50.4,1.07,112.0,30.6,0.0
44105.0,3.88,49.5,1.03,109.0,30.6,0.0
44110.0,3.88,49.8,1.02,109.5,30.9,0.0
44115.0,3.88,49.9,1.05,109.5,30.9,0.0
44120.0,3.88,50.3,1.05,110.5,31.2,0.0
44125.0,3.88,49.6,1.04,110.0,30.8,0.0
44130.0,3.88,49.6,1.06,110.0,30.7,0.0
44135.0,3.88,50.3,1.05,110.0,30.7,0.0
44140.0,3.88,49.9,1.02,110.5,30.9,0.0
44145.0,3.88,49.9,1.05,110.0,30.7,0.0
44150.0,3.88,50.3,1.04,110.0,30.9,0.0
44155.0,3.88,50.4,1.04,110.0,30.5,0.0
44160.0,3.88,50.4,1.05,112.0,31.0,0.0
44165.0,3.88,49.3,1.05,108.5,30.2,0.0
44170.0,3.88,49.9,1.04,110.5,31.3,0.0
44175.0,3.88,49.8,1.03,108.5,31.2,0.0
44180.0,3.88,50.3,1.04,110.0,30.4,0.0
44185.0,3.88,50.4,1.06,113.0,30.7,0.0
44190.0,3.88,49.7,1.03,109.0,30.8,0.0
44195.0,3.88,49.6,1.03,110.5,31.0,0.0
44200.0,3.88,50.1,1.04,110.0,30.8,0.0
44205.0,3.88,50.2,1.05,111.0,30.8,0.0
44210.0,3.88,50.5,1.04,110.5,30.8,0.0
44215.0,3.88,49.9,1.05,110.5,30.1,0.0
44220.0,3.88,50.1,1.04,110.0,30.5,0.0
44225.0,3.88,49.8,1.04,110.0,30.6,0.0
44230.0,3.88,50.3,1.02,108.5,31.2,0.0
44235.0,3.88,50.0,1.04,110.0,30.7,0.0
44240.0,3.88,50.0,1.05,111.0,30.4,0.0
44245.0,3.88,49.7,1.05,110.5,30.6,0.0
44250.0,3.88,50.0,1.04,108.5,30.6,0.0
44255.0,3.88,50.2,1.05,110.5,30.6,0.0
44260.0,3.88,50.0,1.07,112.0,30.4,0.0
44265.0,3.88,49.8,1.04,109.5,30.8,0.0
44270.0,3.88,50.0,1.02,110.0,30.7,0.0
44275.0,3.88,50.1,1.03,111.5,30.4,0.0
44280.0,3.88,50.1,1.05,110.0,30.6,0.0
44285.0,3.88,50.2,1.02,108.5,31.2,0.0
44290.0,3.88,50.0,1.06,111.0,30.9,0.0
44295.0,3.88,49.5,1.05,111.5,30.9,0.0
44300.0,3.88,49.9,1.04,109.5,30.5,0.0
44305.0,3.88,50.2,1.04,110.0,31.1,0.0
44310.0,3.88,50.6,1.04,110.5,30.7,0.0
44315.0,3.88,49.9,1.03,109.0,30.8,0.0
44320.0,3.88,50.1,1.03,110.0,30.7,0.0
44325.0,3.88,49.7,1.05,110.0,30.4,0.0
44330.0,3.88,50.2,1.05,109.0,31.0,0.0
44335.0,3.88,49.6,1.04,110.0,30.7,0.0
44340.0,3.88,49.5,1.04,111.0,31.1,0.0
44345.0,3.88,49.9,1.04,109.5,30.5,0.0
44350.0,3.88,50.0,1.04,110.0,30.1,0.0
44355.0,3.88,50.4,1.04,108.5,30.8,0.0
44360.0,3.88,50.4,1.05,110.0,30.4,0.0
44365.0,3.88,50.4,1.05,110.5,30.8,0.0
44370.0,3.88,50.0,1.04,110.0,30.1,0.0
44375.0,3.88,49.8,1.04,110.0,30.8,0.0
44380.0,3.88,50.1,1.04,110.5,30.7,0.0
44385.0,3.88,50.0,1.05,110.5,30.8,0.0
44390.0,3.88,49.7,1.05,110.0,30.6,0.0
44395.0,3.88,49.5,1.04,109.5,30.6,0.0
44400.0,3.88,50.4,1.03,109.0,30.8,0.0
44405.0,3.88,50.0,1.04,109.5,30.6,0.0
44410.0,3.88,49.9,1.04,110.5,31.0,0.0
44415.0,3.88,50.5,1.04,109.0,31.1,0.0
44420.0,3.88,50.0,1.02,109.0,30.7,0.0
44425.0,3.88,49.9,1.03,110.0,30.9,0.0
44430.0,3.88,50.3,1.04,110.0,30.6,0.0
44435.0,3.88,49.7,1.04,109.5,30.3,0.0
44440.0,3.88,50.1,1.04,110.0,30.8,0.0
44445.0,3.88,49.8,1.04,110.5,30.7,0.0
44450.0,3.88,50.5,1.04,109.5,30.5,0.0
44455.0,3.88,49.8,1.05,109.5,30.8,0.0
44460.0,3.88,50.0,1.05,110.5,30.5,0.0
44465.0,3.88,49.6,1.03,110.0,30.7,0.0
44470.0,3.88,49.8,1.03,110.5,30.4,0.0
44475.0,3.88,49.7,1.05,109.5,30.6,0.0
44480.0,3.88,50.0,1.05,110.5,30.5,0.0
44485.0,3.88,49.7,1.04,110.0,30.8,0.0
44490.0,3.88,50.0,1.06,110.5,30.5,0.0
44495.0,3.88,50.0,1.04,110.5,30.5,0.0
44500.0,3.88,49.9,1.03,109.5,30.6,0.0
44505.0,3.88,49.8,1.02,110.0,30.6,0.0
44510.0,3.88,49.9,1.03,109.0,30.3,0.0
44515.0,3.88,50.1,1.04,110.5,31.1,0.0
44520.0,3.88,49.6,1.04,109.5,31.0,0.0
44525.0,3.88,49.6,1.06,112.5,30.5,0.0
44530.0,3.88,50.3,1.05,110.0,31.0,0.0
44535.0,3.88,49.9,1.04,110.0,30.7,0.0
44540.0,3.88,50.0,1.03,110.0,30.5,0.0
44545.0,3.88,49.4,1.04,109.0,30.3,0.0
44550.0,3.88,50.3,1.04,110.5,30.9,0.0
44555.0,3.88,50.0,1.05,110.0,30.8,0.0
44560.0,3.88,50.1,1.05,109.5,30.3,0.0
44565.0,3.88,49.5,1.04,111.0,30.6,0.0
44570.0,3.88,49.9,1.03,110.0,30.7,0.0
44575.0,3.88,50.4,1.05,110.5,30.6,0.0
44580.0,3.88,50.2,1.06,111.0,30.2,0.0
44585.0,3.88,49.9,1.03,109.0,30.4,0.0
44590.0,3.88,49.7,1.04,110.5,30.5,0.0
44595.0,3.88,50.4,1.06,110.0,30.3,0.0
44600.0,3.88,50.0,1.04,109.5,30.5,0.0
44605.0,3.88,50.0,1.05,110.0,30.8,0.0
44610.0,3.88,50.3,1.04,110.0,30.9,0.0
44615.0,3.88,50.0,1.04,109.0,30.4,0.0
44620.0,3.88,49.7,1.04,111.0,31.1,0.0
44625.0,3.88,49.3,1.03,109.0,31.0,0.0
44630.0,3.88,49.8,1.04,110.5,30.4,0.0
44635.0,3.88,50.3,1.05,109.0,30.2,0.0
44640.0,3.88,49.7,1.03,109.0,30.2,0.0
44645.0,3.88,50.0,1.04,110.5,30.2,0.0
44650.0,3.88,49.5,1.05,110.0,30.5,0.0
44655.0,3.88,49.9,1.03,109.0,30.1,0.0
44660.0,3.88,50.3,1.03,110.0,30.7,0.0
44665.0,3.88,50.3,1.07,111.0,30.1,0.0
44670.0,3.88,49.8,1.05,109.5,30.9,0.0
44675.0,3.88,50.1,1.03,110.5,30.7,0.0
44680.0,3.88,50.0,1.03,109.5,30.9,0.0
44685.0,3.88,49.9,1.03,109.0,30.8,0.0
44690.0,3.88,50.2,1.04,110.0,30.7,0.0
44695.0,3.88,50.1,1.07,109.0,30.7,0.0
44700.0,3.88,49.4,1.02,109.5,31.2,0.0
44705.0,3.88,50.4,1.04,110.0,30.6,0.0
44710.0,3.88,50.3,1.02,109.5,30.2,0.0
44715.0,3.88,50.1,1.05,111.5,30.5,0.0
44720.0,3.88,50.1,1.03,109.5,30.0,0.0
44725.0,3.88,50.1,1.05,110.0,30.9,0.0
44730.0,3.88,49.2,1.04,110.0,30.3,0.0
44735.0,3.88,50.0,1.02,109.0,30.7,0.0
44740.0,3.88,50.1,1.05,109.5,30.5,0.0
44745.0,3.88,50.0,1.04,109.5,30.3,0.0
44750.0,3.88,49.5,1.04,110.5,30.6,0.0
44755.0,3.88,49.5,1.05,109.5,30.3,0.0
44760.0,3.88,49.7,1.04,110.0,30.3,0.0
44765.0,3.88,50.6,1.03,110.0,30.0,0.0
44770.0,3.88,50.1,1.04,109.0,30.3,0.0
44775.0,3.88,49.9,1.05,109.5,30.6,0.0
44780.0,3.88,49.7,1.05,110.5,30.5,0.0
44785.0,3.88,49.8,1.03,110.0,30.7,0.0
44790.0,3.88,49.7,1.06,110.0,30.6,0.0
44795.0,3.88,50.0,1.04,109.5,29.9,0.0
44800.0,3.88,50.2,1.06,111.0,30.2,0.0
44805.0,3.88,49.9,1.03,111.0,30.0,0.0
44810.0,3.88,50.1,1.04,110.0,30.0,0.0
44815.0,3.88,50.1,1.02,108.5,30.3,0.0
44820.0,3.88,50.0,1.05,109.5,30.3,0.0
44825.0,3.88,49.8,1.05,110.0,30.1,0.0
44830.0,3.88,49.1,1.06,111.0,30.9,0.0
44835.0,3.88,49.9,1.04,110.0,30.2,0.0
44840.0,3.88,49.7,1.04,111.5,30.3,0.0
44845.0,3.88,49.8,1.07,111.5,30.2,0.0
44850.0,3.88,49.6,1.02,110.0,30.7,0.0
44855.0,3.88,49.5,1.04,110.0,29.8,0.0
44860.0,3.88,50.6,1.04,110.5,30.0,0.0
44865.0,3.88,50.3,1.06,111.5,30.1,0.0
44870.0,3.88,50.2,1.03,109.5,29.6,0.0
44875.0,3.88,49.5,1.06,110.5,30.4,0.0
44880.0,3.88,50.4,1.06,110.0,30.5,0.0
44885.0,3.88,49.7,1.03,109.0,30.2,0.0
44890.0,3.88,50.8,1.03,108.5,29.9,0.0
44895.0,3.88,50.1,1.03,109.0,30.5,0.0
44900.0,3.88,50.0,1.04,108.5,30.2,0.0
44905.0,3.88,50.8,1.06,110.5,29.8,0.0
44910.0,3.88,50.1,1.04,110.0,30.1,0.0
44915.0,3.88,50.1,1.03,109.5,29.9,0.0
44920.0,3.88,50.0,1.06,111.0,29.9,0.0
44925.0,3.88,50.1,1.05,110.0,30.4,0.0
44930.0,3.88,50.1,1.04,109.0,30.2,0.0
44935.0,3.88,49.6,1.05,110.0,30.3,0.0
44940.0,3.88,50.0,1.04,109.5,29.5,0.0
44945.0,3.88,50.5,1.05,110.5,30.1,0.0
44950.0,3.88,49.9,1.06,111.5,30.0,0.0
44955.0,3.88,49.9,1.04,109.0,29.9,0.0
44960.0,3.88,50.2,1.04,110.5,30.3,0.0
44965.0,3.88,49.8,1.02,110.0,30.1,0.0
44970.0,3.88,50.3,1.03,111.0,30.3,0.0
44975.0,3.88,49.4,1.05,110.5,30.3,0.0
44980.0,3.88,50.2,1.04,109.0,30.5,0.0
44985.0,3.88,50.5,1.05,109.5,29.5,0.0
44990.0,3.88,50.3,1.02,110.0,30.0,0.0
44995.0,3.88,50.3,1.02,109.0,30.0,0.0
45000.0,3.88,50.3,1.04,110.0,29.9,0.0
45005.0,3.88,49.5,1.04,110.5,29.5,0.0
45010.0,3.88,50.4,1.03,109.5,30.0,0.0
45015.0,3.88,50.0,1.03,110.0,29.7,0.0
45020.0,3.88,50.3,1.03,109.0,29.6,0.0
45025.0,3.88,49.6,1.04,110.5,29.7,0.0
45030.0,3.88,49.6,1.03,110.0,29.8,0.0
45035.0,3.88,50.7,1.05,109.5,30.0,0.0
45040.0,3.88,50.0,1.04,109.5,30.0,0.0
45045.0,3.88,49.4,1.06,110.0,29.8,0.0
45050.0,3.88,49.9,1.04,110.0,29.5,0.0
45055.0,3.88,49.7,1.03,110.5,30.1,0.0
45060.0,3.88,49.9,1.02,109.5,29.7,0.0
45065.0,3.88,50.0,1.05,109.5,29.9,0.0
45070.0,3.88,49.8,1.02,110.5,30.6,0.0
45075.0,3.88,50.2,1.05,111.0,30.0,0.0
45080.0,3.88,49.6,1.06,111.5,29.2,0.0
45085.0,3.88,49.8,1.05,110.0,29.7,0.0
45090.0,3.88,50.0,1.06,111.0,30.1,0.0
45095.0,3.88,50.2,1.05,108.5,29.4,0.0
45100.0,3.88,50.5,1.03,108.0,29.7,0.0
45105.0,3.88,50.1,1.03,109.5,29.6,0.0
45110.0,3.88,50.3,1.04,109.5,29.7,0.0
45115.0,3.88,49.8,1.06,109.5,29.5,0.0
45120.0,3.88,49.9,1.05,109.5,29.2,0.0
45125.0,3.88,49.9,1.06,109.0,29.7,0.0
45130.0,3.88,49.7,1.06,111.5,30.2,0.0
45135.0,3.88,50.5,1.05,110.0,29.3,0.0
45140.0,3.88,49.6,1.04,109.5,29.1,0.0
45145.0,3.88,50.2,1.05,110.5,29.2,0.0
45150.0,3.88,49.9,1.03,108.0,29.7,0.0
45155.0,3.88,50.5,1.04,111.0,29.7,0.0
45160.0,3.88,49.8,1.05,110.0,29.6,0.0
45165.0,3.88,50.7,1.06,111.0,29.0,0.0
45170.0,3.88,50.1,1.04,109.5,29.4,0.0
45175.0,3.88,50.5,1.05,111.0,29.5,0.0
45180.0,3.88,50.4,1.04,110.0,29.5,0.0
45185.0,3.88,50.3,1.01,110.5,29.7,0.0
45190.0,3.88,50.4,1.07,110.5,29.5,0.0
45195.0,3.88,50.2,1.04,109.0,29.6,0.0
45200.0,3.88,49.8,1.06,110.5,29.5,0.0
45205.0,3.88,50.1,1.04,109.5,29.4,0.0
45210.0,3.88,50.0,1.06,111.5,29.6,0.0
45215.0,3.88,50.3,1.04,110.5,29.1,0.0
45220.0,3.88,49.6,1.02,110.0,29.4,0.0
45225.0,3.88,49.9,1.08,112.5,28.9,0.0
45230.0,3.88,50.2,1.03,111.0,29.3,0.0
45235.0,3.88,49.7,1.05,111.0,29.4,0.0
45240.0,3.88,50.1,1.03,108.5,29.4,0.0
45245.0,3.88,49.7,1.04,110.5,29.3,0.0
45250.0,3.88,50.0,1.03,109.0,29.3,0.0
45255.0,3.88,49.9,1.05,109.5,29.2,0.0
45260.0,3.88,49.9,1.06,111.0,29.4,0.0
45265.0,3.88,49.8,1.06,110.0,29.2,0.0
45270.0,3.88,50.1,1.06,113.0,29.3,0.0
45275.0,3.88,49.5,1.02,109.0,29.1,0.0
45280.0,3.88,49.3,1.05,109.5,29.3,0.0
45285.0,3.88,50.1,1.04,109.5,29.6,0.0
45290.0,3.88,50.0,1.03,109.0,29.2,0.0
45295.0,3.88,50.1,1.05,109.5,29.0,0.0
45300.0,3.88,50.2,1.03,109.0,29.1,0.0
45305.0,3.88,49.6,1.06,110.5,29.3,0.0
45310.0,3.88,49.5,1.04,110.0,29.0,0.0
45315.0,3.88,50.3,1.05,110.0,28.9,0.0
45320.0,3.88,50.0,1.05,110.0,29.2,0.0
45325.0,3.88,50.2,1.06,111.0,29.3,0.0
45330.0,3.88,50.4,1.04,110.5,28.9,0.0
45335.0,3.88,50.1,1.05,109.5,28.7,0.0
45340.0,3.88,50.3,1.04,110.0,29.0,0.0
45345.0,3.88,50.0,1.04,110.0,29.1,0.0
45350.0,3.88,50.0,1.05,110.5,29.0,0.0
45355.0,3.88,50.4,1.03,110.0,29.0,0.0
45360.0,3.88,49.9,1.03,109.5,28.8,0.0
45365.0,3.88,50.0,1.02,109.5,28.9,0.0
45370.0,3.88,49.9,1.07,111.0,28.9,0.0
45375.0,3.88,50.2,1.06,110.5,28.8,0.0
45380.0,3.88,50.5,1.03,109.5,28.8,0.0
45385.0,3.88,49.7,1.03,110.0,28.9,0.0
45390.0,3.88,49.9,1.06,110.0,28.8,0.0
45395.0,3.88,49.9,1.05,108.5,29.4,0.0
45400.0,3.88,50.0,1.02,109.5,28.4,0.0
45405.0,3.88,49.6,1.04,109.5,28.6,0.0
45410.0,3.88,49.8,1.06,110.5,28.3,0.0
45415.0,3.88,50.2,1.05,110.0,28.6,0.0
45420.0,3.88,50.0,1.03,109.5,28.9,0.0
45425.0,3.88,49.3,1.05,111.0,29.2,0.0
45430.0,3.88,49.7,1.01,109.0,28.7,0.0
45435.0,3.88,50.2,1.03,110.0,28.2,0.0
45440.0,3.88,50.0,1.03,109.0,29.2,0.0
45445.0,3.88,50.4,1.01,109.0,28.3,0.0
45450.0,3.88,49.4,1.03,108.5,28.6,0.0
45455.0,3.88,49.9,1.04,110.5,28.6,0.0
45460.0,3.88,49.9,1.03,109.0,28.7,0.0
45465.0,3.88,50.1,1.06,110.5,29.0,0.0
45470.0,3.88,50.2,1.03,109.5,28.9,0.0
45475.0,3.88,49.9,1.05,110.0,28.5,0.0
45480.0,3.88,50.0,1.02,109.5,28.5,0.0
45485.0,3.88,50.4,1.03,109.5,28.6,0.0
45490.0,3.88,50.4,1.04,108.5,29.4,0.0
45495.0,3.88,50.0,1.06,111.0,28.7,0.0
45500.0,3.88,50.2,1.05,110.0,28.3,0.0
45505.0,3.88,49.6,1.04,110.0,28.5,0.0
45510.0,3.88,50.2,1.03,110.0,28.8,0.0
45515.0,3.88,49.8,1.04,109.5,28.9,0.0
45520.0,3.88,50.2,1.05,109.5,28.3,0.0
45525.0,3.88,49.5,1.04,110.0,28.6,0.0
45530.0,3.88,50.8,1.02,109.5,28.6,0.0
45535.0,3.88,49.8,1.06,110.0,28.2,0.0
45540.0,3.88,50.1,1.06,109.0,28.2,0.0
45545.0,3.88,49.9,1.03,108.5,28.7,0.0
45550.0,3.88,50.0,1.06,110.5,28.3,0.0
45555.0,3.88,49.6,1.04,110.5,28.4,0.0
45560.0,3.88,49.7,1.04,109.5,28.5,0.0
45565.0,3.88,50.0,1.04,110.5,28.2,0.0
45570.0,3.88,49.6,1.05,110.0,28.4,0.0
45575.0,3.88,49.9,1.04,111.5,28.1,0.0
45580.0,3.88,49.9,1.05,109.5,28.1,0.0
45585.0,3.88,50.1,1.05,110.5,28.0,0.0
45590.0,3.88,50.6,1.05,110.5,28.5,0.0
45595.0,3.88,49.8,1.05,110.5,28.2,0.0
45600.0,3.88,49.8,1.04,110.0,28.4,0.0
45605.0,3.88,50.2,1.05,111.0,28.1,0.0
45610.0,3.88,49.8,1.05,110.0,28.0,0.0
45615.0,3.88,49.8,1.04,109.0,28.3,0.0
45620.0,3.88,49.9,1.04,110.0,28.5,0.0
45625.0,3.88,50.2,1.04,110.0,27.9,0.0
45630.0,3.88,50.3,1.04,110.5,27.5,0.0
45635.0,3.88,49.9,1.05,109.5,27.9,0.0
45640.0,3.88,50.3,1.03,110.0,28.1,0.0
45645.0,3.88,49.9,1.05,110.0,27.9,0.0
45650.0,3.88,49.5,1.02,109.0,28.1,0.0
45655.0,3.88,49.8,1.05,110.0,28.0,0.0
45660.0,3.88,50.0,1.03,110.5,28.0,0.0
45665.0,3.88,50.1,1.05,110.5,28.0,0.0
45670.0,3.88,49.7,1.05,110.5,28.2,0.0
45675.0,3.88,49.9,1.05,111.5,27.8,0.0
45680.0,3.88,49.5,1.04,110.0,27.9,0.0
45685.0,3.88,50.0,1.07,111.0,28.1,0.0
45690.0,3.88,50.5,1.05,110.5,28.0,0.0
45695.0,3.88,50.3,1.06,111.0,28.2,0.0
45700.0,3.88,50.0,1.03,110.0,28.3,0.0
45705.0,3.88,50.1,1.05,110.0,28.5,0.0
45710.0,3.88,49.8,1.02,109.5,28.1,0.0
45715.0,3.88,50.5,1.07,112.0,28.1,0.0
45720.0,3.88,50.1,1.04,109.5,28.2,0.0
45725.0,3.88,49.7,1.05,110.5,27.9,0.0
45730.0,3.88,49.9,1.05,110.0,27.9,0.0
45735.0,3.88,50.1,1.07,110.5,28.0,0.0
45740.0,3.88,50.0,1.05,110.0,28.3,0.0
45745.0,3.88,50.0,1.05,111.0,28.0,0.0
45750.0,3.88,50.3,1.04,111.0,27.6,0.0
45755.0,3.88,50.0,1.05,109.5,27.2,0.0
45760.0,3.88,49.9,1.06,110.5,27.6,0.0
45765.0,3.88,50.1,1.04,109.5,28.3,0.0
45770.0,3.88,50.1,1.02,110.0,28.2,0.0
45775.0,3.88,49.9,1.05,111.0,28.1,0.0
45780.0,3.88,49.8,1.04,110.0,27.9,0.0
45785.0,3.88,49.9,1.04,110.0,27.6,0.0
45790.0,3.88,49.8,1.03,110.5,27.2,0.0
45795.0,3.88,50.4,1.03,109.5,27.2,0.0
45800.0,3.88,50.1,1.06,110.0,27.6,0.0
45805.0,3.88,49.8,1.05,111.0,27.9,0.0
45810.0,3.88,49.7,1.03,110.0,27.3,0.0
45815.0,3.88,50.3,1.04,110.0,27.9,0.0
45820.0,3.88,50.4,1.03,109.0,27.3,0.0
45825.0,3.88,49.6,1.03,109.0,27.5,0.0
45830.0,3.88,50.0,1.05,110.5,27.7,0.0
45835.0,3.88,50.4,1.03,111.0,27.5,0.0
45840.0,3.88,50.0,1.04,109.5,27.3,0.0
45845.0,3.88,49.9,1.05,110.0,27.3,0.0
45850.0,3.88,49.7,1.04,109.5,27.7,0.0
45855.0,3.88,49.9,1.04,110.0,27.5,0.0
45860.0,3.88,50.1,1.05,110.0,27.7,0.0
45865.0,3.88,50.2,1.03,109.5,27.1,0.0
45870.0,3.88,50.2,1.02,108.5,27.0,0.0
45875.0,3.88,49.7,1.03,110.0,27.3,0.0
45880.0,3.88,50.3,1.04,110.5,27.6,0.0
45885.0,3.88,49.9,1.02,110.5,27.4,0.0
45890.0,3.88,49.7,1.04,111.0,27.7,0.0
45895.0,3.88,49.7,1.05,110.5,27.2,0.0
45900.0,3.88,49.8,1.07,110.0,27.0,0.0
45905.0,3.88,50.1,1.03,110.0,27.8,0.0
45910.0,3.88,49.9,1.05,109.0,27.3,0.0
45915.0,3.88,49.8,1.03,109.5,27.4,0.0
45920.0,3.88,50.4,1.05,111.5,27.6,0.0
45925.0,3.88,49.4,1.07,111.5,27.8,0.0
45930.0,3.88,50.5,1.04,111.5,27.0,0.0
45935.0,3.88,49.9,1.05,109.0,27.5,0.0
45940.0,3.88,50.5,1.05,110.5,27.4,0.0
45945.0,3.88,49.9,1.05,110.0,27.5,0.0
45950.0,3.88,50.2,1.07,112.0,27.4,0.0
45955.0,3.88,49.8,1.05,110.0,27.4,0.0
45960.0,3.88,50.0,1.04,109.0,27.2,0.0
45965.0,3.88,50.1,1.03,109.5,27.3,0.0
45970.0,3.88,50.1,1.03,110.5,26.9,0.0
45975.0,3.88,49.4,1.07,111.5,27.6,0.0
45980.0,3.88,49.9,1.04,111.0,27.0,0.0
45985.0,3.88,50.3,1.03,108.0,27.2,0.0
45990.0,3.88,50.0,1.05,111.0,27.6,0.0
45995.0,3.88,50.3,1.06,111.0,27.1,0.0
46000.0,3.88,49.6,1.06,109.5,27.2,0.0
46005.0,3.88,50.2,1.05,111.0,26.9,0.0
46010.0,3.88,50.1,1.05,108.5,27.3,0.0
46015.0,3.88,50.4,1.02,109.5,27.4,0.0
46020.0,3.88,49.9,1.05,110.5,27.1,0.0
46025.0,3.88,49.3,1.04,109.0,27.0,0.0
46030.0,3.88,50.0,1.05,110.5,27.5,0.0
46035.0,3.88,50.0,1.05,110.5,27.1,0.0
46040.0,3.88,49.9,1.06,111.0,27.8,0.0
46045.0,3.88,49.8,1.03,108.0,27.6,0.0
46050.0,3.88,49.4,1.05,109.5,26.9,0.0
46055.0,3.88,49.5,1.03,109.0,26.8,0.0
46060.0,3.88,50.1,1.05,109.5,27.2,0.0
46065.0,3.88,49.5,1.06,111.0,27.2,0.0
46070.0,3.88,49.7,1.02,110.5,27.0,0.0
46075.0,3.88,49.7,1.02,110.5,27.0,0.0
46080.0,3.88,49.8,1.03,109.5,27.0,0.0
46085.0,3.88,49.8,1.05,110.5,27.2,0.0
46090.0,3.88,49.9,1.05,110.5,27.2,0.0
46095.0,3.88,49.7,1.03,110.5,27.3,0.0
46100.0,3.88,50.8,1.05,110.0,26.9,0.0
46105.0,3.88,50.1,1.04,110.5,27.2,0.0
46110.0,3.88,50.4,1.02,109.5,27.1,0.0
46115.0,3.88,50.3,1.05,110.0,27.1,0.0
46120.0,3.88,50.1,1.03,110.0,27.5,0.0
46125.0,3.88,49.8,1.06,110.0,27.1,0.0
46130.0,3.88,50.4,1.03,110.0,27.2,0.0
46135.0,3.88,50.3,1.06,111.5,27.0,0.0
46140.0,3.88,50.4,1.0,108.5,27.3,0.0
46145.0,3.88,50.0,1.04,110.5,27.0,0.0
46150.0,3.88,50.3,1.04,110.5,27.5,0.0
46155.0,3.88,49.8,1.04,111.0,27.1,0.0
46160.0,3.88,49.3,1.03,110.5,26.8,0.0
46165.0,3.88,50.2,1.05,110.5,26.9,0.0
46170.0,3.88,50.1,1.05,109.5,26.9,0.0
46175.0,3.88,49.5,1.05,110.0,26.5,0.0
46180.0,3.88,49.8,1.05,110.0,26.9,0.0
46185.0,3.88,50.0,1.04,111.0,27.1,0.0
46190.0,3.88,50.0,1.04,109.5,26.8,0.0
46195.0,3.88,50.2,1.06,111.5,27.2,0.0
46200.0,3.88,49.9,1.03,110.5,26.8,0.0
46205.0,3.88,50.0,1.04,111.0,26.7,0.0
46210.0,3.88,50.3,1.05,110.5,27.7,0.0
46215.0,3.88,49.6,1.05,110.5,27.2,0.0
46220.0,3.88,50.0,1.04,109.5,27.2,0.0
46225.0,3.88,49.6,1.05,111.5,26.6,0.0
46230.0,3.88,50.0,1.03,110.5,27.2,0.0
46235.0,3.88,50.2,1.05,109.5,26.7,0.0
46240.0,3.88,49.6,1.04,110.5,27.1,0.0
46245.0,3.88,49.7,1.05,110.0,26.6,0.0
46250.0,3.88,50.1,1.06,110.0,27.3,0.0
46255.0,3.88,49.3,1.03,109.5,26.8,0.0
46260.0,3.88,50.0,1.03,110.0,26.9,0.0
46265.0,3.88,50.1,1.06,110.0,27.3,0.0
46270.0,3.88,50.5,1.03,110.0,26.9,0.0
46275.0,3.88,50.2,1.06,110.5,27.0,0.0
46280.0,3.88,49.7,1.05,109.5,26.6,0.0
46285.0,3.88,49.8,1.05,110.0,27.0,0.0
46290.0,3.88,49.9,1.06,110.5,26.9,0.0
46295.0,3.88,49.4,1.06,110.5,27.2,0.0
46300.0,3.88,50.3,1.04,109.0,26.9,0.0
46305.0,3.88,50.0,1.03,110.0,27.1,0.0
46310.0,3.88,49.9,1.04,109.5,26.7,0.0
46315.0,3.88,50.2,1.04,109.5,26.9,0.0
46320.0,3.88,49.6,1.04,109.5,26.7,0.0
46325.0,3.88,50.2,1.04,108.5,27.3,0.0
46330.0,3.88,50.4,1.05,111.0,26.9,0.0
46335.0,3.88,50.1,1.06,111.0,26.9,0.0
46340.0,3.88,50.2,1.04,110.5,26.7,0.0
46345.0,3.88,49.8,1.04,109.5,27.2,0.0
46350.0,3.88,49.9,1.05,110.5,26.8,0.0
46355.0,3.88,50.1,1.04,110.0,26.5,0.0
46360.0,3.88,49.8,1.04,109.5,26.8,0.0
46365.0,3.88,49.9,1.05,109.5,27.1,0.0
46370.0,3.88,50.1,1.03,109.5,27.4,0.0
46375.0,3.88,50.6,1.04,110.5,26.7,0.0
46380.0,3.88,50.4,1.05,109.0,27.1,0.0
46385.0,3.88,49.5,1.07,112.0,26.9,0.0
46390.0,3.88,49.6,1.05,111.0,27.3,0.0
46395.0,3.88,50.1,1.03,109.5,27.2,0.0
46400.0,3.88,50.4,1.06,110.5,27.3,0.0
46405.0,3.88,50.0,1.04,110.0,27.4,0.0
46410.0,3.88,50.2,1.06,110.5,26.6,0.0
46415.0,3.88,49.5,1.04,110.5,27.3,0.0
46420.0,3.88,49.7,1.04,110.0,26.2,0.0
46425.0,3.88,50.3,1.03,109.5,27.2,0.0
46430.0,3.88,50.4,1.05,110.0,27.0,0.0
46435.0,3.88,50.1,1.05,109.5,26.6,0.0
46440.0,3.88,50.1,1.03,110.0,26.7,0.0
46445.0,3.88,50.2,1.03,110.0,26.8,0.0
46450.0,3.88,50.7,1.04,109.5,27.0,0.0
46455.0,3.88,50.0,1.05,111.5,27.1,0.0
46460.0,3.88,49.7,1.04,109.5,27.1,0.0
46465.0,3.88,50.0,1.07,110.0,26.9,0.0
46470.0,3.88,49.8,1.06,111.0,26.7,0.0
46475.0,3.88,50.1,1.04,111.5,27.1,0.0
46480.0,3.88,49.5,1.03,109.5,26.9,0.0
46485.0,3.88,50.1,1.04,111.0,27.1,0.0
46490.0,3.88,50.1,1.05,111.0,27.2,0.0
46495.0,3.88,49.5,1.02,110.5,27.1,0.0
46500.0,3.88,50.1,1.05,110.0,27.2,0.0
46505.0,3.88,49.9,1.06,110.5,27.2,0.0
46510.0,3.88,50.2,1.04,109.0,27.2,0.0
46515.0,3.88,50.5,1.04,110.5,26.7,0.0
46520.0,3.88,49.8,1.06,110.5,27.1,0.0
46525.0,3.88,50.1,1.04,109.5,27.0,0.0
46530.0,3.88,50.6,1.03,110.5,27.2,0.0
46535.0,3.88,49.9,1.04,110.0,26.7,0.0
46540.0,3.88,49.3,1.05,109.5,26.9,0.0
46545.0,3.88,50.3,1.01,110.0,27.1,0.0
46550.0,3.88,50.1,1.06,111.0,27.2,0.0
46555.0,3.88,50.3,1.03,108.0,26.9,0.0
46560.0,3.88,50.0,1.05,110.0,27.5,0.0
46565.0,3.88,49.7,1.04,110.0,27.2,0.0
46570.0,3.88,49.7,1.04,109.0,27.5,0.0
46575.0,3.88,50.9,1.03,110.5,26.8,0.0
46580.0,3.88,49.8,1.04,109.0,26.8,0.0
46585.0,3.88,49.6,1.05,111.0,27.4,0.0
46590.0,3.88,50.0,1.04,109.5,27.2,0.0
46595.0,3.88,50.1,1.04,109.0,27.3,0.0
46600.0,3.88,49.9,1.04,110.0,27.1,0.0
46605.0,3.88,50.1,1.02,108.0,27.1,0.0
46610.0,3.88,50.7,1.04,109.5,27.3,0.0
46615.0,3.88,49.6,1.04,111.0,26.7,0.0
46620.0,3.88,49.6,1.02,109.0,26.6,0.0
46625.0,3.88,50.0,1.04,108.5,27.5,0.0
46630.0,3.88,49.4,1.04,110.0,27.3,0.0
46635.0,3.88,49.6,1.04,110.0,26.9,0.0
46640.0,3.88,50.1,1.06,111.5,27.2,0.0
46645.0,3.88,50.6,1.04,111.0,27.1,0.0
46650.0,3.88,50.1,1.05,110.5,27.5,0.0
46655.0,3.88,50.3,1.04,110.0,26.8,0.0
46660.0,3.88,50.1,1.05,109.5,27.1,0.0
46665.0,3.88,50.0,1.05,110.5,26.9,0.0
46670.0,3.88,50.0,1.02,108.5,27.1,0.0
46675.0,3.88,50.3,1.06,110.5,27.3,0.0
46680.0,3.88,49.7,1.04,110.5,27.0,0.0
46685.0,3.88,50.0,1.03,108.0,26.7,0.0
46690.0,3.88,50.0,1.04,109.0,27.3,0.0
46695.0,3.88,49.7,1.03,109.5,27.1,0.0
46700.0,3.88,49.5,1.04,110.0,27.7,0.0
46705.0,3.88,49.9,1.04,109.5,27.1,0.0
46710.0,3.88,50.7,1.03,109.0,27.3,0.0
46715.0,3.88,49.7,1.05,108.5,26.8,0.0
46720.0,3.88,50.3,1.04,110.5,27.2,0.0
46725.0,3.88,50.0,1.02,109.0,27.4,0.0
46730.0,3.88,49.9,1.02,109.5,27.3,0.0
46735.0,3.88,50.2,1.04,110.5,27.1,0.0
46740.0,3.88,50.9,1.05,110.0,26.8,0.0
46745.0,3.88,50.1,1.06,109.5,27.0,0.0
46750.0,3.88,49.7,1.05,110.0,27.3,0.0
46755.0,3.88,50.1,1.05,111.0,27.3,0.0
46760.0,3.88,50.6,1.04,109.5,27.0,0.0
46765.0,3.88,50.1,1.04,110.5,27.0,0.0
46770.0,3.88,50.4,1.05,111.0,27.4,0.0
46775.0,3.88,50.1,1.02,109.0,27.2,0.0
46780.0,3.88,49.6,1.04,110.5,27.8,0.0
46785.0,3.88,49.7,1.04,110.5,27.5,0.0
46790.0,3.88,49.6,1.03,110.0,27.4,0.0
46795.0,3.88,50.1,1.06,111.5,27.0,0.0
46800.0,3.88,50.1,1.05,109.5,27.3,0.0
46805.0,3.88,50.1,1.03,109.5,27.3,0.0
46810.0,3.88,50.1,1.03,109.5,27.4,0.0
46815.0,3.88,50.1,1.05,110.0,27.0,0.0
46820.0,3.88,50.2,1.03,109.5,27.5,0.0
46825.0,3.88,50.1,1.04,110.0,27.2,0.0
46830.0,3.88,49.7,1.01,109.5,26.8,0.0
46835.0,3.88,50.1,1.04,111.0,27.4,0.0
46840.0,3.88,50.3,1.03,109.5,27.3,0.0
46845.0,3.88,49.9,1.04,109.5,27.2,0.0
46850.0,3.88,50.8,1.05,110.5,26.6,0.0
46855.0,3.88,49.9,1.05,109.0,27.1,0.0
46860.0,3.88,50.1,1.02,108.5,27.6,0.0
46865.0,3.88,50.1,1.04,110.5,27.6,0.0
46870.0,3.88,50.1,1.04,111.0,27.7,0.0
46875.0,3.88,50.5,1.06,109.5,27.6,0.0
46880.0,3.88,49.6,1.03,109.5,27.5,0.0
46885.0,3.88,50.4,1.05,110.5,27.1,0.0
46890.0,3.88,50.1,1.06,111.5,27.1,0.0
46895.0,3.88,49.4,1.03,110.0,27.0,0.0
46900.0,3.88,50.4,1.06,109.5,27.4,0.0
46905.0,3.88,50.1,1.04,110.0,27.3,0.0
46910.0,3.88,50.6,1.04,111.5,27.1,0.0
46915.0,3.88,49.8,1.04,111.0,28.0,0.0
46920.0,3.88,50.2,1.06,111.0,27.3,0.0
46925.0,3.88,49.9,1.03,109.5,27.5,0.0
46930.0,3.88,49.8,1.05,109.0,27.6,0.0
46935.0,3.88,49.9,1.03,109.5,27.2,0.0
46940.0,3.88,49.5,1.02,109.5,27.0,0.0
46945.0,3.88,50.0,1.04,109.0,27.7,0.0
46950.0,3.88,50.1,1.04,110.5,28.0,0.0
46955.0,3.88,50.1,1.02,109.5,27.5,0.0
46960.0,3.88,49.8,1.04,110.0,27.4,0.0
46965.0,3.88,49.8,1.02,110.0,27.7,0.0
46970.0,3.88,50.5,1.01,109.5,27.5,0.0
46975.0,3.88,50.0,1.03,110.0,28.2,0.0
46980.0,3.88,50.5,1.03,109.5,27.8,0.0
46985.0,3.88,49.5,1.03,109.5,27.5,0.0
46990.0,3.88,50.4,1.05,111.0,28.1,0.0
46995.0,3.88,49.9,1.05,110.0,27.5,0.0
47000.0,3.88,50.8,1.05,110.0,27.5,0.0
47005.0,3.88,50.4,1.03,109.5,27.6,0.0
47010.0,3.88,50.2,1.05,109.0,27.3,0.0
47015.0,3.88,49.9,1.04,110.5,27.6,0.0
47020.0,3.88,49.9,1.06,111.0,27.6,0.0
47025.0,3.88,50.6,1.05,111.0,27.4,0.0
47030.0,3.88,50.3,1.04,111.5,27.9,0.0
47035.0,3.88,50.1,1.07,111.0,27.5,0.0
47040.0,3.88,49.9,1.03,110.5,27.6,0.0
47045.0,3.88,50.0,1.05,111.0,27.8,0.0
47050.0,3.88,50.2,1.05,109.5,27.7,0.0
47055.0,3.88,49.6,1.06,111.5,27.6,0.0
47060.0,3.88,49.9,1.05,110.5,28.0,0.0
47065.0,3.88,50.0,1.04,110.0,27.8,0.0
47070.0,3.88,49.8,1.07,111.0,27.8,0.0
47075.0,3.88,49.8,1.03,110.5,27.8,0.0
47080.0,3.88,50.2,1.03,110.0,27.4,0.0
47085.0,3.88,50.5,1.04,110.5,27.9,0.0
47090.0,3.88,49.6,1.05,109.5,27.7,0.0
47095.0,3.88,50.3,1.02,109.5,27.9,0.0
47100.0,3.88,50.2,1.02,109.0,27.9,0.0
47105.0,3.88,49.9,1.04,109.5,27.8,0.0
47110.0,3.88,49.8,1.04,110.0,28.1,0.0
47115.0,3.88,49.7,1.05,110.5,27.8,0.0
47120.0,3.88,49.8,1.06,111.5,27.5,0.0
47125.0,3.88,50.1,1.04,110.0,27.9,0.0
47130.0,3.88,50.0,1.05,109.5,27.7,0.0
47135.0,3.88,50.4,1.03,110.5,27.5,0.0
47140.0,3.88,49.5,1.02,109.5,27.9,0.0
47145.0,3.88,49.7,1.03,108.5,27.6,0.0
47150.0,3.88,50.3,1.05,109.0,28.3,0.0
47155.0,3.88,49.7,1.06,109.5,27.7,0.0
47160.0,3.88,50.3,1.04,108.5,27.9,0.0
47165.0,3.88,49.9,1.05,109.0,27.9,0.0
47170.0,3.88,49.4,1.04,110.5,27.7,0.0
47175.0,3.88,50.4,1.04,109.0,27.7,0.0
47180.0,3.88,50.2,1.02,110.0,28.1,0.0
47185.0,3.88,50.1,1.04,109.5,27.8,0.0
47190.0,3.88,49.4,1.05,111.0,28.2,0.0
47195.0,3.88,50.2,1.05,110.5,27.8,0.0
47200.0,3.88,49.3,1.02,109.5,27.9,0.0
47205.0,3.88,50.4,1.04,109.5,27.8,0.0
47210.0,3.88,50.6,1.03,110.5,28.2,0.0
47215.0,3.88,49.6,1.04,109.5,28.1,0.0
47220.0,3.88,50.3,1.05,111.0,28.2,0.0
47225.0,3.88,49.3,1.03,109.5,28.1,0.0
47230.0,3.88,50.5,1.04,110.0,28.0,0.0
47235.0,3.88,50.2,1.05,112.0,28.1,0.0
47240.0,3.88,50.4,1.04,109.0,28.1,0.0
47245.0,3.88,49.8,1.04,110.0,27.7,0.0
47250.0,3.88,50.1,1.06,112.0,27.9,0.0
47255.0,3.88,49.4,1.04,110.0,28.3,0.0
47260.0,3.88,50.0,1.06,110.5,27.9,0.0
47265.0,3.88,50.1,1.01,110.0,28.3,0.0
47270.0,3.88,49.8,1.04,110.0,28.4,0.0
47275.0,3.88,50.1,1.05,110.5,27.9,0.0
47280.0,3.88,49.8,1.03,109.0,28.1,0.0
47285.0,3.88,49.8,1.05,110.5,27.9,0.0
47290.0,3.88,49.9,1.02,109.0,28.4,0.0
47295.0,3.88,49.9,1.04,110.0,27.9,0.0
47300.0,3.88,50.1,1.03,109.5,28.1,0.0
47305.0,3.88,50.2,1.04,111.0,28.0,0.0
47310.0,3.88,50.5,1.04,111.5,27.8,0.0
47315.0,3.88,49.9,1.06,111.5,27.9,0.0
47320.0,3.88,50.0,1.03,110.5,27.9,0.0
47325.0,3.88,49.4,1.03,108.0,27.6,0.0
47330.0,3.88,50.0,1.04,110.0,28.0,0.0
47335.0,3.88,50.3,1.04,110.5,28.4,0.0
47340.0,3.88,49.7,1.01,109.0,28.5,0.0
47345.0,3.88,49.6,1.06,111.5,27.7,0.0
47350.0,3.88,51.0,1.05,110.5,28.2,0.0
47355.0,3.88,50.5,1.07,112.0,28.3,0.0
47360.0,3.88,49.7,1.05,111.0,28.1,0.0
47365.0,3.88,50.2,1.06,110.5,28.1,0.0
47370.0,3.88,50.2,1.04,109.5,28.1,0.0
47375.0,3.88,49.9,1.05,110.0,28.4,0.0
47380.0,3.88,49.8,1.05,110.0,28.3,0.0
47385.0,3.88,49.8,1.03,110.5,28.5,0.0
47390.0,3.88,50.1,1.04,110.5,28.5,0.0
47395.0,3.88,49.4,1.02,109.5,28.5,0.0
47400.0,3.88,49.8,1.06,111.0,28.4,0.0
47405.0,3.88,50.3,1.02,108.0,28.3,0.0
47410.0,3.88,50.0,1.05,110.5,28.5,0.0
47415.0,3.88,49.8,1.05,111.0,28.2,0.0
47420.0,3.88,50.4,1.05,111.0,28.1,0.0
47425.0,3.88,50.1,1.06,109.5,28.2,0.0
47430.0,3.88,49.7,1.05,109.0,28.7,0.0
47435.0,3.88,49.6,1.03,109.5,28.4,0.0
47440.0,3.88,50.3,1.05,110.0,27.9,0.0
47445.0,3.88,49.9,1.04,110.0,28.5,0.0
47450.0,3.88,49.7,1.04,109.0,28.2,0.0
47455.0,3.88,50.4,1.05,108.5,28.1,0.0
47460.0,3.88,50.3,1.02,110.0,28.2,0.0
47465.0,3.88,50.3,1.04,109.0,28.1,0.0
47470.0,3.88,50.3,1.05,109.5,28.1,0.0
47475.0,3.88,50.0,1.04,109.5,28.3,0.0
47480.0,3.88,50.1,1.03,109.0,28.6,0.0
47485.0,3.88,50.1,1.05,110.5,28.6,0.0
47490.0,3.88,49.8,1.05,111.0,28.2,0.0
47495.0,3.88,49.8,1.03,108.0,28.3,0.0
47500.0,3.88,49.9,1.06,110.5,28.6,0.0
47505.0,3.88,50.5,1.05,111.0,28.5,0.0
47510.0,3.88,49.6,1.04,110.5,28.8,0.0
47515.0,3.88,50.2,1.04,110.0,28.5,0.0
47520.0,3.88,50.2,1.04,109.0,28.3,0.0
47525.0,3.88,49.7,1.04,110.0,28.9,0.0
47530.0,3.88,49.7,1.04,110.5,28.1,0.0
47535.0,3.88,49.9,1.05,110.5,28.4,0.0
47540.0,3.88,49.9,1.02,109.5,28.2,0.0
47545.0,3.88,50.1,1.03,110.5,27.8,0.0
47550.0,3.88,50.4,1.03,109.5,28.3,0.0
47555.0,3.88,50.1,1.05,110.5,28.4,0.0
47560.0,3.88,50.3,1.03,109.5,28.3,0.0
47565.0,3.88,49.6,1.04,110.0,28.5,0.0
47570.0,3.88,50.2,1.05,110.5,28.6,0.0
47575.0,3.88,50.3,1.04,110.0,28.3,0.0
47580.0,3.88,49.9,1.04,108.0,28.3,0.0
47585.0,3.88,49.8,1.08,112.5,28.7,0.0
47590.0,3.88,49.8,1.05,111.0,28.2,0.0
47595.0,3.88,49.7,1.05,109.5,28.4,0.0
47600.0,3.88,50.3,1.04,111.0,28.5,0.0
47605.0,3.88,50.2,1.03,110.0,28.3,0.0
47610.0,3.88,49.9,1.05,111.0,28.4,0.0
47615.0,3.88,49.9,1.04,109.0,28.4,0.0
47620.0,3.88,50.4,1.04,110.5,28.4,0.0
47625.0,3.88,50.2,1.03,110.5,28.5,0.0
47630.0,3.88,49.9,1.04,110.0,28.3,0.0
47635.0,3.88,49.9,1.03,109.5,28.8,0.0
47640.0,3.88,50.3,1.05,109.0,28.3,0.0
47645.0,3.88,49.7,1.03,109.5,28.4,0.0
47650.0,3.88,49.8,1.06,110.5,28.7,0.0
47655.0,3.88,50.2,1.04,110.5,28.7,0.0
47660.0,3.88,49.7,1.04,108.5,28.7,0.0
47665.0,3.88,49.7,1.05,110.0,28.3,0.0
47670.0,3.88,50.0,1.05,110.0,28.7,0.0
47675.0,3.88,50.1,1.01,109.0,28.7,0.0
47680.0,3.88,50.1,1.05,111.5,28.5,0.0
47685.0,3.88,50.4,1.04,111.0,28.3,0.0
47690.0,3.88,49.8,1.05,110.5,28.7,0.0
47695.0,3.88,50.1,1.02,108.5,28.5,0.0
47700.0,3.88,50.4,1.04,110.5,28.8,0.0
47705.0,3.88,49.9,1.05,110.5,28.7,0.0
47710.0,3.88,50.0,1.03,111.0,28.6,0.0
47715.0,3.88,49.8,1.06,111.0,28.5,0.0
47720.0,3.88,50.6,1.05,110.0,28.5,0.0
47725.0,3.88,50.0,1.05,109.5,29.1,0.0
47730.0,3.88,50.0,1.05,110.0,28.7,0.0
47735.0,3.88,49.8,1.03,109.0,28.7,0.0
47740.0,3.88,50.2,1.06,110.5,29.0,0.0
47745.0,3.88,50.2,1.05,111.5,28.5,0.0
47750.0,3.88,50.0,1.05,110.5,28.7,0.0
47755.0,3.88,50.2,1.05,108.5,29.3,0.0
47760.0,3.88,49.9,1.04,109.5,28.5,0.0
47765.0,3.88,50.3,1.05,110.0,28.8,0.0
47770.0,3.88,49.9,1.06,111.5,28.8,0.0
47775.0,3.88,50.2,1.04,110.5,28.8,0.0
47780.0,3.88,50.1,1.04,110.0,28.8,0.0
47785.0,3.88,50.0,1.04,109.0,28.6,0.0
47790.0,3.88,50.1,1.04,110.0,28.6,0.0
47795.0,3.88,49.6,1.05,110.0,28.4,0.0
47800.0,3.88,50.3,1.04,110.0,28.6,0.0
47805.0,3.88,50.0,1.05,109.5,28.6,0.0
47810.0,3.88,50.2,1.03,110.0,28.6,0.0
47815.0,3.88,49.7,1.03,109.5,28.9,0.0
47820.0,3.88,50.2,1.06,110.5,28.2,0.0
47825.0,3.88,49.9,1.03,108.5,28.7,0.0
47830.0,3.88,50.0,1.05,111.5,28.1,0.0
47835.0,3.88,50.5,1.04,110.0,28.5,0.0
47840.0,3.88,49.8,1.02,108.5,28.5,0.0
47845.0,3.88,49.8,1.06,110.0,28.9,0.0
47850.0,3.88,49.8,1.03,109.5,28.9,0.0
47855.0,3.88,49.0,1.04,110.0,28.4,0.0
47860.0,3.88,50.0,1.05,111.5,28.2,0.0
47865.0,3.88,50.2,1.02,109.0,29.1,0.0
47870.0,3.88,50.4,1.03,108.5,28.6,0.0
47875.0,3.88,50.3,1.04,110.0,28.7,0.0
47880.0,3.88,50.6,1.03,110.5,28.3,0.0
47885.0,3.88,49.7,1.04,109.5,28.6,0.0
47890.0,3.88,50.4,1.04,109.5,28.6,0.0
47895.0,3.88,49.7,1.01,109.0,28.6,0.0
47900.0,3.88,49.7,1.04,110.0,28.7,0.0
47905.0,3.88,49.9,1.02,109.0,29.0,0.0
47910.0,3.88,49.8,1.06,110.5,28.5,0.0
47915.0,3.88,49.6,1.03,108.0,28.7,0.0
47920.0,3.88,50.0,1.04,111.5,28.9,0.0
47925.0,3.88,49.9,1.04,110.5,28.3,0.0
47930.0,3.88,50.0,1.04,110.5,28.3,0.0
47935.0,3.88,50.0,1.05,111.0,28.6,0.0
47940.0,3.88,49.5,1.03,109.5,29.3,0.0
47945.0,3.88,49.6,1.04,110.5,28.4,0.0
47950.0,3.88,50.6,1.06,110.5,28.8,0.0
47955.0,3.88,50.4,1.03,108.5,29.0,0.0
47960.0,3.88,50.6,1.06,111.5,27.9,0.0
47965.0,3.88,49.8,1.05,111.5,28.1,0.0
47970.0,3.88,50.2,1.05,110.0,28.2,0.0
47975.0,3.88,49.8,1.04,109.5,29.0,0.0
47980.0,3.88,49.8,1.03,109.0,28.6,0.0
47985.0,3.88,50.2,1.02,109.5,28.7,0.0
47990.0,3.88,49.8,1.04,109.5,28.3,0.0
47995.0,3.88,49.9,1.04,109.0,28.9,0.0
48000.0,3.88,50.4,1.06,111.5,28.8,0.0
48005.0,3.88,49.7,1.03,110.0,28.8,0.0
48010.0,3.88,49.7,1.04,111.0,28.1,0.0
48015.0,3.88,50.4,1.05,110.0,28.7,0.0
48020.0,3.88,50.3,1.04,109.5,29.0,0.0
48025.0,3.88,49.8,1.03,109.0,28.7,0.0
48030.0,3.88,50.2,1.03,111.0,28.6,0.0
48035.0,3.88,50.3,1.04,111.0,28.5,0.0
48040.0,3.88,49.8,1.07,111.5,28.8,0.0
48045.0,3.88,49.7,1.05,110.0,28.7,0.0
48050.0,3.88,50.2,1.04,109.5,28.5,0.0
48055.0,3.88,50.5,1.04,109.5,27.9,0.0
48060.0,3.88,49.9,1.03,110.0,28.3,0.0
48065.0,3.88,49.8,1.04,110.5,28.4,0.0
48070.0,3.88,49.9,1.02,109.0,28.5,0.0
48075.0,3.88,49.5,1.04,110.5,28.6,0.0
48080.0,3.88,50.3,1.06,110.0,28.4,0.0
48085.0,3.88,50.0,1.03,109.5,28.3,0.0
48090.0,3.88,50.3,1.05,111.0,28.4,0.0
48095.0,3.88,50.0,1.05,109.0,28.3,0.0
48100.0,3.88,50.5,1.05,110.5,28.7,0.0
48105.0,3.88,50.0,1.03,109.5,29.2,0.0
48110.0,3.88,50.1,1.04,110.5,28.6,0.0
48115.0,3.88,50.4,1.05,111.5,28.8,0.0
48120.0,3.88,50.6,1.03,110.5,28.7,0.0
48125.0,3.88,49.9,1.06,110.0,28.3,0.0
48130.0,3.88,49.9,1.06,110.0,28.9,0.0
48135.0,3.88,50.4,1.05,110.0,28.7,0.0
48140.0,3.88,50.0,1.04,111.0,28.7,0.0
48145.0,3.88,50.4,1.06,110.5,29.0,0.0
48150.0,3.88,49.6,1.03,108.0,29.0,0.0
48155.0,3.88,49.8,1.04,108.5,28.7,0.0
48160.0,3.88,49.8,1.04,109.5,28.5,0.0
48165.0,3.88,50.3,1.05,110.0,28.6,0.0
48170.0,3.88,49.8,1.04,109.5,28.6,0.0
48175.0,3.88,49.8,1.03,110.0,28.5,0.0
48180.0,3.88,50.1,1.06,110.0,28.6,0.0
48185.0,3.88,50.5,1.04,109.5,28.4,0.0
48190.0,3.88,50.1,1.04,109.0,28.6,0.0
48195.0,3.88,50.1,1.05,111.5,28.3,0.0
48200.0,3.88,50.2,1.01,109.5,28.3,0.0
48205.0,3.88,49.9,1.06,110.5,28.6,0.0
48210.0,3.88,50.3,1.06,110.5,29.0,0.0
48215.0,3.88,49.9,1.05,110.5,28.6,0.0
48220.0,3.88,49.9,1.07,111.0,28.4,0.0
48225.0,3.88,49.9,1.06,110.0,28.8,0.0
48230.0,3.88,50.0,1.02,108.5,28.9,0.0
48235.0,3.88,49.7,1.05,109.5,28.9,0.0
48240.0,3.88,49.6,1.05,111.0,28.5,0.0
48245.0,3.88,49.4,1.05,110.5,28.8,0.0
48250.0,3.88,49.9,1.03,110.0,28.6,0.0
48255.0,3.88,50.0,1.07,112.5,28.6,0.0
48260.0,3.88,50.0,1.03,109.5,28.3,0.0
48265.0,3.88,50.1,1.03,110.0,27.7,0.0
48270.0,3.88,50.7,1.03,110.5,29.0,0.0
48275.0,3.88,49.8,1.04,109.5,28.3,0.0
48280.0,3.88,50.0,1.05,110.0,28.9,0.0
48285.0,3.88,49.8,1.02,110.0,28.8,0.0
48290.0,3.88,50.6,1.07,111.5,28.2,0.0
48295.0,3.88,49.6,1.05,110.5,28.3,0.0
48300.0,3.88,49.8,1.04,109.5,28.6,0.0
48305.0,3.88,49.4,1.05,110.5,28.0,0.0
48310.0,3.88,50.1,1.04,109.0,27.9,0.0
48315.0,3.88,49.9,1.04,110.0,28.3,0.0
48320.0,3.88,50.0,1.03,109.5,28.4,0.0
48325.0,3.88,49.9,1.04,110.5,28.3,0.0
48330.0,3.88,50.5,1.03,110.0,28.1,0.0
48335.0,3.88,50.0,1.05,110.5,28.4,0.0
48340.0,3.88,50.2,1.03,109.0,28.6,0.0
48345.0,3.88,50.5,1.05,111.0,28.2,0.0
48350.0,3.88,50.4,1.03,110.0,28.3,0.0
48355.0,3.88,49.9,1.06,110.5,28.2,0.0
48360.0,3.88,50.3,1.04,110.5,28.3,0.0
48365.0,3.88,50.2,1.05,110.5,28.5,0.0
48370.0,3.88,50.3,1.02,109.0,27.8,0.0
48375.0,3.88,49.8,1.04,110.0,28.4,0.0
48380.0,3.88,50.6,1.04,109.5,28.3,0.0
48385.0,3.88,49.9,1.03,110.0,28.2,0.0
48390.0,3.88,49.8,1.03,109.0,28.2,0.0
48395.0,3.88,50.9,1.03,110.0,28.3,0.0
48400.0,3.88,49.9,1.05,110.5,28.5,0.0
48405.0,3.88,50.7,1.05,110.0,27.8,0.0
48410.0,3.88,49.5,1.03,109.0,28.1,0.0
48415.0,3.88,50.2,1.04,110.5,28.5,0.0
48420.0,3.88,50.2,1.02,109.5,28.2,0.0
48425.0,3.88,49.8,1.04,109.5,28.2,0.0
48430.0,3.88,50.3,1.05,109.5,28.2,0.0
48435.0,3.88,50.2,1.06,110.5,28.3,0.0
48440.0,3.88,50.4,1.04,109.5,28.7,0.0
48445.0,3.88,50.0,1.05,110.5,28.1,0.0
48450.0,3.88,50.2,1.06,110.5,28.3,0.0
48455.0,3.88,50.1,1.02,109.0,28.2,0.0
48460.0,3.88,50.1,1.06,111.0,27.7,0.0
48465.0,3.88,50.1,1.03,109.5,27.7,0.0
48470.0,3.88,50.0,1.06,111.5,27.8,0.0
48475.0,3.88,49.8,1.03,110.5,28.3,0.0
48480.0,3.88,49.6,1.06,112.0,28.0,0.0
48485.0,3.88,50.2,1.03,110.0,28.1,0.0
48490.0,3.88,49.8,1.06,111.5,28.1,0.0
48495.0,3.88,49.5,1.03,110.0,27.9,0.0
48500.0,3.88,50.1,1.04,110.5,28.5,0.0
48505.0,3.88,50.2,1.03,110.0,28.1,0.0
48510.0,3.88,50.5,1.05,109.0,28.2,0.0
48515.0,3.88,49.7,1.04,110.5,28.3,0.0
48520.0,3.88,50.2,1.04,110.0,27.9,0.0
48525.0,3.88,49.6,1.04,110.5,28.0,0.0
48530.0,3.88,49.7,1.04,111.0,28.0,0.0
48535.0,3.88,50.1,1.04,109.5,27.7,0.0
48540.0,3.88,50.0,1.04,109.0,28.0,0.0
48545.0,3.88,49.9,1.05,110.0,27.9,0.0
48550.0,3.88,50.4,1.03,109.5,28.1,0.0
48555.0,3.88,50.0,1.04,110.0,27.9,0.0
48560.0,3.88,50.0,1.03,108.5,27.6,0.0
48565.0,3.88,49.3,1.05,110.5,27.6,0.0
48570.0,3.88,49.9,1.05,110.0,27.8,0.0
48575.0,3.88,50.0,1.02,110.5,27.6,0.0
48580.0,3.88,50.1,1.05,110.0,27.9,0.0
48585.0,3.88,49.7,1.04,108.5,28.1,0.0
48590.0,3.88,49.8,1.02,108.5,27.9,0.0
48595.0,3.88,50.4,1.04,109.5,28.2,0.0
48600.0,3.88,49.7,1.04,110.0,28.3,0.0
48605.0,3.88,49.9,1.06,111.0,27.8,0.0
48610.0,3.88,49.4,1.05,109.5,27.9,0.0
48615.0,3.88,49.6,1.03,108.5,27.8,0.0
48620.0,3.88,50.2,1.04,110.0,28.2,0.0
48625.0,3.88,50.4,1.03,108.5,28.4,0.0
48630.0,3.88,50.1,1.06,110.5,28.2,0.0
48635.0,3.88,50.0,1.05,108.5,28.2,0.0
48640.0,3.88,49.7,1.04,111.5,28.2,0.0
48645.0,3.88,50.5,1.04,110.0,27.6,0.0
48650.0,3.88,50.0,1.04,110.0,27.9,0.0
48655.0,3.88,50.1,1.03,109.0,27.7,0.0
48660.0,3.88,50.0,1.07,112.0,27.8,0.0
48665.0,3.88,49.9,1.05,109.0,27.7,0.0
48670.0,3.88,49.6,1.04,110.0,28.1,0.0
48675.0,3.88,49.9,1.04,110.5,28.2,0.0
48680.0,3.88,49.6,1.04,110.5,27.7,0.0
48685.0,3.88,49.6,1.03,109.0,27.8,0.0
48690.0,3.88,50.3,1.04,108.5,28.2,0.0
48695.0,3.88,50.1,1.04,111.0,27.4,0.0
48700.0,3.88,50.3,1.05,110.0,28.0,0.0
48705.0,3.88,50.2,1.03,110.0,27.7,0.0
48710.0,3.88,50.2,1.03,110.0,27.8,0.0
48715.0,3.88,50.1,1.05,109.5,28.3,0.0
48720.0,3.88,50.1,1.04,109.5,27.5,0.0
48725.0,3.88,49.7,1.03,110.0,28.1,0.0
48730.0,3.88,50.1,1.04,109.5,28.0,0.0
48735.0,3.88,50.2,1.05,109.0,28.0,0.0
48740.0,3.88,50.3,1.03,110.0,28.0,0.0
48745.0,3.88,49.5,1.07,112.5,27.8,0.0
48750.0,3.88,50.1,1.06,111.0,28.1,0.0
48755.0,3.88,50.4,1.05,109.5,28.1,0.0
48760.0,3.88,49.3,1.03,109.5,27.5,0.0
48765.0,3.88,49.8,1.04,110.0,27.1,0.0
48770.0,3.88,50.2,1.04,110.5,27.6,0.0
48775.0,3.88,50.5,1.03,109.5,27.5,0.0
48780.0,3.88,50.0,1.05,109.5,27.4,0.0
48785.0,3.88,50.1,1.05,111.0,28.0,0.0
48790.0,3.88,49.8,1.02,108.5,28.2,0.0
48795.0,3.88,50.1,1.03,109.0,27.9,0.0
48800.0,3.88,49.7,1.05,111.0,27.8,0.0
48805.0,3.88,50.3,1.05,110.5,27.6,0.0
48810.0,3.88,50.3,1.03,109.5,28.2,0.0
48815.0,3.88,50.1,1.07,110.5,27.3,0.0
48820.0,3.88,50.5,1.03,108.5,27.8,0.0
48825.0,3.88,49.8,1.03,109.5,27.6,0.0
48830.0,3.88,50.0,1.02,109.5,27.9,0.0
48835.0,3.88,49.8,1.05,111.0,27.7,0.0
48840.0,3.88,50.9,1.05,110.0,27.7,0.0
48845.0,3.88,49.8,1.04,111.0,27.6,0.0
48850.0,3.88,49.3,1.04,110.5,27.7,0.0
48855.0,3.88,50.3,1.04,110.5,27.6,0.0
48860.0,3.88,50.3,1.05,109.5,27.2,0.0
48865.0,3.88,50.2,1.05,111.0,27.9,0.0
48870.0,3.88,49.6,1.06,110.5,27.8,0.0
48875.0,3.88,50.2,1.06,111.0,28.0,0.0
48880.0,3.88,49.9,1.03,108.5,28.1,0.0
48885.0,3.88,50.0,1.03,109.0,27.9,0.0
48890.0,3.88,49.9,1.04,109.0,27.2,0.0
48895.0,3.88,49.6,1.06,110.5,27.8,0.0
48900.0,3.88,50.3,1.04,109.0,27.6,0.0
48905.0,3.88,49.9,1.04,109.5,28.1,0.0
48910.0,3.88,50.1,1.06,110.0,27.9,0.0
48915.0,3.88,50.2,1.04,109.5,28.1,0.0
48920.0,3.88,50.3,1.04,110.5,27.2,0.0
48925.0,3.88,49.8,1.04,108.5,27.8,0.0
48930.0,3.88,49.5,1.03,109.5,27.4,0.0
48935.0,3.88,50.2,1.04,110.5,27.6,0.0
48940.0,3.88,50.0,1.04,110.0,27.4,0.0
48945.0,3.88,50.1,1.03,109.5,27.5,0.0
48950.0,3.88,50.1,1.03,109.5,27.6,0.0
48955.0,3.88,50.6,1.01,109.0,27.6,0.0
48960.0,3.88,50.0,1.04,110.5,27.4,0.0
48965.0,3.88,49.9,1.05,110.0,27.3,0.0
48970.0,3.88,50.0,1.04,109.0,27.8,0.0
48975.0,3.88,50.5,1.04,110.0,27.2,0.0
48980.0,3.88,49.5,1.04,110.5,27.6,0.0
48985.0,3.88,49.8,1.03,109.0,27.7,0.0
48990.0,3.88,50.0,1.05,111.5,27.7,0.0
48995.0,3.88,49.9,1.05,110.0,27.8,0.0
49000.0,3.88,50.3,1.06,111.0,27.5,0.0
49005.0,3.88,50.0,1.06,111.0,27.5,0.0
49010.0,3.88,50.3,1.05,110.0,27.5,0.0
49015.0,3.88,49.9,1.06,110.5,28.0,0.0
49020.0,3.88,49.5,1.02,107.0,27.5,0.0
49025.0,3.88,50.5,1.03,108.5,27.5,0.0
49030.0,3.88,50.3,1.03,110.5,27.4,0.0
49035.0,3.88,49.8,1.05,110.0,27.8,0.0
49040.0,3.88,49.8,1.05,110.5,27.3,0.0
49045.0,3.88,50.0,1.06,111.0,27.8,0.0
49050.0,3.88,49.6,1.05,110.0,27.7,0.0
49055.0,3.88,50.6,1.06,111.0,27.1,0.0
49060.0,3.88,49.8,1.06,110.0,27.4,0.0
49065.0,3.88,50.0,1.04,111.0,27.6,0.0
49070.0,3.88,49.5,1.06,111.0,27.3,0.0
49075.0,3.88,50.1,1.08,112.5,27.6,0.0
49080.0,3.88,50.2,1.04,110.0,27.4,0.0
49085.0,3.88,49.8,1.06,110.5,27.1,0.0
49090.0,3.88,50.4,1.04,110.0,27.4,0.0
49095.0,3.88,49.6,1.04,109.5,27.3,0.0
49100.0,3.88,50.1,1.04,111.0,27.5,0.0
49105.0,3.88,50.3,1.04,110.5,27.9,0.0
49110.0,3.88,49.7,1.04,110.5,27.2,0.0
49115.0,3.88,49.5,1.06,112.5,27.6,0.0
49120.0,3.88,49.9,1.06,111.5,27.6,0.0
49125.0,3.88,49.9,1.05,110.0,27.2,0.0
49130.0,3.88,50.4,1.03,110.0,27.3,0.0
49135.0,3.88,49.9,1.03,109.0,27.8,0.0
49140.0,3.88,49.8,1.04,110.0,27.3,0.0
49145.0,3.88,50.0,1.04,109.5,27.2,0.0
49150.0,3.88,50.4,1.04,110.5,27.4,0.0
49155.0,3.88,49.5,1.04,110.0,27.3,0.0
49160.0,3.88,49.8,1.05,111.0,27.2,0.0
49165.0,3.88,49.6,1.05,110.0,27.3,0.0
49170.0,3.88,49.9,1.02,107.5,27.3,0.0
49175.0,3.88,50.3,1.02,109.0,27.4,0.0
49180.0,3.88,49.4,1.03,108.0,27.0,0.0
49185.0,3.88,50.0,1.03,109.5,27.3,0.0
49190.0,3.88,49.7,1.04,110.5,27.3,0.0
49195.0,3.88,50.2,1.03,109.0,27.1,0.0
49200.0,3.88,50.1,1.05,109.0,27.2,0.0
49205.0,3.88,50.5,1.03,109.5,27.3,0.0
49210.0,3.88,50.1,1.01,108.5,27.4,0.0
49215.0,3.88,49.8,1.04,109.5,27.1,0.0
49220.0,3.88,50.3,1.05,110.0,27.0,0.0
49225.0,3.88,50.2,1.05,109.5,27.4,0.0
49230.0,3.88,49.6,1.04,110.5,27.2,0.0
49235.0,3.88,50.0,1.03,109.5,27.2,0.0
49240.0,3.88,50.3,1.03,110.0,27.1,0.0
49245.0,3.88,50.2,1.07,111.0,27.1,0.0
49250.0,3.88,50.5,1.04,110.0,27.5,0.0
49255.0,3.88,50.3,1.07,110.5,27.6,0.0
49260.0,3.88,50.0,1.04,110.0,27.3,0.0
49265.0,3.88,50.1,1.05,109.5,27.8,0.0
49270.0,3.88,49.4,1.05,110.0,27.4,0.0
49275.0,3.88,50.5,1.03,110.5,27.4,0.0
49280.0,3.88,51.0,1.03,110.0,27.4,0.0
49285.0,3.88,49.6,1.04,109.5,27.6,0.0
49290.0,3.88,49.6,1.05,110.5,27.1,0.0
49295.0,3.88,50.0,1.05,109.5,27.2,0.0
49300.0,3.88,49.3,1.06,110.5,27.0,0.0
49305.0,3.88,50.3,1.04,111.0,27.4,0.0
49310.0,3.88,50.3,1.05,111.5,26.8,0.0
49315.0,3.88,49.5,1.05,109.5,27.4,0.0
49320.0,3.88,49.9,1.05,110.0,27.3,0.0
49325.0,3.88,50.0,1.04,110.5,27.0,0.0
49330.0,3.88,49.5,1.03,109.5,27.5,0.0
49335.0,3.88,50.2,1.05,111.0,27.8,0.0
49340.0,3.88,49.8,1.06,110.0,27.1,0.0
49345.0,3.88,49.9,1.06,111.5,27.1,0.0
49350.0,3.88,49.9,1.02,109.5,27.4,0.0
49355.0,3.88,50.0,1.04,110.5,27.2,0.0
49360.0,3.88,50.0,1.04,110.0,27.4,0.0
49365.0,3.88,50.1,1.06,110.0,27.2,0.0
49370.0,3.88,49.7,1.03,110.0,27.1,0.0
49375.0,3.88,49.8,1.05,110.0,27.1,0.0
49380.0,3.88,50.3,1.03,108.5,27.2,0.0
49385.0,3.88,50.1,1.05,111.0,26.8,0.0
49390.0,3.88,50.0,1.0,109.0,27.3,0.0
49395.0,3.88,49.7,1.05,110.0,27.2,0.0
49400.0,3.88,49.9,1.03,110.0,27.3,0.0
49405.0,3.88,50.4,1.04,110.0,27.6,0.0
49410.0,3.88,50.0,1.05,111.0,27.7,0.0
49415.0,3.88,49.9,1.05,109.0,27.3,0.0
49420.0,3.88,50.2,1.04,110.0,27.1,0.0
49425.0,3.88,50.2,1.03,109.0,27.5,0.0
49430.0,3.88,49.2,1.05,109.5,27.4,0.0
49435.0,3.88,50.1,1.05,110.0,27.2,0.0
49440.0,3.88,50.9,1.06,111.5,26.8,0.0
49445.0,3.88,50.1,1.04,109.0,27.5,0.0
49450.0,3.88,50.4,1.05,111.0,27.1,0.0
49455.0,3.88,50.1,1.04,109.5,27.3,0.0
49460.0,3.88,50.2,1.05,111.0,27.5,0.0
49465.0,3.88,49.7,1.05,110.0,27.4,0.0
49470.0,3.88,49.8,1.04,111.0,27.4,0.0
49475.0,3.88,50.4,1.05,109.5,27.1,0.0
49480.0,3.88,50.4,1.04,109.0,27.1,0.0
49485.0,3.88,49.9,1.04,110.5,27.3,0.0
49490.0,3.88,49.9,1.04,109.5,27.5,0.0
49495.0,3.88,50.3,1.05,110.5,27.8,0.0
49500.0,3.88,49.8,1.05,110.0,27.4,0.0
49505.0,3.88,50.2,1.04,109.5,27.0,0.0
49510.0,3.88,50.1,1.04,110.0,27.2,0.0
49515.0,3.88,50.2,1.05,110.0,27.3,0.0
49520.0,3.88,49.7,1.05,110.0,27.4,0.0
49525.0,3.88,50.0,1.04,110.5,27.6,0.0
49530.0,3.88,50.3,1.05,110.0,27.4,0.0
49535.0,3.88,50.1,1.06,110.0,27.4,0.0
49540.0,3.88,50.0,1.05,111.0,27.0,0.0
49545.0,3.88,49.9,1.02,109.0,27.3,0.0
49550.0,3.88,49.3,1.05,111.0,27.5,0.0
49555.0,3.88,49.5,1.04,111.0,27.2,0.0
49560.0,3.88,50.5,1.05,111.0,27.4,0.0
49565.0,3.88,49.9,1.03,109.0,27.1,0.0
49570.0,3.88,50.0,1.03,109.5,27.7,0.0
49575.0,3.88,49.6,1.04,109.5,27.4,0.0
49580.0,3.88,50.1,1.06,110.5,27.2,0.0
49585.0,3.88,50.1,1.04,110.0,27.3,0.0
49590.0,3.88,49.6,1.05,110.0,26.9,0.0
49595.0,3.88,49.6,1.05,111.0,27.9,0.0
49600.0,3.88,50.2,1.04,111.0,27.2,0.0
49605.0,3.88,49.8,1.04,110.0,27.3,0.0
49610.0,3.88,50.1,1.04,110.5,27.2,0.0
49615.0,3.88,50.2,1.05,110.5,27.5,0.0
49620.0,3.88,50.2,1.02,109.5,27.5,0.0
49625.0,3.88,50.1,1.04,110.0,27.1,0.0
49630.0,3.88,50.5,1.04,111.0,27.7,0.0
49635.0,3.88,50.1,1.05,110.0,27.4,0.0
49640.0,3.88,49.9,1.03,109.0,27.0,0.0
49645.0,3.88,49.7,1.04,109.5,27.4,0.0
49650.0,3.88,50.5,1.03,109.0,27.6,0.0
49655.0,3.88,49.7,1.05,110.5,27.3,0.0
49660.0,3.88,50.8,1.05,110.0,27.1,0.0
49665.0,3.88,49.9,1.03,109.0,27.4,0.0
49670.0,3.88,49.9,1.06,111.5,27.3,0.0
49675.0,3.88,50.1,1.03,110.0,27.3,0.0
49680.0,3.88,50.8,1.02,109.0,27.4,0.0
49685.0,3.88,50.3,1.03,110.0,27.4,0.0
49690.0,3.88,49.9,1.01,110.0,27.2,0.0
49695.0,3.88,49.9,1.04,111.0,26.9,0.0
49700.0,3.88,50.1,1.04,109.0,27.5,0.0
49705.0,3.88,50.0,1.05,110.5,27.6,0.0
49710.0,3.88,50.2,1.05,110.0,28.0,0.0
49715.0,3.88,50.4,1.02,109.5,27.3,0.0
49720.0,3.88,49.9,1.03,109.0,27.3,0.0
49725.0,3.88,49.7,1.04,110.0,27.6,0.0
49730.0,3.88,49.6,1.02,110.0,27.2,0.0
49735.0,3.88,49.9,1.02,110.0,27.6,0.0
49740.0,3.88,50.3,1.04,110.0,27.6,0.0
49745.0,3.88,49.9,1.03,110.0,27.7,0.0
49750.0,3.88,50.2,1.04,110.0,27.0,0.0
49755.0,3.88,50.2,1.04,109.5,27.5,0.0
49760.0,3.88,50.1,1.06,110.5,27.6,0.0
49765.0,3.88,50.0,1.04,110.5,27.3,0.0
49770.0,3.88,49.9,1.03,110.0,27.5,0.0
49775.0,3.88,50.3,1.03,110.5,27.2,0.0
49780.0,3.88,49.6,1.03,109.0,27.1,0.0
49785.0,3.88,49.6,1.05,111.0,27.9,0.0
49790.0,3.88,50.1,1.05,110.5,27.1,0.0
49795.0,3.88,49.7,1.05,110.5,27.1,0.0
49800.0,3.88,50.3,1.05,110.0,27.6,0.0
49805.0,3.88,49.9,1.02,109.5,27.1,0.0
49810.0,3.88,49.4,1.04,109.0,27.4,0.0
49815.0,3.88,50.3,1.05,109.5,27.7,0.0
49820.0,3.88,49.9,1.06,110.5,26.9,0.0
49825.0,3.88,50.0,1.03,110.5,27.3,0.0
49830.0,3.88,50.0,1.05,109.5,27.1,0.0
49835.0,3.88,50.2,1.04,109.0,27.3,0.0
49840.0,3.88,50.3,1.03,110.0,27.9,0.0
49845.0,3.88,50.1,1.04,110.0,27.6,0.0
49850.0,3.88,50.0,1.06,110.0,27.3,0.0
49855.0,3.88,50.2,1.03,111.0,27.9,0.0
49860.0,3.88,50.4,1.03,108.5,28.0,0.0
49865.0,3.88,50.2,1.02,110.0,27.6,0.0
49870.0,3.88,50.1,1.03,109.5,27.4,0.0
49875.0,3.88,49.8,1.03,108.5,27.7,0.0
49880.0,3.88,50.6,1.07,110.5,27.5,0.0
49885.0,3.88,50.4,1.04,109.5,27.2,0.0
49890.0,3.88,49.9,1.04,109.0,27.6,0.0
49895.0,3.88,50.2,1.04,111.0,27.8,0.0
49900.0,3.88,49.6,1.03,109.0,27.8,0.0
49905.0,3.88,50.1,1.02,108.0,27.7,0.0
49910.0,3.88,50.1,1.03,108.0,27.8,0.0
49915.0,3.88,50.0,1.04,110.5,27.3,0.0
49920.0,3.88,50.0,1.02,109.0,27.2,0.0
49925.0,3.88,49.6,1.04,110.0,27.5,0.0
49930.0,3.88,50.3,1.03,109.0,27.2,0.0
49935.0,3.88,49.8,1.06,111.5,28.0,0.0
49940.0,3.88,49.7,1.06,111.5,27.9,0.0
49945.0,3.88,50.3,1.06,111.5,27.3,0.0
49950.0,3.88,49.9,1.04,110.5,27.5,0.0
49955.0,3.88,50.0,1.06,110.5,27.6,0.0
49960.0,3.88,49.7,1.03,109.5,27.2,0.0
49965.0,3.88,50.1,1.06,110.5,28.0,0.0
49970.0,3.88,49.8,1.04,110.5,27.3,0.0
49975.0,3.88,49.8,1.06,111.0,27.8,0.0
49980.0,3.88,50.3,1.05,108.0,27.4,0.0
49985.0,3.88,50.3,1.04,109.5,27.6,0.0
49990.0,3.88,50.5,1.05,110.0,28.1,0.0
49995.0,3.88,50.6,1.06,112.0,27.4,0.0
