timestamp,dac,voltage,current,rpm,temperature,do
0.0,3.8784,49.6691,1.0494,108.335,28.9997,4.4014
5.0,3.8808,50.1959,1.0393,109.6455,30.0899,4.4132
10.0,3.8814,49.9801,1.032,109.884,29.8541,4.4253
15.0,3.882,50.0812,1.036,108.994,29.6953,4.4431
20.0,3.883,50.0469,1.056,110.6165,29.8087,4.4555
25.0,3.884,49.6811,1.051,109.416,29.6594,4.4304
30.0,3.8853,49.8076,1.0356,109.6258,29.9097,4.4264
35.0,3.8859,50.5136,1.0507,110.7867,29.7182,4.4355
40.0,3.8875,50.0998,1.0416,110.4361,29.9986,4.3984
45.0,3.8884,49.6522,1.0617,110.2381,30.1101,4.4067
50.0,3.8887,50.4175,1.0443,110.7132,29.6822,4.41
55.0,3.8901,49.9166,1.0383,110.2546,29.995,4.3877
60.0,3.8907,50.0997,1.0501,110.8327,29.9855,4.4002
65.0,3.8916,50.1125,1.0589,109.9665,30.0411,4.3823
70.0,3.8917,49.6315,1.0424,109.3342,29.6112,4.3901
75.0,3.8924,50.0244,1.0316,109.5054,29.7486,4.3979
80.0,3.8928,50.7902,1.0483,110.0718,29.6114,4.3953
85.0,3.8941,50.6,1.0531,110.8076,30.2945,4.3869
90.0,3.8938,49.8498,1.0533,111.415,29.7078,4.4014
95.0,3.8936,50.1235,1.0637,111.3142,29.2888,4.4049
100.0,3.8952,50.2402,1.0675,111.7206,30.1472,4.3858
105.0,3.895,50.4255,1.051,110.9518,29.7928,4.3859
110.0,3.8955,50.4724,1.0565,108.9164,30.0219,4.3936
115.0,3.8955,49.7821,1.0391,110.3912,29.8679,4.3837
120.0,3.8959,49.8659,1.0732,110.6457,30.2115,4.3903
125.0,3.8961,50.1191,1.045,109.7656,30.1891,4.3738
130.0,3.8964,49.7792,1.054,110.8055,30.5123,4.3692
135.0,3.8959,50.2481,1.0542,110.6152,29.8494,4.3393
140.0,3.8956,49.7415,1.0487,109.382,29.7159,4.3383
145.0,3.8956,50.5441,1.0338,109.8832,29.6086,4.3023
150.0,3.8957,49.9116,1.0645,112.0045,29.8637,4.274
155.0,3.8955,49.8388,1.0453,110.669,29.9322,4.2664
160.0,3.8951,50.3492,1.0618,109.6533,29.8617,4.2686
165.0,3.8948,50.2139,1.0429,110.3277,30.0121,4.2595
170.0,3.8939,50.2927,1.0343,109.8717,29.6709,4.2772
175.0,3.8934,50.0677,1.042,109.9937,29.7341,4.2713
180.0,3.893,50.6128,1.0233,109.1557,29.7081,4.2487
185.0,3.8923,50.4396,1.0355,110.4357,29.7414,4.2506
190.0,3.8918,49.7807,1.0591,109.4798,29.7442,4.2345
195.0,3.8912,50.2243,1.0395,109.6818,29.637,4.2011
200.0,3.8912,50.3035,1.0374,110.1935,30.3922,4.1736
205.0,3.89,49.9275,1.0565,110.5084,29.9755,4.179
210.0,3.8891,50.3306,1.0642,110.4929,29.8379,4.1706
215.0,3.8884,49.7228,1.0601,110.4291,30.0203,4.1743
220.0,3.888,50.3283,1.0489,110.4981,30.4138,4.1302
225.0,3.8871,49.9287,1.047,111.8945,30.2486,4.1166
230.0,3.8863,50.1021,1.0656,111.6037,30.2801,4.0876
235.0,3.8852,50.4109,1.0218,108.7268,29.9958,4.084
240.0,3.8842,49.6652,1.0369,109.6398,29.8332,4.0641
245.0,3.8834,49.9469,1.0436,111.1145,29.872,4.037
250.0,3.8826,50.0132,1.0173,108.8354,30.0225,4.0361
255.0,3.8816,50.1752,1.0669,110.1066,29.9545,4.0331
260.0,3.8804,49.6131,1.0344,108.7476,29.6681,4.03
265.0,3.8795,49.618,1.0381,108.2546,29.7571,4.0281
270.0,3.8786,49.5865,1.0359,107.3434,29.6169,4.0017
275.0,3.878,49.6636,1.0277,109.0894,29.8525,3.9764
280.0,3.8769,49.9642,1.0482,109.6393,29.5917,3.9813
285.0,3.8761,49.8679,1.0358,109.8232,29.7001,3.972
290.0,3.8755,50.4972,1.0516,109.8288,29.9543,3.9488
295.0,3.8742,49.8927,1.0277,108.9306,29.224,3.9495
300.0,3.8736,49.6454,1.019,108.5079,29.6454,3.9637
305.0,3.8728,49.7757,1.0135,109.2521,29.8635,3.9962
310.0,3.872,49.4109,1.0321,109.5292,29.6577,3.9891
315.0,3.8716,49.5775,1.0244,108.9292,30.007,3.9869
320.0,3.8707,49.5968,1.0244,109.2525,29.5639,3.9676
325.0,3.8702,49.3077,1.0211,110.1916,29.7226,3.9669
330.0,3.8699,49.6067,1.027,108.1229,30.1056,3.9742
335.0,3.869,49.9381,1.0369,110.579,29.5882,3.9901
340.0,3.8688,50.0425,1.0271,109.1881,29.8504,3.9849
345.0,3.8683,49.2477,1.0178,108.9702,29.8006,3.9856
350.0,3.868,49.7971,1.0354,109.1366,29.8419,3.9919
355.0,3.8679,49.4343,1.0388,110.1399,29.7243,3.9468
360.0,3.8677,50.0194,1.0077,109.0918,29.9089,3.9599
365.0,3.8675,49.4228,1.0247,109.1163,29.7759,3.9509
370.0,3.8672,49.3876,1.0206,109.416,29.6424,3.9761
375.0,3.8674,49.3501,1.033,108.7329,29.7834,3.9652
380.0,3.8674,49.5583,1.0282,109.5725,29.7795,3.9655
385.0,3.8674,49.9513,1.034,109.0236,29.5284,3.9406
390.0,3.8678,50.0041,1.0282,109.1494,29.7583,3.9234
395.0,3.868,49.5896,1.0478,109.0267,29.6727,3.918
400.0,3.8683,49.7027,1.0483,110.9812,29.7225,3.915
405.0,3.8688,50.1916,1.0471,109.8911,29.9356,3.9073
410.0,3.869,49.3007,1.0504,109.4434,29.5723,3.8986
415.0,3.8695,49.7593,1.0315,110.3814,29.7257,3.9016
420.0,3.8698,49.8995,1.0527,109.0974,29.5859,3.92
425.0,3.8707,49.4332,1.0285,109.757,30.0398,3.9134
430.0,3.8709,49.8395,1.052,111.3847,29.4218,3.9054
435.0,3.8719,50.0523,1.0321,110.0286,29.9542,3.9032
440.0,3.8726,49.7512,1.0532,109.239,30.0643,3.9122
445.0,3.8732,50.1428,1.0211,107.8747,29.7014,3.9014
450.0,3.874,49.4327,1.0435,109.9785,29.5988,3.8846
455.0,3.875,49.6933,1.0271,108.2171,30.0572,3.8883
460.0,3.8756,49.9637,1.0366,110.1182,29.6774,3.8923
465.0,3.8765,49.723,1.0289,110.1379,29.6777,3.8843
470.0,3.8775,49.8848,1.0219,108.7869,29.9216,3.8814
475.0,3.8784,49.9036,1.0263,109.8129,29.675,3.8662
480.0,3.8791,49.781,1.0578,109.7321,29.2194,3.849
485.0,3.8803,49.927,1.0306,109.2613,29.7387,3.8557
490.0,3.881,49.1882,1.0427,109.8721,29.2185,3.852
495.0,3.8823,50.5359,1.055,109.6073,29.8311,3.8433
500.0,3.8829,49.9858,1.0603,109.8592,29.4949,3.8812
505.0,3.8841,49.6823,1.056,110.6192,30.0797,3.8982
510.0,3.8849,49.3718,1.0542,109.9332,29.6907,3.9057
515.0,3.8859,50.4987,1.0229,110.0039,30.124,3.9337
520.0,3.8866,49.5107,1.0545,110.1821,29.5636,3.9244
525.0,3.8876,49.2473,1.0398,109.6829,29.7111,3.9267
530.0,3.8886,50.4929,1.0469,110.4079,30.0532,3.9419
535.0,3.8896,50.1569,1.0591,111.1423,30.0973,3.9369
540.0,3.8903,49.6516,1.0436,110.7409,29.865,3.9334
545.0,3.8908,50.1096,1.0554,109.628,29.5342,3.9578
550.0,3.8919,50.0331,1.0453,111.0131,30.1739,3.9858
555.0,3.8925,50.1092,1.0701,110.1254,29.7126,3.9594
560.0,3.8936,49.876,1.03,109.7144,30.5461,3.9798
565.0,3.8939,50.013,1.054,110.0197,29.5998,3.9574
570.0,3.8944,50.0793,1.064,112.0691,29.4252,3.9587
575.0,3.8952,50.47,1.0486,109.7957,30.022,3.9832
580.0,3.8956,50.312,1.0435,108.9133,29.8966,3.9963
585.0,3.896,49.76,1.0562,110.4604,29.905,4.0148
590.0,3.8967,50.404,1.0418,109.909,29.9257,3.9696
595.0,3.8973,50.3697,1.0445,111.1123,30.0065,3.9087
600.0,3.8977,50.1036,1.0565,110.1497,29.6699,3.8444
605.0,3.8981,50.5227,1.0544,110.2226,29.7676,3.8164
610.0,3.8985,49.9861,1.0349,109.7023,29.9566,3.7535
615.0,3.8989,50.1464,1.0529,110.5765,30.107,3.6952
620.0,3.8991,50.7998,1.0379,109.908,30.0063,3.5832
625.0,3.8992,50.4337,1.0598,109.6431,29.6252,3.5089
630.0,3.8992,50.2014,1.0407,109.1917,29.8006,3.4756
635.0,3.8993,49.9793,1.0657,110.1684,29.9246,3.4092
640.0,3.8991,50.6047,1.0331,109.4986,29.6344,3.3453
645.0,3.899,50.0754,1.045,110.7359,29.8397,3.3034
650.0,3.8989,50.2264,1.0526,110.9032,30.0346,3.2239
655.0,3.8986,50.1645,1.0607,110.3643,30.001,3.1389
660.0,3.8983,50.5636,1.0432,110.6899,29.8615,3.067
665.0,3.8979,50.0967,1.0468,110.5595,30.6329,3.0001
670.0,3.8974,50.3832,1.0636,112.5153,30.0046,2.9639
675.0,3.8968,50.334,1.0334,109.3158,28.9612,2.889
680.0,3.8963,50.1698,1.0639,111.5604,29.8437,2.8533
685.0,3.8958,50.313,1.0439,109.3192,30.2081,2.7956
690.0,3.8951,49.6522,1.0357,109.7366,30.1305,2.7305
695.0,3.8944,50.0757,1.0356,110.1045,29.4634,2.6709
700.0,3.8937,50.4107,1.0366,109.9719,30.0097,2.6288
705.0,3.8929,49.9599,1.0496,110.248,30.0071,2.5987
710.0,3.8921,49.7817,1.0548,110.6396,29.9441,2.5379
715.0,3.8913,50.0611,1.0654,110.7599,29.2428,2.4862
720.0,3.8904,50.1321,1.0467,110.6221,29.8724,2.4731
725.0,3.8895,49.9101,1.0421,109.9344,29.6513,2.4065
730.0,3.8886,50.3918,1.0345,109.3691,29.4586,2.3706
735.0,3.8877,49.8029,1.0572,110.1695,29.9108,2.3191
740.0,3.8868,50.155,1.0465,111.0199,30.232,2.2365
745.0,3.8859,49.3576,1.0549,109.8591,30.0827,2.171
750.0,3.8849,50.0804,1.0443,109.8381,29.5519,2.1242
755.0,3.884,49.9296,1.0439,109.9905,29.7397,2.0927
760.0,3.8831,50.1857,1.07,111.7108,29.4131,2.0112
765.0,3.8821,50.4802,1.0479,110.8772,29.2942,1.9621
770.0,3.8812,49.8537,1.0239,109.4751,29.7502,1.8983
775.0,3.8803,49.6271,1.0497,109.8978,29.4919,1.8506
780.0,3.8794,49.8883,1.0487,110.9078,29.6731,1.8065
785.0,3.8786,49.7559,1.0558,110.9597,29.4626,1.7972
790.0,3.8777,49.4288,1.0449,109.01,29.6293,1.7657
795.0,3.8769,50.5707,1.0636,111.671,29.4989,1.7329
800.0,3.8762,50.1959,1.0395,109.6486,29.5165,1.6938
805.0,3.8754,49.8096,1.0432,108.9526,29.732,1.6476
810.0,3.8747,49.5634,1.0285,109.3388,29.1249,1.6123
815.0,3.874,49.9626,1.0553,110.1895,29.3972,1.5585
820.0,3.8734,49.4692,1.0374,109.0408,28.8731,1.5582
825.0,3.8728,50.0665,1.0531,110.2523,29.6407,1.534
830.0,3.8723,49.3455,1.0448,109.5858,28.8725,1.5073
835.0,3.8718,49.7843,1.0074,109.8322,28.8149,1.4682
840.0,3.8714,49.5615,1.0419,107.9861,29.3288,1.4577
845.0,3.871,49.507,1.043,110.6924,29.2052,1.3956
850.0,3.8707,49.4519,1.0353,108.5675,28.991,1.3683
855.0,3.8705,49.7222,1.0277,109.5841,29.6482,1.335
860.0,3.8703,49.5852,1.0088,109.2475,29.5685,1.3158
865.0,3.8701,50.0071,1.0283,109.0957,29.1711,1.2726
870.0,3.87,49.0093,1.0248,108.2154,29.1707,1.2233
875.0,3.87,49.6779,1.0113,107.1971,29.6154,1.1619
880.0,3.87,49.6468,1.0259,110.3714,29.5686,1.1001
885.0,3.8701,49.9751,1.0304,109.3371,29.3837,1.0842
890.0,3.8703,50.4398,1.0373,110.1104,29.1715,1.0618
895.0,3.8705,49.2804,1.0267,109.8264,29.0254,1.0271
900.0,3.8707,49.8205,1.0192,109.0089,29.4432,0.9795
905.0,3.871,49.3723,1.0258,109.5934,29.4553,0.9315
910.0,3.8714,49.5322,1.0237,108.7857,29.3186,0.8874
915.0,3.8718,49.8045,1.0408,109.3559,29.0423,0.8324
920.0,3.8723,49.7173,1.0248,109.5242,29.8854,0.8336
925.0,3.8729,49.9276,1.0377,109.0858,29.6261,0.7878
930.0,3.8734,49.9424,1.0509,110.3511,29.1444,0.778
935.0,3.8741,50.2741,1.0327,109.6821,29.559,0.727
940.0,3.8747,50.2736,1.0414,109.8383,29.2067,0.6783
945.0,3.8754,49.4441,1.0352,109.3592,29.7111,0.6701
950.0,3.8762,49.6585,1.0474,110.6322,29.5275,0.66
955.0,3.877,49.5492,1.0545,110.2169,29.4785,0.6527
960.0,3.8778,49.1248,1.0376,109.0228,29.8043,0.6484
965.0,3.8786,49.7947,1.0432,109.6782,29.077,0.6019
970.0,3.8795,49.104,1.034,111.031,29.1507,0.5948
975.0,3.8804,49.6977,1.0162,109.218,29.7796,0.5983
980.0,3.8813,49.9474,1.0268,108.3677,30.0312,0.5985
985.0,3.8822,49.5889,1.0505,109.6966,29.5111,0.5884
990.0,3.8831,50.3366,1.0152,109.886,29.7074,0.5686
995.0,3.8841,49.3318,1.0507,109.9413,29.601,0.5819
1000.0,3.885,50.3048,1.0558,110.5667,29.1711,0.5895
1005.0,3.8859,49.8566,1.0052,107.3866,29.6437,0.556
1010.0,3.8869,50.0516,1.0395,109.4926,29.3728,0.5308
1015.0,3.8878,50.2308,1.0588,111.3223,29.4998,0.5333
1020.0,3.8887,50.3918,1.0511,109.9462,29.9969,0.5314
1025.0,3.8896,49.846,1.0409,110.6761,29.6232,0.5181
1030.0,3.8905,49.238,1.037,110.0981,30.1649,0.452
1035.0,3.8914,49.8884,1.0271,110.7461,29.4064,0.4334
1040.0,3.8922,49.8614,1.0388,109.9039,29.4099,0.3913
1045.0,3.893,50.3088,1.0661,111.4998,29.4899,0.3638
1050.0,3.8938,49.4893,1.037,109.6266,29.1102,0.3475
1055.0,3.8946,50.5719,1.0505,110.9585,29.5778,0.3136
1060.0,3.8953,50.5454,1.0539,109.0218,29.6927,0.3315
1065.0,3.8959,50.3623,1.0392,111.2379,29.365,0.3144
1070.0,3.8966,50.2392,1.0469,109.9313,29.8331,0.2838
1075.0,3.8971,49.8779,1.0448,110.1634,29.4547,0.2596
1080.0,3.8977,50.148,1.0711,112.0173,29.4073,0.2777
1085.0,3.8981,50.0889,1.0456,109.0981,29.5709,0.2637
1090.0,3.8986,50.8074,1.051,110.5726,29.7129,0.2689
1095.0,3.8989,50.3142,1.0502,110.5647,29.5261,0.231
1100.0,3.8993,49.5968,1.0265,110.0968,29.1716,0.2663
1105.0,3.8995,50.1879,1.0521,111.5238,29.2262,0.2092
1110.0,3.8997,50.0911,1.0346,108.6043,29.7271,0.1786
1115.0,3.8999,50.3447,1.0245,109.6779,29.7185,0.1317
1120.0,3.9,50.1762,1.0447,109.3325,29.3586,0.1231
1125.0,3.9,50.2435,1.0343,110.1139,29.6914,0.1
1130.0,3.9,50.2106,1.0446,111.3769,29.1454,0.0998
1135.0,3.8999,49.9021,1.0418,110.6329,29.4083,0.0992
1140.0,3.8997,49.7661,1.0494,109.939,30.0682,0.0982
1145.0,3.8995,50.2504,1.064,110.8077,28.8658,0.0969
1150.0,3.8993,50.155,1.0573,110.047,30.0163,0.1104
1155.0,3.8989,49.917,1.0376,110.788,29.5005,0.093
1160.0,3.8986,50.351,1.0337,110.5421,29.5176,0.0905
1165.0,3.8981,50.2171,1.0133,108.7379,29.7429,0.1033
1170.0,3.8977,50.2547,1.0445,109.9934,29.3723,0.0844
1175.0,3.8971,50.0149,1.0525,110.598,29.5997,0.0809
1180.0,3.8966,50.5865,1.0676,110.9917,29.2517,0.0859
1185.0,3.8959,50.2415,1.0465,110.2455,29.5542,0.0729
1190.0,3.8953,49.8774,1.0394,110.8181,29.5762,0.0685
1195.0,3.8946,50.0622,1.0427,109.8952,29.8736,0.0637
1200.0,3.8938,50.1197,1.05,111.1421,29.3031,0.0588
1205.0,3.893,49.9167,1.054,110.645,29.5969,0.0585
1210.0,3.8922,49.6661,1.0752,112.2386,29.2516,0.0482
1215.0,3.8914,49.5954,1.074,111.0599,29.7274,0.0426
1220.0,3.8905,50.3831,1.0505,110.6004,29.7613,0.0528
1225.0,3.8896,50.5393,1.0616,110.5877,29.2045,0.0357
1230.0,3.8887,50.1413,1.0423,109.0924,29.2015,0.0249
1235.0,3.8878,50.1714,1.0465,108.8782,29.6491,0.0187
1240.0,3.8869,49.6423,1.0499,110.5978,29.5205,0.0125
1245.0,3.8859,50.4184,1.0608,108.7681,29.5841,0.0063
1250.0,3.885,50.0477,1.0513,110.1995,29.1338,0.0
1255.0,3.8841,49.6184,1.0294,109.5258,29.5387,0.0
1260.0,3.8831,49.9698,1.0599,111.5779,29.5472,0.0
1265.0,3.8822,50.0058,1.0172,110.0782,29.2474,0.0
1270.0,3.8813,49.9734,1.0398,109.9618,28.8506,0.0
1275.0,3.8804,50.2837,1.0326,109.4951,29.4021,0.0093
1280.0,3.8795,49.8669,1.0357,109.5818,29.3584,0.0
1285.0,3.8786,49.5912,1.0364,109.4284,29.6498,0.0
1290.0,3.8778,49.8529,1.0315,108.6399,29.2268,0.0
1295.0,3.877,49.3403,1.042,110.511,29.6967,0.0
1300.0,3.8762,49.7762,1.0572,109.5808,29.8756,0.0
1305.0,3.8754,49.5129,1.0465,108.8969,29.3457,0.0
1310.0,3.8747,49.6119,1.0579,108.8516,29.4513,0.0
1315.0,3.8741,49.7135,1.0315,108.666,29.7089,0.0
1320.0,3.8734,49.6974,1.0253,107.1376,29.627,0.0
1325.0,3.8729,49.7918,1.0493,108.6592,28.9734,0.0
1330.0,3.8723,49.5592,1.0461,109.5933,29.1252,0.0
1335.0,3.8719,49.3737,1.0459,110.2869,29.1146,0.0
1340.0,3.8714,49.9707,1.0549,110.4236,29.6624,0.0
1345.0,3.8711,49.2946,1.0427,108.981,29.2914,0.0
1350.0,3.8707,50.0445,1.0563,109.7285,29.3332,0.0
1355.0,3.8705,49.6639,1.0301,109.5712,29.3462,0.0
1360.0,3.8703,49.395,1.0324,109.4584,29.2981,0.0
1365.0,3.8701,50.1366,1.0267,109.5538,29.3589,0.0
1370.0,3.87,49.5956,1.0273,110.1837,29.2776,0.0
1375.0,3.87,50.3463,1.0205,108.3196,29.2317,0.0
1380.0,3.87,49.5553,1.0303,109.2644,29.2534,0.0
1385.0,3.8701,49.6572,1.0206,108.6503,29.4626,0.0
1390.0,3.8703,50.1092,1.0293,108.2361,29.2891,0.0
1395.0,3.8705,49.6643,1.0438,109.7249,29.4494,0.0
1400.0,3.8707,50.1975,1.0262,109.876,29.6368,0.0
1405.0,3.8711,49.1599,1.0298,109.3523,29.4828,0.0
1410.0,3.8714,49.8244,1.0354,109.3921,29.6764,0.0
1415.0,3.8719,49.7451,1.0217,109.4553,29.2736,0.0
1420.0,3.8723,49.2478,1.0488,110.0977,29.5317,0.0
1425.0,3.8729,50.0628,1.0245,110.6974,29.1759,0.0
1430.0,3.8734,49.7108,1.0241,109.7672,29.2115,0.0
1435.0,3.8741,50.0993,1.0266,109.5091,29.2003,0.0
1440.0,3.8747,50.4787,1.0276,109.8271,29.5394,0.0
1445.0,3.8754,49.6579,1.0323,109.3868,29.3029,0.0
1450.0,3.8762,49.8661,1.0499,110.1179,29.4819,0.0
1455.0,3.877,49.3194,1.0452,109.3297,29.5133,0.0
1460.0,3.8778,50.4146,1.0437,110.2538,30.0335,0.0
1465.0,3.8786,49.6721,1.0133,108.6872,29.4859,0.0
1470.0,3.8795,50.0526,1.0297,110.1248,29.3408,0.0
1475.0,3.8804,49.8523,1.0409,109.7252,29.3077,0.0
1480.0,3.8813,50.2397,1.0267,108.7503,29.676,0.0
1485.0,3.8822,50.0036,1.0351,109.2786,29.4954,0.0
1490.0,3.8831,49.5674,1.0519,109.8723,29.4078,0.0
1495.0,3.8841,49.9999,1.0446,110.2403,29.364,0.0
1500.0,3.885,49.5902,1.0461,109.9415,29.821,0.0
1505.0,3.8859,50.2434,1.0301,109.9756,29.5207,0.027
1510.0,3.8869,50.2679,1.0707,111.8914,29.7591,0.0125
1515.0,3.8878,50.3035,1.0415,108.6918,29.7183,0.0242
1520.0,3.8887,50.2441,1.0392,111.0601,29.7654,0.0413
1525.0,3.8896,50.4067,1.0302,109.3123,29.2791,0.0402
1530.0,3.8905,50.2894,1.0267,109.424,29.7043,0.0368
1535.0,3.8914,49.9164,1.0463,111.0369,29.738,0.0479
1540.0,3.8922,50.0269,1.0379,109.6413,30.2009,0.0614
1545.0,3.893,50.2984,1.0515,111.0589,29.8509,0.0727
1550.0,3.8938,50.065,1.055,109.6271,29.7509,0.0714
1555.0,3.8946,49.8428,1.0573,111.3427,29.989,0.0637
1560.0,3.8953,50.039,1.0441,109.9819,30.2074,0.0685
1565.0,3.8959,49.6877,1.0626,109.746,29.6934,0.0729
1570.0,3.8966,50.12,1.0479,110.0245,30.2772,0.0771
1575.0,3.8971,50.3918,1.0506,110.1634,29.7675,0.0887
1580.0,3.8977,49.8172,1.0375,109.8513,29.8913,0.0844
1585.0,3.8981,51.0525,1.0266,109.6989,30.1951,0.0876
1590.0,3.8986,50.0464,1.0743,111.1313,29.6683,0.0905
1595.0,3.8989,50.5507,1.062,110.494,29.4601,0.093
1600.0,3.8993,50.0285,1.0397,109.0983,30.2411,0.1021
1605.0,3.8995,50.561,1.0717,112.4113,29.9606,0.0969
1610.0,3.8997,49.89,1.046,112.1715,29.7084,0.1072
1615.0,3.8999,49.8974,1.0298,109.0537,30.0355,0.1189
1620.0,3.9,50.0129,1.0469,110.611,29.8729,0.1038
1625.0,3.9,50.0026,1.0468,109.6308,30.0401,0.1
1630.0,3.9,50.5207,1.0599,110.5224,29.7385,0.0998
1635.0,3.8999,50.1596,1.0681,111.7653,29.7932,0.0992
1640.0,3.8997,50.2199,1.0381,111.071,29.6391,0.0993
1645.0,3.8995,49.5632,1.05,110.1318,30.0681,0.0969
1650.0,3.8993,50.2435,1.042,111.3701,29.7239,0.0951
1655.0,3.8989,49.951,1.0671,111.1789,30.4217,0.093
1660.0,3.8986,50.2767,1.0472,110.1519,30.1483,0.0905
1665.0,3.8981,50.2852,1.023,108.8742,30.1047,0.0876
1670.0,3.8977,50.0371,1.0508,110.0299,30.0533,0.0844
1675.0,3.8971,49.8685,1.0418,109.1167,30.0571,0.0809
1680.0,3.8966,50.041,1.0538,111.4274,30.0691,0.0771
1685.0,3.8959,50.6771,1.0492,111.1587,29.5629,0.0967
1690.0,3.8953,50.0933,1.0303,109.3737,30.1645,0.0985
1695.0,3.8946,50.652,1.0573,110.7674,30.1234,0.0727
1700.0,3.8938,50.0654,1.0431,110.3811,29.8573,0.0706
1705.0,3.893,50.2328,1.0552,110.711,30.1701,0.057
1710.0,3.8922,50.0487,1.0214,111.5397,29.5389,0.0584
1715.0,3.8914,50.0101,1.0363,109.4041,29.7887,0.0685
1720.0,3.8905,50.377,1.0445,110.3817,29.7552,0.0733
1725.0,3.8896,50.0362,1.0388,109.6878,29.8939,0.0695
1730.0,3.8887,50.0067,1.0514,110.0068,29.5753,0.0644
1735.0,3.8878,49.8703,1.0508,110.2217,29.9273,0.082
1740.0,3.8869,49.9012,1.0342,109.7112,29.8193,0.0799
1745.0,3.8859,49.4317,1.0619,110.7044,29.7822,0.0497
1750.0,3.885,49.7505,1.0355,109.6717,29.7722,0.0421
1755.0,3.8841,50.1597,1.0178,108.8324,29.5358,0.0432
1760.0,3.8831,49.8476,1.0269,108.8366,29.4652,0.0055
1765.0,3.8822,49.8299,1.0436,109.9815,30.0115,0.0114
1770.0,3.8813,49.8242,1.0435,109.4842,29.9715,0.0
1775.0,3.8804,50.056,1.0117,107.845,29.4276,0.0
1780.0,3.8795,50.073,1.0446,110.1527,30.0353,0.0
1785.0,3.8786,50.1535,1.0368,109.4741,30.0623,0.0
1790.0,3.8778,50.0679,1.0344,109.2824,29.665,0.0
1795.0,3.877,49.5923,1.0414,108.1854,29.8053,0.0
1800.0,3.8762,49.3854,1.0229,109.0567,29.8853,0.0
1805.0,3.8754,49.8674,1.0494,110.6765,29.887,0.0
1810.0,3.8747,50.4407,1.0241,110.0454,29.5202,0.0
1815.0,3.8741,49.6005,1.0271,109.9246,29.8786,0.0
1820.0,3.8734,49.7178,1.0459,110.181,29.877,0.0
1825.0,3.8729,49.4892,1.0195,109.5871,29.7267,0.0
1830.0,3.8723,49.8032,1.0462,109.6112,30.1999,0.0
1835.0,3.8719,49.5534,1.0447,111.2185,29.8481,0.0
1840.0,3.8714,50.1481,1.0308,108.6216,29.7179,0.0
1845.0,3.8711,49.4741,1.0295,108.7068,29.6323,0.0
1850.0,3.8707,49.8624,1.0666,110.644,30.2889,0.0
1855.0,3.8705,50.0019,1.0221,109.352,29.6805,0.0
1860.0,3.8703,49.3237,1.033,109.0766,29.8607,0.0
1865.0,3.8701,49.7721,1.0299,109.5519,29.8778,0.0
1870.0,3.87,49.7347,1.0485,109.2891,29.413,0.0
1875.0,3.87,50.3081,1.0348,110.7624,29.3192,0.0
1880.0,3.87,49.9816,1.0393,109.7102,30.2251,0.0
1885.0,3.8701,49.4099,1.0291,109.3557,30.313,0.0008
1890.0,3.8703,50.0748,1.0464,109.1782,29.8324,0.0141
1895.0,3.8705,49.5048,1.0454,111.6671,29.6152,0.0
1900.0,3.8707,49.7606,1.043,110.562,29.4879,0.0122
1905.0,3.8711,49.7623,1.042,110.2876,30.0672,0.0674
1910.0,3.8714,49.7402,1.0418,109.5733,29.6822,0.0927
1915.0,3.8719,49.4705,1.0364,109.4898,29.5955,0.1046
1920.0,3.8723,49.9755,1.0212,110.042,29.6276,0.103
1925.0,3.8729,50.0368,1.0206,109.1859,29.8446,0.1247
1930.0,3.8734,49.717,1.0415,109.6697,29.826,0.1257
1935.0,3.8741,49.9455,1.0407,109.8385,30.3113,0.1426
1940.0,3.8747,50.129,1.0092,109.5357,30.1266,0.156
1945.0,3.8754,49.558,1.0142,107.7929,29.3324,0.1728
1950.0,3.8762,49.3609,1.0454,110.1134,29.776,0.2098
1955.0,3.877,49.2368,1.0383,108.6759,30.0945,0.2321
1960.0,3.8778,49.7737,1.0428,110.6721,30.173,0.2412
1965.0,3.8786,49.3239,1.047,109.4963,29.7368,0.2313
1970.0,3.8795,50.2729,1.0276,109.0671,30.1038,0.2301
1975.0,3.8804,50.1113,1.0351,109.329,30.1705,0.2685
1980.0,3.8813,49.8286,1.0611,110.4253,29.9767,0.2837
1985.0,3.8822,49.7069,1.0565,111.1573,30.7861,0.2792
1990.0,3.8831,49.4374,1.0293,110.0371,29.7517,0.2701
1995.0,3.8841,49.4104,1.0362,110.6801,30.076,0.3355
2000.0,3.885,50.037,1.0339,110.2463,30.1369,0.3708
2005.0,3.8859,50.6656,1.0561,110.4859,30.2818,0.3701
2010.0,3.8869,49.9526,1.0492,110.8512,30.183,0.3484
2015.0,3.8878,50.2261,1.0347,111.1878,29.8621,0.3557
2020.0,3.8887,49.9364,1.0441,111.4971,30.5236,0.3788
2025.0,3.8896,49.8038,1.0415,109.0772,30.428,0.3687
2030.0,3.8905,50.2478,1.0522,111.1405,30.1584,0.4296
2035.0,3.8914,50.3915,1.0613,112.2032,30.3097,0.463
2040.0,3.8922,50.4682,1.0578,110.9454,30.7634,0.467
2045.0,3.893,49.8922,1.0304,109.9626,30.5083,0.465
2050.0,3.8938,50.209,1.0496,110.7643,30.2115,0.4559
2055.0,3.8946,50.1916,1.0587,110.322,29.9537,0.4573
2060.0,3.8953,49.9901,1.0587,110.3987,29.7941,0.4911
2065.0,3.8959,50.2563,1.0563,111.4727,30.2092,0.5104
2070.0,3.8966,50.1235,1.0557,111.2371,30.6326,0.5242
2075.0,3.8971,50.3273,1.0577,110.828,29.8676,0.5357
2080.0,3.8977,49.8911,1.0441,109.5661,30.1743,0.5695
2085.0,3.8981,50.0794,1.047,109.601,30.4125,0.5842
2090.0,3.8986,50.1649,1.0534,111.276,30.272,0.5948
2095.0,3.8989,49.9965,1.0313,111.3537,30.2498,0.6026
2100.0,3.8993,50.3195,1.0439,110.4988,30.5164,0.6032
2105.0,3.8995,50.6654,1.0631,110.4353,30.3652,0.609
2110.0,3.8997,50.6057,1.0394,110.6396,30.4781,0.6311
2115.0,3.8999,50.6649,1.0474,110.4367,30.5568,0.6464
2120.0,3.9,49.9993,1.0564,110.5261,30.3833,0.6347
2125.0,3.9,50.3185,1.0523,111.029,30.141,0.616
2130.0,3.9,50.1265,1.0689,111.1142,30.5948,0.6165
2135.0,3.8999,50.2912,1.0501,110.6038,29.9022,0.5875
2140.0,3.8997,50.3586,1.0456,110.1733,30.3086,0.6031
2145.0,3.8995,50.8181,1.0476,110.6087,30.4073,0.6029
2150.0,3.8993,49.8318,1.0484,110.6628,30.5485,0.6368
2155.0,3.8989,50.3939,1.0312,110.1551,30.6315,0.6456
2160.0,3.8986,49.8201,1.0517,111.4789,30.5873,0.6666
2165.0,3.8981,49.8304,1.0415,108.9203,30.6855,0.695
2170.0,3.8977,50.6859,1.0275,110.3564,30.4439,0.6819
2175.0,3.8971,50.5861,1.0468,109.452,30.5581,0.6886
2180.0,3.8966,50.7748,1.0534,110.3711,30.7763,0.6807
2185.0,3.8959,50.0495,1.0464,110.0047,30.3767,0.6952
2190.0,3.8953,50.5217,1.0541,110.7688,30.3907,0.6808
2195.0,3.8946,50.1418,1.0436,110.07,30.4502,0.6814
2200.0,3.8938,49.9629,1.0379,110.3451,30.2934,0.6677
2205.0,3.893,50.2561,1.0286,110.4123,30.2643,0.6838
2210.0,3.8922,49.6176,1.0435,110.4467,30.1428,0.6942
2215.0,3.8914,49.4992,1.0439,110.6731,30.79,0.7092
2220.0,3.8905,50.1145,1.0559,110.3745,30.5902,0.7148
2225.0,3.8896,50.4117,1.0287,109.5076,29.9389,0.7549
2230.0,3.8887,50.6528,1.0392,109.5674,29.9929,0.7473
2235.0,3.8878,49.9106,1.0519,110.2521,30.9281,0.745
2240.0,3.8869,49.8655,1.052,111.2591,30.1403,0.7404
2245.0,3.8859,49.3858,1.0434,110.158,30.6194,0.7583
2250.0,3.885,49.6479,1.0204,108.8492,30.314,0.7689
2255.0,3.8841,50.0485,1.0387,109.0985,30.056,0.7958
2260.0,3.8831,49.3009,1.038,110.4607,30.3504,0.809
2265.0,3.8822,50.1781,1.0555,111.1962,30.2812,0.8171
2270.0,3.8813,50.1222,1.0461,109.9399,30.5546,0.7997
2275.0,3.8804,49.9219,1.0367,109.8045,30.4517,0.8101
2280.0,3.8795,49.7601,1.0491,109.7762,30.1891,0.7773
2285.0,3.8786,50.0329,1.0144,108.7668,30.2144,0.8029
2290.0,3.8778,50.14,1.0382,110.3339,30.3274,0.8265
2295.0,3.877,49.7319,1.0232,109.4401,30.32,0.8363
2300.0,3.8762,50.0332,1.0421,109.1374,30.3007,0.8481
2305.0,3.8754,49.7326,1.0516,111.7581,30.0561,0.8374
2310.0,3.8747,50.4815,1.038,109.9535,30.2171,0.8522
2315.0,3.8741,49.5731,1.0453,110.9371,30.4793,0.854
2320.0,3.8734,49.7031,1.0381,108.6013,29.4313,0.8339
2325.0,3.8729,49.8366,1.0385,109.5664,29.919,0.8475
2330.0,3.8723,49.5886,1.0411,108.736,30.0993,0.8474
2335.0,3.8719,50.3951,1.0144,108.0541,30.3218,0.868
2340.0,3.8714,49.6885,1.0469,110.0457,30.1176,0.9082
2345.0,3.871,49.6467,1.048,111.1634,29.8418,0.9076
2350.0,3.8707,50.267,1.0293,109.7123,30.0135,0.922
2355.0,3.8705,49.8727,1.017,108.733,30.0721,0.9585
2360.0,3.8703,49.843,1.0195,109.581,30.7549,0.9464
2365.0,3.8701,49.9388,1.034,110.0757,29.5468,0.9453
2370.0,3.87,49.3468,1.0546,109.0416,30.2921,0.9482
2375.0,3.87,49.718,1.0183,109.5458,30.3739,0.9452
2380.0,3.87,50.3344,1.047,109.8321,30.3572,0.939
2385.0,3.8701,49.6502,1.0216,109.9778,30.2059,0.9731
2390.0,3.8703,50.4185,1.042,109.8097,30.0889,0.9639
2395.0,3.8705,49.7486,1.0318,108.4731,30.1971,0.9778
2400.0,3.8707,49.8039,1.0323,108.823,29.721,0.9933
2405.0,3.871,49.3974,1.0377,109.931,30.4046,1.0101
2410.0,3.8714,49.4754,1.0625,110.317,30.6908,1.0075
2415.0,3.8719,50.0011,1.0363,109.8538,30.5145,1.0128
2420.0,3.8723,49.1824,1.0233,110.236,30.4039,1.0437
2425.0,3.8729,49.2454,1.0198,108.9843,29.8833,1.0584
2430.0,3.8734,49.7981,1.0521,109.8857,30.1708,1.0509
2435.0,3.8741,49.5213,1.0187,108.2239,30.2913,1.0725
2440.0,3.8747,49.7626,1.0337,110.486,30.1602,1.1184
2445.0,3.8754,49.7353,1.0463,109.3344,30.117,1.1325
2450.0,3.8762,50.1678,1.0471,110.2343,30.0869,1.1585
2455.0,3.877,49.8067,1.0445,110.1345,30.2931,1.1674
2460.0,3.8778,49.9382,1.0234,108.0123,30.056,1.169
2465.0,3.8786,50.0,1.0143,109.8265,30.2441,1.193
2470.0,3.8795,49.5747,1.045,110.856,30.33,1.2233
2475.0,3.8804,49.5911,1.0344,110.3093,30.1919,1.2278
2480.0,3.8813,49.8259,1.0298,108.2801,30.7568,1.2638
2485.0,3.8822,49.9318,1.009,108.4234,29.8476,1.2975
2490.0,3.8831,49.988,1.0602,111.4871,30.0812,1.3145
2495.0,3.884,49.9445,1.0259,109.3335,30.5018,1.3402
2500.0,3.885,50.4161,1.0427,109.8029,30.3572,1.3873
2505.0,3.8859,50.0958,1.0425,108.2974,30.4158,1.41
2510.0,3.8869,49.9772,1.0592,110.137,30.9679,1.4163
2515.0,3.8878,49.9375,1.0454,107.9331,30.5377,1.4747
2520.0,3.8887,49.9913,1.0433,111.1797,30.191,1.4846
2525.0,3.8896,49.8212,1.0265,110.1772,30.3762,1.5002
2530.0,3.8905,49.6638,1.0519,109.2429,30.2193,1.52
2535.0,3.8914,50.1109,1.0353,109.7329,30.5847,1.5093
2540.0,3.8922,49.8653,1.0253,109.6863,30.4366,1.5328
2545.0,3.893,50.1752,1.0445,110.6635,30.4597,1.5238
2550.0,3.8938,50.069,1.0594,112.4345,30.3643,1.5302
2555.0,3.8946,50.8371,1.0433,111.3858,30.5126,1.5276
2560.0,3.8953,50.3308,1.0212,111.7784,30.6574,1.5161
2565.0,3.8959,49.7879,1.0652,112.3531,30.444,1.5261
2570.0,3.8965,50.5793,1.0602,110.1628,30.4884,1.5258
2575.0,3.8971,50.3264,1.0371,109.0643,30.3949,1.5797
2580.0,3.8976,50.1391,1.0326,109.7169,30.0895,1.5887
2585.0,3.8981,50.65,1.0544,110.3706,30.2549,1.6206
2590.0,3.8986,50.5282,1.0599,111.7974,30.6019,1.6395
2595.0,3.8989,50.2406,1.0459,109.5487,30.3574,1.6676
2600.0,3.8992,49.7427,1.064,110.2822,29.9773,1.6712
2605.0,3.8995,50.2803,1.0488,111.4579,30.3809,1.7038
2610.0,3.8997,49.996,1.0635,111.6194,30.8033,1.6825
2615.0,3.8999,50.2574,1.0506,110.3571,30.2908,1.6605
2620.0,3.9,50.1857,1.0652,111.235,30.8278,1.6629
2625.0,3.9,50.0792,1.0604,111.0239,30.7808,1.6846
2630.0,3.9,50.4706,1.0599,111.28,30.6575,1.6897
2635.0,3.8999,50.0495,1.0502,111.5412,30.7107,1.7011
2640.0,3.8997,50.5302,1.039,110.5196,30.0567,1.698
2645.0,3.8995,50.3419,1.0427,111.1989,30.8096,1.6994
2650.0,3.8992,50.8975,1.038,109.4474,30.2712,1.6867
2655.0,3.8989,50.3709,1.0614,112.3875,30.7015,1.6671
2660.0,3.8986,49.7608,1.0311,109.5852,30.5106,1.6743
2665.0,3.8981,50.1085,1.0402,110.3322,30.1257,1.6741
2670.0,3.8977,49.8455,1.0449,110.0853,30.7562,1.6766
2675.0,3.8971,50.4664,1.0331,111.3126,30.2045,1.6539
2680.0,3.8965,50.5106,1.0548,111.1791,30.6416,1.6481
2685.0,3.8959,50.4636,1.0626,112.6088,30.2071,1.6569
2690.0,3.8953,49.9624,1.0622,111.2669,30.5242,1.6716
2695.0,3.8945,49.8835,1.0417,110.5793,30.3243,1.671
2700.0,3.8938,49.958,1.0412,109.9052,30.4624,1.6771
2705.0,3.893,50.1673,1.0455,110.0545,30.6201,1.6773
2710.0,3.8922,50.6149,1.0594,109.9507,30.6608,1.6956
2715.0,3.8914,49.5223,1.0454,111.7311,30.2279,1.7011
2720.0,3.8905,50.3134,1.04,110.1556,30.2396,1.7143
2725.0,3.8896,49.6696,1.0292,110.3754,30.447,1.6977
2730.0,3.8887,49.2632,1.0302,110.4522,30.178,1.6908
2735.0,3.8878,49.5159,1.0489,110.9646,30.2382,1.665
2740.0,3.8869,49.8277,1.0393,110.541,30.3533,1.6373
2745.0,3.8859,50.1476,1.0362,109.5766,30.3019,1.6387
2750.0,3.885,50.1407,1.0448,109.7555,30.3311,1.6842
2755.0,3.884,50.0138,1.0368,109.3474,30.3038,1.6746
2760.0,3.8831,50.3688,1.035,108.9786,30.2297,1.6654
2765.0,3.8822,49.9698,1.0603,109.9428,30.9393,1.6617
2770.0,3.8813,50.2856,1.0333,110.5325,30.6432,1.6781
2775.0,3.8803,50.3728,1.0477,110.5074,30.4862,1.6888
2780.0,3.8794,49.5899,1.0463,110.5144,29.3816,1.721
2785.0,3.8786,49.4202,1.0562,109.5886,30.0581,1.7438
2790.0,3.8777,50.3992,1.0519,110.3025,29.9133,1.7532
2795.0,3.8769,49.9102,1.0329,109.0734,30.0149,1.7478
2800.0,3.8762,50.3618,1.0307,108.6972,30.0851,1.7422
2805.0,3.8754,49.8336,1.0437,109.5022,29.918,1.7614
2810.0,3.8747,49.873,1.0296,108.865,29.6349,1.758
2815.0,3.874,49.7003,1.0427,110.1118,30.2001,1.7711
2820.0,3.8734,49.6463,1.057,109.9932,30.1063,1.8019
2825.0,3.8728,49.7247,1.0192,109.1683,29.838,1.7941
2830.0,3.8723,49.9435,1.0163,107.5425,30.0871,1.7962
2835.0,3.8718,49.4284,1.0464,109.7987,30.3873,1.808
2840.0,3.8714,50.1924,1.0501,109.2244,30.1064,1.8212
2845.0,3.871,49.5744,1.0284,109.3686,30.1774,1.8168
2850.0,3.8707,49.9474,1.0458,109.653,30.1021,1.8123
2855.0,3.8704,49.1443,1.04,109.3601,30.3035,1.8113
2860.0,3.8702,49.248,1.0483,110.2046,30.3109,1.8216
2865.0,3.8701,49.8424,1.055,111.238,29.9467,1.8093
2870.0,3.87,49.6075,1.046,110.7081,30.4664,1.7891
2875.0,3.87,49.6693,1.0384,109.1073,30.04,1.7661
2880.0,3.87,50.3273,1.0377,109.6547,30.1717,1.7797
2885.0,3.8701,49.776,1.0331,109.6182,29.8578,1.8016
2890.0,3.8702,50.0738,1.0311,108.8381,30.202,1.8236
2895.0,3.8704,49.4237,1.0416,108.9695,29.9881,1.8282
2900.0,3.8707,49.5997,1.0265,108.8702,29.8616,1.8414
2905.0,3.871,49.9928,1.0312,109.0985,30.3093,1.8591
2910.0,3.8714,49.9265,1.038,109.4018,30.074,1.851
2915.0,3.8718,49.254,1.046,109.0352,29.8416,1.8428
2920.0,3.8723,49.6315,1.0164,109.6891,29.7632,1.8609
2925.0,3.8728,49.5941,1.044,111.4172,29.4777,1.8681
2930.0,3.8734,49.3548,1.0377,109.13,29.6802,1.8701
2935.0,3.874,50.1591,1.0336,109.2597,29.9535,1.9158
2940.0,3.8747,49.8621,1.0378,109.6475,29.9935,1.9074
2945.0,3.8754,49.3884,1.0255,109.2088,29.9427,1.9128
2950.0,3.8761,49.6268,1.0255,109.1517,29.7384,1.9287
2955.0,3.8769,50.3532,1.0282,109.1651,29.8245,1.9357
2960.0,3.8777,49.6774,1.0521,108.2984,29.5258,1.9667
2965.0,3.8786,49.8163,1.0329,108.528,30.0858,1.9746
2970.0,3.8794,50.6769,1.0339,108.6642,29.4453,1.9818
2975.0,3.8803,49.6306,1.0471,109.1339,29.7829,1.9992
2980.0,3.8812,50.2265,1.0419,110.3533,29.5427,1.9998
2985.0,3.8821,50.2452,1.0171,108.0633,29.7428,2.0187
2990.0,3.8831,50.0233,1.0293,110.0838,30.1459,2.0589
2995.0,3.884,50.0791,1.0518,110.9317,29.7438,2.0501
3000.0,3.8849,49.9145,1.0369,109.5604,29.6995,2.0479
3005.0,3.8859,50.0427,1.0603,111.6262,29.3193,2.0672
3010.0,3.8868,49.5682,1.0393,109.7741,29.9044,2.0966
3015.0,3.8877,50.5776,1.0471,110.5489,29.5536,2.1222
3020.0,3.8887,50.0227,1.035,110.8563,29.6039,2.1312
3025.0,3.8896,49.5207,1.0135,108.3838,30.2576,2.1466
3030.0,3.8905,50.3594,1.0506,110.833,30.2552,2.1272
3035.0,3.8913,50.1703,1.0381,109.6992,30.4642,2.1147
3040.0,3.8922,49.7697,1.0325,109.7073,30.0225,2.1247
3045.0,3.893,50.0555,1.0591,112.0329,29.93,2.1478
3050.0,3.8938,50.2042,1.0507,111.1597,29.8498,2.13
3055.0,3.8945,49.9643,1.0391,110.7849,30.276,2.1367
3060.0,3.8952,50.7617,1.0546,111.1045,30.1043,2.1486
3065.0,3.8959,50.1555,1.0401,111.3234,29.8394,2.1766
3070.0,3.8965,50.3826,1.0504,110.5315,29.8079,2.1657
3075.0,3.8971,50.6078,1.0518,110.1342,30.1997,2.1839
3080.0,3.8976,50.0322,1.0483,110.9965,30.2908,2.1972
3085.0,3.8981,50.6373,1.0385,111.0632,29.8432,2.2
3090.0,3.8985,50.9043,1.0609,110.8863,29.7355,2.2271
3095.0,3.8989,50.1772,1.0647,110.8447,29.7886,2.2361
3100.0,3.8992,49.8567,1.0239,110.8476,29.8641,2.2255
3105.0,3.8995,49.7623,1.0278,109.0932,29.6163,2.2461
3110.0,3.8997,49.9914,1.0397,109.0037,30.0128,2.2722
3115.0,3.8998,50.1145,1.0602,110.7559,30.3952,2.2908
3120.0,3.8999,50.6644,1.052,110.8192,29.9819,2.2962
3125.0,3.8999,50.5197,1.0529,110.9054,29.8812,2.2777
3130.0,3.8999,50.28,1.0304,110.8843,29.941,2.3068
3135.0,3.8998,50.47,1.0283,109.99,30.0357,2.3579
3140.0,3.8997,50.2688,1.0519,110.5143,29.8088,2.3433
3145.0,3.8995,50.5303,1.0698,110.3974,29.8629,2.3267
3150.0,3.8992,49.8726,1.0668,110.2867,29.8119,2.3429
3155.0,3.8989,50.2969,1.0509,109.9684,29.5249,2.3454
3160.0,3.8985,50.3107,1.0181,108.6068,29.9792,2.3464
3165.0,3.898,49.9602,1.0441,110.4302,29.3369,2.3551
3170.0,3.8976,50.3233,1.0466,110.3407,29.1905,2.3652
3175.0,3.897,50.3414,1.045,109.9618,29.5474,2.3918
3180.0,3.8965,50.5493,1.0521,110.5755,29.685,2.4309
3185.0,3.8958,50.2681,1.0354,110.199,29.6878,2.4361
3190.0,3.8952,50.453,1.0558,113.5061,29.3721,2.4245
3195.0,3.8945,49.946,1.0379,110.905,29.4978,2.4262
3200.0,3.8937,50.4163,1.0472,109.5995,29.7661,2.4039
3205.0,3.8929,50.0113,1.0449,110.2876,29.3197,2.3863
3210.0,3.8921,49.6078,1.0403,109.1894,29.2143,2.4075
3215.0,3.8913,49.8277,1.0539,110.2346,29.4366,2.422
3220.0,3.8904,50.0355,1.028,109.9622,29.8972,2.4056
3225.0,3.8895,50.0616,1.0321,110.8557,29.4328,2.3732
3230.0,3.8886,49.4941,1.0374,109.6433,29.7469,2.3618
3235.0,3.8877,49.8286,1.0528,110.3419,29.4526,2.3681
3240.0,3.8867,50.1459,1.0407,110.5079,28.8355,2.3601
3245.0,3.8858,49.8878,1.0429,109.1121,29.3651,2.3507
3250.0,3.8849,49.668,1.0297,109.738,28.7229,2.3822
3255.0,3.884,50.7556,1.0339,109.8742,29.4071,2.3569
3260.0,3.883,50.1601,1.0248,109.6749,28.8497,2.3805
3265.0,3.8821,50.0461,1.038,109.7592,29.6695,2.3983
3270.0,3.8812,49.7496,1.0297,110.7223,29.3917,2.3804
3275.0,3.8803,50.1835,1.0545,110.7559,29.3847,2.3609
3280.0,3.8794,50.0331,1.0368,110.5272,29.706,2.3489
3285.0,3.8785,49.6197,1.0341,109.4375,29.2745,2.3532
3290.0,3.8777,49.719,1.0502,109.2295,29.3549,2.3331
3295.0,3.8769,50.2879,1.0637,111.5681,29.5153,2.3374
3300.0,3.8761,49.6562,1.0491,110.3517,29.0312,2.3129
3305.0,3.8753,49.6156,1.0555,109.8638,29.1656,2.3192
3310.0,3.8746,50.1051,1.0271,109.6948,29.4457,2.3055
3315.0,3.8739,49.4187,1.0458,109.8037,29.0099,2.2858
3320.0,3.8733,50.1423,1.048,109.2823,29.4459,2.3097
3325.0,3.8727,49.7502,1.0206,107.7124,28.9745,2.3328
3330.0,3.8722,49.9267,1.0368,108.7677,28.8031,2.3512
3335.0,3.8717,50.0253,1.0082,108.2686,29.161,2.3525
3340.0,3.8713,49.699,1.0277,109.4138,28.7337,2.3568
3345.0,3.8709,49.5231,1.0379,109.1596,29.1871,2.3448
3350.0,3.8706,49.6374,1.0301,109.0242,28.9888,2.3498
3355.0,3.8703,49.8097,1.0246,109.3808,28.7626,2.3589
3360.0,3.8701,49.6165,1.0311,108.5535,29.1275,2.3575
3365.0,3.87,49.6023,1.0325,109.9374,29.0428,2.3637
3370.0,3.8699,49.4803,1.0323,109.0613,28.9272,2.3921
3375.0,3.8698,50.0495,1.0281,109.2908,28.6292,2.3805
3380.0,3.8699,49.0385,1.0126,109.1863,28.8665,2.3462
3385.0,3.87,49.6407,1.0464,109.4786,28.6296,2.3308
3390.0,3.8701,49.9179,1.026,109.5811,29.3358,2.324
3395.0,3.8703,50.186,1.0246,110.6967,29.3254,2.3477
3400.0,3.8705,48.9874,1.0362,110.5167,28.2098,2.358
3405.0,3.8709,50.009,1.0518,110.993,28.7157,2.3513
3410.0,3.8713,50.1809,1.0404,109.4225,28.6132,2.3689
3415.0,3.8717,49.9761,1.0425,109.9809,28.9838,2.3506
3420.0,3.8722,50.0733,1.0221,109.2773,29.002,2.3578
3425.0,3.8727,49.8162,1.0122,107.405,28.5773,2.3863
3430.0,3.8733,50.0911,1.0377,110.4978,29.327,2.3875
3435.0,3.8739,49.8105,1.0493,110.1468,28.708,2.419
3440.0,3.8745,49.7547,1.0502,110.0859,28.5909,2.4241
3445.0,3.8752,49.5112,1.0322,109.5613,28.5401,2.4429
3450.0,3.876,50.1059,1.0393,109.46,28.7577,2.4671
3455.0,3.8768,49.8307,1.0465,110.0328,28.8489,2.4783
3460.0,3.8776,49.7882,1.0271,107.896,28.6538,2.492
3465.0,3.8784,49.6124,1.0271,109.4531,28.2226,2.4753
3470.0,3.8793,49.2964,1.0423,109.8397,28.9003,2.5074
3475.0,3.8802,49.3209,1.0374,110.6486,28.9645,2.5269
3480.0,3.8811,49.7466,1.0629,109.8285,28.846,2.5312
3485.0,3.882,49.6593,1.0431,108.7323,28.6793,2.5137
3490.0,3.8829,49.5333,1.0467,109.7793,28.7654,2.4978
3495.0,3.8838,49.7485,1.0491,109.5254,28.4835,2.5151
3500.0,3.8848,49.8751,1.0287,109.8261,28.9466,2.5191
3505.0,3.8857,50.1007,1.0352,110.0359,28.6778,2.5615
3510.0,3.8866,49.3829,1.0479,110.2656,27.968,2.6085
3515.0,3.8876,50.1394,1.0612,111.0224,28.9956,2.6341
3520.0,3.8885,49.6324,1.0319,109.3153,28.4637,2.6576
3525.0,3.8894,50.2322,1.0367,109.4349,28.659,2.6604
3530.0,3.8903,50.4801,1.046,110.355,28.5731,2.6594
3535.0,3.8912,49.9215,1.0414,109.3806,28.9569,2.6542
3540.0,3.892,50.2763,1.0514,110.073,28.5713,2.6466
3545.0,3.8928,49.9927,1.0475,110.618,28.3142,2.6663
3550.0,3.8936,50.311,1.0278,109.1146,28.8775,2.7016
3555.0,3.8943,50.1792,1.0332,110.1554,28.6321,2.7078
3560.0,3.895,50.167,1.0362,109.4821,28.4189,2.7063
3565.0,3.8957,50.4095,1.051,109.6653,29.1098,2.7234
3570.0,3.8963,50.0324,1.039,109.7726,28.6695,2.7084
3575.0,3.8969,49.4383,1.0538,109.803,28.4659,2.7315
3580.0,3.8974,50.7655,1.0611,110.4834,28.3346,2.7332
3585.0,3.8979,50.1804,1.0559,110.087,28.8192,2.7311
3590.0,3.8983,50.0565,1.0801,112.1922,28.721,2.7347
3595.0,3.8987,49.5376,1.0609,110.7748,28.6945,2.7145
3600.0,3.899,50.7908,1.0393,110.0329,28.9053,2.7362
3605.0,3.8992,49.903,1.0417,109.4727,28.58,2.7694
3610.0,3.8995,50.4146,1.0648,112.3084,29.2818,2.771
3615.0,3.8997,50.7522,1.0553,110.9261,29.1176,2.762
3620.0,3.8997,50.0994,1.0434,110.7244,28.5707,2.7771
3625.0,3.8997,50.477,1.0499,109.3553,28.8192,2.8175
3630.0,3.8996,50.2388,1.0456,109.2164,28.3904,2.8256
3635.0,3.8995,50.1808,1.0463,110.7558,28.6441,2.8679
3640.0,3.8993,50.4421,1.0848,111.731,28.2049,2.8817
3645.0,3.8992,50.3288,1.0495,111.0903,28.7248,2.8955
3650.0,3.8989,50.3872,1.0545,110.7822,28.8248,2.879
3655.0,3.8986,50.1036,1.0473,111.8478,28.632,2.9099
3660.0,3.8982,50.4171,1.0583,110.83,28.7587,2.908
3665.0,3.8977,50.0663,1.0537,111.1971,28.3337,2.9211
3670.0,3.8973,50.8013,1.0457,110.8501,28.5602,2.8812
3675.0,3.8968,50.4372,1.0333,109.707,28.7343,2.8808
3680.0,3.8961,49.6114,1.0283,109.0668,28.1799,2.8692
3685.0,3.8956,50.0518,1.0519,111.0833,28.7303,2.844
3690.0,3.8949,50.518,1.0403,109.7996,28.5089,2.8429
3695.0,3.8941,50.334,1.0379,110.1202,28.0081,2.8341
3700.0,3.8935,49.7132,1.0456,110.5063,28.9912,2.8324
3705.0,3.8927,50.2858,1.049,109.4486,28.7478,2.8461
3710.0,3.8919,49.9051,1.053,110.0263,28.7461,2.8396
3715.0,3.8909,49.793,1.0232,109.9244,27.7707,2.8381
3720.0,3.8901,50.2937,1.0454,110.9431,28.2132,2.8629
3725.0,3.8892,50.2727,1.0266,110.2123,28.1236,2.8444
3730.0,3.8883,50.3636,1.0564,110.4956,28.372,2.8625
3735.0,3.8873,49.9581,1.0493,109.7841,27.9725,2.8699
3740.0,3.8864,50.0277,1.0526,110.2504,27.7802,2.8741
3745.0,3.8855,49.8305,1.0344,109.382,28.2871,2.8875
3750.0,3.8846,49.8469,1.0491,109.3437,28.3739,2.8918
3755.0,3.8836,49.806,1.0349,109.8997,28.4206,2.8615
3760.0,3.8827,50.1486,1.0347,109.5448,28.1408,2.8506
3765.0,3.8817,49.145,1.0291,109.5326,28.0588,2.8668
3770.0,3.8808,49.6507,1.0465,109.3294,28.451,2.8614
3775.0,3.88,49.9713,1.0352,109.3836,28.673,2.8884
3780.0,3.8789,49.9495,1.0487,110.9861,27.9262,2.8989
3785.0,3.8781,50.085,1.0385,107.9745,27.9959,2.9019
3790.0,3.8772,49.8031,1.0551,110.8281,28.0699,2.9109
3795.0,3.8764,49.8808,1.0321,109.4518,28.262,2.9242
3800.0,3.8756,49.3288,1.0531,110.4195,28.2636,2.9406
3805.0,3.8748,49.6312,1.0289,110.1172,27.974,2.9436
3810.0,3.8742,49.9507,1.0477,110.8418,28.1041,2.9249
3815.0,3.8733,49.7617,1.0535,109.7112,27.6072,2.9827
3820.0,3.8728,49.9044,1.0184,109.4939,28.2134,2.9732
3825.0,3.8721,49.78,1.0314,109.3399,27.4691,2.9763
3830.0,3.8716,49.6984,1.054,109.4711,27.7958,2.9804
3835.0,3.8712,49.6232,1.0355,109.3121,27.9363,2.9821
3840.0,3.8707,49.3145,1.02,108.2479,27.8149,2.9966
3845.0,3.8703,50.1988,1.0513,109.342,27.8635,2.9872
3850.0,3.8701,50.0082,1.0524,110.2002,28.2484,2.9929
3855.0,3.8697,49.8439,1.0132,107.7542,27.7788,3.0256
3860.0,3.8695,49.6296,1.0538,111.0607,27.9502,3.0028
3865.0,3.8693,49.7241,1.0373,110.0985,27.7179,3.0104
3870.0,3.8693,49.7029,1.0409,109.8545,28.0192,3.0277
3875.0,3.8691,49.7873,1.0025,108.9751,27.4095,3.0317
3880.0,3.8692,49.8083,1.0313,108.5428,27.8146,3.0307
3885.0,3.8694,49.6114,1.058,111.0421,28.1259,3.0478
3890.0,3.8694,49.5006,1.0344,109.7737,27.5897,3.0405
3895.0,3.8695,49.6139,1.0268,108.907,27.5437,3.0645
3900.0,3.87,49.7909,1.0146,108.6082,28.0398,3.0536
3905.0,3.8702,49.8052,1.0241,110.1541,27.6538,3.0607
3910.0,3.8707,50.1102,1.031,109.5046,27.9072,3.0317
3915.0,3.8711,49.7984,1.0397,109.1995,28.0645,3.0416
3920.0,3.8714,49.9622,1.0261,109.1985,27.4648,3.0545
3925.0,3.872,49.7885,1.0391,109.5061,27.6318,3.0221
3930.0,3.8727,50.124,1.0215,108.8836,28.1077,3.0526
3935.0,3.8733,49.802,1.0128,109.0435,28.0431,3.0717
3940.0,3.8739,50.1323,1.0385,109.9914,27.8441,3.0869
3945.0,3.8746,49.2944,1.022,108.8844,27.6316,3.075
3950.0,3.8753,49.7604,1.0347,109.6738,27.6291,3.0785
3955.0,3.8762,50.228,1.034,109.5865,27.9243,3.0892
3960.0,3.8769,50.2882,1.0363,109.8462,27.6095,3.1021
3965.0,3.8776,49.8159,1.038,109.3666,27.489,3.1313
3970.0,3.8786,49.9447,1.0334,109.2977,28.1427,3.1636
3975.0,3.8794,50.0096,1.0519,110.3525,27.9144,3.1793
3980.0,3.8802,49.7394,1.0511,109.3581,27.631,3.225
3985.0,3.8812,49.4631,1.0374,110.013,28.0546,3.2606
3990.0,3.8819,50.0141,1.0387,108.8114,27.4147,3.2592
3995.0,3.8829,49.9328,1.0407,109.3513,27.7131,3.2662
4000.0,3.884,50.0521,1.0495,111.9905,28.2118,3.2821
4005.0,3.8849,50.4076,1.0199,109.648,28.1146,3.2978
4010.0,3.8856,49.5135,1.0289,110.0833,27.6541,3.3417
4015.0,3.8865,49.8731,1.0613,110.2855,27.7437,3.3621
4020.0,3.8875,49.9797,1.0567,110.5321,27.8066,3.354
4025.0,3.8885,50.1986,1.0355,110.7098,27.9037,3.3459
4030.0,3.8892,50.1684,1.0488,110.6001,27.9192,3.3962
4035.0,3.8902,50.8265,1.0796,110.9297,28.3042,3.4293
4040.0,3.8909,50.0,1.0517,111.4042,28.0037,3.4416
4045.0,3.8916,50.1165,1.0404,110.146,28.0461,3.4797
4050.0,3.8923,49.9994,1.0276,109.2081,27.7694,3.486
4055.0,3.8932,50.1395,1.0437,110.7074,28.21,3.4919
4060.0,3.8937,49.7342,1.0622,111.6698,27.6635,3.4766
4065.0,3.8946,49.8108,1.0444,109.4708,27.9156,3.4696
4070.0,3.895,49.4862,1.0394,110.0026,27.5399,3.4853
4075.0,3.8956,50.2588,1.0536,110.3691,27.7039,3.5063
4080.0,3.896,49.7789,1.0417,110.7101,27.7531,3.5324
4085.0,3.8966,50.5107,1.0462,109.7749,27.9507,3.5555
4090.0,3.8967,49.9042,1.0393,110.106,27.4753,3.5731
4095.0,3.8973,50.4981,1.0709,111.686,28.0119,3.5899
4100.0,3.8976,49.7992,1.0574,112.4324,27.8398,3.5779
4105.0,3.8979,49.8038,1.0367,110.3078,27.8269,3.5601
4110.0,3.8981,50.3399,1.0526,111.6284,27.8891,3.5797
4115.0,3.8984,50.2449,1.0478,111.327,28.1813,3.583
4120.0,3.8982,50.4388,1.0348,112.1008,27.5698,3.5621
4125.0,3.8986,50.016,1.06,109.8306,28.2263,3.551
4130.0,3.8984,49.9792,1.0389,111.1619,28.1355,3.5833
4135.0,3.8982,50.2912,1.039,110.9519,27.912,3.5995
4140.0,3.8979,50.0655,1.0677,111.547,27.7394,3.6094
4145.0,3.898,50.1762,1.0442,112.2766,28.224,3.6025
4150.0,3.8975,50.4174,1.0492,111.7325,27.5647,3.5626
4155.0,3.8973,49.7143,1.0474,110.544,27.8694,3.5689
4160.0,3.8969,49.9277,1.0512,110.2768,27.7268,3.5579
4165.0,3.8964,49.9939,1.0402,111.0229,27.6824,3.5506
4170.0,3.896,50.5681,1.0645,109.9898,27.8088,3.5655
4175.0,3.8952,50.4026,1.0411,110.0711,27.3728,3.5749
4180.0,3.8951,50.6304,1.0549,110.3299,28.3961,3.5911
4185.0,3.8942,50.2166,1.0468,109.6131,27.961,3.6041
4190.0,3.8935,50.074,1.0435,109.5442,28.0498,3.6087
4195.0,3.8923,49.8498,1.0432,111.1191,27.5187,3.6539
4200.0,3.8916,50.0664,1.0281,108.594,27.4367,3.642
4205.0,3.8909,50.4352,1.0457,109.7614,27.6824,3.6617
4210.0,3.8901,50.3321,1.0665,112.1726,27.7691,3.6482
4215.0,3.889,49.6969,1.0477,109.6907,27.3851,3.6532
4220.0,3.8887,50.0075,1.0519,109.834,28.1379,3.6429
4225.0,3.8877,50.0681,1.0578,110.3232,28.0348,3.6372
4230.0,3.8864,49.7955,1.0381,109.3966,27.4561,3.6348
4235.0,3.8859,50.2744,1.0548,111.0187,28.0016,3.6092
4240.0,3.8848,49.5535,1.0368,110.1875,27.497,3.5868
4245.0,3.8839,49.8073,1.0278,109.4514,27.5812,3.5733
4250.0,3.8832,49.7906,1.062,110.1594,27.9326,3.5607
4255.0,3.8821,50.3685,1.0597,109.3832,27.906,3.5883
4260.0,3.8811,49.9862,1.0383,109.8561,27.9126,3.5988
4265.0,3.88,50.0261,1.0374,110.2806,27.6074,3.5884
4270.0,3.8791,49.7923,1.0365,110.3152,27.6458,3.5924
4275.0,3.8785,50.0519,1.0394,110.2225,28.0725,3.5925
4280.0,3.8772,50.4698,1.0632,110.3785,27.5262,3.5934
4285.0,3.8763,50.0452,1.0446,109.6071,27.5085,3.5998
4290.0,3.8755,49.444,1.0219,108.9113,27.7728,3.614
4295.0,3.8746,49.8766,1.0269,108.6641,27.6137,3.623
4300.0,3.8737,49.694,1.0398,109.3057,27.521,3.6156
4305.0,3.8729,49.2848,1.0436,109.2106,27.4567,3.6151
4310.0,3.8723,49.6497,1.0354,109.2556,27.6905,3.6324
4315.0,3.8719,50.254,1.0487,109.831,28.0364,3.6173
4320.0,3.871,49.2895,1.0253,108.2904,27.5425,3.5976
4325.0,3.8704,49.845,1.0334,109.5976,27.6758,3.6222
4330.0,3.8698,49.5079,1.0283,109.2888,27.649,3.6401
4335.0,3.8693,50.1436,1.0358,109.8161,27.5551,3.6133
4340.0,3.8687,49.2182,1.0307,108.1023,27.3729,3.6256
4345.0,3.8683,49.7278,1.0534,108.9248,27.301,3.6184
4350.0,3.8683,49.478,1.0527,110.7983,27.7869,3.619
4355.0,3.8684,49.6828,1.0201,109.1631,28.0679,3.5864
4360.0,3.8673,49.3249,1.0429,108.58,26.9597,3.5975
4365.0,3.8678,49.5144,1.0533,109.4009,27.8163,3.6128
4370.0,3.8671,49.3822,1.0012,108.0333,27.3383,3.6413
4375.0,3.8676,50.0013,1.0292,108.3752,27.9325,3.6363
4380.0,3.8674,49.7639,1.0365,109.6311,27.5704,3.6271
4385.0,3.8674,49.2861,1.0433,110.4556,27.5278,3.6508
4390.0,3.8676,50.0598,1.024,109.7982,27.709,3.6556
4395.0,3.868,49.6129,1.0324,108.5148,27.84,3.653
4400.0,3.868,49.6745,1.0444,111.0292,27.7166,3.6715
4405.0,3.8683,49.4964,1.0606,110.5136,27.6294,3.668
4410.0,3.8684,49.437,1.0427,109.9589,27.27,3.6621
4415.0,3.8694,49.8573,1.0296,109.5071,27.8344,3.654
4420.0,3.8692,49.8116,1.0675,111.3959,27.1762,3.6654
4425.0,3.8701,49.7443,1.0447,108.5355,27.5298,3.66
4430.0,3.8712,49.6499,1.0238,108.3255,28.3353,3.6863
4435.0,3.8712,49.0026,1.0112,109.7277,27.5518,3.6897
4440.0,3.8723,49.7843,1.0383,109.326,28.0314,3.6877
4445.0,3.8725,49.3319,1.0327,110.3874,27.2629,3.6701
4450.0,3.8737,49.9713,1.0397,109.339,27.6974,3.6514
4455.0,3.8743,49.7615,1.0315,109.4703,27.4295,3.6521
4460.0,3.8746,49.7468,1.0284,109.4435,27.0423,3.682
4465.0,3.8756,49.919,1.0296,109.5171,27.386,3.7127
4470.0,3.8769,49.9148,1.0579,110.6099,28.0563,3.7421
4475.0,3.8777,49.9686,1.0313,109.1381,27.9418,3.7569
4480.0,3.8783,50.0765,1.0526,109.7402,27.5489,3.7423
4485.0,3.8792,50.3653,1.0433,110.0533,27.6118,3.7605
4490.0,3.8801,50.3264,1.0522,109.8483,27.6079,3.7834
4495.0,3.8812,49.8956,1.0492,108.2517,27.7606,3.7805
4500.0,3.882,49.8247,1.0383,110.5536,27.6471,3.7903
4505.0,3.8831,50.0056,1.0578,110.0401,27.8262,3.7965
4510.0,3.8843,49.6551,1.0684,111.1029,28.0757,3.7822
4515.0,3.885,49.8955,1.036,109.7286,27.6439,3.7768
4520.0,3.8859,50.5185,1.0294,108.5093,27.7479,3.7879
4525.0,3.8868,49.8633,1.0466,109.1435,27.8314,3.8139
4530.0,3.8878,50.1144,1.0291,110.3625,27.9709,3.8232
4535.0,3.8886,49.9735,1.0377,110.0402,28.1103,3.852
4540.0,3.8893,50.1897,1.0634,110.9515,27.8316,3.8364
4545.0,3.8902,50.1437,1.0382,110.256,28.0526,3.8572
4550.0,3.8909,50.3345,1.0403,109.3081,28.2004,3.8991
4555.0,3.8907,50.2944,1.0363,108.1951,27.2559,3.907
4560.0,3.8927,50.3294,1.0484,109.7211,28.568,3.9118
4565.0,3.8929,50.409,1.0653,110.4753,28.1278,3.9217
4570.0,3.8931,50.2477,1.0452,110.9714,27.8245,3.9508
4575.0,3.8941,50.0002,1.0246,108.0919,28.2371,3.9522
4580.0,3.8939,50.239,1.0361,109.7379,27.611,3.9731
4585.0,3.8946,50.071,1.0446,109.1437,27.8194,3.9805
4590.0,3.8953,49.91,1.0489,109.1857,28.0784,3.9728
4595.0,3.8956,50.4572,1.0345,109.5883,28.1089,3.9881
4600.0,3.8958,49.8551,1.0399,110.0477,27.9702,3.9969
4605.0,3.8958,49.9811,1.0686,110.2046,27.6833,3.9919
4610.0,3.8964,50.3705,1.0587,110.6446,27.9589,3.9789
4615.0,3.8966,49.9157,1.0438,110.6835,27.8198,3.9423
4620.0,3.8971,50.4413,1.0412,109.9234,28.2247,3.9284
4625.0,3.8967,50.2237,1.0499,109.5618,27.733,3.9317
4630.0,3.8969,49.9512,1.0574,111.652,27.9726,3.9324
4635.0,3.8971,49.829,1.0704,110.7019,28.196,3.9184
4640.0,3.896,49.8912,1.0481,110.5863,27.3361,3.939
4645.0,3.8961,50.0704,1.0527,110.7833,27.5315,3.9266
4650.0,3.8959,50.3424,1.0732,110.8749,27.8801,3.9551
4655.0,3.8956,50.3884,1.0663,111.2032,27.9126,3.9632
4660.0,3.8957,50.3135,1.0527,110.0286,28.2938,3.9477
4665.0,3.8947,50.3301,1.0295,109.9662,27.9713,3.9761
4670.0,3.8944,50.4857,1.043,109.9239,28.1027,3.97
4675.0,3.8945,49.6152,1.0221,109.4406,28.753,3.9633
4680.0,3.8933,49.6804,1.0487,110.4696,28.1472,3.9718
4685.0,3.8929,49.9306,1.0425,109.9346,28.4965,3.9876
4690.0,3.892,50.262,1.059,110.6104,28.2875,3.9878
4695.0,3.8918,49.798,1.0461,110.5998,28.8102,3.9808
4700.0,3.8905,50.0619,1.0587,110.1634,28.205,3.9815
4705.0,3.8896,49.5163,1.0512,109.6586,28.1868,3.988
4710.0,3.889,50.5478,1.0464,109.7508,28.2629,3.9608
4715.0,3.8877,50.3737,1.0318,108.6148,27.8189,3.9645
4720.0,3.8867,50.0125,1.0377,109.3831,27.7836,3.9705
4725.0,3.8861,49.5139,1.0482,110.6761,28.0855,3.9661
4730.0,3.8856,49.819,1.0559,109.6089,28.2585,3.9362
4735.0,3.8844,49.8824,1.0305,108.8571,28.0509,3.9416
4740.0,3.8836,49.9857,1.0521,110.3092,28.0575,3.9088
4745.0,3.883,49.8847,1.0439,110.352,28.3134,3.8944
4750.0,3.8818,49.3542,1.0381,109.7256,27.9067,3.8622
4755.0,3.8814,50.2252,1.0398,109.0272,28.3389,3.8383
4760.0,3.8798,50.4066,1.0308,109.5603,27.7035,3.8507
4765.0,3.879,50.3243,1.0374,109.1568,27.8236,3.8322
4770.0,3.8784,50.0763,1.0559,110.0085,28.0971,3.8223
4775.0,3.878,49.5579,1.0396,110.3489,28.7125,3.8006
4780.0,3.8767,49.742,1.0551,110.1922,28.1785,3.812
4785.0,3.8757,50.2591,1.0396,109.4344,28.2273,3.8328
4790.0,3.8749,50.1943,1.0441,110.4858,28.187,3.8224
4795.0,3.8742,50.1227,1.0172,108.7214,28.4649,3.8377
4800.0,3.8733,49.1537,1.0369,108.4702,27.9309,3.7721
4805.0,3.8728,49.6644,1.0235,107.6828,28.0299,3.741
4810.0,3.8723,49.6744,1.0279,109.0198,28.2373,3.7181
4815.0,3.8716,49.5,1.0409,110.8027,28.105,3.6969
4820.0,3.8714,49.3894,1.0124,108.7355,28.4384,3.6658
4825.0,3.8705,49.3787,1.0273,109.4275,28.0795,3.6804
4830.0,3.8698,49.2662,1.0232,108.5002,28.0566,3.6981
4835.0,3.8694,49.4153,1.0095,108.7893,28.1975,3.7095
4840.0,3.8691,49.8751,1.0457,110.0921,28.3578,3.7064
4845.0,3.8685,49.645,1.0479,109.8681,28.0917,3.7057
4850.0,3.8686,49.8015,1.047,108.9531,28.6964,3.6938
4855.0,3.8679,49.9895,1.0321,109.617,28.0283,3.6957
4860.0,3.8678,49.6848,1.0281,108.4024,28.1651,3.6938
4865.0,3.8673,49.7721,1.0487,109.5279,27.8614,3.7123
4870.0,3.8679,50.3588,1.0434,109.3775,28.7642,3.7155
4875.0,3.8674,50.18,1.0232,108.948,28.1351,3.712
4880.0,3.8674,49.2838,1.0487,110.0622,28.17,3.7312
4885.0,3.8674,49.5503,1.0244,110.2948,28.2404,3.7594
4890.0,3.8677,49.2254,1.036,110.5436,28.2585,3.7257
4895.0,3.8677,49.5437,1.0349,109.2782,27.9642,3.7211
4900.0,3.8682,49.4048,1.0064,109.844,28.2997,3.732
4905.0,3.869,49.4163,1.0322,110.2995,28.9259,3.7239
4910.0,3.8686,49.6234,1.044,108.8278,27.9299,3.7262
4915.0,3.8696,49.9811,1.0292,108.6043,28.6012,3.7271
4920.0,3.8701,49.6033,1.0487,109.5935,28.6356,3.7278
4925.0,3.8707,49.2883,1.0412,110.954,28.5479,3.7066
4930.0,3.8716,49.913,1.028,108.7312,29.0388,3.6948
4935.0,3.8718,50.0616,1.0169,108.0722,28.1844,3.6663
4940.0,3.8726,49.328,1.0367,109.645,28.3405,3.6759
4945.0,3.8735,49.5655,1.045,110.2679,28.6536,3.6694
4950.0,3.8739,49.8777,1.0338,107.9338,28.2102,3.6848
4955.0,3.8747,49.5938,1.0531,110.1781,28.4476,3.7237
4960.0,3.8758,49.3541,1.0335,109.4015,28.9061,3.7371
4965.0,3.8764,50.0187,1.0389,109.0212,28.8762,3.7862
4970.0,3.8768,49.4931,1.0412,108.7428,28.501,3.8374
4975.0,3.878,50.3166,1.0268,108.4645,29.2344,3.8792
4980.0,3.8783,50.2221,1.0421,108.606,28.6491,3.923
4985.0,3.8792,50.0402,1.0371,110.2964,29.0699,3.9805
4990.0,3.8792,49.6396,1.0473,110.9352,28.2963,4.0176
4995.0,3.8806,49.4529,1.0406,110.7767,28.8307,4.0437
5000.0,3.8809,50.0266,1.0394,109.9264,28.6075,4.0963
5005.0,3.8818,50.6317,1.0335,109.5066,28.8857,4.1483
5010.0,3.8821,49.5864,1.0379,109.638,28.5135,4.1795
5015.0,3.883,49.899,1.0527,110.2274,28.3894,4.1666
5020.0,3.8841,50.3024,1.041,110.7821,28.7689,4.2076
5025.0,3.8843,49.5781,1.0532,109.1363,28.3937,4.2303
5030.0,3.886,49.0941,1.0352,110.5268,29.1008,4.2459
5035.0,3.8865,50.1582,1.0515,109.1186,28.7662,4.2549
5040.0,3.8874,49.7147,1.0459,111.1838,28.986,4.2731
5045.0,3.8884,50.0506,1.021,109.1352,29.284,4.2967
5050.0,3.8878,49.8457,1.0481,109.9458,28.4539,4.3284
5055.0,3.8894,50.179,1.0332,110.3239,29.123,4.3467
5060.0,3.8895,50.2644,1.029,109.2418,28.9255,4.3746
5065.0,3.8901,50.0857,1.0291,109.6755,28.7338,4.3617
5070.0,3.8902,49.8972,1.0455,110.637,28.6579,4.4012
5075.0,3.8908,50.1684,1.0389,110.7476,28.8007,4.4191
5080.0,3.8914,50.1945,1.0339,109.8155,29.0014,4.4437
5085.0,3.8924,50.3983,1.0433,109.7342,29.2748,4.4404
5090.0,3.8926,50.089,1.0604,111.5916,29.4005,4.4776
5095.0,3.8925,50.4347,1.0272,110.0377,29.1215,4.4801
5100.0,3.893,49.1471,1.0329,110.354,29.3311,4.4959
5105.0,3.8925,50.0188,1.0614,110.766,29.0932,4.5245
5110.0,3.8928,49.9445,1.0606,110.8792,29.2597,4.5415
5115.0,3.8926,50.002,1.0439,111.0305,29.068,4.5424
5120.0,3.8925,50.4673,1.0343,109.7532,28.9568,4.5391
5125.0,3.8937,50.195,1.0634,110.6134,29.5041,4.5237
5130.0,3.8928,50.1325,1.0497,109.418,29.1811,4.5507
5135.0,3.8926,49.6976,1.0626,111.5716,29.1979,4.5552
5140.0,3.8925,50.6106,1.0518,111.0359,29.4323,4.5796
5145.0,3.8926,50.2751,1.0502,110.321,29.4788,4.565
5150.0,3.8911,50.3572,1.0355,109.5484,29.054,4.5933
5155.0,3.889,49.9651,1.0497,110.8492,28.5074,4.626
5160.0,3.8909,50.2674,1.0507,110.077,29.7423,4.6425
5165.0,3.8891,49.8781,1.0432,109.6876,29.03,4.6412
5170.0,3.8881,49.7911,1.0509,110.2238,28.8595,4.643
5175.0,3.889,49.5691,1.0656,111.2699,29.769,4.667
5180.0,3.8866,50.5676,1.0313,109.6561,29.0951,4.686
5185.0,3.8854,50.1326,1.0566,110.1324,29.2315,4.7255
5190.0,3.884,50.1437,1.0482,110.4865,29.07,4.7386
5195.0,3.8833,49.8879,1.0526,109.6257,29.2264,4.752
5200.0,3.883,49.9906,1.0427,110.3068,29.4564,4.7564
5205.0,3.8823,49.926,1.0444,109.8563,29.6213,4.7654
5210.0,3.8805,49.8678,1.0438,109.6139,29.4534,4.7878
5215.0,3.8787,50.1439,1.0555,109.6108,29.4145,4.8185
5220.0,3.8767,50.128,1.0452,110.522,29.0827,4.8186
5225.0,3.8757,49.562,1.0157,109.3262,29.1584,4.8284
5230.0,3.8755,49.6162,1.049,109.7448,29.3323,4.8167
5235.0,3.8736,49.4943,1.0429,109.1237,29.0982,4.8212
5240.0,3.8717,49.8335,1.0232,109.0613,29.1777,4.8568
5245.0,3.8708,49.5901,1.0704,109.4527,29.2343,4.8588
5250.0,3.8703,49.5795,1.0438,108.3541,29.4124,4.8553
5255.0,3.8675,50.2623,1.0251,109.5324,29.3254,4.8986
5260.0,3.8661,49.4136,1.0279,109.2362,29.4104,4.9183
5265.0,3.8636,49.4599,1.0242,107.7603,29.1259,4.9288
5270.0,3.8623,49.5034,1.0278,109.4022,29.0216,4.9228
5275.0,3.8621,50.1399,1.0105,107.9248,29.1428,4.9132
5280.0,3.8614,49.9083,1.0368,109.3098,29.4207,4.9288
5285.0,3.8589,49.4301,1.0434,108.4549,29.027,4.9297
5290.0,3.8592,48.8817,1.0273,107.7019,29.5413,4.9439
5295.0,3.858,49.4763,1.0369,108.8221,29.4349,4.9408
5300.0,3.8566,49.7159,1.0243,108.7851,29.2526,4.9343
5305.0,3.8557,49.4701,1.0196,108.3072,29.2224,4.9315
5310.0,3.853,49.4395,1.0291,108.1483,28.9641,4.9487
5315.0,3.8522,49.0254,1.0332,108.0385,28.8113,4.9343
5320.0,3.8525,49.2607,1.0331,109.1865,29.3413,4.9607
5325.0,3.8526,49.0537,1.0031,108.5052,29.2896,4.9368
5330.0,3.8506,49.2752,1.0116,107.9765,29.0531,4.9447
5335.0,3.8532,49.696,1.0323,109.0546,29.2337,4.8849
5340.0,3.8503,49.2585,1.021,107.4879,29.1269,4.9306
5345.0,3.8505,49.605,1.0397,107.8461,29.3189,4.9355
5350.0,3.8495,49.2157,1.0213,107.6805,29.1409,4.933
5355.0,3.8506,49.1762,1.0037,107.246,29.7531,4.9582
5360.0,3.8486,50.0908,1.0203,107.9369,29.4558,4.971
5365.0,3.847,49.0232,1.0153,107.5319,29.409,4.9968
5370.0,3.8424,48.6243,1.0349,108.1357,28.6459,5.0141
5375.0,3.846,49.6333,1.0139,107.1715,29.5742,5.0311
5380.0,3.8436,49.0251,1.0341,108.4072,29.1514,5.0414
5385.0,3.8436,49.6808,1.026,107.282,29.2598,5.0535
5390.0,3.8469,49.3893,1.0206,108.1162,29.7886,5.0409
5395.0,3.8447,49.3397,1.0334,108.3534,29.2536,5.04
5400.0,3.8462,49.6324,1.0223,107.281,29.3501,5.0264
5405.0,3.8491,49.2285,1.0196,108.2669,29.8604,5.0213
5410.0,3.8456,49.7664,1.0098,108.3101,29.2858,5.0482
5415.0,3.8475,49.2336,1.0108,106.8381,29.5747,5.0501
5420.0,3.8479,49.0841,1.0314,108.13,29.5185,5.05
5425.0,3.8464,49.0646,1.0224,107.668,29.281,5.0687
5430.0,3.8492,49.3966,1.0281,108.7231,29.5866,5.0583
5435.0,3.8473,49.0474,1.0162,106.8188,29.191,5.0745
5440.0,3.8472,49.624,1.0107,107.6676,29.4143,5.1112
5445.0,3.8497,49.6646,1.0223,108.7431,29.8374,5.1209
5450.0,3.8482,49.4681,1.0203,107.1396,29.476,5.1341
5455.0,3.8487,49.3303,1.0192,108.4292,29.5955,5.1537
5460.0,3.8512,49.4531,1.0529,110.0126,29.8203,5.1497
5465.0,3.8519,49.5286,1.0097,106.9717,29.912,5.1639
5470.0,3.8528,49.3346,1.0174,107.2115,29.6989,5.151
5475.0,3.8524,49.3184,1.0187,108.3389,29.589,5.1686
5480.0,3.8546,49.2223,1.0285,108.2549,29.7216,5.1624
5485.0,3.8547,49.206,1.0243,108.4187,29.2967,5.1451
5490.0,3.8566,49.4259,1.0448,108.8924,29.5744,5.1573
5495.0,3.8558,49.7061,1.0442,108.9482,29.3586,5.1744
5500.0,3.8595,49.301,1.0325,109.0008,29.7352,5.1633
5505.0,3.8619,49.1846,1.0417,110.6362,29.8786,5.153
5510.0,3.8606,49.6399,1.0376,108.5896,29.2418,5.1439
5515.0,3.8665,50.1764,1.024,107.9388,30.3943,5.15
5520.0,3.8659,50.0088,1.0097,109.3419,30.2626,5.178
5525.0,3.8661,49.7901,1.0317,107.6942,29.7614,5.1534
5530.0,3.8663,50.0116,1.0475,107.807,29.886,5.182
5535.0,3.8661,49.1046,1.0535,109.0414,29.847,5.205
5540.0,3.8658,50.1665,1.0222,108.8377,29.8146,5.2281
5545.0,3.866,49.5667,1.0261,108.4845,29.7061,5.2348
5550.0,3.8673,49.9815,1.0378,108.2705,29.6589,5.2275
5555.0,3.8724,49.3479,1.0208,109.0805,30.4319,5.2133
5560.0,3.8679,49.6927,1.0366,108.9538,29.3389,5.2214
5565.0,3.8671,49.538,1.0506,108.5541,29.5885,5.2725
5570.0,3.8685,49.7287,1.0362,108.3858,29.777,5.2808
5575.0,3.8698,49.2319,1.0088,107.7238,29.5532,5.2517
5580.0,3.8705,50.1609,1.045,108.102,29.7878,5.2712
5585.0,3.8726,49.5788,1.0257,110.1741,30.3498,5.2945
5590.0,3.8709,49.9493,1.0288,108.1714,29.8753,5.2947
5595.0,3.8707,49.5538,1.0278,109.0313,29.7939,5.2999
5600.0,3.8709,50.0162,1.0341,107.8355,30.0309,5.3232
5605.0,3.8731,49.6583,1.0192,108.4865,30.6244,5.3428
5610.0,3.8735,49.0747,1.0481,109.6077,30.475,5.3291
5615.0,3.8706,49.7264,1.0382,109.4542,30.3809,5.372
5620.0,3.8683,50.1731,1.0437,110.0402,29.9286,5.3734
5625.0,3.8687,49.5328,1.0286,109.0175,29.9012,5.3666
5630.0,3.8679,49.4441,1.0431,108.9724,29.8197,5.3699
5635.0,3.8656,49.9037,1.0463,109.4222,29.6601,5.3883
5640.0,3.8678,50.2423,1.0511,108.4986,30.3101,5.4084
5645.0,3.864,49.2281,1.0349,108.3271,29.715,5.4095
5650.0,3.8651,50.0838,1.0371,107.472,29.9546,5.4093
5655.0,3.8657,50.2219,1.023,107.6752,29.9533,5.3954
5660.0,3.8654,49.3678,1.0561,110.9028,29.8509,5.3818
5665.0,3.8644,49.1739,1.0276,108.2094,29.8413,5.3866
5670.0,3.8643,49.5755,1.0181,107.7335,29.7544,5.3725
5675.0,3.8652,49.8129,1.0371,108.7578,30.1288,5.3782
5680.0,3.8654,49.2312,1.0483,108.8432,30.614,5.4033
5685.0,3.8636,49.6736,1.0317,109.2904,30.3819,5.3987
5690.0,3.8603,49.2447,1.0042,107.7519,30.0904,5.4092
5695.0,3.8598,49.1232,1.0416,109.0475,29.9415,5.3899
5700.0,3.8614,49.9615,1.017,107.3537,30.5769,5.4037
5705.0,3.8581,49.7418,1.026,108.1163,30.0339,5.3918
5710.0,3.8563,49.6538,1.0179,107.6991,29.8757,5.387
5715.0,3.8546,49.4858,1.035,109.0923,29.9124,5.3956
5720.0,3.8536,49.7133,1.0388,108.9954,29.7604,5.3808
5725.0,3.8516,49.8788,1.0147,107.8632,30.014,5.4105
5730.0,3.8526,49.2318,1.0279,109.3804,30.3479,5.408
5735.0,3.8483,49.4698,1.0163,106.0655,29.8179,5.4037
5740.0,3.8485,49.6654,1.0257,108.8818,29.9661,5.3956
5745.0,3.8505,48.877,1.0446,108.3944,30.334,5.3809
5750.0,3.8502,49.1048,1.0243,108.6218,30.1167,5.3503
5755.0,3.85,49.5225,1.0272,108.118,29.9774,5.3226
5760.0,3.8493,49.4003,1.018,108.2251,30.0843,5.3206
5765.0,3.8466,49.1812,1.0282,107.4778,29.9934,5.3328
5770.0,3.8459,49.5676,1.0122,107.2885,30.203,5.3416
5775.0,3.8449,49.459,1.0061,108.1039,30.0635,5.3271
5780.0,3.8404,48.9818,1.0321,107.5509,29.722,5.3412
5785.0,3.8381,49.1478,1.0145,107.1367,29.9611,5.372
5790.0,3.8368,49.3856,1.0087,107.6043,29.72,5.3552
5795.0,3.8387,49.161,1.0297,107.5459,30.2142,5.3555
5800.0,3.8382,49.2137,1.0226,106.3846,30.409,5.3624
5805.0,3.8355,48.9838,1.0211,106.4724,30.1671,5.3634
5810.0,3.8334,49.1529,1.0229,107.4986,29.8591,5.3528
5815.0,3.8369,49.0807,1.0289,108.6346,30.478,5.3456
5820.0,3.8294,49.069,1.0237,107.7808,29.2629,5.3286
5825.0,3.8331,49.5699,1.017,106.8149,30.038,5.3362
5830.0,3.8337,49.6075,1.0328,107.752,30.1687,5.3302
5835.0,3.8337,48.8797,1.0191,107.152,30.3467,5.3346
5840.0,3.8313,48.4328,1.0033,107.2056,29.8887,5.3209
5845.0,3.8323,49.1927,1.0183,106.5308,29.745,5.2912
5850.0,3.8316,49.106,1.0407,107.4448,29.8493,5.3005
5855.0,3.8356,49.7632,1.0171,107.4923,30.2445,5.276
5860.0,3.8306,49.1803,1.0066,108.2165,30.0152,5.3171
5865.0,3.8294,49.1698,1.0224,106.8083,29.8053,5.3134
5870.0,3.8294,48.7347,1.0257,105.9009,29.7563,5.308
5875.0,3.8327,49.287,0.9965,106.1762,29.9795,5.2844
5880.0,3.8307,49.0989,0.9995,106.0585,29.7765,5.2938
5885.0,3.8346,49.3899,0.9963,107.58,30.1156,5.273
5890.0,3.8307,49.4362,1.0329,108.8806,29.7886,5.2979
5895.0,3.836,49.1087,1.0288,106.7369,30.324,5.2772
5900.0,3.8329,49.5341,1.0194,108.7618,29.9404,5.2913
5905.0,3.8302,48.9444,1.022,107.5463,29.3929,5.2876
5910.0,3.8354,49.4328,1.0205,106.5649,30.0753,5.2832
5915.0,3.8376,48.9562,0.9918,106.1942,30.1851,5.27
5920.0,3.8374,48.7645,1.0067,106.7142,30.3649,5.2958
5925.0,3.8348,49.2223,1.0119,107.3408,29.7346,5.2909
5930.0,3.8359,49.3539,1.0113,107.2284,30.0415,5.3118
5935.0,3.8356,48.9455,1.036,106.2546,29.8241,5.3108
5940.0,3.8367,49.5072,1.04,107.5739,30.02,5.3236
5945.0,3.8407,49.5414,1.0095,106.9216,30.4277,5.3172
5950.0,3.8373,49.0076,1.0221,107.7983,29.7217,5.3193
5955.0,3.8405,49.2744,1.0089,106.5806,30.2859,5.3374
5960.0,3.8431,49.1171,1.0195,107.7166,30.2828,5.3198
5965.0,3.8427,48.8031,1.0364,108.4209,30.005,5.3186
5970.0,3.8454,49.4013,1.024,107.1141,29.9858,5.2971
5975.0,3.8459,49.639,1.0249,106.4985,29.5974,5.275
5980.0,3.848,50.0489,1.0134,107.852,30.0376,5.2977
5985.0,3.8491,49.3023,1.0169,106.5161,29.9316,5.2935
5990.0,3.8524,48.902,1.0433,107.0375,30.2763,5.2916
5995.0,3.8519,49.0422,1.0269,107.6516,29.993,5.2953
6000.0,3.8544,49.3967,1.021,107.362,30.1648,5.2909
6005.0,3.8569,49.3391,1.0215,107.8864,30.2568,5.2783
6010.0,3.858,49.8866,1.0081,107.1621,30.2129,5.2781
6015.0,3.8607,49.4373,1.0441,108.9631,30.4532,5.2724
6020.0,3.8604,49.7363,1.0403,108.5676,30.1473,5.2724
6025.0,3.8616,49.3754,1.0157,108.3824,30.3719,5.291
6030.0,3.8611,49.5074,1.0194,107.1577,30.1537,5.3025
6035.0,3.8631,49.6675,1.0458,110.6745,30.2901,5.3007
6040.0,3.8647,49.7506,1.0447,108.3515,30.5816,5.3152
6045.0,3.866,49.609,1.0219,108.2094,30.3157,5.2905
6050.0,3.8666,49.6431,1.0587,108.2239,30.0933,5.2794
6055.0,3.8673,49.6103,1.0317,108.6764,30.0954,5.2831
6060.0,3.8677,49.9947,1.0371,110.5137,30.1374,5.296
6065.0,3.8689,49.6263,1.0423,109.0201,30.2572,5.3011
6070.0,3.8702,49.7813,1.028,108.5264,30.2305,5.2903
6075.0,3.8714,49.368,1.047,108.9621,30.2216,5.2816
6080.0,3.8682,49.8714,1.0488,108.0709,29.5847,5.2931
6085.0,3.8719,49.6719,1.0311,108.4117,30.4685,5.3176
6090.0,3.8713,49.408,1.0366,110.627,30.1782,5.3138
6095.0,3.8705,49.4994,1.0372,109.8759,30.1042,5.3298
6100.0,3.8722,49.5246,1.0158,108.3824,30.243,5.3201
6105.0,3.8722,49.8422,1.0333,109.0035,30.2517,5.3262
6110.0,3.871,49.6095,1.0318,109.0384,29.8459,5.317
6115.0,3.8761,49.8308,1.0315,109.4364,30.4988,5.2838
6120.0,3.8744,49.7026,1.0478,108.8629,29.7959,5.2567
6125.0,3.8757,49.7782,1.0358,108.9251,30.1466,5.2633
6130.0,3.876,49.8723,1.044,110.1864,30.3719,5.2752
6135.0,3.8746,49.8775,1.0438,109.9805,30.0635,5.2733
6140.0,3.8723,49.6988,1.0338,108.0144,29.929,5.3001
6145.0,3.8748,49.3308,1.0496,109.1476,30.0499,5.2618
6150.0,3.8755,49.7705,1.0563,108.6172,30.3884,5.2693
6155.0,3.8732,50.0733,1.0596,108.4919,29.8146,5.2561
6160.0,3.8748,50.1081,1.0479,110.6717,30.0368,5.2348
6165.0,3.8746,49.9966,1.0284,108.1983,29.9809,5.2212
6170.0,3.8743,49.882,1.0395,109.1776,30.0705,5.2236
6175.0,3.8726,49.9003,1.0151,107.7683,29.9405,5.2322
6180.0,3.874,50.0017,1.0396,108.9493,30.3791,5.2273
6185.0,3.8758,49.7683,1.0353,109.9261,30.9753,5.2236
6190.0,3.8715,49.3486,1.0135,107.4883,30.2731,5.2345
6195.0,3.8709,49.4897,1.0294,108.876,30.5385,5.252
6200.0,3.8667,49.4703,1.0416,109.0712,29.9626,5.2634
6205.0,3.8671,50.0386,1.0389,108.0991,30.1808,5.257
6210.0,3.8671,49.426,1.0364,108.4456,30.2539,5.2433
6215.0,3.8668,49.9204,1.04,109.8574,30.342,5.2354
6220.0,3.8668,49.4298,1.0614,109.2916,30.1497,5.1981
6225.0,3.8643,49.1652,1.0287,107.5315,29.9299,5.2031
6230.0,3.8648,49.8829,1.0222,108.2268,30.0927,5.1863
6235.0,3.8614,49.5171,1.0491,108.7792,29.6583,5.1887
6240.0,3.8616,49.4428,1.0628,109.7684,29.6015,5.1574
6245.0,3.8626,49.6262,1.037,108.928,29.8772,5.1382
6250.0,3.8638,50.1931,1.0546,108.5501,30.3402,5.127
6255.0,3.8633,49.6879,1.0402,109.1167,30.327,5.1108
6260.0,3.8634,50.1988,1.0225,110.232,30.5212,5.0995
6265.0,3.858,49.402,1.0204,107.4652,29.6962,5.1152
6270.0,3.8583,49.6514,1.0446,109.1291,30.0846,5.1213
6275.0,3.8574,49.652,1.0231,107.9353,29.9378,5.1029
6280.0,3.856,49.5673,1.0183,108.3897,29.8824,5.104
6285.0,3.8562,49.6108,1.0315,108.2865,29.9666,5.085
6290.0,3.8565,49.1863,1.0157,106.3575,30.11,5.0667
6295.0,3.8543,49.21,1.0261,107.3255,30.0044,5.0813
6300.0,3.8537,49.4816,1.039,108.5453,30.1048,5.0839
6305.0,3.8514,49.1822,1.0116,107.7595,29.4273,5.0503
6310.0,3.8518,49.0909,1.0252,107.8582,29.7812,5.0549
6315.0,3.8524,49.6311,1.0342,108.3852,30.0629,5.0504
6320.0,3.8499,49.6763,1.0183,107.4202,29.6451,5.0485
6325.0,3.8496,49.2831,1.034,107.7699,29.8038,5.0546
6330.0,3.8497,49.2661,1.0236,107.8553,29.8225,5.0397
6335.0,3.8496,49.2934,1.0375,108.1852,29.9945,5.0443
6340.0,3.8452,48.9021,1.0283,107.823,29.589,5.0839
6345.0,3.8466,49.5557,1.0218,108.0782,30.0142,5.0867
6350.0,3.8431,49.4393,1.0091,107.4036,29.3453,5.086
6355.0,3.8427,49.177,1.0232,108.5488,29.424,5.0923
6360.0,3.8426,49.2112,1.0306,106.7983,29.4307,5.0915
6365.0,3.8429,48.9158,1.0407,107.9529,29.4238,5.0821
6370.0,3.8457,49.183,1.048,109.9031,30.2113,5.0949
6375.0,3.8429,48.9701,1.021,108.1714,29.6738,5.1012
6380.0,3.8424,49.112,1.0188,106.8843,29.8317,5.1239
6385.0,3.8415,48.5797,1.0268,108.0738,29.8154,5.1408
6390.0,3.8437,49.7641,1.0286,108.1853,30.355,5.1516
6395.0,3.84,49.1627,1.0043,106.7381,29.6272,5.158
6400.0,3.84,49.0736,1.0144,106.8824,29.8009,5.1771
6405.0,3.8393,49.7929,1.0357,107.8328,29.6452,5.1821
6410.0,3.8402,48.9805,1.0192,107.8352,29.582,5.1716
6415.0,3.8422,49.2319,1.0484,108.3093,30.0289,5.1858
6420.0,3.8432,49.2429,1.0041,107.6832,29.7871,5.1612
6425.0,3.8458,48.9074,1.0123,107.3026,30.0304,5.1486
6430.0,3.8442,49.5286,0.9947,105.815,29.6176,5.153
6435.0,3.8459,49.265,1.011,107.891,29.829,5.1564
6440.0,3.8475,49.4345,1.0442,108.3859,29.6308,5.1285
6445.0,3.8469,49.6745,1.0125,106.2483,29.6165,5.1529
6450.0,3.846,49.3493,1.0334,107.8552,29.8578,5.2039
6455.0,3.8465,49.2635,1.0396,108.6882,29.7764,5.2076
6460.0,3.8468,49.8404,1.0173,107.2607,29.6013,5.2054
6465.0,3.8523,49.0958,1.0151,107.7713,30.3146,5.1941
6470.0,3.8472,49.1405,1.0182,107.118,29.328,5.2116
6475.0,3.8472,49.354,1.0021,107.9399,29.428,5.2386
6480.0,3.8507,49.0797,1.0451,108.58,29.8296,5.239
6485.0,3.8509,49.2203,0.9932,106.7939,29.898,5.2616
6490.0,3.8458,49.5991,1.0277,107.8784,29.1942,5.294
6495.0,3.8494,49.6613,1.0388,108.5788,29.7118,5.3069
6500.0,3.8473,48.8402,1.0144,106.5938,29.5309,5.3386
6505.0,3.8534,49.4917,1.0194,108.0117,30.2868,5.3358
6510.0,3.8501,49.2639,1.0387,108.4231,29.9574,5.3723
6515.0,3.852,48.9875,1.0248,107.8251,30.0561,5.3749
6520.0,3.852,49.5523,1.0397,108.5075,30.0007,5.3871
6525.0,3.8524,49.7224,1.0404,108.6993,29.7496,5.3801
6530.0,3.8543,49.5119,1.038,108.4736,29.7786,5.3737
6535.0,3.8551,49.6237,1.0339,107.8476,29.6282,5.366
6540.0,3.856,49.1085,1.0258,107.9941,29.7685,5.3815
6545.0,3.8599,48.9414,1.0161,108.3346,30.2471,5.3831
6550.0,3.8615,49.9819,1.0496,109.7071,30.1074,5.3641
6555.0,3.8593,49.6665,1.0392,109.1985,29.8322,5.3874
6560.0,3.8608,49.2975,1.0426,110.5669,29.9647,5.3919
6565.0,3.8607,49.8991,1.0299,107.766,29.8085,5.3938
6570.0,3.8641,49.5793,1.0361,107.7138,30.0589,5.3782
6575.0,3.8619,49.6358,1.0186,108.7205,29.6657,5.3871
6580.0,3.8637,50.0414,1.0186,108.7156,29.7495,5.3808
6585.0,3.8645,49.893,1.0482,109.0715,29.483,5.3564
6590.0,3.8662,49.4242,1.033,109.0153,29.8795,5.3718
6595.0,3.8664,49.2276,1.0317,108.7746,29.7453,5.3662
6600.0,3.8699,49.202,1.028,108.8798,30.4627,5.3782
6605.0,3.8691,50.2942,1.0447,108.9272,30.0656,5.3634
6610.0,3.8686,49.2591,1.0493,109.5686,29.9639,5.3664
6615.0,3.8678,49.6177,1.036,108.0292,29.6555,5.3566
6620.0,3.872,50.3676,1.0417,109.1695,30.1225,5.3304
6625.0,3.8723,50.1769,1.0493,109.2555,29.7313,5.2919
6630.0,3.874,49.6782,1.0574,109.0574,30.1875,5.2981
6635.0,3.8729,49.9109,1.041,109.7761,30.058,5.3052
6640.0,3.8698,49.5872,1.0148,107.6586,29.2862,5.2875
6645.0,3.8726,50.1414,1.0131,107.6723,29.8837,5.2872
6650.0,3.8709,49.6717,1.0481,109.07,29.6665,5.292
6655.0,3.8716,49.4351,1.0371,109.4006,29.6112,5.268
6660.0,3.8713,48.9896,1.0079,108.6541,29.5622,5.2593
6665.0,3.8706,49.8202,1.0258,107.6532,29.411,5.2484
6670.0,3.8717,49.6882,1.0317,109.415,29.6424,5.2373
6675.0,3.8719,49.3563,1.031,108.3197,29.9229,5.2441
6680.0,3.8714,50.0734,1.0315,108.2554,30.0457,5.2496
6685.0,3.8682,49.0478,1.0314,108.5331,29.5728,5.2528
6690.0,3.8668,49.8125,1.0269,107.5352,29.6403,5.2674
6695.0,3.8673,49.7967,1.0389,107.8814,30.0215,5.2755
6700.0,3.8635,49.8205,1.0419,108.6651,29.6724,5.2929
6705.0,3.8637,49.297,1.0327,109.8304,29.6338,5.2711
6710.0,3.8643,50.0048,1.0399,108.7724,29.9138,5.2661
6715.0,3.8609,49.6855,1.0264,108.321,29.581,5.2735
6720.0,3.8557,49.2531,1.0083,108.0839,28.8139,5.268
6725.0,3.8594,49.3567,1.0422,108.3887,29.6333,5.2645
6730.0,3.8572,49.2879,1.032,107.8425,29.0317,5.2278
6735.0,3.8595,49.3542,1.0302,109.5584,29.6535,5.2239
6740.0,3.858,49.3455,1.0261,108.7252,29.5638,5.2199
6745.0,3.8561,49.5151,1.0348,108.1635,29.7521,5.2463
6750.0,3.8527,49.0215,1.0349,109.036,29.1215,5.2263
6755.0,3.8515,48.693,1.046,107.9823,29.2598,5.2359
6760.0,3.8511,49.5093,1.0026,106.9695,29.5067,5.2438
6765.0,3.8452,50.1142,1.0111,107.1795,29.0174,5.2684
6770.0,3.8416,49.2309,1.0323,107.6728,28.9309,5.2908
6775.0,3.8436,49.3757,1.0113,107.5027,29.511,5.2974
6780.0,3.8388,48.8167,1.0184,108.5053,28.9742,5.2977
6785.0,3.8409,48.4541,0.9912,106.6442,29.3161,5.285
6790.0,3.8421,49.4905,1.0154,107.4291,29.4802,5.2666
6795.0,3.8366,49.4931,1.0106,106.1369,28.8292,5.2666
6800.0,3.8407,48.6738,1.0349,107.7094,29.309,5.2406
6805.0,3.8371,49.0833,1.0119,107.2008,29.0843,5.2532
6810.0,3.8359,49.0612,1.0342,106.8825,29.0773,5.2565
6815.0,3.8325,49.2531,1.0097,106.6187,28.6639,5.2509
6820.0,3.8367,49.1779,1.0199,108.4363,29.2724,5.2383
6825.0,3.8333,49.0851,1.0204,107.3395,29.0536,5.2516
6830.0,3.8365,49.0765,1.0107,106.8816,29.6204,5.2478
6835.0,3.8318,49.3638,1.0325,106.4659,29.1556,5.2612
6840.0,3.8286,49.3858,1.0147,108.0622,29.0589,5.2841
6845.0,3.8304,49.1313,1.0122,106.0433,29.2803,5.276
6850.0,3.8293,48.8766,0.9995,107.4237,29.0878,5.2677
6855.0,3.8298,48.7133,1.0128,107.7065,29.3307,5.2755
6860.0,3.8243,48.626,0.9869,105.1878,28.9579,5.305
6865.0,3.8254,48.8797,1.0124,106.5944,28.901,5.2872
6870.0,3.8323,48.4496,0.9882,106.1505,29.2424,5.2314
6875.0,3.8315,48.6828,1.0335,107.9052,29.0989,5.2261
6880.0,3.8377,49.4234,1.0253,107.9379,29.8453,5.204
6885.0,3.8314,48.6975,1.0083,105.111,28.776,5.2013
6890.0,3.8325,49.3921,1.0224,108.0231,28.9931,5.2085
6895.0,3.8335,49.5547,1.0148,107.7764,29.1721,5.2145
6900.0,3.8337,49.0099,1.009,106.6738,29.467,5.2416
6905.0,3.8326,49.4919,1.0237,107.7073,29.3471,5.2527
6910.0,3.8317,48.4676,1.0324,107.5778,29.0876,5.2495
6915.0,3.8325,48.9905,1.021,107.8362,29.0916,5.2479
6920.0,3.8293,49.0229,1.0147,106.8496,28.538,5.2482
6925.0,3.8315,49.4533,1.0112,105.8874,29.0869,5.2776
6930.0,3.8345,49.4785,1.0367,106.9611,29.385,5.2765
6935.0,3.8365,48.8025,1.0467,108.8391,29.7361,5.2915
6940.0,3.8321,48.8773,1.0051,106.3725,28.7677,5.2782
6945.0,3.8333,49.1863,1.0095,106.5045,28.9729,5.2932
6950.0,3.8318,49.0261,1.0166,106.2491,29.1055,5.334
6955.0,3.8379,49.6074,1.02,106.4904,29.6154,5.3191
6960.0,3.8374,49.3289,1.0084,106.7952,29.2093,5.3061
6965.0,3.8318,49.233,1.0093,107.7429,28.6743,5.3391
6970.0,3.8368,49.2096,1.028,107.3393,29.1525,5.3387
6975.0,3.8379,49.0349,1.0249,106.631,29.5016,5.3686
6980.0,3.8328,49.0687,1.0101,106.4779,28.9829,5.3983
6985.0,3.8347,49.5158,1.0363,108.9843,29.1334,5.4069
6990.0,3.8388,49.6814,1.0276,107.5044,29.5137,5.4085
6995.0,3.8428,48.8297,1.0196,106.0103,29.4986,5.3779
7000.0,3.839,49.484,1.0145,105.1672,29.2107,5.412
7005.0,3.841,49.3387,1.0104,107.0522,29.5168,5.4315
7010.0,3.8403,49.0126,1.022,108.5388,29.0494,5.4185
7015.0,3.8366,48.7867,1.01,106.8224,28.7081,5.4423
7020.0,3.8425,48.8555,1.0418,108.6831,28.9884,5.4208
7025.0,3.8459,48.7374,1.0279,105.6626,29.1142,5.4073
7030.0,3.8471,49.6635,1.0255,107.5749,29.2783,5.4222
7035.0,3.849,49.6321,1.0282,108.1001,29.3829,5.4233
7040.0,3.8479,49.7881,1.0074,106.4033,28.9626,5.4165
7045.0,3.8483,49.1986,1.0159,108.2907,29.1999,5.4449
7050.0,3.8501,49.4058,1.0262,106.8728,29.4002,5.4541
7055.0,3.8519,49.5808,1.0401,109.0807,29.358,5.444
7060.0,3.8548,49.5278,1.0439,109.5261,29.5125,5.4345
7065.0,3.8504,49.1836,1.0396,107.4479,29.2078,5.4705
7070.0,3.8515,49.3636,1.0254,107.9983,29.394,5.4851
7075.0,3.8541,49.4166,1.0308,108.0727,29.5384,5.4785
7080.0,3.8513,48.6056,1.0235,107.7557,29.0155,5.4749
7085.0,3.8583,48.8827,1.0548,108.1213,29.756,5.4636
7090.0,3.8565,49.3226,1.0353,108.7229,29.4979,5.4711
7095.0,3.8545,49.088,1.0232,108.494,29.2516,5.4809
7100.0,3.8503,48.8145,1.0151,106.2633,28.8237,5.4957
7105.0,3.8546,49.1912,1.041,108.1365,29.3204,5.4953
7110.0,3.8504,49.2455,1.0362,106.6725,29.0707,5.5231
7115.0,3.8534,48.64,1.0263,107.3534,29.5441,5.5326
7120.0,3.8512,49.0549,1.0178,106.8711,29.327,5.5403
7125.0,3.85,49.5822,1.0176,107.5974,29.5385,5.5695
7130.0,3.8462,48.9334,1.0231,105.9869,29.1564,5.5762
7135.0,3.8473,49.065,1.028,106.2303,29.4267,5.5855
7140.0,3.8451,49.5169,1.0217,107.1879,29.0905,5.5782
7145.0,3.8411,48.8967,1.0131,106.5925,28.9665,5.6006
7150.0,3.8422,49.3753,1.012,107.4719,28.9717,5.5887
7155.0,3.8423,49.1022,1.0169,105.9658,29.0726,5.5908
7160.0,3.84,49.3367,1.0274,106.561,28.8489,5.588
7165.0,3.8403,49.0374,1.0251,107.0221,28.8551,5.5796
7170.0,3.8409,49.4814,1.0063,106.7261,29.0511,5.5827
7175.0,3.8427,49.3882,1.0324,106.8612,29.3589,5.582
7180.0,3.8423,49.428,1.0253,106.9821,29.1758,5.5633
7185.0,3.8397,49.0821,1.0336,107.1923,29.1213,5.573
7190.0,3.8361,49.0108,1.0366,108.255,28.8659,5.5748
7195.0,3.8366,49.5213,1.0221,106.2142,29.3595,5.5985
7200.0,3.8339,49.0902,1.0177,106.7135,29.3836,5.6131
7205.0,3.8356,48.795,1.0136,106.9204,29.5182,5.5985
7210.0,3.8385,49.1782,1.0222,107.3403,29.5084,5.5603
7215.0,3.8326,49.3063,1.023,107.8503,28.6264,5.5307
7220.0,3.8391,49.2799,1.0214,106.8168,29.287,5.5093
7225.0,3.8378,49.5889,1.0317,106.7257,29.2527,5.5051
7230.0,3.8378,49.366,1.02,107.5243,29.4007,5.5024
7235.0,3.8313,49.0784,1.012,105.6523,29.0444,5.5205
7240.0,3.8296,48.9955,1.0369,106.7964,28.7743,5.5021
7245.0,3.8332,49.6546,1.0212,105.988,29.1048,5.4812
7250.0,3.8271,48.8996,1.0162,108.0529,29.0765,5.5184
7255.0,3.8311,48.9398,1.0194,107.3251,29.6883,5.5171
7260.0,3.8241,48.8781,1.0293,106.5872,29.2614,5.5327
7265.0,3.8222,49.2824,1.0072,105.8757,29.2263,5.5338
7270.0,3.8172,48.6217,1.0088,104.9697,29.1585,5.5557
7275.0,3.8182,49.1353,1.0099,105.7853,29.6517,5.5721
7280.0,3.8107,49.2087,1.0127,105.2311,28.8934,5.5632
7285.0,3.8152,49.1977,1.0232,106.2693,29.3723,5.5521
7290.0,3.8155,48.6046,1.0094,105.0764,29.2841,5.5313
7295.0,3.8162,48.2582,1.0393,105.574,29.1959,5.5079
7300.0,3.8159,48.8553,1.0049,105.8593,29.3652,5.5114
7305.0,3.8136,48.9107,1.0012,106.9256,28.9228,5.4865
7310.0,3.8155,48.7643,1.0243,106.1802,29.0621,5.4714
7315.0,3.8128,48.9313,0.9955,106.4022,28.9831,5.4775
7320.0,3.8068,48.3569,1.0167,106.686,28.5564,5.4841
7325.0,3.8166,48.9565,1.007,106.2971,29.4086,5.4608
7330.0,3.8059,48.8386,1.0169,106.1372,28.6201,5.4803
7335.0,3.8062,48.7107,0.9972,105.0409,28.779,5.4848
7340.0,3.8058,48.3808,0.9927,105.5825,28.922,5.4926
7345.0,3.8059,48.0814,0.9762,105.1163,28.9306,5.4875
7350.0,3.8058,48.5642,1.0094,104.7148,29.173,5.5022
7355.0,3.7972,47.8285,0.9991,106.5164,28.7666,5.5315
7360.0,3.802,48.3898,1.0006,105.6993,29.2526,5.531
7365.0,3.798,48.278,0.9786,103.8896,29.0353,5.542
7370.0,3.8017,48.4874,0.9864,104.7698,29.3041,5.5344
7375.0,3.7953,48.6872,1.0034,105.4367,28.6565,5.5322
7380.0,3.7974,48.1191,0.9976,104.0857,29.0006,5.5429
7385.0,3.8001,48.2842,0.9904,104.8887,28.7919,5.5105
7390.0,3.806,49.1722,1.007,105.6024,29.191,5.4967
7395.0,3.8039,48.6943,1.0171,106.0032,28.7556,5.4827
7400.0,3.8041,48.6841,1.0054,104.1749,28.9727,5.5001
7405.0,3.804,47.9955,0.998,106.1995,29.2543,5.5261
7410.0,3.8008,48.866,1.0049,104.4358,28.791,5.5212
7415.0,3.8079,48.5618,1.0033,106.2626,29.2717,5.5094
7420.0,3.8002,48.4916,1.018,106.494,28.523,5.5173
7425.0,3.8067,49.1495,1.0232,105.819,29.0931,5.5191
7430.0,3.8077,48.8224,0.9988,106.0822,29.1029,5.5199
7435.0,3.8031,48.797,1.0174,105.9075,28.8532,5.5436
7440.0,3.8092,48.6913,1.0008,104.8608,29.3716,5.5459
7445.0,3.8064,48.8412,1.0262,106.3934,28.8482,5.5381
7450.0,3.8063,48.6351,0.9973,104.2625,29.0853,5.5649
7455.0,3.8023,48.1708,1.0296,105.3127,28.9046,5.5905
7460.0,3.7939,48.6901,0.985,105.2775,28.3385,5.6148
7465.0,3.7985,48.624,0.9924,105.5921,29.0837,5.6499
7470.0,3.7984,48.5737,1.0046,105.5453,28.6976,5.635
7475.0,3.803,48.6315,0.9824,104.2186,29.0371,5.6396
7480.0,3.8104,48.9325,0.9987,105.0074,29.4645,5.6317
7485.0,3.8077,48.4372,1.0132,106.0757,28.9987,5.6284
7490.0,3.808,49.0157,1.0126,105.4745,29.0379,5.6405
7495.0,3.8102,48.8469,0.9997,104.5456,29.0222,5.6372
7500.0,3.8105,48.7528,1.0021,105.8574,28.7574,5.6272
7505.0,3.8139,48.7393,1.0068,104.9077,29.1154,5.6411
7510.0,3.8139,48.9714,1.0078,106.3037,28.9663,5.643
7515.0,3.8195,48.6387,1.0257,106.9113,29.5632,5.658
7520.0,3.8149,48.6752,1.0094,106.2078,29.0459,5.6654
7525.0,3.8172,48.9468,0.9995,105.682,29.0048,5.6585
7530.0,3.8205,49.3601,1.0079,106.0592,29.2984,5.6674
7535.0,3.8188,48.7872,1.0274,106.3882,29.1972,5.6837
7540.0,3.8162,49.1655,1.0232,105.6923,28.757,5.6806
7545.0,3.822,49.0253,1.0163,105.3287,29.1985,5.6825
7550.0,3.8239,48.6052,1.0,106.7267,29.11,5.6732
7555.0,3.8199,49.0283,1.0088,105.6702,28.8651,5.6922
7560.0,3.8258,49.2372,1.0299,105.8618,29.4777,5.7044
7565.0,3.8213,48.7771,1.0047,104.2472,28.9167,5.705
7570.0,3.8298,48.5086,1.0229,106.6881,29.5174,5.6958
7575.0,3.8256,48.5583,1.0376,106.2068,29.1582,5.7072
7580.0,3.8285,49.2051,1.0051,105.0176,29.5108,5.7193
7585.0,3.8233,49.1614,1.0347,105.716,28.9044,5.7181
7590.0,3.8278,48.7197,1.0213,105.6107,29.2769,5.7191
7595.0,3.8333,49.2861,1.0284,106.669,29.732,5.7164
7600.0,3.8319,49.249,1.0275,106.191,29.1409,5.6888
7605.0,3.8366,49.3655,1.0238,107.1293,29.3347,5.67
7610.0,3.8346,49.378,1.0222,107.0228,28.9615,5.6596
7615.0,3.8365,49.393,1.0074,106.8239,29.1146,5.6579
7620.0,3.8458,48.8542,1.0112,106.4424,29.8982,5.6393
7625.0,3.8458,49.4287,1.0121,106.7574,29.7865,5.6306
7630.0,3.837,48.8877,1.0288,108.2294,29.1873,5.659
7635.0,3.8386,49.1835,1.0385,107.6401,29.2242,5.6492
7640.0,3.8409,49.5895,1.0408,107.209,29.4611,5.6456
7645.0,3.844,49.1668,1.0179,105.8134,29.5694,5.6234
7650.0,3.8415,49.1329,1.0251,107.0494,29.501,5.636
7655.0,3.8428,49.4209,1.0304,107.6517,29.3256,5.6069
7660.0,3.8484,49.6714,1.0305,107.3958,29.3193,5.5481
7665.0,3.851,50.0115,1.0215,106.9019,29.5293,5.5294
7670.0,3.8496,49.6011,1.0338,107.6459,29.2666,5.5153
7675.0,3.85,49.4063,1.0363,108.2579,29.5995,5.5277
7680.0,3.8476,48.8135,1.0259,107.4572,29.4007,5.5286
7685.0,3.8465,49.3294,1.0416,107.5908,29.1281,5.5083
7690.0,3.8482,48.952,1.0104,105.9068,29.5364,5.5111
7695.0,3.8466,49.4854,1.0121,106.9183,29.466,5.5115
7700.0,3.8451,49.5633,1.0295,105.8917,29.1973,5.4941
7705.0,3.8435,49.0955,1.0225,106.3509,29.2052,5.4978
7710.0,3.8454,49.2301,1.0109,106.7791,29.3695,5.4788
7715.0,3.8474,49.8279,1.0171,106.4189,29.6453,5.4642
7720.0,3.8451,49.0604,1.0295,108.2965,29.3954,5.4551
7725.0,3.8412,48.7735,1.0157,107.3128,29.2894,5.472
7730.0,3.8388,49.0545,1.0139,106.6287,29.192,5.4753
7735.0,3.8363,48.8882,1.034,107.2848,29.1361,5.4808
7740.0,3.8347,48.8275,1.0114,106.1532,29.0978,5.4792
7745.0,3.8382,48.9543,1.0191,106.9547,29.3425,5.4497
7750.0,3.8348,49.1145,1.0219,107.2216,29.1878,5.456
7755.0,3.8283,48.9108,1.0109,106.9057,28.6266,5.4585
7760.0,3.8326,48.8157,1.0298,107.0369,29.2809,5.4558
7765.0,3.8282,48.9903,1.036,108.3154,29.0336,5.4636
7770.0,3.8289,48.7398,1.0424,107.1587,29.2739,5.4627
7775.0,3.8254,49.0569,1.0083,105.5761,29.0524,5.4645
7780.0,3.8259,49.0018,1.0101,106.7971,29.2064,5.4584
7785.0,3.8244,48.8883,1.0274,107.3674,29.5317,5.4838
7790.0,3.8209,48.9311,1.0138,106.9544,29.2617,5.4828
7795.0,3.8166,49.1155,1.0236,104.9769,28.6695,5.4628
7800.0,3.8253,48.651,1.0449,108.5254,29.5067,5.4373
7805.0,3.8214,49.1627,1.0152,106.1056,29.2928,5.4458
7810.0,3.82,49.0314,1.0134,105.5567,29.1466,5.4369
7815.0,3.8231,49.2281,1.0071,106.117,29.5803,5.4308
7820.0,3.8191,48.3305,1.0184,106.0629,29.1034,5.4225
7825.0,3.8162,48.6769,1.0183,105.7995,28.92,5.4252
7830.0,3.8144,49.2156,1.0216,106.2149,28.858,5.4291
7835.0,3.8198,48.7669,1.0134,106.4185,29.4937,5.4218
7840.0,3.8151,48.7732,0.9949,106.4931,29.085,5.427
7845.0,3.8118,48.8601,0.9958,105.8155,29.0614,5.4483
7850.0,3.8132,48.2412,1.0081,106.574,29.1773,5.4416
7855.0,3.8148,49.0604,1.0047,105.8049,28.9198,5.4038
7860.0,3.8127,48.8498,1.0122,105.7763,28.8155,5.4103
7865.0,3.8119,49.049,1.0098,105.257,28.745,5.4094
7870.0,3.8167,48.9165,1.0201,106.2371,29.5611,5.4277
7875.0,3.8133,48.199,1.0143,105.5831,28.9055,5.4084
7880.0,3.8096,48.9879,0.9944,105.4271,28.8341,5.4348
7885.0,3.814,48.4518,1.0025,105.3908,29.3212,5.4362
7890.0,3.8121,48.8311,1.0233,105.8827,28.8721,5.4206
7895.0,3.8134,48.8196,0.9974,106.0572,29.082,5.4275
7900.0,3.8187,47.9947,0.9802,104.4017,29.2885,5.4003
7905.0,3.8166,48.1371,1.0218,106.4178,28.9197,5.395
7910.0,3.816,48.6705,0.9998,106.0615,29.1781,5.4251
7915.0,3.8175,48.3986,1.0243,106.2037,29.1523,5.417
7920.0,3.8199,48.8382,1.0109,105.4402,29.5463,5.4318
7925.0,3.818,49.1142,1.0256,106.6079,29.0433,5.4195
7930.0,3.8215,48.842,1.0255,105.7409,29.3147,5.4161
7935.0,3.8203,48.4755,0.9937,106.1737,29.3658,5.4406
7940.0,3.8233,49.1697,1.0179,106.3956,29.5989,5.4409
7945.0,3.8211,48.9328,1.0132,105.4813,29.3546,5.4535
7950.0,3.8203,48.5759,1.0092,105.5904,28.9777,5.4431
7955.0,3.8247,48.8382,1.007,106.021,29.31,5.4399
7960.0,3.8248,48.9136,1.0151,106.1583,29.1291,5.4371
7965.0,3.8219,48.6875,1.0095,105.3809,29.0355,5.4678
7970.0,3.8251,49.482,1.0299,105.7724,29.349,5.477
7975.0,3.825,49.0462,1.0074,105.6002,29.3451,5.4911
7980.0,3.825,48.7105,1.0049,105.3889,29.2729,5.4991
7985.0,3.8227,48.8234,1.0007,106.2628,29.1171,5.52
7990.0,3.8303,48.6567,1.0355,107.1102,29.4786,5.4955
7995.0,3.8304,49.1728,1.0138,107.5603,29.1828,5.4852
8000.0,3.8307,49.2637,1.0041,105.7376,29.2355,5.5
8005.0,3.8321,48.969,1.0136,106.6227,29.4958,5.5212
8010.0,3.8324,48.9318,1.015,107.6509,29.5526,5.537
8015.0,3.8331,48.7915,1.0093,105.6302,29.5695,5.5467
8020.0,3.8337,49.1095,1.0053,106.3531,29.5633,5.5543
8025.0,3.8372,48.6967,1.033,108.3275,29.8073,5.5547
8030.0,3.8357,49.1978,1.0085,106.7888,29.1853,5.5348
8035.0,3.8392,49.396,1.0289,106.9333,29.254,5.5198
8040.0,3.8452,49.2278,1.0237,106.0631,29.7137,5.5085
8045.0,3.845,49.3624,1.0034,106.8864,29.2584,5.4874
8050.0,3.8484,49.577,1.0394,108.5472,29.581,5.489
8055.0,3.8452,49.1915,1.0268,107.1502,29.1073,5.497
8060.0,3.8518,49.441,1.0302,107.5363,29.7134,5.4867
8065.0,3.8523,49.2151,1.0259,106.2142,29.6737,5.4883
8070.0,3.8518,49.4117,1.0369,109.2741,29.6777,5.5047
8075.0,3.8469,49.2889,1.0173,106.2986,29.1836,5.5268
8080.0,3.8494,49.6366,1.0246,108.1168,29.4699,5.5329
8085.0,3.8538,48.8048,1.0262,107.5626,29.8051,5.5211
8090.0,3.8546,50.3933,1.0338,108.9381,29.669,5.5083
8095.0,3.8537,49.5846,1.0188,107.296,29.5401,5.5138
8100.0,3.8534,49.1523,1.028,108.4548,29.802,5.5429
8105.0,3.8514,49.2555,1.0128,106.8714,29.561,5.5498
8110.0,3.8557,49.9177,1.0392,108.4841,29.8737,5.532
8115.0,3.8541,49.5949,1.0437,109.362,29.3653,5.5115
8120.0,3.8592,49.32,1.0199,107.1599,29.7936,5.4893
8125.0,3.8583,50.1089,1.0521,109.3616,29.5689,5.4816
8130.0,3.8525,49.5504,1.0279,107.6763,28.8748,5.4889
8135.0,3.8589,50.1029,1.0405,109.0142,29.7689,5.4876
8140.0,3.8552,50.2014,1.0214,108.1277,29.4818,5.505
8145.0,3.8593,49.3737,1.0546,108.8696,30.1444,5.5077
8150.0,3.8555,49.8708,1.0314,108.0146,29.6288,5.5056
8155.0,3.8514,49.2962,1.0365,107.5408,29.2876,5.5177
8160.0,3.855,49.679,1.0262,108.1864,29.679,5.5048
8165.0,3.8536,49.3809,1.0115,106.9905,29.6164,5.5077
8170.0,3.8555,49.6453,1.0156,107.4402,29.9456,5.5034
8175.0,3.8544,49.102,1.0398,108.5469,29.4677,5.4699
8180.0,3.8583,49.9619,1.0084,106.4237,29.5924,5.4214
8185.0,3.8636,49.7098,1.0214,108.0076,29.8405,5.3551
8190.0,3.8623,49.6933,1.0299,109.5381,29.5353,5.3331
8195.0,3.866,49.718,1.0506,109.9254,29.4085,5.2487
8200.0,3.8685,49.1321,1.0397,107.8499,29.6897,5.2081
8205.0,3.8704,49.0283,1.037,109.0348,29.552,5.1349
8210.0,3.8723,50.2706,1.0315,108.2982,29.4969,5.0614
8215.0,3.8739,49.8842,1.0696,109.8903,29.504,4.9908
8220.0,3.8754,49.8706,1.0325,108.9653,29.6052,4.923
8225.0,3.8757,50.0256,1.0375,109.4629,29.4529,4.8626
8230.0,3.8749,50.2253,1.0093,107.4862,29.3976,4.8472
8235.0,3.8759,50.4732,1.0326,109.0289,29.648,4.7931
8240.0,3.8748,49.1038,1.0438,110.3856,29.0608,4.7313
8245.0,3.8761,50.4677,1.0477,108.9451,29.6606,4.6906
8250.0,3.8758,49.8118,1.0318,108.9351,29.8103,4.6681
8255.0,3.8742,49.2534,1.0264,108.4842,29.5471,4.6673
8260.0,3.873,50.0845,1.0285,109.4515,29.3084,4.6471
8265.0,3.8717,49.6893,1.021,108.8091,28.9334,4.6185
8270.0,3.873,49.3955,1.0129,108.0622,29.5281,4.5616
8275.0,3.8724,49.6506,1.049,110.54,29.4442,4.5257
8280.0,3.8718,50.146,1.0282,109.6216,29.3797,4.4951
8285.0,3.8722,49.9064,1.036,110.2006,29.8314,4.4557
8290.0,3.8706,49.8302,1.0494,109.883,28.9454,4.4008
8295.0,3.8715,49.2759,1.0315,107.9716,29.4842,4.3309
8300.0,3.8707,49.8717,1.0203,109.3164,29.2389,4.2962
8305.0,3.8701,49.2864,1.0316,109.1313,28.9844,4.2414
8310.0,3.8701,49.375,1.0389,110.5465,29.4633,4.2258
8315.0,3.8695,49.7504,1.0429,110.3868,29.2008,4.1852
8320.0,3.8694,49.7675,1.0489,109.6621,29.1704,4.1127
8325.0,3.8694,48.9456,1.023,109.6962,29.211,4.0432
8330.0,3.8693,49.6608,1.0193,110.1993,29.3943,3.9978
8335.0,3.8687,49.5167,1.0319,108.6125,29.2223,3.9834
8340.0,3.8688,49.4213,1.0211,109.4176,29.3578,3.9091
8345.0,3.8685,49.8437,1.0491,110.1418,29.2492,3.8721
8350.0,3.8685,49.42,1.0461,109.3222,29.3019,3.8244
8355.0,3.8683,49.2154,1.0272,109.2287,29.2273,3.7982
8360.0,3.8682,50.0614,1.0457,110.7848,29.1678,3.7549
8365.0,3.8681,49.3573,1.0233,109.0989,29.0142,3.7321
8370.0,3.8681,49.48,1.0552,110.3431,29.0904,3.712
8375.0,3.8684,49.7412,1.0185,108.7653,29.4983,3.6786
8380.0,3.8684,49.7298,1.0392,109.2722,29.2274,3.6537
8385.0,3.8687,49.7327,1.0089,108.8778,29.5075,3.6299
8390.0,3.8687,49.5105,1.0307,109.3899,29.1037,3.6024
8395.0,3.8692,49.739,1.0504,109.9534,29.6289,3.5777
8400.0,3.8695,49.8075,1.0415,109.0883,29.4974,3.5427
8405.0,3.8698,50.1695,1.0538,108.971,29.2457,3.5231
8410.0,3.8703,50.2551,1.0391,108.3399,29.4147,3.5134
8415.0,3.8706,49.788,1.0526,109.5498,29.1174,3.4908
8420.0,3.8712,49.9156,1.048,110.8201,29.3914,3.4816
8425.0,3.8719,49.6594,1.0449,109.2412,29.4416,3.4369
8430.0,3.8723,49.7996,1.0551,110.5852,28.8502,3.4112
8435.0,3.8731,49.8283,1.0346,109.758,29.1314,3.3861
8440.0,3.8741,49.861,1.0499,109.2571,29.919,3.33
8445.0,3.8746,50.3143,1.0414,109.3761,29.2497,3.3192
8450.0,3.8754,49.7165,1.0249,107.9298,29.1923,3.2763
8455.0,3.8762,49.8116,1.0391,109.7012,29.1761,3.2954
8460.0,3.8771,49.6187,1.0311,109.065,29.3944,3.2666
8465.0,3.8779,50.2491,1.0329,108.6989,29.2719,3.2634
8470.0,3.8788,50.1656,1.0406,109.8745,29.2618,3.2359
8475.0,3.8798,49.4415,1.017,107.7696,29.7811,3.2425
8480.0,3.8807,50.1594,1.0342,109.2307,29.6226,3.2191
8485.0,3.8816,49.5042,1.0451,109.5461,29.5648,3.2413
8490.0,3.8826,49.9879,1.0386,110.1206,29.6385,3.2368
8495.0,3.8835,49.9346,1.0309,110.3617,29.2501,3.2147
8500.0,3.8845,49.899,1.0326,110.0596,29.8131,3.172
8505.0,3.8853,50.06,1.0256,109.2256,28.7886,3.1592
8510.0,3.8864,49.934,1.048,109.9749,29.5639,3.1628
8515.0,3.8873,49.3688,1.0297,109.5205,29.5504,3.1638
8520.0,3.8882,50.595,1.0671,111.9064,29.2663,3.1686
8525.0,3.8892,49.9136,1.0581,110.8177,29.4401,3.1427
8530.0,3.89,51.0132,1.0532,110.8821,29.2509,3.1354
8535.0,3.891,50.5134,1.0426,110.5971,29.5384,3.1138
8540.0,3.8918,50.46,1.0317,110.0625,29.0956,3.0796
8545.0,3.8926,50.242,1.0332,110.5639,29.1361,3.0675
8550.0,3.8935,50.0205,1.0232,108.2824,29.4218,3.0301
8555.0,3.8942,49.9742,1.0202,109.2444,29.5047,3.0194
8560.0,3.8949,49.7706,1.0395,110.3951,29.1293,2.976
8565.0,3.8956,49.8808,1.0494,110.9203,29.4555,2.9659
8570.0,3.8962,49.9198,1.0479,110.9009,28.9096,2.9367
8575.0,3.8968,49.6209,1.0625,110.2382,29.2016,2.9154
8580.0,3.8974,50.372,1.0466,109.4005,29.7028,2.9217
8585.0,3.8979,50.0023,1.0546,110.3331,29.4463,2.8699
8590.0,3.8983,50.1215,1.0562,109.7417,29.2371,2.8507
8595.0,3.8987,50.7419,1.0369,110.3717,29.1424,2.8314
8600.0,3.899,49.8016,1.0264,109.0236,29.554,2.837
8605.0,3.8993,50.4106,1.0526,110.3536,29.2934,2.8487
8610.0,3.8995,50.6863,1.0591,111.6246,29.0478,2.8456
8615.0,3.8996,50.5458,1.0661,110.276,29.2213,2.8208
8620.0,3.8997,50.3444,1.0516,110.8688,29.3854,2.7998
8625.0,3.8998,50.153,1.0469,111.1393,29.5272,2.7729
8630.0,3.8998,50.169,1.0469,109.9777,29.199,2.7394
8635.0,3.8997,50.549,1.0433,111.234,29.4693,2.7172
8640.0,3.8996,50.2453,1.0267,108.9311,29.2492,2.6671
8645.0,3.8994,50.41,1.0578,110.5805,29.5493,2.6476
8650.0,3.8991,51.1095,1.0504,110.8291,29.5781,2.6079
8655.0,3.8988,50.17,1.035,110.5307,29.5531,2.5874
8660.0,3.8984,50.2454,1.0424,110.1446,29.0154,2.5743
8665.0,3.898,49.8355,1.0433,109.515,29.7118,2.5488
8670.0,3.8975,50.1301,1.0593,110.3651,28.9248,2.5291
8675.0,3.897,50.3451,1.0593,111.4665,29.5129,2.5095
8680.0,3.8964,50.5083,1.0352,110.0763,29.3664,2.4579
8685.0,3.8958,49.969,1.0547,110.7193,29.2903,2.409
8690.0,3.8952,50.153,1.0359,109.2474,29.2558,2.3899
8695.0,3.8945,49.9598,1.0532,110.9319,29.3637,2.3565
8700.0,3.8937,49.9927,1.0376,109.2595,29.2013,2.3298
8705.0,3.8929,49.7325,1.0569,110.1758,28.824,2.3106
8710.0,3.8921,49.7591,1.0433,112.0598,29.1588,2.289
8715.0,3.8913,49.9565,1.0436,109.5024,28.785,2.2784
8720.0,3.8904,49.8381,1.0417,110.3631,28.8825,2.2403
8725.0,3.8896,50.1895,1.0414,109.1614,29.3267,2.2289
8730.0,3.8887,49.7267,1.0649,111.1217,29.408,2.1978
8735.0,3.8877,50.212,1.0463,110.7107,29.0541,2.1874
8740.0,3.8868,50.1586,1.0687,112.0962,28.9668,2.1774
8745.0,3.8859,50.305,1.0583,109.8582,29.316,2.136
8750.0,3.8849,50.0945,1.0584,110.4678,29.2206,2.0911
8755.0,3.884,49.7443,1.0234,110.2814,29.0706,2.1218
8760.0,3.883,50.0431,1.0497,111.0793,28.722,2.0954
8765.0,3.8821,49.8169,1.042,109.6031,29.1478,2.0626
8770.0,3.8812,50.0477,1.0499,110.7029,29.0356,2.0603
8775.0,3.8803,49.9897,1.0427,110.2868,28.8931,2.0304
8780.0,3.8794,49.8141,1.0521,109.6312,28.8654,2.013
8785.0,3.8785,49.536,1.0387,108.1365,28.8194,1.9732
8790.0,3.8777,50.07,1.0342,109.2407,29.0487,1.978
8795.0,3.8769,50.1918,1.0276,108.3132,28.367,1.973
8800.0,3.8761,49.6947,1.0165,108.7385,28.5497,1.9618
8805.0,3.8754,49.9893,1.0435,109.6844,29.2477,1.9585
8810.0,3.8747,49.9152,1.0572,109.6086,29.0509,1.9258
8815.0,3.874,50.0214,1.0308,109.221,28.681,1.8946
8820.0,3.8734,50.1735,1.0239,108.7871,28.6928,1.8615
8825.0,3.8728,49.6175,1.0529,109.1233,28.7919,1.8455
8830.0,3.8723,49.6401,1.0349,109.6069,28.7933,1.8486
8835.0,3.8718,49.8073,1.0288,108.6007,28.4508,1.8437
8840.0,3.8714,50.1282,1.0224,108.9212,28.2919,1.817
8845.0,3.871,49.6713,1.031,110.9781,28.7501,1.8224
8850.0,3.8707,50.3778,1.0323,109.1093,28.5896,1.8516
8855.0,3.8704,49.4057,1.0409,109.0862,29.2688,1.8243
8860.0,3.8702,49.9005,1.0512,109.5787,28.4361,1.8349
8865.0,3.8701,49.6798,1.0367,110.035,28.369,1.8157
8870.0,3.87,49.797,1.0539,111.8297,28.449,1.8121
8875.0,3.8699,49.7843,1.0537,109.6466,28.6505,1.8076
8880.0,3.87,50.2295,1.0419,108.6386,28.7633,1.7774
8885.0,3.8701,49.7613,1.0349,108.8119,28.6287,1.7643
8890.0,3.8702,50.1682,1.0404,109.158,28.5292,1.7636
8895.0,3.8704,49.4229,1.0239,110.2124,28.192,1.7656
8900.0,3.8707,49.5237,1.0252,108.4526,28.6165,1.7542
8905.0,3.871,49.5938,1.0474,110.0867,28.7853,1.7437
8910.0,3.8714,49.8667,1.0057,107.6178,28.3279,1.7609
8915.0,3.8718,49.6647,1.0187,108.8074,28.6094,1.7335
8920.0,3.8723,49.8338,1.0401,110.3001,28.5627,1.7109
8925.0,3.8728,49.5281,1.0308,109.4343,28.3419,1.7277
8930.0,3.8734,50.1838,1.0286,108.9284,28.5213,1.6986
8935.0,3.874,50.3485,1.0295,109.2227,28.5081,1.7392
8940.0,3.8747,49.8098,1.0222,110.4134,28.7689,1.708
8945.0,3.8754,49.7046,1.05,108.7453,28.5389,1.7005
8950.0,3.8761,49.8433,1.0404,109.0495,28.2373,1.7107
8955.0,3.8769,49.7737,1.0433,109.4166,28.1061,1.7214
8960.0,3.8777,50.7223,1.0232,108.5098,27.9835,1.7116
8965.0,3.8786,49.6875,1.0224,109.2842,28.176,1.7029
8970.0,3.8794,50.0298,1.0233,109.3128,28.2631,1.7467
8975.0,3.8803,49.5373,1.0352,109.2298,28.8281,1.7685
8980.0,3.8812,49.9533,1.0216,108.5683,29.0047,1.7499
8985.0,3.8821,50.015,1.0479,109.4399,28.2977,1.7464
8990.0,3.8831,50.1082,1.0573,110.8067,28.2371,1.7499
8995.0,3.884,49.4299,1.0451,110.3368,28.0933,1.7568
9000.0,3.8849,49.806,1.0278,109.3769,28.0131,1.7766
9005.0,3.8859,49.7982,1.0324,107.8356,28.1665,1.7766
9010.0,3.8868,50.2334,1.0332,110.0681,28.3789,1.7562
9015.0,3.8878,50.0282,1.0433,109.4563,28.4098,1.7826
9020.0,3.8887,50.0185,1.0333,109.8681,28.1404,1.7919
9025.0,3.8896,50.0826,1.0465,110.1161,27.8459,1.7893
9030.0,3.8905,50.5243,1.0495,110.8065,27.9236,1.7988
9035.0,3.8913,50.6805,1.056,110.1587,28.37,1.7741
9040.0,3.8922,50.0982,1.0518,111.172,28.772,1.7799
9045.0,3.893,50.4956,1.024,109.4037,28.4591,1.8017
9050.0,3.8938,49.8891,1.0412,110.1707,27.962,1.7748
9055.0,3.8945,50.4025,1.0555,109.959,28.2863,1.7884
9060.0,3.8952,50.1384,1.0526,111.4456,28.046,1.7927
9065.0,3.8959,49.3486,1.0385,109.6597,28.4667,1.775
9070.0,3.8965,50.0297,1.0571,111.5015,27.9432,1.7446
9075.0,3.8971,50.1449,1.0528,111.1473,28.5184,1.7801
9080.0,3.8976,50.2994,1.0632,111.6914,28.0368,1.771
9085.0,3.8981,50.5727,1.0704,110.2129,28.2717,1.7805
9090.0,3.8985,50.5788,1.0484,109.7684,28.4884,1.7783
9095.0,3.8989,49.9307,1.0736,110.5168,28.539,1.7754
9100.0,3.8992,50.4103,1.056,112.0172,28.4412,1.7483
9105.0,3.8995,50.5156,1.0566,111.1826,28.2841,1.751
9110.0,3.8997,49.9954,1.0383,111.0655,28.2825,1.7584
9115.0,3.8998,50.2627,1.0773,111.3614,28.3579,1.7599
9120.0,3.8999,50.1925,1.0491,110.3133,28.0753,1.7701
9125.0,3.8999,49.8547,1.0557,110.2663,27.977,1.7531
9130.0,3.8999,49.9978,1.0593,109.0087,28.4352,1.7607
9135.0,3.8998,50.6832,1.0528,109.7315,27.7302,1.7506
9140.0,3.8997,49.9868,1.0431,111.0209,28.2202,1.7412
9145.0,3.8995,50.1798,1.0496,110.3936,27.9289,1.7613
9150.0,3.8992,49.8916,1.044,111.3878,27.9761,1.7576
9155.0,3.8989,50.2961,1.0176,110.1763,27.8213,1.7635
9160.0,3.8985,50.1581,1.0571,110.6405,28.5392,1.774
9165.0,3.8981,50.4153,1.0491,111.3256,27.3801,1.7739
9170.0,3.8976,49.8983,1.0563,111.3493,27.9082,1.7535
9175.0,3.8971,50.4549,1.0508,109.8184,27.7147,1.7558
9180.0,3.8965,50.3713,1.0526,110.5083,27.8558,1.7679
9185.0,3.8959,50.0431,1.0352,110.0977,27.9304,1.7614
9190.0,3.8952,50.1744,1.0575,111.2874,27.9376,1.742
9195.0,3.8945,49.9935,1.0493,110.8119,27.4296,1.7476
9200.0,3.8938,50.5406,1.0429,110.0066,27.7697,1.7683
9205.0,3.893,50.2398,1.0528,109.477,27.5281,1.7848
9210.0,3.8922,49.7111,1.0522,110.719,28.0878,1.8099
9215.0,3.8913,50.2611,1.0457,110.1976,27.724,1.8017
9220.0,3.8904,50.1595,1.0351,109.7825,27.3849,1.8177
9225.0,3.8896,50.5135,1.0384,110.1056,27.661,1.8459
9230.0,3.8886,49.8941,1.0376,109.697,27.5989,1.8176
9235.0,3.8877,50.4686,1.0709,111.6394,27.7592,1.8062
9240.0,3.8868,50.5845,1.0449,109.4937,27.5082,1.8059
9245.0,3.8859,49.8319,1.0288,109.437,27.8516,1.8317
9250.0,3.8849,50.1448,1.0316,109.7256,27.1209,1.8637
9255.0,3.8839,50.3606,1.0447,109.7976,27.2628,1.8806
9260.0,3.883,49.6675,1.0429,109.7095,27.5552,1.9016
9265.0,3.8821,49.9366,1.0225,109.1936,27.1139,1.8871
9270.0,3.8812,49.7515,1.039,108.7228,27.6852,1.9036
9275.0,3.8803,50.1384,1.0502,109.8151,27.5532,1.9073
9280.0,3.8794,49.5838,1.0405,110.351,27.2278,1.9287
9285.0,3.8785,49.6778,1.049,109.7499,27.6312,1.9759
9290.0,3.8776,50.1212,1.041,111.2452,27.4511,1.9819
9295.0,3.8768,50.0541,1.0497,111.3202,27.2316,1.9848
9300.0,3.876,50.0328,1.0464,108.7765,27.0338,2.018
9305.0,3.8753,49.4474,1.0197,109.6,27.2552,2.0512
9310.0,3.8746,50.1485,1.0582,110.5652,27.1678,2.037
9315.0,3.8739,49.4878,1.0381,109.5404,27.4622,2.0478
9320.0,3.8733,50.0726,1.0193,109.0714,26.9018,2.0322
9325.0,3.8726,50.1591,1.0324,109.5933,26.5275,2.0454
9330.0,3.8721,50.0699,1.0412,108.5935,26.9607,2.051
9335.0,3.8717,49.9668,1.0402,109.5395,27.2014,2.0474
9340.0,3.8713,49.9063,1.025,109.578,27.381,2.0594
9345.0,3.8709,49.5756,1.0534,110.3687,27.1661,2.0575
9350.0,3.8705,49.7992,1.0212,108.9304,26.6099,2.0425
9355.0,3.8703,50.573,1.0247,108.2388,26.9281,2.0889
9360.0,3.8701,49.7964,1.0208,108.3989,27.3362,2.1018
9365.0,3.8699,50.1058,1.0117,108.6238,26.6132,2.1225
9370.0,3.8698,49.9857,1.0324,109.115,26.6416,2.1435
9375.0,3.8698,49.3714,1.0255,109.8386,26.9401,2.1691
9380.0,3.8697,49.5236,1.0395,108.5086,26.4029,2.2047
9385.0,3.8698,49.7597,1.0427,110.3143,26.737,2.2281
9390.0,3.87,49.399,1.0276,108.7301,27.1553,2.2663
9395.0,3.8701,49.9217,1.0349,109.43,26.6556,2.2932
9400.0,3.8704,50.1716,1.0297,109.6101,26.5231,2.3354
9405.0,3.8707,50.3525,1.036,109.1407,26.9026,2.3685
9410.0,3.8711,49.5305,1.0295,109.2008,27.0544,2.4157
9415.0,3.8715,49.7449,1.0402,109.5419,27.0911,2.4503
9420.0,3.8718,49.5093,1.054,109.307,26.2315,2.481
9425.0,3.8724,49.926,1.0475,109.7336,26.6125,2.5126
9430.0,3.8728,49.788,1.0424,109.4283,26.1945,2.5633
9435.0,3.8736,49.2256,1.0458,109.6012,26.8307,2.5976
9440.0,3.8742,49.7182,1.043,109.7447,26.7688,2.6203
9445.0,3.8748,49.6226,1.0298,110.3747,26.5445,2.6417
9450.0,3.8754,50.3283,1.0373,109.5192,26.1701,2.6773
9455.0,3.8762,50.3218,1.027,109.1837,26.2775,2.7109
9460.0,3.8771,49.6612,1.0373,109.3304,26.8324,2.7516
9465.0,3.8779,49.8974,1.0421,110.2275,26.6935,2.7991
9470.0,3.8788,50.4617,1.0354,108.7477,26.8688,2.8195
9475.0,3.8796,49.5918,1.0372,110.0568,26.8686,2.8587
9480.0,3.8805,49.4651,1.0364,109.8566,26.8747,2.8682
9485.0,3.8812,50.1023,1.0329,109.0209,26.2759,2.9036
9490.0,3.8821,50.1489,1.0339,110.0629,26.5305,2.9505
9495.0,3.8831,49.9664,1.0468,109.521,26.6218,2.9702
9500.0,3.884,49.9269,1.0611,110.0085,26.63,2.9898
9505.0,3.8851,49.9356,1.0209,109.5559,27.1362,3.0188
9510.0,3.8856,50.4046,1.0428,109.5051,26.1582,3.0234
9515.0,3.8867,50.0258,1.0559,109.7517,26.7584,3.0644
9520.0,3.8875,50.3126,1.0547,110.7937,26.7466,3.1291
9525.0,3.8885,49.8383,1.0488,110.6891,26.8667,3.1525
9530.0,3.8891,49.6367,1.058,110.9044,26.5744,3.1958
9535.0,3.8897,50.3107,1.026,110.7162,26.3734,3.2497
9540.0,3.8902,49.6504,1.0393,109.9207,25.9872,3.2904
9545.0,3.891,49.9313,1.0578,110.4532,26.1335,3.3333
9550.0,3.8918,50.2345,1.0418,109.8274,26.102,3.3429
9555.0,3.8925,49.7628,1.0445,110.2778,26.2267,3.3619
9560.0,3.8933,49.6742,1.0411,110.7327,26.4093,3.3929
9565.0,3.8938,50.2947,1.0531,110.6825,26.228,3.4072
9570.0,3.8944,50.4055,1.0335,109.9418,26.4397,3.4492
9575.0,3.8946,50.6205,1.0634,111.949,26.1647,3.4842
9580.0,3.895,50.2723,1.0482,109.9059,26.0692,3.5071
9585.0,3.8954,50.0155,1.0508,110.4764,26.1739,3.5464
9590.0,3.896,50.488,1.0522,110.1077,26.6029,3.5977
9595.0,3.8959,50.2907,1.0706,111.6719,26.3223,3.6297
9600.0,3.8959,50.1079,1.0477,110.6426,26.2019,3.6801
9605.0,3.896,49.7615,1.0144,108.7151,26.2825,3.7174
9610.0,3.8963,50.0303,1.0648,111.1089,26.5336,3.7545
9615.0,3.8957,50.5449,1.0504,110.1538,26.0835,3.7848
9620.0,3.8962,50.1109,1.053,111.0205,26.5188,3.8067
9625.0,3.8951,50.6167,1.0415,108.8644,25.8381,3.838
9630.0,3.8957,50.1741,1.0439,110.4854,26.3978,3.8516
9635.0,3.8951,50.0084,1.0394,109.3948,26.2264,3.8836
9640.0,3.895,49.9827,1.0562,110.0432,26.3227,3.9039
9645.0,3.8941,50.6344,1.0365,109.4572,26.1295,3.9446
9650.0,3.8939,50.4357,1.0375,109.6888,26.3062,3.9626
9655.0,3.893,50.4852,1.0534,110.1743,26.0987,3.9938
9660.0,3.8919,50.4602,1.0258,107.9623,25.8895,4.0225
9665.0,3.8917,50.3962,1.0194,106.7852,26.3291,4.0669
9670.0,3.8899,50.2357,1.0318,109.9642,25.902,4.1063
9675.0,3.8889,49.6693,1.0328,110.6548,25.93,4.1472
9680.0,3.8881,49.9392,1.0429,110.4106,26.1358,4.1882
9685.0,3.8866,50.0812,1.0355,110.033,25.8469,4.2013
9690.0,3.8856,50.4943,1.0349,109.6012,25.851,4.2197
9695.0,3.8839,49.6664,1.0505,110.7794,25.8427,4.272
9700.0,3.8823,49.8411,1.0573,110.3897,25.7517,4.3009
9705.0,3.8794,50.1262,1.028,108.6252,25.3719,4.3363
9710.0,3.8804,49.4016,1.0173,107.7162,26.1195,4.3636
9715.0,3.8788,49.7955,1.0396,110.1972,25.8902,4.3619
9720.0,3.8749,49.5931,1.0564,110.3652,25.2874,4.3941
9725.0,3.8752,50.0203,1.0299,108.6274,25.7241,4.4095
9730.0,3.8718,49.8119,1.0424,109.3208,25.2958,4.4354
9735.0,3.8707,49.9984,1.0407,108.4815,25.6404,4.4883
9740.0,3.8665,50.1423,1.0409,107.9712,25.0929,4.5115
9745.0,3.864,49.7836,1.033,108.6547,25.0065,4.5383
9750.0,3.8654,49.2207,1.0265,107.1857,25.7795,4.5748
9755.0,3.864,49.5275,1.0309,107.4229,25.7332,4.5783
9760.0,3.8612,49.5176,1.035,109.1458,25.5281,4.5961
9765.0,3.8593,49.3978,1.0238,107.3775,25.3435,4.5937
9770.0,3.8583,49.0837,1.0269,108.7138,25.4514,4.6052
9775.0,3.8585,49.6941,1.0102,108.4257,26.0506,4.6506
9780.0,3.8521,49.6758,1.0127,108.1936,25.1227,4.6573
9785.0,3.8556,49.4174,1.017,110.0298,26.1308,4.6805
9790.0,3.85,49.3143,1.0265,107.294,25.5169,4.7076
9795.0,3.8474,49.1965,1.0271,108.0128,25.4759,4.7367
9800.0,3.8431,49.1302,1.0102,108.4692,25.2896,4.7757
9805.0,3.8417,49.2752,1.0066,106.8976,25.3663,4.7941
9810.0,3.8399,49.0635,1.0273,107.4503,25.3942,4.8124
9815.0,3.8367,49.5135,1.0268,107.3765,25.3329,4.8444
9820.0,3.8329,49.0813,1.0189,106.9089,25.4272,4.8998
9825.0,3.8294,48.9479,1.0293,108.0977,25.5225,4.9501
9830.0,3.8262,48.7131,1.0044,105.5938,25.5693,4.9883
9835.0,3.8148,47.9631,0.9954,104.6647,24.7908,5.0265
9840.0,3.8125,48.8085,1.0057,106.1116,25.0854,5.0776
9845.0,3.811,48.7,0.9881,104.9579,25.3371,5.1151
9850.0,3.7988,48.8457,0.9966,104.4201,24.6795,5.1531
9855.0,3.8027,48.677,1.0003,104.5459,25.0336,5.1546
9860.0,3.801,48.1719,1.0186,105.4361,25.1579,5.1789
9865.0,3.7898,48.3613,0.9852,102.9638,24.705,5.2217
9870.0,3.7888,48.4076,1.0076,104.8834,25.1393,5.2726
9875.0,3.7818,48.5376,0.9881,105.0257,24.9662,5.3069
9880.0,3.7701,48.0843,0.9711,102.2598,24.5756,5.3466
9885.0,3.7664,48.1246,0.9975,102.8521,24.6244,5.376
9890.0,3.7651,48.2302,0.9653,102.227,25.1631,5.4358
9895.0,3.7489,47.6748,0.9714,100.6933,24.9633,5.5094
9900.0,3.7332,47.5501,0.9614,102.0158,24.7792,5.5733
9905.0,3.7215,46.4849,0.9777,100.9996,24.5122,5.6075
9910.0,3.7256,47.3785,0.9753,100.2811,25.0791,5.6417
9915.0,3.7202,46.8411,0.9651,102.571,24.9359,5.6581
9920.0,3.7152,46.8867,0.9644,99.4772,25.0967,5.6958
9925.0,3.7018,46.5752,0.9462,97.7654,24.8797,5.7365
9930.0,3.6953,46.5842,0.953,98.3726,24.9971,5.7756
9935.0,3.6794,46.5974,0.9459,98.1968,24.7991,5.8216
9940.0,3.6795,46.3948,0.9521,97.5013,25.0055,5.8442
9945.0,3.6572,46.0969,0.9413,96.7528,24.3821,5.8755
9950.0,3.6466,45.6731,0.9338,95.231,24.2322,5.9036
9955.0,3.6629,45.444,0.9431,96.9308,24.9703,5.9162
9960.0,3.6507,46.0618,0.9251,94.8734,25.0845,5.9669
9965.0,3.6299,45.9599,0.9302,94.711,24.949,6.0237
9970.0,3.6156,45.1157,0.9163,92.9474,24.5385,6.0429
9975.0,3.6052,45.1527,0.9064,93.0247,24.6865,6.0868
9980.0,3.5878,44.788,0.9193,91.9104,24.8322,6.1463
9985.0,3.5819,44.1862,0.9205,92.6682,24.812,6.1681
9990.0,3.5511,44.3915,0.8894,89.9232,24.4517,6.2224
9995.0,3.5466,43.7119,0.9111,89.7647,24.8671,6.2657
10000.0,3.511,43.6123,0.8925,87.782,24.5109,6.3259
10005.0,3.4955,43.0042,0.8862,87.6263,24.5123,6.3651
10010.0,3.484,43.1518,0.8489,85.6359,24.7423,6.4076
10015.0,3.4745,42.655,0.8849,85.6348,25.1069,6.4522
10020.0,3.4453,42.1767,0.8675,84.3964,24.3777,6.4749
10025.0,3.4399,42.2896,0.85,84.0404,24.8507,6.5156
10030.0,3.4174,41.4841,0.8597,81.8821,24.8168,6.5596
10035.0,3.4009,41.5772,0.853,81.8308,24.4276,6.5761
10040.0,3.3819,41.2124,0.8475,80.1998,24.5049,6.6171
10045.0,3.3779,41.4963,0.8338,80.8996,24.6137,6.6361
10050.0,3.3613,40.923,0.8356,79.931,24.6023,6.6677
10055.0,3.3197,39.6248,0.8228,77.8059,24.8237,6.7463
10060.0,3.3081,40.0213,0.8389,77.8119,24.8638,6.7729
10065.0,3.275,39.3955,0.8005,74.0911,24.2202,6.8005
10070.0,3.2548,38.9389,0.7906,72.3941,24.1821,6.8336
10075.0,3.2367,38.44,0.8093,72.4281,24.8064,6.8877
10080.0,3.2053,38.6691,0.7843,70.9636,24.4531,6.9237
10085.0,3.1938,37.6675,0.7936,70.4117,24.3298,6.94
10090.0,3.2111,37.7279,0.7923,70.7173,25.0638,6.9457
10095.0,3.1806,37.2767,0.7728,69.5623,24.4204,6.9676
10100.0,3.1516,36.8164,0.7684,67.5989,24.7343,7.0194
10105.0,3.1407,36.7557,0.7683,68.3223,24.743,7.0375
10110.0,3.1257,36.9264,0.7668,66.9587,24.5975,7.0548
10115.0,3.1083,36.7693,0.7734,66.7609,24.7316,7.0829
10120.0,3.0709,36.0679,0.7633,64.2341,24.1761,7.1148
10125.0,3.057,35.5174,0.757,63.4576,24.9879,7.1487
10130.0,3.0293,34.8958,0.7124,61.3526,24.7882,7.1694
10135.0,2.9958,33.9945,0.7367,60.1776,24.3138,7.1876
10140.0,2.9762,34.1858,0.7298,58.7497,24.652,7.2041
10145.0,2.9437,32.9287,0.6964,56.8739,24.7742,7.2268
10150.0,2.8947,32.6669,0.7088,54.5031,24.4287,7.2558
10155.0,2.8437,31.6381,0.6914,53.3081,24.5564,7.2896
10160.0,2.8049,31.8211,0.6751,50.8535,24.768,7.3057
10165.0,2.7639,29.9898,0.6664,48.4463,24.5491,7.3162
10170.0,2.7231,29.6381,0.6569,47.1652,24.736,7.327
10175.0,2.6576,28.0595,0.6343,44.9991,24.1931,7.3581
10180.0,2.613,27.2887,0.6339,42.4979,24.4143,7.3661
10185.0,2.5657,27.1949,0.6231,40.4736,24.4911,7.3736
10190.0,2.5041,25.6283,0.6204,37.8563,23.8779,7.3979
10195.0,2.4432,25.4948,0.6066,34.6377,24.1928,7.4141
10200.0,2.4093,24.4784,0.6092,34.5431,24.1387,7.4009
10205.0,2.3616,23.2754,0.5897,32.2617,24.3146,7.4
10210.0,2.3226,22.6112,0.5899,31.9303,24.1073,7.3952
10215.0,2.2672,21.5248,0.5802,29.4365,24.3578,7.4014
10220.0,2.2484,21.1286,0.58,28.0005,23.7011,7.3835
10225.0,2.2022,20.2926,0.5662,25.58,24.1189,7.3761
10230.0,2.1395,19.4801,0.5677,24.0436,24.4296,7.3909
10235.0,2.1101,18.8379,0.5584,22.697,24.0605,7.3831
10240.0,2.0552,17.9958,0.5238,21.668,24.367,7.3884
10245.0,2.0204,17.398,0.541,19.6571,24.0158,7.3899
10250.0,1.9895,16.3379,0.5393,20.0503,23.6192,7.39
10255.0,1.9219,15.8419,0.5287,18.7436,24.6498,7.3873
10260.0,1.8935,15.5737,0.5292,14.9235,24.2108,7.3887
10265.0,1.8806,14.7638,0.5283,15.2191,24.262,7.3721
10270.0,1.8839,15.112,0.5167,16.1148,24.213,7.3601
10275.0,1.8604,13.5735,0.5267,14.6924,24.0832,7.4011
10280.0,1.8666,14.2488,0.5335,15.0454,23.9269,7.3922
10285.0,1.8501,14.3641,0.5288,14.7134,24.1561,7.4022
10290.0,1.8588,14.5395,0.5078,13.4233,24.0234,7.3864
10295.0,1.8611,14.8361,0.527,14.7496,24.04,7.3735
10300.0,1.8759,14.2432,0.5334,15.9663,23.6959,7.3575
10305.0,1.8652,14.461,0.5268,16.0269,24.3689,7.3343
10310.0,1.8684,14.3083,0.5097,14.4504,24.0626,7.3373
10315.0,1.8795,14.4079,0.5142,17.3426,23.7779,7.3266
10320.0,1.8743,15.2113,0.5125,15.7757,23.841,7.3267
10325.0,1.8667,14.8036,0.5179,15.5456,23.6622,7.3452
10330.0,1.88,14.765,0.5214,14.9823,23.8941,7.3049
10335.0,1.89,15.0063,0.5249,16.4876,23.6429,7.2944
10340.0,1.882,14.763,0.5164,15.573,23.8759,7.2922
10345.0,1.8936,14.9171,0.5122,15.834,23.6926,7.2779
10350.0,1.8764,15.1006,0.5069,14.7914,24.2625,7.2759
10355.0,1.8994,14.9201,0.5199,15.3919,23.6231,7.2657
10360.0,1.8952,14.9664,0.5252,18.2306,23.565,7.2737
10365.0,1.8869,14.4535,0.5163,14.3173,23.5451,7.2887
10370.0,1.8762,15.2756,0.5175,14.2774,23.6678,7.3013
10375.0,1.8622,14.5652,0.5215,14.8081,23.8223,7.3188
10380.0,1.8441,13.8919,0.5076,14.4253,23.9695,7.3453
10385.0,1.8498,14.3471,0.5063,14.3607,23.7404,7.3492
10390.0,1.8483,14.5003,0.5323,15.3032,23.7666,7.3521
10395.0,1.8378,14.3833,0.509,14.341,23.962,7.363
10400.0,1.832,13.7061,0.5154,14.539,23.527,7.4021
10405.0,1.8073,13.533,0.4979,12.9177,23.8242,7.4383
10410.0,1.8087,13.8389,0.5231,13.0438,23.5745,7.4559
10415.0,1.8052,13.8215,0.513,13.6614,23.5316,7.4705
10420.0,1.7945,13.5983,0.515,13.0594,23.6858,7.4881
10425.0,1.7954,12.9177,0.4906,12.5794,23.9073,7.4778
10430.0,1.8027,13.411,0.5142,12.7683,23.5926,7.4872
10435.0,1.783,13.3381,0.501,11.6008,24.1223,7.5012
10440.0,1.7948,13.4228,0.5011,12.0709,23.713,7.509
10445.0,1.7999,13.0366,0.496,13.653,23.5654,7.5145
10450.0,1.7879,12.9857,0.5101,13.3413,23.5185,7.5504
10455.0,1.7457,12.388,0.5084,12.821,24.1846,7.6082
10460.0,1.7648,12.5726,0.4899,11.4925,23.7225,7.6069
10465.0,1.7484,12.1124,0.51,12.6797,23.969,7.6349
10470.0,1.7407,12.1078,0.4996,11.3636,23.811,7.6738
10475.0,1.7426,12.8021,0.5062,13.6279,23.7588,7.6832
10480.0,1.7412,12.1484,0.5144,11.0646,23.6301,7.7049
10485.0,1.7552,12.5852,0.4936,10.6847,23.46,7.6937
10490.0,1.7447,12.1666,0.5166,10.7577,23.5634,7.7196
10495.0,1.7298,11.7152,0.4855,9.5483,24.0595,7.7294
10500.0,1.7549,12.4399,0.4979,11.7291,23.4252,7.7249
10505.0,1.7598,12.5346,0.5,11.4303,23.0905,7.7473
10510.0,1.7323,12.4034,0.511,11.0666,23.5382,7.7906
10515.0,1.7165,11.7806,0.5089,12.6623,24.0236,7.8045
10520.0,1.72,11.9911,0.5077,10.3469,24.2233,7.7903
10525.0,1.7113,11.3636,0.5243,10.3706,24.2408,7.8188
10530.0,1.7049,11.8997,0.5087,10.7377,24.2105,7.8476
10535.0,1.7097,11.0962,0.5065,10.7141,23.8783,7.8708
10540.0,1.7094,11.7475,0.5392,11.3676,23.6122,7.9025
10545.0,1.7083,11.6753,0.5277,12.1568,23.9255,7.8896
10550.0,1.6951,11.3774,0.5242,12.1749,23.9758,7.9283
10555.0,1.7006,11.3812,0.5161,10.0593,23.8141,7.9357
10560.0,1.6914,11.6766,0.5035,10.9105,24.0617,7.9481
10565.0,1.7006,11.6119,0.5101,11.8054,23.7149,7.9584
10570.0,1.6944,11.6482,0.5006,10.8472,23.967,7.9614
10575.0,1.6891,12.3149,0.523,11.2513,23.9111,7.9868
10580.0,1.6897,11.5878,0.5137,11.6406,23.7127,8.0084
10585.0,1.6851,11.1619,0.489,10.579,23.7071,8.0281
10590.0,1.6755,10.6895,0.5003,10.7097,23.897,8.0449
10595.0,1.6882,11.8489,0.5156,12.457,23.2823,8.0667
10600.0,1.6671,10.6034,0.5127,9.9345,23.8612,8.0822
10605.0,1.6657,11.0801,0.502,10.5604,23.7387,8.1008
10610.0,1.6638,11.3567,0.4959,9.2653,23.5122,8.1306
10615.0,1.653,10.6637,0.505,10.136,23.8137,8.1399
10620.0,1.6667,10.3262,0.5173,11.4853,23.4566,8.1311
10625.0,1.6629,10.6671,0.5087,9.0928,23.5558,8.1336
10630.0,1.6273,10.1948,0.4903,8.2006,24.5844,8.1538
10635.0,1.6497,11.2092,0.507,10.8682,23.7584,8.1567
10640.0,1.6424,10.82,0.5213,9.5986,23.9519,8.1607
10645.0,1.6385,10.2474,0.5174,10.3238,23.7737,8.1883
10650.0,1.6372,10.877,0.4959,9.0732,23.7026,8.1978
10655.0,1.6211,10.0484,0.5099,8.7554,23.8478,8.2359
10660.0,1.6207,9.7973,0.5077,8.8248,23.6887,8.2509
10665.0,1.6201,10.3625,0.5129,9.0624,23.5012,8.2677
10670.0,1.6203,9.836,0.4848,8.7104,23.5475,8.2582
10675.0,1.6121,9.6684,0.4996,8.9326,23.5615,8.2796
10680.0,1.5966,9.9847,0.4804,8.0795,24.044,8.2826
10685.0,1.594,9.8719,0.4944,8.8535,23.7545,8.3147
10690.0,1.5899,9.8172,0.5067,8.1202,23.8657,8.3132
10695.0,1.594,9.7382,0.4928,8.7038,23.4407,8.3341
10700.0,1.5757,9.6774,0.5046,8.5292,23.8907,8.3507
10705.0,1.5814,9.0991,0.4995,7.8939,23.7549,8.3346
10710.0,1.5783,9.1895,0.4791,7.5675,23.6352,8.3494
10715.0,1.5749,9.6137,0.4935,8.2133,23.728,8.344
10720.0,1.5732,9.0781,0.5031,8.4833,23.7454,8.3388
10725.0,1.5713,9.0233,0.5027,9.0341,23.8479,8.3252
10730.0,1.5636,8.924,0.4901,8.5654,23.8942,8.3407
10735.0,1.562,9.4104,0.4889,8.1643,23.5915,8.3697
10740.0,1.5526,8.9565,0.493,6.9793,23.5488,8.4049
10745.0,1.5507,9.1885,0.4804,7.7222,23.5368,8.4055
10750.0,1.5393,9.0,0.4774,7.6448,23.9139,8.4023
10755.0,1.5425,8.9293,0.4995,7.9711,23.6749,8.4034
10760.0,1.5437,9.0861,0.5054,7.8591,23.3668,8.4218
10765.0,1.5205,8.7575,0.4844,5.42,23.9955,8.446
10770.0,1.5228,8.9172,0.4969,6.442,23.9328,8.4327
10775.0,1.5367,8.6619,0.5031,7.8835,23.0509,8.4593
10780.0,1.5187,8.2652,0.4894,7.7135,23.7822,8.4482
10785.0,1.5183,8.1728,0.4871,6.2099,23.6485,8.4542
10790.0,1.5177,8.6207,0.497,7.965,23.4292,8.473
10795.0,1.5082,8.5493,0.5065,6.8427,23.7782,8.469
10800.0,1.5063,8.4583,0.5121,5.8695,23.9277,8.4513
10805.0,1.5121,8.0643,0.4889,7.2753,23.6561,8.4442
10810.0,1.5097,8.4422,0.4887,7.1734,23.6147,8.4518
10815.0,1.5024,8.4113,0.4918,7.1537,23.7108,8.4685
10820.0,1.5028,8.2955,0.4842,5.1425,23.5948,8.4734
10825.0,1.507,8.937,0.4881,6.0121,23.4934,8.4577
10830.0,1.5149,8.1495,0.4896,6.8215,23.126,8.4557
10835.0,1.4976,7.7308,0.4777,5.9997,23.7543,8.4602
10840.0,1.508,8.2196,0.4764,7.1781,23.2999,8.4575
10845.0,1.4819,7.7618,0.4768,6.3847,24.1574,8.4843
10850.0,1.506,7.892,0.4876,6.9356,23.4052,8.4473
10855.0,1.498,7.8939,0.5055,7.6151,23.5736,8.4617
10860.0,1.4959,8.2667,0.4859,6.0452,23.6654,8.4597
10865.0,1.5022,8.24,0.5142,7.506,23.2936,8.4705
10870.0,1.4901,7.6166,0.477,5.5264,23.6628,8.4871
10875.0,1.4933,7.7542,0.4797,5.807,23.4489,8.4971
10880.0,1.4914,8.2378,0.4692,5.1631,23.4715,8.5052
10885.0,1.4807,8.1088,0.4875,6.4045,23.86,8.5166
10890.0,1.4816,8.278,0.4814,6.8964,23.8267,8.5184
10895.0,1.4893,8.0713,0.49,5.8088,23.4498,8.5255
10900.0,1.4918,7.9522,0.4951,8.4951,23.3105,8.5337
10905.0,1.4846,7.4512,0.4879,7.8103,23.6112,8.5396
10910.0,1.4941,8.1351,0.4773,6.271,23.1352,8.553
10915.0,1.4935,8.1612,0.4919,5.3978,23.0565,8.5726
10920.0,1.4863,7.4069,0.492,7.3599,23.3976,8.5756
10925.0,1.4798,7.6885,0.4939,6.5913,23.7875,8.5701
10930.0,1.4798,7.3796,0.4771,6.8278,23.7435,8.5825
10935.0,1.4855,7.6015,0.4764,6.5333,23.3837,8.6045
10940.0,1.4774,7.5505,0.4872,6.0933,23.7183,8.6182
10945.0,1.4916,7.9115,0.4855,7.7585,23.1827,8.6167
10950.0,1.4725,7.7244,0.4867,6.6873,23.9223,8.641
10955.0,1.4849,7.8765,0.4869,6.3384,23.3365,8.6557
10960.0,1.4776,7.6482,0.4937,6.2125,23.7135,8.6612
10965.0,1.4726,7.3302,0.4883,5.4427,23.7386,8.6988
10970.0,1.4796,7.7749,0.4928,6.571,23.3887,8.7162
10975.0,1.4694,7.6463,0.4805,6.7877,23.7988,8.7378
10980.0,1.4699,7.6274,0.4923,7.2149,23.8551,8.7411
10985.0,1.4694,7.4626,0.4768,5.6561,23.8122,8.7626
10990.0,1.4736,7.5622,0.486,6.4042,23.5197,8.7887
10995.0,1.4611,7.4413,0.4917,5.9319,24.1116,8.8056
11000.0,1.4699,7.8878,0.4911,6.7864,23.7676,8.808
11005.0,1.4651,7.177,0.5003,8.1405,23.8929,8.836
11010.0,1.459,7.4294,0.4924,7.5053,24.1174,8.8619
11015.0,1.4513,6.6046,0.4881,5.5332,24.5095,8.8798
11020.0,1.4726,8.0457,0.4949,5.8056,23.5523,8.8756
11025.0,1.4738,7.4911,0.4968,6.5118,23.7561,8.8533
11030.0,1.4684,7.3661,0.4996,6.8676,23.8815,8.8829
11035.0,1.4715,7.7601,0.5003,7.5772,23.7598,8.8928
11040.0,1.4767,7.3869,0.4951,8.0964,23.4701,8.9098
11045.0,1.4674,7.2137,0.4722,6.4749,23.9871,8.9151
11050.0,1.4679,7.2872,0.4872,6.6991,23.8891,8.9359
11055.0,1.4656,7.2318,0.5138,6.2484,23.9596,8.9543
11060.0,1.4657,7.5193,0.5053,6.858,23.9289,8.969
11065.0,1.4568,7.2457,0.4946,6.7108,24.3173,8.9916
11070.0,1.4619,7.0452,0.4902,6.682,24.2577,8.9732
11075.0,1.4712,8.0202,0.4897,7.0472,23.9491,8.9563
11080.0,1.4773,8.055,0.4733,6.7614,23.6444,8.9631
11085.0,1.4661,7.8111,0.4971,6.2532,24.1934,8.9731
11090.0,1.481,8.0155,0.4834,6.2952,23.5557,8.9649
11095.0,1.4729,7.734,0.4863,5.7737,24.1112,8.9491
11100.0,1.484,7.6383,0.4951,6.7951,23.6973,8.9347
11105.0,1.4698,6.9203,0.4834,7.6494,24.2446,8.9596
11110.0,1.4769,7.5801,0.491,6.3448,23.8599,8.9663
11115.0,1.4789,7.5267,0.4997,7.4398,23.76,8.9688
11120.0,1.4736,7.1419,0.5193,8.0923,24.2512,8.9412
11125.0,1.4728,8.1084,0.4854,6.623,24.1233,8.9619
11130.0,1.4763,7.4786,0.4792,4.4668,23.9831,8.9573
11135.0,1.4785,8.0936,0.4911,6.2221,23.9481,8.9463
11140.0,1.4699,7.6671,0.51,6.4506,24.2746,8.9581
11145.0,1.4745,7.3797,0.5277,7.7912,23.8564,8.9798
11150.0,1.467,7.7174,0.4946,6.3153,24.2981,8.9704
11155.0,1.4751,7.7443,0.5034,7.3328,23.9519,8.9553
11160.0,1.4746,7.7465,0.4942,6.7063,24.0071,8.9454
11165.0,1.4648,7.6077,0.4958,6.1664,24.3841,8.9562
11170.0,1.4689,7.5214,0.4935,5.9034,24.1186,8.9564
11175.0,1.4654,7.4256,0.4833,5.1552,24.2353,8.9575
11180.0,1.472,8.298,0.4933,5.2748,23.8128,8.9595
11185.0,1.4641,7.775,0.4951,6.2085,24.1059,8.9659
11190.0,1.4678,6.869,0.5145,9.1952,23.6847,8.988
11195.0,1.4593,7.4381,0.5046,8.0396,24.0567,8.9883
11200.0,1.4578,7.7205,0.503,5.9125,24.2208,8.966
11205.0,1.4586,6.8816,0.4954,5.813,23.969,8.9816
11210.0,1.4569,7.2412,0.5026,6.1635,23.9185,8.9892
11215.0,1.4576,8.2937,0.4906,5.6928,23.8086,8.9872
11220.0,1.4509,7.5474,0.494,6.0597,24.0703,8.9872
11225.0,1.452,6.8785,0.5022,6.7113,24.0515,8.9687
11230.0,1.4484,7.0408,0.478,6.786,23.9319,8.9968
11235.0,1.435,7.0045,0.4776,6.4346,24.4953,9.0117
11240.0,1.4453,7.1992,0.5088,6.5028,23.8974,8.9993
11245.0,1.443,7.0761,0.4922,6.8971,24.1092,8.9722
11250.0,1.437,6.5881,0.4923,5.926,24.2209,8.9881
11255.0,1.4419,7.0269,0.4933,4.906,23.8136,8.9924
11260.0,1.4427,7.2409,0.4905,8.0519,23.5094,9.0148
11265.0,1.4359,6.7724,0.4921,5.1497,23.9788,8.9882
11270.0,1.4277,7.1164,0.477,5.2286,24.0827,9.0242
11275.0,1.4239,7.1941,0.4863,4.3972,24.0626,9.0461
11280.0,1.422,6.8332,0.4983,7.271,24.1604,9.0353
11285.0,1.4254,7.0799,0.4808,4.706,23.8003,9.043
11290.0,1.4222,6.7521,0.4685,5.9069,23.9221,9.0394
11295.0,1.4261,7.3271,0.4699,6.1088,23.7982,9.0114
11300.0,1.4262,6.7871,0.4792,6.0187,23.5541,9.0317
11305.0,1.4187,7.0056,0.4881,5.614,23.8713,9.0381
11310.0,1.4181,6.8457,0.4961,4.8148,23.8015,9.0419
11315.0,1.4123,6.5581,0.4663,4.6741,24.0328,9.0489
11320.0,1.4124,6.5122,0.4624,4.4076,24.0054,9.042
11325.0,1.4171,6.2321,0.4815,5.3895,23.7511,9.0282
11330.0,1.4115,6.5335,0.4763,4.6231,23.9389,9.04
11335.0,1.41,6.55,0.4832,4.8166,23.936,9.0466
11340.0,1.4099,7.0717,0.4659,4.5249,23.9549,9.0383
11345.0,1.4087,6.7447,0.4809,5.3908,23.8891,9.0516
11350.0,1.405,6.373,0.4804,5.2643,24.0413,9.0587
11355.0,1.4142,6.6915,0.4706,5.054,23.4056,9.0655
11360.0,1.4085,6.3157,0.4866,7.0014,23.7689,9.0599
11365.0,1.4045,6.2834,0.4818,5.9047,23.8886,9.0756
11370.0,1.3979,6.2716,0.4808,5.6383,24.3004,9.0789
11375.0,1.4098,6.8498,0.4773,4.9228,23.7267,9.0504
11380.0,1.406,6.451,0.4696,4.3853,23.6889,9.0892
11385.0,1.4063,6.6466,0.4831,4.8132,23.5785,9.1068
11390.0,1.4016,5.6099,0.4776,5.3237,23.8335,9.1164
11395.0,1.4064,5.9397,0.4656,4.4044,23.6253,9.1064
11400.0,1.4,5.9272,0.4867,5.1411,23.9068,9.13
11405.0,1.3972,6.5476,0.484,5.0171,23.9945,9.1515
11410.0,1.3918,5.7647,0.479,5.0184,24.4495,9.1487
11415.0,1.4016,6.208,0.4673,4.0695,23.6435,9.1752
11420.0,1.3959,6.232,0.4987,6.0089,24.1181,9.1722
11425.0,1.4037,6.211,0.4861,4.6802,23.6835,9.1679
11430.0,1.4,6.4217,0.4861,5.3018,24.0131,9.1655
11435.0,1.4022,6.1808,0.4778,6.2112,23.8213,9.1825
11440.0,1.3974,6.0898,0.4958,6.2461,24.1469,9.1964
11445.0,1.3995,6.8438,0.4872,7.027,23.9087,9.2238
11450.0,1.3946,5.8141,0.487,6.4684,24.2957,9.2324
11455.0,1.4,6.5045,0.4747,4.1702,23.9203,9.2469
11460.0,1.4007,5.8178,0.4869,5.164,23.9687,9.2475
11465.0,1.3956,6.8026,0.4762,5.8033,24.3488,9.2614
11470.0,1.403,6.0579,0.4925,5.5721,24.1091,9.2343
11475.0,1.3963,6.3751,0.4735,4.8163,24.5492,9.2556
11480.0,1.4151,6.755,0.5,6.5683,23.4981,9.2378
11485.0,1.4035,6.6518,0.4757,4.6323,24.1552,9.2699
11490.0,1.4035,5.7945,0.4791,5.4684,24.3335,9.2627
11495.0,1.4099,6.0989,0.4924,7.0851,23.9585,9.2684
11500.0,1.4058,5.903,0.4956,6.3526,24.116,9.3049
11505.0,1.4059,6.5052,0.4886,5.6905,24.1549,9.3185
11510.0,1.4069,6.2353,0.4847,6.4112,24.0662,9.3391
11515.0,1.4037,6.3653,0.4891,5.15,24.2587,9.3631
11520.0,1.4147,6.5876,0.4875,7.0861,23.7532,9.3413
11525.0,1.405,7.0278,0.4995,3.406,24.5669,9.3376
11530.0,1.4101,5.9614,0.5102,6.452,24.158,9.3594
11535.0,1.4139,6.7216,0.4883,4.8635,23.9266,9.3708
11540.0,1.4115,6.7478,0.4998,7.8442,24.0368,9.3962
11545.0,1.4114,6.1889,0.4734,5.0734,24.1292,9.3994
11550.0,1.4104,6.1612,0.4947,6.4293,24.2853,9.4023
11555.0,1.4062,6.7918,0.5019,5.729,24.683,9.4045
11560.0,1.4116,6.6379,0.4719,6.4356,24.2215,9.4261
11565.0,1.4103,6.6897,0.4888,6.6903,24.3184,9.4406
11570.0,1.4117,6.2798,0.4934,5.9679,24.1681,9.4598
11575.0,1.4117,6.7748,0.4929,4.3787,24.3509,9.4443
11580.0,1.4105,6.5566,0.5021,5.7105,24.4003,9.4602
11585.0,1.4084,5.9922,0.5035,5.3848,24.6816,9.4522
11590.0,1.4097,6.8053,0.4872,5.6878,24.5788,9.4602
11595.0,1.4128,5.7218,0.4954,6.4624,24.3119,9.4725
11600.0,1.4117,6.4872,0.5081,7.2594,24.4064,9.4783
11605.0,1.4049,6.2761,0.5003,5.4028,25.0322,9.4711
11610.0,1.411,6.3928,0.5088,5.3362,24.5792,9.4683
11615.0,1.4103,6.6391,0.4933,6.5682,24.5668,9.4812
11620.0,1.4187,6.5208,0.4879,6.1995,23.9961,9.4754
11625.0,1.4103,6.4723,0.5045,7.3367,24.4785,9.4979
11630.0,1.4098,6.6343,0.5073,6.8062,24.4218,9.514
11635.0,1.4065,5.9556,0.48,4.7856,24.5983,9.5264
11640.0,1.4159,6.188,0.4969,5.2635,23.9987,9.5046
11645.0,1.4137,6.7701,0.5101,7.9014,24.0152,9.5217
11650.0,1.4076,6.9132,0.4913,4.1956,24.3981,9.5318
11655.0,1.4141,6.3327,0.4812,5.6822,23.8486,9.5344
11660.0,1.4023,6.5569,0.491,6.0262,24.6242,9.5499
11665.0,1.4033,6.2562,0.4929,5.5204,24.451,9.5561
11670.0,1.4065,6.4774,0.4977,6.0439,24.0813,9.5641
11675.0,1.3962,5.6718,0.487,6.7281,24.7864,9.5783
11680.0,1.4074,6.6009,0.4749,4.7616,23.742,9.5868
11685.0,1.398,6.4135,0.4904,6.3674,24.476,9.5779
11690.0,1.4019,6.2052,0.4906,6.3274,24.1742,9.5604
11695.0,1.4018,6.0344,0.5033,6.325,24.0028,9.5729
11700.0,1.3987,6.2967,0.4918,6.5955,24.2891,9.5528
11705.0,1.3949,6.6672,0.4988,5.5744,24.5387,9.5465
11710.0,1.3999,6.3445,0.4872,5.6891,24.1457,9.5253
11715.0,1.3974,6.3394,0.4976,6.0302,24.1372,9.5398
11720.0,1.3949,6.0546,0.4852,5.4211,24.3266,9.5247
11725.0,1.3956,6.9535,0.4762,6.1039,24.1967,9.5173
11730.0,1.3957,5.7047,0.4911,4.6253,24.2085,9.4951
11735.0,1.3954,6.0353,0.4906,5.9573,24.0482,9.5039
11740.0,1.3971,6.2842,0.4897,5.511,23.9046,9.488
11745.0,1.3933,6.0911,0.4842,4.6623,24.2217,9.4641
11750.0,1.3948,5.8191,0.483,5.4084,24.058,9.4512
11755.0,1.3964,6.0978,0.4942,6.2053,23.8624,9.4431
11760.0,1.3909,5.8165,0.4739,6.3543,24.0807,9.4571
11765.0,1.3928,6.7288,0.4855,5.2608,23.7791,9.4635
11770.0,1.3851,6.2572,0.4819,4.0529,24.1563,9.4818
11775.0,1.38,6.6741,0.5105,6.317,24.4467,9.4872
11780.0,1.3833,6.2102,0.4806,5.8905,24.0965,9.4796
11785.0,1.3801,5.8354,0.4804,5.0867,24.2062,9.4854
11790.0,1.3792,5.602,0.4671,3.7884,24.1392,9.4911
11795.0,1.3796,5.9982,0.4724,5.1649,24.0494,9.4836
11800.0,1.3758,6.1595,0.4869,5.1867,24.2688,9.4827
11805.0,1.3767,6.2397,0.4947,5.2295,24.1782,9.4695
11810.0,1.3753,6.4478,0.4963,4.4068,24.3457,9.4455
11815.0,1.3768,6.3374,0.4838,5.1626,24.1229,9.445
11820.0,1.377,6.4058,0.4728,4.6951,24.0627,9.4381
11825.0,1.3826,6.3275,0.4682,6.384,23.6169,9.4258
11830.0,1.3803,6.0452,0.4903,5.4602,23.5944,9.447
11835.0,1.3736,5.7248,0.468,5.2985,24.1912,9.4297
11840.0,1.3841,6.0007,0.4907,5.2318,23.4133,9.4116
11845.0,1.373,5.7119,0.4853,4.9856,24.142,9.4271
11850.0,1.3762,5.9661,0.4806,5.3027,23.9491,9.4088
11855.0,1.3774,5.9823,0.479,5.248,23.8653,9.4002
11860.0,1.3753,5.8853,0.4805,5.3118,23.9775,9.4055
11865.0,1.372,5.6117,0.4897,5.0051,24.2949,9.396
11870.0,1.3746,6.216,0.4717,4.8214,24.0239,9.4012
11875.0,1.366,5.7972,0.4828,5.1144,24.7086,9.4126
11880.0,1.3776,6.4353,0.4877,5.1909,23.5285,9.444
11885.0,1.3708,5.9566,0.4953,5.419,23.9427,9.4704
11890.0,1.3677,6.3136,0.4928,5.0252,24.0863,9.4968
11895.0,1.3687,5.8516,0.483,4.565,23.9719,9.5079
11900.0,1.3698,5.9883,0.4759,5.7388,23.8808,9.5135
11905.0,1.3693,6.2153,0.4736,5.0203,23.8921,9.5264
11910.0,1.3682,5.6575,0.4752,5.595,24.0702,9.5215
11915.0,1.3695,5.592,0.4935,6.0811,23.8933,9.5417
11920.0,1.3677,5.7071,0.4882,6.0225,24.0495,9.5548
11925.0,1.3698,5.5726,0.4617,4.3957,23.8564,9.5683
11930.0,1.3703,5.7322,0.4803,5.0797,23.8532,9.5751
11935.0,1.3717,5.4165,0.4724,5.8336,23.879,9.5647
11940.0,1.3713,5.8178,0.4968,5.0474,23.8873,9.5841
11945.0,1.373,5.9445,0.4756,5.2426,23.8643,9.5791
11950.0,1.3674,5.7182,0.4884,5.9672,24.3286,9.607
11955.0,1.3662,5.6096,0.4803,3.6055,24.4149,9.632
11960.0,1.3665,5.7659,0.4971,5.6693,24.4172,9.6481
11965.0,1.3701,5.903,0.4911,4.9876,24.172,9.6511
11970.0,1.3666,5.981,0.4651,4.9518,24.5623,9.6674
11975.0,1.3718,5.4273,0.4751,5.3521,24.0498,9.6877
11980.0,1.3684,6.1693,0.4698,4.1928,24.3874,9.7127
11985.0,1.3662,5.7039,0.4828,4.3268,24.6354,9.7359
11990.0,1.3786,5.8178,0.4924,7.2694,23.4887,9.7465
11995.0,1.3704,5.4068,0.4965,6.681,24.2956,9.7668
12000.0,1.3707,5.8975,0.4721,5.1598,24.1505,9.8132
12005.0,1.3698,5.2779,0.4987,4.7435,24.3714,9.8194
12010.0,1.373,5.5713,0.4639,5.9274,24.0569,9.84
12015.0,1.3728,5.6273,0.5061,6.2197,24.3145,9.824
12020.0,1.3746,6.0208,0.5037,4.976,24.162,9.8408
12025.0,1.3793,6.2303,0.4935,5.2953,23.977,9.8151
12030.0,1.3754,6.0222,0.4989,4.7129,24.4496,9.8235
12035.0,1.378,6.5341,0.4841,6.1568,24.2569,9.8316
12040.0,1.3797,6.4142,0.4998,6.5524,24.039,9.8618
12045.0,1.3781,6.2255,0.4828,5.4387,24.2374,9.8796
12050.0,1.3786,6.4006,0.502,5.595,24.4009,9.8633
12055.0,1.3813,6.0508,0.4942,6.2185,24.1874,9.8687
12060.0,1.3812,5.9359,0.4805,6.2625,24.1814,9.8907
12065.0,1.3837,5.9937,0.4722,4.5075,23.9387,9.9085
12070.0,1.3844,6.1896,0.5006,6.0996,23.9993,9.9018
12075.0,1.3815,5.9768,0.4858,6.1793,24.2966,9.9164
12080.0,1.3816,5.5438,0.4987,5.3126,24.3923,9.913
12085.0,1.3807,5.563,0.5053,6.5506,24.5503,9.9159
12090.0,1.3856,5.9224,0.4856,5.5893,24.1072,9.9134
12095.0,1.3848,5.4911,0.487,5.4892,24.3298,9.8987
12100.0,1.3846,6.3863,0.4863,5.6887,24.3486,9.9062
12105.0,1.384,6.2387,0.4823,5.0151,24.5578,9.8884
12110.0,1.3876,6.7582,0.4891,5.7083,24.1162,9.9053
12115.0,1.3857,6.3223,0.4922,5.9889,24.3452,9.9035
12120.0,1.3827,6.1455,0.4916,5.6735,24.6045,9.9172
12125.0,1.3863,6.5696,0.5021,6.4844,24.3936,9.8879
12130.0,1.3894,6.2934,0.4792,6.7564,24.0659,9.8886
12135.0,1.3941,6.1341,0.4847,7.5098,23.5353,9.9029
12140.0,1.3877,5.5228,0.5036,6.3859,24.2267,9.8849
12145.0,1.3883,6.486,0.491,7.0201,24.0473,9.8985
12150.0,1.384,6.4879,0.482,4.9715,24.4048,9.9079
12155.0,1.3868,6.6166,0.5014,6.1809,24.0793,9.9064
12160.0,1.3851,6.1176,0.4932,5.7628,24.2054,9.9036
12165.0,1.3825,5.7294,0.5045,6.4419,24.2754,9.9291
12170.0,1.3831,6.4016,0.4994,5.0162,24.1057,9.9357
12175.0,1.3822,6.0327,0.4898,3.9848,24.1558,9.93
12180.0,1.3803,5.6107,0.4823,5.9213,24.2245,9.9379
12185.0,1.3758,6.2046,0.4811,5.3483,24.5762,9.948
12190.0,1.3824,5.955,0.4687,4.0957,23.6883,9.9611
12195.0,1.3772,5.8538,0.4755,5.3936,24.3044,9.9314
12200.0,1.3807,5.9161,0.4982,6.0852,23.8655,9.9213
12205.0,1.3814,6.2434,0.4915,6.076,23.6959,9.9183
12210.0,1.3794,6.0683,0.5062,6.1812,23.7193,9.9291
12215.0,1.3748,6.1798,0.4708,6.813,24.0165,9.939
12220.0,1.3738,5.9701,0.4884,4.9355,23.9672,9.9447
12225.0,1.3711,5.6137,0.4997,5.6739,24.1365,9.9438
12230.0,1.3753,5.6998,0.4869,4.2414,23.5307,9.9473
12235.0,1.3739,5.657,0.4926,3.8546,23.5079,9.954
12240.0,1.3726,6.1717,0.4865,5.5341,23.4445,9.9653
12245.0,1.368,5.6784,0.4893,5.5094,23.7512,9.972
12250.0,1.3641,6.3508,0.4768,5.1366,23.9641,9.9879
12255.0,1.363,5.6258,0.4905,5.7675,23.9203,9.9915
12260.0,1.3637,5.1804,0.4881,5.4318,23.7763,9.9762
12265.0,1.3607,5.6926,0.4859,6.2881,23.8755,9.9943
12270.0,1.3605,5.1106,0.4668,5.5618,23.7887,9.9882
12275.0,1.3559,5.0086,0.506,5.7965,24.1203,10.0016
12280.0,1.3577,4.9298,0.4808,3.8458,23.7972,9.9947
12285.0,1.3559,5.2629,0.4891,5.9305,23.9831,9.9733
12290.0,1.3514,5.6232,0.4743,5.6346,24.5115,9.9532
12295.0,1.3568,5.7258,0.4747,5.5417,23.7133,9.9509
12300.0,1.3555,5.1059,0.4727,4.8322,23.7939,9.9419
12305.0,1.3539,5.5899,0.4943,6.8623,23.8655,9.9399
12310.0,1.3573,5.6411,0.4849,4.4207,23.437,9.9289
12315.0,1.3518,5.7112,0.4825,5.5244,24.0304,9.9145
12320.0,1.3517,5.1557,0.4955,5.159,23.9163,9.9179
12325.0,1.351,5.532,0.475,4.9491,23.9203,9.9156
12330.0,1.3536,5.3722,0.4745,4.2425,23.4076,9.9395
12335.0,1.3488,5.3782,0.4856,4.9868,23.9566,9.9275
12340.0,1.3474,5.4241,0.4793,5.834,23.9654,9.9442
12345.0,1.3463,5.6085,0.4911,4.5561,24.0633,9.9412
12350.0,1.351,5.3957,0.4885,5.0984,23.4058,9.9503
12355.0,1.3486,5.7568,0.4833,5.6403,23.6122,9.9543
12360.0,1.3466,5.3284,0.4824,3.9899,23.6867,9.98
12365.0,1.3478,5.4144,0.4929,5.6892,23.6503,9.9574
12370.0,1.3491,5.9209,0.472,4.1766,23.3604,9.98
12375.0,1.3482,5.7461,0.4839,3.9593,23.4437,9.9841
12380.0,1.3466,5.459,0.4819,5.6672,23.4875,10.0132
12385.0,1.3483,5.8742,0.473,4.8137,23.2483,10.0245
12390.0,1.345,5.2366,0.4974,2.9896,23.6374,10.0308
12395.0,1.3435,5.5836,0.4875,5.2762,23.7818,10.048
12400.0,1.3453,5.3391,0.4658,4.7385,23.5377,10.0599
12405.0,1.3471,5.2283,0.4737,5.1033,23.3699,10.0618
12410.0,1.3451,5.2568,0.4918,4.256,23.7119,10.0552
12415.0,1.344,5.6986,0.4822,4.2784,23.8677,10.0655
12420.0,1.3455,5.9823,0.4541,3.8503,23.7395,10.0705
12425.0,1.3437,4.8473,0.4828,5.1246,23.972,10.0902
12430.0,1.3439,5.7595,0.4786,4.3865,24.0042,10.099
12435.0,1.3455,5.4881,0.4801,4.4376,23.8995,10.0991
12440.0,1.3465,4.8723,0.458,4.7556,23.8583,10.1046
12445.0,1.3498,5.2835,0.4436,4.1579,23.4816,10.1183
12450.0,1.3528,4.9626,0.4699,4.2563,23.2712,10.1118
12455.0,1.3522,5.7207,0.4918,5.3258,23.4996,10.1062
12460.0,1.352,5.9112,0.4713,5.9713,23.4477,10.1487
12465.0,1.3505,5.7407,0.4919,3.286,23.7581,10.1544
12470.0,1.3538,5.4573,0.495,5.4865,23.5181,10.1478
12475.0,1.3519,5.7288,0.4939,6.1517,23.7353,10.183
12480.0,1.3534,5.2037,0.4785,4.4099,23.6599,10.1928
12485.0,1.3534,5.2245,0.4933,5.1771,23.7567,10.2065
12490.0,1.3549,5.1887,0.4952,5.0535,23.699,10.2096
12495.0,1.3574,5.8799,0.4863,5.4219,23.5053,10.2175
12500.0,1.3546,5.5332,0.4865,4.4333,24.0356,10.2207
12505.0,1.3601,5.8641,0.4857,6.0474,23.5024,10.2122
12510.0,1.3578,6.0285,0.4876,3.9706,23.83,10.2392
12515.0,1.3591,5.6017,0.4823,6.073,23.8596,10.2322
12520.0,1.3631,5.0165,0.4881,3.639,23.4936,10.234
12525.0,1.362,5.3418,0.4682,3.5017,23.6594,10.2597
12530.0,1.3639,5.7168,0.4695,3.6787,23.5368,10.2653
12535.0,1.3634,5.6422,0.512,4.7972,23.7518,10.2666
12540.0,1.3697,5.6619,0.4986,7.3562,23.124,10.2642
12545.0,1.3659,4.9977,0.4997,5.21,23.7555,10.2553
12550.0,1.3635,5.1955,0.4974,6.0667,24.1495,10.2689
12555.0,1.3672,6.2423,0.4761,4.2054,23.6746,10.2918
12560.0,1.367,5.5058,0.5003,5.7353,23.8808,10.2818
12565.0,1.3697,5.4473,0.4996,7.1224,23.4804,10.3125
12570.0,1.3688,5.7384,0.4915,5.901,23.6985,10.3163
12575.0,1.3697,6.1165,0.5005,5.5806,23.5584,10.34
12580.0,1.3658,5.7031,0.4988,5.7001,24.0108,10.3776
12585.0,1.3674,6.1968,0.4989,6.3615,23.8754,10.3786
12590.0,1.3681,5.8236,0.5084,6.0325,23.8073,10.3892
12595.0,1.3701,5.4546,0.493,6.4971,23.6701,10.3743
12600.0,1.374,6.1144,0.5032,6.143,23.2837,10.3629
12605.0,1.3691,5.5298,0.4983,6.2903,23.9442,10.3658
12610.0,1.3714,5.603,0.4796,5.8553,23.5292,10.3933
12615.0,1.3679,6.1692,0.481,5.1356,23.9601,10.4117
12620.0,1.3701,6.2492,0.5016,6.04,23.6156,10.4227
12625.0,1.3708,6.2459,0.5243,6.0571,23.416,10.4471
12630.0,1.3676,6.1058,0.4985,4.8235,23.8336,10.4543
12635.0,1.3665,5.4232,0.4859,6.0388,23.9831,10.4549
12640.0,1.3705,5.6976,0.5152,6.6659,23.3103,10.4695
12645.0,1.3687,6.3558,0.4884,5.4946,23.5678,10.4611
12650.0,1.3681,6.0148,0.4871,5.4554,23.6164,10.4583
12655.0,1.3688,5.3051,0.4845,5.1482,23.5885,10.4323
12660.0,1.3664,5.816,0.5005,6.2331,23.8539,10.4313
12665.0,1.3646,5.4619,0.48,6.6244,24.1048,10.4178
12670.0,1.3666,6.1955,0.486,6.5085,23.7212,10.4167
12675.0,1.3641,5.7151,0.5073,5.1939,23.8699,10.4412
12680.0,1.3681,5.3311,0.504,5.6787,23.2049,10.443
12685.0,1.3658,6.3049,0.4919,5.3629,23.4384,10.4346
12690.0,1.3608,5.8146,0.4886,6.406,23.9118,10.4623
12695.0,1.3621,5.3875,0.4904,5.4852,23.5353,10.4728
12700.0,1.3595,6.2415,0.4929,5.3239,23.6372,10.5056
12705.0,1.3554,5.4211,0.4861,5.2431,24.1524,10.5072
12710.0,1.3553,6.3253,0.5001,5.9979,23.974,10.5124
12715.0,1.3604,5.8569,0.5036,6.8749,23.0889,10.5018
12720.0,1.3563,5.5099,0.4899,5.4987,23.5604,10.4924
12725.0,1.3575,5.4032,0.4752,4.5981,23.1993,10.4951
12730.0,1.353,5.6057,0.4947,5.5693,23.7392,10.4908
12735.0,1.3546,5.1855,0.4978,5.2567,23.3363,10.4843
12740.0,1.3528,5.0143,0.4937,4.4761,23.5103,10.4668
12745.0,1.3508,4.9234,0.49,4.6656,23.7035,10.4529
12750.0,1.3485,5.9617,0.4797,3.8303,23.9253,10.4432
12755.0,1.3479,5.1512,0.5128,4.5546,23.9648,10.4136
12760.0,1.3514,5.1197,0.4823,4.8957,23.1803,10.4273
12765.0,1.3478,5.5067,0.4661,4.6048,23.5423,10.4265
12770.0,1.346,5.2187,0.4817,5.0762,23.6336,10.4285
12775.0,1.3467,5.6999,0.4788,4.6211,23.4972,10.397
12780.0,1.3453,5.187,0.4785,4.3351,23.6215,10.3796
12785.0,1.3483,5.8106,0.4738,4.4743,23.0553,10.3742
12790.0,1.347,5.1446,0.48,4.7205,23.2386,10.3401
12795.0,1.3452,5.9596,0.4822,4.4692,23.3469,10.3381
12800.0,1.3445,5.2596,0.475,4.7965,23.3242,10.3342
12805.0,1.3449,5.0393,0.4747,6.7499,23.2506,10.3101
12810.0,1.3426,5.3711,0.4528,3.1196,23.4808,10.3008
12815.0,1.3435,5.4002,0.4884,4.6794,23.2503,10.2958
12820.0,1.3417,5.4854,0.4846,4.9237,23.4736,10.2786
12825.0,1.3417,4.9725,0.4773,4.6734,23.3635,10.2776
12830.0,1.3439,4.8079,0.4692,3.9831,23.1131,10.2487
12835.0,1.3409,5.152,0.4832,6.0762,23.4787,10.2391
12840.0,1.3426,5.2334,0.4751,2.5177,23.2395,10.2231
12845.0,1.3433,5.6085,0.4942,5.9391,22.9868,10.2424
12850.0,1.3369,4.8836,0.4788,4.109,23.8166,10.2475
12855.0,1.3391,5.4321,0.4901,5.1308,23.3741,10.2609
12860.0,1.338,5.1437,0.497,5.0192,23.6192,10.235
12865.0,1.3378,4.9017,0.4673,2.5484,23.4276,10.274
12870.0,1.339,4.9853,0.4698,4.6514,23.2383,10.2756
12875.0,1.3371,5.6124,0.4748,3.1716,23.4828,10.2825
12880.0,1.3367,4.6662,0.4701,4.2253,23.586,10.2734
12885.0,1.3373,5.3563,0.4742,3.379,23.4721,10.2813
12890.0,1.3421,5.0634,0.4758,4.2237,22.7569,10.2997
12895.0,1.3366,5.3077,0.4746,3.706,23.6128,10.2914
12900.0,1.3401,5.1519,0.4805,4.3468,23.0929,10.3018
12905.0,1.3383,4.9583,0.4801,3.7484,23.3829,10.3075
12910.0,1.3399,5.5351,0.4875,4.8195,23.3179,10.2894
12915.0,1.3404,4.8461,0.4836,4.1483,23.2719,10.2981
12920.0,1.3388,5.4534,0.4649,4.2476,23.4775,10.325
12925.0,1.341,5.0892,0.4885,4.2115,23.2967,10.3158
12930.0,1.3402,5.4548,0.4837,4.3476,23.6107,10.2985
12935.0,1.3422,5.219,0.4909,4.5651,23.2825,10.3283
12940.0,1.3382,4.9387,0.4747,4.7217,23.9071,10.3563
12945.0,1.3432,6.2577,0.493,4.1765,23.2519,10.3593
12950.0,1.3404,5.7012,0.4695,4.8874,23.7462,10.378
12955.0,1.3443,5.21,0.4797,4.0849,23.3032,10.3782
12960.0,1.3446,5.5805,0.4766,4.6044,23.3983,10.3795
12965.0,1.3435,5.105,0.4798,4.5842,23.6957,10.386
12970.0,1.3453,5.506,0.4849,3.2797,23.5179,10.4026
12975.0,1.3478,5.4695,0.4715,5.8405,23.3236,10.3999
12980.0,1.3497,5.7507,0.4671,5.8064,23.2447,10.3929
12985.0,1.3522,5.4124,0.492,6.1065,23.0652,10.3915
12990.0,1.3489,5.2961,0.4695,3.9004,23.665,10.4028
12995.0,1.3489,5.4681,0.474,5.4473,23.8799,10.3983
13000.0,1.3511,5.2138,0.4772,4.7685,23.5337,10.4368
13005.0,1.354,5.6386,0.4774,5.2806,23.2974,10.4346
13010.0,1.3576,5.6065,0.4802,5.5782,23.0074,10.4282
13015.0,1.3551,4.7841,0.4852,5.3405,23.5207,10.4255
13020.0,1.3545,5.4882,0.4855,5.9663,23.7938,10.4259
13025.0,1.3579,6.2333,0.4845,5.3997,23.4266,10.4311
13030.0,1.3578,5.746,0.4875,4.4235,23.7137,10.4093
13035.0,1.3587,5.0518,0.4994,6.6136,23.5922,10.4393
13040.0,1.3617,5.6921,0.4841,4.1939,23.2043,10.4656
13045.0,1.3603,6.0746,0.4969,5.813,23.5654,10.4641
13050.0,1.3617,5.3859,0.4983,5.5441,23.3461,10.4974
13055.0,1.3626,5.7791,0.49,4.7023,23.2529,10.5217
13060.0,1.3587,5.9718,0.4885,5.9818,23.889,10.543
13065.0,1.3643,5.6585,0.4896,4.5689,23.2397,10.5292
13070.0,1.3598,5.5808,0.4822,5.269,23.9728,10.545
13075.0,1.3628,6.2798,0.4774,3.9582,23.5031,10.5669
13080.0,1.3597,5.6542,0.4775,6.6742,23.873,10.6187
13085.0,1.3652,5.8538,0.4995,6.8379,23.0871,10.6258
13090.0,1.362,5.6269,0.5074,6.6729,23.5518,10.6488
13095.0,1.3618,5.7102,0.504,6.7998,23.6412,10.6564
13100.0,1.3632,5.5439,0.4941,5.4478,23.4583,10.66
13105.0,1.3613,5.1572,0.4806,5.037,23.6252,10.7044
13110.0,1.3606,5.2528,0.4846,6.4015,23.7598,10.715
13115.0,1.3628,6.4116,0.4879,5.7759,23.4997,10.6969
13120.0,1.363,5.5742,0.4845,6.1094,23.3809,10.7187
13125.0,1.3612,5.3891,0.488,5.6651,23.6735,10.7231
13130.0,1.3624,5.5189,0.4926,5.654,23.4313,10.7292
13135.0,1.3593,4.9119,0.5034,4.5306,24.0318,10.7163
13140.0,1.3574,5.3659,0.511,6.9496,24.4591,10.7013
13145.0,1.3601,5.4608,0.4908,6.6513,23.7487,10.7263
13150.0,1.3601,5.2855,0.4809,5.2614,23.7175,10.7243
13155.0,1.3597,5.641,0.4733,4.5271,23.8369,10.6973
13160.0,1.3611,6.0706,0.4967,5.2084,23.4436,10.7106
13165.0,1.3602,5.6,0.4918,6.0118,23.6472,10.6802
13170.0,1.3588,5.67,0.5114,4.7909,23.7353,10.6914
13175.0,1.3575,5.6402,0.4898,5.1224,23.8362,10.6953
13180.0,1.3591,5.4667,0.4795,6.3816,23.3698,10.7095
13185.0,1.3573,5.9895,0.4832,5.6934,23.6052,10.6983
13190.0,1.357,5.9489,0.486,5.353,23.5972,10.6765
13195.0,1.3596,5.6901,0.4927,5.9525,23.1626,10.6494
13200.0,1.3577,5.71,0.4921,5.7067,23.2731,10.6559
13205.0,1.3535,5.4227,0.4831,6.2688,23.8034,10.6619
13210.0,1.3541,5.5321,0.5157,4.6083,23.6455,10.6347
13215.0,1.3537,5.4334,0.5052,5.1224,23.524,10.6344
13220.0,1.354,5.6198,0.4803,4.1031,23.2489,10.648
13225.0,1.3515,5.8986,0.4843,5.3267,23.4101,10.665
13230.0,1.3498,5.3454,0.4783,3.7863,23.5521,10.6578
13235.0,1.3459,5.0279,0.4805,6.1687,24.0468,10.6635
13240.0,1.3461,5.3237,0.4891,5.3061,23.7275,10.6794
13245.0,1.3452,5.6874,0.4991,5.3603,23.643,10.6874
13250.0,1.344,5.5098,0.4883,4.8886,23.6451,10.6884
13255.0,1.3422,5.4054,0.4748,4.9525,23.744,10.6995
13260.0,1.3411,4.9562,0.4877,4.9448,23.7743,10.6901
13265.0,1.3424,4.9556,0.4601,4.0082,23.306,10.6903
13270.0,1.3385,5.2022,0.4799,5.315,23.8147,10.6985
13275.0,1.338,5.9167,0.4746,5.6567,23.7009,10.6979
13280.0,1.3381,5.7606,0.4729,4.5082,23.6849,10.6535
13285.0,1.3381,5.4695,0.4715,5.1038,23.462,10.6535
13290.0,1.3351,5.1077,0.4907,5.5703,23.8246,10.6628
13295.0,1.3338,5.4953,0.4745,5.1452,23.9011,10.6603
13300.0,1.3345,4.8713,0.4844,6.1136,23.5728,10.6608
13305.0,1.3326,5.5837,0.4746,5.3855,23.7248,10.6708
13310.0,1.3331,5.401,0.4718,5.7293,23.4422,10.6759
13315.0,1.3305,6.0215,0.4816,2.8886,23.8806,10.6638
13320.0,1.3312,4.9195,0.4832,2.953,23.4913,10.6822
13325.0,1.3302,4.9542,0.4714,3.901,23.6276,10.6663
13330.0,1.3294,4.9887,0.4853,4.3889,23.5179,10.6984
13335.0,1.3326,5.6521,0.4824,4.9201,22.7601,10.7067
13340.0,1.3272,5.1246,0.4723,3.8918,23.7969,10.6928
13345.0,1.3281,5.4552,0.4916,5.2189,23.5508,10.6799
13350.0,1.3267,4.7091,0.4597,4.1181,23.7578,10.6856
13355.0,1.3272,5.4053,0.4667,4.0355,23.4667,10.71
13360.0,1.3264,4.6373,0.4738,4.4563,23.6666,10.6958
13365.0,1.3246,5.3412,0.4709,4.6963,23.8746,10.7338
13370.0,1.3258,4.7589,0.4819,4.7403,23.6133,10.7238
13375.0,1.3259,4.5586,0.4716,3.2511,23.6091,10.7162
13380.0,1.3262,5.685,0.4733,3.8865,23.6069,10.7018
13385.0,1.3254,4.8158,0.4807,2.593,23.73,10.7197
13390.0,1.3254,5.6513,0.4543,2.7955,23.7366,10.7289
13395.0,1.327,4.7165,0.4885,3.4514,23.3441,10.7498
13400.0,1.3261,4.7765,0.4616,3.0469,23.6307,10.7463
13405.0,1.3246,4.7459,0.4625,5.366,24.1207,10.7401
13410.0,1.326,4.6501,0.4761,5.2537,23.8285,10.7515
13415.0,1.3278,5.0503,0.4897,4.3364,23.5594,10.7433
13420.0,1.3277,5.3508,0.4891,4.1529,23.7371,10.7346
13425.0,1.328,5.268,0.4759,2.9458,23.8768,10.7209
13430.0,1.3294,4.9974,0.4947,4.0221,23.7266,10.7157
13435.0,1.3285,5.1253,0.4841,5.7304,24.0516,10.727
13440.0,1.3297,5.4955,0.4837,5.4405,23.779,10.7702
13445.0,1.3306,4.7874,0.4858,4.8926,23.67,10.7909
13450.0,1.3314,4.4973,0.4607,4.7063,23.6979,10.7872
13455.0,1.3298,5.3883,0.4748,4.035,24.3174,10.7914
13460.0,1.3313,5.6008,0.4801,2.4954,24.2287,10.7783
13465.0,1.3322,4.8543,0.4787,5.3648,24.0567,10.8203
13470.0,1.3333,5.3944,0.458,3.9169,24.0868,10.8077
13475.0,1.335,4.8058,0.4898,4.6588,23.8314,10.8256
13480.0,1.3368,5.8789,0.4912,4.1056,23.5579,10.853
13485.0,1.3372,4.8741,0.4611,5.8465,23.6317,10.8732
13490.0,1.3365,5.2401,0.499,5.0408,23.9712,10.8922
13495.0,1.3366,5.0991,0.4803,4.5849,24.1823,10.9075
13500.0,1.339,5.097,0.4792,6.0069,23.9215,10.8845
13505.0,1.3405,4.9983,0.4853,4.1461,23.8977,10.8709
13510.0,1.3414,5.483,0.4821,4.853,23.8631,10.8829
13515.0,1.3409,4.9022,0.4928,5.128,24.1368,10.9134
13520.0,1.3399,5.2763,0.4922,5.7013,24.6547,10.928
13525.0,1.3447,5.4568,0.4722,5.2951,23.7723,10.9063
13530.0,1.3431,5.9025,0.4874,4.9483,24.3231,10.9244
13535.0,1.3444,5.7481,0.4859,4.5968,24.2113,10.9353
13540.0,1.3453,5.5979,0.4654,4.795,24.1716,10.9472
13545.0,1.3476,5.787,0.4942,4.9945,23.7413,10.9664
13550.0,1.3472,5.9018,0.4863,5.1599,23.9917,10.9847
13555.0,1.3481,5.2662,0.4972,5.1506,23.9274,10.9966
13560.0,1.3461,5.2703,0.4882,5.0201,24.6028,11.0259
13565.0,1.3452,5.5494,0.4815,5.5569,24.9514,11.067
13570.0,1.3475,5.5079,0.4932,6.8199,24.411,11.0765
13575.0,1.3491,5.2299,0.5024,4.2803,24.1486,11.0729
13580.0,1.3493,4.9387,0.4948,4.7694,24.1648,11.0953
13585.0,1.3488,5.4169,0.4871,4.8434,24.347,11.1209
13590.0,1.3489,5.0575,0.4762,5.8358,24.5337,11.1099
13595.0,1.3504,5.6831,0.5031,5.1841,24.2059,11.1067
13600.0,1.349,4.9755,0.4898,6.1918,24.6414,11.1321
13605.0,1.3494,5.2833,0.4835,4.9792,24.5821,11.1393
13610.0,1.3507,5.8945,0.5001,5.6189,24.1874,11.1579
13615.0,1.3501,5.7543,0.4822,5.9411,24.4299,11.1572
13620.0,1.3504,5.3747,0.4755,5.2243,24.487,11.1266
13625.0,1.3507,5.2737,0.4937,5.8574,24.3072,11.1456
13630.0,1.3497,5.2031,0.4835,4.5721,24.5695,11.159
13635.0,1.3509,5.2841,0.4889,5.1902,24.2259,11.145
13640.0,1.3507,5.3385,0.4984,5.4391,24.1485,11.1624
13645.0,1.35,5.0995,0.5135,4.8058,24.2665,11.1697
13650.0,1.3493,5.2152,0.5073,6.0303,24.4299,11.1662
13655.0,1.3478,5.9332,0.4845,6.4288,24.8568,11.1527
13660.0,1.3489,5.4081,0.4779,5.4569,24.3313,11.1571
13665.0,1.3473,5.3359,0.4855,3.7139,24.7637,11.1451
13670.0,1.3474,5.6989,0.4965,5.1758,24.5398,11.1475
13675.0,1.3468,5.3193,0.4869,5.52,24.571,11.1361
13680.0,1.3492,5.5188,0.478,5.5955,23.7453,11.1212
13685.0,1.3468,5.4842,0.4971,6.8715,24.1964,11.1247
13690.0,1.3458,5.3805,0.4887,4.4776,24.4219,11.0906
13695.0,1.3453,5.4617,0.4816,4.6292,24.3532,11.0832
13700.0,1.3434,5.1346,0.4896,5.3625,24.7525,11.0703
13705.0,1.3431,5.3611,0.5015,5.2443,24.6025,11.0636
13710.0,1.3436,5.3508,0.4873,5.0902,24.2265,11.0461
13715.0,1.3424,4.7414,0.4903,3.7908,24.4085,11.0259
13720.0,1.3437,5.2467,0.5002,6.3885,23.8039,11.0147
13725.0,1.3392,4.6728,0.4912,5.734,24.9049,11.0027
13730.0,1.339,5.4819,0.4897,5.6607,24.5896,11.0126
13735.0,1.3386,5.1993,0.4822,6.158,24.4529,10.9996
13740.0,1.3355,5.4062,0.4903,4.9057,25.1502,11.0007
13745.0,1.3373,5.5159,0.4825,5.6407,24.1533,11.0111
13750.0,1.3361,5.455,0.4766,3.4163,24.3241,10.9776
13755.0,1.3348,5.8928,0.4863,4.5462,24.5065,10.9561
13760.0,1.3331,4.9163,0.4983,4.9869,24.6065,10.9739
13765.0,1.3322,5.1981,0.4855,4.8001,24.608,10.9698
13770.0,1.3306,5.3802,0.4742,4.9812,24.7061,10.9889
13775.0,1.3306,5.1699,0.4928,5.6179,24.309,11.0037
13780.0,1.33,5.2428,0.4787,5.004,24.1519,11.012
13785.0,1.3286,4.9958,0.5008,5.3145,24.3145,11.0103
13790.0,1.3278,5.0327,0.4688,3.6999,24.2251,11.0192
13795.0,1.3257,5.3149,0.4719,4.6342,24.6827,11.0108
13800.0,1.3253,5.3422,0.4764,5.0591,24.5087,11.0062
13805.0,1.3245,5.1076,0.4655,4.8807,24.5049,11.011
13810.0,1.3233,5.2686,0.4873,5.429,24.5027,11.047
13815.0,1.3225,5.2914,0.4833,4.8441,24.6604,11.0159
13820.0,1.3212,5.2804,0.4791,5.0952,24.9028,11.0122
13825.0,1.3208,5.0833,0.4753,4.1934,24.764,11.0244
13830.0,1.3208,4.8028,0.4863,5.1378,24.5638,11.0221
13835.0,1.32,4.8529,0.4787,5.0109,24.6339,11.0263
13840.0,1.3188,5.1625,0.4818,6.0188,24.9274,11.0267
13845.0,1.3201,5.1328,0.4672,3.7549,24.3268,11.0101
13850.0,1.3184,5.2547,0.4785,2.5832,24.9345,10.9933
13855.0,1.3188,5.1683,0.4686,3.6167,24.6903,10.9802
13860.0,1.3188,5.2037,0.4765,6.3356,24.512,11.0074
13865.0,1.3189,4.5093,0.4969,5.9352,24.4216,11.0059
13870.0,1.3183,4.4463,0.4641,4.3688,24.5871,11.0126
13875.0,1.3176,4.7576,0.4861,4.1457,24.7842,11.0206
13880.0,1.3177,4.4693,0.4916,3.4467,24.7261,11.0294
13885.0,1.3183,5.0022,0.4914,3.7079,24.5724,11.0222
13890.0,1.3192,4.8036,0.4668,4.5397,24.3116,11.0174
13895.0,1.3179,5.0031,0.4823,5.811,24.7724,11.0465
13900.0,1.3176,4.7869,0.4833,3.5806,25.0091,11.0549
13905.0,1.3191,4.6373,0.4705,3.8185,24.429,11.0736
13910.0,1.3178,4.5228,0.4838,4.8971,25.1305,11.0888
13915.0,1.3184,4.7968,0.4656,2.893,24.8605,11.1273
13920.0,1.3185,4.9712,0.471,3.0922,25.1545,11.1111
13925.0,1.3202,5.1642,0.4699,2.0587,24.6107,11.1186
13930.0,1.3195,5.0503,0.4841,4.5562,25.1554,11.136
13935.0,1.3205,4.9583,0.4746,4.379,25.0389,11.1286
13940.0,1.3208,5.6289,0.5036,5.4447,25.0596,11.1601
13945.0,1.3217,4.7571,0.4854,4.963,25.0077,11.1603
13950.0,1.3229,4.8207,0.4824,3.3059,24.8111,11.17
13955.0,1.3234,5.3505,0.4755,4.2218,25.0415,11.1493
13960.0,1.3238,4.4559,0.4631,4.0172,25.2735,11.1502
13965.0,1.3258,5.3302,0.4813,4.8192,24.8663,11.1274
13970.0,1.3277,4.6199,0.4864,5.0841,24.4568,11.1346
13975.0,1.3266,5.1104,0.48,3.5641,25.3605,11.1323
13980.0,1.3284,4.9197,0.4708,4.6037,24.9815,11.1297
13985.0,1.3293,4.8535,0.4945,5.1815,24.9747,11.1363
13990.0,1.3291,5.0057,0.485,4.4956,25.4974,11.1506
13995.0,1.3306,4.9564,0.4943,4.3735,25.2114,11.1648
14000.0,1.3318,5.2049,0.5009,6.046,25.1113,11.1672
14005.0,1.334,5.1202,0.4898,4.7253,24.7544,11.1353
14010.0,1.3345,5.3188,0.4685,5.0594,24.9279,11.1417
14015.0,1.3347,5.0348,0.4908,5.7876,25.2949,11.1364
14020.0,1.3357,5.0927,0.4839,5.303,25.3657,11.1226
14025.0,1.3365,5.1287,0.4841,6.2315,25.3697,11.1397
14030.0,1.3367,5.6351,0.4804,4.6377,25.7954,11.121
14035.0,1.3393,5.1403,0.4868,5.1474,25.0891,11.1163
14040.0,1.3389,4.9869,0.4799,4.071,25.6043,11.1256
14045.0,1.3409,5.4485,0.4951,5.1776,25.1445,11.121
14050.0,1.3414,5.4354,0.4924,5.0876,25.2795,11.1231
14055.0,1.3419,5.6207,0.4984,6.941,25.3574,11.1331
14060.0,1.3426,5.8667,0.4879,5.4156,25.425,11.1327
14065.0,1.3438,4.8109,0.4967,5.4483,25.2125,11.1304
14070.0,1.3433,5.5116,0.4775,3.9633,25.6325,11.1482
14075.0,1.345,5.3545,0.5055,6.1013,25.2641,11.1292
14080.0,1.3441,5.6124,0.4946,6.0743,25.9006,11.1319
14085.0,1.3452,5.5712,0.4953,6.6082,25.7394,11.1106
14090.0,1.3458,5.3616,0.4996,6.3464,25.5927,11.1241
14095.0,1.3476,5.3354,0.4988,5.1161,25.1894,11.0991
14100.0,1.3464,5.6689,0.4895,4.9257,25.9525,11.0673
14105.0,1.3474,5.3463,0.498,5.5202,25.6472,11.0638
14110.0,1.3475,5.3729,0.494,6.5461,25.6106,11.0808
14115.0,1.3474,4.9443,0.5049,5.0122,25.7107,11.0884
14120.0,1.3477,5.0607,0.5122,4.584,25.5361,11.1053
14125.0,1.3472,5.8159,0.4866,3.9741,25.6112,11.1423
14130.0,1.3467,5.3161,0.4985,5.7835,25.682,11.1736
14135.0,1.3464,5.4283,0.4887,5.3414,25.8169,11.1614
14140.0,1.3455,5.6038,0.4885,4.9928,26.1988,11.1564
14145.0,1.3466,5.9683,0.5074,6.0912,25.5523,11.1614
14150.0,1.3457,5.7786,0.4861,5.3381,25.8347,11.1628
14155.0,1.3461,5.3269,0.4784,4.8843,25.5511,11.1503
14160.0,1.3456,5.285,0.4934,4.105,25.5939,11.1508
14165.0,1.345,5.9008,0.491,6.274,25.6893,11.1432
14170.0,1.3452,5.3412,0.4945,4.2745,25.4806,11.1208
14175.0,1.3445,5.0839,0.4847,5.952,25.5991,11.1072
14180.0,1.3434,5.9533,0.49,5.9294,25.7578,11.1142
14185.0,1.3436,5.2817,0.4869,4.4443,25.4622,11.0921
14190.0,1.342,5.2357,0.4834,6.2383,25.8629,11.0877
14195.0,1.3416,4.9484,0.4841,4.8756,25.7674,11.0764
14200.0,1.3404,5.3513,0.4858,4.6485,25.949,11.0706
14205.0,1.3408,5.4627,0.5024,6.3424,25.3637,11.0776
14210.0,1.3386,5.4307,0.4824,6.5813,26.0081,11.0715
14215.0,1.3382,5.5948,0.4771,4.7912,25.6712,11.0908
14220.0,1.3367,5.3412,0.4838,6.0486,25.9788,11.0768
14225.0,1.337,5.0173,0.4954,6.0067,25.4246,11.075
14230.0,1.3359,5.366,0.4667,3.9186,25.3935,11.0903
14235.0,1.3337,5.4075,0.4961,6.3225,25.8956,11.1104
14240.0,1.333,5.0522,0.4738,4.8598,25.7624,11.109
14245.0,1.3325,5.3484,0.4805,5.1724,25.4983,11.1042
14250.0,1.3308,5.0317,0.4887,4.2432,25.9864,11.0735
14255.0,1.3303,5.3082,0.5009,5.9361,25.7731,11.0649
14260.0,1.3288,4.8812,0.4991,6.1856,26.0703,11.0515
14265.0,1.3285,5.0503,0.4825,5.7394,25.8325,11.0266
14270.0,1.3274,4.8584,0.4815,5.6283,25.8631,11.0315
14275.0,1.327,5.3191,0.4941,4.1298,25.5458,11.0418
14280.0,1.3252,5.1542,0.4709,4.2353,26.0125,11.0306
14285.0,1.3247,5.074,0.4893,4.8268,25.7722,11.0335
14290.0,1.3237,5.1711,0.4776,4.7095,25.8398,11.0328
14295.0,1.3225,4.5284,0.4894,5.2223,25.9779,11.0364
14300.0,1.3222,5.2827,0.4833,4.2386,25.6373,11.0459
14305.0,1.3208,5.0411,0.4853,4.5706,25.9865,11.0377
14310.0,1.3195,4.8625,0.4906,4.2909,26.279,11.0494
14315.0,1.32,4.8584,0.4914,5.4242,25.6222,11.0381
14320.0,1.3183,4.7447,0.492,5.1293,26.2466,11.0356
14325.0,1.3191,4.3457,0.4898,3.7504,25.4535,11.0331
14330.0,1.3178,4.9095,0.4737,3.7196,25.8577,11.0257
14335.0,1.3184,5.1349,0.4828,4.6881,25.397,11.0077
14340.0,1.3168,4.7054,0.4655,5.8649,26.0273,10.9972
14345.0,1.3173,5.1928,0.4753,3.746,25.5508,10.9922
14350.0,1.3162,5.0034,0.4699,3.6488,25.8936,11.0084
14355.0,1.3161,4.9834,0.4652,5.7297,25.7739,11.007
14360.0,1.3162,5.5353,0.4681,4.6543,25.5893,11.013
14365.0,1.3159,4.8945,0.4448,2.8105,25.6773,11.0118
14370.0,1.3153,4.8186,0.4604,3.5329,25.9309,11.011
14375.0,1.3164,5.023,0.5013,6.2927,25.4298,10.999
14380.0,1.3154,5.2918,0.4898,5.3492,25.89,11.0098
14385.0,1.3152,4.963,0.4848,6.0243,26.0203,11.0157
14390.0,1.3159,4.7737,0.4723,2.8925,25.8177,11.0036
14395.0,1.3158,4.7957,0.4984,5.0197,26.0127,11.0002
14400.0,1.3159,4.7456,0.4506,4.6221,26.135,10.9901
14405.0,1.3158,5.1486,0.4717,3.035,26.4344,10.9869
14410.0,1.3181,4.5144,0.4815,4.7275,25.4708,10.9678
14415.0,1.3168,4.9377,0.4963,4.9007,26.3652,10.9824
14420.0,1.3181,5.1478,0.4825,4.9567,25.8518,10.9921
14425.0,1.3193,5.4114,0.4913,4.7773,25.5042,11.0057
14430.0,1.3189,4.8667,0.4742,5.2429,26.0846,10.9915
14435.0,1.3192,4.3108,0.4738,3.346,26.3185,10.9791
14440.0,1.3207,5.0,0.4754,4.8977,25.9337,10.9797
14445.0,1.3219,5.0488,0.4903,5.4661,25.6139,10.9996
14450.0,1.3221,5.0145,0.4779,4.7922,25.826,11.0155
14455.0,1.3221,4.5683,0.4741,6.1238,26.3071,11.0088
14460.0,1.3233,5.0666,0.4767,4.489,26.0376,11.0243
14465.0,1.3241,5.2386,0.5005,4.9423,26.0548,11.0436
14470.0,1.3246,5.0865,0.4811,4.2134,26.1517,11.0724
14475.0,1.3261,4.7159,0.4879,4.9053,25.8527,11.0748
14480.0,1.3264,5.2023,0.4835,5.3246,26.1884,11.0748
14485.0,1.3271,5.2233,0.4791,4.5488,26.3646,11.0739
14490.0,1.3287,4.9176,0.4755,5.0368,25.9632,11.0873
14495.0,1.3291,4.8524,0.489,3.0693,26.3741,11.0788
14500.0,1.3306,5.6093,0.4969,4.9821,25.9608,11.1013
14505.0,1.3311,4.8816,0.4898,3.1994,26.2766,11.0983
14510.0,1.3331,5.3988,0.4715,4.6456,25.7005,11.102
14515.0,1.3321,5.3338,0.4878,4.8553,26.8106,11.1123
14520.0,1.334,5.3493,0.4722,2.7245,26.1397,11.136
14525.0,1.3346,4.9536,0.5015,4.4121,26.2703,11.1571
14530.0,1.3356,5.0961,0.4905,5.1567,26.2491,11.1499
14535.0,1.3364,5.1576,0.5067,6.2388,26.2989,11.1532
14540.0,1.3376,4.4454,0.4913,6.0389,26.1134,11.1658
14545.0,1.3383,5.5399,0.484,4.8001,26.1145,11.1828
14550.0,1.3382,5.4474,0.5099,4.782,26.4768,11.2206
14555.0,1.3388,4.9045,0.4996,5.2107,26.5569,11.2303
14560.0,1.3401,5.8567,0.4862,4.9946,26.2361,11.2307
14565.0,1.34,5.578,0.4988,6.2237,26.7418,11.2288
14570.0,1.3408,5.335,0.4846,6.0403,26.5618,11.247
14575.0,1.3412,5.2411,0.4921,4.7253,26.592,11.2706
14580.0,1.3424,5.2592,0.4713,4.6139,26.2433,11.2716
14585.0,1.342,5.5803,0.4946,6.4087,26.8683,11.2611
14590.0,1.3432,5.5612,0.5153,6.3336,26.355,11.2666
14595.0,1.3436,5.3353,0.4959,6.1088,26.1954,11.2915
14600.0,1.3433,5.5309,0.4835,4.186,26.575,11.3022
14605.0,1.344,5.5593,0.4982,4.9352,26.3218,11.301
14610.0,1.3436,5.1876,0.497,5.5303,26.6544,11.3181
14615.0,1.3432,5.6676,0.4998,5.6216,26.8853,11.3619
14620.0,1.3441,5.3824,0.4939,5.1859,26.4032,11.3438
14625.0,1.3437,4.6932,0.5167,5.0723,26.7154,11.3336
14630.0,1.3437,5.5366,0.4932,4.8653,26.6139,11.3503
14635.0,1.3435,5.126,0.514,6.0455,26.7165,11.34
14640.0,1.3435,5.1573,0.4901,5.3329,26.6873,11.3284
14645.0,1.3441,5.7533,0.4891,6.9249,26.2597,11.2969
14650.0,1.3433,4.7511,0.5069,4.876,26.6847,11.2794
14655.0,1.3437,5.1891,0.4956,6.0315,26.1945,11.2791
14660.0,1.3428,5.3098,0.4937,5.4723,26.5317,11.2797
14665.0,1.3423,5.0573,0.4856,5.346,26.6483,11.2629
14670.0,1.3423,4.709,0.4944,6.702,26.3533,11.2484
14675.0,1.342,5.5498,0.4725,5.0593,26.2961,11.2319
14680.0,1.3408,5.6357,0.4859,5.4182,26.6583,11.2364
14685.0,1.3402,5.1253,0.4816,5.7301,26.5377,11.2468
14690.0,1.3401,5.5293,0.4866,5.8079,26.2489,11.2286
14695.0,1.3392,5.4281,0.5046,6.1798,26.3621,11.2234
14700.0,1.3383,5.1278,0.4896,5.881,26.4053,11.2273
14705.0,1.3383,5.4341,0.5002,5.3149,26.0563,11.1968
14710.0,1.337,4.9798,0.4752,4.0334,26.27,11.1986
14715.0,1.3365,5.8122,0.4809,6.6316,26.0969,11.1904
14720.0,1.3349,5.4598,0.5003,7.0677,26.4814,11.1947
14725.0,1.3345,5.2057,0.4873,3.3998,26.0959,11.2012
14730.0,1.3332,4.7081,0.4919,4.2055,26.4059,11.1821
14735.0,1.3324,4.6788,0.5003,4.8431,26.2926,11.1785
14740.0,1.3314,5.3668,0.4817,5.6507,26.3382,11.1728
14745.0,1.3298,4.7723,0.4966,5.5636,26.7257,11.1767
14750.0,1.3295,4.9013,0.501,6.0001,26.2991,11.1724
14755.0,1.3285,5.0223,0.4683,4.9586,26.389,11.1581
14760.0,1.3285,5.0912,0.4839,4.4268,25.8806,11.1297
14765.0,1.3277,5.0379,0.4896,3.7519,25.8633,11.1105
14770.0,1.3269,5.2928,0.5163,6.3783,25.9386,11.0758
14775.0,1.3251,5.0264,0.5037,5.7011,26.2977,11.0903
14780.0,1.3238,5.0823,0.463,4.3832,26.5446,11.0875
14785.0,1.324,4.7137,0.5046,5.8312,25.9973,11.0666
14790.0,1.3219,4.5643,0.4719,3.8162,26.7697,11.0571
14795.0,1.3213,4.7628,0.4893,3.6852,26.557,11.0601
14800.0,1.321,5.3123,0.4812,5.4809,26.249,11.0641
14805.0,1.3201,5.1302,0.5011,4.4227,26.2853,11.0703
14810.0,1.3191,5.3668,0.4834,4.8553,26.5347,11.0491
14815.0,1.3183,4.7104,0.4914,5.6421,26.6047,11.0418
14820.0,1.3179,5.069,0.4837,4.6774,26.4516,11.0436
14825.0,1.317,5.3155,0.4725,4.5612,26.6449,11.0461
14830.0,1.3165,4.9456,0.462,4.141,26.6088,11.0345
14835.0,1.3171,4.6217,0.4688,5.6413,26.1592,10.9917
14840.0,1.3172,4.4443,0.4806,3.8949,25.7884,10.9999
14845.0,1.3161,4.9785,0.4783,3.6493,26.2507,10.9867
14850.0,1.3161,4.7115,0.4682,3.4425,26.0216,10.9901
14855.0,1.3158,4.9815,0.4837,3.4473,26.1344,10.9642
14860.0,1.3154,4.9605,0.4845,4.8595,26.2412,10.9699
14865.0,1.3157,5.1906,0.4697,4.7558,26.0215,10.9625
14870.0,1.3153,4.798,0.4756,2.9526,26.1438,10.9678
14875.0,1.3156,5.3495,0.4792,4.4577,25.9665,10.9734
14880.0,1.315,4.4394,0.4809,4.158,26.3195,10.9723
14885.0,1.3153,4.7488,0.4961,4.5967,26.2294,10.9655
14890.0,1.3149,5.017,0.4703,4.4456,26.4575,10.9807
14895.0,1.3168,4.9474,0.4821,4.7084,25.6895,10.948
14900.0,1.3168,4.7958,0.4775,3.2365,25.8918,10.9395
14905.0,1.3156,5.1139,0.4741,3.3607,26.7347,10.9402
14910.0,1.3167,4.962,0.4788,4.8854,26.2086,10.9599
14915.0,1.3169,4.9676,0.4961,4.6175,26.3831,10.9582
14920.0,1.3175,4.9517,0.4785,4.6161,26.34,10.9614
14925.0,1.3178,5.1244,0.4681,4.8029,26.3684,10.9826
14930.0,1.3187,5.2563,0.4911,4.9706,26.2576,10.9814
14935.0,1.3196,4.8517,0.4853,4.7288,26.209,10.9588
14940.0,1.3196,4.8399,0.4938,5.6667,26.6711,10.944
14945.0,1.3213,4.4072,0.4863,3.8458,26.1198,10.9511
14950.0,1.3221,4.9515,0.4791,4.5283,26.1039,10.9531
14955.0,1.3222,4.6484,0.4994,3.644,26.4868,10.9619
14960.0,1.3236,4.6981,0.476,2.5799,26.1196,10.9783
14965.0,1.3242,4.958,0.4682,4.0447,26.1862,10.9921
14970.0,1.3253,4.8274,0.4765,4.8167,26.0877,10.998
14975.0,1.3252,4.958,0.4896,4.5165,26.67,11.0068
14980.0,1.3267,5.0121,0.4738,4.9552,26.1469,11.0423
14985.0,1.3278,4.2878,0.4761,4.37,26.1095,11.0483
14990.0,1.3282,4.5264,0.466,4.2301,26.4585,11.0463
14995.0,1.3295,5.3914,0.5032,6.7647,26.298,11.0389
15000.0,1.3306,5.1759,0.472,5.0275,26.2634,11.0311
15005.0,1.3323,4.7674,0.4653,4.606,25.8366,11.0547
15010.0,1.3323,4.9286,0.4911,4.8139,26.2734,11.0704
15015.0,1.3327,4.7595,0.492,5.3787,26.6088,11.0789
15020.0,1.3349,5.3455,0.5001,3.9991,25.7873,11.1092
15025.0,1.3359,5.5658,0.4905,5.2648,25.872,11.094
15030.0,1.3355,5.1912,0.5085,5.5056,26.3681,11.1353
15035.0,1.3365,5.1889,0.5028,5.0841,26.3093,11.1442
15040.0,1.338,4.9926,0.4973,5.6427,25.9601,11.151
15045.0,1.3385,5.2644,0.4912,5.6147,26.2127,11.1366
15050.0,1.3388,5.1749,0.4865,5.0552,26.5133,11.1402
15055.0,1.3394,5.3652,0.4843,4.9482,26.5538,11.1562
15060.0,1.3402,5.4006,0.5099,6.9815,26.4737,11.1625
15065.0,1.3408,4.8886,0.4816,4.2392,26.4507,11.1773
15070.0,1.3413,5.1216,0.4823,5.2637,26.5321,11.1867
15075.0,1.3417,5.658,0.4793,5.5655,26.5387,11.219
15080.0,1.342,4.804,0.5027,5.6768,26.5342,11.2582
15085.0,1.3426,5.2963,0.4905,5.0531,26.5058,11.2441
15090.0,1.3438,5.0621,0.4909,4.3475,25.9423,11.2706
15095.0,1.3441,5.6611,0.4921,5.2163,26.0245,11.2668
15100.0,1.3437,5.7595,0.4806,5.1704,26.3173,11.2965
15105.0,1.3443,4.7385,0.4926,5.357,26.1217,11.3002
15110.0,1.3445,5.2007,0.5052,6.3755,26.0267,11.3328
15115.0,1.3443,5.11,0.4932,5.6254,26.241,11.3365
15120.0,1.3447,5.7423,0.4906,6.2345,26.0392,11.3352
15125.0,1.344,5.6784,0.504,4.4225,26.4233,11.346
15130.0,1.3443,5.7222,0.4968,4.7544,26.2707,11.3419
15135.0,1.3437,5.2158,0.5057,5.8858,26.6004,11.3422
15140.0,1.3442,5.3492,0.508,4.664,26.0965,11.3568
15145.0,1.3438,4.5694,0.4979,5.2644,26.2186,11.3615
15150.0,1.3428,4.759,0.5009,4.0145,26.6879,11.3594
15155.0,1.3433,5.5792,0.4909,5.7026,26.2017,11.3375
15160.0,1.3429,5.333,0.5008,5.5791,26.1994,11.3428
15165.0,1.3421,5.216,0.4871,4.8602,26.4363,11.3467
15170.0,1.342,5.5787,0.4843,4.8998,26.1787,11.3348
15175.0,1.3413,5.1887,0.4946,5.246,26.3626,11.3218
15180.0,1.341,5.9613,0.4909,5.5112,26.0856,11.3376
15185.0,1.3408,5.4628,0.4712,6.1741,25.9393,11.3067
15190.0,1.3395,5.6058,0.5022,4.7924,26.3211,11.2997
15195.0,1.3395,5.3177,0.4984,6.4609,25.827,11.3049
15200.0,1.3381,4.9648,0.4915,6.1978,26.2654,11.2949
15205.0,1.3373,5.0345,0.4978,4.3485,26.1392,11.3174
15210.0,1.3372,4.6996,0.5008,5.4755,25.6105,11.3337
15215.0,1.3356,4.7173,0.4969,3.9639,26.0823,11.3191
15220.0,1.3345,5.2938,0.4832,4.6795,26.1878,11.333
15225.0,1.3333,4.6819,0.4816,4.7529,26.4085,11.3259
15230.0,1.3328,5.6553,0.4835,5.9641,26.1446,11.3026
15235.0,1.3322,5.1475,0.4886,4.5813,25.9876,11.2852
15240.0,1.3312,4.8474,0.4916,3.8859,26.1447,11.2487
15245.0,1.3308,4.399,0.4809,5.7074,25.8174,11.2444
15250.0,1.3299,5.3209,0.4805,4.9163,25.8032,11.2257
15255.0,1.3291,5.0827,0.4934,4.6387,25.8477,11.1908
15260.0,1.3278,4.756,0.4846,5.2644,26.1343,11.1709
15265.0,1.3279,4.7125,0.4979,5.6296,25.5219,11.1699
15270.0,1.3257,5.2124,0.4674,4.4329,26.2518,11.1577
15275.0,1.325,5.0424,0.4852,4.7994,26.02,11.1701
15280.0,1.3245,5.2805,0.4703,3.9282,25.7526,11.1786
15285.0,1.3233,5.2711,0.4805,5.6656,25.9827,11.1631
15290.0,1.3225,5.1982,0.4815,4.1817,26.0424,11.1375
15295.0,1.3224,4.6103,0.4591,3.6332,25.6093,11.1304
15300.0,1.321,4.966,0.4839,3.7209,25.9615,11.1256
15305.0,1.32,5.0107,0.4911,3.5343,26.085,11.1312
15310.0,1.3201,5.0214,0.475,4.1617,25.5893,11.1314
15315.0,1.319,5.1618,0.4698,4.2097,25.8179,11.1268
15320.0,1.3185,4.86,0.4767,3.9301,25.7488,11.124
15325.0,1.3181,4.6814,0.4604,3.8472,25.6934,11.1035
15330.0,1.318,5.078,0.5006,4.0278,25.4107,11.1143
15335.0,1.3171,4.5347,0.4784,5.1259,25.608,11.1175
15340.0,1.3173,4.6756,0.4808,3.9659,25.3263,11.0999
15345.0,1.3161,4.5829,0.4773,4.809,25.8063,11.0893
15350.0,1.316,4.6125,0.4656,4.6809,25.6093,11.0966
15355.0,1.3164,4.6615,0.4791,5.3929,25.314,11.0857
15360.0,1.3151,5.3164,0.4846,5.103,25.9058,11.0875
15365.0,1.3154,4.2442,0.4677,2.8979,25.6107,11.0921
15370.0,1.3152,5.1831,0.485,5.3816,25.6468,11.0903
15375.0,1.3151,4.9126,0.4776,2.4517,25.618,11.1068
15380.0,1.3152,5.3248,0.4718,3.9259,25.6376,11.1034
15385.0,1.3149,5.4324,0.4793,3.6661,25.7844,11.1118
15390.0,1.3154,4.8569,0.4817,5.2876,25.6301,11.1077
15395.0,1.3154,4.8947,0.4836,4.4981,25.6602,11.1308
15400.0,1.3156,4.8545,0.4825,4.1478,25.6402,11.1466
15405.0,1.3171,5.0869,0.4712,3.3884,25.0493,11.1371
15410.0,1.3168,4.582,0.4869,5.5049,25.4235,11.1363
15415.0,1.3169,4.5923,0.4639,5.5518,25.6315,11.1358
15420.0,1.3173,5.0582,0.4954,3.8162,25.5485,11.1658
15425.0,1.3183,4.9817,0.4813,3.6349,25.2216,11.1823
15430.0,1.3177,5.8468,0.4813,3.717,25.8585,11.2068
15435.0,1.3189,4.6953,0.4653,3.2207,25.486,11.2194
15440.0,1.3194,4.8963,0.472,4.8311,25.62,11.2144
15445.0,1.3208,4.5529,0.4763,4.4265,25.3708,11.1871
15450.0,1.3219,4.9518,0.4969,4.4007,25.2071,11.1869
15455.0,1.3223,5.0166,0.4915,6.2968,25.378,11.195
15460.0,1.3224,5.0147,0.467,2.984,25.6336,11.2369
15465.0,1.3232,5.0665,0.4621,4.3532,25.7827,11.2225
15470.0,1.3244,4.9631,0.4721,5.1145,25.5296,11.2422
15475.0,1.3256,5.1279,0.4826,5.7516,25.426,11.2343
15480.0,1.3255,4.7108,0.4565,4.1709,26.052,11.2391
15485.0,1.3276,4.7583,0.478,4.6279,25.3539,11.2407
15490.0,1.3292,5.3473,0.491,5.9154,25.0293,11.2526
15495.0,1.3293,5.3215,0.4907,5.1391,25.4145,11.2658
15500.0,1.3307,5.1641,0.4681,5.5598,25.2439,11.2607
15505.0,1.3315,5.6875,0.4797,4.326,25.292,11.2728
15510.0,1.3321,5.0073,0.4896,5.2243,25.4864,11.2781
15515.0,1.3331,4.9496,0.4978,6.2323,25.4292,11.2868
15520.0,1.3338,5.0208,0.4796,4.6624,25.5607,11.299
15525.0,1.3349,5.2304,0.4835,5.824,25.3257,11.3329
15530.0,1.3347,5.4435,0.4863,5.588,26.0424,11.3367
15535.0,1.3361,5.5555,0.485,5.9713,25.7766,11.3238
15540.0,1.3377,4.2324,0.4764,5.36,25.437,11.3133
15545.0,1.3384,5.1344,0.4987,6.0138,25.478,11.3185
15550.0,1.3387,4.8436,0.4919,4.3951,25.734,11.3255
15555.0,1.3405,5.6423,0.5004,4.8902,25.181,11.3349
15560.0,1.3401,5.4192,0.4898,4.7055,25.7513,11.3479
15565.0,1.3414,5.0958,0.4687,5.2565,25.4249,11.3424
15570.0,1.3423,5.4673,0.4987,5.7988,25.378,11.3246
15575.0,1.3425,5.7146,0.4795,4.6452,25.6096,11.3302
15580.0,1.343,5.2814,0.4789,5.3726,25.6421,11.3274
15585.0,1.3435,5.3837,0.4809,5.6067,25.5601,11.3429
15590.0,1.3435,5.3188,0.4934,5.7252,25.8001,11.3472
15595.0,1.3442,5.1169,0.5007,6.686,25.6309,11.3508
15600.0,1.3453,5.543,0.4957,5.5762,25.431,11.3126
15605.0,1.3457,5.5733,0.4988,6.1779,25.2144,11.3376
15610.0,1.3453,5.1527,0.4946,4.6563,25.5887,11.327
15615.0,1.3455,5.7161,0.4831,6.4088,25.6061,11.32
15620.0,1.3463,5.4256,0.476,6.4119,25.2012,11.3359
15625.0,1.3464,5.5016,0.482,4.6889,25.2463,11.3152
15630.0,1.3459,5.4244,0.5139,5.8411,25.3699,11.3397
15635.0,1.3464,5.4407,0.4996,7.1744,25.1181,11.3325
15640.0,1.3466,5.6331,0.47,5.5854,24.9466,11.3349
15645.0,1.3456,5.5665,0.4875,5.807,25.353,11.3214
15650.0,1.3465,5.0562,0.4793,6.3752,24.8197,11.3201
15655.0,1.3443,5.3772,0.4808,5.6521,25.7286,11.314
15660.0,1.3444,4.8373,0.4908,8.1027,25.4076,11.3249
15665.0,1.3442,5.7189,0.4792,4.8861,25.2009,11.3514
15670.0,1.3433,5.4083,0.4835,3.9746,25.3504,11.3572
15675.0,1.3427,5.2919,0.5009,6.3089,25.4006,11.3528
15680.0,1.3422,5.1864,0.4971,4.9335,25.2387,11.3779
15685.0,1.3414,5.4169,0.4956,6.5604,25.2782,11.3779
15690.0,1.3411,5.0856,0.4909,6.0852,25.0834,11.3796
15695.0,1.3393,5.5185,0.4922,6.8214,25.5869,11.3888
15700.0,1.339,5.4674,0.484,5.729,25.3378,11.3861
15705.0,1.3382,4.8021,0.4975,4.6388,25.2928,11.3852
15710.0,1.3373,5.1964,0.4861,5.9303,25.4073,11.3736
15715.0,1.3375,5.259,0.4905,5.0549,24.9351,11.3439
15720.0,1.3358,5.2831,0.4648,4.8397,25.2179,11.37
15725.0,1.3357,5.1711,0.4845,5.0418,24.8638,11.3511
15730.0,1.3343,5.1055,0.4791,4.5636,25.203,11.3246
15735.0,1.3332,5.1139,0.501,5.9575,25.1839,11.3357
15740.0,1.3327,4.904,0.4748,5.5004,24.9397,11.3392
15745.0,1.3312,4.5125,0.4815,2.9811,25.2374,11.334
15750.0,1.3311,5.5278,0.4876,3.4247,24.8423,11.3164
15755.0,1.3297,4.7768,0.485,4.4918,25.1346,11.2832
15760.0,1.3293,4.9516,0.4815,5.803,24.812,11.2923
15765.0,1.3279,5.0585,0.4853,5.8017,25.0135,11.2895
15770.0,1.3265,5.021,0.472,4.1608,25.1698,11.2978
15775.0,1.3257,4.8925,0.4678,3.984,25.0085,11.3204
15780.0,1.3248,4.8206,0.4636,4.206,24.9773,11.3215
15785.0,1.3246,4.9059,0.4838,5.4672,24.6564,11.3171
15790.0,1.3236,5.6166,0.4906,6.5871,24.7693,11.2966
15795.0,1.3228,5.2542,0.4956,4.6743,24.8138,11.2809
15800.0,1.321,5.0516,0.4822,4.548,25.3445,11.2685
15805.0,1.322,4.9407,0.4923,4.7333,24.4501,11.2737
15810.0,1.3209,4.4953,0.4807,5.3814,24.5551,11.2788
15815.0,1.3208,5.7201,0.4779,5.1722,24.3784,11.2608
15820.0,1.3193,5.3555,0.4904,5.5631,24.637,11.2845
15825.0,1.319,5.011,0.4675,4.1708,24.4731,11.2924
15830.0,1.3172,4.6469,0.4742,5.0568,25.0181,11.3113
15835.0,1.3171,5.1852,0.4726,5.3435,24.9054,11.2874
15840.0,1.3163,5.0058,0.4746,5.5328,25.0156,11.3015
15845.0,1.3171,4.9857,0.478,5.7899,24.434,11.2939
15850.0,1.3157,4.7215,0.4541,4.2536,24.8682,11.3183
15855.0,1.3153,4.674,0.4913,4.5862,24.894,11.3305
15860.0,1.3168,5.5332,0.4742,4.6816,24.1972,11.2891
15865.0,1.3165,4.9558,0.4843,5.6727,24.2923,11.2847
15870.0,1.3158,5.0103,0.4757,4.0186,24.5534,11.2894
15875.0,1.3155,5.2125,0.4959,4.0572,24.6275,11.2999
15880.0,1.3153,4.4009,0.4681,4.9542,24.7707,11.292
15885.0,1.3161,4.9809,0.4611,4.7166,24.5109,11.2768
15890.0,1.3163,4.9075,0.474,4.1375,24.5284,11.2682
15895.0,1.3169,4.8155,0.477,3.0743,24.3401,11.2686
15900.0,1.3164,4.5287,0.4688,3.6609,24.6117,11.2906
15905.0,1.3157,4.5177,0.4832,5.2861,25.0997,11.312
15910.0,1.3178,4.6581,0.4646,4.0045,24.2984,11.2942
15915.0,1.3168,4.8521,0.4818,4.4734,24.934,11.314
15920.0,1.3169,4.6209,0.4871,5.1606,25.1994,11.3074
15925.0,1.3183,5.054,0.4857,5.0921,24.6895,11.3273
15930.0,1.3199,4.6007,0.4595,3.4286,24.296,11.304
15935.0,1.321,5.2263,0.4741,4.6584,24.0677,11.3162
15940.0,1.3202,4.8578,0.4833,5.9379,24.728,11.3213
15945.0,1.3209,4.2555,0.4662,3.7028,24.7082,11.3367
15950.0,1.322,5.0629,0.4982,4.4956,24.5521,11.3404
15955.0,1.3229,5.1175,0.4764,5.3251,24.4453,11.3538
15960.0,1.3235,5.4324,0.4822,5.7667,24.594,11.3494
15965.0,1.3246,5.336,0.4869,4.5382,24.5943,11.336
15970.0,1.3258,4.7104,0.5038,5.3239,24.4661,11.3299
15975.0,1.3263,5.3468,0.4845,5.8432,24.5984,11.3478
15980.0,1.3275,4.8811,0.4827,4.8955,24.4271,11.3623
15985.0,1.3278,4.4844,0.4848,5.6416,24.7274,11.3692
15990.0,1.3288,5.7663,0.4774,4.9989,24.7165,11.379
15995.0,1.3307,5.5778,0.5016,4.6288,24.3005,11.378
16000.0,1.3306,5.0041,0.4972,3.9556,24.6976,11.4099
16005.0,1.3321,5.5756,0.4892,5.7812,24.477,11.4056
16010.0,1.3323,5.3865,0.4967,3.9314,24.8725,11.4033
16015.0,1.3337,5.4124,0.4899,5.3019,24.6323,11.4174
16020.0,1.3342,5.6515,0.5068,6.3517,24.7867,11.4349
16025.0,1.3363,4.4012,0.4911,6.2306,24.3047,11.4244
16030.0,1.3365,5.0204,0.4778,3.8215,24.6135,11.4306
16035.0,1.3365,4.7076,0.4986,5.6806,25.0757,11.4409
16040.0,1.3383,4.9374,0.4909,5.5978,24.531,11.4604
16045.0,1.339,5.1809,0.491,4.7768,24.5342,11.4773
16050.0,1.3399,5.2607,0.4744,4.9689,24.5881,11.4657
16055.0,1.3393,5.7718,0.4872,5.2765,25.1439,11.5008
16060.0,1.3408,5.0282,0.4862,3.9351,24.6793,11.5226
16065.0,1.343,5.362,0.4739,5.1468,24.0096,11.5225
16070.0,1.3429,5.7054,0.4811,4.2364,24.3899,11.5107
16075.0,1.343,5.5091,0.4615,5.7038,24.5329,11.5347
16080.0,1.3433,5.5733,0.5025,4.1773,24.6588,11.5337
16085.0,1.344,4.9586,0.49,3.8879,24.6227,11.5224
16090.0,1.3451,5.4515,0.5067,5.3765,24.3406,11.5129
16095.0,1.3453,5.91,0.4946,3.3193,24.3806,11.5252
16100.0,1.3464,5.3191,0.4903,6.0651,24.039,11.5338
16105.0,1.345,4.9914,0.4973,6.6465,24.7101,11.5609
16110.0,1.3454,5.0475,0.4898,5.7158,24.7285,11.5371
16115.0,1.3459,5.297,0.487,5.2178,24.592,11.5268
16120.0,1.3459,5.001,0.4824,5.9954,24.6431,11.52
16125.0,1.3467,4.912,0.4857,6.2039,24.2554,11.5353
16130.0,1.3459,4.467,0.5044,4.9925,24.5072,11.553
16135.0,1.3461,5.2458,0.4865,4.9267,24.3488,11.5585
16140.0,1.3452,5.3642,0.4819,4.865,24.6477,11.5761
16145.0,1.3454,5.8001,0.4889,5.2529,24.5051,11.5575
16150.0,1.3459,5.2528,0.4939,5.8347,24.212,11.5473
16155.0,1.3449,5.6501,0.5016,5.5589,24.509,11.5435
16160.0,1.3447,5.378,0.4838,4.5967,24.4326,11.5437
16165.0,1.3439,5.4852,0.4915,5.1601,24.5935,11.5412
16170.0,1.3429,5.2852,0.486,7.0269,24.7873,11.5543
16175.0,1.3428,4.986,0.4849,5.032,24.5289,11.558
16180.0,1.3446,5.3816,0.515,5.4186,23.5555,11.5474
16185.0,1.3417,5.1871,0.5003,5.1559,24.5372,11.5363
16190.0,1.3424,4.9165,0.4976,4.4575,23.9051,11.5349
16195.0,1.3399,5.2617,0.515,6.8264,24.678,11.5329
16200.0,1.3399,4.9125,0.4806,5.4898,24.3694,11.5208
16205.0,1.3388,4.9314,0.4856,6.8427,24.5568,11.4994
16210.0,1.3393,5.1078,0.4826,6.1174,23.9732,11.4886
16215.0,1.3378,5.3333,0.4799,4.8904,24.2665,11.4846
16220.0,1.3374,5.3249,0.5129,3.5709,24.1656,11.4465
16225.0,1.3354,4.8594,0.4904,4.0718,24.5535,11.4671
16230.0,1.3363,5.3912,0.4732,5.1428,23.9594,11.4103
16235.0,1.3348,5.6363,0.5021,5.3849,24.1665,11.4075
16240.0,1.3332,5.1687,0.4751,4.4988,24.2949,11.4358
16245.0,1.3321,5.0661,0.4927,5.2222,24.4121,11.4202
16250.0,1.3313,5.1874,0.4964,5.6983,24.2853,11.4251
16255.0,1.3308,5.1548,0.4802,5.5306,24.1168,11.4143
16260.0,1.3298,4.9272,0.4849,4.0255,24.1614,11.4038
16265.0,1.3281,5.2593,0.48,3.1286,24.4509,11.4027
16270.0,1.327,4.8579,0.4603,5.1821,24.6896,11.3583
16275.0,1.3268,4.813,0.4859,6.2948,24.2888,11.3669
16280.0,1.3267,5.0435,0.4746,5.06,23.8652,11.3871
16285.0,1.3247,4.8431,0.5005,5.158,24.2716,11.3974
16290.0,1.3243,5.1027,0.4604,4.1111,24.0273,11.4066
16295.0,1.3234,5.2432,0.4638,4.2744,24.1488,11.3757
16300.0,1.3225,5.3645,0.4791,4.8272,24.2529,11.3585
16305.0,1.3214,5.6577,0.4806,4.7736,24.2871,11.3761
16310.0,1.3219,4.5882,0.4734,3.9571,23.7374,11.3799
16315.0,1.3205,5.1018,0.4781,5.0326,24.0233,11.3831
16320.0,1.3201,5.1046,0.4694,5.0145,23.9519,11.3731
16325.0,1.3199,4.6701,0.4724,3.1764,23.7539,11.3759
16330.0,1.3188,4.6722,0.4796,6.2643,24.0281,11.3667
16335.0,1.318,4.7175,0.4803,5.331,24.0419,11.3908
16340.0,1.317,4.7747,0.4937,3.7676,24.2981,11.3984
16345.0,1.3172,4.9771,0.479,3.6052,24.0305,11.3919
16350.0,1.3173,4.8057,0.4819,3.5617,23.9422,11.3644
16355.0,1.3168,5.448,0.4903,3.964,24.0779,11.3512
16360.0,1.3171,4.5158,0.4643,3.8066,23.8527,11.3458
16365.0,1.3169,5.1175,0.4897,4.9743,23.8587,11.3452
16370.0,1.3157,5.2569,0.4618,3.1661,24.3868,11.3418
16375.0,1.3171,5.1513,0.4697,6.2265,23.694,11.3604
16380.0,1.3174,5.1951,0.4852,4.6093,23.6188,11.354
16385.0,1.3158,4.7182,0.4595,3.3326,24.3523,11.3531
16390.0,1.3154,5.1723,0.4754,4.7392,24.6142,11.3544
16395.0,1.3166,4.5632,0.4832,4.8214,24.2074,11.3388
16400.0,1.3171,4.3841,0.473,6.0437,24.0213,11.3627
16405.0,1.3171,4.7723,0.465,4.5886,24.2212,11.3492
16410.0,1.3187,4.2965,0.4745,3.914,23.8161,11.3218
16415.0,1.3188,4.8624,0.4941,5.454,23.9182,11.3334
16420.0,1.3188,4.3877,0.4759,4.832,24.2172,11.3177
16425.0,1.32,5.2605,0.4793,4.2186,23.9492,11.3137
16430.0,1.3198,5.6721,0.4819,4.2268,24.2909,11.3156
16435.0,1.3219,5.2647,0.4954,6.4845,23.7333,11.3075
16440.0,1.3209,5.1843,0.4904,4.7382,24.3603,11.3272
16445.0,1.3218,4.6596,0.4809,3.4712,24.1969,11.3607
16450.0,1.3231,5.3307,0.477,5.4219,23.9293,11.3709
16455.0,1.3232,4.4991,0.4588,3.6732,24.3586,11.3503
16460.0,1.3242,4.9721,0.4711,3.3732,24.1593,11.3767
16465.0,1.3251,4.901,0.4726,4.4907,24.12,11.395
16470.0,1.3263,4.9437,0.4955,3.7455,24.0085,11.3963
16475.0,1.3283,5.0007,0.4859,4.7738,23.6285,11.3834
16480.0,1.3285,4.9544,0.4859,4.6447,23.903,11.3911
16485.0,1.3289,4.861,0.5088,4.9048,24.0323,11.4238
16490.0,1.3297,4.938,0.5034,6.1759,24.0877,11.4336
16495.0,1.3303,5.3299,0.4831,6.0996,24.1848,11.4522
16500.0,1.3318,5.0936,0.4867,4.866,23.9818,11.4522
16505.0,1.3323,4.3799,0.4954,4.7375,24.13,11.4698
16510.0,1.3329,5.1649,0.4821,5.1733,24.3629,11.4589
16515.0,1.3338,4.9434,0.4802,4.4819,24.4286,11.4553
16520.0,1.3355,5.3361,0.4843,5.3675,24.1599,11.4402
16525.0,1.3364,4.2808,0.4704,4.9693,24.1976,11.4461
16530.0,1.3369,5.0048,0.4706,5.5289,24.3028,11.4697
16535.0,1.3378,5.6267,0.4921,4.8548,24.2751,11.4796
16540.0,1.3391,5.0639,0.4727,5.012,24.0434,11.4958
16545.0,1.3398,5.6161,0.4921,6.7494,24.1283,11.4988
16550.0,1.3408,5.3525,0.4736,5.7191,24.0429,11.5014
16555.0,1.3413,5.1219,0.5012,4.5873,24.1489,11.5055
16560.0,1.3413,5.2564,0.4884,5.2053,24.5249,11.4943
16565.0,1.3422,5.1441,0.4893,6.9223,24.4468,11.4989
16570.0,1.3422,4.7431,0.474,6.7553,24.6592,11.5175
16575.0,1.3434,5.4601,0.4754,5.325,24.3746,11.5256
16580.0,1.3432,5.4385,0.4916,6.2221,24.7096,11.5362
16585.0,1.3439,4.7164,0.4937,5.7254,24.6536,11.5272
16590.0,1.3451,5.9758,0.4835,6.3438,24.3406,11.5213
16595.0,1.3451,5.726,0.4763,5.2106,24.492,11.5214
16600.0,1.3461,5.8507,0.4722,3.7217,24.2729,11.5093
16605.0,1.3469,5.5663,0.5182,7.0184,24.0255,11.5112
16610.0,1.3459,5.3049,0.4842,6.2103,24.4654,11.5328
16615.0,1.3467,5.6688,0.4828,3.9197,24.175,11.5365
16620.0,1.3467,5.5394,0.4887,5.4708,24.2768,11.5257
16625.0,1.3465,6.262,0.5152,5.8997,24.349,11.5274
16630.0,1.347,5.1849,0.5147,6.21,24.2858,11.4921
16635.0,1.3461,5.3622,0.4847,5.143,24.6199,11.4898
16640.0,1.3456,5.6296,0.5042,5.2374,24.7498,11.5025
16645.0,1.3454,5.4057,0.4922,4.4631,24.7061,11.5057
16650.0,1.3465,5.3201,0.4841,4.488,24.1237,11.4974
16655.0,1.3456,5.3111,0.4871,4.837,24.383,11.4954
16660.0,1.3452,5.5845,0.4839,6.2419,24.39,11.4939
16665.0,1.3452,5.4331,0.4882,4.9762,24.2689,11.4703
16670.0,1.3442,5.2941,0.5013,5.4163,24.3954,11.4873
16675.0,1.3442,5.9009,0.4917,4.3854,24.1414,11.4914
16680.0,1.3437,4.9912,0.4994,6.0718,24.0476,11.5049
16685.0,1.3429,5.7629,0.4928,7.0635,24.148,11.4946
16690.0,1.3423,5.4644,0.5038,5.2198,24.1128,11.4921
16695.0,1.3409,4.95,0.4994,4.5533,24.326,11.5013
16700.0,1.3405,5.1377,0.4931,5.7193,24.1811,11.4921
16705.0,1.3397,5.2536,0.4762,6.1122,24.3513,11.4506
16710.0,1.3385,5.0297,0.5005,6.3129,24.5189,11.4451
16715.0,1.3381,5.2586,0.4904,3.849,24.3789,11.424
16720.0,1.3369,5.0903,0.4597,5.0849,24.4717,11.4211
16725.0,1.3361,5.1873,0.498,5.3084,24.3912,11.429
16730.0,1.3362,5.4111,0.4866,5.3239,23.8852,11.4438
16735.0,1.3343,5.527,0.4759,5.9253,24.3106,11.4233
16740.0,1.3333,4.9965,0.4902,4.6124,24.2853,11.4356
16745.0,1.3326,5.3179,0.4725,3.9739,24.1874,11.4271
16750.0,1.3306,5.046,0.4784,4.6981,24.6399,11.421
16755.0,1.3302,4.8289,0.4965,5.0202,24.4296,11.4011
16760.0,1.3292,4.786,0.4908,6.3083,24.4091,11.4093
16765.0,1.3288,5.3944,0.4821,4.3618,24.1518,11.3988
16770.0,1.3269,5.6279,0.4783,5.1568,24.536,11.4073
16775.0,1.3263,5.4751,0.5036,4.7516,24.4435,11.3908
16780.0,1.3251,4.331,0.4809,5.2879,24.641,11.3706
16785.0,1.3249,4.7983,0.4787,5.8557,24.2672,11.374
16790.0,1.3251,4.8215,0.4786,6.1431,23.843,11.3614
16795.0,1.323,4.9495,0.4649,5.4595,24.4483,11.3512
16800.0,1.3239,4.6384,0.4811,3.2503,23.7244,11.3425
16805.0,1.3219,5.1332,0.5029,5.7158,24.1947,11.3427
16810.0,1.3209,4.9703,0.4719,3.1426,24.2718,11.3503
16815.0,1.3204,5.3099,0.4884,5.1418,24.2913,11.3251
16820.0,1.3195,4.3971,0.4713,3.9845,24.4643,11.3106
16825.0,1.3199,4.7888,0.4953,3.9162,24.0443,11.2944
16830.0,1.3189,4.6126,0.4844,4.2248,24.2915,11.2849
16835.0,1.3186,4.8864,0.4842,5.3881,24.2049,11.2829
16840.0,1.3187,5.2695,0.4828,4.5871,24.0212,11.2697
16845.0,1.3175,4.9754,0.4856,5.926,24.4111,11.2507
16850.0,1.3166,4.7364,0.4993,5.4583,24.7434,11.2355
16855.0,1.3177,4.9553,0.4708,3.6561,24.178,11.2221
16860.0,1.3167,4.8209,0.4835,6.3688,24.4582,11.231
16865.0,1.3164,5.114,0.4725,3.3921,24.4777,11.2387
16870.0,1.3174,4.8283,0.4592,4.1605,24.0934,11.226
16875.0,1.3165,4.6579,0.4789,3.7071,24.4509,11.2222
16880.0,1.3182,5.0075,0.4664,2.5113,23.7836,11.2262
16885.0,1.3169,4.6122,0.4852,3.5742,24.2449,11.2428
16890.0,1.3168,5.2603,0.4775,4.9292,24.3954,11.235
16895.0,1.317,4.684,0.465,5.9651,24.4596,11.2272
16900.0,1.3177,4.9579,0.4755,4.04,24.2859,11.2209
16905.0,1.3166,4.7744,0.462,4.625,24.9089,11.2335
16910.0,1.3183,4.5345,0.4856,4.5745,24.1716,11.262
16915.0,1.3181,4.3989,0.4659,3.1415,24.5276,11.2585
16920.0,1.3188,4.7951,0.4764,4.3921,24.3872,11.2661
16925.0,1.319,4.8962,0.4793,5.6377,24.5266,11.2773
16930.0,1.3206,4.9088,0.4864,4.7534,24.015,11.2936
16935.0,1.3199,4.8681,0.4678,4.2654,24.5294,11.3197
16940.0,1.3207,4.7571,0.5109,4.2132,24.502,11.3196
16945.0,1.3215,5.217,0.4618,4.5685,24.6068,11.2878
16950.0,1.3222,5.022,0.479,4.0807,24.6256,11.2963
16955.0,1.3227,4.8695,0.4753,6.064,24.7562,11.3048
16960.0,1.325,5.3554,0.4744,4.2946,24.0884,11.3139
16965.0,1.3248,4.829,0.4741,5.1177,24.6121,11.3038
16970.0,1.3255,5.4347,0.4899,5.4186,24.5148,11.3463
16975.0,1.3268,4.8322,0.4975,4.5402,24.3119,11.3596
16980.0,1.3277,4.8584,0.4906,4.0066,24.2861,11.3813
16985.0,1.3281,5.1661,0.4812,4.1568,24.5673,11.3825
16990.0,1.3294,4.9558,0.5031,6.0118,24.5155,11.3557
16995.0,1.3308,4.9839,0.491,5.8147,24.3526,11.3562
17000.0,1.3302,4.6046,0.4894,5.6033,25.0826,11.359
17005.0,1.3331,5.3385,0.4788,4.5025,24.2398,11.3553
17010.0,1.3333,5.2943,0.4914,4.6199,24.5283,11.3735
17015.0,1.3337,5.2615,0.4838,4.1946,24.7563,11.3868
17020.0,1.3345,5.352,0.469,5.508,24.6972,11.4165
17025.0,1.3358,5.5314,0.4833,3.6464,24.5456,11.4216
17030.0,1.3361,5.2889,0.4905,5.9718,24.8342,11.4251
17035.0,1.3366,5.3634,0.4932,5.318,25.1153,11.4151
17040.0,1.3383,4.4569,0.4873,4.7013,24.6871,11.4241
17045.0,1.3385,5.6434,0.4867,4.5103,24.8677,11.4563
17050.0,1.3396,5.1057,0.5029,6.6321,24.7173,11.464
17055.0,1.3409,5.6985,0.5003,4.5337,24.4669,11.4697
17060.0,1.3407,5.2026,0.4891,4.0057,24.8234,11.4978
17065.0,1.3414,5.7041,0.5059,4.3094,24.8418,11.4931
17070.0,1.3422,5.4709,0.4999,6.7143,24.7416,11.5
17075.0,1.3431,5.4405,0.5155,6.7432,24.5999,11.4999
17080.0,1.3425,5.2852,0.5044,5.1461,25.135,11.5241
17085.0,1.3435,5.3462,0.4932,6.2381,24.809,11.5354
17090.0,1.3441,4.9103,0.4837,6.7282,24.7721,11.5318
17095.0,1.3444,5.0984,0.4804,6.0201,24.7474,11.5419
17100.0,1.3446,6.3496,0.5051,5.6972,24.8721,11.5362
17105.0,1.3453,5.4388,0.4978,7.2205,24.5927,11.5461
17110.0,1.3448,5.2157,0.4957,6.3682,24.9959,11.536
17115.0,1.3442,5.1744,0.4752,5.9691,25.4765,11.5381
17120.0,1.3453,5.7066,0.4852,6.3919,24.804,11.556
17125.0,1.3456,5.6234,0.4855,5.7168,24.7262,11.5454
17130.0,1.3452,5.0651,0.5031,5.0737,24.8885,11.5484
17135.0,1.3448,5.1607,0.4856,4.6594,25.0235,11.5595
17140.0,1.345,5.3038,0.4944,5.1935,24.8956,11.5454
17145.0,1.3438,5.1725,0.4843,5.9657,25.4098,11.5578
17150.0,1.3447,5.1055,0.5048,5.4568,24.8117,11.5407
17155.0,1.3438,4.708,0.5003,5.2272,25.1021,11.5441
17160.0,1.3437,5.5563,0.4791,5.8056,24.9094,11.5413
17165.0,1.3445,5.2168,0.4948,7.5747,24.3243,11.5411
17170.0,1.3422,5.2043,0.4899,6.7792,25.1439,11.5547
17175.0,1.3425,5.2179,0.5062,5.3674,24.7324,11.5409
17180.0,1.3414,5.4522,0.4937,4.2938,24.959,11.5544
17185.0,1.3409,5.436,0.5174,5.1138,24.8674,11.5552
17190.0,1.3401,4.4646,0.5022,5.1295,24.8241,11.5772
17195.0,1.3394,5.5332,0.4762,5.1719,24.8061,11.5698
17200.0,1.3378,5.1893,0.485,5.1401,25.279,11.5779
17205.0,1.3376,5.0661,0.4809,5.3868,25.0351,11.5447
17210.0,1.3369,5.4938,0.4892,4.8727,24.87,11.5577
17215.0,1.3363,5.0438,0.5024,4.4389,24.9261,11.5125
17220.0,1.3349,5.2107,0.4815,5.8394,25.1484,11.5124
17225.0,1.3338,5.1651,0.4752,5.9571,25.1364,11.5392
17230.0,1.3334,5.2896,0.4903,4.894,24.9426,11.5067
17235.0,1.3325,4.8883,0.4862,5.5953,25.0346,11.4813
17240.0,1.332,5.6596,0.4862,5.962,24.733,11.485
17245.0,1.3309,4.7388,0.4678,4.9442,24.8518,11.4726
17250.0,1.3298,4.967,0.5069,5.5569,24.9536,11.4612
17255.0,1.3278,4.6361,0.4881,4.7416,25.5164,11.4643
17260.0,1.3281,5.3322,0.471,4.5592,24.7213,11.4755
17265.0,1.3267,4.707,0.4833,4.7037,25.0301,11.4516
17270.0,1.3253,5.4444,0.5039,5.61,25.2745,11.4535
17275.0,1.3253,4.5716,0.4893,3.9703,24.7862,11.439
17280.0,1.3244,4.9283,0.4715,4.1566,24.721,11.4463
17285.0,1.323,4.8738,0.4808,4.1379,24.9401,11.4628
17290.0,1.3216,5.0964,0.4849,4.7271,25.2753,11.4535
17295.0,1.3222,5.0513,0.483,3.2577,24.5216,11.4353
17300.0,1.3204,4.8258,0.4747,5.0538,24.9838,11.451
17305.0,1.3197,4.9635,0.4927,4.9064,25.0564,11.4305
17310.0,1.319,5.2941,0.4888,5.9484,25.0084,11.4282
17315.0,1.3188,5.0991,0.4762,4.9484,24.8394,11.397
17320.0,1.319,5.0371,0.4756,4.3966,24.3234,11.4026
17325.0,1.3178,4.2547,0.4965,4.6711,24.6879,11.3905
17330.0,1.3171,4.4614,0.4724,3.667,24.8719,11.371
17335.0,1.3164,5.0961,0.4718,4.8559,25.0043,11.3655
17340.0,1.3165,4.7545,0.4682,3.9484,24.6463,11.3674
17345.0,1.3159,5.2515,0.4856,5.466,24.7025,11.3769
17350.0,1.3154,5.0294,0.4668,3.2465,24.8897,11.3612
17355.0,1.3153,5.356,0.4732,3.3928,24.8076,11.36
17360.0,1.3147,4.4436,0.4574,5.1068,25.1036,11.3414
17365.0,1.315,5.1006,0.4745,4.7023,24.819,11.3344
17370.0,1.3149,4.7689,0.4773,4.4932,24.7781,11.3496
17375.0,1.3148,5.3814,0.4737,4.5598,24.7461,11.3678
17380.0,1.3153,4.931,0.4723,5.7258,24.524,11.3577
17385.0,1.3152,4.8091,0.4896,3.8998,24.7087,11.3443
17390.0,1.3152,4.698,0.4851,5.3351,24.8567,11.3309
17395.0,1.3152,5.0726,0.4705,3.5647,24.8944,11.347
17400.0,1.315,4.9376,0.4814,3.5672,25.145,11.3604
17405.0,1.316,4.9184,0.4776,5.1689,24.6676,11.3804
17410.0,1.3155,4.8764,0.4759,4.0758,25.1033,11.3974
17415.0,1.3165,4.8877,0.4731,3.5872,24.9458,11.3627
17420.0,1.3166,4.2802,0.4834,3.8756,25.2397,11.3514
17425.0,1.3176,5.2486,0.4906,4.3523,24.9253,11.3577
17430.0,1.3175,4.6102,0.4948,5.472,25.3912,11.3524
17435.0,1.3186,5.1717,0.4824,4.8942,25.1158,11.3556
17440.0,1.3192,5.1345,0.4733,5.8976,25.1985,11.35
17445.0,1.32,4.6543,0.4643,3.4668,25.2669,11.3268
17450.0,1.3207,4.8301,0.4874,5.4067,25.105,11.3725
17455.0,1.3211,5.1656,0.4833,4.9267,25.3469,11.3838
17460.0,1.3221,4.9224,0.4816,3.9786,25.2777,11.3815
17465.0,1.3233,5.3208,0.4932,4.2194,25.0071,11.3967
17470.0,1.3244,5.1467,0.4841,4.9869,24.9461,11.3929
17475.0,1.3261,4.9971,0.482,4.0343,24.5379,11.3915
17480.0,1.326,5.3254,0.4893,5.4481,25.1068,11.3967
17485.0,1.3266,6.1386,0.4942,4.9891,25.2493,11.4162
17490.0,1.3275,4.6873,0.4872,4.547,25.2435,11.4203
17495.0,1.3282,4.8339,0.4705,4.4103,25.4231,11.4264
17500.0,1.3294,4.8841,0.482,4.8254,25.2108,11.4426
17505.0,1.3308,5.3429,0.4689,6.228,24.9956,11.4443
17510.0,1.3311,5.2623,0.4812,5.6213,25.3098,11.4639
17515.0,1.3322,4.9012,0.494,4.5201,25.1364,11.4869
17520.0,1.3335,4.9844,0.4824,6.3892,24.982,11.4841
17525.0,1.3333,5.5416,0.487,4.8856,25.5858,11.5201
17530.0,1.3345,4.8038,0.4822,5.5902,25.272,11.5433
17535.0,1.3355,5.889,0.5036,6.0686,25.1794,11.5667
17540.0,1.3362,5.3925,0.4952,5.4203,25.2765,11.5687
17545.0,1.3376,5.3395,0.504,6.8495,24.8772,11.5843
17550.0,1.3379,5.387,0.4954,4.5814,25.1485,11.5911
17555.0,1.3381,5.4946,0.483,6.8076,25.5876,11.5904
17560.0,1.3394,5.2779,0.4803,4.5827,25.1939,11.5934
17565.0,1.3395,5.1397,0.5023,6.4696,25.4899,11.6185
17570.0,1.3399,5.7099,0.4891,4.5544,25.6312,11.6245
17575.0,1.3417,5.1688,0.4881,5.3326,24.863,11.6217
17580.0,1.3422,5.3372,0.5,6.3095,24.9478,11.6176
17585.0,1.3414,5.9573,0.4867,4.5424,25.7471,11.6209
17590.0,1.3426,5.3023,0.5033,6.0565,25.3304,11.6115
17595.0,1.3433,4.9736,0.4905,5.9703,25.137,11.6081
17600.0,1.3426,5.5679,0.4854,5.5171,25.7313,11.6241
17605.0,1.344,5.777,0.4952,5.6441,25.0324,11.6253
17610.0,1.3432,5.249,0.4849,5.4479,25.6814,11.6293
17615.0,1.343,5.3097,0.4867,4.4188,25.9095,11.6245
17620.0,1.344,5.3731,0.4791,5.205,25.2877,11.622
17625.0,1.3438,5.1537,0.4784,5.2685,25.5197,11.6037
17630.0,1.3442,5.5237,0.4943,6.5646,25.3327,11.5898
17635.0,1.3448,5.8484,0.4883,6.5662,24.9268,11.58
17640.0,1.3445,5.4576,0.5037,6.0985,25.0541,11.5698
17645.0,1.3437,5.6227,0.4934,6.1499,25.4465,11.5598
17650.0,1.3435,5.1472,0.4962,3.9158,25.3489,11.5707
17655.0,1.3431,5.237,0.4824,4.3286,25.3206,11.5917
17660.0,1.3425,5.3556,0.4955,5.0834,25.4776,11.5858
17665.0,1.3423,5.1605,0.515,6.1182,25.3658,11.5689
17670.0,1.3419,5.5862,0.4829,4.6882,25.3938,11.5485
17675.0,1.3414,4.9846,0.4976,6.9732,25.3734,11.5389
17680.0,1.3405,5.5071,0.5011,5.2296,25.5932,11.5302
17685.0,1.341,5.2847,0.5047,7.0908,24.9749,11.514
17690.0,1.339,4.8859,0.49,5.4961,25.7587,11.515
17695.0,1.3392,5.0824,0.4919,3.8163,25.1306,11.5164
17700.0,1.3383,5.4534,0.476,6.4939,25.2571,11.5105
17705.0,1.3371,5.7675,0.5003,5.2437,25.4101,11.5235
17710.0,1.3367,5.1323,0.4964,4.8556,25.1872,11.5072
17715.0,1.3356,5.1715,0.4859,4.647,25.4577,11.476
17720.0,1.3352,5.3064,0.4952,5.6445,25.253,11.4459
17725.0,1.3339,4.9792,0.4816,4.3601,25.3646,11.4667
17730.0,1.3327,4.7409,0.5023,5.8226,25.5436,11.4638
17735.0,1.3318,4.5949,0.4822,3.6317,25.4527,11.4812
17740.0,1.3305,4.8984,0.4897,4.5725,25.5472,11.5
17745.0,1.3306,4.9062,0.4835,4.4764,24.8874,11.5056
17750.0,1.3291,4.6064,0.4664,4.624,25.2302,11.4979
17755.0,1.3278,4.6018,0.4853,3.4548,25.3346,11.508
17760.0,1.3262,5.1334,0.4754,5.138,25.8555,11.4962
17765.0,1.3264,4.4932,0.4911,3.4449,25.1432,11.4772
17770.0,1.3248,5.0372,0.4811,4.1377,25.558,11.4758
17775.0,1.3242,4.2318,0.4795,5.5488,25.2953,11.4751
17780.0,1.3236,4.8087,0.4744,5.36,25.0297,11.4907
17785.0,1.3222,4.4893,0.4756,3.9135,25.3213,11.4895
17790.0,1.3214,5.1057,0.476,4.0695,25.2488,11.4958
17795.0,1.3201,5.1078,0.4909,3.7758,25.4042,11.5343
17800.0,1.3198,4.8462,0.4918,5.2849,25.0488,11.5464
17805.0,1.3187,4.4212,0.5028,5.4267,25.2512,11.5407
17810.0,1.3181,4.8199,0.4776,5.1589,25.1585,11.5508
17815.0,1.3172,5.1651,0.4804,2.8522,25.3934,11.5253
17820.0,1.3166,4.4679,0.4979,5.5029,25.3568,11.5172
17825.0,1.3161,5.0085,0.4922,3.5097,25.3532,11.505
17830.0,1.3151,4.4465,0.478,5.4925,25.7101,11.4993
17835.0,1.3159,5.2012,0.4736,3.4405,24.7801,11.49
17840.0,1.3149,4.6495,0.4936,3.8225,25.0751,11.5087
17845.0,1.3145,4.8991,0.4717,4.8891,25.135,11.5064
17850.0,1.3136,5.2027,0.4847,4.7132,25.6018,11.5022
17855.0,1.3143,4.2062,0.478,3.9119,24.8646,11.4994
17860.0,1.3135,4.5671,0.4809,5.0414,25.3359,11.4922
17865.0,1.3135,4.3394,0.4773,4.2666,25.1539,11.4939
17870.0,1.3137,5.0194,0.4739,4.581,24.8954,11.5069
17875.0,1.3128,5.1173,0.4654,4.9677,25.6115,11.4965
17880.0,1.3137,4.3286,0.4801,4.7878,25.0042,11.4857
17885.0,1.3134,4.6564,0.4776,3.1342,25.3058,11.4889
17890.0,1.3139,4.9863,0.4811,6.9325,24.982,11.5038
17895.0,1.3138,4.565,0.4952,3.8536,25.0802,11.5263
17900.0,1.314,4.8739,0.493,5.4595,25.0943,11.5343
17905.0,1.3136,5.4372,0.4625,4.0708,25.5719,11.5677
17910.0,1.3144,4.9924,0.4826,4.2001,25.2574,11.5679
17915.0,1.3153,4.9841,0.4722,5.5698,24.7868,11.6034
17920.0,1.3153,4.8176,0.4848,4.6993,25.1723,11.5948
17925.0,1.3158,4.9585,0.4902,5.6561,25.1793,11.6107
17930.0,1.3164,4.7644,0.4801,5.1165,25.0649,11.6397
17935.0,1.3167,5.0155,0.4744,4.3891,25.3226,11.6469
17940.0,1.3175,5.1921,0.4866,4.1095,25.2425,11.6347
17945.0,1.3179,4.8954,0.4938,5.0072,25.5917,11.6405
17950.0,1.319,5.2172,0.4852,4.5565,25.1551,11.6786
17955.0,1.3195,5.2096,0.4966,6.1512,25.1873,11.7204
17960.0,1.321,4.93,0.4694,5.3399,24.6958,11.7324
17965.0,1.3213,5.1371,0.4712,4.468,25.1608,11.7245
17970.0,1.3222,4.6835,0.4818,5.1188,25.1021,11.7325
17975.0,1.3235,5.0443,0.4845,4.3566,24.8869,11.7145
17980.0,1.3236,5.491,0.4904,5.0228,25.5684,11.722
17985.0,1.3243,4.9865,0.4883,4.6333,25.734,11.7371
17990.0,1.3257,5.2742,0.4947,5.4368,25.3978,11.7254
17995.0,1.3269,5.2045,0.478,3.7929,25.2659,11.7176
18000.0,1.328,5.3757,0.4822,5.1918,25.1078,11.7318
18005.0,1.3288,4.9461,0.4837,3.4887,25.4224,11.6828
18010.0,1.3292,5.1334,0.4981,4.6512,25.7355,11.7241
18015.0,1.3307,4.9806,0.4741,4.2204,25.2535,11.73
18020.0,1.3317,5.0674,0.4811,5.1785,25.1615,11.757
18025.0,1.3327,5.3894,0.4925,6.0918,25.1941,11.7426
18030.0,1.3337,5.2685,0.474,5.527,25.1208,11.7413
18035.0,1.3338,4.7806,0.4996,5.6238,25.7896,11.7389
18040.0,1.3353,5.4479,0.5038,5.356,25.2217,11.7467
18045.0,1.3358,4.8802,0.4949,5.1337,25.4953,11.7552
18050.0,1.3368,5.0477,0.5127,5.1882,25.3596,11.7491
18055.0,1.337,5.3003,0.49,3.9478,25.8522,11.7537
18060.0,1.3388,5.8858,0.5092,6.0357,24.9919,11.7509
18065.0,1.3384,5.3703,0.4914,4.7345,25.8345,11.7658
18070.0,1.339,5.097,0.4981,4.843,25.7665,11.7822
18075.0,1.3402,4.7938,0.4833,5.3707,25.3614,11.7642
18080.0,1.341,5.3759,0.5054,4.1234,25.1126,11.7811
18085.0,1.3412,5.5579,0.4798,5.0357,25.4328,11.7557
18090.0,1.3417,5.2878,0.4908,6.0355,25.4271,11.7498
18095.0,1.3422,5.2765,0.4942,6.0093,25.2915,11.7571
18100.0,1.3425,5.1898,0.4886,5.6084,25.3703,11.7412
18105.0,1.3425,5.2806,0.4913,6.1044,25.5666,11.7529
18110.0,1.3432,5.0424,0.4994,6.0015,25.1944,11.7561
18115.0,1.3424,4.7024,0.5023,5.6436,25.8666,11.7781
18120.0,1.3432,5.1011,0.4911,5.6089,25.1822,11.7982
18125.0,1.3434,5.6735,0.4947,6.8183,25.041,11.796
18130.0,1.3429,5.6428,0.4891,4.4183,25.435,11.7992
18135.0,1.3427,5.6074,0.4896,5.0895,25.6718,11.7665
18140.0,1.3429,5.4903,0.5028,5.1087,25.3542,11.7683
18145.0,1.3429,5.2411,0.4976,6.7335,25.169,11.7648
18150.0,1.3423,5.2145,0.4833,3.2281,25.3357,11.788
18155.0,1.3417,5.3372,0.4873,5.4136,25.4721,11.8147
18160.0,1.3411,5.0467,0.4861,4.5234,25.6871,11.7941
18165.0,1.341,5.472,0.4961,5.9203,25.3995,11.8067
18170.0,1.3399,5.1123,0.4912,6.7941,25.8378,11.8247
18175.0,1.3399,4.9088,0.4967,5.8858,25.3425,11.8175
18180.0,1.3394,4.9658,0.4877,4.4321,25.122,11.8575
18185.0,1.3388,5.0265,0.5012,6.2923,25.1925,11.8362
18190.0,1.3386,5.1426,0.4796,4.2258,24.9131,11.8085
18195.0,1.3374,5.6138,0.5004,5.6764,25.3142,11.7874
18200.0,1.3367,4.7611,0.4828,5.0079,25.2575,11.7897
18205.0,1.3354,5.5127,0.4858,5.7695,25.7415,11.787
18210.0,1.3357,5.8176,0.4949,5.6022,24.8353,11.7719
18215.0,1.3345,5.0335,0.4843,6.0181,25.1872,11.7432
18220.0,1.3329,4.9602,0.4985,5.7592,25.8095,11.7305
18225.0,1.3324,5.8271,0.4747,4.7612,25.4975,11.7175
18230.0,1.3318,4.8224,0.4893,5.6886,25.2703,11.7042
18235.0,1.3312,5.3193,0.4956,5.7906,25.1488,11.6665
18240.0,1.3304,4.4027,0.4957,6.1546,25.0408,11.6611
18245.0,1.3294,5.6919,0.4736,4.2396,25.1869,11.632
18250.0,1.3285,4.978,0.5024,6.3679,24.9802,11.6559
18255.0,1.3275,4.8878,0.4781,3.4045,25.0852,11.6377
18260.0,1.3265,5.0777,0.4777,5.1983,25.1587,11.6281
18265.0,1.3254,4.4154,0.4756,3.7043,25.3181,11.6054
18270.0,1.3239,4.7124,0.4966,5.6917,25.6988,11.623
18275.0,1.3246,5.0512,0.4882,4.6181,24.4101,11.6401
18280.0,1.3228,5.0587,0.4926,4.7395,24.9946,11.6386
18285.0,1.3219,4.8503,0.4796,5.2627,25.0095,11.643
18290.0,1.3209,4.8914,0.4862,3.7475,25.143,11.6235
18295.0,1.3201,4.8652,0.4925,5.7368,25.1825,11.5983
18300.0,1.3192,5.2034,0.4917,4.9493,25.3841,11.5619
18305.0,1.3187,4.7534,0.4894,2.1725,25.3665,11.5198
18310.0,1.3187,4.4778,0.4724,4.2874,24.8431,11.5204
18315.0,1.3179,5.4734,0.4723,4.0593,24.8573,11.5302
18320.0,1.3174,4.5023,0.4725,4.9433,24.7661,11.5331
18325.0,1.3165,4.9556,0.4838,4.871,24.9315,11.5361
18330.0,1.3161,4.5213,0.4914,4.1867,24.8651,11.5285
18335.0,1.3159,5.1118,0.4654,5.7385,24.7701,11.4963
18340.0,1.315,4.5838,0.4723,3.9692,25.1415,11.4726
18345.0,1.3159,4.7294,0.4748,4.9184,24.4828,11.4472
18350.0,1.3144,5.0589,0.4712,3.8892,25.1567,11.4595
18355.0,1.3147,4.6439,0.477,4.477,24.8267,11.4373
18360.0,1.3138,4.1332,0.4828,4.0521,25.3116,11.4354
18365.0,1.3141,4.3955,0.4771,4.6994,24.9558,11.4468
18370.0,1.3139,4.6102,0.4745,3.8444,24.948,11.4658
18375.0,1.3135,5.2131,0.4718,3.3709,25.075,11.4993
18380.0,1.3136,4.4795,0.4811,4.5059,25.1,11.4875
18385.0,1.3131,5.3509,0.4724,3.8596,25.5224,11.49
18390.0,1.3142,4.4244,0.4774,4.764,24.7967,11.5024
18395.0,1.3144,5.1884,0.481,4.5141,24.7671,11.5132
18400.0,1.3144,4.889,0.4591,4.1095,24.9086,11.5163
18405.0,1.3144,4.5725,0.4844,4.5236,25.2056,11.5101
18410.0,1.3145,5.4272,0.4802,3.5683,25.2665,11.548
18415.0,1.3154,5.1779,0.4772,4.9362,24.8472,11.5665
18420.0,1.3158,4.9471,0.479,4.5886,24.8571,11.5786
18425.0,1.3161,4.9321,0.4841,5.7971,25.0264,11.5791
18430.0,1.317,5.0671,0.4777,3.6308,24.8654,11.5822
18435.0,1.3174,4.4698,0.4696,3.8408,24.8467,11.6211
18440.0,1.3186,5.3684,0.4742,4.3739,24.6072,11.6054
18445.0,1.3189,4.6003,0.4565,1.8879,24.7812,11.6313
18450.0,1.3198,5.0634,0.4674,4.3835,24.8875,11.5823
18455.0,1.3207,4.9002,0.4791,4.4125,24.7816,11.5965
18460.0,1.3214,5.4359,0.4832,4.7972,24.8995,11.5974
18465.0,1.322,5.4226,0.4863,5.3157,24.9489,11.6228
18470.0,1.3225,5.179,0.4885,5.3921,25.2326,11.6331
18475.0,1.324,5.4421,0.4861,5.3485,24.8751,11.6244
18480.0,1.3251,4.993,0.4925,4.1,24.7179,11.6291
18485.0,1.3258,5.3853,0.4941,5.1631,24.9493,11.6169
18490.0,1.3262,5.2762,0.4786,5.9157,25.299,11.6336
18495.0,1.328,4.9404,0.4802,4.1611,24.7538,11.6309
18500.0,1.3292,4.8834,0.4758,4.8755,24.5512,11.6466
18505.0,1.3292,4.6445,0.4996,5.6185,25.0283,11.6948
18510.0,1.3306,5.4523,0.4825,4.3849,24.8346,11.6816
18515.0,1.3312,4.9866,0.4859,4.2825,25.0252,11.6923
18520.0,1.332,5.0881,0.485,5.9322,25.1531,11.6902
18525.0,1.3327,4.8869,0.4927,5.0937,25.2678,11.71
18530.0,1.3337,4.6823,0.4805,5.0575,25.2289,11.7069
18535.0,1.3346,5.6028,0.491,4.1787,25.1837,11.7148
18540.0,1.3357,5.326,0.4945,4.2969,25.0598,11.7177
18545.0,1.3365,5.3918,0.485,6.0582,25.1383,11.6956
18550.0,1.3372,5.1308,0.4795,5.1002,25.2196,11.7
18555.0,1.3386,5.0554,0.4722,5.8704,24.8333,11.6967
18560.0,1.3385,5.4705,0.5122,5.6193,25.3531,11.7029
18565.0,1.3392,4.9829,0.5025,6.0829,25.4007,11.695
18570.0,1.3395,5.2738,0.4829,4.6168,25.8202,11.6702
18575.0,1.3413,5.5734,0.503,6.4435,24.9464,11.6688
18580.0,1.3414,5.4628,0.5039,4.8163,25.1972,11.6748
18585.0,1.341,5.5256,0.5006,6.0771,25.8532,11.6921
18590.0,1.3421,4.9399,0.4876,6.7403,25.3434,11.686
18595.0,1.3431,5.5112,0.4901,6.2519,24.9515,11.6802
18600.0,1.3428,5.215,0.4914,6.0614,25.3192,11.6947
18605.0,1.343,5.5255,0.4846,3.6515,25.3796,11.6962
18610.0,1.3436,4.87,0.4857,4.1977,25.0406,11.7169
18615.0,1.3431,5.3337,0.4841,5.8826,25.356,11.744
18620.0,1.3441,5.4244,0.4965,6.5972,24.8197,11.7404
18625.0,1.3439,5.3775,0.4849,4.4648,24.9568,11.7414
18630.0,1.344,5.6794,0.4972,6.2602,24.826,11.7467
18635.0,1.3435,5.6153,0.4861,5.7263,25.1867,11.7294
18640.0,1.3429,5.2756,0.47,5.8531,25.5572,11.7202
18645.0,1.3438,5.6161,0.5012,3.3867,24.6954,11.7363
18650.0,1.3428,5.1669,0.5018,5.7879,25.1094,11.7489
18655.0,1.3425,5.5719,0.5092,6.477,25.1016,11.7532
18660.0,1.3423,5.2045,0.4796,4.6675,25.0175,11.74
18665.0,1.3423,5.3184,0.4902,4.6317,24.673,11.746
18670.0,1.341,4.6829,0.4827,5.074,25.2305,11.7529
18675.0,1.341,5.4713,0.4954,5.6815,24.8411,11.7437
18680.0,1.3404,5.6997,0.4794,5.1843,24.9759,11.7176
18685.0,1.3394,5.1144,0.4983,5.499,25.177,11.7102
18690.0,1.3387,5.285,0.4829,5.6855,25.2529,11.695
18695.0,1.3384,5.5172,0.4835,4.0257,25.0398,11.6787
18700.0,1.3372,5.0885,0.5015,6.5554,25.381,11.6686
18705.0,1.3359,5.1349,0.4832,4.8007,25.5333,11.707
18710.0,1.3357,5.3229,0.4888,4.3469,25.1869,11.6796
18715.0,1.335,4.4942,0.4865,4.8404,25.1234,11.6693
18720.0,1.3346,5.0137,0.4936,6.1114,24.809,11.6634
18725.0,1.333,5.1826,0.4798,4.6458,25.1927,11.6804
18730.0,1.3324,5.0293,0.4863,4.7585,25.0698,11.6488
18735.0,1.3322,5.1512,0.4847,5.5165,24.4838,11.6659
18740.0,1.3309,5.0898,0.4942,6.2149,24.8113,11.6306
18745.0,1.3293,5.4727,0.4941,4.1993,25.1045,11.6558
18750.0,1.3288,5.0191,0.4903,5.2175,24.937,11.6243
18755.0,1.3272,5.1715,0.5008,5.8998,25.327,11.6339
18760.0,1.3267,5.2118,0.5026,5.7797,25.1462,11.5921
18765.0,1.3262,5.0836,0.4705,4.8629,24.8152,11.589
18770.0,1.3252,4.8171,0.4766,3.7558,24.7699,11.6033
18775.0,1.3241,5.9441,0.4804,3.2214,24.9116,11.5906
18780.0,1.323,4.9841,0.4757,4.8972,25.0479,11.5893
18785.0,1.3221,4.6604,0.474,4.7156,25.0328,11.5951
18790.0,1.3213,4.7324,0.4777,4.6779,25.0055,11.5795
18795.0,1.3209,4.6613,0.4735,4.359,24.8272,11.5556
18800.0,1.32,4.8683,0.4829,5.0281,24.8668,11.5533
18805.0,1.3194,4.0878,0.4863,3.9323,24.8121,11.5283
18810.0,1.3185,4.7982,0.481,4.7965,24.9382,11.535
18815.0,1.3184,4.398,0.465,3.1937,24.6024,11.5178
18820.0,1.3182,5.261,0.4789,5.1894,24.3775,11.5047
18825.0,1.3169,5.1188,0.4849,5.6634,24.7923,11.5042
18830.0,1.3163,4.9651,0.4736,5.1405,24.8324,11.5011
18835.0,1.3155,5.2427,0.4765,5.111,24.9935,11.5138
18840.0,1.3154,4.8116,0.4842,4.4496,24.7494,11.5104
18845.0,1.3154,4.8286,0.4853,4.8658,24.5784,11.4957
18850.0,1.3145,4.6861,0.4895,5.5995,24.8525,11.5141
18855.0,1.3142,5.1933,0.504,4.3358,24.8958,11.5104
18860.0,1.3142,4.8296,0.4797,4.1692,24.8031,11.4944
18865.0,1.3145,4.3774,0.4911,3.8878,24.4425,11.5145
18870.0,1.3134,4.7505,0.4753,1.9157,24.9989,11.5352
18875.0,1.3139,5.2553,0.476,4.1517,24.6328,11.5374
18880.0,1.3132,5.0238,0.4661,3.9907,25.0613,11.5548
18885.0,1.3134,4.712,0.4632,4.0917,24.9855,11.5678
18890.0,1.3131,4.7378,0.4931,6.6731,25.2598,11.5851
18895.0,1.3135,4.993,0.4748,5.0587,25.144,11.5803
18900.0,1.3139,4.8366,0.4743,4.0393,24.964,11.5894
18905.0,1.3144,4.7178,0.4693,3.7696,24.893,11.5844
18910.0,1.3154,4.8548,0.4864,4.3185,24.4682,11.5808
18915.0,1.3158,5.0357,0.4765,4.2362,24.4231,11.6025
18920.0,1.3159,4.7693,0.4651,4.9579,24.7011,11.6023
18925.0,1.3161,4.6399,0.4814,3.6024,25.1178,11.5747
18930.0,1.3171,4.4016,0.4835,4.2107,24.7169,11.5891
18935.0,1.3177,5.6203,0.4712,3.4858,24.7324,11.6033
18940.0,1.3182,5.1096,0.4562,4.5296,24.8161,11.6121
18945.0,1.3189,4.9585,0.4926,5.2902,24.867,11.6022
18950.0,1.3196,5.1247,0.499,4.7231,24.9088,11.6199
18955.0,1.32,4.7479,0.4777,4.7253,25.1374,11.6291
18960.0,1.3213,4.7024,0.477,5.2816,24.7953,11.6392
18965.0,1.322,4.8933,0.4887,3.0683,24.817,11.6723
18970.0,1.3224,4.8128,0.464,4.686,25.1258,11.6939
18975.0,1.3234,4.8858,0.4874,6.0835,25.0206,11.6968
18980.0,1.324,4.7436,0.4837,5.328,25.3526,11.6819
18985.0,1.3247,5.0117,0.4799,5.0429,25.5327,11.7059
18990.0,1.326,4.9953,0.4803,4.9549,25.0901,11.7305
18995.0,1.3279,5.229,0.4907,4.3428,24.3313,11.764
19000.0,1.3279,4.8066,0.4953,5.1947,24.9273,11.7855
19005.0,1.3283,5.5712,0.4831,4.6721,25.5304,11.7759
19010.0,1.3293,4.8751,0.4892,4.051,25.3754,11.8006
19015.0,1.3306,4.7528,0.4874,5.0886,25.1588,11.7925
19020.0,1.3313,4.4149,0.4806,5.0099,25.3481,11.7998
19025.0,1.332,4.8561,0.4943,4.9768,25.5041,11.8146
19030.0,1.3329,5.3838,0.4893,4.5759,25.4734,11.8291
19035.0,1.3341,5.2657,0.4925,4.9015,25.1756,11.8313
19040.0,1.335,5.0168,0.498,5.3394,25.2337,11.8178
19045.0,1.336,5.1714,0.4884,8.2333,25.0734,11.8143
19050.0,1.3366,5.0188,0.4927,5.8906,25.1181,11.8443
19055.0,1.3371,5.3338,0.485,5.5028,25.2848,11.8682
19060.0,1.3377,5.4896,0.494,5.7026,25.4578,11.8531
19065.0,1.3383,5.3928,0.5045,6.0688,25.4803,11.8675
19070.0,1.3388,5.5633,0.4979,5.6557,25.6059,11.8719
19075.0,1.3394,5.2514,0.4825,4.877,25.5079,11.8983
19080.0,1.3402,6.0328,0.4987,4.96,25.3043,11.9059
19085.0,1.3409,5.4109,0.4874,4.7236,25.1542,11.9004
19090.0,1.3413,4.9361,0.4954,6.6429,25.1852,11.8976
19095.0,1.3413,4.3515,0.5074,6.698,25.4199,11.9077
19100.0,1.3418,5.4255,0.5169,6.8589,25.3475,11.9017
19105.0,1.3423,5.1293,0.4907,5.1211,25.1921,11.8964
19110.0,1.3423,5.8948,0.4953,5.756,25.237,11.9236
19115.0,1.3419,5.3158,0.499,5.2758,25.7411,11.9177
19120.0,1.3424,4.808,0.4995,6.3583,25.4843,11.8993
19125.0,1.3423,5.5343,0.4971,5.2834,25.5445,11.9185
19130.0,1.3428,5.6889,0.4795,4.8013,25.1106,11.9009
19135.0,1.3422,4.8997,0.5078,7.6845,25.5308,11.9121
19140.0,1.3423,5.2619,0.4911,5.717,25.3659,11.8983
19145.0,1.3419,4.4978,0.4941,4.8468,25.5014,11.8986
19150.0,1.3417,5.2645,0.4999,5.9991,25.412,11.8951
19155.0,1.3413,5.54,0.4981,5.3469,25.3783,11.9212
19160.0,1.341,5.4566,0.4954,6.0435,25.298,11.9357
19165.0,1.341,5.3042,0.4924,5.0564,24.9856,11.908
19170.0,1.3399,4.5924,0.5077,6.6681,25.5303,11.9183
19175.0,1.3393,5.4008,0.4961,4.3762,25.7348,11.8774
19180.0,1.3388,5.0071,0.484,4.7876,25.557,11.8912
19185.0,1.3383,5.1548,0.4651,5.2256,25.3635,11.9003
19190.0,1.3373,5.7295,0.4939,5.9659,25.6265,11.9112
19195.0,1.3368,5.5165,0.4752,5.2562,25.5048,11.8874
19200.0,1.3359,4.8941,0.4888,5.4412,25.6913,11.8618
19205.0,1.336,4.8635,0.499,5.9544,25.008,11.8444
19210.0,1.3348,5.6712,0.5003,6.4892,25.2171,11.8592
19215.0,1.3336,5.2509,0.4951,5.3626,25.4818,11.872
19220.0,1.3331,5.1099,0.4887,4.9148,25.166,11.8605
19225.0,1.332,5.5862,0.4931,5.0335,25.3255,11.867
19230.0,1.3313,5.3188,0.5125,5.7518,25.1231,11.8597
19235.0,1.3301,5.3119,0.4944,5.548,25.3783,11.8532
19240.0,1.3288,5.27,0.4908,5.5487,25.7897,11.8335
19245.0,1.3283,4.6527,0.4774,5.1673,25.3665,11.8208
19250.0,1.3266,4.8047,0.4659,4.9188,26.0235,11.827
19255.0,1.3263,5.5696,0.4949,6.2696,25.3026,11.8299
19260.0,1.3249,5.2778,0.4831,6.3077,25.8094,11.8104
19265.0,1.3244,5.7237,0.5074,5.1192,25.4474,11.79
19270.0,1.3233,5.1515,0.4845,3.7827,25.727,11.768
19275.0,1.3223,5.2149,0.4864,3.9713,25.8233,11.7462
19280.0,1.3217,5.098,0.471,5.255,25.4967,11.7383
19285.0,1.3206,4.6204,0.4894,5.1389,25.8115,11.7254
19290.0,1.3199,4.7229,0.4768,5.5905,25.6214,11.7165
19295.0,1.3187,4.9347,0.4749,4.7169,25.9622,11.7289
19300.0,1.3185,5.0039,0.4814,4.9743,25.3956,11.7252
19305.0,1.3175,4.9228,0.4784,5.043,25.5896,11.7373
19310.0,1.3172,5.1027,0.4767,5.6217,25.2261,11.7201
19315.0,1.3163,4.3897,0.4856,4.3011,25.4053,11.7101
19320.0,1.3153,4.8968,0.4782,2.7254,25.8529,11.703
19325.0,1.3148,5.1371,0.4761,5.1685,25.6772,11.7113
19330.0,1.3146,4.4471,0.4887,4.8083,25.3037,11.7159
19335.0,1.3141,5.4056,0.4752,4.0516,25.2849,11.7285
19340.0,1.3135,4.9703,0.4801,4.564,25.3621,11.7494
19345.0,1.3127,4.7908,0.4528,3.1335,25.7724,11.7474
19350.0,1.3124,5.1194,0.4837,3.6633,25.8554,11.7374
19355.0,1.3119,4.9164,0.4928,4.032,26.1035,11.7311
19360.0,1.3124,5.0255,0.4845,6.291,25.3299,11.7376
19365.0,1.3124,5.3722,0.4612,4.718,25.2908,11.7025
19370.0,1.3121,4.3387,0.4833,3.9164,25.3962,11.7169
19375.0,1.3119,4.9189,0.4742,5.4534,25.7299,11.6946
19380.0,1.3118,4.2733,0.5039,4.9166,25.8775,11.6868
19385.0,1.3121,4.8174,0.4738,4.9654,25.63,11.6946
19390.0,1.3119,4.7723,0.46,4.9243,25.9909,11.6938
19395.0,1.3124,4.4444,0.4751,4.1155,25.5874,11.7175
19400.0,1.3127,5.1981,0.4705,3.6074,25.5165,11.7349
19405.0,1.3128,4.6296,0.4618,4.5028,25.7669,11.7222
19410.0,1.313,4.5803,0.4749,5.514,25.9779,11.7281
19415.0,1.3135,4.3602,0.4841,5.3382,25.9383,11.732
19420.0,1.3143,4.575,0.4748,4.0074,25.6072,11.7239
19425.0,1.3142,5.146,0.4865,2.7185,26.3229,11.7359
19430.0,1.3155,4.6817,0.4789,4.9139,25.4083,11.7474
19435.0,1.316,4.9336,0.4859,4.5854,25.5582,11.7522
19440.0,1.3164,4.4498,0.4827,4.5858,25.8495,11.7601
19445.0,1.3169,5.1602,0.4866,5.1912,26.0052,11.7919
19450.0,1.3177,4.8469,0.4567,4.659,25.8911,11.8094
19455.0,1.3185,4.9385,0.4736,3.2472,25.842,11.8159
19460.0,1.3195,4.8311,0.4837,5.2084,25.7203,11.8191
19465.0,1.3199,4.921,0.4903,5.4356,26.2071,11.8347
19470.0,1.3212,5.0622,0.4899,7.3026,25.6083,11.8668
19475.0,1.3221,4.997,0.4891,5.6177,25.6568,11.8541
19480.0,1.3228,4.6801,0.4644,3.3481,25.8563,11.866
19485.0,1.3237,4.9776,0.4853,4.1005,25.872,11.8706
19490.0,1.3244,5.3626,0.4809,4.4607,26.1753,11.8897
19495.0,1.3255,4.7024,0.4861,5.8317,25.8818,11.9201
19500.0,1.3263,4.7118,0.4763,4.751,26.0664,11.9143
19505.0,1.3272,4.5945,0.4974,4.8267,26.1063,11.9291
19510.0,1.3281,4.7124,0.494,6.0199,26.1246,11.9504
19515.0,1.3289,5.5554,0.4885,5.3058,26.2587,11.9664
19520.0,1.3298,5.309,0.4854,3.8336,26.2948,11.984
19525.0,1.3306,4.7375,0.491,5.726,26.3992,12.0132
19530.0,1.3317,4.7592,0.4969,6.0136,26.0464,12.0196
19535.0,1.3322,5.5037,0.4921,4.6498,26.6021,12.0392
19540.0,1.3333,5.0514,0.4849,6.1752,26.1361,12.0414
19545.0,1.3343,5.2227,0.4962,4.6975,26.0398,12.0246
19550.0,1.3348,4.8113,0.497,5.9898,26.3838,12.0475
19555.0,1.3355,5.4284,0.493,5.597,26.373,12.0689
19560.0,1.336,5.2715,0.4759,5.5777,26.6938,12.0824
19565.0,1.3368,5.5896,0.5029,5.9518,26.4343,12.0775
19570.0,1.3374,5.3456,0.4902,5.7508,26.485,12.1101
19575.0,1.3381,5.2863,0.4923,6.034,26.2241,12.1127
19580.0,1.3385,5.4134,0.4893,5.4209,26.5601,12.1097
19585.0,1.3388,5.4207,0.494,5.4566,26.7626,12.1049
19590.0,1.3395,5.1693,0.47,4.8998,26.4766,12.1001
19595.0,1.3398,5.3952,0.5081,5.1235,26.4909,12.1133
19600.0,1.34,5.1788,0.5037,7.6044,26.5941,12.1199
19605.0,1.3402,5.9041,0.5069,6.6568,26.7021,12.1251
19610.0,1.3406,4.5105,0.5004,4.4883,26.3885,12.1256
19615.0,1.3406,5.678,0.5018,5.9782,26.724,12.1037
19620.0,1.3408,5.277,0.4989,6.692,26.6245,12.087
19625.0,1.3409,4.9666,0.4899,5.0761,26.5851,12.094
19630.0,1.3409,5.2746,0.4772,5.5061,26.3938,12.1005
19635.0,1.3409,4.9223,0.4962,5.1144,26.3178,12.084
19640.0,1.3404,5.7168,0.5073,5.2058,26.8722,12.0909
19645.0,1.3405,5.2017,0.492,5.4857,26.3601,12.0912
19650.0,1.34,4.9919,0.4948,5.1188,26.7681,12.0841
19655.0,1.3399,5.3976,0.4962,5.5084,26.4739,12.0891
19660.0,1.3393,5.4021,0.4737,5.3884,26.7228,12.1042
19665.0,1.3389,5.4116,0.4978,4.9788,26.63,12.0907
19670.0,1.3384,5.1469,0.4909,4.6684,26.7597,12.0915
19675.0,1.3378,5.1553,0.4942,4.3444,26.7264,12.1012
19680.0,1.3371,4.8706,0.4854,6.1759,26.8353,12.1237
19685.0,1.3365,4.7484,0.4857,4.0144,26.909,12.0991
19690.0,1.336,5.1684,0.4674,4.5306,26.6413,12.097
19695.0,1.3353,5.4408,0.4768,5.1946,26.7067,12.0659
19700.0,1.3345,5.3384,0.4854,5.1498,26.8593,12.0531
19705.0,1.3336,5.7723,0.4938,4.6313,27.17,12.0338
19710.0,1.3329,5.4482,0.4846,5.8298,27.021,12.0061
19715.0,1.332,5.2608,0.5044,4.7614,27.1591,11.9971
19720.0,1.3312,5.6865,0.4872,6.2441,26.9518,11.9862
19725.0,1.3303,4.7799,0.5005,6.567,26.9472,12.0097
19730.0,1.3292,4.8684,0.4809,5.3586,27.1525,12.0077
19735.0,1.3281,5.3485,0.4849,5.7003,27.5063,12.0122
19740.0,1.3276,4.894,0.4892,5.991,26.813,11.9871
19745.0,1.3265,4.8007,0.4952,6.3328,26.9374,11.9847
19750.0,1.3257,4.849,0.4836,5.7748,26.8214,11.9778
19755.0,1.3246,4.6473,0.495,2.9556,27.1647,11.9528
19760.0,1.3236,5.0817,0.4753,3.711,27.1497,11.969
19765.0,1.3225,5.7823,0.4815,5.0252,27.338,11.9791
19770.0,1.3219,4.7051,0.4783,4.7851,26.8836,11.9599
19775.0,1.321,4.9655,0.4689,4.8043,26.8315,11.9406
19780.0,1.3202,5.574,0.4887,5.6821,26.7516,11.9178
19785.0,1.3193,4.8328,0.4751,4.3532,26.958,11.8984
19790.0,1.3184,5.177,0.4804,3.9994,26.9301,11.8903
19795.0,1.3174,4.864,0.4772,3.9099,27.2626,11.8958
19800.0,1.3167,5.0223,0.4832,4.6273,27.0627,11.899
19805.0,1.3161,4.5886,0.4974,5.0796,27.0149,11.8674
19810.0,1.3155,4.8376,0.4725,5.1241,26.8723,11.8413
19815.0,1.3148,4.4536,0.4844,5.2534,26.8413,11.827
19820.0,1.3139,4.5629,0.4786,3.4688,27.2391,11.848
19825.0,1.3134,4.9093,0.4727,1.9215,27.2337,11.8346
19830.0,1.3127,4.3297,0.4612,2.9106,27.658,11.8211
19835.0,1.3123,4.678,0.5091,2.4168,27.5052,11.7994
19840.0,1.3121,4.6405,0.4744,5.1418,26.9261,11.803
19845.0,1.3116,4.614,0.4785,4.1067,27.3067,11.7979
19850.0,1.3112,4.7423,0.4847,5.319,27.4019,11.8155
19855.0,1.3109,4.8921,0.4853,4.2007,27.4804,11.818
19860.0,1.3107,4.6238,0.461,3.7622,27.319,11.8338
19865.0,1.3108,4.3654,0.475,4.8041,26.9179,11.8168
19870.0,1.3107,4.2606,0.4772,3.769,26.9353,11.8192
19875.0,1.3105,4.6597,0.472,4.4315,27.138,11.8454
19880.0,1.3105,4.4924,0.4678,3.7453,27.1593,11.8698
19885.0,1.3103,4.4488,0.4968,5.4107,27.6396,11.8931
19890.0,1.3107,4.548,0.4944,4.2013,27.1797,11.8669
19895.0,1.3108,4.7095,0.4942,5.3222,27.3509,11.8592
19900.0,1.3109,5.0204,0.4684,4.0963,27.8443,11.8842
19905.0,1.3115,5.0017,0.4643,4.6624,27.2357,11.8497
19910.0,1.3118,4.7433,0.474,4.358,27.3051,11.8618
19915.0,1.3122,4.9117,0.4863,5.1078,27.5335,11.8462
19920.0,1.3126,4.5994,0.4522,2.8578,27.7443,11.8254
19925.0,1.3133,4.9629,0.4864,4.1956,27.4268,11.8131
19930.0,1.3138,4.9022,0.4756,4.9799,27.7613,11.8156
19935.0,1.3145,4.983,0.4642,5.2354,27.5672,11.8226
19940.0,1.315,5.1442,0.4935,5.304,27.7743,11.8321
19945.0,1.3156,4.3008,0.488,5.1103,28.015,11.8519
19950.0,1.3166,4.9518,0.4665,5.5605,27.5561,11.8585
19955.0,1.3175,4.2585,0.4843,4.6757,27.2951,11.8623
19960.0,1.318,5.3411,0.4897,4.3185,27.8508,11.8625
19965.0,1.3187,4.9026,0.4958,5.7667,28.2515,11.8508
19970.0,1.3198,5.0499,0.4784,4.4176,27.8072,11.8593
19975.0,1.3204,5.5185,0.4885,4.2451,28.3802,11.8758
19980.0,1.3216,5.2608,0.4864,5.1677,27.7077,11.8761
19985.0,1.3222,4.9117,0.4895,4.5579,28.5539,11.8696
19990.0,1.3234,4.7854,0.4853,4.4022,27.7568,11.9034
19995.0,1.3244,5.1788,0.5037,5.5036,27.7952,11.8944
20000.0,1.3254,4.7913,0.4805,5.4475,27.592,11.8952
20005.0,1.3263,4.964,0.5072,3.9721,27.8908,11.8913
20010.0,1.3271,5.0104,0.5081,5.7537,28.071,11.9012
20015.0,1.3281,5.0753,0.4966,4.3597,28.1015,11.9026
20020.0,1.3291,4.8273,0.4928,4.8455,27.7953,11.9051
20025.0,1.3297,4.8406,0.4816,4.4438,28.4778,11.915
20030.0,1.3308,5.6339,0.4951,5.525,28.0104,11.9373
20035.0,1.3318,5.0491,0.5036,4.9392,27.7104,11.9321
20040.0,1.3324,4.9261,0.4998,5.9108,28.2207,11.9538
20045.0,1.3332,5.6767,0.4861,5.1125,28.2599,11.9496
20050.0,1.334,5.5051,0.4781,5.4868,28.3114,11.9505
20055.0,1.3347,5.3534,0.4923,4.5007,28.2311,11.9707
20060.0,1.3354,4.8184,0.4908,6.2289,28.5426,11.9639
20065.0,1.336,5.4249,0.4989,6.0607,28.797,11.9562
20070.0,1.3367,5.8121,0.4983,5.1748,28.2731,11.9939
20075.0,1.3372,4.7314,0.4809,6.6321,28.3856,12.0043
20080.0,1.3377,5.4343,0.4896,4.9389,28.4086,12.0192
20085.0,1.3381,5.0908,0.5087,5.8477,28.7584,12.0451
20090.0,1.3386,5.395,0.519,6.9202,28.5858,12.0322
20095.0,1.339,4.9148,0.4861,5.781,28.5739,11.9918
20100.0,1.3394,5.4402,0.5089,5.9436,28.3532,11.9923
20105.0,1.3396,5.7583,0.4792,4.4247,28.7011,11.9985
20110.0,1.3398,4.9923,0.5157,4.3975,28.5789,12.0135
20115.0,1.3398,5.3773,0.501,6.8065,28.8977,12.0303
20120.0,1.3398,5.0033,0.4831,6.6175,29.2805,11.9987
20125.0,1.3402,5.5585,0.4803,5.678,28.3671,11.9823
20130.0,1.34,5.7296,0.4771,4.1219,29.016,11.958
20135.0,1.34,4.798,0.5051,4.5146,28.7795,11.9396
20140.0,1.3398,5.4194,0.4994,5.0958,28.7455,11.9485
20145.0,1.3396,5.5861,0.4934,5.1022,28.7364,11.9436
20150.0,1.3395,5.0547,0.4896,3.9116,28.528,11.9213
20155.0,1.3389,5.2593,0.4984,5.612,29.3278,11.9372
20160.0,1.3386,5.3484,0.4957,5.9772,29.0005,11.9229
20165.0,1.3384,4.8132,0.4878,6.3793,28.5203,11.9091
20170.0,1.3378,5.2609,0.5046,6.6331,28.7492,11.8996
20175.0,1.3372,5.3485,0.4846,5.0765,28.8234,11.9047
20180.0,1.3366,5.0164,0.4967,4.6766,28.9829,11.8894
20185.0,1.3361,4.8505,0.5005,5.4565,28.5874,11.888
20190.0,1.3354,5.1673,0.4974,6.2596,28.9168,11.8674
20195.0,1.3349,5.7374,0.4815,6.086,28.388,11.8674
20200.0,1.3339,5.0873,0.4854,4.9864,28.9251,11.8514
20205.0,1.3332,5.3893,0.4868,6.0219,28.7339,11.8434
20210.0,1.3325,5.0672,0.4921,4.9889,28.6559,11.811
20215.0,1.3315,4.8561,0.4899,3.1497,28.8857,11.8116
20220.0,1.3307,5.4004,0.4985,5.6174,28.7792,11.7816
20225.0,1.3298,4.9923,0.4903,4.9565,28.8799,11.763
20230.0,1.3289,4.9947,0.4976,5.514,28.7838,11.7654
20235.0,1.328,4.8355,0.5002,4.9432,28.8338,11.7489
20240.0,1.3269,4.8443,0.4677,5.2554,29.2204,11.7614
20245.0,1.3262,4.6586,0.4893,6.336,28.7107,11.7425
20250.0,1.3252,5.0338,0.4676,3.8271,28.6402,11.7541
20255.0,1.3242,4.793,0.4811,5.49,28.9925,11.7465
20260.0,1.3231,5.4138,0.493,5.5406,29.1063,11.7604
20265.0,1.3223,4.852,0.4789,4.6699,28.9813,11.7433
20270.0,1.3216,4.8129,0.4771,6.3447,28.2177,11.7506
20275.0,1.3204,5.1151,0.4801,3.4971,28.8931,11.7664
20280.0,1.3197,5.3888,0.4948,4.9793,28.3818,11.7571
20285.0,1.3187,4.6418,0.4621,4.0502,28.8581,11.7304
20290.0,1.3178,4.8529,0.4843,4.4981,29.0563,11.7221
20295.0,1.3172,5.3841,0.4728,5.1311,28.6839,11.6979
20300.0,1.3163,4.6556,0.4768,4.5635,28.9104,11.7072
20305.0,1.3156,5.1964,0.4563,3.3267,28.6952,11.692
20310.0,1.3148,4.614,0.4762,3.5784,29.0929,11.6853
20315.0,1.314,5.2623,0.4748,4.3698,29.3213,11.6803
20320.0,1.3135,4.9333,0.4834,5.1889,29.0949,11.6575
20325.0,1.3129,4.4332,0.4803,4.2137,29.2175,11.6651
20330.0,1.3124,4.9625,0.4766,4.7537,29.0741,11.6455
20335.0,1.312,4.8908,0.4761,4.7019,28.8189,11.6564
20340.0,1.3113,5.0311,0.4804,3.8733,29.7224,11.652
20345.0,1.3111,4.5621,0.4621,4.4184,28.929,11.6529
20350.0,1.3108,4.4384,0.471,4.6226,28.8923,11.6714
20355.0,1.3105,4.6707,0.4892,6.6252,29.0365,11.6935
20360.0,1.3103,4.9803,0.4736,5.592,28.9556,11.691
20365.0,1.3101,4.7872,0.4653,3.7412,28.942,11.687
20370.0,1.31,4.828,0.4727,4.6089,29.1169,11.6698
20375.0,1.3099,4.3772,0.4625,4.3305,29.5564,11.6439
20380.0,1.3099,4.945,0.4742,3.8847,29.5888,11.6345
20385.0,1.3101,4.8834,0.4609,5.3463,29.3045,11.6032
20390.0,1.3103,4.8268,0.4821,4.3609,29.3254,11.6013
20395.0,1.3105,4.5474,0.4566,4.2592,29.4746,11.5945
20400.0,1.3107,4.6943,0.4777,3.2284,29.5681,11.6104
20405.0,1.311,4.7256,0.4892,4.7995,29.5464,11.6032
20410.0,1.3115,4.7575,0.4836,5.1281,29.1856,11.5845
20415.0,1.312,5.1845,0.476,3.3374,29.0356,11.6012
20420.0,1.3126,5.1309,0.4708,4.1805,28.7446,11.5802
20425.0,1.3129,4.4332,0.4649,5.3822,29.3704,11.5992
20430.0,1.3134,4.7893,0.5015,5.7466,29.7,11.6148
20435.0,1.314,4.7723,0.4764,5.112,29.6977,11.6141
20440.0,1.3148,5.0358,0.4797,4.0819,29.4774,11.5997
20445.0,1.3155,4.3928,0.4752,4.597,29.3754,11.6079
20450.0,1.3162,5.0196,0.4999,6.0698,29.5981,11.6155
20455.0,1.3169,4.8225,0.4975,4.3782,29.5824,11.633
20460.0,1.3177,4.3317,0.4904,5.5706,29.6798,11.6457
20465.0,1.3185,5.4268,0.4643,4.5589,29.9761,11.668
20470.0,1.3196,4.8177,0.4688,4.3157,29.135,11.6496
20475.0,1.3204,4.6534,0.493,5.988,29.3086,11.6599
20480.0,1.3211,6.1913,0.4921,3.9188,30.1448,11.6748
20485.0,1.3223,4.5351,0.4967,4.3739,29.4942,11.6194
20490.0,1.3232,4.98,0.4767,5.1082,29.5839,11.6138
20495.0,1.3242,5.3908,0.4664,4.2697,29.4131,11.612
20500.0,1.325,5.2596,0.4995,4.5335,29.8327,11.64
20505.0,1.326,4.8435,0.4884,5.691,29.7675,11.6421
20510.0,1.3271,5.354,0.5011,5.3312,29.1947,11.6651
20515.0,1.3277,4.7377,0.4756,4.8725,30.2123,11.6582
20520.0,1.3287,5.1545,0.492,6.7388,29.9477,11.6552
20525.0,1.3297,4.8602,0.4662,5.4596,29.7082,11.6604
20530.0,1.3304,5.4218,0.4946,5.295,30.1644,11.6752
20535.0,1.3313,5.2977,0.4975,5.2787,30.1405,11.6858
20540.0,1.3321,4.9295,0.4844,5.2791,30.2138,11.7034
20545.0,1.3331,5.1395,0.4893,4.9381,29.7689,11.7055
20550.0,1.3338,5.2414,0.491,5.4215,29.9333,11.7256
20555.0,1.3345,5.3426,0.4772,5.6386,29.9423,11.7489
20560.0,1.3352,5.0716,0.4921,5.5538,29.961,11.7464
20565.0,1.3359,5.2027,0.4839,5.5767,30.0551,11.732
20570.0,1.3365,5.6966,0.4993,7.2537,30.0938,11.7387
20575.0,1.337,5.0504,0.4688,3.3044,30.1055,11.7511
20580.0,1.3377,5.3908,0.5128,6.2683,29.9478,11.7282
20585.0,1.338,5.1966,0.4829,6.4162,30.4917,11.7071
20590.0,1.3386,5.3487,0.4958,6.4097,30.1253,11.668
20595.0,1.3389,5.8355,0.5042,8.3768,30.345,11.6542
20600.0,1.3393,4.964,0.4782,6.7974,30.2,11.6377
20605.0,1.3398,4.6566,0.4924,4.8059,29.7011,11.648
20610.0,1.3398,5.6852,0.4898,4.6222,30.0521,11.6539
20615.0,1.3399,5.3491,0.4918,5.3171,30.3624,11.6721
20620.0,1.3401,5.2571,0.4898,4.1137,30.039,11.6542
20625.0,1.34,5.5703,0.5031,5.393,30.3488,11.6713
20630.0,1.3402,4.7577,0.4843,4.8623,29.7377,11.6494
20635.0,1.3398,5.1773,0.4847,6.2317,30.4244,11.666
20640.0,1.3398,4.7101,0.4989,6.6385,30.0287,11.6535
20645.0,1.3396,5.6763,0.5056,7.0813,30.0409,11.6791
20650.0,1.3393,5.2124,0.4936,5.2954,30.1692,11.6628
20655.0,1.339,5.6139,0.4935,4.5456,30.0969,11.6455
20660.0,1.3385,5.0668,0.5045,5.9379,30.4119,11.6646
20665.0,1.3381,5.446,0.4876,6.0388,30.2485,11.6739
20670.0,1.3378,5.2758,0.524,6.0621,29.9756,11.6621
20675.0,1.337,5.2532,0.4883,5.7125,30.5762,11.6608
20680.0,1.3366,5.1189,0.4998,6.5877,30.3865,11.6224
20685.0,1.336,4.5864,0.4972,4.7287,30.2327,11.6056
20690.0,1.3354,5.1152,0.4962,5.194,30.3099,11.5753
20695.0,1.3347,5.889,0.4876,5.458,30.0764,11.5624
20700.0,1.3337,5.2423,0.4948,5.3985,30.8472,11.5637
20705.0,1.3333,5.3832,0.484,5.8864,30.1226,11.4955
20710.0,1.3324,5.1805,0.4789,5.5161,30.2935,11.4929
20715.0,1.3315,4.7793,0.4889,5.2919,30.1753,11.5194
20720.0,1.3305,4.8894,0.5123,4.2682,30.4138,11.5445
20725.0,1.3297,5.617,0.4757,4.7516,30.0898,11.5545
20730.0,1.3288,4.6101,0.4884,4.5487,30.1774,11.5489
20735.0,1.3279,5.2171,0.4841,5.2506,30.3054,11.5216
20740.0,1.3271,5.1079,0.4799,4.5849,29.857,11.5001
20745.0,1.3261,4.9293,0.4769,4.6864,30.1684,11.4719
20750.0,1.3252,4.8874,0.4818,4.294,30.2757,11.4482
20755.0,1.324,5.2351,0.4784,5.1793,30.9821,11.4175
20760.0,1.3233,5.412,0.5061,4.6326,30.6223,11.3503
20765.0,1.3225,5.0768,0.4915,4.3544,30.4169,11.3381
20770.0,1.3217,5.5438,0.4718,5.712,30.0208,11.3351
20775.0,1.3209,5.5154,0.4787,3.6745,29.7508,11.3154
20780.0,1.3197,5.4574,0.4983,3.9513,30.5264,11.3053
20785.0,1.319,4.8377,0.4731,4.4912,30.0148,11.3002
20790.0,1.3182,5.0008,0.4781,3.9837,30.1905,11.285
20795.0,1.3173,4.893,0.4774,3.5669,30.3797,11.2697
20800.0,1.3165,5.2426,0.4923,3.915,30.289,11.268
20805.0,1.3157,4.7774,0.4885,5.454,30.2984,11.286
20810.0,1.3151,4.9401,0.4925,4.429,30.2382,11.2743
20815.0,1.3143,4.9283,0.4857,5.6979,30.6417,11.2563
20820.0,1.314,4.3984,0.47,4.867,29.8732,11.2504
20825.0,1.3131,4.524,0.4847,6.0121,30.5123,11.2405
20830.0,1.3125,4.9721,0.4743,4.5424,30.5797,11.2558
20835.0,1.312,5.0288,0.4834,5.3593,30.7146,11.2285
20840.0,1.3119,4.8591,0.4675,4.4795,30.1128,11.2223
20845.0,1.3113,4.6758,0.4886,5.2882,30.6477,11.2188
20850.0,1.3111,5.0684,0.4864,5.474,30.3468,11.1946
20855.0,1.3107,4.8337,0.4778,3.1125,30.6905,11.1792
20860.0,1.3108,5.1491,0.4715,3.4381,29.91,11.1881
20865.0,1.3103,4.2008,0.4745,4.1662,30.8543,11.2114
20870.0,1.3105,4.837,0.4844,4.8495,30.235,11.1857
20875.0,1.3103,4.5282,0.4803,4.1905,30.6853,11.1823
20880.0,1.3103,4.7822,0.4808,4.8914,30.5663,11.1758
20885.0,1.3105,4.5648,0.4612,3.8327,30.4609,11.1826
20890.0,1.3106,4.2413,0.4753,3.9035,30.3487,11.192
20895.0,1.3107,4.7781,0.48,3.3504,30.8752,11.1856
20900.0,1.3111,5.1176,0.4839,4.2898,30.6524,11.1578
20905.0,1.3115,5.2335,0.4737,4.1898,30.354,11.1763
20910.0,1.3118,4.3895,0.4751,3.7742,30.4856,11.1846
20915.0,1.3123,5.3684,0.5047,4.1803,30.262,11.1729
20920.0,1.3127,5.0113,0.4686,4.5749,30.4059,11.1857
20925.0,1.3131,5.0961,0.4686,3.9092,30.674,11.2027
20930.0,1.3138,4.4368,0.4683,5.8363,30.5072,11.1888
20935.0,1.3146,4.9981,0.4732,4.6892,30.0302,11.2038
20940.0,1.315,4.7767,0.4743,4.3615,30.6679,11.2061
20945.0,1.3158,4.7121,0.4772,4.2597,30.5855,11.2184
20950.0,1.3167,5.0379,0.4843,5.0019,30.2821,11.2115
20955.0,1.3175,4.5665,0.4878,4.9754,30.2184,11.203
20960.0,1.3184,4.3751,0.4965,5.4975,29.919,11.2187
20965.0,1.319,5.1221,0.496,5.3845,30.2446,11.2556
20970.0,1.3196,4.099,0.4777,5.0014,30.8451,11.2856
20975.0,1.3208,4.6912,0.4844,4.7254,30.2206,11.2696
20980.0,1.3218,4.8526,0.4684,4.8392,30.1134,11.2726
20985.0,1.3225,5.0735,0.4809,4.0785,30.5409,11.2706
20990.0,1.3235,4.5323,0.4907,5.4435,30.5385,11.2546
20995.0,1.3246,4.9695,0.4884,4.0398,30.2045,11.2655
21000.0,1.3254,5.296,0.4729,4.5245,30.5336,11.2767
21005.0,1.3263,4.6085,0.4723,4.6251,30.5439,11.2812
21010.0,1.3271,5.216,0.4845,5.5416,31.0033,11.2849
21015.0,1.3282,5.0549,0.4718,5.0123,30.4574,11.32
21020.0,1.3292,4.9237,0.488,4.7945,30.3258,11.3035
21025.0,1.33,5.4685,0.4733,5.6002,30.6861,11.2966
21030.0,1.3309,5.4199,0.487,4.8924,30.745,11.2988
21035.0,1.3317,5.5144,0.4804,5.902,30.882,11.2895
21040.0,1.3327,4.908,0.4864,4.9642,30.724,11.2784
21045.0,1.3333,5.0911,0.4777,4.7177,31.1082,11.2923
21050.0,1.3343,5.7331,0.4817,4.7625,30.7038,11.2852
21055.0,1.3352,5.0654,0.4862,7.2182,30.282,11.2781
21060.0,1.3357,5.3277,0.4884,5.1453,30.8989,11.2804
21065.0,1.3367,4.8441,0.5144,5.3222,30.2685,11.2627
21070.0,1.3372,5.5281,0.496,6.8546,30.5558,11.2706
21075.0,1.3378,4.5363,0.4931,4.3061,30.5399,11.2688
21080.0,1.3382,5.3058,0.5067,7.2599,30.8651,11.2688
21085.0,1.3387,5.2705,0.5001,5.156,30.6527,11.2806
21090.0,1.3391,4.5715,0.496,3.5771,30.898,11.2486
21095.0,1.3396,5.7614,0.4906,4.463,30.5898,11.2631
21100.0,1.3398,4.8244,0.4993,5.3277,30.6891,11.2838
21105.0,1.3401,5.5571,0.5093,6.1297,30.7484,11.2884
21110.0,1.3402,5.6076,0.5048,4.7512,30.9506,11.2861
21115.0,1.3404,5.868,0.4992,6.1161,30.7088,11.3122
21120.0,1.3404,5.9328,0.5063,6.2814,30.9362,11.3002
21125.0,1.3404,5.253,0.5102,5.7343,31.0076,11.3048
21130.0,1.3405,5.6206,0.5006,5.6127,30.722,11.2948
21135.0,1.3404,4.9675,0.4868,5.8741,30.6973,11.2989
21140.0,1.3402,5.2198,0.4892,6.2796,30.8608,11.3006
21145.0,1.3399,4.9922,0.4887,5.0518,30.913,11.323
21150.0,1.3397,5.4575,0.5047,6.3742,30.8807,11.3225
21155.0,1.3396,5.123,0.4825,5.1483,30.4136,11.313
21160.0,1.3391,5.4493,0.4947,6.537,30.7026,11.2966
21165.0,1.3386,5.5083,0.4745,6.8199,30.9101,11.2957
21170.0,1.3381,5.0941,0.49,4.1151,31.0025,11.2715
21175.0,1.3376,5.4355,0.4789,5.0857,30.7559,11.2815
21180.0,1.337,5.6252,0.49,6.289,30.9078,11.2677
21185.0,1.3366,5.0707,0.4942,5.18,30.3589,11.2642
21190.0,1.3358,5.3427,0.4879,6.2671,30.7304,11.2675
21195.0,1.3352,5.4516,0.4912,5.766,30.5002,11.2528
21200.0,1.3343,5.506,0.5002,5.4406,30.975,11.2413
21205.0,1.3338,5.0427,0.4732,3.3639,30.3763,11.2253
21210.0,1.3327,4.9484,0.4975,4.7684,30.8136,11.2227
21215.0,1.3317,5.0187,0.4872,5.2424,31.2276,11.2223
21220.0,1.331,5.037,0.4759,2.9531,30.7173,11.2343
21225.0,1.33,5.1298,0.4902,5.8967,31.0095,11.232
21230.0,1.3291,5.4504,0.5001,5.0053,30.9205,11.2399
21235.0,1.3283,4.9571,0.4922,5.048,30.4623,11.2466
21240.0,1.3273,5.1478,0.461,5.1066,30.7929,11.2332
21245.0,1.3264,5.2849,0.4877,4.723,30.7201,11.2153
21250.0,1.3256,5.4401,0.4882,3.6227,30.3984,11.2056
21255.0,1.3244,4.5312,0.4683,5.8034,31.1236,11.1953
21260.0,1.3236,5.1274,0.5028,5.7575,30.6066,11.188
21265.0,1.3229,5.6494,0.4861,3.9282,30.2871,11.1785
21270.0,1.3218,5.0689,0.4813,5.1122,30.4995,11.1726
21275.0,1.3208,5.321,0.4877,5.0858,30.7879,11.1651
21280.0,1.3202,5.2,0.494,4.5713,30.3256,11.1283
21285.0,1.319,4.1908,0.494,4.8007,31.0557,11.1141
21290.0,1.3184,5.2407,0.4765,3.3938,30.5882,11.0973
21295.0,1.3176,5.1709,0.467,5.2464,30.498,11.0919
21300.0,1.3168,4.9804,0.4894,5.087,30.5517,11.091
21305.0,1.3162,5.2487,0.4512,4.8966,30.3634,11.073
21310.0,1.3152,5.2388,0.4719,4.8564,31.0315,11.0602
21315.0,1.3147,5.0149,0.4769,3.8837,30.5342,11.0708
21320.0,1.314,4.48,0.4727,3.6175,30.6094,11.0846
21325.0,1.3134,4.9775,0.483,5.3886,30.475,11.0961
21330.0,1.313,4.6805,0.4866,3.8962,30.4099,11.0891
21335.0,1.3125,5.0631,0.4964,5.0447,30.405,11.0823
21340.0,1.3118,4.3746,0.5085,3.7146,30.8375,11.0943
21345.0,1.3117,4.7913,0.483,2.6801,30.318,11.0708
21350.0,1.3114,4.8187,0.4616,4.8586,30.3224,11.059
21355.0,1.3112,5.2633,0.4835,5.5731,30.2606,11.0688
21360.0,1.3108,4.8051,0.4788,3.3857,30.7298,11.0459
21365.0,1.3106,4.7341,0.4615,2.8756,30.6397,11.0678
21370.0,1.3105,4.4719,0.476,4.7467,30.7459,11.0528
21375.0,1.3107,4.142,0.4735,2.9571,30.39,11.0413
21380.0,1.3111,4.9801,0.4813,4.7682,29.8844,11.0173
21385.0,1.3108,5.1446,0.4918,4.7982,30.6493,11.0055
21390.0,1.3109,4.8412,0.478,4.3116,30.804,10.9956
21395.0,1.3111,5.6447,0.4823,4.7282,30.629,11.0283
21400.0,1.3116,4.7073,0.4827,6.3731,30.1345,11.0269
21405.0,1.312,5.1136,0.4621,4.0049,30.0874,11.0249
21410.0,1.3123,4.4715,0.4674,4.849,30.4376,10.9985
21415.0,1.3126,4.7812,0.48,4.5824,30.5708,11.0035
21420.0,1.313,5.1905,0.4725,5.116,30.8346,10.9906
21425.0,1.3137,4.4988,0.4799,5.8454,30.5757,10.9965
21430.0,1.3141,4.6088,0.4628,3.814,30.7589,11.0091
21435.0,1.3148,4.7926,0.4821,5.1937,30.6297,11.0245
21440.0,1.3156,4.8459,0.4651,4.9585,30.3553,11.0244
21445.0,1.3159,5.2512,0.4769,4.4459,31.0716,11.0411
21450.0,1.3168,4.5608,0.4875,4.1723,30.6799,11.0629
21455.0,1.3179,4.3894,0.4678,3.6238,30.0967,11.0689
21460.0,1.3185,4.7016,0.4857,4.0011,30.6699,11.0598
21465.0,1.3194,4.9769,0.488,5.2815,30.4568,11.0664
21470.0,1.3203,4.9079,0.4852,5.1862,30.308,11.0771
21475.0,1.3211,4.9162,0.4942,4.2529,30.5479,11.0918
21480.0,1.3219,5.3266,0.4838,5.5688,30.595,11.1061
21485.0,1.3228,4.3882,0.4782,3.1805,30.705,11.1173
21490.0,1.3238,4.8521,0.4787,4.5138,30.6259,11.1148
21495.0,1.3247,5.1936,0.4938,5.14,30.6883,11.1201
21500.0,1.3257,4.7968,0.4982,3.5595,30.5816,11.1347
21505.0,1.3266,4.7686,0.5073,6.6143,30.525,11.1539
21510.0,1.3276,5.8477,0.4764,5.4523,30.6248,11.1503
21515.0,1.3289,5.091,0.4843,4.0991,29.9007,11.1515
21520.0,1.3293,4.9499,0.4773,5.0036,30.9038,11.1445
21525.0,1.3302,5.1165,0.4905,4.631,30.9738,11.1585
21530.0,1.3313,4.7274,0.5029,4.9224,30.5214,11.1673
21535.0,1.3321,5.4062,0.4804,5.4425,30.6533,11.1815
21540.0,1.3328,5.6615,0.4937,4.4154,30.7982,11.1986
21545.0,1.3336,5.5731,0.4941,4.2034,30.8115,11.1967
21550.0,1.3347,5.1717,0.4752,4.0867,30.2847,11.189
21555.0,1.3353,5.3404,0.4898,4.1315,30.6903,11.1979
21560.0,1.3361,5.2629,0.4893,3.3015,30.3064,11.2065
21565.0,1.3369,4.9071,0.4733,4.2622,30.2227,11.1869
21570.0,1.3372,5.0092,0.4879,5.0134,30.9873,11.1841
21575.0,1.3379,5.1708,0.4757,6.0129,30.8071,11.1699
21580.0,1.3382,5.3801,0.4961,4.6188,31.2376,11.167
21585.0,1.339,5.4738,0.4892,5.3848,30.5379,11.179
21590.0,1.3394,5.9709,0.4954,5.0401,30.7355,11.1679
21595.0,1.3399,5.137,0.513,5.8184,30.62,11.1666
21600.0,1.3401,5.474,0.4967,6.116,30.661,11.1804
21605.0,1.3403,5.3024,0.4925,5.9441,30.7578,11.1809
21610.0,1.3406,4.9943,0.5013,6.5777,30.6804,11.1945
21615.0,1.3408,5.1927,0.4975,5.5847,30.3662,11.2042
21620.0,1.3407,5.4529,0.4958,6.0819,30.8021,11.1991
21625.0,1.3407,5.1153,0.4926,6.728,30.9672,11.1777
21630.0,1.3409,4.9202,0.4857,6.6651,30.6361,11.1599
21635.0,1.3411,5.4516,0.4893,4.0656,30.1963,11.1694
21640.0,1.3411,4.542,0.4887,6.2731,30.0823,11.1411
21645.0,1.3403,5.2888,0.5118,5.722,31.0405,11.1397
21650.0,1.3404,5.3679,0.5097,5.0676,30.381,11.1327
21655.0,1.3399,4.9216,0.5025,7.4852,30.7304,11.129
21660.0,1.3398,5.1154,0.4992,6.1452,30.335,11.1189
21665.0,1.3393,5.7208,0.4814,5.0527,30.3465,11.1195
21670.0,1.3386,5.6124,0.4955,5.0818,30.6656,11.1323
21675.0,1.3379,5.6317,0.4945,5.5246,30.9176,11.1412
21680.0,1.3377,5.3237,0.5192,6.2195,30.3463,11.1251
21685.0,1.3368,5.5019,0.4963,4.3644,30.7547,11.1236
21690.0,1.3364,5.2405,0.5034,4.8893,30.4526,11.1038
21695.0,1.3356,5.1604,0.5063,5.7567,30.5561,11.1042
21700.0,1.3348,5.1711,0.4914,5.9125,30.6257,11.1026
21705.0,1.334,5.1074,0.4863,6.1451,30.6021,11.097
21710.0,1.3331,5.0017,0.4897,4.9667,30.7377,11.1025
21715.0,1.3324,5.2224,0.4766,5.4609,30.5935,11.0851
21720.0,1.3315,5.3128,0.4945,3.401,30.5154,11.081
21725.0,1.3307,5.3139,0.4822,4.4882,30.4652,11.0772
21730.0,1.3297,5.56,0.4703,3.6872,30.6319,11.0675
21735.0,1.329,4.71,0.4706,3.9464,30.1815,11.0565
21740.0,1.328,5.1656,0.4841,5.0654,30.3594,11.0464
21745.0,1.3272,5.3192,0.5075,4.0329,30.0902,11.0544
21750.0,1.326,5.4277,0.464,5.479,30.3827,11.0545
21755.0,1.3249,5.0444,0.5056,5.5634,30.793,11.0384
21760.0,1.3242,5.0279,0.4891,5.6666,30.2153,11.0503
21765.0,1.3235,5.2176,0.4862,5.2201,29.9082,11.0396
21770.0,1.3223,4.9785,0.4944,4.8779,30.4985,11.0039
21775.0,1.3215,5.1907,0.4925,5.0442,30.2271,11.009
21780.0,1.3205,5.0062,0.4671,4.0501,30.5012,10.9982
21785.0,1.3194,5.429,0.4693,4.7787,30.7502,11.0129
21790.0,1.3187,4.668,0.4771,4.9842,30.3011,11.0231
21795.0,1.3178,4.9033,0.4858,5.3161,30.5572,11.0232
21800.0,1.3171,4.84,0.4705,4.126,30.3037,11.0245
21805.0,1.3161,5.2591,0.51,3.747,30.8523,11.0284
21810.0,1.3157,5.2293,0.4711,3.4232,30.1445,11.0342
21815.0,1.3151,4.7616,0.4793,5.3373,30.0462,11.031
21820.0,1.3143,4.6192,0.4892,4.2669,30.2613,11.0212
21825.0,1.3138,4.3558,0.4902,4.2172,30.3002,11.0134
21830.0,1.3134,5.0899,0.4942,4.4418,30.0774,10.994
21835.0,1.3128,5.0841,0.4943,4.3077,30.202,10.9926
21840.0,1.3125,4.7781,0.476,3.8957,29.9427,10.99
21845.0,1.312,4.9075,0.4844,4.1394,30.1884,10.9935
21850.0,1.3118,5.1921,0.4831,4.1962,30.0609,10.979
21855.0,1.3114,4.6932,0.473,4.6954,30.2863,10.9968
21860.0,1.3114,4.8293,0.4744,4.0275,29.9431,10.9869
21865.0,1.3108,4.7957,0.4809,4.8756,30.7115,10.9992
21870.0,1.3112,4.4112,0.4787,4.1255,29.8796,10.9663
21875.0,1.311,4.2873,0.4739,4.5391,30.241,10.9664
21880.0,1.3112,4.6095,0.4836,4.268,30.0756,10.9512
21885.0,1.3112,5.017,0.483,5.0616,30.0558,10.9645
21890.0,1.3115,4.6725,0.4729,4.1818,29.9105,10.9444
21895.0,1.3115,4.9998,0.4979,5.6355,30.1121,10.9654
21900.0,1.3119,5.2388,0.4881,4.6318,30.0267,10.9553
21905.0,1.3124,4.6613,0.4766,3.7862,29.8318,10.9414
21910.0,1.3125,4.3708,0.4676,4.8075,30.2934,10.945
21915.0,1.3128,5.6325,0.4907,5.0029,30.4221,10.946
21920.0,1.3137,4.8782,0.4798,3.5869,30.037,10.9164
21925.0,1.3139,5.1285,0.4751,3.9352,30.459,10.9341
21930.0,1.3146,5.1835,0.4967,4.7896,30.1874,10.9384
21935.0,1.3153,5.117,0.4735,3.418,30.0351,10.9461
21940.0,1.316,5.2794,0.4755,2.2131,30.2029,10.9361
21945.0,1.3168,4.6878,0.4674,5.2477,29.9657,10.9351
21950.0,1.3175,4.6004,0.4831,3.5488,30.0886,10.9387
21955.0,1.3183,4.5658,0.4794,4.2609,30.181,10.9341
21960.0,1.3191,4.9901,0.4657,6.3586,30.2775,10.9316
21965.0,1.3199,5.0048,0.4982,5.1497,30.2798,10.947
21970.0,1.321,4.8785,0.4862,4.1164,29.9464,10.9451
21975.0,1.3221,4.4497,0.4672,5.3039,29.8219,10.929
21980.0,1.3223,5.1475,0.4647,4.7445,30.7349,10.9505
21985.0,1.3232,5.4897,0.4923,5.3101,30.8241,10.9576
21990.0,1.3242,4.7074,0.4937,6.1108,30.627,10.9679
21995.0,1.3252,5.3681,0.4823,5.6199,30.6227,10.9588
22000.0,1.3262,4.9686,0.4792,5.7248,30.657,10.9564
22005.0,1.3274,5.1763,0.4868,4.4368,30.2222,10.9738
22010.0,1.3284,5.028,0.5002,5.7043,30.0777,10.9926
22015.0,1.3294,5.0094,0.4877,3.4955,29.7936,11.0345
22020.0,1.3301,5.2795,0.4951,4.1731,30.1338,11.0345
22025.0,1.3311,5.5888,0.4877,4.6643,29.9333,11.0364
22030.0,1.3316,5.2251,0.4996,4.5589,30.5104,11.0533
22035.0,1.333,5.0105,0.485,5.1392,29.8821,11.0382
22040.0,1.3336,4.9719,0.5022,4.4561,30.0742,11.0596
22045.0,1.3341,5.443,0.4894,6.7858,30.7531,11.0561
22050.0,1.3353,5.2527,0.492,5.453,30.1764,11.037
22055.0,1.3358,5.2593,0.4952,5.6776,30.4905,11.0597
22060.0,1.3368,5.6396,0.5122,5.8212,29.958,11.0619
22065.0,1.3374,5.2346,0.4882,6.0386,30.0768,11.0692
22070.0,1.3377,5.6998,0.4902,6.1108,30.65,11.065
22075.0,1.3383,5.6842,0.5101,6.0894,30.5637,11.0723
22080.0,1.3391,5.529,0.4981,5.9806,30.1895,11.0805
22085.0,1.3396,5.1571,0.4935,5.6353,30.1503,11.0754
22090.0,1.3399,5.4342,0.5151,4.8638,30.4337,11.0789
22095.0,1.3405,4.7896,0.4881,5.1008,30.1073,11.0794
22100.0,1.3403,5.3264,0.5047,6.8522,30.9341,11.0759
22105.0,1.3409,5.6453,0.4838,5.4395,30.3075,11.0835
22110.0,1.3409,5.2433,0.5011,5.9888,30.6084,11.1014
22115.0,1.341,4.6078,0.498,6.3899,30.6321,11.1149
22120.0,1.3412,5.5052,0.5137,5.3227,30.2161,11.1388
22125.0,1.3411,5.1328,0.4925,4.631,30.3712,11.1609
22130.0,1.3408,5.3868,0.5016,6.5091,30.6686,11.2018
22135.0,1.341,5.0871,0.495,7.2247,30.194,11.2002
22140.0,1.3407,5.2816,0.5029,6.071,30.3125,11.2149
22145.0,1.3408,5.5792,0.4866,6.3306,29.7557,11.2181
22150.0,1.3401,5.4884,0.5091,7.4624,30.6118,11.211
22155.0,1.34,5.6286,0.486,5.999,30.2048,11.2004
22160.0,1.3394,5.3349,0.516,7.4873,30.6496,11.1786
22165.0,1.3395,5.1629,0.5144,6.8539,29.9162,11.1565
22170.0,1.3387,5.4346,0.5007,5.3014,30.3757,11.1472
22175.0,1.3381,4.9085,0.4902,5.4961,30.5707,11.1293
22180.0,1.3375,5.5047,0.4807,4.4658,30.7992,11.1194
22185.0,1.3375,5.6598,0.4911,4.152,29.8539,11.0929
22190.0,1.3365,4.7683,0.4953,5.4615,30.4772,11.0733
22195.0,1.3358,5.614,0.4835,4.5645,30.4441,11.0615
22200.0,1.3356,5.4095,0.4923,4.9489,29.6587,11.0555
22205.0,1.3344,5.517,0.503,4.6724,30.0905,11.0684
22210.0,1.3336,5.0639,0.4906,5.1281,30.1816,11.0615
22215.0,1.3326,5.0075,0.4885,5.4203,30.5207,11.0367
22220.0,1.3322,4.8239,0.4975,4.1859,29.8066,11.0153
22225.0,1.3307,5.5387,0.4755,5.4533,30.8044,11.002
22230.0,1.3303,5.5477,0.4838,5.7398,30.0926,10.9922
22235.0,1.3291,5.041,0.4773,4.7453,30.3707,11.0022
22240.0,1.328,4.9659,0.4744,6.4788,30.568,10.9972
22245.0,1.3277,4.9857,0.4889,4.6188,29.8132,10.9657
22250.0,1.3266,4.7893,0.4945,6.3141,29.9445,10.9752
22255.0,1.3251,5.1673,0.476,5.6066,30.7472,10.9673
22260.0,1.3247,4.9731,0.4838,5.0329,29.8033,10.971
22265.0,1.3237,4.9125,0.4815,5.3147,29.9012,10.9786
22270.0,1.3228,5.0094,0.4919,5.0794,29.7592,10.9931
22275.0,1.3216,5.202,0.4855,3.9289,30.2935,10.977
22280.0,1.3206,5.6426,0.4786,4.3021,30.4059,10.9768
22285.0,1.3198,4.9465,0.4876,4.2682,30.1729,10.988
22290.0,1.3192,5.0881,0.4781,5.8698,29.8122,10.9879
22295.0,1.3183,4.9711,0.4785,4.2715,29.7969,10.9887
22300.0,1.3177,5.2931,0.4789,5.602,29.8255,10.9469
22305.0,1.3167,4.4067,0.4657,5.2496,30.2056,10.9322
22310.0,1.316,5.0701,0.486,3.9613,30.1129,10.945
22315.0,1.3157,4.8392,0.4924,5.1397,29.6672,10.929
22320.0,1.315,5.0037,0.4807,5.2315,29.9566,10.8819
22325.0,1.3147,4.7295,0.4667,4.4161,29.5244,10.8835
22330.0,1.3137,4.7112,0.4817,5.0794,30.0869,10.9053
22335.0,1.3136,5.5829,0.4656,4.4852,29.5452,10.8969
22340.0,1.3129,4.5599,0.4897,4.7158,29.8476,10.8983
22345.0,1.3122,5.099,0.475,4.484,30.506,10.8841
22350.0,1.3123,4.7184,0.4961,4.96,29.8547,10.8834
22355.0,1.3119,4.9298,0.4968,3.4776,29.9512,10.8869
22360.0,1.3116,4.9021,0.4593,5.3486,30.04,10.9017
22365.0,1.3116,5.3798,0.4818,5.4662,29.9537,10.886
22370.0,1.3113,5.8772,0.4571,4.1925,29.9982,10.9083
22375.0,1.3113,4.8569,0.5022,3.011,29.8672,10.9467
22380.0,1.3112,5.2831,0.4725,3.9494,29.8872,10.9739
22385.0,1.3112,4.7147,0.4754,4.0493,30.1795,10.9623
22390.0,1.3114,4.9939,0.4824,5.2087,29.6431,11.0226
22395.0,1.3115,5.2661,0.4762,5.0726,29.9395,11.0162
22400.0,1.3115,4.4183,0.4767,4.4745,30.2887,11.0242
22405.0,1.312,4.2198,0.4857,4.4066,29.9251,11.0353
22410.0,1.3125,4.6142,0.4968,4.3018,29.7564,11.031
22415.0,1.3129,4.8562,0.476,3.017,29.9119,11.036
22420.0,1.3133,4.8756,0.4829,4.7508,29.9819,11.0398
22425.0,1.314,4.3557,0.485,5.2621,29.8642,11.0218
22430.0,1.3143,4.6225,0.4647,5.0239,30.3644,11.0195
22435.0,1.3151,4.664,0.4673,4.4358,29.9954,11.0215
22440.0,1.3156,5.4444,0.4742,4.5698,30.2613,11.0357
22445.0,1.3163,4.7649,0.4855,5.4669,30.2042,11.0488
22450.0,1.3171,4.9673,0.469,4.2716,30.1772,11.0516
22455.0,1.3179,4.8974,0.484,5.0791,30.1872,11.053
22460.0,1.3186,5.0807,0.4897,5.6124,30.5632,11.0288
22465.0,1.3198,5.3511,0.4742,5.7038,29.8363,11.0436
22470.0,1.3206,4.457,0.4878,5.4928,29.8565,11.0622
22475.0,1.3215,4.7713,0.4849,4.84,29.9883,11.0599
22480.0,1.3224,4.8017,0.4908,5.5703,29.9669,11.0592
22485.0,1.323,5.3285,0.491,4.5428,30.5623,11.0642
22490.0,1.3243,4.815,0.4623,3.5459,29.854,11.0788
22495.0,1.3254,5.13,0.485,4.1615,29.9639,11.0341
22500.0,1.326,4.9153,0.4834,4.4112,30.3476,11.0566
22505.0,1.3272,5.0208,0.4845,4.6752,30.011,11.0533
22510.0,1.3281,5.2559,0.4861,5.1878,29.9793,11.0797
22515.0,1.3289,4.9946,0.4953,4.9901,30.3897,11.0664
22520.0,1.3305,5.0144,0.5066,5.4339,30.3755,10.8961
22525.0,1.3325,5.3059,0.4845,5.6764,30.1239,10.7214
22530.0,1.3346,5.6301,0.4856,5.0119,30.0636,10.5517
22535.0,1.3372,5.2338,0.4742,5.4446,29.933,10.3763
22540.0,1.3397,5.0149,0.4974,5.1205,30.1008,10.2136
22545.0,1.3424,5.1398,0.494,4.8696,30.0121,10.0921
22550.0,1.3447,5.2426,0.4888,4.5152,30.546,9.9298
22555.0,1.3502,5.4169,0.4669,5.0964,30.3252,9.7426
22560.0,1.3568,5.3855,0.4955,6.1571,30.003,9.58
22565.0,1.3613,5.4698,0.5058,7.2397,30.2522,9.4416
22570.0,1.3683,5.3572,0.4718,5.2164,30.4657,9.2746
22575.0,1.3835,5.6027,0.4999,6.3838,29.8734,9.0892
22580.0,1.3896,6.3041,0.4837,4.588,30.3374,8.9603
22585.0,1.3989,6.6328,0.4865,5.971,30.9101,8.8
22590.0,1.4195,7.0564,0.4952,5.0615,30.6343,8.6323
22595.0,1.4433,6.776,0.4987,6.0496,30.6504,8.4559
22600.0,1.4816,8.3151,0.5039,6.9743,30.3569,8.2614
22605.0,1.5183,8.2103,0.5053,8.9593,30.289,8.1009
22610.0,1.5699,9.4934,0.5364,8.9922,30.6452,7.8978
22615.0,1.6246,10.4499,0.5008,10.8035,30.5797,7.7459
22620.0,1.6994,11.4424,0.5255,10.5494,30.3755,7.5867
22625.0,1.7738,12.5588,0.5339,13.0361,30.6055,7.4387
22630.0,1.8706,14.9248,0.5227,15.8389,30.1504,7.304
22635.0,1.9892,16.7676,0.5388,18.7878,30.3887,7.1438
22640.0,2.1532,19.6533,0.5649,24.3065,30.3223,6.9837
22645.0,2.3795,23.7239,0.6074,33.4893,30.3799,6.8129
22650.0,2.6069,28.5831,0.6627,41.8734,31.0038,6.6765
22655.0,2.8929,33.1514,0.7099,56.1605,30.4493,6.5183
22660.0,3.1429,36.9995,0.7731,69.2536,30.2581,6.3836
22665.0,3.3857,40.6934,0.8642,81.532,30.1418,6.2301
22670.0,3.5583,44.332,0.9263,91.4787,30.1826,6.1054
22675.0,3.681,46.7682,0.945,97.7414,30.7326,6.0103
22680.0,3.7667,47.4014,1.0139,104.543,30.3251,5.8731
22685.0,3.8174,48.9353,1.0119,105.0285,29.9148,5.7498
22690.0,3.842,49.3787,1.0181,107.3072,30.3055,5.6372
22695.0,3.8533,49.583,1.0595,108.8931,30.3632,5.5125
22700.0,3.8618,49.2309,1.0172,108.3612,30.5576,5.4
22705.0,3.8681,49.706,1.03,107.9359,30.0262,5.2308
22710.0,3.8737,49.5955,1.0282,108.5252,30.3297,5.1071
22715.0,3.8769,50.0144,1.0266,109.8215,30.2933,4.9792
22720.0,3.8775,49.7846,1.0393,108.8293,30.1798,4.9085
22725.0,3.8804,49.7588,1.0326,109.2342,30.6055,4.7829
22730.0,3.8806,49.9242,1.0365,110.1552,30.2626,4.6825
22735.0,3.8807,50.0376,1.0115,108.375,29.9093,4.5728
22740.0,3.8818,49.6572,1.0467,111.6079,30.4659,4.4683
22745.0,3.8817,49.2276,1.0538,110.3162,30.7497,4.402
22750.0,3.8818,49.9259,1.0381,109.0364,30.7344,4.2645
22755.0,3.8813,49.0797,1.0468,109.6077,30.6849,4.175
22760.0,3.8803,50.112,1.0506,110.089,30.0429,4.101
22765.0,3.8802,50.6673,1.0159,108.9752,30.2065,3.9618
22770.0,3.8795,49.9145,1.0532,109.9901,30.1224,3.8655
22775.0,3.8788,49.8017,1.0412,109.0613,29.7467,3.7535
22780.0,3.8784,50.0837,1.0265,108.6486,30.1248,3.6379
22785.0,3.8778,49.7076,1.0335,108.5036,30.1997,3.5053
22790.0,3.877,49.9079,1.0069,110.5221,29.9062,3.397
22795.0,3.8763,49.5898,1.02,109.0348,30.1378,3.3556
22800.0,3.8757,49.7167,1.0608,109.9049,30.7,3.2606
22805.0,3.875,49.9124,1.0386,109.3685,30.4302,3.1613
22810.0,3.8745,50.225,1.0281,109.0092,30.9542,3.0387
22815.0,3.8738,49.677,1.0401,110.7227,30.4533,2.9192
22820.0,3.8732,49.3709,1.025,108.5444,30.5927,2.8538
22825.0,3.8727,50.0092,1.0169,108.9046,30.6711,2.7672
22830.0,3.8722,49.3787,1.0339,110.5427,29.9817,2.6854
22835.0,3.8717,49.6808,1.0474,109.9544,30.2221,2.5532
22840.0,3.8713,49.5782,1.0205,109.5023,30.3603,2.467
22845.0,3.871,49.3543,1.0458,108.6502,30.692,2.3915
22850.0,3.8706,49.3823,1.0359,110.3036,30.0623,2.3213
22855.0,3.8704,49.7118,1.0196,109.0884,29.9571,2.2457
22860.0,3.8702,49.8759,1.0437,109.5882,30.0761,2.2153
22865.0,3.8701,49.4331,1.0445,109.6063,30.3879,2.1284
22870.0,3.87,49.6874,1.0387,108.934,30.3315,2.0502
22875.0,3.87,50.0659,1.0201,109.3486,30.0515,1.9425
22880.0,3.87,49.4663,1.0484,110.1339,29.688,1.8538
22885.0,3.8701,49.5402,1.0164,108.8292,30.5365,1.7702
22890.0,3.8702,49.7825,1.0459,109.2586,29.9605,1.7104
22895.0,3.8705,50.12,1.0555,110.3907,30.1873,1.629
22900.0,3.8707,50.0413,1.0207,108.5786,30.3023,1.5648
22905.0,3.871,49.0624,1.0435,109.3594,30.2656,1.5
22910.0,3.8714,50.2412,1.0405,110.5986,30.3414,1.4481
22915.0,3.8718,49.4528,1.0287,109.3926,30.6431,1.3637
22920.0,3.8723,50.1479,1.0174,107.8197,31.0285,1.3094
22925.0,3.8729,49.5426,1.0124,108.8576,30.4679,1.2305
22930.0,3.8734,50.0006,1.0373,109.6994,30.1964,1.1573
22935.0,3.8741,49.8662,1.0407,110.2908,30.2394,1.1363
22940.0,3.8747,49.5323,1.0563,109.298,30.3771,1.0951
22945.0,3.8754,49.3598,1.0337,108.2758,30.6894,1.0427
22950.0,3.8762,49.6135,1.0594,111.3313,30.0624,0.9248
22955.0,3.877,49.7746,1.0426,109.9646,30.3035,0.8808
22960.0,3.8778,49.9373,1.0128,108.7459,30.4477,0.859
22965.0,3.8786,50.0038,1.0414,109.7973,30.6057,0.832
22970.0,3.8795,49.6708,1.0395,109.6318,30.4323,0.7877
22975.0,3.8804,49.9988,1.0444,109.2591,30.3262,0.7311
22980.0,3.8813,49.9483,1.0683,111.6913,30.5674,0.7059
22985.0,3.8822,49.4937,1.0149,109.2823,30.2879,0.6694
22990.0,3.8831,50.0685,1.043,108.9493,30.4442,0.6089
22995.0,3.8841,49.9602,1.0617,109.6969,30.2551,0.5603
23000.0,3.885,50.4892,1.0414,110.4741,30.8051,0.5318
23005.0,3.8859,50.3186,1.0477,110.2709,30.7276,0.5146
23010.0,3.8869,49.4453,1.0344,110.3284,30.6245,0.4647
23015.0,3.8878,50.2857,1.0506,109.4722,30.7228,0.4227
23020.0,3.8887,49.8475,1.043,110.8886,30.5847,0.3905
23025.0,3.8896,50.4349,1.0557,110.6723,30.6772,0.3214
23030.0,3.8905,50.2198,1.0428,109.9277,30.6773,0.2708
23035.0,3.8914,50.1388,1.0438,111.8928,31.1503,0.2093
23040.0,3.8922,50.0003,1.0456,110.469,30.6389,0.1551
23045.0,3.893,50.0702,1.0655,111.7064,30.8098,0.1156
23050.0,3.8938,49.9874,1.0357,110.213,30.4523,0.0662
23055.0,3.8946,50.3057,1.0533,111.1998,30.5446,0.0637
23060.0,3.8953,50.2714,1.0338,110.3637,30.3577,0.0685
23065.0,3.8959,50.4672,1.0539,110.459,31.234,0.0729
23070.0,3.8966,50.0794,1.0607,111.1132,30.5439,0.0771
23075.0,3.8971,50.4263,1.0457,109.5851,30.9823,0.0809
23080.0,3.8977,50.3003,1.0607,109.9585,30.7112,0.0844
23085.0,3.8981,50.1664,1.0782,112.935,30.8446,0.0876
23090.0,3.8986,50.3525,1.0501,109.9363,30.3984,0.0905
23095.0,3.8989,50.2894,1.0618,110.3669,30.8294,0.093
23100.0,3.8993,50.3307,1.0447,110.5901,31.1211,0.0951
23105.0,3.8995,50.2592,1.0573,110.5279,30.8118,0.0969
23110.0,3.8997,50.3309,1.0543,111.2203,30.655,0.0982
23115.0,3.8999,50.1347,1.0388,109.8561,31.2167,0.0992
23120.0,3.9,50.4274,1.0508,110.744,30.5188,0.0998
23125.0,3.9,50.4315,1.0608,110.7717,30.6565,0.1
23130.0,3.9,50.7337,1.0473,109.5481,31.0142,0.0998
23135.0,3.8999,50.0617,1.0443,110.3235,30.8682,0.0992
23140.0,3.8997,50.3367,1.037,109.8976,30.3698,0.0982
23145.0,3.8995,49.7528,1.0482,110.188,30.9922,0.0969
23150.0,3.8993,49.7134,1.02,109.7325,31.3427,0.0951
23155.0,3.8989,50.3045,1.0469,110.1415,30.8046,0.093
23160.0,3.8986,50.4093,1.0684,111.2373,30.7607,0.0905
23165.0,3.8981,50.2523,1.0612,110.6691,30.6991,0.0876
23170.0,3.8977,50.4728,1.0438,110.2644,30.7045,0.0844
23175.0,3.8971,49.9752,1.0357,108.482,30.7031,0.0809
23180.0,3.8966,50.2186,1.0336,110.9122,30.1241,0.0771
23185.0,3.8959,50.3999,1.0254,109.0306,30.5235,0.0729
23190.0,3.8953,50.5776,1.036,110.6694,30.8078,0.0685
23195.0,3.8946,50.3011,1.049,109.0897,30.3579,0.0637
23200.0,3.8938,50.3254,1.0377,109.8312,30.8717,0.0588
23205.0,3.893,50.0122,1.0409,108.8328,30.6651,0.0536
23210.0,3.8922,50.0326,1.0489,110.2918,30.5116,0.0482
23215.0,3.8914,50.3129,1.0416,110.1791,30.7736,0.0426
23220.0,3.8905,50.1255,1.0542,108.669,30.5963,0.0368
23225.0,3.8896,50.3041,1.0399,108.3257,30.5043,0.0309
23230.0,3.8887,50.2388,1.0435,110.0543,30.8473,0.0249
23235.0,3.8878,50.0358,1.06,112.1036,30.4911,0.0187
23240.0,3.8869,49.881,1.0397,109.8706,30.1163,0.0125
23245.0,3.8859,49.9485,1.0362,110.2776,30.2335,0.0063
23250.0,3.885,49.7818,1.055,110.0988,31.0238,0.0
23255.0,3.8841,49.9256,1.0436,109.0791,30.3131,0.0
23260.0,3.8831,49.474,1.0247,108.7762,30.6316,0.0
23265.0,3.8822,50.1951,1.0467,110.7358,30.8438,0.0
23270.0,3.8813,50.0324,1.0486,110.1806,30.9159,0.0
23275.0,3.8804,49.516,1.0395,109.7233,30.4922,0.0
23280.0,3.8795,49.8283,1.041,108.6293,30.2668,0.0
23285.0,3.8786,49.609,1.0387,109.6286,30.9254,0.0
23290.0,3.8778,50.0355,1.0305,109.6463,30.314,0.0
23295.0,3.877,49.6924,1.0565,110.4212,30.7453,0.0
23300.0,3.8762,49.8279,1.0508,110.0836,30.735,0.0
23305.0,3.8754,49.6599,1.0218,109.0672,30.7718,0.0
23310.0,3.8747,49.9383,1.0281,109.2735,30.3243,0.0
23315.0,3.8741,49.5103,1.0123,108.3446,30.7283,0.0
23320.0,3.8734,49.6639,1.0324,109.9036,30.199,0.0
23325.0,3.8729,49.788,1.0394,109.6758,30.582,0.0
23330.0,3.8723,50.081,1.0423,109.3375,30.1708,0.0
23335.0,3.8719,49.9685,1.0442,109.687,30.6848,0.0
23340.0,3.8714,49.6961,1.0122,108.2288,30.5274,0.0
23345.0,3.8711,49.503,1.0339,109.565,30.3164,0.0
23350.0,3.8707,49.8843,1.032,109.5145,30.3072,0.0
23355.0,3.8705,49.335,1.02,110.0172,30.545,0.0
23360.0,3.8703,49.6673,1.022,109.4926,30.2294,0.0
23365.0,3.8701,49.6989,1.0188,107.9635,30.4062,0.0
23370.0,3.87,49.499,1.0312,108.8555,30.3126,0.0
23375.0,3.87,49.5397,1.0302,108.4777,30.5028,0.0
23380.0,3.87,49.3116,1.0312,109.0033,30.2837,0.0
23385.0,3.8701,49.4077,1.0304,109.7669,30.8612,0.0
23390.0,3.8703,49.6281,1.0456,110.5899,30.5587,0.0
23395.0,3.8705,49.248,1.0257,109.524,30.4581,0.0
23400.0,3.8707,49.794,1.039,109.6525,30.7114,0.0
23405.0,3.8711,49.7998,1.0283,107.556,30.7361,0.0
23410.0,3.8714,49.8368,1.0362,111.2494,30.5567,0.0
23415.0,3.8719,50.0455,1.0477,109.8053,30.2538,0.0
23420.0,3.8723,50.1331,1.0334,108.3682,30.9599,0.0
23425.0,3.8729,49.9988,1.0328,108.1301,30.4994,0.0
23430.0,3.8734,50.0089,1.0401,109.5506,30.8836,0.0
23435.0,3.8741,50.0455,1.0171,109.9788,30.9741,0.0
23440.0,3.8747,49.9105,1.0386,109.8307,30.5769,0.0
23445.0,3.8754,49.8009,1.0022,107.4139,30.3147,0.0
23450.0,3.8762,49.6696,1.0356,110.2186,30.5667,0.0
23455.0,3.877,49.8561,1.0224,108.7058,30.7225,0.0
23460.0,3.8778,49.6346,1.039,110.2004,30.5162,0.0
23465.0,3.8786,50.2397,1.026,109.078,30.5582,0.0
23470.0,3.8795,50.2275,1.0464,108.3512,30.7301,0.0
23475.0,3.8804,49.9066,1.0335,108.2,30.2335,0.0
23480.0,3.8813,50.7426,1.0459,110.5733,30.7992,0.0
23485.0,3.8822,49.3771,1.053,111.3652,30.4154,0.0
23490.0,3.8831,50.2233,1.034,108.9051,30.9569,0.0
23495.0,3.8841,49.911,1.0345,110.7271,30.7143,0.0
23500.0,3.885,50.0242,1.0502,109.9517,30.4617,0.0
23505.0,3.8859,49.9666,1.0573,110.3133,30.2987,0.0063
23510.0,3.8869,50.1433,1.0401,110.2723,30.4464,0.0125
23515.0,3.8878,50.1898,1.0415,109.7597,30.4879,0.0187
23520.0,3.8887,50.4051,1.0577,111.3409,30.7979,0.0249
23525.0,3.8896,50.0441,1.0263,110.1049,30.8528,0.0309
23530.0,3.8905,49.9473,1.0396,110.9723,30.2008,0.0368
23535.0,3.8914,50.2897,1.055,110.0773,30.9774,0.0426
23540.0,3.8922,49.9676,1.0414,109.7709,31.0431,0.0482
23545.0,3.893,49.7389,1.0215,110.5421,30.7025,0.0536
23550.0,3.8938,49.8266,1.0462,112.0174,30.3537,0.0588
23555.0,3.8946,49.7853,1.0324,110.9814,31.0564,0.0637
23560.0,3.8953,50.476,1.054,110.462,30.7105,0.0685
23565.0,3.8959,50.2561,1.0316,110.0065,30.8325,0.0729
23570.0,3.8966,50.4751,1.0505,111.3017,30.9034,0.0771
23575.0,3.8971,49.7655,1.0384,110.0966,30.8329,0.0809
23580.0,3.8977,50.0276,1.0595,111.1962,30.5048,0.0844
23585.0,3.8981,49.9661,1.053,109.5115,30.841,0.0876
23590.0,3.8986,50.4023,1.0536,111.8283,30.8864,0.0905
23595.0,3.8989,49.739,1.0578,111.3719,30.5939,0.093
23600.0,3.8993,50.2813,1.0396,109.8794,30.8562,0.0951
23605.0,3.8995,50.3733,1.0208,109.0185,30.9515,0.0969
23610.0,3.8997,49.8205,1.0545,111.7143,30.8769,0.0982
23615.0,3.8999,49.9452,1.0532,111.4446,30.3834,0.0992
23620.0,3.9,50.4685,1.0581,110.9838,30.8061,0.0998
23625.0,3.9,49.8371,1.0493,111.3697,30.8489,0.1
23630.0,3.9,50.3847,1.0427,110.2244,30.8174,0.0998
23635.0,3.8999,50.3133,1.0649,111.6719,30.3336,0.0992
23640.0,3.8997,50.663,1.0428,110.1384,30.6513,0.0982
23645.0,3.8995,50.7495,1.0538,109.9993,30.6143,0.0969
23650.0,3.8993,50.0869,1.0474,109.7951,30.8274,0.0951
23655.0,3.8989,50.7746,1.0385,110.5277,30.8203,0.093
23660.0,3.8986,50.4851,1.0376,109.6397,30.866,0.0905
23665.0,3.8981,49.8972,1.0432,109.6625,30.5598,0.0876
23670.0,3.8977,50.6017,1.0436,110.6544,30.3089,0.0844
23675.0,3.8971,50.1964,1.0801,110.6571,31.1951,0.0809
23680.0,3.8966,49.9565,1.0433,109.8691,30.9556,0.0771
23685.0,3.8959,49.8957,1.0395,109.6842,30.4062,0.0729
23690.0,3.8953,49.9378,1.0707,111.8241,30.3267,0.0685
23695.0,3.8946,50.2785,1.0488,110.8435,30.6527,0.0637
23700.0,3.8938,49.9995,1.0281,110.1494,30.7162,0.0588
23705.0,3.893,50.1313,1.0338,110.337,30.4441,0.0536
23710.0,3.8922,50.546,1.039,108.6745,30.4624,0.0482
23715.0,3.8914,50.0692,1.022,109.2363,30.7555,0.0426
23720.0,3.8905,49.9926,1.034,109.0181,30.6601,0.0368
23725.0,3.8896,50.6042,1.043,109.6809,30.6328,0.0309
23730.0,3.8887,50.0893,1.0665,112.2811,30.4063,0.0249
23735.0,3.8878,50.4158,1.0362,109.8756,30.3702,0.0187
23740.0,3.8869,49.4973,1.0304,110.544,30.2487,0.0125
23745.0,3.8859,49.5528,1.0323,110.1493,30.3659,0.0063
23750.0,3.885,50.4301,1.0337,110.1015,30.1654,0.0
23755.0,3.8841,49.4588,1.049,110.7409,30.7162,0.0
23760.0,3.8831,49.6202,1.047,109.9243,30.4503,0.0
23765.0,3.8822,50.2651,1.0558,110.948,30.5575,0.0
23770.0,3.8813,50.0521,1.0473,110.7359,30.0617,0.0
23775.0,3.8804,49.679,1.0316,109.8824,29.9088,0.0
23780.0,3.8795,49.9274,1.047,109.9099,30.1357,0.0
23785.0,3.8786,50.4202,1.0507,110.7292,29.9772,0.0
23790.0,3.8778,49.7126,1.0378,110.8204,30.2653,0.0
23795.0,3.877,49.4937,1.0228,109.691,29.8025,0.0
23800.0,3.8762,50.0102,1.0332,110.9999,30.1261,0.0
23805.0,3.8754,50.0743,1.0298,109.2497,30.1304,0.0
23810.0,3.8747,49.6904,1.0452,109.1011,29.9572,0.0
23815.0,3.8741,50.0144,1.0418,109.7145,30.2249,0.0
23820.0,3.8734,49.43,1.0319,109.1468,30.1232,0.0
23825.0,3.8729,49.9345,1.0383,110.2323,30.0359,0.0
23830.0,3.8723,49.2397,1.052,110.4497,30.071,0.0
23835.0,3.8719,49.8239,1.0109,109.3686,30.2833,0.0
23840.0,3.8714,49.9517,1.0404,109.369,30.0937,0.0
23845.0,3.8711,50.4612,1.0182,108.5015,29.7901,0.0
23850.0,3.8707,49.9756,1.0298,109.8415,30.6662,0.0
23855.0,3.8705,49.6698,1.0363,109.615,30.071,0.0
23860.0,3.8703,49.8184,1.0452,109.9338,30.6364,0.0
23865.0,3.8701,49.1906,1.0463,109.1257,30.3678,0.0
23870.0,3.87,49.575,1.0544,109.7062,30.0887,0.0
23875.0,3.87,49.4746,1.0335,110.2868,29.6433,0.0
23880.0,3.87,49.656,1.0381,109.132,29.7572,0.0
23885.0,3.8701,49.6783,1.0353,110.3176,30.1738,0.0
23890.0,3.8703,49.3659,1.0118,109.0546,30.0268,0.0
23895.0,3.8705,49.5473,1.0183,109.8788,29.782,0.0
23900.0,3.8707,49.7105,1.0183,108.713,30.155,0.0
23905.0,3.8711,49.3562,1.0376,108.7946,30.0689,0.0
23910.0,3.8714,50.1464,1.0349,109.2491,29.8589,0.0
23915.0,3.8719,49.888,1.0247,109.2037,30.4208,0.0
23920.0,3.8723,49.4032,1.0618,109.7491,29.836,0.0
23925.0,3.8729,49.809,1.0288,110.3417,29.9364,0.0
23930.0,3.8734,49.2382,1.0306,110.261,30.0329,0.0
23935.0,3.8741,49.6718,1.0257,109.5276,30.1369,0.0
23940.0,3.8747,49.8101,1.0279,109.7655,30.2129,0.0
23945.0,3.8754,49.9597,1.0465,110.5708,30.0761,0.0
23950.0,3.8762,49.2371,1.0224,107.7218,29.6371,0.0
23955.0,3.877,50.3865,1.0338,110.7523,30.2056,0.0
23960.0,3.8778,49.326,1.0255,110.4476,29.9722,0.0
23965.0,3.8786,49.8062,1.0654,110.9417,29.9726,0.0
23970.0,3.8795,50.5059,1.0462,109.4482,29.878,0.0
23975.0,3.8804,49.6698,1.0406,110.2997,30.2238,0.0
23980.0,3.8813,50.3053,1.0407,110.8877,30.0328,0.0
23985.0,3.8822,49.3749,1.048,109.4924,30.0313,0.0
23990.0,3.8831,49.4359,1.0411,109.7624,30.1501,0.0
23995.0,3.8841,50.3705,1.0357,109.743,30.4405,0.0
24000.0,3.885,50.0183,1.056,111.3616,30.3303,0.0
24005.0,3.8859,50.0056,1.0417,110.6642,30.4553,0.0063
24010.0,3.8869,49.6546,1.0189,109.1151,29.9184,0.0125
24015.0,3.8878,49.9871,1.0623,111.5059,29.8403,0.0187
24020.0,3.8887,50.141,1.0427,109.8153,30.2771,0.0249
24025.0,3.8896,50.1413,1.0515,110.3563,29.7776,0.0309
24030.0,3.8905,49.6904,1.0469,110.9812,30.3646,0.0368
24035.0,3.8914,50.2113,1.0656,111.356,30.1611,0.0426
24040.0,3.8922,50.5546,1.0454,109.9953,30.0711,0.0482
24045.0,3.893,50.0195,1.0431,110.987,30.2869,0.0536
24050.0,3.8938,50.0995,1.0465,109.6518,29.7067,0.0588
24055.0,3.8946,50.1908,1.0564,112.3239,30.1665,0.0637
24060.0,3.8953,50.1203,1.0447,110.3977,30.1324,0.0685
24065.0,3.8959,50.3205,1.0541,110.7998,30.1696,0.0729
24070.0,3.8966,50.3783,1.06,110.9187,29.5765,0.0771
24075.0,3.8971,50.1644,1.0316,109.7463,30.1679,0.0809
24080.0,3.8977,50.7081,1.044,111.089,30.1067,0.0844
24085.0,3.8981,50.7073,1.0621,110.5885,30.0453,0.0876
24090.0,3.8986,50.0338,1.0462,110.3588,29.9283,0.0905
24095.0,3.8989,50.2329,1.0548,111.3841,29.7875,0.093
24100.0,3.8993,50.2014,1.0497,110.4272,30.3513,0.0951
24105.0,3.8995,50.7527,1.035,109.3063,30.1813,0.0969
24110.0,3.8997,50.0306,1.0639,111.2342,29.8665,0.0982
24115.0,3.8999,50.3791,1.0568,111.5923,30.1578,0.0992
24120.0,3.9,49.9085,1.0422,110.0909,29.6775,0.0998
24125.0,3.9,49.9142,1.0516,110.536,30.0261,0.1
24130.0,3.9,50.2774,1.0451,110.2822,29.7652,0.0998
24135.0,3.8999,50.5175,1.0401,110.3307,29.8733,0.0992
24140.0,3.8997,50.1617,1.054,110.6133,29.939,0.0982
24145.0,3.8995,50.7216,1.0452,110.2938,29.8341,0.0969
24150.0,3.8993,50.2994,1.0424,110.6049,30.3093,0.0951
24155.0,3.8989,50.3695,1.0642,110.2785,29.6818,0.093
24160.0,3.8986,50.6238,1.0686,111.7897,30.3218,0.0905
24165.0,3.8981,49.779,1.0762,112.1661,29.4341,0.0876
24170.0,3.8977,50.3151,1.0516,109.8314,30.2456,0.0844
24175.0,3.8971,50.1959,1.037,110.534,29.7848,0.0809
24180.0,3.8966,49.9933,1.0573,110.8041,29.9124,0.0771
24185.0,3.8959,49.8132,1.0367,109.4461,29.5713,0.0729
24190.0,3.8953,50.3403,1.0402,109.2593,29.3206,0.0685
24195.0,3.8946,50.1559,1.0587,109.9331,29.6792,0.0637
24200.0,3.8938,49.7976,1.0423,110.2512,29.765,0.0588
24205.0,3.893,50.2471,1.0772,110.637,29.8587,0.0536
24210.0,3.8922,50.3679,1.0461,110.1387,29.6556,0.0482
24215.0,3.8914,49.9483,1.0571,110.1083,29.9336,0.0426
24220.0,3.8905,50.3503,1.062,110.2779,29.2543,0.0368
24225.0,3.8896,50.2619,1.0514,111.9543,29.6237,0.0309
24230.0,3.8887,49.8211,1.0248,110.5028,29.6546,0.0249
24235.0,3.8878,49.9109,1.04,109.3173,29.7786,0.0187
24240.0,3.8869,49.8679,1.05,110.1432,29.2609,0.0125
24245.0,3.8859,49.7389,1.0174,109.181,29.481,0.0063
24250.0,3.885,49.7374,1.0331,110.9174,29.8256,0.0
24255.0,3.8841,49.8345,1.0538,110.7157,29.8932,0.0
24260.0,3.8831,49.9119,1.0473,109.7677,29.6103,0.0
24265.0,3.8822,50.4418,1.0631,110.4066,29.361,0.0
24270.0,3.8813,49.7891,1.0163,108.8665,29.3955,0.0
24275.0,3.8804,50.7476,1.0425,109.7359,29.6509,0.0
24280.0,3.8795,49.7389,1.0581,110.6086,29.2629,0.0
24285.0,3.8786,49.6052,1.0391,109.7785,29.1006,0.0
24290.0,3.8778,50.0614,1.0414,110.7432,29.0461,0.0
24295.0,3.877,49.9262,1.0299,110.8971,29.0897,0.0
24300.0,3.8762,49.7322,1.0588,110.4328,28.8297,0.0
24305.0,3.8754,50.033,1.0246,108.9471,29.233,0.0
24310.0,3.8747,49.8068,1.0318,108.3813,29.3127,0.0
24315.0,3.8741,49.9603,1.0434,110.7668,29.3117,0.0
24320.0,3.8734,49.722,1.0273,108.3402,28.7359,0.0
24325.0,3.8729,49.7577,1.0288,109.9179,29.1837,0.0
24330.0,3.8723,49.8783,1.0459,110.4066,29.4177,0.0
24335.0,3.8719,49.6734,1.0293,109.3191,28.9804,0.0
24340.0,3.8714,49.6608,1.0246,108.6563,28.8508,0.0
24345.0,3.8711,49.5447,1.0375,109.3617,29.2543,0.0
24350.0,3.8707,49.8706,1.0597,110.9384,29.3117,0.0
24355.0,3.8705,49.284,1.0351,108.044,29.3082,0.0
24360.0,3.8703,49.6613,1.0355,109.4115,28.9794,0.0
24365.0,3.8701,50.1281,1.043,108.8516,29.2505,0.0
24370.0,3.87,49.4148,1.03,109.2417,28.9591,0.0
24375.0,3.87,49.8403,1.038,109.5422,29.1912,0.0
24380.0,3.87,49.5177,1.0405,109.2502,28.7087,0.0
24385.0,3.8701,49.9549,1.0302,107.8411,28.6572,0.0
24390.0,3.8703,49.7351,1.0013,108.0458,29.4314,0.0
24395.0,3.8705,49.6406,1.0458,109.857,28.8156,0.0
24400.0,3.8707,49.9431,1.0228,108.7826,28.8488,0.0
24405.0,3.8711,49.5318,1.0531,110.991,28.8623,0.0
24410.0,3.8714,49.78,1.0253,110.3447,28.7426,0.0
24415.0,3.8719,50.3997,1.0335,109.3845,29.326,0.0
24420.0,3.8723,49.7593,1.014,108.0799,28.9274,0.0
24425.0,3.8729,49.8535,1.0335,108.959,29.5152,0.0
24430.0,3.8734,49.8319,1.0355,109.7842,28.5054,0.0
24435.0,3.8741,49.7632,1.0371,109.2969,28.542,0.0
24440.0,3.8747,49.7499,1.0286,109.8308,28.9201,0.0
24445.0,3.8754,50.3456,1.0211,109.5039,28.5017,0.0
24450.0,3.8762,49.4404,1.0491,109.4064,29.0376,0.0
24455.0,3.877,49.3398,1.0513,110.5874,28.9394,0.0
24460.0,3.8778,50.2552,1.0409,110.2765,28.8235,0.0
24465.0,3.8786,50.0367,1.0261,109.1414,29.2261,0.0
24470.0,3.8795,49.8309,1.0427,110.2923,29.096,0.0
24475.0,3.8804,50.0728,1.0224,109.7346,28.681,0.0
24480.0,3.8813,49.8376,1.0276,109.9865,28.551,0.0
24485.0,3.8822,49.4731,1.0588,111.1473,28.8233,0.0
24490.0,3.8831,49.8232,1.0483,109.9995,29.0514,0.0
24495.0,3.8841,49.886,1.0576,111.4737,28.8889,0.0
24500.0,3.885,50.3757,1.0335,109.2752,28.9269,0.0
24505.0,3.8859,49.7114,1.0312,109.0589,28.6637,0.0063
24510.0,3.8869,50.1703,1.0551,109.8213,28.5346,0.0125
24515.0,3.8878,50.3618,1.0579,111.0042,29.102,0.0187
24520.0,3.8887,50.3937,1.046,109.7458,28.6081,0.0249
24525.0,3.8896,50.3369,1.0505,110.2766,28.8211,0.0309
24530.0,3.8905,50.3115,1.0574,110.6437,28.502,0.0368
24535.0,3.8914,50.0877,1.052,110.9335,28.9622,0.0426
24540.0,3.8922,50.1783,1.0582,110.3123,28.518,0.0482
24545.0,3.893,49.8296,1.0477,109.8959,28.4637,0.0536
24550.0,3.8938,50.3987,1.0361,109.1081,28.8063,0.0588
24555.0,3.8946,50.6135,1.0523,110.2334,28.5952,0.0637
24560.0,3.8953,50.4684,1.0559,110.2604,28.6647,0.0685
24565.0,3.8959,49.4947,1.0632,110.0745,28.6551,0.0729
24570.0,3.8966,50.538,1.0495,109.4804,29.0375,0.0771
24575.0,3.8971,50.2608,1.0536,109.8849,28.6412,0.0809
24580.0,3.8977,50.4564,1.0547,110.4289,28.9352,0.0844
24585.0,3.8981,50.303,1.0537,110.5759,28.59,0.0876
24590.0,3.8986,50.129,1.04,110.9307,28.59,0.0905
24595.0,3.8989,50.2826,1.0248,111.5338,28.4858,0.093
24600.0,3.8993,49.8935,1.0304,109.4541,28.8118,0.0951
24605.0,3.8995,50.0411,1.0452,111.4125,28.3175,0.0969
24610.0,3.8997,49.9123,1.0588,111.2089,29.065,0.0982
24615.0,3.8999,49.9568,1.0254,108.57,28.6674,0.0992
24620.0,3.9,50.7716,1.0586,110.2334,28.2687,0.0998
24625.0,3.9,49.6373,1.0529,110.2043,28.5008,0.1
24630.0,3.9,50.1946,1.052,110.9218,27.9877,0.0998
24635.0,3.8999,50.1928,1.0681,111.0062,28.5819,0.0992
24640.0,3.8997,50.035,1.0301,108.9083,28.2346,0.0982
24645.0,3.8995,50.2109,1.0421,109.3332,28.3648,0.0969
24650.0,3.8993,50.5185,1.0295,110.3511,28.4986,0.0951
24655.0,3.8989,49.9868,1.0494,110.0911,28.6136,0.093
24660.0,3.8986,50.3383,1.0826,111.2669,28.9219,0.0905
24665.0,3.8981,50.3759,1.0459,110.1964,28.5864,0.0876
24670.0,3.8977,49.7513,1.0548,110.1798,28.5456,0.0844
24675.0,3.8971,49.8622,1.0459,110.5368,28.1675,0.0809
24680.0,3.8966,50.2616,1.0495,110.0082,27.8527,0.0771
24685.0,3.8959,50.4552,1.0494,110.7602,28.4858,0.0729
24690.0,3.8953,50.0212,1.0538,111.0513,28.3668,0.0685
24695.0,3.8946,49.8141,1.0411,109.456,28.2989,0.0637
24700.0,3.8938,50.0476,1.0622,109.7483,27.7754,0.0588
24705.0,3.893,50.0665,1.0327,108.9485,28.2612,0.0536
24710.0,3.8922,50.2697,1.0312,109.8665,28.6144,0.0482
24715.0,3.8914,49.6908,1.0488,111.3266,28.4107,0.0426
24720.0,3.8905,50.7558,1.0414,110.3445,28.505,0.0368
24725.0,3.8896,50.6217,1.0442,111.6716,27.9286,0.0309
24730.0,3.8887,49.9773,1.0448,110.8756,27.7721,0.0249
24735.0,3.8878,49.6418,1.0307,109.3475,28.5941,0.0187
24740.0,3.8869,49.9728,1.0472,110.2816,27.9579,0.0125
24745.0,3.8859,50.0976,1.05,108.6127,28.3325,0.0063
24750.0,3.885,49.8314,1.0482,110.9223,28.1619,0.0
24755.0,3.8841,49.8788,1.0434,110.5083,28.0229,0.0
24760.0,3.8831,50.191,1.0403,109.5487,28.0439,0.0
24765.0,3.8822,49.4641,1.0416,108.4061,27.7756,0.0
24770.0,3.8813,49.7595,1.0418,110.5196,28.064,0.0
24775.0,3.8804,48.9671,1.0495,109.7803,28.3755,0.0
24780.0,3.8795,49.7882,1.0469,110.5052,28.1939,0.0
24785.0,3.8786,49.4983,1.0344,110.3308,28.025,0.0
24790.0,3.8778,49.8409,1.0124,108.2401,27.8621,0.0
24795.0,3.877,49.7054,1.0466,109.5963,27.7238,0.0
24800.0,3.8762,49.7895,1.0239,110.0553,28.233,0.0
24805.0,3.8754,49.6562,1.0378,109.3759,27.8998,0.0
24810.0,3.8747,49.9822,1.0396,109.4108,27.8217,0.0
24815.0,3.8741,49.9843,1.0406,109.4972,28.0053,0.0
24820.0,3.8734,49.7477,1.036,108.681,28.2883,0.0
24825.0,3.8729,49.8748,1.0382,109.9536,27.6929,0.0
24830.0,3.8723,49.3762,1.035,108.9936,27.8063,0.0
24835.0,3.8719,50.0803,1.0478,110.0542,27.8637,0.0
24840.0,3.8714,49.7078,1.014,108.5526,27.4397,0.0
24845.0,3.8711,49.8339,1.0649,110.1673,28.2915,0.0
24850.0,3.8707,49.8942,1.0284,108.9987,27.422,0.0
24855.0,3.8705,49.5778,1.057,109.3871,27.699,0.0
24860.0,3.8703,49.7978,1.0402,109.6002,28.1224,0.0
24865.0,3.8701,49.8718,1.0252,108.031,27.5489,0.0
24870.0,3.87,49.2699,1.052,110.9183,28.4475,0.0
24875.0,3.87,49.6471,1.0196,108.3397,27.8499,0.0
24880.0,3.87,49.5494,1.0296,109.0531,27.7623,0.0
24885.0,3.8701,49.5604,1.036,109.7353,28.0765,0.0
24890.0,3.8703,50.1372,1.028,109.2922,27.3127,0.0
24895.0,3.8705,49.3569,1.0196,109.7107,27.5891,0.0
24900.0,3.8707,49.7489,1.0446,109.6328,28.0829,0.0
24905.0,3.8711,50.0815,1.0432,108.7737,27.6998,0.0
24910.0,3.8714,49.6167,1.0314,110.2306,27.568,0.0
24915.0,3.8719,50.1404,1.0197,108.5525,27.6988,0.0
24920.0,3.8723,50.0507,1.0446,110.2492,27.2881,0.0
24925.0,3.8729,50.0487,1.0208,109.3588,27.6477,0.0
24930.0,3.8734,49.7734,1.0406,110.2462,27.4359,0.0
24935.0,3.8741,49.8447,1.0398,109.3908,27.698,0.0
24940.0,3.8747,49.908,1.0492,110.521,27.4747,0.0
24945.0,3.8754,50.1718,1.0373,110.3573,27.9483,0.0
24950.0,3.8762,49.431,1.0266,108.0104,27.4133,0.0
24955.0,3.877,49.7977,1.02,108.0816,27.1573,0.0
24960.0,3.8778,49.5739,1.0471,109.9458,28.0281,0.0
24965.0,3.8786,49.4992,1.0297,110.0182,27.4301,0.0
24970.0,3.8795,50.0269,1.0454,110.0784,27.6655,0.0
24975.0,3.8804,50.0875,1.0395,110.2604,27.4399,0.0
24980.0,3.8813,49.6808,1.0406,109.9461,27.9124,0.0
24985.0,3.8822,50.0828,1.0545,109.8476,28.1315,0.0
24990.0,3.8831,49.6829,1.0492,111.1508,28.026,0.0
24995.0,3.8841,50.0713,1.0441,110.6865,27.4186,0.0
25000.0,3.885,50.231,1.0522,110.2232,27.7492,0.0
25005.0,3.8859,49.564,1.0343,109.6818,27.6188,0.0063
25010.0,3.8869,50.4329,1.0386,109.4632,28.1234,0.0125
25015.0,3.8878,49.828,1.0405,110.4867,27.7553,0.0187
25020.0,3.8887,50.1083,1.0568,111.2409,27.8746,0.0249
25025.0,3.8896,50.4728,1.0336,110.5937,27.3295,0.0309
25030.0,3.8905,49.7598,1.0458,110.0654,27.4315,0.0368
25035.0,3.8914,50.1543,1.0431,109.4869,27.2342,0.0426
25040.0,3.8922,50.1068,1.0478,109.3917,27.9209,0.0482
25045.0,3.893,49.8736,1.0408,109.7901,27.6833,0.0536
25050.0,3.8938,50.5506,1.049,110.8889,27.6472,0.0588
25055.0,3.8946,49.9279,1.0369,109.6934,28.078,0.0637
25060.0,3.8953,49.902,1.0597,110.9837,28.0954,0.0685
25065.0,3.8959,50.3318,1.0413,109.3135,27.7414,0.0729
25070.0,3.8966,50.4828,1.0235,110.4478,27.381,0.0771
25075.0,3.8971,50.4442,1.0574,111.0908,27.6887,0.0809
25080.0,3.8977,49.8559,1.0568,110.7144,28.4108,0.0844
25085.0,3.8981,50.4343,1.0757,112.3349,27.6169,0.0876
25090.0,3.8986,50.4194,1.0564,110.4901,27.7988,0.0905
25095.0,3.8989,49.7935,1.0573,111.3783,27.8611,0.093
25100.0,3.8993,50.1988,1.0279,109.5135,27.7731,0.0951
25105.0,3.8995,50.2489,1.0598,110.7114,28.1175,0.0969
25110.0,3.8997,50.3649,1.0605,111.8449,27.5815,0.0982
25115.0,3.8999,50.4746,1.067,110.1891,27.7484,0.0992
25120.0,3.9,50.2335,1.0648,111.2584,27.4313,0.0998
25125.0,3.9,50.2299,1.0663,110.9309,28.0172,0.1
25130.0,3.9,50.6354,1.0375,110.482,27.6353,0.0998
25135.0,3.8999,50.091,1.0602,110.3115,27.598,0.0992
25140.0,3.8997,50.331,1.0537,110.7795,27.4674,0.0982
25145.0,3.8995,50.6581,1.0404,110.0326,27.6243,0.0969
25150.0,3.8993,50.3363,1.0551,111.0749,27.5946,0.0951
25155.0,3.8989,50.2199,1.0403,110.7934,27.7405,0.093
25160.0,3.8986,50.0945,1.0484,110.3755,27.7092,0.0905
25165.0,3.8981,50.0255,1.0613,111.163,27.2813,0.0876
25170.0,3.8977,50.1105,1.0569,109.6716,27.3529,0.0844
25175.0,3.8971,50.2747,1.0584,110.86,27.6985,0.0809
25180.0,3.8966,50.1746,1.0434,111.0581,27.4544,0.0771
25185.0,3.8959,50.3883,1.0472,110.9229,27.8447,0.0729
25190.0,3.8953,50.5277,1.0483,110.6256,27.8957,0.0685
25195.0,3.8946,50.7739,1.0647,111.6773,28.0221,0.0637
25200.0,3.8938,50.0412,1.0418,110.176,27.5206,0.0588
25205.0,3.893,50.4303,1.0555,110.1134,27.3605,0.0536
25210.0,3.8922,50.2074,1.0465,109.9056,27.6162,0.0482
25215.0,3.8914,50.254,1.0687,110.9434,27.6502,0.0426
25220.0,3.8905,50.0906,1.0726,111.2649,27.4683,0.0368
25225.0,3.8896,49.9074,1.0646,110.5545,27.1064,0.0309
25230.0,3.8887,49.4591,1.0464,110.243,27.7343,0.0249
25235.0,3.8878,49.6723,1.0392,109.9354,27.5327,0.0187
25240.0,3.8869,49.9098,1.0469,109.6421,27.8455,0.0125
25245.0,3.8859,49.7837,1.0348,110.5486,27.7917,0.0063
25250.0,3.885,49.7762,1.0545,110.0185,27.5505,0.0
25255.0,3.8841,50.0036,1.0284,109.4376,27.0687,0.0
25260.0,3.8831,50.3058,1.0474,110.422,26.8803,0.0
25265.0,3.8822,50.1653,1.0411,110.3172,27.6662,0.0
25270.0,3.8813,49.705,1.044,109.9747,27.6909,0.0
25275.0,3.8804,49.9476,1.0385,109.0511,27.4114,0.0
25280.0,3.8795,49.9369,1.0269,108.2073,27.6167,0.0
25285.0,3.8786,49.8161,1.0395,109.4846,27.489,0.0
25290.0,3.8778,49.5783,1.0486,110.6637,27.1213,0.0
25295.0,3.877,50.0246,1.0416,108.6636,27.3543,0.0
25300.0,3.8762,49.9516,1.0234,108.7177,27.4438,0.0
25305.0,3.8754,49.9553,1.0447,110.3534,27.5753,0.0
25310.0,3.8747,49.1925,1.029,108.2857,27.3818,0.0
25315.0,3.8741,49.6805,1.0321,108.2073,27.4065,0.0
25320.0,3.8734,49.8791,1.0117,107.3751,27.3669,0.0
25325.0,3.8729,49.8758,1.0332,109.8688,27.656,0.0
25330.0,3.8723,49.6847,1.0351,109.395,27.6637,0.0
25335.0,3.8719,49.5701,1.0149,108.2518,27.6234,0.0
25340.0,3.8714,49.8804,1.0268,108.6488,27.6303,0.0
25345.0,3.871,49.828,1.043,109.0523,27.0489,0.0
25350.0,3.8707,50.0428,1.0286,108.8066,27.6072,0.0
25355.0,3.8705,49.9051,1.0243,107.9417,27.5418,0.0
25360.0,3.8703,49.8579,1.0393,108.9006,27.2399,0.0
25365.0,3.8701,50.0729,1.0381,109.2116,27.1224,0.0
25370.0,3.87,49.9973,1.0495,110.518,27.2489,0.0
25375.0,3.87,49.7939,1.0381,109.0715,27.7137,0.0
25380.0,3.87,49.8599,1.0347,109.8876,27.7821,0.0
25385.0,3.8701,50.4756,1.046,110.9315,27.5375,0.0
25390.0,3.8703,49.7813,1.0344,109.1811,27.4058,0.0
25395.0,3.8705,49.9531,1.0315,109.6474,27.1508,0.0
25400.0,3.8707,50.1729,0.9957,108.276,27.4342,0.0
25405.0,3.8711,49.1713,1.0303,108.5328,27.3598,0.0
25410.0,3.8714,49.5686,1.0302,110.3937,27.1223,0.0
25415.0,3.8719,50.1644,1.043,110.4477,27.1784,0.0
25420.0,3.8723,49.8396,1.0265,108.1354,27.53,0.0
25425.0,3.8729,50.1505,1.0194,109.9191,27.5989,0.0
25430.0,3.8734,49.9241,1.0464,110.1166,27.4502,0.0
25435.0,3.8741,50.1263,1.0385,110.1341,27.3227,0.0
25440.0,3.8747,49.8562,1.0453,110.5424,27.3923,0.0
25445.0,3.8754,50.2975,1.0078,107.9078,27.7915,0.0
25450.0,3.8762,49.8908,1.0303,109.4968,28.0285,0.0
25455.0,3.877,49.1574,1.0305,109.0899,27.2914,0.0
25460.0,3.8778,50.2608,1.0289,108.567,26.8727,0.0
25465.0,3.8786,49.8472,1.0296,109.2566,27.3713,0.0
25470.0,3.8795,50.0776,1.0537,110.4553,27.8754,0.0
25475.0,3.8804,50.0481,1.0352,109.1485,27.3852,0.0
25480.0,3.8813,49.6139,1.0531,111.0865,27.6155,0.0
25485.0,3.8822,50.1309,1.0451,110.0714,27.6618,0.0
25490.0,3.8831,49.2074,1.0369,108.9013,27.0938,0.0
25495.0,3.8841,50.177,1.056,110.9991,27.8145,0.0
25500.0,3.885,50.2449,1.0353,110.4628,27.1868,0.0
25505.0,3.8859,50.0797,1.0384,110.91,27.14,0.0063
25510.0,3.8869,49.4362,1.0591,110.5566,27.767,0.0125
25515.0,3.8878,49.9043,1.0392,110.3224,27.2558,0.0187
25520.0,3.8887,49.8673,1.0596,110.6143,27.7486,0.0249
25525.0,3.8896,49.7392,1.0424,110.8454,27.536,0.0309
25530.0,3.8905,49.7785,1.0501,109.8189,27.74,0.0368
25535.0,3.8914,49.7223,1.0431,110.0218,27.5937,0.0426
25540.0,3.8922,50.195,1.0549,110.7319,27.6456,0.0482
25545.0,3.893,50.6209,1.0431,110.3065,27.7222,0.0536
25550.0,3.8938,50.6897,1.0527,110.4911,27.6984,0.0588
25555.0,3.8946,49.8608,1.044,110.3995,27.8889,0.0637
25560.0,3.8953,50.3189,1.0548,111.4539,27.8559,0.0685
25565.0,3.8959,50.3116,1.0599,111.1453,27.5354,0.0729
25570.0,3.8966,49.3069,1.0574,110.8525,28.224,0.0771
25575.0,3.8971,50.4949,1.0644,110.5943,27.4334,0.0809
25580.0,3.8977,50.4797,1.0514,110.8593,27.8638,0.0844
25585.0,3.8981,50.3331,1.04,110.5381,27.6804,0.0876
25590.0,3.8986,49.7833,1.0517,111.8365,28.0734,0.0905
25595.0,3.8989,49.9986,1.044,109.0038,27.5473,0.093
25600.0,3.8993,50.346,1.0402,109.8768,28.3344,0.0951
25605.0,3.8995,50.4435,1.0424,111.3777,27.8285,0.0969
25610.0,3.8997,50.3476,1.0557,110.7584,27.5681,0.0982
25615.0,3.8999,50.3169,1.048,108.9598,27.3523,0.0992
25620.0,3.9,50.4987,1.0468,110.4052,27.2801,0.0998
25625.0,3.9,50.3498,1.0512,110.4984,27.7805,0.1
25630.0,3.9,50.2471,1.0592,110.9238,27.8117,0.0998
25635.0,3.8999,50.3398,1.0473,110.0148,27.7191,0.0992
25640.0,3.8997,49.7773,1.0471,110.8926,27.8597,0.0982
25645.0,3.8995,50.3955,1.053,111.5063,27.8083,0.0969
25650.0,3.8993,49.8447,1.0327,109.1827,27.515,0.0951
25655.0,3.8989,50.3505,1.0462,111.4223,28.5488,0.093
25660.0,3.8986,50.1218,1.0526,111.5606,28.0991,0.0905
25665.0,3.8981,50.6294,1.0283,109.2837,27.6208,0.0876
25670.0,3.8977,50.1699,1.05,110.1665,27.6304,0.0844
25675.0,3.8971,50.6347,1.0403,110.0076,27.7497,0.0809
25680.0,3.8966,50.2523,1.0457,109.9625,27.4958,0.0771
25685.0,3.8959,49.8066,1.0539,111.2476,27.4803,0.0729
25690.0,3.8953,49.9333,1.0574,111.5341,28.1165,0.0685
25695.0,3.8946,50.4377,1.0546,110.7401,28.2923,0.0637
25700.0,3.8938,50.427,1.022,108.9591,27.6201,0.0588
25705.0,3.893,50.3358,1.0611,111.5199,27.7706,0.0536
25710.0,3.8922,50.244,1.051,109.0862,27.9143,0.0482
25715.0,3.8914,49.8529,1.0532,111.3455,28.1943,0.0426
25720.0,3.8905,49.8787,1.0452,111.7353,27.7625,0.0368
25725.0,3.8896,49.8577,1.0277,110.2727,27.7701,0.0309
25730.0,3.8887,49.782,1.0436,109.623,27.4529,0.0249
25735.0,3.8878,50.3034,1.0361,110.4769,27.7137,0.0187
25740.0,3.8869,49.9632,1.0504,109.1935,27.7062,0.0125
25745.0,3.8859,49.7609,1.0272,109.8441,27.7886,0.0063
25750.0,3.885,50.0944,1.0528,110.1463,27.5231,0.0
25755.0,3.8841,49.7573,1.0284,110.0291,27.6275,0.0
25760.0,3.8831,49.9777,1.0287,108.332,28.0558,0.0
25765.0,3.8822,49.7498,1.0491,109.5116,28.1262,0.0
25770.0,3.8813,49.8011,1.0322,109.2258,27.9315,0.0
25775.0,3.8804,49.808,1.0363,110.753,27.8388,0.0
25780.0,3.8795,50.327,1.0276,109.9717,27.7087,0.0
25785.0,3.8786,49.6683,1.0323,109.9675,28.1211,0.0
25790.0,3.8778,49.7769,1.0391,110.5174,27.9091,0.0
25795.0,3.877,49.9534,1.0324,109.8907,27.9049,0.0
25800.0,3.8762,49.4033,1.0594,109.5694,27.9608,0.0
25805.0,3.8754,49.9555,1.0144,110.3582,27.6024,0.0
25810.0,3.8747,49.9462,1.0517,110.6514,27.5799,0.0
25815.0,3.8741,50.025,1.0176,109.4541,27.7602,0.0
25820.0,3.8734,50.5305,1.0253,108.9282,27.5354,0.0
25825.0,3.8729,49.4643,1.0287,110.4847,27.3677,0.0
25830.0,3.8723,49.6319,1.04,108.6592,28.1703,0.0
25835.0,3.8719,49.8512,1.0486,110.1028,28.1927,0.0
25840.0,3.8714,49.7483,1.0236,108.6186,27.8485,0.0
25845.0,3.8711,49.5451,1.0627,111.7227,28.0568,0.0
25850.0,3.8707,49.7318,1.0325,109.0857,28.0308,0.0
25855.0,3.8705,49.5143,1.0361,109.8083,28.1952,0.0
25860.0,3.8703,49.77,1.0267,108.1681,28.2655,0.0
25865.0,3.8701,49.7317,1.0371,109.6754,28.0094,0.0
25870.0,3.87,49.8505,1.0436,109.1514,27.8617,0.0
25875.0,3.87,49.4156,1.023,108.5548,27.593,0.0
25880.0,3.87,49.5376,1.0317,109.3961,27.9473,0.0
25885.0,3.8701,49.5815,1.0429,109.0686,28.3837,0.0
25890.0,3.8703,49.6893,1.0179,109.5267,27.8929,0.0
25895.0,3.8705,49.2924,1.0354,108.4395,27.7234,0.0
25900.0,3.8707,49.819,1.0265,109.2795,27.9478,0.0
25905.0,3.8711,50.0291,1.0465,110.4334,27.6983,0.0
25910.0,3.8714,49.2117,1.0252,108.3613,28.1071,0.0
25915.0,3.8719,49.8473,1.0321,108.7649,27.6338,0.0
25920.0,3.8723,49.2661,1.0222,107.7698,27.9009,0.0
25925.0,3.8729,49.4539,1.0323,109.1371,28.092,0.0
25930.0,3.8734,49.9742,1.0163,108.2898,28.2775,0.0
25935.0,3.8741,49.3943,1.0175,108.6021,27.7263,0.0
25940.0,3.8747,49.898,1.0434,110.302,27.9403,0.0
25945.0,3.8754,50.0323,1.0507,110.3311,28.0785,0.0
25950.0,3.8762,50.0045,1.0465,110.2476,27.9212,0.0
25955.0,3.877,49.9386,1.0394,109.4725,28.0384,0.0
25960.0,3.8778,49.8627,1.0348,110.0471,27.9588,0.0
25965.0,3.8786,49.472,1.032,110.6103,28.2917,0.0
25970.0,3.8795,50.2742,1.0287,109.0858,28.0457,0.0
25975.0,3.8804,50.6005,1.0411,110.5172,27.9381,0.0
25980.0,3.8813,49.9186,1.0412,109.2175,28.1971,0.0
25985.0,3.8822,49.9421,1.0228,108.8708,28.5871,0.0
25990.0,3.8831,49.7555,1.0267,110.1263,28.5081,0.0
25995.0,3.8841,50.1515,1.0416,109.6693,28.5322,0.0
26000.0,3.885,49.9828,1.0372,109.5711,28.4199,0.0
26005.0,3.8859,49.736,1.0483,110.5753,28.0696,0.0063
26010.0,3.8869,49.8197,1.0202,109.148,28.3999,0.0125
26015.0,3.8878,50.1503,1.0198,108.6719,28.7024,0.0187
26020.0,3.8887,49.8392,1.0671,110.714,28.2415,0.0249
26025.0,3.8896,50.5096,1.0548,110.397,28.3594,0.0309
26030.0,3.8905,50.7741,1.051,110.8498,28.4638,0.0368
26035.0,3.8914,50.4195,1.06,111.3103,28.3394,0.0426
26040.0,3.8922,50.3554,1.0525,111.6254,28.6336,0.0482
26045.0,3.893,50.5082,1.0208,111.1634,28.5319,0.0536
26050.0,3.8938,49.5761,1.0483,109.792,28.7646,0.0588
26055.0,3.8946,49.9119,1.0528,110.3443,28.1881,0.0637
26060.0,3.8953,50.4888,1.0323,108.9507,28.3845,0.0685
26065.0,3.8959,50.1305,1.0365,111.0708,28.4277,0.0729
26070.0,3.8966,49.9242,1.0278,109.4197,28.7134,0.0771
26075.0,3.8971,50.4977,1.0491,109.9963,28.2861,0.0809
26080.0,3.8977,50.1699,1.0367,110.0302,28.5319,0.0844
26085.0,3.8981,50.2459,1.0427,110.3902,28.3927,0.0876
26090.0,3.8986,50.309,1.0448,109.3286,28.5947,0.0905
26095.0,3.8989,50.5401,1.0646,110.7627,28.6338,0.093
26100.0,3.8993,50.1367,1.052,111.0305,28.2229,0.0951
26105.0,3.8995,50.0521,1.0297,109.8502,28.7069,0.0969
26110.0,3.8997,50.2818,1.0451,110.6557,28.7792,0.0982
26115.0,3.8999,49.7652,1.0528,110.7722,28.9852,0.0992
26120.0,3.9,50.2933,1.0432,109.5762,28.6623,0.0998
26125.0,3.9,50.2935,1.063,110.9869,28.8913,0.1
26130.0,3.9,50.2901,1.0647,112.3929,28.4403,0.0998
26135.0,3.8999,50.3094,1.0491,110.0431,28.751,0.0992
26140.0,3.8997,50.4127,1.0473,110.6819,28.9051,0.0982
26145.0,3.8995,50.475,1.0304,110.3832,28.6894,0.0969
26150.0,3.8993,50.3929,1.0296,109.9618,28.5373,0.0951
26155.0,3.8989,50.977,1.0684,110.33,28.584,0.093
26160.0,3.8986,50.35,1.0659,111.033,28.7775,0.0905
26165.0,3.8981,50.1975,1.0367,110.1141,28.7167,0.0876
26170.0,3.8977,50.2061,1.0612,112.3634,28.9583,0.0844
26175.0,3.8971,50.7431,1.0429,109.9911,28.8421,0.0809
26180.0,3.8966,49.7619,1.0358,109.0326,28.6608,0.0771
26185.0,3.8959,50.1035,1.045,111.4914,29.2352,0.0729
26190.0,3.8953,50.1339,1.0384,110.1099,29.1097,0.0685
26195.0,3.8946,50.0973,1.0667,111.4121,28.5716,0.0637
26200.0,3.8938,49.8591,1.0217,109.9791,28.5929,0.0588
26205.0,3.893,50.2199,1.0296,108.5934,28.7514,0.0536
26210.0,3.8922,50.0078,1.0199,109.5145,28.9015,0.0482
26215.0,3.8914,50.1865,1.0272,109.2007,28.2466,0.0426
26220.0,3.8905,50.5762,1.0267,109.8854,28.6846,0.0368
26225.0,3.8896,50.0791,1.0527,109.8991,28.6927,0.0309
26230.0,3.8887,50.0785,1.034,110.7019,28.8411,0.0249
26235.0,3.8878,50.1897,1.0439,110.184,28.827,0.0187
26240.0,3.8869,49.6968,1.0515,109.4558,28.9255,0.0125
26245.0,3.8859,49.9903,1.032,110.4692,28.8392,0.0063
26250.0,3.885,50.0863,1.0423,109.1983,28.7884,0.0
26255.0,3.8841,49.7339,1.0311,108.8074,29.2817,0.0
26260.0,3.8831,50.0453,1.0564,110.2203,28.7833,0.0
26265.0,3.8822,49.6682,1.0487,110.5608,28.8567,0.0
26270.0,3.8813,50.1054,1.0158,108.6813,28.6888,0.0
26275.0,3.8804,49.894,1.0351,108.8924,28.5244,0.0
26280.0,3.8795,49.2889,1.0293,109.9905,28.8373,0.0
26285.0,3.8786,50.0106,1.0209,110.1411,28.941,0.0
26290.0,3.8778,49.9338,1.0538,110.0436,28.8896,0.0
26295.0,3.877,49.8899,1.0267,109.9875,28.8923,0.0
26300.0,3.8762,49.7786,1.0425,110.456,29.2605,0.0
26305.0,3.8754,50.1844,1.0477,110.6566,29.0517,0.0
26310.0,3.8747,49.7671,1.0255,109.1142,28.7709,0.0
26315.0,3.8741,50.0504,1.0446,109.5436,28.7529,0.0
26320.0,3.8734,49.8834,1.0336,108.6021,29.1809,0.0
26325.0,3.8729,49.8161,1.0504,109.2529,28.6769,0.0
26330.0,3.8723,50.0889,1.0388,110.6656,28.7423,0.0
26335.0,3.8719,50.1206,1.0569,110.1704,28.5355,0.0
26340.0,3.8714,49.6442,1.0342,110.8105,29.0,0.0
26345.0,3.8711,49.8073,1.0433,110.4365,29.007,0.0
26350.0,3.8707,50.1445,1.0411,108.9768,28.7234,0.0
26355.0,3.8705,49.1654,1.0489,110.7678,29.0352,0.0
26360.0,3.8703,49.7438,1.022,108.9073,28.4598,0.0
26365.0,3.8701,49.94,1.0322,109.2057,28.7587,0.0
26370.0,3.87,49.5928,1.0463,110.2373,28.8264,0.0
26375.0,3.87,49.6791,1.0328,109.8809,28.579,0.0
26380.0,3.87,49.9127,1.0482,109.2921,29.1194,0.0
26385.0,3.8701,49.0781,1.019,109.6536,28.8261,0.0
26390.0,3.8703,49.7095,1.0244,109.3209,28.5629,0.0
26395.0,3.8705,49.1452,1.0436,109.1592,29.1827,0.0
26400.0,3.8707,49.9399,1.0164,108.3482,28.6768,0.0
26405.0,3.8711,49.7234,1.0511,110.1029,28.6079,0.0
26410.0,3.8714,50.3124,1.0598,109.6967,28.7617,0.0
26415.0,3.8719,49.6732,1.0536,109.5605,29.0531,0.0
26420.0,3.8723,49.7748,1.0417,109.2651,28.7117,0.0
26425.0,3.8729,50.0768,1.0338,108.5135,28.3493,0.0
26430.0,3.8734,49.3869,1.0429,109.1977,29.2695,0.0
26435.0,3.8741,50.367,1.0337,110.3841,29.0462,0.0
26440.0,3.8747,50.1326,1.0311,108.6908,29.0482,0.0
26445.0,3.8754,49.7767,1.0432,110.3412,29.0743,0.0
26450.0,3.8762,49.8367,1.0519,110.7347,28.8317,0.0
26455.0,3.877,50.2314,1.0455,109.978,29.1688,0.0
26460.0,3.8778,50.3589,1.0256,109.7524,28.7834,0.0
26465.0,3.8786,49.2355,1.0116,108.1669,29.0848,0.0
26470.0,3.8795,50.0531,1.0257,109.032,29.1078,0.0
26475.0,3.8804,49.7702,1.0386,110.0493,28.6357,0.0
26480.0,3.8813,49.8567,1.0301,110.9623,29.08,0.0
26485.0,3.8822,49.7816,1.041,110.4553,29.5054,0.0
26490.0,3.8831,50.1182,1.0297,108.051,28.8354,0.0
26495.0,3.8841,50.1199,1.0577,110.281,29.1702,0.0
26500.0,3.885,49.9296,1.0381,110.6646,28.6831,0.0
26505.0,3.8859,49.7557,1.0432,110.7535,29.0278,0.0063
26510.0,3.8869,50.1928,1.0215,109.8181,29.2521,0.0125
26515.0,3.8878,50.1689,1.0449,110.4747,28.8475,0.0187
26520.0,3.8887,50.3193,1.0612,109.8628,29.0478,0.0249
26525.0,3.8896,49.943,1.0499,110.1367,28.7573,0.0309
26530.0,3.8905,49.7828,1.0494,109.8676,29.3896,0.0368
26535.0,3.8914,49.8288,1.0526,110.7402,29.5346,0.0426
26540.0,3.8922,49.5688,1.0427,111.1107,29.4741,0.0482
26545.0,3.893,50.2109,1.0422,110.2241,29.8628,0.0536
26550.0,3.8938,49.4822,1.0448,111.4369,28.7459,0.0588
26555.0,3.8946,50.0438,1.0447,110.2429,29.5019,0.0637
26560.0,3.8953,50.108,1.0419,110.8738,29.5261,0.0685
26565.0,3.8959,50.2389,1.0475,109.77,29.8316,0.0729
26570.0,3.8966,50.0392,1.0462,112.016,29.4773,0.0771
26575.0,3.8971,50.3764,1.0502,110.6471,29.5209,0.0809
26580.0,3.8977,50.1002,1.038,110.2166,29.5358,0.0844
26585.0,3.8981,50.2171,1.0531,110.3424,29.5575,0.0876
26590.0,3.8986,50.312,1.0457,110.118,29.479,0.0905
26595.0,3.8989,50.5978,1.0456,110.6455,29.1497,0.093
26600.0,3.8993,50.95,1.0426,109.8159,29.0684,0.0951
26605.0,3.8995,50.0666,1.0316,108.9557,29.4342,0.0969
26610.0,3.8997,50.0925,1.0533,111.7476,30.0088,0.0982
26615.0,3.8999,50.3104,1.0704,110.6475,29.0908,0.0992
26620.0,3.9,50.0597,1.0341,109.392,29.756,0.0998
26625.0,3.9,50.0736,1.0585,111.8906,29.7366,0.1
26630.0,3.9,50.4582,1.0481,110.6276,29.3341,0.0998
26635.0,3.8999,50.3586,1.0526,110.9038,29.6398,0.0992
26640.0,3.8997,50.3722,1.061,111.0154,29.0771,0.0982
26645.0,3.8995,49.8191,1.0559,111.2071,29.9003,0.0969
26650.0,3.8993,50.4476,1.0508,109.0788,29.4003,0.0951
26655.0,3.8989,50.5979,1.0562,111.0696,29.1477,0.093
26660.0,3.8986,50.1181,1.0478,110.4976,29.1422,0.0905
26665.0,3.8981,49.8189,1.0668,112.0347,29.0146,0.0876
26670.0,3.8977,50.0624,1.0486,108.69,29.3758,0.0844
26675.0,3.8971,50.3306,1.0375,110.2456,29.9813,0.0809
26680.0,3.8966,50.4906,1.0573,109.591,29.5234,0.0771
26685.0,3.8959,50.2,1.0509,110.6867,29.34,0.0729
26690.0,3.8953,50.2574,1.0575,110.55,29.2416,0.0685
26695.0,3.8946,50.0991,1.0354,110.8344,29.3268,0.0637
26700.0,3.8938,49.8002,1.078,110.94,29.5356,0.0588
26705.0,3.893,50.0736,1.033,110.4602,29.3801,0.0536
26710.0,3.8922,50.155,1.06,110.0938,29.8412,0.0482
26715.0,3.8914,49.641,1.0376,108.095,30.1958,0.0426
26720.0,3.8905,50.1945,1.0447,110.9038,29.6962,0.0368
26725.0,3.8896,49.9387,1.0506,110.2802,29.1581,0.0309
26730.0,3.8887,50.4776,1.0353,111.7388,29.5293,0.0249
26735.0,3.8878,50.3677,1.0489,109.8577,29.6669,0.0187
26740.0,3.8869,49.8144,1.0382,109.9675,29.4664,0.0125
26745.0,3.8859,49.9303,1.0562,109.9858,29.5013,0.0063
26750.0,3.885,50.6681,1.0341,108.9095,29.3231,0.0
26755.0,3.8841,49.8636,1.0469,111.5644,29.5558,0.0
26760.0,3.8831,50.1744,1.0339,109.6988,29.5428,0.0
26765.0,3.8822,50.5206,1.0382,108.6236,29.5795,0.0
26770.0,3.8813,50.7833,1.0423,109.7657,29.6169,0.0
26775.0,3.8804,50.136,1.0328,109.7677,29.5332,0.0
26780.0,3.8795,49.2066,1.0546,110.4634,29.6924,0.0
26785.0,3.8786,49.7471,1.0287,109.7321,29.0521,0.0
26790.0,3.8778,50.0076,1.0379,109.7707,29.1861,0.0
26795.0,3.877,50.0612,1.0394,109.8489,28.911,0.0
26800.0,3.8762,50.0202,1.0257,108.0918,29.6537,0.0
26805.0,3.8754,49.5555,1.0513,109.1534,29.4269,0.0
26810.0,3.8747,49.8235,1.0386,109.625,29.5717,0.0
26815.0,3.8741,49.907,1.0159,109.4001,29.6017,0.0
26820.0,3.8734,49.7579,1.0298,108.4437,29.4562,0.0
26825.0,3.8729,49.7936,1.0386,109.5885,29.5556,0.0
26830.0,3.8723,49.9716,1.0333,109.0214,29.4756,0.0
26835.0,3.8719,49.9356,1.0308,109.7459,29.3754,0.0
26840.0,3.8714,49.2998,1.0101,108.6764,29.8305,0.0
26845.0,3.8711,49.6825,1.0518,109.7861,29.325,0.0
26850.0,3.8707,50.4412,1.0554,110.9715,29.8129,0.0
26855.0,3.8705,50.1723,1.0309,109.9944,29.2054,0.0
26860.0,3.8703,49.3771,1.0255,110.501,29.5021,0.0
26865.0,3.8701,49.7665,1.0027,107.2821,29.2389,0.0
26870.0,3.87,49.4763,1.0296,108.6791,29.2295,0.0
26875.0,3.87,49.6027,1.0184,109.3398,29.2638,0.0
26880.0,3.87,48.7925,1.0127,107.2461,28.8864,0.0
26885.0,3.8701,49.6631,1.0211,108.6943,29.2139,0.0
26890.0,3.8703,49.351,1.0238,108.354,29.7024,0.0
26895.0,3.8705,49.9822,1.0236,108.6901,29.0837,0.0
26900.0,3.8707,49.9975,1.0186,109.2547,29.4758,0.0
26905.0,3.8711,49.3731,1.0421,110.1065,29.0434,0.0
26910.0,3.8714,50.4485,1.0331,109.9275,29.5393,0.0
26915.0,3.8719,49.9957,1.0227,109.2081,29.7122,0.0
26920.0,3.8723,49.9362,1.0191,108.1829,29.2868,0.0
26925.0,3.8729,50.1953,1.0223,108.7913,28.8483,0.0
26930.0,3.8734,49.51,1.0295,109.4574,29.3616,0.0
26935.0,3.8741,49.7054,1.0362,110.1591,29.1983,0.0
26940.0,3.8747,49.9672,1.0393,109.3383,28.9395,0.0
26945.0,3.8754,50.1055,1.0131,108.9658,29.8736,0.0
26950.0,3.8762,50.1535,1.0379,109.3048,29.3463,0.0
26955.0,3.877,49.9691,1.0359,108.9417,29.7883,0.0
26960.0,3.8778,49.9273,1.0367,109.0837,28.7866,0.0
26965.0,3.8786,50.3181,1.0303,108.8122,29.4992,0.0
26970.0,3.8795,50.2308,1.0519,110.9848,29.7973,0.0
26975.0,3.8804,50.1023,1.0498,110.6658,29.0335,0.0
26980.0,3.8813,49.655,1.0388,109.0486,29.0288,0.0
26985.0,3.8822,49.2067,1.0484,110.5907,29.6566,0.0
26990.0,3.8831,49.7337,1.0526,110.2433,29.6097,0.0
26995.0,3.8841,49.5907,1.057,110.0879,29.4835,0.0
27000.0,3.885,49.8802,1.054,110.3571,29.5706,0.0
27005.0,3.8859,50.2302,1.055,110.6164,29.621,0.0063
27010.0,3.8869,50.1061,1.039,110.2684,29.1406,0.0125
27015.0,3.8878,50.0592,1.059,110.2791,29.5928,0.0187
27020.0,3.8887,49.8221,1.0387,109.2449,29.6729,0.0249
27025.0,3.8896,50.1904,1.0344,110.3255,29.3102,0.0309
27030.0,3.8905,49.9693,1.0475,109.7708,29.4914,0.0368
27035.0,3.8914,50.4635,1.044,110.2842,29.4734,0.0426
27040.0,3.8922,49.7911,1.0569,110.1117,29.4303,0.0482
27045.0,3.893,49.9246,1.0376,108.9554,29.0854,0.0536
27050.0,3.8938,50.5508,1.0645,109.9812,29.804,0.0588
27055.0,3.8946,50.4952,1.036,111.6767,29.6854,0.0637
27060.0,3.8953,50.4719,1.0634,110.8327,29.4065,0.0685
27065.0,3.8959,50.0322,1.0459,112.1967,29.2054,0.0729
27070.0,3.8966,50.3638,1.0576,110.3684,29.7596,0.0771
27075.0,3.8971,50.22,1.0768,110.2716,29.8517,0.0809
27080.0,3.8977,49.9104,1.077,111.9854,29.8072,0.0844
27085.0,3.8981,50.3181,1.0515,110.7571,29.6241,0.0876
27090.0,3.8986,49.8624,1.046,109.9463,29.55,0.0905
27095.0,3.8989,50.027,1.0442,110.0742,29.5906,0.093
27100.0,3.8993,50.4538,1.0438,110.4782,29.8557,0.0951
27105.0,3.8995,49.7588,1.0562,110.2774,29.5409,0.0969
27110.0,3.8997,50.1086,1.0496,110.0373,29.3903,0.0982
27115.0,3.8999,50.9576,1.0341,110.0047,29.4827,0.0992
27120.0,3.9,50.6519,1.0441,110.9439,30.0174,0.0998
27125.0,3.9,50.2452,1.0396,110.1028,29.3007,0.1
27130.0,3.9,50.3647,1.0542,111.6072,29.3619,0.0998
27135.0,3.8999,50.496,1.0443,110.1985,29.9032,0.0992
27140.0,3.8997,50.0944,1.0365,110.5622,29.5525,0.0982
27145.0,3.8995,49.7814,1.0428,110.6172,29.4363,0.0969
27150.0,3.8993,50.3033,1.0526,110.0748,29.56,0.0951
27155.0,3.8989,50.6721,1.0599,111.355,29.3408,0.093
27160.0,3.8986,50.2215,1.0506,109.5692,29.8454,0.0905
27165.0,3.8981,50.1323,1.0628,112.0044,29.492,0.0876
27170.0,3.8977,50.1893,1.0575,111.1836,29.7446,0.0844
27175.0,3.8971,50.1085,1.0478,111.208,29.256,0.0809
27180.0,3.8966,50.8269,1.0659,111.1465,29.353,0.0771
27185.0,3.8959,50.2467,1.0459,109.7956,29.3913,0.0729
27190.0,3.8953,50.2947,1.0498,109.4951,29.7004,0.0685
27195.0,3.8946,49.9392,1.0549,110.6029,29.4701,0.0637
27200.0,3.8938,50.1841,1.0586,110.7627,29.5238,0.0588
27205.0,3.893,50.3074,1.0583,110.9202,29.6397,0.0536
27210.0,3.8922,50.0672,1.059,110.3091,30.0565,0.0482
27215.0,3.8914,49.7411,1.0579,111.8839,29.748,0.0426
27220.0,3.8905,50.1293,1.0583,110.2848,29.6258,0.0368
27225.0,3.8896,49.8007,1.0444,110.3287,28.8155,0.0309
27230.0,3.8887,50.1976,1.033,109.9071,29.4798,0.0249
27235.0,3.8878,50.0943,1.0285,108.6375,29.549,0.0187
27240.0,3.8869,50.4413,1.0394,109.1682,29.3155,0.0125
27245.0,3.8859,50.2148,1.031,109.9209,29.4724,0.0063
27250.0,3.885,49.3845,1.0404,110.2622,29.0593,0.0
27255.0,3.8841,49.7382,1.0519,110.7,29.3376,0.0
27260.0,3.8831,49.7386,1.0478,110.9114,29.1903,0.0
27265.0,3.8822,50.6636,1.0391,110.2107,29.4427,0.0
27270.0,3.8813,49.6161,1.0251,109.1737,29.2157,0.0
27275.0,3.8804,49.4618,1.0548,110.7751,29.2129,0.0
27280.0,3.8795,49.9371,1.058,110.5901,29.0993,0.0
27285.0,3.8786,49.4938,1.046,110.7542,29.5574,0.0
27290.0,3.8778,49.999,1.0462,110.698,29.0346,0.0
27295.0,3.877,50.3267,1.0481,110.6499,29.1678,0.0
27300.0,3.8762,50.1738,1.0483,109.361,28.8128,0.0
27305.0,3.8754,49.4834,1.043,109.2574,29.1138,0.0
27310.0,3.8747,49.6529,1.0338,108.4207,29.3901,0.0
27315.0,3.8741,49.8974,1.0274,109.9226,29.156,0.0
27320.0,3.8734,49.4164,1.0307,108.6715,29.1073,0.0
27325.0,3.8729,49.7059,1.041,109.4414,29.2324,0.0
27330.0,3.8723,49.8252,1.0347,109.3792,29.0911,0.0
27335.0,3.8719,50.31,1.0442,109.522,28.9492,0.0
27340.0,3.8714,50.2166,1.0411,108.7711,28.6949,0.0
27345.0,3.8711,49.7138,1.0515,110.2894,29.0304,0.0
27350.0,3.8707,49.6521,1.0264,110.206,28.788,0.0
27355.0,3.8705,49.5303,1.0442,109.3735,29.0167,0.0
27360.0,3.8703,49.8055,1.0381,109.0235,29.1526,0.0
27365.0,3.8701,49.6912,1.0318,109.0599,29.176,0.0
27370.0,3.87,49.8367,1.0326,109.8701,29.3027,0.0
27375.0,3.87,49.2915,1.021,109.1479,28.7805,0.0
27380.0,3.87,49.6166,1.0306,110.1696,29.0459,0.0
27385.0,3.8701,49.588,1.033,108.9251,28.7148,0.0
27390.0,3.8703,50.0463,1.0171,109.5529,29.0922,0.0
27395.0,3.8705,49.6459,1.0437,109.8012,28.5378,0.0
27400.0,3.8707,49.9485,1.0361,109.1951,29.0926,0.0
27405.0,3.8711,49.6953,1.0374,109.5139,29.5474,0.0
27410.0,3.8714,50.1047,1.0261,108.9261,29.0518,0.0
27415.0,3.8719,50.113,1.0285,109.1023,29.1922,0.0
27420.0,3.8723,49.5266,1.0375,109.3252,29.4513,0.0
27425.0,3.8729,49.7905,1.0324,108.6352,28.8762,0.0
27430.0,3.8734,49.7228,1.0414,109.8306,29.0051,0.0
27435.0,3.8741,50.3812,1.0374,109.517,28.7859,0.0
27440.0,3.8747,49.9113,1.0445,108.9428,29.0845,0.0
27445.0,3.8754,49.8248,1.0296,109.641,28.5173,0.0
27450.0,3.8762,50.1735,1.0648,110.1251,29.0112,0.0
27455.0,3.877,49.5996,1.054,110.2551,28.5166,0.0
27460.0,3.8778,50.2053,1.035,109.7401,28.6346,0.0
27465.0,3.8786,49.7658,1.0369,109.5906,29.087,0.0
27470.0,3.8795,49.2099,1.0366,109.4635,29.3451,0.0
27475.0,3.8804,50.0418,1.0476,111.0029,28.8082,0.0
27480.0,3.8813,50.4332,1.0422,110.9984,28.7027,0.0
27485.0,3.8822,49.6263,1.0361,110.0445,29.0394,0.0
27490.0,3.8831,49.5014,1.025,109.5632,28.9561,0.0
27495.0,3.8841,49.5222,1.0358,110.0456,29.0058,0.0
27500.0,3.885,49.7879,1.0769,110.4315,28.9536,0.0
27505.0,3.8859,50.4783,1.0478,111.2162,29.1506,0.0063
27510.0,3.8869,50.3692,1.077,110.6542,29.4901,0.0125
27515.0,3.8878,49.9433,1.032,109.7787,29.5869,0.0187
27520.0,3.8887,50.0978,1.056,109.9401,29.5706,0.0249
27525.0,3.8896,50.0304,1.0483,111.6236,29.2007,0.0309
27530.0,3.8905,50.3991,1.0421,109.3289,28.8409,0.0368
27535.0,3.8914,50.9373,1.0383,110.6995,28.5754,0.0426
27540.0,3.8922,49.9204,1.0599,111.4077,29.4738,0.0482
27545.0,3.893,50.3689,1.039,109.1527,28.7265,0.0536
27550.0,3.8938,50.1877,1.0305,110.213,29.2549,0.0588
27555.0,3.8946,50.3222,1.0384,109.4204,29.1339,0.0637
27560.0,3.8953,49.844,1.0481,111.0219,29.0609,0.0685
27565.0,3.8959,50.0544,1.0525,110.7041,29.2838,0.0729
27570.0,3.8966,50.0434,1.0464,110.5293,29.0735,0.0771
27575.0,3.8971,50.3266,1.0613,111.3208,29.1113,0.0809
27580.0,3.8977,49.9148,1.0264,110.1072,29.2262,0.0844
27585.0,3.8981,50.5131,1.0413,108.8769,28.9424,0.0876
27590.0,3.8986,49.5884,1.0531,111.1952,28.9368,0.0905
27595.0,3.8989,50.3646,1.0373,111.1306,28.9373,0.093
27600.0,3.8993,50.2928,1.0517,110.7518,28.6631,0.0951
27605.0,3.8995,50.2048,1.0551,110.2597,29.0337,0.0969
27610.0,3.8997,50.3465,1.0372,109.4545,28.6261,0.0982
27615.0,3.8999,49.9073,1.0642,110.8476,28.9433,0.0992
27620.0,3.9,50.5174,1.0536,109.6836,29.2508,0.0998
27625.0,3.9,49.8111,1.0581,111.6749,28.7323,0.1
27630.0,3.9,50.1077,1.0556,111.9463,28.9057,0.0998
27635.0,3.8999,49.8765,1.0561,111.2107,28.825,0.0992
27640.0,3.8997,50.3342,1.0468,111.1516,28.9065,0.0982
27645.0,3.8995,49.9814,1.0713,113.0987,28.931,0.0969
27650.0,3.8993,50.3105,1.0725,110.7875,28.7919,0.0951
27655.0,3.8989,50.0177,1.0432,110.5694,28.63,0.093
27660.0,3.8986,50.5503,1.0627,111.1337,28.7116,0.0905
27665.0,3.8981,49.7282,1.0321,111.0282,28.9761,0.0876
27670.0,3.8977,50.3128,1.0243,109.2144,28.496,0.0844
27675.0,3.8971,50.2641,1.0311,109.1097,29.3166,0.0809
27680.0,3.8966,50.1689,1.05,110.6282,28.834,0.0771
27685.0,3.8959,50.2795,1.0469,110.2243,28.2287,0.0729
27690.0,3.8953,49.3859,1.0509,109.9047,29.0231,0.0685
27695.0,3.8946,50.2742,1.066,110.885,28.5397,0.0637
27700.0,3.8938,50.21,1.0418,110.7615,28.7216,0.0588
27705.0,3.893,49.695,1.0535,109.7651,28.5849,0.0536
27710.0,3.8922,50.0388,1.0549,110.9554,28.5878,0.0482
27715.0,3.8914,50.6691,1.047,109.8938,28.788,0.0426
27720.0,3.8905,49.9376,1.0468,110.2718,29.2968,0.0368
27725.0,3.8896,50.5201,1.0366,109.8224,28.7734,0.0309
27730.0,3.8887,50.1298,1.0431,109.7496,28.5915,0.0249
27735.0,3.8878,49.8029,1.0333,110.1588,28.3383,0.0187
27740.0,3.8869,50.5763,1.0466,109.5796,28.9652,0.0125
27745.0,3.8859,49.9474,1.0357,109.7655,28.9372,0.0063
27750.0,3.885,50.0545,1.0218,107.4962,28.8351,0.0
27755.0,3.8841,50.2087,1.0223,108.5876,28.4058,0.0
27760.0,3.8831,49.6743,1.0332,109.4369,28.6443,0.0
27765.0,3.8822,49.7507,1.0315,110.1965,28.9602,0.0
27770.0,3.8813,49.9453,1.0614,111.4885,28.7155,0.0
27775.0,3.8804,50.1268,1.0526,109.9611,28.3241,0.0
27780.0,3.8795,49.7414,1.0518,109.8162,28.5094,0.0
27785.0,3.8786,49.6869,1.0373,109.3924,28.7973,0.0
27790.0,3.8778,49.4975,1.0346,110.4893,28.3777,0.0
27795.0,3.877,49.6313,1.022,108.8703,28.3769,0.0
27800.0,3.8762,49.9423,1.0124,109.3242,28.7735,0.0
27805.0,3.8754,49.6339,1.0407,109.5606,28.3315,0.0
27810.0,3.8747,49.8886,1.033,109.3905,29.0157,0.0
27815.0,3.8741,50.3025,1.0387,108.6372,28.1653,0.0
27820.0,3.8734,49.8311,1.0125,107.6342,28.4786,0.0
27825.0,3.8729,49.6183,1.0321,109.5155,28.1665,0.0
27830.0,3.8723,49.7904,1.0289,109.5635,28.0509,0.0
27835.0,3.8719,49.7313,1.0419,109.9968,28.9849,0.0
27840.0,3.8714,49.7021,1.0312,109.8416,28.4383,0.0
27845.0,3.8711,49.8059,1.0326,108.8642,28.4039,0.0
27850.0,3.8707,49.7547,1.0173,107.9286,28.6967,0.0
27855.0,3.8705,49.9014,1.0462,110.2706,28.5023,0.0
27860.0,3.8703,49.8331,1.0361,109.2889,28.4681,0.0
27865.0,3.8701,49.4726,1.0499,110.0409,28.7197,0.0
27870.0,3.87,49.2059,1.0396,108.5482,28.2225,0.0
27875.0,3.87,49.8089,1.0506,108.5407,28.4329,0.0
27880.0,3.87,49.7644,1.0275,108.4134,28.5605,0.0
27885.0,3.8701,49.8515,1.0272,109.317,28.6809,0.0
27890.0,3.8703,49.798,1.0567,110.5286,28.2685,0.0
27895.0,3.8705,49.3597,1.0363,108.9449,28.5839,0.0
27900.0,3.8707,49.404,1.0361,110.018,27.9484,0.0
27905.0,3.8711,49.8311,1.0267,107.6796,28.2156,0.0
27910.0,3.8714,50.1966,1.0315,110.0068,28.8756,0.0
27915.0,3.8719,49.1316,1.0329,108.6165,28.5909,0.0
27920.0,3.8723,49.5483,1.0167,109.3491,28.5078,0.0
27925.0,3.8729,50.5402,1.0417,109.0065,28.4913,0.0
27930.0,3.8734,49.5517,1.0664,111.5129,28.3283,0.0
27935.0,3.8741,49.9527,1.026,107.7533,28.3567,0.0
27940.0,3.8747,49.5194,1.0461,110.8351,28.622,0.0
27945.0,3.8754,50.1208,1.0467,110.0905,28.5011,0.0
27950.0,3.8762,49.7472,1.043,109.9389,28.2785,0.0
27955.0,3.877,50.0303,1.0446,109.9253,28.4364,0.0
27960.0,3.8778,49.6655,1.0454,109.2883,28.4448,0.0
27965.0,3.8786,49.3884,1.0431,110.6085,28.4183,0.0
27970.0,3.8795,50.4598,1.0431,109.4133,28.0735,0.0
27975.0,3.8804,49.7514,1.0464,108.9871,28.416,0.0
27980.0,3.8813,50.2414,1.0469,109.9495,28.5331,0.0
27985.0,3.8822,50.4787,1.0368,110.3701,28.603,0.0
27990.0,3.8831,49.5745,1.0488,109.0233,28.6755,0.0
27995.0,3.8841,49.7396,1.0516,110.3664,28.0887,0.0
28000.0,3.885,50.1962,1.0558,110.0951,28.0693,0.0
28005.0,3.8859,49.7741,1.0434,109.5702,28.4835,0.0063
28010.0,3.8869,49.7054,1.0486,110.2512,28.222,0.0125
28015.0,3.8878,50.3014,1.0275,108.0897,28.5058,0.0187
28020.0,3.8887,49.8397,1.0335,109.2776,28.4101,0.0249
28025.0,3.8896,50.0097,1.0431,110.4917,28.5522,0.0309
28030.0,3.8905,49.7589,1.0388,109.4835,28.5306,0.0368
28035.0,3.8914,49.7552,1.0599,109.0476,28.3293,0.0426
28040.0,3.8922,50.0442,1.054,110.6227,28.3274,0.0482
28045.0,3.893,50.2073,1.055,110.6591,28.1377,0.0536
28050.0,3.8938,50.5095,1.0384,110.5117,28.5084,0.0588
28055.0,3.8946,50.0453,1.0562,111.2459,28.6857,0.0637
28060.0,3.8953,50.4251,1.0401,111.4223,28.4905,0.0685
28065.0,3.8959,50.4207,1.0528,109.6575,28.1407,0.0729
28070.0,3.8966,50.6188,1.0444,110.158,28.4178,0.0771
28075.0,3.8971,49.8351,1.0463,109.8906,28.8273,0.0809
28080.0,3.8977,50.2606,1.0562,110.6917,28.7548,0.0844
28085.0,3.8981,50.3127,1.0511,110.5028,28.4999,0.0876
28090.0,3.8986,50.3823,1.047,111.2662,28.6048,0.0905
28095.0,3.8989,50.5267,1.0539,110.6444,28.4268,0.093
28100.0,3.8993,50.3694,1.0472,109.1793,28.3481,0.0951
28105.0,3.8995,50.2055,1.0496,110.1978,28.6333,0.0969
28110.0,3.8997,50.4268,1.0613,110.7105,28.4052,0.0982
28115.0,3.8999,49.7558,1.0503,111.3506,27.9595,0.0992
28120.0,3.9,49.9284,1.0494,111.1442,28.6842,0.0998
28125.0,3.9,50.0893,1.0475,110.3489,28.1146,0.1
28130.0,3.9,49.8324,1.0567,111.7912,28.4234,0.0998
28135.0,3.8999,50.9247,1.0439,109.7862,28.2527,0.0992
28140.0,3.8997,50.4417,1.0513,110.434,28.723,0.0982
28145.0,3.8995,50.3666,1.0487,110.3073,28.5767,0.0969
28150.0,3.8993,50.8952,1.0431,109.9378,28.5536,0.0951
28155.0,3.8989,50.3308,1.0379,109.8225,28.4676,0.093
28160.0,3.8986,49.4555,1.0632,110.2784,28.6626,0.0905
28165.0,3.8981,50.7647,1.0496,110.7455,28.3069,0.0876
28170.0,3.8977,50.0371,1.0439,110.9286,27.8898,0.0844
28175.0,3.8971,50.5003,1.0289,109.6286,28.3197,0.0809
28180.0,3.8966,51.0004,1.0188,109.5152,28.3612,0.0771
28185.0,3.8959,50.3278,1.0409,110.6125,28.1872,0.0729
28190.0,3.8953,49.7533,1.0352,110.334,28.3219,0.0685
28195.0,3.8946,50.2746,1.0773,109.9937,27.8512,0.0637
28200.0,3.8938,49.4839,1.0425,109.6318,28.7544,0.0588
28205.0,3.893,50.1977,1.0639,110.5209,28.3152,0.0536
28210.0,3.8922,49.8602,1.0398,110.5044,28.1111,0.0482
28215.0,3.8914,50.2884,1.0422,110.156,28.0794,0.0426
28220.0,3.8905,50.3204,1.0354,109.6947,28.1081,0.0368
28225.0,3.8896,50.7712,1.0429,110.8881,28.2984,0.0309
28230.0,3.8887,49.8758,1.042,110.0273,28.5605,0.0249
28235.0,3.8878,50.0781,1.0446,109.4212,28.1416,0.0187
28240.0,3.8869,50.0159,1.0438,109.9893,28.048,0.0125
28245.0,3.8859,50.2555,1.0586,110.7409,28.4442,0.0063
28250.0,3.885,50.6954,1.0448,108.9363,28.3125,0.0
28255.0,3.8841,50.0615,1.0456,109.9202,27.9499,0.0
28260.0,3.8831,49.1615,1.0175,109.3076,28.2663,0.0
28265.0,3.8822,49.5887,1.0469,109.4408,28.3482,0.0
28270.0,3.8813,50.2443,1.0319,110.5397,27.8731,0.0
28275.0,3.8804,50.1481,1.0482,109.8706,28.7061,0.0
28280.0,3.8795,49.5792,1.019,109.1781,27.9171,0.0
28285.0,3.8786,50.0937,1.0323,108.2323,27.9597,0.0
28290.0,3.8778,49.9563,1.0248,110.6732,27.9165,0.0
28295.0,3.877,50.2274,1.0464,109.9905,27.7956,0.0
28300.0,3.8762,49.5441,1.0129,109.7185,28.6152,0.0
28305.0,3.8754,50.5286,1.0101,107.9491,28.2606,0.0
28310.0,3.8747,49.8953,1.0377,110.5795,28.3152,0.0
28315.0,3.8741,49.1978,1.0449,110.1829,28.1608,0.0
28320.0,3.8734,49.7256,1.0532,108.553,28.0008,0.0
28325.0,3.8729,50.2722,1.0293,109.0045,27.8318,0.0
28330.0,3.8723,50.149,1.0294,108.3996,27.9919,0.0
28335.0,3.8719,50.6388,1.0373,109.947,27.6585,0.0
28340.0,3.8714,49.2986,1.0354,110.0717,28.1612,0.0
28345.0,3.8711,49.7264,1.0245,109.439,27.6371,0.0
28350.0,3.8707,49.8301,1.0264,109.096,28.4278,0.0
28355.0,3.8705,50.2968,1.0353,109.8768,27.6444,0.0
28360.0,3.8703,49.7798,1.0134,107.9712,27.9309,0.0
28365.0,3.8701,49.7559,1.0284,110.4705,27.8961,0.0
28370.0,3.87,50.2728,1.0508,109.917,27.9594,0.0
28375.0,3.87,49.7915,1.0303,108.5551,28.2058,0.0
28380.0,3.87,49.5801,1.0479,109.7296,27.7969,0.0
28385.0,3.8701,49.5312,1.0047,109.169,27.9119,0.0
28390.0,3.8703,49.7258,1.0308,110.136,28.7454,0.0
28395.0,3.8705,50.3915,1.046,109.7591,28.0751,0.0
28400.0,3.8707,49.6424,1.0476,111.0062,28.1204,0.0
28405.0,3.8711,49.8964,1.0252,109.7116,28.0773,0.0
28410.0,3.8714,49.8079,1.0346,107.9719,28.3782,0.0
28415.0,3.8719,49.7597,1.0283,108.7897,27.8794,0.0
28420.0,3.8723,50.0194,1.0353,109.9096,28.3068,0.0
28425.0,3.8729,49.9934,1.0456,110.3627,28.3524,0.0
28430.0,3.8734,50.0941,1.0392,109.8101,27.9584,0.0
28435.0,3.8741,49.8314,1.053,110.88,28.3533,0.0
28440.0,3.8747,49.3631,1.059,111.0845,27.8182,0.0
28445.0,3.8754,49.8127,1.0233,107.8819,28.0891,0.0
28450.0,3.8762,50.4001,1.0465,109.6263,28.3091,0.0
28455.0,3.877,49.528,1.0374,109.7387,28.1767,0.0
28460.0,3.8778,50.2007,1.024,108.9901,28.2559,0.0
28465.0,3.8786,50.0416,1.0353,108.7721,28.122,0.0
28470.0,3.8795,50.0572,1.0533,109.2741,28.2327,0.0
28475.0,3.8804,50.047,1.0549,110.4097,28.2663,0.0
28480.0,3.8813,49.6996,1.059,109.4557,28.173,0.0
28485.0,3.8822,49.9761,1.0522,110.2566,28.2907,0.0
28490.0,3.8831,50.101,1.0362,109.9484,28.237,0.0
28495.0,3.8841,50.1193,1.0635,110.8952,28.2704,0.0
28500.0,3.885,49.8117,1.0401,108.9093,28.2276,0.0
28505.0,3.8859,49.9143,1.029,108.5265,28.3081,0.0063
28510.0,3.8869,50.5577,1.0636,111.0941,27.9158,0.0125
28515.0,3.8878,49.8177,1.0314,109.6241,28.3562,0.0187
28520.0,3.8887,50.4301,1.0667,111.0799,28.5062,0.0249
28525.0,3.8896,49.7084,1.0403,110.9911,28.0952,0.0309
28530.0,3.8905,50.112,1.046,109.1681,28.7528,0.0368
28535.0,3.8914,50.0284,1.0379,110.4386,28.3741,0.0426
28540.0,3.8922,50.3242,1.0566,109.7338,27.6597,0.0482
28545.0,3.893,50.0489,1.046,109.8827,28.1334,0.0536
28550.0,3.8938,50.3369,1.0327,108.9848,28.2769,0.0588
28555.0,3.8946,50.266,1.0533,110.3942,28.3278,0.0637
28560.0,3.8953,50.1047,1.032,109.8656,28.6202,0.0685
28565.0,3.8959,50.1646,1.0551,111.2453,28.1447,0.0729
28570.0,3.8966,50.101,1.0502,109.3167,28.4662,0.0771
28575.0,3.8971,50.3858,1.0338,109.0172,27.912,0.0809
28580.0,3.8977,50.043,1.0445,109.1028,28.2733,0.0844
28585.0,3.8981,50.4639,1.0556,110.4121,28.4186,0.0876
28590.0,3.8986,49.9286,1.0536,110.3695,28.2738,0.0905
28595.0,3.8989,50.0681,1.0822,111.5014,28.5715,0.093
28600.0,3.8993,50.2359,1.0633,110.4937,28.3713,0.0951
28605.0,3.8995,50.5737,1.0632,111.1682,28.0582,0.0969
28610.0,3.8997,49.9688,1.0709,111.048,28.1638,0.0982
28615.0,3.8999,50.1583,1.0547,110.307,28.3113,0.0992
28620.0,3.9,50.6039,1.0588,110.0449,28.3943,0.0998
28625.0,3.9,49.4388,1.0545,109.8601,28.0994,0.1
28630.0,3.9,50.4621,1.0466,111.0329,28.684,0.0998
28635.0,3.8999,49.904,1.0564,111.8831,28.6062,0.0992
28640.0,3.8997,49.9409,1.0396,111.0726,28.3473,0.0982
28645.0,3.8995,50.3987,1.0675,111.8813,28.7611,0.0969
28650.0,3.8993,50.3008,1.0465,110.5546,28.8046,0.0951
28655.0,3.8989,49.955,1.0426,110.5591,28.1736,0.093
28660.0,3.8986,50.0415,1.0549,111.8145,28.7275,0.0905
28665.0,3.8981,50.4782,1.0398,109.7868,29.0583,0.0876
28670.0,3.8977,50.3748,1.0478,109.3893,28.2289,0.0844
28675.0,3.8971,49.964,1.0515,110.8344,28.1935,0.0809
28680.0,3.8966,50.6328,1.0582,109.302,28.3685,0.0771
28685.0,3.8959,50.1986,1.0417,109.4783,28.1802,0.0729
28690.0,3.8953,50.1161,1.0455,109.9469,28.1964,0.0685
28695.0,3.8946,50.5557,1.0548,110.8118,28.2221,0.0637
28700.0,3.8938,50.1615,1.0482,110.411,28.4128,0.0588
28705.0,3.893,49.8623,1.0484,109.4794,28.6564,0.0536
28710.0,3.8922,50.0991,1.0209,109.1168,28.1172,0.0482
28715.0,3.8914,50.2839,1.0573,108.9243,28.4345,0.0426
28720.0,3.8905,50.6205,1.0531,111.3055,28.5901,0.0368
28725.0,3.8896,50.5951,1.0327,110.644,28.7112,0.0309
28730.0,3.8887,49.4565,1.0603,110.4291,28.3227,0.0249
28735.0,3.8878,50.0231,1.0344,109.4436,28.2976,0.0187
28740.0,3.8869,49.861,1.0437,111.3989,28.3513,0.0125
28745.0,3.8859,50.0793,1.0371,108.8293,28.0624,0.0063
28750.0,3.885,49.9104,1.0249,109.1976,28.2727,0.0
28755.0,3.8841,49.8766,1.0501,108.9933,28.0534,0.0
28760.0,3.8831,50.1613,1.03,108.8545,28.2045,0.0
28765.0,3.8822,50.0235,1.0531,110.9184,28.2834,0.0
28770.0,3.8813,49.9972,1.0298,109.2773,28.2893,0.0
28775.0,3.8804,49.5537,1.0339,109.1882,28.5935,0.0
28780.0,3.8795,49.6524,1.0311,109.9026,28.1131,0.0
28785.0,3.8786,49.868,1.0372,108.8409,28.475,0.0
28790.0,3.8778,49.9665,1.0263,109.5498,27.8614,0.0
28795.0,3.877,49.7949,1.0458,109.7968,28.1345,0.0
28800.0,3.8762,49.8313,1.0401,110.4949,28.5849,0.0
28805.0,3.8754,49.3354,1.0521,109.8302,28.3524,0.0
28810.0,3.8747,49.7211,1.0569,111.3205,28.6599,0.0
28815.0,3.8741,49.6027,1.0457,110.1769,28.4012,0.0
28820.0,3.8734,49.3271,1.0325,109.2077,28.1398,0.0
28825.0,3.8729,49.5972,1.0247,109.2503,27.8768,0.0
28830.0,3.8723,49.1849,1.0356,110.3097,28.3437,0.0
28835.0,3.8719,49.2001,1.0517,109.3931,27.8263,0.0
28840.0,3.8714,49.8161,1.0278,109.9877,28.0592,0.0
28845.0,3.8711,49.8584,1.0473,111.0492,28.3498,0.0
28850.0,3.8707,49.7354,1.0316,109.1937,28.0604,0.0
28855.0,3.8705,49.6129,1.0451,109.1463,28.0416,0.0
28860.0,3.8703,49.8016,1.0423,109.7653,28.4812,0.0
28865.0,3.8701,50.4303,1.0424,110.8334,27.8721,0.0
28870.0,3.87,49.941,1.051,109.5828,28.1837,0.0
28875.0,3.87,49.8123,1.0373,108.8212,28.396,0.0
28880.0,3.87,49.7138,1.0346,109.3711,28.5402,0.0
28885.0,3.8701,49.9438,1.0342,109.9538,28.1325,0.0
28890.0,3.8703,50.0274,1.0557,109.7455,28.7896,0.0
28895.0,3.8705,49.8293,1.0435,109.6255,28.1894,0.0
28900.0,3.8707,49.528,1.0432,110.2446,28.6298,0.0
28905.0,3.8711,50.4608,1.0371,109.5269,28.7681,0.0
28910.0,3.8714,49.6682,1.015,108.3864,28.4541,0.0
28915.0,3.8719,50.2077,1.0121,108.8993,28.3126,0.0
28920.0,3.8723,49.9634,1.0069,109.2604,28.2132,0.0
28925.0,3.8729,50.2621,1.0467,110.3663,28.6089,0.0
28930.0,3.8734,50.0023,1.0478,109.6312,28.0602,0.0
28935.0,3.8741,49.7337,1.0496,110.4652,28.4139,0.0
28940.0,3.8747,49.9331,1.0268,109.1766,28.4075,0.0
28945.0,3.8754,49.6162,1.0329,108.9843,28.1378,0.0
28950.0,3.8762,49.8549,1.0421,109.9145,28.292,0.0
28955.0,3.877,49.8643,1.0439,109.6738,28.4792,0.0
28960.0,3.8778,50.2073,1.0153,108.4144,28.4699,0.0
28965.0,3.8786,50.0061,1.0339,108.9368,28.2904,0.0
28970.0,3.8795,49.8133,1.0532,110.4668,28.3801,0.0
28975.0,3.8804,50.0683,1.0568,109.5261,27.5391,0.0
28980.0,3.8813,49.5936,1.0542,110.4206,28.9621,0.0
28985.0,3.8822,49.7014,1.0179,110.4192,28.9427,0.0
28990.0,3.8831,50.2046,1.0333,109.5339,28.5634,0.0
28995.0,3.8841,49.6177,1.054,108.8739,28.9292,0.0
29000.0,3.885,50.0057,1.0528,109.8912,28.709,0.0
29005.0,3.8859,49.2421,1.0276,109.2945,28.663,0.0063
29010.0,3.8869,49.5871,1.0325,110.0559,28.7188,0.0125
29015.0,3.8878,50.7878,1.0319,110.0789,28.5157,0.0187
29020.0,3.8887,49.8943,1.0417,109.2111,28.6624,0.0249
29025.0,3.8896,49.769,1.0525,111.3093,28.7982,0.0309
29030.0,3.8905,50.0433,1.055,110.9004,28.4256,0.0368
29035.0,3.8914,50.4023,1.0379,109.4591,28.4445,0.0426
29040.0,3.8922,50.1695,1.0433,109.9472,28.6577,0.0482
29045.0,3.893,51.0143,1.0334,110.417,28.2984,0.0536
29050.0,3.8938,49.9,1.0258,110.4262,28.2092,0.0588
29055.0,3.8946,49.0434,1.054,109.413,28.4105,0.0637
29060.0,3.8953,49.9115,1.0431,109.3565,28.7093,0.0685
29065.0,3.8959,49.7898,1.0564,110.4235,28.572,0.0729
29070.0,3.8966,49.7447,1.0617,111.9886,28.5028,0.0771
29075.0,3.8971,50.1878,1.0285,110.1703,29.0141,0.0809
29080.0,3.8977,50.0666,1.0431,111.0757,28.6117,0.0844
29085.0,3.8981,50.3875,1.0309,110.671,28.7416,0.0876
29090.0,3.8986,50.4723,1.0425,110.0853,28.4055,0.0905
29095.0,3.8989,50.8254,1.0273,108.8161,28.5813,0.093
29100.0,3.8993,49.9795,1.0665,111.1099,28.7755,0.0951
29105.0,3.8995,50.3381,1.0386,110.0537,28.9478,0.0969
29110.0,3.8997,49.8871,1.0406,110.3977,28.619,0.0982
29115.0,3.8999,50.8704,1.0348,110.1125,28.4935,0.0992
29120.0,3.9,50.271,1.0491,111.226,28.9265,0.0998
29125.0,3.9,50.3025,1.0529,111.4902,28.8397,0.1
29130.0,3.9,50.4673,1.0396,110.499,29.4008,0.0998
29135.0,3.8999,50.61,1.0488,110.1159,28.2909,0.0992
29140.0,3.8997,50.4894,1.0543,110.5814,28.7578,0.105
29145.0,3.8995,50.3786,1.0345,110.7859,29.0232,0.0969
29150.0,3.8993,50.7642,1.0586,110.6249,29.1188,0.0999
29155.0,3.8989,50.2367,1.0475,111.3161,28.5313,0.093
29160.0,3.8986,50.1935,1.0476,110.248,29.1126,0.0905
29165.0,3.8981,50.4182,1.0428,109.6106,29.2295,0.0876
29170.0,3.8977,50.1939,1.0478,111.1006,28.6142,0.0844
29175.0,3.8971,49.4293,1.0488,110.5629,29.0409,0.0809
29180.0,3.8966,49.9358,1.0584,110.5064,29.0364,0.0771
29185.0,3.8959,50.2398,1.0162,110.5338,29.0127,0.0729
29190.0,3.8953,50.4026,1.0506,109.0999,28.1962,0.0685
29195.0,3.8946,50.2583,1.0326,109.5544,28.5067,0.0637
29200.0,3.8938,50.3216,1.0579,110.6375,28.7797,0.0588
29205.0,3.893,49.9022,1.0317,110.4303,28.4231,0.0536
29210.0,3.8922,50.5276,1.0456,110.4405,28.3338,0.0482
29215.0,3.8914,49.6403,1.0318,111.346,28.8738,0.0429
29220.0,3.8905,50.1307,1.0684,110.9838,28.5519,0.0368
29225.0,3.8896,50.0401,1.0317,110.195,28.5222,0.0309
29230.0,3.8887,50.0453,1.0345,110.2569,28.8325,0.0249
29235.0,3.8878,49.7198,1.0433,110.1499,28.7755,0.0187
29240.0,3.8869,50.1997,1.0532,111.6387,28.0335,0.0125
29245.0,3.8859,49.6887,1.0434,108.9919,28.4288,0.0063
29250.0,3.885,49.9331,1.0198,109.6559,28.7028,0.0
29255.0,3.8841,49.9383,1.0546,110.3432,28.3371,0.0
29260.0,3.8831,50.2665,1.0354,108.5216,28.7242,0.0
29265.0,3.8822,50.3658,1.0209,107.8817,28.796,0.0
29270.0,3.8813,50.4433,1.0541,110.874,28.5185,0.0
29275.0,3.8804,49.585,1.0642,111.7161,28.7149,0.0
29280.0,3.8795,50.2823,1.0256,109.5562,28.539,0.0
29285.0,3.8786,50.261,1.0629,111.797,28.4881,0.0
29290.0,3.8778,49.6278,1.0454,110.4445,28.3804,0.0
29295.0,3.877,49.6502,1.0542,109.1409,28.2076,0.0
29300.0,3.8762,50.2154,1.0372,110.0922,28.3966,0.0
29305.0,3.8754,49.7065,1.032,108.7364,28.3643,0.0
29310.0,3.8747,50.074,1.0433,109.8155,28.679,0.0
29315.0,3.8741,49.7779,1.0379,110.5637,27.9896,0.0
29320.0,3.8734,49.4886,1.0608,110.5026,28.5101,0.0
29325.0,3.8729,49.3732,1.0309,109.3781,28.0926,0.0
29330.0,3.8723,50.4508,1.0324,109.3679,27.7996,0.0
29335.0,3.8719,49.5231,1.0347,108.0165,28.0872,0.0
29340.0,3.8714,49.9971,1.0356,109.3546,28.3163,0.0
29345.0,3.8711,50.1574,1.0428,110.0788,28.451,0.0
29350.0,3.8707,49.8184,1.0239,110.0221,28.4115,0.0
29355.0,3.8705,49.8761,1.0355,110.0068,28.5688,0.0
29360.0,3.8703,50.0069,1.0489,110.0503,28.017,0.0
29365.0,3.8701,49.7473,1.0559,110.5477,28.4408,0.0
29370.0,3.87,49.8781,1.0516,110.5753,28.3,0.0
29375.0,3.87,49.6694,1.0275,109.898,28.6788,0.0
29380.0,3.87,49.7322,1.0325,108.8311,28.0154,0.0
29385.0,3.8701,49.4323,1.0486,109.7465,28.0866,0.0
29390.0,3.8703,50.1668,1.0241,109.392,28.138,0.0
29395.0,3.8705,49.7027,1.0327,108.3983,28.4945,0.0
29400.0,3.8707,49.682,1.0221,109.4372,28.0513,0.0
29405.0,3.8711,49.5634,1.0176,108.088,28.3409,0.0
29410.0,3.8714,49.6119,1.0183,108.7986,27.9272,0.0
29415.0,3.8719,49.6387,1.0301,107.7804,27.8179,0.0
29420.0,3.8723,49.6188,1.0147,108.8952,28.0825,0.0
29425.0,3.8729,49.6213,1.0256,109.1976,27.9792,0.0
29430.0,3.8734,50.2921,1.0556,110.0735,28.6652,0.0
29435.0,3.8741,50.1113,1.0402,109.7157,28.1652,0.0
29440.0,3.8747,50.0407,1.021,108.5749,28.2657,0.0
29445.0,3.8754,49.9195,1.0297,109.591,28.4289,0.0
29450.0,3.8762,50.2794,1.0293,109.1617,28.5785,0.0
29455.0,3.877,49.4676,1.0819,111.1958,28.3988,0.0
29460.0,3.8778,50.0017,1.0366,110.1028,28.6069,0.0
29465.0,3.8786,49.5923,1.0527,111.0058,28.5297,0.0
29470.0,3.8795,50.0085,1.0631,110.6259,28.0347,0.0
29475.0,3.8804,50.0886,1.0449,109.7191,28.4402,0.0
29480.0,3.8813,49.9882,1.0402,109.3599,28.3742,0.0
29485.0,3.8822,50.3643,1.0479,110.8215,28.2006,0.0
29490.0,3.8831,50.2118,1.0465,109.8821,28.5146,0.0
29495.0,3.8841,49.8106,1.0362,109.8706,28.5024,0.0
29500.0,3.885,49.943,1.0492,110.8518,28.2625,0.0211
29505.0,3.8859,50.1971,1.0427,110.855,28.3132,0.0063
29510.0,3.8869,49.7409,1.0365,109.8562,28.1574,0.0125
29515.0,3.8878,50.4005,1.047,111.4341,28.6072,0.0225
29520.0,3.8887,49.7306,1.0685,110.9093,27.8274,0.0249
29525.0,3.8896,50.0597,1.0443,110.6926,28.325,0.0309
29530.0,3.8905,49.6202,1.0418,110.9882,28.7692,0.0368
29535.0,3.8914,50.4631,1.047,111.2919,28.6645,0.0426
29540.0,3.8922,49.9795,1.0761,111.5836,28.7771,0.0482
29545.0,3.893,49.8344,1.0632,111.1948,28.0493,0.0536
29550.0,3.8938,50.3481,1.0355,110.1434,28.826,0.0733
29555.0,3.8946,49.9506,1.0533,109.4635,27.9993,0.0637
29560.0,3.8953,50.602,1.0397,110.3005,28.5129,0.077
29565.0,3.8959,49.9912,1.0557,111.0056,27.996,0.0882
29570.0,3.8966,50.1535,1.0409,111.7746,28.532,0.0771
29575.0,3.8971,50.3419,1.0368,109.7248,28.5124,0.0809
29580.0,3.8977,50.4134,1.0629,109.8001,28.4787,0.0844
29585.0,3.8981,50.317,1.0609,111.1258,27.9908,0.0876
29590.0,3.8986,50.1505,1.0361,110.6836,28.4928,0.0905
29595.0,3.8989,50.5166,1.0538,110.2658,28.2002,0.093
29600.0,3.8993,50.1671,1.058,110.6635,28.471,0.0951
29605.0,3.8995,50.7243,1.0688,111.0191,27.7536,0.0969
29610.0,3.8997,50.3611,1.0519,109.5492,28.1626,0.0982
29615.0,3.8999,50.1559,1.0472,109.9473,28.3096,0.0992
29620.0,3.9,50.3554,1.0308,108.9505,28.5658,0.0998
29625.0,3.9,51.0767,1.046,110.8614,28.0582,0.1
29630.0,3.9,50.3268,1.0398,110.3744,28.6969,0.0998
29635.0,3.8999,50.2982,1.0401,110.1582,28.7006,0.0992
29640.0,3.8997,50.7175,1.0428,110.4923,28.6228,0.0982
29645.0,3.8995,50.1821,1.0488,110.1639,28.2624,0.0969
29650.0,3.8993,49.8376,1.0653,111.5285,28.1604,0.0951
29655.0,3.8989,50.2,1.0426,110.5754,28.6206,0.1362
29660.0,3.8986,49.9441,1.0589,111.0071,28.6892,0.105
29665.0,3.8981,50.0987,1.0333,109.167,28.3502,0.1264
29670.0,3.8977,50.3187,1.0518,110.4713,27.5541,0.1195
29675.0,3.8971,50.2111,1.0526,110.2146,28.6213,0.1117
29680.0,3.8966,50.4012,1.0658,110.8813,28.371,0.0771
29685.0,3.8959,50.22,1.044,110.1254,28.1459,0.0729
29690.0,3.8953,49.839,1.0469,110.2136,28.5694,0.0685
29695.0,3.8946,50.3404,1.058,110.4138,27.8936,0.0637
29700.0,3.8938,50.0944,1.0456,111.6123,28.2391,0.0588
29705.0,3.893,50.135,1.0438,110.1648,27.9535,0.0536
29710.0,3.8922,50.3348,1.0425,110.6441,28.1678,0.052
29715.0,3.8914,50.065,1.0401,109.4246,27.9863,0.0426
29720.0,3.8905,50.5794,1.0282,109.1167,28.7032,0.0368
29725.0,3.8896,49.7205,1.0485,110.364,27.8872,0.0391
29730.0,3.8887,49.7065,1.0525,110.7143,28.0484,0.0249
29735.0,3.8878,49.989,1.04,109.6388,28.1372,0.0187
29740.0,3.8869,50.1378,1.0431,110.059,27.793,0.0125
29745.0,3.8859,50.5582,1.026,109.3965,28.085,0.0063
29750.0,3.885,50.0804,1.0432,109.4358,27.6657,0.0
29755.0,3.8841,50.11,1.0255,108.451,28.2789,0.009
29760.0,3.8831,49.8018,1.0515,110.045,28.026,0.0
29765.0,3.8822,50.2335,1.0271,108.8732,27.6352,0.0
29770.0,3.8813,49.579,1.0384,110.3802,27.9298,0.0
29775.0,3.8804,49.8523,1.0229,109.1969,28.0148,0.0
29780.0,3.8795,49.5864,1.0158,108.6272,27.9111,0.0
29785.0,3.8786,49.4041,1.0394,109.2176,28.0103,0.0
29790.0,3.8778,49.4326,1.0381,109.7799,27.8316,0.0
29795.0,3.877,50.3428,1.0403,109.5266,28.2172,0.0
29800.0,3.8762,50.2873,1.0305,108.9041,27.5162,0.0
29805.0,3.8754,50.0049,1.0409,109.0576,27.7393,0.0
29810.0,3.8747,49.9209,1.0551,110.9312,27.8887,0.0
29815.0,3.8741,49.4148,1.0434,110.7864,27.4177,0.0
29820.0,3.8734,49.0869,1.0377,110.1041,27.4086,0.0
29825.0,3.8729,49.4992,1.0472,109.4995,27.507,0.0
29830.0,3.8723,49.6398,1.0298,108.967,27.9673,0.0
29835.0,3.8719,49.3307,1.0294,109.0605,27.7386,0.0
29840.0,3.8714,49.9091,1.0451,110.3738,27.6432,0.0
29845.0,3.8711,50.3712,1.0431,108.828,27.3884,0.0
29850.0,3.8707,50.0423,1.038,109.6931,27.965,0.0
29855.0,3.8705,49.587,1.0292,109.6668,27.7437,0.0
29860.0,3.8703,49.4976,1.0222,108.3732,27.528,0.0
29865.0,3.8701,49.575,1.0301,109.2586,27.4656,0.0
29870.0,3.87,49.1926,1.0451,110.2148,27.905,0.0
29875.0,3.87,50.0014,1.015,108.34,27.5781,0.0
29880.0,3.87,49.3372,1.0326,109.3324,27.5663,0.0
29885.0,3.8701,49.7793,1.0306,107.9838,28.1106,0.0
29890.0,3.8703,49.7731,1.0261,108.218,27.7163,0.0
29895.0,3.8705,50.3653,1.0493,108.8665,27.5711,0.0
29900.0,3.8707,49.5074,1.027,108.3359,27.7996,0.0
29905.0,3.8711,49.9126,1.0261,109.0,27.5475,0.0
29910.0,3.8714,49.5989,1.0111,108.6584,27.5466,0.0
29915.0,3.8719,49.8639,1.0248,109.4779,27.4061,0.0
29920.0,3.8723,50.323,1.042,109.7089,28.1033,0.0
29925.0,3.8729,49.578,1.0184,108.5846,28.0501,0.0
29930.0,3.8734,50.0098,1.0359,108.2281,27.1968,0.0
29935.0,3.8741,50.238,1.0235,109.9975,27.6239,0.0
29940.0,3.8747,49.8011,1.0235,109.7083,27.3638,0.0
29945.0,3.8754,50.1316,1.0423,109.6903,27.0972,0.0
29950.0,3.8762,49.8444,1.0359,108.2554,27.8386,0.0
29955.0,3.877,49.6623,1.0332,109.5992,27.1544,0.0
29960.0,3.8778,50.2283,1.0382,109.6529,27.8674,0.0
29965.0,3.8786,49.9305,1.0181,109.6615,26.6993,0.0
29970.0,3.8795,49.4814,1.0468,110.5207,27.304,0.0
29975.0,3.8804,49.7219,1.0248,109.6903,26.794,0.0
29980.0,3.8813,49.6545,1.0473,110.9418,27.7972,0.0
29985.0,3.8822,49.8365,1.0476,110.3803,27.1881,0.0
29990.0,3.8831,50.03,1.0378,109.7422,27.5144,0.0
29995.0,3.8841,50.2559,1.059,110.6035,27.2971,0.0246
30000.0,3.885,49.8552,1.0514,111.6571,27.409,0.0854
30005.0,3.8859,49.7324,1.0484,110.1028,27.359,0.0816
30010.0,3.8869,49.515,1.0521,112.2386,27.0216,0.0626
30015.0,3.8878,50.2087,1.0469,110.6447,27.3695,0.0469
30020.0,3.8887,50.1921,1.0512,110.3244,27.8033,0.0382
30025.0,3.8896,49.8046,1.0503,111.1555,27.1714,0.0343
30030.0,3.8905,51.0954,1.0435,110.0429,27.2639,0.0368
30035.0,3.8914,50.0837,1.0271,108.9391,27.4864,0.0804
30040.0,3.8922,50.1716,1.0416,110.0527,27.1908,0.0659
30045.0,3.893,50.136,1.0735,112.8145,27.3087,0.0946
30050.0,3.8938,50.006,1.0544,111.2854,27.3816,0.1158
30055.0,3.8946,49.634,1.0666,110.5245,27.521,0.1528
30060.0,3.8953,50.4923,1.0415,110.0508,26.9731,0.1756
30065.0,3.8959,49.8219,1.0533,111.1075,27.0171,0.1993
30070.0,3.8966,50.4011,1.0427,109.3196,27.3515,0.2352
30075.0,3.8971,50.4768,1.0343,109.866,27.4687,0.2631
30080.0,3.8977,50.4903,1.0473,110.5531,27.3104,0.3153
30085.0,3.8981,49.9749,1.0592,110.435,27.4677,0.3535
30090.0,3.8986,50.1311,1.0538,111.3883,26.9893,0.4228
30095.0,3.8989,50.4225,1.0442,110.5191,27.2198,0.4262
30100.0,3.8993,50.8147,1.0343,110.839,27.1871,0.4993
30105.0,3.8995,50.0224,1.0512,109.3778,27.113,0.5383
30110.0,3.8997,50.0559,1.0397,109.7711,27.0076,0.5748
30115.0,3.8999,50.778,1.03,109.1183,27.204,0.6179
30120.0,3.9,50.2065,1.0462,111.2291,27.3843,0.6609
30125.0,3.9,49.8911,1.052,110.617,27.2974,0.734
30130.0,3.9,49.9691,1.052,110.6467,26.7974,0.7758
30135.0,3.8999,50.4381,1.0297,109.4125,27.0403,0.83
30140.0,3.8997,50.0704,1.0469,109.8592,27.0135,0.8808
30145.0,3.8995,50.2837,1.0587,110.4808,26.8812,0.9583
30150.0,3.8992,50.6022,1.034,110.3101,26.9787,0.9976
30155.0,3.8989,50.384,1.0426,109.9814,26.7552,1.0716
30160.0,3.8985,49.9128,1.0551,110.4976,26.9049,1.1305
30165.0,3.8981,50.1971,1.0323,110.2541,27.162,1.177
30170.0,3.8976,50.4885,1.047,110.3217,27.1703,1.2456
30175.0,3.8971,49.6147,1.0504,109.8166,26.9342,1.3161
30180.0,3.8965,50.2099,1.0497,110.988,26.9156,1.3446
30185.0,3.8959,50.2221,1.0638,111.0548,26.9544,1.3867
30190.0,3.8952,50.415,1.0782,111.324,26.8178,1.435
30195.0,3.8945,49.8714,1.0439,110.5576,27.4811,1.4981
30200.0,3.8937,50.547,1.0649,110.2998,26.8177,1.5698
30205.0,3.8929,50.0758,1.0623,110.2803,26.6232,1.6338
30210.0,3.8921,50.1823,1.0415,110.3274,26.983,1.698
30215.0,3.8913,49.8426,1.0642,111.3927,26.6327,1.7659
30220.0,3.8904,50.1338,1.0165,109.4309,26.8171,1.8359
30225.0,3.8895,50.4009,1.0495,109.8049,26.467,1.8735
30230.0,3.8885,50.1497,1.0519,109.5264,26.3208,1.9519
30235.0,3.8876,50.2351,1.04,110.3884,26.8055,2.0397
30240.0,3.8866,50.1293,1.0625,109.729,26.0067,2.1012
30245.0,3.8857,49.9967,1.0512,109.494,26.5665,2.1568
30250.0,3.8847,49.6536,1.0436,110.3788,26.4512,2.226
30255.0,3.8838,50.1048,1.025,108.9226,26.7396,2.2976
30260.0,3.8828,50.0432,1.0269,109.0042,26.4964,2.3671
30265.0,3.8818,50.2968,1.0473,110.1889,26.6274,2.4444
30270.0,3.8809,49.9468,1.0482,110.3729,26.7527,2.4929
30275.0,3.8798,49.9914,1.0371,109.5871,26.3635,2.5489
30280.0,3.8788,49.6493,1.0537,110.7345,26.2102,2.618
30285.0,3.878,49.5259,1.0555,109.8913,26.4906,2.6888
30290.0,3.877,50.0095,1.0488,109.184,26.2578,2.7307
30295.0,3.8761,49.3586,1.0216,108.9948,26.4982,2.8034
30300.0,3.8753,49.9348,1.0247,110.0615,26.4891,2.8688
30305.0,3.8744,50.2017,1.0292,109.6882,26.2915,2.9196
30310.0,3.8734,49.7139,1.0198,109.1199,26.0664,2.965
30315.0,3.8727,50.0108,1.0293,108.8865,26.2212,3.0261
30320.0,3.872,49.5172,1.0289,109.531,26.3507,3.0848
30325.0,3.8711,49.8855,1.0487,110.2546,26.159,3.1702
30330.0,3.8702,50.0842,1.0301,109.0956,25.9464,3.2409
30335.0,3.8697,50.0034,1.0217,108.9964,26.2741,3.3015
30340.0,3.8693,49.7168,1.0367,108.2082,26.6061,3.3499
30345.0,3.8684,49.6513,1.024,109.3887,26.2173,3.4091
30350.0,3.8675,49.6378,1.0244,109.4395,26.0636,3.4834
30355.0,3.8671,49.855,1.0484,111.1351,26.3352,3.5631
30360.0,3.8663,49.2703,1.041,109.2897,26.1052,3.6171
30365.0,3.865,49.3454,1.0492,108.1947,25.7603,3.7009
30370.0,3.8652,49.7829,1.0296,109.3437,26.4499,3.7794
30375.0,3.864,49.5098,1.0507,110.2895,25.9441,3.8273
30380.0,3.8629,49.8479,1.0233,109.6891,25.5662,3.8659
30385.0,3.8631,49.8439,1.0328,108.8364,26.1163,3.9408
30390.0,3.8618,49.1926,1.0164,109.3389,25.7072,3.9887
30395.0,3.8612,49.3466,1.0467,110.8603,25.8782,4.0709
30400.0,3.8607,49.7724,1.0518,109.4999,26.008,4.1383
30405.0,3.8592,49.5985,1.0217,109.9702,25.832,4.2103
30410.0,3.8579,49.338,1.0214,107.0613,25.597,4.2572
30415.0,3.8579,49.5092,1.0058,108.5301,25.984,4.3316
30420.0,3.8559,48.6984,1.0181,107.6133,25.7816,4.4013
30425.0,3.855,49.256,1.0443,110.3584,25.8466,4.4647
30430.0,3.8521,49.4167,1.0298,107.8614,25.7836,4.5621
30435.0,3.8512,49.1621,1.0336,108.3162,25.7508,4.6037
30440.0,3.8506,49.0985,1.0311,109.1863,26.0747,4.6788
30445.0,3.8475,48.7232,1.0266,108.1164,26.041,4.7628
30450.0,3.8393,49.2364,1.0284,106.8691,25.3451,4.847
30455.0,3.8371,48.9215,1.0239,108.0723,25.6049,4.9299
30460.0,3.8365,48.7893,1.018,106.8952,25.8238,4.9807
30465.0,3.8279,48.856,1.0064,106.9937,25.3773,5.0577
30470.0,3.8256,48.9045,1.0162,107.8973,25.7426,5.1385
30475.0,3.8217,48.7589,1.0217,106.139,25.7957,5.2008
30480.0,3.8207,49.1326,1.0138,105.6532,26.3147,5.277
30485.0,3.8092,48.4598,0.9967,105.4988,25.845,5.3462
30490.0,3.8013,48.4758,0.9863,103.8203,25.628,5.3999
30495.0,3.7894,47.8405,1.014,106.9635,25.4169,5.473
30500.0,3.7858,48.2687,0.9971,104.1577,25.8932,5.5504
30505.0,3.7735,47.9024,0.9905,103.462,25.7745,5.6218
30510.0,3.7512,47.549,0.971,102.2659,25.1814,5.6934
30515.0,3.7543,47.8338,0.9806,101.652,25.8295,5.7436
30520.0,3.739,47.6406,0.9956,102.4108,25.5554,5.798
30525.0,3.7303,46.7286,1.0077,102.6431,26.0322,5.8778
30530.0,3.7048,46.9445,0.9514,98.6284,25.515,5.9417
30535.0,3.6937,46.9744,0.9555,99.3528,25.603,5.9939
30540.0,3.6707,46.7709,0.9389,95.8453,25.5193,6.0663
30545.0,3.671,45.8555,0.9335,96.4886,25.6795,6.0857
30550.0,3.6375,46.0782,0.9443,94.0067,25.2816,6.157
30555.0,3.6236,45.2868,0.9238,94.7857,25.375,6.2063
30560.0,3.5945,44.6641,0.9319,92.7802,25.402,6.2829
30565.0,3.5553,44.119,0.8979,90.1781,25.0209,6.3526
30570.0,3.55,44.5815,0.9082,90.5899,25.7397,6.4102
30575.0,3.5133,43.4544,0.8949,86.9021,25.0925,6.4529
30580.0,3.5017,42.9687,0.8952,87.1268,25.5922,6.5055
30585.0,3.4684,42.8737,0.8635,83.481,25.0925,6.5448
30590.0,3.4633,42.7745,0.859,84.753,25.8446,6.5941
30595.0,3.4242,42.1887,0.8644,82.2535,25.2651,6.636
30600.0,3.3988,41.4094,0.8539,82.6871,25.2583,6.6798
30605.0,3.3705,40.7319,0.8303,78.3535,25.4631,6.7352
30610.0,3.3376,40.1578,0.8181,76.8868,25.5975,6.7923
30615.0,3.295,39.9323,0.8035,75.1967,25.5033,6.8519
30620.0,3.2484,39.0541,0.8066,73.7915,25.4047,6.9145
30625.0,3.2459,38.8547,0.8218,73.6497,25.7235,6.9313
30630.0,3.2101,37.7673,0.7804,71.9038,25.838,6.982
30635.0,3.1866,37.6976,0.8,69.1765,25.0943,6.9901
30640.0,3.1617,37.2217,0.7844,70.0784,25.1522,7.0233
30645.0,3.1521,37.0897,0.7543,67.3852,25.6657,7.0504
30650.0,3.113,36.0718,0.7713,65.5152,25.5893,7.0959
30655.0,3.0439,35.3288,0.7367,62.5631,24.8415,7.1531
30660.0,3.014,34.5131,0.7229,60.9471,25.079,7.182
30665.0,2.9881,33.968,0.7398,59.6853,25.2589,7.1993
30670.0,2.9188,32.7842,0.7187,55.6309,24.9259,7.2493
30675.0,2.8562,32.1681,0.6894,52.7657,25.108,7.2935
30680.0,2.8212,30.8903,0.6501,51.4551,25.0542,7.299
30685.0,2.7484,29.8818,0.6835,49.8186,24.6946,7.3377
30690.0,2.6868,28.6747,0.6583,46.1,25.2457,7.3655
30695.0,2.6192,28.1253,0.6346,42.6528,25.3329,7.3906
30700.0,2.556,26.5383,0.6168,40.3261,24.6661,7.4087
30705.0,2.5033,26.059,0.6223,38.812,24.3695,7.4146
30710.0,2.4223,24.3713,0.5999,33.2659,24.9732,7.4421
30715.0,2.3531,23.5257,0.5783,31.5112,25.2323,7.455
30720.0,2.2767,22.5563,0.5595,28.2393,24.9582,7.4816
30725.0,2.2282,20.7376,0.5816,27.7372,24.6622,7.4776
30730.0,2.1711,19.5482,0.5561,25.2914,24.615,7.4794
30735.0,2.1188,19.2549,0.5556,23.5669,24.6188,7.4755
30740.0,2.1013,19.0547,0.5624,22.8017,24.3456,7.4373
30745.0,2.0264,17.4696,0.5372,19.5479,24.7299,7.4567
30750.0,1.97,16.803,0.53,17.9409,25.2125,7.4489
30755.0,1.9285,15.21,0.5305,16.7163,25.38,7.4327
30760.0,1.9019,15.4884,0.5312,16.2952,24.7359,7.4302
30765.0,1.8613,14.3781,0.5182,16.6761,24.6766,7.4286
30770.0,1.8355,13.8659,0.5208,14.9632,24.6713,7.4265
30775.0,1.8401,14.6787,0.5054,13.81,24.3527,7.4271
30780.0,1.8194,13.932,0.521,14.4291,24.7895,7.4345
30785.0,1.8142,13.6276,0.5237,14.1058,24.418,7.4581
30790.0,1.8116,13.623,0.5224,14.4023,24.451,7.4549
30795.0,1.8135,14.2416,0.5138,12.1118,24.09,7.465
30800.0,1.793,13.236,0.5111,13.764,24.695,7.4639
30805.0,1.7984,13.4165,0.5244,14.8846,24.5624,7.4541
30810.0,1.8015,13.1264,0.5148,13.6329,24.1025,7.4683
30815.0,1.7966,13.0984,0.5049,11.3355,24.4362,7.4529
30820.0,1.8037,13.5373,0.5184,13.8576,24.1129,7.4516
30825.0,1.7962,13.4737,0.5053,13.7357,24.1063,7.462
30830.0,1.7852,13.617,0.5129,13.2008,24.0781,7.4821
30835.0,1.7574,12.9626,0.5102,12.3175,24.5367,7.5089
30840.0,1.7608,13.0558,0.4849,11.7721,24.1981,7.5202
30845.0,1.7634,12.6085,0.4877,11.5659,24.1838,7.5128
30850.0,1.7555,13.0235,0.4958,10.8623,24.3837,7.5139
30855.0,1.7551,12.7994,0.4987,11.8557,24.2934,7.5181
30860.0,1.7633,12.7519,0.4955,13.184,23.9968,7.5178
30865.0,1.7653,12.912,0.5155,14.8271,23.872,7.5202
30870.0,1.7496,12.2079,0.5065,11.5767,24.374,7.5213
30875.0,1.7723,13.0508,0.4959,11.8801,23.7841,7.5099
30880.0,1.7439,12.5991,0.5224,11.9125,24.6555,7.5153
30885.0,1.7709,12.6406,0.4968,11.6523,23.8895,7.5069
30890.0,1.763,13.0952,0.4986,11.7827,24.0058,7.5175
30895.0,1.7565,12.6532,0.4843,13.3284,23.8636,7.5437
30900.0,1.7559,12.5063,0.5027,11.3842,23.9172,7.545
30905.0,1.76,12.5478,0.5091,12.7525,23.6343,7.5581
30910.0,1.7433,12.3858,0.5018,11.0844,24.1905,7.5621
30915.0,1.7423,11.927,0.4924,10.7415,24.1911,7.5686
30920.0,1.7452,12.1537,0.5151,11.0696,24.1157,7.5718
30925.0,1.756,12.1144,0.4987,11.9076,23.9954,7.5607
30930.0,1.7774,12.7755,0.5224,13.0543,23.6678,7.5401
30935.0,1.7752,12.7069,0.5013,11.6069,24.0397,7.5255
30940.0,1.7575,12.4347,0.5149,13.084,24.4704,7.5416
30945.0,1.7809,13.306,0.512,12.3833,24.2125,7.515
30950.0,1.805,13.4156,0.4884,12.4508,23.7007,7.5022
30955.0,1.7986,13.4085,0.5161,13.3628,23.9677,7.5054
30960.0,1.8029,13.2382,0.517,14.4657,23.9513,7.5049
30965.0,1.8022,12.949,0.4912,13.338,23.964,7.5131
30970.0,1.8062,13.1947,0.5137,13.9128,23.9339,7.515
30975.0,1.795,12.8787,0.4984,13.6524,23.9611,7.5448
30980.0,1.7982,13.288,0.519,14.8142,23.7118,7.5636
30985.0,1.7888,12.3247,0.5055,13.3289,23.9619,7.5767
30990.0,1.7804,13.2555,0.5104,11.435,24.0585,7.5977
30995.0,1.7836,12.6809,0.5139,12.3651,24.1077,7.5971
31000.0,1.7956,13.6402,0.5397,14.0781,23.576,7.6147
31005.0,1.7758,13.0612,0.5116,13.5698,23.787,7.6539
31010.0,1.7736,13.1087,0.507,10.8002,24.0759,7.6498
31015.0,1.7602,12.5295,0.5145,13.3618,24.545,7.6569
31020.0,1.7973,13.3767,0.5284,12.3108,23.4217,7.6589
31025.0,1.7881,13.0542,0.5175,13.5705,23.9031,7.6549
31030.0,1.7822,13.4799,0.5254,12.3946,23.8342,7.6806
31035.0,1.7753,12.8846,0.5325,13.3391,23.7747,7.7096
31040.0,1.7913,13.4043,0.5318,13.793,23.4651,7.7042
31045.0,1.793,13.38,0.5232,13.9791,23.6722,7.6932
31050.0,1.781,12.934,0.5309,12.675,23.9342,7.709
31055.0,1.769,12.5485,0.5182,13.3404,24.3631,7.7145
31060.0,1.7801,13.4204,0.5331,13.3579,23.8548,7.731
31065.0,1.7858,12.6569,0.5205,12.3623,23.6447,7.7396
31070.0,1.7653,13.3051,0.5259,11.8819,24.1463,7.7577
31075.0,1.7744,12.485,0.5314,12.9773,24.1316,7.7442
31080.0,1.782,12.8412,0.5153,13.8814,23.6463,7.7649
31085.0,1.7898,12.996,0.5185,14.0759,23.2933,7.7779
31090.0,1.7658,12.5542,0.5257,13.242,23.9921,7.7882
31095.0,1.7687,13.3035,0.5309,13.2874,23.9035,7.7917
31100.0,1.7892,13.3109,0.5205,13.5535,23.2391,7.7951
31105.0,1.7797,13.3963,0.5154,12.2084,23.6692,7.7885
31110.0,1.7821,13.958,0.5107,12.4868,23.6371,7.7869
31115.0,1.7887,13.6709,0.5269,15.1,23.7528,7.7647
31120.0,1.7897,13.3227,0.5207,12.8409,23.7836,7.7601
31125.0,1.7892,13.3312,0.5369,13.5711,23.5166,7.7801
31130.0,1.7785,13.4009,0.503,12.0897,23.7692,7.7874
31135.0,1.8022,13.2873,0.5314,13.8578,23.1663,7.7758
31140.0,1.7567,12.4515,0.5075,12.2183,24.4848,7.7854
31145.0,1.7865,12.8575,0.5304,14.2251,23.892,7.7564
31150.0,1.8021,13.3774,0.5405,14.0373,23.1704,7.7683
31155.0,1.7853,12.7037,0.5072,14.5511,23.7726,7.7613
31160.0,1.776,13.2821,0.5142,12.9867,23.6922,7.7846
31165.0,1.7773,13.1288,0.496,12.6413,23.6713,7.7801
31170.0,1.7723,12.8066,0.5315,12.6544,23.7375,7.7823
31175.0,1.7822,12.8672,0.5151,13.3157,23.4878,7.7724
31180.0,1.7781,12.7989,0.5168,13.1026,23.6199,7.7664
31185.0,1.7712,13.0537,0.5142,12.5214,23.7411,7.7678
31190.0,1.7767,13.2314,0.5201,13.0366,23.5451,7.7628
31195.0,1.7878,13.074,0.5239,13.1305,23.5369,7.7309
31200.0,1.7857,12.6731,0.5217,13.5898,23.6343,7.7202
31205.0,1.7815,13.0268,0.4946,11.5184,23.761,7.7133
31210.0,1.7984,12.8875,0.5204,13.4782,23.2413,7.7037
31215.0,1.7813,13.1441,0.4933,12.8303,23.6087,7.7082
31220.0,1.7769,13.0066,0.5017,12.4682,23.4585,7.721
31225.0,1.7862,13.1271,0.5166,13.6532,23.3263,7.7014
31230.0,1.7814,13.1624,0.5165,12.9012,23.1556,7.7155
31235.0,1.7769,13.2556,0.5105,13.2865,23.0425,7.7264
31240.0,1.7522,12.9576,0.5178,13.1562,23.6761,7.73
31245.0,1.7539,12.3583,0.5031,12.2223,23.4575,7.7332
31250.0,1.7681,12.8223,0.5146,13.4729,23.3194,7.701
31255.0,1.7424,12.4825,0.4969,12.3957,23.6986,7.7237
31260.0,1.7376,12.4438,0.5046,11.4285,23.5053,7.742
31265.0,1.7395,11.9732,0.503,12.5107,23.3588,7.7405
31270.0,1.7452,12.4916,0.51,12.3007,23.2911,7.723
31275.0,1.7268,12.3913,0.5177,11.068,23.8572,7.7158
31280.0,1.7518,12.7159,0.5064,11.3779,22.9374,7.7157
31285.0,1.7452,12.032,0.5055,12.0706,23.0722,7.7132
31290.0,1.7469,12.3092,0.4997,10.5103,23.0558,7.7022
31295.0,1.7537,13.0935,0.4907,11.9687,23.1204,7.6725
31300.0,1.7369,12.4483,0.5099,12.6582,23.7179,7.6595
31305.0,1.7562,12.8311,0.4956,10.888,22.9858,7.6601
31310.0,1.7599,13.0957,0.517,13.9173,22.8412,7.6556
31315.0,1.7488,12.6315,0.5087,11.709,23.0325,7.6611
31320.0,1.738,12.401,0.5007,11.3671,23.3588,7.657
31325.0,1.7536,13.2469,0.4953,12.5469,22.8535,7.6519
31330.0,1.7397,12.6414,0.4989,11.045,23.4576,7.6345
31335.0,1.7547,13.2169,0.4977,13.4267,23.2482,7.6091
31340.0,1.7674,12.5593,0.4917,12.7973,23.0694,7.5874
31345.0,1.7562,12.6321,0.4902,11.5956,23.4442,7.5818
31350.0,1.7641,12.1626,0.5132,12.4386,23.1393,7.5821
31355.0,1.7701,13.2271,0.4987,13.3855,22.7709,7.593
31360.0,1.763,12.6643,0.4997,10.7104,22.8571,7.6016
31365.0,1.7536,12.6766,0.493,12.393,22.9962,7.6124
31370.0,1.7458,12.6238,0.4943,11.4611,23.2835,7.6093
31375.0,1.773,12.9537,0.517,14.5633,22.7991,7.5809
31380.0,1.7601,12.7009,0.5115,11.303,23.1033,7.5876
31385.0,1.775,12.8384,0.5243,13.6517,22.5836,7.5926
31390.0,1.7522,12.5987,0.5151,12.3328,23.1169,7.6079
31395.0,1.762,12.7365,0.4977,12.2345,22.7745,7.6132
31400.0,1.7469,12.2348,0.4872,11.8624,23.1762,7.6215
31405.0,1.742,12.6253,0.5234,13.7496,23.2121,7.6339
31410.0,1.7536,12.6324,0.5077,12.9913,22.931,7.6315
31415.0,1.727,12.5079,0.4969,10.3069,23.363,7.6674
31420.0,1.7224,12.1833,0.4927,11.8836,23.2638,7.6927
31425.0,1.7536,12.8157,0.5195,13.0589,22.3933,7.6906
31430.0,1.7269,11.9354,0.4969,10.7754,22.7606,7.7335
31435.0,1.725,11.9148,0.5055,12.4918,22.57,7.7627
31440.0,1.7122,11.7379,0.5086,11.6428,23.1085,7.7594
31445.0,1.7231,11.6743,0.5001,9.8344,22.9077,7.7541
31450.0,1.7331,11.8095,0.5297,11.9602,22.8845,7.7374
31455.0,1.7297,11.8523,0.495,10.8031,22.9679,7.746
31460.0,1.7262,11.7871,0.5041,11.1625,23.0659,7.7553
31465.0,1.7342,12.2399,0.5011,12.9097,22.7768,7.7671
31470.0,1.7102,11.6045,0.5226,10.8583,23.4272,7.7852
31475.0,1.7303,11.9708,0.5025,10.888,22.9665,7.7801
31480.0,1.7274,11.8048,0.4996,12.4704,23.1341,7.7823
31485.0,1.7226,11.6709,0.5147,11.2035,23.1809,7.8
31490.0,1.7318,12.4313,0.5165,12.7213,22.7337,7.8232
31495.0,1.7215,12.1052,0.516,10.9291,23.1388,7.8267
31500.0,1.7287,12.2164,0.5102,12.0452,23.0857,7.8217
31505.0,1.7424,12.6442,0.4988,12.2428,22.9104,7.8095
31510.0,1.7454,12.4572,0.5076,12.1633,22.8873,7.8124
31515.0,1.716,11.7742,0.5074,10.6023,23.5081,7.8472
31520.0,1.7182,11.9921,0.516,12.0197,23.1338,7.883
31525.0,1.7125,11.9148,0.5072,11.4709,23.2669,7.8979
31530.0,1.7204,12.238,0.5114,10.4645,23.0446,7.9049
31535.0,1.7297,11.8743,0.4979,11.6576,23.224,7.8738
31540.0,1.7378,11.7449,0.5116,12.4763,22.9874,7.8789
31545.0,1.7139,11.2635,0.5147,12.1404,23.5625,7.9028
31550.0,1.7342,12.2611,0.5066,13.4275,23.2886,7.8805
31555.0,1.7439,12.1261,0.5041,12.7177,23.04,7.8817
31560.0,1.7393,12.2695,0.4948,11.6807,22.9424,7.909
31565.0,1.7429,12.3548,0.5123,12.241,22.9571,7.9062
31570.0,1.735,12.2603,0.5125,10.3463,22.8597,7.9414
31575.0,1.7362,12.1936,0.4932,11.4527,22.9742,7.9358
31580.0,1.7338,12.2007,0.5031,11.6456,22.993,7.9454
31585.0,1.7245,12.2158,0.5225,12.6828,23.1163,7.9652
31590.0,1.7155,11.9555,0.5109,11.2608,23.3678,7.9736
31595.0,1.725,12.5027,0.5007,11.7378,22.9012,7.9919
31600.0,1.7228,12.0692,0.5002,11.9021,22.8857,8.0034
31605.0,1.716,11.9691,0.5113,11.9061,23.2885,7.9902
31610.0,1.7276,12.3399,0.5138,12.6528,23.0877,7.9772
31615.0,1.7112,11.6587,0.5195,11.222,23.7362,7.9679
31620.0,1.714,11.5581,0.5069,12.6825,23.6255,7.9699
31625.0,1.7195,11.9136,0.5285,11.6183,23.4492,7.9701
31630.0,1.7131,11.6856,0.5155,11.5435,23.4989,7.983
31635.0,1.736,12.4018,0.5226,10.927,23.0468,7.9589
31640.0,1.738,12.1988,0.5101,11.6112,23.0159,7.9537
31645.0,1.7462,13.0148,0.517,12.104,22.8634,7.9425
31650.0,1.7415,12.2319,0.5348,12.1958,23.2454,7.9198
31655.0,1.7345,11.9678,0.5184,12.4426,23.39,7.9221
31660.0,1.7449,12.2685,0.5212,11.2766,23.2626,7.9018
31665.0,1.7477,12.0332,0.5313,12.5418,23.0879,7.9036
31670.0,1.7523,12.944,0.5288,12.8497,23.3569,7.8656
31675.0,1.765,12.8654,0.5156,12.6595,23.0042,7.8549
31680.0,1.77,12.6416,0.5323,14.0813,22.9233,7.8428
31685.0,1.7718,12.8095,0.5218,13.2952,23.1829,7.8114
31690.0,1.7677,12.6179,0.5183,14.7172,23.1348,7.8173
31695.0,1.7486,12.7142,0.5174,12.5891,23.6081,7.8212
31700.0,1.7634,12.637,0.5024,12.1136,23.0827,7.8185
31705.0,1.7599,12.6431,0.5211,11.6145,23.5503,7.7836
31710.0,1.7807,13.1385,0.4998,12.3874,22.7691,7.7837
31715.0,1.78,13.178,0.5136,12.7404,22.8592,7.7705
31720.0,1.7795,13.0771,0.5205,12.3649,22.8971,7.7598
31725.0,1.7867,12.8792,0.5172,13.1428,22.5746,7.7586
31730.0,1.7796,12.7752,0.4941,11.7439,22.8278,7.7473
31735.0,1.7696,12.1777,0.4975,12.2891,22.786,7.7653
31740.0,1.7619,12.7664,0.5182,13.2221,22.9222,7.7655
31745.0,1.7662,12.2937,0.5034,12.4956,22.9151,7.7466
31750.0,1.7626,12.6752,0.5147,12.0294,22.9203,7.745
31755.0,1.7616,12.7334,0.4983,11.3183,22.708,7.7551
31760.0,1.7289,11.8272,0.5012,10.3186,23.453,7.7695
31765.0,1.7394,12.1339,0.5056,10.8133,23.1316,7.76
31770.0,1.7562,12.3486,0.5113,12.9553,22.6988,7.743
31775.0,1.7462,12.2582,0.5229,11.9048,23.1963,7.7192
31780.0,1.7527,12.8743,0.5152,11.9301,23.1124,7.7003
31785.0,1.7701,12.7481,0.494,12.687,22.8492,7.6694
31790.0,1.7743,12.7194,0.4924,11.0101,22.9101,7.6456
31795.0,1.7816,12.812,0.5005,12.7518,22.8951,7.6209
31800.0,1.7884,13.3732,0.4897,12.0945,22.8601,7.5995
31805.0,1.7861,13.4408,0.5142,13.8854,22.9531,7.5901
31810.0,1.7776,13.4351,0.5088,12.8787,22.9841,7.6002
31815.0,1.774,12.9814,0.5002,12.0626,22.9737,7.6036
31820.0,1.7861,12.709,0.5105,10.9309,22.5924,7.598
31825.0,1.7906,13.0963,0.5119,14.2568,22.448,7.5929
31830.0,1.7799,13.2661,0.5111,12.6664,22.9233,7.5771
31835.0,1.7664,13.0319,0.5108,12.8926,22.9535,7.6007
31840.0,1.7773,12.9398,0.4962,13.3963,22.5776,7.6005
31845.0,1.7649,12.8832,0.5158,12.388,22.9122,7.6009
31850.0,1.7803,13.0231,0.5099,14.1004,22.6658,7.5804
31855.0,1.7813,12.8213,0.5142,11.2485,22.8949,7.5582
31860.0,1.7655,12.3821,0.5129,12.4316,23.0865,7.5773
31865.0,1.7659,13.4611,0.505,11.6549,22.9923,7.5829
31870.0,1.7791,13.0075,0.5041,12.1439,22.7057,7.5729
31875.0,1.7768,13.0461,0.5156,13.0217,22.7604,7.5734
31880.0,1.7651,12.9151,0.51,13.6527,22.8968,7.5908
31885.0,1.77,13.1046,0.494,11.2143,22.8362,7.5854
31890.0,1.7832,13.4388,0.5038,13.0357,22.537,7.5784
31895.0,1.7773,13.4793,0.5143,11.796,22.6584,7.5846
31900.0,1.7655,12.5006,0.4898,11.4312,22.7386,7.6089
31905.0,1.7666,12.8153,0.5358,11.9951,22.5182,7.6273
31910.0,1.7545,12.6932,0.5131,11.9296,23.0026,7.6238
31915.0,1.7501,12.6923,0.5131,13.0245,22.7699,7.6561
31920.0,1.7403,12.2056,0.5253,12.6577,23.0508,7.6643
31925.0,1.7256,11.8965,0.4946,11.4809,23.3906,7.68
31930.0,1.7405,12.3122,0.4909,10.9383,23.0743,7.6739
31935.0,1.7363,11.8261,0.5194,12.5001,23.0667,7.6903
31940.0,1.7454,12.7367,0.5081,11.7573,22.853,7.6919
31945.0,1.7443,12.4224,0.525,11.9378,23.066,7.6847
31950.0,1.7485,12.2191,0.5012,10.8412,22.9084,7.6936
31955.0,1.7561,13.0012,0.4868,11.9008,22.7805,7.6929
31960.0,1.745,12.1101,0.4951,12.1317,23.3832,7.6814
31965.0,1.7559,12.9303,0.5057,11.8049,22.95,7.6955
31970.0,1.7636,13.7191,0.4917,12.3088,22.9296,7.6872
31975.0,1.753,12.0524,0.5165,11.5007,22.964,7.7183
31980.0,1.7601,12.7567,0.5136,11.4288,22.9262,7.7143
31985.0,1.7644,12.4705,0.5056,12.5992,22.8246,7.7203
31990.0,1.7553,12.4181,0.4991,11.5537,23.2412,7.7195
31995.0,1.7731,12.7594,0.502,14.1263,23.1172,7.6952
32000.0,1.7718,13.1352,0.5038,13.3458,23.039,7.712
32005.0,1.7671,12.9242,0.5157,12.3654,23.3604,7.7088
32010.0,1.7669,12.8499,0.5157,13.4856,23.1367,7.7347
32015.0,1.7781,12.8016,0.5168,12.8864,23.0452,7.7251
32020.0,1.7833,13.1918,0.5172,13.4657,22.9847,7.7256
32025.0,1.7879,13.3357,0.5055,12.7503,22.68,7.7465
32030.0,1.765,12.6608,0.5098,13.1477,23.2828,7.7647
32035.0,1.7754,12.5137,0.5159,11.8388,23.3698,7.7424
32040.0,1.775,12.5618,0.5211,13.2636,23.3512,7.7517
32045.0,1.7783,13.0404,0.5234,12.8278,23.2528,7.7593
32050.0,1.7862,13.3386,0.4909,11.3639,23.3409,7.7419
32055.0,1.777,12.8412,0.5097,12.3837,23.2865,7.7737
32060.0,1.7829,13.5167,0.5077,11.6626,23.3357,7.7642
32065.0,1.7899,12.8193,0.5148,13.7448,22.9309,7.784
32070.0,1.7841,13.1433,0.5011,13.2316,23.485,7.7632
32075.0,1.7972,13.1448,0.5202,14.9739,23.2947,7.7512
32080.0,1.7824,13.0497,0.4954,13.3823,23.5093,7.7743
32085.0,1.8149,13.3992,0.5254,14.1304,22.7958,7.7573
32090.0,1.7927,13.4691,0.5212,14.1416,23.5413,7.757
32095.0,1.8029,13.3955,0.5167,12.3118,23.4446,7.7441
32100.0,1.806,14.2802,0.5283,12.4042,23.1827,7.7582
32105.0,1.8105,13.8156,0.5423,14.6156,23.0924,7.7577
32110.0,1.8141,13.4066,0.5102,13.2169,23.0183,7.7568
32115.0,1.7957,13.2444,0.5176,14.2907,23.6587,7.7539
32120.0,1.7981,13.2317,0.5254,13.0246,23.3618,7.7703
32125.0,1.796,13.5196,0.5143,12.8172,23.4525,7.7695
32130.0,1.8065,13.2809,0.5321,13.5776,23.6021,7.7351
32135.0,1.8212,14.3118,0.5305,13.7882,23.1195,7.7337
32140.0,1.7999,13.0251,0.5115,13.2024,23.2659,7.7699
32145.0,1.7984,13.6124,0.5313,11.9892,23.3714,7.7654
32150.0,1.8077,13.441,0.5291,13.7612,23.4778,7.7341
32155.0,1.8199,13.4591,0.538,14.6208,23.3291,7.7132
32160.0,1.818,13.2396,0.5269,13.2974,23.2724,7.7169
32165.0,1.8141,13.0811,0.5233,13.7462,23.3596,7.7156
32170.0,1.8174,13.2022,0.5395,13.7142,23.1903,7.7156
32175.0,1.8045,13.638,0.504,11.4949,23.5421,7.7148
32180.0,1.8177,13.8932,0.5164,15.3161,23.2149,7.7028
32185.0,1.815,13.6358,0.5392,13.7392,23.1546,7.7068
32190.0,1.8317,14.184,0.5268,14.8483,22.9792,7.6761
32195.0,1.8267,14.0047,0.5184,14.3123,23.2013,7.6638
32200.0,1.8215,13.4498,0.5014,13.317,23.4769,7.6491
32205.0,1.8104,13.2484,0.5104,14.2656,23.5957,7.6572
32210.0,1.8188,13.5625,0.5103,13.8003,23.2875,7.6527
32215.0,1.8036,13.1329,0.5162,14.3974,23.6367,7.6542
32220.0,1.8114,13.3887,0.5285,13.2363,23.2836,7.6533
32225.0,1.8169,13.9242,0.5168,12.7119,23.1893,7.6395
32230.0,1.8119,13.3228,0.5071,13.5262,23.5773,7.6151
32235.0,1.8183,13.7825,0.511,12.7069,23.4279,7.602
32240.0,1.8279,14.0766,0.5113,14.3217,23.1319,7.592
32245.0,1.8317,14.1229,0.5136,14.0359,23.2249,7.5689
32250.0,1.8342,13.8382,0.5359,14.8015,23.3854,7.5438
32255.0,1.8299,13.9085,0.5168,12.4801,23.3359,7.5461
32260.0,1.8281,13.5216,0.5217,14.2599,23.7167,7.5175
32265.0,1.816,14.0015,0.5048,14.7173,23.7761,7.5288
32270.0,1.8433,14.2494,0.5294,15.547,23.0272,7.5124
32275.0,1.8224,13.4411,0.504,13.5475,23.045,7.5458
32280.0,1.8033,13.7522,0.5268,13.9841,23.5491,7.5464
32285.0,1.7933,12.8599,0.5054,11.8606,23.5821,7.5577
32290.0,1.792,13.2563,0.5164,13.6152,23.4741,7.5607
32295.0,1.7871,13.287,0.5074,13.5537,23.4662,7.5644
32300.0,1.7995,13.585,0.5161,13.7001,23.2045,7.5483
32305.0,1.7913,13.841,0.5003,12.9205,23.373,7.5471
32310.0,1.7973,13.0531,0.5019,14.4407,23.2482,7.5358
32315.0,1.7859,13.9059,0.514,13.317,23.3766,7.5454
32320.0,1.786,13.2603,0.5072,12.8518,23.5364,7.5291
32325.0,1.7947,13.1913,0.4965,12.3934,23.1397,7.5309
32330.0,1.7887,12.867,0.5024,12.1239,23.1161,7.5409
32335.0,1.7815,13.0171,0.5136,12.7933,23.2611,7.5428
32340.0,1.7793,13.181,0.5122,12.617,23.1604,7.5508
32345.0,1.7756,13.1144,0.5057,11.8652,23.1316,7.558
32350.0,1.772,12.8499,0.5026,11.5218,23.0458,7.5696
32355.0,1.7607,12.8391,0.5012,12.7707,23.251,7.5791
32360.0,1.7582,12.6441,0.4944,11.5499,23.3763,7.5742
32365.0,1.7527,12.3977,0.5036,12.6605,23.2983,7.5911
32370.0,1.7764,13.3121,0.4877,12.597,22.7404,7.577
32375.0,1.7644,12.5467,0.4943,10.9498,23.2286,7.5682
32380.0,1.7555,12.4294,0.5021,11.0357,23.6209,7.5608
32385.0,1.7563,12.7927,0.5151,10.5568,23.3866,7.5759
32390.0,1.775,12.6789,0.4967,11.2467,23.1321,7.5535
32395.0,1.7633,12.6845,0.4922,12.114,23.5289,7.5528
32400.0,1.771,13.0075,0.5186,13.4653,23.2555,7.557
32405.0,1.7725,12.9917,0.4982,12.4249,23.2897,7.5545
32410.0,1.7758,13.2632,0.5022,11.6808,23.3996,7.5429
32415.0,1.7801,12.9627,0.5072,12.1115,23.3211,7.5421
32420.0,1.7743,12.8052,0.5151,12.7157,23.7256,7.5321
32425.0,1.78,13.084,0.5121,12.7058,23.2685,7.5548
32430.0,1.7837,13.0454,0.5019,12.1636,23.046,7.5686
32435.0,1.7875,12.9965,0.512,11.8014,22.7461,7.5881
32440.0,1.7574,12.2219,0.4903,10.9127,23.3669,7.6195
32445.0,1.7523,12.818,0.4939,12.197,23.6603,7.6185
32450.0,1.7607,12.7222,0.5106,12.7402,23.5632,7.6128
32455.0,1.7719,13.1757,0.475,11.1082,23.3639,7.6084
32460.0,1.7771,12.9716,0.5133,12.7418,23.2921,7.6091
32465.0,1.7782,12.6202,0.5002,12.3636,23.17,7.623
32470.0,1.7778,12.5918,0.5022,12.2376,23.183,7.6318
32475.0,1.7577,12.6435,0.5094,12.6879,23.6077,7.6565
32480.0,1.7687,13.1363,0.5182,12.6392,23.6428,7.6385
32485.0,1.7763,12.3033,0.5226,13.3807,23.5967,7.6322
32490.0,1.7605,12.727,0.5205,12.268,23.8557,7.6585
32495.0,1.7724,13.0611,0.4976,12.9937,23.649,7.6556
32500.0,1.7871,13.225,0.4958,12.0303,23.4994,7.6415
32505.0,1.7881,12.9918,0.506,11.5943,23.4947,7.6476
32510.0,1.7748,12.808,0.5252,12.7787,23.5304,7.6843
32515.0,1.7907,12.5718,0.5139,12.9434,23.5294,7.6589
32520.0,1.7789,13.574,0.4978,13.8455,24.0015,7.6603
32525.0,1.7996,13.3888,0.5168,13.125,23.812,7.636
32530.0,1.8222,13.4041,0.5094,13.1256,23.1188,7.6406
32535.0,1.8126,13.2275,0.4978,13.9057,23.8379,7.6217
32540.0,1.8096,13.4133,0.5417,14.5852,23.7458,7.6408
32545.0,1.8077,13.3162,0.5149,14.1396,23.4523,7.6728
32550.0,1.799,14.0634,0.53,13.3371,23.5549,7.6938
32555.0,1.79,13.2337,0.5249,13.5285,23.7319,7.7095
32560.0,1.7906,13.5152,0.5228,13.4876,23.6715,7.7195
32565.0,1.7823,13.3689,0.5184,15.0243,23.7703,7.7382
32570.0,1.7829,13.2992,0.5188,14.6145,23.8178,7.7401
32575.0,1.7894,13.2918,0.5143,14.0204,23.6592,7.7421
32580.0,1.7916,12.9245,0.5097,13.2656,23.6791,7.7407
32585.0,1.7866,12.7589,0.514,11.5266,24.1017,7.7272
32590.0,1.8123,13.5368,0.5461,14.0687,23.4742,7.7164
32595.0,1.7871,13.1681,0.5157,13.263,24.0668,7.7347
32600.0,1.7865,13.1689,0.5178,13.7284,23.9495,7.748
32605.0,1.8177,14.1265,0.5222,14.4517,23.6678,7.7011
32610.0,1.7851,12.7323,0.518,12.3256,24.4584,7.7196
32615.0,1.799,13.492,0.5297,13.9239,23.9652,7.724
32620.0,1.8164,13.6402,0.504,13.9317,23.4269,7.7231
32625.0,1.8074,13.5925,0.5295,13.8997,23.8689,7.7132
32630.0,1.7957,13.6686,0.5227,13.5041,24.1154,7.7216
32635.0,1.8011,13.2403,0.5203,14.5296,23.8318,7.7283
32640.0,1.7938,13.7512,0.5249,12.3735,23.9319,7.7365
32645.0,1.7992,12.5919,0.5083,13.851,23.8033,7.7317
32650.0,1.7941,13.3066,0.5074,12.8191,23.9027,7.7336
32655.0,1.7877,13.7248,0.5313,13.08,24.274,7.7202
32660.0,1.8021,13.3231,0.512,13.2118,23.8627,7.7118
32665.0,1.8053,13.17,0.5188,13.9052,23.4046,7.7319
32670.0,1.7813,12.6938,0.5182,13.2144,24.2323,7.7252
32675.0,1.7825,13.3694,0.5221,13.0469,23.8704,7.7418
32680.0,1.7955,13.5421,0.5263,13.6231,23.3606,7.7436
32685.0,1.7628,13.0108,0.512,13.7647,23.9516,7.7714
32690.0,1.7811,12.8276,0.5162,13.0467,23.4812,7.7575
32695.0,1.7616,12.2467,0.5116,12.1559,24.225,7.7425
32700.0,1.7826,12.8696,0.4984,12.5755,23.7472,7.7199
32705.0,1.7816,13.092,0.5058,12.6536,23.8024,7.7102
32710.0,1.8007,13.0655,0.497,13.0939,23.3429,7.6912
32715.0,1.7804,13.3029,0.5276,13.0436,23.8445,7.6932
32720.0,1.7847,12.89,0.5012,13.649,23.5243,7.6979
32725.0,1.789,12.727,0.514,13.2731,23.3388,7.6932
32730.0,1.7726,12.9233,0.52,14.7528,23.7635,7.6917
32735.0,1.775,12.2772,0.5326,13.0608,23.8251,7.6734
32740.0,1.7742,13.3031,0.4962,12.0179,23.5309,7.6863
32745.0,1.7775,12.3772,0.5115,12.2822,23.4474,7.6765
32750.0,1.7657,12.8706,0.5218,11.3573,23.5919,7.6841
32755.0,1.7398,12.2765,0.4953,11.2058,24.307,7.6857
32760.0,1.7505,11.8553,0.5096,12.4074,23.8306,7.6854
32765.0,1.7664,12.5879,0.524,11.7675,23.1565,7.6883
32770.0,1.7463,12.6442,0.5004,11.6028,23.8967,7.6732
32775.0,1.7434,12.1827,0.5079,10.9712,23.7902,7.6783
32780.0,1.7454,11.6582,0.5014,10.3075,23.7696,7.6669
32785.0,1.7331,12.5448,0.5039,10.368,24.0446,7.6677
32790.0,1.7374,12.3129,0.5136,12.0601,23.9129,7.6592
32795.0,1.7485,12.3436,0.5265,12.6804,23.4782,7.6562
32800.0,1.7425,12.2191,0.4956,10.8944,23.6548,7.65
32805.0,1.7489,12.5218,0.4996,11.0116,23.3389,7.6507
32810.0,1.7315,12.0458,0.5073,11.196,23.664,7.6617
32815.0,1.7465,12.9492,0.5085,12.836,23.2218,7.6527
32820.0,1.7162,11.7655,0.4999,11.5014,23.9594,7.6652
32825.0,1.7276,12.0936,0.5105,12.1686,23.3509,7.6777
32830.0,1.7231,12.0164,0.5027,12.2451,23.4202,7.6792
32835.0,1.7248,11.8607,0.4851,9.7137,23.324,7.6778
32840.0,1.7145,12.4082,0.5077,10.4957,23.9608,7.6512
32845.0,1.7355,12.5415,0.5004,11.2464,23.4217,7.6353
32850.0,1.7334,11.6392,0.487,10.7425,23.5299,7.6286
32855.0,1.7103,11.7619,0.5148,11.9496,24.1262,7.638
32860.0,1.7091,12.1447,0.4999,11.7997,23.8374,7.6607
32865.0,1.7267,12.3559,0.4991,11.6124,23.7331,7.625
32870.0,1.7333,12.0773,0.4998,10.5003,23.1929,7.6468
32875.0,1.7466,11.8419,0.5135,14.2356,23.1991,7.6151
32880.0,1.7301,12.3605,0.4911,11.9218,23.5967,7.6241
32885.0,1.7231,12.0082,0.5142,10.854,23.5799,7.6433
32890.0,1.7363,11.9694,0.5041,12.4126,23.2352,7.6396
32895.0,1.7274,12.5017,0.4922,11.1949,23.5487,7.6394
32900.0,1.7331,12.1993,0.5008,11.8745,23.3013,7.6467
32905.0,1.7266,12.8527,0.5104,11.5482,23.5212,7.6494
32910.0,1.7183,12.0118,0.4964,12.6176,23.6969,7.6603
32915.0,1.7328,12.2182,0.4894,11.3356,23.3337,7.6567
32920.0,1.7268,11.8044,0.4915,10.9824,23.6043,7.6555
32925.0,1.7399,11.9756,0.5078,12.6206,23.2215,7.6573
32930.0,1.7373,12.2596,0.5059,11.2026,23.3867,7.6567
32935.0,1.7384,11.9574,0.507,10.3183,23.465,7.6541
32940.0,1.7371,12.56,0.4836,11.7727,23.3153,7.6748
32945.0,1.7235,11.9586,0.5011,11.758,23.6963,7.6872
32950.0,1.7194,11.9984,0.5003,12.556,23.7406,7.7018
32955.0,1.7128,12.6162,0.5059,11.0483,23.9972,7.7072
32960.0,1.7415,12.1953,0.5036,11.9004,23.0308,7.7175
32965.0,1.7352,12.5104,0.5107,10.5042,23.5203,7.7041
32970.0,1.7283,12.7167,0.5092,12.9664,23.6397,7.7198
32975.0,1.7412,12.6823,0.5087,12.5574,23.3631,7.7181
32980.0,1.7274,12.0722,0.505,11.2715,23.9325,7.718
32985.0,1.7396,12.6193,0.5152,12.4679,23.2953,7.7446
32990.0,1.7304,11.908,0.5016,11.4233,23.7716,7.7413
32995.0,1.7384,12.4388,0.5106,12.4978,23.5981,7.7435
33000.0,1.7184,11.612,0.512,10.9148,24.057,7.7678
33005.0,1.7476,12.5518,0.5166,12.4649,23.4932,7.7481
33010.0,1.7443,12.353,0.5032,11.6728,23.6779,7.7505
33015.0,1.7334,11.8259,0.5152,10.4621,24.0808,7.7563
33020.0,1.7611,13.1595,0.5091,11.7853,23.2801,7.7577
33025.0,1.7634,13.6025,0.4945,11.4332,23.3574,7.7549
33030.0,1.751,12.5811,0.5165,14.2051,23.8745,7.7546
33035.0,1.77,12.7234,0.5136,14.6701,23.2001,7.7674
33040.0,1.76,12.4997,0.5203,12.5468,23.5072,7.7769
33045.0,1.7627,12.7336,0.5127,12.0756,23.5612,7.7746
33050.0,1.7616,12.6878,0.5262,13.149,23.7523,7.7705
33055.0,1.7682,12.1697,0.5094,13.159,23.6681,7.7677
33060.0,1.7678,13.1381,0.5071,13.4069,23.6466,7.7768
33065.0,1.7614,12.7726,0.5308,12.12,23.5936,7.8028
33070.0,1.7455,12.6543,0.5272,12.6932,24.1548,7.8069
33075.0,1.7817,12.7582,0.4908,13.2232,23.3888,7.7823
33080.0,1.7721,13.0069,0.5168,13.1056,23.7303,7.7838
33085.0,1.7717,12.5648,0.5192,12.8926,23.6458,7.7956
33090.0,1.7657,12.9328,0.5073,10.6353,23.8819,7.797
33095.0,1.7856,13.1037,0.5259,14.5606,23.1513,7.8074
33100.0,1.7672,12.9797,0.49,11.4092,23.827,7.8047
33105.0,1.7616,12.6461,0.5177,12.844,23.9693,7.8099
33110.0,1.7805,13.0858,0.5308,14.4126,23.6549,7.7903
33115.0,1.7799,13.1389,0.5172,12.5743,23.7803,7.7831
33120.0,1.7896,13.4204,0.5221,13.9431,23.9,7.7529
33125.0,1.8115,13.712,0.5217,14.4847,23.4132,7.7365
33130.0,1.7861,12.9328,0.5344,13.6843,23.9073,7.7582
33135.0,1.783,13.0219,0.5262,13.4495,23.7797,7.7744
33140.0,1.7828,12.9948,0.517,13.1474,23.9093,7.7651
33145.0,1.7939,12.927,0.4973,13.3594,23.5513,7.7625
33150.0,1.7968,13.0091,0.5206,12.1119,23.6432,7.7471
33155.0,1.8124,13.5318,0.5154,14.5045,23.0346,7.7513
33160.0,1.7787,12.3083,0.5232,14.0661,24.1342,7.7469
33165.0,1.7854,12.8375,0.5158,12.991,23.8116,7.7498
33170.0,1.7878,13.3963,0.5111,13.5056,23.9976,7.7273
33175.0,1.783,13.2442,0.5329,12.3626,23.8962,7.7389
33180.0,1.7746,12.6157,0.5037,12.405,23.9613,7.7488
33185.0,1.8018,13.1197,0.5285,12.7313,23.2562,7.7312
33190.0,1.802,13.9422,0.5246,13.6269,23.6163,7.6985
33195.0,1.8066,13.1658,0.5117,13.8364,23.6166,7.6804
33200.0,1.8175,13.6319,0.5186,12.9527,23.0643,7.6868
33205.0,1.7872,12.7289,0.5324,14.0191,23.5423,7.714
33210.0,1.7893,12.9941,0.5174,13.9227,23.6745,7.6938
33215.0,1.8,12.7237,0.5181,14.2921,23.5183,7.6721
33220.0,1.781,12.773,0.5173,13.2724,23.7649,7.6883
33225.0,1.7841,13.5066,0.4997,13.3888,23.3895,7.7002
33230.0,1.7764,12.9698,0.4996,12.8993,23.5727,7.6968
33235.0,1.7813,12.6947,0.5189,11.3146,23.5944,7.6754
33240.0,1.7809,13.6546,0.5166,14.3,23.3842,7.6816
33245.0,1.7758,12.5637,0.5137,12.2901,23.6399,7.6667
33250.0,1.7905,13.1462,0.511,12.096,23.2143,7.6538
33255.0,1.7758,13.4548,0.5135,11.6919,23.6756,7.6452
33260.0,1.7816,13.5228,0.5003,12.0006,23.3881,7.6432
33265.0,1.7665,13.2157,0.5246,12.9641,23.8936,7.6334
33270.0,1.78,13.6156,0.5191,12.6523,23.3737,7.63
33275.0,1.766,12.4243,0.4851,12.3419,23.3845,7.6526
33280.0,1.7474,12.1486,0.5024,12.119,23.912,7.6509
33285.0,1.7542,12.7328,0.4897,11.9042,23.7244,7.6403
33290.0,1.7561,12.1885,0.4868,11.6075,23.49,7.6442
33295.0,1.744,12.5768,0.5084,10.7997,23.7567,7.6459
33300.0,1.7512,12.4266,0.4924,11.8905,23.7234,7.6242
33305.0,1.7479,11.8964,0.5103,12.6453,23.7114,7.6247
33310.0,1.7437,12.3478,0.5247,11.6737,23.868,7.617
33315.0,1.7607,12.6853,0.5123,12.5727,23.1852,7.6197
33320.0,1.7577,12.4884,0.4859,11.164,23.552,7.5945
33325.0,1.7472,12.3274,0.5041,12.388,23.7229,7.6001
33330.0,1.7473,12.4022,0.526,11.8157,23.4495,7.6147
33335.0,1.7297,12.7124,0.508,12.2696,23.6787,7.6361
33340.0,1.7199,11.4965,0.4898,10.8355,23.457,7.6736
33345.0,1.7027,11.6595,0.4958,10.9836,23.7534,7.6924
33350.0,1.7198,11.7599,0.5012,11.3266,23.2992,7.6821
33355.0,1.7183,11.963,0.4985,10.6602,23.3024,7.6826
33360.0,1.709,11.5499,0.494,10.3237,23.6189,7.6795
33365.0,1.6963,11.5925,0.4919,10.4478,23.7674,7.6989
33370.0,1.7334,12.5726,0.5016,12.632,22.7384,7.6857
33375.0,1.7154,11.8888,0.4887,11.3306,23.003,7.7093
33380.0,1.7087,11.9092,0.4966,10.8253,23.2922,7.705
33385.0,1.7038,11.828,0.4964,10.5045,23.405,7.7092
33390.0,1.7122,12.1509,0.5038,12.889,22.971,7.7242
33395.0,1.6923,11.6843,0.4854,10.1003,23.3148,7.7513
33400.0,1.6917,11.3326,0.5045,10.3194,23.3283,7.7556
33405.0,1.6984,11.6551,0.4977,10.3962,23.0627,7.763
33410.0,1.6915,11.8088,0.4856,10.1064,22.8635,7.8028
33415.0,1.6872,11.4725,0.4847,10.7967,23.3306,7.7813
33420.0,1.6823,11.166,0.5036,10.6153,23.5609,7.7793
33425.0,1.6907,11.6291,0.5072,9.6501,23.3533,7.7788
33430.0,1.6923,10.9249,0.5035,9.0465,23.1953,7.7932
33435.0,1.6882,10.9477,0.4935,10.5477,23.3286,7.8001
33440.0,1.6922,11.7448,0.4925,8.7142,23.0163,7.8226
33445.0,1.6775,10.9243,0.4853,10.4534,23.7961,7.806
33450.0,1.6962,11.6543,0.5104,11.5732,23.1596,7.8143
33455.0,1.6933,11.335,0.4875,11.3906,22.9442,7.8489
33460.0,1.6816,11.5377,0.4885,10.1333,23.3417,7.857
33465.0,1.6697,10.7104,0.508,10.1675,23.7012,7.8689
33470.0,1.6756,10.656,0.4965,11.4403,23.4538,7.8825
33475.0,1.6902,10.6954,0.4775,9.5729,23.1229,7.8794
33480.0,1.6894,11.5533,0.5096,9.3104,23.2362,7.8808
33485.0,1.6872,11.3463,0.5125,10.5694,23.5264,7.8714
33490.0,1.6798,10.301,0.5078,9.8208,23.5293,7.9008
33495.0,1.6941,11.9165,0.5122,10.4026,23.232,7.897
33500.0,1.6912,11.7408,0.4864,11.2692,23.3684,7.9025
33505.0,1.7114,11.5113,0.5048,12.7749,22.8505,7.9009
33510.0,1.7024,11.4488,0.5139,12.2007,23.2393,7.9014
33515.0,1.6847,10.9617,0.5067,9.6967,23.6455,7.9253
33520.0,1.6896,11.289,0.5014,11.5464,23.6502,7.9215
33525.0,1.7023,11.554,0.4986,11.1497,23.6453,7.8958
33530.0,1.7143,12.1689,0.502,11.4173,23.3383,7.8965
33535.0,1.7148,11.7006,0.5125,11.14,23.2413,7.9117
33540.0,1.7001,12.1426,0.51,10.4992,23.476,7.9414
33545.0,1.7006,11.0264,0.5006,13.056,23.673,7.9328
33550.0,1.7005,11.5593,0.5198,12.6003,23.8406,7.9266
33555.0,1.6972,11.4161,0.5013,9.9276,24.1252,7.9197
33560.0,1.7098,11.7826,0.502,9.6167,23.7166,7.9251
33565.0,1.7265,12.1196,0.5243,11.1736,23.312,7.9207
33570.0,1.7172,12.0723,0.5047,10.1715,23.7052,7.9189
33575.0,1.7255,12.15,0.536,12.0401,23.3927,7.928
33580.0,1.7338,11.864,0.5164,11.4751,23.1804,7.9291
33585.0,1.7222,11.9223,0.5009,10.5861,23.6204,7.9284
33590.0,1.7408,12.0155,0.5057,11.302,23.2247,7.9161
33595.0,1.7295,11.8566,0.5044,11.1535,23.5696,7.9206
33600.0,1.7386,12.2391,0.5105,12.6384,23.4082,7.9131
33605.0,1.7372,12.0643,0.5103,12.5076,23.3549,7.9234
33610.0,1.7366,12.5235,0.5022,11.4936,23.3365,7.9288
33615.0,1.7349,12.1578,0.5229,13.2557,23.4585,7.9251
33620.0,1.74,12.2789,0.5082,10.9099,23.4984,7.9093
33625.0,1.7416,12.1697,0.5045,11.2623,23.5002,7.9046
33630.0,1.7447,12.3282,0.5002,12.4742,23.4619,7.8992
33635.0,1.7538,12.6563,0.5227,11.8807,23.2223,7.8938
33640.0,1.7464,12.9032,0.5307,12.38,23.3109,7.904
33645.0,1.7564,12.9351,0.5203,12.5021,23.1262,7.8918
33650.0,1.7723,12.763,0.522,14.5976,23.1556,7.8467
33655.0,1.7765,12.8441,0.5288,13.1201,23.1338,7.8329
33660.0,1.7723,12.5738,0.511,13.165,23.3802,7.82
33665.0,1.7669,12.8919,0.531,14.8672,23.5267,7.8171
33670.0,1.7737,12.9946,0.5288,14.8959,23.101,7.8286
33675.0,1.7656,12.794,0.515,13.0069,23.4233,7.8189
33680.0,1.7766,13.1539,0.5175,13.4087,23.2708,7.7981
33685.0,1.7902,13.5086,0.5202,13.3764,22.9882,7.7802
33690.0,1.7706,13.1677,0.5074,11.9342,23.5506,7.7774
33695.0,1.7868,13.1576,0.5245,13.789,23.2146,7.7572
33700.0,1.7752,12.5744,0.5046,13.9421,23.5017,7.7552
33705.0,1.7935,12.8382,0.5072,13.1253,22.947,7.7459
33710.0,1.8017,13.337,0.5158,12.3938,22.8219,7.7283
33715.0,1.7728,12.9336,0.5181,13.4229,23.4917,7.7374
33720.0,1.7948,12.8311,0.5352,12.9871,23.1428,7.7042
33725.0,1.7745,12.681,0.5111,11.8661,23.553,7.7114
33730.0,1.7752,12.9406,0.5211,13.6124,23.3357,7.7173
33735.0,1.7852,13.3792,0.5042,13.5902,23.1436,7.6998
33740.0,1.7631,12.9788,0.5314,11.4148,23.3999,7.723
33745.0,1.7588,12.2313,0.5213,11.9882,23.3923,7.7261
33750.0,1.7746,12.5256,0.4895,11.7067,22.8666,7.7193
33755.0,1.7497,12.1981,0.5149,13.3849,23.555,7.7177
33760.0,1.7613,12.6914,0.4962,11.3965,23.3652,7.6951
33765.0,1.745,12.321,0.5186,13.006,23.7574,7.6953
33770.0,1.7542,12.6483,0.5032,11.8984,23.644,7.673
33775.0,1.7784,12.3377,0.5097,12.8034,23.0819,7.648
33780.0,1.7863,12.7231,0.5127,12.5319,22.8838,7.6347
33785.0,1.7647,12.5945,0.5166,11.7862,23.4514,7.6346
33790.0,1.7835,13.3071,0.5048,12.8451,23.059,7.6118
33795.0,1.779,12.9966,0.5118,13.3064,22.7968,7.6326
33800.0,1.747,12.4804,0.5035,11.5558,23.3907,7.6575
33805.0,1.7593,12.6941,0.5004,12.7762,22.9688,7.654
33810.0,1.7552,12.6779,0.5203,13.2638,23.3111,7.6313
33815.0,1.765,12.9713,0.4928,11.9042,23.0878,7.6174
33820.0,1.7674,12.537,0.5074,13.516,23.0992,7.6046
33825.0,1.7756,12.8795,0.5237,12.8265,23.1985,7.5727
33830.0,1.7703,13.1192,0.5206,13.9691,23.0486,7.589
33835.0,1.7663,13.1259,0.5056,12.6907,23.1943,7.584
33840.0,1.7667,12.5712,0.5209,12.8603,23.2618,7.5741
33845.0,1.7668,12.7551,0.4888,11.7229,23.3224,7.5656
33850.0,1.7676,12.8752,0.5206,13.0778,23.1235,7.5746
33855.0,1.7722,12.8039,0.4976,12.2212,23.0911,7.5644
33860.0,1.7662,12.3557,0.5004,11.6426,22.9436,7.5866
33865.0,1.7642,12.8536,0.5152,13.4449,22.9489,7.5904
33870.0,1.7478,12.4984,0.4909,11.2099,23.5506,7.5844
33875.0,1.7738,13.0294,0.5143,13.0094,22.9307,7.5684
33880.0,1.7776,12.2451,0.4919,12.7133,22.6097,7.5828
33885.0,1.7498,12.3274,0.482,11.7541,23.317,7.597
33890.0,1.7769,12.686,0.4977,12.5947,22.6213,7.5871
33895.0,1.7568,12.7468,0.5016,11.5786,23.2519,7.589
33900.0,1.769,12.7747,0.5097,13.2784,22.7929,7.5968
33905.0,1.7507,11.6711,0.5024,11.6109,23.5745,7.586
33910.0,1.756,12.64,0.4938,11.339,23.0038,7.6181
33915.0,1.7453,11.7155,0.5117,12.7502,23.1619,7.6373
33920.0,1.7427,12.5235,0.4945,11.6376,23.2387,7.6432
33925.0,1.7553,12.6672,0.5101,11.4837,22.8566,7.6473
33930.0,1.7485,12.5055,0.5138,11.9708,22.9499,7.6623
33935.0,1.7606,12.904,0.4991,12.2746,23.0106,7.6354
33940.0,1.7504,12.6408,0.5062,11.7675,23.2847,7.6441
33945.0,1.7262,12.3991,0.5045,11.8711,23.8877,7.665
33950.0,1.7463,12.0417,0.5163,12.6474,23.3885,7.6613
33955.0,1.7508,12.9038,0.505,12.7434,23.3967,7.6574
33960.0,1.7666,12.8662,0.5069,11.4758,22.6691,7.6822
33965.0,1.746,12.5256,0.5032,11.3856,23.4618,7.6807
33970.0,1.756,12.5697,0.5152,11.2251,23.0966,7.6922
33975.0,1.7736,12.5573,0.4993,12.839,22.9441,7.6708
33980.0,1.7549,12.4851,0.4989,12.0545,23.4986,7.6813
33985.0,1.7533,12.9234,0.5169,12.8771,23.6166,7.6856
33990.0,1.752,12.1033,0.507,12.8783,23.3774,7.7154
33995.0,1.7657,12.8664,0.5225,11.6624,23.2683,7.7013
34000.0,1.746,12.5981,0.4943,10.1353,23.5619,7.7349
34005.0,1.7601,12.6753,0.5047,11.9712,23.2497,7.7347
34010.0,1.7653,13.1667,0.513,11.3645,23.0737,7.7445
34015.0,1.7587,12.825,0.4971,13.6747,23.4474,7.7415
34020.0,1.7719,13.1078,0.5172,13.7682,23.0101,7.7515
34025.0,1.7644,12.867,0.5033,11.7915,23.4173,7.7479
34030.0,1.7607,12.6634,0.5224,11.8352,23.6477,7.7478
34035.0,1.7752,12.6325,0.5411,12.497,23.3887,7.7408
34040.0,1.7829,12.7718,0.5353,13.3694,23.2426,7.741
34045.0,1.7976,13.3325,0.5184,14.1949,22.9529,7.7358
34050.0,1.7861,13.1502,0.5115,12.8699,23.2875,7.745
34055.0,1.7753,12.3735,0.5088,11.622,23.5268,7.7601
34060.0,1.7808,12.4529,0.5098,12.4829,23.5715,7.7515
34065.0,1.7775,12.8295,0.5281,14.5479,23.6717,7.7578
34070.0,1.7911,13.1036,0.5188,13.553,23.2564,7.7624
34075.0,1.7802,13.569,0.5111,11.8366,23.7548,7.7573
34080.0,1.7912,13.5161,0.5196,14.7433,23.6515,7.744
34085.0,1.7887,12.9341,0.532,12.7696,23.5952,7.7576
34090.0,1.7866,12.4069,0.5297,12.6815,23.7069,7.7591
34095.0,1.7922,13.2327,0.5318,13.308,23.2069,7.786
34100.0,1.7762,12.6776,0.5083,12.9379,23.7123,7.7907
34105.0,1.772,12.5136,0.5367,14.1102,23.4281,7.8244
34110.0,1.7593,12.7694,0.5131,12.5344,23.7094,7.8375
34115.0,1.7751,12.5791,0.5286,14.8117,23.3734,7.8266
34120.0,1.7523,12.4497,0.5153,13.0994,24.0933,7.8285
34125.0,1.756,12.8253,0.5046,13.0151,23.6723,7.851
34130.0,1.7686,12.77,0.5309,13.7253,23.3264,7.8473
34135.0,1.7719,13.2952,0.4922,11.1686,23.2115,7.847
34140.0,1.7592,12.8404,0.5167,12.2252,23.5118,7.8536
34145.0,1.754,12.9568,0.5109,12.057,24.0764,7.8225
34150.0,1.7601,12.6755,0.5381,15.8461,23.7993,7.8241
34155.0,1.7621,12.2852,0.5415,12.2195,23.7375,7.821
34160.0,1.7644,12.6402,0.5101,12.6236,23.8681,7.8021
34165.0,1.7615,12.8145,0.4967,13.387,23.625,7.822
34170.0,1.7603,13.2375,0.5101,11.3822,23.4971,7.831
34175.0,1.762,12.8227,0.5234,13.8845,23.5048,7.8216
34180.0,1.7653,12.902,0.5319,13.0695,23.5786,7.8021
34185.0,1.7634,12.58,0.5267,12.9909,23.6991,7.7908
34190.0,1.7541,12.1076,0.5066,12.5869,23.8707,7.7938
34195.0,1.7779,12.905,0.5084,14.9568,23.7363,7.741
34200.0,1.7734,13.0494,0.4979,11.5393,23.7463,7.7411
34205.0,1.7789,13.0222,0.529,13.1097,23.5499,7.7351
34210.0,1.7723,12.8704,0.5071,13.4823,23.6997,7.7317
34215.0,1.7893,13.3706,0.5026,13.0808,23.331,7.7109
34220.0,1.7733,12.8492,0.5271,13.959,23.6499,7.7158
34225.0,1.7889,12.442,0.5365,14.5672,23.332,7.6946
34230.0,1.7824,12.9512,0.5258,12.419,23.3399,7.6994
34235.0,1.7759,13.0202,0.5069,11.9408,23.3828,7.7029
34240.0,1.7772,13.1093,0.5248,12.4941,23.2464,7.7013
34245.0,1.7651,13.044,0.5114,12.6013,23.4396,7.7066
34250.0,1.7592,12.7734,0.5262,12.3813,23.5953,7.7006
34255.0,1.7477,12.9664,0.5169,11.3721,23.8116,7.7028
34260.0,1.7468,12.1424,0.5004,11.5179,23.7339,7.7018
34265.0,1.7474,12.1157,0.525,12.86,23.8528,7.683
34270.0,1.7397,11.8522,0.5036,10.0756,23.5843,7.7115
34275.0,1.7445,12.6428,0.5138,12.3523,23.6539,7.6876
34280.0,1.7512,12.4243,0.5068,12.2442,23.2839,7.6893
34285.0,1.7666,12.9796,0.506,13.7441,22.8171,7.6796
34290.0,1.7335,12.191,0.5071,10.1602,23.7744,7.6791
34295.0,1.7603,12.7134,0.4972,12.0438,23.04,7.6617
34300.0,1.7391,12.5928,0.5245,10.7419,23.4871,7.6708
34305.0,1.7418,12.2708,0.4873,11.3002,22.9892,7.6954
34310.0,1.7207,11.985,0.5136,12.0001,23.9359,7.6702
34315.0,1.727,12.0968,0.4927,10.2698,23.5927,7.6725
34320.0,1.7524,12.5281,0.5108,11.6747,22.8799,7.6591
34325.0,1.734,12.2272,0.4864,11.2146,23.3908,7.6586
34330.0,1.7403,12.432,0.5043,9.919,23.4333,7.6354
34335.0,1.7301,12.0784,0.5089,11.759,23.7616,7.63
34340.0,1.7347,12.261,0.5032,11.2907,23.4603,7.6367
34345.0,1.7464,12.3972,0.5077,12.9291,23.0336,7.6373
34350.0,1.7488,12.6511,0.4926,10.7655,23.031,7.6288
34355.0,1.7292,11.7122,0.4898,10.6687,23.7164,7.6222
34360.0,1.7201,11.8509,0.4946,11.4601,23.8984,7.6285
34365.0,1.7502,12.6308,0.4953,11.4324,23.2988,7.5994
34370.0,1.7447,12.4189,0.4855,13.2259,23.4307,7.6005
34375.0,1.7495,13.0681,0.5085,12.0061,23.4535,7.5874
34380.0,1.7333,12.1027,0.4909,12.437,23.8164,7.5992
34385.0,1.7507,12.3221,0.4925,11.3559,23.5937,7.5758
34390.0,1.7575,12.0031,0.4979,11.5474,23.38,7.5756
34395.0,1.7554,12.2009,0.52,12.8319,23.3932,7.5814
34400.0,1.7355,12.8836,0.5046,11.6463,23.9792,7.589
34405.0,1.738,12.4278,0.4937,11.5067,24.2017,7.5713
34410.0,1.75,12.3414,0.4991,13.1435,23.6554,7.5841
34415.0,1.7433,11.9397,0.5001,10.9615,23.7868,7.5951
34420.0,1.754,12.3865,0.4875,12.3592,23.4696,7.5977
34425.0,1.735,12.4136,0.5198,11.7857,23.9963,7.6099
34430.0,1.7378,11.8897,0.5109,10.8191,23.8803,7.6175
34435.0,1.7426,12.3316,0.4917,10.3089,23.6751,7.627
34440.0,1.7546,12.5711,0.495,12.4452,23.3513,7.6291
34445.0,1.7626,13.1052,0.5068,12.7759,23.3635,7.6162
34450.0,1.7455,11.894,0.5067,13.2097,23.675,7.6401
34455.0,1.7404,12.605,0.4994,10.7248,23.6262,7.6643
34460.0,1.749,12.8774,0.5214,12.2454,23.7276,7.6454
34465.0,1.7441,12.492,0.5019,12.182,24.0702,7.6398
34470.0,1.7261,11.6784,0.4901,12.9196,24.1467,7.6847
34475.0,1.7351,12.2302,0.504,12.6071,24.0371,7.6816
34480.0,1.7416,12.7347,0.5021,12.1325,23.7269,7.6968
34485.0,1.7376,12.3986,0.5171,12.1358,23.8049,7.7103
34490.0,1.7338,12.2242,0.4952,10.6513,24.061,7.7102
34495.0,1.7411,11.9225,0.5107,12.4938,23.7311,7.7255
34500.0,1.7252,12.0253,0.5083,11.6475,24.3739,7.7271
34505.0,1.727,12.1829,0.5077,11.515,23.9329,7.7638
34510.0,1.7384,12.6935,0.507,11.2953,23.8959,7.7494
34515.0,1.7269,11.4665,0.5006,10.487,24.0545,7.774
34520.0,1.7231,12.2189,0.5086,11.3063,24.307,7.7749
34525.0,1.7307,11.7829,0.5181,10.7992,24.0636,7.7827
34530.0,1.7298,12.394,0.5094,11.8807,24.3498,7.7727
34535.0,1.7423,12.5895,0.5125,11.0459,23.9687,7.7779
34540.0,1.7393,12.0618,0.5165,12.7457,24.1812,7.7779
34545.0,1.7251,12.1692,0.5174,11.7075,24.4346,7.802
34550.0,1.7267,11.9044,0.5146,12.4415,24.6372,7.7921
34555.0,1.732,12.1971,0.5161,12.0354,24.4657,7.7979
34560.0,1.7444,11.6371,0.515,13.2815,24.2341,7.7916
34565.0,1.7366,11.4395,0.5114,12.0744,24.573,7.7922
34570.0,1.738,12.0399,0.5082,11.636,24.6879,7.7867
34575.0,1.7542,12.5513,0.515,11.3564,24.1813,7.789
34580.0,1.7443,12.5111,0.499,11.8897,24.3958,7.8023
34585.0,1.7543,12.7694,0.5287,12.7959,24.2869,7.7914
34590.0,1.753,12.6905,0.5183,12.9019,24.3999,7.7901
34595.0,1.7605,12.5473,0.5369,12.9051,24.0879,7.7979
34600.0,1.759,12.6379,0.5311,13.6352,24.7658,7.758
34605.0,1.7732,13.1244,0.5156,12.5277,24.1587,7.7672
34610.0,1.7698,12.547,0.5132,12.5992,24.1162,7.7804
34615.0,1.7545,12.6209,0.4997,12.4393,24.6818,7.7788
34620.0,1.7603,12.2656,0.5194,11.5975,24.5378,7.776
34625.0,1.763,12.4842,0.5237,12.8633,24.7035,7.7586
34630.0,1.7804,13.1704,0.5159,12.3417,24.4279,7.7367
34635.0,1.7713,12.9375,0.5158,10.4284,24.6077,7.7434
34640.0,1.7652,12.9456,0.5068,12.0045,24.8949,7.7371
34645.0,1.776,12.6229,0.5228,12.714,24.4151,7.7424
34650.0,1.7891,13.0714,0.5171,14.1083,24.4178,7.711
34655.0,1.7953,13.0973,0.5089,11.6872,24.3999,7.6944
34660.0,1.795,12.9761,0.5243,13.3144,24.3135,7.6962
34665.0,1.7817,12.4787,0.5135,12.3816,24.7256,7.6949
34670.0,1.7895,13.1422,0.5157,12.8361,24.1089,7.7135
34675.0,1.7874,13.1754,0.523,12.9884,24.3543,7.6977
34680.0,1.8012,13.5032,0.513,15.3666,24.3579,7.6618
34685.0,1.8154,13.4732,0.5183,15.1047,24.1444,7.6381
34690.0,1.803,13.5868,0.5212,14.2251,24.5115,7.6341
34695.0,1.8055,13.9408,0.5047,12.7229,24.6723,7.6125
34700.0,1.7993,13.9776,0.5047,13.2609,24.6364,7.6197
34705.0,1.7984,13.4643,0.5153,13.017,24.7027,7.6109
34710.0,1.8079,13.626,0.54,14.367,24.1142,7.6197
34715.0,1.7936,12.9977,0.5315,14.9283,24.5839,7.6132
34720.0,1.8004,13.9773,0.5151,13.3275,24.347,7.6054
34725.0,1.8037,12.7778,0.521,14.2116,24.6566,7.5716
34730.0,1.8158,13.6518,0.5174,15.6075,24.5519,7.5436
34735.0,1.8135,13.8318,0.5155,13.4078,25.0483,7.5106
34740.0,1.8513,13.9553,0.5206,14.5028,23.8349,7.4964
34745.0,1.8193,13.5138,0.52,14.5224,24.5079,7.5109
34750.0,1.8254,13.3822,0.5096,12.967,24.198,7.5093
34755.0,1.7974,13.6342,0.5183,13.2713,24.874,7.5171
34760.0,1.8096,13.6553,0.5132,13.4696,24.589,7.5013
34765.0,1.8101,13.1174,0.509,13.2366,24.414,7.5014
34770.0,1.7962,12.755,0.5087,13.1652,25.0914,7.482
34775.0,1.809,13.9871,0.5301,14.8696,24.6406,7.4732
34780.0,1.7982,12.9124,0.4998,12.8547,24.8201,7.4761
34785.0,1.8083,13.7786,0.522,12.9779,24.2552,7.4812
34790.0,1.8001,13.6255,0.5257,14.1515,24.3523,7.4848
34795.0,1.7771,13.0095,0.5173,14.3685,24.6836,7.5048
34800.0,1.7581,13.1534,0.5054,12.1545,25.0571,7.516
34805.0,1.7692,12.4566,0.5258,12.9717,24.575,7.5155
34810.0,1.7702,13.0736,0.516,13.9373,24.4902,7.5122
34815.0,1.7461,12.6324,0.5308,12.8055,25.0729,7.5216
34820.0,1.7528,12.6204,0.5074,12.6082,24.6977,7.5249
34825.0,1.7537,12.5945,0.4935,12.3675,24.8314,7.5097
34830.0,1.7575,12.5326,0.5112,13.2229,24.7691,7.4999
34835.0,1.7555,12.8278,0.5027,12.4346,24.6932,7.504
34840.0,1.7508,12.0112,0.5165,12.9229,24.7287,7.5081
34845.0,1.7518,12.1638,0.503,12.0945,24.7836,7.4994
34850.0,1.7598,13.1022,0.5088,12.1604,24.7606,7.4807
34855.0,1.7715,12.7778,0.5055,11.5066,24.831,7.449
34860.0,1.7735,12.9763,0.4948,11.3684,24.8826,7.4387
34865.0,1.7841,13.2427,0.4999,12.8291,24.4894,7.4385
34870.0,1.7698,13.1413,0.4942,12.4894,24.8579,7.445
34875.0,1.7587,12.5343,0.501,11.6693,24.9485,7.4626
34880.0,1.7575,12.719,0.4944,10.9885,24.8287,7.4734
34885.0,1.7493,12.7768,0.4876,10.141,25.1179,7.4747
34890.0,1.7593,12.4632,0.5065,11.8321,24.695,7.4804
34895.0,1.7595,12.4486,0.5207,11.3425,24.9563,7.4665
34900.0,1.7581,12.3985,0.5125,13.0121,25.17,7.4586
34905.0,1.7623,12.369,0.5297,12.6185,24.9574,7.4649
34910.0,1.7502,12.1359,0.4998,10.9116,25.4219,7.4665
34915.0,1.759,13.1068,0.4821,10.7193,24.8974,7.483
34920.0,1.7502,12.3909,0.4993,11.5423,25.1201,7.4933
34925.0,1.7395,12.4913,0.5014,13.2607,25.5685,7.4945
34930.0,1.7667,13.3056,0.5114,12.5461,24.944,7.4798
34935.0,1.7637,12.7548,0.5009,11.4286,25.2909,7.4709
34940.0,1.7765,13.196,0.5008,12.114,25.0054,7.4668
34945.0,1.7786,13.2173,0.4938,11.9538,25.2905,7.4525
34950.0,1.8008,13.1021,0.5234,12.0562,25.0176,7.4303
34955.0,1.7917,12.9571,0.5192,12.5093,24.8857,7.4615
34960.0,1.7921,13.515,0.5143,12.3435,25.1365,7.4551
34965.0,1.7889,13.5972,0.5059,13.1263,25.1744,7.4665
34970.0,1.7988,12.5513,0.5018,13.2033,24.7717,7.478
34975.0,1.7853,13.3074,0.5306,12.4625,25.1407,7.4922
34980.0,1.7885,13.0501,0.5051,12.648,25.0774,7.4981
34985.0,1.7904,13.3618,0.516,12.7328,24.9869,7.5079
34990.0,1.7661,12.6271,0.518,11.6992,25.523,7.5354
34995.0,1.7716,12.7202,0.5169,11.3601,25.521,7.5338
35000.0,1.7849,13.5501,0.5127,13.7265,25.3536,7.5249
35005.0,1.7904,12.7618,0.5214,13.4322,25.0605,7.5386
35010.0,1.7687,12.613,0.4995,12.4748,25.5061,7.5662
35015.0,1.7807,13.0665,0.5062,13.1739,25.0717,7.5764
35020.0,1.7599,12.3837,0.5198,11.7056,25.7663,7.5878
35025.0,1.7671,12.8488,0.5331,12.8868,25.5353,7.5949
35030.0,1.7676,13.1165,0.532,13.0334,25.6668,7.5945
35035.0,1.7877,12.7171,0.5117,11.5223,25.2551,7.5847
35040.0,1.7756,12.5228,0.5057,12.165,25.529,7.6008
35045.0,1.7814,13.0556,0.5212,11.1005,25.6124,7.5922
35050.0,1.772,12.3365,0.5324,13.125,25.6934,7.6133
35055.0,1.7794,13.0456,0.5121,13.3124,25.628,7.6096
35060.0,1.7797,13.4663,0.5213,14.0859,25.5295,7.6209
35065.0,1.7914,12.9482,0.5078,13.5861,26.0069,7.5772
35070.0,1.8121,13.186,0.5241,14.8829,25.4314,7.5716
35075.0,1.8071,13.2321,0.4925,12.7003,25.5233,7.5813
35080.0,1.8142,13.2352,0.5061,13.4576,25.4503,7.5766
35085.0,1.7987,13.6043,0.5186,14.4152,25.9308,7.5847
35090.0,1.8274,13.8195,0.5223,13.7701,25.4099,7.5616
35095.0,1.8205,13.8293,0.5328,14.4538,25.6592,7.5636
35100.0,1.8216,13.6026,0.5404,13.1831,25.6387,7.5656
35105.0,1.8172,13.8288,0.5316,13.4802,25.8738,7.5638
35110.0,1.8147,13.4364,0.5148,14.0248,25.6594,7.5816
35115.0,1.8365,13.9887,0.5389,14.6039,25.4379,7.5542
35120.0,1.8085,13.4948,0.5341,14.4371,25.9808,7.578
35125.0,1.8142,13.7383,0.5293,15.1742,25.741,7.5812
35130.0,1.8041,13.153,0.5223,14.5255,26.0355,7.5848
35135.0,1.8138,13.5581,0.5223,14.7271,25.9655,7.5694
35140.0,1.8216,13.7406,0.5052,14.6001,25.7529,7.5638
35145.0,1.8235,13.7142,0.5286,14.9479,25.6993,7.5609
35150.0,1.8043,13.8939,0.5073,12.4293,25.8667,7.5861
35155.0,1.7995,12.7242,0.5436,13.1592,25.9793,7.5877
35160.0,1.8073,13.225,0.5141,13.5388,25.7784,7.5801
35165.0,1.8116,13.6415,0.5186,14.0753,25.6838,7.5728
35170.0,1.801,13.1329,0.5119,12.042,25.761,7.5845
35175.0,1.8069,13.4894,0.5179,14.3285,25.6817,7.5733
35180.0,1.7979,13.5071,0.5227,13.6007,26.1129,7.562
35185.0,1.8304,14.0341,0.5325,14.9185,25.5261,7.5253
35190.0,1.8097,13.3755,0.503,14.1367,25.9511,7.5345
35195.0,1.7995,13.6314,0.5207,12.5394,25.9501,7.5481
35200.0,1.8046,13.7551,0.519,13.7517,25.8532,7.5376
35205.0,1.7972,13.6878,0.5207,13.5616,25.8748,7.5433
35210.0,1.8001,13.7062,0.5113,12.9404,25.5718,7.547
35215.0,1.8127,13.7789,0.496,12.9463,25.6928,7.5091
35220.0,1.8149,13.4998,0.5321,12.9914,25.8743,7.4864
35225.0,1.8207,14.1788,0.5153,14.925,26.0248,7.4596
35230.0,1.817,13.5047,0.5132,13.7083,25.7578,7.4706
35235.0,1.8111,13.4544,0.5091,13.5449,26.0232,7.4606
35240.0,1.8249,13.506,0.5222,15.0296,25.5123,7.4525
35245.0,1.8118,13.5769,0.522,12.9363,26.1424,7.4363
35250.0,1.7993,13.2995,0.5078,14.1003,26.3412,7.4405
35255.0,1.8144,13.6563,0.5304,14.8065,25.8197,7.4308
35260.0,1.8121,13.7099,0.5144,13.9088,26.1155,7.4118
35265.0,1.8266,13.7793,0.4974,13.7147,25.6146,7.4014
35270.0,1.7903,13.5036,0.5299,13.8048,26.342,7.423
35275.0,1.8023,13.3851,0.5096,12.4922,25.8312,7.4194
35280.0,1.7894,13.3188,0.5014,13.4068,26.0317,7.4253
35285.0,1.7918,13.5936,0.5231,13.9886,25.8411,7.4233
35290.0,1.7801,12.791,0.5129,14.2645,26.27,7.416
35295.0,1.7979,13.2483,0.4923,12.4747,25.7525,7.4017
35300.0,1.7971,13.3138,0.528,14.4454,26.282,7.3693
35305.0,1.798,13.9581,0.5035,13.8264,26.2247,7.3626
35310.0,1.7982,13.991,0.5185,12.4283,26.1992,7.3572
35315.0,1.7974,13.8567,0.5046,11.8169,26.2075,7.3522
35320.0,1.804,13.5626,0.5033,13.6659,26.3548,7.3279
35325.0,1.8166,13.4851,0.5185,15.3796,25.8568,7.3232
35330.0,1.816,13.0621,0.5146,13.7485,25.6868,7.3277
35335.0,1.7897,13.0522,0.4941,12.9558,26.1993,7.3461
35340.0,1.7912,13.218,0.505,13.9789,26.304,7.3354
35345.0,1.7957,13.0568,0.4853,11.8036,26.0768,7.3346
35350.0,1.8265,13.6242,0.5219,14.4739,25.6916,7.2957
35355.0,1.8036,13.3459,0.5243,11.6667,26.2585,7.3051
35360.0,1.8146,13.26,0.5325,13.5159,26.3065,7.2825
35365.0,1.8244,14.11,0.5182,14.1807,26.0187,7.2766
35370.0,1.816,13.5804,0.521,14.8305,26.1001,7.2863
35375.0,1.7999,13.5771,0.5188,12.9731,26.3694,7.302
35380.0,1.8001,13.4261,0.504,13.6403,26.2388,7.3088
35385.0,1.7835,13.1699,0.517,12.7104,26.5487,7.3248
35390.0,1.8111,13.6326,0.525,15.0973,25.9153,7.3077
35395.0,1.7714,13.3961,0.5051,13.4839,26.7002,7.3426
35400.0,1.7853,12.9565,0.5054,13.4403,26.3324,7.3387
35405.0,1.8086,13.2477,0.5013,14.152,25.9986,7.3157
35410.0,1.8008,13.5917,0.5002,12.9826,26.4732,7.3092
35415.0,1.8118,13.5453,0.5079,13.8539,26.2665,7.3031
35420.0,1.8029,13.549,0.4957,12.4844,26.3312,7.3196
35425.0,1.7926,12.5445,0.5283,14.219,26.3996,7.3399
35430.0,1.8021,13.1757,0.5152,13.519,26.4092,7.3285
35435.0,1.812,14.0943,0.5086,13.4638,25.8706,7.3414
35440.0,1.8091,12.9062,0.4901,12.8391,26.0304,7.3452
35445.0,1.7769,13.0808,0.5074,13.2352,26.8831,7.3687
35450.0,1.8032,13.2132,0.5059,13.8957,26.1118,7.3656
35455.0,1.7993,13.1714,0.5066,12.6809,26.1311,7.3783
35460.0,1.7845,13.4814,0.5063,12.898,26.5638,7.3919
35465.0,1.784,12.876,0.505,11.5744,26.5335,7.4021
35470.0,1.7893,13.4885,0.4901,11.8289,26.6192,7.3964
35475.0,1.8165,13.1347,0.5107,13.2656,26.0519,7.3822
35480.0,1.829,13.7024,0.5049,14.4707,26.1757,7.3615
35485.0,1.817,14.1869,0.521,13.9399,26.5649,7.3714
35490.0,1.8202,14.1263,0.5201,12.011,26.3422,7.3845
35495.0,1.8207,13.9792,0.5248,13.9328,26.5527,7.3824
35500.0,1.8235,13.9065,0.5205,13.6298,26.6683,7.3803
35505.0,1.8069,13.6252,0.5177,13.6988,27.0309,7.4006
35510.0,1.8355,14.1494,0.5085,15.4505,26.0348,7.4057
35515.0,1.8182,13.8528,0.5328,13.1801,26.1267,7.4402
35520.0,1.7986,13.6974,0.5181,13.8664,26.9249,7.4467
35525.0,1.8137,13.7236,0.5197,15.2101,26.6056,7.4429
35530.0,1.826,13.7988,0.5203,13.7893,26.6596,7.4262
35535.0,1.8253,13.4107,0.5288,14.9137,26.4399,7.4444
35540.0,1.8239,13.8727,0.5326,14.1335,26.7194,7.4418
35545.0,1.8324,13.6079,0.5272,13.8609,26.6057,7.4392
35550.0,1.827,13.4015,0.5063,13.8632,26.5993,7.4553
35555.0,1.83,13.8383,0.5243,14.228,26.753,7.4503
35560.0,1.8173,13.8091,0.5169,13.1569,27.0082,7.4664
35565.0,1.8485,14.5553,0.5087,15.388,26.4965,7.4423
35570.0,1.848,14.547,0.5252,13.8363,26.5667,7.4442
35575.0,1.8217,13.4083,0.5184,13.8321,27.0316,7.4735
35580.0,1.822,13.8585,0.5275,13.9659,26.7588,7.4914
35585.0,1.8208,13.9491,0.517,14.4923,27.0656,7.4841
35590.0,1.8243,13.7627,0.5135,13.6097,26.5382,7.506
35595.0,1.8113,13.4656,0.5108,14.001,27.3012,7.4975
35600.0,1.8185,13.2615,0.5066,13.9069,26.8186,7.5095
35605.0,1.8365,13.9372,0.5248,12.6616,26.6756,7.4872
35610.0,1.8404,13.8538,0.5129,14.7976,26.7193,7.4793
35615.0,1.8454,14.466,0.5226,14.6917,26.7488,7.4703
35620.0,1.8502,14.8516,0.5227,16.0758,26.7648,7.4619
35625.0,1.8517,14.6583,0.5264,15.236,26.5344,7.4695
35630.0,1.8922,15.1971,0.5327,16.1574,26.3075,7.4124
35635.0,1.8863,14.64,0.5312,16.3809,26.5075,7.4104
35640.0,1.8777,15.1785,0.5296,16.2235,26.5858,7.4197
35645.0,1.8516,14.4437,0.5319,14.4562,26.8862,7.4481
35650.0,1.8568,13.9185,0.5298,15.7991,27.0117,7.4331
35655.0,1.8572,14.686,0.5162,15.585,26.7462,7.4406
35660.0,1.8608,14.4808,0.518,15.4678,26.6407,7.4363
35665.0,1.8515,14.2488,0.5261,13.9557,26.6428,7.4479
35670.0,1.8471,14.0711,0.531,15.5746,27.0601,7.4335
35675.0,1.8516,13.9274,0.5294,14.8142,26.7734,7.4332
35680.0,1.8497,14.3612,0.5126,13.3984,26.8217,7.4295
35685.0,1.8487,13.8781,0.5118,13.8023,27.3977,7.4012
35690.0,1.8544,14.0935,0.517,15.1342,26.6964,7.4148
35695.0,1.838,13.8288,0.5343,14.5405,26.861,7.4296
35700.0,1.8344,14.1355,0.5093,14.1008,26.9566,7.4257
35705.0,1.8358,14.3936,0.526,15.3101,26.8998,7.419
35710.0,1.8498,13.8547,0.5345,16.9686,26.2718,7.4162
35715.0,1.8323,14.4154,0.5225,12.5271,26.8513,7.4127
35720.0,1.8467,14.1496,0.5131,13.5857,26.6481,7.3899
35725.0,1.8467,14.1028,0.517,14.6564,26.6852,7.3796
35730.0,1.8361,14.5672,0.5131,14.3085,26.7357,7.3872
35735.0,1.8289,13.5898,0.5229,15.3105,26.7768,7.39
35740.0,1.8363,13.4818,0.5163,14.729,26.4789,7.3828
35745.0,1.8286,13.4829,0.5259,13.9376,26.7884,7.3738
35750.0,1.8251,13.9701,0.5212,13.8497,26.9432,7.3646
35755.0,1.8219,13.8786,0.5038,13.3208,27.4533,7.3397
35760.0,1.843,13.741,0.505,13.157,26.4927,7.3368
35765.0,1.8293,14.0278,0.521,13.6378,26.9933,7.3298
35770.0,1.8434,14.4949,0.5271,14.0205,26.8586,7.3044
35775.0,1.8776,14.2879,0.521,15.5798,26.3028,7.2641
35780.0,1.8462,14.2294,0.5179,15.3231,27.2025,7.2681
35785.0,1.8531,14.0939,0.5353,14.9593,26.5194,7.278
35790.0,1.8362,14.6481,0.5286,14.763,26.6921,7.2916
35795.0,1.843,14.6379,0.5244,14.7096,26.442,7.2848
35800.0,1.8266,13.4834,0.5033,15.4067,26.7482,7.2919
35805.0,1.8286,13.7992,0.5204,13.232,26.7406,7.2828
35810.0,1.8324,14.1696,0.5206,15.9491,26.7066,7.2718
35815.0,1.8274,13.7818,0.5166,14.324,26.4682,7.2843
35820.0,1.8079,13.3989,0.5129,13.8369,26.9556,7.291
35825.0,1.8103,13.7097,0.5024,14.0739,26.566,7.2996
35830.0,1.8249,13.5742,0.496,13.9081,26.3507,7.2802
35835.0,1.8018,13.1296,0.5151,12.46,26.5152,7.3075
35840.0,1.8047,13.4705,0.5094,12.544,26.1315,7.3178
35845.0,1.7817,13.0879,0.4948,12.1263,26.9514,7.3175
35850.0,1.7823,13.5712,0.4891,13.1403,27.0673,7.3084
35855.0,1.798,13.5483,0.5104,12.6202,26.7032,7.295
35860.0,1.8003,13.594,0.5238,14.0869,26.724,7.2877
35865.0,1.8071,13.6354,0.4999,13.5424,26.5516,7.2822
35870.0,1.8174,13.2142,0.5212,15.0307,26.28,7.2758
35875.0,1.8156,13.7501,0.4967,14.1587,26.5691,7.2654
35880.0,1.8321,13.7814,0.5047,14.2309,26.6449,7.2345
35885.0,1.792,13.285,0.5168,13.8597,27.2193,7.2762
35890.0,1.8231,13.394,0.499,13.9301,26.2522,7.2692
35895.0,1.8082,13.2118,0.516,13.5368,26.6529,7.2781
35900.0,1.8091,12.8522,0.5135,13.5468,26.1419,7.3026
35905.0,1.7974,13.0532,0.5181,13.5431,26.969,7.2889
35910.0,1.816,14.0654,0.5075,14.07,26.6172,7.2754
35915.0,1.8154,14.3084,0.5073,13.4696,26.7261,7.2747
35920.0,1.8246,14.0188,0.506,14.515,26.4665,7.2748
35925.0,1.8109,13.4109,0.4941,13.9389,26.2352,7.3133
35930.0,1.8048,13.3755,0.4925,13.4965,26.3723,7.3242
35935.0,1.7839,13.0815,0.5253,13.2254,26.8435,7.3452
35940.0,1.7995,13.9478,0.5189,12.7142,26.2761,7.3507
35945.0,1.8062,13.3081,0.5096,13.0027,26.1636,7.3506
35950.0,1.7921,13.4326,0.4883,12.2974,26.7133,7.3561
35955.0,1.7964,12.8466,0.496,14.2965,26.4065,7.3699
35960.0,1.7904,13.3452,0.4947,12.1066,26.5109,7.3834
35965.0,1.7889,13.1263,0.496,12.0914,26.5369,7.3926
35970.0,1.7742,12.8094,0.5131,12.0192,27.0593,7.4024
35975.0,1.7683,12.7886,0.5328,12.8614,26.9732,7.4255
35980.0,1.7886,12.3525,0.4878,12.6881,26.8641,7.4025
35985.0,1.8006,13.345,0.4952,13.477,26.5904,7.4008
35990.0,1.8061,13.0419,0.4937,11.6072,26.1916,7.4181
35995.0,1.8021,13.345,0.4982,13.5689,26.3931,7.4243
36000.0,1.7933,13.2867,0.5093,14.4453,26.9898,7.4204
36005.0,1.7879,12.6009,0.5213,11.6598,26.7824,7.448
36010.0,1.7908,13.5289,0.5,11.79,26.5321,7.4643
36015.0,1.7803,13.062,0.5207,12.6719,26.728,7.4829
36020.0,1.7654,12.7811,0.5179,12.5027,26.7962,7.5168
36025.0,1.7581,12.8455,0.5053,13.4631,26.8871,7.5359
36030.0,1.7741,12.4925,0.5182,13.3693,26.4379,7.5365
36035.0,1.764,12.9803,0.5073,13.095,26.8526,7.5424
36040.0,1.7748,13.3056,0.5191,13.5706,26.217,7.5622
36045.0,1.7568,12.9343,0.5217,11.2411,26.4754,7.5926
36050.0,1.7589,12.6281,0.5105,12.4322,26.7124,7.5838
36055.0,1.7555,12.0257,0.5114,13.0136,26.9813,7.5826
36060.0,1.759,13.0778,0.5265,13.9337,26.9581,7.5833
36065.0,1.7631,12.6217,0.5188,12.6633,26.8393,7.5872
36070.0,1.7594,12.6242,0.5153,11.3349,27.1365,7.5848
36075.0,1.771,12.9858,0.5008,13.2752,26.6471,7.5924
36080.0,1.7704,13.1912,0.5315,12.9587,26.632,7.5992
36085.0,1.7757,13.0483,0.5052,12.8322,26.5186,7.5994
36090.0,1.7691,12.9611,0.5138,14.8593,26.6431,7.6096
36095.0,1.7622,12.9274,0.5097,11.5582,26.7871,7.6196
36100.0,1.7557,12.8145,0.5332,14.0187,26.8545,7.6324
36105.0,1.7549,12.1351,0.5256,13.2851,26.7039,7.645
36110.0,1.7715,12.814,0.5005,12.1534,26.6598,7.6162
36115.0,1.7478,12.0323,0.5128,12.7346,27.1169,7.6398
36120.0,1.7573,12.8901,0.5311,12.1898,26.6388,7.6479
36125.0,1.758,12.3874,0.5045,13.361,26.6229,7.6481
36130.0,1.7798,13.2644,0.5267,14.438,26.2837,7.622
36135.0,1.7723,12.8044,0.5236,14.241,26.7115,7.6121
36140.0,1.7655,12.815,0.5105,13.8492,26.9272,7.6125
36145.0,1.7779,12.834,0.5139,12.9521,26.805,7.5928
36150.0,1.7885,13.2984,0.5067,13.6613,26.8402,7.5674
36155.0,1.7945,12.6819,0.5138,13.4017,26.7539,7.5566
36160.0,1.7923,13.2787,0.5092,12.4691,26.5835,7.5654
36165.0,1.7954,13.2966,0.5286,12.9514,26.843,7.5434
36170.0,1.8072,13.1679,0.5076,13.6008,26.3097,7.5428
36175.0,1.8156,13.9673,0.5489,14.3849,26.3535,7.5204
36180.0,1.8203,14.2224,0.5257,12.4949,26.2514,7.5109
36185.0,1.7975,13.7048,0.5338,13.8662,26.8628,7.5169
36190.0,1.7929,13.5207,0.5176,13.9736,27.0005,7.5131
36195.0,1.8054,13.5864,0.5236,14.3424,26.5037,7.5079
36200.0,1.7763,12.9546,0.527,13.1563,26.8806,7.5369
36205.0,1.7936,12.4214,0.5268,14.234,26.4386,7.5209
36210.0,1.7914,12.8007,0.5186,13.12,26.5305,7.5126
36215.0,1.8028,13.408,0.5065,13.7645,26.4714,7.4866
36220.0,1.7778,12.8692,0.4969,12.4965,27.0664,7.4952
36225.0,1.7891,13.4341,0.4949,12.6407,26.2012,7.5097
36230.0,1.7962,12.4377,0.5045,14.0016,26.1847,7.4899
36235.0,1.7699,13.1007,0.4751,10.8805,26.8783,7.4957
36240.0,1.7876,13.3491,0.5205,13.2145,26.3292,7.4818
36245.0,1.7879,13.4081,0.5255,12.4888,26.3849,7.4697
36250.0,1.7787,13.3197,0.5044,14.5427,26.8157,7.4568
36255.0,1.7851,12.3453,0.5227,13.4521,26.3889,7.4571
36260.0,1.7861,12.9988,0.504,12.8233,26.3635,7.4484
36265.0,1.7879,13.1153,0.5217,12.8503,26.3202,7.4386
36270.0,1.7787,13.07,0.505,13.6395,26.1988,7.4536
36275.0,1.7637,12.4169,0.5102,12.8832,26.7362,7.4476
36280.0,1.7555,12.3105,0.5073,13.3643,26.7342,7.4554
36285.0,1.7558,12.2736,0.5152,12.464,26.5291,7.458
36290.0,1.7554,12.4295,0.4936,12.4766,26.2787,7.4646
36295.0,1.7355,12.4639,0.5121,11.8122,26.5983,7.4806
36300.0,1.7408,12.3144,0.5034,11.0359,26.4211,7.4731
36305.0,1.7505,12.438,0.5254,13.3002,26.2392,7.4566
36310.0,1.7584,12.8052,0.502,11.5666,26.0836,7.4422
36315.0,1.7554,11.96,0.4976,10.3625,26.2042,7.4352
36320.0,1.7494,12.144,0.5099,10.7673,26.4831,7.4264
36325.0,1.7655,12.8231,0.497,11.5599,26.1195,7.4086
36330.0,1.7695,12.7086,0.5167,13.3184,26.4837,7.377
36335.0,1.7685,13.1093,0.4882,11.6954,26.2911,7.3831
36340.0,1.7594,12.6108,0.4997,11.7791,26.5341,7.3846
36345.0,1.7613,12.4139,0.4979,11.1665,26.3023,7.3895
36350.0,1.7534,12.696,0.5061,12.5939,26.2831,7.4031
36355.0,1.7658,12.926,0.4895,11.3373,26.2024,7.3817
36360.0,1.7608,12.8273,0.4859,10.8556,26.3097,7.3831
36365.0,1.771,13.1846,0.4847,12.0615,26.1485,7.3707
36370.0,1.7538,12.7256,0.504,14.2992,26.339,7.3925
36375.0,1.7706,12.7396,0.5177,12.0164,25.7375,7.3921
36380.0,1.7438,13.0025,0.497,12.1755,26.4873,7.4052
36385.0,1.753,12.5248,0.4808,11.7906,26.1439,7.4066
36390.0,1.7762,12.8216,0.5071,11.473,25.8978,7.3761
36395.0,1.7764,13.174,0.5095,12.0042,25.9253,7.3747
36400.0,1.7798,13.2431,0.4973,11.541,25.9004,7.372
36405.0,1.776,12.608,0.5117,13.6891,25.9957,7.3769
36410.0,1.7814,13.1872,0.5023,12.7463,25.7118,7.3849
36415.0,1.7681,12.8726,0.5001,10.9678,25.883,7.4056
36420.0,1.7539,12.3797,0.4994,11.4517,26.2473,7.4192
36425.0,1.7517,12.3573,0.4956,11.5638,26.2526,7.4285
36430.0,1.7497,12.4783,0.5041,12.8672,26.0158,7.4508
36435.0,1.7611,12.5254,0.5124,11.3663,26.0232,7.4342
36440.0,1.7661,13.062,0.5086,14.1175,26.0339,7.4292
36445.0,1.7834,13.1432,0.5082,12.724,25.5982,7.4248
36450.0,1.7497,12.847,0.5086,12.7784,26.2948,7.46
36455.0,1.7697,12.806,0.5091,12.593,25.7686,7.4573
36460.0,1.755,12.514,0.5055,12.5604,26.4153,7.4587
36465.0,1.7533,12.2614,0.4988,11.3694,26.3499,7.4731
36470.0,1.7526,12.4729,0.5074,12.7576,26.4407,7.4779
36475.0,1.75,12.5136,0.5215,12.2962,26.1358,7.5076
36480.0,1.7482,12.4536,0.5176,10.6751,26.1489,7.5201
36485.0,1.757,12.4584,0.5119,13.4344,25.8848,7.5257
36490.0,1.752,12.5629,0.5105,11.1718,26.1771,7.5283
36495.0,1.7626,12.9314,0.5124,13.2449,25.7827,7.537
36500.0,1.7368,12.4962,0.5174,13.6816,26.1988,7.576
36505.0,1.7427,12.6517,0.5081,11.1056,26.2927,7.5686
36510.0,1.7537,12.4583,0.5025,12.3894,25.9253,7.5744
36515.0,1.7595,12.9262,0.4805,9.7851,25.7687,7.58
36520.0,1.7638,12.7347,0.5213,13.2276,26.1116,7.5605
36525.0,1.7625,12.9458,0.5086,10.5236,26.1458,7.5685
36530.0,1.7735,12.4727,0.5113,13.6932,26.0768,7.5584
36535.0,1.7776,12.9414,0.5075,12.4019,25.6877,7.5789
36540.0,1.7644,12.5794,0.516,11.6896,26.4312,7.5731
36545.0,1.7745,13.0579,0.5295,12.8813,26.2076,7.572
36550.0,1.7983,13.2641,0.5108,12.5288,25.7227,7.5582
36555.0,1.7844,12.3985,0.5241,14.5363,26.0443,7.574
36560.0,1.7834,13.0038,0.5099,12.8696,25.8803,7.5919
36565.0,1.7641,13.3514,0.5332,13.0381,26.5172,7.6026
36570.0,1.7783,12.2433,0.5077,13.1223,25.8124,7.6187
36575.0,1.7683,12.3747,0.5345,13.823,25.8352,7.6438
36580.0,1.7676,12.882,0.5137,11.8777,25.8072,7.6528
36585.0,1.761,12.9283,0.5,10.8504,26.147,7.652
36590.0,1.7559,12.5612,0.5315,12.8911,26.2122,7.6626
36595.0,1.7599,12.7829,0.5238,12.1029,26.1182,7.6636
36600.0,1.7742,12.7583,0.5035,11.7773,25.7136,7.6599
36605.0,1.7709,12.8183,0.5079,12.6108,26.0716,7.6485
36610.0,1.7748,12.6921,0.5118,12.7599,25.7076,7.6624
36615.0,1.7822,13.2823,0.5107,12.3276,25.7047,7.6492
36620.0,1.7661,12.8588,0.5178,14.0923,26.1564,7.6569
36625.0,1.7891,13.7542,0.528,14.2426,25.4865,7.6484
36630.0,1.7638,12.4949,0.5141,12.02,26.3059,7.6533
36635.0,1.7688,12.5724,0.5158,13.0344,25.9643,7.6616
36640.0,1.7645,12.4012,0.5082,11.9222,25.8896,7.674
36645.0,1.7646,12.3217,0.5274,12.4226,25.8982,7.6719
36650.0,1.799,13.1967,0.525,14.1962,25.2669,7.635
36655.0,1.7956,13.2011,0.5187,14.4263,25.4762,7.6253
36660.0,1.7907,13.2849,0.5064,12.6489,25.9455,7.6052
36665.0,1.7903,13.301,0.5331,13.2533,26.0011,7.5983
36670.0,1.81,12.8042,0.5215,14.7616,25.8187,7.5652
36675.0,1.8126,13.6546,0.5357,13.8053,25.8118,7.5545
36680.0,1.8056,13.6755,0.5177,14.1548,25.7353,7.5664
36685.0,1.7985,13.2465,0.5413,14.1409,26.2327,7.5488
36690.0,1.8224,13.0988,0.5233,13.8054,25.4658,7.5371
36695.0,1.8138,13.61,0.5156,13.1675,26.0514,7.516
36700.0,1.8094,13.2158,0.5313,14.0877,26.2558,7.5065
36705.0,1.8195,13.8089,0.5241,14.5301,25.9313,7.4969
36710.0,1.811,13.325,0.4964,13.5803,26.2478,7.4893
36715.0,1.8097,13.136,0.5137,12.8289,25.7927,7.5071
36720.0,1.8065,13.4961,0.5112,14.2352,25.543,7.5195
36725.0,1.7937,13.217,0.5276,14.7672,25.7771,7.5243
36730.0,1.7992,13.8905,0.5126,14.921,25.4537,7.5233
36735.0,1.7921,13.4462,0.5267,14.4162,25.956,7.502
36740.0,1.7778,13.0482,0.524,11.7061,26.3024,7.5023
36745.0,1.79,13.8143,0.5244,12.4228,25.796,7.4971
36750.0,1.7899,12.918,0.5055,12.9534,25.6447,7.4969
36755.0,1.7964,12.9105,0.5182,15.7394,25.3027,7.4944
36760.0,1.8059,13.9465,0.5279,13.8562,25.2123,7.4726
36765.0,1.777,12.8315,0.5077,12.1496,26.0192,7.4759
36770.0,1.7886,13.4856,0.5145,11.4691,25.5598,7.47
36775.0,1.771,12.8535,0.5066,12.1694,25.6788,7.4898
36780.0,1.7842,12.8775,0.5243,14.0624,25.3951,7.4723
36785.0,1.7773,13.1184,0.4995,12.0058,25.3595,7.4794
36790.0,1.7867,13.06,0.518,12.6795,25.3889,7.4522
36795.0,1.7794,12.631,0.5162,12.8,25.5324,7.4501
36800.0,1.7901,13.1792,0.5109,13.4822,25.2461,7.4379
36805.0,1.7631,12.7831,0.4976,12.2534,25.6325,7.4627
36810.0,1.7852,13.1775,0.5097,14.2462,25.2327,7.436
36815.0,1.7799,12.8302,0.5313,12.6032,25.4605,7.4268
36820.0,1.7753,13.3129,0.4966,11.7539,25.5427,7.4254
36825.0,1.7789,12.2523,0.4927,13.1645,25.4265,7.4195
36830.0,1.7832,13.2113,0.5106,12.7151,24.9696,7.4313
36835.0,1.7768,13.1249,0.5002,12.4891,25.102,7.4328
36840.0,1.7695,13.1274,0.513,13.427,25.4628,7.4235
36845.0,1.77,12.3563,0.4934,13.3452,25.2566,7.4302
36850.0,1.7667,12.5595,0.5078,13.424,25.2664,7.4338
36855.0,1.7705,12.5773,0.4982,12.0715,25.3904,7.4171
36860.0,1.7744,12.9616,0.5077,12.592,25.4513,7.4035
36865.0,1.7851,12.7254,0.5035,13.3022,25.3687,7.3854
36870.0,1.7936,13.3003,0.5098,13.4418,25.1999,7.3766
36875.0,1.7903,13.3588,0.5186,14.1635,25.2856,7.3778
36880.0,1.7992,13.7386,0.5044,12.2189,24.8682,7.3836
36885.0,1.7813,12.6356,0.4992,14.1295,25.4111,7.3897
36890.0,1.792,13.0648,0.5029,13.2827,24.8729,7.3999
36895.0,1.8117,13.3919,0.5071,13.1748,24.5353,7.3829
36900.0,1.7764,12.5627,0.4942,12.4659,25.1345,7.4198
36905.0,1.7781,13.4385,0.5121,12.1874,24.9763,7.43
36910.0,1.7567,13.0505,0.5079,13.2949,25.1917,7.4649
36915.0,1.751,13.092,0.5014,12.374,25.4117,7.4692
36920.0,1.7612,12.69,0.4919,11.8059,25.1023,7.4707
36925.0,1.7755,13.0302,0.5045,13.6793,24.9221,7.4569
36930.0,1.7701,13.1845,0.5068,11.9491,24.9666,7.4699
36935.0,1.7729,13.3652,0.497,12.894,25.1583,7.4593
36940.0,1.7885,13.3403,0.507,12.7701,24.8626,7.4505
36945.0,1.7647,12.8575,0.5078,14.3839,25.2767,7.4807
36950.0,1.7867,13.0977,0.5265,13.8853,24.8521,7.4686
36955.0,1.7615,12.8851,0.4978,11.9941,25.3511,7.4973
36960.0,1.7828,13.5909,0.4983,12.5867,24.8725,7.4902
36965.0,1.811,13.167,0.5088,14.2644,24.4867,7.4635
36970.0,1.7903,13.5401,0.5108,11.8534,24.8917,7.4879
36975.0,1.7816,13.2769,0.4999,11.8439,25.2437,7.4941
36980.0,1.785,13.0058,0.5179,12.6858,25.2902,7.4932
36985.0,1.7818,12.8183,0.5196,12.5668,25.3687,7.5033
36990.0,1.7855,13.01,0.5052,14.0684,25.4553,7.5
36995.0,1.7943,12.7426,0.5103,14.0751,25.1395,7.5084
37000.0,1.8006,13.4248,0.503,14.7053,25.2119,7.5007
37005.0,1.7888,13.2225,0.5218,13.1603,25.436,7.5195
37010.0,1.7879,12.8518,0.5197,13.0706,25.41,7.5319
37015.0,1.7973,13.4021,0.5151,13.7077,25.2162,7.5328
37020.0,1.7981,13.7508,0.5111,12.9889,25.3569,7.5317
37025.0,1.8081,13.627,0.5019,13.5578,24.9561,7.5426
37030.0,1.808,13.0313,0.5123,12.84,25.2645,7.5338
37035.0,1.8248,13.8841,0.5119,13.521,24.8319,7.5325
37040.0,1.8265,13.912,0.5122,13.4519,25.1609,7.5185
37045.0,1.8346,14.5473,0.5221,13.3632,24.9152,7.523
37050.0,1.8318,13.5345,0.539,15.181,25.0482,7.5281
37055.0,1.8225,13.8533,0.5352,15.7395,25.041,7.5531
37060.0,1.8194,13.7585,0.5246,14.1041,25.1588,7.56
37065.0,1.8228,13.3496,0.5149,13.8449,25.1088,7.5623
37070.0,1.8192,13.4899,0.5161,14.3596,25.2065,7.5695
37075.0,1.8135,13.5564,0.5251,13.9607,25.3457,7.5784
37080.0,1.8142,14.1637,0.5401,13.8577,25.3609,7.5812
37085.0,1.8074,13.3656,0.5196,13.5705,25.5394,7.5891
37090.0,1.8131,13.944,0.5245,12.9742,25.049,7.6095
37095.0,1.8071,13.3844,0.5295,14.002,25.4706,7.6018
37100.0,1.8318,13.8759,0.5273,15.7935,25.0224,7.5809
37105.0,1.8192,13.0442,0.5265,14.1138,25.2103,7.5964
37110.0,1.8066,13.2419,0.5336,13.2593,25.3585,7.6154
37115.0,1.8129,13.4171,0.522,14.7634,25.1895,7.6147
37120.0,1.812,13.2832,0.5174,14.3685,25.1183,7.6212
37125.0,1.8241,14.1859,0.528,14.3159,25.2289,7.5917
37130.0,1.812,13.0668,0.5162,15.2658,25.705,7.5876
37135.0,1.8264,13.7122,0.5254,15.5815,25.4265,7.5739
37140.0,1.8286,13.88,0.5191,14.6645,25.3438,7.5723
37145.0,1.8161,13.9247,0.5095,13.6684,25.5899,7.581
37150.0,1.8283,14.0972,0.5182,13.5971,24.8514,7.5964
37155.0,1.8349,13.8608,0.515,14.6086,25.0058,7.5727
37160.0,1.8139,13.7896,0.5145,13.802,25.4641,7.5838
37165.0,1.8117,13.3339,0.5124,14.01,25.1899,7.5998
37170.0,1.8054,13.2994,0.5229,13.6397,25.2658,7.6045
37175.0,1.7962,13.5999,0.5275,14.4379,25.6137,7.5988
37180.0,1.8087,13.8198,0.5186,12.4308,25.1733,7.5933
37185.0,1.8211,14.1162,0.5104,13.4739,25.0038,7.5725
37190.0,1.8363,13.8555,0.5349,15.0493,24.8576,7.5446
37195.0,1.8123,13.4506,0.5342,13.2926,25.7389,7.5353
37200.0,1.8101,13.5631,0.5216,11.7731,25.4455,7.5482
37205.0,1.8275,13.7059,0.5329,14.615,25.1636,7.5238
37210.0,1.8333,14.1957,0.5069,14.4166,24.8069,7.5241
37215.0,1.8349,13.7264,0.5215,14.9115,25.0296,7.5015
37220.0,1.8457,13.8248,0.522,15.7174,24.8127,7.4842
37225.0,1.856,14.5141,0.5254,14.3587,24.841,7.4552
37230.0,1.836,13.8982,0.5143,14.5802,25.0934,7.4697
37235.0,1.8332,14.1316,0.5295,14.9372,25.0138,7.4717
37240.0,1.838,14.0926,0.5201,13.8346,24.8895,7.4612
37245.0,1.8463,14.4898,0.5018,13.0282,24.9462,7.4342
37250.0,1.8472,14.6493,0.5216,15.2702,25.0135,7.4199
37255.0,1.8591,13.9012,0.5194,15.4577,24.6704,7.4072
37260.0,1.8448,13.6517,0.5259,13.711,25.2216,7.3961
37265.0,1.8448,14.5178,0.5196,15.7503,24.9099,7.4033
37270.0,1.83,13.7542,0.52,14.5652,25.225,7.4064
37275.0,1.8554,14.6197,0.5241,14.883,24.609,7.3842
37280.0,1.8336,14.6034,0.529,14.5505,25.0128,7.3944
37285.0,1.8175,13.4824,0.5146,13.6976,25.0097,7.4173
37290.0,1.8059,13.0132,0.5097,14.5899,25.0387,7.4313
37295.0,1.8139,13.7012,0.493,13.2241,24.4829,7.4403
37300.0,1.7984,13.121,0.5096,13.2044,24.7171,7.4507
37305.0,1.7978,13.3932,0.5101,13.1915,24.6236,7.4511
37310.0,1.7929,13.6222,0.5283,13.9153,24.9212,7.4376
37315.0,1.791,12.6921,0.5182,13.3319,24.6538,7.4501
37320.0,1.7898,13.1291,0.5253,14.7669,24.9675,7.4296
37325.0,1.7875,13.0974,0.501,13.2306,24.7865,7.4384
37330.0,1.7993,13.432,0.5092,11.8753,24.5468,7.4243
37335.0,1.7953,12.9401,0.5109,13.262,24.7779,7.4143
37340.0,1.8011,13.2778,0.5032,13.0536,24.6127,7.4079
37345.0,1.8146,13.6115,0.5265,13.8727,24.4007,7.3902
37350.0,1.8216,13.5796,0.5048,14.9649,24.1969,7.3846
37355.0,1.8007,13.5107,0.5056,12.9212,24.9475,7.3805
37360.0,1.8007,14.3073,0.511,13.9001,24.5077,7.403
37365.0,1.7878,13.4531,0.4944,12.7696,24.594,7.4234
37370.0,1.776,13.2043,0.514,12.854,24.8907,7.4299
37375.0,1.7911,13.3159,0.5134,11.8554,24.614,7.4158
37380.0,1.7788,13.1957,0.511,13.3015,24.9709,7.4195
37385.0,1.7801,12.8292,0.4892,12.3364,24.9603,7.4185
37390.0,1.7941,13.0589,0.5206,13.5902,24.7031,7.4066
37395.0,1.7835,12.8602,0.4958,13.2486,24.7915,7.4239
37400.0,1.7744,12.5706,0.4967,12.0154,25.1481,7.425
37405.0,1.7866,12.9692,0.5004,12.8067,24.6219,7.4335
37410.0,1.7816,13.2157,0.5069,11.6383,24.9662,7.4274
37415.0,1.7835,13.2418,0.5026,12.7748,25.0536,7.4224
37420.0,1.7871,13.2193,0.5269,13.4899,24.6444,7.4426
37425.0,1.7933,13.0185,0.5177,13.2319,24.5017,7.4441
37430.0,1.7855,12.685,0.5069,13.3326,25.1676,7.427
37435.0,1.814,13.6094,0.506,14.1066,24.8335,7.3951
37440.0,1.8074,14.0418,0.4977,13.604,25.0131,7.4024
37445.0,1.802,13.0222,0.4994,14.8106,25.2649,7.4058
37450.0,1.8524,14.376,0.5147,14.573,24.2059,7.3749
37455.0,1.8505,14.3768,0.523,15.1356,24.6877,7.3587
37460.0,1.8367,14.2862,0.5014,14.0306,24.8417,7.3822
37465.0,1.8343,14.0306,0.5145,14.4629,24.9406,7.3896
37470.0,1.8388,13.6874,0.5136,14.3546,25.0238,7.385
37475.0,1.8569,14.5792,0.5085,16.5031,24.9001,7.3664
37480.0,1.8566,14.2245,0.5101,14.5032,24.8893,7.3744
37485.0,1.8491,14.2099,0.5107,13.2135,25.0867,7.3863
37490.0,1.8556,14.5416,0.511,14.0708,24.8266,7.3964
37495.0,1.8569,14.579,0.5213,15.0558,24.8119,7.4034
37500.0,1.8639,14.6972,0.5214,14.4139,24.6875,7.4056
37505.0,1.8526,14.0893,0.5255,14.8555,24.8112,7.428
37510.0,1.8633,14.5666,0.5259,14.4722,24.7494,7.4209
37515.0,1.8669,14.3131,0.5291,15.0242,25.0952,7.4049
37520.0,1.8654,14.6034,0.5233,15.5956,24.8131,7.4291
37525.0,1.8761,14.6411,0.5139,15.7301,24.9927,7.41
37530.0,1.8462,13.6546,0.522,13.6705,25.6191,7.4387
37535.0,1.8748,14.7782,0.5108,16.4086,24.6516,7.4448
37540.0,1.8607,14.84,0.5101,16.0408,25.4018,7.4398
37545.0,1.8632,14.9939,0.5321,15.2332,24.9805,7.4632
37550.0,1.8569,13.9693,0.5028,14.9844,25.2078,7.4708
37555.0,1.8522,14.1718,0.5336,14.4862,25.1915,7.487
37560.0,1.8409,13.5062,0.5244,15.4348,25.2422,7.512
37565.0,1.8449,14.1559,0.5257,15.8365,24.8148,7.5341
37570.0,1.8257,13.2661,0.5141,14.0388,25.2754,7.5521
37575.0,1.8134,13.7841,0.5278,14.4446,25.4176,7.5738
37580.0,1.8119,13.6526,0.5285,13.2947,25.2926,7.5893
37585.0,1.8203,14.25,0.5291,14.7303,25.2687,7.5793
37590.0,1.808,13.2445,0.5403,14.9343,25.491,7.5942
37595.0,1.8136,13.3207,0.5294,13.1776,25.1214,7.6078
37600.0,1.7957,13.0444,0.5067,13.7159,25.8125,7.6083
37605.0,1.8076,13.7235,0.5342,13.7433,25.1664,7.6231
37610.0,1.7921,13.6004,0.5127,12.8482,25.5736,7.6336
37615.0,1.8115,13.8693,0.5259,14.3712,24.9016,7.6348
37620.0,1.7899,13.3844,0.5231,14.1234,25.3956,7.6509
37625.0,1.7982,13.0974,0.5064,12.5471,25.0638,7.6542
37630.0,1.7906,13.3499,0.5197,14.3963,25.2355,7.6595
37635.0,1.8079,13.7577,0.5184,13.0872,24.882,7.6444
37640.0,1.7857,12.7878,0.5281,12.7953,25.721,7.6391
37645.0,1.7974,13.1207,0.5281,13.6481,25.0743,7.6504
37650.0,1.8133,13.4623,0.5091,12.3573,24.8397,7.6299
37655.0,1.8076,13.0294,0.5304,13.891,25.0127,7.6276
37660.0,1.7879,13.0026,0.5162,12.9242,25.6748,7.6259
37665.0,1.7905,13.0485,0.5072,12.3736,25.3171,7.6373
37670.0,1.7822,13.2032,0.5161,13.4866,25.5066,7.6395
37675.0,1.7837,12.7448,0.5057,13.3376,25.2678,7.6457
37680.0,1.7739,13.2462,0.4956,11.9264,25.3392,7.657
37685.0,1.8004,12.8661,0.5178,14.3893,24.5967,7.6412
37690.0,1.7934,13.119,0.5164,13.5166,24.7952,7.6369
37695.0,1.7809,13.2752,0.5194,12.3314,24.9979,7.6441
37700.0,1.7741,12.8787,0.5181,12.9924,25.2449,7.6372
37705.0,1.7777,13.0954,0.5135,12.0577,24.8948,7.6435
37710.0,1.7728,13.142,0.5324,13.9034,25.0572,7.6368
37715.0,1.7561,12.3124,0.5167,13.5179,25.305,7.6495
37720.0,1.7623,12.9566,0.5077,11.0618,24.917,7.6528
37725.0,1.7634,12.3455,0.5211,14.3356,25.0161,7.6362
37730.0,1.7861,13.1934,0.5133,12.8018,24.6369,7.6023
37735.0,1.7655,12.6953,0.5004,11.5315,24.9287,7.6181
37740.0,1.7676,12.7336,0.5087,12.2783,25.2364,7.5873
37745.0,1.7646,13.2626,0.516,11.9877,25.6675,7.5584
37750.0,1.7806,13.0186,0.492,12.953,25.2404,7.5406
37755.0,1.793,13.4383,0.5171,13.0534,24.9317,7.5241
37760.0,1.7793,12.9132,0.5217,13.7803,25.2674,7.5232
37765.0,1.7647,12.6192,0.4983,12.3009,25.2824,7.5439
37770.0,1.7678,12.4114,0.5083,12.7884,25.1559,7.5376
37775.0,1.7687,12.7387,0.5129,14.0745,24.8331,7.5464
37780.0,1.7701,13.4189,0.5095,14.1013,25.1122,7.5194
37785.0,1.7693,12.7784,0.4988,13.2342,25.0829,7.5137
37790.0,1.774,12.8534,0.5051,12.2748,24.7986,7.5129
37795.0,1.7669,13.1157,0.5003,11.404,24.9412,7.5119
37800.0,1.7663,13.2792,0.5096,13.3387,24.9823,7.5035
37805.0,1.7632,13.2127,0.5002,11.3921,25.328,7.4828
37810.0,1.7696,12.7076,0.5123,11.3967,25.0944,7.4758
37815.0,1.7583,12.5414,0.5022,11.373,25.2143,7.4858
37820.0,1.7585,13.31,0.5004,12.8322,24.7988,7.5049
37825.0,1.7436,12.7644,0.503,10.8633,24.9972,7.5202
37830.0,1.7584,12.4652,0.5059,12.6961,24.9144,7.4898
37835.0,1.7651,13.2178,0.5039,12.899,24.8759,7.4723
37840.0,1.7512,12.2865,0.5011,12.411,25.4804,7.4612
37845.0,1.7689,13.2097,0.5086,12.2303,25.1551,7.4398
37850.0,1.7748,13.0275,0.5047,12.3577,24.9775,7.4343
37855.0,1.7569,12.4951,0.4894,10.5051,25.2077,7.455
37860.0,1.7667,13.0106,0.5141,12.1368,25.2083,7.4341
37865.0,1.7647,12.7869,0.4976,12.9316,25.0336,7.4459
37870.0,1.7616,12.8005,0.5018,11.9228,25.093,7.4484
37875.0,1.76,12.5802,0.4963,13.2417,24.9443,7.4604
37880.0,1.7548,12.4741,0.5022,11.7194,24.7651,7.4828
37885.0,1.7375,12.8192,0.4926,11.7895,25.1322,7.4993
37890.0,1.7454,12.422,0.4879,12.0659,24.8576,7.5013
37895.0,1.7349,12.1295,0.509,11.3775,25.2654,7.5009
37900.0,1.7341,12.1052,0.5176,11.1528,25.1419,7.5124
37905.0,1.7298,12.442,0.4988,11.8413,25.2625,7.518
37910.0,1.7387,12.1157,0.4915,10.5804,25.2528,7.5031
37915.0,1.7396,12.2255,0.511,12.1753,25.3028,7.5013
37920.0,1.7395,12.4036,0.5116,10.6232,25.2856,7.5069
37925.0,1.7424,13.172,0.5104,12.6054,25.213,7.5102
37930.0,1.7486,12.3334,0.5113,10.6648,25.0042,7.5151
37935.0,1.7348,12.5679,0.494,11.2392,25.4481,7.5237
37940.0,1.7556,12.6016,0.4981,12.6723,25.0004,7.5127
37945.0,1.7408,12.373,0.5044,11.2366,25.1152,7.5433
37950.0,1.7536,13.0249,0.5025,12.0134,24.9708,7.5328
37955.0,1.7432,12.9542,0.5162,11.1546,24.9348,7.5642
37960.0,1.7441,12.5675,0.4966,11.478,24.9505,7.5701
37965.0,1.7323,12.1932,0.5026,11.5159,25.4557,7.5727
37970.0,1.7364,12.2599,0.5171,12.2362,25.1747,7.5892
37975.0,1.7402,12.032,0.5058,11.6166,25.115,7.5933
37980.0,1.7472,12.3202,0.5282,10.3411,25.2822,7.5762
37985.0,1.7335,12.3541,0.5005,10.8639,25.7678,7.5843
37990.0,1.7457,12.4296,0.5044,11.5498,25.6894,7.5716
37995.0,1.7547,12.9252,0.5145,12.9453,25.2543,7.5864
38000.0,1.7629,12.8539,0.5003,12.5872,24.9974,7.5937
38005.0,1.7543,12.5609,0.5156,12.4734,25.2806,7.6038
38010.0,1.7491,12.3506,0.5194,13.0651,25.63,7.603
38015.0,1.7366,12.6353,0.5018,10.606,25.5746,7.642
38020.0,1.7376,12.5896,0.5068,12.4647,25.4541,7.6573
38025.0,1.7391,12.4135,0.4994,11.0594,25.8645,7.6382
38030.0,1.7532,12.7772,0.5076,11.8253,25.4485,7.6398
38035.0,1.7453,12.6199,0.5198,12.3983,25.4947,7.6621
38040.0,1.751,12.8727,0.508,12.6197,25.3336,7.6682
38045.0,1.737,12.4379,0.5214,11.485,25.7764,7.6797
38050.0,1.7398,12.3511,0.5128,11.2193,25.5403,7.6957
38055.0,1.7388,12.6185,0.5136,12.2741,25.527,7.7063
38060.0,1.7266,12.0993,0.5028,11.2034,25.7366,7.728
38065.0,1.735,12.4348,0.5165,12.2001,25.5581,7.7272
38070.0,1.7266,11.8477,0.5203,11.4249,25.7016,7.743
38075.0,1.7241,12.1672,0.5249,11.923,26.0014,7.7361
38080.0,1.7324,12.3995,0.5362,11.2625,25.5604,7.7493
38085.0,1.7324,11.7944,0.5062,12.8175,25.4863,7.7591
38090.0,1.7339,12.2091,0.5101,12.0593,25.7031,7.7464
38095.0,1.7269,11.5617,0.5269,11.8795,26.0357,7.7442
38100.0,1.7304,12.035,0.5072,12.1618,25.5963,7.7669
38105.0,1.734,11.5092,0.5099,11.6437,25.613,7.7609
38110.0,1.7324,12.1388,0.507,11.4348,25.4885,7.7743
38115.0,1.7307,12.3128,0.5165,12.2667,25.3868,7.7869
38120.0,1.7243,12.1621,0.5156,10.708,25.6618,7.7853
38125.0,1.7276,12.4402,0.5275,11.314,25.6608,7.7778
38130.0,1.7362,12.3459,0.5377,12.15,25.7691,7.7506
38135.0,1.7322,12.1689,0.5,11.3665,25.8095,7.755
38140.0,1.7461,12.4096,0.5081,12.6698,25.6747,7.731
38145.0,1.7474,12.3917,0.5152,11.9818,25.4078,7.7418
38150.0,1.7324,12.5331,0.5017,12.1153,26.0023,7.7366
38155.0,1.7375,12.3591,0.5221,12.5876,25.7839,7.7353
38160.0,1.7459,12.4516,0.5069,11.2509,25.7168,7.7172
38165.0,1.7489,12.5051,0.5116,11.9793,25.6166,7.712
38170.0,1.7281,11.9906,0.5044,12.5488,25.7505,7.7456
38175.0,1.7397,12.3976,0.5097,10.9613,25.2275,7.7492
38180.0,1.711,12.2393,0.512,11.1019,26.1061,7.7544
38185.0,1.7267,12.6282,0.5103,12.2349,25.6663,7.7401
38190.0,1.7198,12.2221,0.4951,10.7152,25.5383,7.7575
38195.0,1.7212,11.6813,0.5237,12.142,25.6357,7.7421
38200.0,1.7139,11.6529,0.5093,11.331,25.9955,7.7287
38205.0,1.7217,11.6329,0.5238,11.0574,25.7249,7.7197
38210.0,1.7125,12.0652,0.5227,12.5635,25.6918,7.7353
38215.0,1.7086,11.8018,0.5027,12.0629,25.639,7.7409
38220.0,1.7189,11.796,0.4854,9.7878,25.6386,7.7088
38225.0,1.7184,11.5479,0.5018,12.5677,25.534,7.707
38230.0,1.7125,12.0422,0.4926,10.4998,25.7241,7.7001
38235.0,1.7029,11.9314,0.5005,9.8886,26.049,7.6929
38240.0,1.7037,11.2251,0.5067,11.4745,25.8217,7.6963
38245.0,1.7231,12.5753,0.5309,12.3069,25.3744,7.6714
38250.0,1.7201,11.9394,0.5244,11.5241,25.8205,7.6403
38255.0,1.7121,12.5014,0.4997,10.7343,25.848,7.6465
38260.0,1.7097,12.075,0.4986,11.7788,26.1601,7.6246
38265.0,1.7283,12.3601,0.4959,12.4338,25.7193,7.6002
38270.0,1.7392,12.2376,0.4906,10.8448,25.4658,7.5822
38275.0,1.7201,11.4437,0.4961,11.4312,26.0877,7.5776
38280.0,1.7147,11.5136,0.5156,12.9594,26.215,7.5737
38285.0,1.7239,12.1907,0.5113,12.5088,25.9177,7.563
38290.0,1.7166,12.0156,0.5202,12.4277,26.0356,7.5639
38295.0,1.7152,11.6489,0.5266,11.6941,26.0498,7.5586
38300.0,1.718,12.2525,0.5198,10.571,25.3981,7.5846
38305.0,1.717,11.7759,0.5226,11.0109,25.7143,7.5618
38310.0,1.7257,12.47,0.5228,11.6561,25.4747,7.5496
38315.0,1.7161,12.0337,0.4952,11.2972,25.353,7.5718
38320.0,1.7075,11.4265,0.5126,10.8967,25.6425,7.5685
38325.0,1.7056,11.7852,0.5104,10.4218,25.7157,7.5628
38330.0,1.7165,12.5058,0.5104,10.2803,25.6152,7.5395
38335.0,1.7077,12.1554,0.5056,11.2706,25.8595,7.5388
38340.0,1.715,12.0282,0.4986,10.95,25.7891,7.5228
38345.0,1.7133,12.1622,0.4875,10.0415,25.8548,7.5187
38350.0,1.7082,11.569,0.5079,9.3074,25.6094,7.5416
38355.0,1.719,12.0687,0.5078,10.6358,25.7107,7.5103
38360.0,1.7182,11.735,0.4956,10.5752,25.6361,7.5133
38365.0,1.7168,11.3686,0.4854,11.0632,25.9362,7.4972
38370.0,1.715,11.6929,0.5057,11.6803,25.9425,7.4992
38375.0,1.729,11.6835,0.4919,10.4845,25.835,7.4755
38380.0,1.7373,12.7357,0.4991,10.8024,25.5694,7.4726
38385.0,1.7299,12.0393,0.4993,11.2634,25.9305,7.468
38390.0,1.7432,12.1241,0.5152,12.0988,25.4204,7.4707
38395.0,1.7312,11.7375,0.5005,10.9381,25.6658,7.4837
38400.0,1.7426,12.5335,0.509,10.0167,25.298,7.4841
38405.0,1.7211,12.2314,0.507,11.7319,25.9985,7.4917
38410.0,1.7325,11.4196,0.4921,13.1557,26.2322,7.4587
38415.0,1.7484,12.474,0.506,12.117,25.5439,7.4667
38420.0,1.7275,11.9098,0.4964,10.4943,25.9728,7.4905
38425.0,1.7296,12.04,0.4926,11.7948,26.0705,7.4864
38430.0,1.7287,11.8823,0.5037,10.9754,26.5724,7.4658
38435.0,1.7561,12.4795,0.502,10.8303,25.3574,7.482
38440.0,1.7516,12.6091,0.4941,12.8001,25.8609,7.4694
38445.0,1.7466,12.338,0.5036,11.4155,25.9588,7.4799
38450.0,1.7546,12.9848,0.5039,12.3048,25.9164,7.4732
38455.0,1.7403,12.4818,0.4904,12.0471,26.4658,7.4789
38460.0,1.7755,13.6886,0.5174,13.6955,25.6287,7.4614
38465.0,1.7726,12.9234,0.516,11.7264,25.7349,7.4681
38470.0,1.7798,12.4007,0.5178,14.2187,25.8208,7.4573
38475.0,1.7606,12.6825,0.5134,12.3381,25.9466,7.4958
38480.0,1.7588,12.8097,0.4862,11.1328,25.9287,7.5101
38485.0,1.7578,12.2909,0.5124,12.2543,26.1909,7.5068
38490.0,1.7421,12.6342,0.5175,12.0167,26.3963,7.5355
38495.0,1.7479,12.1543,0.5238,11.8242,25.7807,7.568
38500.0,1.7411,12.4054,0.4961,11.8681,26.3327,7.5609
38505.0,1.7531,13.1229,0.5086,12.6267,25.9825,7.5637
38510.0,1.7494,12.5044,0.5048,12.8006,25.985,7.5799
38515.0,1.7457,12.2857,0.5357,13.2402,26.5976,7.5625
38520.0,1.774,13.2644,0.5075,12.2534,26.0682,7.5418
38525.0,1.7767,12.8841,0.5183,12.2938,26.4025,7.5259
38530.0,1.7963,13.2259,0.5005,12.7216,25.7649,7.5286
38535.0,1.7806,13.1198,0.5212,11.8827,26.2751,7.5398
38540.0,1.7699,12.9079,0.5073,12.7019,26.7547,7.5435
38545.0,1.7813,12.6407,0.5129,13.3005,26.3005,7.5523
38550.0,1.7868,13.1238,0.5155,13.3322,26.2509,7.5515
38555.0,1.8048,13.6147,0.5197,14.0408,25.8789,7.543
38560.0,1.8054,14.0196,0.5207,14.8269,25.7352,7.5552
38565.0,1.7925,13.2709,0.528,12.805,26.1097,7.5666
38570.0,1.7926,13.2103,0.5267,12.3165,25.9629,7.5803
38575.0,1.804,13.434,0.5125,14.0768,25.9924,7.5623
38580.0,1.8109,13.8368,0.5244,14.9641,26.1253,7.5463
38585.0,1.8366,14.1307,0.5335,15.1309,25.5162,7.5333
38590.0,1.8226,14.064,0.5313,13.8574,26.4697,7.5144
38595.0,1.8226,13.4418,0.5103,13.4633,26.4614,7.5171
38600.0,1.8217,14.1495,0.5137,13.2297,26.3914,7.525
38605.0,1.8275,13.7597,0.5181,12.3821,26.1999,7.5264
38610.0,1.8156,13.5657,0.5336,14.7022,26.5843,7.5312
38615.0,1.8229,14.1046,0.5121,13.8308,26.3825,7.5292
38620.0,1.8159,13.6058,0.4956,13.0346,26.4495,7.5394
38625.0,1.836,13.5267,0.5126,14.267,26.2618,7.5128
38630.0,1.8202,13.9885,0.508,14.6964,26.3956,7.5334
38635.0,1.8232,14.0662,0.4972,13.8335,26.476,7.5242
38640.0,1.8163,13.9262,0.5287,14.4399,26.8146,7.5187
38645.0,1.8042,13.4965,0.5051,12.6531,26.5463,7.5517
38650.0,1.8111,13.6532,0.5249,13.8686,26.3161,7.5495
38655.0,1.8163,13.6344,0.5283,16.3809,26.348,7.5355
38660.0,1.8017,13.2292,0.5207,13.7128,26.4116,7.5556
38665.0,1.7922,13.4126,0.5253,13.2444,26.3282,7.5751
38670.0,1.7891,13.082,0.5126,13.3011,26.1153,7.5888
38675.0,1.7855,12.8187,0.5219,12.6015,26.736,7.5594
38680.0,1.7998,13.6244,0.5046,13.1703,26.1829,7.5542
38685.0,1.7952,13.2868,0.5022,11.6696,26.3893,7.5466
38690.0,1.7958,13.2389,0.5414,14.3326,26.2772,7.545
38695.0,1.7852,13.0527,0.5096,12.8241,26.6101,7.5418
38700.0,1.7924,13.1272,0.5096,12.9545,26.2071,7.542
38705.0,1.7952,13.5343,0.5254,13.085,26.3085,7.5246
38710.0,1.7902,13.2059,0.5042,12.8097,26.4354,7.5199
38715.0,1.8131,13.6152,0.5339,14.9614,26.0463,7.489
38720.0,1.8079,13.4963,0.5064,14.045,25.6426,7.5107
38725.0,1.7889,13.3183,0.5063,12.415,26.1956,7.5112
38730.0,1.7883,12.6626,0.503,13.2113,26.065,7.5111
38735.0,1.7737,13.2307,0.4948,13.7745,26.316,7.5182
38740.0,1.7799,12.9774,0.5081,12.6197,26.3462,7.4967
38745.0,1.7888,13.3524,0.5105,14.7848,25.7729,7.5003
38750.0,1.7755,13.0548,0.5235,14.1154,26.1303,7.4991
38755.0,1.77,12.619,0.5068,12.768,26.3137,7.4917
38760.0,1.7697,12.8866,0.5036,12.7733,25.8781,7.5069
38765.0,1.7498,12.4209,0.5063,13.6604,26.0924,7.5276
38770.0,1.7331,12.3225,0.5114,12.9384,26.5701,7.5284
38775.0,1.7378,12.3439,0.4934,12.0407,26.4225,7.5188
38780.0,1.7552,12.4028,0.5044,12.6677,26.1976,7.4872
38785.0,1.7555,12.4466,0.5009,12.0896,26.1976,7.4776
38790.0,1.7505,12.6163,0.5279,12.5087,26.1366,7.4831
38795.0,1.7541,12.3411,0.4959,13.6379,25.9093,7.4812
38800.0,1.7444,12.585,0.502,12.0583,26.4506,7.4643
38805.0,1.7578,13.1025,0.4977,12.5828,25.8589,7.462
38810.0,1.7541,12.7544,0.5095,12.8336,26.0675,7.4517
38815.0,1.7607,12.7086,0.4956,12.6736,26.0788,7.4317
38820.0,1.7558,12.2361,0.5169,11.9009,26.3331,7.4215
38825.0,1.7745,13.0549,0.5176,11.6054,25.811,7.4072
38830.0,1.7634,12.7137,0.4946,12.2117,26.0614,7.4102
38835.0,1.7492,12.1357,0.5177,11.623,26.1253,7.4307
38840.0,1.7598,13.0017,0.5241,14.2923,25.9112,7.4181
38845.0,1.7522,12.1651,0.5151,12.1292,26.195,7.4141
38850.0,1.7574,12.5901,0.5018,12.5524,25.9632,7.4134
38855.0,1.7524,12.4999,0.495,12.5218,26.102,7.4134
38860.0,1.7587,12.9351,0.5007,13.3632,25.9042,7.4097
38865.0,1.7649,13.0524,0.5064,13.3728,25.7077,7.4066
38870.0,1.7622,12.7282,0.4914,11.5388,25.9349,7.3989
38875.0,1.7443,12.3212,0.5084,12.0033,26.7157,7.3926
38880.0,1.7542,12.2518,0.4954,12.3637,26.0994,7.4052
38885.0,1.7645,12.5291,0.4887,11.12,26.1441,7.3843
38890.0,1.7732,13.5156,0.5132,12.8682,26.4346,7.3537
38895.0,1.7995,13.142,0.5163,12.2099,25.6966,7.3423
38900.0,1.7928,13.3222,0.5064,13.1724,25.9842,7.3421
38905.0,1.7872,13.2073,0.5083,13.162,25.9774,7.3555
38910.0,1.7928,13.3384,0.4966,14.4753,26.0243,7.3467
38915.0,1.7986,13.4252,0.5091,13.005,26.0325,7.3393
38920.0,1.7965,13.368,0.5325,12.7392,26.0775,7.3447
38925.0,1.7911,13.0254,0.5048,13.0659,26.0244,7.362
38930.0,1.7937,13.1099,0.503,13.1048,26.1822,7.3552
38935.0,1.7836,12.5683,0.5254,13.3562,26.5604,7.3604
38940.0,1.7901,13.625,0.5019,11.2422,26.1216,7.3759
38945.0,1.8016,13.628,0.5141,13.7171,26.0746,7.3641
38950.0,1.8137,13.8909,0.5068,15.0911,25.9411,7.3548
38955.0,1.808,13.7017,0.5103,13.6313,26.1001,7.3636
38960.0,1.814,13.6803,0.5142,13.6847,26.0927,7.3607
38965.0,1.7993,13.369,0.5167,13.5899,26.4701,7.3762
38970.0,1.8012,13.6614,0.5079,14.4083,26.154,7.3961
38975.0,1.8075,13.6966,0.5015,12.8932,26.0083,7.4004
38980.0,1.8123,13.0915,0.5306,13.3043,26.4706,7.3776
38985.0,1.8283,13.8924,0.5232,13.6317,26.1712,7.3706
38990.0,1.8273,14.2705,0.5203,14.3194,26.2865,7.3747
38995.0,1.836,13.9418,0.5251,14.923,26.2379,7.3701
39000.0,1.8402,14.3155,0.5282,14.7681,26.2683,7.3694
39005.0,1.8462,14.2861,0.5181,14.9122,26.443,7.3594
39010.0,1.8655,14.5944,0.5236,14.152,26.0409,7.3527
39015.0,1.8544,14.1991,0.5132,14.7138,25.9669,7.3823
39020.0,1.8415,14.5015,0.5139,15.9279,26.2589,7.4
39025.0,1.8382,14.2423,0.5179,14.0572,26.5486,7.4009
39030.0,1.8347,13.9682,0.523,14.0492,26.6286,7.4109
39035.0,1.8434,13.5079,0.5291,16.5483,26.608,7.4049
39040.0,1.861,14.724,0.5344,14.7134,26.2531,7.3979
39045.0,1.8587,14.6174,0.5206,14.2815,26.4668,7.399
39050.0,1.8723,14.4466,0.5267,16.7896,26.399,7.3861
39055.0,1.8643,14.5842,0.5079,14.766,26.6916,7.3924
39060.0,1.8795,14.5139,0.5111,15.1489,26.3116,7.3902
39065.0,1.8686,14.6164,0.5318,15.628,26.3431,7.4122
39070.0,1.8588,14.5208,0.525,14.7362,26.2543,7.4388
39075.0,1.8575,13.9224,0.5322,15.3187,26.0794,7.4551
39080.0,1.8537,14.294,0.5234,16.0802,26.149,7.4636
39085.0,1.8469,13.6544,0.514,14.8996,26.2072,7.4772
39090.0,1.8644,14.1134,0.5176,14.388,25.9104,7.465
39095.0,1.8546,14.1066,0.5256,15.7962,26.4555,7.4593
39100.0,1.8604,14.8004,0.5283,15.8552,26.4885,7.4506
39105.0,1.8773,15.0287,0.5252,18.1118,26.0679,7.443
39110.0,1.8674,14.851,0.5356,15.0741,26.3576,7.4479
39115.0,1.8777,14.787,0.5359,15.2256,26.3554,7.4324
39120.0,1.8674,14.6116,0.5193,16.1748,26.5036,7.4429
39125.0,1.8756,14.4144,0.5156,15.2076,26.6219,7.4251
39130.0,1.886,14.9539,0.535,15.4757,26.4201,7.4159
39135.0,1.8775,14.5003,0.5149,16.7866,26.7501,7.4145
39140.0,1.8966,15.0368,0.5238,16.2293,25.9211,7.4177
39145.0,1.8829,14.8474,0.5137,17.3013,26.1658,7.4278
39150.0,1.8884,15.2079,0.5333,16.8236,26.1177,7.4191
39155.0,1.8771,14.6628,0.5503,15.7901,26.5078,7.4176
39160.0,1.8794,14.6053,0.522,15.4139,26.1594,7.4257
39165.0,1.8832,14.7956,0.5114,16.3569,26.1921,7.4147
39170.0,1.8639,14.6093,0.5078,13.9026,26.8863,7.4118
39175.0,1.8558,14.4792,0.5336,15.7659,26.639,7.4312
39180.0,1.8708,14.3115,0.5302,15.8826,26.3128,7.4166
39185.0,1.8669,14.325,0.5227,14.1563,26.5405,7.4071
39190.0,1.859,14.477,0.5064,14.5934,26.6631,7.4088
39195.0,1.8873,14.6332,0.5405,17.0602,25.9982,7.3853
39200.0,1.8686,14.587,0.5141,14.252,26.6511,7.3804
39205.0,1.8685,14.952,0.5477,17.1406,26.3408,7.3871
39210.0,1.863,14.6107,0.5257,14.6215,26.2161,7.3951
39215.0,1.8732,14.5029,0.5404,16.8266,26.0261,7.3798
39220.0,1.8595,13.9735,0.5204,13.9932,26.4321,7.3767
39225.0,1.8747,14.2723,0.5139,14.8121,26.1424,7.3566
39230.0,1.8569,14.4632,0.5186,14.9384,26.2598,7.3723
39235.0,1.8595,13.5168,0.5187,15.5825,26.2801,7.36
39240.0,1.8543,14.2581,0.524,16.0477,26.0241,7.3717
39245.0,1.8529,14.1881,0.5252,14.3799,26.3725,7.3509
39250.0,1.8653,13.8618,0.5361,14.4104,26.4116,7.3201
39255.0,1.8797,14.8442,0.5085,14.8737,26.1753,7.2977
39260.0,1.8838,15.2298,0.5236,15.5075,25.9966,7.29
39265.0,1.8558,14.7347,0.5192,16.4363,26.5027,7.3055
39270.0,1.8676,14.935,0.4914,16.3707,25.7819,7.3102
39275.0,1.8701,14.5762,0.5096,14.7767,26.2144,7.28
39280.0,1.8695,15.0221,0.5171,14.6503,26.132,7.2758
39285.0,1.8789,14.7143,0.5397,15.442,25.7641,7.2689
39290.0,1.8841,14.7754,0.5363,15.8318,25.7209,7.2551
39295.0,1.8567,13.8503,0.5208,13.9163,26.3471,7.2651
39300.0,1.8568,14.6733,0.5217,13.8304,26.313,7.2602
39305.0,1.8354,14.0085,0.5118,14.9483,26.6693,7.2734
39310.0,1.8612,14.2777,0.5121,15.7175,25.7228,7.2667
39315.0,1.8522,14.2565,0.5192,14.5002,26.1761,7.2558
39320.0,1.8726,14.3123,0.5029,14.3409,25.7682,7.2345
39325.0,1.8793,14.8405,0.5156,14.8434,25.9918,7.2086
39330.0,1.8691,14.2123,0.4977,15.6082,25.9652,7.2205
39335.0,1.8721,14.9973,0.5121,15.4893,25.7974,7.2192
39340.0,1.8707,14.8713,0.49,15.4029,26.0764,7.2061
39345.0,1.8719,14.6519,0.5092,14.9686,25.8805,7.2087
39350.0,1.8695,14.474,0.5007,14.7252,25.8531,7.2112
39355.0,1.8724,14.7133,0.5075,15.3733,25.652,7.213
39360.0,1.8728,15.0383,0.5043,15.8392,25.953,7.198
39365.0,1.9026,15.1123,0.5384,15.2108,25.3593,7.174
39370.0,1.8956,15.3144,0.5197,15.5294,25.6716,7.1703
39375.0,1.9159,15.493,0.5306,17.307,25.2905,7.154
39380.0,1.8952,14.5312,0.5319,16.7123,25.6416,7.1713
39385.0,1.9006,14.9029,0.5196,16.8284,25.4295,7.1731
39390.0,1.8896,14.3216,0.5174,15.8243,25.7763,7.1774
39395.0,1.885,15.0098,0.516,15.7447,25.5918,7.1942
39400.0,1.8795,14.7526,0.5074,16.4307,26.0238,7.1878
39405.0,1.8729,14.6492,0.5102,15.2946,26.4831,7.182
39410.0,1.8843,14.0826,0.5184,15.2554,25.923,7.1897
39415.0,1.8772,14.7527,0.5179,16.0394,26.4118,7.1849
39420.0,1.901,15.4625,0.52,16.6616,25.9739,7.1697
39425.0,1.9196,15.2354,0.5095,16.2867,25.5957,7.1601
39430.0,1.8927,14.6404,0.5084,16.1367,26.311,7.1772
39435.0,1.8858,14.7369,0.5171,15.7362,25.9761,7.2071
39440.0,1.8881,14.9254,0.5063,15.1691,26.2781,7.1982
39445.0,1.8954,15.0693,0.4999,17.2465,26.2368,7.1942
39450.0,1.909,14.9261,0.5191,15.3079,25.8162,7.1961
39455.0,1.9142,15.4615,0.5182,15.7984,25.4372,7.2101
39460.0,1.889,15.291,0.534,14.3612,26.1697,7.2266
39465.0,1.8818,15.1646,0.5075,15.7034,26.0571,7.2502
39470.0,1.8803,14.4913,0.5213,15.7039,26.2672,7.2522
39475.0,1.8968,15.5604,0.5257,16.1738,25.5875,7.2621
39480.0,1.8805,14.2519,0.5123,15.3928,26.2993,7.2661
39485.0,1.8825,15.1033,0.5221,15.5404,26.365,7.2681
39490.0,1.8841,14.5045,0.5363,15.3136,26.2025,7.2801
39495.0,1.8881,14.5229,0.5464,17.0058,26.1072,7.2862
39500.0,1.8896,14.7467,0.5102,15.4965,25.8293,7.3036
39505.0,1.8721,14.4944,0.5066,14.0807,26.3221,7.3195
39510.0,1.872,14.4204,0.5267,14.7281,26.4569,7.3225
39515.0,1.8911,14.8852,0.5314,16.0801,25.643,7.3344
39520.0,1.8644,14.5395,0.5069,16.2811,26.5865,7.3454
39525.0,1.8659,13.8902,0.5113,15.3612,26.0936,7.3725
39530.0,1.8676,14.409,0.5107,16.5014,25.7577,7.3935
39535.0,1.8674,14.2965,0.5343,15.6084,26.2109,7.3816
39540.0,1.8984,15.0766,0.5212,17.0857,25.8101,7.3551
39545.0,1.8951,14.8391,0.5302,17.293,25.8815,7.3631
39550.0,1.8924,15.1703,0.5189,17.1991,25.8254,7.3768
39555.0,1.8928,14.9668,0.511,14.6684,25.8477,7.3821
39560.0,1.8772,15.1428,0.5212,14.5782,26.3787,7.3906
39565.0,1.8954,14.7346,0.5318,15.95,25.848,7.3899
39570.0,1.8848,15.165,0.511,14.7515,26.2527,7.3949
39575.0,1.905,14.954,0.5076,15.2056,25.9439,7.3807
39580.0,1.9091,15.2855,0.5133,17.1699,25.875,7.3809
39585.0,1.9164,14.927,0.5483,16.9477,25.9239,7.3713
39590.0,1.9091,15.2676,0.5194,16.2372,26.0838,7.3793
39595.0,1.9121,15.1137,0.5333,17.7754,26.276,7.3702
39600.0,1.9154,15.3245,0.5234,16.481,26.1993,7.3703
39605.0,1.9297,15.9984,0.5465,17.5117,25.9154,7.362
39610.0,1.9157,15.4073,0.5412,15.5959,25.9653,7.3831
39615.0,1.9237,15.2286,0.5385,16.8323,26.0945,7.3674
39620.0,1.9256,15.4093,0.5208,17.2216,26.1397,7.3628
39625.0,1.9122,15.4955,0.5372,17.1118,26.2554,7.3789
39630.0,1.8909,15.309,0.5324,17.2839,26.2857,7.4118
39635.0,1.904,14.7657,0.5423,16.9846,26.0643,7.4007
39640.0,1.9139,15.5832,0.5252,17.324,25.8613,7.3918
39645.0,1.8902,15.3003,0.5466,16.9643,26.1559,7.4151
39650.0,1.878,14.6639,0.5182,15.4645,26.595,7.4149
39655.0,1.8898,15.3241,0.5244,16.2667,26.1265,7.4132
39660.0,1.8884,14.4039,0.5167,15.8782,25.7156,7.4305
39665.0,1.8671,14.0111,0.5314,14.8276,26.4883,7.4284
39670.0,1.8822,14.8673,0.5431,17.738,26.287,7.4082
39675.0,1.8913,15.2609,0.5381,16.6127,26.1505,7.3941
39680.0,1.8987,14.5617,0.5234,15.269,26.4246,7.3654
39685.0,1.9149,15.2577,0.5233,15.9932,25.9611,7.3526
39690.0,1.9345,15.766,0.5391,18.0,25.6089,7.3305
39695.0,1.9257,15.5568,0.543,18.0275,26.279,7.3104
39700.0,1.9199,14.754,0.5054,16.7925,26.1112,7.3188
39705.0,1.9172,15.192,0.5145,15.3386,26.2709,7.3104
39710.0,1.9012,15.0189,0.4966,16.1637,26.1979,7.3309
39715.0,1.8919,14.748,0.5406,15.9283,26.0915,7.3439
39720.0,1.8971,15.0511,0.5233,16.7427,25.8902,7.3374
39725.0,1.9075,15.3144,0.5226,16.5643,25.7334,7.3197
39730.0,1.8974,15.177,0.5375,15.2692,25.5688,7.3346
39735.0,1.8725,14.8479,0.5333,16.1372,25.7973,7.3583
39740.0,1.8698,14.7095,0.5136,14.2504,26.0497,7.3445
39745.0,1.8603,14.8895,0.5119,13.9558,25.9761,7.3551
39750.0,1.8525,14.3783,0.5269,14.7281,25.987,7.3602
39755.0,1.851,14.648,0.5205,14.0166,26.1879,7.3458
39760.0,1.8573,14.4369,0.519,14.5118,25.5673,7.3549
39765.0,1.8642,14.5021,0.5214,14.8458,25.5647,7.3357
39770.0,1.8703,14.6728,0.5225,15.0362,25.6261,7.3141
39775.0,1.8633,14.3494,0.5256,16.2959,25.6931,7.314
39780.0,1.8629,14.3751,0.5356,14.983,25.6316,7.31
39785.0,1.8592,14.6102,0.5259,16.1188,26.0274,7.291
39790.0,1.859,14.6928,0.5278,14.2235,25.8906,7.2895
39795.0,1.8534,14.2503,0.518,15.1172,25.7792,7.2968
39800.0,1.8525,14.0347,0.5044,14.6365,25.8256,7.2898
39805.0,1.8337,14.2444,0.5261,15.6387,26.0587,7.3045
39810.0,1.8375,13.6047,0.5187,14.0165,26.0267,7.294
39815.0,1.8566,14.4783,0.5157,14.0448,25.8354,7.2646
39820.0,1.846,14.2034,0.5146,14.4576,26.1064,7.2637
39825.0,1.8513,14.427,0.5112,15.6797,25.8966,7.2591
39830.0,1.8521,13.8633,0.5192,13.4513,25.5062,7.2708
39835.0,1.8565,14.2378,0.498,16.0376,25.4126,7.2641
39840.0,1.8417,14.231,0.4937,13.7025,25.8759,7.2639
39845.0,1.8434,14.0084,0.5077,15.0389,26.2327,7.2421
39850.0,1.8433,13.7109,0.5174,14.9394,25.8266,7.2568
39855.0,1.8529,13.975,0.5045,14.7061,25.5531,7.2514
39860.0,1.8427,14.184,0.5156,15.174,25.8018,7.2553
39865.0,1.8355,14.397,0.5113,14.5468,25.8912,7.2623
39870.0,1.8461,13.9119,0.5138,14.4987,25.7153,7.2519
39875.0,1.8409,14.1554,0.5142,14.3716,25.8888,7.2522
39880.0,1.8345,14.3093,0.5201,14.151,25.9777,7.2592
39885.0,1.8422,14.1068,0.5247,15.4979,25.5225,7.2682
39890.0,1.8476,14.3037,0.5201,14.6265,25.5007,7.2616
39895.0,1.8389,14.1296,0.5188,15.1856,26.1231,7.2495
39900.0,1.822,13.3695,0.525,13.0758,26.1899,7.2768
39905.0,1.8325,14.0644,0.4918,13.4271,25.9922,7.2718
39910.0,1.8454,14.1418,0.514,12.7576,25.5552,7.2729
39915.0,1.8258,13.6328,0.5008,13.3432,25.6863,7.3044
39920.0,1.8368,14.3492,0.4948,14.5549,25.4425,7.3024
39925.0,1.8263,14.0474,0.5058,14.051,25.9873,7.2994
39930.0,1.8427,13.5145,0.5359,15.1627,25.9003,7.2802
39935.0,1.8163,13.5669,0.5306,13.2931,25.9814,7.3264
39940.0,1.8334,13.6805,0.4926,13.0861,25.822,7.3119
39945.0,1.8417,14.3102,0.4916,13.5814,26.0107,7.2944
39950.0,1.8438,14.0887,0.5117,16.3903,26.2575,7.2856
39955.0,1.8514,14.0384,0.5003,13.7303,25.7821,7.3003
39960.0,1.8494,14.6926,0.5219,14.2747,25.8035,7.3102
39965.0,1.8399,13.851,0.5143,14.9645,26.1822,7.3168
39970.0,1.852,13.9937,0.5089,15.2246,25.877,7.3178
39975.0,1.8751,14.8162,0.5151,15.9535,25.728,7.2936
39980.0,1.861,14.8822,0.5016,15.3643,25.779,7.3214
39985.0,1.8412,14.1768,0.5237,14.2222,26.2777,7.3412
39990.0,1.8518,14.4714,0.5133,15.3258,25.3654,7.3743
39995.0,1.8403,13.8243,0.498,13.0763,26.0722,7.3704
40000.0,1.8433,13.9545,0.5053,13.8358,25.857,7.383
40005.0,1.8451,14.2528,0.5418,15.6528,26.0288,7.3806
40010.0,1.8512,14.069,0.5169,14.0554,25.9516,7.3817
40015.0,1.8573,14.1921,0.5204,14.0355,26.1359,7.371
40020.0,1.8616,14.7545,0.508,15.0759,25.7332,7.3894
40025.0,1.834,14.5774,0.5243,15.9649,26.3918,7.4149
40030.0,1.8587,14.2281,0.5128,14.5856,26.2494,7.3879
40035.0,1.8716,14.8262,0.4944,15.5488,25.9152,7.3876
40040.0,1.881,14.9437,0.5177,15.3453,26.224,7.3657
40045.0,1.8745,15.2387,0.5365,16.7392,26.5685,7.3674
40050.0,1.868,14.6178,0.5285,15.67,26.3023,7.3961
40055.0,1.8556,14.4726,0.5349,14.9425,26.5943,7.4113
40060.0,1.854,14.339,0.5244,13.1979,26.5533,7.4226
40065.0,1.8778,14.7769,0.521,16.3497,25.8263,7.4214
40070.0,1.8679,14.6179,0.5385,15.2048,26.5717,7.41
40075.0,1.8726,14.872,0.5357,14.9111,25.9998,7.4319
40080.0,1.8924,15.0661,0.5344,17.4467,26.0262,7.4033
40085.0,1.8832,14.751,0.5142,16.0411,26.3613,7.4067
40090.0,1.9143,15.5687,0.5241,16.754,26.0754,7.3729
40095.0,1.9175,15.1358,0.5261,17.1127,26.185,7.3652
40100.0,1.9159,15.7738,0.5327,16.1471,25.7968,7.3862
40105.0,1.9162,15.5463,0.5252,15.8621,26.1582,7.3736
40110.0,1.9243,15.8001,0.533,16.1758,26.1449,7.3629
40115.0,1.9566,16.5649,0.5287,18.3874,25.8624,7.3258
40120.0,1.945,15.6537,0.5393,17.5451,26.0745,7.3341
40125.0,1.9471,16.0824,0.5316,16.4503,26.115,7.3301
40130.0,1.9355,15.7797,0.5364,16.8581,26.4611,7.3337
40135.0,1.9616,16.3825,0.5432,19.4663,26.2564,7.3023
40140.0,1.9447,15.9561,0.542,17.4561,26.7362,7.3068
40145.0,1.9668,16.8633,0.5417,18.2775,26.1492,7.2948
40150.0,1.9754,16.2315,0.5393,17.8476,26.0426,7.2837
40155.0,1.956,15.9786,0.545,17.2181,26.5872,7.2887
40160.0,1.9468,15.8989,0.552,18.1561,26.7319,7.2939
40165.0,1.9708,16.6549,0.5514,18.3878,26.0822,7.2796
40170.0,1.9536,16.2082,0.533,17.9387,26.3084,7.2916
40175.0,1.9408,16.1882,0.529,18.1232,26.5971,7.2957
40180.0,1.9413,16.1788,0.5281,18.6924,26.2842,7.3021
40185.0,1.9581,16.0037,0.5622,18.605,26.4658,7.2661
40190.0,1.9599,16.747,0.5423,17.6356,26.5113,7.2549
40195.0,1.9635,17.0775,0.5329,18.3492,26.3906,7.2479
40200.0,1.9795,16.763,0.5232,20.2787,26.4293,7.2177
40205.0,1.9773,15.7187,0.5506,19.3139,26.7494,7.2026
40210.0,1.9913,16.3,0.5198,18.1656,26.2905,7.1916
40215.0,1.9891,16.4181,0.5293,19.181,26.4926,7.1807
40220.0,2.0045,16.6073,0.5406,21.2751,26.2255,7.1612
40225.0,2.025,17.4365,0.5355,19.6302,26.0852,7.1304
40230.0,2.0146,17.0362,0.5422,19.5194,26.8716,7.1115
40235.0,2.0321,17.4194,0.5287,20.9354,26.1752,7.1018
40240.0,2.0263,17.4991,0.5337,20.5405,26.3007,7.0976
40245.0,2.0249,16.7668,0.5203,18.0844,26.2648,7.093
40250.0,2.0203,17.3921,0.5355,19.6364,26.875,7.0731
40255.0,2.0145,17.5554,0.5309,19.0503,26.118,7.095
40260.0,2.0317,17.4782,0.5567,21.0794,26.2057,7.0632
40265.0,2.0159,16.7347,0.5274,20.9974,26.8056,7.0571
40270.0,2.0274,17.0324,0.5463,20.6463,26.0364,7.0576
40275.0,2.0235,16.7854,0.5379,20.1629,25.9553,7.058
40280.0,2.034,17.3754,0.5346,20.1708,26.7239,7.0149
40285.0,2.0458,17.8283,0.5423,20.2973,26.9049,6.9872
40290.0,2.0598,18.0785,0.5453,19.2551,26.6188,6.9701
40295.0,2.0726,18.5348,0.5592,21.255,26.2616,6.957
40300.0,2.0836,18.5373,0.5497,20.6874,26.8189,6.9254
40305.0,2.1007,18.4465,0.5326,22.8747,26.0875,6.9188
40310.0,2.1101,19.0842,0.5415,23.14,26.7097,6.8925
40315.0,2.1506,19.2435,0.5448,22.2686,25.8042,6.8685
40320.0,2.1663,19.7084,0.5489,25.4121,26.3679,6.8438
40325.0,2.1637,19.7623,0.5545,25.2787,26.4826,6.8485
40330.0,2.191,21.1601,0.5615,25.6398,26.3787,6.8286
40335.0,2.2087,20.3012,0.5548,26.5998,26.9717,6.8086
40340.0,2.2387,20.8572,0.551,27.6569,26.5224,6.796
40345.0,2.2719,21.7393,0.5751,28.3814,26.5508,6.7756
40350.0,2.2859,22.3659,0.5639,28.6347,26.6772,6.7739
40355.0,2.2853,22.219,0.5598,28.5039,26.3992,6.7912
40360.0,2.334,22.1614,0.5896,30.3612,26.8718,6.755
40365.0,2.3923,23.4234,0.5864,33.1367,26.105,6.7259
40370.0,2.396,23.9464,0.594,33.1102,26.2523,6.7404
40375.0,2.4153,23.9897,0.5929,35.722,26.13,6.7434
40380.0,2.4343,24.6913,0.592,35.4319,26.0988,6.7456
40385.0,2.4702,24.5186,0.6027,37.585,26.4509,6.7316
40390.0,2.4936,25.8787,0.6051,37.0004,26.934,6.7303
40395.0,2.5189,26.1623,0.6129,39.1176,26.6463,6.7315
40400.0,2.5419,26.0625,0.6228,41.024,26.959,6.7337
40405.0,2.5592,26.6328,0.6239,40.6257,26.4115,6.7424
40410.0,2.5674,26.8375,0.615,42.3908,26.6855,6.7576
40415.0,2.6218,27.5611,0.636,43.0661,26.7691,6.7335
40420.0,2.6364,28.0508,0.6562,43.518,26.4725,6.7444
40425.0,2.6713,28.4319,0.6547,45.2356,26.7648,6.74
40430.0,2.6782,29.1322,0.6389,44.3593,26.4125,6.758
40435.0,2.6768,28.9393,0.6367,45.5812,26.7176,6.7847
40440.0,2.6775,28.9165,0.6501,45.2428,26.9007,6.8071
40445.0,2.7062,29.2249,0.6689,48.0894,26.7518,6.8029
40450.0,2.7001,29.1896,0.6526,47.2115,26.752,6.8291
40455.0,2.7268,29.4413,0.6625,48.3492,26.3121,6.8238
40460.0,2.7251,29.4876,0.6694,47.8562,27.0753,6.8493
40465.0,2.7249,29.9458,0.6542,46.9922,26.7672,6.867
40470.0,2.7617,30.6083,0.6614,49.9988,26.9016,6.8539
40475.0,2.7702,30.2727,0.6553,49.7345,26.8452,6.8652
40480.0,2.7903,30.9612,0.6791,51.3695,27.1915,6.8695
40485.0,2.7802,30.6777,0.6675,50.6565,27.3087,6.8983
40490.0,2.8117,31.1663,0.6792,50.2941,26.9351,6.886
40495.0,2.8386,31.7125,0.6594,51.2864,27.3216,6.8845
40500.0,2.8508,32.0986,0.6779,53.2356,26.9735,6.8905
40505.0,2.8695,31.8965,0.6748,54.2274,27.0095,6.8944
40510.0,2.8717,32.3591,0.6846,54.6345,26.6068,6.9084
40515.0,2.8848,32.7796,0.6796,54.3441,26.4181,6.9141
40520.0,2.8809,32.1886,0.6869,53.994,26.882,6.942
40525.0,2.8846,32.197,0.7051,56.5567,27.1159,6.9585
40530.0,2.8879,32.1719,0.6917,55.3836,27.1301,6.9713
40535.0,2.8713,32.3254,0.6935,54.7892,27.0367,6.9996
40540.0,2.8927,32.5156,0.7022,55.3522,27.6055,6.9988
40545.0,2.9023,32.8247,0.7041,55.4016,26.9288,6.9945
40550.0,2.9229,32.9554,0.6995,55.906,27.1611,6.9913
40555.0,2.9328,33.0646,0.6752,56.4833,27.2669,6.997
40560.0,2.9064,32.4899,0.7067,55.2693,27.0689,7.0317
40565.0,2.8777,32.2074,0.6928,55.4943,27.6556,7.0739
40570.0,2.8823,32.7392,0.7137,55.439,26.9424,7.0681
40575.0,2.9291,33.1525,0.7215,56.2884,27.1183,7.0329
40580.0,2.9444,33.3871,0.7281,57.1119,27.4692,7.0319
40585.0,2.9441,33.4598,0.7125,57.8689,27.0359,7.0364
40590.0,2.9612,33.7446,0.7284,57.7087,27.0546,7.0303
40595.0,2.9618,33.3765,0.7198,58.2359,27.2012,7.0415
40600.0,2.9767,34.1648,0.7236,60.2353,27.648,7.0428
40605.0,2.9676,33.4121,0.7343,59.0679,27.3551,7.0553
40610.0,2.9778,34.3729,0.7183,59.2017,27.5021,7.0549
40615.0,3.0061,34.8223,0.7221,59.2315,27.1213,7.0295
40620.0,2.9967,34.5666,0.7306,59.6355,27.5481,7.0527
40625.0,3.0073,34.3019,0.7254,59.7875,28.0429,7.0568
40630.0,3.022,34.8107,0.7339,62.5083,27.6788,7.0431
40635.0,2.9967,34.4758,0.7489,60.0952,27.4703,7.069
40640.0,3.0221,34.8815,0.7209,62.2594,28.0559,7.0578
40645.0,3.0056,34.588,0.7368,58.8461,27.7344,7.0711
40650.0,2.991,34.1932,0.7198,60.1901,27.7407,7.0861
40655.0,2.9728,34.1183,0.7311,59.4563,27.5256,7.0991
40660.0,2.9395,33.377,0.7185,57.3798,27.41,7.1249
40665.0,2.9124,33.0198,0.7108,56.3926,27.6149,7.1453
40670.0,2.8967,32.6875,0.704,55.0562,27.6408,7.1498
40675.0,2.9162,32.9106,0.7086,56.5247,27.5317,7.1194
40680.0,2.9013,33.0888,0.7148,57.0182,27.8119,7.1259
40685.0,2.9254,32.9248,0.7204,56.9127,27.3896,7.0893
40690.0,2.9006,32.4836,0.7175,55.9827,27.9666,7.11
40695.0,2.8725,32.3541,0.688,55.2078,27.4124,7.1196
40700.0,2.8875,32.5157,0.7119,54.6565,27.4877,7.095
40705.0,2.8965,33.1798,0.7067,55.9625,27.7306,7.0788
40710.0,2.8626,32.3158,0.6982,53.9477,27.7701,7.0996
40715.0,2.8733,32.3903,0.686,54.0532,27.8805,7.0795
40720.0,2.8568,31.3709,0.6962,54.3326,28.0514,7.0841
40725.0,2.8576,32.0083,0.6943,54.7854,27.7113,7.0682
40730.0,2.839,31.1806,0.6876,52.4617,27.4459,7.0704
40735.0,2.8608,32.1455,0.6815,55.2706,28.0524,7.0448
40740.0,2.8375,31.6271,0.666,51.5241,27.6763,7.051
40745.0,2.8354,31.5796,0.6792,51.7569,27.5427,7.0403
40750.0,2.8365,31.4828,0.6893,53.5239,28.306,7.0345
40755.0,2.8306,31.3882,0.6857,52.5764,27.8378,7.0245
40760.0,2.8485,31.6535,0.6697,53.44,28.1579,7.0011
40765.0,2.8758,31.7649,0.6959,53.6157,28.2415,6.9695
40770.0,2.8958,32.5162,0.6978,55.0662,27.9406,6.9432
40775.0,2.9138,33.1597,0.6893,56.6731,27.8711,6.9233
40780.0,2.9319,32.7411,0.7185,56.9089,28.185,6.9098
40785.0,2.9687,34.3744,0.7115,58.1174,27.5408,6.8688
40790.0,2.9649,33.871,0.7178,57.8574,27.3893,6.8734
40795.0,2.9794,33.9528,0.7108,59.2867,27.6579,6.8677
40800.0,3.0083,34.4108,0.7236,60.4125,28.0199,6.8506
40805.0,3.0181,34.9301,0.7311,61.7635,28.2076,6.8496
40810.0,3.0145,34.6989,0.7152,62.037,27.6479,6.8494
40815.0,3.0309,35.1885,0.734,63.2399,27.8887,6.8432
40820.0,3.0284,34.8515,0.7483,61.7086,27.6306,6.8466
40825.0,3.0248,34.4998,0.7299,62.1569,27.902,6.8593
40830.0,3.0145,34.5432,0.7118,60.6003,28.3035,6.8787
40835.0,3.0215,34.4825,0.7373,62.0054,28.2216,6.8727
40840.0,3.0521,35.6342,0.7389,62.7262,28.0912,6.8441
40845.0,3.043,35.4874,0.7179,63.26,28.1174,6.8572
40850.0,3.0781,36.0851,0.741,65.665,28.0498,6.8275
40855.0,3.0874,36.089,0.751,65.0933,28.0071,6.8244
40860.0,3.0792,35.9118,0.7464,64.6018,28.2815,6.8449
40865.0,3.0826,35.9134,0.747,65.2487,27.84,6.8401
40870.0,3.0706,35.665,0.7186,64.0517,27.9897,6.8607
40875.0,3.0832,36.3128,0.7533,64.489,28.5857,6.8645
40880.0,3.0971,35.9969,0.7549,65.9501,28.5755,6.856
40885.0,3.1202,36.774,0.7514,66.3178,28.5659,6.8396
40890.0,3.1297,36.5104,0.762,67.3506,27.9359,6.8261
40895.0,3.1318,36.4239,0.7512,66.1062,28.1113,6.8377
40900.0,3.1297,36.8774,0.772,68.4823,28.3638,6.8548
40905.0,3.158,37.5394,0.7601,68.2157,28.1885,6.8324
40910.0,3.1656,37.2404,0.7609,67.6652,28.5755,6.8438
40915.0,3.1874,38.0681,0.7773,69.8824,27.9712,6.8202
40920.0,3.1909,38.0681,0.7756,71.3642,28.035,6.8317
40925.0,3.2143,38.4249,0.7902,71.695,28.297,6.8278
40930.0,3.2258,38.2122,0.7942,72.573,28.7666,6.8415
40935.0,3.2394,38.8039,0.8167,71.9912,28.7103,6.8341
40940.0,3.2479,38.5483,0.7945,72.7185,28.6092,6.8259
40945.0,3.2249,38.8453,0.7808,70.9999,28.2761,6.8494
40950.0,3.242,38.9384,0.8038,74.2551,28.4374,6.8396
40955.0,3.2318,38.264,0.798,71.5733,28.4014,6.8562
40960.0,3.243,39.3163,0.7847,72.1652,28.411,6.8497
40965.0,3.2557,38.4992,0.8018,74.5855,28.3648,6.839
40970.0,3.2834,38.902,0.8209,76.1586,28.767,6.8225
40975.0,3.2796,39.4499,0.789,75.0449,28.6743,6.8305
40980.0,3.28,40.127,0.7924,74.2703,28.7526,6.8391
40985.0,3.2675,39.1199,0.8024,74.3264,28.5795,6.8566
40990.0,3.2766,39.6682,0.7968,74.9758,28.9802,6.8641
40995.0,3.2786,39.3369,0.8079,73.6308,28.6287,6.8591
41000.0,3.289,39.5658,0.8192,75.3557,28.942,6.8619
41005.0,3.2909,39.8436,0.8252,75.7366,28.8576,6.8643
41010.0,3.307,39.8025,0.8282,77.0416,28.7401,6.8481
41015.0,3.3134,39.9964,0.8156,77.5869,28.6103,6.8426
41020.0,3.3311,39.9121,0.8295,77.592,29.2069,6.8445
41025.0,3.3167,40.119,0.8214,77.4764,28.9271,6.8611
41030.0,3.3279,40.3101,0.8436,77.9036,29.0568,6.858
41035.0,3.3445,40.4277,0.8375,78.71,29.2378,6.8487
41040.0,3.3326,40.2564,0.8165,77.3931,28.9681,6.8616
41045.0,3.3392,39.7792,0.8235,77.9479,28.9551,6.8594
41050.0,3.3328,40.2153,0.8256,76.2943,28.7249,6.8663
41055.0,3.3253,39.8288,0.8265,76.8401,29.2399,6.8965
41060.0,3.3351,40.3392,0.8284,76.5948,29.2859,6.892
41065.0,3.3463,40.5406,0.8281,78.8796,29.2442,6.8814
41070.0,3.3641,40.8147,0.8274,78.5277,29.1559,6.8602
41075.0,3.3229,40.0395,0.8178,76.8505,28.709,6.9029
41080.0,3.2966,40.1592,0.8199,75.7675,29.2347,6.9556
41085.0,3.2659,39.3691,0.8081,74.3254,29.3062,6.9993
41090.0,3.2388,38.8813,0.8046,73.0067,28.8349,7.0237
41095.0,3.245,38.4964,0.8076,73.3329,29.3245,7.0324
41100.0,3.2745,39.1289,0.8182,74.0491,29.4327,7.0034
41105.0,3.272,39.0865,0.8007,74.5495,29.2914,7.0037
41110.0,3.2731,39.5004,0.8038,74.384,29.0565,6.9976
41115.0,3.271,39.0279,0.8148,75.8871,29.571,7.0144
41120.0,3.2683,39.4907,0.8029,72.4643,29.5709,7.0187
41125.0,3.2505,38.6295,0.7907,72.5585,29.6812,7.0423
41130.0,3.2676,38.8085,0.7891,73.7897,29.5093,7.0189
41135.0,3.2632,39.0346,0.795,72.9064,29.3263,7.0179
41140.0,3.2787,38.5325,0.835,75.4258,29.68,7.0077
41145.0,3.2805,39.3004,0.8167,74.4391,29.832,7.0076
41150.0,3.2568,39.144,0.8081,75.0134,29.5273,7.0255
41155.0,3.252,38.6978,0.8126,73.4137,29.5953,7.0309
41160.0,3.2456,39.0455,0.8031,73.3392,29.302,7.0285
41165.0,3.2671,38.9895,0.8012,74.5642,29.5402,7.0063
41170.0,3.2593,39.2422,0.7964,72.9369,29.2369,7.0034
41175.0,3.2819,39.196,0.8018,75.2049,29.7963,6.9872
41180.0,3.2954,39.9417,0.8096,74.9361,29.5975,6.9614
41185.0,3.3073,39.8258,0.8069,75.9469,29.4223,6.9368
41190.0,3.319,40.2497,0.8322,78.0957,29.6523,6.9231
41195.0,3.3242,40.1923,0.8251,77.4917,29.726,6.9131
41200.0,3.3336,39.8834,0.832,77.5079,29.7665,6.8969
41205.0,3.321,39.8644,0.837,77.4952,29.9022,6.9096
41210.0,3.3284,40.1824,0.8332,76.8588,29.6817,6.889
41215.0,3.3383,40.413,0.8314,77.5009,29.5195,6.8653
41220.0,3.3419,40.3954,0.8348,77.5224,29.6327,6.8568
41225.0,3.362,40.4059,0.8272,78.9399,29.7478,6.828
41230.0,3.3313,40.3288,0.8395,78.195,29.4637,6.8506
41235.0,3.3261,40.0698,0.8177,76.9361,29.129,6.8415
41240.0,3.3346,40.2112,0.8429,78.4739,29.4612,6.8332
41245.0,3.3362,40.9831,0.8354,77.4712,29.7905,6.8333
41250.0,3.3353,39.761,0.8309,78.3303,29.5927,6.8219
41255.0,3.3421,40.4116,0.8382,78.8956,29.9303,6.8156
41260.0,3.3617,41.0745,0.8318,79.2239,30.1749,6.7908
41265.0,3.345,40.7193,0.8333,78.5912,29.5326,6.7858
41270.0,3.3548,40.4749,0.8236,78.419,29.531,6.7663
41275.0,3.356,40.8234,0.8548,80.1705,29.7314,6.7631
41280.0,3.3938,41.1798,0.8448,81.125,30.0503,6.717
41285.0,3.3643,41.0283,0.8599,80.9331,29.4091,6.7283
41290.0,3.3719,40.8237,0.8327,79.749,29.6429,6.7195
41295.0,3.3699,41.0571,0.8413,80.4851,29.5654,6.7135
41300.0,3.3464,40.8579,0.8016,78.0948,29.2265,6.7277
41305.0,3.3668,41.1982,0.8442,80.7996,29.7847,6.713
41310.0,3.3761,41.1137,0.8566,81.4866,29.6691,6.6918
41315.0,3.3671,40.1345,0.8349,80.5162,30.1006,6.7104
41320.0,3.3543,40.6909,0.8292,78.6264,29.9863,6.7194
41325.0,3.3351,40.4006,0.8176,77.2046,29.7085,6.7317
41330.0,3.3388,40.8431,0.834,79.5687,29.1821,6.7083
41335.0,3.3425,40.4619,0.8002,77.3347,29.7798,6.7167
41340.0,3.3508,40.4102,0.8283,80.3325,29.8067,6.7041
41345.0,3.3314,40.9007,0.7985,77.0103,29.7476,6.7236
41350.0,3.3359,40.6756,0.8094,77.6247,30.144,6.7273
41355.0,3.3323,40.0013,0.8239,77.2355,29.6643,6.7166
41360.0,3.352,40.7059,0.8371,79.0102,30.0845,6.702
41365.0,3.3598,40.89,0.8222,79.8691,29.7515,6.6807
41370.0,3.3694,40.5925,0.8419,81.7931,29.5987,6.6623
41375.0,3.3841,41.7083,0.8358,80.9221,30.0121,6.6546
41380.0,3.388,41.4376,0.8416,81.5968,30.1814,6.6545
41385.0,3.3937,41.5324,0.8287,80.4407,29.8437,6.6375
41390.0,3.3913,41.056,0.8407,81.3526,30.0713,6.648
41395.0,3.3836,40.5599,0.8477,82.173,29.9116,6.6554
41400.0,3.3543,40.5547,0.8462,80.7554,29.7175,6.6898
41405.0,3.3826,41.2278,0.8319,79.7757,29.6177,6.6536
41410.0,3.3778,41.1251,0.8422,80.9605,30.0606,6.6747
41415.0,3.3879,41.0814,0.8239,80.8162,30.2761,6.6718
41420.0,3.4067,41.5242,0.8403,82.0335,29.859,6.6376
41425.0,3.3917,41.1673,0.8436,79.9933,29.5123,6.6498
41430.0,3.4186,42.3591,0.8679,83.2645,30.3192,6.6432
41435.0,3.4312,42.1466,0.8651,83.6435,30.2097,6.6269
41440.0,3.4251,42.0222,0.8458,82.6783,30.012,6.6336
41445.0,3.4497,42.4498,0.8628,83.878,30.6734,6.6257
41450.0,3.4574,42.3235,0.8573,85.8491,30.2413,6.6062
41455.0,3.4583,42.2427,0.8571,85.1615,30.2863,6.6115
41460.0,3.4505,42.0208,0.8726,84.9888,30.1748,6.6254
41465.0,3.4579,42.7605,0.8721,84.7748,30.2816,6.6251
41470.0,3.4417,41.9834,0.8549,83.6309,30.1926,6.6518
41475.0,3.447,42.5201,0.8614,83.9196,29.9088,6.6428
41480.0,3.4709,43.0688,0.8792,86.4437,30.7113,6.641
41485.0,3.457,41.8606,0.8768,85.6342,30.1742,6.6504
41490.0,3.4595,42.8367,0.8712,86.1471,30.1157,6.6524
41495.0,3.4457,42.4327,0.8666,84.3572,29.7242,6.6663
41500.0,3.457,42.2742,0.8598,84.0624,30.6245,6.6869
41505.0,3.4496,42.4103,0.8791,86.0071,30.5423,6.7026
41510.0,3.4447,42.9166,0.8649,84.2472,30.3196,6.71
41515.0,3.4472,42.4363,0.8587,84.5057,30.8882,6.7314
41520.0,3.4184,41.7981,0.8857,83.1361,30.4959,6.766
41525.0,3.4147,41.6236,0.8425,83.1483,30.4621,6.7779
41530.0,3.4309,41.9002,0.8745,84.1986,30.9275,6.7772
41535.0,3.4304,41.785,0.8555,83.2409,30.2498,6.7639
41540.0,3.4378,41.701,0.8727,83.5075,30.5578,6.769
41545.0,3.4442,41.7778,0.8756,83.333,30.188,6.755
41550.0,3.4625,42.3886,0.8584,86.6609,30.9211,6.7579
41555.0,3.455,42.8891,0.8577,84.1254,31.0517,6.7778
41560.0,3.4638,43.2111,0.8781,85.1151,31.0392,6.7715
41565.0,3.4637,42.9871,0.8811,85.5123,30.7411,6.767
41570.0,3.47,42.644,0.8675,85.0764,30.9772,6.7701
41575.0,3.479,42.8726,0.8888,86.3643,30.8604,6.7582
41580.0,3.4573,42.1513,0.8578,84.5109,30.6772,6.7865
41585.0,3.4613,42.509,0.8882,86.2322,30.8355,6.7904
41590.0,3.4642,42.0273,0.8542,84.9122,30.7008,6.7856
41595.0,3.4524,42.0294,0.8843,85.3955,30.329,6.7929
41600.0,3.4672,42.426,0.8871,86.1222,30.9825,6.7954
41605.0,3.459,42.6598,0.867,83.4598,30.3587,6.7894
41610.0,3.4857,43.3619,0.898,87.3373,30.6825,6.7631
41615.0,3.4737,42.2248,0.8798,85.3914,30.3695,6.7703
41620.0,3.4717,42.468,0.8699,86.0091,31.1979,6.8002
41625.0,3.4553,41.6226,0.8622,82.9226,31.126,6.8217
41630.0,3.4699,42.6755,0.8838,84.4585,31.27,6.8067
41635.0,3.4646,42.6691,0.8529,83.8853,31.1234,6.8083
41640.0,3.4474,42.159,0.8649,84.6528,31.0801,6.8293
41645.0,3.4638,42.3887,0.8868,85.9398,30.8767,6.8001
41650.0,3.4547,42.6477,0.8749,86.396,30.9191,6.8107
41655.0,3.4559,42.7753,0.8673,85.1004,30.969,6.8086
41660.0,3.4538,42.6328,0.8481,82.6466,31.2258,6.8164
41665.0,3.4518,42.823,0.8547,84.6598,30.8605,6.8051
41670.0,3.4506,42.3249,0.8618,84.2902,30.8264,6.8017
41675.0,3.4659,42.5903,0.8861,85.4086,30.6134,6.7698
41680.0,3.4892,43.3604,0.8864,85.0267,31.1797,6.749
41685.0,3.4816,42.9922,0.8802,85.2124,31.0919,6.7517
41690.0,3.481,42.5704,0.877,85.6773,30.7691,6.7375
41695.0,3.4735,42.4917,0.8984,86.0818,30.8715,6.7456
41700.0,3.4855,43.0926,0.8643,85.1717,30.8012,6.7207
41705.0,3.4905,42.9118,0.8675,85.7868,30.9429,6.7113
41710.0,3.4958,43.2278,0.899,87.0494,30.9704,6.6979
41715.0,3.5048,42.9597,0.8881,87.7723,31.0864,6.6815
41720.0,3.5047,42.5871,0.8796,87.7091,31.1083,6.6753
41725.0,3.4789,43.5404,0.8668,84.9135,30.7681,6.6951
41730.0,3.4948,43.0355,0.8979,87.4944,31.1982,6.6796
41735.0,3.4889,42.9981,0.8752,87.3721,31.2453,6.6822
41740.0,3.4951,43.259,0.8723,86.2423,31.2229,6.6654
41745.0,3.5009,43.1929,0.9056,87.5231,31.0528,6.6437
41750.0,3.4944,43.4542,0.8942,86.2137,31.1384,6.6482
41755.0,3.4901,43.0963,0.8713,87.3097,31.2909,6.6524
41760.0,3.507,43.1467,0.8786,87.1449,30.7907,6.6039
41765.0,3.5085,43.4189,0.8868,87.6543,31.0459,6.6012
41770.0,3.5139,44.0283,0.9001,89.0274,30.8083,6.5779
41775.0,3.5026,43.1799,0.8767,87.423,31.1361,6.5983
41780.0,3.5124,43.1495,0.8741,89.2636,31.1228,6.5769
41785.0,3.5029,43.4063,0.8751,87.6029,30.8208,6.5741
41790.0,3.5102,42.9997,0.9034,87.5678,30.8774,6.5583
41795.0,3.506,43.2535,0.8858,87.1265,30.6942,6.5519
41800.0,3.4999,43.3318,0.89,88.4093,30.7187,6.5559
41805.0,3.5188,43.9553,0.8961,88.4017,31.1223,6.5346
41810.0,3.5348,43.4893,0.8777,88.9143,31.1739,6.5046
41815.0,3.5314,43.7288,0.8869,88.4928,30.7916,6.4908
41820.0,3.53,43.6706,0.8963,90.2773,31.0483,6.4965
41825.0,3.5074,43.363,0.8896,87.0947,30.8597,6.5219
41830.0,3.5205,42.9586,0.9031,89.2604,30.7867,6.4955
41835.0,3.5358,44.0445,0.8963,90.9039,30.9922,6.4732
41840.0,3.5338,43.7451,0.9047,90.8178,31.145,6.4776
41845.0,3.5219,43.34,0.8939,88.3723,30.5694,6.4743
41850.0,3.5361,44.2753,0.9029,89.8026,31.2344,6.4716
41855.0,3.54,43.8017,0.8887,89.8172,31.01,6.4553
41860.0,3.532,43.8549,0.8842,89.9335,30.9894,6.4656
41865.0,3.5358,43.327,0.9168,89.806,31.4294,6.4737
41870.0,3.542,44.1238,0.8926,89.6935,30.9722,6.4474
41875.0,3.5624,44.2841,0.9113,91.5715,30.9984,6.4122
41880.0,3.5616,44.4433,0.905,90.6105,30.9804,6.4119
41885.0,3.5864,44.4318,0.9151,92.203,31.1959,6.3756
41890.0,3.5835,45.0552,0.9149,92.4021,31.1504,6.3792
41895.0,3.5916,44.6674,0.9126,92.1931,31.0703,6.3628
41900.0,3.5942,45.0591,0.9045,92.1274,30.9447,6.3546
41905.0,3.601,44.3003,0.9265,93.2043,30.7984,6.3381
41910.0,3.5986,45.0498,0.923,93.7483,30.861,6.3475
41915.0,3.6109,45.0578,0.9108,93.8214,31.0374,6.334
41920.0,3.6155,45.2465,0.9394,95.0543,31.2092,6.3347
41925.0,3.6102,45.1799,0.919,93.4708,31.0259,6.3426
41930.0,3.6123,45.1011,0.9053,93.9188,31.1274,6.3472
41935.0,3.6141,45.2911,0.9331,94.886,31.2557,6.3537
41940.0,3.6117,45.4369,0.9265,94.5844,31.0689,6.3568
41945.0,3.6071,45.4246,0.935,94.3382,31.0107,6.3696
41950.0,3.6289,45.7293,0.9439,95.437,31.4333,6.3486
41955.0,3.6178,45.6049,0.915,93.8625,31.2355,6.3691
41960.0,3.6115,45.0513,0.923,94.67,31.3931,6.3948
41965.0,3.6211,45.2972,0.9258,94.2296,31.1606,6.3745
41970.0,3.6214,45.2236,0.9288,95.5041,31.1996,6.3816
41975.0,3.6338,45.2045,0.9408,95.7324,31.011,6.356
41980.0,3.6317,45.1886,0.9262,94.9545,30.7809,6.3575
41985.0,3.6393,45.1891,0.9466,95.2379,31.1417,6.3637
41990.0,3.6362,45.6137,0.9108,93.5389,31.3461,6.386
41995.0,3.64,45.9631,0.9396,96.5175,31.6628,6.3989
42000.0,3.6306,45.7825,0.9285,93.1608,31.5553,6.4221
42005.0,3.6219,45.5892,0.925,93.5052,30.9006,6.4225
42010.0,3.6343,45.8321,0.9385,93.903,31.2699,6.4196
42015.0,3.6407,45.3496,0.9232,93.9752,31.1956,6.4107
42020.0,3.6535,45.9878,0.9421,95.4356,31.3915,6.3986
42025.0,3.6533,45.587,0.9441,95.4031,30.992,6.3897
42030.0,3.6613,45.7534,0.9626,96.7199,31.6259,6.405
42035.0,3.6627,45.6924,0.9482,95.6029,31.5551,6.4066
42040.0,3.6716,46.4474,0.9704,97.6283,31.6724,6.3984
42045.0,3.6616,46.5646,0.9489,95.9595,31.2733,6.4108
42050.0,3.6827,46.1338,0.9515,98.1605,31.5642,6.3817
42055.0,3.6787,46.6255,0.9596,97.5814,31.4142,6.3899
42060.0,3.6702,45.8525,0.9525,97.0872,30.9492,6.3961
42065.0,3.6789,46.3308,0.95,96.3948,31.3738,6.3997
42070.0,3.6769,46.5659,0.9501,97.4412,31.4519,6.4129
42075.0,3.6888,46.9289,0.9776,97.9489,31.6513,6.3986
42080.0,3.7036,47.0346,0.9606,100.6676,31.9208,6.3776
42085.0,3.7064,47.0572,0.9695,98.7049,31.9347,6.3744
42090.0,3.6924,46.4342,0.9754,98.9805,31.4558,6.3925
42095.0,3.6827,46.1153,0.9602,97.6026,31.1143,6.4049
42100.0,3.6774,46.0795,0.9459,96.2202,31.3415,6.4298
42105.0,3.6619,46.056,0.9554,95.5404,31.3655,6.4682
42110.0,3.6544,45.8087,0.9458,95.757,31.5132,6.4931
42115.0,3.6477,45.7377,0.96,95.9896,31.5821,6.5118
42120.0,3.6453,45.7597,0.9529,95.7276,31.408,6.5113
42125.0,3.6447,45.3704,0.938,95.9162,31.2896,6.5081
42130.0,3.6549,45.8511,0.9428,94.3488,31.2577,6.4853
42135.0,3.6541,46.0035,0.9466,97.3478,31.1914,6.4827
42140.0,3.6601,45.9396,0.9563,97.5635,31.5758,6.4841
42145.0,3.6574,46.5243,0.9515,95.4879,31.2469,6.4749
42150.0,3.6411,45.3108,0.9378,95.0811,30.7606,6.4869
42155.0,3.6613,46.6077,0.9401,96.5494,31.4718,6.4711
42160.0,3.6523,46.2047,0.946,96.27,31.353,6.4816
42165.0,3.6572,46.2807,0.9389,95.4824,31.6162,6.4787
42170.0,3.6544,45.8833,0.9475,96.0735,31.6326,6.4812
42175.0,3.6305,45.5938,0.9392,94.5964,31.1876,6.5082
42180.0,3.6407,45.3869,0.9345,94.5613,31.8164,6.5085
42185.0,3.6386,46.1572,0.9392,94.7573,31.5607,6.4979
42190.0,3.6406,45.9564,0.9527,95.1975,31.5622,6.4881
42195.0,3.6451,46.2031,0.9344,95.4911,31.6353,6.4757
42200.0,3.656,46.3153,0.9324,95.9371,31.8967,6.4566
42205.0,3.6318,45.4521,0.9395,94.4928,31.5551,6.486
42210.0,3.629,45.4987,0.9151,92.3196,31.2148,6.4731
42215.0,3.6437,45.7653,0.9365,96.2826,31.5703,6.4498
42220.0,3.6324,45.841,0.9337,94.7095,31.3914,6.458
42225.0,3.6291,45.217,0.9232,94.0176,31.508,6.4624
42230.0,3.6341,45.6307,0.9444,95.2876,31.7423,6.4541
42235.0,3.6151,45.5233,0.9221,93.4184,31.5526,6.4766
42240.0,3.6061,45.8334,0.9313,93.8633,31.0133,6.4667
42245.0,3.61,45.4289,0.9455,94.4234,31.4728,6.4689
42250.0,3.6011,45.4098,0.9417,92.9184,31.3779,6.4746
42255.0,3.6152,45.1985,0.9265,94.1309,31.3791,6.4406
42260.0,3.628,45.3849,0.9307,94.0609,31.3209,6.4042
42265.0,3.6323,45.1696,0.9152,93.7985,31.0307,6.3752
42270.0,3.61,45.1578,0.9098,93.2884,31.1091,6.4146
42275.0,3.6099,45.3704,0.9271,94.6119,31.1451,6.4103
42280.0,3.62,45.4304,0.9262,92.9203,31.6177,6.4012
42285.0,3.6204,45.2997,0.9357,95.4183,31.1428,6.3749
42290.0,3.6191,45.6018,0.9344,94.6259,31.5807,6.3867
42295.0,3.6334,45.4538,0.9263,94.4528,31.5207,6.3493
42300.0,3.6356,45.3664,0.9068,94.9602,31.0747,6.319
42305.0,3.634,45.4231,0.931,95.2857,31.2173,6.3212
42310.0,3.6325,45.7244,0.9193,95.0603,31.5576,6.3319
42315.0,3.6121,45.2232,0.9111,92.9514,30.4381,6.3245
42320.0,3.641,45.7159,0.9574,96.3379,31.4812,6.3006
42325.0,3.634,45.1304,0.9355,95.9655,30.9181,6.2875
42330.0,3.6332,45.6602,0.9329,94.5074,31.48,6.3068
42335.0,3.6187,45.5118,0.9247,94.2792,31.231,6.324
42340.0,3.6034,44.9972,0.9247,93.2533,31.0718,6.3456
42345.0,3.5941,44.9657,0.903,92.0269,30.9566,6.3569
42350.0,3.5932,45.0599,0.9341,93.9011,31.025,6.3593
42355.0,3.6042,45.0366,0.9318,92.9683,30.9496,6.333
42360.0,3.6182,45.3249,0.9446,94.309,31.3751,6.3188
42365.0,3.6209,45.4342,0.9313,93.8383,31.1971,6.3047
42370.0,3.6196,45.038,0.9166,92.3426,30.8793,6.2936
42375.0,3.6142,44.7924,0.9213,94.9627,30.9501,6.3067
42380.0,3.6202,45.1496,0.9422,94.9526,31.0355,6.2985
42385.0,3.6154,44.3144,0.912,92.5135,31.3119,6.3198
42390.0,3.6244,45.7944,0.9162,96.0168,30.9905,6.2905
42395.0,3.6033,45.0939,0.9171,92.8346,30.6227,6.3196
42400.0,3.6107,44.442,0.919,94.7251,31.2877,6.3339
42405.0,3.5904,44.6556,0.9126,93.0147,30.7352,6.3553
42410.0,3.592,44.7008,0.9246,93.2862,31.1927,6.3735
42415.0,3.5865,44.9989,0.9233,92.8496,31.1541,6.3863
42420.0,3.5741,45.0811,0.8865,90.5865,30.9036,6.404
42425.0,3.5914,44.6876,0.93,93.4186,31.2038,6.3882
42430.0,3.5972,44.5298,0.9167,92.6081,31.3735,6.3877
42435.0,3.6023,45.6914,0.9295,93.6138,31.1425,6.3742
42440.0,3.6132,44.6465,0.9552,94.0884,31.1006,6.3559
42445.0,3.5997,45.3416,0.9202,93.4951,30.6788,6.3711
42450.0,3.6125,45.0669,0.9249,93.5857,31.5704,6.3868
42455.0,3.606,44.8785,0.9198,93.967,31.1511,6.3905
42460.0,3.5946,44.6328,0.9171,92.2888,30.6667,6.4002
42465.0,3.5945,45.2489,0.9172,93.1798,31.0364,6.4216
42470.0,3.6009,44.9352,0.9224,93.088,31.4682,6.4333
42475.0,3.5944,44.7277,0.9091,92.2616,31.319,6.4474
42480.0,3.5998,44.6809,0.9085,92.2665,31.1689,6.4393
42485.0,3.5984,44.6864,0.95,95.3619,31.3774,6.4568
42490.0,3.5988,44.8684,0.943,93.9009,30.8438,6.444
42495.0,3.6001,44.9786,0.9287,92.5455,31.3899,6.4691
42500.0,3.5965,44.7571,0.9033,91.9975,31.2537,6.4791
42505.0,3.6068,45.0878,0.9349,93.5648,31.0912,6.4615
42510.0,3.6047,45.0185,0.9273,92.3668,30.7849,6.4605
42515.0,3.6176,44.6697,0.9232,94.2627,31.2823,6.4622
42520.0,3.6205,45.2555,0.9398,94.7883,31.2996,6.4647
42525.0,3.6103,45.6333,0.9231,93.2847,31.2938,6.4913
42530.0,3.6295,45.4793,0.9283,95.2683,31.5217,6.4707
42535.0,3.6223,45.3151,0.9159,93.2434,31.3786,6.4857
42540.0,3.6211,44.9918,0.9433,95.186,31.3931,6.4959
42545.0,3.6198,45.687,0.9286,93.9489,31.3574,6.5038
42550.0,3.6161,45.6051,0.9342,94.658,31.2184,6.512
42555.0,3.6299,45.7762,0.9279,93.7631,31.1889,6.4904
42560.0,3.6401,45.6194,0.9285,94.8714,31.6801,6.4937
42565.0,3.6425,45.57,0.9454,94.8426,31.8114,6.4995
42570.0,3.6252,45.4247,0.9367,94.5367,31.0167,6.5083
42575.0,3.6225,45.2417,0.9356,94.4494,31.2923,6.5291
42580.0,3.6267,45.3146,0.9256,93.7308,31.4278,6.5311
42585.0,3.6127,45.5098,0.9312,93.3159,31.0813,6.5486
42590.0,3.6158,45.0215,0.9206,92.416,31.0796,6.5467
42595.0,3.6115,45.4456,0.9199,92.1715,31.0833,6.5577
42600.0,3.6094,44.6354,0.9477,93.0715,31.1937,6.5687
42605.0,3.6071,44.7592,0.9384,94.355,31.3499,6.5812
42610.0,3.6152,45.3893,0.9535,94.1614,31.8139,6.5855
42615.0,3.601,44.5078,0.9321,93.2136,30.8668,6.5775
42620.0,3.6093,45.3061,0.9266,94.4311,31.5828,6.5895
42625.0,3.6071,44.7318,0.9073,93.3504,31.1457,6.5779
42630.0,3.6234,45.5842,0.9411,93.8404,31.3689,6.5553
42635.0,3.6262,45.4973,0.9291,93.9584,31.095,6.5379
42640.0,3.6347,45.5284,0.9118,94.0403,31.0314,6.5167
42645.0,3.6306,45.7446,0.932,94.8998,30.9043,6.5174
42650.0,3.6297,44.9307,0.935,93.9762,31.1339,6.5263
42655.0,3.6253,45.3077,0.9415,94.0257,31.1812,6.5344
42660.0,3.6407,45.7813,0.9443,94.287,31.2975,6.5056
42665.0,3.6456,45.3903,0.9532,94.8368,30.9941,6.4791
42670.0,3.6616,46.0153,0.9329,96.1688,31.4803,6.4598
42675.0,3.6557,46.1097,0.9448,95.4855,31.0014,6.4481
42680.0,3.6506,46.164,0.9581,96.598,30.9748,6.4528
42685.0,3.6651,47.2611,0.9456,96.265,31.5615,6.4405
42690.0,3.657,46.1728,0.948,95.7186,30.9992,6.4291
42695.0,3.6621,45.9099,0.9668,96.8891,30.9524,6.4098
42700.0,3.6594,46.6098,0.9474,96.1324,30.9048,6.4069
42705.0,3.6781,46.0629,0.9514,96.9973,31.6618,6.3894
42710.0,3.6629,45.9787,0.95,96.6673,30.778,6.3798
42715.0,3.6667,46.2864,0.9388,95.9716,30.6972,6.3604
42720.0,3.6665,46.1464,0.9591,98.2701,30.74,6.3548
42725.0,3.6822,45.6653,0.9464,97.7073,31.1151,6.3262
42730.0,3.6705,46.1712,0.9495,97.9917,31.0709,6.3435
42735.0,3.6626,45.7462,0.931,96.3983,30.713,6.3395
42740.0,3.6692,46.3838,0.9384,96.4045,30.9453,6.3264
42745.0,3.6611,45.9147,0.9541,97.2878,30.4234,6.3142
42750.0,3.6579,45.4586,0.9626,98.1901,30.7999,6.3296
42755.0,3.6596,45.4305,0.9487,96.5532,30.8276,6.3197
42760.0,3.6678,46.0782,0.9666,96.6478,31.0099,6.3002
42765.0,3.6526,45.7004,0.9463,96.52,30.9717,6.325
42770.0,3.6614,46.356,0.9339,97.2591,31.026,6.3006
42775.0,3.649,45.7529,0.9364,95.6249,30.7689,6.3097
42780.0,3.6419,46.4133,0.9348,95.0181,30.4412,6.3045
42785.0,3.6567,45.7496,0.9533,95.7062,30.7988,6.2791
42790.0,3.6578,46.175,0.9405,96.8866,30.5405,6.2576
42795.0,3.6546,45.3259,0.944,96.4278,30.8203,6.2696
42800.0,3.647,46.0336,0.9455,97.0454,30.3918,6.2625
42805.0,3.6528,45.9365,0.9328,95.6101,30.9238,6.2656
42810.0,3.6447,45.9551,0.9178,93.6907,30.6382,6.2662
42815.0,3.6344,45.5614,0.9374,95.1876,30.6345,6.2833
42820.0,3.6323,45.4194,0.9167,94.914,30.7321,6.2875
42825.0,3.6282,45.8534,0.9359,94.984,30.7008,6.2904
42830.0,3.6362,45.5986,0.9371,95.5664,30.6856,6.2682
42835.0,3.6446,45.4659,0.9314,95.0969,31.0602,6.2604
42840.0,3.6325,45.8436,0.9187,94.2263,30.6899,6.2681
42845.0,3.6343,45.8096,0.9385,94.7528,30.6162,6.2582
42850.0,3.6294,45.1652,0.9251,93.9086,30.5163,6.2618
42855.0,3.6386,45.5399,0.9293,94.4702,30.452,6.2367
42860.0,3.649,45.3824,0.9385,96.8028,30.4823,6.2117
42865.0,3.6414,46.2363,0.9287,94.6341,30.5664,6.2306
42870.0,3.6255,46.1573,0.9197,94.5036,30.544,6.2647
42875.0,3.6253,45.4133,0.943,95.2926,30.3125,6.2565
42880.0,3.6221,45.3497,0.9147,93.621,30.2811,6.2619
42885.0,3.6307,45.7567,0.951,94.5207,30.8783,6.2691
42890.0,3.6237,45.3186,0.9537,96.1663,30.4147,6.2665
42895.0,3.6215,45.1855,0.922,94.6906,30.6355,6.2818
42900.0,3.6127,45.0923,0.9276,94.33,30.5334,6.2988
42905.0,3.6129,44.4584,0.9301,93.7823,30.6732,6.3071
42910.0,3.6066,44.6952,0.9171,93.5965,30.7049,6.3246
42915.0,3.6103,45.289,0.9411,95.1035,30.9888,6.3325
42920.0,3.603,45.1958,0.914,93.4026,30.7165,6.3404
42925.0,3.6052,45.6574,0.9101,92.9249,30.3828,6.3273
42930.0,3.5986,44.8978,0.9196,92.0944,30.2396,6.3387
42935.0,3.5967,44.5896,0.9068,93.1417,30.5435,6.3599
42940.0,3.5848,44.9629,0.9219,92.4303,30.3205,6.3799
42945.0,3.5831,44.8066,0.9125,93.8893,30.2719,6.3875
42950.0,3.599,44.9931,0.9005,93.0404,30.4594,6.3708
42955.0,3.6033,45.3653,0.9259,93.5386,30.8304,6.3826
42960.0,3.5974,45.619,0.9093,92.3933,30.5511,6.3901
42965.0,3.612,45.4599,0.9378,94.471,30.813,6.3789
42970.0,3.6142,45.5258,0.9415,95.6516,30.2356,6.3577
42975.0,3.6285,45.6787,0.9368,94.7009,30.6317,6.3508
42980.0,3.6207,45.4257,0.9269,94.6879,30.5424,6.3704
42985.0,3.6124,45.5575,0.9194,93.2816,30.5013,6.3936
42990.0,3.6204,45.0299,0.9244,94.2903,30.7125,6.3943
42995.0,3.6228,45.531,0.9363,93.2682,30.2436,6.3777
43000.0,3.6351,46.105,0.9384,95.7996,30.649,6.376
43005.0,3.6482,46.2955,0.9491,96.3567,30.9815,6.3692
43010.0,3.6433,45.4504,0.9412,96.6213,30.82,6.3807
43015.0,3.6426,45.6939,0.9216,94.5304,30.7444,6.3871
43020.0,3.644,45.4764,0.9416,96.3954,30.8059,6.3943
43025.0,3.6382,45.8249,0.9367,94.9236,30.5935,6.4055
43030.0,3.6248,45.2464,0.9275,94.3247,30.3987,6.4326
43035.0,3.6227,45.269,0.9251,94.6183,30.6133,6.4534
43040.0,3.6435,45.7373,0.9301,95.1943,30.9025,6.4302
43045.0,3.6411,45.7998,0.9538,95.4565,30.4689,6.423
43050.0,3.6327,45.1124,0.907,94.0651,30.8762,6.4631
43055.0,3.6255,44.8561,0.9305,93.9981,30.7025,6.4781
43060.0,3.6124,44.9208,0.9401,93.5622,30.6284,6.5068
43065.0,3.624,45.0996,0.9391,93.3206,30.7723,6.4963
43070.0,3.624,44.9827,0.9483,94.1367,31.0679,6.5125
43075.0,3.6168,45.0272,0.9401,94.3655,30.9366,6.5265
43080.0,3.6319,45.893,0.9424,95.1584,30.5208,6.4849
43085.0,3.6269,45.3662,0.9179,95.3239,30.6549,6.5028
43090.0,3.6245,45.1454,0.9485,95.6429,30.447,6.5032
43095.0,3.629,45.4979,0.9403,94.2219,31.0283,6.5205
43100.0,3.6187,45.5409,0.9412,94.6516,30.549,6.5249
43105.0,3.6175,45.3686,0.9374,94.0728,30.6999,6.5354
43110.0,3.6331,45.519,0.9433,94.2883,30.7763,6.5098
43115.0,3.6277,45.7676,0.9492,96.0653,30.7459,6.5196
43120.0,3.628,44.8536,0.9253,92.7408,30.7591,6.5206
43125.0,3.6324,45.7795,0.9452,94.9299,30.1573,6.4874
43130.0,3.6396,45.414,0.9487,95.2091,30.6846,6.4929
43135.0,3.6437,45.67,0.9463,93.6412,30.6426,6.4824
43140.0,3.6571,46.1889,0.9373,95.8119,31.7596,6.4976
43145.0,3.6205,45.2486,0.9608,95.2357,30.3055,6.5127
43150.0,3.6165,45.8378,0.922,92.5942,30.35,6.5206
43155.0,3.6275,45.467,0.9443,94.0668,30.9108,6.5192
43160.0,3.6205,45.1681,0.9358,93.4695,30.5985,6.5175
43165.0,3.6204,45.0151,0.9361,93.7913,30.7392,6.5199
43170.0,3.6095,45.2944,0.9343,93.7002,30.3483,6.5215
43175.0,3.624,45.4622,0.94,95.015,30.8533,6.5094
43180.0,3.6081,45.1488,0.9174,92.84,30.839,6.5342
43185.0,3.596,44.9266,0.9206,92.4634,30.745,6.549
43190.0,3.5969,44.5493,0.9257,92.7291,30.9415,6.5501
43195.0,3.5818,44.3713,0.9049,91.4498,30.5384,6.5565
43200.0,3.5711,43.9821,0.9245,91.9965,30.2343,6.5583
43205.0,3.5754,44.0841,0.9051,91.7532,30.5813,6.5577
43210.0,3.5708,44.0915,0.9099,90.8116,30.5224,6.5572
43215.0,3.5945,44.8525,0.9408,93.4503,30.979,6.5255
43220.0,3.5993,44.4951,0.9154,92.3682,30.8778,6.505
43225.0,3.5931,44.7787,0.9188,93.1681,30.624,6.4989
43230.0,3.6012,44.9219,0.9251,92.4261,31.1058,6.4948
43235.0,3.6176,45.41,0.9259,93.7473,30.7659,6.4429
43240.0,3.6129,45.481,0.9451,93.8885,30.966,6.4505
43245.0,3.599,45.3992,0.9133,92.1888,30.3119,6.4445
43250.0,3.6027,45.5124,0.9143,94.0806,30.7022,6.4451
43255.0,3.5988,44.7024,0.9431,93.6031,30.7418,6.4467
43260.0,3.581,45.1556,0.886,90.3217,30.7445,6.4723
43265.0,3.5725,44.181,0.9027,91.4756,30.1574,6.4588
43270.0,3.5643,44.2475,0.9002,91.4484,30.2204,6.4681
43275.0,3.5767,44.0845,0.9201,91.6183,30.3332,6.4435
43280.0,3.5749,44.4386,0.9158,91.0659,30.93,6.4614
43285.0,3.5816,44.5834,0.911,91.2078,30.6719,6.4335
43290.0,3.5682,44.0928,0.9119,90.9891,30.2129,6.4326
43295.0,3.5728,43.8818,0.9015,90.5364,30.9785,6.4467
43300.0,3.5615,44.3019,0.9231,92.2608,30.2502,6.4342
43305.0,3.5583,44.2831,0.9073,91.7456,30.4499,6.441
43310.0,3.5611,44.2218,0.8972,91.1646,30.6503,6.4382
43315.0,3.5447,43.7684,0.9172,91.3165,30.1141,6.4416
43320.0,3.5223,43.444,0.8956,88.7322,30.1077,6.4742
43325.0,3.525,43.3177,0.8942,89.1998,30.3409,6.4749
43330.0,3.5217,43.7699,0.8807,88.6296,30.447,6.48
43335.0,3.5198,43.3262,0.9035,90.653,30.525,6.4823
43340.0,3.5169,43.7172,0.8736,87.538,30.3156,6.4765
43345.0,3.5247,43.9717,0.8831,87.5417,30.6137,6.4713
43350.0,3.4983,43.3155,0.8817,87.44,30.0855,6.4923
43355.0,3.4893,42.7579,0.8747,87.1259,30.6316,6.5236
43360.0,3.4847,43.0597,0.8677,85.9899,30.4994,6.5257
43365.0,3.4617,42.6159,0.8654,84.2559,30.1314,6.5467
43370.0,3.4617,42.1036,0.8741,86.2808,30.4611,6.5576
43375.0,3.4458,42.1362,0.8728,83.9428,30.1919,6.572
43380.0,3.4508,42.3937,0.8799,86.157,29.7799,6.552
43385.0,3.454,41.914,0.8887,85.9428,30.3945,6.5675
43390.0,3.4477,42.4839,0.8538,83.9885,30.3081,6.5755
43395.0,3.4344,41.6927,0.8695,83.2587,30.0136,6.5866
43400.0,3.4404,42.0197,0.8546,83.3131,30.131,6.5844
43405.0,3.4527,42.2235,0.8593,85.3866,30.4488,6.5794
43410.0,3.4735,43.4312,0.8609,84.1832,30.4893,6.5531
43415.0,3.4657,42.7552,0.8629,84.3246,30.2802,6.56
43420.0,3.4491,42.6347,0.8648,83.6904,30.275,6.5878
43425.0,3.4355,41.8847,0.8627,85.194,30.0257,6.6041
43430.0,3.4414,41.9455,0.873,83.0541,30.2032,6.6064
43435.0,3.4342,41.5776,0.8622,84.6048,30.4375,6.6286
43440.0,3.395,41.0031,0.8462,80.9511,29.8289,6.6689
43445.0,3.3823,41.2332,0.8518,81.1249,30.499,6.7121
43450.0,3.3802,41.5659,0.8424,80.3698,30.4714,6.721
43455.0,3.3867,41.1469,0.85,80.6478,30.6765,6.7247
43460.0,3.3944,41.4798,0.8301,81.441,30.5008,6.7158
43465.0,3.3773,40.6591,0.8527,80.7752,30.4007,6.7409
43470.0,3.3766,40.5755,0.8489,80.6613,30.5957,6.7546
43475.0,3.3588,40.3997,0.8379,79.3982,30.499,6.7814
43480.0,3.3509,40.7234,0.8302,77.5238,30.7468,6.8054
43485.0,3.3498,40.792,0.8136,77.848,30.1336,6.7977
43490.0,3.3426,40.2987,0.8063,77.3164,30.5239,6.8239
43495.0,3.3482,40.3714,0.8206,78.2746,30.1996,6.8161
43500.0,3.3132,40.0741,0.8049,76.4237,30.1455,6.8638
43505.0,3.2887,39.8572,0.8185,76.0657,29.8866,6.8947
43510.0,3.322,40.0589,0.8248,76.8076,30.3209,6.8745
43515.0,3.3139,39.7913,0.8062,77.2091,30.2381,6.8882
43520.0,3.2902,39.965,0.8163,77.1415,30.0613,6.9188
43525.0,3.2779,38.8522,0.8162,73.7246,30.4382,6.9501
43530.0,3.2636,39.3383,0.807,76.484,30.3618,6.9721
43535.0,3.2559,39.1118,0.8016,73.8921,30.5305,6.992
43540.0,3.2599,39.0123,0.7878,73.8405,30.5505,6.9947
43545.0,3.2641,39.1342,0.7908,72.8229,30.4284,6.9931
43550.0,3.2987,39.9567,0.8307,76.4455,30.5206,6.9615
43555.0,3.3183,39.8873,0.8329,77.19,30.8321,6.9508
43560.0,3.3246,40.096,0.8462,77.9119,30.5916,6.9422
43565.0,3.3341,39.6779,0.827,77.5886,30.6066,6.9358
43570.0,3.333,40.3404,0.8336,78.2895,30.6874,6.9435
43575.0,3.3375,40.1218,0.8424,76.7938,30.7758,6.9451
43580.0,3.3352,40.4036,0.8463,76.7699,31.0736,6.9593
43585.0,3.3245,40.4328,0.839,77.9539,30.7464,6.9676
43590.0,3.297,40.1791,0.8188,75.5236,30.6903,7.0015
43595.0,3.2986,39.3075,0.8253,75.4395,30.9425,7.0098
43600.0,3.2821,39.5387,0.7961,73.965,30.5007,7.0206
43605.0,3.2847,39.5133,0.8108,75.0971,30.7019,7.0247
43610.0,3.286,39.2118,0.8333,75.6682,30.5652,7.0216
43615.0,3.2824,39.6051,0.8229,75.4681,30.7113,7.0302
43620.0,3.2863,39.6881,0.8163,76.3097,30.7924,7.0287
43625.0,3.2759,39.3401,0.8149,75.7561,30.5463,7.0347
43630.0,3.2641,39.0863,0.8096,74.3143,30.7224,7.0521
43635.0,3.2626,39.528,0.7955,74.0491,30.5475,7.0496
43640.0,3.236,38.072,0.7871,71.6278,30.2912,7.0722
43645.0,3.2354,38.8163,0.8005,72.2282,30.737,7.0821
43650.0,3.2266,38.1916,0.7977,72.8419,30.8144,7.0917
43655.0,3.2039,38.1024,0.773,71.1771,30.5785,7.1072
43660.0,3.2085,38.3016,0.7681,69.7629,31.0482,7.1075
43665.0,3.1953,38.2565,0.8009,71.1792,30.731,7.1089
43670.0,3.1828,37.4868,0.7739,69.1349,30.8186,7.116
43675.0,3.1971,37.7031,0.7873,71.3849,30.8727,7.0963
43680.0,3.1833,37.1453,0.7996,70.3269,30.7675,7.1005
43685.0,3.1775,37.8902,0.7718,68.2437,30.6731,7.0971
43690.0,3.1713,37.2718,0.7706,68.7142,30.4156,7.0904
43695.0,3.1534,36.9029,0.7689,67.2519,30.8378,7.106
43700.0,3.1749,37.5114,0.7498,69.026,30.7812,7.0754
43705.0,3.1933,38.2395,0.7881,71.144,31.1816,7.057
43710.0,3.2091,38.0315,0.7698,70.0658,30.8234,7.0292
43715.0,3.2025,37.6933,0.7759,70.4805,30.6482,7.0275
43720.0,3.2172,38.1374,0.7879,71.2076,30.3444,7.0033
43725.0,3.2205,38.0304,0.8014,71.8587,30.2008,6.9942
43730.0,3.2422,38.6389,0.7903,71.752,30.4195,6.975
43735.0,3.2725,39.0441,0.8018,75.4294,30.7269,6.9502
43740.0,3.2556,39.2308,0.7931,74.3844,30.5429,6.9584
43745.0,3.2415,38.7844,0.8061,73.0834,30.3419,6.9629
43750.0,3.2336,38.1041,0.7788,73.6343,30.6984,6.9731
43755.0,3.2123,37.709,0.7919,71.3675,30.2166,6.9791
43760.0,3.2215,38.625,0.8,73.7814,30.776,6.9748
43765.0,3.2042,37.7746,0.7817,70.5817,30.1376,6.9727
43770.0,3.1947,37.7199,0.7542,68.5035,30.6805,6.9864
43775.0,3.2077,37.8927,0.7843,71.1606,30.8284,6.9694
43780.0,3.221,38.182,0.778,70.6875,30.8016,6.949
43785.0,3.2031,37.8972,0.7592,70.634,30.3026,6.9505
43790.0,3.1937,37.8199,0.7834,71.0692,29.9003,6.9458
43795.0,3.1426,37.3501,0.7699,66.9353,30.1129,6.9929
43800.0,3.1324,36.6628,0.7492,66.9735,30.2792,6.9953
43805.0,3.1373,36.721,0.748,67.946,30.5751,6.9839
43810.0,3.1194,36.7065,0.7608,66.2401,30.1529,6.9818
43815.0,3.1344,36.688,0.7593,65.9146,30.5877,6.9645
43820.0,3.1304,37.0724,0.7616,68.7532,30.5265,6.9576
43825.0,3.1245,37.2934,0.7738,68.4464,30.5779,6.9551
43830.0,3.1408,36.5347,0.7567,67.8955,30.3693,6.9286
43835.0,3.1433,36.9452,0.7577,66.9916,30.1927,6.9175
43840.0,3.1212,36.7636,0.7494,64.5042,30.4196,6.9374
43845.0,3.1015,36.2735,0.7472,65.1117,30.0046,6.9428
43850.0,3.0944,36.3265,0.7487,63.7714,30.1341,6.9448
43855.0,3.0703,36.0676,0.727,62.7258,30.405,6.9635
43860.0,3.0467,35.021,0.724,63.3632,30.1326,6.9718
43865.0,3.0728,35.8428,0.7341,63.7977,30.6238,6.947
43870.0,3.0625,35.4387,0.7512,64.1633,30.6154,6.9486
43875.0,3.0773,35.9351,0.7366,64.6126,30.1689,6.9231
43880.0,3.0677,36.1057,0.7428,64.3933,30.0954,6.927
43885.0,3.0958,36.3467,0.7473,66.2727,30.4423,6.9052
43890.0,3.0801,36.3009,0.7432,63.9733,30.2797,6.9164
43895.0,3.1326,36.8287,0.7736,68.8934,30.6391,6.8758
43900.0,3.1323,37.1821,0.7554,68.5067,31.0826,6.8872
43905.0,3.0992,36.6231,0.7529,65.0571,30.5599,6.9128
43910.0,3.0464,35.4962,0.7133,62.5088,30.1838,6.9558
43915.0,3.0504,34.8497,0.7384,62.4339,30.5428,6.9562
43920.0,3.0594,36.2402,0.7392,63.5057,30.5495,6.9468
43925.0,3.0883,36.0985,0.7559,64.7095,30.9196,6.927
43930.0,3.0696,36.2844,0.7397,63.9271,30.8409,6.9444
43935.0,3.0882,35.8605,0.7546,64.7605,30.3365,6.9234
43940.0,3.0828,36.1009,0.7485,65.8604,30.2989,6.9322
43945.0,3.1121,36.2851,0.7564,66.277,30.6418,6.9171
43950.0,3.1143,36.5133,0.7527,66.4158,30.5261,6.9206
43955.0,3.0871,35.9257,0.7343,64.1312,30.6672,6.9547
43960.0,3.0972,35.9903,0.7391,64.6837,30.7439,6.9529
43965.0,3.0999,36.0937,0.7452,66.3263,30.3976,6.9511
43970.0,3.0854,35.8814,0.753,64.5344,30.5414,6.9729
43975.0,3.0641,35.7075,0.7548,65.3367,30.6995,6.9993
43980.0,3.0354,34.4772,0.7284,60.7219,30.6967,7.0271
43985.0,3.0373,35.6976,0.7499,62.9995,30.4522,7.0234
43990.0,3.034,35.5302,0.7303,61.7083,31.0905,7.0359
43995.0,2.9923,34.5923,0.7185,59.0742,30.84,7.0683
44000.0,2.985,34.1736,0.7275,58.8736,30.7096,7.0713
44005.0,2.9563,34.6245,0.7167,58.6132,30.6322,7.092
44010.0,2.9282,33.3951,0.7157,57.3073,30.2779,7.108
44015.0,2.9182,32.5547,0.7064,56.2813,30.4697,7.1134
44020.0,2.9094,33.1698,0.6885,56.0807,30.4094,7.1149
44025.0,2.8758,32.2413,0.6944,56.0167,30.5001,7.138
44030.0,2.8942,32.959,0.6969,56.0121,31.2449,7.1235
44035.0,2.8492,32.1622,0.669,52.4178,31.0362,7.1517
44040.0,2.8474,31.3801,0.6881,52.3631,30.8224,7.145
44045.0,2.8325,32.1014,0.6769,53.5197,30.586,7.1486
44050.0,2.7714,30.8208,0.6768,50.0908,30.4549,7.1892
44055.0,2.7666,30.1554,0.6739,49.6495,31.2672,7.1871
44060.0,2.7534,30.1697,0.6829,49.4895,30.6117,7.1841
44065.0,2.7065,29.0192,0.6565,46.9271,30.5323,7.2101
44070.0,2.6939,28.7069,0.6546,45.9231,30.9518,7.209
44075.0,2.6616,28.1738,0.6597,45.9432,30.6683,7.2206
44080.0,2.617,27.8813,0.6397,42.3075,31.0397,7.2414
44085.0,2.5981,27.5239,0.6396,42.0674,30.4169,7.2406
44090.0,2.5928,27.1414,0.6252,40.2507,31.2494,7.228
44095.0,2.5979,27.1737,0.6356,42.0596,30.4668,7.2099
44100.0,2.5678,26.9103,0.6273,40.9508,31.1066,7.2192
44105.0,2.5837,26.8874,0.6145,40.1296,30.9781,7.1943
44110.0,2.578,27.0703,0.6331,40.2747,30.7559,7.1875
44115.0,2.5843,26.9326,0.6398,41.4543,30.5975,7.1727
44120.0,2.5619,26.8858,0.6466,39.8164,30.6852,7.1807
44125.0,2.5676,27.1665,0.6419,41.3577,30.7266,7.1668
44130.0,2.5381,26.4641,0.6252,38.9828,30.9731,7.1795
44135.0,2.5533,26.4431,0.6202,39.7164,30.5239,7.159
44140.0,2.6064,27.5259,0.6392,42.7426,30.9745,7.1099
44145.0,2.6231,27.4413,0.6685,43.0301,30.6279,7.0932
44150.0,2.6343,28.1938,0.6425,44.3147,31.2712,7.0832
44155.0,2.6651,28.2341,0.6453,43.9155,30.7608,7.0591
44160.0,2.683,28.7223,0.6491,45.6153,30.908,7.0469
44165.0,2.6746,28.5264,0.6425,44.3751,30.7332,7.0546
44170.0,2.7098,29.2258,0.6679,47.3974,30.743,7.0295
44175.0,2.7435,29.7244,0.6714,48.9179,30.7285,7.0067
44180.0,2.7746,30.5322,0.6602,49.64,31.0489,6.9892
44185.0,2.7872,30.6618,0.6794,49.3788,30.7404,6.9839
44190.0,2.7863,30.4663,0.6736,49.9587,31.1263,6.9922
44195.0,2.7791,31.4084,0.6912,50.4488,31.2451,7.0023
44200.0,2.7631,30.5913,0.6605,49.3827,30.6092,7.0135
44205.0,2.8023,31.5756,0.6597,51.2649,31.2556,6.9879
44210.0,2.7945,30.8282,0.6983,51.2263,30.9572,6.9934
44215.0,2.8267,31.0283,0.6981,53.5985,30.4024,6.9668
44220.0,2.8398,30.9598,0.6697,52.0016,30.7723,6.9614
44225.0,2.8329,31.0641,0.6939,52.5511,31.0103,6.9706
44230.0,2.8801,32.4844,0.6913,54.1404,31.0742,6.9369
44235.0,2.8925,32.6787,0.6875,54.4361,30.6381,6.927
44240.0,2.9265,33.356,0.6954,56.933,30.9647,6.9078
44245.0,2.9115,32.7736,0.6788,55.0811,30.605,6.9212
44250.0,2.9356,33.1168,0.7054,56.562,30.7963,6.9082
44255.0,2.961,34.6772,0.6994,58.9931,30.852,6.8929
44260.0,2.9423,32.895,0.7111,56.7625,30.7652,6.9113
44265.0,2.9127,32.8566,0.6968,55.6579,30.7193,6.9369
44270.0,2.9143,32.719,0.7181,56.4866,30.7379,6.9354
44275.0,2.9298,33.5421,0.7133,56.7994,30.4309,6.9187
44280.0,2.9274,32.8377,0.6988,56.7618,30.61,6.9215
44285.0,2.9455,33.2591,0.7128,57.1054,30.7968,6.9081
44290.0,2.9405,33.031,0.7098,57.4066,30.7288,6.9108
44295.0,2.9407,33.7379,0.7071,58.185,30.5696,6.9083
44300.0,2.9285,33.0655,0.6845,57.7487,30.7681,6.9188
44305.0,2.9305,33.412,0.7057,56.1529,30.5823,6.9131
44310.0,2.8902,32.0912,0.7014,58.164,30.2905,6.9397
44315.0,2.8865,32.2763,0.6959,55.0989,30.2789,6.9376
44320.0,2.8886,32.3071,0.6839,55.5972,30.8411,6.935
44325.0,2.895,32.7601,0.6918,55.0331,30.1137,6.9179
44330.0,2.901,32.6137,0.695,57.4047,30.773,6.915
44335.0,2.9094,33.0312,0.6904,54.9934,30.6248,6.9037
44340.0,2.9212,32.773,0.7173,55.9294,30.4055,6.89
44345.0,2.926,32.6536,0.7315,57.5272,30.892,6.8901
44350.0,2.9223,33.3754,0.7162,58.0388,30.9992,6.8938
44355.0,2.9062,33.2302,0.6858,55.9936,30.227,6.8988
44360.0,2.8986,33.2108,0.6934,55.4783,30.2828,6.9045
44365.0,2.9133,33.6378,0.6975,56.3831,30.8437,6.897
44370.0,2.8754,32.4949,0.7096,55.7849,30.4195,6.9224
44375.0,2.8732,32.1101,0.6819,54.2405,30.4286,6.9221
44380.0,2.8716,31.788,0.6647,53.7742,30.4721,6.9212
44385.0,2.8595,31.7225,0.6855,54.2493,30.3945,6.9281
44390.0,2.8477,31.4711,0.6835,53.7586,30.4577,6.9357
44395.0,2.8697,31.7166,0.6798,52.5803,30.678,6.918
44400.0,2.826,31.7846,0.6719,52.2453,30.2793,6.9483
44405.0,2.7942,30.8939,0.6646,49.8847,30.5295,6.9724
44410.0,2.7738,30.1798,0.6673,49.2062,30.5276,6.9835
44415.0,2.7403,29.8308,0.6589,48.8876,30.8318,7.0046
44420.0,2.7485,29.8702,0.6577,48.5474,30.3604,6.989
44425.0,2.7376,30.0885,0.6596,46.8194,30.6414,6.9929
44430.0,2.7268,29.8183,0.6619,48.3261,30.4476,6.9954
44435.0,2.7256,29.1784,0.6472,47.11,30.7969,6.9934
44440.0,2.693,29.0154,0.6463,45.2266,30.1636,7.0125
44445.0,2.6797,28.7567,0.6324,45.3982,30.5076,7.0193
44450.0,2.659,28.5071,0.639,44.9546,30.5581,7.0303
44455.0,2.6478,28.2021,0.6545,44.3496,30.552,7.0337
44460.0,2.6004,27.775,0.6296,41.5774,30.6604,7.0646
44465.0,2.5894,26.8436,0.629,41.0756,30.8427,7.0659
44470.0,2.584,27.1735,0.6203,40.9184,30.9174,7.0627
44475.0,2.5958,27.0597,0.6243,42.7065,30.3271,7.0481
44480.0,2.5644,27.0951,0.6369,40.1017,30.4002,7.0682
44485.0,2.5769,27.0612,0.6259,40.9084,30.0799,7.0548
44490.0,2.5419,26.7833,0.6349,40.0296,30.5721,7.078
44495.0,2.5544,26.4048,0.6458,42.5807,30.6549,7.0649
44500.0,2.5778,27.0392,0.6388,40.643,30.5095,7.0452
44505.0,2.5651,26.7096,0.6529,40.8714,30.9313,7.0548
44510.0,2.5488,26.0204,0.6208,41.8027,30.7081,7.0683
44515.0,2.5402,26.4189,0.6089,39.5002,30.7364,7.075
44520.0,2.5422,26.4766,0.6169,40.0279,30.5899,7.0738
44525.0,2.5075,25.7094,0.5887,36.1791,30.5545,7.1005
44530.0,2.5228,25.5587,0.6061,38.3054,30.8229,7.087
44535.0,2.5003,25.4636,0.6158,37.9398,30.8448,7.1034
44540.0,2.5079,26.0963,0.6108,38.7047,30.8264,7.0969
44545.0,2.531,26.7203,0.6229,38.8204,30.7894,7.0795
44550.0,2.558,26.9868,0.633,41.5423,31.0479,7.061
44555.0,2.5465,26.5513,0.6275,39.6098,30.7689,7.0745
44560.0,2.5821,27.2972,0.629,42.5065,30.5404,7.0527
44565.0,2.5738,27.4176,0.6323,40.2052,30.7797,7.0646
44570.0,2.6071,27.4105,0.6229,42.1644,30.4428,7.0461
44575.0,2.5905,27.0388,0.6333,41.2045,30.6254,7.0656
44580.0,2.5664,26.9982,0.6209,40.0304,30.7998,7.0895
44585.0,2.5606,26.9515,0.641,40.9847,30.8176,7.0973
44590.0,2.5628,26.8382,0.6304,40.3079,30.3326,7.0986
44595.0,2.5725,27.1843,0.6257,39.8343,30.5421,7.0928
44600.0,2.5883,27.1185,0.6655,41.0688,30.7688,7.083
44605.0,2.5951,27.2321,0.6465,42.1205,30.5321,7.0811
44610.0,2.6014,27.9199,0.6238,41.3153,30.8532,7.0796
44615.0,2.6139,27.6813,0.6461,42.235,30.5558,7.0737
44620.0,2.599,27.2614,0.639,40.3321,31.0893,7.0881
44625.0,2.5857,27.2794,0.6293,39.938,30.8538,7.1
44630.0,2.6162,28.3052,0.6455,42.3332,30.6968,7.0778
44635.0,2.6171,27.9939,0.6418,43.9087,30.9237,7.0784
44640.0,2.6253,27.7178,0.6463,43.4578,30.8148,7.0739
44645.0,2.6119,27.4208,0.6338,42.1231,31.011,7.085
44650.0,2.6122,27.2456,0.6428,41.9926,30.7448,7.0846
44655.0,2.6021,27.8131,0.6552,43.3491,30.8522,7.091
44660.0,2.6264,27.9683,0.6485,43.0138,30.7989,7.0709
44665.0,2.6463,28.4649,0.6629,45.3606,30.4059,7.0546
44670.0,2.6466,28.7399,0.6385,43.9453,30.5255,7.0545
44675.0,2.6422,28.0633,0.6435,43.5466,30.295,7.0574
44680.0,2.6218,27.7376,0.6517,42.119,30.6939,7.0715
44685.0,2.5995,27.1231,0.6316,42.3017,30.5533,7.0847
44690.0,2.6051,27.4297,0.6218,41.8618,30.7082,7.0746
44695.0,2.6003,27.401,0.6292,40.2472,30.7038,7.072
44700.0,2.6042,27.7448,0.6378,41.8438,30.1174,7.0628
44705.0,2.6281,27.7436,0.627,42.7707,30.2854,7.0384
44710.0,2.6454,28.052,0.6322,43.6968,30.3846,7.0209
44715.0,2.6673,28.3529,0.6636,45.066,30.3211,7.0012
44720.0,2.6749,29.2333,0.6753,46.5723,30.6627,6.9943
44725.0,2.6562,28.622,0.6443,43.8567,30.7638,7.0067
44730.0,2.6914,28.9268,0.645,45.8668,31.0799,6.9785
44735.0,2.679,28.7227,0.6488,45.6191,30.0397,6.9834
44740.0,2.7054,29.1065,0.647,45.7725,30.7356,6.9633
44745.0,2.7257,29.5651,0.6668,46.9137,30.4819,6.9461
44750.0,2.7408,30.0719,0.6414,47.0096,30.6822,6.9356
44755.0,2.7392,29.702,0.6584,47.9789,30.1668,6.9353
44760.0,2.7344,29.6929,0.6533,47.8305,30.3694,6.94
44765.0,2.7499,30.092,0.6606,48.0241,30.4926,6.9282
44770.0,2.7715,30.4758,0.6454,49.5328,30.3506,6.9108
44775.0,2.761,29.9628,0.6691,49.0372,30.4894,6.92
44780.0,2.7568,29.6557,0.6642,48.7437,30.4393,6.9227
44785.0,2.7695,29.9807,0.6804,50.6535,30.4047,6.9118
44790.0,2.7575,30.3055,0.685,49.2126,30.3603,6.9197
44795.0,2.7745,31.0594,0.6434,48.6809,30.4334,6.9057
44800.0,2.7434,29.8362,0.6542,48.8022,30.3114,6.9274
44805.0,2.7467,30.4719,0.6572,47.6991,29.751,6.9193
44810.0,2.7392,30.1693,0.6844,49.6005,30.1932,6.9238
44815.0,2.7048,29.6818,0.649,45.586,30.196,6.946
44820.0,2.7058,29.4681,0.6438,47.1758,30.2477,6.9394
44825.0,2.6945,29.0455,0.6477,46.5056,29.7701,6.9401
44830.0,2.6884,28.9172,0.6428,45.2042,29.9418,6.9389
44835.0,2.7103,29.7183,0.6481,46.7341,30.2117,6.9169
44840.0,2.6791,28.8478,0.6524,46.5968,30.0471,6.9357
44845.0,2.6964,29.2694,0.6383,48.4642,29.9815,6.9171
44850.0,2.6907,29.1966,0.6429,44.668,29.7484,6.9166
44855.0,2.6808,28.8163,0.649,45.374,29.7178,6.9208
44860.0,2.6884,28.4458,0.6318,45.6247,30.0882,6.9126
44865.0,2.668,28.5508,0.6372,44.9753,30.2698,6.9258
44870.0,2.6661,28.9186,0.6362,43.9016,29.9936,6.9234
44875.0,2.6563,27.9878,0.6356,45.4322,29.8714,6.9275
44880.0,2.6399,28.556,0.6328,44.757,30.0712,6.9373
44885.0,2.616,27.6005,0.6176,42.7706,29.7883,6.9516
44890.0,2.6181,27.7027,0.6215,41.3719,29.5963,6.9451
44895.0,2.6198,27.7997,0.6137,42.3913,29.8037,6.94
44900.0,2.6233,27.6686,0.6308,42.628,29.6325,6.9344
44905.0,2.6109,27.8438,0.6495,42.2878,30.2096,6.9428
44910.0,2.6403,27.8174,0.6376,43.3213,29.8234,6.9188
44915.0,2.6392,27.9371,0.6229,42.6833,29.9477,6.9211
44920.0,2.6392,27.8789,0.6436,43.8194,30.0172,6.9236
44925.0,2.6488,28.4656,0.6274,42.862,29.82,6.9189
44930.0,2.6659,28.8079,0.6436,44.9609,29.9035,6.9102
44935.0,2.6629,28.0596,0.6257,43.9799,30.3252,6.9191
44940.0,2.6874,28.8116,0.6417,45.7,29.6042,6.9049
44945.0,2.6795,28.7521,0.6431,45.3251,29.8226,6.9194
44950.0,2.6392,28.4112,0.6177,45.0527,29.7287,6.9578
44955.0,2.6191,27.6133,0.6297,43.0341,29.771,6.978
44960.0,2.6138,28.0042,0.6196,41.5065,30.6121,6.9852
44965.0,2.6423,28.197,0.645,43.6512,30.0312,6.9655
44970.0,2.6178,27.6802,0.6493,43.7446,30.1388,6.9888
44975.0,2.6192,27.9355,0.6091,41.1987,30.1124,6.9917
44980.0,2.6136,28.068,0.6229,42.6127,29.9836,6.9997
44985.0,2.6332,28.0418,0.6488,44.4952,29.7248,6.9885
44990.0,2.6262,27.5767,0.6269,43.1941,29.5899,6.9993
44995.0,2.6342,28.2881,0.6626,43.8486,30.2668,6.9994
45000.0,2.6472,28.6548,0.6463,44.5837,29.5725,6.9949
45005.0,2.665,29.3832,0.6515,44.4449,29.8859,6.989
45010.0,2.6913,28.9493,0.6509,46.2667,29.8819,6.9777
45015.0,2.6958,29.4068,0.6603,46.3625,29.6444,6.9842
45020.0,2.7021,28.9592,0.6535,46.8436,29.8727,6.991
45025.0,2.7097,29.1014,0.6725,47.7988,30.0018,6.9964
45030.0,2.7247,30.0915,0.6445,48.8103,29.9779,6.9956
45035.0,2.7379,29.4782,0.663,48.4471,29.7351,6.9957
45040.0,2.7192,29.2815,0.6777,47.0195,29.6318,7.0215
45045.0,2.7126,29.1009,0.647,47.629,29.9018,7.0372
45050.0,2.7314,29.9057,0.653,47.184,29.5593,7.0297
45055.0,2.7031,28.9683,0.6623,47.7088,29.9715,7.0614
45060.0,2.6941,29.622,0.6696,46.1877,29.762,7.0741
45065.0,2.7025,29.237,0.6707,46.5326,30.5592,7.0742
45070.0,2.7037,29.0077,0.6583,45.9257,29.6045,7.0751
45075.0,2.717,29.0569,0.6554,48.2103,29.5362,7.0689
45080.0,2.7039,29.2071,0.66,46.0864,29.3549,7.0837
45085.0,2.7332,29.6707,0.6798,48.2114,29.7617,7.0662
45090.0,2.7231,29.1229,0.6514,46.7862,29.9814,7.0799
45095.0,2.7259,29.6748,0.6705,46.3297,30.1982,7.0828
45100.0,2.7494,30.2337,0.6876,49.5315,29.69,7.0665
45105.0,2.758,29.5857,0.6893,49.2508,29.5782,7.0642
45110.0,2.7557,30.3512,0.6525,47.7251,29.8965,7.0727
45115.0,2.7679,30.3765,0.669,49.6501,29.3808,7.0653
45120.0,2.7595,29.7596,0.6843,50.0824,29.9752,7.0789
45125.0,2.7503,30.0607,0.6639,48.1598,29.4716,7.0871
45130.0,2.7365,29.7669,0.6535,47.4585,29.9863,7.1014
45135.0,2.7564,30.1817,0.6706,49.3317,29.6365,7.0842
45140.0,2.7328,29.7522,0.665,49.2988,30.0459,7.1043
45145.0,2.7341,29.5011,0.6545,47.0843,29.6884,7.1004
45150.0,2.7242,29.3338,0.6775,47.6132,29.6725,7.1056
45155.0,2.7236,29.5315,0.6921,48.8324,29.9165,7.1034
45160.0,2.6983,28.6315,0.6756,46.1061,29.4079,7.1176
45165.0,2.6749,28.8453,0.66,44.5293,29.6925,7.1306
45170.0,2.6754,28.7615,0.6674,45.0496,29.535,7.1215
45175.0,2.6343,28.4032,0.6329,44.492,29.6285,7.1452
45180.0,2.5995,27.0014,0.6346,41.7593,29.7154,7.1611
45185.0,2.575,26.9205,0.6215,41.7961,29.604,7.166
45190.0,2.5361,26.4382,0.6062,41.4152,29.0731,7.1819
45195.0,2.4854,25.727,0.6056,37.718,29.5179,7.2025
45200.0,2.4749,25.1739,0.5984,37.5039,29.5211,7.189
45205.0,2.4336,24.0893,0.5968,34.8662,29.6004,7.1995
45210.0,2.4083,24.6977,0.6028,35.4112,29.2962,7.1984
45215.0,2.3683,23.0129,0.6117,32.8653,29.41,7.2056
45220.0,2.3575,23.0652,0.5903,30.4704,29.3491,7.1886
45225.0,2.2997,22.4704,0.5706,28.9005,29.9288,7.2055
45230.0,2.2856,21.5665,0.581,29.6692,29.5126,7.1936
45235.0,2.2859,22.203,0.5988,30.0121,29.5366,7.1648
45240.0,2.2742,21.3489,0.5638,27.6211,29.3616,7.1507
45245.0,2.2838,21.9499,0.5733,29.6213,29.104,7.1208
45250.0,2.2863,21.8478,0.5949,30.0913,28.997,7.0977
45255.0,2.3183,22.5952,0.5889,30.8476,29.3228,7.0477
45260.0,2.3409,23.1594,0.5659,30.9109,29.2475,7.0147
45265.0,2.3497,23.2764,0.6031,32.7888,28.9886,6.9985
45270.0,2.383,23.7427,0.5918,33.0099,29.2876,6.9598
45275.0,2.4336,24.1201,0.6078,34.2064,28.6751,6.9173
45280.0,2.4209,24.2729,0.6032,34.3214,28.6502,6.9261
45285.0,2.4589,24.8879,0.5972,35.9106,29.4629,6.8903
45290.0,2.4863,25.3728,0.6165,37.2701,29.1765,6.8711
45295.0,2.4957,25.8973,0.6078,38.0864,29.2389,6.8668
45300.0,2.5046,26.7648,0.5987,37.3425,28.6258,6.8654
45305.0,2.5118,25.6663,0.6235,37.8627,29.0775,6.8621
45310.0,2.5542,26.8919,0.6142,39.5111,28.7139,6.8335
45315.0,2.6046,27.4326,0.6374,41.3184,29.1147,6.8004
45320.0,2.6432,28.0764,0.6393,42.5369,28.9683,6.7803
45325.0,2.677,29.2947,0.6279,44.7117,28.6919,6.7657
45330.0,2.7163,29.1652,0.6523,46.5904,29.2227,6.7511
45335.0,2.748,29.8246,0.6679,50.471,28.9024,6.7408
45340.0,2.7545,29.8733,0.6637,49.443,28.5187,6.7504
45345.0,2.7776,30.7114,0.6578,49.0171,29.0628,6.7518
45350.0,2.7816,30.4669,0.6437,51.5882,28.553,6.7615
45355.0,2.7518,30.4102,0.6523,49.2303,28.9517,6.8026
45360.0,2.7348,29.9076,0.6495,48.8232,28.4923,6.8255
45365.0,2.7411,30.0271,0.6548,49.0851,28.4724,6.8291
45370.0,2.7547,30.0316,0.6442,48.4044,28.9597,6.8289
45375.0,2.7875,29.9621,0.6651,49.8189,28.7622,6.8101
45380.0,2.7994,31.0005,0.6852,50.7529,29.0312,6.8128
45385.0,2.8294,31.3305,0.6647,51.4648,28.6469,6.7971
45390.0,2.8711,32.1645,0.694,53.3768,28.1881,6.7719
45395.0,2.8868,32.7179,0.6916,54.2701,28.7155,6.7801
45400.0,2.8883,32.2832,0.6649,54.5548,28.86,6.797
45405.0,2.8863,32.655,0.7019,55.6299,28.6096,6.8119
45410.0,2.8688,31.9617,0.6927,54.9419,28.3583,6.8384
45415.0,2.871,31.9789,0.6696,53.7027,28.6795,6.852
45420.0,2.8721,32.4956,0.6974,55.2325,28.2467,6.8581
45425.0,2.869,32.3449,0.6973,55.2689,28.925,6.8779
45430.0,2.8533,31.9159,0.6946,55.0272,28.2427,6.8945
45435.0,2.8581,32.1595,0.671,52.9139,28.5623,6.9018
45440.0,2.8511,32.0389,0.6991,52.9416,29.0051,6.9195
45445.0,2.8821,32.0471,0.6869,54.7397,28.5459,6.8968
45450.0,2.8854,32.5056,0.6955,55.0425,28.3291,6.9013
45455.0,2.8729,32.5555,0.7016,54.3994,28.6542,6.9255
45460.0,2.8856,32.5431,0.6829,54.1288,28.5344,6.9229
45465.0,2.9136,32.3987,0.6993,54.8799,29.0871,6.9146
45470.0,2.9241,33.2747,0.6989,57.153,28.4957,6.9106
45475.0,2.9452,33.4687,0.7227,58.1142,28.4664,6.9047
45480.0,2.9352,32.799,0.7132,57.8136,28.58,6.9287
45485.0,2.9417,32.9859,0.7004,57.6746,28.713,6.9376
45490.0,2.9087,32.851,0.6981,56.0448,28.4439,6.9749
45495.0,2.9046,32.7532,0.6994,57.5219,28.2931,6.9863
45500.0,2.9119,32.5271,0.6937,56.1228,28.7383,6.9928
45505.0,2.9099,32.8026,0.7087,55.6829,28.5714,7.0006
45510.0,2.8881,32.943,0.6944,56.1481,28.4647,7.0258
45515.0,2.884,32.7296,0.7101,56.5028,28.4336,7.0348
45520.0,2.904,33.0087,0.692,55.6172,28.517,7.0235
45525.0,2.8999,32.4705,0.7178,56.578,28.949,7.0378
45530.0,2.9011,32.3515,0.7148,56.7697,29.1527,7.0447
45535.0,2.8807,32.0551,0.7022,53.8111,28.3707,7.0598
45540.0,2.8618,32.209,0.6875,53.7533,28.7172,7.0833
45545.0,2.838,31.9564,0.7,52.9978,28.1868,7.1013
45550.0,2.8394,32.1937,0.6856,52.8165,28.5281,7.1032
45555.0,2.8618,32.2439,0.689,53.4374,28.5486,7.0846
45560.0,2.8446,31.8433,0.6933,52.5216,28.2887,7.0988
45565.0,2.8197,32.0123,0.6789,52.5434,28.0274,7.1195
45570.0,2.8231,31.6104,0.6644,51.4268,28.1951,7.1173
45575.0,2.8185,31.2973,0.6777,49.8748,27.7277,7.117
45580.0,2.778,30.8045,0.6895,48.6527,28.6421,7.1566
45585.0,2.7714,30.4848,0.6712,49.1204,28.3854,7.1566
45590.0,2.7419,29.9414,0.6724,48.3328,28.615,7.1768
45595.0,2.7322,29.0394,0.6699,48.8256,28.0047,7.1751
45600.0,2.6832,29.2432,0.6634,45.7071,28.0384,7.2088
45605.0,2.6756,29.1645,0.6313,44.9055,28.5876,7.2053
45610.0,2.6563,28.4643,0.6454,43.2598,28.1285,7.2086
45615.0,2.6391,27.9552,0.6415,44.5553,28.4151,7.2107
45620.0,2.6018,27.2401,0.6476,42.7618,28.1063,7.2289
45625.0,2.5855,27.8014,0.6449,41.0419,28.5141,7.2269
45630.0,2.5996,27.5796,0.6357,41.0951,28.0817,7.1995
45635.0,2.5917,27.1413,0.6305,41.4246,28.62,7.1918
45640.0,2.6152,27.6938,0.6397,41.7209,28.2528,7.1599
45645.0,2.6108,27.8642,0.6312,41.6526,28.235,7.1535
45650.0,2.5898,26.6962,0.647,42.0314,28.2796,7.1617
45655.0,2.5724,27.1625,0.6489,40.3119,27.6964,7.1669
45660.0,2.5622,26.7283,0.6399,40.8805,28.4426,7.1624
45665.0,2.5346,26.0894,0.6265,37.8625,28.3271,7.1735
45670.0,2.5145,25.8469,0.6166,38.7497,28.0981,7.1773
45675.0,2.4872,25.1938,0.6272,37.02,27.8728,7.1863
45680.0,2.4516,24.7357,0.605,35.8271,28.4968,7.1961
45685.0,2.4433,24.8307,0.5906,35.1183,27.9389,7.1876
45690.0,2.4456,24.683,0.6075,35.9508,28.5883,7.1623
45695.0,2.4071,24.0303,0.5774,33.5952,28.2314,7.1797
45700.0,2.3927,23.4799,0.5955,33.0802,28.0897,7.1739
45705.0,2.3803,23.5899,0.5958,32.5439,27.9718,7.1655
45710.0,2.3749,23.6376,0.5998,33.8576,27.6436,7.1529
45715.0,2.3752,23.4823,0.5853,32.2171,28.163,7.1285
45720.0,2.3908,23.5913,0.5987,33.9333,28.0135,7.0986
45725.0,2.3882,23.3684,0.5902,31.83,27.6441,7.0888
45730.0,2.3234,23.0054,0.5746,29.9433,27.9051,7.1292
45735.0,2.3208,22.6191,0.5798,30.1887,28.0912,7.1111
45740.0,2.3291,22.3194,0.5793,30.6169,27.5978,7.09
45745.0,2.3077,22.0216,0.5976,30.363,28.0825,7.0866
45750.0,2.29,22.4317,0.5673,28.9039,28.0343,7.0858
45755.0,2.3124,22.5736,0.5861,30.7686,27.7848,7.0511
45760.0,2.3091,22.7276,0.5963,31.1041,27.6935,7.0399
45765.0,2.3113,21.8996,0.5695,30.6329,27.8971,7.0221
45770.0,2.2992,22.4114,0.5855,30.4708,27.7402,7.0221
45775.0,2.3124,22.3794,0.5827,31.3021,27.5846,6.9997
45780.0,2.3015,22.0792,0.5631,30.0718,27.5586,6.9986
45785.0,2.3052,21.9533,0.572,29.4063,27.6798,6.9831
45790.0,2.3033,22.6663,0.5635,28.9536,27.5838,6.976
45795.0,2.3187,22.193,0.5897,31.5643,27.4377,6.9548
45800.0,2.2918,21.5263,0.5704,28.9778,27.3986,6.9716
45805.0,2.3003,22.2958,0.5881,29.4087,27.6503,6.9526
45810.0,2.2691,21.9218,0.5571,27.781,27.5963,6.9731
45815.0,2.2928,21.8583,0.583,30.1805,27.5651,6.9429
45820.0,2.3085,22.7557,0.5723,29.1789,27.1398,6.9262
45825.0,2.3098,22.8072,0.5781,30.3341,27.3108,6.918
45830.0,2.3143,22.4269,0.5751,29.561,27.2369,6.9107
45835.0,2.3412,22.6176,0.5685,31.0533,27.5201,6.8811
45840.0,2.3189,22.9299,0.5906,30.1569,27.4863,6.9006
45845.0,2.3266,22.6279,0.5864,30.5597,27.6165,6.8915
45850.0,2.3266,22.3691,0.5831,30.6395,27.0038,6.8968
45855.0,2.3261,22.6671,0.5947,31.2547,27.7409,6.8891
45860.0,2.3808,23.5117,0.5903,32.4799,27.6403,6.8434
45865.0,2.4273,24.733,0.5923,35.4549,27.1159,6.8121
45870.0,2.431,24.2068,0.5891,34.7115,27.4516,6.816
45875.0,2.4454,24.5757,0.5839,36.203,27.1696,6.8154
45880.0,2.4695,25.2448,0.6068,37.5902,27.3652,6.8045
45885.0,2.4515,24.7728,0.6069,37.2295,27.5512,6.8303
45890.0,2.481,25.176,0.6084,37.1863,27.646,6.8158
45895.0,2.4817,25.5987,0.6107,37.3552,27.6762,6.8264
45900.0,2.4469,24.6855,0.5965,36.2932,27.7453,6.8664
45905.0,2.5017,25.5357,0.6012,36.2114,26.7758,6.8326
45910.0,2.5185,25.899,0.601,38.8263,27.4894,6.8269
45915.0,2.5169,26.1555,0.6164,39.5228,27.3181,6.8415
45920.0,2.5585,26.6984,0.6191,41.1797,27.5985,6.8191
45925.0,2.5854,26.9279,0.6252,41.7935,26.9785,6.8119
45930.0,2.6076,27.8762,0.6406,42.0915,26.8881,6.8099
45935.0,2.6341,28.4384,0.6395,44.5352,27.1087,6.8059
45940.0,2.6651,28.7548,0.6595,45.0418,26.9512,6.7988
45945.0,2.6493,28.5206,0.633,43.8856,27.0877,6.8329
45950.0,2.668,28.4059,0.6336,45.3429,27.2782,6.8365
45955.0,2.6803,28.5978,0.6449,46.2749,26.992,6.8436
45960.0,2.6997,29.1771,0.6586,46.4297,27.3114,6.8468
45965.0,2.7294,29.7031,0.6546,47.5092,27.4994,6.8416
45970.0,2.7426,30.0001,0.6549,47.4392,27.2913,6.8493
45975.0,2.7605,30.3979,0.657,48.9918,27.7393,6.8571
45980.0,2.7628,30.5906,0.6735,49.6807,27.6465,6.8747
45985.0,2.7855,30.5366,0.6822,50.2636,27.131,6.8714
45990.0,2.7658,29.8818,0.6583,47.6719,27.3994,6.9095
45995.0,2.7868,30.7413,0.6589,50.19,27.354,6.9087
46000.0,2.7925,30.829,0.6602,49.4394,27.2911,6.9204
46005.0,2.7624,29.9811,0.6649,49.1312,27.7273,6.9653
46010.0,2.7701,30.8714,0.6527,49.5595,27.9104,6.9731
46015.0,2.7769,30.7235,0.6735,49.1724,27.036,6.9735
46020.0,2.7533,29.9764,0.6631,49.1431,26.8927,7.0054
46025.0,2.725,29.9954,0.6763,49.3335,27.256,7.0416
46030.0,2.7376,29.5131,0.6461,46.8308,27.2429,7.037
46035.0,2.7714,30.8994,0.6762,49.6572,26.946,7.0122
46040.0,2.745,29.7296,0.6586,48.8156,27.6627,7.0479
46045.0,2.7661,30.5354,0.6846,49.9872,27.1235,7.0339
46050.0,2.7352,29.551,0.6519,47.1423,27.7555,7.0713
46055.0,2.7188,29.8529,0.6451,46.6347,27.5417,7.0893
46060.0,2.7163,29.6128,0.6576,46.9788,27.5485,7.0941
46065.0,2.7258,29.6331,0.661,47.3392,27.7481,7.0886
46070.0,2.7006,29.4374,0.652,46.9257,26.9957,7.1099
46075.0,2.7044,29.4935,0.6616,46.3038,27.1803,7.1081
46080.0,2.74,29.6331,0.6588,47.8931,27.4924,7.0792
46085.0,2.7288,29.7851,0.6571,47.9982,27.1269,7.0905
46090.0,2.7143,29.3284,0.6615,48.1877,27.3381,7.1069
46095.0,2.7367,29.8679,0.6595,47.5212,27.1426,7.088
46100.0,2.7402,29.8395,0.6678,49.4055,26.7929,7.0856
46105.0,2.7417,29.619,0.681,48.0991,27.4916,7.0906
46110.0,2.7338,29.7787,0.6464,46.4091,27.4255,7.0995
46115.0,2.7672,30.4469,0.6799,49.503,27.335,7.0716
46120.0,2.7487,30.0118,0.6799,49.7654,27.4708,7.0913
46125.0,2.767,30.6547,0.6548,50.1347,26.6121,7.0724
46130.0,2.77,30.2352,0.6603,49.0917,26.9045,7.074
46135.0,2.7932,30.6404,0.671,48.7796,27.3995,7.0595
46140.0,2.8259,31.5022,0.6919,52.4109,27.6194,7.0364
46145.0,2.8303,31.4901,0.7048,52.4097,27.1387,7.0339
46150.0,2.8499,31.1282,0.6988,54.1485,27.0225,7.0213
46155.0,2.8732,32.1117,0.7067,55.1705,27.4747,7.0112
46160.0,2.8662,32.5136,0.6842,53.6851,26.9001,7.0185
46165.0,2.9178,33.467,0.7069,55.5967,27.0641,6.98
46170.0,2.9383,33.3913,0.7212,57.6787,27.2859,6.9724
46175.0,2.9396,33.4565,0.7097,58.588,27.5747,6.984
46180.0,2.9376,33.3661,0.7307,57.4215,27.0556,6.987
46185.0,2.9111,32.9487,0.7066,57.2991,27.0693,7.0174
46190.0,2.9057,32.2795,0.7243,56.5682,27.2606,7.0273
46195.0,2.9076,33.0942,0.6998,55.1214,27.0264,7.023
46200.0,2.903,32.6851,0.705,55.5633,26.8908,7.0249
46205.0,2.8929,32.6617,0.7088,56.2469,26.6386,7.0297
46210.0,2.912,33.105,0.6869,55.3379,26.9591,7.0131
46215.0,2.9145,32.4716,0.7118,57.7802,26.7539,7.006
46220.0,2.8917,32.3866,0.7093,55.7548,26.6013,7.023
46225.0,2.9006,32.3104,0.6974,56.1466,27.0861,7.0162
46230.0,2.8913,32.7336,0.719,56.8038,26.7014,7.0153
46235.0,2.932,33.1688,0.7151,57.4164,27.6105,6.9838
46240.0,2.9307,33.5481,0.7197,56.5581,26.9783,6.9736
46245.0,2.9097,33.0373,0.7023,55.6186,26.9204,6.9896
46250.0,2.9131,33.2587,0.7004,55.7169,27.0332,6.9835
46255.0,2.904,32.8022,0.6927,56.4582,26.8522,6.9846
46260.0,2.8906,32.3295,0.6945,54.985,26.9094,6.9918
46265.0,2.8794,32.074,0.6836,54.3767,26.9106,6.995
46270.0,2.8985,32.5466,0.7053,55.7679,26.6787,6.9666
46275.0,2.8592,31.8482,0.6692,52.7932,26.7224,6.9967
46280.0,2.856,32.0653,0.6802,53.4454,27.1892,6.9955
46285.0,2.8767,32.3633,0.7105,54.422,27.1091,6.9659
46290.0,2.8423,32.2809,0.6816,52.9505,26.9302,6.9869
46295.0,2.8453,31.7942,0.6771,52.3746,26.7942,6.9734
46300.0,2.827,31.4782,0.6916,52.1281,26.5152,6.9779
46305.0,2.8147,30.739,0.665,51.4515,26.5979,6.98
46310.0,2.7717,30.6619,0.6682,50.8386,26.6764,7.0091
46315.0,2.7342,29.279,0.6622,48.5139,27.0165,7.0312
46320.0,2.7052,29.8404,0.6459,46.2383,26.7077,7.0387
46325.0,2.7167,29.6172,0.6301,45.8008,27.1164,7.0122
46330.0,2.7497,30.0988,0.6452,46.8259,27.2527,6.968
46335.0,2.7431,29.6254,0.6645,49.3541,26.7125,6.9593
46340.0,2.7158,29.921,0.6722,47.9039,26.6109,6.9738
46345.0,2.6885,29.0505,0.6383,45.8057,26.397,6.9871
46350.0,2.6752,29.0528,0.6408,45.5278,26.2574,6.9867
46355.0,2.6499,27.4382,0.6257,42.5254,27.1259,6.9997
46360.0,2.6615,29.1732,0.6357,43.5234,26.8275,6.9758
46365.0,2.6767,29.0352,0.6276,45.2402,26.7079,6.9512
46370.0,2.6582,28.0426,0.6548,45.2952,26.6599,6.9598
46375.0,2.6649,28.2048,0.643,44.2639,26.6978,6.9467
46380.0,2.6922,29.099,0.6372,46.4075,26.8661,6.9176
46385.0,2.6673,28.5542,0.6458,44.88,26.6342,6.9362
46390.0,2.6642,28.0376,0.6324,45.6429,26.7806,6.9367
46395.0,2.6432,27.4829,0.6318,43.2625,26.6484,6.952
46400.0,2.6048,27.5395,0.6065,42.5909,26.5021,6.9821
46405.0,2.5977,27.447,0.6391,43.7498,27.0025,6.9823
46410.0,2.5902,26.8834,0.6538,42.5797,26.8405,6.9824
46415.0,2.5883,27.3011,0.6322,40.6902,27.1446,6.9782
46420.0,2.5943,27.2846,0.6347,40.2397,27.0354,6.9683
46425.0,2.5867,27.4092,0.6207,41.1536,27.2598,6.972
46430.0,2.578,26.8931,0.6242,40.9187,26.6913,6.9776
46435.0,2.5567,26.8983,0.6416,40.2223,26.8358,6.9942
46440.0,2.5814,28.055,0.6365,41.8519,26.5891,6.97
46445.0,2.5584,26.898,0.6214,39.7877,26.9255,6.9895
46450.0,2.5525,26.8659,0.6162,39.8453,26.8472,6.9943
46455.0,2.5749,26.7764,0.6222,40.309,26.8392,6.9742
46460.0,2.5706,27.129,0.626,40.1793,26.8091,6.98
46465.0,2.5402,26.2652,0.615,38.7765,26.4152,7.0103
46470.0,2.5462,26.5463,0.6148,38.661,26.838,7.005
46475.0,2.5631,26.6732,0.6193,39.95,26.7289,6.9917
46480.0,2.5261,25.8265,0.6038,38.8128,26.6332,7.0278
46485.0,2.5655,26.9804,0.609,39.355,27.097,6.9939
46490.0,2.5725,27.1617,0.6239,41.5544,26.6834,6.9927
46495.0,2.567,27.0552,0.6287,40.5957,27.2092,7.003
46500.0,2.595,27.3894,0.6355,42.4016,26.6869,6.9854
46505.0,2.6148,27.7101,0.6383,43.8468,26.8878,6.9764
46510.0,2.6395,27.9329,0.6459,43.1969,26.9223,6.9655
46515.0,2.6503,28.2339,0.6268,44.126,27.1106,6.9686
46520.0,2.6782,29.1806,0.6466,46.7944,26.7331,6.9567
46525.0,2.7053,28.8301,0.678,47.3456,27.2671,6.9497
46530.0,2.7112,29.6512,0.6652,46.8374,26.8425,6.9589
46535.0,2.7088,29.315,0.6444,47.8832,26.8867,6.977
46540.0,2.7162,29.4989,0.6485,47.4367,27.2548,6.9867
46545.0,2.7312,29.5037,0.6644,46.7866,27.2603,6.9875
46550.0,2.7277,29.6371,0.6563,47.6274,27.4061,7.0047
46555.0,2.7551,29.9715,0.6666,48.8244,26.9081,6.9913
46560.0,2.8005,30.5313,0.6724,51.224,27.4375,6.969
46565.0,2.813,30.8959,0.6715,51.1507,27.2036,6.9726
46570.0,2.8408,31.7672,0.6962,52.277,27.1807,6.9649
46575.0,2.858,32.196,0.6817,53.1371,26.8559,6.9642
46580.0,2.8682,31.7171,0.7179,53.7514,27.0473,6.9747
46585.0,2.8588,31.735,0.6916,53.5144,27.1606,7.0008
46590.0,2.8553,32.008,0.6883,53.7237,27.4313,7.0206
46595.0,2.8586,32.065,0.6852,53.2446,26.9637,7.025
46600.0,2.843,31.6933,0.6809,52.9605,27.1553,7.0511
46605.0,2.8871,32.0857,0.7091,54.3237,27.0801,7.0194
46610.0,2.9067,32.8931,0.6939,54.9381,27.3556,7.0148
46615.0,2.9127,32.7085,0.7034,55.6482,27.3979,7.0208
46620.0,2.925,33.2312,0.7084,57.4584,27.4644,7.0208
46625.0,2.9463,33.9588,0.7059,57.4563,27.2472,7.0088
46630.0,2.9389,34.023,0.7069,57.8039,26.7721,7.0197
46635.0,2.9507,33.0141,0.7247,59.0464,27.1349,7.0229
46640.0,2.9658,33.8247,0.713,57.7847,27.38,7.0205
46645.0,2.9592,33.3568,0.7294,59.2068,27.1951,7.0318
46650.0,2.968,33.8812,0.7104,59.0799,27.5222,7.0344
46655.0,2.9569,33.514,0.7182,57.7477,27.7085,7.0518
46660.0,2.9714,34.2567,0.7248,59.4335,27.1758,7.0343
46665.0,2.9881,34.1471,0.7173,59.8034,26.9857,7.0192
46670.0,3.0203,34.7729,0.7241,61.443,27.2902,6.9981
46675.0,3.0623,35.3076,0.748,65.2039,27.4742,6.9676
46680.0,3.0718,35.553,0.7377,62.5973,27.5347,6.968
46685.0,3.0899,35.6734,0.7615,66.7382,27.456,6.9578
46690.0,3.1128,36.354,0.768,66.2698,27.2589,6.9403
46695.0,3.1432,37.2188,0.7732,68.5942,27.6001,6.9267
46700.0,3.148,37.1038,0.7593,68.0224,27.327,6.9266
46705.0,3.1421,36.9967,0.774,68.6644,27.3864,6.9437
46710.0,3.1542,37.2743,0.774,67.7728,26.8773,6.9279
46715.0,3.1382,36.4211,0.7689,67.6784,27.3005,6.9611
46720.0,3.1197,37.2776,0.7483,67.0029,26.997,6.9779
46725.0,3.1371,36.7916,0.776,68.0711,27.0997,6.9635
46730.0,3.0917,36.3057,0.7364,63.4553,27.2105,7.0126
46735.0,3.1156,36.2894,0.7704,66.1909,27.4189,6.9893
46740.0,3.1036,36.2488,0.7621,65.1104,27.5076,6.999
46745.0,3.1173,36.4312,0.7441,66.7727,27.3479,6.9773
46750.0,3.1285,36.9287,0.753,66.8087,27.4922,6.965
46755.0,3.1248,36.7591,0.754,65.3351,27.3193,6.9621
46760.0,3.158,37.6749,0.758,68.3012,27.4377,6.9278
46765.0,3.1925,37.6601,0.784,70.2155,27.713,6.8978
46770.0,3.171,38.0209,0.7573,68.574,27.2668,6.9122
46775.0,3.1874,37.7188,0.7865,69.556,27.4283,6.9002
46780.0,3.1976,38.1083,0.7755,70.4954,27.4516,6.8914
46785.0,3.2065,37.9508,0.776,71.7966,27.5053,6.876
46790.0,3.1867,37.7227,0.7626,69.0847,27.1882,6.8845
46795.0,3.1897,37.7931,0.7738,70.6442,27.232,6.8763
46800.0,3.185,37.7163,0.7823,71.06,26.8201,6.8647
46805.0,3.1903,37.6363,0.7934,70.7893,27.2325,6.8637
46810.0,3.172,37.9621,0.775,69.1607,27.288,6.882
46815.0,3.1809,37.0391,0.7763,68.8362,27.3868,6.8697
46820.0,3.1919,37.6997,0.7646,70.1925,26.9503,6.8394
46825.0,3.2086,37.9721,0.7824,71.6478,27.6402,6.8329
46830.0,3.1886,37.6086,0.7652,69.5454,27.3582,6.8453
46835.0,3.2048,38.3091,0.7916,72.8953,27.1503,6.8168
46840.0,3.1927,37.8878,0.7808,71.5444,27.2619,6.8305
46845.0,3.2094,38.0981,0.7852,71.4475,27.5296,6.8154
46850.0,3.1805,37.878,0.7567,69.4924,27.0411,6.8341
46855.0,3.1743,37.2813,0.767,69.3598,26.9731,6.8385
46860.0,3.1978,37.7796,0.7885,71.3642,27.182,6.8144
46865.0,3.1868,37.7485,0.777,70.7798,27.3005,6.829
46870.0,3.178,37.358,0.7535,69.5761,27.1248,6.8347
46875.0,3.1387,36.7,0.7737,67.4444,26.987,6.878
46880.0,3.1217,36.7471,0.7506,67.0235,27.3097,6.907
46885.0,3.1031,36.2284,0.7457,65.9353,27.2233,6.9248
46890.0,3.1065,36.1749,0.7563,67.6459,27.0172,6.9156
46895.0,3.1142,36.338,0.757,65.6259,27.3645,6.9147
46900.0,3.1135,36.4993,0.7648,66.9404,27.8454,6.9257
46905.0,3.0863,36.4769,0.755,65.817,27.0666,6.9374
46910.0,3.102,36.2815,0.7556,65.9098,27.3431,6.9265
46915.0,3.0753,36.2606,0.7345,64.5673,26.8769,6.9448
46920.0,3.0855,35.4442,0.7612,65.8692,27.3375,6.9438
46925.0,3.0578,35.7363,0.7434,64.6481,27.3023,6.9708
46930.0,3.0604,35.44,0.729,63.477,27.1569,6.9643
46935.0,3.0525,35.2969,0.7429,62.9532,27.5851,6.9792
46940.0,3.0107,34.9475,0.7282,60.3443,27.4233,7.0154
46945.0,3.0099,34.7857,0.7162,59.99,27.5351,7.014
46950.0,2.9985,34.2495,0.7158,60.8208,27.5723,7.0211
46955.0,2.9777,34.2358,0.7196,60.0504,27.2796,7.0323
46960.0,2.9586,34.0227,0.7189,59.2679,27.3348,7.0467
46965.0,2.969,34.2128,0.7085,58.3503,27.4119,7.0329
46970.0,2.9748,33.8367,0.7319,59.8432,27.5153,7.0256
46975.0,2.9897,34.353,0.7268,61.3783,27.7665,7.0141
46980.0,3.0025,34.4272,0.7208,60.5366,27.1671,6.9935
46985.0,3.021,34.7872,0.7338,62.1829,27.6673,6.988
46990.0,3.0253,35.1436,0.7414,63.1381,27.5904,6.9884
46995.0,3.0252,35.1486,0.7171,61.736,27.695,6.9969
47000.0,3.043,35.2315,0.7469,63.7076,27.618,6.9856
47005.0,3.0802,35.5456,0.7486,65.7411,27.7266,6.9604
47010.0,3.1036,36.3752,0.7505,64.7453,27.6674,6.9482
47015.0,3.1343,36.7249,0.7646,68.4865,27.7152,6.9331
47020.0,3.1342,36.8561,0.7655,67.342,27.4806,6.9448
47025.0,3.1231,36.9026,0.7703,67.7218,27.3511,6.9697
47030.0,3.1321,36.4149,0.7621,67.2759,27.4155,6.9766
47035.0,3.1413,36.8559,0.7534,67.4563,27.341,6.9794
47040.0,3.1666,37.0167,0.7565,68.5741,27.4605,6.97
47045.0,3.1453,37.5807,0.781,67.8334,27.5048,7.0076
47050.0,3.161,37.7026,0.7689,68.5805,27.781,7.0099
47055.0,3.1476,37.0417,0.7696,68.6732,27.687,7.0328
47060.0,3.1496,37.2047,0.7559,68.0086,27.8096,7.0428
47065.0,3.1328,36.537,0.7527,66.6633,27.6702,7.0651
47070.0,3.1204,36.1999,0.7606,68.0554,28.0105,7.0902
47075.0,3.1133,36.3408,0.8036,68.3582,27.6609,7.0938
47080.0,3.1106,36.2145,0.7529,64.7591,27.9115,7.1037
47085.0,3.1322,36.7995,0.7938,68.3912,27.8193,7.082
47090.0,3.1099,36.1937,0.7564,66.1772,27.6788,7.1044
47095.0,3.1201,36.8187,0.7541,66.9714,28.1864,7.1059
47100.0,3.0931,36.2038,0.7383,64.7336,28.3413,7.1354
47105.0,3.0943,35.9843,0.7438,64.7772,27.9187,7.1246
47110.0,3.1122,36.5642,0.7564,65.8182,28.1634,7.1096
47115.0,3.1194,36.8007,0.7732,66.8882,27.767,7.0942
47120.0,3.1475,36.703,0.7819,68.968,27.9877,7.0715
47125.0,3.1416,36.7614,0.7563,66.9736,27.9664,7.0799
47130.0,3.1489,37.1327,0.7739,66.912,27.6789,7.0691
47135.0,3.1554,36.9282,0.7879,68.4742,27.7762,7.0673
47140.0,3.1463,36.9546,0.773,69.4326,28.0705,7.0852
47145.0,3.1605,37.3472,0.775,67.9037,27.9473,7.0691
47150.0,3.1548,37.3476,0.7622,68.06,28.0575,7.0781
47155.0,3.1634,36.9071,0.7669,68.0741,27.8409,7.0649
47160.0,3.1736,37.4034,0.7833,68.9752,27.9363,7.0568
47165.0,3.1618,38.1624,0.775,67.2037,28.0218,7.0713
47170.0,3.1805,37.986,0.7823,70.7831,28.0709,7.0523
47175.0,3.1595,37.5419,0.7748,69.0969,27.7114,7.0654
47180.0,3.1676,37.4094,0.7794,70.1093,27.7916,7.0569
47185.0,3.1554,37.4343,0.7666,68.5572,27.7616,7.0663
47190.0,3.1484,36.9624,0.7665,66.7549,27.7558,7.0696
47195.0,3.1162,36.2913,0.7585,66.069,27.6602,7.0947
47200.0,3.1181,36.3042,0.7621,66.7335,27.97,7.0906
47205.0,3.1051,36.7636,0.7767,66.4604,27.7031,7.0886
47210.0,3.1112,36.6387,0.7503,65.0406,28.2371,7.0825
47215.0,3.1006,36.076,0.7298,65.1739,27.8226,7.0746
47220.0,3.1103,36.4175,0.7502,66.3742,28.2578,7.0629
47225.0,3.0827,36.359,0.7501,64.5519,27.64,7.0682
47230.0,3.0727,35.7997,0.7396,64.1662,27.9771,7.0731
47235.0,3.0345,34.6993,0.7373,62.5469,28.0169,7.0975
47240.0,3.0369,35.3478,0.7474,60.8101,28.0432,7.0801
47245.0,3.0298,35.2732,0.7256,61.4254,28.0638,7.0714
47250.0,3.0211,34.8816,0.7224,61.1806,28.3055,7.0682
47255.0,3.0189,34.1842,0.7347,62.4382,27.8465,7.0478
47260.0,3.026,34.6117,0.725,62.6173,27.962,7.0291
47265.0,3.029,35.0462,0.7393,62.6313,27.986,7.0143
47270.0,3.0168,34.9034,0.723,62.1539,28.3875,7.0206
47275.0,2.9991,34.6406,0.7091,59.494,27.8581,7.0169
47280.0,3.0194,34.7579,0.7253,61.355,28.0624,6.9889
47285.0,3.0143,34.228,0.7253,61.956,28.2246,6.9859
47290.0,3.0071,34.8289,0.7276,60.8447,28.0132,6.9797
47295.0,2.9981,34.365,0.734,62.4516,28.0923,6.9797
47300.0,2.9973,34.6059,0.7227,60.2094,27.9114,6.968
47305.0,3.0042,34.8211,0.7221,61.7872,27.842,6.9516
47310.0,3.0095,33.6658,0.721,59.5784,27.5692,6.935
47315.0,3.0113,34.4674,0.7344,60.1555,28.1945,6.9373
47320.0,3.011,34.3503,0.719,60.6812,28.1451,6.9312
47325.0,3.0112,33.8075,0.7281,61.4668,28.1297,6.9253
47330.0,3.0112,34.2711,0.732,61.3119,27.8345,6.9161
47335.0,2.9968,34.4879,0.7187,60.7381,28.2084,6.931
47340.0,3.0048,34.6332,0.72,60.5571,28.1327,6.9178
47345.0,3.001,34.7497,0.7288,60.8249,28.018,6.9154
47350.0,2.9841,33.9258,0.7226,59.786,28.1423,6.9292
47355.0,2.9943,33.8741,0.7312,59.9915,27.7441,6.9096
47360.0,3.0313,35.4031,0.7369,63.9112,27.9643,6.8761
47365.0,3.0204,34.6782,0.7346,64.4823,28.3343,6.893
47370.0,3.0431,35.1828,0.7438,64.4525,28.2343,6.8715
47375.0,3.0333,34.8384,0.721,62.249,27.7585,6.8754
47380.0,3.042,34.8651,0.7358,61.844,28.4304,6.8815
47385.0,3.0076,34.4784,0.7177,61.0632,27.4846,6.9013
47390.0,3.0083,35.1994,0.7037,59.7095,28.1456,6.9126
47395.0,3.0452,35.1888,0.7349,64.0018,28.2282,6.8806
47400.0,3.0403,35.6606,0.7298,62.5191,28.0107,6.8852
47405.0,3.0352,35.2284,0.7231,61.6918,28.3217,6.8998
47410.0,3.0232,35.478,0.7351,61.3928,28.125,6.9117
47415.0,3.0248,34.8585,0.7261,59.2563,27.8254,6.9087
47420.0,3.0217,34.6067,0.7155,60.3758,28.1974,6.9213
47425.0,3.0257,34.4648,0.7441,62.9593,28.6805,6.9286
47430.0,3.0085,35.0007,0.7217,60.2167,28.3729,6.9427
47435.0,3.0012,34.2304,0.7154,60.6322,28.7366,6.9571
47440.0,2.9898,34.3056,0.7234,60.2558,28.353,6.9635
47445.0,2.9997,34.5737,0.7067,59.8296,27.9896,6.9506
47450.0,2.9847,34.2611,0.7199,59.0676,28.2964,6.9719
47455.0,2.9755,34.429,0.7194,59.9859,28.3221,6.983
47460.0,2.9841,34.1744,0.7196,58.8121,28.5009,6.9795
47465.0,3.0036,34.4143,0.7321,61.092,28.1157,6.9591
47470.0,3.0313,34.7436,0.7366,62.9709,28.4715,6.9448
47475.0,3.0336,34.5647,0.7336,62.0029,28.5116,6.9515
47480.0,3.0295,35.0084,0.7338,62.4121,28.6785,6.9666
47485.0,3.0406,34.7514,0.749,62.7002,28.1281,6.9561
47490.0,3.0311,35.1262,0.7172,61.5225,28.6252,6.9819
47495.0,3.0224,34.628,0.7349,61.0412,28.7878,7.0003
47500.0,3.0276,35.0429,0.7475,61.7442,28.5931,6.9994
47505.0,3.0412,35.2813,0.7197,62.6858,28.1482,6.987
47510.0,3.0578,35.4902,0.7363,63.1129,27.6568,6.9721
47515.0,3.0652,35.3491,0.7531,63.0698,28.0725,6.9833
47520.0,3.101,35.8908,0.7522,64.8396,28.6801,6.9716
47525.0,3.0815,36.1186,0.742,65.1447,28.5421,6.9999
47530.0,3.082,35.7546,0.7493,63.7854,28.3264,7.0068
47535.0,3.0968,36.3689,0.7734,67.2889,28.4269,7.0047
47540.0,3.065,35.1848,0.7565,63.0193,28.6785,7.0491
47545.0,3.0615,35.6149,0.7483,64.0991,28.3339,7.0538
47550.0,3.0772,35.778,0.7737,64.3067,28.8404,7.0533
47555.0,3.0844,35.4878,0.7565,65.2722,28.7554,7.0513
47560.0,3.0827,35.9606,0.7657,65.0645,28.5603,7.0561
47565.0,3.0882,35.9302,0.7672,65.9681,28.6135,7.0584
47570.0,3.1278,37.0114,0.7702,66.9645,28.7286,7.0297
47575.0,3.1393,36.6391,0.7492,67.3878,28.6276,7.0258
47580.0,3.1643,37.8926,0.7653,68.5153,28.6774,7.013
47585.0,3.166,37.7445,0.7808,69.2269,28.7175,7.0238
47590.0,3.192,37.7205,0.7784,68.8934,28.8056,7.0112
47595.0,3.184,37.807,0.7821,69.7628,28.597,7.0265
47600.0,3.1858,37.628,0.7923,69.6476,28.5003,7.0334
47605.0,3.2027,37.9929,0.7747,69.5672,28.5551,7.0272
47610.0,3.2286,38.3599,0.7824,71.8568,28.7524,7.0149
47615.0,3.2475,38.7457,0.8041,74.3601,28.9407,7.0103
47620.0,3.2619,38.8761,0.8118,73.1004,29.2933,7.0146
47625.0,3.2685,38.9537,0.8093,74.777,28.7697,6.9978
47630.0,3.244,38.6391,0.7902,73.1557,29.1861,7.0366
47635.0,3.2343,38.721,0.7883,71.1595,29.0775,7.0458
47640.0,3.246,38.6606,0.7892,71.8503,29.2414,7.0356
47645.0,3.2167,38.3402,0.773,70.2462,28.339,7.045
47650.0,3.2192,38.1313,0.8003,71.0806,28.7368,7.0506
47655.0,3.2348,38.609,0.7953,73.0684,28.8017,7.0319
47660.0,3.215,37.8732,0.802,71.6898,29.1001,7.0587
47665.0,3.1953,37.6751,0.7693,70.2824,27.9848,7.0517
47670.0,3.2065,37.6634,0.7839,70.862,28.6827,7.0522
47675.0,3.2072,38.2007,0.7712,70.671,28.9073,7.0531
47680.0,3.2156,38.0356,0.8073,71.8162,29.207,7.0464
47685.0,3.2356,38.6356,0.7994,72.6624,28.7561,7.0075
47690.0,3.2437,38.5569,0.7943,72.8676,28.7456,6.9913
47695.0,3.244,38.6209,0.8143,73.692,28.1996,6.9707
47700.0,3.2519,38.8082,0.8114,73.1181,28.5678,6.9649
47705.0,3.2477,38.413,0.7944,72.7363,28.3307,6.9577
47710.0,3.2646,38.3407,0.8175,74.178,28.4836,6.9353
47715.0,3.246,38.7781,0.7968,74.2921,28.7719,6.9583
47720.0,3.2246,38.2069,0.7924,71.3693,28.6355,6.9743
47725.0,3.232,38.6437,0.7806,72.2866,28.4646,6.9552
47730.0,3.2316,38.464,0.8209,73.4012,28.4426,6.9478
47735.0,3.2264,38.6438,0.7894,72.1798,28.7178,6.954
47740.0,3.2285,38.7387,0.7916,71.5713,28.7625,6.9461
47745.0,3.2453,38.8224,0.7854,71.9694,28.3995,6.9095
47750.0,3.2397,38.5052,0.7875,72.5641,28.2636,6.9043
47755.0,3.2693,39.5231,0.7999,74.492,28.8644,6.8779
47760.0,3.278,39.4367,0.8094,75.8996,28.589,6.852
47765.0,3.269,39.5793,0.8086,76.2586,28.4356,6.8508
47770.0,3.2451,38.2787,0.8005,72.7057,28.7948,6.8826
47775.0,3.2563,39.3727,0.8048,73.8131,28.5478,6.8571
47780.0,3.2453,38.5792,0.7838,73.0213,28.7174,6.8673
47785.0,3.2506,38.7546,0.803,73.8752,28.5684,6.851
47790.0,3.2479,38.2162,0.8022,73.9389,28.2861,6.8398
47795.0,3.2518,38.6992,0.7912,73.4177,28.2291,6.8271
47800.0,3.2673,39.1689,0.7866,73.4897,28.6758,6.8145
47805.0,3.3075,40.2427,0.8309,77.5393,29.1885,6.7738
47810.0,3.289,39.9827,0.7998,75.2066,28.8462,6.7801
47815.0,3.2677,39.449,0.8129,75.1222,28.0798,6.7799
47820.0,3.2497,38.5405,0.8132,74.2277,28.715,6.8149
47825.0,3.2525,39.1034,0.8166,73.8043,29.0075,6.8163
47830.0,3.263,39.247,0.7829,74.5443,28.5549,6.7877
47835.0,3.2757,39.4336,0.8033,75.6892,28.8316,6.7754
47840.0,3.2865,39.8249,0.792,75.5145,28.5649,6.7509
47845.0,3.302,39.4175,0.8195,74.6261,28.4069,6.7233
47850.0,3.3057,39.7695,0.8123,76.1479,28.9578,6.7315
47855.0,3.3006,39.7354,0.8087,77.2949,28.6439,6.7271
47860.0,3.281,39.6791,0.8218,76.2369,28.4657,6.7448
47865.0,3.2774,39.3871,0.7948,74.4098,28.448,6.7483
47870.0,3.257,39.0862,0.7785,74.0317,28.0101,6.7603
47875.0,3.2399,38.5725,0.803,73.3849,28.2669,6.7886
47880.0,3.2248,38.8167,0.7793,71.6575,28.3732,6.8108
47885.0,3.2056,38.4259,0.8139,71.993,28.2102,6.8307
47890.0,3.2144,37.656,0.7671,72.0258,28.5212,6.8302
47895.0,3.2255,38.6729,0.7781,73.0058,28.8123,6.8262
47900.0,3.2362,39.1588,0.7705,72.4365,28.7458,6.8138
47905.0,3.2245,38.1064,0.7975,72.1332,28.2557,6.8165
47910.0,3.2251,38.8817,0.7785,71.1115,28.7555,6.8318
47915.0,3.2332,38.5813,0.7896,72.8037,28.2974,6.8139
47920.0,3.2473,39.2719,0.7933,73.1315,28.2038,6.7972
47925.0,3.2634,39.024,0.7973,74.9703,28.5324,6.79
47930.0,3.2648,39.2236,0.8082,75.7041,28.2722,6.785
47935.0,3.2771,39.2325,0.8032,74.7271,28.4946,6.7807
47940.0,3.2766,39.4431,0.8136,76.9573,28.3,6.7805
47945.0,3.2804,39.5316,0.8073,75.5385,28.7177,6.7929
47950.0,3.2841,39.3447,0.8034,75.726,28.1548,6.778
47955.0,3.2879,39.078,0.8204,75.9995,28.2735,6.782
47960.0,3.3154,39.9883,0.8142,76.4529,28.5789,6.7626
47965.0,3.3267,39.7262,0.8352,78.2373,28.6141,6.7547
47970.0,3.3083,40.0007,0.841,77.5139,28.2744,6.774
47975.0,3.317,39.7892,0.8271,77.4977,28.3181,6.7715
47980.0,3.3258,40.7777,0.8419,78.8937,28.5126,6.7728
47985.0,3.3246,40.41,0.8258,76.9363,28.4847,6.7804
47990.0,3.3395,40.8246,0.8178,78.4281,28.5651,6.7708
47995.0,3.3247,39.9182,0.8467,76.9283,28.3386,6.7895
48000.0,3.3247,40.1384,0.8231,78.2455,28.5933,6.8049
48005.0,3.3271,40.0524,0.8291,78.007,28.5601,6.8084
48010.0,3.3316,40.2029,0.8101,76.8639,28.7558,6.8156
48015.0,3.3327,40.5603,0.8327,77.944,28.8491,6.8242
48020.0,3.3589,40.3586,0.8358,79.0696,28.76,6.7948
48025.0,3.3523,40.8624,0.8544,79.6002,28.9043,6.8135
48030.0,3.3664,41.0047,0.831,79.9899,28.2764,6.7822
48035.0,3.3764,41.3345,0.8471,80.9863,28.3658,6.7771
48040.0,3.3758,41.5052,0.8577,81.5229,28.6783,6.7941
48045.0,3.3607,41.1023,0.8371,77.4605,28.7485,6.8228
48050.0,3.3395,40.8328,0.8258,80.2286,28.7718,6.8578
48055.0,3.3201,40.0596,0.8264,77.4349,28.27,6.8742
48060.0,3.3186,39.8919,0.8205,76.4838,28.3532,6.8844
48065.0,3.336,40.3366,0.8396,78.237,28.8033,6.8811
48070.0,3.339,40.5261,0.8227,77.6229,28.7444,6.88
48075.0,3.3503,40.486,0.8277,78.5566,28.2291,6.8536
48080.0,3.3528,40.7007,0.8457,78.7314,28.9092,6.8745
48085.0,3.3715,41.4588,0.8207,79.8771,28.5369,6.8427
48090.0,3.3911,41.5853,0.842,81.7737,28.8213,6.8277
48095.0,3.385,40.8257,0.8466,80.3051,28.63,6.8319
48100.0,3.3661,41.0102,0.8396,79.1214,28.6098,6.8589
48105.0,3.3761,41.0877,0.8478,80.59,28.5694,6.8473
48110.0,3.3654,41.0157,0.8523,78.9893,28.569,6.8625
48115.0,3.3665,40.7488,0.8379,79.5961,28.3226,6.8549
48120.0,3.3662,40.9234,0.8401,80.9233,28.6381,6.8657
48125.0,3.3759,40.8353,0.8618,79.8698,28.9275,6.8627
48130.0,3.372,40.8796,0.8308,79.9456,28.6013,6.8571
48135.0,3.3881,40.6717,0.8453,81.2588,28.974,6.8467
48140.0,3.3617,41.0538,0.8401,79.3258,28.4936,6.8649
48145.0,3.3555,40.5221,0.8572,79.6654,28.5212,6.8731
48150.0,3.3558,40.6739,0.8371,78.9804,28.3534,6.8657
48155.0,3.3553,40.3543,0.8348,79.1213,28.3887,6.8649
48160.0,3.3587,40.6658,0.8547,80.4729,28.8899,6.8732
48165.0,3.3457,40.5177,0.8187,78.4334,28.4246,6.8727
48170.0,3.3406,40.367,0.8272,79.012,28.4707,6.8772
48175.0,3.3264,40.7574,0.8239,77.7559,28.4008,6.8896
48180.0,3.3601,41.1843,0.847,79.8855,29.0168,6.8612
48185.0,3.361,41.3019,0.8377,80.0382,28.8588,6.8495
48190.0,3.3626,40.5501,0.827,79.9929,28.6215,6.8347
48195.0,3.3539,40.7707,0.8407,78.874,28.5648,6.8384
48200.0,3.3428,40.8785,0.8317,78.2717,28.9106,6.858
48205.0,3.3178,40.0463,0.8208,78.2639,27.9791,6.8565
48210.0,3.3158,40.3148,0.8179,75.7569,28.2753,6.8621
48215.0,3.3216,40.2822,0.8161,75.8213,28.5457,6.8569
48220.0,3.3226,39.9919,0.817,76.7555,28.6687,6.8526
48225.0,3.3244,39.8495,0.8266,78.3049,28.3975,6.8355
48230.0,3.319,40.2406,0.8111,76.7684,27.9693,6.8219
48235.0,3.331,40.9779,0.8366,78.2025,27.9364,6.7979
48240.0,3.3153,40.2929,0.8073,75.5631,28.4001,6.8248
48245.0,3.328,40.11,0.8197,78.0346,28.8011,6.8148
48250.0,3.3346,40.1269,0.8188,77.8794,28.483,6.7893
48255.0,3.3459,40.3801,0.8418,78.2735,28.5354,6.7684
48260.0,3.3445,40.3017,0.8366,79.0305,28.2061,6.752
48265.0,3.3504,40.4164,0.8464,78.4291,28.6328,6.7503
48270.0,3.3334,40.2093,0.8226,78.2886,28.2802,6.7546
48275.0,3.3435,40.1427,0.8157,77.9314,28.6858,6.7475
48280.0,3.3382,41.0522,0.8315,77.4466,28.3205,6.7363
48285.0,3.322,40.3116,0.8151,78.314,28.478,6.7553
48290.0,3.3319,40.3461,0.826,78.6078,28.4245,6.7353
48295.0,3.3124,39.9186,0.8029,75.5366,28.4311,6.7538
48300.0,3.3144,40.4803,0.8275,78.2605,28.3728,6.7445
48305.0,3.3103,39.775,0.8213,78.8281,28.6185,6.7512
48310.0,3.2936,39.3422,0.7976,75.5805,28.165,6.7539
48315.0,3.2728,39.2836,0.7971,73.623,28.039,6.7714
48320.0,3.2547,38.9004,0.789,73.7197,27.7267,6.7809
48325.0,3.2632,38.7789,0.8123,74.9299,28.315,6.7834
48330.0,3.2727,39.1658,0.7922,74.9198,28.4378,6.7713
48335.0,3.2615,39.1593,0.795,73.7567,28.3761,6.7794
48340.0,3.2563,39.1155,0.7907,73.2194,28.126,6.7758
48345.0,3.2421,38.7917,0.7837,72.7873,28.4594,6.7995
48350.0,3.2479,38.657,0.7964,73.6625,28.391,6.7891
48355.0,3.2394,38.9743,0.7787,72.8982,27.9347,6.7845
48360.0,3.2257,38.2208,0.7699,72.5906,28.1422,6.8051
48365.0,3.2539,38.4909,0.8019,73.9811,28.2848,6.7746
48370.0,3.2712,38.7518,0.8185,75.6143,28.0647,6.7452
48375.0,3.2471,39.2218,0.8056,73.934,27.8503,6.7676
48380.0,3.247,39.1968,0.7797,73.0444,28.1872,6.7783
48385.0,3.257,39.1436,0.7972,74.7743,28.2476,6.7688
48390.0,3.248,38.5649,0.8032,74.3382,28.3098,6.7823
48395.0,3.2409,38.7567,0.7955,73.2073,28.197,6.7899
48400.0,3.2579,39.196,0.7882,74.9101,27.7282,6.7578
48405.0,3.2974,39.6309,0.8115,75.5389,28.5332,6.7333
48410.0,3.2748,39.0296,0.8066,75.8255,28.4606,6.7612
48415.0,3.281,39.072,0.8259,75.9466,27.9276,6.742
48420.0,3.2828,39.3336,0.8078,74.6293,28.4518,6.758
48425.0,3.284,39.5227,0.8125,74.8134,28.0719,6.75
48430.0,3.3019,39.8935,0.8116,75.7315,27.9439,6.7273
48435.0,3.2926,39.2524,0.8031,77.0381,28.1724,6.7499
48440.0,3.2673,39.3676,0.7838,73.9807,27.9201,6.7799
48445.0,3.2815,40.2051,0.8106,75.1449,28.4239,6.7831
48450.0,3.262,39.449,0.8221,75.5809,27.9738,6.8
48455.0,3.255,38.8454,0.8202,73.9114,28.2105,6.8217
48460.0,3.2788,39.1367,0.8107,76.4708,28.2838,6.8013
48465.0,3.2762,39.1175,0.7958,76.7054,28.1965,6.8074
48470.0,3.2689,39.5815,0.8139,75.0871,28.4338,6.8298
48475.0,3.2466,38.5342,0.8165,73.6734,28.0762,6.8543
48480.0,3.2627,38.8339,0.7989,74.0095,27.9204,6.8376
48485.0,3.2774,38.9676,0.7975,74.9296,28.0877,6.8305
48490.0,3.2841,39.0657,0.8248,75.4838,27.8403,6.8213
48495.0,3.2881,40.0417,0.7995,74.4366,27.6337,6.8166
48500.0,3.3178,39.5836,0.841,78.5528,28.1345,6.8008
48505.0,3.3294,40.5298,0.829,77.2625,28.1436,6.7924
48510.0,3.3652,40.686,0.8349,80.1084,28.542,6.7647
48515.0,3.3471,40.4091,0.8295,78.8771,27.7523,6.769
48520.0,3.3629,41.3193,0.8292,79.9997,28.1017,6.7663
48525.0,3.3472,40.7233,0.8203,78.5867,27.7037,6.7809
48530.0,3.3454,40.4945,0.8198,77.809,27.9352,6.7979
48535.0,3.3462,40.1666,0.8322,78.5374,28.3431,6.8171
48540.0,3.3429,39.8925,0.8505,78.3503,28.3073,6.8272
48545.0,3.348,40.7942,0.8336,78.5014,28.5131,6.8333
48550.0,3.3422,39.5847,0.8322,78.3806,27.604,6.8177
48555.0,3.3576,41.3791,0.8453,80.8519,27.7925,6.8083
48560.0,3.3703,40.763,0.8255,79.7631,28.0049,6.8032
48565.0,3.3803,40.8662,0.849,82.2454,28.2205,6.8015
48570.0,3.3645,40.9633,0.8446,79.6082,28.1798,6.8261
48575.0,3.3732,40.3266,0.8338,80.2474,27.9075,6.8104
48580.0,3.3534,40.7389,0.8495,79.6613,27.6929,6.8334
48585.0,3.3694,41.1091,0.8615,80.1136,27.9886,6.8261
48590.0,3.348,40.4697,0.8558,79.1992,28.0112,6.8583
48595.0,3.347,40.6994,0.8263,78.2598,28.2271,6.8705
48600.0,3.3589,40.5659,0.8239,78.7407,28.0792,6.8527
48605.0,3.3784,41.0446,0.8389,79.1168,27.8163,6.819
48610.0,3.3877,41.1075,0.8466,79.2693,27.9469,6.8109
48615.0,3.4053,42.0124,0.8615,82.2318,28.3139,6.7998
48620.0,3.3964,41.8485,0.8538,82.4369,28.1415,6.8066
48625.0,3.3961,41.5162,0.8356,79.4447,28.1638,6.8083
48630.0,3.3815,40.8111,0.8485,80.1634,27.7456,6.8139
48635.0,3.3745,41.1754,0.8445,81.1554,27.8876,6.8279
48640.0,3.3745,41.0828,0.8275,77.8588,28.2956,6.8409
48645.0,3.3825,41.156,0.8352,78.3225,28.7378,6.8435
48650.0,3.358,40.4077,0.8363,79.5701,28.1254,6.8543
48655.0,3.3315,40.5025,0.8266,76.4533,28.1752,6.8887
48660.0,3.3075,39.4855,0.8212,75.917,27.9698,6.9116
48665.0,3.2882,39.6953,0.809,74.9631,27.6448,6.9238
48670.0,3.2885,39.3881,0.8165,75.1822,27.6983,6.922
48675.0,3.2953,39.357,0.823,76.7601,27.9613,6.9173
48680.0,3.3024,40.1448,0.8301,75.2651,28.1296,6.909
48685.0,3.3222,40.1981,0.8229,76.905,27.9231,6.8725
48690.0,3.312,39.6211,0.8284,79.1346,27.9956,6.8815
48695.0,3.3196,40.1492,0.7895,75.523,28.4497,6.8808
48700.0,3.3264,40.0353,0.8409,78.0377,27.9064,6.8498
48705.0,3.3477,40.6506,0.8388,79.4389,27.8045,6.8114
48710.0,3.3663,41.1063,0.8368,79.7394,28.2141,6.7926
48715.0,3.3567,40.5641,0.8509,80.237,28.3408,6.8026
48720.0,3.3386,40.2524,0.8241,78.6284,27.9583,6.8081
48725.0,3.3391,40.1098,0.8309,77.6076,27.8682,6.7982
48730.0,3.3385,40.2459,0.8037,76.1624,27.9151,6.7933
48735.0,3.3406,40.9497,0.8308,77.8359,27.6529,6.775
48740.0,3.3342,39.9965,0.8294,78.5321,27.584,6.7737
48745.0,3.3253,40.3098,0.8448,78.7442,27.34,6.7704
48750.0,3.3279,39.9578,0.8271,78.3901,27.8372,6.7762
48755.0,3.2987,39.4105,0.8233,75.5822,27.4878,6.7964
48760.0,3.3144,39.821,0.8235,77.7125,27.5126,6.7704
48765.0,3.3112,39.9228,0.8165,77.1336,27.8173,6.7765
48770.0,3.3229,40.5587,0.8049,76.3203,28.3543,6.7715
48775.0,3.3163,39.919,0.8308,77.3342,28.0073,6.7623
48780.0,3.3091,39.7911,0.8303,76.8983,27.5561,6.7505
48785.0,3.3261,40.5418,0.8205,77.1788,27.6876,6.7255
48790.0,3.3251,40.0615,0.8347,78.0619,27.6045,6.7171
48795.0,3.319,39.9616,0.8208,77.9588,27.7461,6.7234
48800.0,3.3091,40.3162,0.8288,77.1204,27.7984,6.7325
48805.0,3.2921,39.6647,0.8213,76.0312,27.4999,6.7399
48810.0,3.2953,39.7091,0.8065,75.1047,28.0369,6.7474
48815.0,3.2675,39.314,0.8089,74.2278,27.5846,6.7643
48820.0,3.26,39.1469,0.7981,75.857,27.5063,6.7674
48825.0,3.2426,39.2219,0.8007,74.2546,27.2165,6.7765
48830.0,3.2325,38.9295,0.7973,73.7589,27.6122,6.797
48835.0,3.2285,38.8955,0.7893,72.0081,27.2859,6.7898
48840.0,3.2332,38.5401,0.7859,71.7359,27.5168,6.7873
48845.0,3.1944,38.2787,0.7871,70.6071,27.374,6.8278
48850.0,3.1958,37.975,0.7765,69.9587,27.5156,6.829
48855.0,3.2115,38.5126,0.7833,70.9232,27.5611,6.8094
48860.0,3.2233,38.3521,0.7865,72.9144,27.9008,6.8023
48865.0,3.2311,38.81,0.7759,72.761,27.9922,6.7941
48870.0,3.2225,38.8879,0.8071,72.8676,27.4949,6.7897
48875.0,3.2144,38.1015,0.7728,71.2264,27.4788,6.7988
48880.0,3.1886,37.2562,0.7857,71.3096,27.2047,6.8231
48885.0,3.1522,36.7248,0.7537,67.8369,27.3775,6.8726
48890.0,3.1512,37.2186,0.7694,68.1956,27.4603,6.8787
48895.0,3.1422,37.5526,0.771,67.7144,27.7362,6.8977
48900.0,3.1212,36.649,0.7548,66.6819,27.3867,6.9149
48905.0,3.0874,35.3179,0.7439,65.1688,27.4265,6.9512
48910.0,3.0759,35.0818,0.7446,63.5418,27.476,6.9621
48915.0,3.0618,35.3301,0.7376,63.9026,27.3536,6.9707
48920.0,3.0636,35.6577,0.7172,62.6662,27.692,6.9718
48925.0,3.0295,34.9446,0.7309,61.4786,27.3851,6.9963
48930.0,2.9898,33.8357,0.7082,60.2418,27.3929,7.0299
48935.0,2.9475,33.4321,0.7323,57.9734,27.214,7.0596
48940.0,2.9277,32.4994,0.7,56.8604,26.8144,7.0621
48945.0,2.8791,32.1909,0.6824,54.1643,27.3757,7.1033
48950.0,2.8324,31.384,0.6643,52.1619,27.4562,7.1324
48955.0,2.8414,32.074,0.6735,52.0046,28.0158,7.1121
48960.0,2.8166,31.0635,0.6917,52.9026,27.5686,7.1146
48965.0,2.8081,30.9881,0.6756,51.3418,27.5517,7.1078
48970.0,2.7954,30.6061,0.6718,50.535,27.5173,7.1062
48975.0,2.7742,30.5386,0.6705,50.8603,27.2341,7.1114
48980.0,2.7738,30.9531,0.6661,50.4201,27.3639,7.1017
48985.0,2.7743,30.4748,0.6555,50.3958,27.6438,7.0938
48990.0,2.7343,29.9111,0.6417,48.3711,27.0971,7.1182
48995.0,2.7093,29.1156,0.6429,45.5986,27.5009,7.1334
49000.0,2.7157,29.0312,0.652,45.8065,27.4152,7.1176
49005.0,2.6915,29.4795,0.6401,45.486,27.5534,7.1307
49010.0,2.7164,29.3211,0.6654,47.1595,27.5274,7.1011
49015.0,2.7231,29.6229,0.6482,47.6436,28.0939,7.0926
49020.0,2.6893,29.0258,0.6422,45.883,27.6073,7.1168
49025.0,2.6901,29.2292,0.6565,45.7776,27.5374,7.112
49030.0,2.6493,27.8517,0.6465,44.6355,27.071,7.1426
49035.0,2.6306,28.032,0.6475,43.9259,27.4058,7.1535
49040.0,2.6274,28.0499,0.6446,44.3206,27.5504,7.1491
49045.0,2.6192,27.6668,0.6216,42.589,27.7918,7.1495
49050.0,2.5916,27.1587,0.634,41.4202,27.3619,7.1672
49055.0,2.5486,26.3637,0.6277,39.4707,27.5636,7.1967
49060.0,2.5595,26.6933,0.6272,39.9884,27.4019,7.1773
49065.0,2.5688,26.5771,0.6309,41.7181,27.2292,7.1604
49070.0,2.5574,26.9446,0.6376,38.5088,27.9753,7.1618
49075.0,2.5678,26.7129,0.6156,41.0762,27.6526,7.1475
49080.0,2.5477,26.6525,0.6291,40.5559,27.2497,7.161
49085.0,2.5273,26.0583,0.6143,38.0588,27.578,7.1721
49090.0,2.4979,26.344,0.6362,37.2752,27.5463,7.1908
49095.0,2.4822,25.2618,0.6218,36.0168,27.7904,7.1941
49100.0,2.4876,25.6504,0.6142,37.0362,27.5528,7.1807
49105.0,2.5106,25.9211,0.6233,38.185,27.2703,7.1529
49110.0,2.5265,25.9917,0.6167,40.2414,27.4609,7.1322
49115.0,2.5248,26.2787,0.6101,37.3069,27.389,7.1302
49120.0,2.5301,26.1719,0.6406,39.977,27.7821,7.1211
49125.0,2.5379,26.3799,0.6123,39.2378,27.5702,7.1126
49130.0,2.5564,27.0064,0.6237,40.9498,27.4831,7.095
49135.0,2.5667,26.6661,0.6287,40.1474,27.4382,7.0858
49140.0,2.5773,27.1257,0.6438,41.5491,27.5741,7.0769
49145.0,2.5691,27.0635,0.6224,40.4798,27.4668,7.0848
49150.0,2.5672,27.4159,0.6432,41.2407,27.1205,7.0869
49155.0,2.5858,26.9217,0.5991,41.365,27.422,7.0691
49160.0,2.6391,27.9194,0.627,43.4582,27.2289,7.0238
49165.0,2.6525,28.0257,0.6452,43.1643,27.5434,7.0163
49170.0,2.6383,28.9112,0.6609,45.0661,27.2938,7.0327
49175.0,2.6511,29.0921,0.6588,44.3939,27.2596,7.0247
49180.0,2.6613,28.8796,0.65,44.6621,27.6975,7.0191
49185.0,2.6713,28.6123,0.6533,45.1392,26.889,7.0113
49190.0,2.6876,28.9497,0.6306,45.7838,27.3999,7.001
49195.0,2.7052,29.6857,0.6548,47.647,27.2266,6.9882
49200.0,2.7137,29.6877,0.6512,45.8562,27.3899,6.9849
49205.0,2.7561,30.3856,0.6799,48.93,27.4882,6.9528
49210.0,2.774,30.4634,0.6594,48.413,27.4266,6.9425
49215.0,2.7824,30.3248,0.6758,49.1667,27.4242,6.9415
49220.0,2.823,31.3974,0.6759,52.3759,27.1802,6.9109
49225.0,2.8118,31.4942,0.6835,52.3236,27.0497,6.927
49230.0,2.8335,31.8333,0.7024,54.1464,27.4394,6.9178
49235.0,2.8189,31.2095,0.68,52.8867,26.9097,6.9317
49240.0,2.8025,30.8889,0.6726,50.0637,27.0493,6.9511
49245.0,2.8174,30.9363,0.6625,50.8776,27.2411,6.9409
49250.0,2.8291,30.7239,0.6971,52.482,27.1183,6.9304
49255.0,2.8671,32.5298,0.6917,54.4462,27.5138,6.9024
49260.0,2.8712,32.2454,0.698,54.8232,27.5145,6.9021
49265.0,2.8887,32.4061,0.7033,55.5455,27.1634,6.8866
49270.0,2.8949,32.241,0.7017,54.5746,27.4688,6.8886
49275.0,2.8996,32.1945,0.6856,56.2125,27.1818,6.8851
49280.0,2.8921,32.6402,0.705,55.2423,27.2057,6.8954
49285.0,2.8996,32.3062,0.6962,55.715,27.5282,6.8947
49290.0,2.8939,32.6201,0.6913,54.0968,27.2792,6.8983
49295.0,2.8554,32.351,0.6909,53.3169,27.11,6.9312
49300.0,2.8691,32.1154,0.6831,54.5394,27.0758,6.916
49305.0,2.865,32.0918,0.684,54.3596,26.927,6.9152
49310.0,2.8574,32.1016,0.6998,54.0713,26.7074,6.9171
49315.0,2.8474,31.6422,0.6827,53.6653,27.0833,6.9269
49320.0,2.855,31.8922,0.6558,53.8661,26.8177,6.9132
49325.0,2.8714,32.4978,0.6791,53.6905,27.1261,6.8984
49330.0,2.8902,32.5598,0.6971,55.34,27.0686,6.8792
49335.0,2.8842,32.5773,0.6854,55.7392,27.617,6.891
49340.0,2.8628,31.728,0.6795,54.1732,27.324,6.9066
49345.0,2.8062,30.9575,0.6787,51.9657,27.38,6.9548
49350.0,2.7919,30.7648,0.6696,50.4133,27.3504,6.9604
49355.0,2.7981,29.9706,0.6566,50.7572,27.2742,6.9459
49360.0,2.7566,29.6886,0.6853,49.9891,27.5219,6.9765
49365.0,2.7142,29.5108,0.64,47.4661,26.8985,7.0006
49370.0,2.7001,29.319,0.632,46.8711,27.2486,7.0025
49375.0,2.7184,29.4535,0.6487,47.4199,27.0122,6.9727
49380.0,2.7061,29.183,0.6375,47.1564,27.3292,6.9752
49385.0,2.7193,29.425,0.6555,46.5598,26.5915,6.9516
49390.0,2.6943,28.5741,0.6482,46.3405,26.7665,6.9686
49395.0,2.66,27.9415,0.6367,45.901,26.6396,6.9924
49400.0,2.6546,28.6222,0.6469,43.9864,27.204,6.9903
49405.0,2.6521,28.5882,0.6223,43.8756,27.1512,6.9841
49410.0,2.6771,28.5193,0.6339,44.8774,27.2003,6.9557
49415.0,2.7045,29.5137,0.643,46.6792,27.3198,6.9293
49420.0,2.695,28.7531,0.6496,47.9101,27.3738,6.9383
49425.0,2.7148,29.391,0.6748,47.4104,27.2603,6.9223
49430.0,2.718,29.1819,0.6341,46.9953,26.8744,6.9211
49435.0,2.7572,30.4744,0.6588,50.1931,27.5822,6.8961
49440.0,2.787,30.9363,0.6751,49.8681,27.1709,6.8758
49445.0,2.8069,31.2202,0.6766,52.7932,27.6604,6.8737
49450.0,2.8186,31.3386,0.673,52.01,26.5956,6.8676
49455.0,2.8251,31.055,0.6768,51.2439,27.0853,6.8805
49460.0,2.8431,31.5517,0.6664,52.6442,27.6712,6.8844
49465.0,2.8437,31.295,0.6764,53.0518,27.1991,6.8937
49470.0,2.839,31.6895,0.6794,52.6676,27.2875,6.9129
49475.0,2.8045,31.0266,0.6821,51.4886,27.1268,6.9546
49480.0,2.7999,31.2123,0.6815,50.454,27.3633,6.9701
49485.0,2.8252,31.4704,0.6959,53.3733,27.2731,6.9551
49490.0,2.8108,31.0633,0.6888,50.6969,27.5965,6.9796
49495.0,2.7918,30.9334,0.6765,49.9279,27.6564,7.0049
49500.0,2.7524,29.5287,0.6796,50.1727,27.3917,7.0433
49505.0,2.7344,29.7115,0.6729,46.9846,27.3761,7.0615
49510.0,2.7325,30.166,0.6645,48.3066,27.0485,7.0621
49515.0,2.7083,28.9067,0.6507,46.5654,27.2515,7.0849
49520.0,2.739,30.2848,0.6708,47.674,26.9871,7.0562
49525.0,2.7417,29.9762,0.6536,47.9262,27.4197,7.058
49530.0,2.7191,29.6694,0.6539,47.6652,27.1645,7.0795
49535.0,2.6967,29.0124,0.659,45.3942,27.4938,7.1018
49540.0,2.6911,28.9084,0.6561,45.8306,27.8179,7.1071
49545.0,2.6928,28.7412,0.6618,45.6042,27.7879,7.1045
49550.0,2.7121,29.1896,0.6551,48.7588,27.202,7.0853
49555.0,2.6862,28.8707,0.6579,45.1118,27.4987,7.1102
49560.0,2.672,29.2754,0.6527,45.2348,27.592,7.1228
49565.0,2.6797,28.9865,0.6524,45.2586,27.2501,7.1139
49570.0,2.6508,28.5576,0.6518,43.4702,27.6704,7.1388
49575.0,2.654,28.1751,0.6438,44.9807,27.4366,7.1331
49580.0,2.6456,28.8436,0.6275,43.8868,27.0315,7.1371
49585.0,2.6278,27.8742,0.6359,42.3555,27.7953,7.1502
49590.0,2.6386,28.2907,0.6523,44.0357,27.5952,7.1367
49595.0,2.6291,27.8174,0.6434,42.3229,27.4566,7.1414
49600.0,2.6049,27.9504,0.6691,42.9842,27.1982,7.1589
49605.0,2.6145,27.2813,0.6662,42.8807,27.6059,7.1451
49610.0,2.5913,27.4772,0.6439,42.3755,27.5152,7.1602
49615.0,2.5834,26.6972,0.6216,41.3508,27.5244,7.1609
49620.0,2.5746,26.6023,0.631,42.088,27.7672,7.1611
49625.0,2.5984,27.6697,0.6363,43.3885,27.8577,7.1336
49630.0,2.5818,27.1443,0.6421,41.1978,27.3371,7.1431
49635.0,2.5885,27.4134,0.6308,42.3209,27.4604,7.1315
49640.0,2.5836,26.7947,0.6352,41.0925,27.2229,7.1306
49645.0,2.573,26.884,0.6466,41.6875,27.5644,7.1337
49650.0,2.5475,26.3202,0.6217,39.4075,27.5539,7.1492
49655.0,2.5291,26.3887,0.6132,37.2203,27.6564,7.156
49660.0,2.517,25.5488,0.6208,37.4447,27.1484,7.1581
49665.0,2.4938,25.1607,0.6079,36.216,27.7042,7.1644
49670.0,2.4869,25.1345,0.6155,36.2573,27.4704,7.1588
49675.0,2.4771,25.6757,0.6329,38.6912,27.5596,7.1536
49680.0,2.4765,24.6758,0.6046,37.2227,27.894,7.1389
49685.0,2.4581,24.3997,0.6095,36.9314,27.1631,7.1464
49690.0,2.4605,24.9017,0.6162,37.4675,27.2352,7.1302
49695.0,2.4548,24.9999,0.6115,35.9707,27.6388,7.1193
49700.0,2.4681,25.4616,0.6356,36.7898,27.4146,7.0965
49705.0,2.4842,24.8906,0.6146,36.4249,27.4599,7.0714
49710.0,2.4823,25.0856,0.6275,37.3186,27.5445,7.0636
49715.0,2.4823,25.1038,0.6208,36.8901,27.5747,7.0552
49720.0,2.5046,26.2115,0.6147,37.7995,27.3428,7.029
49725.0,2.5249,26.9237,0.6066,38.7015,27.265,7.0057
49730.0,2.5382,26.1451,0.6351,39.5157,27.1882,6.9902
49735.0,2.5083,25.9191,0.6145,39.5306,27.3538,7.0121
49740.0,2.5084,25.801,0.6126,37.1621,27.4628,7.0063
49745.0,2.5031,26.0641,0.5955,37.0172,27.2356,7.0053
49750.0,2.5032,25.6462,0.614,36.5082,27.8519,6.996
49755.0,2.5014,25.8466,0.618,36.5741,27.662,6.9916
49760.0,2.5252,25.5074,0.6105,38.3494,27.3343,6.9658
49765.0,2.5481,26.6584,0.628,40.9592,27.1347,6.9419
49770.0,2.5347,26.103,0.6194,38.9968,27.5656,6.9495
49775.0,2.5504,26.7165,0.6235,40.4097,27.8122,6.9327
49780.0,2.5664,26.62,0.6395,41.3571,27.0455,6.9179
49785.0,2.5355,26.1228,0.6237,37.8718,27.2147,6.9425
49790.0,2.6042,27.1672,0.623,41.9913,27.4011,6.881
49795.0,2.5998,28.2489,0.6406,42.225,27.3042,6.8853
49800.0,2.5984,27.2921,0.6212,42.4883,26.7415,6.8882
49805.0,2.6083,27.4423,0.6183,43.3228,27.0681,6.8809
49810.0,2.6279,27.986,0.6398,43.202,27.3207,6.8659
49815.0,2.6439,28.3621,0.6437,44.6018,27.0532,6.8546
49820.0,2.6434,28.0823,0.6259,44.019,27.1332,6.859
49825.0,2.6601,28.8222,0.6544,45.1525,27.2063,6.8487
49830.0,2.6812,28.515,0.6432,44.3922,27.2625,6.8355
49835.0,2.6635,28.7531,0.6484,43.9247,27.5047,6.8566
49840.0,2.6861,29.2169,0.6272,44.8322,27.6756,6.8427
49845.0,2.7009,28.7901,0.6312,45.0066,26.9207,6.8323
49850.0,2.6561,28.5203,0.6403,45.5817,27.4053,6.878
49855.0,2.6524,28.5185,0.6262,44.0825,27.375,6.8838
49860.0,2.6664,29.1677,0.6516,45.7966,27.3053,6.8729
49865.0,2.7047,29.4936,0.6496,45.8635,27.4812,6.8436
49870.0,2.7026,28.8502,0.6552,46.7175,27.1902,6.8494
49875.0,2.684,29.0137,0.6346,44.8333,27.3443,6.8717
49880.0,2.6774,28.9705,0.6516,46.2304,27.0808,6.8807
49885.0,2.6757,28.5896,0.648,45.5174,27.245,6.886
49890.0,2.6956,29.2283,0.6578,47.662,27.3099,6.8725
49895.0,2.6806,28.3442,0.6317,46.3628,27.3084,6.8898
49900.0,2.6638,28.7714,0.6296,45.2137,27.6024,6.9089
49905.0,2.6756,28.688,0.6601,45.8152,27.0726,6.8997
49910.0,2.6525,27.9487,0.6307,43.548,27.5247,6.9238
49915.0,2.6751,28.6797,0.6305,43.8359,27.4741,6.9069
49920.0,2.6518,27.9941,0.6228,43.3025,27.5082,6.9302
49925.0,2.6594,28.9069,0.6369,44.5176,27.4991,6.9266
49930.0,2.6592,28.9972,0.6453,45.1867,27.7063,6.9305
49935.0,2.6374,28.2461,0.6248,42.4813,27.643,6.9523
49940.0,2.6678,29.1941,0.64,45.544,27.6346,6.9293
49945.0,2.6124,27.5022,0.6264,43.291,27.5128,6.9803
49950.0,2.6139,27.7211,0.6264,42.9787,27.4193,6.9806
49955.0,2.5869,27.7537,0.6297,41.4875,27.669,7.0044
49960.0,2.6209,27.222,0.6337,42.5394,27.3882,6.9752
49965.0,2.6086,27.9321,0.6579,42.9268,27.8911,6.9882
49970.0,2.5977,27.3228,0.6331,42.9847,27.5158,7.0002
49975.0,2.5912,26.9311,0.6141,41.6223,27.9838,7.0079
49980.0,2.5906,27.2785,0.6305,42.0279,27.0501,7.0108
49985.0,2.577,27.1536,0.6171,39.3799,27.4378,7.0247
49990.0,2.5677,27.0806,0.6248,40.3564,27.3775,7.0346
49995.0,2.5416,26.6675,0.6203,40.3877,27.6195,7.0578
